time,x,y,yaw,waypoint_index,distance,steer,laps
0.02000000000000001,-0.8512866923501832,-0.5527271879436041,-0.043128953511367786,0,1.6028498736898678,-0.04279859833115518,0
0.04000000000000003,-0.8526617074643492,-0.5601219691771138,-0.14941337907952584,0,1.6046028653018358,-0.0968335687669648,0
0.060000000000000046,-0.8541387041376806,-0.5675842202787764,-0.26648956171209714,0,1.6064321850693886,-0.15762382416712595,0
0.08000000000000006,-0.8564803119542513,-0.572876685897104,-0.35217981204973486,0,1.6090263803625917,-0.20296849913254444,0
0.10000000000000007,-0.859978746242096,-0.5765516040334592,-0.4004086868768668,0,1.6126167341019786,-0.22949790841604711,0
0.12000000000000009,-0.8645302863249601,-0.5799441219009858,-0.42651312859773055,0,1.6173229884857507,-0.243644362705719,0
0.1400000000000001,-0.8699368709121071,-0.5823601404713356,-0.43836211516821977,0,1.6229271784104038,-0.2504756658295175,0
0.16000000000000011,-0.8735762669446325,-0.58422312719117,-0.4421003726225763,0,1.6267739474804142,-0.2530660510466698,0
0.18000000000000013,-0.8755051057041308,-0.5850294890368417,-0.43208686778043115,0,1.628827856298514,-0.2485730874484111,0
0.20000000000000015,-0.8758917201390702,-0.5847769959419427,-0.4033210320179908,0,1.6292767802609376,-0.2348092182335444,0
0.22000000000000017,-0.8753651321473457,-0.5831443698294003,-0.35276495460125146,0,1.6287329290056785,-0.20969924305275578,0
0.24000000000000019,-0.8743741229190072,-0.5811718868179477,-0.28988938408921416,0,1.6275548177101442,-0.17763700235981372,0
0.2600000000000002,-0.8727501577529971,-0.5788458554205145,-0.2198460852158859,0,1.6258948933575597,-0.14243212741008282,0
0.2800000000000002,-0.8720355793175728,-0.577417200334527,-0.15260388894537757,0,1.6249732134018435,-0.10805309144285968,0
0.3000000000000002,-0.8716389530911343,-0.577429641354358,-0.09354971158868537,0,1.6245639042483577,-0.07786275213180871,0
0.32000000000000023,-0.8722756292957262,-0.5797582196390727,-0.046732299171190206,0,1.6252293363115187,-0.055048256374482074,0
0.34000000000000025,-0.8737760308576447,-0.5862157599126409,-0.02042624412482312,0,1.6271387351179711,-0.043296807084623135,0
0.36000000000000026,-0.8754283912319274,-0.5928209117278156,0.0034214833714244714,0,1.6292876430546974,-0.03389580104247747,0
0.3800000000000003,-0.8745497744257886,-0.5858746859988084,0.0897676499942793,0,1.6280752640165645,0.00966988408972691,0
0.4000000000000003,-0.8718975184887201,-0.5732692926446822,0.19970314009917622,0,1.6247260437038975,0.06833543781923002,0
0.4200000000000003,-0.8712203686414637,-0.5667925908462942,0.27673822970662304,0,1.6234763950315483,0.11002395981057522,0
0.44000000000000034,-0.8729974046756858,-0.5625649142104122,0.336262710945973,0,1.6250115989236629,0.14128158096910814,0
0.46000000000000035,-0.8745506222467101,-0.5580213336253087,0.38963419667225596,0,1.6263757919283517,0.16942171069354695,0
0.48000000000000037,-0.8756442593665031,-0.5531254091560533,0.4378122938681491,0,1.6272766739909008,0.19499610344260931,0
0.5000000000000003,-0.876495239376323,-0.5478753161426824,0.4813832564332967,0,1.6278658367590355,0.2188805622668386,0
0.5200000000000004,-0.8768972217787435,-0.5416846184815524,0.5229353245915723,0,1.6280357437512643,0.2415584156715429,0
0.5400000000000004,-0.8762326768290066,-0.5341727266535813,0.5633393531526324,0,1.6272442938970828,0.26406838809061717,0
0.5600000000000004,-0.876267566259637,-0.5243875744704131,0.6069037191048771,0,1.6268541028997117,0.28892781567106396,0
0.5800000000000004,-0.8775123591786583,-0.5109124330836161,0.6595356949634261,0,1.6277649518882156,0.31852879483297936,0
0.6000000000000004,-0.8801732128309078,-0.49693166093631036,0.706424167568681,0,1.6301880184380133,0.34,0
0.6200000000000004,-0.8812235691899124,-0.48931383912385185,0.7188763064543388,0,1.6311917672360419,0.34,0
0.6400000000000005,-0.8832303761473504,-0.4843644478839184,0.714302805402876,0,1.6330813950965424,0.34,0
0.6600000000000005,-0.8859299866434265,-0.4805048038475791,0.6969247718939622,0,1.6358645037085249,0.34,0
0.6800000000000005,-0.887614468314401,-0.4767846597349886,0.6688490431920829,0,1.6375577414148954,0.33582284185284683,0
0.7000000000000005,-0.8881693663933493,-0.47314286695456303,0.6328010258968358,0,1.6381455292771374,0.31948939050554137,0
0.7200000000000005,-0.8861842832373903,-0.4766375236014055,0.5579385807899512,0,1.636380952047755,0.2826013606939046,0
0.7400000000000005,-0.8843019555754457,-0.48072270916854515,0.47890562198824166,0,1.634257131254369,0.2406177033495669,0
0.7600000000000006,-0.8815917719661616,-0.48386440093934546,0.405890894350659,0,1.6318017329187333,0.2042712905820807,0
0.7800000000000006,-0.877507744552221,-0.487809983745636,0.3300953165580768,0,1.6276951582368453,0.16377117810719555,0
0.8000000000000006,-0.8731241746274802,-0.49316187231703007,0.24723163266093384,0,1.6233277501497507,0.12172277976749957,0
0.8200000000000006,-0.8705908812482781,-0.4978388161091162,0.1663933186612769,0,1.620825093771666,0.08041556227792301,0
0.8400000000000006,-0.867865823776923,-0.5031172603770968,0.08293457125060619,0,1.6181929699316595,0.037067131004229426,0
0.8600000000000007,-0.8637051043729408,-0.5088925738594573,-0.0004679153875476452,0,1.6141442121358236,-0.006992456581685458,0
0.8800000000000007,-0.8624365823837231,-0.5144933019951644,-0.08000713654295588,0,1.6128225408411025,-0.04851171744277272,0
0.9000000000000007,-0.8631722671819013,-0.519385234981524,-0.15246322889866237,0,1.6136198344974804,-0.08693641966356824,0
0.9200000000000007,-0.8647424932796215,-0.5246286109605347,-0.22204296501610302,0,1.6152996918160905,-0.12300992317488668,0
0.9400000000000007,-0.8662131837531905,-0.5300266340474639,-0.2862453264093432,0,1.6168427765171378,-0.15698578865131285,0
0.9600000000000007,-0.8699457122482527,-0.5344942970342226,-0.3403406944118569,0,1.620653793610307,-0.18581671000641586,0
0.9800000000000008,-0.8731544514580476,-0.5379438139066464,-0.3834427708014276,0,1.624029170194016,-0.2087893813381283,0
1.0000000000000007,-0.8740832065111603,-0.5411849268318718,-0.4191743661592002,0,1.6252900560149595,-0.22777601483297905,0
1.0209999999999984,-0.8711901890603652,-0.5450448666974387,-0.45159381900836393,0,1.6226608323166665,-0.24466358910922548,0
1.0409999999999962,-0.8713357372854564,-0.5480515986717098,-0.4708831709772109,0,1.6226905967111118,-0.25586187280010275,0
1.060999999999994,-0.8731562853294342,-0.5504723004169827,-0.4794849842132956,0,1.6246478897405645,-0.26139612168834514,0
1.0809999999999917,-0.8733293496464698,-0.5531281973943587,-0.48234167480074913,0,1.6249167861956015,-0.26379155713974956,0
1.1009999999999895,-0.8747137891910101,-0.5554519889631093,-0.47593587057334485,0,1.6263980413993182,-0.26125061473501976,0
1.1209999999999873,-0.8756151555867984,-0.5577785962156642,-0.46247747963391217,0,1.6274617721080213,-0.25525583853927136,0
1.1409999999999851,-0.8755845345673908,-0.5611489298709353,-0.44721966723337003,0,1.6276401070436568,-0.24870945097912855,0
1.160999999999983,-0.8755379646444525,-0.5662504877613643,-0.4334421297879554,0,1.6278339214945459,-0.24375547634332717,0
1.1809999999999807,-0.8738991277159173,-0.5742245913856742,-0.42784340131847554,0,1.6266821041581128,-0.242958576521773,0
1.2009999999999785,-0.8737353465595499,-0.5862281177556461,-0.43492897847058404,0,1.6270981918315233,-0.24951952277653278,0
1.2209999999999763,-0.8758037839124597,-0.595762600652803,-0.42624503336365355,0,1.629764567805231,-0.24860314371256975,0
1.2409999999999741,-0.87797629621274,-0.6040290725898209,-0.40805533867570765,0,1.6326074779465791,-0.2426979190703955,0
1.260999999999972,-0.8813464846108022,-0.6135170837389937,-0.3931869572700283,0,1.6365560024424985,-0.23767663589303822,0
1.2809999999999697,-0.8813170593217065,-0.6135549910031012,-0.33287083791485383,0,1.6370109886369792,-0.2099520166719928,0
1.3009999999999675,-0.8772599622121259,-0.6031433669404798,-0.22007446460221683,0,1.6321386642835378,-0.1509166769609962,0
1.3209999999999653,-0.8750578970492713,-0.5952451885438853,-0.12125370403172453,0,1.6290802918611285,-0.09776303157928501,0
1.340999999999963,-0.8756688462542168,-0.5933420244899998,-0.053284028361627114,0,1.629660632955925,-0.06348783796772706,0
1.360999999999961,-0.873394137606101,-0.5856158325581093,0.03743633173790357,0,1.626904684836738,-0.015774922110794343,0
1.3809999999999587,-0.8735977832324947,-0.5818689990978675,0.1069301982337183,0,1.626792709959655,0.020539130462548183,0
1.4009999999999565,-0.8732070964559024,-0.5755598307683164,0.18469998183244205,0,1.6259989845076535,0.06115783194948721,0
1.4209999999999543,-0.874045139067003,-0.5709116891051604,0.2507684579327843,0,1.6266165663097656,0.09563108239945772,0
1.440999999999952,-0.8730583686282555,-0.5658108786556012,0.3148561337077402,0,1.625347942487049,0.12928767929521,0
1.46099999999995,-0.8740395959714151,-0.5617722535025769,0.3675211963370424,0,1.6260627580566835,0.15776860425649897,0
1.4809999999999477,-0.8726769897688329,-0.5576588883108524,0.41407922349259346,0,1.6246175136696093,0.18206727358240116,0
1.5009999999999455,-0.8735993788343179,-0.5540699842238016,0.4511598815301399,0,1.6252091945943252,0.20189896389633,0
1.5209999999999433,-0.8752502454940725,-0.5517575224657736,0.4746667006361636,0,1.626806496693218,0.21517210703255563,0
1.540999999999941,-0.8745899566936859,-0.5490854053445653,0.4930291902875468,0,1.626021262839977,0.22503877726865973,0
1.5609999999999389,-0.8754727338607304,-0.5472783473438233,0.4990637810143791,0,1.6268423793303464,0.22863201397878719,0
1.5809999999999367,-0.8765808445873048,-0.5463737791627794,0.49351486408016026,0,1.6279209784105857,0.22648034504064873,0
1.6009999999999345,-0.8762581318825857,-0.5460125980819608,0.4785776943880762,0,1.6276336624437822,0.2197640145211297,0
1.6209999999999323,-0.8760033488993139,-0.5461695237814271,0.45381054472494164,0,1.627318666511941,0.20750883450058555,0
1.64099999999993,-0.875599167754249,-0.547104103718642,0.41854211493290366,0,1.627048476726968,0.18999997756543374,0
1.6609999999999279,-0.8741833159927568,-0.5481470349480042,0.3768487413048085,0,1.6256379501469,0.16850076237076395,0
1.6809999999999257,-0.8731436398007227,-0.5501697270918839,0.3251786687080034,0,1.6246377960780733,0.1425861178983474,0
1.7009999999999235,-0.8733661048750058,-0.5521503158268485,0.2688900397599536,0,1.6249350181837738,0.11387838538682193,0
1.7209999999999213,-0.8735533514177153,-0.5547978126512667,0.20546570431756214,0,1.6252831105780783,0.08126020081683927,0
1.740999999999919,-0.8732500645646907,-0.5576256486845194,0.13807315916466553,0,1.6251430981738006,0.04677859502143211,0
1.7609999999999169,-0.8724142104413021,-0.5601466965322557,0.0697673059276653,0,1.6244275512592001,0.011960290471601631,0
1.7809999999999147,-0.8720401082279925,-0.5620989582580134,0.002473428462104436,0,1.6241409750912523,-0.022046870733502866,0
1.8009999999999124,-0.8711555112329473,-0.5625673885287611,-0.05882168472040288,0,1.6233297541304048,-0.05361666699102585,0
1.8209999999999102,-0.8702352665176486,-0.5607058249831864,-0.10936691820510784,0,1.622274804287077,-0.07860486022391222,0
1.840999999999908,-0.8695035775094503,-0.5554490708821841,-0.14373524220707706,0,1.6213629675090737,-0.09490413764596717,0
1.8609999999999058,-0.8690673180430841,-0.5448472951227276,-0.15154696497401599,0,1.6204492751823423,-0.09551573397561253,0
1.8809999999999036,-0.8673519868787612,-0.5373519955228904,-0.1709584543145326,0,1.6183733170114836,-0.1023467473377937,0
1.9009999999999014,-0.8699319924851803,-0.5296078719795105,-0.18712785686420053,0,1.6205553938435584,-0.10854629368271551,0
1.9209999999998992,-0.8729125117124351,-0.5239189872894219,-0.20823047022085922,0,1.6234276327273194,-0.11696364905163481,0
1.940999999999897,-0.8731141456010227,-0.5313374658494995,-0.2843418275156893,0,1.623911119446125,-0.15543344802503434,0
1.9609999999998948,-0.8732529700857553,-0.5412568274886735,-0.36687218474998823,0,1.624442837493648,-0.19985739968964356,0
1.9809999999998926,-0.8732297071511874,-0.5496935376836125,-0.43449662761099156,0,1.624662805466191,-0.23685655333391198,0
2.0009999999998906,-0.8734697782845091,-0.558117526255306,-0.4929021784359362,0,1.6252526959951359,-0.2690260590175422,0
2.0209999999998884,-0.8742688468467624,-0.5686729825157494,-0.5529607554108408,0,1.6266461424238259,-0.3022244474785105,0
2.0409999999998862,-0.8754398998615909,-0.5819482969664042,-0.6174520463813138,0,1.6284570717434066,-0.33779280329239136,0
2.060999999999884,-0.8774640922101069,-0.5948595231566774,-0.6751781542765783,0,1.6314057431981013,-0.34,0
2.080999999999882,-0.8790278528764512,-0.6002467756848157,-0.6992886793989325,0,1.6334094105964476,-0.34,0
2.1009999999998796,-0.8796285192575178,-0.6019848136889201,-0.7013401772770717,0,1.6342736597407526,-0.34,0
2.1209999999998774,-0.8806469229102473,-0.6031875524970484,-0.6883923155322494,0,1.6352824441346308,-0.34,0
2.1409999999998752,-0.881822188047154,-0.6055711273137364,-0.6660983827708523,0,1.6365939009057435,-0.34,0
2.160999999999873,-0.8822576410349227,-0.6091871038948463,-0.6372951517636091,0,1.637287824907796,-0.34,0
2.180999999999871,-0.8842400174671461,-0.6135902417326956,-0.6041830461826889,0,1.639627583727061,-0.34,0
2.2009999999998686,-0.8842560052088562,-0.6183694225393088,-0.5696266569967413,0,1.639997302556983,-0.3277463740132833,0
2.2209999999998664,-0.8857296159457513,-0.6228031721548787,-0.5338390200469407,0,1.6419458267574758,-0.3115435758416014,0
2.240999999999864,-0.8827714189225369,-0.6171778005694375,-0.45051479665239713,0,1.6388266280028492,-0.2699848423435838,0
2.260999999999862,-0.881076371373217,-0.6126576565961304,-0.37145722148220045,0,1.6364484384654958,-0.2278726576142045,0
2.28099999999986,-0.8797257429452447,-0.6099093473283417,-0.3003096959312107,0,1.6350690658090659,-0.19233768184499844,0
2.3009999999998576,-0.8773965605500896,-0.6050393384567936,-0.21793619703405787,0,1.6323886456136427,-0.14894295164860027,0
2.3209999999998554,-0.8730858252066956,-0.5994562995501111,-0.13244620356809886,0,1.6276257959955185,-0.10504683625789069,0
2.340999999999853,-0.8691759152345945,-0.5941564304234139,-0.049127542745535435,0,1.6235244680772234,-0.06224140339145756,0
2.360999999999851,-0.8667573530396824,-0.5889454440188738,0.031903132501954055,0,1.6205840220670373,-0.019432208263057804,0
2.380999999999849,-0.865462598842957,-0.5833733293422263,0.11146450387789651,0,1.6188088342757425,0.021438401353725878,0
2.4009999999998466,-0.8658320743417404,-0.5780263055821084,0.18589241581468982,0,1.6187471055945843,0.060851851292449854,0
2.4209999999998444,-0.8682797272222946,-0.5733042993185827,0.25316105835199876,0,1.6208136109515863,0.09632907480009778,0
2.440999999999842,-0.8693119689468177,-0.5680739174909499,0.31709217858507005,0,1.6216046844236252,0.13013933280986656,0
2.46099999999984,-0.8710370386806564,-0.5637729336221077,0.3704764121938003,0,1.6230707147870629,0.15848165754484245,0
2.480999999999838,-0.8725297018389566,-0.5600862263295668,0.41444229131131943,0,1.6245364275100163,0.18132637482072833,0
2.5009999999998356,-0.8726594626946602,-0.556653745328012,0.4510390955745309,0,1.6243855512181449,0.201284097634169,0
2.5209999999998334,-0.8736470634260469,-0.5536031184821867,0.4784370072166872,0,1.6253665376616204,0.21559703865691482,0
2.540999999999831,-0.8745963449175841,-0.5512863341450306,0.49491577458855107,0,1.6260771011147381,0.22559242198992813,0
2.560999999999829,-0.875208153528897,-0.5492177941820581,0.5023717567822757,0,1.6266429179383848,0.22968491041052808,0
2.5809999999998268,-0.8763948170049585,-0.5482661741305833,0.49683704841336224,0,1.6277956999287497,0.22753371252856947,0
2.6009999999998246,-0.8768897827326524,-0.5481965832711945,0.4794032702960052,0,1.628362781219731,0.21950338346641618,0
2.6209999999998224,-0.8758488939800675,-0.5481225316218109,0.4556461071006872,0,1.6272784929032673,0.20784419364424433,0
2.64099999999982,-0.8755423547035524,-0.5490544751861135,0.42023769304775727,0,1.6270300468636205,0.18971438033318777,0
2.660999999999818,-0.8752251094408505,-0.5504719346207373,0.37657757089190086,0,1.6267685346603598,0.1678511380872152,0
2.6809999999998158,-0.8739993213118261,-0.5523231718840044,0.3255984177325339,0,1.6256783306092657,0.14188888822242407,0
2.7009999999998136,-0.8725524762798678,-0.5544384180255367,0.26872331815808226,0,1.624332408480062,0.11296083727229744,0
2.7209999999998113,-0.8715545220697332,-0.5562799304823083,0.20905685584212,0,1.623350578234747,0.08270402730929183,0
2.740999999999809,-0.8717166489552856,-0.5583296180645195,0.14503796609895128,0,1.6236003886422026,0.04986218916196372,0
2.760999999999807,-0.8713612038074875,-0.5602884343223051,0.07892755906069589,0,1.623356354193692,0.016728021053853404,0
2.7809999999998047,-0.8708118410065713,-0.5603638112932121,0.019901849313097488,0,1.6227891580266987,-0.013336522313707189,0
2.8009999999998025,-0.8705430546264273,-0.558944622786444,-0.03305246785673163,0,1.6225015953860475,-0.03935008712474697,0
2.8209999999998003,-0.8690500850287041,-0.5536166089812584,-0.06772092668151306,0,1.6208467896989107,-0.05601297608131839,0
2.840999999999798,-0.8680869303011691,-0.5437526327731509,-0.08142953421127011,0,1.6193958131094779,-0.06070394066860341,0
2.860999999999796,-0.8690308558346286,-0.5364225784707451,-0.10463238030952396,0,1.6199216311686804,-0.06942665532912473,0
2.8809999999997937,-0.8706213542715665,-0.5295604137929394,-0.1281018797182689,0,1.6214156375300177,-0.07865508823703937,0
2.9009999999997915,-0.8721104395727232,-0.5225468515932924,-0.14717865332224242,0,1.6226290978592421,-0.0859091702559327,0
2.9209999999997893,-0.8718170422910991,-0.5265787281482138,-0.21260084581606797,0,1.622555490097195,-0.11790004719834668,0
2.940999999999787,-0.8699591035281394,-0.5383324253455561,-0.30961306818306905,0,1.6210567611222222,-0.17069732504562452,0
2.960999999999785,-0.8694671022834247,-0.5477489963484327,-0.3875880574590988,0,1.6208677478344662,-0.2130940713152314,0
2.9809999999997827,-0.8705334063657504,-0.5569006074616273,-0.45702551423625665,0,1.6223218678992486,-0.2502601639843318,0
3.0009999999997805,-0.8711866165828467,-0.5666093567680356,-0.5199526626531504,0,1.6233510400156628,-0.2850867807375792,0
3.0209999999997783,-0.8732785512093942,-0.5783054073434546,-0.5847917897781378,0,1.626117671189029,-0.3210487143381744,0
3.040999999999776,-0.8768773062594866,-0.5911814466871751,-0.6487150583362233,0,1.6305082133494189,-0.34,0
3.060999999999774,-0.8790547466026704,-0.5980899725520499,-0.6823040002058552,0,1.6332754700948562,-0.34,0
3.0809999999997717,-0.8798422630880717,-0.598833527960279,-0.6855102034038915,0,1.634135747098145,-0.34,0
3.1009999999997695,-0.8790709031863894,-0.598480960097372,-0.6727753696863413,0,1.633484821436209,-0.34,0
3.1209999999997673,-0.8783349719961449,-0.5984932073018144,-0.6471047266558794,0,1.6326320559490535,-0.34,0
3.140999999999765,-0.8786169833989295,-0.5979133895527481,-0.6040426802875981,0,1.632850145410647,-0.33919367322699046,0
3.160999999999763,-0.8785235934109806,-0.5971632294359013,-0.5509325632263302,0,1.6327288299750997,-0.31247383719844635,0
3.1809999999997607,-0.8775852412311649,-0.5971237624617088,-0.4997864584508443,0,1.6318167321048302,-0.28688313839286184,0
3.2009999999997585,-0.8773429752453651,-0.5984575890101133,-0.45751928708469664,0,1.6317633734014305,-0.2664332600717678,0
3.2209999999997563,-0.8769376290297407,-0.602264828673104,-0.42756988933781415,0,1.6314423785868306,-0.25160652629344704,0
3.240999999999754,-0.8781666347669859,-0.6087792004596829,-0.40734579636286616,0,1.6330709934339274,-0.2430292740866109,0
3.260999999999752,-0.8815430063049796,-0.6172055664541555,-0.39134111970446334,0,1.637091096313302,-0.2380618892740518,0
3.2809999999997497,-0.8802520290853205,-0.6168621572685759,-0.3289163606688488,0,1.6362575332062974,-0.20912513750124684,0
3.3009999999997475,-0.8767905175287802,-0.606274785883761,-0.21428993683402256,0,1.6319812859652962,-0.14902090620723674,0
3.3209999999997453,-0.8734415498823885,-0.5989153785750396,-0.11587522217198393,0,1.6279112815145562,-0.09649675256362067,0
3.340999999999743,-0.8738954111183196,-0.5971672967791382,-0.047680975558199334,0,1.6282045023802865,-0.0620328421670755,0
3.360999999999741,-0.872868111218427,-0.5889731496309919,0.04568206844551523,0,1.6265462432566067,-0.012670540758577875,0
3.3809999999997387,-0.8720638393304266,-0.584670602463326,0.11679331857381055,0,1.6254040992450578,0.02467978405924831,0
3.4009999999997365,-0.870148347539763,-0.5796178134231637,0.18790245143080572,0,1.62339381580761,0.06103200350209037,0
3.4209999999997343,-0.8698416778265708,-0.5728630042563843,0.2633598826390862,0,1.6224336714564584,0.10115086033451326,0
3.440999999999732,-0.8721305195873037,-0.5673637667373679,0.32878192502730524,0,1.6243735782431008,0.135923716852568,0
3.46099999999973,-0.8741092852402018,-0.56246682988568,0.3856220431843039,0,1.6261164945302797,0.16614941343608436,0
3.4809999999997276,-0.8754795088247771,-0.5578625892294348,0.4342065168583424,0,1.6272823954975473,0.19210138474922633,0
3.5009999999997254,-0.876438437038733,-0.5534496396533154,0.4745024923842379,0,1.6280581055189125,0.21376002804867555,0
3.5209999999997232,-0.8771445864193527,-0.5489951395935267,0.5075276656730073,0,1.628593272675518,0.23166814082699272,0
3.540999999999721,-0.8762835781897031,-0.5442448839231632,0.5345076693097204,0,1.6276227639533256,0.24671255545229442,0
3.560999999999719,-0.8761372963597885,-0.538442239896683,0.5588122603714636,0,1.6271640808859997,0.26081556457725785,0
3.5809999999997166,-0.8762624858057664,-0.5306870588468674,0.5848131394266719,0,1.6270583052290857,0.2758361431698415,0
3.6009999999997144,-0.8762606221488668,-0.5203187152113159,0.6156672494624956,0,1.6267240194743369,0.29457864103012055,0
3.6209999999997122,-0.8787126703044429,-0.5059052783556947,0.6569281967538989,0,1.6287418857059632,0.3195333405319354,0
3.64099999999971,-0.8825746410924865,-0.49501526196194107,0.6754081373640691,0,1.6324372729171934,0.33245764360496,0
3.660999999999708,-0.8849851283344932,-0.48685481662260177,0.6751032483945817,0,1.6348809491115388,0.33542892683593273,0
3.6809999999997056,-0.8867971142056581,-0.47983246414930664,0.6645460328648065,0,1.6367194356963246,0.3328372286454,0
3.7009999999997034,-0.8888237408008508,-0.4754658702866335,0.6356938392858178,0,1.6388257905758283,0.32069964149095664,0
3.720999999999701,-0.8850539402894249,-0.4810950348595347,0.5527867801620934,0,1.6353779252502318,0.2787892558135616,0
3.740999999999699,-0.8822273745090617,-0.48434027068582375,0.47781559734933277,0,1.6321734172345594,0.23887274759451116,0
3.760999999999697,-0.8802665144279713,-0.48735106588540855,0.4039855946424757,0,1.6303935484828125,0.20226959663641164,0
3.7809999999996946,-0.8790506206076073,-0.4918517616065218,0.322654702915335,0,1.629161091074551,0.15969463554290053,0
3.8009999999996924,-0.8749774835330528,-0.4971697126899382,0.23858374927124618,0,1.625306215777603,0.11600136822649687,0
3.82099999999969,-0.8691695853052565,-0.5019150943306105,0.1585826455979599,0,1.6196255200171024,0.07487015484106907,0
3.840999999999688,-0.865190635473998,-0.5071239836815296,0.07629172734706782,0,1.6155830580044195,0.032107675765496335,0
3.860999999999686,-0.8625897890735915,-0.5127656086806259,-0.006431818271473233,0,1.6128931921202831,-0.011630139690154806,0
3.8809999999996836,-0.8613710857214985,-0.5183882025660824,-0.08695778403077903,0,1.6119198899624,-0.052903298546933986,0
3.9009999999996814,-0.8631446317412448,-0.5235351161262849,-0.16111457066934376,0,1.6135064446316973,-0.09241557434684888,0
3.920999999999679,-0.8657667556525801,-0.5287748621257758,-0.23044786559477984,0,1.616299100094343,-0.1286928325672343,0
3.940999999999677,-0.8692447418929563,-0.5331132840456475,-0.2897881306644215,0,1.620075447101069,-0.15946669545024683,0
3.960999999999675,-0.8707499490624937,-0.5377522864260036,-0.34450913858070514,0,1.6216217440644733,-0.1889486905725315,0
3.9809999999996726,-0.8723718756029488,-0.5415661161468761,-0.3890504628825354,0,1.6236068448421186,-0.21246503234822467,0
4.000999999999671,-0.8723887822292821,-0.545210079807021,-0.4262460172215726,0,1.6236203748497806,-0.23209686068454838,0
4.0209999999996775,-0.8743671084180633,-0.5480601999490367,-0.4521603813061304,0,1.6257054471840695,-0.24630950083025938,0
4.040999999999684,-0.8759155521616581,-0.5500593697908425,-0.4664887988658639,0,1.6273632121752173,-0.25448258226716103,0
4.060999999999691,-0.8751895509114085,-0.5518114301809247,-0.4720306663493749,0,1.6268885108352205,-0.2577365753352008,0
4.0809999999996975,-0.8752989016727617,-0.553183322852616,-0.46825426500590145,0,1.6269205087400616,-0.2567836327102706,0
4.100999999999704,-0.8760869333548051,-0.55358563577607,-0.4526333697803569,0,1.6277051295708607,-0.24967601819584773,0
4.120999999999711,-0.8764055536907657,-0.5534768296033783,-0.4272735250373825,0,1.6280479588497767,-0.2371535805110503,0
4.140999999999718,-0.8762763352186251,-0.552842082131228,-0.3929354359522405,0,1.627914382492819,-0.219935170655148,0
4.160999999999724,-0.8759318094646209,-0.5513491048940417,-0.34859791107250043,0,1.6275193114673974,-0.19749316770681236,0
4.180999999999731,-0.8746852150983845,-0.5496637859526672,-0.2981100027701419,0,1.6262364158993998,-0.17211823472748855,0
4.200999999999738,-0.8737871085584336,-0.5479240658107997,-0.24244011491500608,0,1.6252721632050458,-0.1435917110424576,0
4.220999999999744,-0.873050591077129,-0.5461837059451587,-0.18299331052826678,0,1.6245076589550103,-0.11308122388128727,0
4.240999999999751,-0.8717081244796552,-0.5451140070740838,-0.12391211811373158,0,1.6230764933281119,-0.08360609441731803,0
4.260999999999758,-0.8710256913394536,-0.5448170264117037,-0.06472391215231146,0,1.622383423408292,-0.05388463084767792,0
4.280999999999764,-0.8708279207145682,-0.5468502152227311,-0.015364097780150849,0,1.6222017583033064,-0.028958290053626934,0
4.300999999999771,-0.8690356325505644,-0.5519203409620418,0.021140029666812752,0,1.6206797756680926,-0.011887502743678668,0
4.320999999999778,-0.868803905910101,-0.5620197838682351,0.034822272782597204,0,1.620806317437561,-0.00822221716550442,0
4.340999999999784,-0.8703033938761386,-0.5693353735035716,0.05987458163605182,0,1.6227074522195448,0.0013805606633474632,0
4.360999999999791,-0.8711700811051658,-0.576279766092013,0.08572779415551797,0,1.623961672252807,0.012538937927865534,0
4.380999999999798,-0.8725508705079472,-0.5829073522346158,0.11052787750381629,0,1.6257240315079837,0.02271608075757081,0
4.400999999999804,-0.8733197378640153,-0.5796819481604837,0.17682415866857434,0,1.6264379340662558,0.055478808276482994,0
4.420999999999811,-0.8706610302255238,-0.5679052646534606,0.2781024277008215,0,1.6231131291646028,0.10987180162353449,0
4.440999999999818,-0.8711994607706869,-0.5585988520716875,0.36169120645549224,0,1.6230175966122535,0.1547189348708946,0
4.460999999999824,-0.8720369953237765,-0.549994640249486,0.4345432459922438,0,1.6236037981333864,0.19334337494746445,0
4.480999999999831,-0.8715916466472201,-0.5408198235863522,0.5018808675065438,0,1.6227065818616624,0.23023723590696998,0
4.500999999999838,-0.8731986148473418,-0.5295418116021512,0.5720826185431237,0,1.6238421931840323,0.26874992472195314,0
4.5209999999998445,-0.8754457979878423,-0.5171940423360349,0.6402074733766641,0,1.6257159848649736,0.306701227821528,0
4.540999999999851,-0.8785852798682012,-0.5063889459289835,0.6949061250654139,0,1.6287159811034309,0.3382589181449618,0
4.560999999999858,-0.8790498231962554,-0.5046471718478881,0.7002377548646477,0,1.6292031614836622,0.34,0
4.5809999999998645,-0.8793291017688251,-0.5072911566523496,0.6764135179087988,0,1.6296164497260968,0.33095133283766276,0
4.600999999999871,-0.8766342533129793,-0.5063844367761227,0.6616527176756624,0,1.6269732966050043,0.32314284550726424,0
4.620999999999878,-0.8756332401162316,-0.5044519389056515,0.6460870242286154,0,1.6258176653389447,0.31581520546060493,0
4.6409999999998846,-0.8761524498862535,-0.5023771041170384,0.6245986324161416,0,1.6262028700929971,0.3060754470844349,0
4.660999999999891,-0.8775084216633277,-0.5005424237675238,0.5956413887485841,0,1.6276303915846542,0.2921282244809362,0
4.680999999999898,-0.879331601064261,-0.49723530785390924,0.5676413937095416,0,1.6292879800611173,0.2789481608657889,0
4.700999999999905,-0.8806432997152273,-0.492114689437807,0.5433231286631889,0,1.630614975901818,0.2681070523181024,0
4.720999999999911,-0.883213131683863,-0.48377019673900673,0.5303557986426142,0,1.6329880540427906,0.26390929474108127,0
4.740999999999918,-0.8857122367134012,-0.47741384716027047,0.5046652115030478,0,1.6357670152821715,0.2547176556300639,0
4.760999999999925,-0.8833473373295307,-0.4823796269094559,0.42010306340915937,0,1.6335261854365102,0.2122899503234914,0
4.780999999999931,-0.8790240221589397,-0.4923465847882219,0.3091423936551929,0,1.629166527937254,0.15313148052897763,0
4.800999999999938,-0.8788006471385055,-0.4945207935012172,0.23604569033056808,0,1.6288760977117651,0.1152761965827136,0
4.820999999999945,-0.8771432006111161,-0.5003688369390477,0.14914614401505477,0,1.6273982798462068,0.07114810602455912,0
4.840999999999951,-0.8739764324289601,-0.5055647592041105,0.0674953772379681,0,1.6242038828859318,0.0271876997623679,0
4.860999999999958,-0.8712389767344645,-0.511560073697786,-0.014620746587108059,0,1.6216943443402128,-0.014671156377848327,0
4.880999999999965,-0.869439920943986,-0.51590416364186,-0.08800346111797483,0,1.6199553848206159,-0.053330682565444265,0
4.900999999999971,-0.8680365498363721,-0.5215285782561961,-0.16266720583066455,0,1.6184417707529772,-0.09261042330224312,0
4.920999999999978,-0.8679004560852316,-0.5270878855860793,-0.2338949701693671,0,1.6185191453502512,-0.12979815648238757,0
4.940999999999985,-0.8704301439843405,-0.5319587026268734,-0.2960297564730959,0,1.6210936294466758,-0.16265374207545302,0
4.960999999999991,-0.8730985214392538,-0.5359642916514512,-0.34736250903290694,0,1.623966434642741,-0.18963600435884298,0
4.980999999999998,-0.873975092352162,-0.5398152439301034,-0.3919724796689174,0,1.6251278699786886,-0.21293296625785318,0
5.000000000000004,-0.8729730440833556,-0.5431760078700852,-0.4261522601964369,0,1.624251755439532,-0.2314293658156057,0
5.020000000000011,-0.8731338200224288,-0.5464147936494549,-0.4539145487473639,0,1.6244144644218987,-0.2468956429394591,0
5.040000000000018,-0.8748294807268647,-0.548714461758454,-0.46953848845505336,0,1.6262091458656494,-0.2552766799559061,0
5.0600000000000245,-0.874917905350517,-0.5505403868361004,-0.47551646013647225,0,1.6264045437083614,-0.2595605933487044,0
5.080000000000031,-0.8757955004104886,-0.5517514818648233,-0.4709581792021121,0,1.6273438317559703,-0.2574570214297549,0
5.100000000000038,-0.8751020849254625,-0.5523666480841101,-0.45627550328595423,0,1.6267046000022258,-0.25105049368424415,0
5.1200000000000445,-0.8754364501504895,-0.5527792947550612,-0.4334590810118055,0,1.6270330430877447,-0.23991583850678744,0
5.140000000000051,-0.8754239369444008,-0.5527582744000467,-0.40201168920220065,0,1.6270495772737634,-0.22435815218367727,0
5.160000000000058,-0.8753146430264171,-0.5524992186407994,-0.3633991373056457,0,1.6269501849940542,-0.20487157775981912,0
5.1800000000000646,-0.8740037912002352,-0.5524382452412068,-0.3204173008329881,0,1.6256607186270464,-0.18365163791770422,0
5.200000000000071,-0.8724838236863899,-0.5530239350374222,-0.2759322224970067,0,1.6242832222807828,-0.16082804913495008,0
5.220000000000078,-0.8699427691201365,-0.555288771554546,-0.23453048234979498,0,1.6217512928711022,-0.14125375919724892,0
5.240000000000085,-0.8704965096904934,-0.5603711691888648,-0.2025534157988728,0,1.6223969744439461,-0.1266080723877685,0
5.260000000000091,-0.8718519083570406,-0.5698486137062679,-0.18816976263860716,0,1.6243092436877702,-0.12179813477811519,0
5.280000000000098,-0.8728786249859136,-0.5798176479002781,-0.1739250110551985,0,1.6258470662967546,-0.11790600292193543,0
5.300000000000105,-0.8734965836347582,-0.5867083156845972,-0.14446488661429063,0,1.6269629094644613,-0.10591554273312886,0
5.320000000000111,-0.875406955053238,-0.5955145549507952,-0.12342824555061115,0,1.6292857707057207,-0.09742948619459657,0
5.340000000000118,-0.8767245839636195,-0.5982087460441737,-0.07574460330437074,0,1.6310456274507414,-0.0762818145771691,0
5.360000000000125,-0.874296473224919,-0.5871035298406995,0.03470817115509179,0,1.6281037281906787,-0.019253639215043084,0
5.380000000000131,-0.8716855751499912,-0.5764824981132887,0.13856480169304636,0,1.6246373737495732,0.037093150961536425,0
5.400000000000138,-0.8721372583719131,-0.5716897051302444,0.21071780025545858,0,1.6246976399075874,0.07592058126834411,0
5.420000000000145,-0.8707729524169151,-0.5676797138140124,0.2731328699554219,0,1.6231983380851152,0.10788331228081005,0
5.440000000000151,-0.8704830048793453,-0.5628171189082751,0.3338646005855243,0,1.6227003244142375,0.1397444185447294,0
5.460000000000158,-0.8704123574160143,-0.5578754733447013,0.38863162731111056,0,1.622226814452051,0.16881204465764355,0
5.480000000000165,-0.8729058105777947,-0.5527499933906391,0.43943080994587747,0,1.6243984639896252,0.19624387629431994,0
5.500000000000171,-0.8750160711391202,-0.5472573905908603,0.48526540038888494,0,1.6263199592269797,0.2208752302728456,0
5.520000000000178,-0.8762097790188945,-0.5416057976649717,0.5244878019959225,0,1.6274222481046934,0.24184806744109588,0
5.540000000000185,-0.8759731815437894,-0.5348110430771776,0.5611064260941174,0,1.6268986463466257,0.26315886076886574,0
5.5600000000001915,-0.8758172185452372,-0.5257457910345333,0.6004199943737336,0,1.626489504393425,0.2852079176228064,0
5.580000000000198,-0.8769734693775657,-0.5136345492502324,0.6452476231264797,0,1.6272217760954626,0.3105023542107057,0
5.600000000000205,-0.879965000371388,-0.49861932667706266,0.6961620405809434,0,1.6299116737587482,0.34,0
5.6200000000002115,-0.8829849800434364,-0.48922561248665564,0.7155773386331478,0,1.6329384860346574,0.34,0
5.640000000000218,-0.8852450866991557,-0.4822501978284257,0.7203860621804034,0,1.635092225110024,0.34,0
5.660000000000225,-0.8872297840976248,-0.47688545924474623,0.7115911075059483,0,1.6370813744469925,0.34,0
5.6800000000002315,-0.88935738435312,-0.4722146862660803,0.6905906230540283,0,1.6392863516697707,0.34,0
5.700000000000238,-0.8884208264674054,-0.4716302579332576,0.6397324073773293,0,1.638894951206271,0.32528437806016,0
5.720000000000245,-0.8834123189808001,-0.47781427501371193,0.5475396658153396,0,1.6334752444007423,0.27641775031664184,0
5.740000000000252,-0.8823785085066529,-0.4795436225254819,0.4763689037022976,0,1.6325364369490476,0.24050837201306074,0
5.760000000000258,-0.8797052339022476,-0.4853972018477695,0.3882310186194473,0,1.629747436604075,0.1943377345729076,0
5.780000000000265,-0.8782893103419717,-0.488416091124356,0.316851854224507,0,1.6283991189838847,0.15815031460611495,0
5.800000000000272,-0.8752304825315423,-0.49275222813284186,0.2390764242595352,0,1.6254639947545209,0.11748524761351709,0
5.820000000000278,-0.8695855828943708,-0.49875823893038007,0.1538227949064846,0,1.6200077547170366,0.07330073925925329,0
5.840000000000285,-0.8635372591306917,-0.503121765760341,0.07579655760829697,0,1.6139005060387177,0.032185355054749065,0
5.860000000000292,-0.8598401471368352,-0.5087859631840015,-0.00784929697965436,0,1.6101823789985346,-0.010398744414583216,0
5.880000000000298,-0.8600165321454493,-0.514343702977634,-0.08887177685115921,0,1.610155162465322,-0.05334245144130323,0
5.900000000000305,-0.8621085935453633,-0.5199057087988088,-0.16561179969462947,0,1.6124004154511231,-0.09382502287344985,0
5.920000000000312,-0.8647116342182244,-0.5250046117603252,-0.23425391490936015,0,1.6152514802309579,-0.1290382397747547,0
5.940000000000318,-0.8673071210717298,-0.5299494731402428,-0.295999288665899,0,1.6178799450310728,-0.16209271163351469,0
5.960000000000325,-0.8710940963806713,-0.5335988121053644,-0.34523215448370115,0,1.6217919491904302,-0.18806559026017378,0
5.980000000000332,-0.8713257480040255,-0.5376780517870388,-0.39069526696472195,0,1.6223240305496178,-0.21237838800315778,0
6.000000000000338,-0.872835149905265,-0.5413340366378666,-0.4271631518996117,0,1.6238913710218967,-0.2316391526616619,0
6.020000000000345,-0.8748752753262149,-0.5440747684070729,-0.45278496507603455,0,1.6260588322660499,-0.2454156069917699,0
6.040000000000352,-0.8752250901032863,-0.5461832483553558,-0.4678793682852999,0,1.626571327152395,-0.2540622220929052,0
6.060000000000358,-0.8758298519745431,-0.5478211511586569,-0.4728157934423718,0,1.6271848252796655,-0.25742045315963646,0
6.080000000000365,-0.876043310607891,-0.548707738332493,-0.4665316614189307,0,1.6275654814541627,-0.25444166878928653,0
6.100000000000372,-0.8751009099887412,-0.5489704263860903,-0.4498695079565217,0,1.6266511033771323,-0.24675150024525405,0
6.1200000000003785,-0.8740755467313728,-0.5489842894207787,-0.42504070083316153,0,1.6255897035658788,-0.23468257943120907,0
6.140000000000385,-0.8735293802401105,-0.548808806271628,-0.3930086731778543,0,1.6249742703111447,-0.21850632735307585,0
6.160000000000392,-0.8736192528093402,-0.5475120680500175,-0.34944428053676074,0,1.6250565543824835,-0.19660697776314806,0
6.1800000000003985,-0.8723272540838357,-0.5465962747250961,-0.30290300492062905,0,1.6237994444651842,-0.17313260022618127,0
6.200000000000405,-0.8721468773075244,-0.5453604287542789,-0.2488318749696935,0,1.6234713217680696,-0.14573164510951653,0
6.220000000000412,-0.8722813882134803,-0.5444352404137889,-0.19309754104864496,0,1.6235382342043443,-0.11798658188538136,0
6.2400000000004185,-0.8707322460558372,-0.5446062269056269,-0.13894504707217392,0,1.6221294394262873,-0.09097475393964816,0
6.260000000000425,-0.8676122327240642,-0.5469308113253042,-0.0920809684691625,0,1.6191043062969113,-0.06770119486359771,0
6.280000000000432,-0.8670211290380903,-0.5527757884368019,-0.059573755359055916,0,1.618632835787321,-0.05309942554894098,0
6.300000000000439,-0.8675902365841,-0.5631312981553408,-0.0468229327408311,0,1.6196401315906168,-0.049130098575185244,0
6.320000000000445,-0.8688530547690559,-0.5713427633599758,-0.024367511175710923,0,1.6213184467880082,-0.04097282355955212,0
6.340000000000452,-0.8708847163677114,-0.5790395822318511,5.872144887064017e-05,0,1.6238028700031473,-0.030885132063207088,0
6.360000000000459,-0.8739850189674676,-0.5867186562012209,0.023233613633263605,0,1.6273255651867915,-0.02202605744748065,0
6.380000000000465,-0.8743464201129624,-0.5816294282927332,0.10205435795104233,0,1.6276818478661241,0.016526440201835246,0
6.400000000000472,-0.8713141936751967,-0.5687240825093368,0.21322778334520512,0,1.6239446031252438,0.0762275585291714,0
6.420000000000479,-0.8700537893537121,-0.5604652881457455,0.29711382466013053,0,1.6219948282621228,0.12191777086711308,0
6.440000000000485,-0.870754523770685,-0.5536914105132319,0.3673414056088632,0,1.622390652360512,0.15913006318663814,0
6.460000000000492,-0.8695387246071145,-0.5464664991932875,0.432555583286508,0,1.6209514118343578,0.19420399546753342,0
6.480000000000499,-0.8707346931696106,-0.5373553945964852,0.49950912235327316,0,1.6216329768712479,0.23006920485236715,0
6.500000000000505,-0.8743389007038884,-0.5262899012788466,0.5689348620065324,0,1.624820112125503,0.26829652758256906,0
6.520000000000512,-0.8779873710940664,-0.5133619483738601,0.6403521645514413,0,1.6281905060970285,0.30766347201965805,0
6.540000000000519,-0.8803811259003054,-0.5024038820224145,0.695830028894868,0,1.6305007928014255,0.34,0
6.560000000000525,-0.8804627559285948,-0.5007759350385974,0.7007586449955838,0,1.6305718024431781,0.34,0
6.580000000000532,-0.8787101774860863,-0.5026820531393543,0.6803331532719319,0,1.6289567768958164,0.3336954441719886,0
6.600000000000539,-0.8769932456813904,-0.5029928162411601,0.6587902250645808,0,1.6273276288402574,0.3223876358630633,0
6.6200000000005454,-0.8770738726710977,-0.5019435254210644,0.6379770137151886,0,1.627146489096091,0.31299204852223017,0
6.640000000000552,-0.8787059044023816,-0.5012501074536365,0.6092245017673431,0,1.6287725401002686,0.29869960454862476,0
6.660000000000559,-0.8793497977846867,-0.5009887737872206,0.5730687575407336,0,1.629453730237778,0.2808817912684387,0
6.6800000000005655,-0.8794294780518732,-0.500737749697745,0.5309990373430448,0,1.6295466241161602,0.2599089305952351,0
6.700000000000572,-0.8788532136642102,-0.49978001621986345,0.48692695193247026,0,1.6290266544896228,0.23873360620395,0
6.720000000000579,-0.8781724300327698,-0.4966501997466446,0.4488381835958828,0,1.6282447153242137,0.21998046440393004,0
6.7400000000005855,-0.8784135928218371,-0.4912343504748641,0.4182947382365638,0,1.6283496440689178,0.20580514842408482,0
6.760000000000592,-0.8809985931433331,-0.48233150126494345,0.402299687143283,0,1.6308363136295427,0.20077628777871426,0
6.780000000000599,-0.8821011652562705,-0.48001826797560754,0.35353604805178673,0,1.6321346990062746,0.17891340998458793,0
6.800000000000606,-0.87937369036978,-0.48902307294931097,0.24785965687265335,0,1.629648133686485,0.12470154894639718,0
6.820000000000612,-0.8751767631827145,-0.4990062410531366,0.13864054294060105,0,1.6254234629628845,0.06563401516112455,0
6.840000000000619,-0.87431539303872,-0.5011949738151616,0.06864288228652356,0,1.624579196517416,0.029947418639711065,0
6.860000000000626,-0.8723372312854933,-0.508214182954409,-0.01922570798724606,0,1.6226170150987103,-0.01584461209248289,0
6.880000000000632,-0.8731392630781578,-0.5134196641699887,-0.09545229794968439,0,1.6233841364198254,-0.05646938751854447,0
6.900000000000639,-0.8707645033053746,-0.5187710869666953,-0.1682923667365447,0,1.6213569512738955,-0.0940840334281603,0
6.920000000000646,-0.8711760122101074,-0.524194324284269,-0.23735824726464963,0,1.6216656027670528,-0.13075356557294437,0
6.940000000000652,-0.8731529633833712,-0.5284760519080908,-0.29631981994410095,0,1.623746789466108,-0.16192120642729058,0
6.960000000000659,-0.8744378928396404,-0.5326230649707772,-0.34884056230585947,0,1.625309235373364,-0.18898653150073796,0
6.980000000000666,-0.8732606992669654,-0.5366112294565102,-0.39431164642177063,0,1.6242319671317995,-0.2132609781772472,0
7.000000000000672,-0.8741827904869811,-0.5398793227601795,-0.4291772248017745,0,1.625306306527263,-0.23163328038505204,0
7.020000000000679,-0.8728718058746205,-0.5431391842324766,-0.45615725837546495,0,1.6242701940119022,-0.24649262687536266,0
7.040000000000686,-0.8718350976723939,-0.5458346518595356,-0.4725998771495629,0,1.623099432636631,-0.2560120866546123,0
7.060000000000692,-0.8739530016668142,-0.5478629298197244,-0.47874033589696907,0,1.6252684792624639,-0.2599590557602014,0
7.080000000000699,-0.8756406871508712,-0.5492619898225402,-0.4746384512158602,0,1.6270610028419408,-0.25852087643408783,0
7.100000000000706,-0.87615103385322,-0.55024294850262,-0.46133823048850764,0,1.627652527511732,-0.2524271054667351,0
7.120000000000712,-0.8764212103132446,-0.5508808258211099,-0.4392697201425245,0,1.6279487049839763,-0.24221391081035004,0
7.140000000000719,-0.8750585017033203,-0.5517285891833735,-0.4115487323597645,0,1.6267430306671968,-0.22886214003873606,0
7.160000000000726,-0.8739425931303877,-0.55284000842935,-0.3788559142313414,0,1.6256437846816392,-0.21248001446027143,0
7.1800000000007325,-0.8731371836106865,-0.555179968659668,-0.3463644616582382,0,1.624853130631843,-0.1972243466816488,0
7.200000000000739,-0.8725431323625296,-0.5596021337435788,-0.31861125540689716,0,1.6245015323908785,-0.18420933424807617,0
7.220000000000746,-0.8721791029960649,-0.5668869046940653,-0.2997115280298235,0,1.6244214757397193,-0.17668256933527893,0
7.2400000000007525,-0.8734871994280069,-0.5788312748714881,-0.29818433793320054,0,1.6264277953557953,-0.17913618336318748,0
7.260000000000759,-0.8740627023212874,-0.5871901207112028,-0.2783654450318626,0,1.6275417958041494,-0.1730354560731373,0
7.280000000000766,-0.8759935529261021,-0.5954064438164249,-0.25514190869529874,0,1.6299532303253048,-0.1636438882760074,0
7.3000000000007725,-0.8786430391089884,-0.603799953313773,-0.23275501390425504,0,1.6333921462330385,-0.15565320850081776,0
7.320000000000779,-0.8774646523252758,-0.599377966787059,-0.1500261482656267,0,1.6320237689585846,-0.11440943053666963,0
7.340000000000786,-0.8737681081140806,-0.586395618996124,-0.028218156094491638,0,1.627427484826396,-0.04980361684755796,0
7.360000000000793,-0.8730082551137387,-0.5795272035153997,0.061296984784865616,0,1.6261418087606312,-0.0023055385847909893,0
7.380000000000799,-0.8734081323296025,-0.577612373733286,0.12304514926390399,0,1.6262653168549592,0.030107688305978764,0
7.400000000000806,-0.871895124648881,-0.5714347715226967,0.19907506851425014,0,1.6246149093650202,0.06924706736481578,0
7.420000000000813,-0.8719631763787483,-0.5647660013117585,0.2728794922590884,0,1.6241636148436536,0.1084237720255492,0
7.440000000000819,-0.8734574375008898,-0.559069861588568,0.33794149379101496,0,1.625369678737343,0.1428000319952667,0
7.460000000000826,-0.8748193157358963,-0.5538294971727089,0.39564096978387403,0,1.6264213480521552,0.17389656111558272,0
7.480000000000833,-0.8757853366143376,-0.5482466400754064,0.44815932324388763,0,1.6271666816101347,0.20194767737574826,0
7.500000000000839,-0.8765661580173101,-0.5423988820936456,0.49439499494010397,0,1.6277455344132459,0.22707244063225018,0
7.520000000000846,-0.8768931793520012,-0.5362598765893369,0.5349553077980591,0,1.62787820289846,0.24949180768654555,0
7.540000000000853,-0.8767693987165924,-0.5280411409797285,0.5772284492512878,0,1.6274282065395536,0.2727618570629913,0
7.560000000000859,-0.8775581831481266,-0.5175956633179056,0.6220436081230885,0,1.6279280618915044,0.29819754920193375,0
7.580000000000866,-0.880095622565053,-0.502940996563107,0.6788988374731573,0,1.6301591394002843,0.33091738585627795,0
7.600000000000873,-0.8815727317536625,-0.49058712822985595,0.7178394967459317,0,1.6316213470566525,0.34,0
7.620000000000879,-0.88397877459573,-0.4832098547872579,0.7305407159370415,0,1.6337902742744728,0.34,0
7.640000000000886,-0.8860577371076548,-0.47814901437565993,0.7272979728828071,0,1.6359334449880247,0.34,0
7.660000000000893,-0.887636289984932,-0.4736270526678476,0.7136803687137581,0,1.6376021890471684,0.34,0
7.680000000000899,-0.888504719220038,-0.46938465091627013,0.6875865545468531,0,1.6384805147420458,0.34,0
7.700000000000906,-0.8879560622254818,-0.46917770622989297,0.6316109561774422,0,1.638165194951293,0.3212157747348927,0
7.720000000000913,-0.884742799586111,-0.4752067578973983,0.5390279806546165,0,1.6348836533359066,0.2731823714238544,0
7.7400000000009195,-0.8837498993129387,-0.4771571244677992,0.4673739356942594,0,1.6338264698233564,0.23639530384391727,0
7.760000000000926,-0.8798931518316978,-0.4819538566673042,0.38637956621169606,0,1.6300921031289004,0.1945237100793722,0
7.780000000000933,-0.8740279613145208,-0.4861777202995917,0.31085402222851527,0,1.6243016604104912,0.15536756206893787,0
7.8000000000009395,-0.8693083082966447,-0.4905621219507652,0.23390678667467651,0,1.6195472725020894,0.11615622415326987,0
7.820000000000946,-0.8656547858384368,-0.49557402681611445,0.15169919677599195,0,1.615938863622629,0.07364529681290355,0
7.840000000000953,-0.862348002710384,-0.5012951895196188,0.06555625046674221,0,1.6126342331696957,0.0287228356303455,0
7.8600000000009596,-0.8607223019084338,-0.5067456784757411,-0.01825318019950501,0,1.6109722694945332,-0.015364029627436437,0
7.880000000000966,-0.8611301449351932,-0.5122315466799209,-0.0978768781452734,0,1.6114202728905676,-0.05657600934707063,0
7.900000000000973,-0.8632022749907826,-0.5172261470361575,-0.17037190808749195,0,1.6133827320179546,-0.09519870577161416,0
7.92000000000098,-0.8662014567369438,-0.5221070179633287,-0.23692427409581027,0,1.6166065396394331,-0.130156496350899,0
7.940000000000986,-0.8678069238994748,-0.5271899553306393,-0.2984851199852102,0,1.6184160251591335,-0.1624082638942479,0
7.960000000000993,-0.8692730762167455,-0.5318802358792155,-0.35284514622612667,0,1.6201027001407236,-0.19083527860909566,0
7.980000000001,-0.8696356022984288,-0.5362395382673373,-0.39922454579207717,0,1.6205702061867884,-0.21554648746408067,0
8.000000000001005,-0.8691227857195134,-0.5402304916833337,-0.4371260071038912,0,1.6203174653953538,-0.2367568245026408,0
8.020000000000994,-0.8693308049252789,-0.5445854414528646,-0.4692493427205918,0,1.6204917027797907,-0.25388108002818854,0
8.040000000000983,-0.8712476724986598,-0.5488468753032445,-0.4933793518169084,0,1.622597217050659,-0.2673043115883589,0
8.060000000000972,-0.8732617130672273,-0.553012555527386,-0.5094345517764136,0,1.6247889835946816,-0.2768995151474192,0
8.080000000000961,-0.8739064157091626,-0.5581185102664254,-0.5223126417661312,0,1.6257731441315568,-0.28521932351416224,0
8.10000000000095,-0.8739456529003874,-0.5654147468557092,-0.5375260624273673,0,1.6261273662104683,-0.29470383468134176,0
8.120000000000939,-0.8749381227585559,-0.57493758316361,-0.5561652998404594,0,1.6276040100583264,-0.3062227422133801,0
8.140000000000928,-0.8768151452434172,-0.5887055434816225,-0.5870814895336068,0,1.630313032709823,-0.3262611320093216,0
8.160000000000917,-0.8794718751571938,-0.5996867343536485,-0.598972910421577,0,1.6336769781626532,-0.335852424132018,0
8.180000000000906,-0.8833888866236907,-0.6085755841728063,-0.5956420706632223,0,1.6381844780212762,-0.337130756779243,0
8.200000000000895,-0.8867805432645924,-0.6159267387387363,-0.58087717122516,0,1.6423705761313785,-0.3325428171570821,0
8.220000000000883,-0.886507175487949,-0.6181104640364787,-0.5368008983271687,0,1.6424565647950993,-0.3120402428563791,0
8.240000000000872,-0.8813585980376634,-0.6101006901513333,-0.4389868124486219,0,1.6367829419415074,-0.26148354236568805,0
8.260000000000861,-0.8772626833151497,-0.607289701965896,-0.3646221467738174,0,1.6322632511451838,-0.2228235727024097,0
8.28000000000085,-0.8755066000383562,-0.6033038280378755,-0.2852198110606521,0,1.6303461263629238,-0.18348941970712418,0
8.30000000000084,-0.8739098593769136,-0.5984688872043427,-0.20243556221302722,0,1.6283421513390144,-0.1396964292369045,0
8.320000000000828,-0.8710620965250704,-0.5927680452458227,-0.11717767185666063,0,1.6250409319184016,-0.09534224369408184,0
8.340000000000817,-0.8693634657043332,-0.5879643398434429,-0.03719283650735095,0,1.6231287325646286,-0.05373607957999238,0
8.360000000000806,-0.8666185395799888,-0.5827798590219689,0.04316053224561187,0,1.6200374897700398,-0.012411344392473378,0
8.380000000000795,-0.8648289663899573,-0.5771714920965934,0.12198310978783418,0,1.6176636117727474,0.02940421685146144,0
8.400000000000784,-0.8657888710437155,-0.5718076595459629,0.19668778107769927,0,1.6182739210033241,0.06812759979278349,0
8.420000000000773,-0.8683340699552822,-0.5668725045882677,0.26485512745103873,0,1.6205576114665454,0.10415645659440664,0
8.440000000000762,-0.8699637626496206,-0.5623415470293196,0.3250376822736864,0,1.6219959399271002,0.13525721919232447,0
8.46000000000075,-0.8705396349743008,-0.5578836831919588,0.37870445194592306,0,1.6224265149290251,0.16358521991477293,0
8.48000000000074,-0.870911826255974,-0.5537734179990492,0.4236861437595546,0,1.6225796400873693,0.18772850351547543,0
8.500000000000728,-0.8718254158015536,-0.5502529973951575,0.4592172087825951,0,1.62327660708281,0.20730445203878856,0
8.520000000000717,-0.8737140935917976,-0.5475184218340139,0.48336116770255244,0,1.624987283598129,0.22054738947202557,0
8.540000000000706,-0.8747756694171437,-0.5451209901940688,0.49886824460466933,0,1.6260751217394496,0.229487617084136,0
8.560000000000695,-0.8750751794667281,-0.542977725968371,0.505532691205088,0,1.6262590192488895,0.2331810451505163,0
8.580000000000684,-0.8748505006501341,-0.5416029033459232,0.5009584401133198,0,1.6259978385994174,0.23146824905872498,0
8.600000000000673,-0.8758783114858255,-0.5407079008493446,0.4866674756465502,0,1.6269445074590505,0.22534306421720807,0
8.620000000000662,-0.8764856355204618,-0.5397972391636807,0.46544379610100983,0,1.62755908650017,0.21506542750415503,0
8.64000000000065,-0.8765876651803787,-0.5392459853162168,0.4359579241739677,0,1.627692726288842,0.2003487465006082,0
8.66000000000064,-0.8754634029076932,-0.5382562677740519,0.40259482002038505,0,1.62656206936832,0.1842083079597321,0
8.680000000000629,-0.8743668514217748,-0.5366853417359266,0.36647936847803303,0,1.625439708242452,0.16699079908868342,0
8.700000000000617,-0.8726826436743992,-0.5327127564178313,0.3366748410056166,0,1.623592979418736,0.1525782343955706,0
8.720000000000606,-0.8719547485737078,-0.5261106191890212,0.3146312030752395,0,1.6226817468696557,0.1435843403449113,0
8.740000000000595,-0.8709570958375857,-0.5152486864929529,0.3085763100276223,0,1.621403823241734,0.1437793394170046,0
8.760000000000584,-0.8707039808666385,-0.5064425013175908,0.2903160033185932,0,1.6208831525296403,0.13791922792395916,0
8.780000000000573,-0.8732599257245174,-0.4980589871574839,0.26769783514198725,0,1.6231484439503117,0.12841258162217706,0
8.800000000000562,-0.8774299002958671,-0.48865781569753114,0.24957370568425213,0,1.6272598336012172,0.12284032386773291,0
8.820000000000551,-0.8761816359129994,-0.48928336568774455,0.1854401412191708,0,1.626420433718414,0.09159499505274837,0
8.84000000000054,-0.8693917680271604,-0.49947387681951805,0.07735909608244514,0,1.619698292310087,0.03569616569914236,0
8.860000000000529,-0.867217698419358,-0.5114401181980179,-0.03553040168366079,0,1.6174975307766786,-0.025481484058575754,0
8.880000000000518,-0.8688671129061168,-0.5155585818602556,-0.10834708977624,0,1.6191123461870012,-0.06356680133639925,0
8.900000000000507,-0.8709233778258876,-0.5178362253883376,-0.16771979974245313,0,1.6213975010581492,-0.09331047936010672,0
8.920000000000496,-0.8704238581796302,-0.525833542886517,-0.24740790667052406,0,1.620975629278079,-0.13608591547237658,0
8.940000000000484,-0.8722237239237238,-0.5321801553281978,-0.3149536363747516,0,1.6229361032190068,-0.17208491357457234,0
8.960000000000473,-0.8738773644745833,-0.5380400354018304,-0.37470043820903304,0,1.6248175553530884,-0.20386621969597596,0
8.980000000000462,-0.8750149076211563,-0.5439012431771605,-0.42802845007582685,0,1.6262335427670604,-0.2326173292537197,0
9.000000000000451,-0.8753035751189039,-0.5505469575898241,-0.4778792895410019,0,1.6268532672983347,-0.25888622199499367,0
9.02000000000044,-0.8753464498522979,-0.5581765515669378,-0.524667958146359,0,1.6271555738515444,-0.2846964894170023,0
9.040000000000429,-0.8760304921906578,-0.5679883016168351,-0.5740801805212014,0,1.6283809302718484,-0.31286080490492973,0
9.060000000000418,-0.8771463293732606,-0.5811045927031231,-0.6303985535583534,0,1.630124402568575,-0.34,0
9.080000000000407,-0.8791911080229123,-0.5954813307407275,-0.6877029626071748,0,1.633125027225004,-0.34,0
9.100000000000396,-0.8810649393611856,-0.6036696218326417,-0.7174237047473558,0,1.635597647156611,-0.34,0
9.120000000000385,-0.8841479177438681,-0.6088839438735405,-0.7292909833159085,0,1.639036039743385,-0.34,0
9.140000000000374,-0.8852535952151147,-0.612911670627933,-0.7250040137123873,0,1.6405774020855182,-0.34,0
9.160000000000363,-0.8849270453186896,-0.6172770476409402,-0.7077985627421287,0,1.640682673450086,-0.34,0
9.180000000000351,-0.8861046774819331,-0.6209039059424253,-0.6729015618767037,0,1.6420083864549935,-0.34,0
9.20000000000034,-0.8879459861585542,-0.6235055074166342,-0.6236631595325071,0,1.6442342694897714,-0.34,0
9.22000000000033,-0.883964056879875,-0.6162427439142939,-0.519113026347812,0,1.639860307055144,-0.30400379397496957,0
9.240000000000318,-0.882738526928222,-0.6126656361168058,-0.43222403357887773,0,1.6380924445015557,-0.2583509196229845,0
9.260000000000307,-0.8805401991323926,-0.6079507039129192,-0.34817562405294816,0,1.6357809032842374,-0.21517838697506364,0
9.280000000000296,-0.8777069295154836,-0.6050253191459423,-0.27844123322023545,0,1.6326656665364547,-0.1793962503872213,0
9.300000000000285,-0.874611148332935,-0.6001229773424064,-0.20145175144432276,0,1.6290970764048303,-0.13935886095648486,0
9.320000000000274,-0.8722456058323471,-0.594680975060902,-0.11981302553649041,0,1.6264383522351895,-0.09711380286968652,0
9.340000000000263,-0.8710027603431666,-0.5899847820386391,-0.039782204759354685,0,1.624834869736269,-0.05584414794316772,0
9.360000000000252,-0.8689825208116367,-0.5842577026547426,0.0453189780772508,0,1.6223323480144907,-0.011468814127463034,0
9.38000000000024,-0.8670452918081047,-0.5784075087253056,0.12733538070381148,0,1.6201280447738515,0.03104854607855345,0
9.40000000000023,-0.8685994163780248,-0.5735265009108262,0.19938949512823936,0,1.6213162459410895,0.06895131186552494,0
9.420000000000218,-0.8678007837667814,-0.5679488996837088,0.2695935547044299,0,1.6202455122929071,0.10554941746115398,0
9.440000000000207,-0.8694420148533598,-0.5631704305067715,0.3294090380912469,0,1.6214221391655896,0.13766886888654506,0
9.460000000000196,-0.872569183533073,-0.5593616096668312,0.378931529809448,0,1.6243522680010827,0.1640310676605441,0
9.480000000000185,-0.8746832583935737,-0.5558752607239575,0.4210711275552381,0,1.6264511664975863,0.18571002198068243,0
9.500000000000174,-0.8737935859578001,-0.5521544257316271,0.45819314383906345,0,1.6253903939455567,0.2059086913354622,0
9.520000000000163,-0.8733257063362112,-0.549114731311214,0.4844942156347746,0,1.624832554391511,0.22062111443687882,0
9.540000000000152,-0.8733527415501109,-0.546368657368151,0.5015075918481066,0,1.6246736301950662,0.22984371686887273,0
9.56000000000014,-0.8750565091721213,-0.5443686532102517,0.5071296922760264,0,1.6262598259167185,0.23359385098817453,0
9.58000000000013,-0.8764653814153501,-0.5431326147567772,0.501552865918783,0,1.627661393678972,0.2313974692517442,0
9.600000000000119,-0.877141625435972,-0.5424221980889413,0.4859401642350895,0,1.62835672193611,0.22404830278593169,0
9.620000000000108,-0.8772191245444902,-0.5418248934842609,0.46346064194621406,0,1.6283877987558102,0.21352695096717378,0
9.640000000000096,-0.8769358904219011,-0.5413836815081846,0.4334483949156768,0,1.6281268444781583,0.19854421249897936,0
9.660000000000085,-0.8759299425160074,-0.540668956823336,0.39876942318536984,0,1.6272128928424137,0.18169380369801358,0
9.680000000000074,-0.8717856042451262,-0.5391604915381151,0.3626491448073411,0,1.6230367353914155,0.16444469473712187,0
9.700000000000063,-0.869768292894963,-0.5350419406926544,0.33343359004384776,0,1.6207839382838392,0.15043555555068444,0
9.720000000000052,-0.8680619809513355,-0.5285841595259007,0.31056312954788634,0,1.6188225113625212,0.14079868577016375,0
9.740000000000041,-0.870047100183293,-0.517060401526885,0.30728492661591733,0,1.62035521567427,0.14219259653601823,0
9.76000000000003,-0.8732330005264961,-0.507684046534946,0.29130910278577204,0,1.6233724960966385,0.13765415544561654,0
9.780000000000019,-0.8753114337378058,-0.4995408090003757,0.2678110370906662,0,1.6252872378424499,0.12786394311939375,0
9.800000000000008,-0.8788914396945248,-0.4900140581344531,0.250366904388077,0,1.6287742422267817,0.12267089595459169,0
9.820999999999996,-0.878657950518894,-0.49197659428963814,0.17632727856130984,0,1.6289547960957198,0.08751720058906276,0
9.840999999999985,-0.8747309201290828,-0.503965616114611,0.05913963670038361,0,1.6251291201562412,0.025499100753542114,0
9.860999999999974,-0.8720439961566923,-0.513119847095064,-0.04098086248100661,0,1.622343022822305,-0.02871151195499322,0
9.880999999999963,-0.8736751685966014,-0.5153182400365127,-0.10427379334235026,0,1.6239514785979374,-0.06170079282477814,0
9.900999999999952,-0.8734384762367922,-0.5211965371967792,-0.17874818079423097,0,1.6240413304940888,-0.10027494321602326,0
9.92099999999994,-0.8715747239010809,-0.5280741635987115,-0.2532741097254345,0,1.622266452156531,-0.13972651064865937,0
9.94099999999993,-0.872172542596387,-0.5339795453449517,-0.3184389765626391,0,1.6230522420048585,-0.17404153289501023,0
9.960999999999919,-0.8715387878721698,-0.539777736373904,-0.37781660970778,0,1.6226888881919204,-0.2059235957431249,0
9.980999999999908,-0.8717725696754043,-0.5461240255774876,-0.43262500514061814,0,1.6230915001886013,-0.23493368180094776,0
10.000999999999896,-0.8724649462278522,-0.5529838765379791,-0.48293547032222894,0,1.624042592793392,-0.26239053560456993,0
10.020999999999885,-0.8737869136043944,-0.5611060885614749,-0.5315184955945162,0,1.6257345444067839,-0.2897748104763931,0
10.040999999999874,-0.8746242973155446,-0.5718929013730799,-0.5846098123352577,0,1.627053957580054,-0.31898540813890675,0
10.060999999999863,-0.8782689610928274,-0.5862896936325016,-0.6463008197397746,0,1.6314436661222413,-0.34,0
10.080999999999852,-0.8813454171876349,-0.5990947580945059,-0.6980517847524831,0,1.6354774422798868,-0.34,0
10.100999999999841,-0.8840756974150776,-0.6053630356632275,-0.7201345226717786,0,1.6388014434747593,-0.34,0
10.12099999999983,-0.8853395227539083,-0.6095864053958683,-0.7265415079037971,0,1.6403711446808202,-0.34,0
10.140999999999819,-0.8863037909968542,-0.6135505504528344,-0.7188228179824417,0,1.6416989700505566,-0.34,0
10.160999999999808,-0.8867679495433975,-0.6176252597389217,-0.6969345394567499,0,1.64251854355158,-0.34,0
10.180999999999797,-0.8876126503757359,-0.6214355619207286,-0.661685179072644,0,1.6436858041863838,-0.34,0
10.200999999999786,-0.8876811456215329,-0.6240138365883386,-0.6119257588206892,0,1.644086374816639,-0.34,0
10.220999999999774,-0.882670836074195,-0.6173516768308752,-0.5109332959924233,0,1.6387197632879908,-0.2999884564259354,0
10.240999999999763,-0.8792126095337115,-0.6132035079704183,-0.42409321307563685,0,1.6347017282712122,-0.25468513453618735,0
10.260999999999752,-0.8786789823746891,-0.6100389999003089,-0.3482643933447343,0,1.6339722498907456,-0.21654781175142124,0
10.280999999999741,-0.8781484474055508,-0.6060453285226091,-0.27300032359373444,0,1.6330299387225657,-0.17629896155896985,0
10.30099999999973,-0.8759429588672442,-0.6005981777555773,-0.19242080191864971,0,1.6305582142627149,-0.13549337412021512,0
10.320999999999719,-0.8744354197019556,-0.5968455793531977,-0.1179511461226675,0,1.6287230471410363,-0.09666733672204764,0
10.340999999999708,-0.8710229874548654,-0.5912145861714153,-0.03396603156946523,0,1.6250594141294108,-0.053466284725991686,0
10.360999999999697,-0.8677472777326349,-0.5852484751883918,0.05119341116109233,0,1.6211625218231223,-0.008824158160821938,0
10.380999999999686,-0.8672854801821279,-0.5797572947415246,0.13142851286543675,0,1.6206270029732386,0.031995590763795434,0
10.400999999999675,-0.8668949014753276,-0.5742683503587499,0.20576302900536445,0,1.6195522813597782,0.07186289170247573,0
10.420999999999664,-0.8699590552347615,-0.5695853131015132,0.271503771729553,0,1.6224157382597155,0.10640003295903622,0
10.440999999999653,-0.8712920762665795,-0.5649329885676948,0.33058076295337835,0,1.6233965727904895,0.137790424948375,0
10.460999999999641,-0.8735668847122435,-0.5611519698814246,0.3797639973467374,0,1.6255322492959305,0.16383836715304056,0
10.48099999999963,-0.8735642373581378,-0.5569739972753267,0.4249469260148241,0,1.6253297040940966,0.18787939728639413,0
10.50099999999962,-0.8751015738494121,-0.55400353370163,0.4574280918568515,0,1.6267047851184129,0.2054432834683606,0
10.520999999999608,-0.8752084125717341,-0.5508985055020982,0.4837013174567606,0,1.6267156688643067,0.21951137822065636,0
10.540999999999597,-0.875618283883667,-0.5490127378562188,0.49620125168311124,0,1.6271481194440283,0.22675420055398643,0
10.560999999999586,-0.8759414212756012,-0.5475424381818109,0.49970286025356164,0,1.6272734875570896,0.22940102913561544,0
10.580999999999575,-0.8768000550093296,-0.5468938596571327,0.4909274289971928,0,1.6281396206141276,0.22548079915589203,0
10.600999999999564,-0.8753770981670089,-0.5459877491640563,0.4767887624612851,0,1.6267952777195716,0.21881132260674963,0
10.620999999999553,-0.8744571776722141,-0.545959506459931,0.4508393078976642,0,1.6257617302560674,0.20610035386469572,0
10.640999999999542,-0.8747681067344062,-0.5464406383841669,0.4158361902744153,0,1.6262030530376155,0.18803498409493002,0
10.66099999999953,-0.8734564359091044,-0.5468502657017681,0.3759431200756193,0,1.6248354043744482,0.16854286648496553,0
10.68099999999952,-0.8735282535542614,-0.5478199691581239,0.32767065719750127,0,1.624939614036784,0.14424461336820227,0
10.700999999999508,-0.8732618224180657,-0.5485969717205604,0.27560633423930936,0,1.6247343679323452,0.11849872108510584,0
10.720999999999497,-0.8712350389052848,-0.5480994582464863,0.22571422473794273,0,1.622721742928524,0.09305186736405546,0
10.740999999999486,-0.8707776867542053,-0.5462598635889269,0.17895359457134996,0,1.6221824730304708,0.07022346535397084,0
10.760999999999475,-0.8695863246366331,-0.5414775607974865,0.1427400386072305,0,1.6207960407763105,0.05278236310557549,0
10.780999999999464,-0.868832057207001,-0.5322401685195985,0.1253732360452397,0,1.619757891405415,0.04665569439988748,0
10.800999999999453,-0.8687801316692246,-0.5230973439644945,0.10700713541220096,0,1.6192518666646118,0.04095319509507167,0
10.820999999999442,-0.8708392390744959,-0.5157857789035978,0.07979031043691621,0,1.6211468304934125,0.029678714105920934,0
10.84099999999943,-0.8735843893513131,-0.5067273486570135,0.06152428651789114,0,1.6236065063699787,0.022602693702991505,0
10.86099999999942,-0.8748557891220856,-0.5057025591553262,0.00878102895580923,0,1.6250559471060135,-0.0012000761176196306,0
10.880999999999409,-0.8727519611451168,-0.5177424331420857,-0.1021620305086393,0,1.6233398100871212,-0.059862361673978626,0
10.900999999999398,-0.8714654986785109,-0.5281086770723394,-0.2002908168999456,0,1.6221598423400794,-0.11269952578209708,0
10.920999999999387,-0.8720158665992025,-0.5332846361319327,-0.26851650614973843,0,1.6228663451259455,-0.14952294884384854,0
10.940999999999375,-0.8715536472972992,-0.5381064081550536,-0.3281274373954868,0,1.6225485878246206,-0.18052481965978062,0
10.960999999999364,-0.8727380772567156,-0.5433221572761563,-0.3829770851949021,0,1.6238715807369963,-0.2097186597566738,0
10.980999999999353,-0.8730158910375526,-0.5499160318824439,-0.43821964526224455,0,1.6244721888949223,-0.23918916955721836,0
11.000999999999342,-0.8739310059407042,-0.5571911602961634,-0.48997357175599143,0,1.625717431004196,-0.26694291402724835,0
11.020999999999331,-0.8740513245828322,-0.5662190453689233,-0.543115892241489,0,1.6263717005325875,-0.2966077205923443,0
11.04099999999932,-0.8742470124154239,-0.578257850549403,-0.6024830927253321,0,1.6271232776704756,-0.329953197271144,0
11.060999999999309,-0.8773306860976978,-0.5936909763767504,-0.6693059537863834,0,1.6311097680144833,-0.34,0
11.080999999999298,-0.8803473289958081,-0.6032050947039264,-0.7092440647385664,0,1.6348223971385547,-0.34,0
11.100999999999287,-0.8817851276586943,-0.6076300181855339,-0.7238144846696939,0,1.636664578282245,-0.34,0
11.120999999999276,-0.882710352933194,-0.6108826391496869,-0.7231925797064682,0,1.6378692655020708,-0.34,0
11.140999999999265,-0.8837029273442228,-0.614429806236242,-0.7101244414022295,0,1.639197182547349,-0.34,0
11.160999999999254,-0.8848454581297887,-0.6182731761163759,-0.6840152623252972,0,1.6405780058211559,-0.34,0
11.180999999999242,-0.8865543977607201,-0.6223320242999385,-0.6484356867613488,0,1.6426191444300284,-0.34,0
11.200999999999231,-0.8880460998153425,-0.6258674723893272,-0.6040219522262659,0,1.6444923343672486,-0.34,0
11.22099999999922,-0.8850845148909656,-0.6201410010959372,-0.5103553444050759,0,1.6414085087045232,-0.3006982179259825,0
11.24099999999921,-0.8813668698080197,-0.6155419146825265,-0.4235474538995553,0,1.637149663878345,-0.2552808760726746,0
11.260999999999198,-0.8784390077652439,-0.6122381884054514,-0.3487617194362131,0,1.63418087508133,-0.21738919667382084,0
11.280999999999187,-0.8742586602650956,-0.6085008689221756,-0.27472459755824097,0,1.629655243007658,-0.17919086030735243,0
11.300999999999176,-0.8699270502331917,-0.6036247330359059,-0.19577455503024416,0,1.6249186458563756,-0.1384530186702979,0
11.320999999999165,-0.8657202875918465,-0.5983578079289789,-0.1132032603886558,0,1.6203881676333525,-0.09578169303196615,0
11.340999999999154,-0.8616937223788736,-0.5934583813188148,-0.03136739565034377,0,1.6157753802023742,-0.05263985093257406,0
11.360999999999143,-0.8610744287446218,-0.5879253318124074,0.05258869921986971,0,1.6146300702958982,-0.009019010768261726,0
11.380999999999132,-0.8620300769885384,-0.5825688591333198,0.1323103963541613,0,1.6152883922795538,0.032308818596743505,0
11.40099999999912,-0.8639835863801633,-0.577384930761727,0.20604641439246196,0,1.616741582071206,0.07147332969888875,0
11.42099999999911,-0.8658597171750361,-0.572237171529201,0.2730669176516422,0,1.6184087519548849,0.10654887054741424,0
11.440999999999098,-0.8674258367330631,-0.5671866700934629,0.33369025085454274,0,1.6197514363629621,0.13808515411052724,0
11.460999999999087,-0.8685545063362011,-0.5623464985056763,0.38786990144696926,0,1.6206158347004884,0.16691304647713423,0
11.480999999999076,-0.8708951607458738,-0.5583192682472898,0.43196556732071056,0,1.6226412195437954,0.19071016834474452,0
11.500999999999065,-0.8738976092200869,-0.5548205968179797,0.466985915473804,0,1.6254992597094498,0.2096585480743769,0
11.520999999999054,-0.8759178035409794,-0.5518335960845934,0.4923306766729689,0,1.6274265122563345,0.2235734186348759,0
11.540999999999043,-0.877095171316529,-0.5493957715482211,0.5073755278158002,0,1.6285328770385947,0.2321071519910285,0
11.560999999999032,-0.8776768747041783,-0.5472881635554216,0.5130284850482877,0,1.6290515297802213,0.23579176383157452,0
11.58099999999902,-0.8778997611941604,-0.545612022415505,0.508960135444878,0,1.6292339485656306,0.23436561276056067,0
11.60099999999901,-0.8772872631610968,-0.5441424014938827,0.4966008143117782,0,1.6285690991877038,0.2290212907570044,0
11.620999999998999,-0.8763072879781058,-0.5422735587200878,0.47921772747791364,0,1.6275633621602486,0.22125564616336302,0
11.640999999998987,-0.8755364069170829,-0.5396183339032378,0.4593067866730008,0,1.6266855558295603,0.21148911232293566,0
11.660999999998976,-0.8737839028337501,-0.5352369222254445,0.4409185743967117,0,1.6247775868744885,0.20391663682368488,0
11.680999999998965,-0.8734543559229266,-0.5284256450154884,0.42824176744187964,0,1.6241920748036103,0.19897672733208038,0
11.700999999998954,-0.8743964604812151,-0.5170574337316388,0.43136101010867745,0,1.624687701180405,0.2035992723551565,0
11.720999999998943,-0.8752823342130959,-0.5064077790614895,0.4268882578194326,0,1.6254300244173376,0.2054220067500412,0
11.740999999998932,-0.8783552638811505,-0.4980804700995964,0.4076519821517643,0,1.6282357504240499,0.19831168165688529,0
11.760999999998921,-0.8816684921599277,-0.488006473930947,0.3951740036387518,0,1.6315042811607725,0.19546589906476508,0
11.78099999999891,-0.8825019160287988,-0.4858380932979116,0.34397301630683563,0,1.6325668692207924,0.17240507116450998,0
11.800999999998899,-0.8792529153835078,-0.4943642061283099,0.24009298331492832,0,1.6295024785105834,0.1186140603797825,0
11.820999999998888,-0.8754810116527899,-0.5055893596505765,0.12529847775164804,0,1.6257152468253284,0.057057361565714615,0
11.840999999998877,-0.876014021191137,-0.5079508226587721,0.05507950687538197,0,1.6262115772464865,0.020337732940119313,0
11.860999999998866,-0.8748674850831464,-0.5139593984621023,-0.02725020372902308,0,1.6253313254254422,-0.021487908959863855,0
11.880999999998854,-0.8731907923104163,-0.5200616294884681,-0.10660106456836559,0,1.6236967329004164,-0.0639868895805098,0
11.900999999998843,-0.8716111375160606,-0.5238294628240577,-0.17164355382986282,0,1.6223747940620392,-0.09776879035880404,0
11.920999999998832,-0.869663618996741,-0.5305745028549008,-0.24625966215034667,0,1.620373554478771,-0.13699533071305292,0
11.940999999998821,-0.8711274704855534,-0.5357434611197921,-0.308449416819067,0,1.6220975405895777,-0.17049518184770607,0
11.96099999999881,-0.8718674201806925,-0.5404532840046945,-0.36304351201197377,0,1.6228616858461378,-0.19907698143400587,0
11.980999999998799,-0.8739111029652208,-0.5446826776524467,-0.4082655217184367,0,1.6250720110738954,-0.2232365948902546,0
12.000999999998788,-0.8747348886591692,-0.5487699415919821,-0.4455344197815971,0,1.6262093163229656,-0.2433347451100163,0
12.020999999998777,-0.873871682587428,-0.5531810055407911,-0.47680594942676857,0,1.6255013991616831,-0.2601423166460004,0
12.040999999998766,-0.8750481725000008,-0.5572366234469771,-0.49883771334570104,0,1.6268101387513747,-0.27232222977352505,0
12.060999999998755,-0.8748287718646919,-0.56205889606662,-0.5168672730565403,0,1.6269400547268058,-0.28280688382178076,0
12.080999999998744,-0.87432565251673,-0.5682442301607209,-0.5345285727316444,0,1.6267338051006608,-0.29423092431351927,0
12.100999999998733,-0.8742141222676395,-0.5767232091074738,-0.5547430211857667,0,1.6270884169141548,-0.30645087003190374,0
12.120999999998721,-0.8754606232536309,-0.5884590078625667,-0.5819702420721705,0,1.6289476744664353,-0.32321722668337904,0
12.14099999999871,-0.8781208672332927,-0.6020080408576722,-0.611150686402435,0,1.6324563772174225,-0.34,0
12.1609999999987,-0.881349666513057,-0.611663914697551,-0.6176513767057318,0,1.6364202578010898,-0.34,0
12.180999999998688,-0.8838481290847414,-0.6196157277859164,-0.6120797420634403,0,1.6396564972206127,-0.34,0
12.200999999998677,-0.8871373553743168,-0.6261306295141836,-0.5943093159873746,0,1.643568294148067,-0.34,0
12.220999999998666,-0.8847015698740108,-0.623210878050398,-0.5231895796775264,0,1.641276355516358,-0.30828029276567204,0
12.240999999998655,-0.8802723214025562,-0.6165293157926897,-0.42877944545486274,0,1.6360953811855188,-0.25833377239696387,0
12.260999999998644,-0.878429384362199,-0.6148805497061444,-0.3579683972645744,0,1.6341266966679795,-0.22235563127281877,0
12.280999999998633,-0.875697605710263,-0.6085136386977492,-0.26775977239242105,0,1.6308006256774406,-0.17521903614964018,0
12.300999999998622,-0.8751658018984109,-0.6046509522010562,-0.19110289179082185,0,1.6301339437031959,-0.13634923118372733,0
12.32099999999861,-0.8734401144475004,-0.5998391342004508,-0.1105724715701003,0,1.6279661050526892,-0.09430747618778312,0
12.3409999999986,-0.8704099398928759,-0.5942353291667679,-0.027547698998676942,0,1.624492295683469,-0.050651731325013216,0
12.360999999998588,-0.868409077028939,-0.589220698043589,0.05160286972816775,0,1.6222639575214381,-0.010020721011717582,0
12.380999999998577,-0.8676826219703137,-0.5834401777847794,0.1317463611688455,0,1.6208756293169684,0.03207234677887372,0
12.400999999998566,-0.86773824985758,-0.5778569322410125,0.20681084527812132,0,1.6206435055545525,0.0718089509793125,0
12.420999999998555,-0.8689752334192973,-0.5719835787134631,0.27777897715404987,0,1.6214509877077834,0.10885884716838179,0
12.440999999998544,-0.8719858331068959,-0.5675434572880039,0.33624046913377775,0,1.6241964931188797,0.13990407477257572,0
12.460999999998533,-0.8742722490735423,-0.563793939910325,0.3849702974244189,0,1.6263740503011217,0.16549728551280274,0
12.480999999998522,-0.8755461916064123,-0.5604509158931935,0.4259974753195406,0,1.627590727269432,0.1867979445495589,0
12.50099999999851,-0.8751032860066885,-0.5570659480740318,0.4603690098602744,0,1.626948544011498,0.20545024439566006,0
12.5209999999985,-0.8760015659715235,-0.5544019806179294,0.48429098544794535,0,1.627715922187436,0.21898657285396417,0
12.540999999998489,-0.8756147968132998,-0.5522992448766066,0.497894787173561,0,1.6272884604575897,0.226241573941389,0
12.560999999998478,-0.8760433477979297,-0.5506729614035232,0.5015535162306488,0,1.6275950279926485,0.2287523714755122,0
12.580999999998467,-0.8759903479586434,-0.5499191624863718,0.4935620840159494,0,1.6274493201340827,0.22574247885166487,0
12.600999999998455,-0.8766211286291986,-0.549881881903435,0.47453548819204644,0,1.6280825629658267,0.21654060377723683,0
12.620999999998444,-0.8758067815075602,-0.5502869094560677,0.4468756750113908,0,1.6273198362340036,0.20287308421752615,0
12.640999999998433,-0.8757894820046687,-0.5511561251342226,0.4103728727601994,0,1.6273211646573076,0.18454827268169005,0
12.660999999998422,-0.8757257527672654,-0.5527537033249648,0.3644738608424053,0,1.6273498149416468,0.16123736444004377,0
12.680999999998411,-0.8753874315961427,-0.5550162734763233,0.31024243608204755,0,1.627139406326536,0.13349079009416442,0
12.7009999999984,-0.8749256635515881,-0.5580274013796702,0.24802381669683482,0,1.6268299045387669,0.10144916554213612,0
12.720999999998389,-0.8744061851429759,-0.5613994629823835,0.18043173463495157,0,1.6264353853994733,0.06719177612341842,0
12.740999999998378,-0.8738770979517785,-0.5648741726712342,0.10943035108462303,0,1.6260936390656446,0.03058101959598991,0
12.760999999998367,-0.87349978378059,-0.5686082753006639,0.03507349146910484,0,1.6259290554430108,-0.007855531221523604,0
12.780999999998356,-0.8727669277560953,-0.5724412809692129,-0.0413645001872624,0,1.6255114566462143,-0.047576352788398335,0
12.800999999998345,-0.870587496001065,-0.5753365237955118,-0.11300647307243453,0,1.6235734760310625,-0.08464448876691044,0
12.820999999998334,-0.8697550079021742,-0.5767652131700413,-0.17844579887524684,0,1.6226314637403763,-0.11774213334214734,0
12.840999999998322,-0.870409049174168,-0.5768668459959903,-0.23650963053251986,0,1.6232818934010376,-0.14650337240692224,0
12.860999999998311,-0.870364261368472,-0.5739452224249028,-0.27876324920898243,0,1.6231369616473632,-0.16787848556740026,0
12.8809999999983,-0.8695910392337127,-0.5664821093975748,-0.29720681186393766,0,1.6219417085464305,-0.17520769758456067,0
12.90099999999829,-0.8699029199348494,-0.5563612959919639,-0.29956119130054015,0,1.6216775316446221,-0.17309668674318357,0
12.920999999998278,-0.8705234436550013,-0.5493034687181721,-0.31143936621735313,0,1.622003565188694,-0.17655367078300266,0
12.940999999998267,-0.8712720163913494,-0.5450116426480449,-0.33220181259470044,0,1.6225696270822438,-0.1854830891433803,0
12.960999999998256,-0.8728229172219768,-0.5456325280970568,-0.3705304575920932,0,1.6240831016671724,-0.20419250983566184,0
12.980999999998245,-0.8743376782051692,-0.5489067287328465,-0.41486351795420984,0,1.6257366915060973,-0.2274907892491489,0
13.000999999998234,-0.8743964472751531,-0.553132127863638,-0.4548546870335828,0,1.6260405499733739,-0.24889364957742766,0
13.020999999998223,-0.8743687928987991,-0.5575767930533958,-0.4865415821736525,0,1.6262553246041045,-0.26609048354327247,0
13.040999999998212,-0.8744333448697262,-0.563018620215605,-0.5140662036127813,0,1.62647666416319,-0.28184140490095233,0
13.0609999999982,-0.8753042706646171,-0.5690365895975432,-0.5366131523676476,0,1.6277392910390458,-0.2952827072433335,0
13.08099999999819,-0.8749706765921635,-0.5775418922747574,-0.5641079512715759,0,1.6279015423602685,-0.31143756327516736,0
13.100999999998178,-0.8758191076736831,-0.5893100008825548,-0.5990099588003833,0,1.629329331227108,-0.33151709639779714,0
13.120999999998167,-0.8790537308210953,-0.6036209781645256,-0.6391182148819329,0,1.6335112068645377,-0.34,0
13.140999999998156,-0.8824196277888738,-0.6136619800795629,-0.657221309308967,0,1.6376618991291008,-0.34,0
13.160999999998145,-0.8853145251020776,-0.6220986002793631,-0.6651618085866975,0,1.6412408199118909,-0.34,0
13.180999999998134,-0.8884209062715126,-0.628619497820348,-0.6570706454445006,0,1.6449619687645884,-0.34,0
13.200999999998123,-0.8893512247830091,-0.6317579269968533,-0.6226929372143397,0,1.6464904526251414,-0.34,0
13.220999999998112,-0.8853723191356884,-0.6242566495603051,-0.5222266573089307,0,1.6419475957858936,-0.30786475053282203,0
13.2409999999981,-0.8836305090337804,-0.6205795949242261,-0.4327213099581792,0,1.6396698492263724,-0.2611153521359495,0
13.26099999999809,-0.8799833517443629,-0.61628819985285,-0.3452680675198421,0,1.6359255155388361,-0.21650225581278826,0
13.280999999998079,-0.87704176997729,-0.6119965993802364,-0.2650546213491097,0,1.6324455979782992,-0.17500888503304624,0
13.300999999998067,-0.8738113996549042,-0.6070125622810415,-0.1866498392877833,0,1.628805796178972,-0.13395405897704982,0
13.320999999998056,-0.869744912639174,-0.6022698375569973,-0.11011395855546877,0,1.624622027468704,-0.09492526961443493,0
13.340999999998045,-0.8671248424269218,-0.5973988157472241,-0.031260508105357306,0,1.6216217338869336,-0.054190596737356156,0
13.360999999998034,-0.8654527953599023,-0.5915387626091443,0.052743697330654774,0,1.619463355822919,-0.01061932283750977,0
13.380999999998023,-0.8655681552528967,-0.5859815166733596,0.13341695065586412,0,1.6189628907716154,0.03198079897426109,0
13.400999999998012,-0.8673917610463362,-0.580745152613859,0.20801995781288068,0,1.6204577991679838,0.07131324194905564,0
13.420999999998001,-0.8698286119171754,-0.5757770640068232,0.27472973775588716,0,1.6225955976724435,0.1059506297620536,0
13.44099999999799,-0.8711603457642373,-0.5714409383586496,0.3328999393101095,0,1.6236525222386418,0.13706949497020826,0
13.460999999997979,-0.8708821764785807,-0.5669434298355047,0.38497906015991573,0,1.6232796607767448,0.16405295940282483,0
13.480999999997968,-0.8715483063855831,-0.5629218363511201,0.42882320111271377,0,1.6235683201980344,0.18795967352284637,0
13.500999999997957,-0.8739577951042762,-0.5600193970837768,0.4606774344540639,0,1.6257923486134669,0.2051960644669233,0
13.520999999997946,-0.8750414939391628,-0.5573706199052321,0.48459308943054297,0,1.6269173774578958,0.21782657832413332,0
13.540999999997934,-0.8758043339814419,-0.5552505191840231,0.49859079113138355,0,1.6275045100262975,0.2258075189665385,0
13.560999999997923,-0.8760459547358499,-0.5538623781298645,0.5013472507216733,0,1.6276974538119038,0.2281928864013718,0
13.580999999997912,-0.8756192759386159,-0.5530461405840551,0.49346200149442293,0,1.6273382432713437,0.22442196901385425,0
13.600999999997901,-0.8751337788792356,-0.5524510473693692,0.47716719028515187,0,1.6267366460627564,0.21671112099314538,0
13.62099999999789,-0.8758376122010625,-0.5529470324903367,0.4484787668349132,0,1.6274518817445318,0.2024396806049933,0
13.640999999997879,-0.8761629971357735,-0.5541404389964176,0.40993005929466986,0,1.627866675726014,0.18321731105327377,0
13.660999999997868,-0.8760199994404397,-0.5559480926439778,0.3633733751873896,0,1.6277834649237797,0.15983910930026024,0
13.680999999997857,-0.8755638013377856,-0.5583041704594126,0.3088287203709413,0,1.6274603795773697,0.13191830319018427,0
13.700999999997846,-0.8747707256884049,-0.5615037729848682,0.24582772714991855,0,1.6268232573355628,0.09971459275614025,0
13.720999999997835,-0.8738209294479445,-0.5646030614200778,0.17955497731557526,0,1.6260696698354693,0.06533354637608757,0
13.740999999997824,-0.8728548966763658,-0.5682473826237046,0.10779318146234862,0,1.6252642104552681,0.028567396191148564,0
13.760999999997813,-0.8728793883346847,-0.5722942426855546,0.03193420121742133,0,1.6255154240868153,-0.010682217682663087,0
13.780999999997801,-0.8722150938032543,-0.5762990651151493,-0.04533994042685546,0,1.6251247619686482,-0.05050165075112223,0
13.80099999999779,-0.8717353004638024,-0.5797743366024934,-0.11978524838994939,0,1.624781102633008,-0.08838637592783005,0
13.82099999999778,-0.8708626151648159,-0.5826120003350156,-0.1917305710758112,0,1.6240934503083757,-0.12563374898906643,0
13.840999999997768,-0.8708933473069421,-0.5836633112890149,-0.25375013654085293,0,1.6241847886741732,-0.15727762380650367,0
13.860999999997757,-0.8714237899316831,-0.5828422049171996,-0.30541478738985345,0,1.6246745737738801,-0.18315398317792497,0
13.880999999997746,-0.8706438038702187,-0.5785243342676364,-0.33830325918757054,0,1.6237516298746864,-0.19955470824247779,0
13.900999999997735,-0.8690048149574431,-0.5693910973383872,-0.34542261072358865,0,1.6215844308202947,-0.20107490155014807,0
13.920999999997724,-0.8699298571627668,-0.5606545666279481,-0.3486048972799711,0,1.62182994141321,-0.1988675015093997,0
13.940999999997713,-0.871202441687223,-0.5546327268060728,-0.3604333180504994,0,1.6228690563230126,-0.202479333901457,0
13.960999999997702,-0.872719601018774,-0.5532801658373746,-0.3889092471776176,0,1.6242971208083947,-0.21579595526536144,0
13.98099999999769,-0.8733620030032258,-0.5568233583846469,-0.43482669648245015,0,1.625110618701549,-0.23987913008161055,0
14.00099999999768,-0.8738025721519651,-0.5633717557293779,-0.4865462437587335,0,1.6258727547009106,-0.2673865881320354,0
14.020999999997668,-0.8730549301422748,-0.5715104212251558,-0.5364325026253088,0,1.62567514816885,-0.29509074604009644,0
14.040999999997657,-0.8738483501878133,-0.5820201284721507,-0.5865957514192375,0,1.626920332831743,-0.3230886691076602,0
14.060999999997646,-0.8761655056253583,-0.596457076817453,-0.6474223824030644,0,1.6301289395886613,-0.34,0
14.080999999997635,-0.8793530107384551,-0.6092736719391376,-0.6989321028278226,0,1.634312747371615,-0.34,0
14.100999999997624,-0.8817042005767944,-0.6159057171875225,-0.7233182790854057,0,1.637186303143196,-0.34,0
14.120999999997613,-0.8832623924461925,-0.6201575609383669,-0.7304883734341993,0,1.639140113516091,-0.34,0
14.140999999997602,-0.8843367037625683,-0.6240372775290582,-0.7227940751581,0,1.6405882247547974,-0.34,0
14.16099999999759,-0.8857747364716835,-0.6283443819920449,-0.702041526086203,0,1.6423488258316832,-0.34,0
14.18099999999758,-0.8862460370346604,-0.6319225683242232,-0.6651655540979907,0,1.6431662735719939,-0.34,0
14.200999999997569,-0.8874859618661125,-0.6341214256338442,-0.6128726770080516,0,1.6447772779272605,-0.34,0
14.220999999997558,-0.8841565947512637,-0.6267349009005104,-0.5075457933508013,0,1.6409273559632271,-0.3012353702524535,0
14.240999999997547,-0.8829404580751703,-0.6235578703783893,-0.42342341940816236,0,1.6392323625435183,-0.2571887071602754,0
14.260999999997535,-0.8799056671240072,-0.618760014101351,-0.3396105169576357,0,1.6359110010457973,-0.2138131976919777,0
14.280999999997524,-0.8760311293205216,-0.6156650586657949,-0.26991121968662535,0,1.6319517548159241,-0.1785280990928646,0
14.300999999997513,-0.8696003950338489,-0.610741288696257,-0.19285056186255015,0,1.6250942384491396,-0.138169389561416,0
14.320999999997502,-0.865060891143305,-0.6055666282564494,-0.11289313591693226,0,1.6200354085785411,-0.09718356608699041,0
14.340999999997491,-0.8637858186615794,-0.6005046998556638,-0.029543784748927188,0,1.6183797603420338,-0.053900739742133386,0
14.36099999999748,-0.8625149281547999,-0.5947776237394127,0.05567417751578661,0,1.6164876165094022,-0.009692019423251708,0
14.380999999997469,-0.8629178926101736,-0.5888788722331818,0.13781639391494643,0,1.6167286048103107,0.03250507029904659,0
14.400999999997458,-0.8643921175929891,-0.5834206500286515,0.21232040062122592,0,1.6176869062088275,0.07189275776089765,0
14.420999999997447,-0.8673958932497294,-0.5789919798384657,0.2754819817140826,0,1.62027857621336,0.10519706971884535,0
14.440999999997436,-0.8696408129796861,-0.5746489762835056,0.3325011928393777,0,1.6223646934244973,0.1357397818471957,0
14.460999999997425,-0.8713049223426275,-0.5707120847418934,0.38302088183984845,0,1.6237461872018988,0.16251466952902605,0
14.480999999997413,-0.8725111274437898,-0.5666927059731637,0.42772212906070717,0,1.6247419610823843,0.18605576574407245,0
14.500999999997402,-0.8736646826359189,-0.5635741058186728,0.4614309674371452,0,1.625741857851451,0.20440933457976773,0
14.520999999997391,-0.8752118171660632,-0.5607065127424491,0.4862764188732521,0,1.62717084239972,0.21740727850725095,0
14.54099999999738,-0.874984670028682,-0.5586726364548401,0.4994897939317212,0,1.626888913163826,0.22525103193329232,0
14.56099999999737,-0.8760482405084149,-0.5571968641193974,0.5023066005459907,0,1.6278356752078618,0.2272502579242508,0
14.580999999997358,-0.8760772115547114,-0.5563211721798557,0.49485017413627436,0,1.6279294698274145,0.2244236680500027,0
14.600999999997347,-0.875703883262798,-0.5559175482464416,0.4773652951822865,0,1.62743943931198,0.21603887497611352,0
14.620999999997336,-0.8756926259858291,-0.5562694784976888,0.44978129394934474,0,1.6275537397627073,0.2024708021970376,0
14.640999999997325,-0.8745177554302629,-0.5570434298350757,0.4134659631668151,0,1.6263283390101946,0.18426783042951334,0
14.660999999997314,-0.8747055797460458,-0.558257874884255,0.36929403333470556,0,1.6265610076437658,0.1619152451145618,0
14.680999999997303,-0.8748162393473584,-0.5601507366620048,0.31664352601482165,0,1.6268027485163759,0.13499185952892545,0
14.700999999997292,-0.8743446201523992,-0.5622453751330181,0.258518585880074,0,1.6264816688181012,0.10532430553925454,0
14.72099999999728,-0.8734162347999077,-0.5644714418992715,0.19630714402445515,0,1.625663655660694,0.07406479986719061,0
14.74099999999727,-0.8719929808872376,-0.5661770457820594,0.13301799356663707,0,1.6243145608597724,0.04160559235300054,0
14.760999999997258,-0.8712623934160383,-0.5672378742998352,0.07063437940953968,0,1.62360524523327,0.010073096760876421,0
14.780999999997247,-0.8696691173884119,-0.5662859765716143,0.01579751202659345,0,1.6220918133713933,-0.017499573703519733,0
14.800999999997236,-0.8686628344064005,-0.5624128918735134,-0.025514246674510067,0,1.620819319155973,-0.03731073445087363,0
14.820999999997225,-0.8683198851877523,-0.5541482927492865,-0.0475366536391032,0,1.619999331727258,-0.046626059846401,0
14.840999999997214,-0.8695580084986204,-0.5442906957281218,-0.06074219445110751,0,1.620785905301513,-0.04973712897929605,0
14.860999999997203,-0.8705441341952287,-0.5373639461592594,-0.08568509028769354,0,1.621531429277885,-0.06040093981469852,0
14.880999999997192,-0.8718108752948243,-0.5298319289586889,-0.10564321640108294,0,1.6225477083700806,-0.06788607509215261,0
14.90099999999718,-0.8717337198425834,-0.5292376609380012,-0.15342133200961808,0,1.6224932956072755,-0.08939557599879144,0
14.92099999999717,-0.8704768662240311,-0.5411376572349371,-0.2541738855539034,0,1.6216779905027958,-0.1433907552017688,0
14.940999999997159,-0.871029432989267,-0.5507409581069668,-0.3388026499653502,0,1.6224859171339967,-0.18920188096926682,0
14.960999999997147,-0.8711525530170684,-0.5589481073741711,-0.4089199922332264,0,1.623086543454733,-0.22736773619876205,0
14.980999999997136,-0.8710429124921781,-0.5678324856110175,-0.47440998965645753,0,1.6233842402955956,-0.2625453691601176,0
15.000999999997125,-0.8725440630305312,-0.5780704967580236,-0.5370693499609698,0,1.6254062529114466,-0.29681963506902087,0
15.020999999997114,-0.8743340858174664,-0.5899905577211562,-0.6017822973837148,0,1.6279723941891566,-0.3332482952455247,0
15.040999999997103,-0.8759471854771477,-0.6023141493961821,-0.6626846032918693,0,1.6305343365197122,-0.34,0
15.060999999997092,-0.8760399968538864,-0.607411981367614,-0.6898393719406449,0,1.6309277012007068,-0.34,0
15.080999999997081,-0.8771652973790751,-0.6079643719659826,-0.6908650401080458,0,1.6322092545244247,-0.34,0
15.10099999999707,-0.8781894104733372,-0.6080444635420504,-0.6774952748360525,0,1.6331314701066457,-0.34,0
15.120999999997059,-0.8797855548870731,-0.6082251019026577,-0.6500692407833749,0,1.6348455948143397,-0.34,0
15.140999999997048,-0.879357165838778,-0.6085208522452635,-0.6085976592441735,0,1.6344556853873302,-0.34,0
15.160999999997037,-0.877699228249348,-0.609293181819759,-0.5602772047033867,0,1.6328504531955061,-0.32072952382656705,0
15.180999999997026,-0.8770497946728935,-0.6118845895670869,-0.5196808740206644,0,1.6323209192532135,-0.301126571952955,0
15.200999999997014,-0.8789303111039284,-0.6173443987713534,-0.49544633837062807,0,1.6346135336813123,-0.29026932988217635,0
15.220999999997003,-0.8808582852172032,-0.6252399930110911,-0.48398403173169324,0,1.6370805428216033,-0.2864320794476358,0
15.240999999996992,-0.8840514862519232,-0.6310126169126549,-0.459838774885587,0,1.6409252750422088,-0.2771021752569254,0
15.260999999996981,-0.8810648190181125,-0.6240444004922998,-0.3675978376895525,0,1.637721081302482,-0.23096767746446,0
15.28099999999697,-0.8774237731203355,-0.6163031354741109,-0.26726271954889763,0,1.6333000673233677,-0.17787546116142305,0
15.300999999996959,-0.8760638612941504,-0.6144358261251468,-0.19442396631692843,0,1.6317153356177145,-0.14065226109843376,0
15.320999999996948,-0.8740798162805917,-0.6066717852020999,-0.09743647633082089,0,1.6291048534784633,-0.09002358532045496,0
15.340999999996937,-0.87389347887809,-0.6031273954472156,-0.023430121645940667,0,1.6287220395646917,-0.052010725851650896,0
15.360999999996926,-0.8708878037446971,-0.596884055619938,0.05895443866305134,0,1.6251551661270742,-0.008075147815366446,0
15.380999999996915,-0.8667217984677844,-0.5919261078172232,0.13375471609578507,0,1.620894191637192,0.030264150301760218,0
15.400999999996904,-0.8655438029430925,-0.5860831559223186,0.20860180461770772,0,1.6189635576441845,0.06950196845824674,0
15.420999999996893,-0.8687992300718218,-0.5813506070836827,0.27470319991385206,0,1.6217635257665366,0.10462876028456236,0
15.440999999996881,-0.8720662774564705,-0.5773286673816732,0.33235857051783807,0,1.624911549361117,0.13486914823560747,0
15.46099999999687,-0.8722739713096476,-0.5721990929194591,0.3888391626121793,0,1.624841986377181,0.1645839623704346,0
15.48099999999686,-0.8742262981890682,-0.5683203383663958,0.43221521954265446,0,1.6265361823491649,0.18796598725160107,0
15.500999999996848,-0.8756715867576824,-0.5654452807912554,0.46346122851816274,0,1.627879133766437,0.20474483448486547,0
15.520999999996837,-0.8760554318999234,-0.5629639413195937,0.4856367489227626,0,1.628139333922098,0.21702259126966283,0
15.540999999996826,-0.8757152814211373,-0.5606608930032412,0.4998681914623327,0,1.627705595302216,0.22466706606825593,0
15.560999999996815,-0.8765630653375235,-0.5591552773051656,0.5026712328037276,0,1.6284640375129635,0.22690144982940863,0
15.580999999996804,-0.8763804309792728,-0.5585323953527982,0.49381912975049114,0,1.6283849050318315,0.22315714769814532,0
15.600999999996793,-0.8760216604979456,-0.5583347082916231,0.4759202622657872,0,1.627942012018117,0.21426996988291758,0
15.620999999996782,-0.8757225167401093,-0.5585721617191369,0.44936821582645087,0,1.6277108345366278,0.20095837917387005,0
15.64099999999677,-0.8748735084733748,-0.5594527244721077,0.41278857919756223,0,1.6268071374384072,0.1830077432388224,0
15.66099999999676,-0.8750821003482117,-0.5610837220511766,0.36656094249073395,0,1.6271060142577238,0.15950393203547364,0
15.680999999996748,-0.8750890087221818,-0.563482817397494,0.31126827035705096,0,1.6272576534914451,0.131409325131979,0
15.700999999996737,-0.8747374083138051,-0.5661032006608768,0.2510835985876353,0,1.6270113235655779,0.10086639261520425,0
15.720999999996726,-0.8742414145656567,-0.5690875690460795,0.1852359974170533,0,1.6266988837301346,0.06697036611036133,0
15.740999999996715,-0.8734013230068295,-0.5726526582795912,0.11377172670991917,0,1.626081054910852,0.03065234634485381,0
15.760999999996704,-0.8705040434548125,-0.5751707933174768,0.04488682449862001,0,1.6234620669124447,-0.0047655815301141935,0
15.780999999996693,-0.8696072727055283,-0.5769311921180046,-0.021390137684986453,0,1.6224656227652574,-0.03867290876343188,0
15.800999999996682,-0.8692852864773429,-0.5775494260761567,-0.08358987651518897,0,1.6222432029824667,-0.07054502650839067,0
15.82099999999667,-0.8697285928081058,-0.576228677073007,-0.13676999672539197,0,1.622608937651687,-0.0972364513712729,0
15.84099999999666,-0.8690834071341206,-0.5713472172628811,-0.17240550402036497,0,1.6217135883649845,-0.1134887780407996,0
15.860999999996649,-0.8684506338792071,-0.5609535697048929,-0.18077569246499572,0,1.6205032173952014,-0.11554744660698013,0
15.880999999996638,-0.8683831355947436,-0.5531656626463808,-0.197707395804061,0,1.62001093374149,-0.1212266917401068,0
15.900999999996626,-0.8700128985264935,-0.5463386398836056,-0.216350843582244,0,1.6212997965913962,-0.12800443924968796,0
15.920999999996615,-0.8723385302420344,-0.5412413778109157,-0.2389489617363508,0,1.62335640550889,-0.13764504447542691,0
15.940999999996604,-0.8734058841719785,-0.5443644679338859,-0.29474644981120857,0,1.6247050879757017,-0.16448277579243276,0
15.960999999996593,-0.8718114081274224,-0.5535009350974989,-0.3717975023154195,0,1.6235341312262046,-0.206326093971396,0
15.980999999996582,-0.8693814246202672,-0.5612965195563407,-0.4345043820149651,0,1.621580947170274,-0.24129177958954662,0
16.000999999996573,-0.8691518162880517,-0.5693272669109517,-0.4893792449728519,0,1.6214415738548833,-0.27096346902802204,0
16.020999999996597,-0.8716519525035177,-0.5787708680047594,-0.5420712628184592,0,1.6244969012035784,-0.29988908065742104,0
16.04099999999662,-0.8753362165073446,-0.5908196354118522,-0.5992643387652247,0,1.6288497154064507,-0.33189156333702186,0
16.060999999996646,-0.8794042668467986,-0.6065066937245902,-0.667414111075305,0,1.634127566326673,-0.34,0
16.08099999999667,-0.8821663892790135,-0.615720247097368,-0.7068711372476408,0,1.637702479453155,-0.34,0
16.100999999996695,-0.8842196106886878,-0.6200825651506596,-0.7223055748326626,0,1.6400931813893578,-0.34,0
16.12099999999672,-0.884098667249645,-0.6233421303173969,-0.7226295534149515,0,1.640433729386978,-0.34,0
16.140999999996744,-0.8843631993578157,-0.6271878796873598,-0.7104501298760005,0,1.6408744128152921,-0.34,0
16.16099999999677,-0.885068723220427,-0.6308016855419778,-0.6824166481178859,0,1.6419269925622506,-0.34,0
16.180999999996793,-0.8866079962657252,-0.6347140658661542,-0.6453072399873648,0,1.6438724532173594,-0.34,0
16.200999999996817,-0.8871186224144179,-0.6381297509331036,-0.5998486141790077,0,1.6447619414379488,-0.34,0
16.22099999999684,-0.883816158590308,-0.6322576984659368,-0.5050297197227498,0,1.641141898706913,-0.30178965064613616,0
16.240999999996866,-0.8821877968895354,-0.6278832243460302,-0.4183548622964223,0,1.6388375049347454,-0.25596106085928305,0
16.26099999999689,-0.8807791681234097,-0.6247530922007439,-0.3434063474151619,0,1.6373361447645038,-0.21817554861878508,0
16.280999999996915,-0.8753506460006492,-0.6208677720011537,-0.2697417147046838,0,1.6317133382092845,-0.17976316231033018,0
16.30099999999694,-0.8706353601944994,-0.6158954412619227,-0.19142223167721123,0,1.6264106087627845,-0.13914034826344968,0
16.320999999996964,-0.8690583444207289,-0.6109408440103921,-0.11025871609449754,0,1.6244819038843683,-0.09777259264763205,0
16.34099999999699,-0.867431268502854,-0.6055973502679787,-0.025871708413219056,0,1.6225388378419043,-0.05424257566345214,0
16.360999999997013,-0.864961607639432,-0.5999592377256988,0.05809466945028262,0,1.6193793880425222,-0.0099823415088236,0
16.380999999997037,-0.8651896472101236,-0.5944513610614323,0.13773017932704554,0,1.6190879202477693,0.03177142061950944,0
16.40099999999706,-0.8667173811589501,-0.5891904114375178,0.21106314311855645,0,1.6203557061720282,0.07051776986645897,0
16.420999999997086,-0.8675620743268104,-0.5836832362396375,0.2794802390573134,0,1.62077212892219,0.10628262091841956,0
16.44099999999711,-0.8706394269034091,-0.5792769088702304,0.3370344537145694,0,1.6234975342962739,0.1367152972989334,0
16.460999999997135,-0.8733856205402488,-0.5754990090221037,0.3862583754419813,0,1.6260950383404766,0.16298968751508647,0
16.48099999999716,-0.873164419191001,-0.5716677946317352,0.4295070865044521,0,1.6258090310795652,0.18552167040430034,0
16.500999999997184,-0.8740364060696147,-0.5683500203947829,0.4637439589338919,0,1.626332146591681,0.20413380305383932,0
16.52099999999721,-0.8757454618908349,-0.5657817670554052,0.4869101332485895,0,1.6279380095720948,0.2166196166318508,0
16.540999999997233,-0.8754308677830374,-0.5635520563594809,0.5011084565487177,0,1.6275995520642945,0.22445506426851436,0
16.560999999997257,-0.8750562765014379,-0.5615690643163465,0.5060963675166466,0,1.6271329334370377,0.22786516311407468,0
16.58099999999728,-0.8749900090532555,-0.5602432802726182,0.4999393845918746,0,1.6269981445950796,0.22540351852751983,0
16.600999999997306,-0.8757636611117667,-0.559642145588587,0.4835657371020479,0,1.6276440418006084,0.2180887089169925,0
16.62099999999733,-0.8763764118593852,-0.5592447985558816,0.45912388388027237,0,1.6282698474214519,0.20611432939452934,0
16.640999999997355,-0.8764697074564775,-0.5592842842168443,0.4262642908109638,0,1.6284086548057213,0.18966172602921172,0
16.66099999999738,-0.8762468116781434,-0.5598807181541507,0.38489429530212876,0,1.6282076171916957,0.16919398075146908,0
16.680999999997404,-0.8739186645171811,-0.5595342870756,0.3428205205111628,0,1.626006627874244,0.1482110310854594,0
16.70099999999743,-0.8722909653931619,-0.5581706243571677,0.3007193630870861,0,1.6241808075396031,0.12739941947589117,0
16.720999999997453,-0.8717907991088595,-0.5553217406855218,0.26119955039683024,0,1.6236014627207263,0.10805876067670894,0
16.740999999997477,-0.871414697947738,-0.5492409442075283,0.23320115342555336,0,1.6229312396043662,0.09535131476683989,0
16.7609999999975,-0.8715481084700064,-0.5386999091759193,0.22267461777728514,0,1.622603410881697,0.09328560178424716,0
16.780999999997526,-0.8727345810029454,-0.5301715628416158,0.2020864840757653,0,1.6234704513028742,0.08610020908365978,0
16.80099999999755,-0.8750251704281808,-0.5229400986162456,0.17381426287068472,0,1.6254906958898785,0.07453143741042045,0
16.820999999997575,-0.8772965778596709,-0.5136075350017992,0.15611004629963687,0,1.627628037569479,0.06829240336442854,0
16.8409999999976,-0.8764629962707201,-0.5142823031204097,0.0930122800311319,0,1.6269008311143398,0.03823945917076221,0
16.860999999997624,-0.8738028900356114,-0.5263323412085957,-0.021194595329117806,0,1.6246109016356203,-0.021201876612593873,0
16.88099999999765,-0.8714248216414431,-0.5365432702763783,-0.12274044610716585,0,1.6223781350581614,-0.07683657433745195,0
16.900999999997673,-0.8723864032304149,-0.5405226837344294,-0.18994375585171905,0,1.6234374764534991,-0.11189736399110606,0
16.920999999997697,-0.8740838996989239,-0.5427059297257554,-0.24262909760276252,0,1.6252407109051208,-0.139123935965902,0
16.94099999999772,-0.872591362360721,-0.5476732479352622,-0.30241162322874104,0,1.6241428674776663,-0.17019295114604516,0
16.960999999997746,-0.8726524713700382,-0.5531804237409796,-0.3594344492127285,0,1.6242296520692638,-0.20080759810442794,0
16.98099999999777,-0.8742269922836655,-0.5577234038861701,-0.40617053443898193,0,1.6260006644790947,-0.22584488320244978,0
17.000999999997795,-0.8754982407881182,-0.5616565921310954,-0.4437955905045442,0,1.627514273068898,-0.24628207940248648,0
17.02099999999782,-0.8761320087573615,-0.5654033172203701,-0.47150384114809823,0,1.6283484574961031,-0.2611734147917697,0
17.040999999997844,-0.8737795740819716,-0.5698417639314496,-0.49602319309732346,0,1.6264964141171152,-0.2745507837803083,0
17.06099999999787,-0.870721300245521,-0.5749066550786359,-0.5145005589742743,0,1.6234677724758275,-0.28590341722206114,0
17.080999999997893,-0.8723633634008569,-0.5810909537460968,-0.5307586999008783,0,1.625427128805512,-0.29633185536550877,0
17.100999999997917,-0.8738576699972589,-0.5895015751745292,-0.5503736192220673,0,1.6273968527214366,-0.3082766058992552,0
17.12099999999794,-0.8745006624613213,-0.6018361224046336,-0.5812900684486091,0,1.6289676008294691,-0.32653002489879634,0
17.140999999997966,-0.8758728629936609,-0.6149993334209806,-0.608925761880515,0,1.631258281678791,-0.34,0
17.16099999999799,-0.8794549867546947,-0.6246651224058504,-0.6154228233749738,0,1.635605299656083,-0.34,0
17.180999999998015,-0.8826728608724506,-0.6325154560865025,-0.6096317389372546,0,1.6395790772564829,-0.34,0
17.20099999999804,-0.8854587001877107,-0.6392710570215846,-0.5934767648680288,0,1.6429880941707173,-0.34,0
17.220999999998064,-0.8835975374818172,-0.635912247051853,-0.5200284594148237,0,1.6412551597897465,-0.31023175293989946,0
17.24099999999809,-0.8807790732707137,-0.6292677145643328,-0.42421251926666176,0,1.6376088290398714,-0.25970803093362793,0
17.260999999998113,-0.8801537295120474,-0.6275746341906956,-0.35239872560797436,0,1.6370285737409507,-0.22371531896850305,0
17.280999999998137,-0.8764328022472954,-0.6214318102849455,-0.2630606933602499,0,1.632744178936532,-0.1771738091284485,0
17.30099999999816,-0.8741363879835953,-0.6178717260734352,-0.18858590777007064,0,1.6302628726010289,-0.13926984215023497,0
17.320999999998186,-0.8709331742265083,-0.6126650987621565,-0.10712515197917723,0,1.6263510837210184,-0.0959721372653215,0
17.34099999999821,-0.8679686229378409,-0.6067393273157364,-0.022986141214241054,0,1.622974570642041,-0.05260941763701088,0
17.360999999998235,-0.866629358976468,-0.6014800491495449,0.05759010809193144,0,1.6214268195170856,-0.01092086356977462,0
17.38099999999826,-0.8668859419005874,-0.5963687203279407,0.13484261057619332,0,1.6209837162729845,0.0296406040059074,0
17.400999999998284,-0.8677607818892938,-0.5905838578304772,0.21098631612731455,0,1.6214227389858358,0.069467072540351,0
17.42099999999831,-0.8704927382097395,-0.5860528610333706,0.2758124215267582,0,1.6239783664945855,0.10329198144045093,0
17.440999999998333,-0.8704150530346605,-0.5809523661909244,0.3375048737810895,0,1.6235434190002156,0.1359142715105115,0
17.460999999998357,-0.8708886800001177,-0.5768038461372224,0.3884273901939978,0,1.6237374312438684,0.16324989886222951,0
17.48099999999838,-0.8711578918457892,-0.5730596700091625,0.43016062441825464,0,1.6238262389711862,0.18620018317268117,0
17.500999999998406,-0.8711118147184669,-0.5692858587978262,0.4661104836489773,0,1.6234829011945842,0.20460183143271138,0
17.52099999999843,-0.8737976572393199,-0.5663877626271885,0.4905968683294358,0,1.6259732563325247,0.21817065449250994,0
17.540999999998455,-0.8759331177255182,-0.56437053199925,0.5035847760572134,0,1.6280395096729632,0.2256626025366748,0
17.56099999999848,-0.8771314873894485,-0.5630831891868949,0.5054148259027972,0,1.6292056576782765,0.22732133335010918,0
17.580999999998504,-0.877653274176191,-0.5625808582945728,0.49580868096102587,0,1.6297264453628515,0.22298735848626494,0
17.60099999999853,-0.8767338899843011,-0.5626147899515737,0.4766140624748887,0,1.628844123700957,0.21372201365018983,0
17.620999999998553,-0.8765535140440242,-0.5630355282403385,0.44844832247683364,0,1.6286494701394825,0.19975787758661734,0
17.640999999998577,-0.8760675940750527,-0.5642168215819927,0.4103886063337986,0,1.6283285866571635,0.18014645431562593,0
17.6609999999986,-0.8748369123576591,-0.5658360340254421,0.3647919184402776,0,1.6271603902122702,0.15721921430490005,0
17.680999999998626,-0.8742091609479137,-0.5682069289859718,0.3101489160058891,0,1.6266029453721487,0.12953254845981133,0
17.70099999999865,-0.8737696679788751,-0.5709819576898372,0.24870242252386476,0,1.626367211567911,0.09778839342294954,0
17.720999999998675,-0.8724359453935514,-0.5739354632439589,0.18328317498106222,0,1.6251704921358399,0.06455653215323931,0
17.7409999999987,-0.8721678459507284,-0.5774520779667778,0.11197393878292519,0,1.625057037643135,0.028013312926917333,0
17.760999999998724,-0.8710122533650514,-0.5802758083652086,0.04168854508852412,0,1.624177587888625,-0.008542250227100423,0
17.78099999999875,-0.870353681726675,-0.5832017176323757,-0.030413695668577174,0,1.6237046327134066,-0.0454483854439649,0
17.800999999998773,-0.8705055042872202,-0.5852386552129504,-0.09897260082481005,0,1.6239101118156343,-0.08022295468661889,0
17.820999999998797,-0.8695347195513953,-0.5854602722387852,-0.1591859744096325,0,1.6230607722161399,-0.11007888010051192,0
17.84099999999882,-0.8650697651415789,-0.5831535195658443,-0.20609713431957286,0,1.618616894739888,-0.13377045824489286,0
17.860999999998846,-0.8626504632252805,-0.5759583906915194,-0.22858093510508762,0,1.6155363388309651,-0.14427129398189842,0
17.88099999999887,-0.8646649655996148,-0.5649584314876515,-0.23092259616259253,0,1.616875442652822,-0.1419300401176684,0
17.900999999998895,-0.8648864296761178,-0.5573126785693877,-0.24567549466236302,0,1.616836836339203,-0.1458189659536644,0
17.92099999999892,-0.864859221259255,-0.5504028956629547,-0.25958581947151804,0,1.6163030768787314,-0.15138822647564076,0
17.940999999998944,-0.8687802240482589,-0.5479958568150625,-0.2896349991719,0,1.619994413947223,-0.1650755992950621,0
17.96099999999897,-0.8707910433391688,-0.555071250566401,-0.35729034524685865,0,1.622410197284087,-0.19994583911781594,0
17.980999999998993,-0.8729342157798992,-0.5623420096726063,-0.41904137840112315,0,1.6248890274087835,-0.23353159105910293,0
18.000999999999017,-0.8746168561408476,-0.5683529094964878,-0.4657319554207962,0,1.6269931445727013,-0.2590864147554801,0
18.02099999999904,-0.8740390492849146,-0.5749485200666988,-0.5061840365593646,0,1.6268362457569356,-0.2814405218409999,0
18.040999999999066,-0.8729735908613716,-0.5830277481548186,-0.5451559969578897,0,1.6263140456958671,-0.30279430120264594,0
18.06099999999909,-0.8732849380444577,-0.5936214542251812,-0.5885151844415953,0,1.6271413206003185,-0.3281918426409489,0
18.080999999999115,-0.87608173736504,-0.608138752249686,-0.6431134952574828,0,1.6308088002832675,-0.34,0
18.10099999999914,-0.8797397758777188,-0.6215590263112166,-0.6917725839118276,0,1.6356404353889074,-0.34,0
18.120999999999164,-0.882360562619817,-0.6297613112910281,-0.7171516975102226,0,1.6390067782112474,-0.34,0
18.140999999999188,-0.8848567900433248,-0.6359390141111925,-0.7269082009874365,0,1.6421231577667421,-0.34,0
18.160999999999213,-0.8866739583907757,-0.6410562721266071,-0.7191286065035318,0,1.644563022938594,-0.34,0
18.180999999999237,-0.8879034853928747,-0.6437830554223256,-0.6811913982716377,0,1.6459860062311633,-0.34,0
18.20099999999926,-0.8871275390861891,-0.6430619980825938,-0.6135001867253227,0,1.6454315703080546,-0.34,0
18.220999999999286,-0.8833393379989771,-0.6359764990032386,-0.5062475211483359,0,1.6409167696095344,-0.3033420523071604,0
18.24099999999931,-0.8821177866101677,-0.6336156491974283,-0.4229757670492624,0,1.6394663564943506,-0.2602484311234936,0
18.260999999999335,-0.878854804662712,-0.6276795090517829,-0.3323747652129749,0,1.6355643147194934,-0.21318644200032955,0
18.28099999999936,-0.8769627785505691,-0.6249129645563732,-0.264465062287249,0,1.6336392671574416,-0.1784816810291716,0
18.300999999999384,-0.8737253794348376,-0.6204585551129791,-0.19023178083186967,0,1.6298350202145506,-0.13959251868642109,0
18.320999999999408,-0.8707236281758854,-0.6150417031006238,-0.10960626100363353,0,1.6263900896461891,-0.09790012671798487,0
18.340999999999433,-0.8679541982612289,-0.6100540794572938,-0.028312703684504212,0,1.6233447571848465,-0.05617380116461512,0
18.360999999999457,-0.8664900619513002,-0.6044408144059569,0.055855892336605456,0,1.6212850017386602,-0.012192409682306504,0
18.38099999999948,-0.8656799678211349,-0.5984278536361998,0.13913725281964667,0,1.6199082801100866,0.030698021488497318,0
18.400999999999506,-0.8675384936428578,-0.5930961505269544,0.21312805344049512,0,1.6214256930529247,0.07003153085598157,0
18.42099999999953,-0.869742584770191,-0.5879250413180978,0.2801697713843489,0,1.6232066199372845,0.10523727956992324,0
18.440999999999555,-0.8725562113905908,-0.5840319958017952,0.33503397270199325,0,1.6257749716084282,0.13429829461411424,0
18.46099999999958,-0.8725912552233256,-0.5792653291426001,0.38846311042536286,0,1.6255689670427742,0.1624469686097869,0
18.480999999999604,-0.8744200631545929,-0.5758910932949676,0.4292838648623991,0,1.627147690271621,0.18433192066985726,0
18.500999999999628,-0.8746579435384289,-0.5723804261980904,0.4645459784128875,0,1.6273589701390068,0.20281747194915667,0
18.520999999999653,-0.8750217709608513,-0.5694736258731391,0.4896367038276751,0,1.627418899453613,0.216844150675378,0
18.540999999999677,-0.8763882496622964,-0.5675353192613205,0.5021764532950161,0,1.6286726119470476,0.22411835603039654,0
18.5609999999997,-0.8768501847040288,-0.566363956756576,0.5033758107026053,0,1.6292269379721207,0.2249314647192926,0
18.580999999999726,-0.8765632543603751,-0.5652118778217446,0.4968889189549491,0,1.6287822813926593,0.22253197938149016,0
18.60099999999975,-0.8767656158630911,-0.5652100413118789,0.47782082693641353,0,1.6290562909548838,0.21349240621127374,0
18.620999999999775,-0.8761131063824795,-0.5657155545598832,0.44898011163211904,0,1.628413313124611,0.1987273456730707,0
18.6409999999998,-0.874669972384463,-0.5666543407492589,0.41211238000728745,0,1.6270937730611437,0.1803247439154545,0
18.660999999999824,-0.8736053036760912,-0.5680039263023434,0.36767853861802413,0,1.6260342076374672,0.15836318824781936,0
18.680999999999848,-0.8732244343266048,-0.5697405172682072,0.31583706405711903,0,1.6256748314826912,0.1320814121729954,0
18.700999999999873,-0.8733466372957988,-0.571938459434344,0.2571494294460899,0,1.6259127296233395,0.10200880962448178,0
18.720999999999897,-0.8720997092917051,-0.5740963653687624,0.19492021554756891,0,1.6248767825243768,0.07051492755560895,0
18.74099999999992,-0.8706309719509365,-0.5754027851374186,0.1337344699312164,0,1.6234719634901884,0.03883250334922672,0
18.760999999999946,-0.8695970981566674,-0.5762752970544331,0.0719998811011736,0,1.622540415200191,0.007732878405404486,0
18.78099999999997,-0.8689978359780216,-0.5750014256386596,0.01936990691373011,0,1.621849646789087,-0.01844952472743655,0
18.800999999999995,-0.8680182870318927,-0.5711898480358549,-0.02336166762869053,0,1.6207227463395595,-0.03949094191686453,0
18.820000000000018,-0.8664796917962452,-0.5632244991204371,-0.04380874464406392,0,1.618674152155019,-0.047579599690027674,0
18.840000000000042,-0.8683678873528182,-0.5535387272461569,-0.05743859838083451,0,1.6199146692480084,-0.050835539578988787,0
18.860000000000067,-0.870391986888033,-0.5469982849611684,-0.08456025766344696,0,1.6217247769312175,-0.062736931602144,0
18.88000000000009,-0.871834160227722,-0.539427003289069,-0.10414626851802047,0,1.6228924488220589,-0.07011665133274203,0
18.900000000000116,-0.8720828609068768,-0.5380160821104069,-0.14814098848054671,0,1.6230719967763398,-0.09021914946404919,0
18.92000000000014,-0.871029957842582,-0.5499413607846563,-0.2495242340124814,0,1.6226112296760986,-0.14391749818584687,0
18.940000000000165,-0.8701088999529224,-0.5597751098570489,-0.33525130802661995,0,1.6220458077244186,-0.1900237416374626,0
18.96000000000019,-0.871152287159702,-0.5677900608283252,-0.40480535692136027,0,1.6234918134682952,-0.22811635425910692,0
18.980000000000214,-0.8719067328577407,-0.5765025009272722,-0.4696930581156296,0,1.624714390062636,-0.263073705505513,0
19.000000000000238,-0.8723328582625285,-0.586619054490547,-0.5332020412959999,0,1.6257662640703416,-0.2975854889789036,0
19.020000000000262,-0.8736034244739428,-0.5983392584583922,-0.5967146401712835,0,1.6277467026806454,-0.3325212771959922,0
19.040000000000287,-0.8762238382123575,-0.6107959724610992,-0.6581527089951805,0,1.631324947360465,-0.34,0
19.06000000000031,-0.8786889286490915,-0.6160019431730522,-0.6860140526181261,0,1.634224579832466,-0.34,0
19.080000000000336,-0.8790030324923532,-0.6163587913934476,-0.6869090708753397,0,1.634754644713535,-0.34,0
19.10000000000036,-0.8795821819812117,-0.6164014208503726,-0.6737727511111226,0,1.635245561851432,-0.34,0
19.120000000000385,-0.8795576583259996,-0.6167286009130389,-0.6473306416129824,0,1.6352845538359697,-0.34,0
19.14000000000041,-0.8797186609040372,-0.6161852041390709,-0.6023250184355716,0,1.6354048848014304,-0.34,0
19.160000000000434,-0.8795916881600974,-0.615914115170425,-0.5487853425959446,0,1.6353266894433023,-0.3177907409618981,0
19.180000000000458,-0.8767035590097869,-0.6170535087072191,-0.5012778666201164,0,1.6325907058573255,-0.2939409742977206,0
19.200000000000482,-0.8768455690412934,-0.6208706787624206,-0.46934804302059313,0,1.6328220872183297,-0.2782261953910721,0
19.220000000000507,-0.8785421485041682,-0.6273121180752046,-0.45119321971233595,0,1.6350237623287536,-0.27096663022606826,0
19.24000000000053,-0.8827287479080754,-0.6358597373125406,-0.4405068887730809,0,1.6398664485531407,-0.26795555269366256,0
19.260000000000556,-0.8838268046368402,-0.636464423308464,-0.3866434326296512,0,1.6415028358043107,-0.243647527815247,0
19.28000000000058,-0.8788498143054773,-0.6266102083488078,-0.27672627475403505,0,1.6358079564753494,-0.18650415499852757,0
19.300000000000605,-0.8734804983776718,-0.6205927071675492,-0.18357932493047768,0,1.6300052528334508,-0.1378391403101591,0
19.32000000000063,-0.8698690144280601,-0.6178546826336225,-0.10920530971802879,0,1.6257949583435112,-0.09956250647163412,0
19.340000000000654,-0.8699114884506152,-0.6110010298251104,-0.018966194592790666,0,1.625101102141062,-0.05176229818851352,0
19.360000000000678,-0.8699572490187593,-0.6059197111424619,0.059343861284227355,0,1.6248611426714135,-0.011190337242071413,0
19.380000000000702,-0.8706864840796282,-0.6011018194936901,0.1330937652352007,0,1.6253526495666066,0.0270679311562656,0
19.400000000000727,-0.8688368958720345,-0.5951381672500425,0.20863453336838356,0,1.6229224389510537,0.06674067249356086,0
19.42000000000075,-0.871163185065385,-0.590240626397191,0.2749899055132395,0,1.6247938262051085,0.10190215273460179,0
19.440000000000776,-0.8735130803310371,-0.586265695497755,0.3320055423638013,0,1.626895928504097,0.13207965611047956,0
19.4600000000008,-0.8728054433085917,-0.5813724033341839,0.38765342033368894,0,1.625981661396017,0.16120465587864463,0
19.480000000000825,-0.8741488834198066,-0.5773611714441226,0.4321313793975129,0,1.6269796922221862,0.18516455095661466,0
19.50000000000085,-0.8757948813412547,-0.5744456924300465,0.46416432610078046,0,1.6284523298207336,0.20251767162809098,0
19.520000000000874,-0.8760786564038918,-0.57183263971421,0.48782835045409983,0,1.6288210927683016,0.21494604379598337,0
19.540000000000898,-0.875630119661919,-0.5695526288979964,0.5020500153901408,0,1.6280503088162206,0.2233442923776534,0
19.560000000000922,-0.8766335023399747,-0.5682310666503801,0.5041671131113716,0,1.6290010832083326,0.22471476117914224,0
19.580000000000947,-0.8761568173443542,-0.5673390262778581,0.4972137812038135,0,1.6285064406814747,0.2221172775588789,0
19.60000000000097,-0.8763821588824501,-0.5670715298042811,0.47995183610885694,0,1.6287163275005583,0.2136040804712005,0
19.620000000000996,-0.8755471348428421,-0.5674889824661322,0.45253211169928026,0,1.6279732636197373,0.1998936126363151,0
19.64000000000102,-0.8731803809985141,-0.568106063747192,0.4175271602745621,0,1.625692688982078,0.1828728214540145,0
19.660000000001045,-0.8721339618056572,-0.5689223024821383,0.37522358409455564,0,1.6245642303799606,0.1613162641797079,0
19.68000000000107,-0.8718828667182221,-0.5701368989852761,0.3258695060401412,0,1.6245019624738808,0.1368466656107843,0
19.700000000001094,-0.8712828965406114,-0.5710468758022162,0.2735945946328289,0,1.6238550622937942,0.1100638010555195,0
19.720000000001118,-0.8710380851687008,-0.5715068576439845,0.219135949865093,0,1.6235851310801326,0.082871937786404,0
19.740000000001142,-0.8710269767161132,-0.5709649711516872,0.16616500401461293,0,1.6235472919068117,0.056436209422296324,0
19.760000000001167,-0.870546742268743,-0.5683105141408678,0.12057242319716348,0,1.6230075692508303,0.03389131974831905,0
19.78000000000119,-0.8700151567724368,-0.5621792395260861,0.08966586407369145,0,1.622171073860942,0.020070273782707204,0
19.800000000001216,-0.8699847677357468,-0.5516848643698969,0.07726211091483406,0,1.6215804427573464,0.017082982568353833,0
19.82000000000124,-0.8695652506842857,-0.5438080489134719,0.05352900611256873,0,1.6207736475702932,0.007646529008416891,0
19.840000000001265,-0.8723079560126341,-0.5362091899231991,0.028518518797830062,0,1.6232137803816769,-0.0027994391462087265,0
19.86000000000129,-0.874618130364299,-0.5283661053018684,0.0069755848167658025,0,1.6252643172425576,-0.01032100095432642,0
19.880000000001314,-0.8743416257746669,-0.5343480809897289,-0.07566129421719463,0,1.6253099463094414,-0.05169128922340893,0
19.900000000001338,-0.8717781405989863,-0.5475647199444029,-0.18772954170857487,0,1.6231966332077392,-0.11248801428430788,0
19.920000000001362,-0.8721192510248504,-0.5549685243847677,-0.26712983543251123,0,1.623771815945351,-0.1551755974562825,0
19.940000000001387,-0.871763238592709,-0.5602951412135961,-0.3296135145500993,0,1.6237981230059173,-0.18810104221288748,0
19.96000000000141,-0.8724234904822289,-0.5660845590338227,-0.3874988843230876,0,1.6246165237513635,-0.21908465214286954,0
19.980000000001436,-0.8722855336282044,-0.573412739810062,-0.4457282558813336,0,1.6249750611890073,-0.25039665910333,0
20.00000000000146,-0.8726046189910677,-0.582444408850111,-0.5052881803730052,0,1.625732836704665,-0.28222151240081894,0
20.020000000001485,-0.8745490849038539,-0.5940886537320281,-0.5699007410021898,0,1.6283486915915626,-0.3181212476151285,0
20.04000000000151,-0.8775527577756763,-0.6081406221097825,-0.6380663234576448,0,1.6324289880420766,-0.34,0
20.060000000001533,-0.87811700409311,-0.6188170771619952,-0.6890448497216477,0,1.6339019476482326,-0.34,0
20.080000000001558,-0.8801603135927045,-0.622430332502748,-0.7059318409560683,0,1.636213073669682,-0.34,0
20.100000000001582,-0.8817722411501132,-0.623972098698822,-0.7052130444847493,0,1.6379955394663073,-0.34,0
20.120000000001607,-0.8825905118192768,-0.6255314705103955,-0.6897665846854619,0,1.6390572313145362,-0.34,0
20.14000000000163,-0.8834721707868841,-0.6285421630504299,-0.6664127517703589,0,1.6401000682426734,-0.34,0
20.160000000001656,-0.8836004553018226,-0.63220757716881,-0.6352049368901467,0,1.6406969118297765,-0.34,0
20.18000000000168,-0.8827521448529178,-0.6371552987934083,-0.6041086382343654,0,1.640270930062598,-0.34,0
20.200000000001705,-0.884345030602818,-0.6418251251819901,-0.568030374365523,0,1.642234401242735,-0.3342874748111466,0
20.22000000000173,-0.8844558777811666,-0.6428398556710633,-0.5137848629012088,0,1.6426864207819614,-0.308566314571199,0
20.240000000001753,-0.8815584054580458,-0.636090223236365,-0.42245623251522896,0,1.6390611925157492,-0.2608002529296529,0
20.260000000001778,-0.881120677912903,-0.6340948884950791,-0.35472502520532306,0,1.6384509765616457,-0.2263443475986986,0
20.280000000001802,-0.8775522339393872,-0.6284575208126455,-0.2708808349575982,0,1.6346088353101862,-0.18314867795598788,0
20.300000000001827,-0.875513569005116,-0.6244521088628138,-0.19344350054677514,0,1.6321123143251968,-0.14371497101324726,0
20.32000000000185,-0.8735826800020192,-0.6193678825021475,-0.11038970115974649,0,1.629767619896425,-0.10036076486188428,0
20.340000000001876,-0.8679692823054177,-0.6137482221841651,-0.02572188610012199,0,1.6236572612205336,-0.05579035790774456,0
20.3600000000019,-0.8644457282175844,-0.60846093660908,0.05562029718035554,0,1.6196095951320582,-0.013545484921937412,0
20.380000000001925,-0.8644202816249915,-0.6031631959819468,0.1336015879639422,0,1.6191669871449803,0.026697162604867763,0
20.40000000000195,-0.8653895791054008,-0.5978094214090632,0.208224777923187,0,1.6195927927949623,0.06583135502564774,0
20.420000000001973,-0.8684635999108792,-0.5931530727198466,0.2736320184937923,0,1.622306447738729,0.10068697757196143,0
20.440000000001998,-0.8700189583756854,-0.5882252168729422,0.3347934195211372,0,1.6234773217917353,0.1329901525789816,0
20.460000000002022,-0.8725786494325697,-0.584107596245823,0.3858670890409271,0,1.6258257603238508,0.15936475286903007,0
20.480000000002047,-0.8730813157984401,-0.5804528956657423,0.4291404784768643,0,1.6261932799024137,0.18228289458242442,0
20.50000000000207,-0.8740457951580344,-0.5770137359988974,0.4637636386874567,0,1.626864762407417,0.20126597763277387,0
20.520000000002096,-0.8743920444308458,-0.5742548239185761,0.4880419311808938,0,1.6271474516529534,0.2144532521034761,0
20.54000000000212,-0.8754760732093462,-0.5717943610202291,0.5036703956915427,0,1.6280195287762016,0.2231842072139636,0
20.560000000002145,-0.8767573449251969,-0.5704301556530401,0.506048226313298,0,1.6292382400149024,0.22515847166816405,0
20.58000000000217,-0.8773975164821454,-0.5697220906700503,0.4977380596366908,0,1.6298875375220787,0.22138295262220353,0
20.600000000002193,-0.8753726106164145,-0.5691309544054942,0.4821150334956549,0,1.6279278805497306,0.21377800104017908,0
20.620000000002218,-0.874566147396878,-0.5692083181187162,0.4560010575565524,0,1.626990671218026,0.20130929521670415,0
20.640000000002242,-0.875234247822424,-0.5699505912971429,0.4200595096226512,0,1.6277086301572246,0.18323323257135615,0
20.660000000002267,-0.8752770503202932,-0.5711542841190379,0.37605463730519534,0,1.627846662340073,0.16119717996167404,0
20.68000000000229,-0.8742422265204979,-0.5728004239672907,0.32480624116232093,0,1.6269565014050202,0.13547807427379044,0
20.700000000002316,-0.8733274835571955,-0.5740561092711927,0.27056057232110936,0,1.6261021981624915,0.10774421659733502,0
20.72000000000234,-0.8728696142806248,-0.5753770692597124,0.21262992581198625,0,1.6257508705208175,0.0782937940074544,0
20.740000000002365,-0.8685473104016751,-0.5748192742771039,0.16054151084079193,0,1.6216628395415826,0.05117715985986315,0
20.76000000000239,-0.8641154268266786,-0.5721955994294571,0.11497339365486275,0,1.6168907117346294,0.02993248743500554,0
20.780000000002413,-0.8627861576272317,-0.5664078491381271,0.08197869184388511,0,1.6150855371372814,0.014825311918909678,0
20.800000000002438,-0.8659468047170963,-0.5553527093069018,0.0715063779449545,0,1.617592057333886,0.01226905462420147,0
20.820000000002462,-0.8687166022830688,-0.5469646535883653,0.04975772527579829,0,1.6200861205366912,0.0052716611740537545,0
20.840000000002487,-0.8702581732072342,-0.5387073465789376,0.0279074380419815,0,1.6212046838137169,-0.003605916731808767,0
20.86000000000251,-0.8720954195794043,-0.5310843303016906,0.005441844782953515,0,1.6228996721680538,-0.011496782930081384,0
20.880000000002536,-0.8717503449747375,-0.5364307463381177,-0.07409132258675079,0,1.6227176537065326,-0.05140365103881783,0
20.90000000000256,-0.8711673016506335,-0.5499837536777085,-0.18776072953121747,0,1.6226555066898976,-0.11267854137506683,0
20.920000000002585,-0.8715567273170176,-0.5577276268100191,-0.2685378441462012,0,1.6234432453979142,-0.15636217307838995,0
20.94000000000261,-0.8718059564656552,-0.5634065153377616,-0.3330634145622632,0,1.6238793401455833,-0.1904926436482468,0
20.960000000002633,-0.8715813998156258,-0.5690675049201732,-0.3899458961779326,0,1.623998692372904,-0.2208735417220442,0
20.980000000002658,-0.8720127448880304,-0.5765389568608863,-0.44856921719581294,0,1.6248519645318702,-0.2520444639294266,0
21.000000000002682,-0.8730930966984588,-0.5858453407916122,-0.5093090715303132,0,1.6264010067885535,-0.28510180711722444,0
21.020000000002707,-0.8741709840786802,-0.5974659890258883,-0.5739823399763736,0,1.6283255180039844,-0.32102277815406,0
21.04000000000273,-0.8763701313847885,-0.6117895371494906,-0.6437959157895032,0,1.631429971568996,-0.34,0
21.060000000002756,-0.8788815186860828,-0.6211556630963277,-0.688656747626465,0,1.6348681676236119,-0.34,0
21.08000000000278,-0.8807617134908471,-0.6241557573507137,-0.703404500246914,0,1.6370400726925867,-0.34,0
21.100000000002805,-0.8813338780496058,-0.6252655853220062,-0.6998446120538722,0,1.6377924551080953,-0.34,0
21.12000000000283,-0.8817821462551473,-0.6267832576778647,-0.6827299502955566,0,1.638336926011949,-0.34,0
21.140000000002853,-0.8823718911296276,-0.6295344284288116,-0.6571913661918065,0,1.639151446400613,-0.34,0
21.160000000002878,-0.8826140927712175,-0.6331979016768546,-0.6254695544079549,0,1.6397837132231208,-0.34,0
21.180000000002902,-0.8832965529810209,-0.6383642774916363,-0.5954244304553654,0,1.6409010493305383,-0.34,0
21.200000000002927,-0.885002814012442,-0.6434151914689116,-0.5618723906306373,0,1.6430439031280801,-0.3312877225046993,0
21.22000000000295,-0.8842929547736348,-0.6456346638022213,-0.5151619044382211,0,1.6427755294779993,-0.3097873618826559,0
21.240000000002976,-0.8809690189063166,-0.6382148072474609,-0.4222286928898334,0,1.6387911030309716,-0.26160259014324505,0
21.260000000003,-0.8791037757225921,-0.6354671650473342,-0.3509244890651863,0,1.6365508783101101,-0.22440258258713253,0
21.280000000003024,-0.8772121699931806,-0.631174244633119,-0.2728754978343668,0,1.6343333776676228,-0.18470312407773637,0
21.30000000000305,-0.875912808068154,-0.6270027785032826,-0.19381505054979886,0,1.6326525604991187,-0.1441806008562192,0
21.320000000003073,-0.872930846029244,-0.6209902030635899,-0.10627830595416413,0,1.6292022421493157,-0.09871330733226236,0
21.340000000003098,-0.8722803416261722,-0.6157212464772088,-0.02319060313732544,0,1.6279654786325535,-0.05542801513051443,0
21.360000000003122,-0.8699488286904643,-0.6107015060528705,0.05670840927664706,0,1.625443863563497,-0.013738422894585378,0
21.380000000003147,-0.8673974578616854,-0.6053788026485558,0.13415746463185152,0,1.6222158629583447,0.026978819221544548,0
21.40000000000317,-0.8675292408737191,-0.5997744037653783,0.2088078527574585,0,1.621916483668294,0.06553595656794542,0
21.420000000003196,-0.8702739037257708,-0.5950374050765179,0.2746186479042487,0,1.6241991687347326,0.10035680376574385,0
21.44000000000322,-0.871241154946581,-0.5902703246274131,0.3350079106663918,0,1.624984642585791,0.13184308364691266,0
21.460000000003244,-0.8732109097158804,-0.5858882060557397,0.38791157122454656,0,1.6265798971962002,0.16005371807154223,0
21.48000000000327,-0.8746208949162293,-0.5824896667948057,0.4294716745701042,0,1.6278911220220904,0.1824274830009971,0
21.500000000003293,-0.8743688991438683,-0.5786871727819948,0.4660653392041617,0,1.6273307690789558,0.20178166144347554,0
21.520000000003318,-0.8758089184882509,-0.5760547966712068,0.48953168050587975,0,1.6285805058174438,0.21475932050800672,0
21.540000000003342,-0.8767891838483515,-0.5745292514920565,0.5002553194028021,0,1.6295403567807445,0.2213454413237581,0
21.560000000003367,-0.8758757872337241,-0.5726800277154207,0.5053872033218808,0,1.62849852578564,0.2242399867202225,0
21.58000000000339,-0.8766176124637451,-0.5718771242874932,0.49754280902825404,0,1.6291532602841026,0.22107711228478388,0
21.600000000003416,-0.8761298989434123,-0.5714135130979535,0.48100123502314657,0,1.6288425941952691,0.21245661362072088,0
21.62000000000344,-0.8749523066033754,-0.5710720411881944,0.4571312542046536,0,1.627492439008219,0.2012961792416219,0
21.640000000003464,-0.8754061873164158,-0.571675338149622,0.42195784530429187,0,1.627981962809835,0.18365278397858775,0
21.66000000000349,-0.8751114427019806,-0.5729951110720771,0.37709472023173723,0,1.6278368145408806,0.1613219830789363,0
21.680000000003513,-0.8732883073388665,-0.5738278751190234,0.330456862802791,0,1.6260603205414395,0.137790088260898,0
21.700000000003538,-0.8727722611090448,-0.5749869120217155,0.2762644691252031,0,1.6255603186316177,0.11072275883936822,0
21.720000000003562,-0.8694776247206961,-0.5747095775967629,0.2255863756405382,0,1.6224349380886356,0.08455285500271392,0
21.740000000003587,-0.8686167965419171,-0.573067085564125,0.177846882169674,0,1.6212318570067283,0.06141502506503649,0
21.76000000000361,-0.8688977036418435,-0.5687455265533238,0.13993352732835365,0,1.6214327501178418,0.04289759251806369,0
21.780000000003636,-0.8661576983912846,-0.5612061543582173,0.11466084386507824,0,1.618393441502331,0.033287369457126736,0
21.80000000000366,-0.863439047665959,-0.5509539595590387,0.10100096530639664,0,1.6149913065464012,0.029450881255045136,0
21.820000000003684,-0.8660811346298697,-0.5433627393085954,0.07483304576104649,0,1.6170756085446758,0.01784972115050043,0
21.84000000000371,-0.8705784223276118,-0.5343524532140392,0.0559905745322489,0,1.6212619332305984,0.01126013900493339,0
21.860000000003733,-0.8737751306581277,-0.5308269665615728,0.015467788360832383,0,1.624517047636168,-0.006207857366036462,0
21.880000000003758,-0.8713045082704758,-0.5411131779980178,-0.0871285504544301,0,1.622604748905159,-0.059359430044411576,0
21.900000000003782,-0.8702282029273957,-0.5530826795102586,-0.19287594459465013,0,1.6218051803281983,-0.1166481076785777,0
21.920000000003807,-0.8717936990379425,-0.5590212366365119,-0.2652419813199267,0,1.6236133881733852,-0.15538525158780025,0
21.94000000000383,-0.8723312438314992,-0.5636229371188443,-0.32444552007698696,0,1.624479676340306,-0.18627171487769512,0
21.960000000003856,-0.8717046748409049,-0.5691291660749455,-0.3808153399985389,0,1.624175235047052,-0.21588133850072255,0
21.98000000000388,-0.8720522593695375,-0.5755657229384908,-0.43529539481635016,0,1.6248118497865942,-0.24595058696200733,0
22.000000000003904,-0.8728663695339106,-0.5834054291936773,-0.48940589684496033,0,1.6260287373977902,-0.27514283577327614,0
22.02000000000393,-0.8743937101180286,-0.5931757536899528,-0.5455715148643079,0,1.6282145106787629,-0.30570443391367474,0
22.040000000003953,-0.8758131592198457,-0.6060518485834944,-0.6089584508373993,0,1.6305764600840467,-0.34,0
22.060000000003978,-0.8783993297863029,-0.6208801960605597,-0.6752616124259253,0,1.634293982556489,-0.34,0
22.080000000004002,-0.8808779618406559,-0.6283731898065192,-0.7089919513067054,0,1.6375613090128565,-0.34,0
22.100000000004027,-0.8818091277844564,-0.6321039085628188,-0.7212050323024485,0,1.6387803062277784,-0.34,0
22.12000000000405,-0.8824116688369698,-0.6348756111639093,-0.7173545409555094,0,1.6396560670587748,-0.34,0
22.140000000004076,-0.8836496097423038,-0.6380291493631329,-0.6998825025124326,0,1.6411497543802247,-0.34,0
22.1600000000041,-0.8862167930125083,-0.6418684295266429,-0.6717243603971055,0,1.644046487730689,-0.34,0
22.180000000004124,-0.8872178369850888,-0.6460749617040966,-0.6361876995962698,0,1.6456005342880506,-0.34,0
22.20000000000415,-0.8866264265573831,-0.6494979917439212,-0.592213527629135,0,1.6453817592463984,-0.34,0
22.220000000004173,-0.8825086486682172,-0.6465756687010036,-0.5136409539503958,0,1.6412970743518362,-0.3102446004626769,0
22.240000000004198,-0.8792738895751668,-0.6397228911726098,-0.4159700052565784,0,1.6370927990969726,-0.25881768924720294,0
22.260000000004222,-0.8795021922439903,-0.638523713947907,-0.3497146143979189,0,1.6373294944971157,-0.2254685082712764,0
22.280000000004247,-0.8774588980417838,-0.6323544537955187,-0.26400873012567455,0,1.6346593963933242,-0.18079070734806701,0
22.30000000000427,-0.876464751763255,-0.6291706377637414,-0.19292943868304963,0,1.633513835835845,-0.1445864678121911,0
22.320000000004296,-0.8736663770260638,-0.6241392895878409,-0.11210518874776011,0,1.6301611530985436,-0.10203059652693969,0
22.34000000000432,-0.8696576299904631,-0.6179673052015975,-0.025685813318440227,0,1.625752153937349,-0.05773628708570011,0
22.360000000004344,-0.8671851405202134,-0.6128669767617233,0.055075489773435495,0,1.622929216638728,-0.015772791692177268,0
22.38000000000437,-0.8657157008086969,-0.6072204222721787,0.13566425555142045,0,1.6207217041966373,0.026432159419101264,0
22.400000000004393,-0.866534343307743,-0.601497084046043,0.211556630362807,0,1.621025893086826,0.06629984357992158,0
22.420000000004418,-0.8697612739115597,-0.5964228366293617,0.27867732557470726,0,1.6237596423114204,0.10198071409434095,0
22.440000000004442,-0.872776718657685,-0.5922890370758155,0.33519739991020575,0,1.626590425684705,0.1315272151522191,0
22.460000000004467,-0.8731391408120625,-0.5878609979622442,0.38789115457301876,0,1.6267461308372442,0.15943346356131283,0
22.48000000000449,-0.8742668206759838,-0.5840591261064523,0.43111996084700643,0,1.627511860536022,0.18266824998747055,0
22.500000000004515,-0.8755544751469428,-0.5812413278708508,0.46288532537995003,0,1.6286505823280375,0.19979896072679004,0
22.52000000000454,-0.8753237152587932,-0.5782205060986653,0.4891511258672299,0,1.6283027411369697,0.2139742556333537,0
22.540000000004564,-0.8740434156217297,-0.5758065040793473,0.5043887128328014,0,1.6268769666259524,0.2224844217750115,0
22.56000000000459,-0.8751542614627021,-0.5740582667660539,0.508519567506465,0,1.6277901757461424,0.22546344445219413,0
22.580000000004613,-0.8764794491751472,-0.5731791793357226,0.5009179530530907,0,1.6290870142013774,0.22224250120461342,0
22.600000000004638,-0.8771345318847013,-0.5730095397762338,0.48267451480734286,0,1.629765145728537,0.21343174439767942,0
22.620000000004662,-0.8772164638403791,-0.5735272669203046,0.4542767003911033,0,1.6299038916431285,0.1992792588023362,0
22.640000000004687,-0.8769236925134092,-0.574716415330149,0.416327498513849,0,1.629701736157802,0.18009710876696028,0
22.66000000000471,-0.8764410231423215,-0.5767400006711062,0.36861715237293674,0,1.6293616418606003,0.15570985587997188,0
22.680000000004735,-0.8751380530547607,-0.57918277921438,0.3140853546018218,0,1.628231045046688,0.12823108928424043,0
22.70000000000476,-0.8733921127352141,-0.5818307443895769,0.25423557467429053,0,1.6266393667121957,0.09717946402872579,0
22.720000000004784,-0.871974163729563,-0.5847462655025828,0.18898860230647038,0,1.625397532878516,0.06371260737563866,0
22.74000000000481,-0.8701368457418094,-0.5877527006988723,0.12020568761727245,0,1.6238115142779588,0.028549489326855193,0
22.760000000004833,-0.8703764744226671,-0.5909024785884114,0.04872868513556748,0,1.6240725534338494,-0.00785279638654468,0
22.780000000004858,-0.8705388192410318,-0.5934804215259599,-0.022237998111363337,0,1.6245133729923784,-0.04393774448728549,0
22.800000000004882,-0.8699502511861404,-0.5946756490371075,-0.08705757047632653,0,1.623996317300357,-0.07759705186868904,0
22.820000000004907,-0.869589658155847,-0.5944452759700074,-0.14498256578899785,0,1.6236160162772288,-0.10624128620657558,0
22.84000000000493,-0.8690390990275013,-0.5910003028059913,-0.18668668204652797,0,1.6228918355488715,-0.1267262609025761,0
22.860000000004955,-0.8684042295888813,-0.5829647482715934,-0.20567173290138666,0,1.6217530603087735,-0.13482315785095933,0
22.88000000000498,-0.8688570724477269,-0.5736072355914511,-0.21579966420516147,0,1.6215222677944026,-0.13597405145957486,0
22.900000000005004,-0.8708265709778945,-0.5667413060667901,-0.23423681578483901,0,1.6230401048631398,-0.14377447120450482,0
22.92000000000503,-0.8731835277533204,-0.5609565639970243,-0.2535442599001867,0,1.62509285882876,-0.1510729633419312,0
22.940000000005053,-0.8749977030740761,-0.5590605457583807,-0.2860988004124015,0,1.6269498316474316,-0.16613672514503874,0
22.960000000005078,-0.8725239204279155,-0.5660026220420706,-0.35353195684636585,0,1.6249631319020983,-0.2008849337330214,0
22.980000000005102,-0.8696689907397696,-0.5728333689057142,-0.4127205429557306,0,1.6223938239590765,-0.23431438504665825,0
23.000000000005127,-0.867389487872762,-0.5798189591918514,-0.4638028660226862,0,1.620459155586499,-0.2613119397669148,0
23.02000000000515,-0.8697311766952881,-0.5873886792097117,-0.5091940023327115,0,1.6231731809037802,-0.2865397300690631,0
23.040000000005175,-0.872737405726759,-0.5962165589371681,-0.5516665386249641,0,1.626681572576948,-0.31011338944424627,0
23.0600000000052,-0.8751312835809322,-0.6080230159232191,-0.6020245597228935,0,1.6300276406674905,-0.3389280048875247,0
23.080000000005224,-0.8783158124011555,-0.6235486221084359,-0.6627460715997706,0,1.6343475495076034,-0.34,0
23.10000000000525,-0.8805982376680225,-0.6344938655397052,-0.7040218804162715,0,1.637734469893544,-0.34,0
23.120000000005273,-0.8830104508894492,-0.6416015350039885,-0.7266426600027263,0,1.6409095610180342,-0.34,0
23.140000000005298,-0.883984544320781,-0.6430803146840797,-0.7032733907734483,0,1.642087485243784,-0.34,0
23.160000000005322,-0.883570079542206,-0.643178460226029,-0.6592548416731392,0,1.6416872646839575,-0.34,0
23.180000000005347,-0.8845545703311848,-0.645817681015811,-0.6187956080695297,0,1.6428803396727496,-0.34,0
23.20000000000537,-0.8846867685959909,-0.6493958913075228,-0.5769803749280674,0,1.643449728755121,-0.34,0
23.220000000005395,-0.8833976176721356,-0.6495845321549789,-0.5155477816995305,0,1.6424229748375334,-0.3120559211073308,0
23.24000000000542,-0.8791143954848647,-0.643037657578941,-0.4207958292852495,0,1.6373731826457267,-0.26255453942063167,0
23.260000000005444,-0.8788603157488352,-0.6407416748938359,-0.3502298425928945,0,1.636823701450553,-0.22640669277335634,0
23.28000000000547,-0.8769746926024522,-0.6352635084054685,-0.26738756245687034,0,1.6345561267525197,-0.18346707113413063,0
23.300000000005493,-0.8736962105865341,-0.6308568188887643,-0.1898886179834593,0,1.630938987256107,-0.14339603135791035,0
23.320000000005518,-0.870535839230987,-0.6260706199956153,-0.10961021846161134,0,1.627305791610186,-0.1021101535563238,0
23.340000000005542,-0.868825290567869,-0.6207490334710675,-0.026545455915677103,0,1.6249493190418862,-0.05838341413825954,0
23.360000000005567,-0.8658597842595522,-0.6150165251681164,0.05714710574088275,0,1.6216513885798258,-0.015331972471583688,0
23.38000000000559,-0.8649576674143362,-0.6096184837196862,0.136362596153706,0,1.6202900082896659,0.02623587404689398,0
23.400000000005615,-0.8669926408259762,-0.604378577342755,0.2102644269092164,0,1.6216768616236799,0.06465436913105949,0
23.42000000000564,-0.8684699111466301,-0.5992674728572605,0.2777982636681341,0,1.6227629097109655,0.10033577185864839,0
23.440000000005664,-0.8711823427577479,-0.5951870826113512,0.33463080275416124,0,1.6251643118538042,0.13093948951530354,0
23.46000000000569,-0.8720951884759615,-0.5908855692764514,0.3865555632440152,0,1.625872093433276,0.1576495103260509,0
23.480000000005713,-0.8731125492214384,-0.5869731528546301,0.4312182216822082,0,1.6265869423095194,0.1815058922239121,0
23.500000000005738,-0.8725707852292266,-0.5837203032692876,0.46607956169838505,0,1.6258754149642862,0.2006056871380002,0
23.520000000005762,-0.8722641062405818,-0.5808345800539719,0.4907093317883148,0,1.625369280518149,0.21422649657730952,0
23.540000000005787,-0.8729081344399061,-0.5777758394045581,0.5086062107623243,0,1.6257573575867807,0.22386318430435592,0
23.56000000000581,-0.8747060756184538,-0.5757286996980128,0.5141114842104563,0,1.6275571117306071,0.22703438359769268,0
23.580000000005835,-0.874391989828618,-0.5741033049884035,0.5101474288492016,0,1.6270930348930828,0.22599339803060836,0
23.60000000000586,-0.8744018682710961,-0.572458596611589,0.4989287143929159,0,1.626989881317637,0.2215108828800192,0
23.620000000005884,-0.8741738957625163,-0.5705881121102556,0.4820387410137038,0,1.6267742605003164,0.2136341290453716,0
23.64000000000591,-0.8740659882838676,-0.5682722495018968,0.4600603191292424,0,1.6264446780203452,0.20354198128445034,0
23.660000000005933,-0.8739334287676018,-0.5648177870144665,0.4375615009787223,0,1.626219589729262,0.19271047580724443,0
23.680000000005958,-0.8731744662243643,-0.5591484993447565,0.4195571896981288,0,1.6251560741223232,0.18563834607295804,0
23.700000000005982,-0.8731923973789589,-0.5495121911613189,0.41496989761119996,0,1.624730057170455,0.18647395852455695,0
23.720000000006007,-0.8727266882473202,-0.5378273982389886,0.4159654064581906,0,1.623764923012173,0.1905975979124248,0
23.74000000000603,-0.8749257737549933,-0.5293016928683721,0.39812820183906894,0,1.6255247767986303,0.1840807099180335,0
23.760000000006055,-0.8778652002093028,-0.5195391915301735,0.38372680680016935,0,1.6281549659092456,0.17977985570186217,0
23.78000000000608,-0.8809686924462761,-0.5134310235864445,0.35115058249996645,0,1.6312691081830533,0.16684476362103373,0
23.800000000006104,-0.8791789461961288,-0.5192529311759846,0.26090159390016987,0,1.6297773938952511,0.12132325620075468,0
23.82000000000613,-0.8759282029667654,-0.5319142336719443,0.13852745128660582,0,1.6268758546542685,0.0560274333966877,0
23.840000000006153,-0.8719360063015582,-0.5376550323536,0.05310899053527714,0,1.6231391822830228,0.01039432799918516,0
23.860000000006178,-0.8703345337342618,-0.5398269489625837,-0.011914294012771623,0,1.6214567148204713,-0.022679454894371398,0
23.880000000006202,-0.8688045198207186,-0.5478163807770949,-0.10053465299146465,0,1.6201888665557242,-0.06936139861980872,0
23.900000000006226,-0.8707870242853147,-0.5515032382869017,-0.1652226176928371,0,1.6222678990385047,-0.10313111576063472,0
23.92000000000625,-0.8703931372363278,-0.5576998829745851,-0.23737561454663572,0,1.622236880074634,-0.14065441920010202,0
23.940000000006275,-0.872105141498658,-0.5631355213468334,-0.3015292268540156,0,1.6241352687952284,-0.1746996362723523,0
23.9600000000063,-0.8739213102661042,-0.5675970973835166,-0.3546966682482045,0,1.6261931167056134,-0.20300847268599842,0
23.980000000006324,-0.8752538560509643,-0.5713049501177455,-0.3974430541009012,0,1.6277465931818618,-0.22583341694836112,0
24.00000000000635,-0.8761406044357292,-0.5745413712965017,-0.4307555898038032,0,1.628828843231529,-0.24379770392399225,0
24.020000000006373,-0.8767183136958263,-0.5773030623057884,-0.45449411456191013,0,1.629613860491275,-0.2563454622276007,0
24.040000000006398,-0.8758146765015681,-0.5796999432003522,-0.469117775221727,0,1.6288813560987163,-0.2646566652984772,0
24.060000000006422,-0.875932132622253,-0.5816467116975194,-0.47417128247049994,0,1.629067158309139,-0.2683273127123562,0
24.080000000006446,-0.8764972619164969,-0.5830925801260558,-0.4694542577011075,0,1.629734591849328,-0.2665703940516857,0
24.10000000000647,-0.8764551978736302,-0.5840678422247998,-0.45550949683585934,0,1.629861780129279,-0.2594606117737457,0
24.120000000006495,-0.8754298038544016,-0.585257100002589,-0.4349991441527558,0,1.6288436552824663,-0.25013835852206645,0
24.14000000000652,-0.874269731701079,-0.586884576933311,-0.41023000990530456,0,1.6278009979155765,-0.2386046842145093,0
24.160000000006544,-0.8738933188099838,-0.5891312344235119,-0.3821933134170016,0,1.6275676903639182,-0.22519361969259521,0
24.18000000000657,-0.8732443741349981,-0.5928961366056346,-0.35571952997827655,0,1.6271464358530743,-0.213069655112057,0
24.200000000006593,-0.8740247816491574,-0.5994506072155582,-0.33719575808022123,0,1.6283204969586096,-0.20544853043135136,0
24.220000000006618,-0.8737981542204746,-0.6101757763911454,-0.3337266667431015,0,1.6291252600230373,-0.20701196015063306,0
24.240000000006642,-0.8714650451430997,-0.6201139164964369,-0.3232076230472026,0,1.627469937997481,-0.2048503892816016,0
24.260000000006666,-0.8729150052289291,-0.6285082114380443,-0.30217123076996577,0,1.6295659225228392,-0.19733449320245056,0
24.28000000000669,-0.8773801663597676,-0.6381035244117398,-0.2851274598001735,0,1.6348140382150043,-0.19150159633199815,0
24.300000000006715,-0.877954627493735,-0.6380116494101225,-0.22271115546757272,0,1.6357106216433392,-0.16202821888987562,0
24.32000000000674,-0.8748949112349796,-0.6265870618987615,-0.10672925139500412,0,1.6317302295896188,-0.1018704154660961,0
24.340000000006764,-0.8723405955480242,-0.6174300007460839,-0.004629438742647468,0,1.6282297253737854,-0.0468261655413289,0
24.36000000000679,-0.8723960927737419,-0.6147472142143484,0.06450113585544978,0,1.6279047281183032,-0.01057522440746217,0
24.380000000006813,-0.8715003177953894,-0.6098987301544827,0.13794958897373377,0,1.6269767569759437,0.026202181165395855,0
24.400000000006838,-0.8706076432268238,-0.6026434630188529,0.21904175885984795,0,1.6251905088875411,0.06987507066530974,0
24.420000000006862,-0.8724034230138917,-0.5970989726511885,0.2880628892858347,0,1.6265340909575534,0.10638076217526904,0
24.440000000006886,-0.8740284084250695,-0.5918945251053266,0.3505949671888415,0,1.6278060022772023,0.13947551853799367,0
24.46000000000691,-0.8752072932998641,-0.5867829848981837,0.4067770462769477,0,1.6286594364985827,0.16931476819631275,0
24.480000000006935,-0.8760989427218221,-0.5816483288758543,0.45636451544739126,0,1.6292416459813563,0.19578383346667616,0
24.50000000000696,-0.8768471844168555,-0.5763386345472871,0.49954651080334206,0,1.6296927877623735,0.2189580089332639,0
24.520000000006984,-0.8763502923257417,-0.5704585014328364,0.5376911414433035,0,1.62898195503094,0.2395151556995141,0
24.54000000000701,-0.8724221633786062,-0.5626973284777942,0.5778807018590196,0,1.6248063076948216,0.26190172530342704,0
24.560000000007033,-0.8720783695806641,-0.5529598422003054,0.6180575396060659,0,1.6236554210794272,0.28502776552520803,0
24.580000000007058,-0.8749460847858316,-0.5389356342059746,0.6707239262153533,0,1.6258275261675248,0.3155679530799347,0
24.600000000007082,-0.8801902854474268,-0.5252361971020463,0.7147055928810107,0,1.6305843996428935,0.34,0
24.620000000007106,-0.8837002756923663,-0.5169793042100734,0.7288128305919512,0,1.634048533031028,0.34,0
24.64000000000713,-0.8857303479172081,-0.5113038125950511,0.7256568643973584,0,1.6359114719608736,0.34,0
24.660000000007155,-0.8885345072047154,-0.5061094906195152,0.7133566018605597,0,1.6386487780232384,0.34,0
24.68000000000718,-0.8906678296252047,-0.5017759816918941,0.6879404695707557,0,1.6406678262380743,0.33787363778622836,0
24.700000000007204,-0.888710108489763,-0.5034304714904441,0.6245565181369396,0,1.6391536495823296,0.3080670669461598,0
24.72000000000723,-0.8821708249793132,-0.5084231812946161,0.5403635400827964,0,1.63257912596091,0.26300220860716594,0
24.740000000007253,-0.88098528596743,-0.5103596255357138,0.4711131392745229,0,1.6312794076758945,0.22818291420557268,0
24.760000000007278,-0.8781644181150465,-0.5148020963145404,0.3910387020381534,0,1.6286269829885933,0.1865143012581827,0
24.780000000007302,-0.875235107644494,-0.5198035221282488,0.3093579175766437,0,1.6259676869475945,0.1447890261161333,0
24.800000000007326,-0.8716612040369858,-0.5241809654251024,0.23025512538422324,0,1.622437428016037,0.10377908110855039,0
24.82000000000735,-0.8681364277486759,-0.5290523616644293,0.14890522088351257,0,1.6190372696525939,0.06163766147630367,0
24.840000000007375,-0.8650646467267883,-0.5347306449833189,0.06413087760767393,0,1.6161067782897205,0.017485934141701076,0
24.8600000000074,-0.8623849509711317,-0.540180586515147,-0.01803655697210642,0,1.6136246309064113,-0.025680926416235206,0
24.880000000007424,-0.8616458353966376,-0.5455592061364165,-0.09627738904876375,0,1.612945125995485,-0.06638638237416372,0
24.90000000000745,-0.8633613279851746,-0.5507759397035928,-0.16954776679894953,0,1.6147270096283737,-0.10498906282343778,0
24.920000000007473,-0.8659137276143576,-0.5555953652310756,-0.23601260620551143,0,1.617526099130002,-0.14000511145128391,0
24.940000000007498,-0.8684758019290965,-0.5599939694168529,-0.294926041143192,0,1.620318137636425,-0.170762071476537,0
24.960000000007522,-0.869846591680069,-0.5644701004310176,-0.348117871001954,0,1.6219293485976698,-0.19890725364375794,0
24.980000000007546,-0.8708824864946154,-0.5682384992787168,-0.39172522851881125,0,1.6232701533543648,-0.22179039820284197,0
25.00000000000757,-0.8718315181768468,-0.5714568727564671,-0.4255161269409237,0,1.6243014068733759,-0.23990643350905705,0
25.020000000007595,-0.8739431469532,-0.5740712658935766,-0.44931987068358986,0,1.6266313549321127,-0.25328117107181836,0
25.04000000000762,-0.8733183868753535,-0.576366215252669,-0.46402284544889616,0,1.6261999846106818,-0.26176747797627,0
25.060000000007644,-0.8731650433519658,-0.5783591963028866,-0.46940214186610874,0,1.6260732490802645,-0.2649272578279036,0
25.08000000000767,-0.8739447039331113,-0.579638518558515,-0.4637409604968943,0,1.6269672903139374,-0.2625610155830642,0
25.100000000007693,-0.8749951792619961,-0.5802913062550797,-0.4475534687844332,0,1.6280538474870179,-0.25494806006389825,0
25.120000000007717,-0.8757328683407251,-0.5804018978670653,-0.4224260233007521,0,1.6287953484382398,-0.2430085813251639,0
25.140000000007742,-0.8757857633072994,-0.5801611337181422,-0.3889302174787105,0,1.6288889758300593,-0.22647297614383444,0
25.160000000007766,-0.8749362621214426,-0.5798468688623011,-0.34919381925890486,0,1.6280698478812334,-0.20635313448955306,0
25.18000000000779,-0.8731925074168443,-0.5801306797242907,-0.307004903809524,0,1.6263482402218692,-0.18534228324228397,0
25.200000000007815,-0.8725835961454923,-0.5810560315106493,-0.2629663345656089,0,1.625749413954383,-0.163364170868467,0
25.22000000000784,-0.8721114601467935,-0.5832495686387476,-0.22069470239426234,0,1.625367440453439,-0.14313995383631783,0
25.240000000007864,-0.8709576153351917,-0.5885170374658792,-0.18952276786060843,0,1.6246502862711234,-0.12877502446984623,0
25.26000000000789,-0.8706523686275272,-0.5980029886315859,-0.1743115419793095,0,1.6248626920851574,-0.12350667672739846,0
25.280000000007913,-0.8710266878117108,-0.608016232822191,-0.16032896619547377,0,1.6260191866464015,-0.12003695615162435,0
25.300000000007937,-0.8726993942038226,-0.6155473856176435,-0.1337147239900866,0,1.6282369266268986,-0.10936468649071807,0
25.320000000007962,-0.8747081002675491,-0.6243689313072566,-0.11340808217678033,0,1.6310695756903657,-0.1017951907485024,0
25.340000000007986,-0.8742113027129119,-0.6241564975885855,-0.05226441016129392,0,1.6306904666352111,-0.07280305074405757,0
25.36000000000801,-0.8725200054072066,-0.611807959105013,0.06316701816469705,0,1.628040166898192,-0.011914997426359708,0
25.380000000008035,-0.8681984717276698,-0.6022775025650078,0.16193083431331695,0,1.6231661399285608,0.04008218805797781,0
25.40000000000806,-0.8648929920420151,-0.596900819044671,0.234422870080592,0,1.6191885927482028,0.07961707789355321,0
25.420000000008084,-0.8672366352038966,-0.5926157899737463,0.29727950389486146,0,1.6209665565771576,0.11228159955625538,0
25.44000000000811,-0.8710108859088225,-0.5877132139254095,0.3574251693115683,0,1.6244498147542306,0.14389969552638093,0
25.460000000008133,-0.8736637866462146,-0.5823420322539763,0.4143952827983144,0,1.6268278416154611,0.17401196967201238,0
25.480000000008157,-0.8747433770588081,-0.5762649045438867,0.46859517922436184,0,1.6275534695334357,0.2033312149077915,0
25.500000000008182,-0.8757423059418323,-0.5692527645035461,0.5201191704846618,0,1.6281579176624148,0.23125092196723385,0
25.520000000008206,-0.8765569239199029,-0.5610283849843588,0.5698795470883565,0,1.6286103170260837,0.2589614690661024,0
25.54000000000823,-0.877765619879515,-0.5503273061343694,0.6224251360919044,0,1.6291864562109186,0.2880502433176295,0
25.560000000008255,-0.8809693082948833,-0.5357048396002867,0.6849836502242118,0,1.6317934051675398,0.3232753485038109,0
25.58000000000828,-0.88345112769678,-0.5235729710825447,0.7296766425199335,0,1.6339161346269508,0.34,0
25.600000000008304,-0.8844296320795344,-0.5184819016038583,0.73650135733088,0,1.634859100120924,0.34,0
25.62000000000833,-0.88493131641423,-0.5149319033501022,0.7309044745146714,0,1.6352455785051405,0.34,0
25.640000000008353,-0.8860178788986878,-0.5119120704186718,0.7133532439714664,0,1.6362448136210848,0.34,0
25.660000000008377,-0.8876037130385215,-0.5081779230293711,0.6890113722047848,0,1.6378384913991733,0.336724349076746,0
25.680000000008402,-0.8890920000037688,-0.5039268366030981,0.6596542204355738,0,1.6392372155004002,0.32321317225156454,0
25.700000000008426,-0.88890115730567,-0.5002454285222144,0.6240188395259445,0,1.639075924044471,0.30680603349616997,0
25.72000000000845,-0.8848214105388538,-0.5056800074354582,0.5417446663174106,0,1.635198614078052,0.265144758827496,0
25.740000000008475,-0.8833403043686422,-0.5083692602242167,0.47012198381477166,0,1.6336700442957095,0.22803321671311028,0
25.7600000000085,-0.8802703898626171,-0.5128884390155592,0.39159443231338986,0,1.6308829435785914,0.18796028828639955,0
25.780000000008524,-0.8777070953554286,-0.5163405432422639,0.3155625898648047,0,1.6281967457869733,0.14858160716265556,0
25.80000000000855,-0.8733900083072753,-0.5214859194533898,0.23169382966493285,0,1.6241252190210673,0.1047293140880845,0
25.820000000008573,-0.8696796437472476,-0.5270954734244889,0.14614423173342045,0,1.6204469349730655,0.060698713198163556,0
25.840000000008597,-0.8678078517410258,-0.5321886537522516,0.06395339793488689,0,1.6187751007440734,0.01846370115783369,0
25.860000000008622,-0.8662184746578167,-0.5376300337268609,-0.017569777179172217,0,1.6172492481435607,-0.02465802962351038,0
25.880000000008646,-0.864955693799349,-0.5436823366040564,-0.09833885386575272,0,1.6162399289447655,-0.06642037410006063,0
25.90000000000867,-0.8659446058082103,-0.54863173201292,-0.16971232426594318,0,1.6173273142377753,-0.104163272315412,0
25.920000000008695,-0.8656809835825913,-0.5539521218498527,-0.23815946073678027,0,1.6172520810408217,-0.1399748692663274,0
25.94000000000872,-0.8692267112162065,-0.559074038841481,-0.2998743011425694,0,1.6209587131129688,-0.1728335600285582,0
25.960000000008744,-0.8725109350889414,-0.5629941868775676,-0.3501268806889889,0,1.6244778951794248,-0.19951660831836682,0
25.98000000000877,-0.8746800598946954,-0.5660634560652217,-0.38999002081103107,0,1.6268453807299939,-0.2207523368302775,0
26.000000000008793,-0.8741178122523415,-0.5697795074010923,-0.4263061223170011,0,1.6265748000960478,-0.23973334995192008,0
26.020000000008817,-0.8751392345074599,-0.5728181513656084,-0.45182529570640323,0,1.6277236133850406,-0.25384142633912066,0
26.040000000008842,-0.8762468122172761,-0.574814511453239,-0.46474238872563783,0,1.6289584059636386,-0.26127854005701057,0
26.060000000008866,-0.8767007059316548,-0.575770448507613,-0.4650900763669137,0,1.62955929422365,-0.26244806142511656,0
26.08000000000889,-0.8756431587854648,-0.5771588375051584,-0.46029132662827477,0,1.6285515383762845,-0.26005599114689826,0
26.100000000008915,-0.8760582275683837,-0.5772404059680456,-0.44173790724393447,0,1.6289513726494176,-0.25107528463494244,0
26.12000000000894,-0.8762711287878896,-0.576645520536474,-0.41266203878356555,0,1.6291804829876273,-0.236639178673677,0
26.140000000008964,-0.8751155785401551,-0.5754929895427574,-0.37581453434714035,0,1.6279518461170517,-0.21841583265986353,0
26.16000000000899,-0.87474924043695,-0.5736081222771852,-0.32901736760712785,0,1.6274866891053716,-0.19505591850672688,0
26.180000000009013,-0.8735310360172454,-0.5714091548897601,-0.27565573593688275,0,1.6261527270261318,-0.16746772755179484,0
26.200000000009037,-0.8726662659862273,-0.5688820588953789,-0.21597092153902528,0,1.625135817964444,-0.1367467688592352,0
26.220000000009062,-0.8721985727211174,-0.565769481302356,-0.14973295266360154,0,1.624472956078436,-0.10293492345220523,0
26.240000000009086,-0.8725930656078742,-0.5621581206497569,-0.07781122630393764,0,1.624695027978011,-0.06589081256374274,0
26.26000000000911,-0.8727219929548351,-0.5585929232147345,-0.0044508925428817,0,1.6246540200642745,-0.028154500771054414,0
26.280000000009135,-0.8722633025501522,-0.5552600068232795,0.0694481156780097,0,1.624069752328994,0.009803706348783692,0
26.30000000000916,-0.8719004069487024,-0.5525965128045178,0.1408021566217068,0,1.6235854741137532,0.0465429566403508,0
26.320000000009184,-0.872005229258824,-0.5510204494692988,0.2065184080744632,0,1.6236507323318916,0.08051236242508475,0
26.34000000000921,-0.8711286272503806,-0.5515097887491945,0.26225821169643254,0,1.6226692018017144,0.10783822001533494,0
26.360000000009233,-0.8710240986633301,-0.5550562479306829,0.3018950492760524,0,1.6228069285277855,0.12728021386819477,0
26.380000000009257,-0.869898371066226,-0.563547894658369,0.3153688210522004,0,1.6220681627494342,0.1318906785918923,0
26.400000000009282,-0.8693523703506485,-0.5730921262411397,0.320371175222334,0,1.6219641038319315,0.1312401963511789,0
26.420000000009306,-0.870781823929774,-0.579117585130359,0.3377434982442638,0,1.623733866416726,0.13764969384776915,0
26.44000000000933,-0.8714758282389578,-0.5814937465515327,0.3678626165002666,0,1.6246130617254595,0.1515656892145094,0
26.460000000009355,-0.8721976410901766,-0.5786559046488757,0.4166505692199669,0,1.6253438481841767,0.17590498078841033,0
26.48000000000938,-0.8714229549985213,-0.5729973663802553,0.47185322164301663,0,1.6240151028547898,0.20596868410253588,0
26.500000000009404,-0.8726793421317718,-0.565771303435082,0.5250854203760555,0,1.624893788313859,0.23466213777455347,0
26.52000000000943,-0.8746199228225271,-0.5568821458651061,0.5768281869872484,0,1.6263622752630778,0.26321779069859996,0
26.540000000009453,-0.8758446148123185,-0.5455997380784245,0.6309897271835113,0,1.6271024537602068,0.29336181689978047,0
26.560000000009477,-0.8784968975320535,-0.5302556537190414,0.6966796568191375,0,1.62910944947763,0.3310947890277862,0
26.580000000009502,-0.8815631219299039,-0.5200206485175295,0.7323343162445072,0,1.6319124193002341,0.34,0
26.600000000009526,-0.8836596199831649,-0.5159029188040698,0.7357786996821168,0,1.6340399432524173,0.34,0
26.62000000000955,-0.8846987241025872,-0.5129647639718585,0.7274000318397866,0,1.6350175194985477,0.34,0
26.640000000009575,-0.8836333750942779,-0.509777669861071,0.7107352628452033,0,1.6339205807031183,0.34,0
26.6600000000096,-0.8855870712656093,-0.5062313258506232,0.6844138733113863,0,1.6357323756873805,0.33516045916907133,0
26.680000000009624,-0.8876078161003259,-0.501706454189925,0.6556652987766458,0,1.63761181488285,0.3214339938385169,0
26.70000000000965,-0.8884226705985215,-0.4977712438650207,0.6216187573205293,0,1.6385113081926665,0.30666889671870523,0
26.720000000009673,-0.8855204029032155,-0.5026379619894865,0.5426847697287415,0,1.6359461379246485,0.266782762681411,0
26.740000000009697,-0.8834662065660319,-0.5059400856070824,0.4692367194301382,0,1.6336183865622274,0.22790632663819688,0
26.760000000009722,-0.8804449961750919,-0.5098687172076863,0.39276651002993607,0,1.6309212825528787,0.18924474777246747,0
26.780000000009746,-0.877070868228019,-0.5137802600908379,0.31504791166549295,0,1.6276170642245202,0.14927323289458316,0
26.80000000000977,-0.8734783619588661,-0.5191403584176759,0.2297273455638113,0,1.6242717559182958,0.10519215347532151,0
26.820000000009795,-0.8688241815977352,-0.5244138644852075,0.14532466824165216,0,1.6196626926906301,0.06152693998962078,0
26.84000000000982,-0.8653386449486856,-0.5295872800882085,0.06267131991057175,0,1.616414790698748,0.01919777388317878,0
26.860000000009844,-0.8616050326024073,-0.5348996471738854,-0.017959669786864474,0,1.612611682805393,-0.024170170595098295,0
26.88000000000987,-0.8610941217434825,-0.5402567779164422,-0.09577999066018697,0,1.6120831543683234,-0.06472577746467767,0
26.900000000009893,-0.8621634879954008,-0.5456401471344183,-0.1700898810933779,0,1.6133718617683417,-0.10356237582799754,0
26.920000000009917,-0.8646307456471408,-0.5505491523888498,-0.2372901556369176,0,1.615996925921841,-0.1388642073330082,0
26.94000000000994,-0.8688608249978744,-0.5548866025965078,-0.2959628569624117,0,1.6203406316178248,-0.16982207070009814,0
26.960000000009966,-0.8712496097365715,-0.559206579683493,-0.3478812539509386,0,1.623096751608288,-0.19750623421918867,0
26.98000000000999,-0.8729624017526945,-0.563168709260043,-0.39164358384324893,0,1.6250093616622086,-0.22022538272318926,0
27.000000000010015,-0.8737896004357157,-0.5665598966275941,-0.4265352115906523,0,1.6260956857943176,-0.23905221729658077,0
27.02000000001004,-0.8747448495225779,-0.569416142178759,-0.45122685896055503,0,1.6271189718927364,-0.2527003829426375,0
27.040000000010064,-0.8760216284868857,-0.5712627429894505,-0.4634678740887017,0,1.6285089670674997,-0.25976435656081653,0
27.06000000001009,-0.8755431796524311,-0.5730466375161211,-0.46810782329603445,0,1.6282049022927592,-0.2624637893683588,0
27.080000000010113,-0.87609333903345,-0.5738744752451416,-0.46042715403861856,0,1.6287806640030165,-0.25920321232049615,0
27.100000000010137,-0.876352225051644,-0.573925219739197,-0.44226922520038975,0,1.629135940791831,-0.25036919347701536,0
27.12000000001016,-0.8747356033115028,-0.5736523688424974,-0.41509089892136797,0,1.6274380412756906,-0.2373555261455258,0
27.140000000010186,-0.8748712047598062,-0.5728547204204226,-0.37912526291072,0,1.6274989911210134,-0.21931385196132913,0
27.16000000001021,-0.8749484173601293,-0.5711603493812046,-0.3329577191519273,0,1.6275193171370232,-0.19607961974592247,0
27.180000000010235,-0.8740217212696457,-0.5693680411000472,-0.2813853484787429,0,1.6266009452555485,-0.16977226758831643,0
27.20000000001026,-0.8729798205465895,-0.5672249889807308,-0.22323941236881187,0,1.625338085470863,-0.13999601006978146,0
27.220000000010284,-0.8730631498556346,-0.5645187458188178,-0.158546926792564,0,1.6252954801632158,-0.10676954763530122,0
27.24000000001031,-0.8729940037098661,-0.5621986552142434,-0.09307668265187934,0,1.6250794151378878,-0.0736068718859535,0
27.260000000010333,-0.8725515019785094,-0.5601568517595207,-0.026349699730045525,0,1.6245645322793971,-0.03965102871453485,0
27.280000000010357,-0.8715840469795537,-0.5593118592527456,0.03631009272594974,0,1.6235853251668568,-0.007405825550673928,0
27.30000000001038,-0.8695911208832914,-0.5602749159614296,0.09119763774881748,0,1.6216515989830202,0.019914443824874617,0
27.320000000010406,-0.8678461705328343,-0.5646576576808892,0.1302344804557309,0,1.6200989875281162,0.03864034032201413,0
27.34000000001043,-0.8679339453356331,-0.5741462079168923,0.1451753680813666,0,1.6205622335986272,0.043669451152952066,0
27.360000000010455,-0.8695625295654155,-0.5823838043120696,0.16316397842685879,0,1.6227165729930657,0.04980871406797749,0
27.38000000001048,-0.8709175233420181,-0.5893922075072435,0.185396111245589,0,1.62449294816011,0.05911330201788623,0
27.400000000010504,-0.8713681134914293,-0.5945485864138508,0.21267303131942675,0,1.6252940332104895,0.07041061160774897,0
27.42000000001053,-0.8732881188076012,-0.593669938534256,0.26322701144839133,0,1.6272305964803733,0.09440547665711985,0
27.440000000010553,-0.8730753984477169,-0.584392606197902,0.3474015159660711,0,1.6264197534458003,0.1396139195768944,0
27.460000000010577,-0.8741386238496164,-0.5770458173050862,0.41562322697818316,0,1.6269841995817176,0.17637355391696552,0
27.4800000000106,-0.8753997956329251,-0.5703130673688004,0.4724623596823532,0,1.6278819504633257,0.20689594169590686,0
27.500000000010626,-0.8762035555229943,-0.5630085282433218,0.52360189599858,0,1.628306707273023,0.23470623370628374,0
27.52000000001065,-0.8756138494361647,-0.5545101172719993,0.5724772519010177,0,1.6273370709155688,0.2618488475178955,0
27.540000000010675,-0.8762412341567467,-0.5431266326842017,0.6281074698583159,0,1.6274376746366561,0.293284055861029,0
27.5600000000107,-0.8786629101825256,-0.5277390470543809,0.6947822703985924,0,1.6292059015321463,0.33099080638762546,0
27.580000000010724,-0.8818291012298795,-0.5175276027973114,0.7311366217611641,0,1.632150983547379,0.34,0
27.60000000001075,-0.8838811280647778,-0.5131024230392586,0.7367078619928965,0,1.6341580253657306,0.34,0
27.620000000010773,-0.8831994434749854,-0.5100477880949501,0.7286407488710462,0,1.6334352048809346,0.34,0
27.640000000010797,-0.8839911923167331,-0.506940715810983,0.710871654069706,0,1.6341836231637041,0.34,0
27.66000000001082,-0.886151874716154,-0.503502215966176,0.6838752866501866,0,1.6362624026005104,0.33573365612470774,0
27.680000000010846,-0.8879332136845196,-0.4992431643250654,0.6537224941786072,0,1.6379577450616154,0.3217719465745752,0
27.70000000001087,-0.8894906021604072,-0.4947315262935518,0.6225530495964802,0,1.6395447072683067,0.30780527436021177,0
27.720000000010895,-0.8858021662544233,-0.4998330321954851,0.5426424656958265,0,1.6361664561086702,0.2679036496670337,0
27.74000000001092,-0.8839487572705116,-0.5037135578038959,0.4662126230601868,0,1.634086945624087,0.2272522178081826,0
27.760000000010944,-0.8822621118471549,-0.5071148431472138,0.39166360901856423,0,1.6326325294749349,0.1901339262402466,0
27.78000000001097,-0.8776496382328887,-0.5111146400587563,0.3137119390717031,0,1.628228217166244,0.14885832752863104,0
27.800000000010993,-0.8730967379067056,-0.5165452565299843,0.22836262174571575,0,1.623728416017098,0.10528611375172314,0
27.820000000011017,-0.8694215628356474,-0.5214939535360255,0.14576163612875412,0,1.620149874089519,0.06267950406247058,0
27.84000000001104,-0.8660957006853159,-0.5265540121655713,0.06301131082636653,0,1.6169130367962774,0.019175946835199742,0
27.860000000011066,-0.8640723416380757,-0.5322402706104074,-0.019534399821163943,0,1.6149144080864257,-0.024240593451723358,0
27.88000000001109,-0.8626039796444974,-0.5376849240411844,-0.09765937768180889,0,1.6136185586580705,-0.06511630331560658,0
27.900000000011115,-0.8637355135862927,-0.542884865875884,-0.1710298271739001,0,1.6149319765973802,-0.10296545958891401,0
27.92000000001114,-0.8666775715510211,-0.5477616422074486,-0.23687487575933153,0,1.6179214055925475,-0.13760811579738808,0
27.940000000011164,-0.8684717080546014,-0.5525913584568695,-0.2980030476711643,0,1.6200439478740982,-0.1695360079113224,0
27.96000000001119,-0.8694099686404192,-0.557123165285334,-0.35105522024529456,0,1.6212332782908012,-0.19752011534659464,0
27.980000000011213,-0.8713250818823665,-0.5607600675782732,-0.39343457481424776,0,1.6231781082519072,-0.22071396447878144,0
28.000000000011237,-0.8732306669270543,-0.5637626636697229,-0.4261485692735998,0,1.6254006509207708,-0.23783705908566444,0
28.02000000001126,-0.873532211653025,-0.5663253757037693,-0.44996498607485996,0,1.6258153042456485,-0.25139784650398544,0
28.040000000011286,-0.8728079265047305,-0.5688384655996934,-0.46570134365569377,0,1.6252739476815676,-0.25979538185941253,0
28.06000000001131,-0.870327835041251,-0.5716106042824458,-0.47461956462147425,0,1.6231320609677122,-0.2643283686744431,0
28.080000000011335,-0.8676793397538797,-0.574784927263006,-0.4776974106437237,0,1.6204343105502774,-0.2676142769880101,0
28.10000000001136,-0.8697591869884574,-0.577649726743637,-0.47193493756466565,0,1.6225485042722054,-0.26641245129736046,0
28.120000000011384,-0.8726022608841362,-0.5809501394196032,-0.46143193118340076,0,1.625611802142213,-0.26175258692860437,0
28.14000000001141,-0.8736172331366553,-0.5851137379607673,-0.44854048240018946,0,1.6270134143718107,-0.2571353788648705,0
28.160000000011433,-0.873819840485073,-0.5920429919514729,-0.44214299648365685,0,1.6276314695950074,-0.2551175457357062,0
28.180000000011457,-0.8745591759468839,-0.6026568285452643,-0.4466528851053443,0,1.629006288552245,-0.26037124671755985,0
28.20000000001148,-0.876759771759462,-0.6146756180297418,-0.45238023611567885,0,1.6321648833740956,-0.2674891166403517,0
28.220000000011506,-0.8789708924146157,-0.6231707672005083,-0.4379503025683067,0,1.635161771905199,-0.26310318929027554,0
28.24000000001153,-0.8809763785411288,-0.6322186590225227,-0.42246666049248166,0,1.6378861703407828,-0.2577151014060344,0
28.260000000011555,-0.8820898429845531,-0.6368852564452272,-0.38463087926035383,0,1.6396545807604364,-0.24176952872364743,0
28.28000000001158,-0.8786634896180452,-0.6290303980958538,-0.2846767385509784,0,1.6358099970319964,-0.1914395113247862,0
28.300000000011604,-0.8755248537967208,-0.6195909313793694,-0.17727656635535893,0,1.631574561711025,-0.1338005135060678,0
28.32000000001163,-0.8761299728765432,-0.6177408218737127,-0.10720332342053078,0,1.6320144648506205,-0.09745305368626211,0
28.340000000011653,-0.8744869140304452,-0.6110796070238829,-0.019291950588188396,0,1.6298880560211058,-0.05201087796198589,0
28.360000000011677,-0.8739275307021215,-0.606016832487398,0.05888679201164753,0,1.6287448470123114,-0.010829965797280572,0
28.3800000000117,-0.8719081369028917,-0.6011078997556505,0.13304464604383442,0,1.626590491519731,0.02746750117331298,0
28.400000000011726,-0.8713275583041615,-0.5949055138672112,0.209774635044098,0,1.6253555558273114,0.0674723848348886,0
28.42000000001175,-0.8729755012417159,-0.5899626341873092,0.2767454958276136,0,1.626625833824233,0.10291250069601277,0
28.440000000011775,-0.8742633896139514,-0.585808214016088,0.3347003240841183,0,1.6276925289816015,0.13330078063047424,0
28.4600000000118,-0.8735461646024999,-0.5817540133179163,0.38648899968232625,0,1.6268320512765302,0.16029313028134906,0
28.480000000011824,-0.8736261846878668,-0.5775958600631278,0.43123928541938716,0,1.6264997230881424,0.18455690609128594,0
28.50000000001185,-0.8752836066341275,-0.5746431640282611,0.46331069172033984,0,1.6279510847764105,0.20196103658450038,0
28.520000000011873,-0.875287236035397,-0.5719508889349758,0.48697388448670753,0,1.6279100807161702,0.2145141243019557,0
28.540000000011897,-0.8762321019985659,-0.5696733694588797,0.5016044285737284,0,1.6286717672001483,0.22284285063745446,0
28.56000000001192,-0.8763125201668125,-0.568418241810832,0.5035077499882592,0,1.6288128798665853,0.22472335710704017,0
28.580000000011946,-0.8761301254735404,-0.5675180712845589,0.4969105551190924,0,1.6285028478470605,0.22147931007230248,0
28.60000000001197,-0.8758453540264821,-0.567165183235997,0.47999036047377236,0,1.6281524398764713,0.213847545314664,0
28.620000000011995,-0.8761021481855906,-0.5680231214058931,0.45011217492395716,0,1.628497828167889,0.19925037741802454,0
28.64000000001202,-0.8756576514856665,-0.5690059686295132,0.41344986639299086,0,1.6280666582029324,0.18064759698035693,0
28.660000000012044,-0.8748774112116726,-0.5707587823661254,0.3673893872600468,0,1.6274402483515815,0.15680819678191726,0
28.68000000001207,-0.8747709435650752,-0.5732783420267727,0.3122116184463254,0,1.6274192218843613,0.1291441063627483,0
28.700000000012093,-0.8745604403942312,-0.5761496061811353,0.25080814545263214,0,1.6273916952458511,0.09764821521824274,0
28.720000000012117,-0.8732089744224222,-0.579664467615249,0.1827925709853477,0,1.626337706623474,0.06250390818457796,0
28.74000000001214,-0.8718630443771979,-0.5832979879484294,0.11095077346942314,0,1.6252260212542233,0.025624809357702727,0
28.760000000012166,-0.8710345906037994,-0.586814698362662,0.03821420045401606,0,1.6245815471966714,-0.011692330271205753,0
28.78000000001219,-0.8704588751377614,-0.5904484116000422,-0.03727118326197126,0,1.62424884572374,-0.05052180960498087,0
28.800000000012215,-0.870423110985003,-0.5937521287945751,-0.11156777462711127,0,1.6244556239831616,-0.08915095377772708,0
28.82000000001224,-0.8708556921361519,-0.5963482398312444,-0.18205467112852255,0,1.6249933623260588,-0.12530066001420526,0
28.840000000012264,-0.8712467461421107,-0.597150911003605,-0.24370584495675457,0,1.6254689629595285,-0.15664110489610983,0
28.86000000001229,-0.8718478046886979,-0.596039248953395,-0.29440716938651446,0,1.626068658687296,-0.1820976547405495,0
28.880000000012313,-0.8707764821573832,-0.591191840805487,-0.32434421147745124,0,1.6246750981188627,-0.19567830069657832,0
28.900000000012337,-0.8696514161789015,-0.5808590761565307,-0.3256886594413366,0,1.622852281638882,-0.19430690228827951,0
28.92000000001236,-0.8703426294733458,-0.5728839112934571,-0.3330133549600185,0,1.6229574980215502,-0.19501723240761004,0
28.940000000012386,-0.8727102006333952,-0.5675759327331962,-0.3486014249310197,0,1.6249467818009529,-0.20084625304972548,0
28.96000000001241,-0.8738561389405382,-0.5666443267773782,-0.3794146446360712,0,1.6262111659347116,-0.21485029444794446,0
28.980000000012435,-0.8737519648904782,-0.5703323910799076,-0.4262026111791046,0,1.6261869479731337,-0.23972533681224606,0
29.00000000001246,-0.8747998111587677,-0.5759117317314036,-0.4734569903248213,0,1.6275458431289942,-0.265079856344864,0
29.020000000012484,-0.8754321869747019,-0.5829909423743473,-0.5182359443495705,0,1.6286109972553087,-0.2896700927969065,0
29.04000000001251,-0.8761546558768671,-0.5918166125305864,-0.5617250053471475,0,1.6299182352175843,-0.31415578229145624,0
29.060000000012533,-0.8769679891213568,-0.6039437351061239,-0.612444324072313,0,1.631627606118599,-0.34,0
29.080000000012557,-0.8788122734879579,-0.6191818363161219,-0.6718679958455622,0,1.6345641029581983,-0.34,0
29.10000000001258,-0.8817551945338823,-0.6288745492903853,-0.707515958580994,0,1.638336733532906,-0.34,0
29.120000000012606,-0.8853034469668734,-0.6348034487228827,-0.7238327150488618,0,1.642415024137909,-0.34,0
29.14000000001263,-0.8884613359080685,-0.63977042055365,-0.7261065573753255,0,1.6461675511150944,-0.34,0
29.160000000012655,-0.8891714084584753,-0.6431626833010808,-0.7063585386137039,0,1.6472629036258577,-0.34,0
29.18000000001268,-0.8896985919797293,-0.6447615416478987,-0.6643091825895361,0,1.647913348829421,-0.34,0
29.200000000012704,-0.8894160139235963,-0.6465824064882849,-0.6088787602576642,0,1.6478917032333789,-0.34,0
29.22000000001273,-0.8857633327121581,-0.6426802250062554,-0.5172094141762857,0,1.6441627403976349,-0.3110729518086224,0
29.240000000012753,-0.8817476691500583,-0.6368961882356241,-0.41732694318872204,0,1.6392725162887103,-0.2585213922624363,0
29.260000000012777,-0.8795438339729946,-0.6342485573038085,-0.34214751446650155,0,1.637058642728651,-0.220415883526611,0
29.2800000000128,-0.876328018647528,-0.6287738592936924,-0.26142798179431864,0,1.6331749549616223,-0.17785085760132957,0
29.300000000012826,-0.8740494747285622,-0.6254405270180267,-0.19261001526239754,0,1.630728048984059,-0.14283173466273658,0
29.32000000001285,-0.871683650861607,-0.6207578562590795,-0.11492157145515716,0,1.6278415897102614,-0.10297551333102617,0
29.340000000012875,-0.870444149812476,-0.6149349173804964,-0.029353542169650276,0,1.6262246460906178,-0.058559206931255936,0
29.3600000000129,-0.8674546153641511,-0.6094016737568171,0.054636131856911616,0,1.6226309296367796,-0.01452932001085716,0
29.380000000012924,-0.8662608554845523,-0.6036251950992993,0.13656731391545093,0,1.6209557119286913,0.028157495911010022,0
29.400000000012948,-0.867613285856664,-0.5984204092446864,0.21106895621744493,0,1.6219277260545486,0.06694340335572546,0
29.420000000012973,-0.8701753460323897,-0.5935630034479582,0.2764489683283996,0,1.6239850203407051,0.10181259509495577,0
29.440000000012997,-0.8707790774498161,-0.589086460747563,0.3348760502998027,0,1.6244159078039728,0.13249950303038682,0
29.46000000001302,-0.8724865705686852,-0.5850329789345292,0.3848911990349231,0,1.625872781142326,0.1587333890583924,0
29.480000000013046,-0.8730793589684215,-0.5810601383526748,0.42955527064316174,0,1.626231300312418,0.1825487078246557,0
29.50000000001307,-0.8744771434483852,-0.577715838273938,0.4642007202576435,0,1.6273220596773768,0.20136199181007663,0
29.520000000013095,-0.8759241107115562,-0.5753932645136972,0.4867320875048146,0,1.6286775740024426,0.21385484387218723,0
29.54000000001312,-0.8748047410795765,-0.5727116162876662,0.5037416788412838,0,1.6274436792027043,0.22320054609895035,0
29.560000000013144,-0.875759416885395,-0.5712281724482072,0.5066259842308418,0,1.6282419311841925,0.22547008665060475,0
29.580000000013168,-0.8768248848768201,-0.5705932362457447,0.497741832462198,0,1.6292907240062058,0.2215493092087093,0
29.600000000013193,-0.8765948541617921,-0.5703639724821963,0.479885036279411,0,1.6292118928256476,0.21243138597334466,0
29.620000000013217,-0.8755203411767399,-0.5703616516691062,0.4543163537446447,0,1.6280270612790309,0.20016943444143465,0
29.64000000001324,-0.8757594341523002,-0.5712918527281217,0.4176698818861056,0,1.628318711642954,0.18171667301485672,0
29.660000000013266,-0.8757970363306775,-0.5729656080467546,0.371552674954151,0,1.6284690781952937,0.15823469761199083,0
29.68000000001329,-0.8755033630358745,-0.5751957146554456,0.31757670815888345,0,1.628282551050103,0.13118689729521282,0
29.700000000013315,-0.8749383173533402,-0.5775889853893033,0.25832373912811607,0,1.6278815939527518,0.1008158219891171,0
29.72000000001334,-0.8743701853498105,-0.5805490064887555,0.1926463501306704,0,1.6275236810817921,0.06694639335651553,0
29.740000000013364,-0.8738493763941321,-0.5836323476901477,0.1234549596102476,0,1.6271444704489917,0.031840293123572616,0
29.760000000013388,-0.8732847137882392,-0.5865519325584836,0.052800567546308776,0,1.6268001381528938,-0.00410818548215941,0
29.780000000013413,-0.8721949864599224,-0.5886909414361086,-0.01593400808398404,0,1.6258937064153416,-0.03978825792061991,0
29.800000000013437,-0.8703827626380095,-0.5895119949042865,-0.07885336030013904,0,1.624203452772547,-0.07155389997537687,0
29.82000000001346,-0.8693423621994186,-0.5880904866929024,-0.13102019928278472,0,1.6229797920032427,-0.09740392495329853,0
29.840000000013486,-0.8684158326582395,-0.5828285614512303,-0.16479792744907493,0,1.6217337399889236,-0.11339921310602552,0
29.86000000001351,-0.8687636080337049,-0.5727184614960477,-0.1745975249837442,0,1.6213591026965835,-0.1156987638887188,0
29.880000000013535,-0.8705347581697893,-0.5651859409942114,-0.19294900241937524,0,1.6227233152366964,-0.12192761291432586,0
29.90000000001356,-0.87135746693448,-0.5583128378262502,-0.211441825014211,0,1.6232457326795156,-0.12932649022024223,0
29.920000000013584,-0.8723191321565819,-0.5533819703770633,-0.2353362799401362,0,1.6238855476937821,-0.13971325959771952,0
29.940000000013608,-0.8732638293394311,-0.5560559802508572,-0.28873399975481284,0,1.6250477433446424,-0.1656542874069873,0
29.960000000013633,-0.8731428515196328,-0.5649293100379028,-0.3649204717512555,0,1.6252901443787107,-0.20690582338348062,0
29.980000000013657,-0.8743028280557683,-0.5718702450840001,-0.42441689445662706,0,1.6268140391689478,-0.23906855976868036,0
30.00000000001368,-0.8754914976979261,-0.5783105178189836,-0.47256986667437734,0,1.6284029442190635,-0.265016377667898,0
30.020000000013706,-0.8751041594255156,-0.5854581294799097,-0.5157836716147621,0,1.6286068833166378,-0.28854645596260386,0
30.04000000001373,-0.8742619047972525,-0.5945522885843019,-0.5596129077562894,0,1.6282665201492672,-0.31405385264719454,0
30.060000000013755,-0.8751091251735623,-0.6071232793205446,-0.6126256079744177,0,1.6299466815511185,-0.34,0
30.08000000001378,-0.8772451890140512,-0.6223168143826049,-0.6733610989203171,0,1.6332555408699794,-0.34,0
30.100000000013804,-0.8807312178512641,-0.6318434268934011,-0.7094650760021909,0,1.6375468919402312,-0.34,0
30.120000000013828,-0.8841189353576411,-0.6377007294075075,-0.7259547053560537,0,1.641669897194551,-0.34,0
30.140000000013853,-0.8856140701167295,-0.6419360209682665,-0.7229263718029596,0,1.643568092318598,-0.34,0
30.160000000013877,-0.885021948587287,-0.641916840505336,-0.6774582365008128,0,1.643156890660859,-0.34,0
30.1800000000139,-0.885256882777158,-0.6436581194688182,-0.6284727656045102,0,1.6434112052871672,-0.34,0
30.200000000013926,-0.8857526281854109,-0.6466326491172655,-0.5796480775934222,0,1.6441540470447424,-0.34,0
30.22000000001395,-0.8845082124600934,-0.6460181892491759,-0.5114518160374688,0,1.6431866795452774,-0.30913580919062467,0
30.240000000013975,-0.8810079569847696,-0.6393794752613284,-0.41689283905516267,0,1.6389207943527688,-0.25929551959086505,0
30.260000000014,-0.8800328606745836,-0.6374779701107497,-0.3496744538876636,0,1.6377143969691677,-0.22469147845318105,0
30.280000000014024,-0.8772780515091188,-0.632249240974234,-0.269441851675471,0,1.6343788433600934,-0.18288144131408313,0
30.300000000014048,-0.8742624580059315,-0.6278272884332371,-0.19231502741593798,0,1.631203859603598,-0.1434990360034667,0
30.320000000014073,-0.8706467125789172,-0.6233814759003738,-0.11329597210058766,0,1.6272185604484968,-0.10275235912114278,0
30.340000000014097,-0.8675190653925064,-0.6175016901211948,-0.026746745223638718,0,1.6233312515250793,-0.05769089316045939,0
30.36000000001412,-0.8649595908921752,-0.6116186817378495,0.05805740012891063,0,1.6203923670882632,-0.01345773758840596,0
30.380000000014146,-0.8655105476411589,-0.6064019929390313,0.13610184865774255,0,1.6205217799092193,0.026417750009850582,0
30.40000000001417,-0.8666473211490057,-0.6005405129209611,0.21220709339794605,0,1.6209684591127693,0.06710681962046028,0
30.420000000014195,-0.8704284743330662,-0.5959615376677577,0.2766426005413407,0,1.6243746051670578,0.10127758613769,0
30.44000000001422,-0.872778277219752,-0.5915533964119711,0.33461214460904193,0,1.6266723201296263,0.13097563092298814,0
30.460000000014244,-0.8729600746875971,-0.5870205490033767,0.3876643480904869,0,1.6264146863987328,0.15970975943531007,0
30.480000000014268,-0.8747419487768643,-0.5835584185915015,0.42938263799612547,0,1.6279372697934449,0.1820880234974156,0
30.500000000014293,-0.8750670404836677,-0.5800248097525299,0.4648900286896773,0,1.6281720674267586,0.20082478109879265,0
30.520000000014317,-0.8757237580623329,-0.5774483017698795,0.4889560434966328,0,1.6286361469223587,0.21415300109356727,0
30.54000000001434,-0.8743004177346024,-0.5750315770173713,0.5041895079493928,0,1.6271247414153407,0.22299194315384563,0
30.560000000014366,-0.8729261160456656,-0.5728660545063132,0.5102598905898595,0,1.625593890879196,0.2268962455338026,0
30.58000000001439,-0.8739917817092173,-0.5710439672347096,0.5069660527412421,0,1.626429086384976,0.22590444347998662,0
30.600000000014415,-0.8755267658368997,-0.5698906816462612,0.4930598886767422,0,1.627991022576264,0.21937054550398427,0
30.62000000001444,-0.8755678554954374,-0.5687142720403066,0.47301979480730105,0,1.6280402987354583,0.21012640691128848,0
30.640000000014464,-0.8746091809682237,-0.5672753654346138,0.4473935004020318,0,1.626971401120181,0.1972051133557855,0
30.660000000014488,-0.8732627910912116,-0.5650924283975562,0.4189139160092019,0,1.6256963452460702,0.18325666087468706,0
30.680000000014513,-0.8686432669800103,-0.5606791208904425,0.396017658962133,0,1.6208893984462367,0.17346047970831613,0
30.700000000014537,-0.8648937837636169,-0.5538030717615121,0.37856999022044235,0,1.6167809316444806,0.1672656352196018,0
30.72000000001456,-0.8636705656647912,-0.5425704718049456,0.3766325811152502,0,1.6148746686508497,0.16914695656090473,0
30.740000000014586,-0.8662342602888686,-0.5322400073279054,0.3667733547657417,0,1.61689873138814,0.16782166175617275,0
30.76000000001461,-0.8718851935128024,-0.5230937970382319,0.34913110753386706,0,1.6221409748179205,0.16119881496959865,0
30.780000000014635,-0.8775934605715624,-0.5125899314166747,0.3374878203939838,0,1.6277811675871194,0.1593077074837741,0
30.80000000001466,-0.8785995593030499,-0.5134231707630629,0.27148870347284226,0,1.629015857722772,0.12818526640393868,0
30.820000000014684,-0.8764814088004523,-0.5240000241375036,0.15869638930633775,0,1.6272220377448907,0.06934952182941556,0
30.840000000014708,-0.8740135557875645,-0.5353343071421879,0.04567604313956976,0,1.6249616630859065,0.007846832316209307,0
30.860000000014733,-0.8747959351069238,-0.5375436187779158,-0.021367478226122026,0,1.6257215314115334,-0.027101422419054444,0
30.880000000014757,-0.87392865857917,-0.5431818695676148,-0.09828299919421096,0,1.6253922595244406,-0.06589381016047668,0
30.90000000001478,-0.872618601646636,-0.5494201890139221,-0.1745533099588454,0,1.6240589257419322,-0.10718860121737017,0
30.920000000014806,-0.8730898094159223,-0.5533228303326486,-0.23583357261769516,0,1.6247607184724098,-0.1390853258166156,0
30.94000000001483,-0.8718611361867123,-0.557718029819493,-0.2944629408644864,0,1.6237922594312397,-0.16932097175812455,0
30.960000000014855,-0.8701538130717946,-0.562598965300826,-0.35028844722217917,0,1.6223181057758396,-0.19910088653935243,0
30.98000000001488,-0.8715949938825015,-0.5667685558171852,-0.39549020952885694,0,1.6237824787073558,-0.22340323047477395,0
31.000000000014904,-0.8739877056508741,-0.5699615275417806,-0.4289862165986006,0,1.626357235072495,-0.24149333560570785,0
31.020000000014928,-0.8756867156219387,-0.572302094091447,-0.4510239335394711,0,1.6282336934470913,-0.25340894848590745,0
31.040000000014953,-0.8762322525488146,-0.5739947220233661,-0.46219455256077274,0,1.6290356973913285,-0.25952032379605994,0
31.060000000014977,-0.8754390856482552,-0.5758549784209996,-0.4675714205985619,0,1.6283108690623986,-0.26294897418604557,0
31.080000000015,-0.8734831473290522,-0.5771807051540498,-0.46261696151482395,0,1.626492025881927,-0.26160298740098953,0
31.100000000015026,-0.872964724029315,-0.5779848832924597,-0.44724364422439,0,1.6258569238980647,-0.2544745222342055,0
31.12000000001505,-0.8741928909539343,-0.5784375680173728,-0.42344136016504413,0,1.6271046149055917,-0.24284167778218935,0
31.140000000015075,-0.8749633207151518,-0.5781870015152076,-0.3901588298707284,0,1.6279442734877891,-0.22643432440541744,0
31.1600000000151,-0.8738839604571352,-0.5782623086347488,-0.3520192915058292,0,1.6268693404251258,-0.20720825809403132,0
31.180000000015124,-0.8734231798785789,-0.5783102800128262,-0.30887113261686594,0,1.6265045850499111,-0.18590442681557517,0
31.200000000015148,-0.871958486418711,-0.5791342342321539,-0.2641619494750295,0,1.6250139599620532,-0.16388781029010424,0
31.220000000015173,-0.8712553348497505,-0.5821129700415297,-0.22548807049016892,0,1.6244909688162552,-0.14479694286799139,0
31.240000000015197,-0.8703017104051906,-0.5875337591276498,-0.1946733208773706,0,1.6238622983043576,-0.13109416402696783,0
31.26000000001522,-0.870231260608306,-0.5981947930116515,-0.1850198112220811,0,1.6244120232980117,-0.12873135739109953,0
31.280000000015246,-0.8718816287774638,-0.6070307421118208,-0.1656064196020329,0,1.6267209494025439,-0.12243356176963727,0
31.30000000001527,-0.8741360629525697,-0.6139735416543446,-0.13592511978761893,0,1.6295061252300373,-0.10940110608730347,0
31.320000000015295,-0.8753625014344999,-0.6222292843430169,-0.11310647322003428,0,1.6315580390061535,-0.10064822332489554,0
31.34000000001532,-0.8716436025500913,-0.622205254053726,-0.05368531365502058,0,1.6281518962946142,-0.07261133061725711,0
31.360000000015344,-0.8686207079463758,-0.6101294126016475,0.060553060979406985,0,1.6239258048394098,-0.01283743367315826,0
31.380000000015368,-0.8697640581376783,-0.6007116931671354,0.1586165110439741,0,1.624125413787425,0.040174008040115394,0
31.400000000015392,-0.8703709820295092,-0.5958064547399439,0.23060243796402569,0,1.6244751739959504,0.07823189370016781,0
31.420000000015417,-0.8718767775566031,-0.5919019342631805,0.29159357476847253,0,1.6256292020675138,0.10991118166005043,0
31.44000000001544,-0.8737401866930924,-0.5874961812420726,0.3489758309115826,0,1.6272127772484124,0.14008946599571037,0
31.460000000015466,-0.875096137719727,-0.5829153891089919,0.40169248539568614,0,1.6282961544970822,0.16799409757631367,0
31.48000000001549,-0.8760583880730116,-0.5782441363827235,0.4490561162142585,0,1.628987695153845,0.19323058234454482,0
31.500000000015515,-0.8768208629098787,-0.5735378178531636,0.490016291233188,0,1.6294935600744866,0.21520167077773,0
31.52000000001554,-0.8775106929749362,-0.5687769672211522,0.5235617078583504,0,1.629948415505154,0.2334416474509453,0
31.540000000015564,-0.8767762701030855,-0.5630870123019182,0.5542077548709394,0,1.6289453109221412,0.25129110674301725,0
31.560000000015588,-0.875010571263324,-0.5557672024301175,0.584150706020163,0,1.6268235386158536,0.2682728930157907,0
31.580000000015612,-0.8755486956710311,-0.5456614775819487,0.6189538469726312,0,1.62680312551097,0.28803377590247337,0
31.600000000015637,-0.8775104846415396,-0.5321229598272461,0.6621633365638996,0,1.6281871315057064,0.31358093002503007,0
31.62000000001566,-0.8813472505247201,-0.5191457704518403,0.695828348280628,0,1.6316320102479243,0.3350894900098478,0
31.640000000015686,-0.8847698401962851,-0.5105596406527522,0.7029369892316863,0,1.6348628015535678,0.34,0
31.66000000001571,-0.8879856836541167,-0.5038542670260253,0.6956455430688283,0,1.638065453239713,0.34,0
31.680000000015735,-0.8898294376453035,-0.4981852885562472,0.6778302981177778,0,1.6398575884103441,0.33323254268061486,0
31.70000000001576,-0.8877262325267266,-0.49860657413165554,0.6243891867639656,0,1.6379397859129978,0.3084431728667705,0
31.720000000015784,-0.8839093576052056,-0.5040819361935645,0.5404130915646642,0,1.6341501908264529,0.2643582562503535,0
31.740000000015808,-0.8814010050201625,-0.5060367006514451,0.47229692352482344,0,1.631790919179231,0.2301050494749386,0
31.760000000015832,-0.8787430633719214,-0.510942768368042,0.3889918942151595,0,1.6290712616870466,0.18652127313087652,0
31.780000000015857,-0.8760491217577525,-0.5152494997728823,0.3099930482435568,0,1.6266049849156965,0.14607811929133674,0
31.80000000001588,-0.8741346680542535,-0.5197916049615731,0.22896502193296278,0,1.6246867448911377,0.10465074980963274,0
31.820000000015906,-0.8707982145196577,-0.5250340693435975,0.1454175004687273,0,1.6216399527419485,0.06113569238325489,0
31.84000000001593,-0.8662395240376616,-0.5304506351475611,0.062428854264331195,0,1.617218942672815,0.017933961424953404,0
31.860000000015955,-0.8636797819566504,-0.5356347422952271,-0.017762475487778755,0,1.6147885842163907,-0.02357786804994033,0
31.88000000001598,-0.8630966275555573,-0.5408633657310229,-0.0952977859290876,0,1.6141101483622264,-0.06474165039380075,0
31.900000000016004,-0.863090874342352,-0.546702958410231,-0.1716781676420221,0,1.6143885431293197,-0.10484686851570202,0
31.920000000016028,-0.8639698050762394,-0.5513572541795213,-0.23669782806516013,0,1.6155138852963253,-0.13970351314127716,0
31.940000000016052,-0.8640178525952933,-0.5568059858088116,-0.29960162173066096,0,1.615739400637214,-0.171928186261064,0
31.960000000016077,-0.8666854902082329,-0.5617421121510238,-0.35428726809836053,0,1.6185238811164055,-0.201267455205713,0
31.9800000000161,-0.8707765560250824,-0.5660587164467744,-0.3996002647443201,0,1.6228830834549424,-0.22516164914696568,0
32.00000000001612,-0.8738220355226938,-0.5696778704819156,-0.4352104279185458,0,1.6261859161868404,-0.24428847762392492,0
32.020000000016076,-0.8756286863866602,-0.5729367668194743,-0.4618142008230543,0,1.628223770447001,-0.258780415894555,0
32.04000000001603,-0.8766390701792599,-0.5759071596938801,-0.4797175097971903,0,1.6294057402242952,-0.26912867228920523,0
32.06000000001598,-0.8771121789234599,-0.5789221967355995,-0.48976599858055714,0,1.6300849948969518,-0.2751396057634483,0
32.080000000015936,-0.8773534626364825,-0.5817256347616867,-0.49116066709800943,0,1.6305182176215889,-0.2767048595835473,0
32.10000000001589,-0.8761416703763183,-0.5854823353293249,-0.4897446992286857,0,1.629690471893641,-0.2767804900789077,0
32.12000000001584,-0.8749047804413573,-0.5905384588094676,-0.48723803607080723,0,1.628623284535644,-0.2771929909937296,0
32.140000000015796,-0.874543469007474,-0.5975384632614419,-0.48676016770347375,0,1.6287632856069052,-0.2791469063188834,0
32.16000000001575,-0.8752765447065757,-0.6086761844473128,-0.4995218858893183,0,1.6301742558643937,-0.2884695492661753,0
32.1800000000157,-0.8770775793671854,-0.6212912075401176,-0.513044842817468,0,1.6330598620776287,-0.29972515485027285,0
32.200000000015656,-0.8795339081612263,-0.6300568514897033,-0.5040834116215119,0,1.636317466088741,-0.2981657228700727,0
32.22000000001561,-0.8818859221277223,-0.6387662606514343,-0.4906370088753063,0,1.6394526457631464,-0.2937919769584718,0
32.24000000001556,-0.8822537591413917,-0.6438998423116122,-0.4568766310001056,0,1.6405372738344082,-0.2800644988856793,0
32.260000000015516,-0.8789231121710815,-0.6368563052975263,-0.3622945872333331,0,1.636813146965431,-0.2324864712116319,0
32.28000000001547,-0.8757333226238322,-0.6291589475085627,-0.262967141752106,0,1.6326499274965618,-0.17936255165029702,0
32.30000000001542,-0.8760509713313288,-0.6274518076258895,-0.19301806678700628,0,1.6328398016843513,-0.14410472001663077,0
32.320000000015376,-0.8736190130845175,-0.6203050625323426,-0.10103067426326306,0,1.6297483406491668,-0.09570458669953585,0
32.34000000001533,-0.8728314896784782,-0.6161807616871896,-0.024835785361629177,0,1.6287601395755815,-0.0568744938898984,0
32.36000000001528,-0.8691662942777552,-0.6103337770351661,0.056463911516763006,0,1.6243658209161604,-0.013586379751663324,0
32.38000000001524,-0.8684894276447972,-0.6048934039400659,0.1339759461856249,0,1.6233062020064288,0.026576816749494636,0
32.40000000001519,-0.8694137773897512,-0.5998412671278222,0.20699413533236094,0,1.623868755934811,0.06520487592739177,0
32.42000000001514,-0.8682495277526675,-0.5944980202698118,0.2762508324422453,0,1.6222063872589332,0.10128407299342301,0
32.4400000000151,-0.8709911000147902,-0.5898763217185168,0.3361566862771972,0,1.6245861531635184,0.13258019532347354,0
32.46000000001505,-0.8729767857804904,-0.5857611161685358,0.3876491556154208,0,1.6264888129204724,0.15984326946748562,0
32.480000000015,-0.8734059265078118,-0.5817098754954724,0.4318908683495133,0,1.6265005690245498,0.18375410334101994,0
32.50000000001496,-0.8752341765379008,-0.5786304684049571,0.46464035354593436,0,1.6281192498265626,0.20151271779781066,0
32.52000000001491,-0.8765914936804371,-0.5761220889216618,0.4871186862636939,0,1.6294436650760793,0.21330878087722693,0
32.540000000014864,-0.8756288526445445,-0.5739263655002323,0.5016372805312025,0,1.6284049914315373,0.2214588472900363,0
32.56000000001482,-0.8762545569556112,-0.5723839121424061,0.5050125239647101,0,1.6288658789966484,0.2240041194962763,0
32.58000000001477,-0.8770019864620547,-0.5716469168174408,0.4968541794414826,0,1.629650698777507,0.22022805172336324,0
32.600000000014724,-0.8757197143933776,-0.5711201682059097,0.4811197997763409,0,1.6282869087367804,0.2131665911646865,0
32.62000000001468,-0.8755912393386578,-0.5710946217774447,0.4553584021253848,0,1.6281563833625017,0.20021857364744045,0
32.64000000001463,-0.8746877613611816,-0.571932620501242,0.4190570920166283,0,1.6272756994157298,0.18245495087483743,0
32.660000000014584,-0.8748149879337312,-0.5728815225991982,0.3762361914338998,0,1.6274423330819068,0.16085360870698184,0
32.68000000001454,-0.8745447253566634,-0.5746389491412811,0.3243234044056634,0,1.6273917617700873,0.13421444728455478,0
32.70000000001449,-0.8740347990165857,-0.5763686082484988,0.2680804647687112,0,1.626880263257605,0.10605625479861236,0
32.720000000014444,-0.8734900659122365,-0.5780420926656311,0.20826406985684615,0,1.6264566790398594,0.0756237026154063,0
32.7400000000144,-0.8716852231487278,-0.5790342641184297,0.14856824157603551,0,1.6247935489883703,0.045297066835492394,0
32.76000000001435,-0.8699802804580214,-0.5783086484149178,0.09448917446294397,0,1.623024019572349,0.01809950970642893,0
32.780000000014304,-0.8700351476967906,-0.5755736152047078,0.04791450115166957,0,1.6228692575673327,-0.00440311226296175,0
32.80000000001426,-0.8694447309459283,-0.5685863993278463,0.019987313475828546,0,1.6219166522019781,-0.01742377662113115,0
32.82000000001421,-0.8693805421967354,-0.5583510557882426,0.007109540539001282,0,1.6212424522166398,-0.020202587138847372,0
32.840000000014165,-0.870766216035058,-0.5515861132651431,-0.020560263223122974,0,1.6222543203099862,-0.031738154710655,0
32.86000000001412,-0.8739212008260192,-0.5439994539889107,-0.04345630971397439,0,1.6250068910916557,-0.04121750710342398,0
32.88000000001407,-0.8745887331904644,-0.5378645707459554,-0.06924586804146757,0,1.6257666292742623,-0.05147153064411181,0
32.900000000014025,-0.8703567956745419,-0.5455596025689994,-0.15573270261066346,0,1.6217699754737924,-0.09520701464190817,0
32.92000000001398,-0.8691755888421999,-0.5581696896284646,-0.25953371617244325,0,1.62097728090145,-0.15183330816086982,0
32.94000000001393,-0.8703473334110114,-0.5664089888435132,-0.3368072416104408,0,1.6225448870062031,-0.19311612882678975,0
32.960000000013885,-0.870830430540867,-0.573550766776505,-0.40205430162635836,0,1.6234976590286108,-0.22796228691052223,0
32.98000000001384,-0.8723510171442658,-0.5815672875686049,-0.4629993901235278,0,1.625460539628221,-0.261007196084883,0
33.00000000001379,-0.8743248637565718,-0.591649792658967,-0.527133078655829,0,1.628059724661665,-0.29601947632194614,0
33.020000000013745,-0.875621309686924,-0.6031525279097637,-0.5901533742436418,0,1.6301685720405188,-0.3312574963133055,0
33.0400000000137,-0.8756646527885413,-0.6161663151531117,-0.6546768479057352,0,1.6312901126497577,-0.34,0
33.06000000001365,-0.8775039523516303,-0.622157728588106,-0.6860361132530512,0,1.633590934476165,-0.34,0
33.080000000013605,-0.8792119750463809,-0.6233059476294073,-0.6910101475610531,0,1.6353967309094528,-0.34,0
33.10000000001356,-0.8800047939231876,-0.6236648601937238,-0.6807056864970386,0,1.636266363303814,-0.34,0
33.12000000001351,-0.8809923341434032,-0.6238438548761545,-0.6541891666827507,0,1.6372807911877691,-0.34,0
33.140000000013465,-0.8810339002378765,-0.6240831523063022,-0.6134314913797426,0,1.6374287799023268,-0.34,0
33.16000000001342,-0.8798759794949897,-0.6249559342349603,-0.5659415389127213,0,1.636384585864846,-0.32859155532071416,0
33.18000000001337,-0.8798635412667224,-0.6270835540994878,-0.520425897145395,0,1.6364019856859855,-0.30576369906006695,0
33.200000000013326,-0.88032241737645,-0.6319447243449439,-0.49122528506642926,0,1.6373039590002512,-0.2924232603639356,0
33.22000000001328,-0.8814608659056252,-0.6396442084114082,-0.4790271872870742,0,1.6391704718433828,-0.28853695775075927,0
33.24000000001323,-0.8832787255967807,-0.645372966211658,-0.4552441253355722,0,1.6416574398433856,-0.27944806713169656,0
33.260000000013186,-0.8810160721907779,-0.6389369581362634,-0.3672393951011338,0,1.6390464872933483,-0.23546551384377734,0
33.28000000001314,-0.8776875230266044,-0.6314000742090523,-0.2681953381149645,0,1.6348866203561672,-0.18299392921323454,0
33.30000000001309,-0.8775114077098217,-0.6293474197652318,-0.19435132905870228,0,1.6344052649490366,-0.14524128948567894,0
33.320000000013046,-0.8753321433480485,-0.6219313833255417,-0.09863209319113214,0,1.631596900117059,-0.09499747854699514,0
33.340000000013,-0.8743401902164606,-0.6177127656196774,-0.021048880725984473,0,1.6302977927951061,-0.054751825643937435,0
33.36000000001295,-0.8705560282076046,-0.6123132059662298,0.05778798426497335,0,1.6259797232992061,-0.013574382083505032,0
33.380000000012906,-0.8696579209958895,-0.6068025459274242,0.13447215520692862,0,1.6245933524351799,0.02614485602741423,0
33.40000000001286,-0.8703647356124065,-0.6018800833118626,0.2058291695507695,0,1.6248666133228176,0.06379215193926502,0
33.42000000001281,-0.8697482418512523,-0.5964821587477008,0.2757887562761658,0,1.6240327361540667,0.09969175391990004,0
33.440000000012766,-0.8692217176325332,-0.5911459949746747,0.3389647013733076,0,1.623117386173104,0.13316623328094468,0
33.46000000001272,-0.8699390072021166,-0.5866279138703476,0.392202277841896,0,1.6233664748083423,0.16173636657764723,0
33.48000000001267,-0.8721446314144217,-0.5828948435202447,0.4350189025889841,0,1.625341481837993,0.18514218020895457,0
33.500000000012626,-0.8730385181487927,-0.5793421974563213,0.46991088087818395,0,1.6260953278179269,0.20335023734350433,0
33.52000000001258,-0.873582337276597,-0.5757423585025614,0.4977595951763692,0,1.6263293489489086,0.21886888397544446,0
33.54000000001253,-0.875427916571161,-0.5729444864146247,0.5144230852581755,0,1.628001729348419,0.22830529830490343,0
33.56000000001249,-0.8768447567740587,-0.5705612620206614,0.5216473409620478,0,1.6293278977167633,0.23278276651938357,0
33.58000000001244,-0.8776085194931558,-0.5683835254565748,0.5201004733970216,0,1.6300210634710481,0.23279995551078247,0
33.60000000001239,-0.8776988547791211,-0.5660633980914356,0.5120996812986714,0,1.6300401341116946,0.2300818721850073,0
33.62000000001235,-0.8759265755131256,-0.5625842984482696,0.5024679121421105,0,1.628102393226563,0.22586102102268257,0
33.6400000000123,-0.8740539082050666,-0.5578003984005858,0.49243790621423084,0,1.625991414142133,0.22222588162711832,0
33.66000000001225,-0.8743099018263213,-0.550234404159634,0.48863353800557907,0,1.6258028823985147,0.22217637184433614,0
33.68000000001221,-0.8756604699383721,-0.538670000444943,0.49755966433470183,0,1.6265769712582097,0.2299235994876161,0
33.70000000001216,-0.878662626799946,-0.5274759342066269,0.499795581317799,0,1.629229517419325,0.23557736286986186,0
33.720000000012114,-0.8808596018651752,-0.5192509670008691,0.48383956723728466,0,1.6312432433869313,0.2300786819768328,0
33.74000000001207,-0.8831912154450376,-0.5093387528782475,0.4733565836513639,0,1.6333186605528902,0.22785538191367816,0
33.76000000001202,-0.8846328510633562,-0.5057227378421648,0.4303896816720176,0,1.6348696831648084,0.20904074338103973,0
33.780000000011974,-0.8807982984927263,-0.5135675516906457,0.3296569884433424,0,1.6313751801341547,0.15740898366096334,0
33.80000000001193,-0.8747624322900646,-0.5236196438644315,0.21935734625642134,0,1.625495980011088,0.09829088961950005,0
33.82000000001188,-0.8745710919056245,-0.5257867579099644,0.14807076624859847,0,1.6251596310975256,0.06138487255996594,0
33.840000000011834,-0.8739676460302681,-0.532565330022918,0.059473302203280745,0,1.6248751873366762,0.016265587022360473,0
33.86000000001179,-0.8744327083236857,-0.5374726662523773,-0.01836919058756448,0,1.6254325214068472,-0.025098409227036766,0
33.88000000001174,-0.8702668512558551,-0.5438582774851349,-0.09898056180861674,0,1.6216878416311444,-0.06696579498713029,0
33.900000000011694,-0.8694632049707817,-0.5485980879565976,-0.16884977387939998,0,1.6208361158198226,-0.1037968222568546,0
33.92000000001165,-0.8688298738211598,-0.5535443782869985,-0.23541713332671838,0,1.620573277126534,-0.13880740378790635,0
33.9400000000116,-0.8689972881729959,-0.5595579894879361,-0.30220742679285917,0,1.6208269605295347,-0.1740770604887245,0
33.960000000011554,-0.8717306521649627,-0.5643631015775495,-0.35698304511027495,0,1.6237655209634316,-0.203274896564539,0
33.98000000001151,-0.8740411018638838,-0.5684144738638055,-0.4014021333315983,0,1.6263278508946506,-0.22698950830854647,0
34.00000000001146,-0.8755397902256337,-0.5720288433833559,-0.4365503517313526,0,1.6280614881692177,-0.24589182249851427,0
34.020000000011414,-0.8764417243492487,-0.5754183837745165,-0.4632878884346039,0,1.6291827547121933,-0.26047988982874526,0
34.04000000001137,-0.8769736124296348,-0.5786302669343746,-0.4817568783848577,0,1.629925519408554,-0.27080911573541266,0
34.06000000001132,-0.8772853474504988,-0.5817189859491492,-0.49216444923226765,0,1.630447810639663,-0.27693661811166703,0
34.080000000011275,-0.8768269679189834,-0.5850741937504736,-0.49639437218006494,0,1.6302896085883278,-0.28063470523803447,0
34.10000000001123,-0.8759320190628213,-0.5892977978764965,-0.4972089381180279,0,1.6296304934871912,-0.2818921457383541,0
34.12000000001118,-0.8759686562580905,-0.5951310224168133,-0.49830104010451437,0,1.6300748479406215,-0.2847263118062262,0
34.140000000011135,-0.8759271124966884,-0.6038246928963868,-0.5058782295163748,0,1.6305865315876373,-0.29089260417631313,0
34.16000000001109,-0.8767895269768605,-0.616974803963746,-0.5278736929743391,0,1.632464006286363,-0.3050321728806089,0
34.18000000001104,-0.8776732241161576,-0.6273582426131549,-0.5310091785903909,0,1.6341959287058159,-0.31082373081021863,0
34.200000000010995,-0.8800702658305027,-0.6363757960162327,-0.5228518296353994,0,1.637403976405253,-0.30961078619241644,0
34.22000000001095,-0.8829809881692818,-0.6448318852467966,-0.5086349419143225,0,1.6411902695216694,-0.3053040416750623,0
34.2400000000109,-0.8827271160445067,-0.6459045359421723,-0.45565580973813197,0,1.641213559699725,-0.28037324130542096,0
34.260000000010855,-0.8790664149832715,-0.6363595807619844,-0.34831692678421305,0,1.6366805339343018,-0.22455429525383663,0
34.28000000001081,-0.8787312870205515,-0.6324744625581704,-0.26709247431589656,0,1.6357518234377069,-0.1816336226079467,0
34.30000000001076,-0.8777137923452717,-0.6288770738922252,-0.18969865968154073,0,1.6346614873143102,-0.14289368882911702,0
34.320000000010715,-0.8760112871911139,-0.6227147540607015,-0.10235225383491225,0,1.6322929655308547,-0.09688106281982156,0
34.34000000001067,-0.8742866826344795,-0.6176621014463857,-0.022300238016690635,0,1.630330054722323,-0.05587683709248292,0
34.36000000001062,-0.87319301719976,-0.6129966936792872,0.0543887052442468,0,1.6287096359104727,-0.01591982535724057,0
34.380000000010575,-0.8715147247632222,-0.6065875174679722,0.1361318003299677,0,1.6265506415394173,0.02718110374661431,0
34.40000000001053,-0.8706903948131579,-0.6017610765058327,0.20753692688903477,0,1.6252128072765928,0.06468851980198465,0
34.42000000001048,-0.8703766737623878,-0.5965384032508274,0.27598569087457464,0,1.624536041597751,0.10016462623759059,0
34.440000000010436,-0.8723620558935408,-0.5918071918833385,0.336367427897135,0,1.6261341604030857,0.1321915611458473,0
34.46000000001039,-0.8733649945976545,-0.5879654221385849,0.3866038700713909,0,1.6269063744644607,0.15903515771555465,0
34.48000000001034,-0.8736902054806647,-0.5839382341737851,0.43151761511767006,0,1.6270508474963288,0.18279086801706534,0
34.500000000010296,-0.874365591698308,-0.5809493853166047,0.46383546615554194,0,1.6274072017712182,0.2003287239532252,0
34.52000000001025,-0.8739258106148828,-0.5780804117530587,0.48854625469319823,0,1.626962839120693,0.21353629979532673,0
34.5400000000102,-0.8735358565768323,-0.5752213906062781,0.5059637798779454,0,1.6262696956163156,0.2235029711539136,0
34.560000000010156,-0.8751912363518614,-0.57333738353065,0.5107889325193959,0,1.627772389266608,0.22682853205199716,0
34.58000000001011,-0.876325730097987,-0.5721524054523613,0.504758194860345,0,1.628911017998606,0.2242564503254647,0
34.60000000001006,-0.8769225041693303,-0.5714974807012264,0.4888826976522464,0,1.6294899490194403,0.21668895700775637,0
34.620000000010016,-0.8771316502118491,-0.571370110263969,0.4632225294284638,0,1.629716368274321,0.2042410524740108,0
34.64000000000997,-0.8769037889803816,-0.5713258096554564,0.43123369012029095,0,1.6294713147539797,0.18858826683605678,0
34.66000000000992,-0.8759302318423096,-0.5716267131043019,0.391422202131298,0,1.6286272934112795,0.16843348715500595,0
34.680000000009876,-0.872930862893548,-0.5707273762335782,0.3521629246475505,0,1.6255300740874752,0.14931897811119343,0
34.70000000000983,-0.8721911132582891,-0.5690467008812499,0.3118223755049944,0,1.6246834287089553,0.1291018182583219,0
34.72000000000978,-0.8711548448192041,-0.5652044956657204,0.2767486714701001,0,1.6234315847569074,0.11317628677898428,0
34.740000000009736,-0.8707658083520384,-0.5578422865521537,0.2549031155186171,0,1.6226834931420195,0.10365231421542243,0
34.76000000000969,-0.8718155987466112,-0.5464493445635543,0.24824733220545817,0,1.6231124263230912,0.10384662232932684,0
34.78000000000964,-0.8732436389088721,-0.5389330267742699,0.22261883689299986,0,1.6242887413639626,0.09403364819297644,0
34.8000000000096,-0.8752475131340699,-0.5305690428886154,0.19952283981898694,0,1.6258578692504018,0.08446366688289952,0
34.82000000000955,-0.8780650217679266,-0.5222866826990061,0.176857523282534,0,1.6285399572513148,0.0766169877955667,0
34.8400000000095,-0.8772197471141985,-0.5267475489716705,0.0953276797981453,0,1.628043221336524,0.03622602646921491,0
34.86000000000946,-0.874042830504148,-0.5399739076572659,-0.024610779179513875,0,1.625287522370471,-0.027907247843905303,0
34.88000000000941,-0.8715007650298772,-0.5482585240358816,-0.11652559485497142,0,1.6229397867717696,-0.07744874124846413,0
34.90000000000936,-0.8715441116131328,-0.5513603641601377,-0.17933061533680106,0,1.623084301331799,-0.11016313892187357,0
34.92000000000932,-0.8715825839823761,-0.5538272962132269,-0.23298699200671957,0,1.6234096105626192,-0.13715194814575482,0
34.94000000000927,-0.8695425394879268,-0.5604088217824125,-0.3004610500351466,0,1.6215811989554156,-0.17299813401329467,0
34.960000000009224,-0.8693032007543491,-0.5662741575818201,-0.35989652474323774,0,1.62159648234352,-0.20469277647009143,0
34.98000000000918,-0.8694158373741944,-0.5718332160090203,-0.4116235762918717,0,1.621965538452785,-0.23271094666658043,0
35.00000000000913,-0.871574965878016,-0.5774009129439139,-0.45634909804142865,0,1.6243535802700513,-0.2570849310433645,0
35.020000000009084,-0.8721597428161985,-0.58333219809783,-0.4952659178419613,0,1.6255176330910857,-0.27905879831778324,0
35.04000000000904,-0.8704917191229699,-0.5911676198531156,-0.5349786616888923,0,1.624298964622451,-0.300532605538941,0
35.06000000000899,-0.8725248517681014,-0.6013827309118627,-0.5773622754557388,0,1.626860444767296,-0.324371713705806,0
35.080000000008944,-0.8752778434979396,-0.6146210341884744,-0.626299505390419,0,1.630611807374384,-0.34,0
35.1000000000089,-0.8782367818993025,-0.6292808727883191,-0.6788910142605061,0,1.6349792316689593,-0.34,0
35.12000000000885,-0.8816084298860394,-0.6386817120305469,-0.7086714444854326,0,1.6391400264081526,-0.34,0
35.140000000008804,-0.8833951636623443,-0.6439271145927006,-0.7098136224289837,0,1.6416925226209431,-0.34,0
35.16000000000876,-0.8845714856983723,-0.6446332061923679,-0.6705301608272562,0,1.6427809712705077,-0.34,0
35.18000000000871,-0.8860757354631814,-0.6472464288885367,-0.6331827489076197,0,1.644531109073963,-0.34,0
35.200000000008664,-0.8868092649303255,-0.6508263592204717,-0.5938506601184177,0,1.6456398098401153,-0.34,0
35.22000000000862,-0.8854356025010437,-0.6475864937124656,-0.51471562626026,0,1.6442475470211726,-0.31124117836127896,0
35.24000000000857,-0.883020008553841,-0.642371334119531,-0.42361150358536587,0,1.6410704169437391,-0.263079014543935,0
35.260000000008525,-0.8817904868391521,-0.6392063621095112,-0.34662432751700306,0,1.639664851560429,-0.22388594072188028,0
35.28000000000848,-0.8789566743624674,-0.6343986043399452,-0.2661912511242022,0,1.6364786267739655,-0.18243219161816504,0
35.30000000000843,-0.8750586134841842,-0.6296326262443285,-0.18828828024674069,0,1.6319720829538298,-0.14176271827537157,0
35.320000000008385,-0.8716966602312691,-0.6248356415835465,-0.10921145821966884,0,1.6283706520295795,-0.1010322733897564,0
35.34000000000834,-0.8690035036733215,-0.6198092274175518,-0.028111724294921925,0,1.6252524632130374,-0.059716587790860975,0
35.36000000000829,-0.8675234563714604,-0.6142073852402382,0.0553007158558529,0,1.623036992934339,-0.01566100634823475,0
35.380000000008245,-0.8663941956329304,-0.6080800491123016,0.13795838466729118,0,1.6215151352288397,0.026985709141829073,0
35.4000000000082,-0.8688922498663174,-0.6034193124718679,0.2088493464964468,0,1.6235000188478235,0.06465804188681767,0
35.42000000000815,-0.870744009984051,-0.5979997561064974,0.27740220260797516,0,1.624943706070146,0.10059150343698109,0
35.440000000008105,-0.8725787679133603,-0.5937690592179475,0.3345922529460516,0,1.6265536906357334,0.13131975825037112,0
35.46000000000806,-0.8707569934907861,-0.5889332127737473,0.3889252255728302,0,1.624382684239897,0.15998886000946078,0
35.48000000000801,-0.871223217539002,-0.5843286655907292,0.4356016207269783,0,1.6244894931870169,0.18466176586737904,0
35.500000000007965,-0.8736675242484555,-0.5807796300809723,0.47076590375706057,0,1.6267012539156707,0.20324149069041364,0
35.52000000000792,-0.8746055908558182,-0.5777579418489369,0.49612542864223613,0,1.6275663851290503,0.21752684911914555,0
35.54000000000787,-0.8753514604560658,-0.5748416703666742,0.513884258442101,0,1.62807747677535,0.22742815369204772,0
35.560000000007825,-0.8762342524560702,-0.5724352091315223,0.5211233040498334,0,1.6288001058898378,0.23223901136213887,0
35.58000000000778,-0.8759005961370208,-0.5696585145674576,0.5224995266290905,0,1.6283781206421732,0.23377377912634878,0
35.60000000000773,-0.8761580638259817,-0.5667602193757886,0.5169725157332139,0,1.628448159609852,0.23202837660071807,0
35.620000000007686,-0.8763181245264953,-0.563506862076034,0.5061048630769092,0,1.6284637393537633,0.22767419842291714,0
35.64000000000764,-0.8756836826223181,-0.5581878481847253,0.498635921838066,0,1.627653986870403,0.2253311047733919,0
35.66000000000759,-0.8751224376953024,-0.5504863575508974,0.49513771351903524,0,1.6266708602498605,0.2255685115132564,0
35.680000000007546,-0.8767420352902597,-0.5382685133013366,0.5071827728339532,0,1.627706122309068,0.23550460538062534,0
35.7000000000075,-0.8778267156614757,-0.5272770849789873,0.5085132352979561,0,1.628428521726229,0.23976900590233852,0
35.72000000000745,-0.8794140294549883,-0.5184097833082693,0.4956468071304227,0,1.6296973929202543,0.23585263567722903,0
35.740000000007406,-0.8823486956762467,-0.5083991474188256,0.4850023572263034,0,1.6324708419454372,0.23386301670229925,0
35.76000000000736,-0.8832837855054041,-0.5072652721307749,0.43022800996987837,0,1.6335921132273243,0.20922232143849628,0
35.78000000000731,-0.8801456640517715,-0.5163154346648449,0.323530304595107,0,1.630718270239982,0.15386591281423612,0
35.800000000007266,-0.8779407834323999,-0.5253069998411465,0.218054919082105,0,1.6285483193415953,0.09702142183383278,0
35.82000000000722,-0.877985821876247,-0.5271325915107579,0.1492910815355403,0,1.6287103523370956,0.062169433275822916,0
35.84000000000717,-0.8751808535365178,-0.5346321165413573,0.057819094203771786,0,1.6262601855284184,0.014003216473378988,0
35.860000000007126,-0.8732811648691176,-0.5383594024336489,-0.01401669592837378,0,1.6244304693129805,-0.022679751958685435,0
35.88000000000708,-0.8713050073647957,-0.5451526247473677,-0.09656604089786824,0,1.6225602392196963,-0.06660105540728356,0
35.90000000000703,-0.8698175817883128,-0.5499847346042959,-0.16792692416755076,0,1.6215344907957825,-0.10361092895339419,0
35.920000000006986,-0.8687206974491865,-0.5555577360342612,-0.2373468542418009,0,1.6204398992532356,-0.14052772019354576,0
35.94000000000694,-0.8700695201520388,-0.5607238697950322,-0.30017368005109757,0,1.6219553760979626,-0.17334913310879307,0
35.96000000000689,-0.8726732459085075,-0.5648623449360504,-0.35165870391921294,0,1.6247615495624839,-0.2007403519700932,0
35.98000000000685,-0.8746577870094592,-0.5681289067981106,-0.39222104016521114,0,1.6269464675939977,-0.22239108188815804,0
36.0000000000068,-0.8749790009615029,-0.5712516535771475,-0.42524542692457995,0,1.6275849862513025,-0.23971890124169382,0
36.02000000000675,-0.8741185990268863,-0.5739156720211502,-0.44925842622269746,0,1.62692544203184,-0.25278479152594446,0
36.04000000000671,-0.873204609141752,-0.5767971546847582,-0.4665082470220767,0,1.6260433732348882,-0.2628590818347396,0
36.06000000000666,-0.8745885562792148,-0.5787297632521727,-0.47151955610518237,0,1.6274925988436013,-0.2662385581463411,0
36.08000000000661,-0.8758605282936233,-0.5799993362444239,-0.4659435603178535,0,1.6288741739451909,-0.26405290564985484,0
36.10000000000657,-0.8764522073081278,-0.5807373231987458,-0.45053468827141635,0,1.6295480825417348,-0.25673165897122696,0
36.12000000000652,-0.876485017252049,-0.5808585197328993,-0.4257240782242523,0,1.6296590015413164,-0.24461285945409328,0
36.140000000006474,-0.8751872953679174,-0.5808755492057202,-0.3929117315088391,0,1.6284000252971316,-0.2286602510945408,0
36.16000000000643,-0.8741219913192538,-0.5812288358097026,-0.3562513824547522,0,1.6272758060693853,-0.2103893453858794,0
36.18000000000638,-0.8728774130653619,-0.5823641641994493,-0.3181304224250432,0,1.6261862266085438,-0.191706828386337,0
36.200000000006334,-0.8703649423038174,-0.5848422227402684,-0.28129471729992855,0,1.6238627155536636,-0.17395309297412487,0
36.22000000000629,-0.8695974563186998,-0.5895161100293512,-0.2497060666415943,0,1.6232929258098154,-0.15894210274928167,0
36.24000000000624,-0.8701087769784697,-0.5983337869929578,-0.23426509420204286,0,1.6242838761830425,-0.15351093697967388,0
36.260000000006194,-0.8711251972519646,-0.6099374271647098,-0.22901751598000453,0,1.6263579713553087,-0.15507216791573786,0
36.28000000000615,-0.8719576006998114,-0.6181714637191327,-0.2060946365626055,0,1.627662812867265,-0.14557631545151528,0
36.3000000000061,-0.8745564402829954,-0.6272188004467444,-0.18598075006306625,0,1.6309679201430265,-0.13852070933799898,0
36.320000000006054,-0.8759346700192755,-0.6303252336138131,-0.13895656185613142,0,1.632990420819061,-0.11805196613989621,0
36.34000000000601,-0.8735669797001818,-0.6205173775850652,-0.03237964413772376,0,1.629832430162888,-0.06260488392207941,0
36.36000000000596,-0.8723437967173853,-0.6093399455796249,0.07760672674727837,0,1.6274536705392522,-0.003222928107859513,0
36.380000000005914,-0.8728315992940083,-0.6047408009718306,0.15215841096925045,0,1.627589410536002,0.03655316286883248,0
36.40000000000587,-0.8719416492450189,-0.602084920278606,0.21210040484795809,0,1.6265220526619577,0.06744012930454413,0
36.42000000000582,-0.8695522680976249,-0.5978810424520135,0.27394505260976043,0,1.6241664637464164,0.09863776127623414,0
36.440000000005774,-0.8696484560050838,-0.592569019396751,0.3362005772966069,0,1.6234573869933062,0.13182195826498821,0
36.46000000000573,-0.8725248721425046,-0.588446560787825,0.38778568600627306,0,1.6260117198145798,0.15934733199971896,0
36.48000000000568,-0.8748452793818772,-0.5852830068756132,0.4287815515480052,0,1.6281706587598503,0.18120873441588214,0
36.500000000005635,-0.874572339165321,-0.5814539190438129,0.46615416748690075,0,1.6277127777191664,0.20087454454422038,0
36.52000000000559,-0.8758372053656951,-0.5785823804197537,0.49099250407382344,0,1.6287706289809427,0.21464265827436613,0
36.54000000000554,-0.876975922052674,-0.5766585783635492,0.5033524156635237,0,1.6297987023596314,0.22185035446207269,0
36.560000000005495,-0.8765607573620131,-0.5753754663504256,0.505282672153844,0,1.6293497451828554,0.2236044745336685,0
36.58000000000545,-0.8768802337719479,-0.5745405815783948,0.49744049413444585,0,1.6295747775005331,0.22026957634442335,0
36.6000000000054,-0.8772608595715577,-0.5744494079771127,0.4789228861011835,0,1.6299604420145124,0.2113173390727774,0
36.620000000005355,-0.8761497391742954,-0.5744760622302296,0.4534290890584731,0,1.628928774796037,0.19830038759724422,0
36.64000000000531,-0.8761185373226712,-0.5756444995487038,0.4157722244961774,0,1.6289594294800955,0.17941100865246074,0
36.66000000000526,-0.875092354641595,-0.5772549819413189,0.3700242654904389,0,1.6280873853532303,0.15625005431114825,0
36.680000000005215,-0.8734822758056943,-0.5790648076224715,0.31810062621408136,0,1.6266023130990042,0.1296925139579448,0
36.70000000000517,-0.8727200272468275,-0.5811634595031235,0.2602326996081331,0,1.62587516096507,0.10041303568566051,0
36.72000000000512,-0.8725871175263966,-0.5839882176843312,0.1950401117354819,0,1.6259113339883897,0.06767650120651392,0
36.740000000005075,-0.8708546557060437,-0.5861295917824554,0.13010719751586397,0,1.6244071925657961,0.0343235148693648,0
36.76000000000503,-0.869611772153069,-0.5877615617039683,0.06535429129745476,0,1.6232107658310164,0.0008298454838566727,0
36.78000000000498,-0.8690867259717587,-0.5881781187368776,0.0046441057602596165,0,1.6226895525398821,-0.0296120407362388,0
36.800000000004935,-0.8692823869669938,-0.5867589511444802,-0.04843664140578216,0,1.6228021635863565,-0.055605552886173415,0
36.82000000000489,-0.8683700703245995,-0.5816512025269073,-0.08438785947171991,0,1.6216353217530592,-0.07284021915341743,0
36.84000000000484,-0.8673054600326525,-0.5717010401808974,-0.0971288342132396,0,1.6199929544487377,-0.07699801663192507,0
36.860000000004796,-0.868113118669241,-0.5640916867206879,-0.11842146082619322,0,1.6203352025900486,-0.08400614285877928,0
36.88000000000475,-0.8688784457535658,-0.5568909008913075,-0.13924711346561675,0,1.6206220918038035,-0.09272969611915083,0
36.9000000000047,-0.8703103369739292,-0.5504105450514418,-0.16050878332519414,0,1.6219289772366048,-0.10093326457938345,0
36.920000000004656,-0.8673971039001281,-0.5538786430030915,-0.2221365328574742,0,1.6191468844253112,-0.1318952015259418,0
36.94000000000461,-0.8669816422927656,-0.5652978976147346,-0.3155196534339862,0,1.6191039369714306,-0.18172146796035293,0
36.96000000000456,-0.8701095558933151,-0.5742297192841519,-0.3906065973578579,0,1.6226729254587615,-0.2222004380504674,0
36.980000000004516,-0.8726345933468703,-0.5830464284497496,-0.45656064809222136,0,1.625774492764958,-0.25798084313262626,0
37.00000000000447,-0.8743411835209031,-0.5931259617602539,-0.5204514373478344,0,1.6281230336104073,-0.29330122496725064,0
37.02000000000442,-0.8756157531442764,-0.605420077865476,-0.5868747480278921,0,1.6303920334286102,-0.3303020884206542,0
37.040000000004376,-0.8774898014635387,-0.6186090002963248,-0.6504948272944033,0,1.6332276172314957,-0.34,0
37.06000000000433,-0.8797044566417198,-0.6259527944696228,-0.687600627693162,0,1.636105920275132,-0.34,0
37.08000000000428,-0.8800368329715055,-0.6276329897886614,-0.6961156559717507,0,1.6367910533512333,-0.34,0
37.100000000004236,-0.8804699550622527,-0.6282190331133022,-0.6884155366869021,0,1.6372002654381292,-0.34,0
37.12000000000419,-0.8808029051335371,-0.6294887436293115,-0.668570152206432,0,1.637616751996189,-0.34,0
37.14000000000414,-0.8810694786905406,-0.6310681477787135,-0.6360105433886563,0,1.6380890968275454,-0.34,0
37.160000000004096,-0.8807578254798388,-0.6336083129569924,-0.5967526924205181,0,1.6378662361180496,-0.34,0
37.18000000000405,-0.8813339683127402,-0.6379251913854225,-0.5611869564570912,0,1.6389503846296796,-0.32988681793648955,0
37.200000000004,-0.8827101844416241,-0.6439901832818358,-0.5345035274108101,0,1.6407440041867551,-0.3177088450227681,0
37.22000000000396,-0.8846543362335882,-0.6496734814420928,-0.5087419414479082,0,1.6433437807180284,-0.30677588274477796,0
37.24000000000391,-0.8828181919435314,-0.6458281343416273,-0.43720296337680997,0,1.641452738645645,-0.2717429944800618,0
37.26000000000386,-0.8802212788089819,-0.6395369367009136,-0.3492854941981403,0,1.6380490421926353,-0.2252893427964866,0
37.28000000000382,-0.8798720408573508,-0.6373975268348269,-0.27817767016038747,0,1.637527576741072,-0.18936559060188363,0
37.30000000000377,-0.8758100150879593,-0.6308449947894057,-0.1863934922688226,0,1.6329299479413582,-0.14127775290826317,0
37.32000000000372,-0.8719895628088301,-0.626612162853289,-0.10727292797957816,0,1.628923809511136,-0.1010777528166622,0
37.34000000000368,-0.8680620383217702,-0.6209995762194245,-0.023946661676455996,0,1.624432487015154,-0.057982846386374076,0
37.36000000000363,-0.8636014391607596,-0.6151332545658468,0.0584788883071712,0,1.6193487607589725,-0.014153947957116664,0
37.380000000003584,-0.8636531771776459,-0.6104429339606356,0.1330255743581923,0,1.6188790675889297,0.024537487359353127,0
37.40000000000354,-0.8644936633551124,-0.6043897393866923,0.21038355131379255,0,1.6190954569250493,0.06499223045944857,0
37.42000000000349,-0.8688826192883382,-0.5996440783906185,0.276300345229588,0,1.6231506431630374,0.09949015757834379,0
37.440000000003444,-0.8711162878631035,-0.5951256890239539,0.3361287082155345,0,1.6251579123354176,0.13116453003764295,0
37.4600000000034,-0.8712149985499351,-0.5907445433774036,0.3890017791148319,0,1.6250123623207777,0.159471635778361,0
37.48000000000335,-0.8725496730916279,-0.5870103525584748,0.43148197374130304,0,1.6259891035501441,0.18180960533420154,0
37.500000000003304,-0.8746644217470902,-0.583828557362592,0.4650131114607256,0,1.6279697642886448,0.19950148797263534,0
37.52000000000326,-0.875081459620039,-0.5811450765673835,0.4890637197332284,0,1.6281536646393067,0.21309020176475157,0
37.54000000000321,-0.8763076258787608,-0.579257372321326,0.5017487183440507,0,1.6292581114988511,0.22041707977693714,0
37.560000000003164,-0.8759754706767309,-0.57723062084523,0.5077743971423953,0,1.6288716911514807,0.22391145039054794,0
37.58000000000312,-0.8767165151104372,-0.5763521720219217,0.5003748365339497,0,1.6295429912663515,0.22082389693479332,0
37.60000000000307,-0.8772026184691902,-0.5762804043494197,0.4816458466261353,0,1.6300447440431345,0.21177346775415984,0
37.620000000003024,-0.8761924390063603,-0.576969140974618,0.452734395175087,0,1.629182350526577,0.19724595342498907,0
37.64000000000298,-0.8749837364336351,-0.5777976910834447,0.4166187053873643,0,1.6279369321572903,0.1793861898727418,0
37.66000000000293,-0.8737742948427139,-0.5790410358366692,0.3726209419517981,0,1.6268813686781425,0.15727075311350758,0
37.680000000002885,-0.8728308872033028,-0.5809453927000819,0.3202990912273302,0,1.625950195857057,0.13079034194986439,0
37.70000000000284,-0.8722540384541578,-0.5825943546137365,0.2647075303862277,0,1.625508727676423,0.10258137996238292,0
37.72000000000279,-0.870913249302584,-0.5844873976176309,0.20368616756625285,0,1.6242545003794204,0.07142472515157205,0
37.740000000002745,-0.8706801132045243,-0.5857212803251158,0.1427255358372965,0,1.624091181724583,0.04061646307097111,0
37.7600000000027,-0.8708651804174784,-0.5863814945110976,0.08203774643893333,0,1.6243523712396215,0.01005768149033015,0
37.78000000000265,-0.8702526122869191,-0.584977636458635,0.029393048855290614,0,1.6236357715293703,-0.016405451071112243,0
37.800000000002605,-0.8694842289810107,-0.5804139249427148,-0.009377415350015201,0,1.622677612028788,-0.034789870420492086,0
37.82000000000256,-0.8693110653303303,-0.5712694917696528,-0.027085276157345368,0,1.6218954246315174,-0.0414653706640391,0
37.84000000000251,-0.8694055267684174,-0.5626846379773471,-0.045919491647268974,0,1.6215996923472342,-0.047805906867465886,0
37.860000000002465,-0.8656890586682154,-0.5551628832036976,-0.06870380842102031,0,1.617606539412781,-0.05737570089653943,0
37.88000000000242,-0.8675849301148302,-0.5467085632684995,-0.08496906164606863,0,1.6187662761741899,-0.06244517142625461,0
37.90000000000237,-0.8700070004473649,-0.5496069043141296,-0.1487259213416053,0,1.6214497781958284,-0.0935185913536496,0
37.920000000002325,-0.8676697343050059,-0.5618032505443888,-0.2513007449601972,0,1.6198773519922538,-0.14860643804647333,0
37.94000000000228,-0.8641548927334441,-0.5723724899247497,-0.3393302833708356,0,1.61681095213907,-0.19590298864742572,0
37.96000000000223,-0.8660559583157558,-0.5801013349788277,-0.4067680619776172,0,1.6190246508212454,-0.23251322392959373,0
37.980000000002185,-0.8687148684522592,-0.5889227115356821,-0.4718325514396389,0,1.6221660994234468,-0.2675883349865129,0
38.00000000000214,-0.8711712140703697,-0.5985206742518183,-0.5334781657509128,0,1.6253261288168745,-0.30116894804700145,0
38.02000000000209,-0.8735674222285732,-0.6098989714797125,-0.5963004301278494,0,1.6285654196062593,-0.3363493568312874,0
38.040000000002046,-0.8767838358116531,-0.6222621712483513,-0.658006749064643,0,1.6327953545945513,-0.34,0
38.060000000002,-0.8780730338646274,-0.6272567039367768,-0.6857025203119816,0,1.6347672959457522,-0.34,0
38.08000000000195,-0.8784430550485626,-0.6278610999126158,-0.6883984712590588,0,1.6350749765833539,-0.34,0
38.100000000001906,-0.8795517677799986,-0.6279871183885485,-0.6756202071483597,0,1.6362900115470416,-0.34,0
38.12000000000186,-0.87976281211647,-0.6280352883982594,-0.6472905076514336,0,1.6364376083570835,-0.34,0
38.14000000000181,-0.8798321221420526,-0.6275352468558755,-0.6021045875765684,0,1.6365061603319022,-0.34,0
38.160000000001766,-0.8791507502339945,-0.6274486576612092,-0.5489040467479508,0,1.6358160501573717,-0.3206539138072153,0
38.18000000000172,-0.87833521434924,-0.6282333456232063,-0.4980673012590327,0,1.6350781410350916,-0.29536165531697667,0
38.20000000000167,-0.8784255626698501,-0.6314453150726448,-0.4628884952650541,0,1.635382206377514,-0.2782802004097409,0
38.220000000001626,-0.8796002660983336,-0.6377648370792806,-0.44405303997854373,0,1.6371025010750824,-0.27068145766035534,0
38.24000000000158,-0.882001498207792,-0.6458735021849906,-0.4322634102776601,0,1.6402422061861248,-0.26719859754388775,0
38.26000000000153,-0.8821871496752753,-0.6481324901847176,-0.3867401374267705,0,1.641006214906201,-0.24668457933081744,0
38.280000000001486,-0.8784499659467376,-0.6384788370554678,-0.278149119348397,0,1.6364777699261508,-0.19107069061841875,0
38.30000000000144,-0.8767359463362161,-0.6314926961182277,-0.17962634576581651,0,1.633814752683758,-0.1384266432066601,0
38.32000000000139,-0.8768264223029575,-0.6294931409205444,-0.10756351168408053,0,1.6338474677513908,-0.10195736349769291,0
38.340000000001346,-0.8745084240670952,-0.6215571886901189,-0.012618373915414732,0,1.630701705556656,-0.05175081166625928,0
38.3600000000013,-0.8745794192521257,-0.6180179377374344,0.05788490125786763,0,1.63048264939502,-0.015129038195923705,0
38.38000000000125,-0.8733731070389661,-0.6115438277757227,0.13826071250592337,0,1.6286908035230714,0.02692618549600745,0
38.40000000000121,-0.8739471351178593,-0.6069952851832887,0.20672272562988422,0,1.6289911416202172,0.06227245235884005,0
38.42000000000116,-0.8721532997655648,-0.6019219924948664,0.2748540520875744,0,1.626729365592487,0.09843189505106364,0
38.44000000000111,-0.8730766101869906,-0.597020094774271,0.3365595371655791,0,1.6272171429147795,0.13101000826043885,0
38.46000000000107,-0.873449564638639,-0.5929527146873153,0.3880800333576457,0,1.627515388966828,0.15800911183040722,0
38.48000000000102,-0.8734858804595598,-0.5885240964494535,0.4350318592059851,0,1.6270566973953404,0.18313314305825568,0
38.50000000000097,-0.875100588869032,-0.5852285468954094,0.4687219121058942,0,1.6284102868290327,0.20143483142086382,0
38.52000000000093,-0.8764959655145925,-0.582655041191181,0.4915476161337509,0,1.629705197322008,0.21357950535616155,0
38.54000000000088,-0.8774044888748697,-0.5809109072332348,0.5030808795383179,0,1.6305141203677498,0.22026996282806532,0
38.560000000000834,-0.8766081120536077,-0.5793429704799965,0.5066203183495789,0,1.6296661313617293,0.22290380237371643,0
38.58000000000079,-0.8761990840010321,-0.5780620182173922,0.5015498142413766,0,1.6292070516227253,0.22123526501274182,0
38.60000000000074,-0.8750569191267235,-0.5772954598981664,0.4861710007455258,0,1.6279840135843329,0.21360873280406123,0
38.620000000000694,-0.8755546555737848,-0.5771803500820927,0.460754953658169,0,1.628440287602451,0.20111485456742506,0
38.64000000000065,-0.8760294679390586,-0.5778083239199657,0.4249398410209555,0,1.6289790337692212,0.183348818727175,0
38.6600000000006,-0.8759011268696966,-0.5787648371163289,0.38227093352912384,0,1.6289054518003565,0.16229232951548278,0
38.680000000000554,-0.8750362966467858,-0.5795172251354298,0.33505831128317654,0,1.6281339844641507,0.13796490636975278,0
38.70000000000051,-0.874148786846002,-0.5801323089255024,0.28425604079426,0,1.627366990989097,0.11197965458791681,0
38.72000000000046,-0.8693482861336668,-0.5791119885009869,0.23719136767453855,0,1.6226893086538876,0.0887288647279123,0
38.740000000000414,-0.8656270501847416,-0.5762452286366883,0.19502204012430527,0,1.618524129755262,0.06849954901909916,0
38.76000000000037,-0.8667872720037273,-0.569992408363077,0.1653961394807596,0,1.6192294814960717,0.05502090090941758,0
38.78000000000032,-0.8682110597347368,-0.559295199482448,0.15421889610956518,0,1.6201179155701213,0.052532885135641916,0
38.800000000000274,-0.8701641530120919,-0.5511808225062556,0.1307715155387244,0,1.6216157808712213,0.04407698657214554,0
38.82000000000023,-0.87286411827073,-0.5437961160030267,0.10340888378016043,0,1.6240627466964197,0.032736578676433536,0
38.84000000000018,-0.8753506182986592,-0.534996966048483,0.08410355081299484,0,1.6261817464081896,0.02600653888147275,0
38.860000000000134,-0.8754740914723048,-0.5374247214891916,0.015179365727028897,0,1.6265116067364096,-0.0077751289945080515,0
38.88000000000009,-0.8726039811869409,-0.5508282379153915,-0.10203818093503063,0,1.624254794219663,-0.06953374468085305,0
38.90000000000004,-0.872408221889348,-0.5595949818042956,-0.1924211017532651,0,1.624321411906046,-0.11870928434340633,0
38.92099999999999,-0.8727168674439647,-0.5639672109133178,-0.2589306069683247,0,1.6248869291301302,-0.1542105448467923,0
38.940999999999946,-0.8725956182445521,-0.5679911709892603,-0.3143198889888809,0,1.6249616873009027,-0.18305044245428848,0
38.9609999999999,-0.8729618435748225,-0.5726115610803707,-0.36659025753482066,0,1.6256385287303814,-0.2103770913014129,0
38.98099999999985,-0.8734165406770538,-0.5776062946538534,-0.4141974733343349,0,1.6262694754638045,-0.23585647152895328,0
39.000999999999806,-0.8749083342532923,-0.5826279512009322,-0.45595537185562135,0,1.628069084998033,-0.25816551689463196,0
39.02099999999976,-0.8758322320455941,-0.5883398981024667,-0.4936329120815933,0,1.6294568971413592,-0.2786299784925499,0
39.04099999999971,-0.8757555941500712,-0.5952230124610235,-0.5294844578402179,0,1.6297517333183327,-0.2992757552651919,0
39.060999999999666,-0.8760920261795736,-0.6042290679081935,-0.5670707101702689,0,1.6308384611035,-0.320410951412887,0
39.08099999999962,-0.8737135348702844,-0.6158854644224746,-0.60821289932641,0,1.6295867369253072,-0.34,0
39.10099999999957,-0.8711174013299952,-0.6303286102485869,-0.6574722917692483,0,1.6280682560985167,-0.34,0
39.120999999999526,-0.8710951891850658,-0.6418669051010619,-0.6930629460173957,0,1.629023382664675,-0.34,0
39.14099999999948,-0.8724618946242664,-0.6449438163360312,-0.672836252664547,0,1.6307195527624156,-0.34,0
39.16099999999943,-0.8758701595215187,-0.6447225104721339,-0.6229784013827656,0,1.634004905989653,-0.34,0
39.180999999999386,-0.8808441304542509,-0.6479341657839878,-0.5917420574302987,0,1.6391636075161145,-0.34,0
39.20099999999934,-0.8837980829828314,-0.6523156956788837,-0.5638434313701012,0,1.6426693968132309,-0.3350393832760501,0
39.22099999999929,-0.8853494340547308,-0.6538341045988935,-0.5170598970488586,0,1.6446054349891563,-0.3131492348992295,0
39.24099999999925,-0.8817554253083559,-0.6469533320339258,-0.4245888911669204,0,1.640437731094011,-0.2656827944753579,0
39.2609999999992,-0.8807771146404555,-0.6445887619064131,-0.35137209055621377,0,1.6391966651024303,-0.2277675103346739,0
39.28099999999915,-0.8769532861420422,-0.6387000067491384,-0.26276332010968795,0,1.634831437128706,-0.18154216971942638,0
39.30099999999911,-0.874689793135813,-0.6342768500273063,-0.1828286118645011,0,1.6321447608827515,-0.14085844570046713,0
39.32099999999906,-0.8717334252539697,-0.6295744640376685,-0.10186187647653208,0,1.628824365296851,-0.09865292550336102,0
39.34099999999901,-0.8699162531535412,-0.6240837452706604,-0.019213951546751238,0,1.6262391827975393,-0.05555386712645105,0
39.36099999999897,-0.867470517604034,-0.6183334610783258,0.06264139175529403,0,1.6234683899292954,-0.013202680318888715,0
39.38099999999892,-0.8675399484179017,-0.6133249835725507,0.13884772144122123,0,1.6230588490569575,0.02654341670346172,0
39.400999999998874,-0.8671927387911884,-0.6073639151474193,0.2152904995847618,0,1.6221186430473489,0.06651889757914464,0
39.42099999999883,-0.8702734121759393,-0.6025995484348659,0.28099877286106806,0,1.6247206504746932,0.10136727623403274,0
39.44099999999878,-0.872634823293791,-0.5981838283302049,0.3393685585805368,0,1.6269992385863823,0.13127270635725785,0
39.460999999998734,-0.8730887380759925,-0.5938147425291315,0.3915869606129695,0,1.6269972977756375,0.1596289118946419,0
39.48099999999869,-0.8748183514407353,-0.5903592624304359,0.43284545170983296,0,1.6284686716548264,0.18172614743178883,0
39.50099999999864,-0.8740466463681601,-0.586904421022254,0.4674949357471504,0,1.6275881954448514,0.2004800324546543,0
39.520999999998594,-0.8747262555216397,-0.5838689606590233,0.49225191936781426,0,1.6280056801805576,0.2135534195937967,0
39.54099999999855,-0.8762767449769147,-0.5818468779917927,0.5052122314291438,0,1.6294069735216181,0.22093743631074325,0
39.5609999999985,-0.8772968004054145,-0.5805924490490427,0.50665811630566,0,1.6303851537603073,0.22240351326227104,0
39.580999999998454,-0.8768490037813756,-0.579805140912513,0.49866931748740045,0,1.6299218460323226,0.2191319585584317,0
39.60099999999841,-0.8760482905849117,-0.5795527630431901,0.48121400621501204,0,1.6291298117171489,0.21093479592351794,0
39.62099999999836,-0.8750795755824773,-0.5796909993700576,0.4541682267770547,0,1.6281539234498597,0.1970454798677128,0
39.640999999998314,-0.8730358074776625,-0.5801362098538598,0.4198120307308753,0,1.6262583835195747,0.17997238613508104,0
39.66099999999827,-0.8725358740863453,-0.5810881301738606,0.3765347841217292,0,1.625638703846516,0.1586222779665838,0
39.68099999999822,-0.8728427987985199,-0.582254736192624,0.32706629428785633,0,1.6260680012681878,0.13342030603482558,0
39.700999999998174,-0.872333497700234,-0.583046431135106,0.2750362296060231,0,1.6256332216013671,0.10725135198079694,0
39.72099999999813,-0.8717907394654584,-0.5835474251259056,0.22002620574948933,0,1.6250854528135923,0.07953750545623506,0
39.74099999999808,-0.8712191488955476,-0.5831119819480513,0.16678751448598222,0,1.6245660063630096,0.05255807746716812,0
39.760999999998035,-0.869796636376509,-0.5803585005507879,0.12139384305497064,0,1.6229522628812951,0.031079565650331542,0
39.78099999999799,-0.8687823221607541,-0.5735126841213225,0.09337461572366146,0,1.6215235101920684,0.018355988628844466,0
39.80099999999794,-0.8702410692316689,-0.5629481528243913,0.08135597115520146,0,1.6222787117366468,0.015675669631002087,0
39.820999999997895,-0.8721465966098086,-0.5556070077233356,0.055114664316332815,0,1.623867584973865,0.0052103905796268,0
39.84099999999785,-0.8736100960105335,-0.5476190932394576,0.0321317005398831,0,1.6249121833214928,-0.004740849039784445,0
39.8609999999978,-0.8749069843707784,-0.5407258941775505,0.0065112252699114715,0,1.6260079025667264,-0.014405101275831722,0
39.880999999997755,-0.8739782286887946,-0.5474565345021098,-0.07942423623542993,0,1.6254793560212861,-0.05729131516251851,0
39.90099999999771,-0.8715695844192533,-0.5604499646207355,-0.1898719265604236,0,1.6236481253492314,-0.11725783456553929,0
39.92099999999766,-0.8711761812787197,-0.5677170567261,-0.2684502922684313,0,1.623528191067771,-0.15986982168022523,0
39.940999999997615,-0.8713092343356793,-0.5731134343715721,-0.330997303163102,0,1.6239020433828757,-0.19238936320444244,0
39.96099999999757,-0.8727199776966633,-0.5790000623755881,-0.38874092487568546,0,1.6256477746961913,-0.22313934853545625,0
39.98099999999752,-0.8730674751121829,-0.5858124587640656,-0.44401067372011016,0,1.6264481415815664,-0.2528677417954588,0
40.000999999997475,-0.873190799202388,-0.5943942790169425,-0.5016150668604878,0,1.6271748276142093,-0.28459495354346576,0
40.02099999999743,-0.8737000354706853,-0.6058348853954417,-0.5650738967820002,0,1.628477528607034,-0.3196678654211216,0
40.04099999999738,-0.8756981051224462,-0.6198274747147252,-0.6326820054456821,0,1.631448377129282,-0.34,0
40.060999999997335,-0.87838163200137,-0.6316001874693117,-0.6877732979158184,0,1.63534936117607,-0.34,0
40.08099999999729,-0.8801111149658254,-0.6364009942558917,-0.7112815403571927,0,1.6375890624563374,-0.34,0
40.10099999999724,-0.8794237920268696,-0.6386138456829655,-0.7153353403413797,0,1.637145642930389,-0.34,0
40.120999999997196,-0.8812777909237929,-0.6408312346650497,-0.7041130796544881,0,1.639020011088143,-0.34,0
40.14099999999715,-0.8827530114081782,-0.643949104230473,-0.6821165463950128,0,1.6408528535600224,-0.34,0
40.1609999999971,-0.88485748293882,-0.6472781624376948,-0.6492538396431464,0,1.6432805355803115,-0.34,0
40.180999999997056,-0.8865281314151818,-0.650461113211104,-0.6076357686277958,0,1.6453839416223246,-0.34,0
40.20099999999701,-0.8869781389145621,-0.654045157387132,-0.5636056413900833,0,1.6460836467418745,-0.3355559406048736,0
40.22099999999696,-0.8864907119062957,-0.6547103717823091,-0.5045172228066328,0,1.6458808378622503,-0.3073525651530695,0
40.240999999996916,-0.8803513909576139,-0.6482840502539582,-0.4141014192313541,0,1.6392557100001675,-0.259653379240796,0
40.26099999999687,-0.875122123484981,-0.6462937209534108,-0.34794887742040986,0,1.6336540507444082,-0.22610294636455253,0
40.28099999999682,-0.8739390019284766,-0.6408763919256509,-0.2654917829226084,0,1.631921874085541,-0.18434838742651238,0
40.300999999996776,-0.874748595390448,-0.6370182632108109,-0.18835313063066783,0,1.6323325363529573,-0.1443606213855122,0
40.32099999999673,-0.8740531069301424,-0.6314684111362021,-0.1029536987300709,0,1.6312677367981403,-0.1003072630282591,0
40.34099999999668,-0.8702274633490005,-0.6254489011685473,-0.016299728702513755,0,1.6269354708484522,-0.05545695142059115,0
40.360999999996636,-0.8673251631630763,-0.6202676255540596,0.06359329455441143,0,1.6237535225204147,-0.014245046357931113,0
40.38099999999659,-0.8666321514034498,-0.6151718195753595,0.14050256890053453,0,1.622153745599742,0.027064991217219614,0
40.40099999999654,-0.8666858908049834,-0.6092847960968507,0.21608834219186313,0,1.6217712481417474,0.0660187771722116,0
40.420999999996496,-0.8698988818041558,-0.603892641444844,0.2844712745343158,0,1.6244777554667311,0.10241427328911512,0
40.44099999999645,-0.872887530469589,-0.5997136102928139,0.341658557647772,0,1.6271673062673535,0.13276028219502445,0
40.4609999999964,-0.8747760073405746,-0.5960486614585934,0.39007544965528923,0,1.6289736347507107,0.157790253566098,0
40.48099999999636,-0.8739678049126658,-0.5918970234178426,0.43493147500451573,0,1.6278659230415644,0.18173072570634896,0
40.50099999999631,-0.8738912968031591,-0.5881363271883486,0.4709957006144712,0,1.6274823187439844,0.2012095574835695,0
40.52099999999626,-0.8736802341825483,-0.5850321979747454,0.49630769902778965,0,1.6271079315899364,0.21496514236907105,0
40.54099999999622,-0.8739352167298826,-0.5823357438251033,0.5123584628990995,0,1.6271946570585167,0.2242824925297291,0
40.56099999999617,-0.8747812895161274,-0.5800602304973697,0.5182891926732932,0,1.6277885546983109,0.22829043298181761,0
40.58099999999612,-0.8762451225120739,-0.5781772360621008,0.515132912144303,0,1.6291648121258757,0.22743114654053698,0
40.60099999999608,-0.87713779462383,-0.5767772614033463,0.502446779124161,0,1.6299720232552406,0.22208749303917363,0
40.62099999999603,-0.8770665590065597,-0.5749345573441568,0.4848300311848653,0,1.629826449257133,0.2139287362807205,0
40.640999999995984,-0.8761445236696708,-0.5724214849593189,0.4637522718187729,0,1.6288586589895526,0.20441925785135906,0
40.66099999999594,-0.8747491097733406,-0.5682699695211442,0.4440034226333201,0,1.6272485500262184,0.19489068575579993,0
40.68099999999589,-0.8732991314606309,-0.5618086696531146,0.42989653034656217,0,1.6254084189840587,0.19016800369989162,0
40.700999999995844,-0.8737152282692211,-0.5505999666918432,0.43217253552678336,0,1.625215924455121,0.19394594431465273,0
40.7209999999958,-0.8757781302539261,-0.5402816061239446,0.4261487752107199,0,1.6267775989541928,0.19504855936234833,0
40.74099999999575,-0.8776193915590148,-0.5322683937157634,0.406011697016393,0,1.628459657705648,0.18763834630620124,0
40.760999999995704,-0.8799822581949032,-0.5223823390535686,0.3926204802519089,0,1.6304960355707567,0.18357122592379316,0
40.78099999999566,-0.8809387041319311,-0.5183984027607342,0.34993251909979706,0,1.6313891974245356,0.16508624684031092,0
40.80099999999561,-0.8792258195082382,-0.5260789029002502,0.25002884466133546,0,1.6299982712858847,0.11366140454251927,0
40.820999999995564,-0.8753516680941776,-0.5379915036487584,0.13189050794294283,0,1.6264614043183645,0.050316438616821335,0
40.84099999999552,-0.8733541892671204,-0.5422056732325472,0.05336831227545514,0,1.6244991644007192,0.00897981597625419,0
40.86099999999547,-0.8731763455245518,-0.5457997384081839,-0.017750963079711742,0,1.6245356869375605,-0.026622623104800347,0
40.880999999995424,-0.8731693480123024,-0.55304794592458,-0.10206490312997339,0,1.6247939297504468,-0.0715299101476885,0
40.90099999999538,-0.8727266924251965,-0.5571382003450612,-0.16904783819225064,0,1.6247530087419704,-0.10614647257339249,0
40.92099999999533,-0.8692857679855471,-0.5633411886342947,-0.2408921072612454,0,1.621422095615597,-0.1444305683786382,0
40.940999999995284,-0.8709888106556873,-0.56850152857428,-0.30293493087729406,0,1.62325065750188,-0.17739328427127332,0
40.96099999999524,-0.8732698176611258,-0.5729143063688302,-0.35533752242346583,0,1.625837719823387,-0.2049061516806343,0
40.98099999999519,-0.8748958040799846,-0.5767979085098973,-0.3990877259034524,0,1.6277107632918895,-0.22800854572091,0
41.000999999995145,-0.8759570741114612,-0.5801418102893442,-0.43275490574745684,0,1.6290027336886066,-0.24614952905571252,0
41.0209999999951,-0.87666119391288,-0.5828934262600127,-0.45615651669346796,0,1.6298909313777963,-0.25895684839464406,0
41.04099999999505,-0.877085263109856,-0.5852183892765204,-0.4700364481185065,0,1.6304739503299037,-0.26685263171406004,0
41.060999999995005,-0.8772925201488422,-0.5871094171035833,-0.4743750902766352,0,1.6308162794375733,-0.2698040580869132,0
41.08099999999496,-0.8773584362441598,-0.5884485724931404,-0.46844017385706754,0,1.6309804911743366,-0.2676328882523036,0
41.10099999999491,-0.8771919262965197,-0.5897902857000058,-0.4558446048108029,0,1.6308911111230053,-0.26214724651182864,0
41.120999999994865,-0.8768592462269146,-0.5910971076323973,-0.4357911132122845,0,1.6306676059341914,-0.25243914985031757,0
41.14099999999482,-0.8744599620726635,-0.5927897868089795,-0.4113756498275705,0,1.6285583642955705,-0.24085424014674395,0
41.16099999999477,-0.8728999063860281,-0.5954659765976065,-0.38483460562111543,0,1.6270323159941025,-0.22880572441191127,0
41.180999999994725,-0.8726479665036757,-0.6002766332832217,-0.36279382894982304,0,1.627043544755837,-0.21878647101638782,0
41.20099999999468,-0.8740261197674227,-0.6084093660044929,-0.3510106905512798,0,1.6289604919409661,-0.2148251735564437,0
41.22099999999463,-0.8749636837306308,-0.6204663982962488,-0.3532185919974702,0,1.630926988423656,-0.2196924974696155,0
41.240999999994585,-0.8755097838042238,-0.6286663286965465,-0.33407633756260896,0,1.632276519946488,-0.2130425428612004,0
41.26099999999454,-0.8771386663362649,-0.6369249761919511,-0.31253930621052123,0,1.6345558280430057,-0.20489693637829354,0
41.28099999999449,-0.8803640263853273,-0.645162500434388,-0.2894873787745185,0,1.6385813919871153,-0.19638027107526268,0
41.300999999994445,-0.8795211172502253,-0.6415464788970116,-0.21024618017006,0,1.6376807800541828,-0.15745515717052116,0
41.3209999999944,-0.8755178143344994,-0.6294321034451893,-0.09139611902816394,0,1.632591464027449,-0.09385609780433724,0
41.34099999999435,-0.8726524216988861,-0.623497286756939,-0.004348448476818124,0,1.6289933392876421,-0.04799925036109687,0
41.360999999994306,-0.8730372764432082,-0.6213134292680011,0.06140471844849211,0,1.6292147032125492,-0.014792390555845136,0
41.38099999999426,-0.8718161712268169,-0.6139709982599456,0.14635916659384093,0,1.6273214400924765,0.030122372157415978,0
41.40099999999421,-0.8728667202068905,-0.6087283422479893,0.21792032368487632,0,1.6279615367375804,0.06748216108440497,0
41.420999999994166,-0.8741410885102135,-0.604198776373123,0.2824295659692772,0,1.6289074958469718,0.10121500039563758,0
41.44099999999412,-0.8750818504576957,-0.6002570161327578,0.3388529916555854,0,1.629518449793384,0.1310602328415349,0
41.46099999999407,-0.8735833875477358,-0.5956805299458017,0.3921084208971373,0,1.6277974816459648,0.15935655639430624,0
41.480999999994026,-0.8727563741028014,-0.5910273187057915,0.43940251569467637,0,1.6265160232023828,0.18456040982449018,0
41.50099999999398,-0.8744227182827984,-0.5874211398650175,0.4743049224386619,0,1.6278650162315935,0.20349908511512504,0
41.52099999999393,-0.8761381161475963,-0.5844652172020414,0.4987976619392858,0,1.6294051079787115,0.21698039671271752,0
41.540999999993886,-0.8772457828145412,-0.581974604748791,0.513601968422397,0,1.6303827459035765,0.22540623577012364,0
41.56099999999384,-0.8778206762220232,-0.5797664053682338,0.5195379933823704,0,1.6308451628606044,0.22924969679697793,0
41.58099999999379,-0.8780341807961212,-0.5778956537904255,0.5163392378358256,0,1.6309726038215588,0.22831752671743244,0
41.600999999993746,-0.8780404915425006,-0.5763989878593394,0.5040436522702957,0,1.6309151331720193,0.22254736044815582,0
41.6209999999937,-0.8777094993317118,-0.5746402700608516,0.4859845333442381,0,1.630485879673079,0.21470437573858137,0
41.64099999999365,-0.8770621031643564,-0.5717655899807328,0.4666347947667502,0,1.6296968822203977,0.20573433618861614,0
41.66099999999361,-0.8759741723832735,-0.5678915473918053,0.44586866005645975,0,1.6283958822935494,0.19648995728176866,0
41.68099999999356,-0.8749028682603771,-0.560978686923372,0.4336560315411679,0,1.6269854048049819,0.1922479323139239,0
41.70099999999351,-0.8754644483706746,-0.5499030920311375,0.43560971389576264,0,1.6269171671994578,0.19592298507788253,0
41.72099999999347,-0.876854826093515,-0.5396327509778155,0.42923839547072923,0,1.6279144308845719,0.19702310212083662,0
41.74099999999342,-0.8780680824433714,-0.5314301624051309,0.4099690203581343,0,1.6287620318826765,0.1893325740851326,0
41.76099999999337,-0.8810352563632682,-0.5217816509935039,0.3950038635120263,0,1.6313868916413645,0.18491546043410145,0
41.78099999999333,-0.8828366403208272,-0.5181618610180998,0.3510173697082611,0,1.6333996208735775,0.1660151433093422,0
41.80099999999328,-0.8794442642075208,-0.5259808774655741,0.25040377746649334,0,1.6302733402203218,0.11402318632080388,0
41.820999999993234,-0.875087199253217,-0.538129338663648,0.13124384981752968,0,1.6262842003711107,0.05055816011248293,0
41.84099999999319,-0.8748345520504126,-0.5415883281038237,0.05590017514155037,0,1.625935848428712,0.010543116324294832,0
41.86099999999314,-0.8745406696225009,-0.5460732405340268,-0.019547929804540384,0,1.6259376402470287,-0.027525185964743404,0
41.880999999993094,-0.8737966646190564,-0.5532058006702255,-0.10370705571514266,0,1.625397455122766,-0.07265318253943231,0
41.90099999999305,-0.8740931604401825,-0.5570086485877042,-0.16887182628734498,0,1.625982333672035,-0.10596179488586643,0
41.920999999993,-0.8734597699659553,-0.5636817216384234,-0.24292856970539514,0,1.625569039993846,-0.14551435305047034,0
41.940999999992954,-0.8742537245325257,-0.5687484048576067,-0.30463046701279445,0,1.6266013740021612,-0.17826787587002935,0
41.96099999999291,-0.8751431505915764,-0.5730528285589034,-0.35667101088044406,0,1.6277319818021074,-0.20589696102653599,0
41.98099999999286,-0.8758166200564095,-0.577112235263626,-0.40042860461161983,0,1.628701079134577,-0.22881045733006777,0
42.000999999992814,-0.8763988268925509,-0.5806062070439206,-0.4346168252490089,0,1.6294968191246344,-0.24722511118048196,0
42.02099999999277,-0.8768527559665243,-0.583706645874082,-0.45959057131757347,0,1.630150100268691,-0.26087168702323105,0
42.04099999999272,-0.8771984321409209,-0.5864310059856326,-0.47566818719536974,0,1.630638577434435,-0.2703923988626702,0
42.060999999992674,-0.877346692748721,-0.5892567533815773,-0.4845154108784694,0,1.6309874029734943,-0.2757612061902408,0
42.08099999999263,-0.8760578731974304,-0.5921818545163771,-0.4866799123320104,0,1.630054474223036,-0.27782774628602236,0
42.10099999999258,-0.8745373299113085,-0.5959564336352928,-0.48477234806235137,0,1.6286603443539736,-0.27771922477175837,0
42.120999999992534,-0.8747369199535602,-0.6006301764688641,-0.4801123881237011,0,1.6291423039519488,-0.27674405510558975,0
42.14099999999249,-0.8747171036263907,-0.6074103172885053,-0.47865261932549485,0,1.6296827943887082,-0.2786694325073249,0
42.16099999999244,-0.8751532764696213,-0.618322701389941,-0.48992995747921186,0,1.6308840184868014,-0.2863959481675944,0
42.180999999992395,-0.8758531954578013,-0.6307174320536895,-0.502239220111953,0,1.6327029208999537,-0.29704511834153813,0
42.20099999999235,-0.8784038177508431,-0.6393166179375579,-0.49178062166329173,0,1.636017577349786,-0.2950557044304034,0
42.2209999999923,-0.8814453247992506,-0.6485299809762075,-0.48036610423473264,0,1.6398634686794056,-0.29179037322628854,0
42.240999999992255,-0.8840069453367226,-0.6545414957904551,-0.4511326446179911,0,1.643295829662861,-0.28029177275305583,0
42.26099999999221,-0.8809728352998786,-0.6479469910013305,-0.3586767785233137,0,1.639929734519532,-0.23338065664005914,0
42.28099999999216,-0.8776173854315041,-0.6393239251799105,-0.2545896058129312,0,1.6355150985771898,-0.1784897051546035,0
42.300999999992115,-0.8765833606276675,-0.6377797758449031,-0.18556869876959756,0,1.6342587583019066,-0.1428644079551693,0
42.32099999999207,-0.874394556012013,-0.6310390470666832,-0.0951885659625182,0,1.631556881195058,-0.09595955992896399,0
42.34099999999202,-0.8735941485566938,-0.6269303991309958,-0.018944415622571334,0,1.630290179117417,-0.05644015736800845,0
42.360999999991975,-0.8723398921197442,-0.6204138708526921,0.06585880212605268,0,1.6284234650106182,-0.012243863494095786,0
42.38099999999193,-0.8718650313002414,-0.6158818492290226,0.1390302628087914,0,1.6278182805941488,0.025313490109394543,0
42.40099999999188,-0.869905991156301,-0.6097778603949366,0.21577378680879022,0,1.625038084399367,0.06616358258197952,0
42.420999999991835,-0.8719020772579559,-0.6047154187681573,0.28300749434418926,0,1.6266184461859465,0.10121611237818895,0
42.44099999999179,-0.8733397928007374,-0.6004595469744932,0.3412092381049491,0,1.6278014223269737,0.13241354019721063,0
42.46099999999174,-0.871645977897154,-0.5966172133164833,0.390855982503839,0,1.6258701236417412,0.15876855843336513,0
42.480999999991695,-0.8703192046775774,-0.592197144291084,0.43644689866504705,0,1.6241368368779594,0.18274678178576043,0
42.50099999999165,-0.8728240791352584,-0.5889452583889865,0.469576424898891,0,1.6263360202723707,0.2005892129207485,0
42.5209999999916,-0.8753006255770153,-0.5865404640926121,0.4916999672455515,0,1.6286754872396623,0.21281508186485154,0
42.540999999991556,-0.8761817110195654,-0.5845928736633231,0.5044987327949702,0,1.6296671058210783,0.219420494156632,0
42.56099999999151,-0.8750729895420145,-0.5828925979223815,0.5087625372728116,0,1.6282881248918484,0.22299321644221082,0
42.58099999999146,-0.8760446981285758,-0.5818580061383345,0.5017257117676106,0,1.629156325955935,0.2201161382557999,0
42.600999999991416,-0.8768550963326228,-0.5816086762533356,0.4834466793547431,0,1.6299785966667193,0.2113125239756879,0
42.62099999999137,-0.8770741260376597,-0.5819280870469041,0.4555413886075614,0,1.6302470453915405,0.19746061203208232,0
42.64099999999132,-0.876844458240364,-0.5828466488482716,0.4184272886446629,0,1.6300998236645292,0.1787588249602723,0
42.660999999991276,-0.8763789324941618,-0.5844961645831755,0.3721241840605809,0,1.6297668308051994,0.15514371174051278,0
42.68099999999123,-0.8757875184270251,-0.5867265753273618,0.3177101153516768,0,1.6293509659016876,0.12734771348877083,0
42.70099999999118,-0.8750929758783266,-0.5891622109636122,0.25842197606495,0,1.6287647381818606,0.09740591034231105,0
42.720999999991136,-0.874390083821404,-0.591813455990586,0.19404795556635845,0,1.6282660132975642,0.06429111501149753,0
42.74099999999109,-0.8731445182335138,-0.5946925398179362,0.12565296759418051,0,1.6272999665986476,0.02962769910818297,0
42.76099999999104,-0.8719345111583304,-0.5968671764479369,0.05832858277196918,0,1.6261209031390573,-0.004929831668695872,0
42.780999999990996,-0.8711824981073428,-0.5980752148751368,-0.006051843241216883,0,1.6255113019954894,-0.03750546830182522,0
42.80099999999095,-0.8701127030497007,-0.5977018598422069,-0.06374465223325368,0,1.6243738730929231,-0.06675057900894066,0
42.8209999999909,-0.8694969196526702,-0.5943073291258437,-0.10733958507521017,0,1.6235876797468078,-0.08823099576567262,0
42.840999999990856,-0.8690366990777366,-0.5863007229775673,-0.12868268296069335,0,1.6225793981175456,-0.09686908097392033,0
42.86099999999081,-0.8692770284938641,-0.5764906026136478,-0.13956225841852427,0,1.622102646646136,-0.09904314835555339,0
42.88099999999076,-0.8705058597504056,-0.5695605685109981,-0.1611611336718649,0,1.6229282528050804,-0.10797064316095462,0
42.90099999999072,-0.8731488832238345,-0.5624358511042713,-0.17901933143301027,0,1.625125380749939,-0.11416479235444421,0
42.92099999999067,-0.8743054700217433,-0.561485860701099,-0.22063071179356933,0,1.6263849384724638,-0.1330957697924311,0
42.94099999999062,-0.8733377871848704,-0.5720200718839843,-0.31019705695532873,0,1.6259362658508927,-0.18103690251492055,0
42.96099999999058,-0.8738401026884312,-0.5807766824964539,-0.38501591899321475,0,1.6269086143318723,-0.2215206600280477,0
42.98099999999053,-0.8735590731843992,-0.5887444545616075,-0.44750050475825653,0,1.6271207048749665,-0.25571375369900884,0
43.00099999999048,-0.8741767610222818,-0.5979528048841676,-0.5068221026057257,0,1.628388749258214,-0.2879209544054797,0
43.02099999999044,-0.876049595323543,-0.6093037289051745,-0.5679510354473046,0,1.6310062149236164,-0.32161691495083566,0
43.04099999999039,-0.8776553301674551,-0.6230832798074689,-0.6333250076659003,0,1.6337985260149723,-0.34,0
43.060999999990344,-0.8795465002975741,-0.6341848955931153,-0.6859553611943582,0,1.636653512581308,-0.34,0
43.0809999999903,-0.8807545946659525,-0.6378682529894267,-0.7042222040750187,0,1.6382662217616746,-0.34,0
43.10099999999025,-0.8802153890476755,-0.6397930852331373,-0.7060480256508761,0,1.6380237097337624,-0.34,0
43.120999999990204,-0.8812794568550858,-0.6419762276367086,-0.6941336840607394,0,1.6392081944990216,-0.34,0
43.14099999999016,-0.8822382102785985,-0.6450345921787588,-0.671215909685921,0,1.640554077886377,-0.34,0
43.16099999999011,-0.8825653319146961,-0.6476031995293018,-0.6313312728168421,0,1.6411398042533596,-0.34,0
43.180999999990064,-0.8829784893700227,-0.6508821448240631,-0.587395764957354,0,1.6417508059689745,-0.34,0
43.20099999999002,-0.8846001173510605,-0.6551546531852906,-0.5480465650294617,0,1.6437871661029229,-0.3281098060448526,0
43.22099999998997,-0.8841509362195953,-0.6579008560896309,-0.5047943623443328,0,1.6439393728370981,-0.3081164441742439,0
43.240999999989924,-0.8807815003463411,-0.6509344596493751,-0.4159684199117653,0,1.6398963898928527,-0.26249056654114367,0
43.26099999998988,-0.8802901973129893,-0.6481127078929726,-0.3454893077208491,0,1.6388496546226214,-0.22542819056085506,0
43.28099999998983,-0.8778840123569476,-0.6442687274588064,-0.268950225775165,0,1.6364059794847954,-0.18702915908023376,0
43.300999999989784,-0.8751475426782617,-0.6396478640112333,-0.18784148185894767,0,1.6330189275030849,-0.14466368774259974,0
43.32099999998974,-0.8734380322635217,-0.633673620298344,-0.0996155332902307,0,1.6309150109950121,-0.09955542079034263,0
43.34099999998969,-0.8689623876064954,-0.6283632877904932,-0.015877166919370602,0,1.6260393436207028,-0.05615329983053807,0
43.360999999989644,-0.8664025886554568,-0.6233199174060213,0.06383888137936172,0,1.6227908839293685,-0.014250188838372813,0
43.3809999999896,-0.8658211392023619,-0.6181000166170111,0.140922307931183,0,1.6218053379807347,0.025791694374739826,0
43.40099999998955,-0.8663750078456535,-0.6127320509506813,0.2145016410320707,0,1.621655055169676,0.06454733534761181,0
43.420999999989505,-0.8691303315230352,-0.6079461340772983,0.2801150578289755,0,1.6241708661725407,0.09865146963253624,0
43.44099999998946,-0.8713143229194118,-0.6030495361027237,0.3408568654068844,0,1.6258591441903731,0.1310886996911269,0
43.46099999998941,-0.872725928355548,-0.59908846668465,0.39114819697625397,0,1.6271334779895337,0.15735739763223444,0
43.480999999989365,-0.8721350255757181,-0.5950656694542005,0.43621535868572275,0,1.626266417288837,0.18123855045142956,0
43.50099999998932,-0.8718512680144505,-0.591586620089114,0.4707115319303636,0,1.6256603890433954,0.20019730460814467,0
43.52099999998927,-0.8725929867169034,-0.5884223610255065,0.4961912470886391,0,1.6261824008345391,0.21455395335693672,0
43.540999999989225,-0.8732057719301721,-0.5856372442947025,0.5123877707276777,0,1.6265767969311535,0.2233253380859661,0
43.56099999998918,-0.874875350637217,-0.5834434885767256,0.5179315311534686,0,1.6281193773312002,0.22697563198471893,0
43.58099999998913,-0.8760038244864091,-0.5814720814897789,0.5155397352820258,0,1.6291365562244595,0.2265533212087092,0
43.600999999989085,-0.8769207571007702,-0.5799209829220201,0.5035689340585657,0,1.6299431522521473,0.22164390590965777,0
43.62099999998904,-0.8758139623155384,-0.5779596212375157,0.48656631598753003,0,1.6288857613989425,0.21418858500107563,0
43.64099999998899,-0.8739172085558814,-0.5749312840898868,0.4679029240813718,0,1.626724187086997,0.20521432476793766,0
43.660999999988945,-0.8722104235812883,-0.5704883690287023,0.4496861226414669,0,1.624932822209092,0.19824239321896187,0
43.6809999999889,-0.869035949451615,-0.562620776246753,0.44169512838979824,0,1.6211584535141317,0.1956552179684068,0
43.70099999998885,-0.8713212379987579,-0.5503823047453875,0.4480644358591897,0,1.6226987143177984,0.2020004023560884,0
43.720999999988805,-0.8750729569362081,-0.5399613768588319,0.4423613403308944,0,1.6259887499308925,0.20306833451065165,0
43.74099999998876,-0.878997973101136,-0.5312094757835136,0.42566221604942256,0,1.6296605518813518,0.19755682455421164,0
43.76099999998871,-0.8821601299129489,-0.5210249461175926,0.41397491951517984,0,1.632576338297421,0.19463112447510977,0
43.780999999988666,-0.8816427649303875,-0.5214355384879299,0.35014496784892046,0,1.6322952607778727,0.16509096603362394,0
43.80099999998862,-0.8782741344196093,-0.531411910229915,0.23888305846945246,0,1.629243558331813,0.10704465882105207,0
43.82099999998857,-0.8757942328968576,-0.5412823312009268,0.13041269082620338,0,1.626939484864965,0.04844943834020876,0
43.840999999988526,-0.8749471536395602,-0.5433298817473583,0.06228112565126593,0,1.6262556797377326,0.013370952592396401,0
43.86099999998848,-0.8725705940175321,-0.5505261395826312,-0.02507841262319309,0,1.6241916216880665,-0.03206215996965245,0
43.88099999998843,-0.8723775848678303,-0.5544759482119648,-0.09457562973805027,0,1.6241958612937286,-0.06882795774311501,0
43.900999999988386,-0.8698674544856322,-0.5606455170261737,-0.17044599754279577,0,1.621848777002494,-0.10819649378639329,0
43.92099999998834,-0.8712898128828528,-0.565110694481163,-0.2348616392052175,0,1.623443766845753,-0.1422159289753031,0
43.94099999998829,-0.8701300643494666,-0.5702663816494921,-0.2976555447757605,0,1.6226249083088087,-0.1753996908840405,0
43.960999999988246,-0.8716069379432891,-0.5749141930173226,-0.35147916989828365,0,1.6242694196387075,-0.20354916432950532,0
43.9809999999882,-0.8739098413059688,-0.5782476195842482,-0.392214406577517,0,1.6267629964414494,-0.22546507720653852,0
44.00099999998815,-0.8741276727069419,-0.5812694505431147,-0.42426565964915497,0,1.6272854639122472,-0.24302376351789445,0
44.020999999988106,-0.8737022365029938,-0.5840269589820906,-0.448074804829915,0,1.6270175314516198,-0.2551850915626075,0
44.04099999998806,-0.8736521974094171,-0.5861758843809708,-0.46135809445767045,0,1.6270649207264327,-0.2632262770056437,0
44.06099999998801,-0.874591150775301,-0.5874359756585661,-0.4634319707235042,0,1.6281553878665227,-0.2643797243205155,0
44.08099999998797,-0.8739882623849894,-0.5885919742055024,-0.45697558597251675,0,1.6275929187205462,-0.26225479259343,0
44.10099999998792,-0.8748631539040398,-0.5889050176537158,-0.43930971164860255,0,1.62845343002629,-0.25378875147540114,0
44.12099999998787,-0.8755796184240743,-0.5884275004160694,-0.4108871005688999,0,1.6291671857641719,-0.23965561258333934,0
44.14099999998783,-0.8758164859227023,-0.586858747526864,-0.3708391164439251,0,1.629326261181967,-0.21944246480966934,0
44.16099999998778,-0.8742716509768395,-0.5852529192646252,-0.3251720780176954,0,1.6277376844360678,-0.19624941995538947,0
44.18099999998773,-0.8739385718683536,-0.5828863864155444,-0.27060767789420315,0,1.6272111464979155,-0.16834174358703313,0
44.20099999998769,-0.8739543521834626,-0.5797654491436719,-0.20792924445032335,0,1.6270380984367672,-0.13608967043301323,0
44.22099999998764,-0.8738622743712837,-0.5760978860195981,-0.13897107326469876,0,1.626702435679915,-0.101104871680604,0
44.240999999987594,-0.873649897589717,-0.572279215375619,-0.06642439749978987,0,1.6262742941313446,-0.06368644595497042,0
44.26099999998755,-0.8735588980005848,-0.5679883533067082,0.010441025810373424,0,1.6259478927438193,-0.023919443540664886,0
44.2809999999875,-0.873671999997297,-0.5634482149653515,0.08973280981226932,0,1.6258221155449168,0.01718368374042023,0
44.300999999987454,-0.8740561418019414,-0.5587460701747566,0.17028150059328995,0,1.62597513264439,0.059028713837281144,0
44.32099999998741,-0.8746794303915126,-0.5542242778112202,0.24994139174134053,0,1.6263935693839973,0.10030569179679594,0
44.34099999998736,-0.874889953150656,-0.5503790653706969,0.3244950706754257,0,1.626463284260475,0.13852694988738334,0
44.360999999987314,-0.8748294420619668,-0.5472053732496898,0.39498458357203126,0,1.6262412252589535,0.17496991149020968,0
44.38099999998727,-0.8742858807943358,-0.5458511889905149,0.4535652231841109,0,1.6256504282287976,0.20537608553725195,0
44.40099999998722,-0.8748286995226235,-0.5464504490192734,0.4988587808996904,0,1.626100891782342,0.22793593649900945,0
44.420999999987174,-0.8745583791238437,-0.5507461060578436,0.5225766105285329,0,1.6261115547135332,0.23944519988397772,0
44.44099999998713,-0.8732196416621874,-0.5595076237621153,0.5202022024999914,0,1.6252309486324246,0.23670073360693245,0
44.46099999998708,-0.8712367913704131,-0.5689917137838911,0.50852049509361,0,1.6236885229046083,0.22716212663804436,0
44.480999999987034,-0.8722322583499011,-0.5712455432498382,0.524775389015312,0,1.6247278276038655,0.23316900521271489,0
44.50099999998699,-0.874864237599641,-0.5659248843340722,0.5713178175406769,0,1.6269870809824698,0.2576770669329733,0
44.52099999998694,-0.8760713898719252,-0.5547603361095056,0.6381419546450999,0,1.6278491870242917,0.2945092986285578,0
44.540999999986894,-0.878345822057747,-0.541469190387277,0.7047662172005751,0,1.6293450647988312,0.33232262606291085,0
44.56099999998685,-0.8803265297239761,-0.536391062036765,0.7234195249694033,0,1.6312774778437256,0.34,0
44.5809999999868,-0.881065505326931,-0.5364469292118456,0.7091007937294188,0,1.6320490626401893,0.33770783686597006,0
44.600999999986755,-0.8810148359937043,-0.5367769546208143,0.6850650453522235,0,1.6319910731751315,0.3258014599454264,0
44.62099999998671,-0.8811625570422054,-0.5360654099653612,0.6601637734436859,0,1.6321068346349223,0.31331602754473,0
44.64099999998666,-0.881151407406557,-0.534461476391843,0.6350070093060469,0,1.6320344111808227,0.30112931318150227,0
44.660999999986615,-0.8817437691627347,-0.5314975000204029,0.6114510526674365,0,1.6324930781341171,0.2905773683265582,0
44.68099999998657,-0.8827124637295792,-0.5264260792255097,0.5926603470204922,0,1.6333788910504654,0.2823962478534252,0
44.70099999998652,-0.8845203112847588,-0.5188494106882618,0.5797998027849952,0,1.634867101893304,0.27829395296626736,0
44.720999999986475,-0.888095560480008,-0.5108013258847685,0.5647954556947214,0,1.638290173907979,0.2738634182409958,0
44.74099999998643,-0.8865059416768639,-0.5135052756372905,0.49252281881453763,0,1.6370786438695586,0.2386877867453332,0
44.76099999998638,-0.8817644650385874,-0.5228214331519772,0.38507134986533076,0,1.6324606766428882,0.1817044442357032,0
44.780999999986335,-0.8806526523631044,-0.5253421818284724,0.3101495087404464,0,1.6313549961589437,0.142929974800311,0
44.80099999998629,-0.878967700052564,-0.5306610412972788,0.22447514846916403,0,1.6299168361777063,0.09971053281578457,0
44.82099999998624,-0.8759153779034822,-0.5354422142615405,0.1438250439075256,0,1.6270055620285155,0.05707598109261758,0
44.840999999986195,-0.8723113991786972,-0.541362970360425,0.05996100552615786,0,1.623621307666574,0.013305976666541541,0
44.86099999998615,-0.8697737193951992,-0.5467222464740897,-0.020049786438266423,0,1.621361256082834,-0.028274666000822846,0
44.8809999999861,-0.8679063434026383,-0.5516289852015817,-0.09485597595773772,0,1.619673681625093,-0.06732325765411917,0
44.900999999986055,-0.8669251440008583,-0.5573496283534362,-0.17057922741554457,0,1.6186298058741742,-0.1074859622894675,0
44.92099999998601,-0.867989215203248,-0.5623828217851776,-0.23843874025444767,0,1.6199899586666855,-0.14270980250045917,0
44.94099999998596,-0.8706345776353438,-0.567254999180397,-0.29888612730986835,0,1.6228244864299206,-0.1748708213559067,0
44.960999999985916,-0.8728020405633656,-0.5709314049226799,-0.34772175176366427,0,1.625388270248419,-0.20026594928326102,0
44.98099999998587,-0.8714010873777114,-0.5753684244072956,-0.39375677446094703,0,1.6242363642484443,-0.2249562091255881,0
45.00099999998582,-0.8729053227756647,-0.578975012464576,-0.4285030478718736,0,1.6258097256831627,-0.24385213773781778,0
45.020999999985776,-0.8748963140924882,-0.5816222686798761,-0.45157318937979524,0,1.6279794433475734,-0.2565258317673691,0
45.04099999998573,-0.8762107752071875,-0.5835369217868617,-0.46381922231566264,0,1.6294448581562342,-0.26355397079532406,0
45.06099999998568,-0.8769109081304165,-0.5847147274295565,-0.4650200914402665,0,1.630244602538168,-0.2648366652662344,0
45.080999999985636,-0.8764070153331324,-0.5854098522127271,-0.4561430185886435,0,1.6299452823807155,-0.2604771348013739,0
45.10099999998559,-0.8758624303632723,-0.5857408310442589,-0.4390879533657814,0,1.629277193001925,-0.2528237953718273,0
45.12099999998554,-0.8760124118231231,-0.5854069970667939,-0.4113176026572613,0,1.6294091907321873,-0.23907438877456055,0
45.140999999985496,-0.8759379094585923,-0.5843498096862465,-0.3736848889890039,0,1.6292867956760186,-0.2201188012535289,0
45.16099999998545,-0.8750927422398718,-0.5826250028465245,-0.3273644250500991,0,1.6284605745766034,-0.1966648544322056,0
45.1809999999854,-0.8738709045987099,-0.5805823374532002,-0.27404850603201636,0,1.6270041803708906,-0.1694443316723353,0
45.200999999985356,-0.8737460881202558,-0.5778537439854674,-0.2132107797649667,0,1.626716451463263,-0.13818855400749408,0
45.22099999998531,-0.8731593399032749,-0.5745754902372576,-0.1457290377370861,0,1.6260000892635962,-0.1038694009805563,0
45.24099999998526,-0.871837369526643,-0.5717991784339521,-0.07843739023415654,0,1.6244901574891846,-0.0695895760404519,0
45.260999999985216,-0.8712159537707297,-0.5689198159350415,-0.0076489992771088065,0,1.623700647538721,-0.03297612380276238,0
45.28099999998517,-0.8701526526717182,-0.5670854041830004,0.05949748342599151,0,1.6225362170407676,0.0013032914050346012,0
45.30099999998512,-0.8703434381454179,-0.5663501510431036,0.12220848770712957,0,1.6226391868868522,0.033273185489749,0
45.32099999998508,-0.8694432091359087,-0.567671619789639,0.17519953754758472,0,1.6218962862032005,0.05993409849088582,0
45.34099999998503,-0.8685132246449804,-0.5726222026236955,0.2106350573931459,0,1.6212012374176137,0.07624097448716793,0
45.36099999998498,-0.8680205529235403,-0.5827634632051855,0.2197667784742468,0,1.621297804890538,0.07775836771231726,0
45.38099999998494,-0.8686076438848279,-0.5905484670448962,0.23669245538688827,0,1.622321945083882,0.08342892561991544,0
45.40099999998489,-0.8703613109721628,-0.5971356907766718,0.2568253931352383,0,1.6245362024954757,0.09175837306185386,0
45.42099999998484,-0.8711262241895836,-0.6002208485656815,0.28861698409599823,0,1.625507252242533,0.1060396154641774,0
45.4409999999848,-0.8718157392751199,-0.5992208891914289,0.3346420229556647,0,1.6263142561899377,0.12900156443156874,0
45.46099999998475,-0.8693175321801597,-0.5939250309762745,0.3938710992467307,0,1.6232597490919154,0.16061099630909692,0
45.480999999984704,-0.8710797387013199,-0.5890681542352252,0.4430083425476331,0,1.6246624370832767,0.18719166880625338,0
45.50099999998466,-0.8717784706148206,-0.5846693954245319,0.48138532180529886,0,1.6251113784453646,0.207900207014019,0
45.52099999998461,-0.8736350210582315,-0.5805233798003064,0.5103458254867237,0,1.626621379855242,0.22372433250210366,0
45.540999999984564,-0.8740975057125904,-0.5764424692299214,0.5317263700072618,0,1.6270287333943978,0.23591014481353878,0
45.56099999998452,-0.8744456620521146,-0.5718012801360288,0.5486392612749629,0,1.627058802490095,0.24520957428429369,0
45.58099999998447,-0.8740650987104649,-0.565987772905648,0.5641312345148654,0,1.6263751436723786,0.25506491977485823,0
45.600999999984424,-0.8750301476288013,-0.5581089005460627,0.581763274315601,0,1.6268774991549735,0.2664923403553714,0
45.62099999998438,-0.8765692093046793,-0.5466718637514589,0.6088163338430547,0,1.6278868407908316,0.28280537643224957,0
45.64099999998433,-0.8793128804419157,-0.5330131878400692,0.6380776866321959,0,1.6301107458653097,0.30227828662171286,0
45.660999999984284,-0.8820465648334372,-0.5229363087331044,0.645422979729887,0,1.6324406966534495,0.30921849843724103,0
45.68099999998424,-0.884685548131728,-0.5138686463867255,0.6425229199058912,0,1.6349064590731859,0.31047847016353947,0
45.70099999998419,-0.8875898141457491,-0.5064012194047979,0.6276129123499281,0,1.637701183693391,0.30661212852428155,0
45.720999999984144,-0.8858983313058898,-0.5090304262916655,0.5588720234068786,0,1.6364702632339718,0.2735030565090466,0
45.7409999999841,-0.8801566606908356,-0.5165555557944757,0.462646167579282,0,1.6307186564799356,0.2222387997927766,0
45.76099999998405,-0.8792955381724916,-0.518197063293279,0.3934744913648837,0,1.6297421558601854,0.18678698399771143,0
45.780999999984004,-0.8778487057698315,-0.5241687918431477,0.3051503091163896,0,1.6284454567334987,0.1410313922267814,0
45.80099999998396,-0.8775745450314122,-0.5282550512456088,0.22621264889985804,0,1.6283154725790867,0.1002217402535881,0
45.82099999998391,-0.874836414465823,-0.5332655882957911,0.1443099481674595,0,1.6258051091850891,0.05790147078950314,0
45.840999999983865,-0.8703300437988621,-0.5389750852934182,0.06065938447566958,0,1.6217684845425862,0.01451745211698996,0
45.86099999998382,-0.8649223375054924,-0.5443916662372831,-0.019837916745584987,0,1.6164784907665117,-0.027499930436892805,0
45.88099999998377,-0.8625275912926923,-0.549517199466118,-0.09660916843670846,0,1.614073038580043,-0.06809889017375736,0
45.900999999983725,-0.8636386971153553,-0.5547829152567935,-0.17026739395615742,0,1.615335514976821,-0.10610431584227831,0
45.92099999998368,-0.866233265535803,-0.5599628495177901,-0.2388066023447055,0,1.6179725012481116,-0.14255761489856833,0
45.94099999998363,-0.8696944357241643,-0.564525516943621,-0.29832543349568436,0,1.6218526555409751,-0.1734683837985962,0
45.960999999983585,-0.8708114516323072,-0.5687238836995308,-0.34997848026724393,0,1.6231455755574464,-0.2009272332910208,0
45.98099999998354,-0.8718192346484666,-0.5724116753775889,-0.39253200857147746,0,1.6245303789853558,-0.2230654693819809,0
46.00099999998349,-0.870146204485495,-0.5762975752709866,-0.42889820575191906,0,1.6230352929285603,-0.24285657895051593,0
46.020999999983445,-0.8706155515663793,-0.5795770967163097,-0.45512241203242715,0,1.6235979673750862,-0.2574237515072604,0
46.0409999999834,-0.8729149556018144,-0.5825673984642142,-0.4720350949720154,0,1.6260228016007878,-0.26700964004352823,0
46.06099999998335,-0.8750714867826366,-0.5848636519033072,-0.47829657115405405,0,1.6283734144101825,-0.27123093192252323,0
46.080999999983305,-0.8762535982258547,-0.5870108512001403,-0.4769014788707142,0,1.629714524149651,-0.2715832164657406,0
46.10099999998326,-0.8767383284610017,-0.5890045873774999,-0.46699967039956225,0,1.6303662753004948,-0.2672778867113861,0
46.12099999998321,-0.8761428672753131,-0.5915924883525103,-0.45273625044567095,0,1.629985882194458,-0.26078829035326856,0
46.140999999983165,-0.8751098664664386,-0.5950085157353597,-0.43577166466598216,0,1.6292988871341878,-0.2540621731612587,0
46.16099999998312,-0.8710316056161441,-0.6004960440717421,-0.4225286175848674,0,1.625776941761222,-0.24921893764606406,0
46.18099999998307,-0.8665670478488811,-0.6096378841161171,-0.419603482275194,0,1.6219270303751692,-0.25034186943789916,0
46.200999999983026,-0.8656861735315698,-0.6218548325435251,-0.4259570335991595,0,1.6217803246337301,-0.2571905323336292,0
46.22099999998298,-0.8693528539761671,-0.6313609752751875,-0.4155609039134298,0,1.6261448086849637,-0.2546644295555278,0
46.24099999998293,-0.8749180425161638,-0.6409012685796679,-0.40209958661331735,0,1.6324960116228018,-0.25016684304295667,0
46.260999999982886,-0.8788408361787714,-0.6481667087885383,-0.3769882359631174,0,1.6374228019098394,-0.24148976065258454,0
46.28099999998284,-0.8778955102817453,-0.6426140568205609,-0.2886738680396302,0,1.63616700742257,-0.19706509458808408,0
46.30099999998279,-0.8751319445413454,-0.6314315048577954,-0.17309368052129265,0,1.6323656890641283,-0.13563576993965865,0
46.320999999982746,-0.8752810782298802,-0.6278765288327544,-0.09478758624164572,0,1.6319600428502528,-0.09438358553084081,0
46.3409999999827,-0.8749450076862612,-0.6237633647550637,-0.017811714506242846,0,1.6314140627049696,-0.05557050501674299,0
46.36099999998265,-0.872582893737632,-0.6165631318232541,0.07013463370425282,0,1.6284768127461704,-0.00940687637521953,0
46.380999999982606,-0.870989224171753,-0.6129110537534562,0.13800954302125862,0,1.626603126602033,0.02622452963653288,0
46.40099999998256,-0.8691036771777564,-0.6068889380848481,0.21330997960212206,0,1.6240672408768302,0.06559530499306399,0
46.42099999998251,-0.8713473154333286,-0.6017596225459964,0.28115217446555046,0,1.625801532611655,0.10145809067411804,0
46.440999999982466,-0.8716719943911972,-0.5972706172958533,0.34021516591583484,0,1.6260262877158105,0.13291738965444733,0
46.46099999998242,-0.8721718701404143,-0.5929518112493498,0.39257368046601915,0,1.6260206760106404,0.16010149431373022,0
46.48099999998237,-0.8741968446834119,-0.5896223085618516,0.43282083097668766,0,1.627872697451448,0.18174040725384222,0
46.50099999998233,-0.8738610514410733,-0.5860232279611917,0.4684896830118889,0,1.627292225071503,0.2008974529053218,0
46.52099999998228,-0.8752887543298935,-0.5834495201317512,0.4913380215102726,0,1.6284868491439806,0.21354754448920965,0
46.54099999998223,-0.8760928400260886,-0.58154932370789,0.5036273791232085,0,1.6293392616460205,0.22015371083097746,0
46.56099999998219,-0.8764477564392142,-0.5801144302182379,0.5061935549118506,0,1.6294897413340776,0.22241813296070334,0
46.58099999998214,-0.8761555583292204,-0.5790823726537356,0.49943936029327163,0,1.6292117681364826,0.2194280602785943,0
46.60099999998209,-0.8757070738142101,-0.5789713423370565,0.4810666143838111,0,1.628684870401833,0.2108059396315911,0
46.62099999998205,-0.8761972398947833,-0.5794613698666905,0.4524491104817213,0,1.6292047313845681,0.19661102767954497,0
46.640999999982,-0.8756820390640796,-0.5809244353976808,0.4131735621903724,0,1.628809032686876,0.17687961302324218,0
46.660999999981954,-0.8745662079603407,-0.5825664061028201,0.36700135502975395,0,1.6278741421606397,0.1534193259818606,0
46.68099999998191,-0.8738506328615159,-0.5846430383748533,0.3138938422733577,0,1.6272381120552293,0.12618190698363807,0
46.70099999998186,-0.8735396678463548,-0.5874085675869365,0.25271669883258396,0,1.6270778449755143,0.09506921476559205,0
46.720999999981814,-0.8729120919612047,-0.5905698144822852,0.1859859628221479,0,1.6266518579038194,0.06095993486805451,0
46.74099999998177,-0.8728425185720899,-0.5937835674001515,0.11604939313602135,0,1.6267983718534234,0.024965352040250854,0
46.76099999998172,-0.8729246793190883,-0.5973530904400123,0.042295794020193025,0,1.627165267859094,-0.013163890740510276,0
46.780999999981674,-0.8730476313533713,-0.6009857692964516,-0.03305073333533018,0,1.6275031572230456,-0.05160756602369698,0
46.80099999998163,-0.8727375284288185,-0.6036184115013274,-0.10451520880000346,0,1.6274733705933597,-0.08859891304337042,0
46.82099999998158,-0.8708016258779622,-0.6049963574541839,-0.16921201107324405,0,1.625724880011272,-0.12183594568297096,0
46.840999999981534,-0.8694070956982224,-0.6043770870035661,-0.22372678878676283,0,1.6241844223724287,-0.14864908514272535,0
46.86099999998149,-0.8684958378550053,-0.599881076496103,-0.25816562287510403,0,1.6229519580200513,-0.16519377220360454,0
46.88099999998144,-0.8684570294149379,-0.5904904336827365,-0.26802893338942435,0,1.622219085844149,-0.16834658693899907,0
46.900999999981394,-0.8698637009453075,-0.5817054304293803,-0.276732982812576,0,1.623017648130354,-0.1696831881292613,0
46.92099999998135,-0.8706434672323308,-0.5752236132230166,-0.2918304318825502,0,1.623419655600954,-0.17464016451665887,0
46.9409999999813,-0.8722400010063492,-0.5714502451854936,-0.3152746588791436,0,1.6247226226159535,-0.18480282697559636,0
46.960999999981254,-0.8743308452978561,-0.5719425677536423,-0.35290313919689054,0,1.6268494195738594,-0.2034645669709294,0
46.98099999998121,-0.8756542454207041,-0.5741197130830821,-0.39132018141135155,0,1.62832331117532,-0.223607334047065,0
47.00099999998116,-0.8736602389229894,-0.5783953352337751,-0.43109495546786825,0,1.6266992700914433,-0.24455022565839224,0
47.020999999981115,-0.8723151882876977,-0.5820493676964448,-0.45881302424062775,0,1.6255039557547382,-0.26024070079750716,0
47.04099999998107,-0.8726291588269056,-0.5853365846819185,-0.4762210533695838,0,1.6259893541614983,-0.2701811007036201,0
47.06099999998102,-0.8731797034605454,-0.5886389490964675,-0.48618696081702273,0,1.6267894428625886,-0.27608197786195676,0
47.080999999980975,-0.8736256842420724,-0.5916527820038012,-0.488199015466136,0,1.6274317203993984,-0.2781500219239419,0
47.10099999998093,-0.8742827901342998,-0.5958891924961554,-0.4886100882669495,0,1.6283787007108335,-0.27968670662239115,0
47.12099999998088,-0.874764777840185,-0.601055671629682,-0.4867985137133352,0,1.6291791808095875,-0.28060841854543517,0
47.140999999980835,-0.8753467126591379,-0.6090350328968501,-0.49109924665689236,0,1.6303482735304642,-0.28479933856154105,0
47.16099999998079,-0.8768999039920586,-0.62070298190344,-0.5056838618042386,0,1.6328259452842937,-0.29529097937025983,0
47.18099999998074,-0.8789516905841757,-0.6323456214609927,-0.5143031964123836,0,1.6359566951563211,-0.3040740048505226,0
47.200999999980695,-0.8802096898176659,-0.641043199670372,-0.5044302813351107,0,1.638145893858446,-0.3020280278058638,0
47.22099999998065,-0.8820651921503546,-0.6496400424531362,-0.4901000117924334,0,1.640655532935227,-0.2971380611702723,0
47.2409999999806,-0.8838290056050317,-0.6540195372532923,-0.45295317438638055,0,1.643092620799735,-0.28108726784612315,0
47.260999999980555,-0.8802777009672809,-0.645612060644515,-0.35128775157501274,0,1.6390164431090208,-0.22974248953489873,0
47.28099999998051,-0.8763252912044457,-0.6386929044996175,-0.2560634365494747,0,1.6342309099440415,-0.17883788890928254,0
47.30099999998046,-0.8764556272360448,-0.6371073894088867,-0.18707860089204295,0,1.6340213701823303,-0.1434771376650994,0
47.320999999980415,-0.8744457630264273,-0.6297726289818979,-0.09468611150221604,0,1.6314606839649526,-0.09530910238864299,0
47.34099999998037,-0.8738743773396798,-0.6259392722039071,-0.019425796121301197,0,1.6305130764748403,-0.05658386906791102,0
47.36099999998032,-0.8716381158219685,-0.6195520507811086,0.06484340195670316,0,1.6276282079332118,-0.012291825218612162,0
47.380999999980276,-0.8720702505837592,-0.6151918449023815,0.1372889517162326,0,1.627777957244568,0.025163457629830965,0
47.40099999998023,-0.8711426362414311,-0.6082691161451229,0.2177821536583866,0,1.6261611903461513,0.06758887080775344,0
47.42099999998018,-0.8726782713551746,-0.6026341631965014,0.2873629608597186,0,1.6272692937931805,0.10421619364690948,0
47.440999999980136,-0.874243374843128,-0.5978357696762567,0.34791711439644646,0,1.6284680023457057,0.13622147921692251,0
47.46099999998009,-0.8743172445892984,-0.5932967325941771,0.4006191587987358,0,1.6283044577996275,0.1641192212256355,0
47.48099999998004,-0.8750473284520447,-0.5890811956624713,0.44509022706330514,0,1.628662243199283,0.18793654329453036,0
47.500999999979996,-0.8762218598875987,-0.5853474389003066,0.4804505771817321,0,1.6295926653162434,0.20699834520210958,0
47.52099999997995,-0.8771441565134654,-0.5818966277272111,0.5073826822934506,0,1.630315230928313,0.22168195196517093,0
47.5409999999799,-0.8769797349668061,-0.5786687436999995,0.5255981858301322,0,1.630073374131244,0.2322064679099589,0
47.560999999979856,-0.8728694641782194,-0.573959929052917,0.5434660519990776,0,1.6259237880810207,0.24120137622120086,0
47.58099999997981,-0.8687698822312763,-0.5680261284405586,0.5593259469522814,0,1.6212756202039948,0.25216932509496526,0
47.60099999997976,-0.8700816162354534,-0.5605142206551503,0.5743652536940336,0,1.6219672791935222,0.261637201953701,0
47.620999999979716,-0.8741619293474493,-0.5493652938807527,0.5992471712703864,0,1.6254829966009892,0.2774319781189747,0
47.64099999997967,-0.8786043482729776,-0.5350053832390479,0.6325040757272741,0,1.6293509600930514,0.2983158954648184,0
47.66099999997962,-0.8816420035365318,-0.5248199051674253,0.6405411601201051,0,1.6321429901188382,0.30671183649839917,0
47.680999999979576,-0.884632032180403,-0.5153657165532818,0.6396842347413544,0,1.6348491094289062,0.3087690472479876,0
47.70099999997953,-0.8866279151131504,-0.5074297090925052,0.6273846255391103,0,1.636835509972313,0.3053805188866956,0
47.72099999997948,-0.884449210023609,-0.50969391328742,0.5598116335610029,0,1.6348614773252916,0.27340953721461014,0
47.74099999997944,-0.8816006712272993,-0.5177512050921332,0.4599425461798259,0,1.6321023680086983,0.22067625602285057,0
47.76099999997939,-0.8819540341804534,-0.5189446640962647,0.393185445135112,0,1.632415744664508,0.18574396407331428,0
47.78099999997934,-0.8787370319192503,-0.5247443762651914,0.30599478435545446,0,1.6295270747013118,0.14182592702932917,0
47.8009999999793,-0.876898946607431,-0.5287692107947823,0.22794554730696123,0,1.6277525103217692,0.10124083481741053,0
47.82099999997925,-0.8743680144604138,-0.5345659534052072,0.14271501660814617,0,1.6254325223729216,0.05657303951715531,0
47.8409999999792,-0.8728773734290263,-0.539705887577412,0.06079597347938959,0,1.6240556674319988,0.014519481422217151,0
47.86099999997916,-0.8711221251250465,-0.5447219469221412,-0.018587384076497366,0,1.6226080169612453,-0.026925673265556505,0
47.88099999997911,-0.8678598524020912,-0.5505358345999494,-0.0982381337690924,0,1.6193448458008408,-0.0692151141905275,0
47.900999999979064,-0.8666870325887788,-0.5562383554518601,-0.1727661171573042,0,1.618556918070969,-0.10759115055425195,0
47.92099999997902,-0.8673749061864275,-0.5613968200788808,-0.24062821582426608,0,1.619323586781597,-0.14361472295701816,0
47.94099999997897,-0.8701698868758891,-0.5661212663618432,-0.29997968891466253,0,1.6222852937275243,-0.17512249524790757,0
47.960999999978924,-0.8730634632116394,-0.5695806045678167,-0.34772434502031496,0,1.6253920444979337,-0.2004272245785188,0
47.98099999997888,-0.8721593902930826,-0.574034127465427,-0.39420536299473413,0,1.6249204184916604,-0.22517027518812105,0
48.00099999997883,-0.8716677378099414,-0.5778931567004113,-0.4301191334176864,0,1.624557609646836,-0.24447091818083644,0
48.020999999978784,-0.8721629554944526,-0.5814144200635001,-0.45731901855955903,0,1.6253111076591436,-0.25958077747475694,0
48.04099999997874,-0.8728352042089551,-0.5848778301198709,-0.47664385461798764,0,1.6261302885451998,-0.2700530933799472,0
48.06099999997869,-0.873461505688039,-0.5878522123196073,-0.48609757146284815,0,1.6269676326233031,-0.27571956377009665,0
48.080999999978644,-0.8738063459584658,-0.5910909318134161,-0.48925439846939317,0,1.6275650393991976,-0.2784252393608424,0
48.1009999999786,-0.8748432807597799,-0.5948345135571428,-0.48742034355711866,0,1.6288784127671272,-0.278892064107656,0
48.12099999997855,-0.8743624838295284,-0.6001686831730191,-0.4860028971990316,0,1.6288190481217413,-0.2795430653209141,0
48.140999999978504,-0.873858921637609,-0.607624218995868,-0.48755505836218394,0,1.6288319905533133,-0.2829448428597714,0
48.16099999997846,-0.8748218514563807,-0.6196286784297167,-0.5035202383333454,0,1.6306002158093125,-0.2936154411676797,0
48.18099999997841,-0.876998535438978,-0.6313089235791287,-0.5123259975887521,0,1.6339032235962179,-0.30291567985194057,0
48.200999999978364,-0.878284082103075,-0.6403286869276509,-0.504166373932426,0,1.6360249905227497,-0.30152899591623705,0
48.22099999997832,-0.8816889882256973,-0.6492390239948019,-0.49129021854221994,0,1.6402147128317655,-0.2978726395846967,0
48.24099999997827,-0.8837244650539828,-0.6532248231980642,-0.4521425453905493,0,1.6429294030106196,-0.2808751467184074,0
48.260999999978225,-0.8806107247522286,-0.644840489325436,-0.35048645662036637,0,1.6392160003236917,-0.22875884586373862,0
48.28099999997818,-0.8785334699891105,-0.6383438110818499,-0.2567873689254261,0,1.6362053304834376,-0.17865444234718186,0
48.30099999997813,-0.8781685645614007,-0.636528906759322,-0.1871086608579742,0,1.635782150338647,-0.1436284753525321,0
48.320999999978085,-0.8761026021592344,-0.6297388307085972,-0.09691153108377419,0,1.6329984538447029,-0.09616953995089617,0
48.34099999997804,-0.8747470688846741,-0.6249141769735979,-0.017759569312650995,0,1.631362310766431,-0.055146822885422386,0
48.36099999997799,-0.8706595841482264,-0.6196122053791185,0.06159089683553488,0,1.6268056604295464,-0.014211719766287878,0
48.380999999977945,-0.8678610825085724,-0.6137089044069562,0.14122449858558636,0,1.6234390077679561,0.027520484880019014,0
48.4009999999779,-0.867263608789702,-0.6080813795282709,0.21530656883655636,0,1.6223794470946742,0.06666767398342466,0
48.42099999997785,-0.8677187374634725,-0.6022875312639886,0.2862495812043274,0,1.6222225850942282,0.10373642685325435,0
48.440999999977805,-0.8709435362111068,-0.5976969798273419,0.3457320563255246,0,1.6250913190835787,0.13486539172746692,0
48.46099999997776,-0.8716652204091838,-0.5931985158146431,0.3986938013122451,0,1.6257013223574786,0.16291664901155034,0
48.48099999997771,-0.8706986720072055,-0.5889038801191734,0.44330619892242246,0,1.624370592659741,0.18738207844585486,0
48.500999999977665,-0.8715411257830605,-0.5846137138045832,0.48111432075597793,0,1.6249034878738293,0.20729734252405785,0
48.52099999997762,-0.8695304619372128,-0.5790540471881092,0.5177392817105883,0,1.6227726190271763,0.22687217998706788,0
48.54099999997757,-0.8677893847633069,-0.5736682925140834,0.5458619270955472,0,1.6203749686145787,0.2433829675147694,0
48.560999999977525,-0.8709862339273202,-0.5664944292935494,0.5746147755269285,0,1.623127240414858,0.25965651349226704,0
48.58099999997748,-0.8734262246447022,-0.5576790358526076,0.6038043415687406,0,1.6251906314441857,0.2768567594793032,0
48.60099999997743,-0.8763492309793711,-0.5451906782449777,0.6426263509183165,0,1.6275469927099429,0.29999366077005374,0
48.620999999977386,-0.8793198597584558,-0.5308412950403395,0.6819884537611366,0,1.6299729291657696,0.3240606465953111,0
48.64099999997734,-0.8816004327474543,-0.5211939973206525,0.6931834787355096,0,1.6319997572464384,0.3340297693674188,0
48.66099999997729,-0.8858391625337784,-0.5132294241347414,0.6900301947461049,0,1.6359689188991662,0.3347795183014184,0
48.680999999977246,-0.889267521914083,-0.5067189499003831,0.6756331069468455,0,1.639315551064371,0.330051066035592,0
48.7009999999772,-0.8885065892941488,-0.506841323250325,0.6237618900502367,0,1.6389586537956298,0.30630974259983823,0
48.72099999997715,-0.8833335753958615,-0.5132079744494018,0.5360998171011303,0,1.6339510956059051,0.2602500007110682,0
48.740999999977106,-0.8811054506219446,-0.5142512259891674,0.47226047047624636,0,1.631646698032182,0.22778576288579067,0
48.76099999997706,-0.8792864139371627,-0.5196725185561403,0.387123312886251,0,1.629838511671746,0.18355288499827926,0
48.78099999997701,-0.8783451823944006,-0.5238434972738979,0.3073123742495027,0,1.6290904340008707,0.14271520539419313,0
48.800999999976966,-0.8750112756563153,-0.5282826816557972,0.22720003662264546,0,1.6259499291742343,0.10056191297334838,0
48.82099999997692,-0.8703652922129372,-0.5335195578353962,0.14393480052830945,0,1.6214404179553517,0.05714137971166022,0
48.84099999997687,-0.8660876745377427,-0.539245112518716,0.060400680979274736,0,1.6173592158444754,0.013928648728225301,0
48.860999999976826,-0.8620640452874649,-0.5445981761833318,-0.020506045988121294,0,1.6135086774794196,-0.028845179142798827,0
48.88099999997678,-0.8584278602098995,-0.5494259388435488,-0.09610817180714308,0,1.610082778753888,-0.06718576989266367,0
48.90099999997673,-0.8569927686350047,-0.5546848980569776,-0.17109353596257426,0,1.6087042556962434,-0.10761879208936054,0
48.92099999997669,-0.8573698677439956,-0.5602396878431761,-0.2412231569782483,0,1.6092880990608331,-0.14324975409014185,0
48.94099999997664,-0.8616871355712736,-0.5659455146927238,-0.30538947122854343,0,1.613666898643407,-0.17757116039396914,0
48.96099999997659,-0.8675277435008264,-0.570652558568054,-0.3590976910161844,0,1.6197831843615405,-0.20627885652316413,0
48.98099999997655,-0.8718622133920941,-0.5747981397034547,-0.40360663870515806,0,1.6244412636114058,-0.2300010891102331,0
49.0009999999765,-0.8734254869058579,-0.5788712477026879,-0.4408331453398779,0,1.6264552060791961,-0.2493689606341336,0
49.02099999997645,-0.8718290402138723,-0.5831193735059876,-0.4711580504192928,0,1.6252218793501354,-0.26717335916357277,0
49.04099999997641,-0.8708669188838689,-0.5879248290597215,-0.4968428074265926,0,1.6243372616083311,-0.28123802735269376,0
49.06099999997636,-0.8720526582830079,-0.5938894372575747,-0.520007795421121,0,1.6259394972752017,-0.2945490539833957,0
49.080999999976314,-0.8731008239176397,-0.6012233717260849,-0.5421120766028634,0,1.6275369434717564,-0.3073787573562594,0
49.10099999997627,-0.8742177069851622,-0.6109064134429768,-0.5675338898066865,0,1.6293622132336634,-0.32329139854466127,0
49.12099999997622,-0.8766728696531652,-0.6252818338786215,-0.6068534439083709,0,1.6328852952140374,-0.34,0
49.140999999976174,-0.879214355100743,-0.6374181602102366,-0.6321459720795438,0,1.6365678514895863,-0.34,0
49.16099999997613,-0.8837125004949343,-0.6465777444562671,-0.6415437786287269,0,1.6419812440692176,-0.34,0
49.18099999997608,-0.8855218550780394,-0.6514474152330282,-0.6199054274728154,0,1.6444937966148583,-0.34,0
49.200999999976034,-0.8856674660175498,-0.6520673592484351,-0.5635546593623502,0,1.6446722306556323,-0.3356240102425536,0
49.22099999997599,-0.8846079199983959,-0.6513479078815656,-0.49936195969115804,0,1.6437888785595447,-0.3039190099867004,0
49.24099999997594,-0.8815871022287373,-0.6458688886191173,-0.41345832402705157,0,1.640024825653306,-0.25909397498733155,0
49.260999999975894,-0.8804927861102246,-0.6437209377060443,-0.34604935393207703,0,1.6388479223427759,-0.22530330218954386,0
49.28099999997585,-0.8774336234752013,-0.6393878160627838,-0.26936393388280727,0,1.6354085688599433,-0.18543186202855733,0
49.3009999999758,-0.8731075498829923,-0.6342303975413857,-0.18694116920922324,0,1.630583243664765,-0.14318748594803998,0
49.320999999975754,-0.8704697075991467,-0.629416231905335,-0.10534202612118124,0,1.6275924248448725,-0.10106947674340994,0
49.34099999997571,-0.8678800299233875,-0.6239021362592441,-0.02053935231938065,0,1.6243943367349767,-0.05630470597543935,0
49.36099999997566,-0.8647478006084748,-0.6181230888067119,0.06333631385821295,0,1.6206045089447163,-0.012869915225176332,0
49.380999999975614,-0.8647443687778276,-0.612597308516744,0.14233944553273775,0,1.620099826867601,0.02829202653606,0
49.40099999997557,-0.8669768628935437,-0.6074118831420958,0.2151008924188249,0,1.6219690991614095,0.06601312695197104,0
49.42099999997552,-0.8695877799623294,-0.602877164515293,0.27940289647407385,0,1.6240602815756675,0.10045703938408379,0
49.440999999975475,-0.8707326974598638,-0.5983473565069151,0.33829127738645814,0,1.6249546603351201,0.131441115756064,0
49.46099999997543,-0.872200683314196,-0.5939676753270106,0.3905886786542576,0,1.6262668788702197,0.15902846134282633,0
49.48099999997538,-0.8689116161194161,-0.5899952961105509,0.4352535421602906,0,1.6228179624763184,0.1831488813088542,0
49.500999999975335,-0.867244134775235,-0.5848957847757902,0.4771049710559415,0,1.620615533582987,0.20506594224945118,0
49.52099999997529,-0.869475623592747,-0.5801526915228461,0.5099904498041646,0,1.6224606353266622,0.2230417038464403,0
49.54099999997524,-0.8718524818382023,-0.5757179681105136,0.5342068125390069,0,1.6245967906017211,0.23727751765647542,0
49.560999999975195,-0.8739769838877371,-0.5706077739638523,0.5539099492529285,0,1.626444556443224,0.24846820555796678,0
49.58099999997515,-0.8747087910122594,-0.5640795015252518,0.572521023807802,0,1.6269108897157654,0.25930972928911467,0
49.6009999999751,-0.8734565802191743,-0.5553820442404127,0.5938526565360662,0,1.6252624814659533,0.2729316936506043,0
49.620999999975055,-0.875719534601515,-0.5429564411876678,0.6239102312462343,0,1.6267986177416585,0.29164017987363344,0
49.64099999997501,-0.87890321245497,-0.529716986138022,0.6517644761666843,0,1.6295710472310956,0.309871804058484,0
49.66099999997496,-0.8824346662950072,-0.519746986575399,0.6582429546380615,0,1.6327124144751413,0.3168430271788938,0
49.680999999974915,-0.8862677863094394,-0.5108556032350665,0.6549659135506796,0,1.6364088008123352,0.3180099037437596,0
49.70099999997487,-0.8888467967648283,-0.5050763856833935,0.6322992348972304,0,1.6390041516565645,0.30960410208432254,0
49.72099999997482,-0.8859642224365208,-0.5109647957172841,0.5469371508543528,0,1.6365200389941756,0.2670427649731275,0
49.740999999974775,-0.8837118253216724,-0.5158568326731764,0.4627920622850407,0,1.63412186538437,0.2221411178245949,0
49.76099999997473,-0.8822434296269901,-0.5178169216515923,0.39314950298556195,0,1.6328044204517849,0.18720198863052628,0
49.78099999997468,-0.8799081124430744,-0.5235200702068272,0.3063074637239369,0,1.6305033423034947,0.14156091571499507,0
49.800999999974636,-0.8776546122032299,-0.5281732526289306,0.22535509433209838,0,1.6285362638704564,0.10023330443001255,0
49.82099999997459,-0.8751207363305328,-0.5325920768397358,0.14555632171677807,0,1.6260829227855549,0.05872634270532662,0
49.84099999997454,-0.8717531548541696,-0.5388600519668516,0.059192882894539035,0,1.62293815305394,0.013643648186623558,0
49.860999999974496,-0.86744845161011,-0.5440215642126496,-0.020310715169704095,0,1.6188777604810793,-0.028076731677167288,0
49.88099999997445,-0.8654430906638053,-0.5492292782545304,-0.09724227360193376,0,1.6170802621159015,-0.06848716505903507,0
49.9009999999744,-0.8636490619516055,-0.5544484700898726,-0.17050815165699845,0,1.615233383418648,-0.10688554336652123,0
49.920999999974356,-0.8652430954316537,-0.559461014559655,-0.23801304003258106,0,1.6170513018123032,-0.14240741687335712,0
49.94099999997431,-0.8682427753213576,-0.5642997770738408,-0.29855113683819084,0,1.620233081388865,-0.17385501044465546,0
49.96099999997426,-0.8701296509522431,-0.568467294972624,-0.3501047347757834,0,1.622521230579966,-0.20081494615827844,0
49.980999999974216,-0.871527157526943,-0.5719707213862473,-0.3919492487395469,0,1.6239828079284198,-0.2235064209106734,0
50.00099999997417,-0.8733589705123096,-0.5751886189235965,-0.425281148596861,0,1.6261264392412567,-0.2407034730018427,0
50.02099999997412,-0.872807477717775,-0.5782015059403384,-0.4508276015412367,0,1.6257671047194033,-0.2550029354817196,0
50.040999999974076,-0.8740668273130375,-0.5807868312992107,-0.4656506622267789,0,1.6271210691053422,-0.2633620025345951,0
50.06099999997403,-0.8756286063411015,-0.5823531327746266,-0.4685517317549222,0,1.6288037801517807,-0.2655720731562492,0
50.08099999997398,-0.8765025768658739,-0.5832520420350055,-0.46073646408228086,0,1.6297686862891123,-0.26219047514201144,0
50.100999999973936,-0.8768253082300634,-0.5833828087539588,-0.44229050796444763,0,1.6300879359481364,-0.2537040891158542,0
50.12099999997389,-0.8766927404107273,-0.583133365804558,-0.4148692378738673,0,1.6299608919697264,-0.2400985166761851,0
50.14099999997384,-0.8763206773811941,-0.5822685232256142,-0.3781814972905418,0,1.629554297895988,-0.22160003002195405,0
50.1609999999738,-0.8755638567496016,-0.5807136983423674,-0.3324376940121304,0,1.628713945354066,-0.19855564157520034,0
50.18099999997375,-0.874171728252592,-0.5791930662903509,-0.2814536555368305,0,1.6272854595813429,-0.1724780891921769,0
50.2009999999737,-0.8723513035320439,-0.5779161944378554,-0.2276644018534824,0,1.6253564871184532,-0.14560616736523757,0
50.22099999997366,-0.87181690983553,-0.5765851139578296,-0.169325982644477,0,1.6247177206549432,-0.11630173096950625,0
50.24099999997361,-0.870856433255187,-0.5762468618013589,-0.11231474755868219,0,1.623768020124933,-0.08756025995540595,0
50.26099999997356,-0.8699673388875129,-0.577399375913155,-0.059791791155033164,0,1.6228715626252586,-0.0611914440643373,0
50.28099999997352,-0.8705994214817289,-0.5817094497775236,-0.02021490921668613,0,1.6237223109250083,-0.04218537629293784,0
50.30099999997347,-0.8714987020085362,-0.5901930824530135,0.0009647171619407828,0,1.625140902542791,-0.03337392898727587,0
50.320999999973424,-0.8723478513729463,-0.5996315910735541,0.017236383005894952,0,1.6266838216383526,-0.028896262092990455,0
50.34099999997338,-0.8727809729307046,-0.6058673319021083,0.04763655827143118,0,1.627603951972498,-0.014997907739975336,0
50.36099999997333,-0.8736211827052112,-0.612966541828085,0.07279803597655304,0,1.6288860117131423,-0.004852106575576887,0
50.380999999973284,-0.8748510304526959,-0.614676706941266,0.11971325451561694,0,1.6304955753734351,0.01651731693916436,0
50.40099999997324,-0.8728749682377225,-0.6033803451327264,0.22225122464702923,0,1.627666640470934,0.07040180014636577,0
50.42099999997319,-0.8729114817497732,-0.5935862603957772,0.3129297665422393,0,1.6268749333852672,0.11935206466004633,0
50.440999999973144,-0.8739959216746946,-0.5859694849186392,0.38637910831154376,0,1.6274617488423346,0.15852501089046567,0
50.4609999999731,-0.8738302110555636,-0.5774977582535425,0.45676504850855354,0,1.6267688785906702,0.1964686111121674,0
50.48099999997305,-0.8743136557259282,-0.5680260033521685,0.5240754625905052,0,1.6266442757857302,0.2331311967205718,0
50.500999999973004,-0.8753308939304436,-0.5563118039607877,0.59528277737389,0,1.6271582758806904,0.2723059594813846,0
50.52099999997296,-0.8778725533362627,-0.5434815609833805,0.6642234239531346,0,1.6289487647383092,0.3106904567024895,0
50.54099999997291,-0.8803785878513114,-0.5349956367679827,0.7068575109476533,0,1.6312634281062877,0.33603292288191233,0
50.560999999972864,-0.8811213260583118,-0.5355197221892289,0.699282565324921,0,1.6320417369819429,0.3330525999371481,0
50.58099999997282,-0.8793611533857939,-0.5375430363559915,0.6770479262074504,0,1.6305431619466841,0.3209177713523266,0
50.60099999997277,-0.8759406815928129,-0.5358389212625114,0.6651568811674583,0,1.6269417451919355,0.3156042857914192,0
50.620999999972724,-0.8764648521518142,-0.5347288424703625,0.6446838472080133,0,1.6273816233798106,0.30591191723517364,0
50.64099999997268,-0.8773190172421926,-0.533683194236864,0.6169421159473563,0,1.6282214047323302,0.2930054776530244,0
50.66099999997263,-0.8781460865096865,-0.5326629936559466,0.58291566365092,0,1.6289800391455018,0.2759972388996035,0
50.680999999972585,-0.8780025328498747,-0.5304262511920246,0.5487863312435695,0,1.6287600053562048,0.2593204976285368,0
50.70099999997254,-0.878651100538768,-0.5266647184889794,0.5168343461368315,0,1.6292282935563196,0.24472224769952788,0
50.72099999997249,-0.8819688866108357,-0.5200910360459853,0.4943076691377621,0,1.6322535283838264,0.23507449814815717,0
50.740999999972445,-0.8845963004643222,-0.5111969279351931,0.4807311529115994,0,1.6347714865512668,0.23115467706536852,0
50.7609999999724,-0.884240989036728,-0.5104202456116856,0.42533858272558667,0,1.6346474218897482,0.20550091819501248,0
50.78099999997235,-0.8803110480346272,-0.5193358975940975,0.31955251659587275,0,1.6310382976406017,0.15094793281907126,0
50.800999999972305,-0.8777010548667746,-0.5275460211113864,0.21724712024556225,0,1.628361959014433,0.09583414042883454,0
50.82099999997226,-0.8778703628757731,-0.5299676306279827,0.14500960209960645,0,1.628657795637714,0.05906865319745491,0
50.84099999997221,-0.8744742839029978,-0.5370478483417762,0.054985327479045026,0,1.625565685605312,0.01144048277413301,0
50.860999999972165,-0.8719400203304838,-0.5418586712575292,-0.02121278003895907,0,1.6232522418912334,-0.027155692179920532,0
50.88099999997212,-0.8714974416410806,-0.5469842457824777,-0.09599122715874571,0,1.62300729033853,-0.06644841302345106,0
50.90099999997207,-0.8684420668229696,-0.5527983248437317,-0.17121461138018368,0,1.6201392464381765,-0.10595048611445623,0
50.920999999972025,-0.8691041267519997,-0.5576605538582559,-0.23780656647488463,0,1.6209196894144065,-0.1411814702734817,0
50.94099999997198,-0.8691111384949275,-0.5626706349603038,-0.2998266289576907,0,1.6213143429368233,-0.17439366223644615,0
50.96099999997193,-0.8660224454956497,-0.567412545232835,-0.3536796302149464,0,1.618499428096173,-0.2029450666643393,0
50.980999999971885,-0.8632324147496286,-0.5740889676538913,-0.409005698371307,0,1.6159968901668373,-0.23160229921188202,0
51.00099999997184,-0.8637036549184145,-0.5799910128241439,-0.45394062386914696,0,1.6165933598257543,-0.25680812875044534,0
51.02099999997179,-0.8669503664285295,-0.5868324140646141,-0.49630994839273584,0,1.620308193231156,-0.2801544316723037,0
51.040999999971746,-0.8704757094779945,-0.5946484189727221,-0.5356748285218087,0,1.6243078843781502,-0.3016771743622233,0
51.0609999999717,-0.8728626326056093,-0.6046412796077603,-0.5776758865777551,0,1.6275042757002542,-0.3259915740497541,0
51.08099999997165,-0.8755662192035707,-0.618645848387046,-0.6305627230172404,0,1.6312136471773753,-0.34,0
51.100999999971606,-0.8792518726521817,-0.6328183032437993,-0.6809498897999383,0,1.636138503065286,-0.34,0
51.12099999997156,-0.882912268159405,-0.6418008128976069,-0.7082486536366147,0,1.6407076295485123,-0.34,0
51.14099999997151,-0.8833384836161741,-0.6439045084525141,-0.6887339588634248,0,1.6416124101806664,-0.34,0
51.160999999971466,-0.8835406726901177,-0.6453451461080507,-0.653950814756828,0,1.6417712774352586,-0.34,0
51.18099999997142,-0.8850655110070883,-0.6485251886721102,-0.6201393168763562,0,1.6436395368669583,-0.34,0
51.20099999997137,-0.8850180737115497,-0.6523597215013925,-0.5821884694706444,0,1.6440382245283203,-0.34,0
51.220999999971326,-0.8824668773568978,-0.6512256069742176,-0.5141299328912776,0,1.6416815975038772,-0.3118099628499096,0
51.24099999997128,-0.8790665115788118,-0.6445780075916954,-0.417653215131325,0,1.6374849536283989,-0.2614522950263676,0
51.26099999997123,-0.8792713991538438,-0.6423712363386161,-0.3448841182193787,0,1.6373568593787953,-0.22370107382930038,0
51.280999999971186,-0.8753725395891193,-0.6369001742039533,-0.26174875276254983,0,1.6331289088590464,-0.18101745815794024,0
51.30099999997114,-0.8728973267536437,-0.6319396669677927,-0.182054278487163,0,1.6301237688290893,-0.13997144343585144,0
51.32099999997109,-0.872699286046709,-0.6276647040458602,-0.1049779398159627,0,1.6294842825541063,-0.09990545557063157,0
51.34099999997105,-0.8712527785404878,-0.6222991181743327,-0.022055634719704606,0,1.6276130312948707,-0.05701062810169577,0
51.360999999971,-0.8687331430714749,-0.6162667266183133,0.06281846004321451,0,1.6244893166818446,-0.012666292573146887,0
51.38099999997095,-0.8680891395848723,-0.6111049366467091,0.1402101738399813,0,1.6235723411121046,0.027281788020923736,0
51.40099999997091,-0.8682634167815119,-0.6055973610699403,0.21500085095293897,0,1.6230406364408618,0.06695109940570076,0
51.42099999997086,-0.8703981610271769,-0.6010273797110168,0.279536984561574,0,1.6249635036979646,0.10049190280828002,0
51.44099999997081,-0.8718444045496486,-0.5961306887324435,0.33988533708741053,0,1.6259131453991549,0.13267657134075073,0
51.46099999997077,-0.8723409723507584,-0.5921234027579196,0.3904269212542218,0,1.6263714474068929,0.15896818483855224,0
51.48099999997072,-0.8716954620544102,-0.5880115318233334,0.4350203028796563,0,1.6252433719431671,0.18291542822478246,0
51.500999999970674,-0.872311355079942,-0.5843630858566776,0.4702887457417157,0,1.6256887396355786,0.20172667527170596,0
51.52099999997063,-0.8732280888805378,-0.5814626107622533,0.4947859034316584,0,1.626285387630688,0.21580776912621435,0
51.54099999997058,-0.8753292363721314,-0.5790753797012718,0.509288081449843,0,1.6282350096749156,0.22413981751209366,0
51.560999999970534,-0.8768093193275096,-0.5773268296610778,0.5131163926823202,0,1.6296483772456276,0.22687138194053014,0
51.58099999997049,-0.8775140153670021,-0.5759880304579242,0.5074038725032278,0,1.630307660636119,0.22464842920912487,0
51.60099999997044,-0.8776842720009569,-0.5751560830533571,0.49187839970889397,0,1.6304609486439916,0.21726777887437976,0
51.620999999970394,-0.8775126259985735,-0.5747152136504461,0.4675495017679937,0,1.630297711610221,0.20524047137243606,0
51.64099999997035,-0.8771377965570812,-0.5744801886951991,0.4358671768511988,0,1.629887829642973,0.18993942043761058,0
51.6609999999703,-0.8762846757618031,-0.5738448074737875,0.4001721479576135,0,1.629024545870212,0.17226698312072197,0
51.680999999970254,-0.8747561809201917,-0.572565826264498,0.36217224817403,0,1.6275017182168743,0.15330912754520454,0
51.70099999997021,-0.8739969080551541,-0.5694245134645977,0.3283045964828103,0,1.626532435886763,0.13750146297882138,0
51.72099999997016,-0.8728365207731561,-0.5638844106585275,0.3008596633391021,0,1.625073815386283,0.12465908695869587,0
51.740999999970114,-0.8719976024082579,-0.5539633032484121,0.2900010003135698,0,1.6237446223153384,0.12188925265078443,0
51.76099999997007,-0.8729522156677902,-0.5441016051920432,0.2767769233098262,0,1.624129717766932,0.11887136793224862,0
51.78099999997002,-0.8746407089028437,-0.5370551412178217,0.24830074978340613,0,1.6256195253413344,0.10748386225596418,0
51.800999999969974,-0.8774428553500353,-0.527448718118849,0.23108294363323856,0,1.6279107949922078,0.1010158949879778,0
51.82099999996993,-0.8788824597886968,-0.5246092687414682,0.18333579528385155,0,1.6295775701319195,0.0802407960486109,0
51.84099999996988,-0.8759745503425029,-0.5336506400530638,0.0801993456097578,0,1.627002855864371,0.02671611809939689,0
51.860999999969835,-0.8736793350737323,-0.5467020637526924,-0.03810469449508622,0,1.6250677131452613,-0.03700518873276959,0
51.88099999996979,-0.8739170744839821,-0.5515134327185066,-0.11372720217084538,0,1.6254406825643384,-0.07732295104108355,0
51.90099999996974,-0.8744470882631166,-0.552979407722011,-0.16798077289173008,0,1.626157417908886,-0.10499316445847828,0
51.920999999969695,-0.8718545763866901,-0.5607026808392948,-0.2453628313540878,0,1.6238620158144281,-0.1456260335369528,0
51.94099999996965,-0.8727425359055575,-0.5667857505307934,-0.3108271312571748,0,1.6249760372790698,-0.18052806329258964,0
51.9609999999696,-0.8740859021823113,-0.5722479713623428,-0.3681981297017624,0,1.6266255270118162,-0.2110452644353522,0
51.980999999969555,-0.8751883383280905,-0.577455305622678,-0.41803514419129917,0,1.6280538177013233,-0.23759473986392243,0
52.00099999996951,-0.87604164209567,-0.582787575446739,-0.46092236131870096,0,1.6292470488087873,-0.26084611967579896,0
52.02099999996946,-0.8757024992377993,-0.5890937096346621,-0.5012737666931055,0,1.6293944544935912,-0.2833523300615153,0
52.040999999969415,-0.8758893741383791,-0.5967569505186564,-0.5396604721646402,0,1.6299942487554053,-0.30426344259579663,0
52.06099999996937,-0.8763806426103828,-0.606292700984555,-0.5789678780534574,0,1.6312051303685535,-0.32719434940620085,0
52.08099999996932,-0.8773962897962627,-0.6199090195060702,-0.6297901193526455,0,1.6332543828629378,-0.34,0
52.100999999969275,-0.8797125492650277,-0.6338212324367775,-0.679753322541551,0,1.6367943052004403,-0.34,0
52.12099999996923,-0.8835534319561011,-0.6429141403635403,-0.7074834380320181,0,1.6414049346194064,-0.34,0
52.14099999996918,-0.8863513588210581,-0.6466713977642936,-0.6992030664114982,0,1.644732649628922,-0.34,0
52.160999999969135,-0.8843353949216991,-0.6445585332879729,-0.6462582529346736,0,1.6427915895176535,-0.34,0
52.18099999996909,-0.883198554137617,-0.6449119984595246,-0.5920688612470522,0,1.6414370065481056,-0.34,0
52.20099999996904,-0.8835815504657366,-0.6477419626920349,-0.5445009298091641,0,1.6421060699425465,-0.3245037791783818,0
52.220999999968996,-0.8850736340294585,-0.651632627418629,-0.5026139098761926,0,1.6440264730133467,-0.30487794896245224,0
52.24099999996895,-0.8828563654686559,-0.6467808041104641,-0.42188550003445013,0,1.6415901949846972,-0.26429570240950584,0
52.2609999999689,-0.8809247554969835,-0.6423165836026283,-0.3436193528452975,0,1.638945007287987,-0.22282472082186588,0
52.280999999968856,-0.8784948125711843,-0.6389506651095815,-0.2709436642921835,0,1.6365419232042817,-0.18693023394957886,0
52.30099999996881,-0.8748810591030521,-0.6335385121652622,-0.1866376318252459,0,1.6323734009862612,-0.14286849971203175,0
52.32099999996876,-0.8707198755372881,-0.6279249485742113,-0.10078500492284712,0,1.6276176624811445,-0.09801359517207642,0
52.340999999968716,-0.8696442566196062,-0.6231402015118435,-0.019277007753465802,0,1.6261495733288602,-0.05675928653132156,0
52.36099999996867,-0.8699666591605165,-0.6177393259170956,0.06272876163231746,0,1.6257010401196832,-0.012774425502713127,0
52.38099999996862,-0.8684986041510953,-0.6116887701313788,0.1433230997253116,0,1.6238627184832506,0.029007990656368277,0
52.400999999968576,-0.8703158531406514,-0.607112685825513,0.21258772047226104,0,1.6253283610166835,0.06511279839007944,0
52.42099999996853,-0.870364745200388,-0.6019139871324206,0.28003254829574903,0,1.6248661247930176,0.10087774964309859,0
52.44099999996848,-0.8714367885023927,-0.5974605250410652,0.339227762601424,0,1.625700723364819,0.13180171804904184,0
52.460999999968436,-0.8709109292925988,-0.5931247718195344,0.390703488229963,0,1.6248698214231805,0.16005762985713523,0
52.48099999996839,-0.8698732051082216,-0.5888620978885601,0.43607767988329166,0,1.6234818973900875,0.18375656898337,0
52.50099999996834,-0.8721554322184734,-0.5850995671979874,0.47153645957761536,0,1.6254422573906684,0.20255904218558873,0
52.520999999968296,-0.8748713985706922,-0.5822858224004265,0.49562141858808195,0,1.628018974738721,0.21568624897283528,0
52.54099999996825,-0.8766164497998485,-0.5800578058595224,0.5093980737010613,0,1.6296646127524261,0.2235776511801768,0
52.5609999999682,-0.8775346885443035,-0.5783637751761432,0.5129477061831189,0,1.6305107790102153,0.22613785249281104,0
52.58099999996816,-0.8779330887930678,-0.5773420468404741,0.5059395828929095,0,1.6308100131217187,0.22363189028526076,0
52.60099999996811,-0.8778871054308859,-0.5764372481551053,0.49076446864754775,0,1.630732139324973,0.21646877340524306,0
52.62099999996806,-0.8775830550544482,-0.5758716054671884,0.46707128040227847,0,1.6304199882202175,0.20483684622987552,0
52.64099999996802,-0.8771637424801357,-0.5758170969681826,0.434518243149724,0,1.6300236730250572,0.18844107225812712,0
52.66099999996797,-0.8753802994236151,-0.5753494800632641,0.39788017673501347,0,1.628363036595846,0.1707010451092008,0
52.68099999996792,-0.8737095416235475,-0.5738648858718784,0.3611901590012682,0,1.6264963475871341,0.15243817121368242,0
52.70099999996788,-0.8733035262518343,-0.5710509943912686,0.32545868427242036,0,1.6259154959246145,0.13588386471897307,0
52.72099999996783,-0.8726679737019827,-0.5653753431186346,0.29907400999785383,0,1.6249487366227608,0.1238971523110084,0
52.740999999967784,-0.8726410688067769,-0.5556647320082363,0.28716208072253296,0,1.6243757665377931,0.12009434307616917,0
52.76099999996774,-0.8733343932428211,-0.5452500326001969,0.2760123375725275,0,1.624697336605749,0.11797655159679876,0
52.78099999996769,-0.8739288094408241,-0.5374126446248471,0.25155750232381946,0,1.624822329150116,0.1084768378736567,0
52.800999999967644,-0.8777625240871011,-0.5275721620116048,0.23519980460194914,0,1.6282427249047626,0.10282620400755071,0
52.8209999999676,-0.8791950583968963,-0.5255141177205734,0.1833673317521334,0,1.6297982713247054,0.079541628182912,0
52.84099999996755,-0.8763149613249326,-0.535365273688943,0.07650723027915067,0,1.6274748233259086,0.024860230551680074,0
52.860999999967504,-0.8723848102182333,-0.5474266042288723,-0.036943383931977346,0,1.6239223199553308,-0.03662991351870404,0
52.88099999996746,-0.8720811744239715,-0.5516344776201678,-0.10944555194061922,0,1.6236879019212218,-0.07515443849471204,0
52.90099999996741,-0.8696637175845044,-0.5542809333679757,-0.16876095339596275,0,1.6215001830255082,-0.10559772513489185,0
52.920999999967364,-0.8677255041087624,-0.5619681461046041,-0.24585372671638028,0,1.6198625853476014,-0.14607300479864582,0
52.94099999996732,-0.8693713041282913,-0.5685116211389211,-0.31352156885712457,0,1.62163694936135,-0.18215871008587392,0
52.96099999996727,-0.8713146777117163,-0.5744715015037138,-0.37296559989713235,0,1.6240584625291337,-0.21436546292848457,0
52.980999999967224,-0.871830526306374,-0.5812000210180573,-0.43000341139760756,0,1.6248814811860535,-0.24445253816411205,0
53.00099999996718,-0.8723936571378861,-0.5884570901053806,-0.4815967971935894,0,1.6259967054043203,-0.27243369283376895,0
53.02099999996713,-0.8734796886693121,-0.5973337898797343,-0.5333554628884811,0,1.6275555422414376,-0.30141130936847715,0
53.040999999967084,-0.87518649931122,-0.6089039964425843,-0.5897128819285712,0,1.6301986085467235,-0.33284419554908395,0
53.06099999996704,-0.8771725922051096,-0.6241879655016875,-0.655811440181771,0,1.633322262197789,-0.34,0
53.08099999996699,-0.8801969590168426,-0.6349093031041482,-0.701287568935989,0,1.637394776381998,-0.34,0
53.100999999966945,-0.8831467428457976,-0.6401294554903659,-0.7209417432891256,0,1.640810923744506,-0.34,0
53.1209999999669,-0.8815262470487245,-0.640044766961269,-0.6986124483583398,0,1.6396401729170016,-0.34,0
53.14099999996685,-0.8782073703098882,-0.6413369538715818,-0.66865458052461,0,1.6362355005833795,-0.34,0
53.160999999966805,-0.8787036333421384,-0.6449290666702026,-0.6399319948589758,0,1.63695409190957,-0.34,0
53.18099999996676,-0.8813117311667931,-0.6495388358531303,-0.6089186468820306,0,1.6398838078653206,-0.34,0
53.20099999996671,-0.8844042683617558,-0.654402264242135,-0.5742609264616855,0,1.6435131562796261,-0.34,0
53.220999999966665,-0.8832911245471655,-0.6536610540969813,-0.5083270051204424,0,1.6426588138074683,-0.3096761935817487,0
53.24099999996662,-0.8811331568309029,-0.6466838127544172,-0.4128838798241341,0,1.6396530044965085,-0.259285504900054,0
53.26099999996657,-0.880400368345475,-0.6449315760509211,-0.3459339906671403,0,1.638938444958505,-0.22548896873242597,0
53.280999999966525,-0.8773119672647085,-0.6394549802723328,-0.2634702880958782,0,1.6352256449084266,-0.1825138223883731,0
53.30099999996648,-0.8755067941825075,-0.634943575329336,-0.1849618263275235,0,1.6330010949586466,-0.14191848665867912,0
53.32099999996643,-0.8722597925149804,-0.6305546224225477,-0.10578245856433864,0,1.6294686574318389,-0.10089854293150591,0
53.340999999966385,-0.866934935554868,-0.6247043425802631,-0.020025350274002214,0,1.6236398776439056,-0.05708020329238361,0
53.36099999996634,-0.8641559878051446,-0.6190908297370981,0.06295547763934463,0,1.6202359407685605,-0.013947015431411636,0
53.38099999996629,-0.8661858441460777,-0.6140513730246205,0.14059778981392027,0,1.6217570082032333,0.026857898537560487,0
53.400999999966245,-0.8661592943481206,-0.6078138274767783,0.218165413867483,0,1.6211491756826608,0.06824151056587313,0
53.4209999999662,-0.8682225088280304,-0.6023663321798504,0.28656741284265763,0,1.6226837467577109,0.10440759644228637,0
53.44099999996615,-0.870275178518452,-0.5970795487315637,0.34834115147179184,0,1.624377705580492,0.13658047586779976,0
53.460999999966106,-0.8730732464599984,-0.5927709167610569,0.3996561516310529,0,1.6268731582297473,0.1639160242261044,0
53.48099999996606,-0.8750991458939708,-0.5888796928678293,0.4428160340652602,0,1.6286619319565272,0.18699730332642805,0
53.50099999996601,-0.8764330243398972,-0.5854064379022477,0.4773302504626802,0,1.6297910058393537,0.20558322537336227,0
53.520999999965966,-0.8772856373765345,-0.5822254343222504,0.503225519917678,0,1.6304589451465472,0.21973761562135374,0
53.54099999996592,-0.8778242576310561,-0.5793209294536247,0.5201865257708381,0,1.6308367268653303,0.22927773689855035,0
53.56099999996587,-0.8781355815547361,-0.5765714014708124,0.5286725426829727,0,1.631007038198373,0.23442117136228235,0
53.580999999965826,-0.8783058329911927,-0.5739348832988638,0.5289716859297583,0,1.631000416450747,0.2358751212694823,0
53.60099999996578,-0.8770601539809697,-0.5703685537784169,0.5263627964859564,0,1.629643246334887,0.23543800175299467,0
53.62099999996573,-0.8764686531010468,-0.5655634398721998,0.5224067809989584,0,1.628737334013568,0.23487666183554512,0
53.640999999965686,-0.8747582787315289,-0.5587620615848647,0.5214911735612405,0,1.6267812811610558,0.23650359973201351,0
53.66099999996564,-0.8749203866934908,-0.548215706990797,0.5308185532272574,0,1.6263075673358331,0.24351401566752462,0
53.68099999996559,-0.8771032429395663,-0.5355979627821238,0.5441638503190072,0,1.6279314502019062,0.2546706862672654,0
53.700999999965546,-0.8802881782891334,-0.5268963122717624,0.5344500674318229,0,1.6309098465466552,0.2533815259385157,0
53.7209999999655,-0.8833308980457971,-0.5169950339682,0.5269474929376665,0,1.6336101845575424,0.2520144155925408,0
53.74099999996545,-0.885284219401558,-0.5104670068646012,0.5001791314437276,0,1.6356287251529051,0.2425591274469563,0
53.76099999996541,-0.8827479863104009,-0.5153062551727902,0.4152704450575439,0,1.6332973051977222,0.19950060205063447,0
53.78099999996536,-0.8777018481381743,-0.5259422659513955,0.30123061345615904,0,1.6285078420986874,0.1392151676543163,0
53.80099999996531,-0.8774951793141693,-0.5286611515781967,0.22566094160622782,0,1.6282675745849946,0.09935508578649754,0
53.82099999996527,-0.8758195699709099,-0.5338680629034698,0.143054807096648,0,1.6268394691450885,0.057688719206105965,0
53.84099999996522,-0.8739862521132339,-0.5395298447203853,0.059620626017493406,0,1.625058596848765,0.01307769311159901,0
53.86099999996517,-0.8719069765251839,-0.5452639788219479,-0.021666542284957974,0,1.6234782160041465,-0.02822085411969355,0
53.88099999996513,-0.8678764673793637,-0.5502675130109139,-0.09699612893366406,0,1.6196444570755293,-0.06794948629516151,0
53.90099999996508,-0.8652008740130467,-0.5557912502279039,-0.1706649620610738,0,1.616875254227928,-0.10707439406113028,0
53.920999999965034,-0.866139858874743,-0.5608013613650977,-0.23826369291200208,0,1.618152071581735,-0.14210837283954247,0
53.94099999996499,-0.8669269329006454,-0.5662898971383894,-0.3023368331553673,0,1.6190632854150226,-0.17625177240033096,0
53.96099999996494,-0.8705677341524366,-0.5708466567749284,-0.3555211787404666,0,1.6229011742158703,-0.204743319423073,0
53.980999999964894,-0.8734585863025117,-0.574744737886864,-0.39844752587641014,0,1.626121228394526,-0.22719392464379595,0
54.00099999996485,-0.8752648361728675,-0.5780568652918924,-0.43203860563884483,0,1.628147707019585,-0.24517430398698892,0
54.0209999999648,-0.8763227876389037,-0.5808898425320858,-0.4558437352072965,0,1.6294136335587373,-0.2582088435990775,0
54.040999999964754,-0.8769396151303207,-0.5831433451182818,-0.46951158138783583,0,1.630188978361957,-0.26597908275934246,0
54.06099999996471,-0.8772408235808817,-0.5849342941301627,-0.47350147539978665,0,1.6306195085330306,-0.26874035070783653,0
54.08099999996466,-0.8773411583822334,-0.5861371766102198,-0.4672291113018026,0,1.6308163785545557,-0.2662451085704767,0
54.100999999964614,-0.8766521828781091,-0.5871342439895372,-0.4526369793659588,0,1.6301999594649945,-0.2598139245301494,0
54.12099999996457,-0.875147437669499,-0.588384618065163,-0.43232540428839905,0,1.6287954292715088,-0.2501287336679272,0
54.14099999996452,-0.8736413508458127,-0.5901004596326386,-0.4081733872090428,0,1.6274502114245344,-0.23866222087164068,0
54.160999999964474,-0.8732694726848355,-0.5926543792947768,-0.3807456331035499,0,1.6271488519418358,-0.22560495854317186,0
54.18099999996443,-0.8714314121215936,-0.5968355379331268,-0.3560440827827782,0,1.6256545094764474,-0.2142792282195345,0
54.20099999996438,-0.8709857808592201,-0.6036930117678858,-0.33855706757869974,0,1.6256361006862434,-0.20762855133537217,0
54.220999999964334,-0.8708752354198338,-0.6153985344297134,-0.3386908204780629,0,1.6264498436643404,-0.2108959724847519,0
54.24099999996429,-0.8723563827694233,-0.6245163548032896,-0.32379201416281855,0,1.6286779873766823,-0.20688607553413463,0
54.26099999996424,-0.875751563532438,-0.6326851075837477,-0.301813619877251,0,1.6326306855237935,-0.19805683171313815,0
54.280999999964195,-0.8795798140766825,-0.641933074039257,-0.2836631733479708,0,1.6374455656327767,-0.19168898178563398,0
54.30099999996415,-0.8787229957001588,-0.6405159476883241,-0.21531529942698127,0,1.6367527237358714,-0.15939782826842142,0
54.3209999999641,-0.8754380820976444,-0.6285458514642667,-0.0968993718617597,0,1.6324802765052242,-0.09736264015851348,0
54.340999999964055,-0.8741442287243482,-0.6209769790946122,-0.0015323064006881274,0,1.630273551382475,-0.046170871909098965,0
54.36099999996401,-0.8750428467260343,-0.6190808587261946,0.06348090532413098,0,1.6310763843542744,-0.012815718407061416,0
54.38099999996396,-0.8737824221111242,-0.6121653214035052,0.14637533004205533,0,1.6292278906057487,0.03013488801650266,0
54.400999999963915,-0.8739719133554658,-0.6059800339810935,0.22217360578428524,0,1.6288615236421136,0.07043634614969885,0
54.42099999996387,-0.8746124162920355,-0.6008983460135686,0.2887394394636782,0,1.6290902553223872,0.10556291191843536,0
54.44099999996382,-0.8752976932988445,-0.5963035951135177,0.3480408757820916,0,1.6294280611512901,0.13688841665056373,0
54.460999999963775,-0.8759268870937607,-0.5919446916855791,0.4003806310819568,0,1.6297394301389925,0.16468386970868787,0
54.48099999996373,-0.8765733225937086,-0.5881003442683621,0.44366447407264253,0,1.6301237225767649,0.18776565317988037,0
54.50099999996368,-0.8771298381985537,-0.5844624221158163,0.47881580316603195,0,1.6304423877424508,0.20671251265989965,0
54.520999999963635,-0.8776180774633447,-0.5811838508277651,0.5048198248538499,0,1.6307327263635545,0.22091170959572493,0
54.54099999996359,-0.8776331167738539,-0.5778357903772735,0.5236045192416969,0,1.6305963192966857,0.2311336652483449,0
54.56099999996354,-0.8756413578122648,-0.5742968472639061,0.5360672597255113,0,1.6285137900114415,0.2388096792839045,0
54.580999999963495,-0.8753182490412101,-0.5700437681979097,0.5436405524960943,0,1.6277824662773628,0.24374804105144476,0
54.60099999996345,-0.8736991567673931,-0.5647831198086432,0.548740839059735,0,1.6260701181243475,0.24870408471255923,0
54.6209999999634,-0.8731634958593464,-0.5571289499285482,0.5581084026437281,0,1.6248947940774001,0.2548825985645944,0
54.640999999963356,-0.8767875196702676,-0.5455402752119202,0.5784508712067369,0,1.627987192156807,0.2684874550905296,0
54.66099999996331,-0.8796762333724673,-0.5324774469348884,0.5993936464218452,0,1.6303896902235833,0.28302655217844297,0
54.68099999996326,-0.8822700846101511,-0.523527999431899,0.5958652624084804,0,1.632666952356483,0.28418624994382213,0
54.700999999963216,-0.8841192244650827,-0.5142291053742986,0.5891477817715225,0,1.634291981386159,0.2837912145523167,0
54.72099999996317,-0.8854293916417617,-0.5071139954465892,0.568719988268496,0,1.6356280834635941,0.2770650181477281,0
54.74099999996312,-0.8836280659254279,-0.511774245727388,0.4868087128712272,0,1.6340730884761074,0.23659324861048092,0
54.760999999963076,-0.8797207049661403,-0.5207289376065297,0.3814512173806868,0,1.6304094751799059,0.18066793960938377,0
54.78099999996303,-0.8776876445429943,-0.5223958493241269,0.31211170258363286,0,1.628309662430359,0.1448022719054043,0
54.80099999996298,-0.8754854434759372,-0.5289387136307527,0.22203530901176627,0,1.6263954805885068,0.09877583409580226,0
54.820999999962936,-0.8737450055288709,-0.5329221464692488,0.14502926188205537,0,1.624775579452506,0.05855143710354205,0
54.84099999996289,-0.8712907596413226,-0.5392046183765764,0.0590724060578532,0,1.6223595924085834,0.013145491545374366,0
54.86099999996284,-0.8689423484068335,-0.5445799956267126,-0.020986945787657293,0,1.620348477256719,-0.028179503976669462,0
54.880999999962796,-0.8673482625531386,-0.5495154094133241,-0.09625670796364605,0,1.6190669075051587,-0.06753455948766418,0
54.90099999996275,-0.8668313825624445,-0.5546394774490077,-0.16910948679982096,0,1.6184737351622625,-0.10616055380914746,0
54.9209999999627,-0.8669444977414252,-0.5603770634846454,-0.23970822082124782,0,1.6188597651386643,-0.143271503324379,0
54.940999999962656,-0.8685319069780222,-0.5655205204817554,-0.30149568599829657,0,1.6207094308617407,-0.1759952573691259,0
54.96099999996261,-0.8699008249844822,-0.5700919649596468,-0.35427453988351315,0,1.6222906151709746,-0.20350891855101416,0
54.98099999996256,-0.8725915771514271,-0.5739163841426288,-0.3969819939895658,0,1.6251721495832618,-0.2263531987318268,0
55.00099999996252,-0.8747232600395817,-0.5771312420323459,-0.4299918639091873,0,1.6275245686442714,-0.24415672325413618,0
55.02099999996247,-0.8760839904841485,-0.5796041635662701,-0.4523485340537553,0,1.62906525249549,-0.2563929073710314,0
55.04099999996242,-0.8765847399338225,-0.5815719706555713,-0.4648363635440879,0,1.6297370699266875,-0.2633963838857061,0
55.06099999996238,-0.8769104001999548,-0.5828821522501111,-0.4666087839165643,0,1.630137390344785,-0.2650058593113864,0
55.08099999996233,-0.8771100236830136,-0.5834671440127052,-0.4573454116824329,0,1.6303851767485416,-0.2608700441281151,0
55.10099999996228,-0.8761590526083157,-0.5833388531078764,-0.437785813949679,0,1.6294557255113438,-0.25146213072927637,0
55.12099999996224,-0.8751753171889591,-0.583211539538201,-0.41144391461825514,0,1.6284710208970483,-0.23808257346580386,0
55.14099999996219,-0.8753089797363526,-0.5819085766421151,-0.3725270455528923,0,1.6285211453402997,-0.21850671488734097,0
55.160999999962144,-0.8750288669526628,-0.5801508114344256,-0.32609751474264154,0,1.6281506208927097,-0.19507474405573055,0
55.1809999999621,-0.8746789451079411,-0.5776688389592038,-0.27086597973519305,0,1.6276486380472732,-0.16679129634145284,0
55.20099999996205,-0.8743784381247105,-0.574510252248509,-0.20761422991385506,0,1.6272001929703415,-0.13431689082391385,0
55.220999999962004,-0.8728880673652244,-0.5711715859334918,-0.14080923645961912,0,1.6255251296026316,-0.10017701259787914,0
55.24099999996196,-0.8726589652110791,-0.5672110481976143,-0.0676990751868181,0,1.6250119612494236,-0.0624055838749793,0
55.26099999996191,-0.8724063047384906,-0.5632179440805748,0.007568026420460679,0,1.624633968024394,-0.023938263931792214,0
55.280999999961864,-0.8702836796079257,-0.5593923005228894,0.08381824333103095,0,1.6222674728254018,0.01548788627002673,0
55.30099999996182,-0.8699957132623936,-0.5561867142736993,0.15754385183496508,0,1.621802123142223,0.05358775343760347,0
55.32099999996177,-0.8690869412798543,-0.5538200032965362,0.22716172280534402,0,1.6207909248974417,0.0893213642086057,0
55.340999999961724,-0.8693452649300277,-0.5526275241057965,0.2902575330256673,0,1.6209620198785522,0.1207434766767157,0
55.36099999996168,-0.8704090182098341,-0.5538177879919403,0.3403889204164514,0,1.6219745463018185,0.14628641213968674,0
55.38099999996163,-0.8706664119914301,-0.5587487441656265,0.37028990603209805,0,1.6225754801318082,0.1602558828580114,0
55.400999999961584,-0.8697621582008004,-0.5687631299203525,0.37300684311077575,0,1.6222093431716014,0.15897754402087472,0
55.42099999996154,-0.8697105572825132,-0.5770101401064802,0.37928820215379605,0,1.622516947236174,0.15986392521082138,0
55.44099999996149,-0.8710936717463085,-0.581453371054395,0.3983008217195101,0,1.6242380341044818,0.1668641464393983,0
55.460999999961444,-0.8727353885442051,-0.5804770735428819,0.4380491329173907,0,1.6257608558684216,0.186473275821182,0
55.4809999999614,-0.8740739882121551,-0.5746193631889807,0.494370978747764,0,1.626787074029669,0.2164822879395607,0
55.50099999996135,-0.8753243705283317,-0.5658019308774679,0.5559194257262867,0,1.6275342190039968,0.24985495637684307,0
55.520999999961305,-0.8776136875759558,-0.554408235034761,0.6194748460201339,0,1.629243571235315,0.28545094758600587,0
55.54099999996126,-0.8771142702128771,-0.5399626727288291,0.6882478560034131,0,1.6282051893009777,0.3238679459112186,0
55.56099999996121,-0.8785002698803115,-0.5307018430184078,0.7249842977125496,0,1.6291827226254574,0.34,0
55.580999999961165,-0.8805143056158178,-0.5284336464335627,0.7235152976349895,0,1.6311260278638877,0.34,0
55.60099999996112,-0.8818520195752905,-0.5282666196410946,0.7051053528913731,0,1.6325117851306568,0.3383727741549354,0
55.62099999996107,-0.8825756180594018,-0.5270652055487092,0.6831423043645626,0,1.6332079965983615,0.32773337020410387,0
55.640999999961025,-0.883183036134849,-0.523873115854075,0.6641059630289768,0,1.6337564695763913,0.3188627493479155,0
55.66099999996098,-0.884694688707677,-0.5184980715829332,0.6500916592083051,0,1.6351324203804354,0.3136096372403163,0
55.68099999996093,-0.8853132829350762,-0.5114650244704343,0.6405177469344605,0,1.6355493573113582,0.3108216570253184,0
55.700999999960885,-0.8884521654898885,-0.504620439236407,0.6240177599312257,0,1.6385039886406214,0.3050133669932358,0
55.72099999996084,-0.8872470454488246,-0.5068393763242108,0.5581535544300221,0,1.6377198247566533,0.27373962474101887,0
55.74099999996079,-0.8819831032780491,-0.514258931990603,0.4621268348516318,0,1.6325869370417332,0.2231091811991548,0
55.760999999960745,-0.8807139433863307,-0.5156287292720814,0.3937232414416161,0,1.6311217433502776,0.1877121899751062,0
55.7809999999607,-0.8786269079111676,-0.5219863752247484,0.3030984010131094,0,1.6293280088537156,0.14102004907819432,0
55.80099999996065,-0.8771871542199143,-0.5254117062172285,0.2272371928391555,0,1.6278897416130607,0.1020385723227406,0
55.820999999960605,-0.875117629778947,-0.5311313192246361,0.14224655469584851,0,1.6259406539803234,0.05693440290857299,0
55.84099999996056,-0.8725392925903719,-0.5369915256899465,0.058088461634464794,0,1.623717287835639,0.013822127494914183,0
55.86099999996051,-0.8688832006197882,-0.5421450341837375,-0.021110916399685726,0,1.620345509776573,-0.02708990538042455,0
55.880999999960466,-0.8630440577515434,-0.5468897159134829,-0.09574024202411936,0,1.6146627819589363,-0.06719617637943154,0
55.90099999996042,-0.8614127354338365,-0.5523385041462292,-0.17050955281378427,0,1.612894771248241,-0.10589308560629851,0
55.92099999996037,-0.8649378133429312,-0.5571942930341804,-0.2382514672153914,0,1.6166368865377905,-0.14112728295585564,0
55.940999999960326,-0.868571926731461,-0.5616878788001742,-0.2975985123062797,0,1.6204030460297647,-0.17276620588568292,0
55.96099999996028,-0.8699325945673643,-0.5661743817047108,-0.3506861440054931,0,1.6221924310028963,-0.20079068774602016,0
55.98099999996023,-0.8715464259771294,-0.5700738593809186,-0.39424122992907734,0,1.6239488793178145,-0.22436515301540938,0
56.000999999960186,-0.8726285091493311,-0.5735040206868468,-0.42802312275811405,0,1.6252247402629665,-0.24190714412534509,0
56.02099999996014,-0.8746318826951559,-0.5760147184834604,-0.4502154555006042,0,1.627358375097709,-0.25431370525740205,0
56.04099999996009,-0.875245339097506,-0.5778594029184668,-0.4618687937126168,0,1.628269344167745,-0.2604987115141939,0
56.060999999960046,-0.8754638334069598,-0.579617159893741,-0.4664798870908933,0,1.628479087969341,-0.26358710204916136,0
56.08099999996,-0.876251339329788,-0.5803728686524552,-0.4582612729444669,0,1.629322195577704,-0.2600236080208209,0
56.10099999995995,-0.8759754111907149,-0.5804713783158943,-0.43976422709296786,0,1.6291240579576163,-0.25128765139544207,0
56.120999999959906,-0.8751266895352674,-0.5798474299755925,-0.41101920434343775,0,1.6282624813718807,-0.23696395672977033,0
56.14099999995986,-0.8741233053910262,-0.5790696453907651,-0.3748398102272477,0,1.627159363925983,-0.21867557403017868,0
56.16099999995981,-0.8743962468355233,-0.5772440192632845,-0.3277693998909859,0,1.6272829066204169,-0.19528378596551033,0
56.18099999995977,-0.8744576322326162,-0.5751113141886668,-0.274099259906928,0,1.6272416594614079,-0.16787780349151582,0
56.20099999995972,-0.8742613189966818,-0.5723099802747659,-0.2128701621547754,0,1.6269088425210632,-0.13641905393299258,0
56.22099999995967,-0.8739857117216833,-0.5689038954846398,-0.14516429184960722,0,1.6264537346069405,-0.10146592617211447,0
56.24099999995963,-0.8734738987433679,-0.5654311563019532,-0.07421751239692866,0,1.6257822560639656,-0.06512715987379791,0
56.26099999995958,-0.8730446882760192,-0.5619054359174404,-0.001066430465759687,0,1.6251556546466708,-0.02783097425838421,0
56.28099999995953,-0.8716113796763989,-0.5586652763510646,0.07263539737062424,0,1.6236028402125235,0.010406315643211927,0
56.30099999995949,-0.87076403599097,-0.5561362922156482,0.14334108418173455,0,1.622619723349534,0.045971299865688486,0
56.32099999995944,-0.8696801143870543,-0.5554265935351625,0.20536605986654105,0,1.6213750333439136,0.077768811858558,0
56.340999999959394,-0.8696673474244347,-0.5572184214301211,0.2548677016222662,0,1.621476620319516,0.10264278469391042,0
56.36099999995935,-0.87087179008829,-0.562403793174153,0.28668489956186577,0,1.6228808519990365,0.11759517473911396,0
56.3809999999593,-0.8718065106345761,-0.5724416562487888,0.2934341666473632,0,1.6243683925949624,0.11805472081860136,0
56.400999999959254,-0.8723890028714488,-0.5800083396251998,0.30742520243608973,0,1.6253856433379512,0.12245453994054989,0
56.42099999995921,-0.8720297350393644,-0.5852561278285401,0.3284616001784466,0,1.6254887458244116,0.13092870897330178,0
56.44099999995916,-0.8726642129474816,-0.5859195452569815,0.3668263975775912,0,1.626061162949566,0.14946345720360577,0
56.460999999959114,-0.8731502350842918,-0.5827408721698539,0.416692025954499,0,1.6263961310543593,0.17511047866234386,0
56.48099999995907,-0.8730897014572924,-0.5774936274191083,0.46911246486415514,0,1.626081538131902,0.20296431659236935,0
56.50099999995902,-0.8732398718489152,-0.570884591838144,0.5185379037260566,0,1.625756355058754,0.2304367781834844,0
56.520999999958974,-0.8743150426352428,-0.5626838360122677,0.566440376451957,0,1.6263599045186408,0.2563993670363125,0
56.54099999995893,-0.8756502022014754,-0.5527254625175573,0.6144885320399387,0,1.627238373527696,0.28316151739779616,0
56.56099999995888,-0.8775560185148584,-0.5390296672345759,0.6724373690995578,0,1.6285202505232494,0.31639178203614926,0
56.580999999958834,-0.8785028210096008,-0.5251056520860976,0.7250428307785929,0,1.62912129397631,0.34,0
56.60099999995879,-0.8795764747459568,-0.5179241519028018,0.7410456621687507,0,1.6298763245767123,0.34,0
56.62099999995874,-0.8824840744398409,-0.5134640023499687,0.7402117624178675,0,1.6327386972730304,0.34,0
56.640999999958694,-0.8848056973896982,-0.5098625255369387,0.7268908118242269,0,1.63505994652146,0.34,0
56.66099999995865,-0.8868477464740547,-0.5059069703651512,0.7054828716105244,0,1.6369707093255348,0.34,0
56.6809999999586,-0.8886721895822718,-0.5022107946073324,0.6722140509834551,0,1.6387591884336663,0.3303344967143773,0
56.700999999958555,-0.8886045695865703,-0.5010770189448263,0.6211783684002982,0,1.638850161928777,0.3057368940611078,0
56.72099999995851,-0.8843405961423243,-0.5073263606841794,0.5319917760384921,0,1.6346304522714854,0.25948256867413866,0
56.74099999995846,-0.8836227779827357,-0.5087734438469953,0.4666975388745408,0,1.633928041123294,0.2260523288060572,0
56.760999999958415,-0.880635499302123,-0.5140135046839264,0.3843526359758767,0,1.6310349846923153,0.18345817304970446,0
56.78099999995837,-0.878647122387158,-0.5174733496420474,0.3100534590993991,0,1.6291861781217687,0.14571479309265634,0
56.80099999995832,-0.8755870430553918,-0.5221070701069089,0.22927367316565467,0,1.626223773121568,0.10324321046601437,0
56.820999999958275,-0.8735474111073739,-0.528103578123761,0.14199980185320019,0,1.6243513944706591,0.0585758950966504,0
56.84099999995823,-0.872941132096856,-0.5333143395810823,0.0582999191272735,0,1.6239138680321703,0.015093717118019656,0
56.86099999995818,-0.8712207738702243,-0.5383641779489562,-0.02126836182905454,0,1.6224031172353561,-0.026183901979536017,0
56.880999999958135,-0.8694088492826488,-0.5441977239733754,-0.10029667669242844,0,1.6205930370480823,-0.06822678295305962,0
56.90099999995809,-0.8691215587650953,-0.5496831614973096,-0.17361156612506093,0,1.6205626988755335,-0.10648500777784453,0
56.92099999995804,-0.8709316406516784,-0.5543493829104846,-0.23848229451460995,0,1.6225148930394828,-0.14070133153115938,0
56.940999999957995,-0.871506131728842,-0.559300392136674,-0.2994390044897124,0,1.6233742739359154,-0.17251777574416938,0
56.96099999995795,-0.8731921709940594,-0.5631686163679775,-0.34931287060733973,0,1.625269580430559,-0.19945425934809835,0
56.9809999999579,-0.8731930506154633,-0.5672636775315465,-0.3939034870530971,0,1.6254817297408535,-0.22260657736453515,0
57.000999999957855,-0.8743895971366388,-0.5702025841615989,-0.42589749297578355,0,1.6268834247715478,-0.24024562840736574,0
57.02099999995781,-0.8743954983783458,-0.5732490483045033,-0.45115163663076846,0,1.6270143976681095,-0.2538276470823422,0
57.04099999995776,-0.8741952054170284,-0.575564453754563,-0.4652053185360958,0,1.6270359143003308,-0.26205302192592295,0
57.060999999957716,-0.8735013662990998,-0.5776514893914486,-0.4707114423592352,0,1.6264879276386368,-0.2653097558132085,0
57.08099999995767,-0.8739820654347,-0.5789740856140323,-0.46453118294256024,0,1.6269127170011235,-0.26314358229014223,0
57.10099999995762,-0.8752267324900164,-0.5797130932048744,-0.44865500820091575,0,1.628223879570221,-0.25557716777769146,0
57.120999999957576,-0.8758484322622105,-0.5800678766376283,-0.42416739885679006,0,1.6289086889847986,-0.24351230988827588,0
57.14099999995753,-0.875972514675795,-0.5797664691277641,-0.3898808186666053,0,1.629059025370003,-0.22630213877319738,0
57.16099999995748,-0.8755268878273343,-0.5795629460861786,-0.3506283267814297,0,1.6286076095933117,-0.20720196602456187,0
57.180999999957436,-0.8746466937980478,-0.5798489758636909,-0.3080483334763022,0,1.6277811648038334,-0.1862108157871869,0
57.20099999995739,-0.8716348875791283,-0.5815968713651329,-0.2677454059012037,0,1.6248720196478934,-0.16618337742898026,0
57.22099999995734,-0.8707564453589051,-0.5852061210138085,-0.2314905728883437,0,1.6241676387851585,-0.1487586742599185,0
57.240999999957296,-0.8702149325857984,-0.5921096868536665,-0.20748850637896438,0,1.6240771178562734,-0.13878259524656,0
57.26099999995725,-0.8704268833445389,-0.6034098520121018,-0.20062033266543086,0,1.6250250154990493,-0.1384262498169755,0
57.2809999999572,-0.8721714213693295,-0.6111972338416206,-0.17640738008022577,0,1.6273909719430564,-0.1292275993965606,0
57.300999999957156,-0.873878489142408,-0.6189157582739634,-0.15005709252175692,0,1.6296220403993142,-0.11779929930190725,0
57.32099999995711,-0.8768516438636969,-0.6269337792801548,-0.12586854886229887,0,1.6333349084573403,-0.10866335940625826,0
57.34099999995706,-0.8757807486404189,-0.6221561200258292,-0.04350738879240072,0,1.6321311475384574,-0.06831097067714498,0
57.360999999957016,-0.8734597267351425,-0.6089876504415437,0.07537886073329543,0,1.628723472853365,-0.004809393629896519,0
57.38099999995697,-0.8734849540777666,-0.6019849869952185,0.16206914624218577,0,1.6280058719605897,0.041831214988534704,0
57.40099999995692,-0.8744419090907316,-0.5984442671010787,0.22684126174360472,0,1.6286942194661091,0.07563182480543729,0
57.42099999995688,-0.87524740455125,-0.5952543641570246,0.28388156671816117,0,1.629276468561233,0.10530646429548374,0
57.44099999995683,-0.8757279596351796,-0.5917681864992678,0.3371040456177494,0,1.6295582728016127,0.13318785041822045,0
57.46099999995678,-0.8716247487078395,-0.5874799285066216,0.38898325948598494,0,1.6255101696424412,0.15922595616413338,0
57.48099999995674,-0.8689089559238059,-0.5824389687776378,0.4380122041335383,0,1.6221046656295317,0.18610245574843542,0
57.50099999995669,-0.8706209999170201,-0.5783466949592929,0.47576916154844695,0,1.623480885094479,0.20638698496451102,0
57.52099999995664,-0.8724431821069192,-0.5745598576995993,0.5046007141386941,0,1.625174061380859,0.22259092338885478,0
57.5409999999566,-0.874136441868761,-0.5706232582028733,0.5268064582006207,0,1.6265975838809388,0.234904145874693,0
57.56099999995655,-0.8750828987000034,-0.5667128111720434,0.5409534674411074,0,1.627423156342706,0.24324615439313146,0
57.580999999956504,-0.8755317141012695,-0.5617973625653385,0.5514001396393837,0,1.627580256039595,0.2501842115499575,0
57.60099999995646,-0.8761977605792294,-0.5554719486657389,0.561545631186774,0,1.6279722241199166,0.2575208335506085,0
57.62099999995641,-0.8769657838017274,-0.5464419406116731,0.5770054614011483,0,1.628349208633337,0.26727629173730794,0
57.640999999956364,-0.8769640585025578,-0.5337691736751544,0.6023945688246346,0,1.627802832827905,0.28325938173194287,0
57.66099999995632,-0.8788035497079076,-0.5223277782954958,0.6157370053643021,0,1.6292435666993152,0.2947302604339852,0
57.68099999995627,-0.8829246509462323,-0.5128629861649516,0.6146370169660897,0,1.633009901859792,0.2971903374993019,0
57.700999999956224,-0.8865619658539743,-0.5035750359880287,0.6085078559542715,0,1.6368225546204815,0.2978087870881363,0
57.72099999995618,-0.8831423369096887,-0.500676410227438,0.5681250685280715,0,1.6335868667927544,0.2796638892455303,0
57.74099999995613,-0.8784429143305851,-0.5083211529322524,0.47117081569735614,0,1.6289489716101047,0.23026859954285062,0
57.760999999956084,-0.8774254532487249,-0.5135900072916411,0.38330953780236665,0,1.6276810945966727,0.18302572570383258,0
57.78099999995604,-0.8770611944671043,-0.5157793067057556,0.31155819525156686,0,1.6275270447237338,0.14661657714355236,0
57.80099999995599,-0.8731362121567195,-0.522466615551956,0.22134961800686245,0,1.62382780141046,0.09950882394875071,0
57.820999999955944,-0.8708787927137367,-0.5265436150432473,0.1441619525379304,0,1.6216749357888327,0.06023034348662826,0
57.8409999999559,-0.8696785106144558,-0.5318273874816479,0.06194642918395958,0,1.6205585021430933,0.016552656335930838,0
57.86099999995585,-0.8674205653592129,-0.5379532875796396,-0.022079799831017932,0,1.618509368645866,-0.0268831541168979,0
57.880999999955804,-0.8649014314119434,-0.5432697983322443,-0.0994442227854007,0,1.6162039298997006,-0.06769670404899086,0
57.90099999995576,-0.864544364549907,-0.5483937381614747,-0.17243448109426612,0,1.6159480037287768,-0.10551637166638317,0
57.92099999995571,-0.866369604402406,-0.5538982120517887,-0.24178918133654972,0,1.6178525047203132,-0.14222348328037948,0
57.940999999955665,-0.8702035283515298,-0.5583766353736976,-0.3001532927824574,0,1.621925593182503,-0.17283557974938923,0
57.96099999995562,-0.8727971989781181,-0.5624335651360681,-0.35091733212414117,0,1.6248743840677293,-0.19921335909346682,0
57.98099999995557,-0.8733791839344064,-0.5660825292811521,-0.3932539156321303,0,1.6255934457928438,-0.2218223230360925,0
58.000999999955525,-0.8739829244887235,-0.5693326128790492,-0.4271278404170637,0,1.6264732705000706,-0.24047601807208263,0
58.02099999995548,-0.8734587197580683,-0.5724699376265702,-0.4524957810768944,0,1.6260556686439072,-0.2546631621455697,0
58.04099999995543,-0.8730479578413822,-0.5752391082671435,-0.4686550811845315,0,1.6257905458340478,-0.2634431009557985,0
58.060999999955385,-0.8725757867333515,-0.577785767351176,-0.47580126803355716,0,1.6255770071847035,-0.2675008664608731,0
58.08099999995534,-0.8718539717347528,-0.5801036661398176,-0.47518301715399697,0,1.6249276435088842,-0.26817151462345,0
58.10099999995529,-0.8723671371695451,-0.5826437377014205,-0.4674078293190347,0,1.625598565816029,-0.2658480657845561,0
58.120999999955245,-0.8722913524017372,-0.5857307699381868,-0.4556044909833908,0,1.6257129030927404,-0.2603921254825732,0
58.1409999999552,-0.8729773426412663,-0.5898268188970652,-0.44156895885338787,0,1.6266085845059246,-0.254642750097984,0
58.16099999995515,-0.8733368200642988,-0.596145586073428,-0.4322762633921971,0,1.6274616465090366,-0.2522494805273161,0
58.180999999955105,-0.8734212776205583,-0.6061606007697978,-0.43422269525728585,0,1.6282876295896085,-0.25563616947035817,0
58.20099999995506,-0.875042188449219,-0.618446223362663,-0.44076754605682117,0,1.6307853278064233,-0.26298545886527,0
58.22099999995501,-0.8770856823799879,-0.6266629905718613,-0.4243471735902304,0,1.6335500518585269,-0.25742172773225147,0
58.240999999954965,-0.8796643645604854,-0.6358640494752192,-0.4097936938152013,0,1.6368342747982583,-0.25270064711274687,0
58.26099999995492,-0.8817316738337734,-0.6419619310937172,-0.3786207211673002,0,1.639746464776569,-0.24042465845225403,0
58.28099999995487,-0.8794331194160989,-0.6350647962515414,-0.2830688211703351,0,1.6370441097071258,-0.19192570085316696,0
58.300999999954826,-0.8756320478451677,-0.6247576328682257,-0.17165336094706973,0,1.6322086793468142,-0.13242795187139755,0
58.32099999995478,-0.8746749762224676,-0.6221913973204579,-0.0989330792520283,0,1.6308530647575086,-0.0948577044747494,0
58.34099999995473,-0.8734678599382592,-0.616881786214952,-0.017105709288450788,0,1.6293802122147094,-0.05331049393759768,0
58.360999999954686,-0.8733529564182876,-0.6106501812724446,0.06630176089785635,0,1.6285521880010183,-0.00877734093998761,0
58.38099999995464,-0.8732690594903999,-0.6062843408492905,0.13802305054225034,0,1.6283471955602191,0.027981077122615883,0
58.40099999995459,-0.872638876476756,-0.5999512592657136,0.21521764132145568,0,1.6270226626475006,0.06898634555754923,0
58.420999999954546,-0.8737527377476437,-0.5948747981740825,0.28210893062959175,0,1.6277955152830148,0.10406013588602403,0
58.4409999999545,-0.8748581232616764,-0.5904591532529746,0.3410644464309329,0,1.6285916039780166,0.13503806445087196,0
58.46099999995445,-0.8756710132277084,-0.5869114313899093,0.3892646071707088,0,1.629235179670587,0.1604096722247319,0
58.480999999954406,-0.8746370155416483,-0.5832651274086394,0.431784399672396,0,1.6279737475937708,0.18359802337098907,0
58.50099999995436,-0.8739625553024454,-0.5795668740971793,0.4673253874229865,0,1.626965936821918,0.20227158917833266,0
58.52099999995431,-0.8751578396464529,-0.5766871361724946,0.4914806398436816,0,1.6279878497801379,0.21534479897449477,0
58.540999999954266,-0.8765295100281688,-0.5747763705678136,0.5036568861060843,0,1.6292471418089938,0.22241305999550653,0
58.56099999995422,-0.8771148241902965,-0.5735406951358779,0.5054218967823445,0,1.629865277921258,0.22419565971478717,0
58.58099999995417,-0.8765602149499101,-0.5725871916451301,0.49806472150231207,0,1.6291676735996687,0.22103894615711916,0
58.60099999995413,-0.876930965255831,-0.5724472524005226,0.47945198491174384,0,1.6295253105867096,0.21207304525924142,0
58.62099999995408,-0.8767537910492875,-0.5732191953136669,0.4493257826897564,0,1.6295236113258877,0.19689637026015738,0
58.64099999995403,-0.8751906702784769,-0.5738167326575228,0.4145830786328739,0,1.6279229937416935,0.17937680225205277,0
58.66099999995399,-0.8752056697032996,-0.5755552030222316,0.36790265456269705,0,1.628018215541142,0.1556191375637399,0
58.68099999995394,-0.8751439667516149,-0.5779604591001396,0.31282373612693687,0,1.6280749271537514,0.12799919140221405,0
58.70099999995389,-0.8736175133325369,-0.5803219720853007,0.25359726063020405,0,1.6267668022698532,0.09756125083321043,0
58.72099999995385,-0.8722444255493199,-0.5831400597008616,0.1885594961315551,0,1.62560013349443,0.06412624149612456,0
58.7409999999538,-0.8713382161005715,-0.5856087479593374,0.12207555571049221,0,1.6248164622740957,0.029968602490136886,0
58.760999999953754,-0.8705843488426528,-0.5880614581118796,0.05336776223239304,0,1.6242234868487075,-0.005057733268845954,0
58.78099999995371,-0.8706091145858512,-0.5896973960303176,-0.013019380610839926,0,1.6243202238973655,-0.03894019577802377,0
58.80099999995366,-0.8685927524749646,-0.5897955265006861,-0.07255050568047915,0,1.6224782912359943,-0.06852401603058045,0
58.820999999953614,-0.8667771161092093,-0.5869258172561487,-0.11865880826237975,0,1.6203364358594274,-0.09164281781596073,0
58.84099999995357,-0.8669549038858596,-0.5800337747429556,-0.1450387498906309,0,1.6200318328460213,-0.1031447834169692,0
58.86099999995352,-0.868675428135725,-0.569582369196576,-0.15352564003612273,0,1.6211341197064946,-0.10390955032344573,0
58.880999999953474,-0.8703173314237347,-0.5624614091826352,-0.17384119203040724,0,1.6223513871192896,-0.11226145726872838,0
58.90099999995343,-0.8715363393612462,-0.5554174867130008,-0.19232078423158747,0,1.6232994931684852,-0.11932703711567627,0
58.92099999995338,-0.8695219797746614,-0.5522598688360398,-0.22344960274761486,0,1.6213975330292285,-0.13246610419590232,0
58.940999999953334,-0.8676387411461662,-0.5610331216616292,-0.3049011419022809,0,1.619586482350865,-0.17535979182141248,0
58.96099999995329,-0.8700914867568633,-0.5695889193570022,-0.37886840997013693,0,1.622381785541469,-0.21542928064203126,0
58.98099999995324,-0.8728124999315097,-0.5772280990679581,-0.4402904608973436,0,1.6255818549385186,-0.24849436561895555,0
59.000999999953194,-0.8740650634831816,-0.584956288492091,-0.49310146980109604,0,1.6274602380021617,-0.2774294766901151,0
59.02099999995315,-0.8748685166556694,-0.5946540133593057,-0.5470151332417498,0,1.6288510515871513,-0.307241670092504,0
59.0409999999531,-0.8756547871834875,-0.6073617757537122,-0.6076844105784703,0,1.6305786308796948,-0.34,0
59.060999999953054,-0.8783834411185143,-0.6223633108551296,-0.6740705451223488,0,1.6344405616701454,-0.34,0
59.08099999995301,-0.8804710271898865,-0.6299835298005872,-0.7075445315196086,0,1.637186312293371,-0.34,0
59.10099999995296,-0.8820010073679155,-0.6340519223285425,-0.7224431837225738,0,1.6391371370687846,-0.34,0
59.120999999952915,-0.8834202174326008,-0.6367938579422525,-0.7190330622859954,0,1.6408610275716653,-0.34,0
59.14099999995287,-0.8843846228325362,-0.6402428251224965,-0.703575116449559,0,1.6422538494513046,-0.34,0
59.16099999995282,-0.8858229665660877,-0.6439548025026576,-0.6743940982187325,0,1.6439614368894258,-0.34,0
59.180999999952775,-0.8873355838091777,-0.648239232953258,-0.6386559542111451,0,1.645795109107329,-0.34,0
59.20099999995273,-0.8882501929991619,-0.6515277542595274,-0.5923794164019963,0,1.6472069187182565,-0.34,0
59.22099999995268,-0.8848056504188377,-0.646768816275459,-0.5038602178803908,0,1.643586588103548,-0.30573297670129373,0
59.240999999952635,-0.8825082049289882,-0.6416725111607998,-0.41435810485561464,0,1.6405029303705683,-0.25826246024862654,0
59.26099999995259,-0.881230744442838,-0.6389034675465469,-0.34140597799326505,0,1.6391938677597946,-0.2218795072806079,0
59.28099999995254,-0.8780439936035654,-0.6346210578669074,-0.2650539134227987,0,1.6354596286388177,-0.18146750899161201,0
59.300999999952495,-0.8755326012280916,-0.6295656445212174,-0.18537321221635902,0,1.6326461445931189,-0.1409291919598994,0
59.32099999995245,-0.8709625635475321,-0.6248417219107678,-0.1058792152231408,0,1.6275717449567646,-0.09949955509217667,0
59.3409999999524,-0.8674146983059556,-0.619395385168656,-0.021954870854228703,0,1.6236363722520795,-0.056410930247046354,0
59.360999999952355,-0.865084135453527,-0.6138807234537793,0.061308742586109584,0,1.6207720114851059,-0.013155859196948505,0
59.38099999995231,-0.8653315875561103,-0.6085502561001451,0.14003666345279972,0,1.620510601140324,0.028097213294885792,0
59.40099999995226,-0.86690188364319,-0.6033675531798862,0.21353552668566694,0,1.6215848211475787,0.06711520155408124,0
59.420999999952215,-0.8686460432911014,-0.5982073335501737,0.2808659823030595,0,1.6227750235612013,0.10258543851716695,0
59.44099999995217,-0.8709949313093853,-0.5938516029051741,0.3384346954467047,0,1.6249177664224317,0.1327497599203744,0
59.46099999995212,-0.871429301856084,-0.589375639677947,0.39099499803786003,0,1.6251485847599816,0.16009661894583438,0
59.480999999952076,-0.8725965291981586,-0.5855299552195156,0.4341490758037536,0,1.6259025429701381,0.18374531997826438,0
59.50099999995203,-0.8748737955592736,-0.5826488515871864,0.46595210421240263,0,1.6279887863129867,0.20097070543954842,0
59.52099999995198,-0.8754660090944865,-0.5798205400847949,0.49049864467886206,0,1.6285621705437865,0.2139919520536484,0
59.540999999951936,-0.8761223467517513,-0.5777177324390793,0.5038655975719952,0,1.6290029741601697,0.22174371053868902,0
59.56099999995189,-0.8766331546451902,-0.5764571394375544,0.5051350875329065,0,1.6295999133145709,0.22277714458285836,0
59.58099999995184,-0.8765232401712924,-0.5754991843589127,0.4978981663565253,0,1.6293373442928198,0.2197649982363239,0
59.600999999951796,-0.8769600740491431,-0.5754084763452231,0.4788205065074514,0,1.6298018873208955,0.21041277389562363,0
59.62099999995175,-0.8760671901209215,-0.5759126536504291,0.450985764731767,0,1.628941935808665,0.19718881364018181,0
59.6409999999517,-0.8754038272489199,-0.5769484225858434,0.41387067922087334,0,1.6282758309497234,0.178331741494141,0
59.660999999951656,-0.8754409288135747,-0.5787479901707452,0.3669304481243959,0,1.6284305641621728,0.15445437858966038,0
59.68099999995161,-0.8750462439155556,-0.5814452428953476,0.3105676295745884,0,1.628210667013964,0.12578710155967388,0
59.70099999995156,-0.873845400598765,-0.5840542591461527,0.2503851314939824,0,1.627206215730596,0.0947632068253974,0
59.720999999951516,-0.8731779299018928,-0.5877993470980211,0.18077718171342808,0,1.626806478348282,0.05928349621546003,0
59.74099999995147,-0.8719842188971314,-0.591047830682538,0.11111240788333579,0,1.6257887892671126,0.023136269553550415,0
59.76099999995142,-0.8723412700658454,-0.5950929843362606,0.03523335683048005,0,1.6264033945831695,-0.016102856410939337,0
59.780999999951376,-0.8723691213344695,-0.5989961081589672,-0.04108368976074142,0,1.6267088406247903,-0.05496169163839704,0
59.80099999995133,-0.8716530263066861,-0.602659857827199,-0.11720422999539148,0,1.6262243272345194,-0.09421955249283775,0
59.82099999995128,-0.8722641661483815,-0.6052181486311126,-0.1875561297843054,0,1.6270336292298946,-0.13051793121396593,0
59.84099999995124,-0.8728865010923942,-0.6071424108725451,-0.25385794639828513,0,1.6278325746079843,-0.1644610774470736,0
59.86099999995119,-0.8727183887549935,-0.6066845106880006,-0.30711420580041415,0,1.6276504759813755,-0.19133912848825751,0
59.88099999995114,-0.871999228525935,-0.6035625483131412,-0.3450242237123204,0,1.6268156799199374,-0.20958074541190364,0
59.9009999999511,-0.870312904666677,-0.5950020823718255,-0.3540920641654574,0,1.6244386783363949,-0.2128664933342721,0
59.92099999995105,-0.8709678579673595,-0.5854238728080928,-0.35363517980778825,0,1.6243865522200807,-0.2094473559812613,0
59.940999999951,-0.8711310231413772,-0.5794374500321224,-0.36524704760275956,0,1.6241683210702753,-0.21320650816316822,0
59.96099999995096,-0.8715883441090143,-0.5775696964036677,-0.39156011991136913,0,1.6245064159146405,-0.22529346100981917,0
59.98099999995091,-0.8720658527615945,-0.5810387897785311,-0.43633047466403063,0,1.6251187909793103,-0.2475973928807036,0
60.000999999950864,-0.873505770137135,-0.5875062855293369,-0.48766574167221205,0,1.6269435655787918,-0.2751518565927482,0
60.02099999995082,-0.8740209294309579,-0.5962029649915277,-0.5399949011508728,0,1.628123263931523,-0.30401155807624547,0
60.04099999995077,-0.8739015402365846,-0.6076917653197387,-0.5955127877151979,0,1.6288545259748264,-0.33506271295368295,0
60.060999999950724,-0.8756951636543878,-0.622950152164175,-0.6603542449827579,0,1.631791134913195,-0.34,0
60.08099999995068,-0.8783922689452044,-0.6330988245726875,-0.7029829605356667,0,1.6354179753054232,-0.34,0
60.10099999995063,-0.8816761913736143,-0.638418482634705,-0.7228892496261285,0,1.639173951207154,-0.34,0
60.120999999950584,-0.883272373777835,-0.6414583404595243,-0.7221707956199033,0,1.641234500468017,-0.34,0
60.14099999995054,-0.8838027287844681,-0.642706785339324,-0.6938121347643499,0,1.6418059327237537,-0.34,0
60.16099999995049,-0.8840806694157985,-0.6454719219120316,-0.6604089959507665,0,1.6425059852248194,-0.34,0
60.180999999950444,-0.8854034901625997,-0.6495360657441461,-0.6243249313359718,0,1.643999588939007,-0.34,0
60.2009999999504,-0.8859193369032016,-0.6528183316830732,-0.5782500832855384,0,1.6449723397707976,-0.34,0
60.22099999995035,-0.8836164132882962,-0.6510541305833664,-0.5054538913681325,0,1.642853255277356,-0.3079404712595146,0
60.240999999950304,-0.8794638848568319,-0.6445909411624928,-0.4117932203645987,0,1.6377848740119283,-0.2580251375225482,0
60.26099999995026,-0.879526266323836,-0.6432751671250074,-0.3468139059296856,0,1.6377208922271052,-0.22509386862276415,0
60.28099999995021,-0.8775853586833798,-0.6374188942930299,-0.26287274151156764,0,1.635213338382062,-0.18150319395751824,0
60.300999999950164,-0.8762275033925616,-0.6333037239349124,-0.1866537877361811,0,1.6336103447488037,-0.142641016524655,0
60.32099999995012,-0.8749705093872606,-0.6287026758842356,-0.10668211614490107,0,1.6318377568496165,-0.10112400828261991,0
60.34099999995007,-0.8728506310301417,-0.6228168929414514,-0.020921805699874906,0,1.6293576975068058,-0.05659951438675681,0
60.360999999950025,-0.8687144844060047,-0.6173247029156762,0.06190823036939993,0,1.6246453766380733,-0.013050177187080791,0
60.38099999994998,-0.8672079127557571,-0.6118559676047519,0.1407860859756305,0,1.622634249574305,0.028056905370444696,0
60.40099999994993,-0.8672660149348471,-0.6065695001462496,0.21402508166539208,0,1.6221345559054392,0.06655293213335156,0
60.420999999949885,-0.8693096503047583,-0.6016594556009516,0.28022367756359373,0,1.6237692204042395,0.10124026397550034,0
60.44099999994984,-0.8706970852446985,-0.5971974686369739,0.33862938750726984,0,1.624907387324304,0.13166839463264224,0
60.46099999994979,-0.8704972616517134,-0.5928408272239865,0.3909887319071892,0,1.6244702567012328,0.1599109872038973,0
60.480999999949745,-0.8708469303428704,-0.5889837827353351,0.4343423945877996,0,1.6244563768985176,0.18283868859469754,0
60.5009999999497,-0.8714027801608148,-0.5852545909889508,0.4699878301459938,0,1.6248243416697188,0.20167416770309132,0
60.52099999994965,-0.8734909478838433,-0.5821632529362573,0.49530479604573596,0,1.626620292277777,0.21551763845977945,0
60.540999999949605,-0.8757169647839257,-0.5798661132185,0.5093753299405063,0,1.6287304184999147,0.2235957482302524,0
60.56099999994956,-0.8770571193755214,-0.5781450355886154,0.5130643034625605,0,1.6300049833726227,0.22624403913821522,0
60.58099999994951,-0.8776963296243788,-0.5770612223525395,0.5063980106471211,0,1.630548431545894,0.22393204908636766,0
60.600999999949465,-0.8774371995665713,-0.5759975770376912,0.49202777186227187,0,1.630362749702625,0.2165562125195286,0
60.62099999994942,-0.8757104950345411,-0.5750521326896394,0.47025437405251014,0,1.6285120605729893,0.20664298627101774,0
60.64099999994937,-0.8757004008574253,-0.5741815973874665,0.4414690071777943,0,1.6284402902098922,0.19234219580615908,0
60.660999999949325,-0.873758197690618,-0.5727195019474494,0.40968602443759367,0,1.6265065240942975,0.17679624899461865,0
60.68099999994928,-0.8721879553262611,-0.5698837406373329,0.3788193354760005,0,1.6246881849775128,0.16245945065492218,0
60.70099999994923,-0.8724337677561368,-0.5647478600097344,0.35360117419952997,0,1.624718796676147,0.15139221513729795,0
60.720999999949186,-0.8722740966054018,-0.5558012256665422,0.34173082694474144,0,1.6240241258510937,0.1469702279788172,0
60.74099999994914,-0.8728794582861834,-0.5441775938063514,0.3386092830297104,0,1.6241121877817284,0.14957808126903482,0
60.76099999994909,-0.8738173302844806,-0.5363248830373841,0.31543352898554455,0,1.6246983661536154,0.14058757648381826,0
60.780999999949046,-0.8766203615595749,-0.5270947774116974,0.2967187108236739,0,1.627149985915938,0.13422934785618224,0
60.800999999949,-0.8795575287156518,-0.5206620688860498,0.2650116291903343,0,1.6299881617619674,0.12154297340983033,0
60.82099999994895,-0.8786631270571527,-0.5273565868978358,0.1707919019703809,0,1.6295168519873506,0.07381349131377313,0
60.840999999948906,-0.8740666912442033,-0.5399724006857168,0.05156163621901035,0,1.6253622540443224,0.010358739045831511,0
60.86099999994886,-0.8726677573908949,-0.5458954294565072,-0.0324378269581698,0,1.6240806367515574,-0.03449864456640839,0
60.88099999994881,-0.8706273104630008,-0.5484352532166668,-0.09613879917697796,0,1.6222718702158985,-0.06713046009684875,0
60.900999999948766,-0.8673877365311656,-0.5561779055872625,-0.1782656726456291,0,1.6191878947934497,-0.11104647121269307,0
60.92099999994872,-0.8674345230476876,-0.5616557276952109,-0.246277548433402,0,1.6194104362162907,-0.147100332989746,0
60.94099999994867,-0.8695752145126056,-0.5668888992480551,-0.3085327147566442,0,1.6217533398650608,-0.17956036697257027,0
60.960999999948626,-0.8722937054000142,-0.5717211933400311,-0.3632861233286461,0,1.624742473346397,-0.20859185156291615,0
60.98099999994858,-0.8743115006325664,-0.5763461441045712,-0.41041302008702696,0,1.627067952014671,-0.23371547903754686,0
61.00099999994853,-0.8756017109735198,-0.5808929075724142,-0.4498233391242824,0,1.6286671090637974,-0.2548879193897482,0
61.02099999994849,-0.8764794907203846,-0.585417095287486,-0.4814993097136876,0,1.6298494687828353,-0.2720335114993082,0
61.04099999994844,-0.876796364777389,-0.59062607344295,-0.5084781057324484,0,1.6305955547578277,-0.2869723459696041,0
61.06099999994839,-0.8761629919609754,-0.5971485541165696,-0.5344669367184295,0,1.630325538213352,-0.3020661009203085,0
61.08099999994835,-0.8758363516572207,-0.6054399690567116,-0.5605628571984899,0,1.6307076339119302,-0.3180937778398065,0
61.1009999999483,-0.8745477785334221,-0.6172991257774573,-0.5962660158686945,0,1.6302301994193533,-0.33919070807522944,0
61.12099999994825,-0.8770153416599608,-0.6319521041387131,-0.6382359221707993,0,1.6339293191968178,-0.34,0
61.14099999994821,-0.8810776865918585,-0.6421824961307897,-0.6588530413288073,0,1.638830010709882,-0.34,0
61.16099999994816,-0.8837718934842678,-0.648166902364874,-0.6507972575586186,0,1.6423547256745834,-0.34,0
61.180999999948114,-0.8838494584969985,-0.649056770820146,-0.6019332421665456,0,1.642687412456233,-0.34,0
61.20099999994807,-0.8827109741145874,-0.6513219984673401,-0.5573374070097569,0,1.6417540099708143,-0.33216596611712834,0
61.22099999994802,-0.8829835755601221,-0.652363698134243,-0.5051937463553041,0,1.642205526509536,-0.30739946316616473,0
61.240999999947974,-0.880683138676067,-0.64604479617331,-0.4171156859291615,0,1.6392362955907431,-0.2615283723409947,0
61.26099999994793,-0.8804929243331668,-0.644547667281994,-0.3515213024725886,0,1.6388635338216615,-0.22727932751929658,0
61.28099999994788,-0.8773142889528406,-0.6384924674473988,-0.2648081347364082,0,1.6351707116265082,-0.1832921672408867,0
61.300999999947834,-0.87622563843852,-0.6348637219902357,-0.18861709302591265,0,1.6337940028926048,-0.14422951868723377,0
61.32099999994779,-0.8737540910587744,-0.6290517450399513,-0.1019135047001762,0,1.6305916419822335,-0.09857128525263303,0
61.34099999994774,-0.8708035660274064,-0.6233412942941293,-0.017072061740551057,0,1.6274410814908478,-0.05516897737417836,0
61.360999999947694,-0.8677459333286808,-0.618261765190016,0.06194759022001001,0,1.6238321716343231,-0.013630121897905134,0
61.38099999994765,-0.8668309224887621,-0.6127910225024724,0.14075876715831623,0,1.622330815559346,0.02735835695789368,0
61.4009999999476,-0.8679999360909125,-0.6076523547298546,0.21278407449615794,0,1.6229766457244323,0.06540138011596741,0
61.420999999947554,-0.8699655084674306,-0.6028060926513403,0.27950343174625986,0,1.6245757874923088,0.10051571680358595,0
61.44099999994751,-0.869328591041076,-0.597794321832411,0.3405644539393635,0,1.6236013991613236,0.13234725838765082,0
61.46099999994746,-0.8715004381757978,-0.593374259996244,0.3931057675242683,0,1.62531850042946,0.16051878801159813,0
61.480999999947414,-0.8741601219264233,-0.5901919634612249,0.4330529616852623,0,1.6277617295705538,0.1819333370835996,0
61.50099999994737,-0.8737902094621832,-0.5867725194079858,0.46777809651290014,0,1.6273098531391323,0.20031601331636373,0
61.52099999994732,-0.8749513849203439,-0.5839750610799647,0.4919098503037348,0,1.6281789555726673,0.21367503567382284,0
61.540999999947275,-0.8764495905870894,-0.5819523948258232,0.5043684715303275,0,1.629610875481251,0.22059368030701276,0
61.56099999994723,-0.8764623966492124,-0.5804848151174747,0.5072453329570049,0,1.6295739180487414,0.22283170185163081,0
61.58099999994718,-0.8758272157732562,-0.5797907287949366,0.49858830853917097,0,1.6289356188775534,0.21895652163904367,0
61.600999999947135,-0.8757358420719878,-0.5792025929674562,0.48238757408645766,0,1.6287406181569806,0.21122458893143858,0
61.62099999994709,-0.8762965508401263,-0.5798592411946442,0.4529940393502252,0,1.6293551661611065,0.1965242633919142,0
61.64099999994704,-0.8764419924476803,-0.5811400968507977,0.4142380965395382,0,1.629593664184212,0.17693604843241495,0
61.660999999946995,-0.8758887958216692,-0.582939842337426,0.3674262831718628,0,1.6292231355413767,0.15311506757352022,0
61.68099999994695,-0.8745101198155545,-0.5852080899953156,0.3135915068351104,0,1.627925722398781,0.12598621981812363,0
61.7009999999469,-0.8742548597175475,-0.588250841063172,0.2512504655000335,0,1.6278713456725251,0.09391752735767489,0
61.720999999946855,-0.8740585433139965,-0.5918954293040496,0.18225955772734845,0,1.6279243954241662,0.05831624930585955,0
61.74099999994681,-0.873828814600347,-0.5959902566110875,0.10827025224399268,0,1.6279320682941867,0.02066137841753002,0
61.76099999994676,-0.8735857623869621,-0.6001636080852417,0.03188081000007521,0,1.6279938494744788,-0.01882015055270747,0
61.780999999946715,-0.8735229816123,-0.6046225755226805,-0.0470667435527512,0,1.6282673270955719,-0.059707853656243204,0
61.80099999994667,-0.8736680142134333,-0.6092798479898229,-0.12683002292667145,0,1.6287673675179648,-0.10092451279427972,0
61.82099999994662,-0.8732792870680717,-0.6133831267755442,-0.2044616035555152,0,1.6288304842637222,-0.14142008863329503,0
61.840999999946575,-0.8690097576218329,-0.6166907280715286,-0.27702197138709284,0,1.6248911123105534,-0.1783105192547343,0
61.86099999994653,-0.8645594605463234,-0.6173623674507601,-0.3348434848187978,0,1.6206343491536344,-0.2089224240311034,0
61.88099999994648,-0.8616212548567257,-0.615013338092279,-0.3760536800699977,0,1.6173156282387033,-0.22889725845080333,0
61.900999999946436,-0.8628935335683581,-0.6093491970723028,-0.39828297778330557,0,1.6179712333733758,-0.2389200619019367,0
61.92099999994639,-0.8659972692400368,-0.5983638053109901,-0.3927472452794374,0,1.6201734734562325,-0.23320531501434072,0
61.94099999994634,-0.869459886013467,-0.589937009126113,-0.39329331910979093,0,1.6230684513369855,-0.23013283544565089,0
61.960999999946296,-0.8711684010470866,-0.5852287122560592,-0.4057362517428433,0,1.6245483900922806,-0.2346400668381199,0
61.98099999994625,-0.8724534421988588,-0.5870342854856505,-0.44331257941972024,0,1.62586257341517,-0.2535434951790472,0
62.0009999999462,-0.87394490142339,-0.5931381066960502,-0.4935890535804959,0,1.6277868897082373,-0.2803453475643767,0
62.020999999946156,-0.8751374788399361,-0.6023702819431633,-0.5492041803069522,0,1.6295983212324179,-0.3106575988462901,0
62.04099999994611,-0.8765425647891101,-0.6151810677978283,-0.611310076872093,0,1.6319818355377742,-0.34,0
62.06099999994606,-0.8782044649201817,-0.6296035380270708,-0.674489264343284,0,1.6349168730313453,-0.34,0
62.080999999946016,-0.8807174886426383,-0.6376169321409767,-0.709316288454097,0,1.6381453980389098,-0.34,0
62.10099999994597,-0.8815664443098863,-0.6412216751164156,-0.7204461367226016,0,1.639413172612871,-0.34,0
62.12099999994592,-0.8816044974093576,-0.6419003875090951,-0.7026733639199599,0,1.6396676467850246,-0.34,0
62.140999999945876,-0.8821703353995304,-0.6434529365826235,-0.6733355875248354,0,1.6402282681904519,-0.34,0
62.16099999994583,-0.8831208888588029,-0.6470209217462973,-0.6429400370599195,0,1.6415202345037696,-0.34,0
62.18099999994578,-0.8836599778269544,-0.6511508955211397,-0.6074335973845145,0,1.6425121739743012,-0.34,0
62.200999999945736,-0.8842513972728534,-0.6545601747192695,-0.562351872642316,0,1.6434728992360563,-0.33560784372208174,0
62.22099999994569,-0.8844320173641246,-0.6556291638490478,-0.5055663009978063,0,1.6439340221835537,-0.30813351855757576,0
62.24099999994564,-0.8802609797970349,-0.6482543999487302,-0.41138577840094137,0,1.6391070661613494,-0.25890994480626106,0
62.2609999999456,-0.8791515474681203,-0.6464135396857691,-0.3454422363921816,0,1.6375833309792407,-0.2249049819302278,0
62.28099999994555,-0.8769260963268923,-0.6410814836141491,-0.2640224340272144,0,1.635102846336124,-0.18364204081348423,0
62.3009999999455,-0.8747846766111635,-0.6375550748415819,-0.18984589717479514,0,1.6325766255578271,-0.14458693451903604,0
62.32099999994546,-0.8672325098389055,-0.6322144195926732,-0.10598956901776492,0,1.6247048723303854,-0.10156782465576675,0
62.34099999994541,-0.8604957433187134,-0.6266277247069513,-0.021138992651166897,0,1.6174924560352182,-0.058659433364378843,0
62.36099999994536,-0.8611476043034557,-0.6216337144729717,0.05970389258886827,0,1.6173138197590389,-0.015863723509336625,0
62.38099999994532,-0.8631471214509578,-0.6157073160585572,0.1419295993682216,0,1.6186297941261105,0.02711304868590214,0
62.40099999994527,-0.8660963956490048,-0.6103713412185627,0.2162253200288864,0,1.6211370530130427,0.06626375837612009,0
62.420999999945224,-0.8693881284183568,-0.6055095807831293,0.2819440124781811,0,1.6241074183276771,0.10059682226619926,0
62.44099999994518,-0.8711361392834461,-0.6012062767209371,0.3392044932095206,0,1.6255871480928148,0.1311391447123591,0
62.46099999994513,-0.8715888760472907,-0.5964449273463365,0.3926625557172275,0,1.6256906883689626,0.15925098417502137,0
62.480999999945084,-0.8738582330578062,-0.5931141973870865,0.4332023875663997,0,1.627675474007622,0.1809991739783232,0
62.50099999994504,-0.8738026357798153,-0.5895852761034888,0.46827378920817214,0,1.6275145389129668,0.19984229918160068,0
62.52099999994499,-0.874765784565632,-0.586946112670939,0.4922152168330013,0,1.628186819136769,0.21290572523396478,0
62.540999999944944,-0.8763662597853774,-0.5851688759615112,0.503916067395292,0,1.6296748163472614,0.21971845343664653,0
62.5609999999449,-0.875640005091459,-0.583312944057586,0.5087093739949877,0,1.628918971717518,0.22273939343661353,0
62.58099999994485,-0.8762610692580631,-0.5824253766415709,0.5008461398562184,0,1.6294289372216,0.2194210642337473,0
62.600999999944804,-0.8769185911550585,-0.5823681464453199,0.4816234519837994,0,1.6301007109927368,0.2101143887905368,0
62.62099999994476,-0.8766156567262401,-0.5831176079593109,0.4515321321795322,0,1.6300084942493305,0.19471238176988392,0
62.64099999994471,-0.875967357792845,-0.5842152167963227,0.4144062383273918,0,1.6292886221494542,0.1764578866803408,0
62.660999999944664,-0.8757813131629633,-0.5859177857182678,0.3679975960538727,0,1.6292189751605386,0.15289044266551488,0
62.68099999994462,-0.8747399552829704,-0.5884472547429822,0.31286651138926025,0,1.6283613330897981,0.12481180307843864,0
62.70099999994457,-0.8742963733961813,-0.5912966249817305,0.25146539584268857,0,1.6280928433088575,0.09331434477416178,0
62.720999999944524,-0.8740199482031061,-0.594760557185325,0.183335432820124,0,1.6280699490526276,0.058222192440220644,0
62.74099999994448,-0.8737945595200245,-0.5989228971962244,0.10903965145168858,0,1.6281639616905348,0.01976138248906234,0
62.76099999994443,-0.8736059533415463,-0.6033281917564451,0.03155058036972755,0,1.628289620342585,-0.02034602486948245,0
62.780999999944385,-0.873646814254354,-0.6081253068578861,-0.04895163400682811,0,1.6286316016461118,-0.06151325434038801,0
62.80099999994434,-0.8737986879537649,-0.6126709348530518,-0.12870309633590393,0,1.629139468562814,-0.10282855689614268,0
62.82099999994429,-0.8742301221214205,-0.617227002811167,-0.20811708025965586,0,1.6299471914216404,-0.14404297284378553,0
62.840999999944245,-0.8745786837171119,-0.6214326571702654,-0.28474266665958753,0,1.6307122373673486,-0.18418256653667098,0
62.8609999999442,-0.8732229108611527,-0.624678749107594,-0.3546006478750785,0,1.6297202065743568,-0.21984106532368486,0
62.88099999994415,-0.8732646011409216,-0.6265759610015904,-0.41563901711162277,0,1.6297883681094272,-0.2512542731512468,0
62.900999999944105,-0.8740370221606616,-0.6266091527665725,-0.464024194172291,0,1.6305652830026933,-0.27590646820571396,0
62.92099999994406,-0.8740414504243045,-0.6235544901124883,-0.49352290706309315,0,1.630458019187827,-0.29068029227544767,0
62.94099999994401,-0.8727459498242335,-0.616387840348565,-0.4985469964956187,0,1.6286116003887174,-0.29195008405872236,0
62.960999999943965,-0.8711021398605486,-0.6057213357819198,-0.48141910487841827,0,1.6260516926909516,-0.28001467126625923,0
62.98099999994392,-0.8718965946344434,-0.5999663478334196,-0.48082809944415544,0,1.6262823319328794,-0.2773064496042654,0
63.00099999994387,-0.8732766147639563,-0.6018734913170879,-0.5109077501924485,0,1.6278133647649906,-0.29224948128683303,0
63.020999999943825,-0.8730213447035733,-0.6100643295340453,-0.5636448531013962,0,1.6281551242833192,-0.3204474341509851,0
63.04099999994378,-0.8747788997169818,-0.6228544357819112,-0.629009078637037,0,1.6309045207920516,-0.34,0
63.06099999994373,-0.87691290591435,-0.6353039248344214,-0.6884806074336228,0,1.6341942908379934,-0.34,0
63.080999999943685,-0.8797837765317522,-0.6401553911250595,-0.7107175942672183,0,1.6374343612273723,-0.34,0
63.10099999994364,-0.8819939166221785,-0.6422790860241728,-0.7125573254140813,0,1.6398937182836593,-0.34,0
63.12099999994359,-0.8824140424815535,-0.6422132677979734,-0.6852403669100248,0,1.6403880391960328,-0.34,0
63.140999999943546,-0.8827582237239271,-0.643677753297853,-0.6512585894323495,0,1.640839813432411,-0.34,0
63.1609999999435,-0.882999939868247,-0.6474030662419814,-0.6203363933714175,0,1.6415800000662293,-0.34,0
63.18099999994345,-0.8827334382482004,-0.652312919407827,-0.5898030450031153,0,1.6418331559223085,-0.34,0
63.200999999943406,-0.8829731327734732,-0.6564858965419749,-0.5507830542346931,0,1.6424157372163959,-0.3300416566708124,0
63.22099999994336,-0.8833601796066384,-0.6585816050765779,-0.5001661458600336,0,1.6432287094572726,-0.30667976263723573,0
63.24099999994331,-0.8800380533403774,-0.6519176158036033,-0.4108222877476573,0,1.6391921986999785,-0.2600771650049283,0
63.260999999943266,-0.8782922848186173,-0.6488543311358681,-0.34107195660788,0,1.637063070496652,-0.22373332280567748,0
63.28099999994322,-0.8774304438941373,-0.6452123981566242,-0.2674710970569629,0,1.6359337704806232,-0.18649808658823508,0
63.30099999994317,-0.8757385086518339,-0.6408510726310699,-0.18840013420315527,0,1.6338040340663451,-0.14544332508440005,0
63.320999999943126,-0.8718207258449384,-0.6349917965947922,-0.1014334767719155,0,1.629489967993725,-0.10061149237056632,0
63.34099999994308,-0.8703650250131856,-0.6296242710095006,-0.01687597435357829,0,1.6273613777179359,-0.05689714502887866,0
63.36099999994303,-0.8706634436219889,-0.6246735035992315,0.06304562460546688,0,1.6271845540907908,-0.014740775815504703,0
63.380999999942986,-0.868286005244572,-0.6183840055849831,0.14517586752017422,0,1.6241973242197558,0.028122736551023042,0
63.40099999994294,-0.8689330186127577,-0.6134603068133011,0.2155430383627554,0,1.624440485386283,0.06451661374579487,0
63.42099999994289,-0.8701370681286461,-0.6087303237184033,0.2805288009348763,0,1.6251132385427272,0.09916112423473167,0
63.440999999942846,-0.8716049278336407,-0.6039914399551146,0.3403334531444746,0,1.626334222284313,0.13045385239326657,0
63.4609999999428,-0.8730807438795886,-0.6000288528525923,0.3909517638182226,0,1.6274590347387314,0.15776270673394732,0
63.48099999994275,-0.8731581160272743,-0.5960041816194938,0.43550841716738675,0,1.6272303487248256,0.18132426716103733,0
63.50099999994271,-0.8738986043967795,-0.5929162150250851,0.46808280471619657,0,1.6278595499169932,0.19862629257096587,0
63.52099999994266,-0.8739760693950267,-0.5903158574038614,0.4919330891261138,0,1.6277214904400794,0.21128763241599513,0
63.54099999994261,-0.8744110617227958,-0.5879519579099969,0.5062835975024473,0,1.6279663277258458,0.21968770949991745,0
63.56099999994257,-0.8755736499025726,-0.5867396637104063,0.5080468829493527,0,1.6290730527678219,0.2214843912239297,0
63.58099999994252,-0.8759212938085332,-0.5859653456679979,0.4997881807744279,0,1.6293102925067957,0.21785358347909245,0
63.60099999994247,-0.8758926439438754,-0.5858142877999151,0.48164347212302894,0,1.6293291845247357,0.2088327179524314,0
63.62099999994243,-0.8755381290140442,-0.5862168223258015,0.45383170757857694,0,1.6290282371396183,0.19480786012503493,0
63.64099999994238,-0.8741112887386445,-0.5871418401411423,0.41698161149924284,0,1.6277245441710793,0.17654446626604203,0
63.660999999942334,-0.873923003506397,-0.5883072635228184,0.37294775330662094,0,1.6274950684689562,0.15448737348999253,0
63.68099999994229,-0.8743258556469187,-0.5903391405646417,0.31951202380770527,0,1.6280628401859922,0.12718390675852187,0
63.70099999994224,-0.8743761173246547,-0.592929642479371,0.2587096496061546,0,1.628321280097359,0.09619827853003704,0
63.720999999942194,-0.8740659100218178,-0.5955618589657494,0.1946209630232638,0,1.6281702378712974,0.06358233160343141,0
63.74099999994215,-0.8733581047721366,-0.5982590146337372,0.12704167738889569,0,1.6276659572236503,0.029018197801979007,0
63.7609999999421,-0.8726457253163458,-0.6005179094085449,0.05934527813125363,0,1.6271191770528726,-0.005594754268695601,0
63.780999999942054,-0.8718268892746077,-0.601954202254309,-0.00597002640262408,0,1.626418308495382,-0.038844589519339445,0
63.80099999994201,-0.8707694713241346,-0.6017860207911643,-0.06452826340876505,0,1.625429308696887,-0.06860146484749063,0
63.82099999994196,-0.8704802645730261,-0.5986384775494422,-0.10918709041798946,0,1.624862897971226,-0.0901493281482062,0
63.840999999941914,-0.8694878249299828,-0.5911374686523426,-0.13277699739876972,0,1.623398818981287,-0.10080639348865339,0
63.86099999994187,-0.8685189722599224,-0.581387030047294,-0.1441523271599962,0,1.6217695735369253,-0.10309191028853637,0
63.88099999994182,-0.8697097329642458,-0.574443963001139,-0.16534353980170696,0,1.6224210964937837,-0.11150190352461942,0
63.900999999941774,-0.8721295508330849,-0.5671993298403692,-0.18257396523577635,0,1.6244338312736029,-0.11726589414512567,0
63.92099999994173,-0.873487367006063,-0.5651128080559041,-0.2191362147192045,0,1.6256643525680123,-0.13432439465962376,0
63.94099999994168,-0.872754317956564,-0.5750162209221883,-0.3054535205607196,0,1.6254988087647877,-0.17989451643841425,0
63.960999999941635,-0.873391171350103,-0.5837627447839812,-0.3803646103392747,0,1.6266090814808887,-0.2204646479306238,0
63.98099999994159,-0.8745215251230757,-0.591917673028677,-0.4439965247458159,0,1.6282869303606309,-0.25474887580857764,0
64.00099999994154,-0.8753411519413382,-0.6003852864181491,-0.5004273745414435,0,1.62977305771883,-0.2858436847097452,0
64.02099999994164,-0.8751329429579785,-0.6109369458426238,-0.5579023368362208,0,1.6303663376999407,-0.31722297153134194,0
64.04099999994173,-0.8757312516461797,-0.6243046115868746,-0.6212367306658437,0,1.6319701019856698,-0.34,0
64.06099999994183,-0.8782460571972982,-0.6371045140968631,-0.6794910272550824,0,1.6356783661851322,-0.34,0
64.08099999994192,-0.8784321866171443,-0.6428559605659286,-0.7074681339786513,0,1.6365342725960201,-0.34,0
64.10099999994202,-0.8779426359889083,-0.6417379387123616,-0.6892813205920104,0,1.635958318075953,-0.34,0
64.12099999994211,-0.8780948501641119,-0.642048746950659,-0.6658212476989481,0,1.6361792278535245,-0.34,0
64.14099999994221,-0.8782435424868424,-0.6444576951145385,-0.6407224631405791,0,1.6364626348739646,-0.34,0
64.1609999999423,-0.8788385086832868,-0.6488599943799206,-0.6150210844671797,0,1.6376573839145512,-0.34,0
64.1809999999424,-0.8794500854063797,-0.6536522643757394,-0.5830531685987698,0,1.6385771778204368,-0.34,0
64.2009999999425,-0.8814423155324478,-0.6569112563078185,-0.5347541064483445,0,1.6408756028503448,-0.3224473794382001,0
64.22099999994259,-0.8820231940670126,-0.6607089728984911,-0.4959042585555602,0,1.6420333232080428,-0.3036987784219676,0
64.24099999994269,-0.8775446677991733,-0.6556881954703827,-0.4193229927975449,0,1.6372423875269795,-0.2657559672571832,0
64.26099999994278,-0.8769549563513964,-0.6511259190968415,-0.34324748182209774,0,1.635917973037217,-0.22575607836511025,0
64.28099999994288,-0.8775360645245947,-0.648450113007485,-0.2727472942643324,0,1.6363223616228335,-0.1904631587204133,0
64.30099999994297,-0.8766695230150983,-0.6428202542472582,-0.1856558279139467,0,1.6349443210015575,-0.1450334341138244,0
64.32099999994307,-0.8709724524733803,-0.6374310848959509,-0.10036828158782826,0,1.6289947118868244,-0.10092870349911642,0
64.34099999994316,-0.8673017708838917,-0.6320063378608102,-0.01633392337235255,0,1.6245891717331356,-0.057065500117005064,0
64.36099999994326,-0.8655639080389367,-0.6267040179707479,0.06514841713457728,0,1.6223385781199589,-0.014879088082675462,0
64.38099999994336,-0.8659536432132071,-0.621083562664897,0.14390910859146544,0,1.6220022793549336,0.026335469323421457,0
64.40099999994345,-0.8655367688115845,-0.6160263375303263,0.2159876500904844,0,1.621253283616564,0.06459276605913833,0
64.42099999994355,-0.866348828089937,-0.6105015937053538,0.2844180844654461,0,1.6215556994352767,0.10042298417480522,0
64.44099999994364,-0.8695351831169782,-0.6056539166054155,0.3447851406487813,0,1.6242458099329273,0.13199440791920058,0
64.46099999994374,-0.8728390972403477,-0.6016138767577482,0.39535244412438303,0,1.6272754321908824,0.15898428968788658,0
64.48099999994383,-0.8750966548901998,-0.5983799900838364,0.4357733189389295,0,1.6293163771098038,0.18063960110798316,0
64.50099999994393,-0.8746287420440407,-0.5951518427768959,0.4696480246988714,0,1.6287771974797345,0.19855592543401412,0
64.52099999994402,-0.8747305301571489,-0.5921401134079389,0.49511650399634244,0,1.6286252831288415,0.21280359185099718,0
64.54099999994412,-0.8737411755201789,-0.5894190242052341,0.5108396824372259,0,1.6274336968015397,0.22155418957688555,0
64.56099999994422,-0.87483979869171,-0.5874681975348445,0.5153780477623602,0,1.62829911205721,0.22476126110073968,0
64.58099999994431,-0.8763097118371467,-0.5861101773817223,0.5096555364831511,0,1.6297067090282302,0.22254590664100138,0
64.6009999999444,-0.8770814801341507,-0.5852175441643284,0.4945101109171241,0,1.630465723029962,0.2153727656943416,0
64.6209999999445,-0.8771464658830229,-0.5848531057659853,0.46993351268561584,0,1.630550236681919,0.20390179881281578,0
64.6409999999446,-0.8758522356387363,-0.5841622237953953,0.44046053599159396,0,1.6292105053097374,0.1891835340557637,0
64.66099999994469,-0.8747210746491868,-0.5827765394996509,0.40826126952514474,0,1.6280152987615153,0.1732607234998682,0
64.68099999994479,-0.874259413323481,-0.5806338929083958,0.37407746460384156,0,1.6274312286879316,0.15674305219266715,0
64.70099999994488,-0.8734703279914323,-0.5764700048194968,0.3445053705334948,0,1.6263747612464263,0.14301394181365623,0
64.72099999994498,-0.8723703726387301,-0.569227771284123,0.32500139383535054,0,1.624935315076314,0.13475458596006296,0
64.74099999994507,-0.8725220199388201,-0.5578058488680032,0.3210097588421776,0,1.6243411302747048,0.13661894790387086,0
64.76099999994517,-0.8740984307481223,-0.5498386412634209,0.2986825560159196,0,1.6255376715251906,0.12860157277094109,0
64.78099999994527,-0.8762657586899376,-0.541889709200126,0.27390740257859714,0,1.627303408152918,0.11807712459303121,0
64.80099999994536,-0.878600221004474,-0.5328694389949278,0.25471464072890676,0,1.6293537386575832,0.11217417912195904,0
64.82099999994546,-0.8782593854897766,-0.534859023630697,0.18358949428847507,0,1.6293105434110997,0.07782068318953184,0
64.84099999994555,-0.8743673705545537,-0.5463834415880365,0.06898211921115202,0,1.6258806489175848,0.017008864379568944,0
64.86099999994565,-0.8708296384246176,-0.5567196979500554,-0.036060521151353324,0,1.6226273933975226,-0.03967657172679795,0
64.88099999994574,-0.871429409479722,-0.559233667066613,-0.10037700567580667,0,1.62328348434278,-0.07329118839630588,0
64.90099999994584,-0.8704484097001898,-0.5645229193211588,-0.17150013867783312,0,1.6227740482636963,-0.10992282790478014,0
64.92099999994593,-0.8694173844898437,-0.5711267332293279,-0.24457195055281566,0,1.6220361549579196,-0.14808808074071012,0
64.94099999994603,-0.8701112977714744,-0.5769938179838484,-0.3096646666823949,0,1.6228779566475244,-0.18319098707635328,0
64.96099999994613,-0.872505382913505,-0.5822045484599025,-0.3658714502168604,0,1.625592638071039,-0.2130044352154281,0
64.98099999994622,-0.8743339723675094,-0.5874434565915986,-0.41573324674118506,0,1.6277950793247131,-0.2395853969226689,0
65.00099999994632,-0.8756285648098204,-0.5926083463096583,-0.458038110687444,0,1.6294740756051231,-0.2623250557491461,0
65.02099999994641,-0.87560335508555,-0.5986109838669772,-0.49693128922825713,0,1.6299477610255408,-0.2835571341084926,0
65.04099999994651,-0.8748200632310446,-0.6063631741484976,-0.5355516574458629,0,1.6296728620811707,-0.3054611190589964,0
65.0609999999466,-0.8747540358808746,-0.6159702812542293,-0.5752405927814935,0,1.630392267851337,-0.32791844362868927,0
65.0809999999467,-0.8750665507646698,-0.6290351855370486,-0.6234249777401742,0,1.6317030491313365,-0.34,0
65.1009999999468,-0.8787100653603047,-0.6436135788267554,-0.6760494922165419,0,1.6367319679565848,-0.34,0
65.12099999994689,-0.8810988133104709,-0.649803625745407,-0.6815143184382894,0,1.639802830505419,-0.34,0
65.14099999994698,-0.8829168958365986,-0.6507489536653289,-0.6542387675424304,0,1.641748809470178,-0.34,0
65.16099999994708,-0.8838888396272695,-0.650885863855597,-0.6157808130469192,0,1.6428711752818435,-0.34,0
65.18099999994718,-0.883093068844485,-0.6527670864621343,-0.57513818456246,0,1.64215386092934,-0.34,0
65.20099999994727,-0.8840044258685935,-0.6565809686772799,-0.5375809082890305,0,1.643453015306439,-0.32365124523368993,0
65.22099999994737,-0.8850915630170666,-0.6611579151124717,-0.5020411325575427,0,1.6451465005625279,-0.3074693784689799,0
65.24099999994746,-0.8830511114359113,-0.6578118443626327,-0.42787803398586577,0,1.6429889442364605,-0.2708670968288911,0
65.26099999994756,-0.8791594184882803,-0.6518167408410778,-0.340428724693774,0,1.638367679523443,-0.2245602589106941,0
65.28099999994765,-0.8763451864878515,-0.6492780273906555,-0.2696194650544299,0,1.6353577310250091,-0.18917597679779918,0
65.30099999994775,-0.8732331396521721,-0.643285666413246,-0.18241875855983405,0,1.631419287910621,-0.14282769118198568,0
65.32099999994784,-0.8690974515894949,-0.637972583524006,-0.09878389546223165,0,1.6271404420980609,-0.10070940665727979,0
65.34099999994794,-0.8668246242710672,-0.6332251268864526,-0.018659032334948877,0,1.624158529892815,-0.05841540478322149,0
65.36099999994804,-0.8649753201705171,-0.6271297748366574,0.0653493378865921,0,1.6216091851638337,-0.014346694262953985,0
65.38099999994813,-0.8645535946219889,-0.622090439443805,0.14176897055375495,0,1.6209581173925116,0.024820136042343677,0
65.40099999994823,-0.8649436338096743,-0.6162306637552666,0.2176255292088941,0,1.6205915291875872,0.0647979430498653,0
65.42099999994832,-0.8689209055050908,-0.6112117495659016,0.2844126066797369,0,1.624062080893605,0.10005036099609299,0
65.44099999994842,-0.8721456343912627,-0.607582627892786,0.3389464810607814,0,1.6270805010815246,0.12923399032417238,0
65.46099999994851,-0.8729458554654917,-0.6029961014100915,0.39173470268976146,0,1.627595657478329,0.15659277615731382,0
65.48099999994861,-0.8738792895283988,-0.599212918109265,0.43540476350899104,0,1.6282500244265803,0.18002001413003632,0
65.5009999999487,-0.8739008242516707,-0.5959690665806632,0.46936316275370776,0,1.6280494416655746,0.19819176804177085,0
65.5209999999488,-0.8751479243122281,-0.5933775938934951,0.49243038272976924,0,1.6290154343818157,0.2109905583915781,0
65.5409999999489,-0.8745233095731542,-0.5908740516000731,0.5078656463013338,0,1.628327087149875,0.21948306404110696,0
65.56099999994899,-0.8755229510932317,-0.5891804108813535,0.5114412637344413,0,1.6291251866872762,0.2221718300455,0
65.58099999994909,-0.8767007637560682,-0.5883889320108588,0.503087965782855,0,1.6302694128321957,0.218553837076513,0
65.60099999994918,-0.8772492039135169,-0.5882784398113583,0.4842177827907645,0,1.6308388214898015,0.2094245746376231,0
65.62099999994928,-0.8772979692809496,-0.5889816982652113,0.4546320244376763,0,1.6309614826904395,0.1946173021106805,0
65.64099999994937,-0.8762675166426028,-0.5905956555773135,0.4146219708130691,0,1.6301014003367107,0.17489923173266497,0
65.66099999994947,-0.8733595666613522,-0.59152398999279,0.37247861468205173,0,1.6272641057136745,0.15279298272635722,0
65.68099999994956,-0.8726511412950814,-0.5933136017750245,0.320499115547056,0,1.626592456993125,0.12726333087804487,0
65.70099999994966,-0.8725912519767381,-0.5951110490160443,0.26369600719973857,0,1.626635250413459,0.0980090705429415,0
65.72099999994975,-0.8722578203645818,-0.597567199360618,0.19965360535238044,0,1.626596763478247,0.06534617196216552,0
65.74099999994985,-0.8716661804476648,-0.599394857312094,0.1358721454196078,0,1.626105787826597,0.03299816519994536,0
65.76099999994995,-0.8701248306456251,-0.6002113426365492,0.07493564086185338,0,1.6246368108625138,0.0022512685103648344,0
65.78099999995004,-0.8697955718909702,-0.5992991678617432,0.02018813851537772,0,1.624191844486747,-0.02512963754073172,0
65.80099999995014,-0.8691019098000201,-0.5958427766923682,-0.02383707294593175,0,1.623328119122651,-0.04713011523246258,0
65.82099999995023,-0.8669792573568806,-0.5878027358106584,-0.04617825554760636,0,1.6206721786175609,-0.05664296574537819,0
65.84099999995033,-0.866836559588323,-0.5781748655018523,-0.06013724509531362,0,1.6197996942594481,-0.060232954806384686,0
65.86099999995042,-0.8689947665086812,-0.5706636784136545,-0.08273824430538558,0,1.6213680924220586,-0.06908389676461013,0
65.88099999995052,-0.8703844023323816,-0.562875677041728,-0.10131328529442978,0,1.622505290633656,-0.07545348675447228,0
65.90099999995061,-0.8704261498325092,-0.56132422350408,-0.14461855020520786,0,1.6224305556775824,-0.09535752350707649,0
65.92099999995071,-0.869273030642683,-0.5731530276800466,-0.24537002995276935,0,1.6219088977021536,-0.14885927183781655,0
65.9409999999508,-0.87008861923208,-0.5831758565054437,-0.33181182091150346,0,1.6233151856345023,-0.19606560349983715,0
65.9609999999509,-0.8703480515723678,-0.5916504857476792,-0.4035355781472207,0,1.6241817349702055,-0.23425505206081132,0
65.980999999951,-0.870789603332059,-0.6001253469292231,-0.4659849267619764,0,1.625133997082758,-0.2682383084774038,0
66.00099999995109,-0.8718329907123216,-0.6101629122321202,-0.528528354603479,0,1.6269542018957557,-0.30255054441641605,0
66.02099999995119,-0.8735210203967109,-0.6218326547013655,-0.5918752096180874,0,1.6296021128300449,-0.3380746936922976,0
66.04099999995128,-0.8757089882439679,-0.6345789318497519,-0.6550696001253599,0,1.632925246327733,-0.34,0
66.06099999995138,-0.8781599612382247,-0.6400226686108443,-0.6850663462072731,0,1.635902421761775,-0.34,0
66.08099999995147,-0.8795936102423406,-0.6410780371689033,-0.6911998851670578,0,1.6375629618395802,-0.34,0
66.10099999995157,-0.8800622903429035,-0.6411773194055237,-0.6791741764424238,0,1.6379946732992703,-0.34,0
66.12099999995166,-0.8807386305923584,-0.6415229934276319,-0.652490776607082,0,1.6387414689488573,-0.34,0
66.14099999995176,-0.8799961402828399,-0.64197500742826,-0.6118655348004961,0,1.6380369818698994,-0.34,0
66.16099999995185,-0.8795907598272363,-0.642745671423451,-0.5624333249615836,0,1.6377650680789997,-0.3318996856737375,0
66.18099999995195,-0.8779287905018314,-0.6448299145503883,-0.5155716119853744,0,1.6362051812833993,-0.3092650917852322,0
66.20099999995205,-0.8789599665151604,-0.6502106771206011,-0.48797857782885296,0,1.637813526066504,-0.29675814886682494,0
66.22099999995214,-0.8815727274196793,-0.6579484993719295,-0.4750611064810742,0,1.6410357463157839,-0.29206459770461346,0
66.24099999995224,-0.8840769274942633,-0.6629769591147391,-0.4482943302372333,0,1.6443404054825952,-0.2812719589256347,0
66.26099999995233,-0.8812086856350136,-0.6558028371903415,-0.35671034182756145,0,1.640943679411666,-0.23500613851469043,0
66.28099999995243,-0.8785423959593102,-0.6489365054347154,-0.2610326282837956,0,1.6372869045392002,-0.18408920532056383,0
66.30099999995252,-0.8776282000261161,-0.6466311601498035,-0.18611500566220193,0,1.6363911719015247,-0.1467216864219265,0
66.32099999995262,-0.8750068137346573,-0.639456432310349,-0.09147764737232923,0,1.6328922871749474,-0.09688183572838271,0
66.34099999995271,-0.8728454921587655,-0.6351401405950211,-0.014074075736378418,0,1.6305725777684328,-0.05682194747553426,0
66.36099999995281,-0.8698774487064618,-0.6298132898322517,0.06517548056727278,0,1.6269714846229506,-0.015228517042150003,0
66.3809999999529,-0.867757901219215,-0.6242927609048703,0.1422782545914802,0,1.624180888187394,0.024650074643834285,0
66.400999999953,-0.867744306812681,-0.6189953422586343,0.21538517610643668,0,1.623781197797749,0.06243704349687573,0
66.4209999999531,-0.868151953435488,-0.6137303906681457,0.283760062599263,0,1.6236544291678934,0.09865490048467507,0
66.44099999995319,-0.870054329615284,-0.6091731826820004,0.3433640433906747,0,1.625091454717641,0.13017924036652717,0
66.46099999995329,-0.8728294234262438,-0.6053959889908676,0.39338354478568904,0,1.6275911867541224,0.15718132563075837,0
66.48099999995338,-0.872701609391377,-0.6014761861213983,0.43710448800594887,0,1.6272070880703262,0.1799238897389659,0
66.50099999995348,-0.8745445022361644,-0.5981965733447244,0.4704696073731366,0,1.6287604289859023,0.19810454461200244,0
66.52099999995357,-0.8757308119198657,-0.5958882757651597,0.49164736444178914,0,1.6299379387236432,0.2098047169500601,0
66.54099999995367,-0.8756954152851167,-0.5933137199992536,0.5075112600593952,0,1.6296064485081398,0.2184886342134349,0
66.56099999995376,-0.876761366387151,-0.5917546862689053,0.510486640670928,0,1.6305706367425232,0.22082629262764808,0
66.58099999995386,-0.8774627796577948,-0.5911195005917854,0.5014905195291242,0,1.631248252385903,0.2168497547802044,0
66.60099999995396,-0.8766477212733066,-0.5910757659331665,0.4823707973215093,0,1.6305472842023128,0.20780078039968308,0
66.62099999995405,-0.8753882654652094,-0.5912248871151462,0.4555938896922229,0,1.6292358600847543,0.19424034837116588,0
66.64099999995415,-0.8756112554866464,-0.5922545391186194,0.41828060386088733,0,1.6294422261657637,0.17593702768970831,0
66.66099999995424,-0.8756757477495446,-0.593783846159982,0.37246398205419184,0,1.6296377969348075,0.15268636052286544,0
66.68099999995434,-0.8754150863145624,-0.5960559543981995,0.31801348874592106,0,1.629569190164231,0.1248025413813878,0
66.70099999995443,-0.8749692928935254,-0.5989788535175546,0.2560927336851747,0,1.629346881244699,0.09306168369056822,0
66.72099999995453,-0.873445920099319,-0.6020395202066766,0.18989605941560805,0,1.6281399031237398,0.05912490378095803,0
66.74099999995462,-0.8719480720750372,-0.6049461099703626,0.12157577678199895,0,1.6267310144543576,0.02435475765381101,0
66.76099999995472,-0.8715239341445601,-0.6076070006435126,0.05201513829424102,0,1.6265485834038644,-0.01148000818296313,0
66.78099999995482,-0.8716088360135253,-0.6101275618933973,-0.018405589043678956,0,1.6268147333407044,-0.047116953812557316,0
66.80099999995491,-0.8713251346617013,-0.6114390542069754,-0.08379753918833249,0,1.6266480969636343,-0.08041339737899622,0
66.820999999955,-0.8703608909696058,-0.6107219962539742,-0.1394862930788977,0,1.6256785856476574,-0.10909061684053567,0
66.8409999999551,-0.8695863110587729,-0.6066343842699347,-0.17842492243069258,0,1.6245661873288455,-0.12769693583902253,0
66.8609999999552,-0.8689831656067051,-0.5979612859083471,-0.19431720450855056,0,1.6234062810626475,-0.13393133565488058,0
66.88099999995529,-0.8682031520881317,-0.588947056613541,-0.2054913608788794,0,1.6218449710673655,-0.1357150244736316,0
66.90099999995539,-0.8684221351584767,-0.5822986203389571,-0.22464867313166928,0,1.6217499957592973,-0.14282594608947474,0
66.92099999995548,-0.8661985492736572,-0.5766812010555011,-0.24480402523405959,0,1.6192000611371202,-0.15239543511908082,0
66.94099999995558,-0.8625908159294743,-0.5769996084473934,-0.286928364719338,0,1.6157314130730878,-0.17226656327369883,0
66.96099999995567,-0.8610088766518124,-0.5838044418371623,-0.3519448213553044,0,1.6141609606433465,-0.20676857319133823,0
66.98099999995577,-0.8654929268098799,-0.5896564747419172,-0.4059194263983514,0,1.6189886319830522,-0.23590271648015904,0
67.00099999995587,-0.8697510254823088,-0.5949346096918283,-0.44891041624229955,0,1.6235828208853993,-0.25899614703533214,0
67.02099999995596,-0.8732356448946704,-0.5999530243222752,-0.48262948999427757,0,1.6275463810268056,-0.27762177275196076,0
67.04099999995606,-0.874207757330632,-0.60575703373789,-0.5117039199149069,0,1.6289597500165534,-0.2938345871927306,0
67.06099999995615,-0.8751088285191738,-0.6130471482409148,-0.5406001130946058,0,1.6304592569114564,-0.3099321837104392,0
67.08099999995625,-0.8754831681414028,-0.6225709556098803,-0.5726230096561505,0,1.631639320169436,-0.3291211581077307,0
67.10099999995634,-0.874755612725867,-0.635974294374219,-0.61564639204866,0,1.6321815912068223,-0.34,0
67.12099999995644,-0.873250095916831,-0.6490397452041832,-0.6526049106545906,0,1.6319488947355332,-0.34,0
67.14099999995653,-0.8744145132198542,-0.6512767087409455,-0.620658511098597,0,1.6332535726901332,-0.34,0
67.16099999995663,-0.8782181109580697,-0.6529734065912538,-0.5824864481205843,0,1.6373091959013446,-0.34,0
67.18099999995673,-0.8805446462959542,-0.6565913769731938,-0.5541090336236467,0,1.6399061640688182,-0.3310792748863842,0
67.20099999995682,-0.8819300566497674,-0.6597123385174423,-0.5176191020809152,0,1.6417403330700715,-0.31441014395815015,0
67.22099999995692,-0.8831531712755198,-0.6634690901966167,-0.4841375456278863,0,1.6433479941584377,-0.2989987751231964,0
67.24099999995701,-0.8831629948665884,-0.662092704022117,-0.42447451753052284,0,1.6433867619788909,-0.26974959467042625,0
67.26099999995711,-0.8796870674557098,-0.6562725224924362,-0.3425203829126031,0,1.6392405417287192,-0.2264050547314147,0
67.2809999999572,-0.8764310669804843,-0.6535861609077478,-0.27274572943870484,0,1.6358160626399851,-0.19152184214110135,0
67.3009999999573,-0.873634277559867,-0.6478867255694677,-0.18562984899604854,0,1.6324986570545372,-0.1466259303025228,0
67.3209999999574,-0.868391061722168,-0.6425093068061263,-0.09951193604177126,0,1.626747747217052,-0.10128832666594523,0
67.34099999995749,-0.8644173660531215,-0.6371562028382898,-0.014884583212479593,0,1.6222004816309514,-0.05812922247878727,0
67.36099999995758,-0.8647635880849142,-0.6321708984528696,0.06467974291009843,0,1.6218303703302392,-0.01649590441054727,0
67.38099999995768,-0.8649581742888367,-0.6259465090297681,0.14591504582722778,0,1.6214143593181305,0.026257818607423378,0
67.40099999995778,-0.8673444778670178,-0.621233416159738,0.21565772372208108,0,1.6233913108723599,0.06260505565725993,0
67.42099999995787,-0.8694466962386304,-0.6159720971063503,0.28303079414924115,0,1.6249658303659116,0.09825756113736861,0
67.44099999995797,-0.8723816924032591,-0.6114610856160999,0.34157404440578265,0,1.6276007002997865,0.12884717030262016,0
67.46099999995806,-0.8729572505434193,-0.6072067001257718,0.3934941672915991,0,1.6279884310437744,0.1560859768080025,0
67.48099999995816,-0.8727844163168935,-0.6031626791118179,0.43778436010343735,0,1.6274099493519534,0.18017785540583686,0
67.50099999995825,-0.8744485005672757,-0.6003912613665442,0.46930717137086114,0,1.6287784957332818,0.19723838726826393,0
67.52099999995835,-0.8749819613104106,-0.5977223338083032,0.4925481064345871,0,1.6293152720725965,0.20975806296055866,0
67.54099999995844,-0.8740380632100582,-0.5951257620950295,0.5086978362189783,0,1.6280649192563,0.21887225920727604,0
67.56099999995854,-0.8754973081633648,-0.5935589796220677,0.5115313324422974,0,1.6293629017353746,0.22113038866966495,0
67.58099999995864,-0.8767641992964101,-0.5927507620953414,0.5032338621636218,0,1.63060128047212,0.21753882595984453,0
67.60099999995873,-0.8773285017254558,-0.5926173862253856,0.4844993713449953,0,1.6311872119461595,0.20847415933585922,0
67.62099999995883,-0.8773504434812482,-0.5931735495445835,0.4556244890720916,0,1.6312723924598551,0.19407734752218353,0
67.64099999995892,-0.8770086703300535,-0.5943793833283874,0.4172847375039437,0,1.631033437971586,0.17471017852979331,0
67.66099999995902,-0.8757778640914633,-0.5963717304930045,0.3698079087767392,0,1.629962149059767,0.15065134208596342,0
67.68099999995911,-0.8751611763246407,-0.59874071067921,0.3151753792622797,0,1.6294943393488848,0.12270527951483068,0
67.70099999995921,-0.8745970258035504,-0.6018590079369173,0.25250731251663805,0,1.6292037921139149,0.090834727850448,0
67.7209999999593,-0.8735225779253062,-0.6051733250020248,0.18547898940118226,0,1.628332677685393,0.05617167048128624,0
67.7409999999594,-0.8733186661172634,-0.6092102723384721,0.11235577906824834,0,1.6284455300674285,0.018555708226790868,0
67.7609999999595,-0.8726283263438376,-0.6133133701450031,0.03572490972209699,0,1.6281597133840333,-0.02132804684437506,0
67.78099999995959,-0.8725547888360584,-0.617687496078335,-0.04313165488549063,0,1.6284054787482323,-0.06205598613030383,0
67.80099999995969,-0.8730769957341479,-0.6219998337184021,-0.12161645243507384,0,1.6291969335429173,-0.10222840964934354,0
67.82099999995978,-0.8736055689820241,-0.6260874932362662,-0.19898895505786798,0,1.6300932753085664,-0.14209472910834964,0
67.84099999995988,-0.8732411941025975,-0.6289397851128579,-0.2694278539756838,0,1.6300578206371863,-0.17888406856716532,0
67.86099999995997,-0.8728350986439284,-0.6310963544305872,-0.3345252431357251,0,1.6297875691364487,-0.2120192944499275,0
67.88099999996007,-0.8724262770147977,-0.6309741636776435,-0.38611238363705236,0,1.6294658026560254,-0.23799480651522864,0
67.90099999996016,-0.8713206470548798,-0.6274600762165999,-0.4181445347347429,0,1.6281265983418698,-0.2538574814600423,0
67.92099999996026,-0.8701478098608042,-0.619673952663266,-0.4258449771744004,0,1.626199378491024,-0.25632641358430197,0
67.94099999996035,-0.8711844516163292,-0.6092356459518521,-0.41600716564666795,0,1.6262610800207535,-0.24779233733900452,0
67.96099999996045,-0.8722137308756747,-0.6035083216103285,-0.4226503878555531,0,1.6268927582932904,-0.24914590101787182,0
67.98099999996055,-0.8728480228348523,-0.6033550147301666,-0.450236477147686,0,1.627489342383927,-0.26188601041820947,0
68.00099999996064,-0.874119010494558,-0.6092506424804681,-0.49987729017789484,0,1.629191023451621,-0.2876095800771914,0
68.02099999996074,-0.873923814322154,-0.6190257415833275,-0.5588059528825438,0,1.629779937997089,-0.320162866630997,0
68.04099999996083,-0.8754434851342194,-0.6323989277705598,-0.6246122766407047,0,1.6324588539362042,-0.34,0
68.06099999996093,-0.8784391757490797,-0.6453617940310826,-0.6839528928529327,0,1.6366124033610399,-0.34,0
68.08099999996102,-0.8804575647198795,-0.6472865008344385,-0.6863551142712194,0,1.6389813729342917,-0.34,0
68.10099999996112,-0.8807366032772743,-0.6444742260793711,-0.6562992344546912,0,1.6390415803650389,-0.34,0
68.12099999996121,-0.8800506540829819,-0.6430680237051882,-0.6219059642800058,0,1.6381933661002352,-0.34,0
68.14099999996131,-0.8795471809487926,-0.6422373975335298,-0.5799938603496997,0,1.637617906892852,-0.34,0
68.1609999999614,-0.8780332581836874,-0.6418122013143458,-0.530684271827417,0,1.6361067345009286,-0.31625340208204444,0
68.1809999999615,-0.8769474839986898,-0.6414663740047026,-0.478063375998013,0,1.6349962744702482,-0.289605760845532,0
68.2009999999616,-0.8754994669446063,-0.6425616069140514,-0.4331409009604935,0,1.6336705621626972,-0.26726963375049184,0
68.22099999996169,-0.875529361870638,-0.6459578629517899,-0.3986902650764019,0,1.6339402101682265,-0.25093020481441464,0
68.24099999996179,-0.8771430050387921,-0.6518449058720298,-0.3730908764468503,0,1.6360408300417404,-0.2396633938079309,0
68.26099999996188,-0.878796320843846,-0.6602052959665332,-0.35626869023924224,0,1.6386295016800994,-0.23373672142891855,0
68.28099999996198,-0.8796328691664481,-0.65969114774065,-0.2931011771451367,0,1.6395572799455136,-0.20381196197935347,0
68.30099999996207,-0.8758487681811401,-0.6489308042744634,-0.1786980510509574,0,1.6348987665529313,-0.1441814870510001,0
68.32099999996217,-0.8748476440269435,-0.6433101330031331,-0.08886502710858062,0,1.63298701592086,-0.0963196083004203,0
68.34099999996226,-0.8743553952155577,-0.6400421562427077,-0.014169769148605722,0,1.6323291786828649,-0.05872552135971021,0
68.36099999996236,-0.8707969499106247,-0.6329474373894157,0.07320135652984648,0,1.62814293767211,-0.012472788813290059,0
68.38099999996246,-0.8708835351654661,-0.6291258758679413,0.14165794560369854,0,1.6278359501241049,0.023485178436141396,0
68.40099999996255,-0.8690840364290625,-0.6228862031087792,0.2177270078944561,0,1.6253335879674309,0.06300898520812837,0
68.42099999996265,-0.8714295095251521,-0.6180840415342079,0.2834711224459014,0,1.627160726520237,0.09780490971291567,0
68.44099999996274,-0.8736275526829942,-0.6138758344737228,0.34160381342009094,0,1.6291205890818703,0.12783206852962414,0
68.46099999996284,-0.8734439353766762,-0.6093784308394565,0.3950556070120568,0,1.628586141857846,0.15664739874540023,0
68.48099999996293,-0.8745968120287785,-0.6060617279246744,0.4363725352756944,0,1.6293733537112747,0.17880272604302805,0
68.50099999996303,-0.8728004820996742,-0.6021069810685069,0.47368948889029244,0,1.627671096258829,0.19742843550728795,0
68.52099999996312,-0.8696904307311227,-0.5983637073407521,0.5018783454632235,0,1.6240250855106855,0.21366321523852005,0
68.54099999996322,-0.8720187924624418,-0.595477331852042,0.5182314192415867,0,1.6260524771938254,0.2230903041444352,0
68.56099999996331,-0.8728577850602797,-0.5920818358695135,0.5298177730040833,0,1.6266297057015242,0.230330640650374,0
68.58099999996341,-0.8743711929348926,-0.5885674979984095,0.5345866562012952,0,1.6279395666414607,0.23357857492506628,0
68.6009999999635,-0.8749940432794228,-0.5846035909864972,0.5340944878141667,0,1.6283565548682954,0.23464400049466771,0
68.6209999999636,-0.8747694178846606,-0.57940755147475,0.5318039526633397,0,1.6278605276264284,0.23488225679786545,0
68.6409999999637,-0.8744304692632253,-0.5717352238802068,0.534602552469709,0,1.6270560276349004,0.23869252648230255,0
68.66099999996379,-0.8759219042060054,-0.5599343736867867,0.549591166687545,0,1.627791629897263,0.24950314258728845,0
68.68099999996389,-0.877270261003302,-0.5478790455892606,0.5600394288679166,0,1.6286399446087265,0.25926469709580857,0
68.70099999996398,-0.8808245294018755,-0.5385938269855635,0.5531320925669233,0,1.6316513474685679,0.25869024250908224,0
68.72099999996408,-0.8858023031488929,-0.5283807206695922,0.5471084523551673,0,1.636416985654355,0.25915737808360384,0
68.74099999996417,-0.8863480578823373,-0.5245128911386606,0.5078898224782731,0,1.6370075304763911,0.24181596578979248,0
68.76099999996427,-0.8824648275879079,-0.5320648521334336,0.4096592607130009,0,1.6335819231458122,0.19216431714288063,0
68.78099999996437,-0.8788693854541568,-0.5412794335051879,0.3021984762629338,0,1.6300242297081633,0.1342940740276355,0
68.80099999996446,-0.8786149878796136,-0.5427780824479723,0.23395715421545574,0,1.6299430034966893,0.09963367127701672,0
68.82099999996456,-0.8763878869394818,-0.5500268230674515,0.14096146529984585,0,1.628092612691048,0.05204435398419949,0
68.84099999996465,-0.8734420158983933,-0.554278284682324,0.06467971611327004,0,1.6253494425768378,0.010861022150392197,0
68.86099999996475,-0.8703504128382007,-0.5607475407007682,-0.019605425707293574,0,1.6225842946894709,-0.03190806512865807,0
68.88099999996484,-0.8689134833483465,-0.5648704471726055,-0.0909134503778151,0,1.6212674193181085,-0.06943106893693818,0
68.90099999996494,-0.8661333198552499,-0.5710513281089663,-0.16826974803518885,0,1.618665198478951,-0.1104495501119882,0
68.92099999996503,-0.8675086505757925,-0.5757022714616504,-0.23418907684198767,0,1.620274362098417,-0.14531317549643297,0
68.94099999996513,-0.8689910156276921,-0.5804002689651068,-0.2941343132287872,0,1.622004504041512,-0.17629117250583248,0
68.96099999996522,-0.8691491967725777,-0.5850913952669388,-0.34873425615824577,0,1.6225468089562305,-0.20513711791117428,0
68.98099999996532,-0.8685932286471957,-0.5894053847745374,-0.3937771426612932,0,1.6222335845227014,-0.22951592173959656,0
69.00099999996542,-0.8712176851285637,-0.5930988050829286,-0.42875380706700755,0,1.6249854997181583,-0.24843973988582801,0
69.02099999996551,-0.8740143073911273,-0.5959131792318646,-0.4522644250252621,0,1.628044471722717,-0.2610756716364082,0
69.0409999999656,-0.8754302329653098,-0.5983838030431199,-0.46719813480316835,0,1.6296852901924819,-0.26950090772415325,0
69.0609999999657,-0.875827925788279,-0.6006098534211434,-0.4737266971352512,0,1.6303463554744637,-0.274095857523327,0
69.0809999999658,-0.8744559922977972,-0.602780529827935,-0.4720524673774173,0,1.629104283736534,-0.2738434996308683,0
69.1009999999659,-0.8747772502835215,-0.6048538641332278,-0.4620489139241345,0,1.6295870274406776,-0.26980503677562906,0
69.12099999996599,-0.8746110373431818,-0.6076334465726055,-0.4489501668515506,0,1.6296271125736657,-0.26384752773889586,0
69.14099999996608,-0.8746925870417761,-0.6110634255236466,-0.4323779144110922,0,1.6299814083610602,-0.2564267311090811,0
69.16099999996618,-0.8736383785864089,-0.6166306672729183,-0.4191246970061165,0,1.6294541218768117,-0.2521745237832691,0
69.18099999996628,-0.872521793467157,-0.6257746556360612,-0.416891397280674,0,1.629008924186614,-0.25318069183837766,0
69.20099999996637,-0.8748726995923047,-0.6383147163647438,-0.42438831938497523,0,1.6323633717023847,-0.26059450316468924,0
69.22099999996647,-0.875834833712153,-0.6470534946078518,-0.41133773169050586,0,1.6343790085915018,-0.2571497946717931,0
69.24099999996656,-0.8744171112620109,-0.656503245272757,-0.39800748846028833,0,1.6338685289958284,-0.25279529228998854,0
69.26099999996666,-0.874787829872542,-0.6635890275097928,-0.3707658786994278,0,1.6351027487776,-0.24319999190261576,0
69.28099999996675,-0.8744867953013196,-0.6578393901671526,-0.28112714262006405,0,1.6342930263970763,-0.19819266122000045,0
69.30099999996685,-0.872657470979536,-0.6469772388759003,-0.16710005706082814,0,1.6312960550387996,-0.13745527627519993,0
69.32099999996694,-0.8735842279871251,-0.6438197276808987,-0.09132572250082797,0,1.6318185701315477,-0.09773661988678306,0
69.34099999996704,-0.8726277451599995,-0.6391630562692454,-0.012824936849458929,0,1.630688620640133,-0.05840099309173219,0
69.36099999996713,-0.8718571127327388,-0.6327624913185691,0.07079029303793091,0,1.6290093044503762,-0.0136375209356292,0
69.38099999996723,-0.8712721929547167,-0.6286387455586904,0.14124404283641231,0,1.6282871531646501,0.023161859894986314,0
69.40099999996733,-0.8684905669384487,-0.6222001444119196,0.21862857927919957,0,1.6248177740331,0.06381622082928384,0
69.42099999996742,-0.8680279055121531,-0.6162123657119639,0.2903388548312831,0,1.6238118126598051,0.10108970322597122,0
69.44099999996752,-0.8703723548437478,-0.6108346610936574,0.35369354826977384,0,1.6255244510531244,0.13479301991778314,0
69.46099999996761,-0.8731626992530338,-0.6059021922393062,0.4087297177543858,0,1.6279590694164459,0.16414126747668956,0
69.48099999996771,-0.875141324576709,-0.6013036489661524,0.4553277730046544,0,1.6296232975026559,0.1890753772104885,0
69.5009999999678,-0.8764821359537605,-0.5969524312186459,0.4932716518300931,0,1.6306831772882122,0.20959341860050706,0
69.5209999999679,-0.8771994691047587,-0.5922806209766643,0.5259367141894077,0,1.631081265242587,0.22750277203666158,0
69.540999999968,-0.8774721610720917,-0.5868462848115467,0.554449812305751,0,1.6309966598511951,0.24347226690184054,0
69.56099999996809,-0.8758470082187466,-0.5800655893592134,0.5818300801218815,0,1.6290254750713224,0.2591010678375665,0
69.58099999996818,-0.8755359574994238,-0.5714628908420734,0.6097495696069034,0,1.6280976992982714,0.27595166126638593,0
69.60099999996828,-0.8770775969811876,-0.5589139704242725,0.6486041232786421,0,1.628933054625968,0.29874042177998694,0
69.62099999996838,-0.8807629478976027,-0.5449113923978972,0.6863085688205066,0,1.6318732510452594,0.3224653214065598,0
69.64099999996847,-0.8844901247271775,-0.5353649721277404,0.6974228405127951,0,1.6352653125541134,0.33126970858288685,0
69.66099999996857,-0.8870116641711926,-0.5276855279760414,0.6940278669111043,0,1.6376030796254835,0.3328278717047026,0
69.68099999996866,-0.889765672525284,-0.5213609412744808,0.678638115940668,0,1.6401679231996984,0.3272031086071361,0
69.70099999996876,-0.8896207759452854,-0.5213649983851162,0.6267812585417499,0,1.6402876231330612,0.30279271484223536,0
69.72099999996885,-0.8844892437541253,-0.527424374257379,0.5404203543112959,0,1.635414682328143,0.257269401358327,0
69.74099999996895,-0.8823206155371977,-0.5287735527345736,0.47529248041456895,0,1.6331213057012681,0.224634658935416,0
69.76099999996904,-0.880038822023773,-0.5342005218128392,0.3897158819810015,0,1.6309892312197694,0.17973085533371602,0
69.78099999996914,-0.8774935283552701,-0.5381041676142716,0.3114827733527119,0,1.6286354477759475,0.14038151605448212,0
69.80099999996924,-0.8747678211967097,-0.5424539859261497,0.2314121905289792,0,1.626115593264944,0.0983411733041375,0
69.82099999996933,-0.8698439238110058,-0.5479139037586257,0.14732919582787657,0,1.6214447005494446,0.054436277556728196,0
69.84099999996943,-0.8652364969173665,-0.5533728295248428,0.06466581959725318,0,1.6170761999832102,0.011438285100338286,0
69.86099999996952,-0.8625361209395419,-0.5586408316459257,-0.015835009022161624,0,1.6145303810814433,-0.030593359537053777,0
69.88099999996962,-0.8622561468643911,-0.563856678154352,-0.09334885438807339,0,1.614328372424033,-0.07083024068964638,0
69.90099999996971,-0.8628184789076793,-0.5696555016235131,-0.16931160553537714,0,1.6152149091251744,-0.11025646102155595,0
69.92099999996981,-0.8646355020716218,-0.5744800879047871,-0.23583480156944547,0,1.617267901816307,-0.1453738878677997,0
69.9409999999699,-0.867725424344139,-0.5788846881073996,-0.2941920177686317,0,1.6206452666229514,-0.17581564120763615,0
69.96099999997,-0.8694135439688576,-0.582984102548626,-0.3457421407968026,0,1.6225749988923024,-0.20325601275635963,0
69.9809999999701,-0.8713030870607655,-0.5866042384041761,-0.38791940274232833,0,1.6246685709118376,-0.2260339775134652,0
70.00099999997019,-0.8719608531412701,-0.5900794290598256,-0.4225514114614314,0,1.6256291072185707,-0.2442592955775813,0
70.02099999997029,-0.8724258703639425,-0.5928927906989144,-0.4472458022615211,0,1.6263281567314927,-0.2575677810558674,0
70.04099999997038,-0.8738921592970743,-0.595115200040298,-0.460555015989264,0,1.6278720541339862,-0.26524416607449797,0
70.06099999997048,-0.875439414248136,-0.5963988460733944,-0.4620812779533376,0,1.629564161902785,-0.26720771507366403,0
70.08099999997057,-0.8751498206245986,-0.5974166954700565,-0.45518269140424195,0,1.6294271030960632,-0.26377549925687904,0
70.10099999997067,-0.8753535661833411,-0.5977673042579356,-0.4377943734167056,0,1.629596145769301,-0.2554926035082916,0
70.12099999997076,-0.8727466119449788,-0.5976911384078705,-0.4117486453605469,0,1.6272564373635787,-0.2435144421361295,0
70.14099999997086,-0.8701054370506484,-0.5980902649193286,-0.380971117157894,0,1.6244805323257727,-0.2281118797347954,0
70.16099999997095,-0.8692092558127038,-0.5985622284126975,-0.34458109190109837,0,1.6234965566515105,-0.2099004603006911,0
70.18099999997105,-0.8702147735585531,-0.5993108469650643,-0.3038217607400947,0,1.624539287956937,-0.18942249542746148,0
70.20099999997115,-0.8709736654488305,-0.6005988208931581,-0.26118133316371667,0,1.6254445987628876,-0.16876576386744513,0
70.22099999997124,-0.870556364871339,-0.6035510248319491,-0.22161963849408073,0,1.6253098242814021,-0.14959593750127942,0
70.24099999997134,-0.8697473095152963,-0.6098998135907105,-0.19521305911222747,0,1.6249417758244284,-0.13821255450556014,0
70.26099999997143,-0.8700768258660628,-0.6208451795246708,-0.18679408482094084,0,1.626084446528919,-0.13701613537137214,0
70.28099999997153,-0.8719758910950504,-0.6291028070231066,-0.16466008527614456,0,1.6286965163016733,-0.12890264867715295,0
70.30099999997162,-0.873929295348133,-0.6362508058427461,-0.1360188402249942,0,1.6313043206798077,-0.11660648170747523,0
70.32099999997172,-0.8762817995275923,-0.6444339970488907,-0.11254401433331757,0,1.6344725546642742,-0.10747262154333748,0
70.34099999997181,-0.8753192510441186,-0.6420966233394955,-0.0418909168918675,0,1.633551651648655,-0.07345290045440178,0
70.36099999997191,-0.8725873818986318,-0.6290074845807095,0.07681758610297766,0,1.6295882574264298,-0.01035666345746411,0
70.380999999972,-0.8724828666979342,-0.6211783754155864,0.16713979776601534,0,1.6286078843976906,0.03805808825218726,0
70.4009999999721,-0.8737983376243078,-0.6172763128459579,0.2338569037091896,0,1.6295572118448856,0.07294443679629348,0
70.4209999999722,-0.8747977201715714,-0.6135391685756327,0.29362123582664285,0,1.6302810123670932,0.10411700309451621,0
70.44099999997229,-0.8755015538222993,-0.6095719276579898,0.3487762491121105,0,1.630657392410342,0.13313662247211533,0
70.46099999997239,-0.8761213870942677,-0.6058332943088159,0.3974393201977472,0,1.6309694651412052,0.15889380367796924,0
70.48099999997248,-0.8767067801745996,-0.6024849228223079,0.43842820916483677,0,1.631281568975171,0.18075757354490962,0
70.50099999997258,-0.8773087869008318,-0.5999198176346163,0.4690578444556095,0,1.6316811709493324,0.19723218299682133,0
70.52099999997267,-0.8763453764529845,-0.597068650999681,0.49396085226486797,0,1.6305913002065575,0.21035211372869456,0
70.54099999997277,-0.8768336009680207,-0.5949018229027985,0.5075236886130109,0,1.6308576116301672,0.2182605449896875,0
70.56099999997286,-0.8764434669891056,-0.5934873843803999,0.5099506437546246,0,1.6304018138943284,0.22032770795591428,0
70.58099999997296,-0.876782221156008,-0.5925413126869987,0.5023138702551514,0,1.6306224212412312,0.2171395482911036,0
70.60099999997306,-0.8772184903555234,-0.5923983578959326,0.48351081664118817,0,1.6310615401053776,0.20806123737270776,0
70.62099999997315,-0.8772707029642526,-0.5930490970269736,0.45411548127553925,0,1.6311804827403154,0.19338632050431914,0
70.64099999997325,-0.8761358925235406,-0.5943444942670932,0.4157844330202342,0,1.630157255469527,0.17411555789719002,0
70.66099999997334,-0.8757103292598278,-0.5959788168927826,0.369786205451948,0,1.6298258797827547,0.15077467802903133,0
70.68099999997344,-0.8746967977306861,-0.5983074053510208,0.3154336725039744,0,1.6290382118661209,0.1225846297181854,0
70.70099999997353,-0.8743802113543906,-0.6013463733470235,0.2530716373861719,0,1.6288821701082339,0.09112932193561307,0
70.72099999997363,-0.8740744346970861,-0.6047063959272155,0.18540627324346373,0,1.628841646288338,0.0563133624737131,0
70.74099999997372,-0.8737611479774697,-0.6086333494124437,0.11216915636606424,0,1.6288461101933427,0.018495262060791884,0
70.76099999997382,-0.8735551624312432,-0.6130141864353783,0.0347999306604556,0,1.6290033552377106,-0.021573661608529804,0
70.78099999997391,-0.8733277713892701,-0.617791971454771,-0.04590513093497542,0,1.6292352870737377,-0.06325741784424155,0
70.80099999997401,-0.8731388870310525,-0.6222880399692263,-0.1251472142763891,0,1.6292847292114772,-0.10400250595611538,0
70.8209999999741,-0.8736804780511814,-0.6264499368546266,-0.2027404583790729,0,1.6301886235854368,-0.14419885547346145,0
70.8409999999742,-0.8745212042033396,-0.6305041107352543,-0.27870804237586666,0,1.6313981480262247,-0.18353917341594772,0
70.8609999999743,-0.8749981437548041,-0.6335264507554577,-0.34788334205495786,0,1.6321513519782591,-0.2191705959722352,0
70.88099999997439,-0.8744680630248279,-0.6348931013014902,-0.40641818995317464,0,1.6318481814396206,-0.2494356026606832,0
70.90099999997449,-0.8744682919641691,-0.63446362293783,-0.45267295170973715,0,1.6318143257184994,-0.27244479965633817,0
70.92099999997458,-0.8743336894583064,-0.6303941926929297,-0.47721071149392985,0,1.631279085695134,-0.2845147313919445,0
70.94099999997468,-0.8744676756335198,-0.6212958261166517,-0.47341544101022165,0,1.6307194076532756,-0.28103721775997137,0
70.96099999997477,-0.8731501370694227,-0.6119363996643402,-0.46216973810596124,0,1.6286037667488855,-0.27199083352589004,0
70.98099999997487,-0.8731420690814601,-0.607936769469484,-0.470416556776873,0,1.628092804970436,-0.2740197752840112,0
71.00099999997497,-0.8744179608264544,-0.6109841693361799,-0.5061805240564502,0,1.629659181809575,-0.2918300769754052,0
71.02099999997506,-0.8747176715709697,-0.6200210578214115,-0.5629989071580865,0,1.6306748956277481,-0.3231050560941404,0
71.04099999997516,-0.8760651765773011,-0.6331083419205952,-0.6292807198733241,0,1.6331623058047093,-0.34,0
71.06099999997525,-0.8782949588183809,-0.6449035063277793,-0.6851257969448706,0,1.6364555358075072,-0.34,0
71.08099999997535,-0.8799651700242497,-0.6459211133360178,-0.6834460908327022,0,1.6383579683606448,-0.34,0
71.10099999997544,-0.8801706341810456,-0.6441662542813157,-0.6592061657834657,0,1.6383948864592581,-0.34,0
71.12099999997554,-0.8805357213443148,-0.6439342417968308,-0.6321106807182929,0,1.638746405204618,-0.34,0
71.14099999997563,-0.8796408523916935,-0.6440442600865401,-0.5947106360110951,0,1.6379274320469166,-0.34,0
71.16099999997573,-0.878481654614817,-0.644231509290269,-0.5466297708219315,0,1.6369338180184396,-0.3253136530617051,0
71.18099999997582,-0.8763197434838742,-0.645710174341699,-0.5002473898285441,0,1.6347364885696591,-0.30191043951410945,0
71.20099999997592,-0.8774399725212028,-0.6487680765592018,-0.46203668891512384,0,1.636048782687031,-0.2830715742044365,0
71.22099999997602,-0.8791155673168615,-0.6550822871556421,-0.44094400278989654,0,1.6383853173714549,-0.27443568870963264,0
71.24099999997611,-0.8814921345151142,-0.6632280462452785,-0.42802020118150075,0,1.6416134672926432,-0.27032492704290956,0
71.2609999999762,-0.8815607330080687,-0.6636057080451743,-0.3733595819039723,0,1.642082969357532,-0.24539172836328782,0
71.2809999999763,-0.8776922628279349,-0.6536398232821811,-0.2635267700534254,0,1.6371947154622617,-0.18756968086808046,0
71.3009999999764,-0.8741232476254055,-0.6483154551896364,-0.17443461542913274,0,1.632876377778326,-0.14045064635045268,0
71.3209999999765,-0.8741339741686571,-0.6454667489173059,-0.09904071008880017,0,1.6325933040478025,-0.10290975855231643,0
71.34099999997659,-0.8723918075174705,-0.6379323714632315,-0.005988255596160045,0,1.6301723356313922,-0.053718523019349984,0
71.36099999997668,-0.8706025309299201,-0.6340640119230199,0.06587979463460743,0,1.628093250574999,-0.01610762077222816,0
71.38099999997678,-0.8683906704493803,-0.6279270844776357,0.1451708237015891,0,1.62513651210088,0.025101735180005802,0
71.40099999997688,-0.8705490381136917,-0.6234342812451454,0.21365904879058698,0,1.6267780375406389,0.06105157835544617,0
71.42099999997697,-0.8700177711763933,-0.6177696474523755,0.2836652664307397,0,1.6258586762812886,0.09768560424942141,0
71.44099999997707,-0.8712801162106187,-0.6127318656285069,0.34523651856265125,0,1.6266561109787474,0.13013920084217223,0
71.46099999997716,-0.8735992753711392,-0.608598005514608,0.3969408742388507,0,1.6286075613011601,0.15761494043251134,0
71.48099999997726,-0.8754404374735322,-0.6053256338690756,0.4374022594190522,0,1.6301961891007695,0.17932192927391077,0
71.50099999997735,-0.8753064206952448,-0.602308069818423,0.46975855636407704,0,1.6298784663666124,0.19681145460754879,0
71.52099999997745,-0.8760741572666008,-0.5994361102664306,0.4938902543944012,0,1.630436890056513,0.20942922758996163,0
71.54099999997754,-0.8751546631369209,-0.5973116982162896,0.5074418596507025,0,1.629456173843655,0.21701799403087696,0
71.56099999997764,-0.8753134124261213,-0.5958068990726352,0.5104012502821331,0,1.6293899178172189,0.2193363107693529,0
71.58099999997773,-0.8743890906357603,-0.5943110132626711,0.505269872257224,0,1.62854462328111,0.21724330737140307,0
71.60099999997783,-0.8702133573415922,-0.5930525521959549,0.4919451168797409,0,1.6243715899212812,0.21255037129911636,0
71.62099999997793,-0.8670860911074229,-0.5905627979289941,0.477804644798403,0,1.6207950762704697,0.20529929895511723,0
71.64099999997802,-0.8695929466891916,-0.5882168241877439,0.4556733231028225,0,1.6230354939503706,0.19519516611815702,0
71.66099999997812,-0.8714955312098138,-0.5849514390385254,0.43185349099098824,0,1.6248439091676379,0.18397775117946025,0
71.68099999997821,-0.8722669817522897,-0.5799593874312851,0.4106357186179455,0,1.6253070081993342,0.17483938608127225,0
71.70099999997831,-0.8741574237532874,-0.5716150256439049,0.39983196499390306,0,1.6266589225405501,0.17169993944748052,0
71.7209999999784,-0.8762933662984882,-0.5593902435026794,0.4026696264080753,0,1.6281810004889425,0.17705521656375645,0
71.7409999999785,-0.8774905392891805,-0.5513910530416396,0.38270181676222675,0,1.6289820106079747,0.1699767518541131,0
71.7609999999786,-0.8795039133794386,-0.5432211789242692,0.36048580077795533,0,1.6307119077484051,0.16140054981876473,0
71.78099999997869,-0.8808774013931424,-0.5343154367311989,0.34116142735684046,0,1.6318185692182827,0.15512149846478196,0
71.80099999997879,-0.8793784819935656,-0.536511966352414,0.26845997974800523,0,1.6304594978803117,0.11930760785805772,0
71.82099999997888,-0.8754250260352502,-0.547833909554814,0.15218864293780612,0,1.627023494217076,0.058613421628015416,0
71.84099999997898,-0.872853219565642,-0.557491612909601,0.047665562272620685,0,1.6247550122538983,0.001843095790631466,0
71.86099999997907,-0.8728444256395645,-0.5594178630758342,-0.017065812738898907,0,1.6248537624630646,-0.03086949003662398,0
71.88099999997917,-0.8689475741167685,-0.5658491532106722,-0.09730818377055166,0,1.6214000340487658,-0.07325960293562805,0
71.90099999997926,-0.8684932365682182,-0.5710781181848886,-0.16860727720529495,0,1.6209676850420038,-0.11117244838386275,0
71.92099999997936,-0.868395973090464,-0.5756030524456103,-0.2332969594280963,0,1.6213842744467943,-0.1440440910253955,0
71.94099999997945,-0.8687002235472264,-0.5803769325175839,-0.29409975029537405,0,1.6216410724224433,-0.17668565459513275,0
71.96099999997955,-0.871738904000521,-0.5844489409022556,-0.34518807482742886,0,1.6250006207003838,-0.2032475292001632,0
71.98099999997964,-0.8714389888431634,-0.5885766221742099,-0.3908850752071869,0,1.6251014639693075,-0.22739229135122607,0
72.00099999997974,-0.8709843962869127,-0.5924722834304553,-0.42724198394543134,0,1.6248629121392653,-0.2471533197418272,0
72.02099999997984,-0.8726673105931988,-0.5953726840321869,-0.4511777247304221,0,1.626622484910667,-0.2607756741668994,0
72.04099999997993,-0.8747904590185615,-0.5978435359616884,-0.4656597023469415,0,1.6289457416913256,-0.2690090413652637,0
72.06099999998003,-0.8761260432489688,-0.5997908236727756,-0.47032588208087617,0,1.6304647214683028,-0.27212855040424544,0
72.08099999998012,-0.8767332065050389,-0.6013793619549406,-0.4659324891664112,0,1.6312229996965077,-0.2705625673871883,0
72.10099999998022,-0.8761850928024743,-0.6025643064783672,-0.4523331047860493,0,1.63092646182914,-0.26443648414018295,0
72.12099999998031,-0.8750025808657483,-0.6038734522262057,-0.4322853812645794,0,1.6297705611588453,-0.2546896417893407,0
72.14099999998041,-0.8737166056239143,-0.6059209065725404,-0.4090824477935459,0,1.6286261743916812,-0.24371907970980478,0
72.1609999999805,-0.8734543892906281,-0.6088519617462463,-0.3838672655225799,0,1.6285592795678723,-0.23199067857791378,0
72.1809999999806,-0.8730490693801263,-0.6135262246658748,-0.3615601867773567,0,1.6285574651979928,-0.22239034610890895,0
72.2009999999807,-0.8718384585401032,-0.6217866690403033,-0.35036027435498895,0,1.6279519888622014,-0.2183199399380955,0
72.22099999998079,-0.871394092976771,-0.6334267579967109,-0.35043588723207447,0,1.6285413108052014,-0.22236817146212373,0
72.24099999998089,-0.8733757636655429,-0.6420747054192391,-0.33323978812133503,0,1.6312502325288323,-0.21687851465481822,0
72.26099999998098,-0.8771928290165686,-0.6505871924107796,-0.3126204774979684,0,1.6358437418234688,-0.20851824813595332,0
72.28099999998108,-0.8799260669183357,-0.6584705618497658,-0.2884389768587931,0,1.639570259813796,-0.19999678658348508,0
72.30099999998117,-0.8787044985370138,-0.6544090636004151,-0.2071722043292542,0,1.638199134764806,-0.1595405151194318,0
72.32099999998127,-0.874970977997239,-0.6421616264914048,-0.08766528457422486,0,1.6332630325203603,-0.0965748981653789,0
72.34099999998136,-0.8745957268856893,-0.636269542680539,-0.0002531359178426745,0,1.6320547868809252,-0.04983279035623189,0
72.36099999998146,-0.8745248660343304,-0.6344489278554746,0.06384407524587209,0,1.6319280901694388,-0.017248023811545332,0
72.38099999998155,-0.8714121712378046,-0.627091104348928,0.14869522350401912,0,1.6281059447440986,0.02727643960301762,0
72.40099999998165,-0.8722349561649841,-0.6218652624869443,0.22019684318930602,0,1.6283357338105406,0.06492006984858967,0
72.42099999998175,-0.8738235014688992,-0.6176093763299657,0.282854510922963,0,1.6296146679908463,0.09758552977742507,0
72.44099999998184,-0.8744603260827191,-0.6133481373875682,0.34121409807881087,0,1.630075992108814,0.12775583668362023,0
72.46099999998194,-0.8736794317388267,-0.608641543830181,0.3956066358667862,0,1.6287285277445342,0.15706109067240792,0
72.48099999998203,-0.875075687635097,-0.6050238164516074,0.43794199564033665,0,1.629789065095219,0.17980260132876436,0
72.50099999998213,-0.8762935188618695,-0.6019206172225604,0.47061096527600166,0,1.6308689277472652,0.1967367571412706,0
72.52099999998222,-0.8753103324741445,-0.5993310338499754,0.49383640876875495,0,1.629658893819783,0.210011891100772,0
72.54099999998232,-0.8761697902436997,-0.5970676791404577,0.5075461139360715,0,1.630339236133767,0.21737836520791487,0
72.56099999998241,-0.8770341556473005,-0.5957094472898008,0.5094542558522914,0,1.6311932589135927,0.21880802190960624,0
72.58099999998251,-0.8765256110405893,-0.5947172941148942,0.5025465872563442,0,1.630550077499778,0.21640272687659268,0
72.6009999999826,-0.8769312596810889,-0.5945787627438108,0.48400353693736914,0,1.6309386827922567,0.20747296275915295,0
72.6209999999827,-0.8758731552656756,-0.595168220002995,0.45543047274593484,0,1.6300214482764437,0.19313847145841812,0
72.6409999999828,-0.8749357275449895,-0.596049695769755,0.41878145021078617,0,1.6290606837147326,0.1749913157400229,0
72.66099999998289,-0.8750140032704834,-0.5974991879756917,0.3733731298563557,0,1.6292285634824524,0.151984199663588,0
72.68099999998299,-0.8749995634665543,-0.5996229513439085,0.31954962908374024,0,1.6293966856387299,0.12448999441302044,0
72.70099999998308,-0.8747329165471492,-0.6024447990097723,0.25803696207411136,0,1.6293763147483225,0.09283227614738254,0
72.72099999998318,-0.8730905520078561,-0.6053609124785573,0.19253848176658628,0,1.6279418560706747,0.05958760294402654,0
72.74099999998327,-0.8727025724779452,-0.6082700924577746,0.12436155887623623,0,1.6277641109768533,0.024797260544214383,0
72.76099999998337,-0.870849420640576,-0.6107859354900463,0.05530995234685552,0,1.6261518176897791,-0.01082818837956201,0
72.78099999998346,-0.8703153503315594,-0.6124120034821546,-0.01092114282876341,0,1.6257445227609657,-0.04490586250014239,0
72.80099999998356,-0.8692567522707999,-0.6127325337469465,-0.07176874885353497,0,1.624785202182756,-0.07582574894812799,0
72.82099999998366,-0.8676865981007013,-0.6108486651861592,-0.1224314470504637,0,1.6230510965827771,-0.10089810661133258,0
72.84099999998375,-0.8678137585629284,-0.6047724797679472,-0.1525652114910714,0,1.6226399297749086,-0.11436509690120311,0
72.86099999998385,-0.8678467787909205,-0.59435411719676,-0.1605340592101482,0,1.6219035624529385,-0.11492848878588702,0
72.88099999998394,-0.8693876179394301,-0.5870318290801483,-0.1799397318140208,0,1.6228490342862216,-0.12223216663119052,0
72.90099999998404,-0.8711498327752617,-0.579787675641515,-0.197066353731975,0,1.6241351074574473,-0.1293456379934419,0
72.92099999998413,-0.8726906061313703,-0.5754470624980026,-0.22314779987939412,0,1.6254084774716464,-0.14017505997930058,0
72.94099999998423,-0.872700546246493,-0.5816137609611738,-0.29230773609023947,0,1.6259047892865124,-0.17539298356669297,0
72.96099999998432,-0.8718961657863601,-0.5908876180116436,-0.3698730098192018,0,1.6256251007650278,-0.21706121955900293,0
72.98099999998442,-0.8731664351270974,-0.5984620335462423,-0.4314247992636917,0,1.6273939818896435,-0.25058816247088433,0
73.00099999998451,-0.8746162649322419,-0.6062458969884563,-0.4852626736106885,0,1.6294615103744212,-0.2800872588228698,0
73.02099999998461,-0.8753199811402453,-0.615183185643503,-0.5351952334676134,0,1.6309167471142456,-0.30785426102403557,0
73.0409999999847,-0.8753887907034658,-0.6270628610434315,-0.5920503490324229,0,1.6319405975258545,-0.3396707382005606,0
73.0609999999848,-0.877286198810254,-0.6425763454009638,-0.6600618192418424,0,1.635148726768009,-0.34,0
73.0809999999849,-0.879829610885192,-0.6501424993827694,-0.6875769944629704,0,1.6385916980288688,-0.34,0
73.10099999998499,-0.881138330187901,-0.6499257012574942,-0.6719029694724178,0,1.639947288955703,-0.34,0
73.12099999998509,-0.8812660280373361,-0.6478184879958891,-0.6379896228019278,0,1.6399039338617067,-0.34,0
73.14099999998518,-0.8806519479377202,-0.6475227301653463,-0.6017359051987584,0,1.6392182691695485,-0.34,0
73.16099999998528,-0.8792895475301956,-0.6488041146168056,-0.5631677867364454,0,1.63803418499008,-0.33388304983444916,0
73.18099999998537,-0.879406915302539,-0.6520080477439884,-0.5265944357795374,0,1.6383596238712153,-0.31661908344068457,0
73.20099999998547,-0.8818408875663528,-0.6574101911387308,-0.498963280635417,0,1.641265859430454,-0.3040469062637716,0
73.22099999998557,-0.883493866058187,-0.6643361393866856,-0.4792702905711021,0,1.6438788727035143,-0.29655321126582135,0
73.24099999998566,-0.8828080502587585,-0.6659044907103217,-0.42340286963719576,0,1.6435122908654072,-0.27029737637905926,0
73.26099999998576,-0.8775601436001514,-0.6583909359359911,-0.3274411222807907,0,1.6376136779991666,-0.22096106058800324,0
73.28099999998585,-0.8753880571807688,-0.655045048889882,-0.2551481188706199,0,1.6348417904943884,-0.18287902610490203,0
73.30099999998595,-0.8748809306909099,-0.6512720611637032,-0.1821235332083023,0,1.6340237614786535,-0.14561442832971694,0
73.32099999998604,-0.873291665567418,-0.6462866611692774,-0.10163086900040817,0,1.6317556915612015,-0.10367627483297137,0
73.34099999998614,-0.8721809003039842,-0.6405006674148541,-0.016408539962788345,0,1.6302198723761754,-0.0598630399335458,0
73.36099999998623,-0.8717403855054409,-0.6358633337471101,0.06263272924850136,0,1.6293509992279127,-0.0185619746847816,0
73.38099999998633,-0.8701118212374799,-0.6292553202512645,0.1468901133549084,0,1.6269301686646644,0.025600518130054484,0
73.40099999998642,-0.8711554966144585,-0.6244492221144019,0.21781981112578214,0,1.6275337244125694,0.06282927517544001,0
73.42099999998652,-0.8704728459814156,-0.6190887478494841,0.2859158327404566,0,1.6265697762648723,0.09801109463965152,0
73.44099999998662,-0.8707372207109605,-0.6144610551422189,0.3444931273469738,0,1.6262505752671648,0.1291520541326623,0
73.46099999998671,-0.8730942408481717,-0.6105646533168733,0.3939087389130126,0,1.6282480679354778,0.15553885733623707,0
73.4809999999868,-0.8731137616748043,-0.6067938417823866,0.43701093733516994,0,1.628184126519493,0.17815005910104031,0
73.5009999999869,-0.8740717978694957,-0.6030411328758939,0.473136670003329,0,1.6286584179981751,0.1978643819697412,0
73.520999999987,-0.8759143763573252,-0.6006069595347596,0.49560445691714056,0,1.630297108335888,0.21041692790503008,0
73.5409999999871,-0.8771656254671005,-0.5987990998530489,0.5073775831121514,0,1.6314326148152567,0.2172628448966547,0
73.56099999998719,-0.8767558484863579,-0.5970918568889488,0.5111285619655725,0,1.6310939149532084,0.21935989038180326,0
73.58099999998728,-0.876019749316065,-0.5961486711613416,0.5034018840526396,0,1.6302010250038386,0.21661626616762453,0
73.60099999998738,-0.8728800469221333,-0.5945466438491557,0.4920657164912594,0,1.6270731306902522,0.2109734670626504,0
73.62099999998748,-0.8732514431733911,-0.593870591707456,0.4689424674268931,0,1.6271464650691883,0.20032454430791713,0
73.64099999998757,-0.8746091114346588,-0.59305545192013,0.4398921277202124,0,1.6284825601122792,0.18603748825712274,0
73.66099999998767,-0.8747905427970186,-0.5924161911115479,0.4040962344161769,0,1.6287171880573492,0.16802367778625626,0
73.68099999998776,-0.8741703304180346,-0.5909749929438144,0.36670457423734454,0,1.6279839293616407,0.14978961657335832,0
73.70099999998786,-0.8737299788771713,-0.5879312098767766,0.33204027133875247,0,1.6273102905977537,0.13363281954134543,0
73.72099999998795,-0.8738834148148207,-0.5822565059489178,0.3053743868342194,0,1.6271716826933615,0.12126684841369184,0
73.74099999998805,-0.8728256827805709,-0.5724289485883934,0.29420705255391355,0,1.6255233638913695,0.11831899637107957,0
73.76099999998814,-0.8730809512189561,-0.5628873716111449,0.2795561432126526,0,1.6251916964352138,0.11516673569582236,0
73.78099999998824,-0.874558949805067,-0.5555643637348912,0.25228218567130095,0,1.6261987341502444,0.1035698673770511,0
73.80099999998833,-0.8770677838468484,-0.5458807393837344,0.2354517573541418,0,1.6283320229551403,0.09795328396099645,0
73.82099999998843,-0.8771878385218266,-0.5428306150035742,0.1888452362782042,0,1.6285663757246394,0.07746623022424592,0
73.84099999998853,-0.8738770998001767,-0.5516321712002251,0.0869024507726944,0,1.6255500551078472,0.02471561659181498,0
73.86099999998862,-0.8711496574184331,-0.5650201972315327,-0.03297926246039487,0,1.6233869141368076,-0.040099304281314474,0
73.88099999998872,-0.8723597844696364,-0.5700136713434136,-0.10952805647043172,0,1.6247600473637847,-0.08079281918468029,0
73.90099999998881,-0.8741597031898908,-0.5716204328475097,-0.1646224347742885,0,1.6266990866335742,-0.10859769479834092,0
73.92099999998891,-0.8718196462259578,-0.5795386825188464,-0.24280727221084347,0,1.6250261745683148,-0.14983365224381373,0
73.940999999989,-0.8710519535311577,-0.586377542993876,-0.3118496213693663,0,1.6244617002372987,-0.18693950762768985,0
73.9609999999891,-0.8727634286512754,-0.592542458613714,-0.3722497888323417,0,1.6265627286362263,-0.21906458868428014,0
73.9809999999892,-0.8744311445855576,-0.5985788262558688,-0.4258327144764382,0,1.6286457995565067,-0.248159832955825,0
74.00099999998929,-0.8753062276086059,-0.6056893579172858,-0.4772341852593001,0,1.6300718192831551,-0.2760114423051685,0
74.02099999998939,-0.8750494831782318,-0.6142727436155634,-0.5282811468044779,0,1.630591371734563,-0.304051579931059,0
74.04099999998948,-0.8752209714731287,-0.6253424878304714,-0.5815249301508075,0,1.6315978206038517,-0.3336011884269383,0
74.06099999998958,-0.8770225386419919,-0.6400529738347145,-0.6450442923937129,0,1.6346448497731718,-0.34,0
74.08099999998967,-0.8779075257916781,-0.6479675009281909,-0.6698747114975708,0,1.636607066177125,-0.34,0
74.10099999998977,-0.8781771802151288,-0.6462971249365812,-0.6424199430597745,0,1.636681818032441,-0.34,0
74.12099999998986,-0.8791435570407743,-0.6470631873825144,-0.624971978386928,0,1.637668363212701,-0.34,0
74.14099999998996,-0.8803423240488853,-0.6496881801061527,-0.6097505575564536,0,1.639057618076406,-0.34,0
74.16099999999005,-0.8810577937876523,-0.6525898830904879,-0.5842480874921094,0,1.6402063610871342,-0.34,0
74.18099999999015,-0.8801618579043213,-0.6563088829485905,-0.5491652336865145,0,1.6397364686587375,-0.3297206619672446,0
74.20099999999024,-0.8803439196485974,-0.660237984641729,-0.5071091352698105,0,1.6402157205685723,-0.30957344339082926,0
74.22099999999034,-0.8809849870941986,-0.6649309689319253,-0.4685470735452857,0,1.641408612722343,-0.29218115612142026,0
74.24099999999044,-0.8812175646601779,-0.6659030038931671,-0.4125962327489453,0,1.6418766985369397,-0.2647860705696212,0
74.26099999999053,-0.8787979997815684,-0.6587927819182037,-0.3261415804354384,0,1.638699412290861,-0.2193901293635978,0
74.28099999999063,-0.878545374626634,-0.6571681640533734,-0.26656470368005747,0,1.6380868353307447,-0.18859349118191493,0
74.30099999999072,-0.8754208044571137,-0.652100893935576,-0.18754489825286438,0,1.6347240581185276,-0.1490214703093269,0
74.32099999999082,-0.874062302665056,-0.6475527969552575,-0.10673690911316222,0,1.6327795185950544,-0.10724653156478392,0
74.34099999999091,-0.8710696026392887,-0.6414193229635036,-0.017409581810840177,0,1.629135190622484,-0.059993475252842154,0
74.36099999999101,-0.8667170640299764,-0.6356998002503815,0.06783105347428528,0,1.6243437545282435,-0.01652602228153155,0
74.3809999999911,-0.8661786541026678,-0.6304080864248764,0.14580874612322606,0,1.623170711710576,0.02490026197538109,0
74.4009999999912,-0.8675021655334316,-0.6250432348393569,0.21895611121860922,0,1.623802964897338,0.06322538912500697,0
74.4209999999913,-0.8700261419400139,-0.6201558148382673,0.2842420117992798,0,1.6260784522652652,0.09717765189297056,0
74.44099999999139,-0.870352674692554,-0.6154462269638749,0.343616688420073,0,1.625938305208562,0.1285482838766363,0
74.46099999999149,-0.8728946383185192,-0.6116633863464997,0.3924905561328064,0,1.6281946302248067,0.15430549404982785,0
74.48099999999158,-0.8733773569048637,-0.6076798215342908,0.4372434981174904,0,1.6283371491290033,0.17830547202925118,0
74.50099999999168,-0.87502892898353,-0.604604932019605,0.4703826185113837,0,1.629723050713717,0.19627767701801968,0
74.52099999999177,-0.8750865817359833,-0.6015248699160235,0.49613356514620693,0,1.6296024794248147,0.21046773066559865,0
74.54099999999187,-0.8761054899149132,-0.5995476710252289,0.5088989631846471,0,1.6304061733786006,0.21768774869614615,0
74.56099999999196,-0.8754139617035451,-0.5976138628640032,0.5131106836867578,0,1.6298426395697643,0.2209155384162882,0
74.58099999999206,-0.8724079156453303,-0.5957003830549106,0.5099696682212289,0,1.6265361267745964,0.21955596319959936,0
74.60099999999215,-0.8738769953770918,-0.5944869810222028,0.4960975939017527,0,1.6278297188873863,0.21316423369686288,0
74.62099999999225,-0.8755021732082838,-0.5940197081841369,0.47223270904862896,0,1.6294182969661568,0.2018483779955409,0
74.64099999999235,-0.8754540530250426,-0.5930198375430524,0.44370737874919064,0,1.6294875674204259,0.18855655053797804,0
74.66099999999244,-0.8742366097703003,-0.5914962096586183,0.4128397187287832,0,1.6281054136811048,0.1732137422489357,0
74.68099999999254,-0.8733616920773727,-0.5890584467365576,0.3798294724630913,0,1.627033471837248,0.15738880863808502,0
74.70099999999263,-0.872699294039802,-0.5840971212615075,0.35383160253322465,0,1.626087211364787,0.14500423298354548,0
74.72099999999273,-0.8721065630757554,-0.5761226717583742,0.33746674882067207,0,1.6249622268548545,0.13925400905914898,0
74.74099999999282,-0.8729210568868083,-0.564463584020125,0.3345143831428391,0,1.6250573058411935,0.14126382887670497,0
74.76099999999292,-0.8739938207569068,-0.5567843781436123,0.3109960078730686,0,1.6258646165067836,0.13267850459849795,0
74.78099999999301,-0.8752904788085132,-0.5480564126767795,0.29010590780468914,0,1.6266035825484109,0.12420263322491687,0
74.80099999999311,-0.8793232862037095,-0.5399970267210461,0.2657329774886031,0,1.6302691660001447,0.11539831082426777,0
74.8209999999932,-0.8782499769553431,-0.544722249742327,0.18128045024554162,0,1.6296489827472689,0.07337876457516046,0
74.8409999999933,-0.8748757755758453,-0.5573909204846442,0.061530033220069724,0,1.6268373658465742,0.010404931323470867,0
74.8609999999934,-0.873651127182881,-0.5657047520006461,-0.0341342551838483,0,1.6260238839147183,-0.04098970756799414,0
74.88099999999349,-0.870422018393449,-0.5673180445565152,-0.09344770560629462,0,1.6229152014846784,-0.07278056900035179,0
74.90099999999359,-0.8654923490462529,-0.5741813909015957,-0.17127886612192272,0,1.6184928629371382,-0.11192632115513557,0
74.92099999999368,-0.8639602462636147,-0.5810786538190643,-0.24470414186271006,0,1.6170361031664313,-0.15140964136166213,0
74.94099999999378,-0.8664999967560977,-0.5869420751623308,-0.3098313711521784,0,1.619848335628549,-0.18604037837992515,0
74.96099999999387,-0.8690871051840344,-0.5927822458063109,-0.36954938731741055,0,1.622819483804689,-0.21818925720601778,0
74.98099999999397,-0.8720996974419303,-0.5988024408372967,-0.4233815909117142,0,1.626317399263931,-0.24717829773252786,0
75.00099999999406,-0.8734602314527987,-0.6056393038689406,-0.47339722340516616,0,1.6282138345220103,-0.2736775469109731,0
75.02099999999416,-0.8740122811237503,-0.6137493770157071,-0.5213581627040844,0,1.6293999747158974,-0.3004787962113067,0
75.04099999999426,-0.874941729781983,-0.6239804730907864,-0.5709187214695886,0,1.6312204637913779,-0.32785469543699763,0
75.06099999999435,-0.8763146875323276,-0.6379011368872065,-0.6306874971145575,0,1.6337873857275236,-0.34,0
75.08099999999445,-0.8792457675529916,-0.6501413138271266,-0.6775478720682523,0,1.638085737591752,-0.34,0
75.10099999999454,-0.8800742397910678,-0.6505019628731142,-0.6594161086355107,0,1.638933379756218,-0.34,0
75.12099999999464,-0.8804557129702482,-0.648833671037573,-0.6269978534676538,0,1.6391841489795915,-0.34,0
75.14099999999473,-0.8799089022340483,-0.6482825723040033,-0.5904201546366041,0,1.6386432674954858,-0.34,0
75.16099999999483,-0.8792273054007985,-0.6504611418944222,-0.560416948200126,0,1.6380775927973021,-0.3329445985133668,0
75.18099999999492,-0.8802638741643063,-0.6537742380618354,-0.5287112866414589,0,1.6394644962390814,-0.31834563326870513,0
75.20099999999502,-0.8810444952213335,-0.6596774615330938,-0.5057314685226953,0,1.6408448659786599,-0.30840180838389597,0
75.22099999999512,-0.8818918579008744,-0.6647142041854388,-0.4702621207568266,0,1.6422137836784991,-0.29248397354640243,0
75.24099999999521,-0.8812260707665308,-0.6674972721960808,-0.4219917674981073,0,1.6421021306074202,-0.26979272627824,0
75.2609999999953,-0.8783285623920374,-0.6608629185173377,-0.33419005013290976,0,1.638545022778459,-0.224863081746695,0
75.2809999999954,-0.8758773513252085,-0.6560585243160794,-0.2558906859666476,0,1.6354182434446443,-0.18318897058612182,0
75.3009999999955,-0.8752654455104566,-0.6536718495574513,-0.1881812333942269,0,1.6345738798961125,-0.14944241965630134,0
75.32099999999559,-0.8739037894712591,-0.647703119630924,-0.10121096941685982,0,1.6325177312109729,-0.1039646160446761,0
75.34099999999569,-0.8726528736495569,-0.6421172742706103,-0.0161327858136613,0,1.6309782703523013,-0.060448686270856644,0
75.36099999999578,-0.8698723728301464,-0.6369624299146419,0.0655915968575142,0,1.6276851535889971,-0.017423921434280176,0
75.38099999999588,-0.8681828676139733,-0.631274574233216,0.14494191905794426,0,1.6251781247322334,0.024088553604151075,0
75.40099999999597,-0.8679403627608145,-0.6256150482138697,0.2200229772988456,0,1.6244386868897642,0.0633969398677221,0
75.42099999999607,-0.8698964240856016,-0.6206416295591723,0.28511672798348126,0,1.625946858800697,0.09789382939432434,0
75.44099999999617,-0.8706066276801409,-0.6162966700718566,0.34322751830977266,0,1.6263086109082676,0.12846798361013145,0
75.46099999999626,-0.871187806844789,-0.6121108852888314,0.39441912170163484,0,1.626555941990053,0.1551730547080714,0
75.48099999999636,-0.8731263523868408,-0.6085207128637771,0.4367521441759591,0,1.628102064422016,0.17812103508792276,0
75.50099999999645,-0.8732537713872586,-0.6053951718360471,0.47013360378247776,0,1.628220934083895,0.19608713452450965,0
75.52099999999655,-0.8736430060640807,-0.6021884928953144,0.4966500804595266,0,1.6281220183510525,0.2104609102855961,0
75.54099999999664,-0.8755973581054616,-0.5998865818492912,0.5103339819495816,0,1.6299697855571476,0.2179299345884611,0
75.56099999999674,-0.8769872703920425,-0.5985176749344998,0.5122114487184454,0,1.63128795926851,0.21963531027244843,0
75.58099999999683,-0.8776560829856217,-0.5978905365639388,0.5030045141156159,0,1.6319380370003453,0.2155227270703466,0
75.60099999999693,-0.8777924251867972,-0.5979484051570275,0.48328089357654064,0,1.6320978585843866,0.2059121177598402,0
75.62099999999703,-0.8766466034603837,-0.5981915764265319,0.45617534006882293,0,1.6310204354721114,0.19276695839358826,0
75.64099999999712,-0.8758500204061113,-0.5994906904641714,0.41793270417539496,0,1.6302173460628948,0.1735534256068867,0
75.66099999999722,-0.8757050508370509,-0.6010501145785916,0.3721509559752221,0,1.630191007914473,0.15033983049144584,0
75.68099999999731,-0.8754064501430139,-0.6033757448708418,0.3174866057275349,0,1.6300889368414,0.12238572794479596,0
75.7009999999974,-0.8749364471448959,-0.6063832191086309,0.2551240436811053,0,1.6298721053455232,0.09031639110527112,0
75.7209999999975,-0.874473897619236,-0.6101185939760139,0.18545659747414708,0,1.629730332855061,0.05442657589519695,0
75.7409999999976,-0.8740153874045623,-0.6140850735636342,0.11240614430464328,0,1.6295130287254633,0.017176775327065963,0
75.7609999999977,-0.8736602189568675,-0.6182531616110459,0.03609083688837856,0,1.629506415409193,-0.022269021671131428,0
75.78099999999779,-0.8735368860118573,-0.622707636173187,-0.042814483906077526,0,1.6297683719165537,-0.06313923105178598,0
75.80099999999788,-0.8736284090376051,-0.6275271198151082,-0.12389572500437238,0,1.6302790346764655,-0.10471581023775345,0
75.82099999999798,-0.8697076755053011,-0.6310163647410076,-0.19831003285966498,0,1.627020408017056,-0.14431711686217708,0
75.84099999999808,-0.866941037798459,-0.6328781132749627,-0.26371911941999476,0,1.6241565309090107,-0.17755428142744467,0
75.86099999999817,-0.869337424979375,-0.6337961424523719,-0.3230159699106048,0,1.626443440142277,-0.20732233473324646,0
75.88099999999827,-0.870455497128572,-0.632281676411596,-0.3686553907801167,0,1.6275538475024498,-0.22989912735466778,0
75.90099999999836,-0.8701096720158867,-0.6268783049706946,-0.3926898318857259,0,1.6267889808360165,-0.24102409640111055,0
75.92099999999846,-0.868938816147665,-0.6166289678313668,-0.3900057875993543,0,1.6248540369682274,-0.23720403088915964,0
75.94099999999855,-0.8673958910103274,-0.6081344189802719,-0.3891898543641459,0,1.6225051942100963,-0.23429993543801908,0
75.96099999999865,-0.8684364007947015,-0.6030894628292321,-0.3994912941297668,0,1.623165704280011,-0.2373780108138166,0
75.98099999999874,-0.86569262660709,-0.6052258517066785,-0.43768705991376833,0,1.620635092988138,-0.25559703561992286,0
76.00099999999884,-0.8665279269802562,-0.6118878876162982,-0.48995025685196003,0,1.6216589813669864,-0.2842158914535666,0
76.02099999999893,-0.8706068953822641,-0.6213568584703474,-0.546506846667,0,1.62658149223597,-0.3153964472919395,0
76.04099999999903,-0.8736933719284237,-0.634743323345492,-0.611544772637521,0,1.6307789476197905,-0.34,0
76.06099999999913,-0.8759314164734875,-0.6482487088140454,-0.6700522348371628,0,1.6345351161962316,-0.34,0
76.08099999999922,-0.8776639207799606,-0.6496779325827392,-0.6645156683136738,0,1.6364023636093894,-0.34,0
76.10099999999932,-0.8786106357526619,-0.6471056544969582,-0.6354517097910891,0,1.6371926956929592,-0.34,0
76.12099999999941,-0.8784228177055069,-0.6467028574672736,-0.6110965775250006,0,1.6368997712158304,-0.34,0
76.14099999999951,-0.8786271932229717,-0.6465961183740755,-0.57803637286125,0,1.6371925588379064,-0.34,0
76.1609999999996,-0.8779437404365872,-0.6460278040616144,-0.5304896552339583,0,1.63641459473402,-0.3171231056321582,0
76.1809999999997,-0.8774746076824896,-0.6453239799588786,-0.4759252381255754,0,1.6359016806818922,-0.28961204604878366,0
76.2009999999998,-0.8765522889820402,-0.6454733549909054,-0.424598557304341,0,1.6349255043811055,-0.2638792464198616,0
76.22099999999989,-0.876658217118527,-0.6469727591849672,-0.3792010643408704,0,1.6351476007793886,-0.24184607116831947,0
76.24099999999999,-0.8773216075103683,-0.6512138259419995,-0.34557410012116263,0,1.6361973964738266,-0.2255086710723706,0
76.26000000000008,-0.8783126155387838,-0.6579408714231338,-0.32421374285574434,0,1.6379099135479351,-0.21708121040399897,0
76.28000000000017,-0.8802762451862689,-0.6646407744323354,-0.29732662752753203,0,1.640600912587444,-0.20608299826078502,0
76.30000000000027,-0.8784734030760927,-0.6582411802864103,-0.20474046032170978,0,1.6383478710024197,-0.15966139950660474,0
76.32000000000036,-0.8741923944052885,-0.6469252346288255,-0.08886696354963565,0,1.632956425099094,-0.09839489486470199,0
76.34000000000046,-0.8728199459735685,-0.6430965043214647,-0.010133819666886012,0,1.6309968092165865,-0.05691478336906197,0
76.36000000000055,-0.8713286050595195,-0.6393366723398888,0.06337340408851007,0,1.6293355238224487,-0.01883015888444839,0
76.38000000000065,-0.8676557268449943,-0.631373759722544,0.15026867481144354,0,1.6247175681363055,0.026530969903139967,0
76.40000000000074,-0.8691095139182878,-0.6266047766435079,0.21932585253641548,0,1.6257812433482477,0.062251582407463646,0
76.42000000000084,-0.8670673510691508,-0.6210298943468185,0.28880607499105754,0,1.623537276795129,0.09819821844241905,0
76.44000000000094,-0.8643250311375024,-0.6152696154066112,0.3532446083562489,0,1.6200031251618805,0.13349336004814516,0
76.46000000000103,-0.8660937502285452,-0.6088772934777931,0.41533958623009865,0,1.6210751122990876,0.16649600126918207,0
76.48000000000113,-0.8690050519097818,-0.6023378927901548,0.47178420049071795,0,1.6235008765241714,0.19664313909723274,0
76.50000000000122,-0.8719882952687842,-0.5953871118268466,0.5228573697514322,0,1.6260011763674926,0.22502029937800927,0
76.52000000000132,-0.87311768207097,-0.5866817820996326,0.5743500957595368,0,1.6266042073465936,0.2531541787222362,0
76.54000000000141,-0.874708424378463,-0.5754613489428161,0.6293854071406535,0,1.6274115834713112,0.2835943057888617,0
76.56000000000151,-0.878386195296805,-0.5604573591752323,0.6934894448662943,0,1.6302226739448622,0.3203458377884454,0
76.5800000000016,-0.8811147832551959,-0.5484992763466818,0.7372022832015863,0,1.6324043413573703,0.34,0
76.6000000000017,-0.8834760934270129,-0.5433184044695399,0.7438501575406927,0,1.6346337630067536,0.34,0
76.6200000000018,-0.8847773291270757,-0.5400023876808653,0.7359184182523089,0,1.635812762626179,0.34,0
76.64000000000189,-0.8863285685182486,-0.5368938066864621,0.7182549040929749,0,1.6372515746830436,0.34,0
76.66000000000199,-0.8871452907039821,-0.5333137316042003,0.6933717987845678,0,1.638074023915795,0.33142080840584787,0
76.68000000000208,-0.8881544742960861,-0.5290558859071732,0.6652662444657146,0,1.6387609170030744,0.318060317872475,0
76.70000000000218,-0.8890507834178537,-0.5257205792575634,0.6295891042880012,0,1.6398281942898518,0.30269802887825525,0
76.72000000000227,-0.8857270373614037,-0.5316367515198112,0.5453787099446389,0,1.636723232994581,0.25930198633152823,0
76.74000000000237,-0.8847380389511567,-0.5338534496788071,0.47644350359505233,0,1.6356321097913176,0.22314287825520696,0
76.76000000000246,-0.8824904554281682,-0.5380998201296359,0.3975580330615962,0,1.6336872328407583,0.18351879833138685,0
76.78000000000256,-0.8804115478028328,-0.5420608130265786,0.3194059900311595,0,1.6317036867995303,0.14243861517811918,0
76.80000000000265,-0.877510058622435,-0.5474334186866292,0.23376679435512687,0,1.6290404991465688,0.09797766415161058,0
76.82000000000275,-0.8725454064015206,-0.5524963968675118,0.15135539016789187,0,1.6243900610203137,0.05540914402557684,0
76.84000000000285,-0.8689616761033478,-0.5571890924690449,0.07144457071678612,0,1.6208994825921075,0.014045829997552772,0
76.86000000000294,-0.8689956322414891,-0.5628821189371301,-0.010918596529150218,0,1.6210292182068244,-0.029288411242495815,0
76.88000000000304,-0.8698764390887909,-0.568708926918239,-0.09090302163913132,0,1.6222236773954715,-0.07135255585599065,0
76.90000000000313,-0.8671635624701454,-0.5739177020157953,-0.16414422822629804,0,1.6200175409901012,-0.10896152173902052,0
76.92000000000323,-0.867313401120836,-0.578967060352835,-0.23125668650145967,0,1.6201844040235343,-0.14472314215960336,0
76.94000000000332,-0.8684229474798358,-0.5836716111084175,-0.2916667254955857,0,1.6216876487053624,-0.1765248902989489,0
76.96000000000342,-0.8691247010948271,-0.5882057826567578,-0.34423580241603785,0,1.6226629599365097,-0.20403638725432027,0
76.98000000000351,-0.8714650335777696,-0.5922058168104771,-0.38864391203774906,0,1.625186258193458,-0.22789638135558166,0
77.00000000000361,-0.8740193372764099,-0.5950648644637448,-0.42058094146958713,0,1.627962673704585,-0.24508874223697608,0
77.0200000000037,-0.8745786944319607,-0.5977888731575348,-0.4447613468227596,0,1.6288773914157437,-0.2577670441556146,0
77.0400000000038,-0.8751859381750832,-0.6000896280071131,-0.4594440296986617,0,1.629565067085531,-0.26623026113738657,0
77.0600000000039,-0.876027527564511,-0.601401879828927,-0.4616298606452388,0,1.6305449506695697,-0.2678777205107137,0
77.08000000000399,-0.8751659006944692,-0.6024092560862476,-0.4551945182044109,0,1.6297754651897525,-0.2655953888208096,0
77.10000000000409,-0.8754987993669588,-0.6027124572997503,-0.437754307807932,0,1.6300891808962152,-0.2572460169523838,0
77.12000000000418,-0.8759008849555088,-0.6022207651857536,-0.4095285603748371,0,1.6304754010637907,-0.24319399433128863,0
77.14000000000428,-0.8758981690494667,-0.60106153068657,-0.37177450676249457,0,1.6304114454440737,-0.22413918399557775,0
77.16000000000437,-0.8755853557507149,-0.5992140377741275,-0.3249939567981426,0,1.6299832106647318,-0.20032880885444215,0
77.18000000000447,-0.8741776434429723,-0.5967970652344765,-0.2705647124791916,0,1.6285051280085199,-0.17235901610636284,0
77.20000000000456,-0.8714940671098508,-0.5944823252017722,-0.21222477053399857,0,1.6256596865475565,-0.14256622657635987,0
77.22000000000466,-0.8704652889548261,-0.5916537352059233,-0.14745929399489985,0,1.624368299441754,-0.10965154145271794,0
77.24000000000476,-0.8704873676675209,-0.5888702014394788,-0.0795183321630636,0,1.6241231200921964,-0.07518034754788472,0
77.26000000000485,-0.8706189209406646,-0.5863638227119765,-0.010470328121453173,0,1.6241019849604965,-0.039464713108629645,0
77.28000000000495,-0.8698071832412478,-0.5846177687486227,0.05640076122562994,0,1.6232562975825986,-0.005256281133083407,0
77.30000000000504,-0.8696880569265096,-0.58408720081664,0.11841504163062398,0,1.6230054938882021,0.02582355712395734,0
77.32000000000514,-0.869812485622673,-0.5863372935805248,0.1668797682362469,0,1.6232824223792197,0.049916939354040846,0
77.34000000000523,-0.8691540412277211,-0.5918939022745598,0.1996201934342961,0,1.623021625097657,0.06517269627795996,0
77.36000000000533,-0.8689953188407518,-0.6021575437836827,0.20838341531507332,0,1.6235297911607736,0.06624897487591808,0
77.38000000000542,-0.8704149846744516,-0.6091864354121469,0.2294940143952499,0,1.6254808359068138,0.07450598762698268,0
77.40000000000552,-0.8707051241423415,-0.6151306063194373,0.25242986057160977,0,1.626313573646291,0.08380736186863436,0
77.42000000000561,-0.8714210858326294,-0.6177114916571683,0.287150863595955,0,1.6271861138365062,0.09983826002324059,0
77.44000000000571,-0.8722650081916804,-0.6164359965219127,0.3345868077823932,0,1.6279664950043111,0.1241394143750656,0
77.4600000000058,-0.8725019538551679,-0.610239922086826,0.39795377281887834,0,1.6276577271430555,0.15752450282488306,0
77.4800000000059,-0.8742811114578053,-0.6050399223874261,0.44913670204932943,0,1.628980519587905,0.18507807872797688,0
77.500000000006,-0.8754148529777425,-0.6005587618229641,0.4878414783727826,0,1.6298671448904325,0.20640140686549158,0
77.52000000000609,-0.8745166045357481,-0.5960213714636367,0.5186762099131855,0,1.6287410237284308,0.22303457160605666,0
77.54000000000619,-0.8741423317297546,-0.5909770176384317,0.5449758279233171,0,1.6279981047452208,0.23726070499848473,0
77.56000000000628,-0.8747467156873194,-0.5850724885711728,0.5680685263379822,0,1.6281065725761996,0.25140641056592195,0
77.58000000000638,-0.8764749640767547,-0.5775239762048849,0.5916052223462321,0,1.6293248089123673,0.26488214998505777,0
77.60000000000647,-0.8762797551886284,-0.5669843175749882,0.6229130544361121,0,1.6287041652286594,0.2835263233973939,0
77.62000000000657,-0.878707446611278,-0.5527186145894278,0.6625483666159666,0,1.6301649729121517,0.3079360299827707,0
77.64000000000667,-0.8823748219110537,-0.541743416274334,0.6802274121660059,0,1.633436688450219,0.3210955486147,0
77.66000000000676,-0.8854527014744749,-0.5328092851672155,0.6825515999560263,0,1.6361456713340419,0.3247050511937253,0
77.68000000000686,-0.8884507381623601,-0.5251740954394911,0.6738095638679501,0,1.6390352519521907,0.3236666332734308,0
77.70000000000695,-0.8877943774229102,-0.5222256777641736,0.637230392669395,0,1.6384509770654452,0.3074641403869163,0
77.72000000000705,-0.884535202690632,-0.5292890126490719,0.5457795450002677,0,1.6353456342853574,0.25990510980527715,0
77.74000000000714,-0.8841337832081565,-0.5313049360226246,0.47607194012051596,0,1.634996018268674,0.22422730893926301,0
77.76000000000724,-0.8818785399939643,-0.5361382545311294,0.39356934720742875,0,1.6330368246861657,0.18217274031603514,0
77.78000000000733,-0.8802604318991762,-0.5395308728546981,0.3178141741971403,0,1.6314090733813178,0.1425686328066622,0
77.80000000000743,-0.8773202340779538,-0.5452476423983067,0.2320898309715358,0,1.6286680055759826,0.09766800608493709,0
77.82000000000752,-0.8741120658683542,-0.5501323988720233,0.15092136201298925,0,1.6257694926303865,0.05654551105249106,0
77.84000000000762,-0.8729030964733382,-0.5548333104588469,0.07084836602922229,0,1.6246903504510197,0.014343121782598223,0
77.86000000000772,-0.8716242383517593,-0.5605294560554873,-0.011112150006590635,0,1.6237046298997768,-0.02840170141666465,0
77.88000000000781,-0.8691465712200868,-0.5664915146892665,-0.09210134325197365,0,1.621489289908419,-0.07079375139466992,0
77.9000000000079,-0.867205287443338,-0.5716424445304179,-0.16461933329344114,0,1.6199182441365152,-0.10855342640731602,0
77.920000000008,-0.8669168201248397,-0.5768115672590505,-0.2325613611530381,0,1.6197318936760836,-0.1443007721290439,0
77.9400000000081,-0.8697941814261272,-0.5812663750798781,-0.2908279854288551,0,1.6227805535985866,-0.17518304931980055,0
77.9600000000082,-0.8709885084235901,-0.5855771080666209,-0.3431584914094485,0,1.6243683041532742,-0.2027032631347947,0
77.98000000000829,-0.8729234209315992,-0.5893771437324453,-0.3865611078237219,0,1.626477612847991,-0.22601140029823874,0
78.00000000000838,-0.8736776248482313,-0.592669495689474,-0.42093561305309246,0,1.627551205495851,-0.2439313882444747,0
78.02000000000848,-0.87358082306289,-0.5954920159644792,-0.4457215541084233,0,1.6276388638205572,-0.25756318292660496,0
78.04000000000858,-0.8749659002767081,-0.5975691482900264,-0.45897203368148015,0,1.6291486657664438,-0.2652004431379402,0
78.06000000000867,-0.8750695499942142,-0.5992418585561138,-0.46290258630726205,0,1.6294434867523233,-0.2680461308333797,0
78.08000000000877,-0.8755867073704132,-0.600220122225704,-0.4559709535421178,0,1.6299857108449003,-0.265207741718128,0
78.10000000000886,-0.8761914994489096,-0.6002661028317847,-0.4372814311408714,0,1.6306148174906048,-0.25613001271669367,0
78.12000000000896,-0.8761354111214386,-0.5995780906560046,-0.4082885362110312,0,1.6305880320433763,-0.24200795316900647,0
78.14000000000905,-0.8744332242037872,-0.5987978850592648,-0.3728127566589108,0,1.6288201766037858,-0.22412005074000896,0
78.16000000000915,-0.87286541342725,-0.5976954736476036,-0.32966897552518104,0,1.627205898723609,-0.20211085969459264,0
78.18000000000924,-0.872538069637239,-0.5958996983469603,-0.27790939809211035,0,1.626670263582314,-0.1758356272903887,0
78.20000000000934,-0.8730457022867021,-0.5936580721789256,-0.21930301055370297,0,1.626993827057381,-0.14637901858596392,0
78.22000000000943,-0.8731195033268617,-0.5914599356895778,-0.15705318494212275,0,1.6269772409669414,-0.11471721247846345,0
78.24000000000953,-0.8725910697764669,-0.5893118408212491,-0.09176655518150989,0,1.6263540452401155,-0.08129515138773113,0
78.26000000000963,-0.8716227424250674,-0.5881398499363568,-0.029347489941355283,0,1.6252925459852074,-0.04939136030713498,0
78.28000000000972,-0.8708214371984866,-0.5885728488851861,0.027471018721187603,0,1.6244814679617963,-0.020941703679355328,0
78.30000000000982,-0.8697982758103293,-0.5910484003820093,0.07586450472697528,0,1.623664790755295,0.002977552865434774,0
78.32000000000991,-0.8687747714243196,-0.5979304465490172,0.10346494424289268,0,1.6230964069737306,0.014800903189120751,0
78.34000000001001,-0.8684800293157409,-0.608180858961754,0.11484478005044498,0,1.623462276554326,0.017710730293798216,0
78.3600000000101,-0.8701144998136442,-0.6149543226276754,0.14028370710996516,0,1.6255812174024638,0.028292918312028625,0
78.3800000000102,-0.8716544759201129,-0.6212813331262026,0.16586660205055934,0,1.6276710356715678,0.038865983325148123,0
78.4000000000103,-0.8740130469611298,-0.6249693182144654,0.19994788444397593,0,1.6304675489767728,0.05374976267828235,0
78.42000000001039,-0.873377321364633,-0.6173272961429842,0.28156159301298095,0,1.6292930708577664,0.09604030358858218,0
78.44000000001049,-0.873379902398629,-0.6085962661748446,0.3628205378314613,0,1.628477589665281,0.13981003102024658,0
78.46000000001058,-0.8744728233429687,-0.6012858449195069,0.42985113334505526,0,1.62897318337568,0.1757509098473471,0
78.48000000001068,-0.8755019792230788,-0.5938708128722286,0.4890510723814405,0,1.629492005682606,0.20775064245553776,0
78.50000000001077,-0.8744325477666669,-0.5851431625439134,0.5465867475192323,0,1.6279518301759037,0.23889588888071023,0
78.52000000001087,-0.8746210055244344,-0.5742501964457739,0.6066545217115976,0,1.627311516620922,0.2730009885193587,0
78.54000000001096,-0.8765256643385945,-0.5594452094681948,0.6778458509453736,0,1.6284476590043182,0.3126157956969393,0
78.56000000001106,-0.8783530544580928,-0.5476372701921602,0.7284645279175802,0,1.6296495140162375,0.34,0
78.58000000001115,-0.8793280050391711,-0.543808618887239,0.7360616178279762,0,1.630596934242413,0.34,0
78.60000000001125,-0.8793151246569851,-0.5426776944094447,0.7232209559239563,0,1.630470002301379,0.34,0
78.62000000001134,-0.8805823809751827,-0.5413257537961429,0.7023466653820694,0,1.6317166930072637,0.33312638351356183,0
78.64000000001144,-0.8819151390170362,-0.5383082024954136,0.6816270635863977,0,1.632879833762418,0.32324389799983955,0
78.66000000001154,-0.8843148481081677,-0.5332075632536694,0.6657583823640667,0,1.6351049109881455,0.3171595103625111,0
78.68000000001163,-0.8865144514749327,-0.5269401412892439,0.6513368288817706,0,1.6370343081719472,0.3114043596701894,0
78.70000000001173,-0.8890098036475311,-0.5205653939743721,0.6339790570667788,0,1.6394172827430042,0.30509533332855443,0
78.72000000001182,-0.8862680392975808,-0.5241387669084732,0.5617612988945788,0,1.637086023038025,0.26978919603069995,0
78.74000000001192,-0.8817755552033418,-0.5308088796792136,0.47021074947485636,0,1.6327321505224877,0.22153388712927868,0
78.76000000001201,-0.8808895659115455,-0.531909227565404,0.4033263667408185,0,1.6317670585300073,0.18775111363964925,0
78.78000000001211,-0.8788762845460834,-0.5385545036390819,0.3113026461726289,0,1.6300511387412875,0.13998119313619029,0
78.8000000000122,-0.8782771958753985,-0.5421908550165063,0.23396501454762847,0,1.6294971638755804,0.09990106665272602,0
78.8200000000123,-0.8750704402162389,-0.5474065576765346,0.15088211260836712,0,1.6266866479114122,0.056186051963782235,0
78.8400000000124,-0.8709501030662042,-0.5530785509695199,0.06824655081884608,0,1.6227552420055276,0.013850519511828807,0
78.86000000001249,-0.8669884130569392,-0.5584357935671335,-0.012277978318668016,0,1.6190766077183973,-0.028383556161289736,0
78.88000000001259,-0.8650996407077521,-0.563561104904349,-0.08951227604561496,0,1.6173195329469312,-0.06898358030098328,0
78.90000000001268,-0.8635853408059548,-0.5691686950695395,-0.16447947768001686,0,1.6159056975185149,-0.10839174224924086,0
78.92000000001278,-0.865789082670751,-0.574180604054403,-0.23215166714542132,0,1.6184627880121942,-0.14318594521307104,0
78.94000000001287,-0.8677170598619448,-0.5797500164691876,-0.29629157504689174,0,1.6206315084388503,-0.1771445230777089,0
78.96000000001297,-0.8711454642926846,-0.5841173891733059,-0.3485224184966821,0,1.624327630130308,-0.20493830860618578,0
78.98000000001306,-0.873765584662169,-0.5877234168566374,-0.390559350723783,0,1.6272199617855856,-0.22740570729330933,0
79.00000000001316,-0.8754495911391839,-0.5904832797229025,-0.42174870356970473,0,1.6291207639954346,-0.24418045917089315,0
79.02000000001325,-0.8757040630743514,-0.5929135748794145,-0.4444166234260024,0,1.6297068988939392,-0.25602576412810363,0
79.04000000001335,-0.8755615839236099,-0.5952929036871677,-0.4594538204336678,0,1.629617874517665,-0.26469807596872785,0
79.06000000001345,-0.8760960887280491,-0.5967510821444475,-0.462711715155255,0,1.6303330337268709,-0.26738446356882006,0
79.08000000001354,-0.8756924858652865,-0.5976091519992193,-0.45523494182730784,0,1.6299154855782465,-0.26414221514735026,0
79.10000000001364,-0.8761447214716551,-0.5976143527291173,-0.43629650057539576,0,1.6303593553567859,-0.2551101140483496,0
79.12000000001373,-0.8753081449424192,-0.5973178293112641,-0.409723898986791,0,1.6296202038560923,-0.24189692476273206,0
79.14000000001383,-0.8746680091831545,-0.5962934953243761,-0.3726945921821642,0,1.6288259099282165,-0.22315536854883788,0
79.16000000001392,-0.874794853879741,-0.5944597785861406,-0.3259537539795243,0,1.6288324230382871,-0.19934956291229122,0
79.18000000001402,-0.8747452426883167,-0.5918499157995863,-0.2703488244137688,0,1.6286175092293806,-0.1708321971523301,0
79.20000000001411,-0.8738063367478155,-0.5889581393505837,-0.20925301009406616,0,1.6275350327702385,-0.13969660648397952,0
79.22000000001421,-0.8733809844457224,-0.585314477822764,-0.1409004335270597,0,1.6268205286270006,-0.10442593033166259,0
79.2400000000143,-0.8731333672626185,-0.5814199873168177,-0.06816622981038252,0,1.626337091925067,-0.06715740770465728,0
79.2600000000144,-0.8725135432066488,-0.5773328573745499,0.007721080749940242,0,1.625474860673373,-0.02776732662394199,0
79.2800000000145,-0.8724502696829266,-0.5731932863101559,0.08519797640759216,0,1.625124891073392,0.012013399769284394,0
79.30000000001459,-0.8732189149852984,-0.5688092511063438,0.16436188109719127,0,1.6256343544705023,0.053100895994062425,0
79.32000000001469,-0.8729858288814565,-0.5647352895079389,0.24182088781196828,0,1.625235173144974,0.09253052798742312,0
79.34000000001478,-0.870703444309091,-0.5624037730295505,0.30995034973443286,0,1.6228522277542152,0.12813865139799252,0
79.36000000001488,-0.8719280629246103,-0.561209088767409,0.3707653478871716,0,1.6238416247710397,0.15881377848522837,0
79.38000000001497,-0.8730509260747199,-0.5622535367895575,0.4185356824544012,0,1.62505091614186,0.18288063764540663,0
79.40000000001507,-0.8729110980917826,-0.5667949500174162,0.4461413877812509,0,1.625274794445418,0.19602841197772425,0
79.42000000001516,-0.8715706869025496,-0.5763673538972225,0.44646455407025604,0,1.6245171591975422,0.19462321811280447,0
79.44000000001526,-0.8704618838644519,-0.5849287964740432,0.4456815834958818,0,1.6237697381055525,0.19032118704311296,0
79.46000000001536,-0.8719007030669459,-0.5885839394161438,0.46259541728698567,0,1.6253921297763954,0.1971816476536774,0
79.48000000001545,-0.8735048052344155,-0.5851449646858041,0.5075914138699943,0,1.6268568507927224,0.21987806981227975,0
79.50000000001555,-0.8754443131293469,-0.5764115624643561,0.5703360567971059,0,1.6283197906971631,0.2533226100855783,0
79.52000000001564,-0.8764003212223634,-0.5639815332397082,0.6415257291151414,0,1.62854642790421,0.29337023582108523,0
79.54000000001574,-0.8779347769209608,-0.5504161251114383,0.7075047099723245,0,1.6293361266512831,0.33112562366039056,0
79.56000000001583,-0.8801838577237371,-0.5457871611255722,0.7227696167077755,0,1.631437631506601,0.34,0
79.58000000001593,-0.8811454404580723,-0.5462903869738681,0.7064365195619031,0,1.6324932051642316,0.33308205301442007,0
79.60000000001602,-0.8800980459615533,-0.5468448697703165,0.6830976735781096,0,1.6315180281502206,0.3213339430010147,0
79.62000000001612,-0.880627015965964,-0.5460918935516116,0.6599268275084358,0,1.6319130890274478,0.3104232379049652,0
79.64000000001622,-0.8809864351501552,-0.5444229296215023,0.6362950368882953,0,1.6322332948953004,0.29880505831098825,0
79.66000000001631,-0.8817454447798396,-0.5419493048164745,0.6106206900374894,0,1.6329143447489307,0.28671486848988326,0
79.6800000000164,-0.8830997856263202,-0.5374802515289594,0.5883276827330194,0,1.6340041133402303,0.2766302269205525,0
79.7000000000165,-0.8837497284989853,-0.5307876974717904,0.5712647737156725,0,1.6344402517344336,0.2699262781886771,0
79.7200000000166,-0.8867667331534379,-0.5221002673007551,0.5593308511545616,0,1.6370969126004828,0.26671888059097015,0
79.74000000001669,-0.886387835714107,-0.5212585086945679,0.505520707990619,0,1.637019240407404,0.24241233096420256,0
79.76000000001679,-0.8813346760219825,-0.5298928259133007,0.4018801711369415,0,1.6324886615535332,0.18880500697784308,0
79.78000000001688,-0.8772437831596506,-0.5356329927797567,0.31141186733875853,0,1.6281914455881958,0.13995603354280273,0
79.80000000001698,-0.8758476711206816,-0.5383403438016577,0.2376935495212648,0,1.6269487101356397,0.10291859041374685,0
79.82000000001707,-0.8735841086312991,-0.5459423109300275,0.1430792171193036,0,1.6249271416803495,0.053286052544567086,0
79.84000000001717,-0.8729015265269237,-0.5494441002410079,0.06958616355940532,0,1.6244383631313075,0.015414476005836564,0
79.86000000001727,-0.871267898227232,-0.5556079197712057,-0.013953336055284028,0,1.6229580384940754,-0.028792426985985387,0
79.88000000001736,-0.8691253126201965,-0.5616221287722928,-0.09313803948067903,0,1.6212707824314705,-0.07004312022845527,0
79.90000000001746,-0.8695695105761695,-0.565934138828062,-0.16218530795136615,0,1.6218393667927509,-0.10587364571394575,0
79.92000000001755,-0.868215413552365,-0.5725219945520569,-0.23675833263856727,0,1.6208564358317925,-0.14485297449234502,0
79.94000000001765,-0.8703282734943595,-0.5780542819328892,-0.30079643877629947,0,1.623149163196194,-0.17897125437838168,0
79.96000000001774,-0.8728770390700095,-0.5826422663847046,-0.35416579069165055,0,1.625998413966628,-0.20735340213783293,0
79.98000000001784,-0.8746514047135805,-0.5866795923569548,-0.3982320162048482,0,1.6280634201348654,-0.23087365030213158,0
80.00000000001793,-0.8757953861332513,-0.5902974887051142,-0.4333597619046991,0,1.6294721439354005,-0.24975397386040132,0
