2025-12-23 06:43:53.978: [INFO][Sync] Reset engine, reason: 8
2025-12-23 06:43:53.979: [INFO][Sync] Stopped: Bookmarks
2025-12-23 06:43:53.979: [INFO][Sync] Stopped: Preferences
2025-12-23 06:43:53.979: [INFO][Sync] Stopped: Passwords
2025-12-23 06:43:53.979: [INFO][Sync] Stopped: Autofill Profiles
2025-12-23 06:43:53.979: [INFO][Sync] Stopped: Autofill
2025-12-23 06:43:53.979: [INFO][Sync] Stopped: Extensions
2025-12-23 06:43:53.979: [INFO][Sync] Stopped: Sessions
2025-12-23 06:43:53.979: [INFO][Sync] Stopped: Extension settings
2025-12-23 06:43:53.979: [INFO][Sync] Stopped: History Delete Directives
2025-12-23 06:43:53.979: [INFO][Sync] Stopped: Device Info
2025-12-23 06:43:53.979: [INFO][Sync] Stopped: User Consents
2025-12-23 06:43:53.979: [INFO][Sync] Stopped: Send Tab To Self
2025-12-23 06:43:53.979: [INFO][Sync] Stopped: Web Apps
2025-12-23 06:43:53.979: [INFO][Sync] Stopped: History
2025-12-23 06:43:53.979: [INFO][Sync] Stopped: Saved Tab Group
2025-12-23 06:43:53.979: [INFO][Sync] Stopped: WebAuthn Credentials
2025-12-23 06:43:53.979: [INFO][Sync] Stopped: Collection
2025-12-23 06:43:53.979: [INFO][Sync] Stopped: Edge E Drop
2025-12-23 06:43:53.979: [INFO][Sync] Stopped: Edge Hub App Usage
2025-12-23 06:43:53.979: [INFO][Sync] Stopped: Edge Wallet
2025-12-23 06:43:53.979: [INFO][Sync] SyncState after authenticated was: NotSignedIn
2025-12-23 06:43:54.217: [INFO][Sync] Reset engine, reason: 8
2025-12-23 06:43:54.217: [INFO][Sync] Stopped: Bookmarks
2025-12-23 06:43:54.218: [INFO][Sync] Stopped: Preferences
2025-12-23 06:43:54.218: [INFO][Sync] Stopped: Passwords
2025-12-23 06:43:54.218: [INFO][Sync] Stopped: Autofill Profiles
2025-12-23 06:43:54.218: [INFO][Sync] Stopped: Autofill
2025-12-23 06:43:54.218: [INFO][Sync] Stopped: Extensions
2025-12-23 06:43:54.218: [INFO][Sync] Stopped: Sessions
2025-12-23 06:43:54.218: [INFO][Sync] Stopped: Extension settings
2025-12-23 06:43:54.218: [INFO][Sync] Stopped: History Delete Directives
2025-12-23 06:43:54.218: [INFO][Sync] Stopped: Device Info
2025-12-23 06:43:54.218: [INFO][Sync] Stopped: User Consents
2025-12-23 06:43:54.218: [INFO][Sync] Stopped: Send Tab To Self
2025-12-23 06:43:54.218: [INFO][Sync] Stopped: Web Apps
2025-12-23 06:43:54.218: [INFO][Sync] Stopped: History
2025-12-23 06:43:54.218: [INFO][Sync] Stopped: Saved Tab Group
2025-12-23 06:43:54.218: [INFO][Sync] Stopped: WebAuthn Credentials
2025-12-23 06:43:54.218: [INFO][Sync] Stopped: Collection
2025-12-23 06:43:54.218: [INFO][Sync] Stopped: Edge E Drop
2025-12-23 06:43:54.218: [INFO][Sync] Stopped: Edge Hub App Usage
2025-12-23 06:43:54.218: [INFO][Sync] Stopped: Edge Wallet
2025-12-23 06:43:55.769: [INFO][Sync] Try to start sync engine
2025-12-23 06:43:55.770: [INFO][SyncManagerImpl::NudgeForInitialDownload] Initial download nudge for Encryption Keys
2025-12-23 06:43:55.770: [INFO][SyncEngineBackend::LoadAndConnectNigoriController] Load and connect Nigori controller
2025-12-23 06:43:55.770: [INFO][SyncEngineBackend::DoInitialize] Control Types added: Encryption Keys
2025-12-23 06:43:55.770: [INFO][SyncManagerImpl::ConfigureSyncer] Types to download: Encryption Keys with reason: 3
2025-12-23 06:43:55.770: [INFO][SyncSchedulerImpl::DoConfigurationSyncCycleJob] Configure job was blocked
2025-12-23 06:43:56.426: [INFO][SyncAuthManager::SetLastAuthError] Current auth error: None
2025-12-23 06:43:56.426: [INFO][SyncAuthManager::EdgeLogTokenErrorState] Token error with: None for account type: MSA
2025-12-23 06:43:56.426: [INFO][Sync] Credentials changed for: EdgeSyncScopeNew
2025-12-23 06:43:56.952: [INFO][SyncAuthManager::SetLastAuthError] Current auth error: None
2025-12-23 06:43:56.952: [INFO][SyncAuthManager::EdgeLogTokenErrorState] Token error with: None for account type: MSA
2025-12-23 06:43:56.952: [INFO][Sync] Credentials changed for: EdgeSyncKeyDataScope
2025-12-23 06:43:56.952: [INFO][SyncEngineBackend::DoUpdateKeyDataCredentials] Update key data credentials
2025-12-23 06:43:56.952: [INFO][SyncEngineBackend::DoUpdateCredentials] Update credentials
2025-12-23 06:43:56.952: [INFO][SyncSchedulerImpl::DoConfigurationSyncCycleJob] Blocked types:  and types to download: Encryption Keys
2025-12-23 06:43:57.401: [INFO][Sync] Started DataTypeManager configuration, reason: 4
2025-12-23 06:43:57.401: [INFO][Sync] Configuring for: Bookmarks, Preferences, Passwords, Autofill Profiles, Autofill, Extensions, Sessions, Extension settings, History Delete Directives, Device Info, User Consents, Send Tab To Self, Web Apps, History, Saved Tab Group, WebAuthn Credentials, Collection, Edge E Drop, Edge Hub App Usage, Edge Wallet, Encryption Keys, reason: 3, current state: 0
2025-12-23 06:43:57.401: [WARN][Sync] Crypto error data types: Passwords, Autofill Profiles, Autofill
2025-12-23 06:43:57.402: [INFO][Sync] Configure, desired: Bookmarks, Preferences, Extensions, Sessions, Extension settings, History Delete Directives, Device Info, User Consents, Send Tab To Self, Web Apps, History, Saved Tab Group, WebAuthn Credentials, Collection, Edge E Drop, Edge Hub App Usage, Edge Wallet, Encryption Keys; Allow fail: Passwords, Autofill Profiles, Autofill
2025-12-23 06:43:57.402: [INFO][Sync] Loading: Bookmarks
2025-12-23 06:43:57.402: [INFO][Sync] Loading: Preferences
2025-12-23 06:43:57.402: [INFO][Sync] Loading: Extensions
2025-12-23 06:43:57.402: [INFO][Sync] Loading: Sessions
2025-12-23 06:43:57.402: [INFO][Sync] Loading: Extension settings
2025-12-23 06:43:57.402: [INFO][Sync] Loading: History Delete Directives
2025-12-23 06:43:57.402: [INFO][Sync] Loading: Device Info
2025-12-23 06:43:57.402: [INFO][Sync] Loading: User Consents
2025-12-23 06:43:57.402: [INFO][Sync] Loading: Send Tab To Self
2025-12-23 06:43:57.402: [INFO][Sync] Loading: Web Apps
2025-12-23 06:43:57.402: [INFO][Sync] Loading: History
2025-12-23 06:43:57.402: [INFO][Sync] Loading: Saved Tab Group
2025-12-23 06:43:57.402: [INFO][Sync] Loading: WebAuthn Credentials
2025-12-23 06:43:57.402: [INFO][Sync] Loading: Collection
2025-12-23 06:43:57.402: [INFO][Sync] Loading: Edge E Drop
2025-12-23 06:43:57.402: [INFO][Sync] Loading: Edge Hub App Usage
2025-12-23 06:43:57.403: [INFO][Sync] Loading: Edge Wallet
2025-12-23 06:43:57.404: [INFO][Sync] All data types are ready for configure.
2025-12-23 06:43:57.937: [INFO][Sync] Started DataTypeManager configuration, reason: 5
2025-12-23 06:43:57.937: [INFO][Sync] Configuring for: Bookmarks, Preferences, Passwords, Autofill Profiles, Autofill, Extensions, Sessions, Extension settings, History Delete Directives, Device Info, User Consents, Send Tab To Self, Web Apps, History, Saved Tab Group, WebAuthn Credentials, Collection, Edge E Drop, Edge Hub App Usage, Edge Wallet, Encryption Keys, reason: 5, current state: 1
2025-12-23 06:43:57.937: [INFO][SyncEngineBackend::DoStartConfiguration] Start configuration
2025-12-23 06:43:57.937: [INFO][SyncManagerImpl::NudgeForInitialDownload] Initial download nudge for Bookmarks
2025-12-23 06:43:57.937: [INFO][SyncManagerImpl::NudgeForInitialDownload] Initial download nudge for Preferences
2025-12-23 06:43:57.937: [INFO][SyncManagerImpl::NudgeForInitialDownload] Initial download nudge for Extensions
2025-12-23 06:43:57.937: [INFO][SyncManagerImpl::NudgeForInitialDownload] Initial download nudge for Sessions
2025-12-23 06:43:57.937: [INFO][SyncManagerImpl::NudgeForInitialDownload] Initial download nudge for Extension settings
2025-12-23 06:43:57.937: [INFO][SyncManagerImpl::NudgeForInitialDownload] Initial download nudge for History Delete Directives
2025-12-23 06:43:57.937: [INFO][SyncManagerImpl::NudgeForInitialDownload] Initial download nudge for Device Info
2025-12-23 06:43:57.937: [INFO][SyncManagerImpl::NudgeForInitialDownload] Initial download nudge for Send Tab To Self
2025-12-23 06:43:57.937: [INFO][SyncManagerImpl::NudgeForInitialDownload] Initial download nudge for Web Apps
2025-12-23 06:43:57.937: [INFO][SyncManagerImpl::NudgeForInitialDownload] Initial download nudge for History
2025-12-23 06:43:57.937: [INFO][SyncManagerImpl::NudgeForInitialDownload] Initial download nudge for Saved Tab Group
2025-12-23 06:43:57.937: [INFO][SyncManagerImpl::NudgeForInitialDownload] Initial download nudge for WebAuthn Credentials
2025-12-23 06:43:57.937: [INFO][SyncManagerImpl::NudgeForInitialDownload] Initial download nudge for Collection
2025-12-23 06:43:57.937: [INFO][SyncManagerImpl::NudgeForInitialDownload] Initial download nudge for Edge E Drop
2025-12-23 06:43:57.937: [INFO][SyncManagerImpl::NudgeForInitialDownload] Initial download nudge for Edge Hub App Usage
2025-12-23 06:43:57.937: [INFO][SyncManagerImpl::NudgeForInitialDownload] Initial download nudge for Edge Wallet
2025-12-23 06:43:57.937: [INFO][SyncManagerImpl::ConfigureSyncer] Types to download:  with reason: 3
2025-12-23 06:43:57.937: [INFO][SyncEngineBackend::DoFinishConfigureDataTypes] Failed to download types:  and succeeded types: 
2025-12-23 06:43:57.938: [INFO][Sync] ConfigurationDone, failed: , succeeded: , remaining count: 4
2025-12-23 06:43:57.938: [WARN][Sync]     Reconfigure requested while configuration ongoing.
2025-12-23 06:43:57.938: [INFO][Sync] Configuring for: Bookmarks, Preferences, Passwords, Autofill Profiles, Autofill, Extensions, Sessions, Extension settings, History Delete Directives, Device Info, User Consents, Send Tab To Self, Web Apps, History, Saved Tab Group, WebAuthn Credentials, Collection, Edge E Drop, Edge Hub App Usage, Edge Wallet, Encryption Keys, reason: 5, current state: 2
2025-12-23 06:43:57.938: [INFO][Sync] Configure, desired: Bookmarks, Preferences, Passwords, Autofill Profiles, Autofill, Extensions, Sessions, Extension settings, History Delete Directives, Device Info, User Consents, Send Tab To Self, Web Apps, History, Saved Tab Group, WebAuthn Credentials, Collection, Edge E Drop, Edge Hub App Usage, Edge Wallet, Encryption Keys; Allow fail: 
2025-12-23 06:43:57.938: [INFO][Sync] Loading: Passwords
2025-12-23 06:43:57.938: [INFO][Sync] Loading: Autofill Profiles
2025-12-23 06:43:57.938: [INFO][Sync] Loading: Autofill
2025-12-23 06:43:57.938: [INFO][Sync] All data types are ready for configure.
2025-12-23 06:43:57.938: [INFO][SyncManagerImpl::NudgeForInitialDownload] Initial download nudge for Passwords
2025-12-23 06:43:57.938: [INFO][SyncManagerImpl::NudgeForInitialDownload] Initial download nudge for Autofill Profiles
2025-12-23 06:43:57.938: [INFO][SyncManagerImpl::NudgeForInitialDownload] Initial download nudge for Autofill
2025-12-23 06:43:57.938: [INFO][SyncManagerImpl::ConfigureSyncer] Types to download:  with reason: 5
2025-12-23 06:43:57.938: [INFO][SyncEngineBackend::DoFinishConfigureDataTypes] Failed to download types:  and succeeded types: 
2025-12-23 06:43:57.938: [INFO][Sync] ConfigurationDone, failed: , succeeded: , remaining count: 4
2025-12-23 06:43:57.938: [INFO][Sync] Prepare to configure types: Preferences, Passwords, Device Info, Send Tab To Self, Edge E Drop, Encryption Keys
2025-12-23 06:43:57.938: [INFO][SyncManagerImpl::ConfigureSyncer] Types to download: Preferences, Passwords, Device Info, Send Tab To Self, Edge E Drop, Encryption Keys with reason: 5
2025-12-23 06:43:57.938: [INFO][SyncSchedulerImpl::DoConfigurationSyncCycleJob] Blocked types:  and types to download: Preferences, Passwords, Device Info, Send Tab To Self, Edge E Drop, Encryption Keys
2025-12-23 06:43:58.366: [INFO][SyncEngineBackend::DoFinishConfigureDataTypes] Failed to download types:  and succeeded types: Preferences, Passwords, Device Info, Send Tab To Self, Edge E Drop, Encryption Keys
2025-12-23 06:43:58.367: [INFO][Sync] ConfigurationDone, failed: , succeeded: Preferences, Passwords, Device Info, Send Tab To Self, Edge E Drop, Encryption Keys, remaining count: 3
2025-12-23 06:43:58.367: [INFO][Sync] Prepare to configure types: Bookmarks, Encryption Keys
2025-12-23 06:43:58.367: [INFO][SyncManagerImpl::ConfigureSyncer] Types to download: Bookmarks, Encryption Keys with reason: 5
2025-12-23 06:43:58.367: [INFO][SyncSchedulerImpl::DoConfigurationSyncCycleJob] Blocked types:  and types to download: Bookmarks, Encryption Keys
2025-12-23 06:43:58.616: [INFO][SyncEngineBackend::DoFinishConfigureDataTypes] Failed to download types:  and succeeded types: Bookmarks, Encryption Keys
2025-12-23 06:43:58.617: [INFO][Sync] ConfigurationDone, failed: , succeeded: Bookmarks, Encryption Keys, remaining count: 2
2025-12-23 06:43:58.617: [INFO][Sync] Prepare to configure types: Autofill Profiles, Autofill, Extensions, Sessions, Extension settings, History Delete Directives, Web Apps, Saved Tab Group, WebAuthn Credentials, Collection, Edge Hub App Usage, Edge Wallet, Encryption Keys
2025-12-23 06:43:58.617: [INFO][SyncManagerImpl::ConfigureSyncer] Types to download: Autofill Profiles, Autofill, Extensions, Sessions, Extension settings, History Delete Directives, Web Apps, Saved Tab Group, WebAuthn Credentials, Collection, Edge Hub App Usage, Edge Wallet, Encryption Keys with reason: 5
2025-12-23 06:43:58.617: [INFO][SyncSchedulerImpl::DoConfigurationSyncCycleJob] Blocked types:  and types to download: Autofill Profiles, Autofill, Extensions, Sessions, Extension settings, History Delete Directives, Web Apps, Saved Tab Group, WebAuthn Credentials, Collection, Edge Hub App Usage, Edge Wallet, Encryption Keys
2025-12-23 06:43:59.570: [INFO][SyncEngineBackend::DoFinishConfigureDataTypes] Failed to download types:  and succeeded types: Autofill Profiles, Autofill, Extensions, Sessions, Extension settings, History Delete Directives, Web Apps, Saved Tab Group, WebAuthn Credentials, Collection, Edge Hub App Usage, Edge Wallet, Encryption Keys
2025-12-23 06:43:59.575: [INFO][Sync] ConfigurationDone, failed: , succeeded: Autofill Profiles, Autofill, Extensions, Sessions, Extension settings, History Delete Directives, Web Apps, Saved Tab Group, WebAuthn Credentials, Collection, Edge Hub App Usage, Edge Wallet, Encryption Keys, remaining count: 1
2025-12-23 06:43:59.576: [INFO][Sync] Prepare to configure types: History, Encryption Keys
2025-12-23 06:43:59.576: [INFO][SyncManagerImpl::ConfigureSyncer] Types to download: History, Encryption Keys with reason: 5
2025-12-23 06:43:59.576: [INFO][SyncSchedulerImpl::DoConfigurationSyncCycleJob] Blocked types:  and types to download: History, Encryption Keys
2025-12-23 06:44:01.393: [INFO][SyncEngineBackend::DoFinishConfigureDataTypes] Failed to download types:  and succeeded types: History, Encryption Keys
2025-12-23 06:44:01.394: [INFO][Sync] ConfigurationDone, failed: , succeeded: History, Encryption Keys, remaining count: 0
2025-12-23 06:44:01.395: [INFO][Sync]     Configuration completed, state: 7
2025-12-23 06:44:01.395: [INFO][Sync] Configured DataTypeManager: Ok
2025-12-23 06:44:01.397: [INFO][SyncEngineBackend::DoStartSyncing] Start syncing
2025-12-23 06:49:08.229: [INFO][Sync] Reset engine, reason: 0
2025-12-23 06:49:08.229: [INFO][Sync] Reset engine with reason: 0
2025-12-23 06:50:01.504: [INFO][Sync] SyncState after authenticated was: FeatureCanStart
2025-12-23 06:50:02.902: [INFO][SyncAuthManager::SetLastAuthError] Current auth error: None
2025-12-23 06:50:02.902: [INFO][SyncAuthManager::EdgeLogTokenErrorState] Token error with: None for account type: MSA
2025-12-23 06:50:02.902: [INFO][Sync] Credentials changed for: EdgeSyncKeyDataScope
2025-12-23 06:50:06.511: [INFO][Sync] Try to start sync engine
2025-12-23 06:50:06.575: [INFO][SyncManagerImpl::NudgeForInitialDownload] Initial download nudge for Encryption Keys
2025-12-23 06:50:06.575: [INFO][SyncEngineBackend::LoadAndConnectNigoriController] Load and connect Nigori controller
2025-12-23 06:50:06.575: [INFO][SyncEngineBackend::DoInitialize] Control Types added: Encryption Keys
2025-12-23 06:50:06.575: [INFO][SyncManagerImpl::ConfigureSyncer] Types to download: Encryption Keys with reason: 3
2025-12-23 06:50:06.575: [INFO][SyncEngineBackend::DoUpdateKeyDataCredentials] Update key data credentials
2025-12-23 06:50:06.575: [INFO][SyncSchedulerImpl::DoConfigurationSyncCycleJob] Configure job was blocked
2025-12-23 06:50:06.591: [INFO][SyncAuthManager::SetLastAuthError] Current auth error: None
2025-12-23 06:50:06.591: [INFO][SyncAuthManager::EdgeLogTokenErrorState] Token error with: None for account type: MSA
2025-12-23 06:50:06.591: [INFO][Sync] Credentials changed for: EdgeSyncScopeNew
2025-12-23 06:50:06.591: [INFO][SyncEngineBackend::DoUpdateCredentials] Update credentials
2025-12-23 06:50:06.591: [INFO][SyncSchedulerImpl::DoConfigurationSyncCycleJob] Blocked types:  and types to download: Encryption Keys
2025-12-23 06:50:06.958: [INFO][SyncEngineBackend::DoUpdateKeyDataCredentials] Update key data credentials
2025-12-23 06:50:06.964: [INFO][Sync] Started DataTypeManager configuration, reason: 4
2025-12-23 06:50:06.964: [INFO][Sync] Configuring for: Bookmarks, Preferences, Passwords, Autofill Profiles, Autofill, Extensions, Sessions, Extension settings, History Delete Directives, Device Info, User Consents, Send Tab To Self, Web Apps, History, Saved Tab Group, WebAuthn Credentials, Collection, Edge E Drop, Edge Hub App Usage, Edge Wallet, Encryption Keys, reason: 4, current state: 0
2025-12-23 06:50:06.964: [WARN][Sync] Crypto error data types: Passwords, Autofill Profiles, Autofill
2025-12-23 06:50:06.965: [INFO][Sync] Configure, desired: Bookmarks, Preferences, Extensions, Sessions, Extension settings, History Delete Directives, Device Info, User Consents, Send Tab To Self, Web Apps, History, Saved Tab Group, WebAuthn Credentials, Collection, Edge E Drop, Edge Hub App Usage, Edge Wallet, Encryption Keys; Allow fail: Passwords, Autofill Profiles, Autofill
2025-12-23 06:50:06.965: [INFO][Sync] Loading: Bookmarks
2025-12-23 06:50:06.965: [INFO][Sync] Loading: Preferences
2025-12-23 06:50:06.965: [INFO][Sync] Loading: Extensions
2025-12-23 06:50:06.965: [INFO][Sync] Loading: Sessions
2025-12-23 06:50:06.965: [INFO][Sync] Loading: Extension settings
2025-12-23 06:50:06.965: [INFO][Sync] Loading: History Delete Directives
2025-12-23 06:50:06.965: [INFO][Sync] Loading: Device Info
2025-12-23 06:50:06.965: [INFO][Sync] Loading: User Consents
2025-12-23 06:50:06.965: [INFO][Sync] Loading: Send Tab To Self
2025-12-23 06:50:06.965: [INFO][Sync] Loading: Web Apps
2025-12-23 06:50:06.965: [INFO][Sync] Loading: History
2025-12-23 06:50:06.965: [INFO][Sync] Loading: Saved Tab Group
2025-12-23 06:50:06.965: [INFO][Sync] Loading: WebAuthn Credentials
2025-12-23 06:50:06.965: [INFO][Sync] Loading: Collection
2025-12-23 06:50:06.965: [INFO][Sync] Loading: Edge E Drop
2025-12-23 06:50:06.965: [INFO][Sync] Loading: Edge Hub App Usage
2025-12-23 06:50:06.965: [INFO][Sync] Loading: Edge Wallet
2025-12-23 06:50:06.974: [INFO][Sync] All data types are ready for configure.
2025-12-23 06:50:07.502: [INFO][SyncEngineBackend::DoStartConfiguration] Start configuration
2025-12-23 06:50:07.502: [INFO][SyncManagerImpl::ConfigureSyncer] Types to download:  with reason: 4
2025-12-23 06:50:07.502: [INFO][SyncEngineBackend::DoFinishConfigureDataTypes] Failed to download types:  and succeeded types: 
2025-12-23 06:50:07.502: [INFO][Sync] Started DataTypeManager configuration, reason: 5
2025-12-23 06:50:07.502: [INFO][Sync] Configuring for: Bookmarks, Preferences, Passwords, Autofill Profiles, Autofill, Extensions, Sessions, Extension settings, History Delete Directives, Device Info, User Consents, Send Tab To Self, Web Apps, History, Saved Tab Group, WebAuthn Credentials, Collection, Edge E Drop, Edge Hub App Usage, Edge Wallet, Encryption Keys, reason: 5, current state: 1
2025-12-23 06:50:07.503: [INFO][Sync] ConfigurationDone, failed: , succeeded: , remaining count: 4
2025-12-23 06:50:07.503: [WARN][Sync]     Reconfigure requested while configuration ongoing.
2025-12-23 06:50:07.503: [INFO][Sync] Configuring for: Bookmarks, Preferences, Passwords, Autofill Profiles, Autofill, Extensions, Sessions, Extension settings, History Delete Directives, Device Info, User Consents, Send Tab To Self, Web Apps, History, Saved Tab Group, WebAuthn Credentials, Collection, Edge E Drop, Edge Hub App Usage, Edge Wallet, Encryption Keys, reason: 5, current state: 2
2025-12-23 06:50:07.503: [INFO][Sync] Configure, desired: Bookmarks, Preferences, Passwords, Autofill Profiles, Autofill, Extensions, Sessions, Extension settings, History Delete Directives, Device Info, User Consents, Send Tab To Self, Web Apps, History, Saved Tab Group, WebAuthn Credentials, Collection, Edge E Drop, Edge Hub App Usage, Edge Wallet, Encryption Keys; Allow fail: 
2025-12-23 06:50:07.503: [INFO][Sync] Loading: Passwords
2025-12-23 06:50:07.503: [INFO][Sync] Loading: Autofill Profiles
2025-12-23 06:50:07.503: [INFO][Sync] Loading: Autofill
2025-12-23 06:50:07.503: [INFO][Sync] All data types are ready for configure.
2025-12-23 06:50:07.503: [INFO][SyncManagerImpl::NudgeForInitialDownload] Initial download nudge for Passwords
2025-12-23 06:50:07.503: [INFO][SyncManagerImpl::ConfigureSyncer] Types to download:  with reason: 5
2025-12-23 06:50:07.503: [INFO][SyncEngineBackend::DoFinishConfigureDataTypes] Failed to download types:  and succeeded types: 
2025-12-23 06:50:07.504: [INFO][Sync] ConfigurationDone, failed: , succeeded: , remaining count: 4
2025-12-23 06:50:07.504: [INFO][Sync] Prepare to configure types: Passwords, Encryption Keys
2025-12-23 06:50:07.504: [INFO][SyncManagerImpl::ConfigureSyncer] Types to download: Passwords, Encryption Keys with reason: 5
2025-12-23 06:50:07.504: [INFO][SyncSchedulerImpl::DoConfigurationSyncCycleJob] Blocked types:  and types to download: Passwords, Encryption Keys
2025-12-23 06:50:08.142: [INFO][SyncEngineBackend::DoFinishConfigureDataTypes] Failed to download types:  and succeeded types: Passwords, Encryption Keys
2025-12-23 06:50:08.144: [INFO][Sync] ConfigurationDone, failed: , succeeded: Passwords, Encryption Keys, remaining count: 3
2025-12-23 06:50:08.145: [INFO][SyncManagerImpl::ConfigureSyncer] Types to download:  with reason: 5
2025-12-23 06:50:08.145: [INFO][SyncEngineBackend::DoFinishConfigureDataTypes] Failed to download types:  and succeeded types: 
2025-12-23 06:50:08.145: [INFO][Sync] ConfigurationDone, failed: , succeeded: , remaining count: 2
2025-12-23 06:50:08.145: [INFO][SyncManagerImpl::ConfigureSyncer] Types to download:  with reason: 5
2025-12-23 06:50:08.145: [INFO][SyncEngineBackend::DoFinishConfigureDataTypes] Failed to download types:  and succeeded types: 
2025-12-23 06:50:08.145: [INFO][Sync] ConfigurationDone, failed: , succeeded: , remaining count: 1
2025-12-23 06:50:08.148: [INFO][SyncManagerImpl::ConfigureSyncer] Types to download:  with reason: 5
2025-12-23 06:50:08.148: [INFO][SyncEngineBackend::DoFinishConfigureDataTypes] Failed to download types:  and succeeded types: 
2025-12-23 06:50:08.155: [INFO][Sync] ConfigurationDone, failed: , succeeded: , remaining count: 0
2025-12-23 06:50:08.158: [INFO][Sync]     Configuration completed, state: 7
2025-12-23 06:50:08.158: [INFO][Sync] Configured DataTypeManager: Ok
2025-12-23 06:50:08.161: [INFO][SyncEngineBackend::DoStartSyncing] Start syncing
2025-12-23 06:53:47.056: [INFO][Sync] SyncState after authenticated was: FeatureCanStart
2025-12-23 06:53:48.201: [INFO][SyncAuthManager::SetLastAuthError] Current auth error: None
2025-12-23 06:53:48.201: [INFO][SyncAuthManager::EdgeLogTokenErrorState] Token error with: None for account type: MSA
2025-12-23 06:53:48.201: [INFO][Sync] Credentials changed for: EdgeSyncKeyDataScope
2025-12-23 06:53:51.775: [INFO][Sync] Try to start sync engine
2025-12-23 06:53:51.803: [INFO][SyncManagerImpl::NudgeForInitialDownload] Initial download nudge for Encryption Keys
2025-12-23 06:53:51.803: [INFO][SyncEngineBackend::LoadAndConnectNigoriController] Load and connect Nigori controller
2025-12-23 06:53:51.803: [INFO][SyncEngineBackend::DoInitialize] Control Types added: Encryption Keys
2025-12-23 06:53:51.803: [INFO][SyncManagerImpl::ConfigureSyncer] Types to download: Encryption Keys with reason: 3
2025-12-23 06:53:51.803: [INFO][SyncEngineBackend::DoUpdateKeyDataCredentials] Update key data credentials
2025-12-23 06:53:51.803: [INFO][SyncSchedulerImpl::DoConfigurationSyncCycleJob] Configure job was blocked
2025-12-23 06:53:51.823: [INFO][SyncAuthManager::SetLastAuthError] Current auth error: None
2025-12-23 06:53:51.823: [INFO][SyncAuthManager::EdgeLogTokenErrorState] Token error with: None for account type: MSA
2025-12-23 06:53:51.823: [INFO][Sync] Credentials changed for: EdgeSyncScopeNew
2025-12-23 06:53:51.823: [INFO][SyncEngineBackend::DoUpdateCredentials] Update credentials
2025-12-23 06:53:51.823: [INFO][SyncSchedulerImpl::DoConfigurationSyncCycleJob] Blocked types:  and types to download: Encryption Keys
2025-12-23 06:53:52.554: [INFO][SyncEngineBackend::DoUpdateKeyDataCredentials] Update key data credentials
2025-12-23 06:53:52.563: [INFO][Sync] Started DataTypeManager configuration, reason: 4
2025-12-23 06:53:52.563: [INFO][Sync] Configuring for: Bookmarks, Preferences, Passwords, Autofill Profiles, Autofill, Extensions, Sessions, Extension settings, History Delete Directives, Device Info, User Consents, Send Tab To Self, Web Apps, History, Saved Tab Group, WebAuthn Credentials, Collection, Edge E Drop, Edge Hub App Usage, Edge Wallet, Encryption Keys, reason: 4, current state: 0
2025-12-23 06:53:52.563: [WARN][Sync] Crypto error data types: Passwords, Autofill Profiles, Autofill
2025-12-23 06:53:52.565: [INFO][Sync] Configure, desired: Bookmarks, Preferences, Extensions, Sessions, Extension settings, History Delete Directives, Device Info, User Consents, Send Tab To Self, Web Apps, History, Saved Tab Group, WebAuthn Credentials, Collection, Edge E Drop, Edge Hub App Usage, Edge Wallet, Encryption Keys; Allow fail: Passwords, Autofill Profiles, Autofill
2025-12-23 06:53:52.565: [INFO][Sync] Loading: Bookmarks
2025-12-23 06:53:52.565: [INFO][Sync] Loading: Preferences
2025-12-23 06:53:52.565: [INFO][Sync] Loading: Extensions
2025-12-23 06:53:52.565: [INFO][Sync] Loading: Sessions
2025-12-23 06:53:52.565: [INFO][Sync] Loading: Extension settings
2025-12-23 06:53:52.565: [INFO][Sync] Loading: History Delete Directives
2025-12-23 06:53:52.565: [INFO][Sync] Loading: Device Info
2025-12-23 06:53:52.565: [INFO][Sync] Loading: User Consents
2025-12-23 06:53:52.565: [INFO][Sync] Loading: Send Tab To Self
2025-12-23 06:53:52.565: [INFO][Sync] Loading: Web Apps
2025-12-23 06:53:52.565: [INFO][Sync] Loading: History
2025-12-23 06:53:52.565: [INFO][Sync] Loading: Saved Tab Group
2025-12-23 06:53:52.565: [INFO][Sync] Loading: WebAuthn Credentials
2025-12-23 06:53:52.565: [INFO][Sync] Loading: Collection
2025-12-23 06:53:52.565: [INFO][Sync] Loading: Edge E Drop
2025-12-23 06:53:52.565: [INFO][Sync] Loading: Edge Hub App Usage
2025-12-23 06:53:52.565: [INFO][Sync] Loading: Edge Wallet
2025-12-23 06:53:52.573: [INFO][Sync] All data types are ready for configure.
2025-12-23 06:53:53.335: [INFO][SyncEngineBackend::DoStartConfiguration] Start configuration
2025-12-23 06:53:53.335: [INFO][SyncManagerImpl::ConfigureSyncer] Types to download:  with reason: 4
2025-12-23 06:53:53.335: [INFO][SyncEngineBackend::DoFinishConfigureDataTypes] Failed to download types:  and succeeded types: 
2025-12-23 06:53:53.336: [INFO][Sync] Started DataTypeManager configuration, reason: 5
2025-12-23 06:53:53.336: [INFO][Sync] Configuring for: Bookmarks, Preferences, Passwords, Autofill Profiles, Autofill, Extensions, Sessions, Extension settings, History Delete Directives, Device Info, User Consents, Send Tab To Self, Web Apps, History, Saved Tab Group, WebAuthn Credentials, Collection, Edge E Drop, Edge Hub App Usage, Edge Wallet, Encryption Keys, reason: 5, current state: 1
2025-12-23 06:53:53.337: [INFO][Sync] ConfigurationDone, failed: , succeeded: , remaining count: 4
2025-12-23 06:53:53.337: [WARN][Sync]     Reconfigure requested while configuration ongoing.
2025-12-23 06:53:53.337: [INFO][Sync] Configuring for: Bookmarks, Preferences, Passwords, Autofill Profiles, Autofill, Extensions, Sessions, Extension settings, History Delete Directives, Device Info, User Consents, Send Tab To Self, Web Apps, History, Saved Tab Group, WebAuthn Credentials, Collection, Edge E Drop, Edge Hub App Usage, Edge Wallet, Encryption Keys, reason: 5, current state: 2
2025-12-23 06:53:53.337: [INFO][Sync] Configure, desired: Bookmarks, Preferences, Passwords, Autofill Profiles, Autofill, Extensions, Sessions, Extension settings, History Delete Directives, Device Info, User Consents, Send Tab To Self, Web Apps, History, Saved Tab Group, WebAuthn Credentials, Collection, Edge E Drop, Edge Hub App Usage, Edge Wallet, Encryption Keys; Allow fail: 
2025-12-23 06:53:53.337: [INFO][Sync] Loading: Passwords
2025-12-23 06:53:53.337: [INFO][Sync] Loading: Autofill Profiles
2025-12-23 06:53:53.337: [INFO][Sync] Loading: Autofill
2025-12-23 06:53:53.338: [INFO][Sync] All data types are ready for configure.
2025-12-23 06:53:53.338: [INFO][SyncManagerImpl::NudgeForInitialDownload] Initial download nudge for Passwords
2025-12-23 06:53:53.338: [INFO][SyncManagerImpl::ConfigureSyncer] Types to download:  with reason: 5
2025-12-23 06:53:53.338: [INFO][SyncEngineBackend::DoFinishConfigureDataTypes] Failed to download types:  and succeeded types: 
2025-12-23 06:53:53.338: [INFO][Sync] ConfigurationDone, failed: , succeeded: , remaining count: 4
2025-12-23 06:53:53.338: [INFO][Sync] Prepare to configure types: Passwords, Encryption Keys
2025-12-23 06:53:53.338: [INFO][SyncManagerImpl::ConfigureSyncer] Types to download: Passwords, Encryption Keys with reason: 5
2025-12-23 06:53:53.338: [INFO][SyncSchedulerImpl::DoConfigurationSyncCycleJob] Blocked types:  and types to download: Passwords, Encryption Keys
2025-12-23 06:53:53.570: [INFO][SyncEngineBackend::DoFinishConfigureDataTypes] Failed to download types:  and succeeded types: Passwords, Encryption Keys
2025-12-23 06:53:53.571: [INFO][Sync] ConfigurationDone, failed: , succeeded: Passwords, Encryption Keys, remaining count: 3
2025-12-23 06:53:53.572: [INFO][SyncManagerImpl::ConfigureSyncer] Types to download:  with reason: 5
2025-12-23 06:53:53.572: [INFO][SyncEngineBackend::DoFinishConfigureDataTypes] Failed to download types:  and succeeded types: 
2025-12-23 06:53:53.572: [INFO][Sync] ConfigurationDone, failed: , succeeded: , remaining count: 2
2025-12-23 06:53:53.572: [INFO][SyncManagerImpl::ConfigureSyncer] Types to download:  with reason: 5
2025-12-23 06:53:53.572: [INFO][SyncEngineBackend::DoFinishConfigureDataTypes] Failed to download types:  and succeeded types: 
2025-12-23 06:53:53.572: [INFO][Sync] ConfigurationDone, failed: , succeeded: , remaining count: 1
2025-12-23 06:53:53.573: [INFO][SyncManagerImpl::ConfigureSyncer] Types to download:  with reason: 5
2025-12-23 06:53:53.573: [INFO][SyncEngineBackend::DoFinishConfigureDataTypes] Failed to download types:  and succeeded types: 
2025-12-23 06:53:53.577: [INFO][Sync] ConfigurationDone, failed: , succeeded: , remaining count: 0
2025-12-23 06:53:53.578: [INFO][Sync]     Configuration completed, state: 7
2025-12-23 06:53:53.579: [INFO][Sync] Configured DataTypeManager: Ok
2025-12-23 06:53:53.581: [INFO][SyncEngineBackend::DoStartSyncing] Start syncing
2025-12-23 07:08:07.208: [INFO][Sync] Reset engine, reason: 0
2025-12-23 07:08:07.208: [INFO][Sync] Reset engine with reason: 0
2025-12-23 07:15:59.336: [INFO][Sync] SyncState after authenticated was: FeatureCanStart
2025-12-23 07:16:00.716: [INFO][SyncAuthManager::SetLastAuthError] Current auth error: None
2025-12-23 07:16:00.716: [INFO][SyncAuthManager::EdgeLogTokenErrorState] Token error with: None for account type: MSA
2025-12-23 07:16:00.716: [INFO][Sync] Credentials changed for: EdgeSyncKeyDataScope
2025-12-23 07:16:04.012: [INFO][Sync] Try to start sync engine
2025-12-23 07:16:04.036: [INFO][SyncManagerImpl::NudgeForInitialDownload] Initial download nudge for Encryption Keys
2025-12-23 07:16:04.036: [INFO][SyncEngineBackend::LoadAndConnectNigoriController] Load and connect Nigori controller
2025-12-23 07:16:04.036: [INFO][SyncEngineBackend::DoInitialize] Control Types added: Encryption Keys
2025-12-23 07:16:04.036: [INFO][SyncManagerImpl::ConfigureSyncer] Types to download: Encryption Keys with reason: 3
2025-12-23 07:16:04.036: [INFO][SyncEngineBackend::DoUpdateKeyDataCredentials] Update key data credentials
2025-12-23 07:16:04.036: [INFO][SyncSchedulerImpl::DoConfigurationSyncCycleJob] Configure job was blocked
2025-12-23 07:16:04.051: [INFO][SyncAuthManager::SetLastAuthError] Current auth error: None
2025-12-23 07:16:04.051: [INFO][SyncAuthManager::EdgeLogTokenErrorState] Token error with: None for account type: MSA
2025-12-23 07:16:04.051: [INFO][Sync] Credentials changed for: EdgeSyncScopeNew
2025-12-23 07:16:04.051: [INFO][SyncEngineBackend::DoUpdateCredentials] Update credentials
2025-12-23 07:16:04.051: [INFO][SyncSchedulerImpl::DoConfigurationSyncCycleJob] Blocked types:  and types to download: Encryption Keys
2025-12-23 07:16:04.754: [INFO][SyncEngineBackend::DoUpdateKeyDataCredentials] Update key data credentials
2025-12-23 07:16:04.757: [INFO][Sync] Started DataTypeManager configuration, reason: 4
2025-12-23 07:16:04.757: [INFO][Sync] Configuring for: Bookmarks, Preferences, Passwords, Autofill Profiles, Autofill, Extensions, Sessions, Extension settings, History Delete Directives, Device Info, User Consents, Send Tab To Self, Web Apps, History, Saved Tab Group, WebAuthn Credentials, Collection, Edge E Drop, Edge Hub App Usage, Edge Wallet, Encryption Keys, reason: 4, current state: 0
2025-12-23 07:16:04.757: [WARN][Sync] Crypto error data types: Passwords, Autofill Profiles, Autofill
2025-12-23 07:16:04.758: [INFO][Sync] Configure, desired: Bookmarks, Preferences, Extensions, Sessions, Extension settings, History Delete Directives, Device Info, User Consents, Send Tab To Self, Web Apps, History, Saved Tab Group, WebAuthn Credentials, Collection, Edge E Drop, Edge Hub App Usage, Edge Wallet, Encryption Keys; Allow fail: Passwords, Autofill Profiles, Autofill
2025-12-23 07:16:04.758: [INFO][Sync] Loading: Bookmarks
2025-12-23 07:16:04.758: [INFO][Sync] Loading: Preferences
2025-12-23 07:16:04.758: [INFO][Sync] Loading: Extensions
2025-12-23 07:16:04.758: [INFO][Sync] Loading: Sessions
2025-12-23 07:16:04.758: [INFO][Sync] Loading: Extension settings
2025-12-23 07:16:04.758: [INFO][Sync] Loading: History Delete Directives
2025-12-23 07:16:04.758: [INFO][Sync] Loading: Device Info
2025-12-23 07:16:04.758: [INFO][Sync] Loading: User Consents
2025-12-23 07:16:04.758: [INFO][Sync] Loading: Send Tab To Self
2025-12-23 07:16:04.758: [INFO][Sync] Loading: Web Apps
2025-12-23 07:16:04.758: [INFO][Sync] Loading: History
2025-12-23 07:16:04.758: [INFO][Sync] Loading: Saved Tab Group
2025-12-23 07:16:04.758: [INFO][Sync] Loading: WebAuthn Credentials
2025-12-23 07:16:04.758: [INFO][Sync] Loading: Collection
2025-12-23 07:16:04.758: [INFO][Sync] Loading: Edge E Drop
2025-12-23 07:16:04.758: [INFO][Sync] Loading: Edge Hub App Usage
2025-12-23 07:16:04.758: [INFO][Sync] Loading: Edge Wallet
2025-12-23 07:16:04.763: [INFO][Sync] All data types are ready for configure.
2025-12-23 07:16:05.528: [INFO][SyncEngineBackend::DoStartConfiguration] Start configuration
2025-12-23 07:16:05.528: [INFO][SyncManagerImpl::ConfigureSyncer] Types to download:  with reason: 4
2025-12-23 07:16:05.528: [INFO][SyncEngineBackend::DoFinishConfigureDataTypes] Failed to download types:  and succeeded types: 
2025-12-23 07:16:05.529: [INFO][Sync] Started DataTypeManager configuration, reason: 5
2025-12-23 07:16:05.529: [INFO][Sync] Configuring for: Bookmarks, Preferences, Passwords, Autofill Profiles, Autofill, Extensions, Sessions, Extension settings, History Delete Directives, Device Info, User Consents, Send Tab To Self, Web Apps, History, Saved Tab Group, WebAuthn Credentials, Collection, Edge E Drop, Edge Hub App Usage, Edge Wallet, Encryption Keys, reason: 5, current state: 1
2025-12-23 07:16:05.530: [INFO][Sync] ConfigurationDone, failed: , succeeded: , remaining count: 4
2025-12-23 07:16:05.530: [WARN][Sync]     Reconfigure requested while configuration ongoing.
2025-12-23 07:16:05.530: [INFO][Sync] Configuring for: Bookmarks, Preferences, Passwords, Autofill Profiles, Autofill, Extensions, Sessions, Extension settings, History Delete Directives, Device Info, User Consents, Send Tab To Self, Web Apps, History, Saved Tab Group, WebAuthn Credentials, Collection, Edge E Drop, Edge Hub App Usage, Edge Wallet, Encryption Keys, reason: 5, current state: 2
2025-12-23 07:16:05.530: [INFO][Sync] Configure, desired: Bookmarks, Preferences, Passwords, Autofill Profiles, Autofill, Extensions, Sessions, Extension settings, History Delete Directives, Device Info, User Consents, Send Tab To Self, Web Apps, History, Saved Tab Group, WebAuthn Credentials, Collection, Edge E Drop, Edge Hub App Usage, Edge Wallet, Encryption Keys; Allow fail: 
2025-12-23 07:16:05.530: [INFO][Sync] Loading: Passwords
2025-12-23 07:16:05.530: [INFO][Sync] Loading: Autofill Profiles
2025-12-23 07:16:05.530: [INFO][Sync] Loading: Autofill
2025-12-23 07:16:05.530: [INFO][Sync] All data types are ready for configure.
2025-12-23 07:16:05.530: [INFO][SyncManagerImpl::NudgeForInitialDownload] Initial download nudge for Passwords
2025-12-23 07:16:05.530: [INFO][SyncManagerImpl::ConfigureSyncer] Types to download:  with reason: 5
2025-12-23 07:16:05.530: [INFO][SyncEngineBackend::DoFinishConfigureDataTypes] Failed to download types:  and succeeded types: 
2025-12-23 07:16:05.530: [INFO][Sync] ConfigurationDone, failed: , succeeded: , remaining count: 4
2025-12-23 07:16:05.530: [INFO][Sync] Prepare to configure types: Passwords, Encryption Keys
2025-12-23 07:16:05.530: [INFO][SyncManagerImpl::ConfigureSyncer] Types to download: Passwords, Encryption Keys with reason: 5
2025-12-23 07:16:05.530: [INFO][SyncSchedulerImpl::DoConfigurationSyncCycleJob] Blocked types:  and types to download: Passwords, Encryption Keys
2025-12-23 07:16:05.756: [INFO][SyncEngineBackend::DoFinishConfigureDataTypes] Failed to download types:  and succeeded types: Passwords, Encryption Keys
2025-12-23 07:16:05.758: [INFO][Sync] ConfigurationDone, failed: , succeeded: Passwords, Encryption Keys, remaining count: 3
2025-12-23 07:16:05.758: [INFO][SyncManagerImpl::ConfigureSyncer] Types to download:  with reason: 5
2025-12-23 07:16:05.758: [INFO][SyncEngineBackend::DoFinishConfigureDataTypes] Failed to download types:  and succeeded types: 
2025-12-23 07:16:05.760: [INFO][Sync] ConfigurationDone, failed: , succeeded: , remaining count: 2
2025-12-23 07:16:05.760: [INFO][SyncManagerImpl::ConfigureSyncer] Types to download:  with reason: 5
2025-12-23 07:16:05.760: [INFO][SyncEngineBackend::DoFinishConfigureDataTypes] Failed to download types:  and succeeded types: 
2025-12-23 07:16:05.761: [INFO][Sync] ConfigurationDone, failed: , succeeded: , remaining count: 1
2025-12-23 07:16:05.761: [INFO][SyncManagerImpl::ConfigureSyncer] Types to download:  with reason: 5
2025-12-23 07:16:05.761: [INFO][SyncEngineBackend::DoFinishConfigureDataTypes] Failed to download types:  and succeeded types: 
2025-12-23 07:16:05.761: [INFO][Sync] ConfigurationDone, failed: , succeeded: , remaining count: 0
2025-12-23 07:16:05.762: [INFO][Sync]     Configuration completed, state: 7
2025-12-23 07:16:05.762: [INFO][Sync] Configured DataTypeManager: Ok
2025-12-23 07:16:05.763: [INFO][SyncEngineBackend::DoStartSyncing] Start syncing
2025-12-23 07:16:51.329: [INFO][Sync] Reset engine, reason: 0
2025-12-23 07:16:51.329: [INFO][Sync] Reset engine with reason: 0
2025-12-23 07:23:08.396: [INFO][Sync] SyncState after authenticated was: FeatureCanStart
2025-12-23 07:23:09.858: [INFO][SyncAuthManager::SetLastAuthError] Current auth error: None
2025-12-23 07:23:09.858: [INFO][SyncAuthManager::EdgeLogTokenErrorState] Token error with: None for account type: MSA
2025-12-23 07:23:09.859: [INFO][Sync] Credentials changed for: EdgeSyncKeyDataScope
2025-12-23 07:23:13.152: [INFO][Sync] Try to start sync engine
2025-12-23 07:23:13.153: [INFO][SyncManagerImpl::NudgeForInitialDownload] Initial download nudge for Encryption Keys
2025-12-23 07:23:13.153: [INFO][SyncEngineBackend::LoadAndConnectNigoriController] Load and connect Nigori controller
2025-12-23 07:23:13.153: [INFO][SyncEngineBackend::DoInitialize] Control Types added: Encryption Keys
2025-12-23 07:23:13.153: [INFO][SyncManagerImpl::ConfigureSyncer] Types to download: Encryption Keys with reason: 3
2025-12-23 07:23:13.153: [INFO][SyncEngineBackend::DoUpdateKeyDataCredentials] Update key data credentials
2025-12-23 07:23:13.153: [INFO][SyncSchedulerImpl::DoConfigurationSyncCycleJob] Configure job was blocked
2025-12-23 07:23:13.182: [INFO][SyncAuthManager::SetLastAuthError] Current auth error: None
2025-12-23 07:23:13.182: [INFO][SyncAuthManager::EdgeLogTokenErrorState] Token error with: None for account type: MSA
2025-12-23 07:23:13.182: [INFO][Sync] Credentials changed for: EdgeSyncScopeNew
2025-12-23 07:23:13.182: [INFO][SyncEngineBackend::DoUpdateCredentials] Update credentials
2025-12-23 07:23:13.182: [INFO][SyncSchedulerImpl::DoConfigurationSyncCycleJob] Blocked types:  and types to download: Encryption Keys
2025-12-23 07:23:13.546: [INFO][SyncEngineBackend::DoUpdateKeyDataCredentials] Update key data credentials
2025-12-23 07:23:13.550: [INFO][Sync] Started DataTypeManager configuration, reason: 4
2025-12-23 07:23:13.550: [INFO][Sync] Configuring for: Bookmarks, Preferences, Passwords, Autofill Profiles, Autofill, Extensions, Sessions, Extension settings, History Delete Directives, Device Info, User Consents, Send Tab To Self, Web Apps, History, Saved Tab Group, WebAuthn Credentials, Collection, Edge E Drop, Edge Hub App Usage, Edge Wallet, Encryption Keys, reason: 4, current state: 0
2025-12-23 07:23:13.550: [WARN][Sync] Crypto error data types: Passwords, Autofill Profiles, Autofill
2025-12-23 07:23:13.551: [INFO][Sync] Configure, desired: Bookmarks, Preferences, Extensions, Sessions, Extension settings, History Delete Directives, Device Info, User Consents, Send Tab To Self, Web Apps, History, Saved Tab Group, WebAuthn Credentials, Collection, Edge E Drop, Edge Hub App Usage, Edge Wallet, Encryption Keys; Allow fail: Passwords, Autofill Profiles, Autofill
2025-12-23 07:23:13.551: [INFO][Sync] Loading: Bookmarks
2025-12-23 07:23:13.551: [INFO][Sync] Loading: Preferences
2025-12-23 07:23:13.551: [INFO][Sync] Loading: Extensions
2025-12-23 07:23:13.551: [INFO][Sync] Loading: Sessions
2025-12-23 07:23:13.551: [INFO][Sync] Loading: Extension settings
2025-12-23 07:23:13.551: [INFO][Sync] Loading: History Delete Directives
2025-12-23 07:23:13.551: [INFO][Sync] Loading: Device Info
2025-12-23 07:23:13.551: [INFO][Sync] Loading: User Consents
2025-12-23 07:23:13.551: [INFO][Sync] Loading: Send Tab To Self
2025-12-23 07:23:13.551: [INFO][Sync] Loading: Web Apps
2025-12-23 07:23:13.551: [INFO][Sync] Loading: History
2025-12-23 07:23:13.551: [INFO][Sync] Loading: Saved Tab Group
2025-12-23 07:23:13.551: [INFO][Sync] Loading: WebAuthn Credentials
2025-12-23 07:23:13.551: [INFO][Sync] Loading: Collection
2025-12-23 07:23:13.551: [INFO][Sync] Loading: Edge E Drop
2025-12-23 07:23:13.551: [INFO][Sync] Loading: Edge Hub App Usage
2025-12-23 07:23:13.551: [INFO][Sync] Loading: Edge Wallet
2025-12-23 07:23:13.556: [INFO][Sync] All data types are ready for configure.
2025-12-23 07:23:14.249: [INFO][Sync] Started DataTypeManager configuration, reason: 5
2025-12-23 07:23:14.249: [INFO][Sync] Configuring for: Bookmarks, Preferences, Passwords, Autofill Profiles, Autofill, Extensions, Sessions, Extension settings, History Delete Directives, Device Info, User Consents, Send Tab To Self, Web Apps, History, Saved Tab Group, WebAuthn Credentials, Collection, Edge E Drop, Edge Hub App Usage, Edge Wallet, Encryption Keys, reason: 5, current state: 1
2025-12-23 07:23:14.249: [INFO][SyncEngineBackend::DoStartConfiguration] Start configuration
2025-12-23 07:23:14.250: [INFO][SyncManagerImpl::ConfigureSyncer] Types to download:  with reason: 4
2025-12-23 07:23:14.250: [INFO][SyncEngineBackend::DoFinishConfigureDataTypes] Failed to download types:  and succeeded types: 
2025-12-23 07:23:14.250: [INFO][Sync] ConfigurationDone, failed: , succeeded: , remaining count: 4
2025-12-23 07:23:14.250: [WARN][Sync]     Reconfigure requested while configuration ongoing.
2025-12-23 07:23:14.250: [INFO][Sync] Configuring for: Bookmarks, Preferences, Passwords, Autofill Profiles, Autofill, Extensions, Sessions, Extension settings, History Delete Directives, Device Info, User Consents, Send Tab To Self, Web Apps, History, Saved Tab Group, WebAuthn Credentials, Collection, Edge E Drop, Edge Hub App Usage, Edge Wallet, Encryption Keys, reason: 5, current state: 2
2025-12-23 07:23:14.250: [INFO][Sync] Configure, desired: Bookmarks, Preferences, Passwords, Autofill Profiles, Autofill, Extensions, Sessions, Extension settings, History Delete Directives, Device Info, User Consents, Send Tab To Self, Web Apps, History, Saved Tab Group, WebAuthn Credentials, Collection, Edge E Drop, Edge Hub App Usage, Edge Wallet, Encryption Keys; Allow fail: 
2025-12-23 07:23:14.250: [INFO][Sync] Loading: Passwords
2025-12-23 07:23:14.250: [INFO][Sync] Loading: Autofill Profiles
2025-12-23 07:23:14.250: [INFO][Sync] Loading: Autofill
2025-12-23 07:23:14.250: [INFO][Sync] All data types are ready for configure.
2025-12-23 07:23:14.250: [INFO][SyncManagerImpl::NudgeForInitialDownload] Initial download nudge for Passwords
2025-12-23 07:23:14.250: [INFO][SyncManagerImpl::ConfigureSyncer] Types to download:  with reason: 5
2025-12-23 07:23:14.250: [INFO][SyncEngineBackend::DoFinishConfigureDataTypes] Failed to download types:  and succeeded types: 
2025-12-23 07:23:14.250: [INFO][Sync] ConfigurationDone, failed: , succeeded: , remaining count: 4
2025-12-23 07:23:14.250: [INFO][Sync] Prepare to configure types: Passwords, Encryption Keys
2025-12-23 07:23:14.250: [INFO][SyncManagerImpl::ConfigureSyncer] Types to download: Passwords, Encryption Keys with reason: 5
2025-12-23 07:23:14.250: [INFO][SyncSchedulerImpl::DoConfigurationSyncCycleJob] Blocked types:  and types to download: Passwords, Encryption Keys
2025-12-23 07:23:14.526: [INFO][SyncEngineBackend::DoFinishConfigureDataTypes] Failed to download types:  and succeeded types: Passwords, Encryption Keys
2025-12-23 07:23:14.528: [INFO][Sync] ConfigurationDone, failed: , succeeded: Passwords, Encryption Keys, remaining count: 3
2025-12-23 07:23:14.528: [INFO][SyncManagerImpl::ConfigureSyncer] Types to download:  with reason: 5
2025-12-23 07:23:14.528: [INFO][SyncEngineBackend::DoFinishConfigureDataTypes] Failed to download types:  and succeeded types: 
2025-12-23 07:23:14.528: [INFO][Sync] ConfigurationDone, failed: , succeeded: , remaining count: 2
2025-12-23 07:23:14.528: [INFO][SyncManagerImpl::ConfigureSyncer] Types to download:  with reason: 5
2025-12-23 07:23:14.528: [INFO][SyncEngineBackend::DoFinishConfigureDataTypes] Failed to download types:  and succeeded types: 
2025-12-23 07:23:14.531: [INFO][Sync] ConfigurationDone, failed: , succeeded: , remaining count: 1
2025-12-23 07:23:14.532: [INFO][SyncManagerImpl::ConfigureSyncer] Types to download:  with reason: 5
2025-12-23 07:23:14.532: [INFO][SyncEngineBackend::DoFinishConfigureDataTypes] Failed to download types:  and succeeded types: 
2025-12-23 07:23:14.532: [INFO][Sync] ConfigurationDone, failed: , succeeded: , remaining count: 0
2025-12-23 07:23:14.533: [INFO][Sync]     Configuration completed, state: 7
2025-12-23 07:23:14.534: [INFO][Sync] Configured DataTypeManager: Ok
2025-12-23 07:23:14.535: [INFO][SyncEngineBackend::DoStartSyncing] Start syncing
2025-12-23 07:25:14.049: [INFO][Sync] Reset engine, reason: 0
2025-12-23 07:25:14.049: [INFO][Sync] Reset engine with reason: 0
2025-12-26 06:37:13.887: [INFO][Sync] SyncState after authenticated was: FeatureCanStart
2025-12-26 06:37:15.252: [INFO][SyncAuthManager::SetLastAuthError] Current auth error: None
2025-12-26 06:37:15.252: [INFO][SyncAuthManager::EdgeLogTokenErrorState] Token error with: None for account type: MSA
2025-12-26 06:37:15.252: [INFO][Sync] Credentials changed for: EdgeSyncKeyDataScope
2025-12-26 06:37:18.992: [INFO][Sync] Try to start sync engine
2025-12-26 06:37:18.993: [INFO][SyncManagerImpl::NudgeForInitialDownload] Initial download nudge for Encryption Keys
2025-12-26 06:37:18.993: [INFO][SyncEngineBackend::LoadAndConnectNigoriController] Load and connect Nigori controller
2025-12-26 06:37:18.993: [INFO][SyncEngineBackend::DoInitialize] Control Types added: Encryption Keys
2025-12-26 06:37:18.993: [INFO][SyncManagerImpl::ConfigureSyncer] Types to download: Encryption Keys with reason: 3
2025-12-26 06:37:18.993: [INFO][SyncEngineBackend::DoUpdateKeyDataCredentials] Update key data credentials
2025-12-26 06:37:18.993: [INFO][SyncSchedulerImpl::DoConfigurationSyncCycleJob] Configure job was blocked
2025-12-26 06:37:19.017: [INFO][SyncAuthManager::SetLastAuthError] Current auth error: None
2025-12-26 06:37:19.017: [INFO][SyncAuthManager::EdgeLogTokenErrorState] Token error with: None for account type: MSA
2025-12-26 06:37:19.017: [INFO][Sync] Credentials changed for: EdgeSyncScopeNew
2025-12-26 06:37:19.017: [INFO][SyncEngineBackend::DoUpdateCredentials] Update credentials
2025-12-26 06:37:19.017: [INFO][SyncSchedulerImpl::DoConfigurationSyncCycleJob] Blocked types:  and types to download: Encryption Keys
2025-12-26 06:37:19.336: [INFO][SyncEngineBackend::DoUpdateKeyDataCredentials] Update key data credentials
2025-12-26 06:37:19.338: [INFO][Sync] Started DataTypeManager configuration, reason: 4
2025-12-26 06:37:19.338: [INFO][Sync] Configuring for: Bookmarks, Preferences, Passwords, Autofill Profiles, Autofill, Extensions, Sessions, Extension settings, History Delete Directives, Device Info, User Consents, Send Tab To Self, Web Apps, History, Saved Tab Group, WebAuthn Credentials, Collection, Edge E Drop, Edge Hub App Usage, Edge Wallet, Encryption Keys, reason: 4, current state: 0
2025-12-26 06:37:19.338: [WARN][Sync] Crypto error data types: Passwords, Autofill Profiles, Autofill
2025-12-26 06:37:19.339: [INFO][Sync] Configure, desired: Bookmarks, Preferences, Extensions, Sessions, Extension settings, History Delete Directives, Device Info, User Consents, Send Tab To Self, Web Apps, History, Saved Tab Group, WebAuthn Credentials, Collection, Edge E Drop, Edge Hub App Usage, Edge Wallet, Encryption Keys; Allow fail: Passwords, Autofill Profiles, Autofill
2025-12-26 06:37:19.339: [INFO][Sync] Loading: Bookmarks
2025-12-26 06:37:19.339: [INFO][Sync] Loading: Preferences
2025-12-26 06:37:19.339: [INFO][Sync] Loading: Extensions
2025-12-26 06:37:19.339: [INFO][Sync] Loading: Sessions
2025-12-26 06:37:19.339: [INFO][Sync] Loading: Extension settings
2025-12-26 06:37:19.339: [INFO][Sync] Loading: History Delete Directives
2025-12-26 06:37:19.339: [INFO][Sync] Loading: Device Info
2025-12-26 06:37:19.339: [INFO][Sync] Loading: User Consents
2025-12-26 06:37:19.339: [INFO][Sync] Loading: Send Tab To Self
2025-12-26 06:37:19.339: [INFO][Sync] Loading: Web Apps
2025-12-26 06:37:19.339: [INFO][Sync] Loading: History
2025-12-26 06:37:19.339: [INFO][Sync] Loading: Saved Tab Group
2025-12-26 06:37:19.339: [INFO][Sync] Loading: WebAuthn Credentials
2025-12-26 06:37:19.339: [INFO][Sync] Loading: Collection
2025-12-26 06:37:19.339: [INFO][Sync] Loading: Edge E Drop
2025-12-26 06:37:19.339: [INFO][Sync] Loading: Edge Hub App Usage
2025-12-26 06:37:19.339: [INFO][Sync] Loading: Edge Wallet
2025-12-26 06:37:19.341: [INFO][Sync] All data types are ready for configure.
2025-12-26 06:37:19.913: [INFO][Sync] Started DataTypeManager configuration, reason: 5
2025-12-26 06:37:19.913: [INFO][Sync] Configuring for: Bookmarks, Preferences, Passwords, Autofill Profiles, Autofill, Extensions, Sessions, Extension settings, History Delete Directives, Device Info, User Consents, Send Tab To Self, Web Apps, History, Saved Tab Group, WebAuthn Credentials, Collection, Edge E Drop, Edge Hub App Usage, Edge Wallet, Encryption Keys, reason: 5, current state: 1
2025-12-26 06:37:19.913: [INFO][SyncEngineBackend::DoStartConfiguration] Start configuration
2025-12-26 06:37:19.913: [INFO][SyncManagerImpl::ConfigureSyncer] Types to download:  with reason: 4
2025-12-26 06:37:19.913: [INFO][SyncEngineBackend::DoFinishConfigureDataTypes] Failed to download types:  and succeeded types: 
2025-12-26 06:37:19.914: [INFO][Sync] ConfigurationDone, failed: , succeeded: , remaining count: 4
2025-12-26 06:37:19.914: [WARN][Sync]     Reconfigure requested while configuration ongoing.
2025-12-26 06:37:19.914: [INFO][Sync] Configuring for: Bookmarks, Preferences, Passwords, Autofill Profiles, Autofill, Extensions, Sessions, Extension settings, History Delete Directives, Device Info, User Consents, Send Tab To Self, Web Apps, History, Saved Tab Group, WebAuthn Credentials, Collection, Edge E Drop, Edge Hub App Usage, Edge Wallet, Encryption Keys, reason: 5, current state: 2
2025-12-26 06:37:19.914: [INFO][Sync] Configure, desired: Bookmarks, Preferences, Passwords, Autofill Profiles, Autofill, Extensions, Sessions, Extension settings, History Delete Directives, Device Info, User Consents, Send Tab To Self, Web Apps, History, Saved Tab Group, WebAuthn Credentials, Collection, Edge E Drop, Edge Hub App Usage, Edge Wallet, Encryption Keys; Allow fail: 
2025-12-26 06:37:19.914: [INFO][Sync] Loading: Passwords
2025-12-26 06:37:19.914: [INFO][Sync] Loading: Autofill Profiles
2025-12-26 06:37:19.914: [INFO][Sync] Loading: Autofill
2025-12-26 06:37:19.914: [INFO][Sync] All data types are ready for configure.
2025-12-26 06:37:19.914: [INFO][SyncManagerImpl::NudgeForInitialDownload] Initial download nudge for Passwords
2025-12-26 06:37:19.914: [INFO][SyncManagerImpl::ConfigureSyncer] Types to download:  with reason: 5
2025-12-26 06:37:19.914: [INFO][SyncEngineBackend::DoFinishConfigureDataTypes] Failed to download types:  and succeeded types: 
2025-12-26 06:37:19.914: [INFO][Sync] ConfigurationDone, failed: , succeeded: , remaining count: 4
2025-12-26 06:37:19.914: [INFO][Sync] Prepare to configure types: Passwords, Encryption Keys
2025-12-26 06:37:19.914: [INFO][SyncManagerImpl::ConfigureSyncer] Types to download: Passwords, Encryption Keys with reason: 5
2025-12-26 06:37:19.914: [INFO][SyncSchedulerImpl::DoConfigurationSyncCycleJob] Blocked types:  and types to download: Passwords, Encryption Keys
2025-12-26 06:37:20.132: [INFO][SyncEngineBackend::DoFinishConfigureDataTypes] Failed to download types:  and succeeded types: Passwords, Encryption Keys
2025-12-26 06:37:20.133: [INFO][Sync] ConfigurationDone, failed: , succeeded: Passwords, Encryption Keys, remaining count: 3
2025-12-26 06:37:20.133: [INFO][SyncManagerImpl::ConfigureSyncer] Types to download:  with reason: 5
2025-12-26 06:37:20.133: [INFO][SyncEngineBackend::DoFinishConfigureDataTypes] Failed to download types:  and succeeded types: 
2025-12-26 06:37:20.133: [INFO][Sync] ConfigurationDone, failed: , succeeded: , remaining count: 2
2025-12-26 06:37:20.133: [INFO][SyncManagerImpl::ConfigureSyncer] Types to download:  with reason: 5
2025-12-26 06:37:20.133: [INFO][SyncEngineBackend::DoFinishConfigureDataTypes] Failed to download types:  and succeeded types: 
2025-12-26 06:37:20.135: [INFO][Sync] ConfigurationDone, failed: , succeeded: , remaining count: 1
2025-12-26 06:37:20.136: [INFO][SyncManagerImpl::ConfigureSyncer] Types to download:  with reason: 5
2025-12-26 06:37:20.136: [INFO][SyncEngineBackend::DoFinishConfigureDataTypes] Failed to download types:  and succeeded types: 
2025-12-26 06:37:20.136: [INFO][Sync] ConfigurationDone, failed: , succeeded: , remaining count: 0
2025-12-26 06:37:20.137: [INFO][Sync]     Configuration completed, state: 7
2025-12-26 06:37:20.137: [INFO][Sync] Configured DataTypeManager: Ok
2025-12-26 06:37:20.138: [INFO][SyncEngineBackend::DoStartSyncing] Start syncing
2025-12-26 06:41:44.729: [INFO][Sync] Reset engine, reason: 0
2025-12-26 06:41:44.729: [INFO][Sync] Reset engine with reason: 0
2025-12-26 06:43:07.079: [INFO][Sync] SyncState after authenticated was: FeatureCanStart
2025-12-26 06:43:08.625: [INFO][SyncAuthManager::SetLastAuthError] Current auth error: None
2025-12-26 06:43:08.625: [INFO][SyncAuthManager::EdgeLogTokenErrorState] Token error with: None for account type: MSA
2025-12-26 06:43:08.625: [INFO][Sync] Credentials changed for: EdgeSyncKeyDataScope
2025-12-26 06:43:11.691: [INFO][Sync] Try to start sync engine
2025-12-26 06:43:11.699: [INFO][SyncManagerImpl::NudgeForInitialDownload] Initial download nudge for Encryption Keys
2025-12-26 06:43:11.699: [INFO][SyncEngineBackend::LoadAndConnectNigoriController] Load and connect Nigori controller
2025-12-26 06:43:11.699: [INFO][SyncEngineBackend::DoInitialize] Control Types added: Encryption Keys
2025-12-26 06:43:11.699: [INFO][SyncManagerImpl::ConfigureSyncer] Types to download: Encryption Keys with reason: 3
2025-12-26 06:43:11.699: [INFO][SyncEngineBackend::DoUpdateKeyDataCredentials] Update key data credentials
2025-12-26 06:43:11.699: [INFO][SyncSchedulerImpl::DoConfigurationSyncCycleJob] Configure job was blocked
2025-12-26 06:43:11.720: [INFO][SyncAuthManager::SetLastAuthError] Current auth error: None
2025-12-26 06:43:11.720: [INFO][SyncAuthManager::EdgeLogTokenErrorState] Token error with: None for account type: MSA
2025-12-26 06:43:11.720: [INFO][Sync] Credentials changed for: EdgeSyncScopeNew
2025-12-26 06:43:11.720: [INFO][SyncEngineBackend::DoUpdateCredentials] Update credentials
2025-12-26 06:43:11.720: [INFO][SyncSchedulerImpl::DoConfigurationSyncCycleJob] Blocked types:  and types to download: Encryption Keys
2025-12-26 06:43:12.208: [INFO][SyncEngineBackend::DoUpdateKeyDataCredentials] Update key data credentials
2025-12-26 06:43:12.210: [INFO][Sync] Started DataTypeManager configuration, reason: 4
2025-12-26 06:43:12.210: [INFO][Sync] Configuring for: Bookmarks, Preferences, Passwords, Autofill Profiles, Autofill, Extensions, Sessions, Extension settings, History Delete Directives, Device Info, User Consents, Send Tab To Self, Web Apps, History, Saved Tab Group, WebAuthn Credentials, Collection, Edge E Drop, Edge Hub App Usage, Edge Wallet, Encryption Keys, reason: 4, current state: 0
2025-12-26 06:43:12.210: [WARN][Sync] Crypto error data types: Passwords, Autofill Profiles, Autofill
2025-12-26 06:43:12.211: [INFO][Sync] Configure, desired: Bookmarks, Preferences, Extensions, Sessions, Extension settings, History Delete Directives, Device Info, User Consents, Send Tab To Self, Web Apps, History, Saved Tab Group, WebAuthn Credentials, Collection, Edge E Drop, Edge Hub App Usage, Edge Wallet, Encryption Keys; Allow fail: Passwords, Autofill Profiles, Autofill
2025-12-26 06:43:12.211: [INFO][Sync] Loading: Bookmarks
2025-12-26 06:43:12.211: [INFO][Sync] Loading: Preferences
2025-12-26 06:43:12.211: [INFO][Sync] Loading: Extensions
2025-12-26 06:43:12.211: [INFO][Sync] Loading: Sessions
2025-12-26 06:43:12.211: [INFO][Sync] Loading: Extension settings
2025-12-26 06:43:12.211: [INFO][Sync] Loading: History Delete Directives
2025-12-26 06:43:12.212: [INFO][Sync] Loading: Device Info
2025-12-26 06:43:12.212: [INFO][Sync] Loading: User Consents
2025-12-26 06:43:12.212: [INFO][Sync] Loading: Send Tab To Self
2025-12-26 06:43:12.212: [INFO][Sync] Loading: Web Apps
2025-12-26 06:43:12.212: [INFO][Sync] Loading: History
2025-12-26 06:43:12.212: [INFO][Sync] Loading: Saved Tab Group
2025-12-26 06:43:12.212: [INFO][Sync] Loading: WebAuthn Credentials
2025-12-26 06:43:12.212: [INFO][Sync] Loading: Collection
2025-12-26 06:43:12.212: [INFO][Sync] Loading: Edge E Drop
2025-12-26 06:43:12.212: [INFO][Sync] Loading: Edge Hub App Usage
2025-12-26 06:43:12.212: [INFO][Sync] Loading: Edge Wallet
2025-12-26 06:43:12.216: [INFO][Sync] All data types are ready for configure.
2025-12-26 06:43:13.072: [INFO][SyncEngineBackend::DoStartConfiguration] Start configuration
2025-12-26 06:43:13.072: [INFO][SyncManagerImpl::ConfigureSyncer] Types to download:  with reason: 4
2025-12-26 06:43:13.072: [INFO][SyncEngineBackend::DoFinishConfigureDataTypes] Failed to download types:  and succeeded types: 
2025-12-26 06:43:13.074: [INFO][Sync] Started DataTypeManager configuration, reason: 5
2025-12-26 06:43:13.074: [INFO][Sync] Configuring for: Bookmarks, Preferences, Passwords, Autofill Profiles, Autofill, Extensions, Sessions, Extension settings, History Delete Directives, Device Info, User Consents, Send Tab To Self, Web Apps, History, Saved Tab Group, WebAuthn Credentials, Collection, Edge E Drop, Edge Hub App Usage, Edge Wallet, Encryption Keys, reason: 5, current state: 1
2025-12-26 06:43:13.076: [INFO][Sync] ConfigurationDone, failed: , succeeded: , remaining count: 4
2025-12-26 06:43:13.076: [WARN][Sync]     Reconfigure requested while configuration ongoing.
2025-12-26 06:43:13.076: [INFO][Sync] Configuring for: Bookmarks, Preferences, Passwords, Autofill Profiles, Autofill, Extensions, Sessions, Extension settings, History Delete Directives, Device Info, User Consents, Send Tab To Self, Web Apps, History, Saved Tab Group, WebAuthn Credentials, Collection, Edge E Drop, Edge Hub App Usage, Edge Wallet, Encryption Keys, reason: 5, current state: 2
2025-12-26 06:43:13.076: [INFO][Sync] Configure, desired: Bookmarks, Preferences, Passwords, Autofill Profiles, Autofill, Extensions, Sessions, Extension settings, History Delete Directives, Device Info, User Consents, Send Tab To Self, Web Apps, History, Saved Tab Group, WebAuthn Credentials, Collection, Edge E Drop, Edge Hub App Usage, Edge Wallet, Encryption Keys; Allow fail: 
2025-12-26 06:43:13.076: [INFO][Sync] Loading: Passwords
2025-12-26 06:43:13.076: [INFO][Sync] Loading: Autofill Profiles
2025-12-26 06:43:13.076: [INFO][Sync] Loading: Autofill
2025-12-26 06:43:13.078: [INFO][Sync] All data types are ready for configure.
2025-12-26 06:43:13.078: [INFO][SyncManagerImpl::NudgeForInitialDownload] Initial download nudge for Passwords
2025-12-26 06:43:13.078: [INFO][SyncManagerImpl::ConfigureSyncer] Types to download:  with reason: 5
2025-12-26 06:43:13.078: [INFO][SyncEngineBackend::DoFinishConfigureDataTypes] Failed to download types:  and succeeded types: 
2025-12-26 06:43:13.078: [INFO][Sync] ConfigurationDone, failed: , succeeded: , remaining count: 4
2025-12-26 06:43:13.078: [INFO][Sync] Prepare to configure types: Passwords, Encryption Keys
2025-12-26 06:43:13.078: [INFO][SyncManagerImpl::ConfigureSyncer] Types to download: Passwords, Encryption Keys with reason: 5
2025-12-26 06:43:13.078: [INFO][SyncSchedulerImpl::DoConfigurationSyncCycleJob] Blocked types:  and types to download: Passwords, Encryption Keys
2025-12-26 06:43:13.275: [INFO][SyncEngineBackend::DoFinishConfigureDataTypes] Failed to download types:  and succeeded types: Passwords, Encryption Keys
2025-12-26 06:43:13.276: [INFO][Sync] ConfigurationDone, failed: , succeeded: Passwords, Encryption Keys, remaining count: 3
2025-12-26 06:43:13.276: [INFO][SyncManagerImpl::ConfigureSyncer] Types to download:  with reason: 5
2025-12-26 06:43:13.276: [INFO][SyncEngineBackend::DoFinishConfigureDataTypes] Failed to download types:  and succeeded types: 
2025-12-26 06:43:13.276: [INFO][Sync] ConfigurationDone, failed: , succeeded: , remaining count: 2
2025-12-26 06:43:13.276: [INFO][SyncManagerImpl::ConfigureSyncer] Types to download:  with reason: 5
2025-12-26 06:43:13.276: [INFO][SyncEngineBackend::DoFinishConfigureDataTypes] Failed to download types:  and succeeded types: 
2025-12-26 06:43:13.276: [INFO][Sync] ConfigurationDone, failed: , succeeded: , remaining count: 1
2025-12-26 06:43:13.277: [INFO][SyncManagerImpl::ConfigureSyncer] Types to download:  with reason: 5
2025-12-26 06:43:13.277: [INFO][SyncEngineBackend::DoFinishConfigureDataTypes] Failed to download types:  and succeeded types: 
2025-12-26 06:43:13.280: [INFO][Sync] ConfigurationDone, failed: , succeeded: , remaining count: 0
2025-12-26 06:43:13.281: [INFO][Sync]     Configuration completed, state: 7
2025-12-26 06:43:13.281: [INFO][Sync] Configured DataTypeManager: Ok
2025-12-26 06:43:13.283: [INFO][SyncEngineBackend::DoStartSyncing] Start syncing
2025-12-26 06:44:06.494: [INFO][Sync] Reset engine, reason: 0
2025-12-26 06:44:06.494: [INFO][Sync] Reset engine with reason: 0
2025-12-26 08:24:27.932: [INFO][Sync] SyncState after authenticated was: FeatureCanStart
2025-12-26 08:24:29.378: [INFO][SyncAuthManager::SetLastAuthError] Current auth error: None
2025-12-26 08:24:29.378: [INFO][SyncAuthManager::EdgeLogTokenErrorState] Token error with: None for account type: MSA
2025-12-26 08:24:29.378: [INFO][Sync] Credentials changed for: EdgeSyncKeyDataScope
2025-12-26 08:24:32.689: [INFO][Sync] Try to start sync engine
2025-12-26 08:24:32.718: [INFO][SyncManagerImpl::NudgeForInitialDownload] Initial download nudge for Encryption Keys
2025-12-26 08:24:32.718: [INFO][SyncEngineBackend::LoadAndConnectNigoriController] Load and connect Nigori controller
2025-12-26 08:24:32.718: [INFO][SyncEngineBackend::DoInitialize] Control Types added: Encryption Keys
2025-12-26 08:24:32.718: [INFO][SyncManagerImpl::ConfigureSyncer] Types to download: Encryption Keys with reason: 3
2025-12-26 08:24:32.718: [INFO][SyncEngineBackend::DoUpdateKeyDataCredentials] Update key data credentials
2025-12-26 08:24:32.718: [INFO][SyncSchedulerImpl::DoConfigurationSyncCycleJob] Configure job was blocked
2025-12-26 08:24:32.733: [INFO][SyncAuthManager::SetLastAuthError] Current auth error: None
2025-12-26 08:24:32.733: [INFO][SyncAuthManager::EdgeLogTokenErrorState] Token error with: None for account type: MSA
2025-12-26 08:24:32.734: [INFO][Sync] Credentials changed for: EdgeSyncScopeNew
2025-12-26 08:24:32.734: [INFO][SyncEngineBackend::DoUpdateCredentials] Update credentials
2025-12-26 08:24:32.734: [INFO][SyncSchedulerImpl::DoConfigurationSyncCycleJob] Blocked types:  and types to download: Encryption Keys
2025-12-26 08:24:33.265: [INFO][SyncEngineBackend::DoUpdateKeyDataCredentials] Update key data credentials
2025-12-26 08:24:33.268: [INFO][Sync] Started DataTypeManager configuration, reason: 4
2025-12-26 08:24:33.268: [INFO][Sync] Configuring for: Bookmarks, Preferences, Passwords, Autofill Profiles, Autofill, Extensions, Sessions, Extension settings, History Delete Directives, Device Info, User Consents, Send Tab To Self, Web Apps, History, Saved Tab Group, WebAuthn Credentials, Collection, Edge E Drop, Edge Hub App Usage, Edge Wallet, Encryption Keys, reason: 4, current state: 0
2025-12-26 08:24:33.268: [WARN][Sync] Crypto error data types: Passwords, Autofill Profiles, Autofill
2025-12-26 08:24:33.269: [INFO][Sync] Configure, desired: Bookmarks, Preferences, Extensions, Sessions, Extension settings, History Delete Directives, Device Info, User Consents, Send Tab To Self, Web Apps, History, Saved Tab Group, WebAuthn Credentials, Collection, Edge E Drop, Edge Hub App Usage, Edge Wallet, Encryption Keys; Allow fail: Passwords, Autofill Profiles, Autofill
2025-12-26 08:24:33.269: [INFO][Sync] Loading: Bookmarks
2025-12-26 08:24:33.269: [INFO][Sync] Loading: Preferences
2025-12-26 08:24:33.269: [INFO][Sync] Loading: Extensions
2025-12-26 08:24:33.269: [INFO][Sync] Loading: Sessions
2025-12-26 08:24:33.269: [INFO][Sync] Loading: Extension settings
2025-12-26 08:24:33.269: [INFO][Sync] Loading: History Delete Directives
2025-12-26 08:24:33.269: [INFO][Sync] Loading: Device Info
2025-12-26 08:24:33.269: [INFO][Sync] Loading: User Consents
2025-12-26 08:24:33.269: [INFO][Sync] Loading: Send Tab To Self
2025-12-26 08:24:33.269: [INFO][Sync] Loading: Web Apps
2025-12-26 08:24:33.269: [INFO][Sync] Loading: History
2025-12-26 08:24:33.269: [INFO][Sync] Loading: Saved Tab Group
2025-12-26 08:24:33.269: [INFO][Sync] Loading: WebAuthn Credentials
2025-12-26 08:24:33.269: [INFO][Sync] Loading: Collection
2025-12-26 08:24:33.269: [INFO][Sync] Loading: Edge E Drop
2025-12-26 08:24:33.269: [INFO][Sync] Loading: Edge Hub App Usage
2025-12-26 08:24:33.269: [INFO][Sync] Loading: Edge Wallet
2025-12-26 08:24:33.273: [INFO][Sync] All data types are ready for configure.
2025-12-26 08:24:34.088: [INFO][Sync] Started DataTypeManager configuration, reason: 5
2025-12-26 08:24:34.088: [INFO][Sync] Configuring for: Bookmarks, Preferences, Passwords, Autofill Profiles, Autofill, Extensions, Sessions, Extension settings, History Delete Directives, Device Info, User Consents, Send Tab To Self, Web Apps, History, Saved Tab Group, WebAuthn Credentials, Collection, Edge E Drop, Edge Hub App Usage, Edge Wallet, Encryption Keys, reason: 5, current state: 1
2025-12-26 08:24:34.090: [INFO][SyncEngineBackend::DoStartConfiguration] Start configuration
2025-12-26 08:24:34.090: [INFO][SyncManagerImpl::ConfigureSyncer] Types to download:  with reason: 4
2025-12-26 08:24:34.090: [INFO][SyncEngineBackend::DoFinishConfigureDataTypes] Failed to download types:  and succeeded types: 
2025-12-26 08:24:34.095: [INFO][Sync] ConfigurationDone, failed: , succeeded: , remaining count: 4
2025-12-26 08:24:34.095: [WARN][Sync]     Reconfigure requested while configuration ongoing.
2025-12-26 08:24:34.095: [INFO][Sync] Configuring for: Bookmarks, Preferences, Passwords, Autofill Profiles, Autofill, Extensions, Sessions, Extension settings, History Delete Directives, Device Info, User Consents, Send Tab To Self, Web Apps, History, Saved Tab Group, WebAuthn Credentials, Collection, Edge E Drop, Edge Hub App Usage, Edge Wallet, Encryption Keys, reason: 5, current state: 2
2025-12-26 08:24:34.095: [INFO][Sync] Configure, desired: Bookmarks, Preferences, Passwords, Autofill Profiles, Autofill, Extensions, Sessions, Extension settings, History Delete Directives, Device Info, User Consents, Send Tab To Self, Web Apps, History, Saved Tab Group, WebAuthn Credentials, Collection, Edge E Drop, Edge Hub App Usage, Edge Wallet, Encryption Keys; Allow fail: 
2025-12-26 08:24:34.095: [INFO][Sync] Loading: Passwords
2025-12-26 08:24:34.095: [INFO][Sync] Loading: Autofill Profiles
2025-12-26 08:24:34.095: [INFO][Sync] Loading: Autofill
2025-12-26 08:24:34.095: [INFO][Sync] All data types are ready for configure.
2025-12-26 08:24:34.095: [INFO][SyncManagerImpl::NudgeForInitialDownload] Initial download nudge for Passwords
2025-12-26 08:24:34.095: [INFO][SyncManagerImpl::ConfigureSyncer] Types to download:  with reason: 5
2025-12-26 08:24:34.095: [INFO][SyncEngineBackend::DoFinishConfigureDataTypes] Failed to download types:  and succeeded types: 
2025-12-26 08:24:34.096: [INFO][Sync] ConfigurationDone, failed: , succeeded: , remaining count: 4
2025-12-26 08:24:34.096: [INFO][Sync] Prepare to configure types: Passwords, Encryption Keys
2025-12-26 08:24:34.096: [INFO][SyncManagerImpl::ConfigureSyncer] Types to download: Passwords, Encryption Keys with reason: 5
2025-12-26 08:24:34.096: [INFO][SyncSchedulerImpl::DoConfigurationSyncCycleJob] Blocked types:  and types to download: Passwords, Encryption Keys
2025-12-26 08:24:34.292: [INFO][SyncEngineBackend::DoFinishConfigureDataTypes] Failed to download types:  and succeeded types: Passwords, Encryption Keys
2025-12-26 08:24:34.293: [INFO][Sync] ConfigurationDone, failed: , succeeded: Passwords, Encryption Keys, remaining count: 3
2025-12-26 08:24:34.293: [INFO][SyncManagerImpl::ConfigureSyncer] Types to download:  with reason: 5
2025-12-26 08:24:34.293: [INFO][SyncEngineBackend::DoFinishConfigureDataTypes] Failed to download types:  and succeeded types: 
2025-12-26 08:24:34.293: [INFO][Sync] ConfigurationDone, failed: , succeeded: , remaining count: 2
2025-12-26 08:24:34.293: [INFO][SyncManagerImpl::ConfigureSyncer] Types to download:  with reason: 5
2025-12-26 08:24:34.293: [INFO][SyncEngineBackend::DoFinishConfigureDataTypes] Failed to download types:  and succeeded types: 
2025-12-26 08:24:34.296: [INFO][Sync] ConfigurationDone, failed: , succeeded: , remaining count: 1
2025-12-26 08:24:34.297: [INFO][SyncManagerImpl::ConfigureSyncer] Types to download:  with reason: 5
2025-12-26 08:24:34.297: [INFO][SyncEngineBackend::DoFinishConfigureDataTypes] Failed to download types:  and succeeded types: 
2025-12-26 08:24:34.297: [INFO][Sync] ConfigurationDone, failed: , succeeded: , remaining count: 0
2025-12-26 08:24:34.298: [INFO][Sync]     Configuration completed, state: 7
2025-12-26 08:24:34.299: [INFO][Sync] Configured DataTypeManager: Ok
2025-12-26 08:24:34.300: [INFO][SyncEngineBackend::DoStartSyncing] Start syncing
2025-12-26 08:28:29.628: [INFO][Sync] Reset engine, reason: 0
2025-12-26 08:28:29.628: [INFO][Sync] Reset engine with reason: 0
2025-12-26 08:30:46.264: [INFO][Sync] SyncState after authenticated was: FeatureCanStart
2025-12-26 08:30:47.645: [INFO][SyncAuthManager::SetLastAuthError] Current auth error: None
2025-12-26 08:30:47.645: [INFO][SyncAuthManager::EdgeLogTokenErrorState] Token error with: None for account type: MSA
2025-12-26 08:30:47.645: [INFO][Sync] Credentials changed for: EdgeSyncKeyDataScope
2025-12-26 08:30:51.568: [INFO][Sync] Try to start sync engine
2025-12-26 08:30:51.580: [INFO][SyncManagerImpl::NudgeForInitialDownload] Initial download nudge for Encryption Keys
2025-12-26 08:30:51.580: [INFO][SyncEngineBackend::LoadAndConnectNigoriController] Load and connect Nigori controller
2025-12-26 08:30:51.580: [INFO][SyncEngineBackend::DoInitialize] Control Types added: Encryption Keys
2025-12-26 08:30:51.580: [INFO][SyncManagerImpl::ConfigureSyncer] Types to download: Encryption Keys with reason: 3
2025-12-26 08:30:51.580: [INFO][SyncEngineBackend::DoUpdateKeyDataCredentials] Update key data credentials
2025-12-26 08:30:51.580: [INFO][SyncSchedulerImpl::DoConfigurationSyncCycleJob] Configure job was blocked
2025-12-26 08:30:51.602: [INFO][SyncAuthManager::SetLastAuthError] Current auth error: None
2025-12-26 08:30:51.602: [INFO][SyncAuthManager::EdgeLogTokenErrorState] Token error with: None for account type: MSA
2025-12-26 08:30:51.602: [INFO][Sync] Credentials changed for: EdgeSyncScopeNew
2025-12-26 08:30:51.602: [INFO][SyncEngineBackend::DoUpdateCredentials] Update credentials
2025-12-26 08:30:51.602: [INFO][SyncSchedulerImpl::DoConfigurationSyncCycleJob] Blocked types:  and types to download: Encryption Keys
2025-12-26 08:30:52.176: [INFO][SyncEngineBackend::DoUpdateKeyDataCredentials] Update key data credentials
2025-12-26 08:30:52.179: [INFO][Sync] Started DataTypeManager configuration, reason: 4
2025-12-26 08:30:52.179: [INFO][Sync] Configuring for: Bookmarks, Preferences, Passwords, Autofill Profiles, Autofill, Extensions, Sessions, Extension settings, History Delete Directives, Device Info, User Consents, Send Tab To Self, Web Apps, History, Saved Tab Group, WebAuthn Credentials, Collection, Edge E Drop, Edge Hub App Usage, Edge Wallet, Encryption Keys, reason: 4, current state: 0
2025-12-26 08:30:52.179: [WARN][Sync] Crypto error data types: Passwords, Autofill Profiles, Autofill
2025-12-26 08:30:52.180: [INFO][Sync] Configure, desired: Bookmarks, Preferences, Extensions, Sessions, Extension settings, History Delete Directives, Device Info, User Consents, Send Tab To Self, Web Apps, History, Saved Tab Group, WebAuthn Credentials, Collection, Edge E Drop, Edge Hub App Usage, Edge Wallet, Encryption Keys; Allow fail: Passwords, Autofill Profiles, Autofill
2025-12-26 08:30:52.180: [INFO][Sync] Loading: Bookmarks
2025-12-26 08:30:52.180: [INFO][Sync] Loading: Preferences
2025-12-26 08:30:52.180: [INFO][Sync] Loading: Extensions
2025-12-26 08:30:52.180: [INFO][Sync] Loading: Sessions
2025-12-26 08:30:52.180: [INFO][Sync] Loading: Extension settings
2025-12-26 08:30:52.180: [INFO][Sync] Loading: History Delete Directives
2025-12-26 08:30:52.180: [INFO][Sync] Loading: Device Info
2025-12-26 08:30:52.180: [INFO][Sync] Loading: User Consents
2025-12-26 08:30:52.180: [INFO][Sync] Loading: Send Tab To Self
2025-12-26 08:30:52.180: [INFO][Sync] Loading: Web Apps
2025-12-26 08:30:52.180: [INFO][Sync] Loading: History
2025-12-26 08:30:52.180: [INFO][Sync] Loading: Saved Tab Group
2025-12-26 08:30:52.180: [INFO][Sync] Loading: WebAuthn Credentials
2025-12-26 08:30:52.180: [INFO][Sync] Loading: Collection
2025-12-26 08:30:52.180: [INFO][Sync] Loading: Edge E Drop
2025-12-26 08:30:52.180: [INFO][Sync] Loading: Edge Hub App Usage
2025-12-26 08:30:52.180: [INFO][Sync] Loading: Edge Wallet
2025-12-26 08:30:52.186: [INFO][Sync] All data types are ready for configure.
2025-12-26 08:30:52.882: [INFO][SyncEngineBackend::DoStartConfiguration] Start configuration
2025-12-26 08:30:52.882: [INFO][Sync] Started DataTypeManager configuration, reason: 5
2025-12-26 08:30:52.882: [INFO][Sync] Configuring for: Bookmarks, Preferences, Passwords, Autofill Profiles, Autofill, Extensions, Sessions, Extension settings, History Delete Directives, Device Info, User Consents, Send Tab To Self, Web Apps, History, Saved Tab Group, WebAuthn Credentials, Collection, Edge E Drop, Edge Hub App Usage, Edge Wallet, Encryption Keys, reason: 5, current state: 1
2025-12-26 08:30:52.882: [INFO][SyncManagerImpl::ConfigureSyncer] Types to download:  with reason: 4
2025-12-26 08:30:52.882: [INFO][SyncEngineBackend::DoFinishConfigureDataTypes] Failed to download types:  and succeeded types: 
2025-12-26 08:30:52.883: [INFO][Sync] ConfigurationDone, failed: , succeeded: , remaining count: 4
2025-12-26 08:30:52.883: [WARN][Sync]     Reconfigure requested while configuration ongoing.
2025-12-26 08:30:52.883: [INFO][Sync] Configuring for: Bookmarks, Preferences, Passwords, Autofill Profiles, Autofill, Extensions, Sessions, Extension settings, History Delete Directives, Device Info, User Consents, Send Tab To Self, Web Apps, History, Saved Tab Group, WebAuthn Credentials, Collection, Edge E Drop, Edge Hub App Usage, Edge Wallet, Encryption Keys, reason: 5, current state: 2
2025-12-26 08:30:52.883: [INFO][Sync] Configure, desired: Bookmarks, Preferences, Passwords, Autofill Profiles, Autofill, Extensions, Sessions, Extension settings, History Delete Directives, Device Info, User Consents, Send Tab To Self, Web Apps, History, Saved Tab Group, WebAuthn Credentials, Collection, Edge E Drop, Edge Hub App Usage, Edge Wallet, Encryption Keys; Allow fail: 
2025-12-26 08:30:52.883: [INFO][Sync] Loading: Passwords
2025-12-26 08:30:52.883: [INFO][Sync] Loading: Autofill Profiles
2025-12-26 08:30:52.883: [INFO][Sync] Loading: Autofill
2025-12-26 08:30:52.883: [INFO][Sync] All data types are ready for configure.
2025-12-26 08:30:52.883: [INFO][SyncManagerImpl::NudgeForInitialDownload] Initial download nudge for Passwords
2025-12-26 08:30:52.883: [INFO][SyncManagerImpl::ConfigureSyncer] Types to download:  with reason: 5
2025-12-26 08:30:52.883: [INFO][SyncEngineBackend::DoFinishConfigureDataTypes] Failed to download types:  and succeeded types: 
2025-12-26 08:30:52.883: [INFO][Sync] ConfigurationDone, failed: , succeeded: , remaining count: 4
2025-12-26 08:30:52.883: [INFO][Sync] Prepare to configure types: Passwords, Encryption Keys
2025-12-26 08:30:52.883: [INFO][SyncManagerImpl::ConfigureSyncer] Types to download: Passwords, Encryption Keys with reason: 5
2025-12-26 08:30:52.883: [INFO][SyncSchedulerImpl::DoConfigurationSyncCycleJob] Blocked types:  and types to download: Passwords, Encryption Keys
2025-12-26 08:30:53.084: [INFO][SyncEngineBackend::DoFinishConfigureDataTypes] Failed to download types:  and succeeded types: Passwords, Encryption Keys
2025-12-26 08:30:53.085: [INFO][Sync] ConfigurationDone, failed: , succeeded: Passwords, Encryption Keys, remaining count: 3
2025-12-26 08:30:53.085: [INFO][SyncManagerImpl::ConfigureSyncer] Types to download:  with reason: 5
2025-12-26 08:30:53.085: [INFO][SyncEngineBackend::DoFinishConfigureDataTypes] Failed to download types:  and succeeded types: 
2025-12-26 08:30:53.085: [INFO][Sync] ConfigurationDone, failed: , succeeded: , remaining count: 2
2025-12-26 08:30:53.085: [INFO][SyncManagerImpl::ConfigureSyncer] Types to download:  with reason: 5
2025-12-26 08:30:53.085: [INFO][SyncEngineBackend::DoFinishConfigureDataTypes] Failed to download types:  and succeeded types: 
2025-12-26 08:30:53.088: [INFO][Sync] ConfigurationDone, failed: , succeeded: , remaining count: 1
2025-12-26 08:30:53.089: [INFO][SyncManagerImpl::ConfigureSyncer] Types to download:  with reason: 5
2025-12-26 08:30:53.089: [INFO][SyncEngineBackend::DoFinishConfigureDataTypes] Failed to download types:  and succeeded types: 
2025-12-26 08:30:53.089: [INFO][Sync] ConfigurationDone, failed: , succeeded: , remaining count: 0
2025-12-26 08:30:53.090: [INFO][Sync]     Configuration completed, state: 7
2025-12-26 08:30:53.091: [INFO][Sync] Configured DataTypeManager: Ok
2025-12-26 08:30:53.092: [INFO][SyncEngineBackend::DoStartSyncing] Start syncing
2025-12-26 08:31:57.069: [INFO][Sync] Reset engine, reason: 0
2025-12-26 08:31:57.069: [INFO][Sync] Reset engine with reason: 0
2025-12-26 08:38:34.710: [INFO][Sync] SyncState after authenticated was: FeatureCanStart
2025-12-26 08:38:36.106: [INFO][SyncAuthManager::SetLastAuthError] Current auth error: None
2025-12-26 08:38:36.106: [INFO][SyncAuthManager::EdgeLogTokenErrorState] Token error with: None for account type: MSA
2025-12-26 08:38:36.106: [INFO][Sync] Credentials changed for: EdgeSyncKeyDataScope
2025-12-26 08:38:39.436: [INFO][Sync] Try to start sync engine
2025-12-26 08:38:39.470: [INFO][SyncManagerImpl::NudgeForInitialDownload] Initial download nudge for Encryption Keys
2025-12-26 08:38:39.470: [INFO][SyncEngineBackend::LoadAndConnectNigoriController] Load and connect Nigori controller
2025-12-26 08:38:39.470: [INFO][SyncEngineBackend::DoInitialize] Control Types added: Encryption Keys
2025-12-26 08:38:39.470: [INFO][SyncManagerImpl::ConfigureSyncer] Types to download: Encryption Keys with reason: 3
2025-12-26 08:38:39.470: [INFO][SyncEngineBackend::DoUpdateKeyDataCredentials] Update key data credentials
2025-12-26 08:38:39.470: [INFO][SyncSchedulerImpl::DoConfigurationSyncCycleJob] Configure job was blocked
2025-12-26 08:38:39.485: [INFO][SyncAuthManager::SetLastAuthError] Current auth error: None
2025-12-26 08:38:39.485: [INFO][SyncAuthManager::EdgeLogTokenErrorState] Token error with: None for account type: MSA
2025-12-26 08:38:39.485: [INFO][Sync] Credentials changed for: EdgeSyncScopeNew
2025-12-26 08:38:39.485: [INFO][SyncEngineBackend::DoUpdateCredentials] Update credentials
2025-12-26 08:38:39.485: [INFO][SyncSchedulerImpl::DoConfigurationSyncCycleJob] Blocked types:  and types to download: Encryption Keys
2025-12-26 08:38:39.773: [INFO][SyncEngineBackend::DoUpdateKeyDataCredentials] Update key data credentials
2025-12-26 08:38:39.775: [INFO][Sync] Started DataTypeManager configuration, reason: 4
2025-12-26 08:38:39.775: [INFO][Sync] Configuring for: Bookmarks, Preferences, Passwords, Autofill Profiles, Autofill, Extensions, Sessions, Extension settings, History Delete Directives, Device Info, User Consents, Send Tab To Self, Web Apps, History, Saved Tab Group, WebAuthn Credentials, Collection, Edge E Drop, Edge Hub App Usage, Edge Wallet, Encryption Keys, reason: 4, current state: 0
2025-12-26 08:38:39.775: [WARN][Sync] Crypto error data types: Passwords, Autofill Profiles, Autofill
2025-12-26 08:38:39.776: [INFO][Sync] Configure, desired: Bookmarks, Preferences, Extensions, Sessions, Extension settings, History Delete Directives, Device Info, User Consents, Send Tab To Self, Web Apps, History, Saved Tab Group, WebAuthn Credentials, Collection, Edge E Drop, Edge Hub App Usage, Edge Wallet, Encryption Keys; Allow fail: Passwords, Autofill Profiles, Autofill
2025-12-26 08:38:39.776: [INFO][Sync] Loading: Bookmarks
2025-12-26 08:38:39.776: [INFO][Sync] Loading: Preferences
2025-12-26 08:38:39.776: [INFO][Sync] Loading: Extensions
2025-12-26 08:38:39.776: [INFO][Sync] Loading: Sessions
2025-12-26 08:38:39.776: [INFO][Sync] Loading: Extension settings
2025-12-26 08:38:39.776: [INFO][Sync] Loading: History Delete Directives
2025-12-26 08:38:39.776: [INFO][Sync] Loading: Device Info
2025-12-26 08:38:39.776: [INFO][Sync] Loading: User Consents
2025-12-26 08:38:39.776: [INFO][Sync] Loading: Send Tab To Self
2025-12-26 08:38:39.776: [INFO][Sync] Loading: Web Apps
2025-12-26 08:38:39.776: [INFO][Sync] Loading: History
2025-12-26 08:38:39.776: [INFO][Sync] Loading: Saved Tab Group
2025-12-26 08:38:39.776: [INFO][Sync] Loading: WebAuthn Credentials
2025-12-26 08:38:39.776: [INFO][Sync] Loading: Collection
2025-12-26 08:38:39.776: [INFO][Sync] Loading: Edge E Drop
2025-12-26 08:38:39.776: [INFO][Sync] Loading: Edge Hub App Usage
2025-12-26 08:38:39.776: [INFO][Sync] Loading: Edge Wallet
2025-12-26 08:38:39.780: [INFO][Sync] All data types are ready for configure.
2025-12-26 08:38:40.335: [INFO][SyncEngineBackend::DoStartConfiguration] Start configuration
2025-12-26 08:38:40.335: [INFO][SyncManagerImpl::ConfigureSyncer] Types to download:  with reason: 4
2025-12-26 08:38:40.335: [INFO][SyncEngineBackend::DoFinishConfigureDataTypes] Failed to download types:  and succeeded types: 
2025-12-26 08:38:40.335: [INFO][Sync] Started DataTypeManager configuration, reason: 5
2025-12-26 08:38:40.335: [INFO][Sync] Configuring for: Bookmarks, Preferences, Passwords, Autofill Profiles, Autofill, Extensions, Sessions, Extension settings, History Delete Directives, Device Info, User Consents, Send Tab To Self, Web Apps, History, Saved Tab Group, WebAuthn Credentials, Collection, Edge E Drop, Edge Hub App Usage, Edge Wallet, Encryption Keys, reason: 5, current state: 1
2025-12-26 08:38:40.336: [INFO][Sync] ConfigurationDone, failed: , succeeded: , remaining count: 4
2025-12-26 08:38:40.336: [WARN][Sync]     Reconfigure requested while configuration ongoing.
2025-12-26 08:38:40.336: [INFO][Sync] Configuring for: Bookmarks, Preferences, Passwords, Autofill Profiles, Autofill, Extensions, Sessions, Extension settings, History Delete Directives, Device Info, User Consents, Send Tab To Self, Web Apps, History, Saved Tab Group, WebAuthn Credentials, Collection, Edge E Drop, Edge Hub App Usage, Edge Wallet, Encryption Keys, reason: 5, current state: 2
2025-12-26 08:38:40.336: [INFO][Sync] Configure, desired: Bookmarks, Preferences, Passwords, Autofill Profiles, Autofill, Extensions, Sessions, Extension settings, History Delete Directives, Device Info, User Consents, Send Tab To Self, Web Apps, History, Saved Tab Group, WebAuthn Credentials, Collection, Edge E Drop, Edge Hub App Usage, Edge Wallet, Encryption Keys; Allow fail: 
2025-12-26 08:38:40.336: [INFO][Sync] Loading: Passwords
2025-12-26 08:38:40.336: [INFO][Sync] Loading: Autofill Profiles
2025-12-26 08:38:40.336: [INFO][Sync] Loading: Autofill
2025-12-26 08:38:40.336: [INFO][Sync] All data types are ready for configure.
2025-12-26 08:38:40.336: [INFO][SyncManagerImpl::NudgeForInitialDownload] Initial download nudge for Passwords
2025-12-26 08:38:40.336: [INFO][SyncManagerImpl::ConfigureSyncer] Types to download:  with reason: 5
2025-12-26 08:38:40.336: [INFO][SyncEngineBackend::DoFinishConfigureDataTypes] Failed to download types:  and succeeded types: 
2025-12-26 08:38:40.336: [INFO][Sync] ConfigurationDone, failed: , succeeded: , remaining count: 4
2025-12-26 08:38:40.336: [INFO][Sync] Prepare to configure types: Passwords, Encryption Keys
2025-12-26 08:38:40.336: [INFO][SyncManagerImpl::ConfigureSyncer] Types to download: Passwords, Encryption Keys with reason: 5
2025-12-26 08:38:40.337: [INFO][SyncSchedulerImpl::DoConfigurationSyncCycleJob] Blocked types:  and types to download: Passwords, Encryption Keys
2025-12-26 08:38:40.629: [INFO][SyncEngineBackend::DoFinishConfigureDataTypes] Failed to download types:  and succeeded types: Passwords, Encryption Keys
2025-12-26 08:38:40.631: [INFO][Sync] ConfigurationDone, failed: , succeeded: Passwords, Encryption Keys, remaining count: 3
2025-12-26 08:38:40.631: [INFO][SyncManagerImpl::ConfigureSyncer] Types to download:  with reason: 5
2025-12-26 08:38:40.631: [INFO][SyncEngineBackend::DoFinishConfigureDataTypes] Failed to download types:  and succeeded types: 
2025-12-26 08:38:40.631: [INFO][Sync] ConfigurationDone, failed: , succeeded: , remaining count: 2
2025-12-26 08:38:40.631: [INFO][SyncManagerImpl::ConfigureSyncer] Types to download:  with reason: 5
2025-12-26 08:38:40.631: [INFO][SyncEngineBackend::DoFinishConfigureDataTypes] Failed to download types:  and succeeded types: 
2025-12-26 08:38:40.633: [INFO][Sync] ConfigurationDone, failed: , succeeded: , remaining count: 1
2025-12-26 08:38:40.634: [INFO][SyncManagerImpl::ConfigureSyncer] Types to download:  with reason: 5
2025-12-26 08:38:40.634: [INFO][SyncEngineBackend::DoFinishConfigureDataTypes] Failed to download types:  and succeeded types: 
2025-12-26 08:38:40.634: [INFO][Sync] ConfigurationDone, failed: , succeeded: , remaining count: 0
2025-12-26 08:38:40.635: [INFO][Sync]     Configuration completed, state: 7
2025-12-26 08:38:40.636: [INFO][Sync] Configured DataTypeManager: Ok
2025-12-26 08:38:40.637: [INFO][SyncEngineBackend::DoStartSyncing] Start syncing
2025-12-26 08:39:23.383: [INFO][Sync] Reset engine, reason: 0
2025-12-26 08:39:23.383: [INFO][Sync] Reset engine with reason: 0
2025-12-26 08:41:41.316: [INFO][Sync] SyncState after authenticated was: FeatureCanStart
2025-12-26 08:41:42.346: [INFO][SyncAuthManager::SetLastAuthError] Current auth error: None
2025-12-26 08:41:42.346: [INFO][SyncAuthManager::EdgeLogTokenErrorState] Token error with: None for account type: MSA
2025-12-26 08:41:42.346: [INFO][Sync] Credentials changed for: EdgeSyncKeyDataScope
2025-12-26 08:41:46.287: [INFO][Sync] Try to start sync engine
2025-12-26 08:41:46.317: [INFO][SyncManagerImpl::NudgeForInitialDownload] Initial download nudge for Encryption Keys
2025-12-26 08:41:46.317: [INFO][SyncEngineBackend::LoadAndConnectNigoriController] Load and connect Nigori controller
2025-12-26 08:41:46.317: [INFO][SyncEngineBackend::DoInitialize] Control Types added: Encryption Keys
2025-12-26 08:41:46.317: [INFO][SyncManagerImpl::ConfigureSyncer] Types to download: Encryption Keys with reason: 3
2025-12-26 08:41:46.317: [INFO][SyncEngineBackend::DoUpdateKeyDataCredentials] Update key data credentials
2025-12-26 08:41:46.317: [INFO][SyncSchedulerImpl::DoConfigurationSyncCycleJob] Configure job was blocked
2025-12-26 08:41:46.333: [INFO][SyncAuthManager::SetLastAuthError] Current auth error: None
2025-12-26 08:41:46.333: [INFO][SyncAuthManager::EdgeLogTokenErrorState] Token error with: None for account type: MSA
2025-12-26 08:41:46.333: [INFO][Sync] Credentials changed for: EdgeSyncScopeNew
2025-12-26 08:41:46.333: [INFO][SyncEngineBackend::DoUpdateCredentials] Update credentials
2025-12-26 08:41:46.333: [INFO][SyncSchedulerImpl::DoConfigurationSyncCycleJob] Blocked types:  and types to download: Encryption Keys
2025-12-26 08:41:46.753: [INFO][SyncEngineBackend::DoUpdateKeyDataCredentials] Update key data credentials
2025-12-26 08:41:46.755: [INFO][Sync] Started DataTypeManager configuration, reason: 4
2025-12-26 08:41:46.755: [INFO][Sync] Configuring for: Bookmarks, Preferences, Passwords, Autofill Profiles, Autofill, Extensions, Sessions, Extension settings, History Delete Directives, Device Info, User Consents, Send Tab To Self, Web Apps, History, Saved Tab Group, WebAuthn Credentials, Collection, Edge E Drop, Edge Hub App Usage, Edge Wallet, Encryption Keys, reason: 4, current state: 0
2025-12-26 08:41:46.755: [WARN][Sync] Crypto error data types: Passwords, Autofill Profiles, Autofill
2025-12-26 08:41:46.756: [INFO][Sync] Configure, desired: Bookmarks, Preferences, Extensions, Sessions, Extension settings, History Delete Directives, Device Info, User Consents, Send Tab To Self, Web Apps, History, Saved Tab Group, WebAuthn Credentials, Collection, Edge E Drop, Edge Hub App Usage, Edge Wallet, Encryption Keys; Allow fail: Passwords, Autofill Profiles, Autofill
2025-12-26 08:41:46.756: [INFO][Sync] Loading: Bookmarks
2025-12-26 08:41:46.756: [INFO][Sync] Loading: Preferences
2025-12-26 08:41:46.756: [INFO][Sync] Loading: Extensions
2025-12-26 08:41:46.756: [INFO][Sync] Loading: Sessions
2025-12-26 08:41:46.756: [INFO][Sync] Loading: Extension settings
2025-12-26 08:41:46.756: [INFO][Sync] Loading: History Delete Directives
2025-12-26 08:41:46.756: [INFO][Sync] Loading: Device Info
2025-12-26 08:41:46.756: [INFO][Sync] Loading: User Consents
2025-12-26 08:41:46.756: [INFO][Sync] Loading: Send Tab To Self
2025-12-26 08:41:46.756: [INFO][Sync] Loading: Web Apps
2025-12-26 08:41:46.756: [INFO][Sync] Loading: History
2025-12-26 08:41:46.756: [INFO][Sync] Loading: Saved Tab Group
2025-12-26 08:41:46.756: [INFO][Sync] Loading: WebAuthn Credentials
2025-12-26 08:41:46.756: [INFO][Sync] Loading: Collection
2025-12-26 08:41:46.756: [INFO][Sync] Loading: Edge E Drop
2025-12-26 08:41:46.756: [INFO][Sync] Loading: Edge Hub App Usage
2025-12-26 08:41:46.756: [INFO][Sync] Loading: Edge Wallet
2025-12-26 08:41:46.757: [INFO][Sync] All data types are ready for configure.
2025-12-26 08:41:47.372: [INFO][Sync] Started DataTypeManager configuration, reason: 5
2025-12-26 08:41:47.372: [INFO][Sync] Configuring for: Bookmarks, Preferences, Passwords, Autofill Profiles, Autofill, Extensions, Sessions, Extension settings, History Delete Directives, Device Info, User Consents, Send Tab To Self, Web Apps, History, Saved Tab Group, WebAuthn Credentials, Collection, Edge E Drop, Edge Hub App Usage, Edge Wallet, Encryption Keys, reason: 5, current state: 1
2025-12-26 08:41:47.374: [INFO][SyncEngineBackend::DoStartConfiguration] Start configuration
2025-12-26 08:41:47.374: [INFO][SyncManagerImpl::ConfigureSyncer] Types to download:  with reason: 4
2025-12-26 08:41:47.374: [INFO][SyncEngineBackend::DoFinishConfigureDataTypes] Failed to download types:  and succeeded types: 
2025-12-26 08:41:47.376: [INFO][Sync] ConfigurationDone, failed: , succeeded: , remaining count: 4
2025-12-26 08:41:47.376: [WARN][Sync]     Reconfigure requested while configuration ongoing.
2025-12-26 08:41:47.376: [INFO][Sync] Configuring for: Bookmarks, Preferences, Passwords, Autofill Profiles, Autofill, Extensions, Sessions, Extension settings, History Delete Directives, Device Info, User Consents, Send Tab To Self, Web Apps, History, Saved Tab Group, WebAuthn Credentials, Collection, Edge E Drop, Edge Hub App Usage, Edge Wallet, Encryption Keys, reason: 5, current state: 2
2025-12-26 08:41:47.376: [INFO][Sync] Configure, desired: Bookmarks, Preferences, Passwords, Autofill Profiles, Autofill, Extensions, Sessions, Extension settings, History Delete Directives, Device Info, User Consents, Send Tab To Self, Web Apps, History, Saved Tab Group, WebAuthn Credentials, Collection, Edge E Drop, Edge Hub App Usage, Edge Wallet, Encryption Keys; Allow fail: 
2025-12-26 08:41:47.376: [INFO][Sync] Loading: Passwords
2025-12-26 08:41:47.376: [INFO][Sync] Loading: Autofill Profiles
2025-12-26 08:41:47.376: [INFO][Sync] Loading: Autofill
2025-12-26 08:41:47.376: [INFO][Sync] All data types are ready for configure.
2025-12-26 08:41:47.376: [INFO][SyncManagerImpl::NudgeForInitialDownload] Initial download nudge for Passwords
2025-12-26 08:41:47.376: [INFO][SyncManagerImpl::ConfigureSyncer] Types to download:  with reason: 5
2025-12-26 08:41:47.376: [INFO][SyncEngineBackend::DoFinishConfigureDataTypes] Failed to download types:  and succeeded types: 
2025-12-26 08:41:47.376: [INFO][Sync] ConfigurationDone, failed: , succeeded: , remaining count: 4
2025-12-26 08:41:47.376: [INFO][Sync] Prepare to configure types: Passwords, Encryption Keys
2025-12-26 08:41:47.376: [INFO][SyncManagerImpl::ConfigureSyncer] Types to download: Passwords, Encryption Keys with reason: 5
2025-12-26 08:41:47.376: [INFO][SyncSchedulerImpl::DoConfigurationSyncCycleJob] Blocked types:  and types to download: Passwords, Encryption Keys
2025-12-26 08:41:47.670: [INFO][SyncEngineBackend::DoFinishConfigureDataTypes] Failed to download types:  and succeeded types: Passwords, Encryption Keys
2025-12-26 08:41:47.672: [INFO][Sync] ConfigurationDone, failed: , succeeded: Passwords, Encryption Keys, remaining count: 3
2025-12-26 08:41:47.672: [INFO][SyncManagerImpl::ConfigureSyncer] Types to download:  with reason: 5
2025-12-26 08:41:47.672: [INFO][SyncEngineBackend::DoFinishConfigureDataTypes] Failed to download types:  and succeeded types: 
2025-12-26 08:41:47.673: [INFO][Sync] ConfigurationDone, failed: , succeeded: , remaining count: 2
2025-12-26 08:41:47.673: [INFO][SyncManagerImpl::ConfigureSyncer] Types to download:  with reason: 5
2025-12-26 08:41:47.673: [INFO][SyncEngineBackend::DoFinishConfigureDataTypes] Failed to download types:  and succeeded types: 
2025-12-26 08:41:47.673: [INFO][Sync] ConfigurationDone, failed: , succeeded: , remaining count: 1
2025-12-26 08:41:47.675: [INFO][SyncManagerImpl::ConfigureSyncer] Types to download:  with reason: 5
2025-12-26 08:41:47.675: [INFO][SyncEngineBackend::DoFinishConfigureDataTypes] Failed to download types:  and succeeded types: 
2025-12-26 08:41:47.676: [INFO][Sync] ConfigurationDone, failed: , succeeded: , remaining count: 0
2025-12-26 08:41:47.677: [INFO][Sync]     Configuration completed, state: 7
2025-12-26 08:41:47.678: [INFO][Sync] Configured DataTypeManager: Ok
2025-12-26 08:41:47.681: [INFO][SyncEngineBackend::DoStartSyncing] Start syncing
2025-12-26 08:46:05.583: [INFO][Sync] SyncState after authenticated was: FeatureCanStart
2025-12-26 08:46:07.055: [INFO][SyncAuthManager::SetLastAuthError] Current auth error: None
2025-12-26 08:46:07.055: [INFO][SyncAuthManager::EdgeLogTokenErrorState] Token error with: None for account type: MSA
2025-12-26 08:46:07.055: [INFO][Sync] Credentials changed for: EdgeSyncKeyDataScope
2025-12-26 08:46:10.414: [INFO][Sync] Try to start sync engine
2025-12-26 08:46:10.442: [INFO][SyncManagerImpl::NudgeForInitialDownload] Initial download nudge for Encryption Keys
2025-12-26 08:46:10.442: [INFO][SyncEngineBackend::LoadAndConnectNigoriController] Load and connect Nigori controller
2025-12-26 08:46:10.442: [INFO][SyncEngineBackend::DoInitialize] Control Types added: Encryption Keys
2025-12-26 08:46:10.442: [INFO][SyncManagerImpl::ConfigureSyncer] Types to download: Encryption Keys with reason: 3
2025-12-26 08:46:10.442: [INFO][SyncEngineBackend::DoUpdateKeyDataCredentials] Update key data credentials
2025-12-26 08:46:10.442: [INFO][SyncSchedulerImpl::DoConfigurationSyncCycleJob] Configure job was blocked
2025-12-26 08:46:10.458: [INFO][SyncAuthManager::SetLastAuthError] Current auth error: None
2025-12-26 08:46:10.458: [INFO][SyncAuthManager::EdgeLogTokenErrorState] Token error with: None for account type: MSA
2025-12-26 08:46:10.458: [INFO][Sync] Credentials changed for: EdgeSyncScopeNew
2025-12-26 08:46:10.458: [INFO][SyncEngineBackend::DoUpdateCredentials] Update credentials
2025-12-26 08:46:10.458: [INFO][SyncSchedulerImpl::DoConfigurationSyncCycleJob] Blocked types:  and types to download: Encryption Keys
2025-12-26 08:46:10.746: [INFO][SyncEngineBackend::DoUpdateKeyDataCredentials] Update key data credentials
2025-12-26 08:46:10.749: [INFO][Sync] Started DataTypeManager configuration, reason: 4
2025-12-26 08:46:10.749: [INFO][Sync] Configuring for: Bookmarks, Preferences, Passwords, Autofill Profiles, Autofill, Extensions, Sessions, Extension settings, History Delete Directives, Device Info, User Consents, Send Tab To Self, Web Apps, History, Saved Tab Group, WebAuthn Credentials, Collection, Edge E Drop, Edge Hub App Usage, Edge Wallet, Encryption Keys, reason: 4, current state: 0
2025-12-26 08:46:10.749: [WARN][Sync] Crypto error data types: Passwords, Autofill Profiles, Autofill
2025-12-26 08:46:10.750: [INFO][Sync] Configure, desired: Bookmarks, Preferences, Extensions, Sessions, Extension settings, History Delete Directives, Device Info, User Consents, Send Tab To Self, Web Apps, History, Saved Tab Group, WebAuthn Credentials, Collection, Edge E Drop, Edge Hub App Usage, Edge Wallet, Encryption Keys; Allow fail: Passwords, Autofill Profiles, Autofill
2025-12-26 08:46:10.750: [INFO][Sync] Loading: Bookmarks
2025-12-26 08:46:10.750: [INFO][Sync] Loading: Preferences
2025-12-26 08:46:10.750: [INFO][Sync] Loading: Extensions
2025-12-26 08:46:10.750: [INFO][Sync] Loading: Sessions
2025-12-26 08:46:10.750: [INFO][Sync] Loading: Extension settings
2025-12-26 08:46:10.750: [INFO][Sync] Loading: History Delete Directives
2025-12-26 08:46:10.750: [INFO][Sync] Loading: Device Info
2025-12-26 08:46:10.750: [INFO][Sync] Loading: User Consents
2025-12-26 08:46:10.750: [INFO][Sync] Loading: Send Tab To Self
2025-12-26 08:46:10.750: [INFO][Sync] Loading: Web Apps
2025-12-26 08:46:10.750: [INFO][Sync] Loading: History
2025-12-26 08:46:10.750: [INFO][Sync] Loading: Saved Tab Group
2025-12-26 08:46:10.750: [INFO][Sync] Loading: WebAuthn Credentials
2025-12-26 08:46:10.750: [INFO][Sync] Loading: Collection
2025-12-26 08:46:10.750: [INFO][Sync] Loading: Edge E Drop
2025-12-26 08:46:10.750: [INFO][Sync] Loading: Edge Hub App Usage
2025-12-26 08:46:10.750: [INFO][Sync] Loading: Edge Wallet
2025-12-26 08:46:10.754: [INFO][Sync] All data types are ready for configure.
2025-12-26 08:46:11.174: [INFO][SyncEngineBackend::DoStartConfiguration] Start configuration
2025-12-26 08:46:11.175: [INFO][SyncManagerImpl::ConfigureSyncer] Types to download:  with reason: 4
2025-12-26 08:46:11.175: [INFO][SyncEngineBackend::DoFinishConfigureDataTypes] Failed to download types:  and succeeded types: 
2025-12-26 08:46:11.175: [INFO][Sync] Started DataTypeManager configuration, reason: 5
2025-12-26 08:46:11.175: [INFO][Sync] Configuring for: Bookmarks, Preferences, Passwords, Autofill Profiles, Autofill, Extensions, Sessions, Extension settings, History Delete Directives, Device Info, User Consents, Send Tab To Self, Web Apps, History, Saved Tab Group, WebAuthn Credentials, Collection, Edge E Drop, Edge Hub App Usage, Edge Wallet, Encryption Keys, reason: 5, current state: 1
2025-12-26 08:46:11.176: [INFO][Sync] ConfigurationDone, failed: , succeeded: , remaining count: 4
2025-12-26 08:46:11.176: [WARN][Sync]     Reconfigure requested while configuration ongoing.
2025-12-26 08:46:11.176: [INFO][Sync] Configuring for: Bookmarks, Preferences, Passwords, Autofill Profiles, Autofill, Extensions, Sessions, Extension settings, History Delete Directives, Device Info, User Consents, Send Tab To Self, Web Apps, History, Saved Tab Group, WebAuthn Credentials, Collection, Edge E Drop, Edge Hub App Usage, Edge Wallet, Encryption Keys, reason: 5, current state: 2
2025-12-26 08:46:11.176: [INFO][Sync] Configure, desired: Bookmarks, Preferences, Passwords, Autofill Profiles, Autofill, Extensions, Sessions, Extension settings, History Delete Directives, Device Info, User Consents, Send Tab To Self, Web Apps, History, Saved Tab Group, WebAuthn Credentials, Collection, Edge E Drop, Edge Hub App Usage, Edge Wallet, Encryption Keys; Allow fail: 
2025-12-26 08:46:11.176: [INFO][Sync] Loading: Passwords
2025-12-26 08:46:11.176: [INFO][Sync] Loading: Autofill Profiles
2025-12-26 08:46:11.176: [INFO][Sync] Loading: Autofill
2025-12-26 08:46:11.176: [INFO][Sync] All data types are ready for configure.
2025-12-26 08:46:11.176: [INFO][SyncManagerImpl::NudgeForInitialDownload] Initial download nudge for Passwords
2025-12-26 08:46:11.176: [INFO][SyncManagerImpl::ConfigureSyncer] Types to download:  with reason: 5
2025-12-26 08:46:11.176: [INFO][SyncEngineBackend::DoFinishConfigureDataTypes] Failed to download types:  and succeeded types: 
2025-12-26 08:46:11.176: [INFO][Sync] ConfigurationDone, failed: , succeeded: , remaining count: 4
2025-12-26 08:46:11.176: [INFO][Sync] Prepare to configure types: Passwords, Encryption Keys
2025-12-26 08:46:11.176: [INFO][SyncManagerImpl::ConfigureSyncer] Types to download: Passwords, Encryption Keys with reason: 5
2025-12-26 08:46:11.176: [INFO][SyncSchedulerImpl::DoConfigurationSyncCycleJob] Blocked types:  and types to download: Passwords, Encryption Keys
2025-12-26 08:46:11.381: [INFO][SyncEngineBackend::DoFinishConfigureDataTypes] Failed to download types:  and succeeded types: Passwords, Encryption Keys
2025-12-26 08:46:11.382: [INFO][Sync] ConfigurationDone, failed: , succeeded: Passwords, Encryption Keys, remaining count: 3
2025-12-26 08:46:11.382: [INFO][SyncManagerImpl::ConfigureSyncer] Types to download:  with reason: 5
2025-12-26 08:46:11.382: [INFO][SyncEngineBackend::DoFinishConfigureDataTypes] Failed to download types:  and succeeded types: 
2025-12-26 08:46:11.382: [INFO][Sync] ConfigurationDone, failed: , succeeded: , remaining count: 2
2025-12-26 08:46:11.382: [INFO][SyncManagerImpl::ConfigureSyncer] Types to download:  with reason: 5
2025-12-26 08:46:11.382: [INFO][SyncEngineBackend::DoFinishConfigureDataTypes] Failed to download types:  and succeeded types: 
2025-12-26 08:46:11.383: [INFO][Sync] ConfigurationDone, failed: , succeeded: , remaining count: 1
2025-12-26 08:46:11.384: [INFO][SyncManagerImpl::ConfigureSyncer] Types to download:  with reason: 5
2025-12-26 08:46:11.384: [INFO][SyncEngineBackend::DoFinishConfigureDataTypes] Failed to download types:  and succeeded types: 
2025-12-26 08:46:11.384: [INFO][Sync] ConfigurationDone, failed: , succeeded: , remaining count: 0
2025-12-26 08:46:11.385: [INFO][Sync]     Configuration completed, state: 7
2025-12-26 08:46:11.386: [INFO][Sync] Configured DataTypeManager: Ok
2025-12-26 08:46:11.387: [INFO][SyncEngineBackend::DoStartSyncing] Start syncing
2025-12-26 08:47:22.611: [INFO][Sync] Reset engine, reason: 0
2025-12-26 08:47:22.611: [INFO][Sync] Reset engine with reason: 0
2025-12-26 08:49:49.649: [INFO][Sync] SyncState after authenticated was: FeatureCanStart
2025-12-26 08:49:51.100: [INFO][SyncAuthManager::SetLastAuthError] Current auth error: None
2025-12-26 08:49:51.100: [INFO][SyncAuthManager::EdgeLogTokenErrorState] Token error with: None for account type: MSA
2025-12-26 08:49:51.101: [INFO][Sync] Credentials changed for: EdgeSyncKeyDataScope
2025-12-26 08:49:54.477: [INFO][Sync] Try to start sync engine
2025-12-26 08:49:54.509: [INFO][SyncManagerImpl::NudgeForInitialDownload] Initial download nudge for Encryption Keys
2025-12-26 08:49:54.509: [INFO][SyncEngineBackend::LoadAndConnectNigoriController] Load and connect Nigori controller
2025-12-26 08:49:54.509: [INFO][SyncEngineBackend::DoInitialize] Control Types added: Encryption Keys
2025-12-26 08:49:54.509: [INFO][SyncManagerImpl::ConfigureSyncer] Types to download: Encryption Keys with reason: 3
2025-12-26 08:49:54.509: [INFO][SyncEngineBackend::DoUpdateKeyDataCredentials] Update key data credentials
2025-12-26 08:49:54.509: [INFO][SyncSchedulerImpl::DoConfigurationSyncCycleJob] Configure job was blocked
2025-12-26 08:49:54.527: [INFO][SyncAuthManager::SetLastAuthError] Current auth error: None
2025-12-26 08:49:54.527: [INFO][SyncAuthManager::EdgeLogTokenErrorState] Token error with: None for account type: MSA
2025-12-26 08:49:54.527: [INFO][Sync] Credentials changed for: EdgeSyncScopeNew
2025-12-26 08:49:54.527: [INFO][SyncEngineBackend::DoUpdateCredentials] Update credentials
2025-12-26 08:49:54.527: [INFO][SyncSchedulerImpl::DoConfigurationSyncCycleJob] Blocked types:  and types to download: Encryption Keys
2025-12-26 08:49:54.952: [INFO][SyncEngineBackend::DoUpdateKeyDataCredentials] Update key data credentials
2025-12-26 08:49:54.956: [INFO][Sync] Started DataTypeManager configuration, reason: 4
2025-12-26 08:49:54.956: [INFO][Sync] Configuring for: Bookmarks, Preferences, Passwords, Autofill Profiles, Autofill, Extensions, Sessions, Extension settings, History Delete Directives, Device Info, User Consents, Send Tab To Self, Web Apps, History, Saved Tab Group, WebAuthn Credentials, Collection, Edge E Drop, Edge Hub App Usage, Edge Wallet, Encryption Keys, reason: 4, current state: 0
2025-12-26 08:49:54.956: [WARN][Sync] Crypto error data types: Passwords, Autofill Profiles, Autofill
2025-12-26 08:49:54.957: [INFO][Sync] Configure, desired: Bookmarks, Preferences, Extensions, Sessions, Extension settings, History Delete Directives, Device Info, User Consents, Send Tab To Self, Web Apps, History, Saved Tab Group, WebAuthn Credentials, Collection, Edge E Drop, Edge Hub App Usage, Edge Wallet, Encryption Keys; Allow fail: Passwords, Autofill Profiles, Autofill
2025-12-26 08:49:54.957: [INFO][Sync] Loading: Bookmarks
2025-12-26 08:49:54.957: [INFO][Sync] Loading: Preferences
2025-12-26 08:49:54.957: [INFO][Sync] Loading: Extensions
2025-12-26 08:49:54.957: [INFO][Sync] Loading: Sessions
2025-12-26 08:49:54.957: [INFO][Sync] Loading: Extension settings
2025-12-26 08:49:54.957: [INFO][Sync] Loading: History Delete Directives
2025-12-26 08:49:54.957: [INFO][Sync] Loading: Device Info
2025-12-26 08:49:54.957: [INFO][Sync] Loading: User Consents
2025-12-26 08:49:54.957: [INFO][Sync] Loading: Send Tab To Self
2025-12-26 08:49:54.957: [INFO][Sync] Loading: Web Apps
2025-12-26 08:49:54.957: [INFO][Sync] Loading: History
2025-12-26 08:49:54.957: [INFO][Sync] Loading: Saved Tab Group
2025-12-26 08:49:54.957: [INFO][Sync] Loading: WebAuthn Credentials
2025-12-26 08:49:54.957: [INFO][Sync] Loading: Collection
2025-12-26 08:49:54.957: [INFO][Sync] Loading: Edge E Drop
2025-12-26 08:49:54.957: [INFO][Sync] Loading: Edge Hub App Usage
2025-12-26 08:49:54.957: [INFO][Sync] Loading: Edge Wallet
2025-12-26 08:49:54.962: [INFO][Sync] All data types are ready for configure.
2025-12-26 08:49:55.848: [INFO][Sync] Started DataTypeManager configuration, reason: 5
2025-12-26 08:49:55.848: [INFO][Sync] Configuring for: Bookmarks, Preferences, Passwords, Autofill Profiles, Autofill, Extensions, Sessions, Extension settings, History Delete Directives, Device Info, User Consents, Send Tab To Self, Web Apps, History, Saved Tab Group, WebAuthn Credentials, Collection, Edge E Drop, Edge Hub App Usage, Edge Wallet, Encryption Keys, reason: 5, current state: 1
2025-12-26 08:49:55.850: [INFO][SyncEngineBackend::DoStartConfiguration] Start configuration
2025-12-26 08:49:55.850: [INFO][SyncManagerImpl::ConfigureSyncer] Types to download:  with reason: 4
2025-12-26 08:49:55.850: [INFO][SyncEngineBackend::DoFinishConfigureDataTypes] Failed to download types:  and succeeded types: 
2025-12-26 08:49:55.852: [INFO][Sync] ConfigurationDone, failed: , succeeded: , remaining count: 4
2025-12-26 08:49:55.852: [WARN][Sync]     Reconfigure requested while configuration ongoing.
2025-12-26 08:49:55.852: [INFO][Sync] Configuring for: Bookmarks, Preferences, Passwords, Autofill Profiles, Autofill, Extensions, Sessions, Extension settings, History Delete Directives, Device Info, User Consents, Send Tab To Self, Web Apps, History, Saved Tab Group, WebAuthn Credentials, Collection, Edge E Drop, Edge Hub App Usage, Edge Wallet, Encryption Keys, reason: 5, current state: 2
2025-12-26 08:49:55.852: [INFO][Sync] Configure, desired: Bookmarks, Preferences, Passwords, Autofill Profiles, Autofill, Extensions, Sessions, Extension settings, History Delete Directives, Device Info, User Consents, Send Tab To Self, Web Apps, History, Saved Tab Group, WebAuthn Credentials, Collection, Edge E Drop, Edge Hub App Usage, Edge Wallet, Encryption Keys; Allow fail: 
2025-12-26 08:49:55.852: [INFO][Sync] Loading: Passwords
2025-12-26 08:49:55.852: [INFO][Sync] Loading: Autofill Profiles
2025-12-26 08:49:55.852: [INFO][Sync] Loading: Autofill
2025-12-26 08:49:55.857: [INFO][Sync] All data types are ready for configure.
2025-12-26 08:49:55.857: [INFO][SyncManagerImpl::NudgeForInitialDownload] Initial download nudge for Passwords
2025-12-26 08:49:55.857: [INFO][SyncManagerImpl::ConfigureSyncer] Types to download:  with reason: 5
2025-12-26 08:49:55.857: [INFO][SyncEngineBackend::DoFinishConfigureDataTypes] Failed to download types:  and succeeded types: 
2025-12-26 08:49:55.858: [INFO][Sync] ConfigurationDone, failed: , succeeded: , remaining count: 4
2025-12-26 08:49:55.858: [INFO][Sync] Prepare to configure types: Passwords, Encryption Keys
2025-12-26 08:49:55.858: [INFO][SyncManagerImpl::ConfigureSyncer] Types to download: Passwords, Encryption Keys with reason: 5
2025-12-26 08:49:55.858: [INFO][SyncSchedulerImpl::DoConfigurationSyncCycleJob] Blocked types:  and types to download: Passwords, Encryption Keys
2025-12-26 08:49:56.064: [INFO][SyncEngineBackend::DoFinishConfigureDataTypes] Failed to download types:  and succeeded types: Passwords, Encryption Keys
2025-12-26 08:49:56.066: [INFO][Sync] ConfigurationDone, failed: , succeeded: Passwords, Encryption Keys, remaining count: 3
2025-12-26 08:49:56.066: [INFO][SyncManagerImpl::ConfigureSyncer] Types to download:  with reason: 5
2025-12-26 08:49:56.066: [INFO][SyncEngineBackend::DoFinishConfigureDataTypes] Failed to download types:  and succeeded types: 
2025-12-26 08:49:56.066: [INFO][Sync] ConfigurationDone, failed: , succeeded: , remaining count: 2
2025-12-26 08:49:56.066: [INFO][SyncManagerImpl::ConfigureSyncer] Types to download:  with reason: 5
2025-12-26 08:49:56.066: [INFO][SyncEngineBackend::DoFinishConfigureDataTypes] Failed to download types:  and succeeded types: 
2025-12-26 08:49:56.066: [INFO][Sync] ConfigurationDone, failed: , succeeded: , remaining count: 1
2025-12-26 08:49:56.067: [INFO][SyncManagerImpl::ConfigureSyncer] Types to download:  with reason: 5
2025-12-26 08:49:56.067: [INFO][SyncEngineBackend::DoFinishConfigureDataTypes] Failed to download types:  and succeeded types: 
2025-12-26 08:49:56.067: [INFO][Sync] ConfigurationDone, failed: , succeeded: , remaining count: 0
2025-12-26 08:49:56.068: [INFO][Sync]     Configuration completed, state: 7
2025-12-26 08:49:56.069: [INFO][Sync] Configured DataTypeManager: Ok
2025-12-26 08:49:56.070: [INFO][SyncEngineBackend::DoStartSyncing] Start syncing
2025-12-26 08:50:46.449: [INFO][Sync] Reset engine, reason: 0
2025-12-26 08:50:46.449: [INFO][Sync] Reset engine with reason: 0
2025-12-26 08:55:18.031: [INFO][Sync] SyncState after authenticated was: FeatureCanStart
2025-12-26 08:55:19.412: [INFO][SyncAuthManager::SetLastAuthError] Current auth error: None
2025-12-26 08:55:19.412: [INFO][SyncAuthManager::EdgeLogTokenErrorState] Token error with: None for account type: MSA
2025-12-26 08:55:19.412: [INFO][Sync] Credentials changed for: EdgeSyncKeyDataScope
2025-12-26 08:55:23.171: [INFO][Sync] Try to start sync engine
2025-12-26 08:55:23.191: [INFO][SyncManagerImpl::NudgeForInitialDownload] Initial download nudge for Encryption Keys
2025-12-26 08:55:23.191: [INFO][SyncEngineBackend::LoadAndConnectNigoriController] Load and connect Nigori controller
2025-12-26 08:55:23.191: [INFO][SyncEngineBackend::DoInitialize] Control Types added: Encryption Keys
2025-12-26 08:55:23.191: [INFO][SyncManagerImpl::ConfigureSyncer] Types to download: Encryption Keys with reason: 3
2025-12-26 08:55:23.191: [INFO][SyncEngineBackend::DoUpdateKeyDataCredentials] Update key data credentials
2025-12-26 08:55:23.191: [INFO][SyncSchedulerImpl::DoConfigurationSyncCycleJob] Configure job was blocked
2025-12-26 08:55:23.217: [INFO][SyncAuthManager::SetLastAuthError] Current auth error: None
2025-12-26 08:55:23.217: [INFO][SyncAuthManager::EdgeLogTokenErrorState] Token error with: None for account type: MSA
2025-12-26 08:55:23.217: [INFO][Sync] Credentials changed for: EdgeSyncScopeNew
2025-12-26 08:55:23.217: [INFO][SyncEngineBackend::DoUpdateCredentials] Update credentials
2025-12-26 08:55:23.217: [INFO][SyncEngineBackend::DoUpdateKeyDataCredentials] Update key data credentials
2025-12-26 08:55:23.217: [INFO][SyncSchedulerImpl::DoConfigurationSyncCycleJob] Blocked types:  and types to download: Encryption Keys
2025-12-26 08:55:23.613: [INFO][Sync] Started DataTypeManager configuration, reason: 4
2025-12-26 08:55:23.613: [INFO][Sync] Configuring for: Bookmarks, Preferences, Passwords, Autofill Profiles, Autofill, Extensions, Sessions, Extension settings, History Delete Directives, Device Info, User Consents, Send Tab To Self, Web Apps, History, Saved Tab Group, WebAuthn Credentials, Collection, Edge E Drop, Edge Hub App Usage, Edge Wallet, Encryption Keys, reason: 4, current state: 0
2025-12-26 08:55:23.613: [WARN][Sync] Crypto error data types: Passwords, Autofill Profiles, Autofill
2025-12-26 08:55:23.614: [INFO][Sync] Configure, desired: Bookmarks, Preferences, Extensions, Sessions, Extension settings, History Delete Directives, Device Info, User Consents, Send Tab To Self, Web Apps, History, Saved Tab Group, WebAuthn Credentials, Collection, Edge E Drop, Edge Hub App Usage, Edge Wallet, Encryption Keys; Allow fail: Passwords, Autofill Profiles, Autofill
2025-12-26 08:55:23.614: [INFO][Sync] Loading: Bookmarks
2025-12-26 08:55:23.614: [INFO][Sync] Loading: Preferences
2025-12-26 08:55:23.614: [INFO][Sync] Loading: Extensions
2025-12-26 08:55:23.614: [INFO][Sync] Loading: Sessions
2025-12-26 08:55:23.614: [INFO][Sync] Loading: Extension settings
2025-12-26 08:55:23.614: [INFO][Sync] Loading: History Delete Directives
2025-12-26 08:55:23.614: [INFO][Sync] Loading: Device Info
2025-12-26 08:55:23.614: [INFO][Sync] Loading: User Consents
2025-12-26 08:55:23.614: [INFO][Sync] Loading: Send Tab To Self
2025-12-26 08:55:23.614: [INFO][Sync] Loading: Web Apps
2025-12-26 08:55:23.614: [INFO][Sync] Loading: History
2025-12-26 08:55:23.614: [INFO][Sync] Loading: Saved Tab Group
2025-12-26 08:55:23.614: [INFO][Sync] Loading: WebAuthn Credentials
2025-12-26 08:55:23.614: [INFO][Sync] Loading: Collection
2025-12-26 08:55:23.614: [INFO][Sync] Loading: Edge E Drop
2025-12-26 08:55:23.614: [INFO][Sync] Loading: Edge Hub App Usage
2025-12-26 08:55:23.614: [INFO][Sync] Loading: Edge Wallet
2025-12-26 08:55:23.617: [INFO][Sync] All data types are ready for configure.
2025-12-26 08:55:24.074: [INFO][SyncEngineBackend::DoStartConfiguration] Start configuration
2025-12-26 08:55:24.074: [INFO][SyncManagerImpl::ConfigureSyncer] Types to download:  with reason: 4
2025-12-26 08:55:24.074: [INFO][SyncEngineBackend::DoFinishConfigureDataTypes] Failed to download types:  and succeeded types: 
2025-12-26 08:55:24.074: [INFO][Sync] Started DataTypeManager configuration, reason: 5
2025-12-26 08:55:24.074: [INFO][Sync] Configuring for: Bookmarks, Preferences, Passwords, Autofill Profiles, Autofill, Extensions, Sessions, Extension settings, History Delete Directives, Device Info, User Consents, Send Tab To Self, Web Apps, History, Saved Tab Group, WebAuthn Credentials, Collection, Edge E Drop, Edge Hub App Usage, Edge Wallet, Encryption Keys, reason: 5, current state: 1
2025-12-26 08:55:24.075: [INFO][Sync] ConfigurationDone, failed: , succeeded: , remaining count: 4
2025-12-26 08:55:24.075: [WARN][Sync]     Reconfigure requested while configuration ongoing.
2025-12-26 08:55:24.075: [INFO][Sync] Configuring for: Bookmarks, Preferences, Passwords, Autofill Profiles, Autofill, Extensions, Sessions, Extension settings, History Delete Directives, Device Info, User Consents, Send Tab To Self, Web Apps, History, Saved Tab Group, WebAuthn Credentials, Collection, Edge E Drop, Edge Hub App Usage, Edge Wallet, Encryption Keys, reason: 5, current state: 2
2025-12-26 08:55:24.075: [INFO][Sync] Configure, desired: Bookmarks, Preferences, Passwords, Autofill Profiles, Autofill, Extensions, Sessions, Extension settings, History Delete Directives, Device Info, User Consents, Send Tab To Self, Web Apps, History, Saved Tab Group, WebAuthn Credentials, Collection, Edge E Drop, Edge Hub App Usage, Edge Wallet, Encryption Keys; Allow fail: 
2025-12-26 08:55:24.075: [INFO][Sync] Loading: Passwords
2025-12-26 08:55:24.075: [INFO][Sync] Loading: Autofill Profiles
2025-12-26 08:55:24.075: [INFO][Sync] Loading: Autofill
2025-12-26 08:55:24.075: [INFO][Sync] All data types are ready for configure.
2025-12-26 08:55:24.075: [INFO][SyncManagerImpl::NudgeForInitialDownload] Initial download nudge for Passwords
2025-12-26 08:55:24.075: [INFO][SyncManagerImpl::ConfigureSyncer] Types to download:  with reason: 5
2025-12-26 08:55:24.075: [INFO][SyncEngineBackend::DoFinishConfigureDataTypes] Failed to download types:  and succeeded types: 
2025-12-26 08:55:24.075: [INFO][Sync] ConfigurationDone, failed: , succeeded: , remaining count: 4
2025-12-26 08:55:24.075: [INFO][Sync] Prepare to configure types: Passwords, Encryption Keys
2025-12-26 08:55:24.075: [INFO][SyncManagerImpl::ConfigureSyncer] Types to download: Passwords, Encryption Keys with reason: 5
2025-12-26 08:55:24.075: [INFO][SyncSchedulerImpl::DoConfigurationSyncCycleJob] Blocked types:  and types to download: Passwords, Encryption Keys
2025-12-26 08:55:24.270: [INFO][SyncEngineBackend::DoFinishConfigureDataTypes] Failed to download types:  and succeeded types: Passwords, Encryption Keys
2025-12-26 08:55:24.271: [INFO][Sync] ConfigurationDone, failed: , succeeded: Passwords, Encryption Keys, remaining count: 3
2025-12-26 08:55:24.271: [INFO][SyncManagerImpl::ConfigureSyncer] Types to download:  with reason: 5
2025-12-26 08:55:24.271: [INFO][SyncEngineBackend::DoFinishConfigureDataTypes] Failed to download types:  and succeeded types: 
2025-12-26 08:55:24.271: [INFO][Sync] ConfigurationDone, failed: , succeeded: , remaining count: 2
2025-12-26 08:55:24.271: [INFO][SyncManagerImpl::ConfigureSyncer] Types to download:  with reason: 5
2025-12-26 08:55:24.271: [INFO][SyncEngineBackend::DoFinishConfigureDataTypes] Failed to download types:  and succeeded types: 
2025-12-26 08:55:24.274: [INFO][Sync] ConfigurationDone, failed: , succeeded: , remaining count: 1
2025-12-26 08:55:24.275: [INFO][SyncManagerImpl::ConfigureSyncer] Types to download:  with reason: 5
2025-12-26 08:55:24.275: [INFO][SyncEngineBackend::DoFinishConfigureDataTypes] Failed to download types:  and succeeded types: 
2025-12-26 08:55:24.276: [INFO][Sync] ConfigurationDone, failed: , succeeded: , remaining count: 0
2025-12-26 08:55:24.277: [INFO][Sync]     Configuration completed, state: 7
2025-12-26 08:55:24.277: [INFO][Sync] Configured DataTypeManager: Ok
2025-12-26 08:55:24.279: [INFO][SyncEngineBackend::DoStartSyncing] Start syncing
2025-12-26 08:56:53.581: [INFO][Sync] Reset engine, reason: 0
2025-12-26 08:56:53.581: [INFO][Sync] Reset engine with reason: 0
2025-12-29 08:09:03.341: [INFO][Sync] SyncState after authenticated was: FeatureCanStart
2025-12-29 08:09:04.570: [INFO][SyncAuthManager::SetLastAuthError] Current auth error: None
2025-12-29 08:09:04.570: [INFO][SyncAuthManager::EdgeLogTokenErrorState] Token error with: None for account type: MSA
2025-12-29 08:09:04.570: [INFO][Sync] Credentials changed for: EdgeSyncKeyDataScope
2025-12-29 08:09:09.228: [INFO][Sync] Try to start sync engine
2025-12-29 08:09:09.229: [INFO][SyncManagerImpl::NudgeForInitialDownload] Initial download nudge for Encryption Keys
2025-12-29 08:09:09.229: [INFO][SyncEngineBackend::LoadAndConnectNigoriController] Load and connect Nigori controller
2025-12-29 08:09:09.229: [INFO][SyncEngineBackend::DoInitialize] Control Types added: Encryption Keys
2025-12-29 08:09:09.229: [INFO][SyncManagerImpl::ConfigureSyncer] Types to download: Encryption Keys with reason: 3
2025-12-29 08:09:09.229: [INFO][SyncEngineBackend::DoUpdateKeyDataCredentials] Update key data credentials
2025-12-29 08:09:09.229: [INFO][SyncSchedulerImpl::DoConfigurationSyncCycleJob] Configure job was blocked
2025-12-29 08:09:09.782: [INFO][SyncAuthManager::SetLastAuthError] Current auth error: None
2025-12-29 08:09:09.782: [INFO][SyncAuthManager::EdgeLogTokenErrorState] Token error with: None for account type: MSA
2025-12-29 08:09:09.782: [INFO][Sync] Credentials changed for: EdgeSyncScopeNew
2025-12-29 08:09:09.782: [INFO][SyncEngineBackend::DoUpdateCredentials] Update credentials
2025-12-29 08:09:09.782: [INFO][SyncSchedulerImpl::DoConfigurationSyncCycleJob] Blocked types:  and types to download: Encryption Keys
2025-12-29 08:09:10.300: [INFO][SyncEngineBackend::DoUpdateKeyDataCredentials] Update key data credentials
2025-12-29 08:09:10.303: [INFO][Sync] Started DataTypeManager configuration, reason: 4
2025-12-29 08:09:10.303: [INFO][Sync] Configuring for: Bookmarks, Preferences, Passwords, Autofill Profiles, Autofill, Extensions, Sessions, Extension settings, History Delete Directives, Device Info, User Consents, Send Tab To Self, Web Apps, History, Saved Tab Group, WebAuthn Credentials, Collection, Edge E Drop, Edge Hub App Usage, Edge Wallet, Encryption Keys, reason: 4, current state: 0
2025-12-29 08:09:10.303: [WARN][Sync] Crypto error data types: Passwords, Autofill Profiles, Autofill
2025-12-29 08:09:10.304: [INFO][Sync] Configure, desired: Bookmarks, Preferences, Extensions, Sessions, Extension settings, History Delete Directives, Device Info, User Consents, Send Tab To Self, Web Apps, History, Saved Tab Group, WebAuthn Credentials, Collection, Edge E Drop, Edge Hub App Usage, Edge Wallet, Encryption Keys; Allow fail: Passwords, Autofill Profiles, Autofill
2025-12-29 08:09:10.304: [INFO][Sync] Loading: Bookmarks
2025-12-29 08:09:10.304: [INFO][Sync] Loading: Preferences
2025-12-29 08:09:10.304: [INFO][Sync] Loading: Extensions
2025-12-29 08:09:10.304: [INFO][Sync] Loading: Sessions
2025-12-29 08:09:10.304: [INFO][Sync] Loading: Extension settings
2025-12-29 08:09:10.304: [INFO][Sync] Loading: History Delete Directives
2025-12-29 08:09:10.304: [INFO][Sync] Loading: Device Info
2025-12-29 08:09:10.304: [INFO][Sync] Loading: User Consents
2025-12-29 08:09:10.304: [INFO][Sync] Loading: Send Tab To Self
2025-12-29 08:09:10.304: [INFO][Sync] Loading: Web Apps
2025-12-29 08:09:10.304: [INFO][Sync] Loading: History
2025-12-29 08:09:10.304: [INFO][Sync] Loading: Saved Tab Group
2025-12-29 08:09:10.304: [INFO][Sync] Loading: WebAuthn Credentials
2025-12-29 08:09:10.304: [INFO][Sync] Loading: Collection
2025-12-29 08:09:10.304: [INFO][Sync] Loading: Edge E Drop
2025-12-29 08:09:10.304: [INFO][Sync] Loading: Edge Hub App Usage
2025-12-29 08:09:10.304: [INFO][Sync] Loading: Edge Wallet
2025-12-29 08:09:10.308: [INFO][Sync] All data types are ready for configure.
2025-12-29 08:09:10.954: [INFO][SyncEngineBackend::DoStartConfiguration] Start configuration
2025-12-29 08:09:10.954: [INFO][SyncManagerImpl::ConfigureSyncer] Types to download:  with reason: 4
2025-12-29 08:09:10.954: [INFO][SyncEngineBackend::DoFinishConfigureDataTypes] Failed to download types:  and succeeded types: 
2025-12-29 08:09:10.955: [INFO][Sync] Started DataTypeManager configuration, reason: 5
2025-12-29 08:09:10.955: [INFO][Sync] Configuring for: Bookmarks, Preferences, Passwords, Autofill Profiles, Autofill, Extensions, Sessions, Extension settings, History Delete Directives, Device Info, User Consents, Send Tab To Self, Web Apps, History, Saved Tab Group, WebAuthn Credentials, Collection, Edge E Drop, Edge Hub App Usage, Edge Wallet, Encryption Keys, reason: 5, current state: 1
2025-12-29 08:09:10.956: [INFO][Sync] ConfigurationDone, failed: , succeeded: , remaining count: 4
2025-12-29 08:09:10.956: [WARN][Sync]     Reconfigure requested while configuration ongoing.
2025-12-29 08:09:10.956: [INFO][Sync] Configuring for: Bookmarks, Preferences, Passwords, Autofill Profiles, Autofill, Extensions, Sessions, Extension settings, History Delete Directives, Device Info, User Consents, Send Tab To Self, Web Apps, History, Saved Tab Group, WebAuthn Credentials, Collection, Edge E Drop, Edge Hub App Usage, Edge Wallet, Encryption Keys, reason: 5, current state: 2
2025-12-29 08:09:10.956: [INFO][Sync] Configure, desired: Bookmarks, Preferences, Passwords, Autofill Profiles, Autofill, Extensions, Sessions, Extension settings, History Delete Directives, Device Info, User Consents, Send Tab To Self, Web Apps, History, Saved Tab Group, WebAuthn Credentials, Collection, Edge E Drop, Edge Hub App Usage, Edge Wallet, Encryption Keys; Allow fail: 
2025-12-29 08:09:10.956: [INFO][Sync] Loading: Passwords
2025-12-29 08:09:10.956: [INFO][Sync] Loading: Autofill Profiles
2025-12-29 08:09:10.956: [INFO][Sync] Loading: Autofill
2025-12-29 08:09:10.956: [INFO][Sync] All data types are ready for configure.
2025-12-29 08:09:10.956: [INFO][SyncManagerImpl::NudgeForInitialDownload] Initial download nudge for Passwords
2025-12-29 08:09:10.956: [INFO][SyncManagerImpl::ConfigureSyncer] Types to download:  with reason: 5
2025-12-29 08:09:10.956: [INFO][SyncEngineBackend::DoFinishConfigureDataTypes] Failed to download types:  and succeeded types: 
2025-12-29 08:09:10.956: [INFO][Sync] ConfigurationDone, failed: , succeeded: , remaining count: 4
2025-12-29 08:09:10.956: [INFO][Sync] Prepare to configure types: Passwords, Encryption Keys
2025-12-29 08:09:10.956: [INFO][SyncManagerImpl::ConfigureSyncer] Types to download: Passwords, Encryption Keys with reason: 5
2025-12-29 08:09:10.956: [INFO][SyncSchedulerImpl::DoConfigurationSyncCycleJob] Blocked types:  and types to download: Passwords, Encryption Keys
2025-12-29 08:09:11.161: [INFO][SyncEngineBackend::DoFinishConfigureDataTypes] Failed to download types:  and succeeded types: Passwords, Encryption Keys
2025-12-29 08:09:11.162: [INFO][Sync] ConfigurationDone, failed: , succeeded: Passwords, Encryption Keys, remaining count: 3
2025-12-29 08:09:11.162: [INFO][SyncManagerImpl::ConfigureSyncer] Types to download:  with reason: 5
2025-12-29 08:09:11.162: [INFO][SyncEngineBackend::DoFinishConfigureDataTypes] Failed to download types:  and succeeded types: 
2025-12-29 08:09:11.162: [INFO][Sync] ConfigurationDone, failed: , succeeded: , remaining count: 2
2025-12-29 08:09:11.162: [INFO][SyncManagerImpl::ConfigureSyncer] Types to download:  with reason: 5
2025-12-29 08:09:11.162: [INFO][SyncEngineBackend::DoFinishConfigureDataTypes] Failed to download types:  and succeeded types: 
2025-12-29 08:09:11.165: [INFO][Sync] ConfigurationDone, failed: , succeeded: , remaining count: 1
2025-12-29 08:09:11.166: [INFO][SyncManagerImpl::ConfigureSyncer] Types to download:  with reason: 5
2025-12-29 08:09:11.166: [INFO][SyncEngineBackend::DoFinishConfigureDataTypes] Failed to download types:  and succeeded types: 
2025-12-29 08:09:11.166: [INFO][Sync] ConfigurationDone, failed: , succeeded: , remaining count: 0
2025-12-29 08:09:11.168: [INFO][Sync]     Configuration completed, state: 7
2025-12-29 08:09:11.169: [INFO][Sync] Configured DataTypeManager: Ok
2025-12-29 08:09:11.171: [INFO][SyncEngineBackend::DoStartSyncing] Start syncing
2025-12-29 08:23:51.667: [INFO][Sync] Reset engine, reason: 0
2025-12-29 08:23:51.667: [INFO][Sync] Reset engine with reason: 0
2025-12-29 10:59:00.469: [INFO][Sync] SyncState after authenticated was: FeatureCanStart
2025-12-29 10:59:01.408: [INFO][SyncAuthManager::SetLastAuthError] Current auth error: None
2025-12-29 10:59:01.408: [INFO][SyncAuthManager::EdgeLogTokenErrorState] Token error with: None for account type: MSA
2025-12-29 10:59:01.408: [INFO][Sync] Credentials changed for: EdgeSyncKeyDataScope
2025-12-29 10:59:06.815: [INFO][Sync] Try to start sync engine
2025-12-29 10:59:06.815: [INFO][SyncManagerImpl::NudgeForInitialDownload] Initial download nudge for Encryption Keys
2025-12-29 10:59:06.815: [INFO][SyncEngineBackend::LoadAndConnectNigoriController] Load and connect Nigori controller
2025-12-29 10:59:06.815: [INFO][SyncEngineBackend::DoInitialize] Control Types added: Encryption Keys
2025-12-29 10:59:06.815: [INFO][SyncManagerImpl::ConfigureSyncer] Types to download: Encryption Keys with reason: 3
2025-12-29 10:59:06.816: [INFO][SyncEngineBackend::DoUpdateKeyDataCredentials] Update key data credentials
2025-12-29 10:59:06.816: [INFO][SyncSchedulerImpl::DoConfigurationSyncCycleJob] Configure job was blocked
2025-12-29 10:59:06.837: [INFO][SyncAuthManager::SetLastAuthError] Current auth error: None
2025-12-29 10:59:06.837: [INFO][SyncAuthManager::EdgeLogTokenErrorState] Token error with: None for account type: MSA
2025-12-29 10:59:06.837: [INFO][Sync] Credentials changed for: EdgeSyncScopeNew
2025-12-29 10:59:06.837: [INFO][SyncEngineBackend::DoUpdateCredentials] Update credentials
2025-12-29 10:59:06.838: [INFO][SyncSchedulerImpl::DoConfigurationSyncCycleJob] Blocked types:  and types to download: Encryption Keys
2025-12-29 10:59:07.618: [INFO][SyncEngineBackend::DoUpdateKeyDataCredentials] Update key data credentials
2025-12-29 10:59:07.621: [INFO][Sync] Started DataTypeManager configuration, reason: 4
2025-12-29 10:59:07.621: [INFO][Sync] Configuring for: Bookmarks, Preferences, Passwords, Autofill Profiles, Autofill, Extensions, Sessions, Extension settings, History Delete Directives, Device Info, User Consents, Send Tab To Self, Web Apps, History, Saved Tab Group, WebAuthn Credentials, Collection, Edge E Drop, Edge Hub App Usage, Edge Wallet, Encryption Keys, reason: 4, current state: 0
2025-12-29 10:59:07.621: [WARN][Sync] Crypto error data types: Passwords, Autofill Profiles, Autofill
2025-12-29 10:59:07.622: [INFO][Sync] Configure, desired: Bookmarks, Preferences, Extensions, Sessions, Extension settings, History Delete Directives, Device Info, User Consents, Send Tab To Self, Web Apps, History, Saved Tab Group, WebAuthn Credentials, Collection, Edge E Drop, Edge Hub App Usage, Edge Wallet, Encryption Keys; Allow fail: Passwords, Autofill Profiles, Autofill
2025-12-29 10:59:07.622: [INFO][Sync] Loading: Bookmarks
2025-12-29 10:59:07.622: [INFO][Sync] Loading: Preferences
2025-12-29 10:59:07.622: [INFO][Sync] Loading: Extensions
2025-12-29 10:59:07.622: [INFO][Sync] Loading: Sessions
2025-12-29 10:59:07.622: [INFO][Sync] Loading: Extension settings
2025-12-29 10:59:07.622: [INFO][Sync] Loading: History Delete Directives
2025-12-29 10:59:07.622: [INFO][Sync] Loading: Device Info
2025-12-29 10:59:07.622: [INFO][Sync] Loading: User Consents
2025-12-29 10:59:07.622: [INFO][Sync] Loading: Send Tab To Self
2025-12-29 10:59:07.622: [INFO][Sync] Loading: Web Apps
2025-12-29 10:59:07.622: [INFO][Sync] Loading: History
2025-12-29 10:59:07.622: [INFO][Sync] Loading: Saved Tab Group
2025-12-29 10:59:07.622: [INFO][Sync] Loading: WebAuthn Credentials
2025-12-29 10:59:07.622: [INFO][Sync] Loading: Collection
2025-12-29 10:59:07.622: [INFO][Sync] Loading: Edge E Drop
2025-12-29 10:59:07.622: [INFO][Sync] Loading: Edge Hub App Usage
2025-12-29 10:59:07.622: [INFO][Sync] Loading: Edge Wallet
2025-12-29 10:59:07.624: [INFO][Sync] All data types are ready for configure.
2025-12-29 10:59:08.396: [INFO][SyncEngineBackend::DoStartConfiguration] Start configuration
2025-12-29 10:59:08.396: [INFO][SyncManagerImpl::ConfigureSyncer] Types to download:  with reason: 4
2025-12-29 10:59:08.396: [INFO][SyncEngineBackend::DoFinishConfigureDataTypes] Failed to download types:  and succeeded types: 
2025-12-29 10:59:08.397: [INFO][Sync] Started DataTypeManager configuration, reason: 5
2025-12-29 10:59:08.397: [INFO][Sync] Configuring for: Bookmarks, Preferences, Passwords, Autofill Profiles, Autofill, Extensions, Sessions, Extension settings, History Delete Directives, Device Info, User Consents, Send Tab To Self, Web Apps, History, Saved Tab Group, WebAuthn Credentials, Collection, Edge E Drop, Edge Hub App Usage, Edge Wallet, Encryption Keys, reason: 5, current state: 1
2025-12-29 10:59:08.398: [INFO][Sync] ConfigurationDone, failed: , succeeded: , remaining count: 4
2025-12-29 10:59:08.398: [WARN][Sync]     Reconfigure requested while configuration ongoing.
2025-12-29 10:59:08.398: [INFO][Sync] Configuring for: Bookmarks, Preferences, Passwords, Autofill Profiles, Autofill, Extensions, Sessions, Extension settings, History Delete Directives, Device Info, User Consents, Send Tab To Self, Web Apps, History, Saved Tab Group, WebAuthn Credentials, Collection, Edge E Drop, Edge Hub App Usage, Edge Wallet, Encryption Keys, reason: 5, current state: 2
2025-12-29 10:59:08.398: [INFO][Sync] Configure, desired: Bookmarks, Preferences, Passwords, Autofill Profiles, Autofill, Extensions, Sessions, Extension settings, History Delete Directives, Device Info, User Consents, Send Tab To Self, Web Apps, History, Saved Tab Group, WebAuthn Credentials, Collection, Edge E Drop, Edge Hub App Usage, Edge Wallet, Encryption Keys; Allow fail: 
2025-12-29 10:59:08.398: [INFO][Sync] Loading: Passwords
2025-12-29 10:59:08.398: [INFO][Sync] Loading: Autofill Profiles
2025-12-29 10:59:08.398: [INFO][Sync] Loading: Autofill
2025-12-29 10:59:08.398: [INFO][Sync] All data types are ready for configure.
2025-12-29 10:59:08.398: [INFO][SyncManagerImpl::NudgeForInitialDownload] Initial download nudge for Passwords
2025-12-29 10:59:08.398: [INFO][SyncManagerImpl::ConfigureSyncer] Types to download:  with reason: 5
2025-12-29 10:59:08.398: [INFO][SyncEngineBackend::DoFinishConfigureDataTypes] Failed to download types:  and succeeded types: 
2025-12-29 10:59:08.398: [INFO][Sync] ConfigurationDone, failed: , succeeded: , remaining count: 4
2025-12-29 10:59:08.398: [INFO][Sync] Prepare to configure types: Passwords, Encryption Keys
2025-12-29 10:59:08.399: [INFO][SyncManagerImpl::ConfigureSyncer] Types to download: Passwords, Encryption Keys with reason: 5
2025-12-29 10:59:08.399: [INFO][SyncSchedulerImpl::DoConfigurationSyncCycleJob] Blocked types:  and types to download: Passwords, Encryption Keys
2025-12-29 10:59:08.609: [INFO][SyncEngineBackend::DoFinishConfigureDataTypes] Failed to download types:  and succeeded types: Passwords, Encryption Keys
2025-12-29 10:59:08.610: [INFO][Sync] ConfigurationDone, failed: , succeeded: Passwords, Encryption Keys, remaining count: 3
2025-12-29 10:59:08.610: [INFO][SyncManagerImpl::ConfigureSyncer] Types to download:  with reason: 5
2025-12-29 10:59:08.610: [INFO][SyncEngineBackend::DoFinishConfigureDataTypes] Failed to download types:  and succeeded types: 
2025-12-29 10:59:08.610: [INFO][Sync] ConfigurationDone, failed: , succeeded: , remaining count: 2
2025-12-29 10:59:08.610: [INFO][SyncManagerImpl::ConfigureSyncer] Types to download:  with reason: 5
2025-12-29 10:59:08.610: [INFO][SyncEngineBackend::DoFinishConfigureDataTypes] Failed to download types:  and succeeded types: 
2025-12-29 10:59:08.613: [INFO][Sync] ConfigurationDone, failed: , succeeded: , remaining count: 1
2025-12-29 10:59:08.614: [INFO][SyncManagerImpl::ConfigureSyncer] Types to download:  with reason: 5
2025-12-29 10:59:08.614: [INFO][SyncEngineBackend::DoFinishConfigureDataTypes] Failed to download types:  and succeeded types: 
2025-12-29 10:59:08.614: [INFO][Sync] ConfigurationDone, failed: , succeeded: , remaining count: 0
2025-12-29 10:59:08.616: [INFO][Sync]     Configuration completed, state: 7
2025-12-29 10:59:08.616: [INFO][Sync] Configured DataTypeManager: Ok
2025-12-29 10:59:08.618: [INFO][SyncEngineBackend::DoStartSyncing] Start syncing
2025-12-29 11:03:38.850: [INFO][Sync] SyncState after authenticated was: FeatureCanStart
2025-12-29 11:03:40.155: [INFO][SyncAuthManager::SetLastAuthError] Current auth error: None
2025-12-29 11:03:40.155: [INFO][SyncAuthManager::EdgeLogTokenErrorState] Token error with: None for account type: MSA
2025-12-29 11:03:40.155: [INFO][Sync] Credentials changed for: EdgeSyncKeyDataScope
2025-12-29 11:03:43.478: [INFO][Sync] Try to start sync engine
2025-12-29 11:03:43.505: [INFO][SyncManagerImpl::NudgeForInitialDownload] Initial download nudge for Encryption Keys
2025-12-29 11:03:43.505: [INFO][SyncEngineBackend::LoadAndConnectNigoriController] Load and connect Nigori controller
2025-12-29 11:03:43.506: [INFO][SyncEngineBackend::DoInitialize] Control Types added: Encryption Keys
2025-12-29 11:03:43.506: [INFO][SyncManagerImpl::ConfigureSyncer] Types to download: Encryption Keys with reason: 3
2025-12-29 11:03:43.506: [INFO][SyncEngineBackend::DoUpdateKeyDataCredentials] Update key data credentials
2025-12-29 11:03:43.506: [INFO][SyncSchedulerImpl::DoConfigurationSyncCycleJob] Configure job was blocked
2025-12-29 11:03:43.522: [INFO][SyncAuthManager::SetLastAuthError] Current auth error: None
2025-12-29 11:03:43.522: [INFO][SyncAuthManager::EdgeLogTokenErrorState] Token error with: None for account type: MSA
2025-12-29 11:03:43.522: [INFO][Sync] Credentials changed for: EdgeSyncScopeNew
2025-12-29 11:03:43.522: [INFO][SyncEngineBackend::DoUpdateCredentials] Update credentials
2025-12-29 11:03:43.522: [INFO][SyncSchedulerImpl::DoConfigurationSyncCycleJob] Blocked types:  and types to download: Encryption Keys
2025-12-29 11:03:43.803: [INFO][SyncEngineBackend::DoUpdateKeyDataCredentials] Update key data credentials
2025-12-29 11:03:43.805: [INFO][Sync] Started DataTypeManager configuration, reason: 4
2025-12-29 11:03:43.805: [INFO][Sync] Configuring for: Bookmarks, Preferences, Passwords, Autofill Profiles, Autofill, Extensions, Sessions, Extension settings, History Delete Directives, Device Info, User Consents, Send Tab To Self, Web Apps, History, Saved Tab Group, WebAuthn Credentials, Collection, Edge E Drop, Edge Hub App Usage, Edge Wallet, Encryption Keys, reason: 4, current state: 0
2025-12-29 11:03:43.805: [WARN][Sync] Crypto error data types: Passwords, Autofill Profiles, Autofill
2025-12-29 11:03:43.806: [INFO][Sync] Configure, desired: Bookmarks, Preferences, Extensions, Sessions, Extension settings, History Delete Directives, Device Info, User Consents, Send Tab To Self, Web Apps, History, Saved Tab Group, WebAuthn Credentials, Collection, Edge E Drop, Edge Hub App Usage, Edge Wallet, Encryption Keys; Allow fail: Passwords, Autofill Profiles, Autofill
2025-12-29 11:03:43.806: [INFO][Sync] Loading: Bookmarks
2025-12-29 11:03:43.806: [INFO][Sync] Loading: Preferences
2025-12-29 11:03:43.806: [INFO][Sync] Loading: Extensions
2025-12-29 11:03:43.806: [INFO][Sync] Loading: Sessions
2025-12-29 11:03:43.806: [INFO][Sync] Loading: Extension settings
2025-12-29 11:03:43.806: [INFO][Sync] Loading: History Delete Directives
2025-12-29 11:03:43.806: [INFO][Sync] Loading: Device Info
2025-12-29 11:03:43.806: [INFO][Sync] Loading: User Consents
2025-12-29 11:03:43.806: [INFO][Sync] Loading: Send Tab To Self
2025-12-29 11:03:43.806: [INFO][Sync] Loading: Web Apps
2025-12-29 11:03:43.806: [INFO][Sync] Loading: History
2025-12-29 11:03:43.806: [INFO][Sync] Loading: Saved Tab Group
2025-12-29 11:03:43.806: [INFO][Sync] Loading: WebAuthn Credentials
2025-12-29 11:03:43.806: [INFO][Sync] Loading: Collection
2025-12-29 11:03:43.806: [INFO][Sync] Loading: Edge E Drop
2025-12-29 11:03:43.806: [INFO][Sync] Loading: Edge Hub App Usage
2025-12-29 11:03:43.806: [INFO][Sync] Loading: Edge Wallet
2025-12-29 11:03:43.808: [INFO][Sync] All data types are ready for configure.
2025-12-29 11:03:44.825: [INFO][SyncEngineBackend::DoStartConfiguration] Start configuration
2025-12-29 11:03:44.825: [INFO][Sync] Started DataTypeManager configuration, reason: 5
2025-12-29 11:03:44.825: [INFO][SyncManagerImpl::ConfigureSyncer] Types to download:  with reason: 4
2025-12-29 11:03:44.825: [INFO][SyncEngineBackend::DoFinishConfigureDataTypes] Failed to download types:  and succeeded types: 
2025-12-29 11:03:44.825: [INFO][Sync] Configuring for: Bookmarks, Preferences, Passwords, Autofill Profiles, Autofill, Extensions, Sessions, Extension settings, History Delete Directives, Device Info, User Consents, Send Tab To Self, Web Apps, History, Saved Tab Group, WebAuthn Credentials, Collection, Edge E Drop, Edge Hub App Usage, Edge Wallet, Encryption Keys, reason: 5, current state: 1
2025-12-29 11:03:44.826: [INFO][Sync] ConfigurationDone, failed: , succeeded: , remaining count: 4
2025-12-29 11:03:44.826: [WARN][Sync]     Reconfigure requested while configuration ongoing.
2025-12-29 11:03:44.826: [INFO][Sync] Configuring for: Bookmarks, Preferences, Passwords, Autofill Profiles, Autofill, Extensions, Sessions, Extension settings, History Delete Directives, Device Info, User Consents, Send Tab To Self, Web Apps, History, Saved Tab Group, WebAuthn Credentials, Collection, Edge E Drop, Edge Hub App Usage, Edge Wallet, Encryption Keys, reason: 5, current state: 2
2025-12-29 11:03:44.826: [INFO][Sync] Configure, desired: Bookmarks, Preferences, Passwords, Autofill Profiles, Autofill, Extensions, Sessions, Extension settings, History Delete Directives, Device Info, User Consents, Send Tab To Self, Web Apps, History, Saved Tab Group, WebAuthn Credentials, Collection, Edge E Drop, Edge Hub App Usage, Edge Wallet, Encryption Keys; Allow fail: 
2025-12-29 11:03:44.826: [INFO][Sync] Loading: Passwords
2025-12-29 11:03:44.826: [INFO][Sync] Loading: Autofill Profiles
2025-12-29 11:03:44.826: [INFO][Sync] Loading: Autofill
2025-12-29 11:03:44.826: [INFO][Sync] All data types are ready for configure.
2025-12-29 11:03:44.826: [INFO][SyncManagerImpl::NudgeForInitialDownload] Initial download nudge for Passwords
2025-12-29 11:03:44.826: [INFO][SyncManagerImpl::ConfigureSyncer] Types to download:  with reason: 5
2025-12-29 11:03:44.826: [INFO][SyncEngineBackend::DoFinishConfigureDataTypes] Failed to download types:  and succeeded types: 
2025-12-29 11:03:44.827: [INFO][Sync] ConfigurationDone, failed: , succeeded: , remaining count: 4
2025-12-29 11:03:44.827: [INFO][Sync] Prepare to configure types: Passwords, Encryption Keys
2025-12-29 11:03:44.827: [INFO][SyncManagerImpl::ConfigureSyncer] Types to download: Passwords, Encryption Keys with reason: 5
2025-12-29 11:03:44.827: [INFO][SyncSchedulerImpl::DoConfigurationSyncCycleJob] Blocked types:  and types to download: Passwords, Encryption Keys
2025-12-29 11:03:45.112: [INFO][SyncEngineBackend::DoFinishConfigureDataTypes] Failed to download types:  and succeeded types: Passwords, Encryption Keys
2025-12-29 11:03:45.113: [INFO][Sync] ConfigurationDone, failed: , succeeded: Passwords, Encryption Keys, remaining count: 3
2025-12-29 11:03:45.113: [INFO][SyncManagerImpl::ConfigureSyncer] Types to download:  with reason: 5
2025-12-29 11:03:45.113: [INFO][SyncEngineBackend::DoFinishConfigureDataTypes] Failed to download types:  and succeeded types: 
2025-12-29 11:03:45.113: [INFO][Sync] ConfigurationDone, failed: , succeeded: , remaining count: 2
2025-12-29 11:03:45.113: [INFO][SyncManagerImpl::ConfigureSyncer] Types to download:  with reason: 5
2025-12-29 11:03:45.113: [INFO][SyncEngineBackend::DoFinishConfigureDataTypes] Failed to download types:  and succeeded types: 
2025-12-29 11:03:45.115: [INFO][Sync] ConfigurationDone, failed: , succeeded: , remaining count: 1
2025-12-29 11:03:45.116: [INFO][SyncManagerImpl::ConfigureSyncer] Types to download:  with reason: 5
2025-12-29 11:03:45.116: [INFO][SyncEngineBackend::DoFinishConfigureDataTypes] Failed to download types:  and succeeded types: 
2025-12-29 11:03:45.116: [INFO][Sync] ConfigurationDone, failed: , succeeded: , remaining count: 0
2025-12-29 11:03:45.117: [INFO][Sync]     Configuration completed, state: 7
2025-12-29 11:03:45.117: [INFO][Sync] Configured DataTypeManager: Ok
2025-12-29 11:03:45.118: [INFO][SyncEngineBackend::DoStartSyncing] Start syncing
2025-12-29 11:04:37.324: [INFO][Sync] Reset engine, reason: 0
2025-12-29 11:04:37.324: [INFO][Sync] Reset engine with reason: 0
2025-12-29 11:12:42.171: [INFO][Sync] SyncState after authenticated was: FeatureCanStart
2025-12-29 11:12:43.626: [INFO][SyncAuthManager::SetLastAuthError] Current auth error: None
2025-12-29 11:12:43.626: [INFO][SyncAuthManager::EdgeLogTokenErrorState] Token error with: None for account type: MSA
2025-12-29 11:12:43.626: [INFO][Sync] Credentials changed for: EdgeSyncKeyDataScope
2025-12-29 11:12:46.777: [INFO][Sync] Try to start sync engine
2025-12-29 11:12:46.805: [INFO][SyncManagerImpl::NudgeForInitialDownload] Initial download nudge for Encryption Keys
2025-12-29 11:12:46.805: [INFO][SyncEngineBackend::LoadAndConnectNigoriController] Load and connect Nigori controller
2025-12-29 11:12:46.805: [INFO][SyncEngineBackend::DoInitialize] Control Types added: Encryption Keys
2025-12-29 11:12:46.805: [INFO][SyncManagerImpl::ConfigureSyncer] Types to download: Encryption Keys with reason: 3
2025-12-29 11:12:46.805: [INFO][SyncEngineBackend::DoUpdateKeyDataCredentials] Update key data credentials
2025-12-29 11:12:46.805: [INFO][SyncSchedulerImpl::DoConfigurationSyncCycleJob] Configure job was blocked
2025-12-29 11:12:46.821: [INFO][SyncAuthManager::SetLastAuthError] Current auth error: None
2025-12-29 11:12:46.821: [INFO][SyncAuthManager::EdgeLogTokenErrorState] Token error with: None for account type: MSA
2025-12-29 11:12:46.821: [INFO][Sync] Credentials changed for: EdgeSyncScopeNew
2025-12-29 11:12:46.821: [INFO][SyncEngineBackend::DoUpdateCredentials] Update credentials
2025-12-29 11:12:46.821: [INFO][SyncSchedulerImpl::DoConfigurationSyncCycleJob] Blocked types:  and types to download: Encryption Keys
2025-12-29 11:12:47.111: [INFO][SyncEngineBackend::DoUpdateKeyDataCredentials] Update key data credentials
2025-12-29 11:12:47.113: [INFO][Sync] Started DataTypeManager configuration, reason: 4
2025-12-29 11:12:47.113: [INFO][Sync] Configuring for: Bookmarks, Preferences, Passwords, Autofill Profiles, Autofill, Extensions, Sessions, Extension settings, History Delete Directives, Device Info, User Consents, Send Tab To Self, Web Apps, History, Saved Tab Group, WebAuthn Credentials, Collection, Edge E Drop, Edge Hub App Usage, Edge Wallet, Encryption Keys, reason: 4, current state: 0
2025-12-29 11:12:47.113: [WARN][Sync] Crypto error data types: Passwords, Autofill Profiles, Autofill
2025-12-29 11:12:47.114: [INFO][Sync] Configure, desired: Bookmarks, Preferences, Extensions, Sessions, Extension settings, History Delete Directives, Device Info, User Consents, Send Tab To Self, Web Apps, History, Saved Tab Group, WebAuthn Credentials, Collection, Edge E Drop, Edge Hub App Usage, Edge Wallet, Encryption Keys; Allow fail: Passwords, Autofill Profiles, Autofill
2025-12-29 11:12:47.114: [INFO][Sync] Loading: Bookmarks
2025-12-29 11:12:47.114: [INFO][Sync] Loading: Preferences
2025-12-29 11:12:47.114: [INFO][Sync] Loading: Extensions
2025-12-29 11:12:47.114: [INFO][Sync] Loading: Sessions
2025-12-29 11:12:47.114: [INFO][Sync] Loading: Extension settings
2025-12-29 11:12:47.114: [INFO][Sync] Loading: History Delete Directives
2025-12-29 11:12:47.114: [INFO][Sync] Loading: Device Info
2025-12-29 11:12:47.114: [INFO][Sync] Loading: User Consents
2025-12-29 11:12:47.114: [INFO][Sync] Loading: Send Tab To Self
2025-12-29 11:12:47.115: [INFO][Sync] Loading: Web Apps
2025-12-29 11:12:47.115: [INFO][Sync] Loading: History
2025-12-29 11:12:47.115: [INFO][Sync] Loading: Saved Tab Group
2025-12-29 11:12:47.115: [INFO][Sync] Loading: WebAuthn Credentials
2025-12-29 11:12:47.115: [INFO][Sync] Loading: Collection
2025-12-29 11:12:47.115: [INFO][Sync] Loading: Edge E Drop
2025-12-29 11:12:47.115: [INFO][Sync] Loading: Edge Hub App Usage
2025-12-29 11:12:47.115: [INFO][Sync] Loading: Edge Wallet
2025-12-29 11:12:47.118: [INFO][Sync] All data types are ready for configure.
2025-12-29 11:12:47.705: [INFO][SyncEngineBackend::DoStartConfiguration] Start configuration
2025-12-29 11:12:47.705: [INFO][SyncManagerImpl::ConfigureSyncer] Types to download:  with reason: 4
2025-12-29 11:12:47.705: [INFO][SyncEngineBackend::DoFinishConfigureDataTypes] Failed to download types:  and succeeded types: 
2025-12-29 11:12:47.705: [INFO][Sync] Started DataTypeManager configuration, reason: 5
2025-12-29 11:12:47.705: [INFO][Sync] Configuring for: Bookmarks, Preferences, Passwords, Autofill Profiles, Autofill, Extensions, Sessions, Extension settings, History Delete Directives, Device Info, User Consents, Send Tab To Self, Web Apps, History, Saved Tab Group, WebAuthn Credentials, Collection, Edge E Drop, Edge Hub App Usage, Edge Wallet, Encryption Keys, reason: 5, current state: 1
2025-12-29 11:12:47.706: [INFO][Sync] ConfigurationDone, failed: , succeeded: , remaining count: 4
2025-12-29 11:12:47.706: [WARN][Sync]     Reconfigure requested while configuration ongoing.
2025-12-29 11:12:47.706: [INFO][Sync] Configuring for: Bookmarks, Preferences, Passwords, Autofill Profiles, Autofill, Extensions, Sessions, Extension settings, History Delete Directives, Device Info, User Consents, Send Tab To Self, Web Apps, History, Saved Tab Group, WebAuthn Credentials, Collection, Edge E Drop, Edge Hub App Usage, Edge Wallet, Encryption Keys, reason: 5, current state: 2
2025-12-29 11:12:47.706: [INFO][Sync] Configure, desired: Bookmarks, Preferences, Passwords, Autofill Profiles, Autofill, Extensions, Sessions, Extension settings, History Delete Directives, Device Info, User Consents, Send Tab To Self, Web Apps, History, Saved Tab Group, WebAuthn Credentials, Collection, Edge E Drop, Edge Hub App Usage, Edge Wallet, Encryption Keys; Allow fail: 
2025-12-29 11:12:47.706: [INFO][Sync] Loading: Passwords
2025-12-29 11:12:47.706: [INFO][Sync] Loading: Autofill Profiles
2025-12-29 11:12:47.706: [INFO][Sync] Loading: Autofill
2025-12-29 11:12:47.707: [INFO][Sync] All data types are ready for configure.
2025-12-29 11:12:47.707: [INFO][SyncManagerImpl::NudgeForInitialDownload] Initial download nudge for Passwords
2025-12-29 11:12:47.707: [INFO][SyncManagerImpl::ConfigureSyncer] Types to download:  with reason: 5
2025-12-29 11:12:47.707: [INFO][SyncEngineBackend::DoFinishConfigureDataTypes] Failed to download types:  and succeeded types: 
2025-12-29 11:12:47.707: [INFO][Sync] ConfigurationDone, failed: , succeeded: , remaining count: 4
2025-12-29 11:12:47.707: [INFO][Sync] Prepare to configure types: Passwords, Encryption Keys
2025-12-29 11:12:47.707: [INFO][SyncManagerImpl::ConfigureSyncer] Types to download: Passwords, Encryption Keys with reason: 5
2025-12-29 11:12:47.707: [INFO][SyncSchedulerImpl::DoConfigurationSyncCycleJob] Blocked types:  and types to download: Passwords, Encryption Keys
2025-12-29 11:12:47.910: [INFO][SyncEngineBackend::DoFinishConfigureDataTypes] Failed to download types:  and succeeded types: Passwords, Encryption Keys
2025-12-29 11:12:47.911: [INFO][Sync] ConfigurationDone, failed: , succeeded: Passwords, Encryption Keys, remaining count: 3
2025-12-29 11:12:47.911: [INFO][SyncManagerImpl::ConfigureSyncer] Types to download:  with reason: 5
2025-12-29 11:12:47.911: [INFO][SyncEngineBackend::DoFinishConfigureDataTypes] Failed to download types:  and succeeded types: 
2025-12-29 11:12:47.911: [INFO][Sync] ConfigurationDone, failed: , succeeded: , remaining count: 2
2025-12-29 11:12:47.911: [INFO][SyncManagerImpl::ConfigureSyncer] Types to download:  with reason: 5
2025-12-29 11:12:47.911: [INFO][SyncEngineBackend::DoFinishConfigureDataTypes] Failed to download types:  and succeeded types: 
2025-12-29 11:12:47.913: [INFO][Sync] ConfigurationDone, failed: , succeeded: , remaining count: 1
2025-12-29 11:12:47.914: [INFO][SyncManagerImpl::ConfigureSyncer] Types to download:  with reason: 5
2025-12-29 11:12:47.914: [INFO][SyncEngineBackend::DoFinishConfigureDataTypes] Failed to download types:  and succeeded types: 
2025-12-29 11:12:47.914: [INFO][Sync] ConfigurationDone, failed: , succeeded: , remaining count: 0
2025-12-29 11:12:47.915: [INFO][Sync]     Configuration completed, state: 7
2025-12-29 11:12:47.915: [INFO][Sync] Configured DataTypeManager: Ok
2025-12-29 11:12:47.916: [INFO][SyncEngineBackend::DoStartSyncing] Start syncing
2025-12-29 11:14:22.789: [INFO][Sync] Reset engine, reason: 0
2025-12-29 11:14:22.789: [INFO][Sync] Reset engine with reason: 0
2025-12-29 11:26:57.532: [INFO][Sync] SyncState after authenticated was: FeatureCanStart
2025-12-29 11:26:59.505: [INFO][SyncAuthManager::SetLastAuthError] Current auth error: None
2025-12-29 11:26:59.505: [INFO][SyncAuthManager::EdgeLogTokenErrorState] Token error with: None for account type: MSA
2025-12-29 11:26:59.505: [INFO][Sync] Credentials changed for: EdgeSyncKeyDataScope
2025-12-29 11:27:02.742: [INFO][Sync] Try to start sync engine
2025-12-29 11:27:02.769: [INFO][SyncManagerImpl::NudgeForInitialDownload] Initial download nudge for Encryption Keys
2025-12-29 11:27:02.769: [INFO][SyncEngineBackend::LoadAndConnectNigoriController] Load and connect Nigori controller
2025-12-29 11:27:02.769: [INFO][SyncEngineBackend::DoInitialize] Control Types added: Encryption Keys
2025-12-29 11:27:02.769: [INFO][SyncManagerImpl::ConfigureSyncer] Types to download: Encryption Keys with reason: 3
2025-12-29 11:27:02.769: [INFO][SyncEngineBackend::DoUpdateKeyDataCredentials] Update key data credentials
2025-12-29 11:27:02.769: [INFO][SyncSchedulerImpl::DoConfigurationSyncCycleJob] Configure job was blocked
2025-12-29 11:27:02.788: [INFO][SyncAuthManager::SetLastAuthError] Current auth error: None
2025-12-29 11:27:02.788: [INFO][SyncAuthManager::EdgeLogTokenErrorState] Token error with: None for account type: MSA
2025-12-29 11:27:02.788: [INFO][Sync] Credentials changed for: EdgeSyncScopeNew
2025-12-29 11:27:02.788: [INFO][SyncEngineBackend::DoUpdateCredentials] Update credentials
2025-12-29 11:27:02.788: [INFO][SyncSchedulerImpl::DoConfigurationSyncCycleJob] Blocked types:  and types to download: Encryption Keys
2025-12-29 11:27:03.498: [INFO][SyncEngineBackend::DoUpdateKeyDataCredentials] Update key data credentials
2025-12-29 11:27:03.500: [INFO][Sync] Started DataTypeManager configuration, reason: 4
2025-12-29 11:27:03.500: [INFO][Sync] Configuring for: Bookmarks, Preferences, Passwords, Autofill Profiles, Autofill, Extensions, Sessions, Extension settings, History Delete Directives, Device Info, User Consents, Send Tab To Self, Web Apps, History, Saved Tab Group, WebAuthn Credentials, Collection, Edge E Drop, Edge Hub App Usage, Edge Wallet, Encryption Keys, reason: 4, current state: 0
2025-12-29 11:27:03.500: [WARN][Sync] Crypto error data types: Passwords, Autofill Profiles, Autofill
2025-12-29 11:27:03.501: [INFO][Sync] Configure, desired: Bookmarks, Preferences, Extensions, Sessions, Extension settings, History Delete Directives, Device Info, User Consents, Send Tab To Self, Web Apps, History, Saved Tab Group, WebAuthn Credentials, Collection, Edge E Drop, Edge Hub App Usage, Edge Wallet, Encryption Keys; Allow fail: Passwords, Autofill Profiles, Autofill
2025-12-29 11:27:03.501: [INFO][Sync] Loading: Bookmarks
2025-12-29 11:27:03.501: [INFO][Sync] Loading: Preferences
2025-12-29 11:27:03.501: [INFO][Sync] Loading: Extensions
2025-12-29 11:27:03.501: [INFO][Sync] Loading: Sessions
2025-12-29 11:27:03.501: [INFO][Sync] Loading: Extension settings
2025-12-29 11:27:03.501: [INFO][Sync] Loading: History Delete Directives
2025-12-29 11:27:03.501: [INFO][Sync] Loading: Device Info
2025-12-29 11:27:03.501: [INFO][Sync] Loading: User Consents
2025-12-29 11:27:03.501: [INFO][Sync] Loading: Send Tab To Self
2025-12-29 11:27:03.501: [INFO][Sync] Loading: Web Apps
2025-12-29 11:27:03.501: [INFO][Sync] Loading: History
2025-12-29 11:27:03.501: [INFO][Sync] Loading: Saved Tab Group
2025-12-29 11:27:03.501: [INFO][Sync] Loading: WebAuthn Credentials
2025-12-29 11:27:03.501: [INFO][Sync] Loading: Collection
2025-12-29 11:27:03.501: [INFO][Sync] Loading: Edge E Drop
2025-12-29 11:27:03.501: [INFO][Sync] Loading: Edge Hub App Usage
2025-12-29 11:27:03.501: [INFO][Sync] Loading: Edge Wallet
2025-12-29 11:27:03.505: [INFO][Sync] All data types are ready for configure.
2025-12-29 11:27:03.940: [INFO][SyncEngineBackend::DoStartConfiguration] Start configuration
2025-12-29 11:27:03.940: [INFO][SyncManagerImpl::ConfigureSyncer] Types to download:  with reason: 4
2025-12-29 11:27:03.940: [INFO][SyncEngineBackend::DoFinishConfigureDataTypes] Failed to download types:  and succeeded types: 
2025-12-29 11:27:03.940: [INFO][Sync] Started DataTypeManager configuration, reason: 5
2025-12-29 11:27:03.940: [INFO][Sync] Configuring for: Bookmarks, Preferences, Passwords, Autofill Profiles, Autofill, Extensions, Sessions, Extension settings, History Delete Directives, Device Info, User Consents, Send Tab To Self, Web Apps, History, Saved Tab Group, WebAuthn Credentials, Collection, Edge E Drop, Edge Hub App Usage, Edge Wallet, Encryption Keys, reason: 5, current state: 1
2025-12-29 11:27:03.941: [INFO][Sync] ConfigurationDone, failed: , succeeded: , remaining count: 4
2025-12-29 11:27:03.941: [WARN][Sync]     Reconfigure requested while configuration ongoing.
2025-12-29 11:27:03.941: [INFO][Sync] Configuring for: Bookmarks, Preferences, Passwords, Autofill Profiles, Autofill, Extensions, Sessions, Extension settings, History Delete Directives, Device Info, User Consents, Send Tab To Self, Web Apps, History, Saved Tab Group, WebAuthn Credentials, Collection, Edge E Drop, Edge Hub App Usage, Edge Wallet, Encryption Keys, reason: 5, current state: 2
2025-12-29 11:27:03.941: [INFO][Sync] Configure, desired: Bookmarks, Preferences, Passwords, Autofill Profiles, Autofill, Extensions, Sessions, Extension settings, History Delete Directives, Device Info, User Consents, Send Tab To Self, Web Apps, History, Saved Tab Group, WebAuthn Credentials, Collection, Edge E Drop, Edge Hub App Usage, Edge Wallet, Encryption Keys; Allow fail: 
2025-12-29 11:27:03.941: [INFO][Sync] Loading: Passwords
2025-12-29 11:27:03.941: [INFO][Sync] Loading: Autofill Profiles
2025-12-29 11:27:03.941: [INFO][Sync] Loading: Autofill
2025-12-29 11:27:03.941: [INFO][Sync] All data types are ready for configure.
2025-12-29 11:27:03.941: [INFO][SyncManagerImpl::NudgeForInitialDownload] Initial download nudge for Passwords
2025-12-29 11:27:03.941: [INFO][SyncManagerImpl::ConfigureSyncer] Types to download:  with reason: 5
2025-12-29 11:27:03.941: [INFO][SyncEngineBackend::DoFinishConfigureDataTypes] Failed to download types:  and succeeded types: 
2025-12-29 11:27:03.942: [INFO][Sync] ConfigurationDone, failed: , succeeded: , remaining count: 4
2025-12-29 11:27:03.942: [INFO][Sync] Prepare to configure types: Passwords, Encryption Keys
2025-12-29 11:27:03.942: [INFO][SyncManagerImpl::ConfigureSyncer] Types to download: Passwords, Encryption Keys with reason: 5
2025-12-29 11:27:03.942: [INFO][SyncSchedulerImpl::DoConfigurationSyncCycleJob] Blocked types:  and types to download: Passwords, Encryption Keys
2025-12-29 11:27:04.123: [INFO][SyncEngineBackend::DoFinishConfigureDataTypes] Failed to download types:  and succeeded types: Passwords, Encryption Keys
2025-12-29 11:27:04.125: [INFO][Sync] ConfigurationDone, failed: , succeeded: Passwords, Encryption Keys, remaining count: 3
2025-12-29 11:27:04.126: [INFO][SyncManagerImpl::ConfigureSyncer] Types to download:  with reason: 5
2025-12-29 11:27:04.126: [INFO][SyncEngineBackend::DoFinishConfigureDataTypes] Failed to download types:  and succeeded types: 
2025-12-29 11:27:04.126: [INFO][Sync] ConfigurationDone, failed: , succeeded: , remaining count: 2
2025-12-29 11:27:04.126: [INFO][SyncManagerImpl::ConfigureSyncer] Types to download:  with reason: 5
2025-12-29 11:27:04.126: [INFO][SyncEngineBackend::DoFinishConfigureDataTypes] Failed to download types:  and succeeded types: 
2025-12-29 11:27:04.131: [INFO][Sync] ConfigurationDone, failed: , succeeded: , remaining count: 1
2025-12-29 11:27:04.133: [INFO][SyncManagerImpl::ConfigureSyncer] Types to download:  with reason: 5
2025-12-29 11:27:04.133: [INFO][SyncEngineBackend::DoFinishConfigureDataTypes] Failed to download types:  and succeeded types: 
2025-12-29 11:27:04.133: [INFO][Sync] ConfigurationDone, failed: , succeeded: , remaining count: 0
2025-12-29 11:27:04.136: [INFO][Sync]     Configuration completed, state: 7
2025-12-29 11:27:04.136: [INFO][Sync] Configured DataTypeManager: Ok
2025-12-29 11:27:04.140: [INFO][SyncEngineBackend::DoStartSyncing] Start syncing
2025-12-29 11:28:42.505: [INFO][Sync] SyncState after authenticated was: FeatureCanStart
2025-12-29 11:28:43.763: [INFO][SyncAuthManager::SetLastAuthError] Current auth error: None
2025-12-29 11:28:43.763: [INFO][SyncAuthManager::EdgeLogTokenErrorState] Token error with: None for account type: MSA
2025-12-29 11:28:43.763: [INFO][Sync] Credentials changed for: EdgeSyncKeyDataScope
2025-12-29 11:28:47.081: [INFO][Sync] Try to start sync engine
2025-12-29 11:28:47.082: [INFO][SyncManagerImpl::NudgeForInitialDownload] Initial download nudge for Encryption Keys
2025-12-29 11:28:47.082: [INFO][SyncEngineBackend::LoadAndConnectNigoriController] Load and connect Nigori controller
2025-12-29 11:28:47.082: [INFO][SyncEngineBackend::DoInitialize] Control Types added: Encryption Keys
2025-12-29 11:28:47.082: [INFO][SyncManagerImpl::ConfigureSyncer] Types to download: Encryption Keys with reason: 3
2025-12-29 11:28:47.082: [INFO][SyncEngineBackend::DoUpdateKeyDataCredentials] Update key data credentials
2025-12-29 11:28:47.082: [INFO][SyncSchedulerImpl::DoConfigurationSyncCycleJob] Configure job was blocked
2025-12-29 11:28:47.103: [INFO][SyncAuthManager::SetLastAuthError] Current auth error: None
2025-12-29 11:28:47.103: [INFO][SyncAuthManager::EdgeLogTokenErrorState] Token error with: None for account type: MSA
2025-12-29 11:28:47.103: [INFO][Sync] Credentials changed for: EdgeSyncScopeNew
2025-12-29 11:28:47.103: [INFO][SyncEngineBackend::DoUpdateCredentials] Update credentials
2025-12-29 11:28:47.103: [INFO][SyncSchedulerImpl::DoConfigurationSyncCycleJob] Blocked types:  and types to download: Encryption Keys
2025-12-29 11:28:47.433: [INFO][SyncEngineBackend::DoUpdateKeyDataCredentials] Update key data credentials
2025-12-29 11:28:47.435: [INFO][Sync] Started DataTypeManager configuration, reason: 4
2025-12-29 11:28:47.435: [INFO][Sync] Configuring for: Bookmarks, Preferences, Passwords, Autofill Profiles, Autofill, Extensions, Sessions, Extension settings, History Delete Directives, Device Info, User Consents, Send Tab To Self, Web Apps, History, Saved Tab Group, WebAuthn Credentials, Collection, Edge E Drop, Edge Hub App Usage, Edge Wallet, Encryption Keys, reason: 4, current state: 0
2025-12-29 11:28:47.435: [WARN][Sync] Crypto error data types: Passwords, Autofill Profiles, Autofill
2025-12-29 11:28:47.436: [INFO][Sync] Configure, desired: Bookmarks, Preferences, Extensions, Sessions, Extension settings, History Delete Directives, Device Info, User Consents, Send Tab To Self, Web Apps, History, Saved Tab Group, WebAuthn Credentials, Collection, Edge E Drop, Edge Hub App Usage, Edge Wallet, Encryption Keys; Allow fail: Passwords, Autofill Profiles, Autofill
2025-12-29 11:28:47.436: [INFO][Sync] Loading: Bookmarks
2025-12-29 11:28:47.436: [INFO][Sync] Loading: Preferences
2025-12-29 11:28:47.436: [INFO][Sync] Loading: Extensions
2025-12-29 11:28:47.436: [INFO][Sync] Loading: Sessions
2025-12-29 11:28:47.436: [INFO][Sync] Loading: Extension settings
2025-12-29 11:28:47.436: [INFO][Sync] Loading: History Delete Directives
2025-12-29 11:28:47.436: [INFO][Sync] Loading: Device Info
2025-12-29 11:28:47.436: [INFO][Sync] Loading: User Consents
2025-12-29 11:28:47.436: [INFO][Sync] Loading: Send Tab To Self
2025-12-29 11:28:47.436: [INFO][Sync] Loading: Web Apps
2025-12-29 11:28:47.436: [INFO][Sync] Loading: History
2025-12-29 11:28:47.436: [INFO][Sync] Loading: Saved Tab Group
2025-12-29 11:28:47.436: [INFO][Sync] Loading: WebAuthn Credentials
2025-12-29 11:28:47.436: [INFO][Sync] Loading: Collection
2025-12-29 11:28:47.436: [INFO][Sync] Loading: Edge E Drop
2025-12-29 11:28:47.436: [INFO][Sync] Loading: Edge Hub App Usage
2025-12-29 11:28:47.436: [INFO][Sync] Loading: Edge Wallet
2025-12-29 11:28:47.440: [INFO][Sync] All data types are ready for configure.
2025-12-29 11:28:48.367: [INFO][SyncEngineBackend::DoStartConfiguration] Start configuration
2025-12-29 11:28:48.367: [INFO][Sync] Started DataTypeManager configuration, reason: 5
2025-12-29 11:28:48.367: [INFO][Sync] Configuring for: Bookmarks, Preferences, Passwords, Autofill Profiles, Autofill, Extensions, Sessions, Extension settings, History Delete Directives, Device Info, User Consents, Send Tab To Self, Web Apps, History, Saved Tab Group, WebAuthn Credentials, Collection, Edge E Drop, Edge Hub App Usage, Edge Wallet, Encryption Keys, reason: 5, current state: 1
2025-12-29 11:28:48.367: [INFO][SyncManagerImpl::ConfigureSyncer] Types to download:  with reason: 4
2025-12-29 11:28:48.367: [INFO][SyncEngineBackend::DoFinishConfigureDataTypes] Failed to download types:  and succeeded types: 
2025-12-29 11:28:48.368: [INFO][Sync] ConfigurationDone, failed: , succeeded: , remaining count: 4
2025-12-29 11:28:48.368: [WARN][Sync]     Reconfigure requested while configuration ongoing.
2025-12-29 11:28:48.368: [INFO][Sync] Configuring for: Bookmarks, Preferences, Passwords, Autofill Profiles, Autofill, Extensions, Sessions, Extension settings, History Delete Directives, Device Info, User Consents, Send Tab To Self, Web Apps, History, Saved Tab Group, WebAuthn Credentials, Collection, Edge E Drop, Edge Hub App Usage, Edge Wallet, Encryption Keys, reason: 5, current state: 2
2025-12-29 11:28:48.368: [INFO][Sync] Configure, desired: Bookmarks, Preferences, Passwords, Autofill Profiles, Autofill, Extensions, Sessions, Extension settings, History Delete Directives, Device Info, User Consents, Send Tab To Self, Web Apps, History, Saved Tab Group, WebAuthn Credentials, Collection, Edge E Drop, Edge Hub App Usage, Edge Wallet, Encryption Keys; Allow fail: 
2025-12-29 11:28:48.368: [INFO][Sync] Loading: Passwords
2025-12-29 11:28:48.368: [INFO][Sync] Loading: Autofill Profiles
2025-12-29 11:28:48.368: [INFO][Sync] Loading: Autofill
2025-12-29 11:28:48.368: [INFO][Sync] All data types are ready for configure.
2025-12-29 11:28:48.368: [INFO][SyncManagerImpl::NudgeForInitialDownload] Initial download nudge for Passwords
2025-12-29 11:28:48.368: [INFO][SyncManagerImpl::ConfigureSyncer] Types to download:  with reason: 5
2025-12-29 11:28:48.368: [INFO][SyncEngineBackend::DoFinishConfigureDataTypes] Failed to download types:  and succeeded types: 
2025-12-29 11:28:48.368: [INFO][Sync] ConfigurationDone, failed: , succeeded: , remaining count: 4
2025-12-29 11:28:48.368: [INFO][Sync] Prepare to configure types: Passwords, Encryption Keys
2025-12-29 11:28:48.368: [INFO][SyncManagerImpl::ConfigureSyncer] Types to download: Passwords, Encryption Keys with reason: 5
2025-12-29 11:28:48.368: [INFO][SyncSchedulerImpl::DoConfigurationSyncCycleJob] Blocked types:  and types to download: Passwords, Encryption Keys
2025-12-29 11:28:48.552: [INFO][SyncEngineBackend::DoFinishConfigureDataTypes] Failed to download types:  and succeeded types: Passwords, Encryption Keys
2025-12-29 11:28:48.554: [INFO][Sync] ConfigurationDone, failed: , succeeded: Passwords, Encryption Keys, remaining count: 3
2025-12-29 11:28:48.554: [INFO][SyncManagerImpl::ConfigureSyncer] Types to download:  with reason: 5
2025-12-29 11:28:48.554: [INFO][SyncEngineBackend::DoFinishConfigureDataTypes] Failed to download types:  and succeeded types: 
2025-12-29 11:28:48.554: [INFO][Sync] ConfigurationDone, failed: , succeeded: , remaining count: 2
2025-12-29 11:28:48.554: [INFO][SyncManagerImpl::ConfigureSyncer] Types to download:  with reason: 5
2025-12-29 11:28:48.554: [INFO][SyncEngineBackend::DoFinishConfigureDataTypes] Failed to download types:  and succeeded types: 
2025-12-29 11:28:48.554: [INFO][Sync] ConfigurationDone, failed: , succeeded: , remaining count: 1
2025-12-29 11:28:48.555: [INFO][SyncManagerImpl::ConfigureSyncer] Types to download:  with reason: 5
2025-12-29 11:28:48.555: [INFO][SyncEngineBackend::DoFinishConfigureDataTypes] Failed to download types:  and succeeded types: 
2025-12-29 11:28:48.555: [INFO][Sync] ConfigurationDone, failed: , succeeded: , remaining count: 0
2025-12-29 11:28:48.556: [INFO][Sync]     Configuration completed, state: 7
2025-12-29 11:28:48.556: [INFO][Sync] Configured DataTypeManager: Ok
2025-12-29 11:28:48.557: [INFO][SyncEngineBackend::DoStartSyncing] Start syncing
2025-12-29 11:37:50.372: [INFO][Sync] Reset engine, reason: 0
2025-12-29 11:37:50.372: [INFO][Sync] Reset engine with reason: 0
2025-12-29 11:38:07.464: [INFO][Sync] SyncState after authenticated was: FeatureCanStart
2025-12-29 11:38:09.017: [INFO][SyncAuthManager::SetLastAuthError] Current auth error: None
2025-12-29 11:38:09.018: [INFO][SyncAuthManager::EdgeLogTokenErrorState] Token error with: None for account type: MSA
2025-12-29 11:38:09.018: [INFO][Sync] Credentials changed for: EdgeSyncKeyDataScope
2025-12-29 11:38:12.145: [INFO][Sync] Try to start sync engine
2025-12-29 11:38:12.146: [INFO][SyncManagerImpl::NudgeForInitialDownload] Initial download nudge for Encryption Keys
2025-12-29 11:38:12.146: [INFO][SyncEngineBackend::LoadAndConnectNigoriController] Load and connect Nigori controller
2025-12-29 11:38:12.146: [INFO][SyncEngineBackend::DoInitialize] Control Types added: Encryption Keys
2025-12-29 11:38:12.146: [INFO][SyncManagerImpl::ConfigureSyncer] Types to download: Encryption Keys with reason: 3
2025-12-29 11:38:12.146: [INFO][SyncEngineBackend::DoUpdateKeyDataCredentials] Update key data credentials
2025-12-29 11:38:12.146: [INFO][SyncSchedulerImpl::DoConfigurationSyncCycleJob] Configure job was blocked
2025-12-29 11:38:12.174: [INFO][SyncAuthManager::SetLastAuthError] Current auth error: None
2025-12-29 11:38:12.174: [INFO][SyncAuthManager::EdgeLogTokenErrorState] Token error with: None for account type: MSA
2025-12-29 11:38:12.174: [INFO][Sync] Credentials changed for: EdgeSyncScopeNew
2025-12-29 11:38:12.174: [INFO][SyncEngineBackend::DoUpdateCredentials] Update credentials
2025-12-29 11:38:12.174: [INFO][SyncSchedulerImpl::DoConfigurationSyncCycleJob] Blocked types:  and types to download: Encryption Keys
2025-12-29 11:38:12.612: [INFO][SyncEngineBackend::DoUpdateKeyDataCredentials] Update key data credentials
2025-12-29 11:38:12.618: [INFO][Sync] Started DataTypeManager configuration, reason: 4
2025-12-29 11:38:12.618: [INFO][Sync] Configuring for: Bookmarks, Preferences, Passwords, Autofill Profiles, Autofill, Extensions, Sessions, Extension settings, History Delete Directives, Device Info, User Consents, Send Tab To Self, Web Apps, History, Saved Tab Group, WebAuthn Credentials, Collection, Edge E Drop, Edge Hub App Usage, Edge Wallet, Encryption Keys, reason: 4, current state: 0
2025-12-29 11:38:12.618: [WARN][Sync] Crypto error data types: Passwords, Autofill Profiles, Autofill
2025-12-29 11:38:12.620: [INFO][Sync] Configure, desired: Bookmarks, Preferences, Extensions, Sessions, Extension settings, History Delete Directives, Device Info, User Consents, Send Tab To Self, Web Apps, History, Saved Tab Group, WebAuthn Credentials, Collection, Edge E Drop, Edge Hub App Usage, Edge Wallet, Encryption Keys; Allow fail: Passwords, Autofill Profiles, Autofill
2025-12-29 11:38:12.620: [INFO][Sync] Loading: Bookmarks
2025-12-29 11:38:12.620: [INFO][Sync] Loading: Preferences
2025-12-29 11:38:12.620: [INFO][Sync] Loading: Extensions
2025-12-29 11:38:12.620: [INFO][Sync] Loading: Sessions
2025-12-29 11:38:12.620: [INFO][Sync] Loading: Extension settings
2025-12-29 11:38:12.620: [INFO][Sync] Loading: History Delete Directives
2025-12-29 11:38:12.620: [INFO][Sync] Loading: Device Info
2025-12-29 11:38:12.620: [INFO][Sync] Loading: User Consents
2025-12-29 11:38:12.620: [INFO][Sync] Loading: Send Tab To Self
2025-12-29 11:38:12.620: [INFO][Sync] Loading: Web Apps
2025-12-29 11:38:12.620: [INFO][Sync] Loading: History
2025-12-29 11:38:12.620: [INFO][Sync] Loading: Saved Tab Group
2025-12-29 11:38:12.620: [INFO][Sync] Loading: WebAuthn Credentials
2025-12-29 11:38:12.620: [INFO][Sync] Loading: Collection
2025-12-29 11:38:12.620: [INFO][Sync] Loading: Edge E Drop
2025-12-29 11:38:12.620: [INFO][Sync] Loading: Edge Hub App Usage
2025-12-29 11:38:12.620: [INFO][Sync] Loading: Edge Wallet
2025-12-29 11:38:12.626: [INFO][Sync] All data types are ready for configure.
2025-12-29 11:38:13.106: [INFO][Sync] Started DataTypeManager configuration, reason: 5
2025-12-29 11:38:13.106: [INFO][Sync] Configuring for: Bookmarks, Preferences, Passwords, Autofill Profiles, Autofill, Extensions, Sessions, Extension settings, History Delete Directives, Device Info, User Consents, Send Tab To Self, Web Apps, History, Saved Tab Group, WebAuthn Credentials, Collection, Edge E Drop, Edge Hub App Usage, Edge Wallet, Encryption Keys, reason: 5, current state: 1
2025-12-29 11:38:13.106: [INFO][SyncEngineBackend::DoStartConfiguration] Start configuration
2025-12-29 11:38:13.107: [INFO][SyncManagerImpl::ConfigureSyncer] Types to download:  with reason: 4
2025-12-29 11:38:13.107: [INFO][SyncEngineBackend::DoFinishConfigureDataTypes] Failed to download types:  and succeeded types: 
2025-12-29 11:38:13.108: [INFO][Sync] ConfigurationDone, failed: , succeeded: , remaining count: 4
2025-12-29 11:38:13.108: [WARN][Sync]     Reconfigure requested while configuration ongoing.
2025-12-29 11:38:13.108: [INFO][Sync] Configuring for: Bookmarks, Preferences, Passwords, Autofill Profiles, Autofill, Extensions, Sessions, Extension settings, History Delete Directives, Device Info, User Consents, Send Tab To Self, Web Apps, History, Saved Tab Group, WebAuthn Credentials, Collection, Edge E Drop, Edge Hub App Usage, Edge Wallet, Encryption Keys, reason: 5, current state: 2
2025-12-29 11:38:13.108: [INFO][Sync] Configure, desired: Bookmarks, Preferences, Passwords, Autofill Profiles, Autofill, Extensions, Sessions, Extension settings, History Delete Directives, Device Info, User Consents, Send Tab To Self, Web Apps, History, Saved Tab Group, WebAuthn Credentials, Collection, Edge E Drop, Edge Hub App Usage, Edge Wallet, Encryption Keys; Allow fail: 
2025-12-29 11:38:13.108: [INFO][Sync] Loading: Passwords
2025-12-29 11:38:13.108: [INFO][Sync] Loading: Autofill Profiles
2025-12-29 11:38:13.108: [INFO][Sync] Loading: Autofill
2025-12-29 11:38:13.108: [INFO][Sync] All data types are ready for configure.
2025-12-29 11:38:13.108: [INFO][SyncManagerImpl::NudgeForInitialDownload] Initial download nudge for Passwords
2025-12-29 11:38:13.108: [INFO][SyncManagerImpl::ConfigureSyncer] Types to download:  with reason: 5
2025-12-29 11:38:13.108: [INFO][SyncEngineBackend::DoFinishConfigureDataTypes] Failed to download types:  and succeeded types: 
2025-12-29 11:38:13.109: [INFO][Sync] ConfigurationDone, failed: , succeeded: , remaining count: 4
2025-12-29 11:38:13.109: [INFO][Sync] Prepare to configure types: Passwords, Encryption Keys
2025-12-29 11:38:13.109: [INFO][SyncManagerImpl::ConfigureSyncer] Types to download: Passwords, Encryption Keys with reason: 5
2025-12-29 11:38:13.109: [INFO][SyncSchedulerImpl::DoConfigurationSyncCycleJob] Blocked types:  and types to download: Passwords, Encryption Keys
2025-12-29 11:38:13.373: [INFO][SyncEngineBackend::DoFinishConfigureDataTypes] Failed to download types:  and succeeded types: Passwords, Encryption Keys
2025-12-29 11:38:13.374: [INFO][Sync] ConfigurationDone, failed: , succeeded: Passwords, Encryption Keys, remaining count: 3
2025-12-29 11:38:13.375: [INFO][SyncManagerImpl::ConfigureSyncer] Types to download:  with reason: 5
2025-12-29 11:38:13.375: [INFO][SyncEngineBackend::DoFinishConfigureDataTypes] Failed to download types:  and succeeded types: 
2025-12-29 11:38:13.375: [INFO][Sync] ConfigurationDone, failed: , succeeded: , remaining count: 2
2025-12-29 11:38:13.375: [INFO][SyncManagerImpl::ConfigureSyncer] Types to download:  with reason: 5
2025-12-29 11:38:13.375: [INFO][SyncEngineBackend::DoFinishConfigureDataTypes] Failed to download types:  and succeeded types: 
2025-12-29 11:38:13.375: [INFO][Sync] ConfigurationDone, failed: , succeeded: , remaining count: 1
2025-12-29 11:38:13.376: [INFO][SyncManagerImpl::ConfigureSyncer] Types to download:  with reason: 5
2025-12-29 11:38:13.376: [INFO][SyncEngineBackend::DoFinishConfigureDataTypes] Failed to download types:  and succeeded types: 
2025-12-29 11:38:13.378: [INFO][Sync] ConfigurationDone, failed: , succeeded: , remaining count: 0
2025-12-29 11:38:13.379: [INFO][Sync]     Configuration completed, state: 7
2025-12-29 11:38:13.379: [INFO][Sync] Configured DataTypeManager: Ok
2025-12-29 11:38:13.381: [INFO][SyncEngineBackend::DoStartSyncing] Start syncing
2025-12-29 11:43:28.871: [INFO][Sync] Reset engine, reason: 0
2025-12-29 11:43:28.871: [INFO][Sync] Reset engine with reason: 0
2025-12-30 02:54:50.932: [INFO][Sync] SyncState after authenticated was: FeatureCanStart
2025-12-30 02:54:53.272: [INFO][SyncAuthManager::SetLastAuthError] Current auth error: None
2025-12-30 02:54:53.272: [INFO][SyncAuthManager::EdgeLogTokenErrorState] Token error with: None for account type: MSA
2025-12-30 02:54:53.272: [INFO][Sync] Credentials changed for: EdgeSyncKeyDataScope
2025-12-30 02:54:56.777: [INFO][Sync] Try to start sync engine
2025-12-30 02:54:56.778: [INFO][SyncManagerImpl::NudgeForInitialDownload] Initial download nudge for Encryption Keys
2025-12-30 02:54:56.778: [INFO][SyncEngineBackend::LoadAndConnectNigoriController] Load and connect Nigori controller
2025-12-30 02:54:56.778: [INFO][SyncEngineBackend::DoInitialize] Control Types added: Encryption Keys
2025-12-30 02:54:56.778: [INFO][SyncManagerImpl::ConfigureSyncer] Types to download: Encryption Keys with reason: 3
2025-12-30 02:54:56.778: [INFO][SyncEngineBackend::DoUpdateKeyDataCredentials] Update key data credentials
2025-12-30 02:54:56.778: [INFO][SyncSchedulerImpl::DoConfigurationSyncCycleJob] Configure job was blocked
2025-12-30 02:54:58.841: [INFO][SyncAuthManager::SetLastAuthError] Current auth error: None
2025-12-30 02:54:58.841: [INFO][SyncAuthManager::EdgeLogTokenErrorState] Token error with: None for account type: MSA
2025-12-30 02:54:58.841: [INFO][Sync] Credentials changed for: EdgeSyncScopeNew
2025-12-30 02:54:58.841: [INFO][SyncEngineBackend::DoUpdateCredentials] Update credentials
2025-12-30 02:54:58.841: [INFO][SyncEngineBackend::DoUpdateKeyDataCredentials] Update key data credentials
2025-12-30 02:54:58.841: [INFO][SyncSchedulerImpl::DoConfigurationSyncCycleJob] Blocked types:  and types to download: Encryption Keys
2025-12-30 02:54:59.698: [INFO][Sync] Started DataTypeManager configuration, reason: 4
2025-12-30 02:54:59.698: [INFO][Sync] Configuring for: Bookmarks, Preferences, Passwords, Autofill Profiles, Autofill, Extensions, Sessions, Extension settings, History Delete Directives, Device Info, User Consents, Send Tab To Self, Web Apps, History, Saved Tab Group, WebAuthn Credentials, Collection, Edge E Drop, Edge Hub App Usage, Edge Wallet, Encryption Keys, reason: 4, current state: 0
2025-12-30 02:54:59.698: [WARN][Sync] Crypto error data types: Passwords, Autofill Profiles, Autofill
2025-12-30 02:54:59.699: [INFO][Sync] Configure, desired: Bookmarks, Preferences, Extensions, Sessions, Extension settings, History Delete Directives, Device Info, User Consents, Send Tab To Self, Web Apps, History, Saved Tab Group, WebAuthn Credentials, Collection, Edge E Drop, Edge Hub App Usage, Edge Wallet, Encryption Keys; Allow fail: Passwords, Autofill Profiles, Autofill
2025-12-30 02:54:59.699: [INFO][Sync] Loading: Bookmarks
2025-12-30 02:54:59.699: [INFO][Sync] Loading: Preferences
2025-12-30 02:54:59.699: [INFO][Sync] Loading: Extensions
2025-12-30 02:54:59.699: [INFO][Sync] Loading: Sessions
2025-12-30 02:54:59.699: [INFO][Sync] Loading: Extension settings
2025-12-30 02:54:59.699: [INFO][Sync] Loading: History Delete Directives
2025-12-30 02:54:59.699: [INFO][Sync] Loading: Device Info
2025-12-30 02:54:59.699: [INFO][Sync] Loading: User Consents
2025-12-30 02:54:59.699: [INFO][Sync] Loading: Send Tab To Self
2025-12-30 02:54:59.699: [INFO][Sync] Loading: Web Apps
2025-12-30 02:54:59.699: [INFO][Sync] Loading: History
2025-12-30 02:54:59.699: [INFO][Sync] Loading: Saved Tab Group
2025-12-30 02:54:59.699: [INFO][Sync] Loading: WebAuthn Credentials
2025-12-30 02:54:59.699: [INFO][Sync] Loading: Collection
2025-12-30 02:54:59.699: [INFO][Sync] Loading: Edge E Drop
2025-12-30 02:54:59.699: [INFO][Sync] Loading: Edge Hub App Usage
2025-12-30 02:54:59.699: [INFO][Sync] Loading: Edge Wallet
2025-12-30 02:54:59.701: [INFO][Sync] All data types are ready for configure.
2025-12-30 02:55:00.444: [INFO][SyncEngineBackend::DoStartConfiguration] Start configuration
2025-12-30 02:55:00.444: [INFO][SyncManagerImpl::ConfigureSyncer] Types to download:  with reason: 4
2025-12-30 02:55:00.444: [INFO][SyncEngineBackend::DoFinishConfigureDataTypes] Failed to download types:  and succeeded types: 
2025-12-30 02:55:00.444: [INFO][Sync] Started DataTypeManager configuration, reason: 5
2025-12-30 02:55:00.444: [INFO][Sync] Configuring for: Bookmarks, Preferences, Passwords, Autofill Profiles, Autofill, Extensions, Sessions, Extension settings, History Delete Directives, Device Info, User Consents, Send Tab To Self, Web Apps, History, Saved Tab Group, WebAuthn Credentials, Collection, Edge E Drop, Edge Hub App Usage, Edge Wallet, Encryption Keys, reason: 5, current state: 1
2025-12-30 02:55:00.445: [INFO][Sync] ConfigurationDone, failed: , succeeded: , remaining count: 4
2025-12-30 02:55:00.445: [WARN][Sync]     Reconfigure requested while configuration ongoing.
2025-12-30 02:55:00.445: [INFO][Sync] Configuring for: Bookmarks, Preferences, Passwords, Autofill Profiles, Autofill, Extensions, Sessions, Extension settings, History Delete Directives, Device Info, User Consents, Send Tab To Self, Web Apps, History, Saved Tab Group, WebAuthn Credentials, Collection, Edge E Drop, Edge Hub App Usage, Edge Wallet, Encryption Keys, reason: 5, current state: 2
2025-12-30 02:55:00.445: [INFO][Sync] Configure, desired: Bookmarks, Preferences, Passwords, Autofill Profiles, Autofill, Extensions, Sessions, Extension settings, History Delete Directives, Device Info, User Consents, Send Tab To Self, Web Apps, History, Saved Tab Group, WebAuthn Credentials, Collection, Edge E Drop, Edge Hub App Usage, Edge Wallet, Encryption Keys; Allow fail: 
2025-12-30 02:55:00.445: [INFO][Sync] Loading: Passwords
2025-12-30 02:55:00.445: [INFO][Sync] Loading: Autofill Profiles
2025-12-30 02:55:00.445: [INFO][Sync] Loading: Autofill
2025-12-30 02:55:00.446: [INFO][Sync] All data types are ready for configure.
2025-12-30 02:55:00.446: [INFO][SyncManagerImpl::NudgeForInitialDownload] Initial download nudge for Passwords
2025-12-30 02:55:00.446: [INFO][SyncManagerImpl::ConfigureSyncer] Types to download:  with reason: 5
2025-12-30 02:55:00.446: [INFO][SyncEngineBackend::DoFinishConfigureDataTypes] Failed to download types:  and succeeded types: 
2025-12-30 02:55:00.446: [INFO][Sync] ConfigurationDone, failed: , succeeded: , remaining count: 4
2025-12-30 02:55:00.446: [INFO][Sync] Prepare to configure types: Passwords, Encryption Keys
2025-12-30 02:55:00.446: [INFO][SyncManagerImpl::ConfigureSyncer] Types to download: Passwords, Encryption Keys with reason: 5
2025-12-30 02:55:00.446: [INFO][SyncSchedulerImpl::DoConfigurationSyncCycleJob] Blocked types:  and types to download: Passwords, Encryption Keys
2025-12-30 02:55:00.940: [INFO][SyncEngineBackend::DoFinishConfigureDataTypes] Failed to download types:  and succeeded types: Passwords, Encryption Keys
2025-12-30 02:55:00.945: [INFO][Sync] ConfigurationDone, failed: , succeeded: Passwords, Encryption Keys, remaining count: 3
2025-12-30 02:55:00.945: [INFO][SyncManagerImpl::ConfigureSyncer] Types to download:  with reason: 5
2025-12-30 02:55:00.945: [INFO][SyncEngineBackend::DoFinishConfigureDataTypes] Failed to download types:  and succeeded types: 
2025-12-30 02:55:00.945: [INFO][Sync] ConfigurationDone, failed: , succeeded: , remaining count: 2
2025-12-30 02:55:00.945: [INFO][SyncManagerImpl::ConfigureSyncer] Types to download:  with reason: 5
2025-12-30 02:55:00.945: [INFO][SyncEngineBackend::DoFinishConfigureDataTypes] Failed to download types:  and succeeded types: 
2025-12-30 02:55:00.946: [INFO][Sync] ConfigurationDone, failed: , succeeded: , remaining count: 1
2025-12-30 02:55:00.947: [INFO][SyncManagerImpl::ConfigureSyncer] Types to download:  with reason: 5
2025-12-30 02:55:00.947: [INFO][SyncEngineBackend::DoFinishConfigureDataTypes] Failed to download types:  and succeeded types: 
2025-12-30 02:55:00.956: [INFO][Sync] ConfigurationDone, failed: , succeeded: , remaining count: 0
2025-12-30 02:55:00.958: [INFO][Sync]     Configuration completed, state: 7
2025-12-30 02:55:00.958: [INFO][Sync] Configured DataTypeManager: Ok
2025-12-30 02:55:00.961: [INFO][SyncEngineBackend::DoStartSyncing] Start syncing
2025-12-30 02:56:06.367: [INFO][Sync] Reset engine, reason: 0
2025-12-30 02:56:06.367: [INFO][Sync] Reset engine with reason: 0
2025-12-30 02:56:22.985: [INFO][Sync] SyncState after authenticated was: FeatureCanStart
2025-12-30 02:56:25.018: [INFO][SyncAuthManager::SetLastAuthError] Current auth error: None
2025-12-30 02:56:25.018: [INFO][SyncAuthManager::EdgeLogTokenErrorState] Token error with: None for account type: MSA
2025-12-30 02:56:25.018: [INFO][Sync] Credentials changed for: EdgeSyncKeyDataScope
2025-12-30 02:56:27.628: [INFO][Sync] Try to start sync engine
2025-12-30 02:56:27.658: [INFO][SyncManagerImpl::NudgeForInitialDownload] Initial download nudge for Encryption Keys
2025-12-30 02:56:27.658: [INFO][SyncEngineBackend::LoadAndConnectNigoriController] Load and connect Nigori controller
2025-12-30 02:56:27.658: [INFO][SyncEngineBackend::DoInitialize] Control Types added: Encryption Keys
2025-12-30 02:56:27.658: [INFO][SyncManagerImpl::ConfigureSyncer] Types to download: Encryption Keys with reason: 3
2025-12-30 02:56:27.658: [INFO][SyncEngineBackend::DoUpdateKeyDataCredentials] Update key data credentials
2025-12-30 02:56:27.658: [INFO][SyncSchedulerImpl::DoConfigurationSyncCycleJob] Configure job was blocked
2025-12-30 02:56:27.672: [INFO][SyncAuthManager::SetLastAuthError] Current auth error: None
2025-12-30 02:56:27.672: [INFO][SyncAuthManager::EdgeLogTokenErrorState] Token error with: None for account type: MSA
2025-12-30 02:56:27.672: [INFO][Sync] Credentials changed for: EdgeSyncScopeNew
2025-12-30 02:56:27.672: [INFO][SyncEngineBackend::DoUpdateCredentials] Update credentials
2025-12-30 02:56:27.672: [INFO][SyncSchedulerImpl::DoConfigurationSyncCycleJob] Blocked types:  and types to download: Encryption Keys
2025-12-30 02:56:28.296: [INFO][SyncEngineBackend::DoUpdateKeyDataCredentials] Update key data credentials
2025-12-30 02:56:28.300: [INFO][Sync] Started DataTypeManager configuration, reason: 4
2025-12-30 02:56:28.300: [INFO][Sync] Configuring for: Bookmarks, Preferences, Passwords, Autofill Profiles, Autofill, Extensions, Sessions, Extension settings, History Delete Directives, Device Info, User Consents, Send Tab To Self, Web Apps, History, Saved Tab Group, WebAuthn Credentials, Collection, Edge E Drop, Edge Hub App Usage, Edge Wallet, Encryption Keys, reason: 4, current state: 0
2025-12-30 02:56:28.300: [WARN][Sync] Crypto error data types: Passwords, Autofill Profiles, Autofill
2025-12-30 02:56:28.301: [INFO][Sync] Configure, desired: Bookmarks, Preferences, Extensions, Sessions, Extension settings, History Delete Directives, Device Info, User Consents, Send Tab To Self, Web Apps, History, Saved Tab Group, WebAuthn Credentials, Collection, Edge E Drop, Edge Hub App Usage, Edge Wallet, Encryption Keys; Allow fail: Passwords, Autofill Profiles, Autofill
2025-12-30 02:56:28.301: [INFO][Sync] Loading: Bookmarks
2025-12-30 02:56:28.301: [INFO][Sync] Loading: Preferences
2025-12-30 02:56:28.301: [INFO][Sync] Loading: Extensions
2025-12-30 02:56:28.301: [INFO][Sync] Loading: Sessions
2025-12-30 02:56:28.301: [INFO][Sync] Loading: Extension settings
2025-12-30 02:56:28.301: [INFO][Sync] Loading: History Delete Directives
2025-12-30 02:56:28.301: [INFO][Sync] Loading: Device Info
2025-12-30 02:56:28.301: [INFO][Sync] Loading: User Consents
2025-12-30 02:56:28.301: [INFO][Sync] Loading: Send Tab To Self
2025-12-30 02:56:28.301: [INFO][Sync] Loading: Web Apps
2025-12-30 02:56:28.301: [INFO][Sync] Loading: History
2025-12-30 02:56:28.301: [INFO][Sync] Loading: Saved Tab Group
2025-12-30 02:56:28.301: [INFO][Sync] Loading: WebAuthn Credentials
2025-12-30 02:56:28.301: [INFO][Sync] Loading: Collection
2025-12-30 02:56:28.301: [INFO][Sync] Loading: Edge E Drop
2025-12-30 02:56:28.301: [INFO][Sync] Loading: Edge Hub App Usage
2025-12-30 02:56:28.301: [INFO][Sync] Loading: Edge Wallet
2025-12-30 02:56:28.306: [INFO][Sync] All data types are ready for configure.
2025-12-30 02:56:29.319: [INFO][SyncEngineBackend::DoStartConfiguration] Start configuration
2025-12-30 02:56:29.319: [INFO][Sync] Started DataTypeManager configuration, reason: 5
2025-12-30 02:56:29.319: [INFO][SyncManagerImpl::ConfigureSyncer] Types to download:  with reason: 4
2025-12-30 02:56:29.319: [INFO][SyncEngineBackend::DoFinishConfigureDataTypes] Failed to download types:  and succeeded types: 
2025-12-30 02:56:29.319: [INFO][Sync] Configuring for: Bookmarks, Preferences, Passwords, Autofill Profiles, Autofill, Extensions, Sessions, Extension settings, History Delete Directives, Device Info, User Consents, Send Tab To Self, Web Apps, History, Saved Tab Group, WebAuthn Credentials, Collection, Edge E Drop, Edge Hub App Usage, Edge Wallet, Encryption Keys, reason: 5, current state: 1
2025-12-30 02:56:29.320: [INFO][Sync] ConfigurationDone, failed: , succeeded: , remaining count: 4
2025-12-30 02:56:29.320: [WARN][Sync]     Reconfigure requested while configuration ongoing.
2025-12-30 02:56:29.320: [INFO][Sync] Configuring for: Bookmarks, Preferences, Passwords, Autofill Profiles, Autofill, Extensions, Sessions, Extension settings, History Delete Directives, Device Info, User Consents, Send Tab To Self, Web Apps, History, Saved Tab Group, WebAuthn Credentials, Collection, Edge E Drop, Edge Hub App Usage, Edge Wallet, Encryption Keys, reason: 5, current state: 2
2025-12-30 02:56:29.320: [INFO][Sync] Configure, desired: Bookmarks, Preferences, Passwords, Autofill Profiles, Autofill, Extensions, Sessions, Extension settings, History Delete Directives, Device Info, User Consents, Send Tab To Self, Web Apps, History, Saved Tab Group, WebAuthn Credentials, Collection, Edge E Drop, Edge Hub App Usage, Edge Wallet, Encryption Keys; Allow fail: 
2025-12-30 02:56:29.320: [INFO][Sync] Loading: Passwords
2025-12-30 02:56:29.320: [INFO][Sync] Loading: Autofill Profiles
2025-12-30 02:56:29.320: [INFO][Sync] Loading: Autofill
2025-12-30 02:56:29.320: [INFO][Sync] All data types are ready for configure.
2025-12-30 02:56:29.320: [INFO][SyncManagerImpl::NudgeForInitialDownload] Initial download nudge for Passwords
2025-12-30 02:56:29.320: [INFO][SyncManagerImpl::ConfigureSyncer] Types to download:  with reason: 5
2025-12-30 02:56:29.320: [INFO][SyncEngineBackend::DoFinishConfigureDataTypes] Failed to download types:  and succeeded types: 
2025-12-30 02:56:29.320: [INFO][Sync] ConfigurationDone, failed: , succeeded: , remaining count: 4
2025-12-30 02:56:29.320: [INFO][Sync] Prepare to configure types: Passwords, Encryption Keys
2025-12-30 02:56:29.320: [INFO][SyncManagerImpl::ConfigureSyncer] Types to download: Passwords, Encryption Keys with reason: 5
2025-12-30 02:56:29.320: [INFO][SyncSchedulerImpl::DoConfigurationSyncCycleJob] Blocked types:  and types to download: Passwords, Encryption Keys
2025-12-30 02:56:29.643: [INFO][SyncEngineBackend::DoFinishConfigureDataTypes] Failed to download types:  and succeeded types: Passwords, Encryption Keys
2025-12-30 02:56:29.644: [INFO][Sync] ConfigurationDone, failed: , succeeded: Passwords, Encryption Keys, remaining count: 3
2025-12-30 02:56:29.644: [INFO][SyncManagerImpl::ConfigureSyncer] Types to download:  with reason: 5
2025-12-30 02:56:29.644: [INFO][SyncEngineBackend::DoFinishConfigureDataTypes] Failed to download types:  and succeeded types: 
2025-12-30 02:56:29.644: [INFO][Sync] ConfigurationDone, failed: , succeeded: , remaining count: 2
2025-12-30 02:56:29.644: [INFO][SyncManagerImpl::ConfigureSyncer] Types to download:  with reason: 5
2025-12-30 02:56:29.644: [INFO][SyncEngineBackend::DoFinishConfigureDataTypes] Failed to download types:  and succeeded types: 
2025-12-30 02:56:29.646: [INFO][Sync] ConfigurationDone, failed: , succeeded: , remaining count: 1
2025-12-30 02:56:29.647: [INFO][SyncManagerImpl::ConfigureSyncer] Types to download:  with reason: 5
2025-12-30 02:56:29.647: [INFO][SyncEngineBackend::DoFinishConfigureDataTypes] Failed to download types:  and succeeded types: 
2025-12-30 02:56:29.647: [INFO][Sync] ConfigurationDone, failed: , succeeded: , remaining count: 0
2025-12-30 02:56:29.648: [INFO][Sync]     Configuration completed, state: 7
2025-12-30 02:56:29.648: [INFO][Sync] Configured DataTypeManager: Ok
2025-12-30 02:56:29.649: [INFO][SyncEngineBackend::DoStartSyncing] Start syncing
2025-12-30 03:06:00.893: [INFO][Sync] SyncState after authenticated was: FeatureCanStart
2025-12-30 03:06:03.018: [INFO][SyncAuthManager::SetLastAuthError] Current auth error: None
2025-12-30 03:06:03.018: [INFO][SyncAuthManager::EdgeLogTokenErrorState] Token error with: None for account type: MSA
2025-12-30 03:06:03.018: [INFO][Sync] Credentials changed for: EdgeSyncKeyDataScope
2025-12-30 03:06:05.436: [INFO][Sync] Try to start sync engine
2025-12-30 03:06:05.449: [INFO][SyncManagerImpl::NudgeForInitialDownload] Initial download nudge for Encryption Keys
2025-12-30 03:06:05.449: [INFO][SyncEngineBackend::LoadAndConnectNigoriController] Load and connect Nigori controller
2025-12-30 03:06:05.449: [INFO][SyncEngineBackend::DoInitialize] Control Types added: Encryption Keys
2025-12-30 03:06:05.449: [INFO][SyncManagerImpl::ConfigureSyncer] Types to download: Encryption Keys with reason: 3
2025-12-30 03:06:05.449: [INFO][SyncEngineBackend::DoUpdateKeyDataCredentials] Update key data credentials
2025-12-30 03:06:05.449: [INFO][SyncSchedulerImpl::DoConfigurationSyncCycleJob] Configure job was blocked
2025-12-30 03:06:05.468: [INFO][SyncAuthManager::SetLastAuthError] Current auth error: None
2025-12-30 03:06:05.468: [INFO][SyncAuthManager::EdgeLogTokenErrorState] Token error with: None for account type: MSA
2025-12-30 03:06:05.469: [INFO][Sync] Credentials changed for: EdgeSyncScopeNew
2025-12-30 03:06:05.469: [INFO][SyncEngineBackend::DoUpdateCredentials] Update credentials
2025-12-30 03:06:05.469: [INFO][SyncSchedulerImpl::DoConfigurationSyncCycleJob] Blocked types:  and types to download: Encryption Keys
2025-12-30 03:06:06.218: [INFO][SyncEngineBackend::DoUpdateKeyDataCredentials] Update key data credentials
2025-12-30 03:06:06.221: [INFO][Sync] Started DataTypeManager configuration, reason: 4
2025-12-30 03:06:06.221: [INFO][Sync] Configuring for: Bookmarks, Preferences, Passwords, Autofill Profiles, Autofill, Extensions, Sessions, Extension settings, History Delete Directives, Device Info, User Consents, Send Tab To Self, Web Apps, History, Saved Tab Group, WebAuthn Credentials, Collection, Edge E Drop, Edge Hub App Usage, Edge Wallet, Encryption Keys, reason: 4, current state: 0
2025-12-30 03:06:06.221: [WARN][Sync] Crypto error data types: Passwords, Autofill Profiles, Autofill
2025-12-30 03:06:06.222: [INFO][Sync] Configure, desired: Bookmarks, Preferences, Extensions, Sessions, Extension settings, History Delete Directives, Device Info, User Consents, Send Tab To Self, Web Apps, History, Saved Tab Group, WebAuthn Credentials, Collection, Edge E Drop, Edge Hub App Usage, Edge Wallet, Encryption Keys; Allow fail: Passwords, Autofill Profiles, Autofill
2025-12-30 03:06:06.222: [INFO][Sync] Loading: Bookmarks
2025-12-30 03:06:06.222: [INFO][Sync] Loading: Preferences
2025-12-30 03:06:06.222: [INFO][Sync] Loading: Extensions
2025-12-30 03:06:06.222: [INFO][Sync] Loading: Sessions
2025-12-30 03:06:06.222: [INFO][Sync] Loading: Extension settings
2025-12-30 03:06:06.222: [INFO][Sync] Loading: History Delete Directives
2025-12-30 03:06:06.222: [INFO][Sync] Loading: Device Info
2025-12-30 03:06:06.222: [INFO][Sync] Loading: User Consents
2025-12-30 03:06:06.222: [INFO][Sync] Loading: Send Tab To Self
2025-12-30 03:06:06.222: [INFO][Sync] Loading: Web Apps
2025-12-30 03:06:06.222: [INFO][Sync] Loading: History
2025-12-30 03:06:06.222: [INFO][Sync] Loading: Saved Tab Group
2025-12-30 03:06:06.222: [INFO][Sync] Loading: WebAuthn Credentials
2025-12-30 03:06:06.222: [INFO][Sync] Loading: Collection
2025-12-30 03:06:06.222: [INFO][Sync] Loading: Edge E Drop
2025-12-30 03:06:06.222: [INFO][Sync] Loading: Edge Hub App Usage
2025-12-30 03:06:06.222: [INFO][Sync] Loading: Edge Wallet
2025-12-30 03:06:06.225: [INFO][Sync] All data types are ready for configure.
2025-12-30 03:06:06.860: [INFO][SyncEngineBackend::DoStartConfiguration] Start configuration
2025-12-30 03:06:06.861: [INFO][SyncManagerImpl::ConfigureSyncer] Types to download:  with reason: 4
2025-12-30 03:06:06.861: [INFO][SyncEngineBackend::DoFinishConfigureDataTypes] Failed to download types:  and succeeded types: 
2025-12-30 03:06:06.868: [INFO][Sync] Started DataTypeManager configuration, reason: 5
2025-12-30 03:06:06.869: [INFO][Sync] Configuring for: Bookmarks, Preferences, Passwords, Autofill Profiles, Autofill, Extensions, Sessions, Extension settings, History Delete Directives, Device Info, User Consents, Send Tab To Self, Web Apps, History, Saved Tab Group, WebAuthn Credentials, Collection, Edge E Drop, Edge Hub App Usage, Edge Wallet, Encryption Keys, reason: 5, current state: 1
2025-12-30 03:06:06.870: [INFO][Sync] ConfigurationDone, failed: , succeeded: , remaining count: 4
2025-12-30 03:06:06.870: [WARN][Sync]     Reconfigure requested while configuration ongoing.
2025-12-30 03:06:06.870: [INFO][Sync] Configuring for: Bookmarks, Preferences, Passwords, Autofill Profiles, Autofill, Extensions, Sessions, Extension settings, History Delete Directives, Device Info, User Consents, Send Tab To Self, Web Apps, History, Saved Tab Group, WebAuthn Credentials, Collection, Edge E Drop, Edge Hub App Usage, Edge Wallet, Encryption Keys, reason: 5, current state: 2
2025-12-30 03:06:06.870: [INFO][Sync] Configure, desired: Bookmarks, Preferences, Passwords, Autofill Profiles, Autofill, Extensions, Sessions, Extension settings, History Delete Directives, Device Info, User Consents, Send Tab To Self, Web Apps, History, Saved Tab Group, WebAuthn Credentials, Collection, Edge E Drop, Edge Hub App Usage, Edge Wallet, Encryption Keys; Allow fail: 
2025-12-30 03:06:06.870: [INFO][Sync] Loading: Passwords
2025-12-30 03:06:06.870: [INFO][Sync] Loading: Autofill Profiles
2025-12-30 03:06:06.870: [INFO][Sync] Loading: Autofill
2025-12-30 03:06:06.871: [INFO][Sync] All data types are ready for configure.
2025-12-30 03:06:06.871: [INFO][SyncManagerImpl::NudgeForInitialDownload] Initial download nudge for Passwords
2025-12-30 03:06:06.871: [INFO][SyncManagerImpl::ConfigureSyncer] Types to download:  with reason: 5
2025-12-30 03:06:06.871: [INFO][SyncEngineBackend::DoFinishConfigureDataTypes] Failed to download types:  and succeeded types: 
2025-12-30 03:06:06.874: [INFO][Sync] ConfigurationDone, failed: , succeeded: , remaining count: 4
2025-12-30 03:06:06.874: [INFO][Sync] Prepare to configure types: Passwords, Encryption Keys
2025-12-30 03:06:06.874: [INFO][SyncManagerImpl::ConfigureSyncer] Types to download: Passwords, Encryption Keys with reason: 5
2025-12-30 03:06:06.874: [INFO][SyncSchedulerImpl::DoConfigurationSyncCycleJob] Blocked types:  and types to download: Passwords, Encryption Keys
2025-12-30 03:06:07.058: [INFO][SyncEngineBackend::DoFinishConfigureDataTypes] Failed to download types:  and succeeded types: Passwords, Encryption Keys
2025-12-30 03:06:07.059: [INFO][Sync] ConfigurationDone, failed: , succeeded: Passwords, Encryption Keys, remaining count: 3
2025-12-30 03:06:07.059: [INFO][SyncManagerImpl::ConfigureSyncer] Types to download:  with reason: 5
2025-12-30 03:06:07.059: [INFO][SyncEngineBackend::DoFinishConfigureDataTypes] Failed to download types:  and succeeded types: 
2025-12-30 03:06:07.060: [INFO][Sync] ConfigurationDone, failed: , succeeded: , remaining count: 2
2025-12-30 03:06:07.060: [INFO][SyncManagerImpl::ConfigureSyncer] Types to download:  with reason: 5
2025-12-30 03:06:07.060: [INFO][SyncEngineBackend::DoFinishConfigureDataTypes] Failed to download types:  and succeeded types: 
2025-12-30 03:06:07.063: [INFO][Sync] ConfigurationDone, failed: , succeeded: , remaining count: 1
2025-12-30 03:06:07.064: [INFO][SyncManagerImpl::ConfigureSyncer] Types to download:  with reason: 5
2025-12-30 03:06:07.065: [INFO][SyncEngineBackend::DoFinishConfigureDataTypes] Failed to download types:  and succeeded types: 
2025-12-30 03:06:07.065: [INFO][Sync] ConfigurationDone, failed: , succeeded: , remaining count: 0
2025-12-30 03:06:07.066: [INFO][Sync]     Configuration completed, state: 7
2025-12-30 03:06:07.066: [INFO][Sync] Configured DataTypeManager: Ok
2025-12-30 03:06:07.068: [INFO][SyncEngineBackend::DoStartSyncing] Start syncing
2025-12-30 03:06:47.251: [INFO][Sync] SyncState after authenticated was: FeatureCanStart
2025-12-30 03:06:48.681: [INFO][SyncAuthManager::SetLastAuthError] Current auth error: None
2025-12-30 03:06:48.681: [INFO][SyncAuthManager::EdgeLogTokenErrorState] Token error with: None for account type: MSA
2025-12-30 03:06:48.681: [INFO][Sync] Credentials changed for: EdgeSyncKeyDataScope
2025-12-30 03:06:51.645: [INFO][Sync] Try to start sync engine
2025-12-30 03:06:51.664: [INFO][SyncManagerImpl::NudgeForInitialDownload] Initial download nudge for Encryption Keys
2025-12-30 03:06:51.664: [INFO][SyncEngineBackend::LoadAndConnectNigoriController] Load and connect Nigori controller
2025-12-30 03:06:51.664: [INFO][SyncEngineBackend::DoInitialize] Control Types added: Encryption Keys
2025-12-30 03:06:51.664: [INFO][SyncManagerImpl::ConfigureSyncer] Types to download: Encryption Keys with reason: 3
2025-12-30 03:06:51.664: [INFO][SyncEngineBackend::DoUpdateKeyDataCredentials] Update key data credentials
2025-12-30 03:06:51.664: [INFO][SyncSchedulerImpl::DoConfigurationSyncCycleJob] Configure job was blocked
2025-12-30 03:06:51.681: [INFO][SyncAuthManager::SetLastAuthError] Current auth error: None
2025-12-30 03:06:51.681: [INFO][SyncAuthManager::EdgeLogTokenErrorState] Token error with: None for account type: MSA
2025-12-30 03:06:51.681: [INFO][Sync] Credentials changed for: EdgeSyncScopeNew
2025-12-30 03:06:51.681: [INFO][SyncEngineBackend::DoUpdateCredentials] Update credentials
2025-12-30 03:06:51.681: [INFO][SyncSchedulerImpl::DoConfigurationSyncCycleJob] Blocked types:  and types to download: Encryption Keys
2025-12-30 03:06:51.948: [INFO][SyncEngineBackend::DoUpdateKeyDataCredentials] Update key data credentials
2025-12-30 03:06:51.951: [INFO][Sync] Started DataTypeManager configuration, reason: 4
2025-12-30 03:06:51.951: [INFO][Sync] Configuring for: Bookmarks, Preferences, Passwords, Autofill Profiles, Autofill, Extensions, Sessions, Extension settings, History Delete Directives, Device Info, User Consents, Send Tab To Self, Web Apps, History, Saved Tab Group, WebAuthn Credentials, Collection, Edge E Drop, Edge Hub App Usage, Edge Wallet, Encryption Keys, reason: 4, current state: 0
2025-12-30 03:06:51.951: [WARN][Sync] Crypto error data types: Passwords, Autofill Profiles, Autofill
2025-12-30 03:06:51.951: [INFO][Sync] Configure, desired: Bookmarks, Preferences, Extensions, Sessions, Extension settings, History Delete Directives, Device Info, User Consents, Send Tab To Self, Web Apps, History, Saved Tab Group, WebAuthn Credentials, Collection, Edge E Drop, Edge Hub App Usage, Edge Wallet, Encryption Keys; Allow fail: Passwords, Autofill Profiles, Autofill
2025-12-30 03:06:51.951: [INFO][Sync] Loading: Bookmarks
2025-12-30 03:06:51.951: [INFO][Sync] Loading: Preferences
2025-12-30 03:06:51.951: [INFO][Sync] Loading: Extensions
2025-12-30 03:06:51.952: [INFO][Sync] Loading: Sessions
2025-12-30 03:06:51.952: [INFO][Sync] Loading: Extension settings
2025-12-30 03:06:51.952: [INFO][Sync] Loading: History Delete Directives
2025-12-30 03:06:51.952: [INFO][Sync] Loading: Device Info
2025-12-30 03:06:51.952: [INFO][Sync] Loading: User Consents
2025-12-30 03:06:51.952: [INFO][Sync] Loading: Send Tab To Self
2025-12-30 03:06:51.952: [INFO][Sync] Loading: Web Apps
2025-12-30 03:06:51.952: [INFO][Sync] Loading: History
2025-12-30 03:06:51.952: [INFO][Sync] Loading: Saved Tab Group
2025-12-30 03:06:51.952: [INFO][Sync] Loading: WebAuthn Credentials
2025-12-30 03:06:51.952: [INFO][Sync] Loading: Collection
2025-12-30 03:06:51.952: [INFO][Sync] Loading: Edge E Drop
2025-12-30 03:06:51.952: [INFO][Sync] Loading: Edge Hub App Usage
2025-12-30 03:06:51.952: [INFO][Sync] Loading: Edge Wallet
2025-12-30 03:06:51.955: [INFO][Sync] All data types are ready for configure.
2025-12-30 03:06:52.384: [INFO][Sync] Started DataTypeManager configuration, reason: 5
2025-12-30 03:06:52.384: [INFO][Sync] Configuring for: Bookmarks, Preferences, Passwords, Autofill Profiles, Autofill, Extensions, Sessions, Extension settings, History Delete Directives, Device Info, User Consents, Send Tab To Self, Web Apps, History, Saved Tab Group, WebAuthn Credentials, Collection, Edge E Drop, Edge Hub App Usage, Edge Wallet, Encryption Keys, reason: 5, current state: 1
2025-12-30 03:06:52.384: [INFO][SyncEngineBackend::DoStartConfiguration] Start configuration
2025-12-30 03:06:52.384: [INFO][SyncManagerImpl::ConfigureSyncer] Types to download:  with reason: 4
2025-12-30 03:06:52.385: [INFO][SyncEngineBackend::DoFinishConfigureDataTypes] Failed to download types:  and succeeded types: 
2025-12-30 03:06:52.385: [INFO][Sync] ConfigurationDone, failed: , succeeded: , remaining count: 4
2025-12-30 03:06:52.385: [WARN][Sync]     Reconfigure requested while configuration ongoing.
2025-12-30 03:06:52.385: [INFO][Sync] Configuring for: Bookmarks, Preferences, Passwords, Autofill Profiles, Autofill, Extensions, Sessions, Extension settings, History Delete Directives, Device Info, User Consents, Send Tab To Self, Web Apps, History, Saved Tab Group, WebAuthn Credentials, Collection, Edge E Drop, Edge Hub App Usage, Edge Wallet, Encryption Keys, reason: 5, current state: 2
2025-12-30 03:06:52.385: [INFO][Sync] Configure, desired: Bookmarks, Preferences, Passwords, Autofill Profiles, Autofill, Extensions, Sessions, Extension settings, History Delete Directives, Device Info, User Consents, Send Tab To Self, Web Apps, History, Saved Tab Group, WebAuthn Credentials, Collection, Edge E Drop, Edge Hub App Usage, Edge Wallet, Encryption Keys; Allow fail: 
2025-12-30 03:06:52.385: [INFO][Sync] Loading: Passwords
2025-12-30 03:06:52.385: [INFO][Sync] Loading: Autofill Profiles
2025-12-30 03:06:52.385: [INFO][Sync] Loading: Autofill
2025-12-30 03:06:52.385: [INFO][Sync] All data types are ready for configure.
2025-12-30 03:06:52.385: [INFO][SyncManagerImpl::NudgeForInitialDownload] Initial download nudge for Passwords
2025-12-30 03:06:52.385: [INFO][SyncManagerImpl::ConfigureSyncer] Types to download:  with reason: 5
2025-12-30 03:06:52.385: [INFO][SyncEngineBackend::DoFinishConfigureDataTypes] Failed to download types:  and succeeded types: 
2025-12-30 03:06:52.385: [INFO][Sync] ConfigurationDone, failed: , succeeded: , remaining count: 4
2025-12-30 03:06:52.385: [INFO][Sync] Prepare to configure types: Passwords, Encryption Keys
2025-12-30 03:06:52.385: [INFO][SyncManagerImpl::ConfigureSyncer] Types to download: Passwords, Encryption Keys with reason: 5
2025-12-30 03:06:52.385: [INFO][SyncSchedulerImpl::DoConfigurationSyncCycleJob] Blocked types:  and types to download: Passwords, Encryption Keys
2025-12-30 03:06:52.585: [INFO][SyncEngineBackend::DoFinishConfigureDataTypes] Failed to download types:  and succeeded types: Passwords, Encryption Keys
2025-12-30 03:06:52.586: [INFO][Sync] ConfigurationDone, failed: , succeeded: Passwords, Encryption Keys, remaining count: 3
2025-12-30 03:06:52.586: [INFO][SyncManagerImpl::ConfigureSyncer] Types to download:  with reason: 5
2025-12-30 03:06:52.586: [INFO][SyncEngineBackend::DoFinishConfigureDataTypes] Failed to download types:  and succeeded types: 
2025-12-30 03:06:52.586: [INFO][Sync] ConfigurationDone, failed: , succeeded: , remaining count: 2
2025-12-30 03:06:52.586: [INFO][SyncManagerImpl::ConfigureSyncer] Types to download:  with reason: 5
2025-12-30 03:06:52.586: [INFO][SyncEngineBackend::DoFinishConfigureDataTypes] Failed to download types:  and succeeded types: 
2025-12-30 03:06:52.589: [INFO][Sync] ConfigurationDone, failed: , succeeded: , remaining count: 1
2025-12-30 03:06:52.590: [INFO][SyncManagerImpl::ConfigureSyncer] Types to download:  with reason: 5
2025-12-30 03:06:52.590: [INFO][SyncEngineBackend::DoFinishConfigureDataTypes] Failed to download types:  and succeeded types: 
2025-12-30 03:06:52.590: [INFO][Sync] ConfigurationDone, failed: , succeeded: , remaining count: 0
2025-12-30 03:06:52.591: [INFO][Sync]     Configuration completed, state: 7
2025-12-30 03:06:52.591: [INFO][Sync] Configured DataTypeManager: Ok
2025-12-30 03:06:52.592: [INFO][SyncEngineBackend::DoStartSyncing] Start syncing
2025-12-30 03:10:00.426: [INFO][Sync] SyncState after authenticated was: FeatureCanStart
2025-12-30 03:10:02.590: [INFO][SyncAuthManager::SetLastAuthError] Current auth error: None
2025-12-30 03:10:02.590: [INFO][SyncAuthManager::EdgeLogTokenErrorState] Token error with: None for account type: MSA
2025-12-30 03:10:02.590: [INFO][Sync] Credentials changed for: EdgeSyncKeyDataScope
2025-12-30 03:10:05.539: [INFO][Sync] Try to start sync engine
2025-12-30 03:10:05.574: [INFO][SyncManagerImpl::NudgeForInitialDownload] Initial download nudge for Encryption Keys
2025-12-30 03:10:05.574: [INFO][SyncEngineBackend::LoadAndConnectNigoriController] Load and connect Nigori controller
2025-12-30 03:10:05.574: [INFO][SyncEngineBackend::DoInitialize] Control Types added: Encryption Keys
2025-12-30 03:10:05.574: [INFO][SyncManagerImpl::ConfigureSyncer] Types to download: Encryption Keys with reason: 3
2025-12-30 03:10:05.574: [INFO][SyncEngineBackend::DoUpdateKeyDataCredentials] Update key data credentials
2025-12-30 03:10:05.574: [INFO][SyncSchedulerImpl::DoConfigurationSyncCycleJob] Configure job was blocked
2025-12-30 03:10:05.587: [INFO][SyncAuthManager::SetLastAuthError] Current auth error: None
2025-12-30 03:10:05.587: [INFO][SyncAuthManager::EdgeLogTokenErrorState] Token error with: None for account type: MSA
2025-12-30 03:10:05.587: [INFO][Sync] Credentials changed for: EdgeSyncScopeNew
2025-12-30 03:10:05.587: [INFO][SyncEngineBackend::DoUpdateCredentials] Update credentials
2025-12-30 03:10:05.587: [INFO][SyncSchedulerImpl::DoConfigurationSyncCycleJob] Blocked types:  and types to download: Encryption Keys
2025-12-30 03:10:05.998: [INFO][SyncEngineBackend::DoUpdateKeyDataCredentials] Update key data credentials
2025-12-30 03:10:06.001: [INFO][Sync] Started DataTypeManager configuration, reason: 4
2025-12-30 03:10:06.001: [INFO][Sync] Configuring for: Bookmarks, Preferences, Passwords, Autofill Profiles, Autofill, Extensions, Sessions, Extension settings, History Delete Directives, Device Info, User Consents, Send Tab To Self, Web Apps, History, Saved Tab Group, WebAuthn Credentials, Collection, Edge E Drop, Edge Hub App Usage, Edge Wallet, Encryption Keys, reason: 4, current state: 0
2025-12-30 03:10:06.001: [WARN][Sync] Crypto error data types: Passwords, Autofill Profiles, Autofill
2025-12-30 03:10:06.002: [INFO][Sync] Configure, desired: Bookmarks, Preferences, Extensions, Sessions, Extension settings, History Delete Directives, Device Info, User Consents, Send Tab To Self, Web Apps, History, Saved Tab Group, WebAuthn Credentials, Collection, Edge E Drop, Edge Hub App Usage, Edge Wallet, Encryption Keys; Allow fail: Passwords, Autofill Profiles, Autofill
2025-12-30 03:10:06.002: [INFO][Sync] Loading: Bookmarks
2025-12-30 03:10:06.002: [INFO][Sync] Loading: Preferences
2025-12-30 03:10:06.002: [INFO][Sync] Loading: Extensions
2025-12-30 03:10:06.002: [INFO][Sync] Loading: Sessions
2025-12-30 03:10:06.002: [INFO][Sync] Loading: Extension settings
2025-12-30 03:10:06.002: [INFO][Sync] Loading: History Delete Directives
2025-12-30 03:10:06.002: [INFO][Sync] Loading: Device Info
2025-12-30 03:10:06.002: [INFO][Sync] Loading: User Consents
2025-12-30 03:10:06.002: [INFO][Sync] Loading: Send Tab To Self
2025-12-30 03:10:06.002: [INFO][Sync] Loading: Web Apps
2025-12-30 03:10:06.002: [INFO][Sync] Loading: History
2025-12-30 03:10:06.002: [INFO][Sync] Loading: Saved Tab Group
2025-12-30 03:10:06.002: [INFO][Sync] Loading: WebAuthn Credentials
2025-12-30 03:10:06.002: [INFO][Sync] Loading: Collection
2025-12-30 03:10:06.002: [INFO][Sync] Loading: Edge E Drop
2025-12-30 03:10:06.002: [INFO][Sync] Loading: Edge Hub App Usage
2025-12-30 03:10:06.002: [INFO][Sync] Loading: Edge Wallet
2025-12-30 03:10:06.007: [INFO][Sync] All data types are ready for configure.
2025-12-30 03:10:06.523: [INFO][SyncEngineBackend::DoStartConfiguration] Start configuration
2025-12-30 03:10:06.524: [INFO][SyncManagerImpl::ConfigureSyncer] Types to download:  with reason: 4
2025-12-30 03:10:06.524: [INFO][SyncEngineBackend::DoFinishConfigureDataTypes] Failed to download types:  and succeeded types: 
2025-12-30 03:10:06.524: [INFO][Sync] Started DataTypeManager configuration, reason: 5
2025-12-30 03:10:06.524: [INFO][Sync] Configuring for: Bookmarks, Preferences, Passwords, Autofill Profiles, Autofill, Extensions, Sessions, Extension settings, History Delete Directives, Device Info, User Consents, Send Tab To Self, Web Apps, History, Saved Tab Group, WebAuthn Credentials, Collection, Edge E Drop, Edge Hub App Usage, Edge Wallet, Encryption Keys, reason: 5, current state: 1
2025-12-30 03:10:06.524: [INFO][Sync] ConfigurationDone, failed: , succeeded: , remaining count: 4
2025-12-30 03:10:06.524: [WARN][Sync]     Reconfigure requested while configuration ongoing.
2025-12-30 03:10:06.524: [INFO][Sync] Configuring for: Bookmarks, Preferences, Passwords, Autofill Profiles, Autofill, Extensions, Sessions, Extension settings, History Delete Directives, Device Info, User Consents, Send Tab To Self, Web Apps, History, Saved Tab Group, WebAuthn Credentials, Collection, Edge E Drop, Edge Hub App Usage, Edge Wallet, Encryption Keys, reason: 5, current state: 2
2025-12-30 03:10:06.524: [INFO][Sync] Configure, desired: Bookmarks, Preferences, Passwords, Autofill Profiles, Autofill, Extensions, Sessions, Extension settings, History Delete Directives, Device Info, User Consents, Send Tab To Self, Web Apps, History, Saved Tab Group, WebAuthn Credentials, Collection, Edge E Drop, Edge Hub App Usage, Edge Wallet, Encryption Keys; Allow fail: 
2025-12-30 03:10:06.524: [INFO][Sync] Loading: Passwords
2025-12-30 03:10:06.524: [INFO][Sync] Loading: Autofill Profiles
2025-12-30 03:10:06.524: [INFO][Sync] Loading: Autofill
2025-12-30 03:10:06.525: [INFO][Sync] All data types are ready for configure.
2025-12-30 03:10:06.525: [INFO][SyncManagerImpl::NudgeForInitialDownload] Initial download nudge for Passwords
2025-12-30 03:10:06.525: [INFO][SyncManagerImpl::ConfigureSyncer] Types to download:  with reason: 5
2025-12-30 03:10:06.525: [INFO][SyncEngineBackend::DoFinishConfigureDataTypes] Failed to download types:  and succeeded types: 
2025-12-30 03:10:06.525: [INFO][Sync] ConfigurationDone, failed: , succeeded: , remaining count: 4
2025-12-30 03:10:06.525: [INFO][Sync] Prepare to configure types: Passwords, Encryption Keys
2025-12-30 03:10:06.525: [INFO][SyncManagerImpl::ConfigureSyncer] Types to download: Passwords, Encryption Keys with reason: 5
2025-12-30 03:10:06.525: [INFO][SyncSchedulerImpl::DoConfigurationSyncCycleJob] Blocked types:  and types to download: Passwords, Encryption Keys
2025-12-30 03:10:06.714: [INFO][SyncEngineBackend::DoFinishConfigureDataTypes] Failed to download types:  and succeeded types: Passwords, Encryption Keys
2025-12-30 03:10:06.715: [INFO][Sync] ConfigurationDone, failed: , succeeded: Passwords, Encryption Keys, remaining count: 3
2025-12-30 03:10:06.715: [INFO][SyncManagerImpl::ConfigureSyncer] Types to download:  with reason: 5
2025-12-30 03:10:06.715: [INFO][SyncEngineBackend::DoFinishConfigureDataTypes] Failed to download types:  and succeeded types: 
2025-12-30 03:10:06.715: [INFO][Sync] ConfigurationDone, failed: , succeeded: , remaining count: 2
2025-12-30 03:10:06.715: [INFO][SyncManagerImpl::ConfigureSyncer] Types to download:  with reason: 5
2025-12-30 03:10:06.715: [INFO][SyncEngineBackend::DoFinishConfigureDataTypes] Failed to download types:  and succeeded types: 
2025-12-30 03:10:06.717: [INFO][Sync] ConfigurationDone, failed: , succeeded: , remaining count: 1
2025-12-30 03:10:06.718: [INFO][SyncManagerImpl::ConfigureSyncer] Types to download:  with reason: 5
2025-12-30 03:10:06.718: [INFO][SyncEngineBackend::DoFinishConfigureDataTypes] Failed to download types:  and succeeded types: 
2025-12-30 03:10:06.718: [INFO][Sync] ConfigurationDone, failed: , succeeded: , remaining count: 0
2025-12-30 03:10:06.719: [INFO][Sync]     Configuration completed, state: 7
2025-12-30 03:10:06.719: [INFO][Sync] Configured DataTypeManager: Ok
2025-12-30 03:10:06.720: [INFO][SyncEngineBackend::DoStartSyncing] Start syncing
2025-12-30 03:11:10.075: [INFO][Sync] Reset engine, reason: 0
2025-12-30 03:11:10.075: [INFO][Sync] Reset engine with reason: 0
2025-12-30 03:18:43.197: [INFO][Sync] SyncState after authenticated was: FeatureCanStart
2025-12-30 03:18:44.961: [INFO][SyncAuthManager::SetLastAuthError] Current auth error: None
2025-12-30 03:18:44.961: [INFO][SyncAuthManager::EdgeLogTokenErrorState] Token error with: None for account type: MSA
2025-12-30 03:18:44.961: [INFO][Sync] Credentials changed for: EdgeSyncKeyDataScope
2025-12-30 03:18:47.928: [INFO][Sync] Try to start sync engine
2025-12-30 03:18:47.954: [INFO][SyncManagerImpl::NudgeForInitialDownload] Initial download nudge for Encryption Keys
2025-12-30 03:18:47.954: [INFO][SyncEngineBackend::LoadAndConnectNigoriController] Load and connect Nigori controller
2025-12-30 03:18:47.954: [INFO][SyncEngineBackend::DoInitialize] Control Types added: Encryption Keys
2025-12-30 03:18:47.954: [INFO][SyncManagerImpl::ConfigureSyncer] Types to download: Encryption Keys with reason: 3
2025-12-30 03:18:47.954: [INFO][SyncEngineBackend::DoUpdateKeyDataCredentials] Update key data credentials
2025-12-30 03:18:47.954: [INFO][SyncSchedulerImpl::DoConfigurationSyncCycleJob] Configure job was blocked
2025-12-30 03:18:47.969: [INFO][SyncAuthManager::SetLastAuthError] Current auth error: None
2025-12-30 03:18:47.969: [INFO][SyncAuthManager::EdgeLogTokenErrorState] Token error with: None for account type: MSA
2025-12-30 03:18:47.969: [INFO][Sync] Credentials changed for: EdgeSyncScopeNew
2025-12-30 03:18:47.969: [INFO][SyncEngineBackend::DoUpdateCredentials] Update credentials
2025-12-30 03:18:47.969: [INFO][SyncSchedulerImpl::DoConfigurationSyncCycleJob] Blocked types:  and types to download: Encryption Keys
2025-12-30 03:18:48.639: [INFO][SyncEngineBackend::DoUpdateKeyDataCredentials] Update key data credentials
2025-12-30 03:18:48.642: [INFO][Sync] Started DataTypeManager configuration, reason: 4
2025-12-30 03:18:48.642: [INFO][Sync] Configuring for: Bookmarks, Preferences, Passwords, Autofill Profiles, Autofill, Extensions, Sessions, Extension settings, History Delete Directives, Device Info, User Consents, Send Tab To Self, Web Apps, History, Saved Tab Group, WebAuthn Credentials, Collection, Edge E Drop, Edge Hub App Usage, Edge Wallet, Encryption Keys, reason: 4, current state: 0
2025-12-30 03:18:48.642: [WARN][Sync] Crypto error data types: Passwords, Autofill Profiles, Autofill
2025-12-30 03:18:48.643: [INFO][Sync] Configure, desired: Bookmarks, Preferences, Extensions, Sessions, Extension settings, History Delete Directives, Device Info, User Consents, Send Tab To Self, Web Apps, History, Saved Tab Group, WebAuthn Credentials, Collection, Edge E Drop, Edge Hub App Usage, Edge Wallet, Encryption Keys; Allow fail: Passwords, Autofill Profiles, Autofill
2025-12-30 03:18:48.643: [INFO][Sync] Loading: Bookmarks
2025-12-30 03:18:48.643: [INFO][Sync] Loading: Preferences
2025-12-30 03:18:48.643: [INFO][Sync] Loading: Extensions
2025-12-30 03:18:48.643: [INFO][Sync] Loading: Sessions
2025-12-30 03:18:48.643: [INFO][Sync] Loading: Extension settings
2025-12-30 03:18:48.643: [INFO][Sync] Loading: History Delete Directives
2025-12-30 03:18:48.643: [INFO][Sync] Loading: Device Info
2025-12-30 03:18:48.643: [INFO][Sync] Loading: User Consents
2025-12-30 03:18:48.643: [INFO][Sync] Loading: Send Tab To Self
2025-12-30 03:18:48.643: [INFO][Sync] Loading: Web Apps
2025-12-30 03:18:48.643: [INFO][Sync] Loading: History
2025-12-30 03:18:48.643: [INFO][Sync] Loading: Saved Tab Group
2025-12-30 03:18:48.643: [INFO][Sync] Loading: WebAuthn Credentials
2025-12-30 03:18:48.643: [INFO][Sync] Loading: Collection
2025-12-30 03:18:48.643: [INFO][Sync] Loading: Edge E Drop
2025-12-30 03:18:48.643: [INFO][Sync] Loading: Edge Hub App Usage
2025-12-30 03:18:48.643: [INFO][Sync] Loading: Edge Wallet
2025-12-30 03:18:48.648: [INFO][Sync] All data types are ready for configure.
2025-12-30 03:18:50.166: [INFO][SyncEngineBackend::DoStartConfiguration] Start configuration
2025-12-30 03:18:50.167: [INFO][SyncManagerImpl::ConfigureSyncer] Types to download:  with reason: 4
2025-12-30 03:18:50.167: [INFO][SyncEngineBackend::DoFinishConfigureDataTypes] Failed to download types:  and succeeded types: 
2025-12-30 03:18:50.167: [INFO][Sync] Started DataTypeManager configuration, reason: 5
2025-12-30 03:18:50.167: [INFO][Sync] Configuring for: Bookmarks, Preferences, Passwords, Autofill Profiles, Autofill, Extensions, Sessions, Extension settings, History Delete Directives, Device Info, User Consents, Send Tab To Self, Web Apps, History, Saved Tab Group, WebAuthn Credentials, Collection, Edge E Drop, Edge Hub App Usage, Edge Wallet, Encryption Keys, reason: 5, current state: 1
2025-12-30 03:18:50.167: [INFO][Sync] ConfigurationDone, failed: , succeeded: , remaining count: 4
2025-12-30 03:18:50.167: [WARN][Sync]     Reconfigure requested while configuration ongoing.
2025-12-30 03:18:50.167: [INFO][Sync] Configuring for: Bookmarks, Preferences, Passwords, Autofill Profiles, Autofill, Extensions, Sessions, Extension settings, History Delete Directives, Device Info, User Consents, Send Tab To Self, Web Apps, History, Saved Tab Group, WebAuthn Credentials, Collection, Edge E Drop, Edge Hub App Usage, Edge Wallet, Encryption Keys, reason: 5, current state: 2
2025-12-30 03:18:50.167: [INFO][Sync] Configure, desired: Bookmarks, Preferences, Passwords, Autofill Profiles, Autofill, Extensions, Sessions, Extension settings, History Delete Directives, Device Info, User Consents, Send Tab To Self, Web Apps, History, Saved Tab Group, WebAuthn Credentials, Collection, Edge E Drop, Edge Hub App Usage, Edge Wallet, Encryption Keys; Allow fail: 
2025-12-30 03:18:50.167: [INFO][Sync] Loading: Passwords
2025-12-30 03:18:50.167: [INFO][Sync] Loading: Autofill Profiles
2025-12-30 03:18:50.167: [INFO][Sync] Loading: Autofill
2025-12-30 03:18:50.168: [INFO][Sync] All data types are ready for configure.
2025-12-30 03:18:50.168: [INFO][SyncManagerImpl::NudgeForInitialDownload] Initial download nudge for Passwords
2025-12-30 03:18:50.168: [INFO][SyncManagerImpl::ConfigureSyncer] Types to download:  with reason: 5
2025-12-30 03:18:50.168: [INFO][SyncEngineBackend::DoFinishConfigureDataTypes] Failed to download types:  and succeeded types: 
2025-12-30 03:18:50.168: [INFO][Sync] ConfigurationDone, failed: , succeeded: , remaining count: 4
2025-12-30 03:18:50.168: [INFO][Sync] Prepare to configure types: Passwords, Encryption Keys
2025-12-30 03:18:50.168: [INFO][SyncManagerImpl::ConfigureSyncer] Types to download: Passwords, Encryption Keys with reason: 5
2025-12-30 03:18:50.168: [INFO][SyncSchedulerImpl::DoConfigurationSyncCycleJob] Blocked types:  and types to download: Passwords, Encryption Keys
2025-12-30 03:18:50.349: [INFO][SyncEngineBackend::DoFinishConfigureDataTypes] Failed to download types:  and succeeded types: Passwords, Encryption Keys
2025-12-30 03:18:50.350: [INFO][Sync] ConfigurationDone, failed: , succeeded: Passwords, Encryption Keys, remaining count: 3
2025-12-30 03:18:50.350: [INFO][SyncManagerImpl::ConfigureSyncer] Types to download:  with reason: 5
2025-12-30 03:18:50.350: [INFO][SyncEngineBackend::DoFinishConfigureDataTypes] Failed to download types:  and succeeded types: 
2025-12-30 03:18:50.350: [INFO][Sync] ConfigurationDone, failed: , succeeded: , remaining count: 2
2025-12-30 03:18:50.350: [INFO][SyncManagerImpl::ConfigureSyncer] Types to download:  with reason: 5
2025-12-30 03:18:50.350: [INFO][SyncEngineBackend::DoFinishConfigureDataTypes] Failed to download types:  and succeeded types: 
2025-12-30 03:18:50.350: [INFO][Sync] ConfigurationDone, failed: , succeeded: , remaining count: 1
2025-12-30 03:18:50.351: [INFO][SyncManagerImpl::ConfigureSyncer] Types to download:  with reason: 5
2025-12-30 03:18:50.351: [INFO][SyncEngineBackend::DoFinishConfigureDataTypes] Failed to download types:  and succeeded types: 
2025-12-30 03:18:50.351: [INFO][Sync] ConfigurationDone, failed: , succeeded: , remaining count: 0
2025-12-30 03:18:50.352: [INFO][Sync]     Configuration completed, state: 7
2025-12-30 03:18:50.352: [INFO][Sync] Configured DataTypeManager: Ok
2025-12-30 03:18:50.353: [INFO][SyncEngineBackend::DoStartSyncing] Start syncing
2025-12-30 03:24:35.218: [INFO][Sync] SyncState after authenticated was: FeatureCanStart
2025-12-30 03:24:36.432: [INFO][SyncAuthManager::SetLastAuthError] Current auth error: None
2025-12-30 03:24:36.432: [INFO][SyncAuthManager::EdgeLogTokenErrorState] Token error with: None for account type: MSA
2025-12-30 03:24:36.432: [INFO][Sync] Credentials changed for: EdgeSyncKeyDataScope
2025-12-30 03:24:39.880: [INFO][Sync] Try to start sync engine
2025-12-30 03:24:39.912: [INFO][SyncManagerImpl::NudgeForInitialDownload] Initial download nudge for Encryption Keys
2025-12-30 03:24:39.912: [INFO][SyncEngineBackend::LoadAndConnectNigoriController] Load and connect Nigori controller
2025-12-30 03:24:39.912: [INFO][SyncEngineBackend::DoInitialize] Control Types added: Encryption Keys
2025-12-30 03:24:39.912: [INFO][SyncManagerImpl::ConfigureSyncer] Types to download: Encryption Keys with reason: 3
2025-12-30 03:24:39.912: [INFO][SyncEngineBackend::DoUpdateKeyDataCredentials] Update key data credentials
2025-12-30 03:24:39.912: [INFO][SyncSchedulerImpl::DoConfigurationSyncCycleJob] Configure job was blocked
2025-12-30 03:24:39.926: [INFO][SyncAuthManager::SetLastAuthError] Current auth error: None
2025-12-30 03:24:39.926: [INFO][SyncAuthManager::EdgeLogTokenErrorState] Token error with: None for account type: MSA
2025-12-30 03:24:39.926: [INFO][Sync] Credentials changed for: EdgeSyncScopeNew
2025-12-30 03:24:39.926: [INFO][SyncEngineBackend::DoUpdateCredentials] Update credentials
2025-12-30 03:24:39.927: [INFO][SyncSchedulerImpl::DoConfigurationSyncCycleJob] Blocked types:  and types to download: Encryption Keys
2025-12-30 03:24:40.228: [INFO][SyncEngineBackend::DoUpdateKeyDataCredentials] Update key data credentials
2025-12-30 03:24:40.230: [INFO][Sync] Started DataTypeManager configuration, reason: 4
2025-12-30 03:24:40.230: [INFO][Sync] Configuring for: Bookmarks, Preferences, Passwords, Autofill Profiles, Autofill, Extensions, Sessions, Extension settings, History Delete Directives, Device Info, User Consents, Send Tab To Self, Web Apps, History, Saved Tab Group, WebAuthn Credentials, Collection, Edge E Drop, Edge Hub App Usage, Edge Wallet, Encryption Keys, reason: 4, current state: 0
2025-12-30 03:24:40.230: [WARN][Sync] Crypto error data types: Passwords, Autofill Profiles, Autofill
2025-12-30 03:24:40.231: [INFO][Sync] Configure, desired: Bookmarks, Preferences, Extensions, Sessions, Extension settings, History Delete Directives, Device Info, User Consents, Send Tab To Self, Web Apps, History, Saved Tab Group, WebAuthn Credentials, Collection, Edge E Drop, Edge Hub App Usage, Edge Wallet, Encryption Keys; Allow fail: Passwords, Autofill Profiles, Autofill
2025-12-30 03:24:40.231: [INFO][Sync] Loading: Bookmarks
2025-12-30 03:24:40.231: [INFO][Sync] Loading: Preferences
2025-12-30 03:24:40.231: [INFO][Sync] Loading: Extensions
2025-12-30 03:24:40.231: [INFO][Sync] Loading: Sessions
2025-12-30 03:24:40.231: [INFO][Sync] Loading: Extension settings
2025-12-30 03:24:40.231: [INFO][Sync] Loading: History Delete Directives
2025-12-30 03:24:40.231: [INFO][Sync] Loading: Device Info
2025-12-30 03:24:40.231: [INFO][Sync] Loading: User Consents
2025-12-30 03:24:40.231: [INFO][Sync] Loading: Send Tab To Self
2025-12-30 03:24:40.231: [INFO][Sync] Loading: Web Apps
2025-12-30 03:24:40.231: [INFO][Sync] Loading: History
2025-12-30 03:24:40.231: [INFO][Sync] Loading: Saved Tab Group
2025-12-30 03:24:40.231: [INFO][Sync] Loading: WebAuthn Credentials
2025-12-30 03:24:40.231: [INFO][Sync] Loading: Collection
2025-12-30 03:24:40.231: [INFO][Sync] Loading: Edge E Drop
2025-12-30 03:24:40.231: [INFO][Sync] Loading: Edge Hub App Usage
2025-12-30 03:24:40.231: [INFO][Sync] Loading: Edge Wallet
2025-12-30 03:24:40.235: [INFO][Sync] All data types are ready for configure.
2025-12-30 03:24:41.112: [INFO][SyncEngineBackend::DoStartConfiguration] Start configuration
2025-12-30 03:24:41.112: [INFO][SyncManagerImpl::ConfigureSyncer] Types to download:  with reason: 4
2025-12-30 03:24:41.112: [INFO][SyncEngineBackend::DoFinishConfigureDataTypes] Failed to download types:  and succeeded types: 
2025-12-30 03:24:41.112: [INFO][Sync] Started DataTypeManager configuration, reason: 5
2025-12-30 03:24:41.112: [INFO][Sync] Configuring for: Bookmarks, Preferences, Passwords, Autofill Profiles, Autofill, Extensions, Sessions, Extension settings, History Delete Directives, Device Info, User Consents, Send Tab To Self, Web Apps, History, Saved Tab Group, WebAuthn Credentials, Collection, Edge E Drop, Edge Hub App Usage, Edge Wallet, Encryption Keys, reason: 5, current state: 1
2025-12-30 03:24:41.113: [INFO][Sync] ConfigurationDone, failed: , succeeded: , remaining count: 4
2025-12-30 03:24:41.113: [WARN][Sync]     Reconfigure requested while configuration ongoing.
2025-12-30 03:24:41.113: [INFO][Sync] Configuring for: Bookmarks, Preferences, Passwords, Autofill Profiles, Autofill, Extensions, Sessions, Extension settings, History Delete Directives, Device Info, User Consents, Send Tab To Self, Web Apps, History, Saved Tab Group, WebAuthn Credentials, Collection, Edge E Drop, Edge Hub App Usage, Edge Wallet, Encryption Keys, reason: 5, current state: 2
2025-12-30 03:24:41.113: [INFO][Sync] Configure, desired: Bookmarks, Preferences, Passwords, Autofill Profiles, Autofill, Extensions, Sessions, Extension settings, History Delete Directives, Device Info, User Consents, Send Tab To Self, Web Apps, History, Saved Tab Group, WebAuthn Credentials, Collection, Edge E Drop, Edge Hub App Usage, Edge Wallet, Encryption Keys; Allow fail: 
2025-12-30 03:24:41.113: [INFO][Sync] Loading: Passwords
2025-12-30 03:24:41.113: [INFO][Sync] Loading: Autofill Profiles
2025-12-30 03:24:41.113: [INFO][Sync] Loading: Autofill
2025-12-30 03:24:41.113: [INFO][Sync] All data types are ready for configure.
2025-12-30 03:24:41.114: [INFO][SyncManagerImpl::NudgeForInitialDownload] Initial download nudge for Passwords
2025-12-30 03:24:41.114: [INFO][SyncManagerImpl::ConfigureSyncer] Types to download:  with reason: 5
2025-12-30 03:24:41.114: [INFO][SyncEngineBackend::DoFinishConfigureDataTypes] Failed to download types:  and succeeded types: 
2025-12-30 03:24:41.114: [INFO][Sync] ConfigurationDone, failed: , succeeded: , remaining count: 4
2025-12-30 03:24:41.114: [INFO][Sync] Prepare to configure types: Passwords, Encryption Keys
2025-12-30 03:24:41.114: [INFO][SyncManagerImpl::ConfigureSyncer] Types to download: Passwords, Encryption Keys with reason: 5
2025-12-30 03:24:41.114: [INFO][SyncSchedulerImpl::DoConfigurationSyncCycleJob] Blocked types:  and types to download: Passwords, Encryption Keys
2025-12-30 03:24:41.518: [INFO][SyncEngineBackend::DoFinishConfigureDataTypes] Failed to download types:  and succeeded types: Passwords, Encryption Keys
2025-12-30 03:24:41.519: [INFO][Sync] ConfigurationDone, failed: , succeeded: Passwords, Encryption Keys, remaining count: 3
2025-12-30 03:24:41.519: [INFO][SyncManagerImpl::ConfigureSyncer] Types to download:  with reason: 5
2025-12-30 03:24:41.519: [INFO][SyncEngineBackend::DoFinishConfigureDataTypes] Failed to download types:  and succeeded types: 
2025-12-30 03:24:41.519: [INFO][Sync] ConfigurationDone, failed: , succeeded: , remaining count: 2
2025-12-30 03:24:41.519: [INFO][SyncManagerImpl::ConfigureSyncer] Types to download:  with reason: 5
2025-12-30 03:24:41.519: [INFO][SyncEngineBackend::DoFinishConfigureDataTypes] Failed to download types:  and succeeded types: 
2025-12-30 03:24:41.522: [INFO][Sync] ConfigurationDone, failed: , succeeded: , remaining count: 1
2025-12-30 03:24:41.523: [INFO][SyncManagerImpl::ConfigureSyncer] Types to download:  with reason: 5
2025-12-30 03:24:41.523: [INFO][SyncEngineBackend::DoFinishConfigureDataTypes] Failed to download types:  and succeeded types: 
2025-12-30 03:24:41.523: [INFO][Sync] ConfigurationDone, failed: , succeeded: , remaining count: 0
2025-12-30 03:24:41.523: [INFO][Sync]     Configuration completed, state: 7
2025-12-30 03:24:41.524: [INFO][Sync] Configured DataTypeManager: Ok
2025-12-30 03:24:41.525: [INFO][SyncEngineBackend::DoStartSyncing] Start syncing
2025-12-30 03:25:16.605: [INFO][Sync] Reset engine, reason: 0
2025-12-30 03:25:16.605: [INFO][Sync] Reset engine with reason: 0
2025-12-30 03:29:10.692: [INFO][Sync] SyncState after authenticated was: FeatureCanStart
2025-12-30 03:29:12.158: [INFO][SyncAuthManager::SetLastAuthError] Current auth error: None
2025-12-30 03:29:12.158: [INFO][SyncAuthManager::EdgeLogTokenErrorState] Token error with: None for account type: MSA
2025-12-30 03:29:12.158: [INFO][Sync] Credentials changed for: EdgeSyncKeyDataScope
2025-12-30 03:29:15.622: [INFO][Sync] Try to start sync engine
2025-12-30 03:29:15.632: [INFO][SyncManagerImpl::NudgeForInitialDownload] Initial download nudge for Encryption Keys
2025-12-30 03:29:15.632: [INFO][SyncEngineBackend::LoadAndConnectNigoriController] Load and connect Nigori controller
2025-12-30 03:29:15.632: [INFO][SyncEngineBackend::DoInitialize] Control Types added: Encryption Keys
2025-12-30 03:29:15.632: [INFO][SyncManagerImpl::ConfigureSyncer] Types to download: Encryption Keys with reason: 3
2025-12-30 03:29:15.632: [INFO][SyncEngineBackend::DoUpdateKeyDataCredentials] Update key data credentials
2025-12-30 03:29:15.632: [INFO][SyncSchedulerImpl::DoConfigurationSyncCycleJob] Configure job was blocked
2025-12-30 03:29:15.651: [INFO][SyncAuthManager::SetLastAuthError] Current auth error: None
2025-12-30 03:29:15.651: [INFO][SyncAuthManager::EdgeLogTokenErrorState] Token error with: None for account type: MSA
2025-12-30 03:29:15.651: [INFO][Sync] Credentials changed for: EdgeSyncScopeNew
2025-12-30 03:29:15.651: [INFO][SyncEngineBackend::DoUpdateCredentials] Update credentials
2025-12-30 03:29:15.651: [INFO][SyncSchedulerImpl::DoConfigurationSyncCycleJob] Blocked types:  and types to download: Encryption Keys
2025-12-30 03:29:16.241: [INFO][SyncEngineBackend::DoUpdateKeyDataCredentials] Update key data credentials
2025-12-30 03:29:16.244: [INFO][Sync] Started DataTypeManager configuration, reason: 4
2025-12-30 03:29:16.244: [INFO][Sync] Configuring for: Bookmarks, Preferences, Passwords, Autofill Profiles, Autofill, Extensions, Sessions, Extension settings, History Delete Directives, Device Info, User Consents, Send Tab To Self, Web Apps, History, Saved Tab Group, WebAuthn Credentials, Collection, Edge E Drop, Edge Hub App Usage, Edge Wallet, Encryption Keys, reason: 4, current state: 0
2025-12-30 03:29:16.244: [WARN][Sync] Crypto error data types: Passwords, Autofill Profiles, Autofill
2025-12-30 03:29:16.244: [INFO][Sync] Configure, desired: Bookmarks, Preferences, Extensions, Sessions, Extension settings, History Delete Directives, Device Info, User Consents, Send Tab To Self, Web Apps, History, Saved Tab Group, WebAuthn Credentials, Collection, Edge E Drop, Edge Hub App Usage, Edge Wallet, Encryption Keys; Allow fail: Passwords, Autofill Profiles, Autofill
2025-12-30 03:29:16.244: [INFO][Sync] Loading: Bookmarks
2025-12-30 03:29:16.244: [INFO][Sync] Loading: Preferences
2025-12-30 03:29:16.244: [INFO][Sync] Loading: Extensions
2025-12-30 03:29:16.244: [INFO][Sync] Loading: Sessions
2025-12-30 03:29:16.244: [INFO][Sync] Loading: Extension settings
2025-12-30 03:29:16.244: [INFO][Sync] Loading: History Delete Directives
2025-12-30 03:29:16.245: [INFO][Sync] Loading: Device Info
2025-12-30 03:29:16.245: [INFO][Sync] Loading: User Consents
2025-12-30 03:29:16.245: [INFO][Sync] Loading: Send Tab To Self
2025-12-30 03:29:16.245: [INFO][Sync] Loading: Web Apps
2025-12-30 03:29:16.245: [INFO][Sync] Loading: History
2025-12-30 03:29:16.245: [INFO][Sync] Loading: Saved Tab Group
2025-12-30 03:29:16.245: [INFO][Sync] Loading: WebAuthn Credentials
2025-12-30 03:29:16.245: [INFO][Sync] Loading: Collection
2025-12-30 03:29:16.245: [INFO][Sync] Loading: Edge E Drop
2025-12-30 03:29:16.245: [INFO][Sync] Loading: Edge Hub App Usage
2025-12-30 03:29:16.245: [INFO][Sync] Loading: Edge Wallet
2025-12-30 03:29:16.249: [INFO][Sync] All data types are ready for configure.
2025-12-30 03:29:17.395: [INFO][Sync] Started DataTypeManager configuration, reason: 5
2025-12-30 03:29:17.395: [INFO][Sync] Configuring for: Bookmarks, Preferences, Passwords, Autofill Profiles, Autofill, Extensions, Sessions, Extension settings, History Delete Directives, Device Info, User Consents, Send Tab To Self, Web Apps, History, Saved Tab Group, WebAuthn Credentials, Collection, Edge E Drop, Edge Hub App Usage, Edge Wallet, Encryption Keys, reason: 5, current state: 1
2025-12-30 03:29:17.395: [INFO][SyncEngineBackend::DoStartConfiguration] Start configuration
2025-12-30 03:29:17.395: [INFO][SyncManagerImpl::ConfigureSyncer] Types to download:  with reason: 4
2025-12-30 03:29:17.395: [INFO][SyncEngineBackend::DoFinishConfigureDataTypes] Failed to download types:  and succeeded types: 
2025-12-30 03:29:17.395: [INFO][Sync] ConfigurationDone, failed: , succeeded: , remaining count: 4
2025-12-30 03:29:17.396: [WARN][Sync]     Reconfigure requested while configuration ongoing.
2025-12-30 03:29:17.396: [INFO][Sync] Configuring for: Bookmarks, Preferences, Passwords, Autofill Profiles, Autofill, Extensions, Sessions, Extension settings, History Delete Directives, Device Info, User Consents, Send Tab To Self, Web Apps, History, Saved Tab Group, WebAuthn Credentials, Collection, Edge E Drop, Edge Hub App Usage, Edge Wallet, Encryption Keys, reason: 5, current state: 2
2025-12-30 03:29:17.396: [INFO][Sync] Configure, desired: Bookmarks, Preferences, Passwords, Autofill Profiles, Autofill, Extensions, Sessions, Extension settings, History Delete Directives, Device Info, User Consents, Send Tab To Self, Web Apps, History, Saved Tab Group, WebAuthn Credentials, Collection, Edge E Drop, Edge Hub App Usage, Edge Wallet, Encryption Keys; Allow fail: 
2025-12-30 03:29:17.396: [INFO][Sync] Loading: Passwords
2025-12-30 03:29:17.396: [INFO][Sync] Loading: Autofill Profiles
2025-12-30 03:29:17.396: [INFO][Sync] Loading: Autofill
2025-12-30 03:29:17.396: [INFO][Sync] All data types are ready for configure.
2025-12-30 03:29:17.396: [INFO][SyncManagerImpl::NudgeForInitialDownload] Initial download nudge for Passwords
2025-12-30 03:29:17.396: [INFO][SyncManagerImpl::ConfigureSyncer] Types to download:  with reason: 5
2025-12-30 03:29:17.396: [INFO][SyncEngineBackend::DoFinishConfigureDataTypes] Failed to download types:  and succeeded types: 
2025-12-30 03:29:17.396: [INFO][Sync] ConfigurationDone, failed: , succeeded: , remaining count: 4
2025-12-30 03:29:17.396: [INFO][Sync] Prepare to configure types: Passwords, Encryption Keys
2025-12-30 03:29:17.396: [INFO][SyncManagerImpl::ConfigureSyncer] Types to download: Passwords, Encryption Keys with reason: 5
2025-12-30 03:29:17.396: [INFO][SyncSchedulerImpl::DoConfigurationSyncCycleJob] Blocked types:  and types to download: Passwords, Encryption Keys
2025-12-30 03:29:17.730: [INFO][SyncEngineBackend::DoFinishConfigureDataTypes] Failed to download types:  and succeeded types: Passwords, Encryption Keys
2025-12-30 03:29:17.733: [INFO][Sync] ConfigurationDone, failed: , succeeded: Passwords, Encryption Keys, remaining count: 3
2025-12-30 03:29:17.733: [INFO][SyncManagerImpl::ConfigureSyncer] Types to download:  with reason: 5
2025-12-30 03:29:17.733: [INFO][SyncEngineBackend::DoFinishConfigureDataTypes] Failed to download types:  and succeeded types: 
2025-12-30 03:29:17.733: [INFO][Sync] ConfigurationDone, failed: , succeeded: , remaining count: 2
2025-12-30 03:29:17.733: [INFO][SyncManagerImpl::ConfigureSyncer] Types to download:  with reason: 5
2025-12-30 03:29:17.733: [INFO][SyncEngineBackend::DoFinishConfigureDataTypes] Failed to download types:  and succeeded types: 
2025-12-30 03:29:17.743: [INFO][Sync] ConfigurationDone, failed: , succeeded: , remaining count: 1
2025-12-30 03:29:17.745: [INFO][SyncManagerImpl::ConfigureSyncer] Types to download:  with reason: 5
2025-12-30 03:29:17.745: [INFO][SyncEngineBackend::DoFinishConfigureDataTypes] Failed to download types:  and succeeded types: 
2025-12-30 03:29:17.745: [INFO][Sync] ConfigurationDone, failed: , succeeded: , remaining count: 0
2025-12-30 03:29:17.748: [INFO][Sync]     Configuration completed, state: 7
2025-12-30 03:29:17.749: [INFO][Sync] Configured DataTypeManager: Ok
2025-12-30 03:29:17.753: [INFO][SyncEngineBackend::DoStartSyncing] Start syncing
2025-12-30 03:29:30.415: [INFO][Sync] Reset engine, reason: 0
2025-12-30 03:29:30.415: [INFO][Sync] Reset engine with reason: 0
2025-12-30 03:32:14.592: [INFO][Sync] SyncState after authenticated was: FeatureCanStart
2025-12-30 03:32:16.342: [INFO][SyncAuthManager::SetLastAuthError] Current auth error: None
2025-12-30 03:32:16.342: [INFO][SyncAuthManager::EdgeLogTokenErrorState] Token error with: None for account type: MSA
2025-12-30 03:32:16.342: [INFO][Sync] Credentials changed for: EdgeSyncKeyDataScope
2025-12-30 03:32:18.973: [INFO][Sync] Try to start sync engine
2025-12-30 03:32:19.003: [INFO][SyncManagerImpl::NudgeForInitialDownload] Initial download nudge for Encryption Keys
2025-12-30 03:32:19.003: [INFO][SyncEngineBackend::LoadAndConnectNigoriController] Load and connect Nigori controller
2025-12-30 03:32:19.003: [INFO][SyncEngineBackend::DoInitialize] Control Types added: Encryption Keys
2025-12-30 03:32:19.003: [INFO][SyncManagerImpl::ConfigureSyncer] Types to download: Encryption Keys with reason: 3
2025-12-30 03:32:19.003: [INFO][SyncEngineBackend::DoUpdateKeyDataCredentials] Update key data credentials
2025-12-30 03:32:19.003: [INFO][SyncSchedulerImpl::DoConfigurationSyncCycleJob] Configure job was blocked
2025-12-30 03:32:19.017: [INFO][SyncAuthManager::SetLastAuthError] Current auth error: None
2025-12-30 03:32:19.017: [INFO][SyncAuthManager::EdgeLogTokenErrorState] Token error with: None for account type: MSA
2025-12-30 03:32:19.017: [INFO][Sync] Credentials changed for: EdgeSyncScopeNew
2025-12-30 03:32:19.017: [INFO][SyncEngineBackend::DoUpdateCredentials] Update credentials
2025-12-30 03:32:19.017: [INFO][SyncSchedulerImpl::DoConfigurationSyncCycleJob] Blocked types:  and types to download: Encryption Keys
2025-12-30 03:32:19.522: [INFO][SyncEngineBackend::DoUpdateKeyDataCredentials] Update key data credentials
2025-12-30 03:32:19.524: [INFO][Sync] Started DataTypeManager configuration, reason: 4
2025-12-30 03:32:19.524: [INFO][Sync] Configuring for: Bookmarks, Preferences, Passwords, Autofill Profiles, Autofill, Extensions, Sessions, Extension settings, History Delete Directives, Device Info, User Consents, Send Tab To Self, Web Apps, History, Saved Tab Group, WebAuthn Credentials, Collection, Edge E Drop, Edge Hub App Usage, Edge Wallet, Encryption Keys, reason: 4, current state: 0
2025-12-30 03:32:19.524: [WARN][Sync] Crypto error data types: Passwords, Autofill Profiles, Autofill
2025-12-30 03:32:19.525: [INFO][Sync] Configure, desired: Bookmarks, Preferences, Extensions, Sessions, Extension settings, History Delete Directives, Device Info, User Consents, Send Tab To Self, Web Apps, History, Saved Tab Group, WebAuthn Credentials, Collection, Edge E Drop, Edge Hub App Usage, Edge Wallet, Encryption Keys; Allow fail: Passwords, Autofill Profiles, Autofill
2025-12-30 03:32:19.525: [INFO][Sync] Loading: Bookmarks
2025-12-30 03:32:19.525: [INFO][Sync] Loading: Preferences
2025-12-30 03:32:19.525: [INFO][Sync] Loading: Extensions
2025-12-30 03:32:19.525: [INFO][Sync] Loading: Sessions
2025-12-30 03:32:19.525: [INFO][Sync] Loading: Extension settings
2025-12-30 03:32:19.525: [INFO][Sync] Loading: History Delete Directives
2025-12-30 03:32:19.525: [INFO][Sync] Loading: Device Info
2025-12-30 03:32:19.525: [INFO][Sync] Loading: User Consents
2025-12-30 03:32:19.525: [INFO][Sync] Loading: Send Tab To Self
2025-12-30 03:32:19.525: [INFO][Sync] Loading: Web Apps
2025-12-30 03:32:19.525: [INFO][Sync] Loading: History
2025-12-30 03:32:19.525: [INFO][Sync] Loading: Saved Tab Group
2025-12-30 03:32:19.525: [INFO][Sync] Loading: WebAuthn Credentials
2025-12-30 03:32:19.525: [INFO][Sync] Loading: Collection
2025-12-30 03:32:19.525: [INFO][Sync] Loading: Edge E Drop
2025-12-30 03:32:19.525: [INFO][Sync] Loading: Edge Hub App Usage
2025-12-30 03:32:19.525: [INFO][Sync] Loading: Edge Wallet
2025-12-30 03:32:19.530: [INFO][Sync] All data types are ready for configure.
2025-12-30 03:32:20.551: [INFO][Sync] Started DataTypeManager configuration, reason: 5
2025-12-30 03:32:20.551: [INFO][Sync] Configuring for: Bookmarks, Preferences, Passwords, Autofill Profiles, Autofill, Extensions, Sessions, Extension settings, History Delete Directives, Device Info, User Consents, Send Tab To Self, Web Apps, History, Saved Tab Group, WebAuthn Credentials, Collection, Edge E Drop, Edge Hub App Usage, Edge Wallet, Encryption Keys, reason: 5, current state: 1
2025-12-30 03:32:20.552: [INFO][SyncEngineBackend::DoStartConfiguration] Start configuration
2025-12-30 03:32:20.552: [INFO][SyncManagerImpl::ConfigureSyncer] Types to download:  with reason: 4
2025-12-30 03:32:20.552: [INFO][SyncEngineBackend::DoFinishConfigureDataTypes] Failed to download types:  and succeeded types: 
2025-12-30 03:32:20.552: [INFO][Sync] ConfigurationDone, failed: , succeeded: , remaining count: 4
2025-12-30 03:32:20.552: [WARN][Sync]     Reconfigure requested while configuration ongoing.
2025-12-30 03:32:20.552: [INFO][Sync] Configuring for: Bookmarks, Preferences, Passwords, Autofill Profiles, Autofill, Extensions, Sessions, Extension settings, History Delete Directives, Device Info, User Consents, Send Tab To Self, Web Apps, History, Saved Tab Group, WebAuthn Credentials, Collection, Edge E Drop, Edge Hub App Usage, Edge Wallet, Encryption Keys, reason: 5, current state: 2
2025-12-30 03:32:20.552: [INFO][Sync] Configure, desired: Bookmarks, Preferences, Passwords, Autofill Profiles, Autofill, Extensions, Sessions, Extension settings, History Delete Directives, Device Info, User Consents, Send Tab To Self, Web Apps, History, Saved Tab Group, WebAuthn Credentials, Collection, Edge E Drop, Edge Hub App Usage, Edge Wallet, Encryption Keys; Allow fail: 
2025-12-30 03:32:20.552: [INFO][Sync] Loading: Passwords
2025-12-30 03:32:20.552: [INFO][Sync] Loading: Autofill Profiles
2025-12-30 03:32:20.552: [INFO][Sync] Loading: Autofill
2025-12-30 03:32:20.552: [INFO][Sync] All data types are ready for configure.
2025-12-30 03:32:20.552: [INFO][SyncManagerImpl::NudgeForInitialDownload] Initial download nudge for Passwords
2025-12-30 03:32:20.552: [INFO][SyncManagerImpl::ConfigureSyncer] Types to download:  with reason: 5
2025-12-30 03:32:20.552: [INFO][SyncEngineBackend::DoFinishConfigureDataTypes] Failed to download types:  and succeeded types: 
2025-12-30 03:32:20.553: [INFO][Sync] ConfigurationDone, failed: , succeeded: , remaining count: 4
2025-12-30 03:32:20.553: [INFO][Sync] Prepare to configure types: Passwords, Encryption Keys
2025-12-30 03:32:20.553: [INFO][SyncManagerImpl::ConfigureSyncer] Types to download: Passwords, Encryption Keys with reason: 5
2025-12-30 03:32:20.553: [INFO][SyncSchedulerImpl::DoConfigurationSyncCycleJob] Blocked types:  and types to download: Passwords, Encryption Keys
2025-12-30 03:32:20.735: [INFO][SyncEngineBackend::DoFinishConfigureDataTypes] Failed to download types:  and succeeded types: Passwords, Encryption Keys
2025-12-30 03:32:20.736: [INFO][Sync] ConfigurationDone, failed: , succeeded: Passwords, Encryption Keys, remaining count: 3
2025-12-30 03:32:20.736: [INFO][SyncManagerImpl::ConfigureSyncer] Types to download:  with reason: 5
2025-12-30 03:32:20.736: [INFO][SyncEngineBackend::DoFinishConfigureDataTypes] Failed to download types:  and succeeded types: 
2025-12-30 03:32:20.736: [INFO][Sync] ConfigurationDone, failed: , succeeded: , remaining count: 2
2025-12-30 03:32:20.737: [INFO][SyncManagerImpl::ConfigureSyncer] Types to download:  with reason: 5
2025-12-30 03:32:20.737: [INFO][SyncEngineBackend::DoFinishConfigureDataTypes] Failed to download types:  and succeeded types: 
2025-12-30 03:32:20.739: [INFO][Sync] ConfigurationDone, failed: , succeeded: , remaining count: 1
2025-12-30 03:32:20.740: [INFO][SyncManagerImpl::ConfigureSyncer] Types to download:  with reason: 5
2025-12-30 03:32:20.740: [INFO][SyncEngineBackend::DoFinishConfigureDataTypes] Failed to download types:  and succeeded types: 
2025-12-30 03:32:20.740: [INFO][Sync] ConfigurationDone, failed: , succeeded: , remaining count: 0
2025-12-30 03:32:20.741: [INFO][Sync]     Configuration completed, state: 7
2025-12-30 03:32:20.741: [INFO][Sync] Configured DataTypeManager: Ok
2025-12-30 03:32:20.742: [INFO][SyncEngineBackend::DoStartSyncing] Start syncing
2025-12-30 03:33:08.245: [INFO][Sync] Reset engine, reason: 0
2025-12-30 03:33:08.245: [INFO][Sync] Reset engine with reason: 0
2025-12-30 03:43:07.709: [INFO][Sync] SyncState after authenticated was: FeatureCanStart
2025-12-30 03:43:08.943: [INFO][SyncAuthManager::SetLastAuthError] Current auth error: None
2025-12-30 03:43:08.943: [INFO][SyncAuthManager::EdgeLogTokenErrorState] Token error with: None for account type: MSA
2025-12-30 03:43:08.943: [INFO][Sync] Credentials changed for: EdgeSyncKeyDataScope
2025-12-30 03:43:12.098: [INFO][Sync] Try to start sync engine
2025-12-30 03:43:12.122: [INFO][SyncManagerImpl::NudgeForInitialDownload] Initial download nudge for Encryption Keys
2025-12-30 03:43:12.122: [INFO][SyncEngineBackend::LoadAndConnectNigoriController] Load and connect Nigori controller
2025-12-30 03:43:12.122: [INFO][SyncEngineBackend::DoInitialize] Control Types added: Encryption Keys
2025-12-30 03:43:12.122: [INFO][SyncManagerImpl::ConfigureSyncer] Types to download: Encryption Keys with reason: 3
2025-12-30 03:43:12.122: [INFO][SyncEngineBackend::DoUpdateKeyDataCredentials] Update key data credentials
2025-12-30 03:43:12.122: [INFO][SyncSchedulerImpl::DoConfigurationSyncCycleJob] Configure job was blocked
2025-12-30 03:43:12.138: [INFO][SyncAuthManager::SetLastAuthError] Current auth error: None
2025-12-30 03:43:12.138: [INFO][SyncAuthManager::EdgeLogTokenErrorState] Token error with: None for account type: MSA
2025-12-30 03:43:12.138: [INFO][Sync] Credentials changed for: EdgeSyncScopeNew
2025-12-30 03:43:12.138: [INFO][SyncEngineBackend::DoUpdateCredentials] Update credentials
2025-12-30 03:43:12.138: [INFO][SyncSchedulerImpl::DoConfigurationSyncCycleJob] Blocked types:  and types to download: Encryption Keys
2025-12-30 03:43:12.805: [INFO][SyncEngineBackend::DoUpdateKeyDataCredentials] Update key data credentials
2025-12-30 03:43:12.807: [INFO][Sync] Started DataTypeManager configuration, reason: 4
2025-12-30 03:43:12.807: [INFO][Sync] Configuring for: Bookmarks, Preferences, Passwords, Autofill Profiles, Autofill, Extensions, Sessions, Extension settings, History Delete Directives, Device Info, User Consents, Send Tab To Self, Web Apps, History, Saved Tab Group, WebAuthn Credentials, Collection, Edge E Drop, Edge Hub App Usage, Edge Wallet, Encryption Keys, reason: 4, current state: 0
2025-12-30 03:43:12.807: [WARN][Sync] Crypto error data types: Passwords, Autofill Profiles, Autofill
2025-12-30 03:43:12.808: [INFO][Sync] Configure, desired: Bookmarks, Preferences, Extensions, Sessions, Extension settings, History Delete Directives, Device Info, User Consents, Send Tab To Self, Web Apps, History, Saved Tab Group, WebAuthn Credentials, Collection, Edge E Drop, Edge Hub App Usage, Edge Wallet, Encryption Keys; Allow fail: Passwords, Autofill Profiles, Autofill
2025-12-30 03:43:12.808: [INFO][Sync] Loading: Bookmarks
2025-12-30 03:43:12.808: [INFO][Sync] Loading: Preferences
2025-12-30 03:43:12.808: [INFO][Sync] Loading: Extensions
2025-12-30 03:43:12.808: [INFO][Sync] Loading: Sessions
2025-12-30 03:43:12.808: [INFO][Sync] Loading: Extension settings
2025-12-30 03:43:12.808: [INFO][Sync] Loading: History Delete Directives
2025-12-30 03:43:12.808: [INFO][Sync] Loading: Device Info
2025-12-30 03:43:12.808: [INFO][Sync] Loading: User Consents
2025-12-30 03:43:12.808: [INFO][Sync] Loading: Send Tab To Self
2025-12-30 03:43:12.808: [INFO][Sync] Loading: Web Apps
2025-12-30 03:43:12.808: [INFO][Sync] Loading: History
2025-12-30 03:43:12.808: [INFO][Sync] Loading: Saved Tab Group
2025-12-30 03:43:12.808: [INFO][Sync] Loading: WebAuthn Credentials
2025-12-30 03:43:12.808: [INFO][Sync] Loading: Collection
2025-12-30 03:43:12.808: [INFO][Sync] Loading: Edge E Drop
2025-12-30 03:43:12.808: [INFO][Sync] Loading: Edge Hub App Usage
2025-12-30 03:43:12.808: [INFO][Sync] Loading: Edge Wallet
2025-12-30 03:43:12.812: [INFO][Sync] All data types are ready for configure.
2025-12-30 03:43:13.815: [INFO][Sync] Started DataTypeManager configuration, reason: 5
2025-12-30 03:43:13.815: [INFO][Sync] Configuring for: Bookmarks, Preferences, Passwords, Autofill Profiles, Autofill, Extensions, Sessions, Extension settings, History Delete Directives, Device Info, User Consents, Send Tab To Self, Web Apps, History, Saved Tab Group, WebAuthn Credentials, Collection, Edge E Drop, Edge Hub App Usage, Edge Wallet, Encryption Keys, reason: 5, current state: 1
2025-12-30 03:43:13.815: [INFO][SyncEngineBackend::DoStartConfiguration] Start configuration
2025-12-30 03:43:13.815: [INFO][SyncManagerImpl::ConfigureSyncer] Types to download:  with reason: 4
2025-12-30 03:43:13.815: [INFO][SyncEngineBackend::DoFinishConfigureDataTypes] Failed to download types:  and succeeded types: 
2025-12-30 03:43:13.815: [INFO][Sync] ConfigurationDone, failed: , succeeded: , remaining count: 4
2025-12-30 03:43:13.815: [WARN][Sync]     Reconfigure requested while configuration ongoing.
2025-12-30 03:43:13.815: [INFO][Sync] Configuring for: Bookmarks, Preferences, Passwords, Autofill Profiles, Autofill, Extensions, Sessions, Extension settings, History Delete Directives, Device Info, User Consents, Send Tab To Self, Web Apps, History, Saved Tab Group, WebAuthn Credentials, Collection, Edge E Drop, Edge Hub App Usage, Edge Wallet, Encryption Keys, reason: 5, current state: 2
2025-12-30 03:43:13.815: [INFO][Sync] Configure, desired: Bookmarks, Preferences, Passwords, Autofill Profiles, Autofill, Extensions, Sessions, Extension settings, History Delete Directives, Device Info, User Consents, Send Tab To Self, Web Apps, History, Saved Tab Group, WebAuthn Credentials, Collection, Edge E Drop, Edge Hub App Usage, Edge Wallet, Encryption Keys; Allow fail: 
2025-12-30 03:43:13.815: [INFO][Sync] Loading: Passwords
2025-12-30 03:43:13.815: [INFO][Sync] Loading: Autofill Profiles
2025-12-30 03:43:13.815: [INFO][Sync] Loading: Autofill
2025-12-30 03:43:13.816: [INFO][Sync] All data types are ready for configure.
2025-12-30 03:43:13.816: [INFO][SyncManagerImpl::NudgeForInitialDownload] Initial download nudge for Passwords
2025-12-30 03:43:13.816: [INFO][SyncManagerImpl::ConfigureSyncer] Types to download:  with reason: 5
2025-12-30 03:43:13.816: [INFO][SyncEngineBackend::DoFinishConfigureDataTypes] Failed to download types:  and succeeded types: 
2025-12-30 03:43:13.816: [INFO][Sync] ConfigurationDone, failed: , succeeded: , remaining count: 4
2025-12-30 03:43:13.816: [INFO][Sync] Prepare to configure types: Passwords, Encryption Keys
2025-12-30 03:43:13.816: [INFO][SyncManagerImpl::ConfigureSyncer] Types to download: Passwords, Encryption Keys with reason: 5
2025-12-30 03:43:13.816: [INFO][SyncSchedulerImpl::DoConfigurationSyncCycleJob] Blocked types:  and types to download: Passwords, Encryption Keys
2025-12-30 03:43:13.995: [INFO][SyncEngineBackend::DoFinishConfigureDataTypes] Failed to download types:  and succeeded types: Passwords, Encryption Keys
2025-12-30 03:43:13.996: [INFO][Sync] ConfigurationDone, failed: , succeeded: Passwords, Encryption Keys, remaining count: 3
2025-12-30 03:43:13.996: [INFO][SyncManagerImpl::ConfigureSyncer] Types to download:  with reason: 5
2025-12-30 03:43:13.996: [INFO][SyncEngineBackend::DoFinishConfigureDataTypes] Failed to download types:  and succeeded types: 
2025-12-30 03:43:13.996: [INFO][Sync] ConfigurationDone, failed: , succeeded: , remaining count: 2
2025-12-30 03:43:13.996: [INFO][SyncManagerImpl::ConfigureSyncer] Types to download:  with reason: 5
2025-12-30 03:43:13.996: [INFO][SyncEngineBackend::DoFinishConfigureDataTypes] Failed to download types:  and succeeded types: 
2025-12-30 03:43:13.998: [INFO][Sync] ConfigurationDone, failed: , succeeded: , remaining count: 1
2025-12-30 03:43:13.999: [INFO][SyncManagerImpl::ConfigureSyncer] Types to download:  with reason: 5
2025-12-30 03:43:13.999: [INFO][SyncEngineBackend::DoFinishConfigureDataTypes] Failed to download types:  and succeeded types: 
2025-12-30 03:43:13.999: [INFO][Sync] ConfigurationDone, failed: , succeeded: , remaining count: 0
2025-12-30 03:43:14.000: [INFO][Sync]     Configuration completed, state: 7
2025-12-30 03:43:14.000: [INFO][Sync] Configured DataTypeManager: Ok
2025-12-30 03:43:14.001: [INFO][SyncEngineBackend::DoStartSyncing] Start syncing
2025-12-30 03:48:46.178: [INFO][Sync] Reset engine, reason: 0
2025-12-30 03:48:46.178: [INFO][Sync] Reset engine with reason: 0
2026-01-05 06:12:51.492: [INFO][Sync] SyncState after authenticated was: FeatureCanStart
2026-01-05 06:12:52.939: [INFO][SyncAuthManager::SetLastAuthError] Current auth error: None
2026-01-05 06:12:52.939: [INFO][SyncAuthManager::EdgeLogTokenErrorState] Token error with: None for account type: MSA
2026-01-05 06:12:52.939: [INFO][Sync] Credentials changed for: EdgeSyncKeyDataScope
2026-01-05 06:12:55.925: [INFO][Sync] Try to start sync engine
2026-01-05 06:12:55.960: [INFO][SyncManagerImpl::NudgeForInitialDownload] Initial download nudge for Encryption Keys
2026-01-05 06:12:55.960: [INFO][SyncEngineBackend::LoadAndConnectNigoriController] Load and connect Nigori controller
2026-01-05 06:12:55.960: [INFO][SyncEngineBackend::DoInitialize] Control Types added: Encryption Keys
2026-01-05 06:12:55.960: [INFO][SyncManagerImpl::ConfigureSyncer] Types to download: Encryption Keys with reason: 3
2026-01-05 06:12:55.960: [INFO][SyncEngineBackend::DoUpdateKeyDataCredentials] Update key data credentials
2026-01-05 06:12:55.960: [INFO][SyncSchedulerImpl::DoConfigurationSyncCycleJob] Configure job was blocked
2026-01-05 06:12:55.975: [INFO][SyncAuthManager::SetLastAuthError] Current auth error: None
2026-01-05 06:12:55.975: [INFO][SyncAuthManager::EdgeLogTokenErrorState] Token error with: None for account type: MSA
2026-01-05 06:12:55.975: [INFO][Sync] Credentials changed for: EdgeSyncScopeNew
2026-01-05 06:12:55.975: [INFO][SyncEngineBackend::DoUpdateCredentials] Update credentials
2026-01-05 06:12:55.975: [INFO][SyncSchedulerImpl::DoConfigurationSyncCycleJob] Blocked types:  and types to download: Encryption Keys
2026-01-05 06:12:56.342: [INFO][SyncEngineBackend::DoUpdateKeyDataCredentials] Update key data credentials
2026-01-05 06:12:56.344: [INFO][Sync] Started DataTypeManager configuration, reason: 4
2026-01-05 06:12:56.344: [INFO][Sync] Configuring for: Bookmarks, Preferences, Passwords, Autofill Profiles, Autofill, Extensions, Sessions, Extension settings, History Delete Directives, Device Info, User Consents, Send Tab To Self, Web Apps, History, Saved Tab Group, WebAuthn Credentials, Collection, Edge E Drop, Edge Hub App Usage, Edge Wallet, Encryption Keys, reason: 4, current state: 0
2026-01-05 06:12:56.344: [WARN][Sync] Crypto error data types: Passwords, Autofill Profiles, Autofill
2026-01-05 06:12:56.345: [INFO][Sync] Configure, desired: Bookmarks, Preferences, Extensions, Sessions, Extension settings, History Delete Directives, Device Info, User Consents, Send Tab To Self, Web Apps, History, Saved Tab Group, WebAuthn Credentials, Collection, Edge E Drop, Edge Hub App Usage, Edge Wallet, Encryption Keys; Allow fail: Passwords, Autofill Profiles, Autofill
2026-01-05 06:12:56.345: [INFO][Sync] Loading: Bookmarks
2026-01-05 06:12:56.345: [INFO][Sync] Loading: Preferences
2026-01-05 06:12:56.345: [INFO][Sync] Loading: Extensions
2026-01-05 06:12:56.345: [INFO][Sync] Loading: Sessions
2026-01-05 06:12:56.345: [INFO][Sync] Loading: Extension settings
2026-01-05 06:12:56.345: [INFO][Sync] Loading: History Delete Directives
2026-01-05 06:12:56.345: [INFO][Sync] Loading: Device Info
2026-01-05 06:12:56.345: [INFO][Sync] Loading: User Consents
2026-01-05 06:12:56.345: [INFO][Sync] Loading: Send Tab To Self
2026-01-05 06:12:56.345: [INFO][Sync] Loading: Web Apps
2026-01-05 06:12:56.345: [INFO][Sync] Loading: History
2026-01-05 06:12:56.345: [INFO][Sync] Loading: Saved Tab Group
2026-01-05 06:12:56.345: [INFO][Sync] Loading: WebAuthn Credentials
2026-01-05 06:12:56.345: [INFO][Sync] Loading: Collection
2026-01-05 06:12:56.345: [INFO][Sync] Loading: Edge E Drop
2026-01-05 06:12:56.345: [INFO][Sync] Loading: Edge Hub App Usage
2026-01-05 06:12:56.345: [INFO][Sync] Loading: Edge Wallet
2026-01-05 06:12:56.349: [INFO][Sync] All data types are ready for configure.
2026-01-05 06:12:57.057: [INFO][Sync] Started DataTypeManager configuration, reason: 5
2026-01-05 06:12:57.058: [INFO][SyncEngineBackend::DoStartConfiguration] Start configuration
2026-01-05 06:12:57.058: [INFO][Sync] Configuring for: Bookmarks, Preferences, Passwords, Autofill Profiles, Autofill, Extensions, Sessions, Extension settings, History Delete Directives, Device Info, User Consents, Send Tab To Self, Web Apps, History, Saved Tab Group, WebAuthn Credentials, Collection, Edge E Drop, Edge Hub App Usage, Edge Wallet, Encryption Keys, reason: 5, current state: 1
2026-01-05 06:12:57.058: [INFO][SyncManagerImpl::ConfigureSyncer] Types to download:  with reason: 4
2026-01-05 06:12:57.058: [INFO][SyncEngineBackend::DoFinishConfigureDataTypes] Failed to download types:  and succeeded types: 
2026-01-05 06:12:57.058: [INFO][Sync] ConfigurationDone, failed: , succeeded: , remaining count: 4
2026-01-05 06:12:57.058: [WARN][Sync]     Reconfigure requested while configuration ongoing.
2026-01-05 06:12:57.058: [INFO][Sync] Configuring for: Bookmarks, Preferences, Passwords, Autofill Profiles, Autofill, Extensions, Sessions, Extension settings, History Delete Directives, Device Info, User Consents, Send Tab To Self, Web Apps, History, Saved Tab Group, WebAuthn Credentials, Collection, Edge E Drop, Edge Hub App Usage, Edge Wallet, Encryption Keys, reason: 5, current state: 2
2026-01-05 06:12:57.058: [INFO][Sync] Configure, desired: Bookmarks, Preferences, Passwords, Autofill Profiles, Autofill, Extensions, Sessions, Extension settings, History Delete Directives, Device Info, User Consents, Send Tab To Self, Web Apps, History, Saved Tab Group, WebAuthn Credentials, Collection, Edge E Drop, Edge Hub App Usage, Edge Wallet, Encryption Keys; Allow fail: 
2026-01-05 06:12:57.058: [INFO][Sync] Loading: Passwords
2026-01-05 06:12:57.058: [INFO][Sync] Loading: Autofill Profiles
2026-01-05 06:12:57.058: [INFO][Sync] Loading: Autofill
2026-01-05 06:12:57.059: [INFO][Sync] All data types are ready for configure.
2026-01-05 06:12:57.059: [INFO][SyncManagerImpl::NudgeForInitialDownload] Initial download nudge for Passwords
2026-01-05 06:12:57.059: [INFO][SyncManagerImpl::ConfigureSyncer] Types to download:  with reason: 5
2026-01-05 06:12:57.059: [INFO][SyncEngineBackend::DoFinishConfigureDataTypes] Failed to download types:  and succeeded types: 
2026-01-05 06:12:57.059: [INFO][Sync] ConfigurationDone, failed: , succeeded: , remaining count: 4
2026-01-05 06:12:57.059: [INFO][Sync] Prepare to configure types: Passwords, Encryption Keys
2026-01-05 06:12:57.059: [INFO][SyncManagerImpl::ConfigureSyncer] Types to download: Passwords, Encryption Keys with reason: 5
2026-01-05 06:12:57.059: [INFO][SyncSchedulerImpl::DoConfigurationSyncCycleJob] Blocked types:  and types to download: Passwords, Encryption Keys
2026-01-05 06:12:57.307: [INFO][SyncEngineBackend::DoFinishConfigureDataTypes] Failed to download types:  and succeeded types: Passwords, Encryption Keys
2026-01-05 06:12:57.309: [INFO][Sync] ConfigurationDone, failed: , succeeded: Passwords, Encryption Keys, remaining count: 3
2026-01-05 06:12:57.309: [INFO][SyncManagerImpl::ConfigureSyncer] Types to download:  with reason: 5
2026-01-05 06:12:57.309: [INFO][SyncEngineBackend::DoFinishConfigureDataTypes] Failed to download types:  and succeeded types: 
2026-01-05 06:12:57.309: [INFO][Sync] ConfigurationDone, failed: , succeeded: , remaining count: 2
2026-01-05 06:12:57.309: [INFO][SyncManagerImpl::ConfigureSyncer] Types to download:  with reason: 5
2026-01-05 06:12:57.309: [INFO][SyncEngineBackend::DoFinishConfigureDataTypes] Failed to download types:  and succeeded types: 
2026-01-05 06:12:57.309: [INFO][Sync] ConfigurationDone, failed: , succeeded: , remaining count: 1
2026-01-05 06:12:57.312: [INFO][SyncManagerImpl::ConfigureSyncer] Types to download:  with reason: 5
2026-01-05 06:12:57.312: [INFO][SyncEngineBackend::DoFinishConfigureDataTypes] Failed to download types:  and succeeded types: 
2026-01-05 06:12:57.317: [INFO][Sync] ConfigurationDone, failed: , succeeded: , remaining count: 0
2026-01-05 06:12:57.319: [INFO][Sync]     Configuration completed, state: 7
2026-01-05 06:12:57.319: [INFO][Sync] Configured DataTypeManager: Ok
2026-01-05 06:12:57.322: [INFO][SyncEngineBackend::DoStartSyncing] Start syncing
2026-01-05 06:13:35.698: [INFO][Sync] Reset engine, reason: 0
2026-01-05 06:13:35.698: [INFO][Sync] Reset engine with reason: 0
2026-01-06 04:08:24.000: [INFO][Sync] SyncState after authenticated was: FeatureCanStart
2026-01-06 04:08:25.307: [INFO][SyncAuthManager::SetLastAuthError] Current auth error: None
2026-01-06 04:08:25.307: [INFO][SyncAuthManager::EdgeLogTokenErrorState] Token error with: None for account type: MSA
2026-01-06 04:08:25.307: [INFO][Sync] Credentials changed for: EdgeSyncKeyDataScope
2026-01-06 04:08:29.855: [INFO][Sync] Try to start sync engine
2026-01-06 04:08:29.855: [INFO][SyncManagerImpl::NudgeForInitialDownload] Initial download nudge for Encryption Keys
2026-01-06 04:08:29.855: [INFO][SyncEngineBackend::LoadAndConnectNigoriController] Load and connect Nigori controller
2026-01-06 04:08:29.855: [INFO][SyncEngineBackend::DoInitialize] Control Types added: Encryption Keys
2026-01-06 04:08:29.855: [INFO][SyncManagerImpl::ConfigureSyncer] Types to download: Encryption Keys with reason: 3
2026-01-06 04:08:29.855: [INFO][SyncEngineBackend::DoUpdateKeyDataCredentials] Update key data credentials
2026-01-06 04:08:29.855: [INFO][SyncSchedulerImpl::DoConfigurationSyncCycleJob] Configure job was blocked
2026-01-06 04:08:30.755: [INFO][SyncAuthManager::SetLastAuthError] Current auth error: None
2026-01-06 04:08:30.755: [INFO][SyncAuthManager::EdgeLogTokenErrorState] Token error with: None for account type: MSA
2026-01-06 04:08:30.755: [INFO][Sync] Credentials changed for: EdgeSyncScopeNew
2026-01-06 04:08:30.755: [INFO][SyncEngineBackend::DoUpdateCredentials] Update credentials
2026-01-06 04:08:30.755: [INFO][SyncSchedulerImpl::DoConfigurationSyncCycleJob] Blocked types:  and types to download: Encryption Keys
2026-01-06 04:08:31.225: [INFO][SyncEngineBackend::DoUpdateKeyDataCredentials] Update key data credentials
2026-01-06 04:08:31.228: [INFO][Sync] Started DataTypeManager configuration, reason: 4
2026-01-06 04:08:31.228: [INFO][Sync] Configuring for: Bookmarks, Preferences, Passwords, Autofill Profiles, Autofill, Extensions, Sessions, Extension settings, History Delete Directives, Device Info, User Consents, Send Tab To Self, Web Apps, History, Saved Tab Group, WebAuthn Credentials, Collection, Edge E Drop, Edge Hub App Usage, Edge Wallet, Encryption Keys, reason: 4, current state: 0
2026-01-06 04:08:31.228: [WARN][Sync] Crypto error data types: Passwords, Autofill Profiles, Autofill
2026-01-06 04:08:31.229: [INFO][Sync] Configure, desired: Bookmarks, Preferences, Extensions, Sessions, Extension settings, History Delete Directives, Device Info, User Consents, Send Tab To Self, Web Apps, History, Saved Tab Group, WebAuthn Credentials, Collection, Edge E Drop, Edge Hub App Usage, Edge Wallet, Encryption Keys; Allow fail: Passwords, Autofill Profiles, Autofill
2026-01-06 04:08:31.229: [INFO][Sync] Loading: Bookmarks
2026-01-06 04:08:31.229: [INFO][Sync] Loading: Preferences
2026-01-06 04:08:31.229: [INFO][Sync] Loading: Extensions
2026-01-06 04:08:31.229: [INFO][Sync] Loading: Sessions
2026-01-06 04:08:31.229: [INFO][Sync] Loading: Extension settings
2026-01-06 04:08:31.229: [INFO][Sync] Loading: History Delete Directives
2026-01-06 04:08:31.229: [INFO][Sync] Loading: Device Info
2026-01-06 04:08:31.229: [INFO][Sync] Loading: User Consents
2026-01-06 04:08:31.229: [INFO][Sync] Loading: Send Tab To Self
2026-01-06 04:08:31.229: [INFO][Sync] Loading: Web Apps
2026-01-06 04:08:31.229: [INFO][Sync] Loading: History
2026-01-06 04:08:31.229: [INFO][Sync] Loading: Saved Tab Group
2026-01-06 04:08:31.229: [INFO][Sync] Loading: WebAuthn Credentials
2026-01-06 04:08:31.229: [INFO][Sync] Loading: Collection
2026-01-06 04:08:31.229: [INFO][Sync] Loading: Edge E Drop
2026-01-06 04:08:31.229: [INFO][Sync] Loading: Edge Hub App Usage
2026-01-06 04:08:31.229: [INFO][Sync] Loading: Edge Wallet
2026-01-06 04:08:31.231: [INFO][Sync] All data types are ready for configure.
2026-01-06 04:08:31.843: [INFO][SyncEngineBackend::DoStartConfiguration] Start configuration
2026-01-06 04:08:31.843: [INFO][SyncManagerImpl::ConfigureSyncer] Types to download:  with reason: 4
2026-01-06 04:08:31.843: [INFO][SyncEngineBackend::DoFinishConfigureDataTypes] Failed to download types:  and succeeded types: 
2026-01-06 04:08:31.844: [INFO][Sync] Started DataTypeManager configuration, reason: 5
2026-01-06 04:08:31.844: [INFO][Sync] Configuring for: Bookmarks, Preferences, Passwords, Autofill Profiles, Autofill, Extensions, Sessions, Extension settings, History Delete Directives, Device Info, User Consents, Send Tab To Self, Web Apps, History, Saved Tab Group, WebAuthn Credentials, Collection, Edge E Drop, Edge Hub App Usage, Edge Wallet, Encryption Keys, reason: 5, current state: 1
2026-01-06 04:08:31.845: [INFO][Sync] ConfigurationDone, failed: , succeeded: , remaining count: 4
2026-01-06 04:08:31.845: [WARN][Sync]     Reconfigure requested while configuration ongoing.
2026-01-06 04:08:31.845: [INFO][Sync] Configuring for: Bookmarks, Preferences, Passwords, Autofill Profiles, Autofill, Extensions, Sessions, Extension settings, History Delete Directives, Device Info, User Consents, Send Tab To Self, Web Apps, History, Saved Tab Group, WebAuthn Credentials, Collection, Edge E Drop, Edge Hub App Usage, Edge Wallet, Encryption Keys, reason: 5, current state: 2
2026-01-06 04:08:31.845: [INFO][Sync] Configure, desired: Bookmarks, Preferences, Passwords, Autofill Profiles, Autofill, Extensions, Sessions, Extension settings, History Delete Directives, Device Info, User Consents, Send Tab To Self, Web Apps, History, Saved Tab Group, WebAuthn Credentials, Collection, Edge E Drop, Edge Hub App Usage, Edge Wallet, Encryption Keys; Allow fail: 
2026-01-06 04:08:31.845: [INFO][Sync] Loading: Passwords
2026-01-06 04:08:31.845: [INFO][Sync] Loading: Autofill Profiles
2026-01-06 04:08:31.845: [INFO][Sync] Loading: Autofill
2026-01-06 04:08:31.845: [INFO][Sync] All data types are ready for configure.
2026-01-06 04:08:31.845: [INFO][SyncManagerImpl::NudgeForInitialDownload] Initial download nudge for Passwords
2026-01-06 04:08:31.845: [INFO][SyncManagerImpl::ConfigureSyncer] Types to download:  with reason: 5
2026-01-06 04:08:31.845: [INFO][SyncEngineBackend::DoFinishConfigureDataTypes] Failed to download types:  and succeeded types: 
2026-01-06 04:08:31.845: [INFO][Sync] ConfigurationDone, failed: , succeeded: , remaining count: 4
2026-01-06 04:08:31.845: [INFO][Sync] Prepare to configure types: Passwords, Encryption Keys
2026-01-06 04:08:31.845: [INFO][SyncManagerImpl::ConfigureSyncer] Types to download: Passwords, Encryption Keys with reason: 5
2026-01-06 04:08:31.845: [INFO][SyncSchedulerImpl::DoConfigurationSyncCycleJob] Blocked types:  and types to download: Passwords, Encryption Keys
2026-01-06 04:08:32.072: [INFO][SyncEngineBackend::DoFinishConfigureDataTypes] Failed to download types:  and succeeded types: Passwords, Encryption Keys
2026-01-06 04:08:32.073: [INFO][Sync] ConfigurationDone, failed: , succeeded: Passwords, Encryption Keys, remaining count: 3
2026-01-06 04:08:32.073: [INFO][SyncManagerImpl::ConfigureSyncer] Types to download:  with reason: 5
2026-01-06 04:08:32.073: [INFO][SyncEngineBackend::DoFinishConfigureDataTypes] Failed to download types:  and succeeded types: 
2026-01-06 04:08:32.073: [INFO][Sync] ConfigurationDone, failed: , succeeded: , remaining count: 2
2026-01-06 04:08:32.073: [INFO][SyncManagerImpl::ConfigureSyncer] Types to download:  with reason: 5
2026-01-06 04:08:32.073: [INFO][SyncEngineBackend::DoFinishConfigureDataTypes] Failed to download types:  and succeeded types: 
2026-01-06 04:08:32.073: [INFO][Sync] ConfigurationDone, failed: , succeeded: , remaining count: 1
2026-01-06 04:08:32.074: [INFO][SyncManagerImpl::ConfigureSyncer] Types to download:  with reason: 5
2026-01-06 04:08:32.074: [INFO][SyncEngineBackend::DoFinishConfigureDataTypes] Failed to download types:  and succeeded types: 
2026-01-06 04:08:32.074: [INFO][Sync] ConfigurationDone, failed: , succeeded: , remaining count: 0
2026-01-06 04:08:32.075: [INFO][Sync]     Configuration completed, state: 7
2026-01-06 04:08:32.075: [INFO][Sync] Configured DataTypeManager: Ok
2026-01-06 04:08:32.077: [INFO][SyncEngineBackend::DoStartSyncing] Start syncing
2026-01-06 04:09:50.711: [INFO][Sync] Reset engine, reason: 0
2026-01-06 04:09:50.711: [INFO][Sync] Reset engine with reason: 0
2026-01-06 04:16:09.328: [INFO][Sync] SyncState after authenticated was: FeatureCanStart
2026-01-06 04:16:10.769: [INFO][SyncAuthManager::SetLastAuthError] Current auth error: None
2026-01-06 04:16:10.769: [INFO][SyncAuthManager::EdgeLogTokenErrorState] Token error with: None for account type: MSA
2026-01-06 04:16:10.769: [INFO][Sync] Credentials changed for: EdgeSyncKeyDataScope
2026-01-06 04:16:14.357: [INFO][Sync] Try to start sync engine
2026-01-06 04:16:14.422: [INFO][SyncManagerImpl::NudgeForInitialDownload] Initial download nudge for Encryption Keys
2026-01-06 04:16:14.422: [INFO][SyncEngineBackend::LoadAndConnectNigoriController] Load and connect Nigori controller
2026-01-06 04:16:14.422: [INFO][SyncEngineBackend::DoInitialize] Control Types added: Encryption Keys
2026-01-06 04:16:14.422: [INFO][SyncManagerImpl::ConfigureSyncer] Types to download: Encryption Keys with reason: 3
2026-01-06 04:16:14.422: [INFO][SyncEngineBackend::DoUpdateKeyDataCredentials] Update key data credentials
2026-01-06 04:16:14.422: [INFO][SyncSchedulerImpl::DoConfigurationSyncCycleJob] Configure job was blocked
2026-01-06 04:16:14.436: [INFO][SyncAuthManager::SetLastAuthError] Current auth error: None
2026-01-06 04:16:14.436: [INFO][SyncAuthManager::EdgeLogTokenErrorState] Token error with: None for account type: MSA
2026-01-06 04:16:14.436: [INFO][Sync] Credentials changed for: EdgeSyncScopeNew
2026-01-06 04:16:14.436: [INFO][SyncEngineBackend::DoUpdateCredentials] Update credentials
2026-01-06 04:16:14.436: [INFO][SyncSchedulerImpl::DoConfigurationSyncCycleJob] Blocked types:  and types to download: Encryption Keys
2026-01-06 04:16:15.093: [INFO][SyncEngineBackend::DoUpdateKeyDataCredentials] Update key data credentials
2026-01-06 04:16:15.095: [INFO][Sync] Started DataTypeManager configuration, reason: 4
2026-01-06 04:16:15.095: [INFO][Sync] Configuring for: Bookmarks, Preferences, Passwords, Autofill Profiles, Autofill, Extensions, Sessions, Extension settings, History Delete Directives, Device Info, User Consents, Send Tab To Self, Web Apps, History, Saved Tab Group, WebAuthn Credentials, Collection, Edge E Drop, Edge Hub App Usage, Edge Wallet, Encryption Keys, reason: 4, current state: 0
2026-01-06 04:16:15.095: [WARN][Sync] Crypto error data types: Passwords, Autofill Profiles, Autofill
2026-01-06 04:16:15.096: [INFO][Sync] Configure, desired: Bookmarks, Preferences, Extensions, Sessions, Extension settings, History Delete Directives, Device Info, User Consents, Send Tab To Self, Web Apps, History, Saved Tab Group, WebAuthn Credentials, Collection, Edge E Drop, Edge Hub App Usage, Edge Wallet, Encryption Keys; Allow fail: Passwords, Autofill Profiles, Autofill
2026-01-06 04:16:15.096: [INFO][Sync] Loading: Bookmarks
2026-01-06 04:16:15.096: [INFO][Sync] Loading: Preferences
2026-01-06 04:16:15.096: [INFO][Sync] Loading: Extensions
2026-01-06 04:16:15.096: [INFO][Sync] Loading: Sessions
2026-01-06 04:16:15.096: [INFO][Sync] Loading: Extension settings
2026-01-06 04:16:15.096: [INFO][Sync] Loading: History Delete Directives
2026-01-06 04:16:15.096: [INFO][Sync] Loading: Device Info
2026-01-06 04:16:15.096: [INFO][Sync] Loading: User Consents
2026-01-06 04:16:15.096: [INFO][Sync] Loading: Send Tab To Self
2026-01-06 04:16:15.096: [INFO][Sync] Loading: Web Apps
2026-01-06 04:16:15.096: [INFO][Sync] Loading: History
2026-01-06 04:16:15.096: [INFO][Sync] Loading: Saved Tab Group
2026-01-06 04:16:15.096: [INFO][Sync] Loading: WebAuthn Credentials
2026-01-06 04:16:15.096: [INFO][Sync] Loading: Collection
2026-01-06 04:16:15.096: [INFO][Sync] Loading: Edge E Drop
2026-01-06 04:16:15.096: [INFO][Sync] Loading: Edge Hub App Usage
2026-01-06 04:16:15.096: [INFO][Sync] Loading: Edge Wallet
2026-01-06 04:16:15.100: [INFO][Sync] All data types are ready for configure.
2026-01-06 04:16:16.169: [INFO][Sync] Started DataTypeManager configuration, reason: 5
2026-01-06 04:16:16.169: [INFO][Sync] Configuring for: Bookmarks, Preferences, Passwords, Autofill Profiles, Autofill, Extensions, Sessions, Extension settings, History Delete Directives, Device Info, User Consents, Send Tab To Self, Web Apps, History, Saved Tab Group, WebAuthn Credentials, Collection, Edge E Drop, Edge Hub App Usage, Edge Wallet, Encryption Keys, reason: 5, current state: 1
2026-01-06 04:16:16.169: [INFO][SyncEngineBackend::DoStartConfiguration] Start configuration
2026-01-06 04:16:16.169: [INFO][SyncManagerImpl::ConfigureSyncer] Types to download:  with reason: 4
2026-01-06 04:16:16.169: [INFO][SyncEngineBackend::DoFinishConfigureDataTypes] Failed to download types:  and succeeded types: 
2026-01-06 04:16:16.170: [INFO][Sync] ConfigurationDone, failed: , succeeded: , remaining count: 4
2026-01-06 04:16:16.170: [WARN][Sync]     Reconfigure requested while configuration ongoing.
2026-01-06 04:16:16.170: [INFO][Sync] Configuring for: Bookmarks, Preferences, Passwords, Autofill Profiles, Autofill, Extensions, Sessions, Extension settings, History Delete Directives, Device Info, User Consents, Send Tab To Self, Web Apps, History, Saved Tab Group, WebAuthn Credentials, Collection, Edge E Drop, Edge Hub App Usage, Edge Wallet, Encryption Keys, reason: 5, current state: 2
2026-01-06 04:16:16.170: [INFO][Sync] Configure, desired: Bookmarks, Preferences, Passwords, Autofill Profiles, Autofill, Extensions, Sessions, Extension settings, History Delete Directives, Device Info, User Consents, Send Tab To Self, Web Apps, History, Saved Tab Group, WebAuthn Credentials, Collection, Edge E Drop, Edge Hub App Usage, Edge Wallet, Encryption Keys; Allow fail: 
2026-01-06 04:16:16.170: [INFO][Sync] Loading: Passwords
2026-01-06 04:16:16.170: [INFO][Sync] Loading: Autofill Profiles
2026-01-06 04:16:16.170: [INFO][Sync] Loading: Autofill
2026-01-06 04:16:16.170: [INFO][Sync] All data types are ready for configure.
2026-01-06 04:16:16.170: [INFO][SyncManagerImpl::NudgeForInitialDownload] Initial download nudge for Passwords
2026-01-06 04:16:16.170: [INFO][SyncManagerImpl::ConfigureSyncer] Types to download:  with reason: 5
2026-01-06 04:16:16.170: [INFO][SyncEngineBackend::DoFinishConfigureDataTypes] Failed to download types:  and succeeded types: 
2026-01-06 04:16:16.170: [INFO][Sync] ConfigurationDone, failed: , succeeded: , remaining count: 4
2026-01-06 04:16:16.170: [INFO][Sync] Prepare to configure types: Passwords, Encryption Keys
2026-01-06 04:16:16.170: [INFO][SyncManagerImpl::ConfigureSyncer] Types to download: Passwords, Encryption Keys with reason: 5
2026-01-06 04:16:16.170: [INFO][SyncSchedulerImpl::DoConfigurationSyncCycleJob] Blocked types:  and types to download: Passwords, Encryption Keys
2026-01-06 04:16:16.364: [INFO][SyncEngineBackend::DoFinishConfigureDataTypes] Failed to download types:  and succeeded types: Passwords, Encryption Keys
2026-01-06 04:16:16.365: [INFO][Sync] ConfigurationDone, failed: , succeeded: Passwords, Encryption Keys, remaining count: 3
2026-01-06 04:16:16.365: [INFO][SyncManagerImpl::ConfigureSyncer] Types to download:  with reason: 5
2026-01-06 04:16:16.365: [INFO][SyncEngineBackend::DoFinishConfigureDataTypes] Failed to download types:  and succeeded types: 
2026-01-06 04:16:16.365: [INFO][Sync] ConfigurationDone, failed: , succeeded: , remaining count: 2
2026-01-06 04:16:16.365: [INFO][SyncManagerImpl::ConfigureSyncer] Types to download:  with reason: 5
2026-01-06 04:16:16.365: [INFO][SyncEngineBackend::DoFinishConfigureDataTypes] Failed to download types:  and succeeded types: 
2026-01-06 04:16:16.368: [INFO][Sync] ConfigurationDone, failed: , succeeded: , remaining count: 1
2026-01-06 04:16:16.369: [INFO][SyncManagerImpl::ConfigureSyncer] Types to download:  with reason: 5
2026-01-06 04:16:16.369: [INFO][SyncEngineBackend::DoFinishConfigureDataTypes] Failed to download types:  and succeeded types: 
2026-01-06 04:16:16.369: [INFO][Sync] ConfigurationDone, failed: , succeeded: , remaining count: 0
2026-01-06 04:16:16.370: [INFO][Sync]     Configuration completed, state: 7
2026-01-06 04:16:16.370: [INFO][Sync] Configured DataTypeManager: Ok
2026-01-06 04:16:16.371: [INFO][SyncEngineBackend::DoStartSyncing] Start syncing
2026-01-06 04:31:26.350: [INFO][Sync] Reset engine, reason: 0
2026-01-06 04:31:26.350: [INFO][Sync] Reset engine with reason: 0
2026-01-06 04:59:03.420: [INFO][Sync] SyncState after authenticated was: FeatureCanStart
2026-01-06 04:59:04.749: [INFO][SyncAuthManager::SetLastAuthError] Current auth error: None
2026-01-06 04:59:04.749: [INFO][SyncAuthManager::EdgeLogTokenErrorState] Token error with: None for account type: MSA
2026-01-06 04:59:04.749: [INFO][Sync] Credentials changed for: EdgeSyncKeyDataScope
2026-01-06 04:59:07.813: [INFO][Sync] Try to start sync engine
2026-01-06 04:59:07.876: [INFO][SyncManagerImpl::NudgeForInitialDownload] Initial download nudge for Encryption Keys
2026-01-06 04:59:07.876: [INFO][SyncEngineBackend::LoadAndConnectNigoriController] Load and connect Nigori controller
2026-01-06 04:59:07.876: [INFO][SyncEngineBackend::DoInitialize] Control Types added: Encryption Keys
2026-01-06 04:59:07.876: [INFO][SyncManagerImpl::ConfigureSyncer] Types to download: Encryption Keys with reason: 3
2026-01-06 04:59:07.876: [INFO][SyncEngineBackend::DoUpdateKeyDataCredentials] Update key data credentials
2026-01-06 04:59:07.876: [INFO][SyncSchedulerImpl::DoConfigurationSyncCycleJob] Configure job was blocked
2026-01-06 04:59:07.891: [INFO][SyncAuthManager::SetLastAuthError] Current auth error: None
2026-01-06 04:59:07.891: [INFO][SyncAuthManager::EdgeLogTokenErrorState] Token error with: None for account type: MSA
2026-01-06 04:59:07.891: [INFO][Sync] Credentials changed for: EdgeSyncScopeNew
2026-01-06 04:59:07.891: [INFO][SyncEngineBackend::DoUpdateCredentials] Update credentials
2026-01-06 04:59:07.891: [INFO][SyncSchedulerImpl::DoConfigurationSyncCycleJob] Blocked types:  and types to download: Encryption Keys
2026-01-06 04:59:08.152: [INFO][SyncEngineBackend::DoUpdateKeyDataCredentials] Update key data credentials
2026-01-06 04:59:08.154: [INFO][Sync] Started DataTypeManager configuration, reason: 4
2026-01-06 04:59:08.154: [INFO][Sync] Configuring for: Bookmarks, Preferences, Passwords, Autofill Profiles, Autofill, Extensions, Sessions, Extension settings, History Delete Directives, Device Info, User Consents, Send Tab To Self, Web Apps, History, Saved Tab Group, WebAuthn Credentials, Collection, Edge E Drop, Edge Hub App Usage, Edge Wallet, Encryption Keys, reason: 4, current state: 0
2026-01-06 04:59:08.154: [WARN][Sync] Crypto error data types: Passwords, Autofill Profiles, Autofill
2026-01-06 04:59:08.155: [INFO][Sync] Configure, desired: Bookmarks, Preferences, Extensions, Sessions, Extension settings, History Delete Directives, Device Info, User Consents, Send Tab To Self, Web Apps, History, Saved Tab Group, WebAuthn Credentials, Collection, Edge E Drop, Edge Hub App Usage, Edge Wallet, Encryption Keys; Allow fail: Passwords, Autofill Profiles, Autofill
2026-01-06 04:59:08.155: [INFO][Sync] Loading: Bookmarks
2026-01-06 04:59:08.155: [INFO][Sync] Loading: Preferences
2026-01-06 04:59:08.155: [INFO][Sync] Loading: Extensions
2026-01-06 04:59:08.155: [INFO][Sync] Loading: Sessions
2026-01-06 04:59:08.155: [INFO][Sync] Loading: Extension settings
2026-01-06 04:59:08.155: [INFO][Sync] Loading: History Delete Directives
2026-01-06 04:59:08.155: [INFO][Sync] Loading: Device Info
2026-01-06 04:59:08.155: [INFO][Sync] Loading: User Consents
2026-01-06 04:59:08.155: [INFO][Sync] Loading: Send Tab To Self
2026-01-06 04:59:08.155: [INFO][Sync] Loading: Web Apps
2026-01-06 04:59:08.155: [INFO][Sync] Loading: History
2026-01-06 04:59:08.155: [INFO][Sync] Loading: Saved Tab Group
2026-01-06 04:59:08.155: [INFO][Sync] Loading: WebAuthn Credentials
2026-01-06 04:59:08.155: [INFO][Sync] Loading: Collection
2026-01-06 04:59:08.155: [INFO][Sync] Loading: Edge E Drop
2026-01-06 04:59:08.155: [INFO][Sync] Loading: Edge Hub App Usage
2026-01-06 04:59:08.155: [INFO][Sync] Loading: Edge Wallet
2026-01-06 04:59:08.158: [INFO][Sync] All data types are ready for configure.
2026-01-06 04:59:08.627: [INFO][SyncEngineBackend::DoStartConfiguration] Start configuration
2026-01-06 04:59:08.627: [INFO][SyncManagerImpl::ConfigureSyncer] Types to download:  with reason: 4
2026-01-06 04:59:08.627: [INFO][SyncEngineBackend::DoFinishConfigureDataTypes] Failed to download types:  and succeeded types: 
2026-01-06 04:59:08.628: [INFO][Sync] Started DataTypeManager configuration, reason: 5
2026-01-06 04:59:08.628: [INFO][Sync] Configuring for: Bookmarks, Preferences, Passwords, Autofill Profiles, Autofill, Extensions, Sessions, Extension settings, History Delete Directives, Device Info, User Consents, Send Tab To Self, Web Apps, History, Saved Tab Group, WebAuthn Credentials, Collection, Edge E Drop, Edge Hub App Usage, Edge Wallet, Encryption Keys, reason: 5, current state: 1
2026-01-06 04:59:08.629: [INFO][Sync] ConfigurationDone, failed: , succeeded: , remaining count: 4
2026-01-06 04:59:08.629: [WARN][Sync]     Reconfigure requested while configuration ongoing.
2026-01-06 04:59:08.629: [INFO][Sync] Configuring for: Bookmarks, Preferences, Passwords, Autofill Profiles, Autofill, Extensions, Sessions, Extension settings, History Delete Directives, Device Info, User Consents, Send Tab To Self, Web Apps, History, Saved Tab Group, WebAuthn Credentials, Collection, Edge E Drop, Edge Hub App Usage, Edge Wallet, Encryption Keys, reason: 5, current state: 2
2026-01-06 04:59:08.629: [INFO][Sync] Configure, desired: Bookmarks, Preferences, Passwords, Autofill Profiles, Autofill, Extensions, Sessions, Extension settings, History Delete Directives, Device Info, User Consents, Send Tab To Self, Web Apps, History, Saved Tab Group, WebAuthn Credentials, Collection, Edge E Drop, Edge Hub App Usage, Edge Wallet, Encryption Keys; Allow fail: 
2026-01-06 04:59:08.629: [INFO][Sync] Loading: Passwords
2026-01-06 04:59:08.629: [INFO][Sync] Loading: Autofill Profiles
2026-01-06 04:59:08.629: [INFO][Sync] Loading: Autofill
2026-01-06 04:59:08.633: [INFO][Sync] All data types are ready for configure.
2026-01-06 04:59:08.633: [INFO][SyncManagerImpl::NudgeForInitialDownload] Initial download nudge for Passwords
2026-01-06 04:59:08.633: [INFO][SyncManagerImpl::ConfigureSyncer] Types to download:  with reason: 5
2026-01-06 04:59:08.633: [INFO][SyncEngineBackend::DoFinishConfigureDataTypes] Failed to download types:  and succeeded types: 
2026-01-06 04:59:08.634: [INFO][Sync] ConfigurationDone, failed: , succeeded: , remaining count: 4
2026-01-06 04:59:08.634: [INFO][Sync] Prepare to configure types: Passwords, Encryption Keys
2026-01-06 04:59:08.634: [INFO][SyncManagerImpl::ConfigureSyncer] Types to download: Passwords, Encryption Keys with reason: 5
2026-01-06 04:59:08.634: [INFO][SyncSchedulerImpl::DoConfigurationSyncCycleJob] Blocked types:  and types to download: Passwords, Encryption Keys
2026-01-06 04:59:08.823: [INFO][SyncEngineBackend::DoFinishConfigureDataTypes] Failed to download types:  and succeeded types: Passwords, Encryption Keys
2026-01-06 04:59:08.824: [INFO][Sync] ConfigurationDone, failed: , succeeded: Passwords, Encryption Keys, remaining count: 3
2026-01-06 04:59:08.824: [INFO][SyncManagerImpl::ConfigureSyncer] Types to download:  with reason: 5
2026-01-06 04:59:08.824: [INFO][SyncEngineBackend::DoFinishConfigureDataTypes] Failed to download types:  and succeeded types: 
2026-01-06 04:59:08.826: [INFO][Sync] ConfigurationDone, failed: , succeeded: , remaining count: 2
2026-01-06 04:59:08.826: [INFO][SyncManagerImpl::ConfigureSyncer] Types to download:  with reason: 5
2026-01-06 04:59:08.826: [INFO][SyncEngineBackend::DoFinishConfigureDataTypes] Failed to download types:  and succeeded types: 
2026-01-06 04:59:08.827: [INFO][Sync] ConfigurationDone, failed: , succeeded: , remaining count: 1
2026-01-06 04:59:08.828: [INFO][SyncManagerImpl::ConfigureSyncer] Types to download:  with reason: 5
2026-01-06 04:59:08.828: [INFO][SyncEngineBackend::DoFinishConfigureDataTypes] Failed to download types:  and succeeded types: 
2026-01-06 04:59:08.828: [INFO][Sync] ConfigurationDone, failed: , succeeded: , remaining count: 0
2026-01-06 04:59:08.828: [INFO][Sync]     Configuration completed, state: 7
2026-01-06 04:59:08.829: [INFO][Sync] Configured DataTypeManager: Ok
2026-01-06 04:59:08.830: [INFO][SyncEngineBackend::DoStartSyncing] Start syncing
2026-01-06 05:01:34.568: [INFO][Sync] Reset engine, reason: 0
2026-01-06 05:01:34.568: [INFO][Sync] Reset engine with reason: 0
2026-01-06 05:05:50.636: [INFO][Sync] SyncState after authenticated was: FeatureCanStart
2026-01-06 05:05:51.576: [INFO][SyncAuthManager::SetLastAuthError] Current auth error: None
2026-01-06 05:05:51.576: [INFO][SyncAuthManager::EdgeLogTokenErrorState] Token error with: None for account type: MSA
2026-01-06 05:05:51.576: [INFO][Sync] Credentials changed for: EdgeSyncKeyDataScope
2026-01-06 05:05:55.103: [INFO][Sync] Try to start sync engine
2026-01-06 05:05:55.128: [INFO][SyncManagerImpl::NudgeForInitialDownload] Initial download nudge for Encryption Keys
2026-01-06 05:05:55.128: [INFO][SyncEngineBackend::LoadAndConnectNigoriController] Load and connect Nigori controller
2026-01-06 05:05:55.128: [INFO][SyncEngineBackend::DoInitialize] Control Types added: Encryption Keys
2026-01-06 05:05:55.128: [INFO][SyncManagerImpl::ConfigureSyncer] Types to download: Encryption Keys with reason: 3
2026-01-06 05:05:55.129: [INFO][SyncEngineBackend::DoUpdateKeyDataCredentials] Update key data credentials
2026-01-06 05:05:55.129: [INFO][SyncSchedulerImpl::DoConfigurationSyncCycleJob] Configure job was blocked
2026-01-06 05:05:55.144: [INFO][SyncAuthManager::SetLastAuthError] Current auth error: None
2026-01-06 05:05:55.144: [INFO][SyncAuthManager::EdgeLogTokenErrorState] Token error with: None for account type: MSA
2026-01-06 05:05:55.144: [INFO][Sync] Credentials changed for: EdgeSyncScopeNew
2026-01-06 05:05:55.144: [INFO][SyncEngineBackend::DoUpdateCredentials] Update credentials
2026-01-06 05:05:55.144: [INFO][SyncSchedulerImpl::DoConfigurationSyncCycleJob] Blocked types:  and types to download: Encryption Keys
2026-01-06 05:05:55.673: [INFO][SyncEngineBackend::DoUpdateKeyDataCredentials] Update key data credentials
2026-01-06 05:05:55.676: [INFO][Sync] Started DataTypeManager configuration, reason: 4
2026-01-06 05:05:55.676: [INFO][Sync] Configuring for: Bookmarks, Preferences, Passwords, Autofill Profiles, Autofill, Extensions, Sessions, Extension settings, History Delete Directives, Device Info, User Consents, Send Tab To Self, Web Apps, History, Saved Tab Group, WebAuthn Credentials, Collection, Edge E Drop, Edge Hub App Usage, Edge Wallet, Encryption Keys, reason: 4, current state: 0
2026-01-06 05:05:55.676: [WARN][Sync] Crypto error data types: Passwords, Autofill Profiles, Autofill
2026-01-06 05:05:55.677: [INFO][Sync] Configure, desired: Bookmarks, Preferences, Extensions, Sessions, Extension settings, History Delete Directives, Device Info, User Consents, Send Tab To Self, Web Apps, History, Saved Tab Group, WebAuthn Credentials, Collection, Edge E Drop, Edge Hub App Usage, Edge Wallet, Encryption Keys; Allow fail: Passwords, Autofill Profiles, Autofill
2026-01-06 05:05:55.677: [INFO][Sync] Loading: Bookmarks
2026-01-06 05:05:55.677: [INFO][Sync] Loading: Preferences
2026-01-06 05:05:55.677: [INFO][Sync] Loading: Extensions
2026-01-06 05:05:55.677: [INFO][Sync] Loading: Sessions
2026-01-06 05:05:55.677: [INFO][Sync] Loading: Extension settings
2026-01-06 05:05:55.677: [INFO][Sync] Loading: History Delete Directives
2026-01-06 05:05:55.677: [INFO][Sync] Loading: Device Info
2026-01-06 05:05:55.677: [INFO][Sync] Loading: User Consents
2026-01-06 05:05:55.677: [INFO][Sync] Loading: Send Tab To Self
2026-01-06 05:05:55.677: [INFO][Sync] Loading: Web Apps
2026-01-06 05:05:55.677: [INFO][Sync] Loading: History
2026-01-06 05:05:55.677: [INFO][Sync] Loading: Saved Tab Group
2026-01-06 05:05:55.677: [INFO][Sync] Loading: WebAuthn Credentials
2026-01-06 05:05:55.677: [INFO][Sync] Loading: Collection
2026-01-06 05:05:55.677: [INFO][Sync] Loading: Edge E Drop
2026-01-06 05:05:55.677: [INFO][Sync] Loading: Edge Hub App Usage
2026-01-06 05:05:55.677: [INFO][Sync] Loading: Edge Wallet
2026-01-06 05:05:55.681: [INFO][Sync] All data types are ready for configure.
2026-01-06 05:05:56.234: [INFO][SyncEngineBackend::DoStartConfiguration] Start configuration
2026-01-06 05:05:56.234: [INFO][SyncManagerImpl::ConfigureSyncer] Types to download:  with reason: 4
2026-01-06 05:05:56.234: [INFO][SyncEngineBackend::DoFinishConfigureDataTypes] Failed to download types:  and succeeded types: 
2026-01-06 05:05:56.234: [INFO][Sync] Started DataTypeManager configuration, reason: 5
2026-01-06 05:05:56.234: [INFO][Sync] Configuring for: Bookmarks, Preferences, Passwords, Autofill Profiles, Autofill, Extensions, Sessions, Extension settings, History Delete Directives, Device Info, User Consents, Send Tab To Self, Web Apps, History, Saved Tab Group, WebAuthn Credentials, Collection, Edge E Drop, Edge Hub App Usage, Edge Wallet, Encryption Keys, reason: 5, current state: 1
2026-01-06 05:05:56.235: [INFO][Sync] ConfigurationDone, failed: , succeeded: , remaining count: 4
2026-01-06 05:05:56.235: [WARN][Sync]     Reconfigure requested while configuration ongoing.
2026-01-06 05:05:56.235: [INFO][Sync] Configuring for: Bookmarks, Preferences, Passwords, Autofill Profiles, Autofill, Extensions, Sessions, Extension settings, History Delete Directives, Device Info, User Consents, Send Tab To Self, Web Apps, History, Saved Tab Group, WebAuthn Credentials, Collection, Edge E Drop, Edge Hub App Usage, Edge Wallet, Encryption Keys, reason: 5, current state: 2
2026-01-06 05:05:56.235: [INFO][Sync] Configure, desired: Bookmarks, Preferences, Passwords, Autofill Profiles, Autofill, Extensions, Sessions, Extension settings, History Delete Directives, Device Info, User Consents, Send Tab To Self, Web Apps, History, Saved Tab Group, WebAuthn Credentials, Collection, Edge E Drop, Edge Hub App Usage, Edge Wallet, Encryption Keys; Allow fail: 
2026-01-06 05:05:56.235: [INFO][Sync] Loading: Passwords
2026-01-06 05:05:56.235: [INFO][Sync] Loading: Autofill Profiles
2026-01-06 05:05:56.235: [INFO][Sync] Loading: Autofill
2026-01-06 05:05:56.235: [INFO][Sync] All data types are ready for configure.
2026-01-06 05:05:56.235: [INFO][SyncManagerImpl::NudgeForInitialDownload] Initial download nudge for Passwords
2026-01-06 05:05:56.235: [INFO][SyncManagerImpl::ConfigureSyncer] Types to download:  with reason: 5
2026-01-06 05:05:56.235: [INFO][SyncEngineBackend::DoFinishConfigureDataTypes] Failed to download types:  and succeeded types: 
2026-01-06 05:05:56.235: [INFO][Sync] ConfigurationDone, failed: , succeeded: , remaining count: 4
2026-01-06 05:05:56.235: [INFO][Sync] Prepare to configure types: Passwords, Encryption Keys
2026-01-06 05:05:56.236: [INFO][SyncManagerImpl::ConfigureSyncer] Types to download: Passwords, Encryption Keys with reason: 5
2026-01-06 05:05:56.236: [INFO][SyncSchedulerImpl::DoConfigurationSyncCycleJob] Blocked types:  and types to download: Passwords, Encryption Keys
2026-01-06 05:05:56.420: [INFO][SyncEngineBackend::DoFinishConfigureDataTypes] Failed to download types:  and succeeded types: Passwords, Encryption Keys
2026-01-06 05:05:56.421: [INFO][Sync] ConfigurationDone, failed: , succeeded: Passwords, Encryption Keys, remaining count: 3
2026-01-06 05:05:56.421: [INFO][SyncManagerImpl::ConfigureSyncer] Types to download:  with reason: 5
2026-01-06 05:05:56.421: [INFO][SyncEngineBackend::DoFinishConfigureDataTypes] Failed to download types:  and succeeded types: 
2026-01-06 05:05:56.421: [INFO][Sync] ConfigurationDone, failed: , succeeded: , remaining count: 2
2026-01-06 05:05:56.421: [INFO][SyncManagerImpl::ConfigureSyncer] Types to download:  with reason: 5
2026-01-06 05:05:56.421: [INFO][SyncEngineBackend::DoFinishConfigureDataTypes] Failed to download types:  and succeeded types: 
2026-01-06 05:05:56.424: [INFO][Sync] ConfigurationDone, failed: , succeeded: , remaining count: 1
2026-01-06 05:05:56.425: [INFO][SyncManagerImpl::ConfigureSyncer] Types to download:  with reason: 5
2026-01-06 05:05:56.425: [INFO][SyncEngineBackend::DoFinishConfigureDataTypes] Failed to download types:  and succeeded types: 
2026-01-06 05:05:56.425: [INFO][Sync] ConfigurationDone, failed: , succeeded: , remaining count: 0
2026-01-06 05:05:56.425: [INFO][Sync]     Configuration completed, state: 7
2026-01-06 05:05:56.425: [INFO][Sync] Configured DataTypeManager: Ok
2026-01-06 05:05:56.427: [INFO][SyncEngineBackend::DoStartSyncing] Start syncing
2026-01-06 05:06:10.023: [INFO][Sync] Reset engine, reason: 0
2026-01-06 05:06:10.023: [INFO][Sync] Reset engine with reason: 0
2026-01-06 05:20:13.916: [INFO][Sync] SyncState after authenticated was: FeatureCanStart
2026-01-06 05:20:15.541: [INFO][SyncAuthManager::SetLastAuthError] Current auth error: None
2026-01-06 05:20:15.541: [INFO][SyncAuthManager::EdgeLogTokenErrorState] Token error with: None for account type: MSA
2026-01-06 05:20:15.541: [INFO][Sync] Credentials changed for: EdgeSyncKeyDataScope
2026-01-06 05:20:19.089: [INFO][Sync] Try to start sync engine
2026-01-06 05:20:19.151: [INFO][SyncManagerImpl::NudgeForInitialDownload] Initial download nudge for Encryption Keys
2026-01-06 05:20:19.151: [INFO][SyncEngineBackend::LoadAndConnectNigoriController] Load and connect Nigori controller
2026-01-06 05:20:19.151: [INFO][SyncEngineBackend::DoInitialize] Control Types added: Encryption Keys
2026-01-06 05:20:19.151: [INFO][SyncManagerImpl::ConfigureSyncer] Types to download: Encryption Keys with reason: 3
2026-01-06 05:20:19.151: [INFO][SyncEngineBackend::DoUpdateKeyDataCredentials] Update key data credentials
2026-01-06 05:20:19.151: [INFO][SyncSchedulerImpl::DoConfigurationSyncCycleJob] Configure job was blocked
2026-01-06 05:20:19.167: [INFO][SyncAuthManager::SetLastAuthError] Current auth error: None
2026-01-06 05:20:19.167: [INFO][SyncAuthManager::EdgeLogTokenErrorState] Token error with: None for account type: MSA
2026-01-06 05:20:19.167: [INFO][Sync] Credentials changed for: EdgeSyncScopeNew
2026-01-06 05:20:19.167: [INFO][SyncEngineBackend::DoUpdateCredentials] Update credentials
2026-01-06 05:20:19.167: [INFO][SyncSchedulerImpl::DoConfigurationSyncCycleJob] Blocked types:  and types to download: Encryption Keys
2026-01-06 05:20:19.780: [INFO][SyncEngineBackend::DoUpdateKeyDataCredentials] Update key data credentials
2026-01-06 05:20:19.783: [INFO][Sync] Started DataTypeManager configuration, reason: 4
2026-01-06 05:20:19.783: [INFO][Sync] Configuring for: Bookmarks, Preferences, Passwords, Autofill Profiles, Autofill, Extensions, Sessions, Extension settings, History Delete Directives, Device Info, User Consents, Send Tab To Self, Web Apps, History, Saved Tab Group, WebAuthn Credentials, Collection, Edge E Drop, Edge Hub App Usage, Edge Wallet, Encryption Keys, reason: 4, current state: 0
2026-01-06 05:20:19.783: [WARN][Sync] Crypto error data types: Passwords, Autofill Profiles, Autofill
2026-01-06 05:20:19.784: [INFO][Sync] Configure, desired: Bookmarks, Preferences, Extensions, Sessions, Extension settings, History Delete Directives, Device Info, User Consents, Send Tab To Self, Web Apps, History, Saved Tab Group, WebAuthn Credentials, Collection, Edge E Drop, Edge Hub App Usage, Edge Wallet, Encryption Keys; Allow fail: Passwords, Autofill Profiles, Autofill
2026-01-06 05:20:19.784: [INFO][Sync] Loading: Bookmarks
2026-01-06 05:20:19.784: [INFO][Sync] Loading: Preferences
2026-01-06 05:20:19.784: [INFO][Sync] Loading: Extensions
2026-01-06 05:20:19.784: [INFO][Sync] Loading: Sessions
2026-01-06 05:20:19.784: [INFO][Sync] Loading: Extension settings
2026-01-06 05:20:19.784: [INFO][Sync] Loading: History Delete Directives
2026-01-06 05:20:19.784: [INFO][Sync] Loading: Device Info
2026-01-06 05:20:19.784: [INFO][Sync] Loading: User Consents
2026-01-06 05:20:19.784: [INFO][Sync] Loading: Send Tab To Self
2026-01-06 05:20:19.784: [INFO][Sync] Loading: Web Apps
2026-01-06 05:20:19.784: [INFO][Sync] Loading: History
2026-01-06 05:20:19.784: [INFO][Sync] Loading: Saved Tab Group
2026-01-06 05:20:19.784: [INFO][Sync] Loading: WebAuthn Credentials
2026-01-06 05:20:19.784: [INFO][Sync] Loading: Collection
2026-01-06 05:20:19.784: [INFO][Sync] Loading: Edge E Drop
2026-01-06 05:20:19.784: [INFO][Sync] Loading: Edge Hub App Usage
2026-01-06 05:20:19.784: [INFO][Sync] Loading: Edge Wallet
2026-01-06 05:20:19.786: [INFO][Sync] All data types are ready for configure.
2026-01-06 05:20:20.703: [INFO][Sync] Started DataTypeManager configuration, reason: 5
2026-01-06 05:20:20.703: [INFO][Sync] Configuring for: Bookmarks, Preferences, Passwords, Autofill Profiles, Autofill, Extensions, Sessions, Extension settings, History Delete Directives, Device Info, User Consents, Send Tab To Self, Web Apps, History, Saved Tab Group, WebAuthn Credentials, Collection, Edge E Drop, Edge Hub App Usage, Edge Wallet, Encryption Keys, reason: 5, current state: 1
2026-01-06 05:20:20.704: [INFO][SyncEngineBackend::DoStartConfiguration] Start configuration
2026-01-06 05:20:20.704: [INFO][SyncManagerImpl::ConfigureSyncer] Types to download:  with reason: 4
2026-01-06 05:20:20.704: [INFO][SyncEngineBackend::DoFinishConfigureDataTypes] Failed to download types:  and succeeded types: 
2026-01-06 05:20:20.704: [INFO][Sync] ConfigurationDone, failed: , succeeded: , remaining count: 4
2026-01-06 05:20:20.704: [WARN][Sync]     Reconfigure requested while configuration ongoing.
2026-01-06 05:20:20.704: [INFO][Sync] Configuring for: Bookmarks, Preferences, Passwords, Autofill Profiles, Autofill, Extensions, Sessions, Extension settings, History Delete Directives, Device Info, User Consents, Send Tab To Self, Web Apps, History, Saved Tab Group, WebAuthn Credentials, Collection, Edge E Drop, Edge Hub App Usage, Edge Wallet, Encryption Keys, reason: 5, current state: 2
2026-01-06 05:20:20.704: [INFO][Sync] Configure, desired: Bookmarks, Preferences, Passwords, Autofill Profiles, Autofill, Extensions, Sessions, Extension settings, History Delete Directives, Device Info, User Consents, Send Tab To Self, Web Apps, History, Saved Tab Group, WebAuthn Credentials, Collection, Edge E Drop, Edge Hub App Usage, Edge Wallet, Encryption Keys; Allow fail: 
2026-01-06 05:20:20.704: [INFO][Sync] Loading: Passwords
2026-01-06 05:20:20.704: [INFO][Sync] Loading: Autofill Profiles
2026-01-06 05:20:20.704: [INFO][Sync] Loading: Autofill
2026-01-06 05:20:20.704: [INFO][Sync] All data types are ready for configure.
2026-01-06 05:20:20.704: [INFO][SyncManagerImpl::NudgeForInitialDownload] Initial download nudge for Passwords
2026-01-06 05:20:20.704: [INFO][SyncManagerImpl::ConfigureSyncer] Types to download:  with reason: 5
2026-01-06 05:20:20.704: [INFO][SyncEngineBackend::DoFinishConfigureDataTypes] Failed to download types:  and succeeded types: 
2026-01-06 05:20:20.704: [INFO][Sync] ConfigurationDone, failed: , succeeded: , remaining count: 4
2026-01-06 05:20:20.704: [INFO][Sync] Prepare to configure types: Passwords, Encryption Keys
2026-01-06 05:20:20.704: [INFO][SyncManagerImpl::ConfigureSyncer] Types to download: Passwords, Encryption Keys with reason: 5
2026-01-06 05:20:20.704: [INFO][SyncSchedulerImpl::DoConfigurationSyncCycleJob] Blocked types:  and types to download: Passwords, Encryption Keys
2026-01-06 05:20:21.083: [INFO][SyncEngineBackend::DoFinishConfigureDataTypes] Failed to download types:  and succeeded types: Passwords, Encryption Keys
2026-01-06 05:20:21.084: [INFO][Sync] ConfigurationDone, failed: , succeeded: Passwords, Encryption Keys, remaining count: 3
2026-01-06 05:20:21.084: [INFO][SyncManagerImpl::ConfigureSyncer] Types to download:  with reason: 5
2026-01-06 05:20:21.084: [INFO][SyncEngineBackend::DoFinishConfigureDataTypes] Failed to download types:  and succeeded types: 
2026-01-06 05:20:21.084: [INFO][Sync] ConfigurationDone, failed: , succeeded: , remaining count: 2
2026-01-06 05:20:21.084: [INFO][SyncManagerImpl::ConfigureSyncer] Types to download:  with reason: 5
2026-01-06 05:20:21.084: [INFO][SyncEngineBackend::DoFinishConfigureDataTypes] Failed to download types:  and succeeded types: 
2026-01-06 05:20:21.086: [INFO][Sync] ConfigurationDone, failed: , succeeded: , remaining count: 1
2026-01-06 05:20:21.087: [INFO][SyncManagerImpl::ConfigureSyncer] Types to download:  with reason: 5
2026-01-06 05:20:21.087: [INFO][SyncEngineBackend::DoFinishConfigureDataTypes] Failed to download types:  and succeeded types: 
2026-01-06 05:20:21.088: [INFO][Sync] ConfigurationDone, failed: , succeeded: , remaining count: 0
2026-01-06 05:20:21.089: [INFO][Sync]     Configuration completed, state: 7
2026-01-06 05:20:21.089: [INFO][Sync] Configured DataTypeManager: Ok
2026-01-06 05:20:21.090: [INFO][SyncEngineBackend::DoStartSyncing] Start syncing
2026-01-06 05:21:01.386: [INFO][Sync] Reset engine, reason: 0
2026-01-06 05:21:01.386: [INFO][Sync] Reset engine with reason: 0
2026-01-06 05:40:59.558: [INFO][Sync] SyncState after authenticated was: FeatureCanStart
2026-01-06 05:41:01.051: [INFO][SyncAuthManager::SetLastAuthError] Current auth error: None
2026-01-06 05:41:01.051: [INFO][SyncAuthManager::EdgeLogTokenErrorState] Token error with: None for account type: MSA
2026-01-06 05:41:01.051: [INFO][Sync] Credentials changed for: EdgeSyncKeyDataScope
2026-01-06 05:41:04.778: [INFO][Sync] Try to start sync engine
2026-01-06 05:41:04.845: [INFO][SyncManagerImpl::NudgeForInitialDownload] Initial download nudge for Encryption Keys
2026-01-06 05:41:04.845: [INFO][SyncEngineBackend::LoadAndConnectNigoriController] Load and connect Nigori controller
2026-01-06 05:41:04.845: [INFO][SyncEngineBackend::DoInitialize] Control Types added: Encryption Keys
2026-01-06 05:41:04.845: [INFO][SyncManagerImpl::ConfigureSyncer] Types to download: Encryption Keys with reason: 3
2026-01-06 05:41:04.845: [INFO][SyncEngineBackend::DoUpdateKeyDataCredentials] Update key data credentials
2026-01-06 05:41:04.845: [INFO][SyncSchedulerImpl::DoConfigurationSyncCycleJob] Configure job was blocked
2026-01-06 05:41:04.862: [INFO][SyncAuthManager::SetLastAuthError] Current auth error: None
2026-01-06 05:41:04.862: [INFO][SyncAuthManager::EdgeLogTokenErrorState] Token error with: None for account type: MSA
2026-01-06 05:41:04.862: [INFO][Sync] Credentials changed for: EdgeSyncScopeNew
2026-01-06 05:41:04.862: [INFO][SyncEngineBackend::DoUpdateCredentials] Update credentials
2026-01-06 05:41:04.862: [INFO][SyncSchedulerImpl::DoConfigurationSyncCycleJob] Blocked types:  and types to download: Encryption Keys
2026-01-06 05:41:05.506: [INFO][SyncEngineBackend::DoUpdateKeyDataCredentials] Update key data credentials
2026-01-06 05:41:05.509: [INFO][Sync] Started DataTypeManager configuration, reason: 4
2026-01-06 05:41:05.509: [INFO][Sync] Configuring for: Bookmarks, Preferences, Passwords, Autofill Profiles, Autofill, Extensions, Sessions, Extension settings, History Delete Directives, Device Info, User Consents, Send Tab To Self, Web Apps, History, Saved Tab Group, WebAuthn Credentials, Collection, Edge E Drop, Edge Hub App Usage, Edge Wallet, Encryption Keys, reason: 4, current state: 0
2026-01-06 05:41:05.509: [WARN][Sync] Crypto error data types: Passwords, Autofill Profiles, Autofill
2026-01-06 05:41:05.510: [INFO][Sync] Configure, desired: Bookmarks, Preferences, Extensions, Sessions, Extension settings, History Delete Directives, Device Info, User Consents, Send Tab To Self, Web Apps, History, Saved Tab Group, WebAuthn Credentials, Collection, Edge E Drop, Edge Hub App Usage, Edge Wallet, Encryption Keys; Allow fail: Passwords, Autofill Profiles, Autofill
2026-01-06 05:41:05.510: [INFO][Sync] Loading: Bookmarks
2026-01-06 05:41:05.510: [INFO][Sync] Loading: Preferences
2026-01-06 05:41:05.510: [INFO][Sync] Loading: Extensions
2026-01-06 05:41:05.510: [INFO][Sync] Loading: Sessions
2026-01-06 05:41:05.510: [INFO][Sync] Loading: Extension settings
2026-01-06 05:41:05.510: [INFO][Sync] Loading: History Delete Directives
2026-01-06 05:41:05.510: [INFO][Sync] Loading: Device Info
2026-01-06 05:41:05.510: [INFO][Sync] Loading: User Consents
2026-01-06 05:41:05.510: [INFO][Sync] Loading: Send Tab To Self
2026-01-06 05:41:05.510: [INFO][Sync] Loading: Web Apps
2026-01-06 05:41:05.510: [INFO][Sync] Loading: History
2026-01-06 05:41:05.510: [INFO][Sync] Loading: Saved Tab Group
2026-01-06 05:41:05.510: [INFO][Sync] Loading: WebAuthn Credentials
2026-01-06 05:41:05.510: [INFO][Sync] Loading: Collection
2026-01-06 05:41:05.510: [INFO][Sync] Loading: Edge E Drop
2026-01-06 05:41:05.510: [INFO][Sync] Loading: Edge Hub App Usage
2026-01-06 05:41:05.510: [INFO][Sync] Loading: Edge Wallet
2026-01-06 05:41:05.514: [INFO][Sync] All data types are ready for configure.
2026-01-06 05:41:06.110: [INFO][Sync] Started DataTypeManager configuration, reason: 5
2026-01-06 05:41:06.110: [INFO][Sync] Configuring for: Bookmarks, Preferences, Passwords, Autofill Profiles, Autofill, Extensions, Sessions, Extension settings, History Delete Directives, Device Info, User Consents, Send Tab To Self, Web Apps, History, Saved Tab Group, WebAuthn Credentials, Collection, Edge E Drop, Edge Hub App Usage, Edge Wallet, Encryption Keys, reason: 5, current state: 1
2026-01-06 05:41:06.110: [INFO][SyncEngineBackend::DoStartConfiguration] Start configuration
2026-01-06 05:41:06.110: [INFO][SyncManagerImpl::ConfigureSyncer] Types to download:  with reason: 4
2026-01-06 05:41:06.110: [INFO][SyncEngineBackend::DoFinishConfigureDataTypes] Failed to download types:  and succeeded types: 
2026-01-06 05:41:06.111: [INFO][Sync] ConfigurationDone, failed: , succeeded: , remaining count: 4
2026-01-06 05:41:06.111: [WARN][Sync]     Reconfigure requested while configuration ongoing.
2026-01-06 05:41:06.111: [INFO][Sync] Configuring for: Bookmarks, Preferences, Passwords, Autofill Profiles, Autofill, Extensions, Sessions, Extension settings, History Delete Directives, Device Info, User Consents, Send Tab To Self, Web Apps, History, Saved Tab Group, WebAuthn Credentials, Collection, Edge E Drop, Edge Hub App Usage, Edge Wallet, Encryption Keys, reason: 5, current state: 2
2026-01-06 05:41:06.111: [INFO][Sync] Configure, desired: Bookmarks, Preferences, Passwords, Autofill Profiles, Autofill, Extensions, Sessions, Extension settings, History Delete Directives, Device Info, User Consents, Send Tab To Self, Web Apps, History, Saved Tab Group, WebAuthn Credentials, Collection, Edge E Drop, Edge Hub App Usage, Edge Wallet, Encryption Keys; Allow fail: 
2026-01-06 05:41:06.111: [INFO][Sync] Loading: Passwords
2026-01-06 05:41:06.111: [INFO][Sync] Loading: Autofill Profiles
2026-01-06 05:41:06.111: [INFO][Sync] Loading: Autofill
2026-01-06 05:41:06.112: [INFO][Sync] All data types are ready for configure.
2026-01-06 05:41:06.112: [INFO][SyncManagerImpl::NudgeForInitialDownload] Initial download nudge for Passwords
2026-01-06 05:41:06.112: [INFO][SyncManagerImpl::ConfigureSyncer] Types to download:  with reason: 5
2026-01-06 05:41:06.112: [INFO][SyncEngineBackend::DoFinishConfigureDataTypes] Failed to download types:  and succeeded types: 
2026-01-06 05:41:06.112: [INFO][Sync] ConfigurationDone, failed: , succeeded: , remaining count: 4
2026-01-06 05:41:06.112: [INFO][Sync] Prepare to configure types: Passwords, Encryption Keys
2026-01-06 05:41:06.112: [INFO][SyncManagerImpl::ConfigureSyncer] Types to download: Passwords, Encryption Keys with reason: 5
2026-01-06 05:41:06.112: [INFO][SyncSchedulerImpl::DoConfigurationSyncCycleJob] Blocked types:  and types to download: Passwords, Encryption Keys
2026-01-06 05:41:06.419: [INFO][SyncEngineBackend::DoFinishConfigureDataTypes] Failed to download types:  and succeeded types: Passwords, Encryption Keys
2026-01-06 05:41:06.420: [INFO][Sync] ConfigurationDone, failed: , succeeded: Passwords, Encryption Keys, remaining count: 3
2026-01-06 05:41:06.420: [INFO][SyncManagerImpl::ConfigureSyncer] Types to download:  with reason: 5
2026-01-06 05:41:06.420: [INFO][SyncEngineBackend::DoFinishConfigureDataTypes] Failed to download types:  and succeeded types: 
2026-01-06 05:41:06.420: [INFO][Sync] ConfigurationDone, failed: , succeeded: , remaining count: 2
2026-01-06 05:41:06.420: [INFO][SyncManagerImpl::ConfigureSyncer] Types to download:  with reason: 5
2026-01-06 05:41:06.420: [INFO][SyncEngineBackend::DoFinishConfigureDataTypes] Failed to download types:  and succeeded types: 
2026-01-06 05:41:06.422: [INFO][Sync] ConfigurationDone, failed: , succeeded: , remaining count: 1
2026-01-06 05:41:06.423: [INFO][SyncManagerImpl::ConfigureSyncer] Types to download:  with reason: 5
2026-01-06 05:41:06.423: [INFO][SyncEngineBackend::DoFinishConfigureDataTypes] Failed to download types:  and succeeded types: 
2026-01-06 05:41:06.424: [INFO][Sync] ConfigurationDone, failed: , succeeded: , remaining count: 0
2026-01-06 05:41:06.425: [INFO][Sync]     Configuration completed, state: 7
2026-01-06 05:41:06.425: [INFO][Sync] Configured DataTypeManager: Ok
2026-01-06 05:41:06.427: [INFO][SyncEngineBackend::DoStartSyncing] Start syncing
2026-01-06 05:41:33.860: [INFO][Sync] Reset engine, reason: 0
2026-01-06 05:41:33.860: [INFO][Sync] Reset engine with reason: 0
2026-01-06 05:55:31.723: [INFO][Sync] SyncState after authenticated was: FeatureCanStart
2026-01-06 05:55:33.085: [INFO][SyncAuthManager::SetLastAuthError] Current auth error: None
2026-01-06 05:55:33.085: [INFO][SyncAuthManager::EdgeLogTokenErrorState] Token error with: None for account type: MSA
2026-01-06 05:55:33.085: [INFO][Sync] Credentials changed for: EdgeSyncKeyDataScope
2026-01-06 05:55:37.136: [INFO][Sync] Try to start sync engine
2026-01-06 05:55:37.137: [INFO][SyncManagerImpl::NudgeForInitialDownload] Initial download nudge for Encryption Keys
2026-01-06 05:55:37.137: [INFO][SyncEngineBackend::LoadAndConnectNigoriController] Load and connect Nigori controller
2026-01-06 05:55:37.137: [INFO][SyncEngineBackend::DoInitialize] Control Types added: Encryption Keys
2026-01-06 05:55:37.137: [INFO][SyncManagerImpl::ConfigureSyncer] Types to download: Encryption Keys with reason: 3
2026-01-06 05:55:37.137: [INFO][SyncEngineBackend::DoUpdateKeyDataCredentials] Update key data credentials
2026-01-06 05:55:37.137: [INFO][SyncSchedulerImpl::DoConfigurationSyncCycleJob] Configure job was blocked
2026-01-06 05:55:37.175: [INFO][SyncAuthManager::SetLastAuthError] Current auth error: None
2026-01-06 05:55:37.175: [INFO][SyncAuthManager::EdgeLogTokenErrorState] Token error with: None for account type: MSA
2026-01-06 05:55:37.175: [INFO][Sync] Credentials changed for: EdgeSyncScopeNew
2026-01-06 05:55:37.175: [INFO][SyncEngineBackend::DoUpdateCredentials] Update credentials
2026-01-06 05:55:37.175: [INFO][SyncSchedulerImpl::DoConfigurationSyncCycleJob] Blocked types:  and types to download: Encryption Keys
2026-01-06 05:55:38.026: [INFO][SyncEngineBackend::DoUpdateKeyDataCredentials] Update key data credentials
2026-01-06 05:55:38.033: [INFO][Sync] Started DataTypeManager configuration, reason: 4
2026-01-06 05:55:38.033: [INFO][Sync] Configuring for: Bookmarks, Preferences, Passwords, Autofill Profiles, Autofill, Extensions, Sessions, Extension settings, History Delete Directives, Device Info, User Consents, Send Tab To Self, Web Apps, History, Saved Tab Group, WebAuthn Credentials, Collection, Edge E Drop, Edge Hub App Usage, Edge Wallet, Encryption Keys, reason: 4, current state: 0
2026-01-06 05:55:38.033: [WARN][Sync] Crypto error data types: Passwords, Autofill Profiles, Autofill
2026-01-06 05:55:38.035: [INFO][Sync] Configure, desired: Bookmarks, Preferences, Extensions, Sessions, Extension settings, History Delete Directives, Device Info, User Consents, Send Tab To Self, Web Apps, History, Saved Tab Group, WebAuthn Credentials, Collection, Edge E Drop, Edge Hub App Usage, Edge Wallet, Encryption Keys; Allow fail: Passwords, Autofill Profiles, Autofill
2026-01-06 05:55:38.036: [INFO][Sync] Loading: Bookmarks
2026-01-06 05:55:38.036: [INFO][Sync] Loading: Preferences
2026-01-06 05:55:38.036: [INFO][Sync] Loading: Extensions
2026-01-06 05:55:38.036: [INFO][Sync] Loading: Sessions
2026-01-06 05:55:38.036: [INFO][Sync] Loading: Extension settings
2026-01-06 05:55:38.036: [INFO][Sync] Loading: History Delete Directives
2026-01-06 05:55:38.036: [INFO][Sync] Loading: Device Info
2026-01-06 05:55:38.036: [INFO][Sync] Loading: User Consents
2026-01-06 05:55:38.036: [INFO][Sync] Loading: Send Tab To Self
2026-01-06 05:55:38.036: [INFO][Sync] Loading: Web Apps
2026-01-06 05:55:38.036: [INFO][Sync] Loading: History
2026-01-06 05:55:38.036: [INFO][Sync] Loading: Saved Tab Group
2026-01-06 05:55:38.036: [INFO][Sync] Loading: WebAuthn Credentials
2026-01-06 05:55:38.036: [INFO][Sync] Loading: Collection
2026-01-06 05:55:38.036: [INFO][Sync] Loading: Edge E Drop
2026-01-06 05:55:38.036: [INFO][Sync] Loading: Edge Hub App Usage
2026-01-06 05:55:38.036: [INFO][Sync] Loading: Edge Wallet
2026-01-06 05:55:38.041: [INFO][Sync] All data types are ready for configure.
2026-01-06 05:55:39.064: [INFO][Sync] Started DataTypeManager configuration, reason: 5
2026-01-06 05:55:39.064: [INFO][Sync] Configuring for: Bookmarks, Preferences, Passwords, Autofill Profiles, Autofill, Extensions, Sessions, Extension settings, History Delete Directives, Device Info, User Consents, Send Tab To Self, Web Apps, History, Saved Tab Group, WebAuthn Credentials, Collection, Edge E Drop, Edge Hub App Usage, Edge Wallet, Encryption Keys, reason: 5, current state: 1
2026-01-06 05:55:39.064: [INFO][SyncEngineBackend::DoStartConfiguration] Start configuration
2026-01-06 05:55:39.065: [INFO][SyncManagerImpl::ConfigureSyncer] Types to download:  with reason: 4
2026-01-06 05:55:39.065: [INFO][SyncEngineBackend::DoFinishConfigureDataTypes] Failed to download types:  and succeeded types: 
2026-01-06 05:55:39.066: [INFO][Sync] ConfigurationDone, failed: , succeeded: , remaining count: 4
2026-01-06 05:55:39.066: [WARN][Sync]     Reconfigure requested while configuration ongoing.
2026-01-06 05:55:39.066: [INFO][Sync] Configuring for: Bookmarks, Preferences, Passwords, Autofill Profiles, Autofill, Extensions, Sessions, Extension settings, History Delete Directives, Device Info, User Consents, Send Tab To Self, Web Apps, History, Saved Tab Group, WebAuthn Credentials, Collection, Edge E Drop, Edge Hub App Usage, Edge Wallet, Encryption Keys, reason: 5, current state: 2
2026-01-06 05:55:39.066: [INFO][Sync] Configure, desired: Bookmarks, Preferences, Passwords, Autofill Profiles, Autofill, Extensions, Sessions, Extension settings, History Delete Directives, Device Info, User Consents, Send Tab To Self, Web Apps, History, Saved Tab Group, WebAuthn Credentials, Collection, Edge E Drop, Edge Hub App Usage, Edge Wallet, Encryption Keys; Allow fail: 
2026-01-06 05:55:39.066: [INFO][Sync] Loading: Passwords
2026-01-06 05:55:39.066: [INFO][Sync] Loading: Autofill Profiles
2026-01-06 05:55:39.066: [INFO][Sync] Loading: Autofill
2026-01-06 05:55:39.069: [INFO][Sync] All data types are ready for configure.
2026-01-06 05:55:39.069: [INFO][SyncManagerImpl::NudgeForInitialDownload] Initial download nudge for Passwords
2026-01-06 05:55:39.069: [INFO][SyncManagerImpl::ConfigureSyncer] Types to download:  with reason: 5
2026-01-06 05:55:39.069: [INFO][SyncEngineBackend::DoFinishConfigureDataTypes] Failed to download types:  and succeeded types: 
2026-01-06 05:55:39.069: [INFO][Sync] ConfigurationDone, failed: , succeeded: , remaining count: 4
2026-01-06 05:55:39.069: [INFO][Sync] Prepare to configure types: Passwords, Encryption Keys
2026-01-06 05:55:39.069: [INFO][SyncManagerImpl::ConfigureSyncer] Types to download: Passwords, Encryption Keys with reason: 5
2026-01-06 05:55:39.069: [INFO][SyncSchedulerImpl::DoConfigurationSyncCycleJob] Blocked types:  and types to download: Passwords, Encryption Keys
2026-01-06 05:55:39.270: [INFO][SyncEngineBackend::DoFinishConfigureDataTypes] Failed to download types:  and succeeded types: Passwords, Encryption Keys
2026-01-06 05:55:39.272: [INFO][Sync] ConfigurationDone, failed: , succeeded: Passwords, Encryption Keys, remaining count: 3
2026-01-06 05:55:39.272: [INFO][SyncManagerImpl::ConfigureSyncer] Types to download:  with reason: 5
2026-01-06 05:55:39.272: [INFO][SyncEngineBackend::DoFinishConfigureDataTypes] Failed to download types:  and succeeded types: 
2026-01-06 05:55:39.272: [INFO][Sync] ConfigurationDone, failed: , succeeded: , remaining count: 2
2026-01-06 05:55:39.272: [INFO][SyncManagerImpl::ConfigureSyncer] Types to download:  with reason: 5
2026-01-06 05:55:39.272: [INFO][SyncEngineBackend::DoFinishConfigureDataTypes] Failed to download types:  and succeeded types: 
2026-01-06 05:55:39.274: [INFO][Sync] ConfigurationDone, failed: , succeeded: , remaining count: 1
2026-01-06 05:55:39.276: [INFO][SyncManagerImpl::ConfigureSyncer] Types to download:  with reason: 5
2026-01-06 05:55:39.276: [INFO][SyncEngineBackend::DoFinishConfigureDataTypes] Failed to download types:  and succeeded types: 
2026-01-06 05:55:39.276: [INFO][Sync] ConfigurationDone, failed: , succeeded: , remaining count: 0
2026-01-06 05:55:39.277: [INFO][Sync]     Configuration completed, state: 7
2026-01-06 05:55:39.277: [INFO][Sync] Configured DataTypeManager: Ok
2026-01-06 05:55:39.279: [INFO][SyncEngineBackend::DoStartSyncing] Start syncing
2026-01-06 05:56:02.483: [INFO][Commit::PostAndProcessResponse] Process Preferences: Protocol error (CONFLICT)
2026-01-06 05:56:02.483: [INFO][SyncSchedulerImpl::DoNudgeSyncCycleJob] Syncer error: Protocol error (CONFLICT)
2026-01-06 06:00:22.781: [INFO][Sync] Reset engine, reason: 0
2026-01-06 06:00:22.781: [INFO][Sync] Reset engine with reason: 0
2026-01-06 06:04:26.169: [INFO][Sync] SyncState after authenticated was: FeatureCanStart
2026-01-06 06:04:27.958: [INFO][SyncAuthManager::SetLastAuthError] Current auth error: None
2026-01-06 06:04:27.958: [INFO][SyncAuthManager::EdgeLogTokenErrorState] Token error with: None for account type: MSA
2026-01-06 06:04:27.958: [INFO][Sync] Credentials changed for: EdgeSyncKeyDataScope
2026-01-06 06:04:31.511: [INFO][Sync] Try to start sync engine
2026-01-06 06:04:31.512: [INFO][SyncManagerImpl::NudgeForInitialDownload] Initial download nudge for Encryption Keys
2026-01-06 06:04:31.512: [INFO][SyncEngineBackend::LoadAndConnectNigoriController] Load and connect Nigori controller
2026-01-06 06:04:31.512: [INFO][SyncEngineBackend::DoInitialize] Control Types added: Encryption Keys
2026-01-06 06:04:31.512: [INFO][SyncManagerImpl::ConfigureSyncer] Types to download: Encryption Keys with reason: 3
2026-01-06 06:04:31.512: [INFO][SyncEngineBackend::DoUpdateKeyDataCredentials] Update key data credentials
2026-01-06 06:04:31.512: [INFO][SyncSchedulerImpl::DoConfigurationSyncCycleJob] Configure job was blocked
2026-01-06 06:04:31.542: [INFO][SyncAuthManager::SetLastAuthError] Current auth error: None
2026-01-06 06:04:31.542: [INFO][SyncAuthManager::EdgeLogTokenErrorState] Token error with: None for account type: MSA
2026-01-06 06:04:31.542: [INFO][Sync] Credentials changed for: EdgeSyncScopeNew
2026-01-06 06:04:31.542: [INFO][SyncEngineBackend::DoUpdateCredentials] Update credentials
2026-01-06 06:04:31.542: [INFO][SyncSchedulerImpl::DoConfigurationSyncCycleJob] Blocked types:  and types to download: Encryption Keys
2026-01-06 06:04:31.837: [INFO][SyncEngineBackend::DoUpdateKeyDataCredentials] Update key data credentials
2026-01-06 06:04:31.841: [INFO][Sync] Started DataTypeManager configuration, reason: 4
2026-01-06 06:04:31.841: [INFO][Sync] Configuring for: Bookmarks, Preferences, Passwords, Autofill Profiles, Autofill, Extensions, Sessions, Extension settings, History Delete Directives, Device Info, User Consents, Send Tab To Self, Web Apps, History, Saved Tab Group, WebAuthn Credentials, Collection, Edge E Drop, Edge Hub App Usage, Edge Wallet, Encryption Keys, reason: 4, current state: 0
2026-01-06 06:04:31.841: [WARN][Sync] Crypto error data types: Passwords, Autofill Profiles, Autofill
2026-01-06 06:04:31.842: [INFO][Sync] Configure, desired: Bookmarks, Preferences, Extensions, Sessions, Extension settings, History Delete Directives, Device Info, User Consents, Send Tab To Self, Web Apps, History, Saved Tab Group, WebAuthn Credentials, Collection, Edge E Drop, Edge Hub App Usage, Edge Wallet, Encryption Keys; Allow fail: Passwords, Autofill Profiles, Autofill
2026-01-06 06:04:31.842: [INFO][Sync] Loading: Bookmarks
2026-01-06 06:04:31.842: [INFO][Sync] Loading: Preferences
2026-01-06 06:04:31.842: [INFO][Sync] Loading: Extensions
2026-01-06 06:04:31.842: [INFO][Sync] Loading: Sessions
2026-01-06 06:04:31.842: [INFO][Sync] Loading: Extension settings
2026-01-06 06:04:31.842: [INFO][Sync] Loading: History Delete Directives
2026-01-06 06:04:31.842: [INFO][Sync] Loading: Device Info
2026-01-06 06:04:31.842: [INFO][Sync] Loading: User Consents
2026-01-06 06:04:31.842: [INFO][Sync] Loading: Send Tab To Self
2026-01-06 06:04:31.842: [INFO][Sync] Loading: Web Apps
2026-01-06 06:04:31.842: [INFO][Sync] Loading: History
2026-01-06 06:04:31.842: [INFO][Sync] Loading: Saved Tab Group
2026-01-06 06:04:31.842: [INFO][Sync] Loading: WebAuthn Credentials
2026-01-06 06:04:31.842: [INFO][Sync] Loading: Collection
2026-01-06 06:04:31.842: [INFO][Sync] Loading: Edge E Drop
2026-01-06 06:04:31.842: [INFO][Sync] Loading: Edge Hub App Usage
2026-01-06 06:04:31.842: [INFO][Sync] Loading: Edge Wallet
2026-01-06 06:04:31.847: [INFO][Sync] All data types are ready for configure.
2026-01-06 06:04:32.710: [INFO][SyncEngineBackend::DoStartConfiguration] Start configuration
2026-01-06 06:04:32.710: [INFO][SyncManagerImpl::ConfigureSyncer] Types to download:  with reason: 4
2026-01-06 06:04:32.710: [INFO][SyncEngineBackend::DoFinishConfigureDataTypes] Failed to download types:  and succeeded types: 
2026-01-06 06:04:32.710: [INFO][Sync] Started DataTypeManager configuration, reason: 5
2026-01-06 06:04:32.710: [INFO][Sync] Configuring for: Bookmarks, Preferences, Passwords, Autofill Profiles, Autofill, Extensions, Sessions, Extension settings, History Delete Directives, Device Info, User Consents, Send Tab To Self, Web Apps, History, Saved Tab Group, WebAuthn Credentials, Collection, Edge E Drop, Edge Hub App Usage, Edge Wallet, Encryption Keys, reason: 5, current state: 1
2026-01-06 06:04:32.711: [INFO][Sync] ConfigurationDone, failed: , succeeded: , remaining count: 4
2026-01-06 06:04:32.711: [WARN][Sync]     Reconfigure requested while configuration ongoing.
2026-01-06 06:04:32.711: [INFO][Sync] Configuring for: Bookmarks, Preferences, Passwords, Autofill Profiles, Autofill, Extensions, Sessions, Extension settings, History Delete Directives, Device Info, User Consents, Send Tab To Self, Web Apps, History, Saved Tab Group, WebAuthn Credentials, Collection, Edge E Drop, Edge Hub App Usage, Edge Wallet, Encryption Keys, reason: 5, current state: 2
2026-01-06 06:04:32.711: [INFO][Sync] Configure, desired: Bookmarks, Preferences, Passwords, Autofill Profiles, Autofill, Extensions, Sessions, Extension settings, History Delete Directives, Device Info, User Consents, Send Tab To Self, Web Apps, History, Saved Tab Group, WebAuthn Credentials, Collection, Edge E Drop, Edge Hub App Usage, Edge Wallet, Encryption Keys; Allow fail: 
2026-01-06 06:04:32.711: [INFO][Sync] Loading: Passwords
2026-01-06 06:04:32.711: [INFO][Sync] Loading: Autofill Profiles
2026-01-06 06:04:32.711: [INFO][Sync] Loading: Autofill
2026-01-06 06:04:32.712: [INFO][Sync] All data types are ready for configure.
2026-01-06 06:04:32.712: [INFO][SyncManagerImpl::NudgeForInitialDownload] Initial download nudge for Passwords
2026-01-06 06:04:32.712: [INFO][SyncManagerImpl::ConfigureSyncer] Types to download:  with reason: 5
2026-01-06 06:04:32.712: [INFO][SyncEngineBackend::DoFinishConfigureDataTypes] Failed to download types:  and succeeded types: 
2026-01-06 06:04:32.712: [INFO][Sync] ConfigurationDone, failed: , succeeded: , remaining count: 4
2026-01-06 06:04:32.712: [INFO][Sync] Prepare to configure types: Passwords, Encryption Keys
2026-01-06 06:04:32.712: [INFO][SyncManagerImpl::ConfigureSyncer] Types to download: Passwords, Encryption Keys with reason: 5
2026-01-06 06:04:32.712: [INFO][SyncSchedulerImpl::DoConfigurationSyncCycleJob] Blocked types:  and types to download: Passwords, Encryption Keys
2026-01-06 06:04:32.961: [INFO][SyncEngineBackend::DoFinishConfigureDataTypes] Failed to download types:  and succeeded types: Passwords, Encryption Keys
2026-01-06 06:04:32.962: [INFO][Sync] ConfigurationDone, failed: , succeeded: Passwords, Encryption Keys, remaining count: 3
2026-01-06 06:04:32.962: [INFO][SyncManagerImpl::ConfigureSyncer] Types to download:  with reason: 5
2026-01-06 06:04:32.962: [INFO][SyncEngineBackend::DoFinishConfigureDataTypes] Failed to download types:  and succeeded types: 
2026-01-06 06:04:32.962: [INFO][Sync] ConfigurationDone, failed: , succeeded: , remaining count: 2
2026-01-06 06:04:32.962: [INFO][SyncManagerImpl::ConfigureSyncer] Types to download:  with reason: 5
2026-01-06 06:04:32.962: [INFO][SyncEngineBackend::DoFinishConfigureDataTypes] Failed to download types:  and succeeded types: 
2026-01-06 06:04:32.966: [INFO][Sync] ConfigurationDone, failed: , succeeded: , remaining count: 1
2026-01-06 06:04:32.967: [INFO][SyncManagerImpl::ConfigureSyncer] Types to download:  with reason: 5
2026-01-06 06:04:32.967: [INFO][SyncEngineBackend::DoFinishConfigureDataTypes] Failed to download types:  and succeeded types: 
2026-01-06 06:04:32.968: [INFO][Sync] ConfigurationDone, failed: , succeeded: , remaining count: 0
2026-01-06 06:04:32.970: [INFO][Sync]     Configuration completed, state: 7
2026-01-06 06:04:32.971: [INFO][Sync] Configured DataTypeManager: Ok
2026-01-06 06:04:32.973: [INFO][SyncEngineBackend::DoStartSyncing] Start syncing
2026-01-06 06:05:47.373: [INFO][Sync] Reset engine, reason: 0
2026-01-06 06:05:47.373: [INFO][Sync] Reset engine with reason: 0
2026-01-07 06:11:55.857: [INFO][Sync] SyncState after authenticated was: FeatureCanStart
2026-01-07 06:11:57.198: [INFO][SyncAuthManager::SetLastAuthError] Current auth error: None
2026-01-07 06:11:57.198: [INFO][SyncAuthManager::EdgeLogTokenErrorState] Token error with: None for account type: MSA
2026-01-07 06:11:57.198: [INFO][Sync] Credentials changed for: EdgeSyncKeyDataScope
2026-01-07 06:12:00.994: [INFO][Sync] Try to start sync engine
2026-01-07 06:12:00.995: [INFO][SyncManagerImpl::NudgeForInitialDownload] Initial download nudge for Encryption Keys
2026-01-07 06:12:00.995: [INFO][SyncEngineBackend::LoadAndConnectNigoriController] Load and connect Nigori controller
2026-01-07 06:12:00.995: [INFO][SyncEngineBackend::DoInitialize] Control Types added: Encryption Keys
2026-01-07 06:12:00.995: [INFO][SyncManagerImpl::ConfigureSyncer] Types to download: Encryption Keys with reason: 3
2026-01-07 06:12:00.995: [INFO][SyncEngineBackend::DoUpdateKeyDataCredentials] Update key data credentials
2026-01-07 06:12:00.995: [INFO][SyncSchedulerImpl::DoConfigurationSyncCycleJob] Configure job was blocked
2026-01-07 06:12:01.716: [INFO][SyncAuthManager::SetLastAuthError] Current auth error: None
2026-01-07 06:12:01.716: [INFO][SyncAuthManager::EdgeLogTokenErrorState] Token error with: None for account type: MSA
2026-01-07 06:12:01.716: [INFO][Sync] Credentials changed for: EdgeSyncScopeNew
2026-01-07 06:12:01.716: [INFO][SyncEngineBackend::DoUpdateCredentials] Update credentials
2026-01-07 06:12:01.716: [INFO][SyncEngineBackend::DoUpdateKeyDataCredentials] Update key data credentials
2026-01-07 06:12:01.716: [INFO][SyncSchedulerImpl::DoConfigurationSyncCycleJob] Blocked types:  and types to download: Encryption Keys
2026-01-07 06:12:02.498: [INFO][Sync] Started DataTypeManager configuration, reason: 4
2026-01-07 06:12:02.498: [INFO][Sync] Configuring for: Bookmarks, Preferences, Passwords, Autofill Profiles, Autofill, Extensions, Sessions, Extension settings, History Delete Directives, Device Info, User Consents, Send Tab To Self, Web Apps, History, Saved Tab Group, WebAuthn Credentials, Collection, Edge E Drop, Edge Hub App Usage, Edge Wallet, Encryption Keys, reason: 4, current state: 0
2026-01-07 06:12:02.498: [WARN][Sync] Crypto error data types: Passwords, Autofill Profiles, Autofill
2026-01-07 06:12:02.499: [INFO][Sync] Configure, desired: Bookmarks, Preferences, Extensions, Sessions, Extension settings, History Delete Directives, Device Info, User Consents, Send Tab To Self, Web Apps, History, Saved Tab Group, WebAuthn Credentials, Collection, Edge E Drop, Edge Hub App Usage, Edge Wallet, Encryption Keys; Allow fail: Passwords, Autofill Profiles, Autofill
2026-01-07 06:12:02.499: [INFO][Sync] Loading: Bookmarks
2026-01-07 06:12:02.499: [INFO][Sync] Loading: Preferences
2026-01-07 06:12:02.499: [INFO][Sync] Loading: Extensions
2026-01-07 06:12:02.499: [INFO][Sync] Loading: Sessions
2026-01-07 06:12:02.500: [INFO][Sync] Loading: Extension settings
2026-01-07 06:12:02.500: [INFO][Sync] Loading: History Delete Directives
2026-01-07 06:12:02.500: [INFO][Sync] Loading: Device Info
2026-01-07 06:12:02.500: [INFO][Sync] Loading: User Consents
2026-01-07 06:12:02.500: [INFO][Sync] Loading: Send Tab To Self
2026-01-07 06:12:02.500: [INFO][Sync] Loading: Web Apps
2026-01-07 06:12:02.500: [INFO][Sync] Loading: History
2026-01-07 06:12:02.500: [INFO][Sync] Loading: Saved Tab Group
2026-01-07 06:12:02.500: [INFO][Sync] Loading: WebAuthn Credentials
2026-01-07 06:12:02.500: [INFO][Sync] Loading: Collection
2026-01-07 06:12:02.500: [INFO][Sync] Loading: Edge E Drop
2026-01-07 06:12:02.500: [INFO][Sync] Loading: Edge Hub App Usage
2026-01-07 06:12:02.500: [INFO][Sync] Loading: Edge Wallet
2026-01-07 06:12:02.504: [INFO][Sync] All data types are ready for configure.
2026-01-07 06:12:03.197: [INFO][SyncEngineBackend::DoStartConfiguration] Start configuration
2026-01-07 06:12:03.197: [INFO][SyncManagerImpl::ConfigureSyncer] Types to download:  with reason: 4
2026-01-07 06:12:03.198: [INFO][SyncEngineBackend::DoFinishConfigureDataTypes] Failed to download types:  and succeeded types: 
2026-01-07 06:12:03.198: [INFO][Sync] Started DataTypeManager configuration, reason: 5
2026-01-07 06:12:03.198: [INFO][Sync] Configuring for: Bookmarks, Preferences, Passwords, Autofill Profiles, Autofill, Extensions, Sessions, Extension settings, History Delete Directives, Device Info, User Consents, Send Tab To Self, Web Apps, History, Saved Tab Group, WebAuthn Credentials, Collection, Edge E Drop, Edge Hub App Usage, Edge Wallet, Encryption Keys, reason: 5, current state: 1
2026-01-07 06:12:03.199: [INFO][Sync] ConfigurationDone, failed: , succeeded: , remaining count: 4
2026-01-07 06:12:03.199: [WARN][Sync]     Reconfigure requested while configuration ongoing.
2026-01-07 06:12:03.199: [INFO][Sync] Configuring for: Bookmarks, Preferences, Passwords, Autofill Profiles, Autofill, Extensions, Sessions, Extension settings, History Delete Directives, Device Info, User Consents, Send Tab To Self, Web Apps, History, Saved Tab Group, WebAuthn Credentials, Collection, Edge E Drop, Edge Hub App Usage, Edge Wallet, Encryption Keys, reason: 5, current state: 2
2026-01-07 06:12:03.199: [INFO][Sync] Configure, desired: Bookmarks, Preferences, Passwords, Autofill Profiles, Autofill, Extensions, Sessions, Extension settings, History Delete Directives, Device Info, User Consents, Send Tab To Self, Web Apps, History, Saved Tab Group, WebAuthn Credentials, Collection, Edge E Drop, Edge Hub App Usage, Edge Wallet, Encryption Keys; Allow fail: 
2026-01-07 06:12:03.199: [INFO][Sync] Loading: Passwords
2026-01-07 06:12:03.199: [INFO][Sync] Loading: Autofill Profiles
2026-01-07 06:12:03.199: [INFO][Sync] Loading: Autofill
2026-01-07 06:12:03.199: [INFO][Sync] All data types are ready for configure.
2026-01-07 06:12:03.199: [INFO][SyncManagerImpl::NudgeForInitialDownload] Initial download nudge for Passwords
2026-01-07 06:12:03.199: [INFO][SyncManagerImpl::ConfigureSyncer] Types to download:  with reason: 5
2026-01-07 06:12:03.199: [INFO][SyncEngineBackend::DoFinishConfigureDataTypes] Failed to download types:  and succeeded types: 
2026-01-07 06:12:03.199: [INFO][Sync] ConfigurationDone, failed: , succeeded: , remaining count: 4
2026-01-07 06:12:03.199: [INFO][Sync] Prepare to configure types: Passwords, Encryption Keys
2026-01-07 06:12:03.199: [INFO][SyncManagerImpl::ConfigureSyncer] Types to download: Passwords, Encryption Keys with reason: 5
2026-01-07 06:12:03.199: [INFO][SyncSchedulerImpl::DoConfigurationSyncCycleJob] Blocked types:  and types to download: Passwords, Encryption Keys
2026-01-07 06:12:03.448: [INFO][SyncEngineBackend::DoFinishConfigureDataTypes] Failed to download types:  and succeeded types: Passwords, Encryption Keys
2026-01-07 06:12:03.449: [INFO][Sync] ConfigurationDone, failed: , succeeded: Passwords, Encryption Keys, remaining count: 3
2026-01-07 06:12:03.449: [INFO][SyncManagerImpl::ConfigureSyncer] Types to download:  with reason: 5
2026-01-07 06:12:03.449: [INFO][SyncEngineBackend::DoFinishConfigureDataTypes] Failed to download types:  and succeeded types: 
2026-01-07 06:12:03.449: [INFO][Sync] ConfigurationDone, failed: , succeeded: , remaining count: 2
2026-01-07 06:12:03.449: [INFO][SyncManagerImpl::ConfigureSyncer] Types to download:  with reason: 5
2026-01-07 06:12:03.450: [INFO][SyncEngineBackend::DoFinishConfigureDataTypes] Failed to download types:  and succeeded types: 
2026-01-07 06:12:03.453: [INFO][Sync] ConfigurationDone, failed: , succeeded: , remaining count: 1
2026-01-07 06:12:03.454: [INFO][SyncManagerImpl::ConfigureSyncer] Types to download:  with reason: 5
2026-01-07 06:12:03.454: [INFO][SyncEngineBackend::DoFinishConfigureDataTypes] Failed to download types:  and succeeded types: 
2026-01-07 06:12:03.454: [INFO][Sync] ConfigurationDone, failed: , succeeded: , remaining count: 0
2026-01-07 06:12:03.455: [INFO][Sync]     Configuration completed, state: 7
2026-01-07 06:12:03.456: [INFO][Sync] Configured DataTypeManager: Ok
2026-01-07 06:12:03.457: [INFO][SyncEngineBackend::DoStartSyncing] Start syncing
2026-01-07 06:14:20.303: [INFO][Sync] Reset engine, reason: 0
2026-01-07 06:14:20.303: [INFO][Sync] Reset engine with reason: 0
2026-01-08 04:02:03.780: [INFO][Sync] SyncState after authenticated was: FeatureCanStart
2026-01-08 04:02:09.430: [INFO][Sync] Try to start sync engine
2026-01-08 04:02:09.430: [INFO][SyncManagerImpl::NudgeForInitialDownload] Initial download nudge for Encryption Keys
2026-01-08 04:02:09.430: [INFO][SyncEngineBackend::LoadAndConnectNigoriController] Load and connect Nigori controller
2026-01-08 04:02:09.430: [INFO][SyncEngineBackend::DoInitialize] Control Types added: Encryption Keys
2026-01-08 04:02:09.430: [INFO][SyncManagerImpl::ConfigureSyncer] Types to download: Encryption Keys with reason: 3
2026-01-08 04:02:09.430: [INFO][SyncSchedulerImpl::DoConfigurationSyncCycleJob] Configure job was blocked
2026-01-08 04:02:33.995: [INFO][SyncAuthManager::EdgeLogTokenErrorState] Token error with: Edge auth error: Exceeded max duration. for account type: MSA
2026-01-08 04:02:33.995: [INFO][Sync] Credentials changed for: EdgeSyncKeyDataScope
2026-01-08 04:02:39.437: [INFO][SyncAuthManager::EdgeLogTokenErrorState] Token error with: Edge auth error: Exceeded max duration. for account type: MSA
2026-01-08 04:02:39.437: [INFO][Sync] Credentials changed for: EdgeSyncScopeNew
2026-01-08 04:02:39.437: [WARN][Sync]    Token is empty
2026-01-08 04:02:39.439: [INFO][Sync] Connection status changed to: 2
2026-01-08 04:02:47.746: [INFO][Sync] Reset engine, reason: 0
2026-01-08 04:02:47.746: [INFO][Sync] Reset engine with reason: 0
2026-01-08 04:04:40.976: [INFO][Sync] SyncState after authenticated was: FeatureCanStart
2026-01-08 04:04:46.476: [INFO][Sync] Try to start sync engine
2026-01-08 04:04:46.536: [INFO][SyncManagerImpl::NudgeForInitialDownload] Initial download nudge for Encryption Keys
2026-01-08 04:04:46.536: [INFO][SyncEngineBackend::LoadAndConnectNigoriController] Load and connect Nigori controller
2026-01-08 04:04:46.536: [INFO][SyncEngineBackend::DoInitialize] Control Types added: Encryption Keys
2026-01-08 04:04:46.536: [INFO][SyncManagerImpl::ConfigureSyncer] Types to download: Encryption Keys with reason: 3
2026-01-08 04:04:46.536: [INFO][SyncSchedulerImpl::DoConfigurationSyncCycleJob] Configure job was blocked
2026-01-08 04:05:11.251: [INFO][SyncAuthManager::EdgeLogTokenErrorState] Token error with: Edge auth error: Exceeded max duration. for account type: MSA
2026-01-08 04:05:11.251: [INFO][Sync] Credentials changed for: EdgeSyncKeyDataScope
2026-01-08 04:05:16.481: [INFO][SyncAuthManager::EdgeLogTokenErrorState] Token error with: Edge auth error: Exceeded max duration. for account type: MSA
2026-01-08 04:05:16.481: [INFO][Sync] Credentials changed for: EdgeSyncScopeNew
2026-01-08 04:05:16.481: [WARN][Sync]    Token is empty
2026-01-08 04:05:16.483: [INFO][Sync] Connection status changed to: 2
2026-01-08 04:05:17.458: [INFO][SyncAuthManager::SetLastAuthError] Current auth error: None
2026-01-08 04:05:17.458: [INFO][SyncAuthManager::EdgeLogTokenErrorState] Token error with: None for account type: MSA
2026-01-08 04:05:17.458: [INFO][Sync] Credentials changed for: EdgeSyncScopeNew
2026-01-08 04:05:21.919: [INFO][SyncAuthManager::SetLastAuthError] Current auth error: None
2026-01-08 04:05:21.919: [INFO][SyncAuthManager::EdgeLogTokenErrorState] Token error with: None for account type: MSA
2026-01-08 04:05:21.919: [INFO][Sync] Credentials changed for: EdgeSyncKeyDataScope
2026-01-08 04:05:21.920: [INFO][SyncEngineBackend::DoUpdateKeyDataCredentials] Update key data credentials
2026-01-08 04:05:21.920: [INFO][SyncEngineBackend::DoUpdateCredentials] Update credentials
2026-01-08 04:05:21.920: [INFO][SyncSchedulerImpl::DoConfigurationSyncCycleJob] Blocked types:  and types to download: Encryption Keys
2026-01-08 04:05:22.184: [INFO][Sync] Started DataTypeManager configuration, reason: 4
2026-01-08 04:05:22.184: [INFO][Sync] Configuring for: Bookmarks, Preferences, Passwords, Autofill Profiles, Autofill, Extensions, Sessions, Extension settings, History Delete Directives, Device Info, User Consents, Send Tab To Self, Web Apps, History, Saved Tab Group, WebAuthn Credentials, Collection, Edge E Drop, Edge Hub App Usage, Edge Wallet, Encryption Keys, reason: 4, current state: 0
2026-01-08 04:05:22.184: [WARN][Sync] Crypto error data types: Passwords, Autofill Profiles, Autofill
2026-01-08 04:05:22.185: [INFO][Sync] Configure, desired: Bookmarks, Preferences, Extensions, Sessions, Extension settings, History Delete Directives, Device Info, User Consents, Send Tab To Self, Web Apps, History, Saved Tab Group, WebAuthn Credentials, Collection, Edge E Drop, Edge Hub App Usage, Edge Wallet, Encryption Keys; Allow fail: Passwords, Autofill Profiles, Autofill
2026-01-08 04:05:22.185: [INFO][Sync] Loading: Bookmarks
2026-01-08 04:05:22.185: [INFO][Sync] Loading: Preferences
2026-01-08 04:05:22.185: [INFO][Sync] Loading: Extensions
2026-01-08 04:05:22.185: [INFO][Sync] Loading: Sessions
2026-01-08 04:05:22.185: [INFO][Sync] Loading: Extension settings
2026-01-08 04:05:22.185: [INFO][Sync] Loading: History Delete Directives
2026-01-08 04:05:22.185: [INFO][Sync] Loading: Device Info
2026-01-08 04:05:22.185: [INFO][Sync] Loading: User Consents
2026-01-08 04:05:22.185: [INFO][Sync] Loading: Send Tab To Self
2026-01-08 04:05:22.185: [INFO][Sync] Loading: Web Apps
2026-01-08 04:05:22.185: [INFO][Sync] Loading: History
2026-01-08 04:05:22.185: [INFO][Sync] Loading: Saved Tab Group
2026-01-08 04:05:22.185: [INFO][Sync] Loading: WebAuthn Credentials
2026-01-08 04:05:22.185: [INFO][Sync] Loading: Collection
2026-01-08 04:05:22.185: [INFO][Sync] Loading: Edge E Drop
2026-01-08 04:05:22.185: [INFO][Sync] Loading: Edge Hub App Usage
2026-01-08 04:05:22.185: [INFO][Sync] Loading: Edge Wallet
2026-01-08 04:05:22.191: [INFO][Sync] All data types are ready for configure.
2026-01-08 04:05:22.606: [INFO][Sync] Started DataTypeManager configuration, reason: 5
2026-01-08 04:05:22.606: [INFO][Sync] Configuring for: Bookmarks, Preferences, Passwords, Autofill Profiles, Autofill, Extensions, Sessions, Extension settings, History Delete Directives, Device Info, User Consents, Send Tab To Self, Web Apps, History, Saved Tab Group, WebAuthn Credentials, Collection, Edge E Drop, Edge Hub App Usage, Edge Wallet, Encryption Keys, reason: 5, current state: 1
2026-01-08 04:05:22.607: [INFO][SyncEngineBackend::DoStartConfiguration] Start configuration
2026-01-08 04:05:22.607: [INFO][SyncManagerImpl::ConfigureSyncer] Types to download:  with reason: 4
2026-01-08 04:05:22.607: [INFO][SyncEngineBackend::DoFinishConfigureDataTypes] Failed to download types:  and succeeded types: 
2026-01-08 04:05:22.608: [INFO][Sync] ConfigurationDone, failed: , succeeded: , remaining count: 4
2026-01-08 04:05:22.608: [WARN][Sync]     Reconfigure requested while configuration ongoing.
2026-01-08 04:05:22.608: [INFO][Sync] Configuring for: Bookmarks, Preferences, Passwords, Autofill Profiles, Autofill, Extensions, Sessions, Extension settings, History Delete Directives, Device Info, User Consents, Send Tab To Self, Web Apps, History, Saved Tab Group, WebAuthn Credentials, Collection, Edge E Drop, Edge Hub App Usage, Edge Wallet, Encryption Keys, reason: 5, current state: 2
2026-01-08 04:05:22.608: [INFO][Sync] Configure, desired: Bookmarks, Preferences, Passwords, Autofill Profiles, Autofill, Extensions, Sessions, Extension settings, History Delete Directives, Device Info, User Consents, Send Tab To Self, Web Apps, History, Saved Tab Group, WebAuthn Credentials, Collection, Edge E Drop, Edge Hub App Usage, Edge Wallet, Encryption Keys; Allow fail: 
2026-01-08 04:05:22.608: [INFO][Sync] Loading: Passwords
2026-01-08 04:05:22.608: [INFO][Sync] Loading: Autofill Profiles
2026-01-08 04:05:22.608: [INFO][Sync] Loading: Autofill
2026-01-08 04:05:22.608: [INFO][Sync] All data types are ready for configure.
2026-01-08 04:05:22.608: [INFO][SyncManagerImpl::NudgeForInitialDownload] Initial download nudge for Passwords
2026-01-08 04:05:22.608: [INFO][SyncManagerImpl::ConfigureSyncer] Types to download:  with reason: 5
2026-01-08 04:05:22.608: [INFO][SyncEngineBackend::DoFinishConfigureDataTypes] Failed to download types:  and succeeded types: 
2026-01-08 04:05:22.608: [INFO][Sync] ConfigurationDone, failed: , succeeded: , remaining count: 4
2026-01-08 04:05:22.608: [INFO][Sync] Prepare to configure types: Passwords, Encryption Keys
2026-01-08 04:05:22.608: [INFO][SyncManagerImpl::ConfigureSyncer] Types to download: Passwords, Encryption Keys with reason: 5
2026-01-08 04:05:22.608: [INFO][SyncSchedulerImpl::DoConfigurationSyncCycleJob] Blocked types:  and types to download: Passwords, Encryption Keys
2026-01-08 04:05:22.741: [INFO][SyncEngineBackend::DoFinishConfigureDataTypes] Failed to download types:  and succeeded types: Passwords, Encryption Keys
2026-01-08 04:05:22.742: [INFO][Sync] ConfigurationDone, failed: , succeeded: Passwords, Encryption Keys, remaining count: 3
2026-01-08 04:05:22.742: [INFO][SyncManagerImpl::ConfigureSyncer] Types to download:  with reason: 5
2026-01-08 04:05:22.742: [INFO][SyncEngineBackend::DoFinishConfigureDataTypes] Failed to download types:  and succeeded types: 
2026-01-08 04:05:22.742: [INFO][Sync] ConfigurationDone, failed: , succeeded: , remaining count: 2
2026-01-08 04:05:22.742: [INFO][SyncManagerImpl::ConfigureSyncer] Types to download:  with reason: 5
2026-01-08 04:05:22.742: [INFO][SyncEngineBackend::DoFinishConfigureDataTypes] Failed to download types:  and succeeded types: 
2026-01-08 04:05:22.742: [INFO][Sync] ConfigurationDone, failed: , succeeded: , remaining count: 1
2026-01-08 04:05:22.744: [INFO][SyncManagerImpl::ConfigureSyncer] Types to download:  with reason: 5
2026-01-08 04:05:22.744: [INFO][SyncEngineBackend::DoFinishConfigureDataTypes] Failed to download types:  and succeeded types: 
2026-01-08 04:05:22.746: [INFO][Sync] ConfigurationDone, failed: , succeeded: , remaining count: 0
2026-01-08 04:05:22.747: [INFO][Sync]     Configuration completed, state: 7
2026-01-08 04:05:22.748: [INFO][Sync] Configured DataTypeManager: Ok
2026-01-08 04:05:22.750: [INFO][SyncEngineBackend::DoStartSyncing] Start syncing
2026-01-08 04:28:24.265: [INFO][Sync] Reset engine, reason: 0
2026-01-08 04:28:24.265: [INFO][Sync] Reset engine with reason: 0
2026-01-08 04:55:37.752: [INFO][Sync] SyncState after authenticated was: FeatureCanStart
2026-01-08 04:55:39.199: [INFO][SyncAuthManager::SetLastAuthError] Current auth error: None
2026-01-08 04:55:39.199: [INFO][SyncAuthManager::EdgeLogTokenErrorState] Token error with: None for account type: MSA
2026-01-08 04:55:39.199: [INFO][Sync] Credentials changed for: EdgeSyncKeyDataScope
2026-01-08 04:55:42.614: [INFO][Sync] Try to start sync engine
2026-01-08 04:55:42.657: [INFO][SyncManagerImpl::NudgeForInitialDownload] Initial download nudge for Encryption Keys
2026-01-08 04:55:42.657: [INFO][SyncEngineBackend::LoadAndConnectNigoriController] Load and connect Nigori controller
2026-01-08 04:55:42.657: [INFO][SyncEngineBackend::DoInitialize] Control Types added: Encryption Keys
2026-01-08 04:55:42.657: [INFO][SyncManagerImpl::ConfigureSyncer] Types to download: Encryption Keys with reason: 3
2026-01-08 04:55:42.657: [INFO][SyncEngineBackend::DoUpdateKeyDataCredentials] Update key data credentials
2026-01-08 04:55:42.657: [INFO][SyncSchedulerImpl::DoConfigurationSyncCycleJob] Configure job was blocked
2026-01-08 04:55:42.669: [INFO][SyncAuthManager::SetLastAuthError] Current auth error: None
2026-01-08 04:55:42.669: [INFO][SyncAuthManager::EdgeLogTokenErrorState] Token error with: None for account type: MSA
2026-01-08 04:55:42.669: [INFO][Sync] Credentials changed for: EdgeSyncScopeNew
2026-01-08 04:55:42.669: [INFO][SyncEngineBackend::DoUpdateCredentials] Update credentials
2026-01-08 04:55:42.669: [INFO][SyncSchedulerImpl::DoConfigurationSyncCycleJob] Blocked types:  and types to download: Encryption Keys
2026-01-08 04:55:42.983: [INFO][SyncEngineBackend::DoUpdateKeyDataCredentials] Update key data credentials
2026-01-08 04:55:42.985: [INFO][Sync] Started DataTypeManager configuration, reason: 4
2026-01-08 04:55:42.985: [INFO][Sync] Configuring for: Bookmarks, Preferences, Passwords, Autofill Profiles, Autofill, Extensions, Sessions, Extension settings, History Delete Directives, Device Info, User Consents, Send Tab To Self, Web Apps, History, Saved Tab Group, WebAuthn Credentials, Collection, Edge E Drop, Edge Hub App Usage, Edge Wallet, Encryption Keys, reason: 4, current state: 0
2026-01-08 04:55:42.985: [WARN][Sync] Crypto error data types: Passwords, Autofill Profiles, Autofill
2026-01-08 04:55:42.986: [INFO][Sync] Configure, desired: Bookmarks, Preferences, Extensions, Sessions, Extension settings, History Delete Directives, Device Info, User Consents, Send Tab To Self, Web Apps, History, Saved Tab Group, WebAuthn Credentials, Collection, Edge E Drop, Edge Hub App Usage, Edge Wallet, Encryption Keys; Allow fail: Passwords, Autofill Profiles, Autofill
2026-01-08 04:55:42.986: [INFO][Sync] Loading: Bookmarks
2026-01-08 04:55:42.986: [INFO][Sync] Loading: Preferences
2026-01-08 04:55:42.986: [INFO][Sync] Loading: Extensions
2026-01-08 04:55:42.986: [INFO][Sync] Loading: Sessions
2026-01-08 04:55:42.986: [INFO][Sync] Loading: Extension settings
2026-01-08 04:55:42.986: [INFO][Sync] Loading: History Delete Directives
2026-01-08 04:55:42.987: [INFO][Sync] Loading: Device Info
2026-01-08 04:55:42.987: [INFO][Sync] Loading: User Consents
2026-01-08 04:55:42.987: [INFO][Sync] Loading: Send Tab To Self
2026-01-08 04:55:42.987: [INFO][Sync] Loading: Web Apps
2026-01-08 04:55:42.987: [INFO][Sync] Loading: History
2026-01-08 04:55:42.987: [INFO][Sync] Loading: Saved Tab Group
2026-01-08 04:55:42.987: [INFO][Sync] Loading: WebAuthn Credentials
2026-01-08 04:55:42.987: [INFO][Sync] Loading: Collection
2026-01-08 04:55:42.987: [INFO][Sync] Loading: Edge E Drop
2026-01-08 04:55:42.987: [INFO][Sync] Loading: Edge Hub App Usage
2026-01-08 04:55:42.987: [INFO][Sync] Loading: Edge Wallet
2026-01-08 04:55:42.991: [INFO][Sync] All data types are ready for configure.
2026-01-08 04:55:43.691: [INFO][SyncEngineBackend::DoStartConfiguration] Start configuration
2026-01-08 04:55:43.691: [INFO][SyncManagerImpl::ConfigureSyncer] Types to download:  with reason: 4
2026-01-08 04:55:43.691: [INFO][SyncEngineBackend::DoFinishConfigureDataTypes] Failed to download types:  and succeeded types: 
2026-01-08 04:55:43.691: [INFO][Sync] Started DataTypeManager configuration, reason: 5
2026-01-08 04:55:43.691: [INFO][Sync] Configuring for: Bookmarks, Preferences, Passwords, Autofill Profiles, Autofill, Extensions, Sessions, Extension settings, History Delete Directives, Device Info, User Consents, Send Tab To Self, Web Apps, History, Saved Tab Group, WebAuthn Credentials, Collection, Edge E Drop, Edge Hub App Usage, Edge Wallet, Encryption Keys, reason: 5, current state: 1
2026-01-08 04:55:43.692: [INFO][Sync] ConfigurationDone, failed: , succeeded: , remaining count: 4
2026-01-08 04:55:43.692: [WARN][Sync]     Reconfigure requested while configuration ongoing.
2026-01-08 04:55:43.692: [INFO][Sync] Configuring for: Bookmarks, Preferences, Passwords, Autofill Profiles, Autofill, Extensions, Sessions, Extension settings, History Delete Directives, Device Info, User Consents, Send Tab To Self, Web Apps, History, Saved Tab Group, WebAuthn Credentials, Collection, Edge E Drop, Edge Hub App Usage, Edge Wallet, Encryption Keys, reason: 5, current state: 2
2026-01-08 04:55:43.692: [INFO][Sync] Configure, desired: Bookmarks, Preferences, Passwords, Autofill Profiles, Autofill, Extensions, Sessions, Extension settings, History Delete Directives, Device Info, User Consents, Send Tab To Self, Web Apps, History, Saved Tab Group, WebAuthn Credentials, Collection, Edge E Drop, Edge Hub App Usage, Edge Wallet, Encryption Keys; Allow fail: 
2026-01-08 04:55:43.692: [INFO][Sync] Loading: Passwords
2026-01-08 04:55:43.692: [INFO][Sync] Loading: Autofill Profiles
2026-01-08 04:55:43.692: [INFO][Sync] Loading: Autofill
2026-01-08 04:55:43.692: [INFO][Sync] All data types are ready for configure.
2026-01-08 04:55:43.692: [INFO][SyncManagerImpl::NudgeForInitialDownload] Initial download nudge for Passwords
2026-01-08 04:55:43.692: [INFO][SyncManagerImpl::ConfigureSyncer] Types to download:  with reason: 5
2026-01-08 04:55:43.692: [INFO][SyncEngineBackend::DoFinishConfigureDataTypes] Failed to download types:  and succeeded types: 
2026-01-08 04:55:43.692: [INFO][Sync] ConfigurationDone, failed: , succeeded: , remaining count: 4
2026-01-08 04:55:43.692: [INFO][Sync] Prepare to configure types: Passwords, Encryption Keys
2026-01-08 04:55:43.692: [INFO][SyncManagerImpl::ConfigureSyncer] Types to download: Passwords, Encryption Keys with reason: 5
2026-01-08 04:55:43.692: [INFO][SyncSchedulerImpl::DoConfigurationSyncCycleJob] Blocked types:  and types to download: Passwords, Encryption Keys
2026-01-08 04:55:43.814: [INFO][SyncEngineBackend::DoFinishConfigureDataTypes] Failed to download types:  and succeeded types: Passwords, Encryption Keys
2026-01-08 04:55:43.815: [INFO][Sync] ConfigurationDone, failed: , succeeded: Passwords, Encryption Keys, remaining count: 3
2026-01-08 04:55:43.815: [INFO][SyncManagerImpl::ConfigureSyncer] Types to download:  with reason: 5
2026-01-08 04:55:43.815: [INFO][SyncEngineBackend::DoFinishConfigureDataTypes] Failed to download types:  and succeeded types: 
2026-01-08 04:55:43.815: [INFO][Sync] ConfigurationDone, failed: , succeeded: , remaining count: 2
2026-01-08 04:55:43.815: [INFO][SyncManagerImpl::ConfigureSyncer] Types to download:  with reason: 5
2026-01-08 04:55:43.815: [INFO][SyncEngineBackend::DoFinishConfigureDataTypes] Failed to download types:  and succeeded types: 
2026-01-08 04:55:43.817: [INFO][Sync] ConfigurationDone, failed: , succeeded: , remaining count: 1
2026-01-08 04:55:43.818: [INFO][SyncManagerImpl::ConfigureSyncer] Types to download:  with reason: 5
2026-01-08 04:55:43.818: [INFO][SyncEngineBackend::DoFinishConfigureDataTypes] Failed to download types:  and succeeded types: 
2026-01-08 04:55:43.819: [INFO][Sync] ConfigurationDone, failed: , succeeded: , remaining count: 0
2026-01-08 04:55:43.820: [INFO][Sync]     Configuration completed, state: 7
2026-01-08 04:55:43.820: [INFO][Sync] Configured DataTypeManager: Ok
2026-01-08 04:55:43.821: [INFO][SyncEngineBackend::DoStartSyncing] Start syncing
2026-01-08 04:56:23.280: [INFO][Sync] Reset engine, reason: 0
2026-01-08 04:56:23.280: [INFO][Sync] Reset engine with reason: 0
2026-01-08 05:02:20.359: [INFO][Sync] SyncState after authenticated was: FeatureCanStart
2026-01-08 05:02:21.798: [INFO][SyncAuthManager::SetLastAuthError] Current auth error: None
2026-01-08 05:02:21.798: [INFO][SyncAuthManager::EdgeLogTokenErrorState] Token error with: None for account type: MSA
2026-01-08 05:02:21.798: [INFO][Sync] Credentials changed for: EdgeSyncKeyDataScope
2026-01-08 05:02:24.956: [INFO][Sync] Try to start sync engine
2026-01-08 05:02:25.011: [INFO][SyncManagerImpl::NudgeForInitialDownload] Initial download nudge for Encryption Keys
2026-01-08 05:02:25.011: [INFO][SyncEngineBackend::LoadAndConnectNigoriController] Load and connect Nigori controller
2026-01-08 05:02:25.011: [INFO][SyncEngineBackend::DoInitialize] Control Types added: Encryption Keys
2026-01-08 05:02:25.011: [INFO][SyncManagerImpl::ConfigureSyncer] Types to download: Encryption Keys with reason: 3
2026-01-08 05:02:25.011: [INFO][SyncEngineBackend::DoUpdateKeyDataCredentials] Update key data credentials
2026-01-08 05:02:25.011: [INFO][SyncSchedulerImpl::DoConfigurationSyncCycleJob] Configure job was blocked
2026-01-08 05:02:25.026: [INFO][SyncAuthManager::SetLastAuthError] Current auth error: None
2026-01-08 05:02:25.026: [INFO][SyncAuthManager::EdgeLogTokenErrorState] Token error with: None for account type: MSA
2026-01-08 05:02:25.026: [INFO][Sync] Credentials changed for: EdgeSyncScopeNew
2026-01-08 05:02:25.026: [INFO][SyncEngineBackend::DoUpdateCredentials] Update credentials
2026-01-08 05:02:25.026: [INFO][SyncSchedulerImpl::DoConfigurationSyncCycleJob] Blocked types:  and types to download: Encryption Keys
2026-01-08 05:02:25.259: [INFO][SyncEngineBackend::DoUpdateKeyDataCredentials] Update key data credentials
2026-01-08 05:02:25.261: [INFO][Sync] Started DataTypeManager configuration, reason: 4
2026-01-08 05:02:25.261: [INFO][Sync] Configuring for: Bookmarks, Preferences, Passwords, Autofill Profiles, Autofill, Extensions, Sessions, Extension settings, History Delete Directives, Device Info, User Consents, Send Tab To Self, Web Apps, History, Saved Tab Group, WebAuthn Credentials, Collection, Edge E Drop, Edge Hub App Usage, Edge Wallet, Encryption Keys, reason: 4, current state: 0
2026-01-08 05:02:25.261: [WARN][Sync] Crypto error data types: Passwords, Autofill Profiles, Autofill
2026-01-08 05:02:25.262: [INFO][Sync] Configure, desired: Bookmarks, Preferences, Extensions, Sessions, Extension settings, History Delete Directives, Device Info, User Consents, Send Tab To Self, Web Apps, History, Saved Tab Group, WebAuthn Credentials, Collection, Edge E Drop, Edge Hub App Usage, Edge Wallet, Encryption Keys; Allow fail: Passwords, Autofill Profiles, Autofill
2026-01-08 05:02:25.262: [INFO][Sync] Loading: Bookmarks
2026-01-08 05:02:25.262: [INFO][Sync] Loading: Preferences
2026-01-08 05:02:25.262: [INFO][Sync] Loading: Extensions
2026-01-08 05:02:25.262: [INFO][Sync] Loading: Sessions
2026-01-08 05:02:25.262: [INFO][Sync] Loading: Extension settings
2026-01-08 05:02:25.262: [INFO][Sync] Loading: History Delete Directives
2026-01-08 05:02:25.262: [INFO][Sync] Loading: Device Info
2026-01-08 05:02:25.262: [INFO][Sync] Loading: User Consents
2026-01-08 05:02:25.262: [INFO][Sync] Loading: Send Tab To Self
2026-01-08 05:02:25.262: [INFO][Sync] Loading: Web Apps
2026-01-08 05:02:25.262: [INFO][Sync] Loading: History
2026-01-08 05:02:25.262: [INFO][Sync] Loading: Saved Tab Group
2026-01-08 05:02:25.262: [INFO][Sync] Loading: WebAuthn Credentials
2026-01-08 05:02:25.262: [INFO][Sync] Loading: Collection
2026-01-08 05:02:25.262: [INFO][Sync] Loading: Edge E Drop
2026-01-08 05:02:25.262: [INFO][Sync] Loading: Edge Hub App Usage
2026-01-08 05:02:25.262: [INFO][Sync] Loading: Edge Wallet
2026-01-08 05:02:25.266: [INFO][Sync] All data types are ready for configure.
2026-01-08 05:02:25.789: [INFO][SyncEngineBackend::DoStartConfiguration] Start configuration
2026-01-08 05:02:25.789: [INFO][SyncManagerImpl::ConfigureSyncer] Types to download:  with reason: 4
2026-01-08 05:02:25.789: [INFO][SyncEngineBackend::DoFinishConfigureDataTypes] Failed to download types:  and succeeded types: 
2026-01-08 05:02:25.789: [INFO][Sync] Started DataTypeManager configuration, reason: 5
2026-01-08 05:02:25.789: [INFO][Sync] Configuring for: Bookmarks, Preferences, Passwords, Autofill Profiles, Autofill, Extensions, Sessions, Extension settings, History Delete Directives, Device Info, User Consents, Send Tab To Self, Web Apps, History, Saved Tab Group, WebAuthn Credentials, Collection, Edge E Drop, Edge Hub App Usage, Edge Wallet, Encryption Keys, reason: 5, current state: 1
2026-01-08 05:02:25.790: [INFO][Sync] ConfigurationDone, failed: , succeeded: , remaining count: 4
2026-01-08 05:02:25.790: [WARN][Sync]     Reconfigure requested while configuration ongoing.
2026-01-08 05:02:25.790: [INFO][Sync] Configuring for: Bookmarks, Preferences, Passwords, Autofill Profiles, Autofill, Extensions, Sessions, Extension settings, History Delete Directives, Device Info, User Consents, Send Tab To Self, Web Apps, History, Saved Tab Group, WebAuthn Credentials, Collection, Edge E Drop, Edge Hub App Usage, Edge Wallet, Encryption Keys, reason: 5, current state: 2
2026-01-08 05:02:25.790: [INFO][Sync] Configure, desired: Bookmarks, Preferences, Passwords, Autofill Profiles, Autofill, Extensions, Sessions, Extension settings, History Delete Directives, Device Info, User Consents, Send Tab To Self, Web Apps, History, Saved Tab Group, WebAuthn Credentials, Collection, Edge E Drop, Edge Hub App Usage, Edge Wallet, Encryption Keys; Allow fail: 
2026-01-08 05:02:25.790: [INFO][Sync] Loading: Passwords
2026-01-08 05:02:25.790: [INFO][Sync] Loading: Autofill Profiles
2026-01-08 05:02:25.790: [INFO][Sync] Loading: Autofill
2026-01-08 05:02:25.790: [INFO][Sync] All data types are ready for configure.
2026-01-08 05:02:25.790: [INFO][SyncManagerImpl::NudgeForInitialDownload] Initial download nudge for Passwords
2026-01-08 05:02:25.790: [INFO][SyncManagerImpl::ConfigureSyncer] Types to download:  with reason: 5
2026-01-08 05:02:25.790: [INFO][SyncEngineBackend::DoFinishConfigureDataTypes] Failed to download types:  and succeeded types: 
2026-01-08 05:02:25.790: [INFO][Sync] ConfigurationDone, failed: , succeeded: , remaining count: 4
2026-01-08 05:02:25.791: [INFO][Sync] Prepare to configure types: Passwords, Encryption Keys
2026-01-08 05:02:25.791: [INFO][SyncManagerImpl::ConfigureSyncer] Types to download: Passwords, Encryption Keys with reason: 5
2026-01-08 05:02:25.791: [INFO][SyncSchedulerImpl::DoConfigurationSyncCycleJob] Blocked types:  and types to download: Passwords, Encryption Keys
2026-01-08 05:02:25.893: [INFO][SyncEngineBackend::DoFinishConfigureDataTypes] Failed to download types:  and succeeded types: Passwords, Encryption Keys
2026-01-08 05:02:25.894: [INFO][Sync] ConfigurationDone, failed: , succeeded: Passwords, Encryption Keys, remaining count: 3
2026-01-08 05:02:25.894: [INFO][SyncManagerImpl::ConfigureSyncer] Types to download:  with reason: 5
2026-01-08 05:02:25.894: [INFO][SyncEngineBackend::DoFinishConfigureDataTypes] Failed to download types:  and succeeded types: 
2026-01-08 05:02:25.894: [INFO][Sync] ConfigurationDone, failed: , succeeded: , remaining count: 2
2026-01-08 05:02:25.894: [INFO][SyncManagerImpl::ConfigureSyncer] Types to download:  with reason: 5
2026-01-08 05:02:25.894: [INFO][SyncEngineBackend::DoFinishConfigureDataTypes] Failed to download types:  and succeeded types: 
2026-01-08 05:02:25.896: [INFO][Sync] ConfigurationDone, failed: , succeeded: , remaining count: 1
2026-01-08 05:02:25.897: [INFO][SyncManagerImpl::ConfigureSyncer] Types to download:  with reason: 5
2026-01-08 05:02:25.897: [INFO][SyncEngineBackend::DoFinishConfigureDataTypes] Failed to download types:  and succeeded types: 
2026-01-08 05:02:25.897: [INFO][Sync] ConfigurationDone, failed: , succeeded: , remaining count: 0
2026-01-08 05:02:25.898: [INFO][Sync]     Configuration completed, state: 7
2026-01-08 05:02:25.898: [INFO][Sync] Configured DataTypeManager: Ok
2026-01-08 05:02:25.900: [INFO][SyncEngineBackend::DoStartSyncing] Start syncing
2026-01-08 05:03:19.407: [INFO][Sync] Reset engine, reason: 0
2026-01-08 05:03:19.407: [INFO][Sync] Reset engine with reason: 0
2026-01-08 05:21:06.077: [INFO][Sync] SyncState after authenticated was: FeatureCanStart
2026-01-08 05:21:06.963: [INFO][SyncAuthManager::SetLastAuthError] Current auth error: None
2026-01-08 05:21:06.963: [INFO][SyncAuthManager::EdgeLogTokenErrorState] Token error with: None for account type: MSA
2026-01-08 05:21:06.963: [INFO][Sync] Credentials changed for: EdgeSyncKeyDataScope
2026-01-08 05:21:10.765: [INFO][Sync] Try to start sync engine
2026-01-08 05:21:10.806: [INFO][SyncManagerImpl::NudgeForInitialDownload] Initial download nudge for Encryption Keys
2026-01-08 05:21:10.806: [INFO][SyncEngineBackend::LoadAndConnectNigoriController] Load and connect Nigori controller
2026-01-08 05:21:10.806: [INFO][SyncEngineBackend::DoInitialize] Control Types added: Encryption Keys
2026-01-08 05:21:10.806: [INFO][SyncManagerImpl::ConfigureSyncer] Types to download: Encryption Keys with reason: 3
2026-01-08 05:21:10.806: [INFO][SyncEngineBackend::DoUpdateKeyDataCredentials] Update key data credentials
2026-01-08 05:21:10.806: [INFO][SyncSchedulerImpl::DoConfigurationSyncCycleJob] Configure job was blocked
2026-01-08 05:21:10.823: [INFO][SyncAuthManager::SetLastAuthError] Current auth error: None
2026-01-08 05:21:10.823: [INFO][SyncAuthManager::EdgeLogTokenErrorState] Token error with: None for account type: MSA
2026-01-08 05:21:10.823: [INFO][Sync] Credentials changed for: EdgeSyncScopeNew
2026-01-08 05:21:10.823: [INFO][SyncEngineBackend::DoUpdateCredentials] Update credentials
2026-01-08 05:21:10.823: [INFO][SyncSchedulerImpl::DoConfigurationSyncCycleJob] Blocked types:  and types to download: Encryption Keys
2026-01-08 05:21:11.227: [INFO][SyncEngineBackend::DoUpdateKeyDataCredentials] Update key data credentials
2026-01-08 05:21:11.230: [INFO][Sync] Started DataTypeManager configuration, reason: 4
2026-01-08 05:21:11.230: [INFO][Sync] Configuring for: Bookmarks, Preferences, Passwords, Autofill Profiles, Autofill, Extensions, Sessions, Extension settings, History Delete Directives, Device Info, User Consents, Send Tab To Self, Web Apps, History, Saved Tab Group, WebAuthn Credentials, Collection, Edge E Drop, Edge Hub App Usage, Edge Wallet, Encryption Keys, reason: 4, current state: 0
2026-01-08 05:21:11.230: [WARN][Sync] Crypto error data types: Passwords, Autofill Profiles, Autofill
2026-01-08 05:21:11.231: [INFO][Sync] Configure, desired: Bookmarks, Preferences, Extensions, Sessions, Extension settings, History Delete Directives, Device Info, User Consents, Send Tab To Self, Web Apps, History, Saved Tab Group, WebAuthn Credentials, Collection, Edge E Drop, Edge Hub App Usage, Edge Wallet, Encryption Keys; Allow fail: Passwords, Autofill Profiles, Autofill
2026-01-08 05:21:11.231: [INFO][Sync] Loading: Bookmarks
2026-01-08 05:21:11.231: [INFO][Sync] Loading: Preferences
2026-01-08 05:21:11.231: [INFO][Sync] Loading: Extensions
2026-01-08 05:21:11.231: [INFO][Sync] Loading: Sessions
2026-01-08 05:21:11.231: [INFO][Sync] Loading: Extension settings
2026-01-08 05:21:11.231: [INFO][Sync] Loading: History Delete Directives
2026-01-08 05:21:11.231: [INFO][Sync] Loading: Device Info
2026-01-08 05:21:11.231: [INFO][Sync] Loading: User Consents
2026-01-08 05:21:11.231: [INFO][Sync] Loading: Send Tab To Self
2026-01-08 05:21:11.231: [INFO][Sync] Loading: Web Apps
2026-01-08 05:21:11.231: [INFO][Sync] Loading: History
2026-01-08 05:21:11.231: [INFO][Sync] Loading: Saved Tab Group
2026-01-08 05:21:11.231: [INFO][Sync] Loading: WebAuthn Credentials
2026-01-08 05:21:11.231: [INFO][Sync] Loading: Collection
2026-01-08 05:21:11.231: [INFO][Sync] Loading: Edge E Drop
2026-01-08 05:21:11.231: [INFO][Sync] Loading: Edge Hub App Usage
2026-01-08 05:21:11.231: [INFO][Sync] Loading: Edge Wallet
2026-01-08 05:21:11.236: [INFO][Sync] All data types are ready for configure.
2026-01-08 05:21:11.943: [INFO][Sync] Started DataTypeManager configuration, reason: 5
2026-01-08 05:21:11.943: [INFO][Sync] Configuring for: Bookmarks, Preferences, Passwords, Autofill Profiles, Autofill, Extensions, Sessions, Extension settings, History Delete Directives, Device Info, User Consents, Send Tab To Self, Web Apps, History, Saved Tab Group, WebAuthn Credentials, Collection, Edge E Drop, Edge Hub App Usage, Edge Wallet, Encryption Keys, reason: 5, current state: 1
2026-01-08 05:21:11.944: [INFO][SyncEngineBackend::DoStartConfiguration] Start configuration
2026-01-08 05:21:11.944: [INFO][SyncManagerImpl::ConfigureSyncer] Types to download:  with reason: 4
2026-01-08 05:21:11.944: [INFO][SyncEngineBackend::DoFinishConfigureDataTypes] Failed to download types:  and succeeded types: 
2026-01-08 05:21:11.944: [INFO][Sync] ConfigurationDone, failed: , succeeded: , remaining count: 4
2026-01-08 05:21:11.944: [WARN][Sync]     Reconfigure requested while configuration ongoing.
2026-01-08 05:21:11.944: [INFO][Sync] Configuring for: Bookmarks, Preferences, Passwords, Autofill Profiles, Autofill, Extensions, Sessions, Extension settings, History Delete Directives, Device Info, User Consents, Send Tab To Self, Web Apps, History, Saved Tab Group, WebAuthn Credentials, Collection, Edge E Drop, Edge Hub App Usage, Edge Wallet, Encryption Keys, reason: 5, current state: 2
2026-01-08 05:21:11.944: [INFO][Sync] Configure, desired: Bookmarks, Preferences, Passwords, Autofill Profiles, Autofill, Extensions, Sessions, Extension settings, History Delete Directives, Device Info, User Consents, Send Tab To Self, Web Apps, History, Saved Tab Group, WebAuthn Credentials, Collection, Edge E Drop, Edge Hub App Usage, Edge Wallet, Encryption Keys; Allow fail: 
2026-01-08 05:21:11.944: [INFO][Sync] Loading: Passwords
2026-01-08 05:21:11.944: [INFO][Sync] Loading: Autofill Profiles
2026-01-08 05:21:11.944: [INFO][Sync] Loading: Autofill
2026-01-08 05:21:11.944: [INFO][Sync] All data types are ready for configure.
2026-01-08 05:21:11.945: [INFO][SyncManagerImpl::NudgeForInitialDownload] Initial download nudge for Passwords
2026-01-08 05:21:11.945: [INFO][SyncManagerImpl::ConfigureSyncer] Types to download:  with reason: 5
2026-01-08 05:21:11.945: [INFO][SyncEngineBackend::DoFinishConfigureDataTypes] Failed to download types:  and succeeded types: 
2026-01-08 05:21:11.945: [INFO][Sync] ConfigurationDone, failed: , succeeded: , remaining count: 4
2026-01-08 05:21:11.945: [INFO][Sync] Prepare to configure types: Passwords, Encryption Keys
2026-01-08 05:21:11.945: [INFO][SyncManagerImpl::ConfigureSyncer] Types to download: Passwords, Encryption Keys with reason: 5
2026-01-08 05:21:11.945: [INFO][SyncSchedulerImpl::DoConfigurationSyncCycleJob] Blocked types:  and types to download: Passwords, Encryption Keys
2026-01-08 05:21:12.150: [INFO][SyncEngineBackend::DoFinishConfigureDataTypes] Failed to download types:  and succeeded types: Passwords, Encryption Keys
2026-01-08 05:21:12.151: [INFO][Sync] ConfigurationDone, failed: , succeeded: Passwords, Encryption Keys, remaining count: 3
2026-01-08 05:21:12.151: [INFO][SyncManagerImpl::ConfigureSyncer] Types to download:  with reason: 5
2026-01-08 05:21:12.151: [INFO][SyncEngineBackend::DoFinishConfigureDataTypes] Failed to download types:  and succeeded types: 
2026-01-08 05:21:12.151: [INFO][Sync] ConfigurationDone, failed: , succeeded: , remaining count: 2
2026-01-08 05:21:12.151: [INFO][SyncManagerImpl::ConfigureSyncer] Types to download:  with reason: 5
2026-01-08 05:21:12.151: [INFO][SyncEngineBackend::DoFinishConfigureDataTypes] Failed to download types:  and succeeded types: 
2026-01-08 05:21:12.153: [INFO][Sync] ConfigurationDone, failed: , succeeded: , remaining count: 1
2026-01-08 05:21:12.153: [INFO][SyncManagerImpl::ConfigureSyncer] Types to download:  with reason: 5
2026-01-08 05:21:12.153: [INFO][SyncEngineBackend::DoFinishConfigureDataTypes] Failed to download types:  and succeeded types: 
2026-01-08 05:21:12.154: [INFO][Sync] ConfigurationDone, failed: , succeeded: , remaining count: 0
2026-01-08 05:21:12.154: [INFO][Sync]     Configuration completed, state: 7
2026-01-08 05:21:12.155: [INFO][Sync] Configured DataTypeManager: Ok
2026-01-08 05:21:12.156: [INFO][SyncEngineBackend::DoStartSyncing] Start syncing
2026-01-08 05:23:08.691: [INFO][SyncSchedulerImpl::OnSyncNetworkError] Syncer error: Network error (ERR_NAME_NOT_RESOLVED)
2026-01-08 05:23:08.691: [INFO][Commit::ReportFullCommitFailure] Commit Sessions, History failed with error: NetworkError
2026-01-08 05:23:08.691: [INFO][SyncSchedulerImpl::DoNudgeSyncCycleJob] Syncer error: Network error (ERR_NAME_NOT_RESOLVED)
2026-01-08 05:23:08.693: [WARN][Sync] NetworkError: Network error (ERR_NAME_NOT_RESOLVED)
2026-01-08 05:23:10.207: [INFO][SyncSchedulerImpl::OnSyncNetworkError] Syncer error: Network error (ERR_NAME_NOT_RESOLVED)
2026-01-08 05:23:10.207: [INFO][Commit::ReportFullCommitFailure] Commit Sessions, History failed with error: NetworkError
2026-01-08 05:23:10.207: [INFO][SyncSchedulerImpl::DoNudgeSyncCycleJob] Syncer error: Network error (ERR_NAME_NOT_RESOLVED)
2026-01-08 05:23:10.208: [WARN][Sync] NetworkError: Network error (ERR_NAME_NOT_RESOLVED)
2026-01-08 05:23:13.970: [INFO][SyncSchedulerImpl::OnSyncNetworkError] Syncer error: Network error (ERR_NAME_NOT_RESOLVED)
2026-01-08 05:23:13.970: [INFO][Commit::ReportFullCommitFailure] Commit Sessions, History failed with error: NetworkError
2026-01-08 05:23:13.970: [INFO][SyncSchedulerImpl::DoNudgeSyncCycleJob] Syncer error: Network error (ERR_NAME_NOT_RESOLVED)
2026-01-08 05:23:13.972: [WARN][Sync] NetworkError: Network error (ERR_NAME_NOT_RESOLVED)
2026-01-08 05:23:19.604: [INFO][SyncSchedulerImpl::OnSyncNetworkError] Syncer error: Network error (ERR_NAME_NOT_RESOLVED)
2026-01-08 05:23:19.604: [INFO][Commit::ReportFullCommitFailure] Commit Sessions, History failed with error: NetworkError
2026-01-08 05:23:19.604: [INFO][SyncSchedulerImpl::DoNudgeSyncCycleJob] Syncer error: Network error (ERR_NAME_NOT_RESOLVED)
2026-01-08 05:23:19.605: [WARN][Sync] NetworkError: Network error (ERR_NAME_NOT_RESOLVED)
2026-01-08 05:23:28.048: [INFO][SyncSchedulerImpl::OnSyncNetworkError] Syncer error: Network error (ERR_NAME_NOT_RESOLVED)
2026-01-08 05:23:28.048: [INFO][Commit::ReportFullCommitFailure] Commit Sessions, History failed with error: NetworkError
2026-01-08 05:23:28.048: [INFO][SyncSchedulerImpl::DoNudgeSyncCycleJob] Syncer error: Network error (ERR_NAME_NOT_RESOLVED)
2026-01-08 05:23:28.050: [WARN][Sync] NetworkError: Network error (ERR_NAME_NOT_RESOLVED)
2026-01-08 05:23:55.159: [INFO][SyncSchedulerImpl::OnSyncNetworkError] Syncer error: Network error (ERR_NAME_NOT_RESOLVED)
2026-01-08 05:23:55.160: [INFO][Commit::ReportFullCommitFailure] Commit Sessions, History failed with error: NetworkError
2026-01-08 05:23:55.160: [INFO][SyncSchedulerImpl::DoNudgeSyncCycleJob] Syncer error: Network error (ERR_NAME_NOT_RESOLVED)
2026-01-08 05:23:55.161: [WARN][Sync] NetworkError: Network error (ERR_NAME_NOT_RESOLVED)
2026-01-08 05:23:57.469: [INFO][SyncSchedulerImpl::OnSyncNetworkError] Syncer error: Network error (ERR_NAME_NOT_RESOLVED)
2026-01-08 05:23:57.469: [INFO][Commit::ReportFullCommitFailure] Commit Sessions, History failed with error: NetworkError
2026-01-08 05:23:57.469: [INFO][SyncSchedulerImpl::DoNudgeSyncCycleJob] Syncer error: Network error (ERR_NAME_NOT_RESOLVED)
2026-01-08 05:23:57.471: [WARN][Sync] NetworkError: Network error (ERR_NAME_NOT_RESOLVED)
2026-01-08 05:26:44.354: [INFO][SyncSchedulerImpl::OnSyncNetworkError] Syncer error: Network error (ERR_NAME_NOT_RESOLVED)
2026-01-08 05:26:44.355: [INFO][Commit::ReportFullCommitFailure] Commit Sessions, History failed with error: NetworkError
2026-01-08 05:26:44.355: [INFO][SyncSchedulerImpl::DoNudgeSyncCycleJob] Syncer error: Network error (ERR_NAME_NOT_RESOLVED)
2026-01-08 05:26:44.356: [WARN][Sync] NetworkError: Network error (ERR_NAME_NOT_RESOLVED)
2026-01-08 05:26:46.869: [INFO][SyncSchedulerImpl::OnSyncNetworkError] Syncer error: Network error (ERR_NAME_NOT_RESOLVED)
2026-01-08 05:26:46.869: [INFO][Commit::ReportFullCommitFailure] Commit Sessions, History failed with error: NetworkError
2026-01-08 05:26:46.869: [INFO][SyncSchedulerImpl::DoNudgeSyncCycleJob] Syncer error: Network error (ERR_NAME_NOT_RESOLVED)
2026-01-08 05:26:46.870: [WARN][Sync] NetworkError: Network error (ERR_NAME_NOT_RESOLVED)
2026-01-08 05:26:53.136: [INFO][SyncSchedulerImpl::OnSyncNetworkError] Syncer error: Network error (ERR_NAME_NOT_RESOLVED)
2026-01-08 05:26:53.136: [INFO][Commit::ReportFullCommitFailure] Commit Sessions, History failed with error: NetworkError
2026-01-08 05:26:53.136: [INFO][SyncSchedulerImpl::DoNudgeSyncCycleJob] Syncer error: Network error (ERR_NAME_NOT_RESOLVED)
2026-01-08 05:26:53.137: [WARN][Sync] NetworkError: Network error (ERR_NAME_NOT_RESOLVED)
2026-01-08 05:27:08.772: [INFO][SyncSchedulerImpl::OnSyncNetworkError] Syncer error: Network error (ERR_NAME_NOT_RESOLVED)
2026-01-08 05:27:08.772: [INFO][Commit::ReportFullCommitFailure] Commit Sessions, History failed with error: NetworkError
2026-01-08 05:27:08.772: [INFO][SyncSchedulerImpl::DoNudgeSyncCycleJob] Syncer error: Network error (ERR_NAME_NOT_RESOLVED)
2026-01-08 05:27:08.774: [WARN][Sync] NetworkError: Network error (ERR_NAME_NOT_RESOLVED)
2026-01-08 05:27:55.219: [INFO][SyncSchedulerImpl::OnSyncNetworkError] Syncer error: Network error (ERR_NAME_NOT_RESOLVED)
2026-01-08 05:27:55.219: [INFO][Commit::ReportFullCommitFailure] Commit Sessions, History failed with error: NetworkError
2026-01-08 05:27:55.219: [INFO][SyncSchedulerImpl::DoNudgeSyncCycleJob] Syncer error: Network error (ERR_NAME_NOT_RESOLVED)
2026-01-08 05:27:55.220: [WARN][Sync] NetworkError: Network error (ERR_NAME_NOT_RESOLVED)
2026-01-08 05:27:55.227: [INFO][SyncSchedulerImpl::OnSyncNetworkError] Syncer error: Network error (ERR_NAME_NOT_RESOLVED)
2026-01-08 05:27:55.227: [INFO][Commit::ReportFullCommitFailure] Commit Sessions, History failed with error: NetworkError
2026-01-08 05:27:55.227: [INFO][SyncSchedulerImpl::DoNudgeSyncCycleJob] Syncer error: Network error (ERR_NAME_NOT_RESOLVED)
2026-01-08 05:27:55.228: [WARN][Sync] NetworkError: Network error (ERR_NAME_NOT_RESOLVED)
2026-01-08 05:28:27.146: [INFO][SyncSchedulerImpl::OnSyncNetworkError] Syncer error: Network error (ERR_NAME_NOT_RESOLVED)
2026-01-08 05:28:27.146: [INFO][Commit::ReportFullCommitFailure] Commit Sessions, History failed with error: NetworkError
2026-01-08 05:28:27.146: [INFO][SyncSchedulerImpl::DoNudgeSyncCycleJob] Syncer error: Network error (ERR_NAME_NOT_RESOLVED)
2026-01-08 05:28:27.147: [WARN][Sync] NetworkError: Network error (ERR_NAME_NOT_RESOLVED)
2026-01-08 05:30:00.146: [INFO][Sync] Reset engine, reason: 0
2026-01-08 05:30:00.146: [INFO][Sync] Reset engine with reason: 0
2026-01-08 05:30:45.326: [INFO][Sync] SyncState after authenticated was: FeatureCanStart
2026-01-08 05:30:46.662: [INFO][SyncAuthManager::SetLastAuthError] Current auth error: None
2026-01-08 05:30:46.662: [INFO][SyncAuthManager::EdgeLogTokenErrorState] Token error with: None for account type: MSA
2026-01-08 05:30:46.662: [INFO][Sync] Credentials changed for: EdgeSyncKeyDataScope
2026-01-08 05:30:49.993: [INFO][Sync] Try to start sync engine
2026-01-08 05:30:50.021: [INFO][SyncManagerImpl::NudgeForInitialDownload] Initial download nudge for Encryption Keys
2026-01-08 05:30:50.021: [INFO][SyncEngineBackend::LoadAndConnectNigoriController] Load and connect Nigori controller
2026-01-08 05:30:50.021: [INFO][SyncEngineBackend::DoInitialize] Control Types added: Encryption Keys
2026-01-08 05:30:50.021: [INFO][SyncManagerImpl::ConfigureSyncer] Types to download: Encryption Keys with reason: 3
2026-01-08 05:30:50.021: [INFO][SyncEngineBackend::DoUpdateKeyDataCredentials] Update key data credentials
2026-01-08 05:30:50.021: [INFO][SyncSchedulerImpl::DoConfigurationSyncCycleJob] Configure job was blocked
2026-01-08 05:30:50.038: [INFO][SyncAuthManager::SetLastAuthError] Current auth error: None
2026-01-08 05:30:50.038: [INFO][SyncAuthManager::EdgeLogTokenErrorState] Token error with: None for account type: MSA
2026-01-08 05:30:50.038: [INFO][Sync] Credentials changed for: EdgeSyncScopeNew
2026-01-08 05:30:50.038: [INFO][SyncEngineBackend::DoUpdateCredentials] Update credentials
2026-01-08 05:30:50.038: [INFO][SyncSchedulerImpl::DoConfigurationSyncCycleJob] Blocked types:  and types to download: Encryption Keys
2026-01-08 05:30:50.492: [INFO][SyncEngineBackend::DoUpdateKeyDataCredentials] Update key data credentials
2026-01-08 05:30:50.495: [INFO][Sync] Started DataTypeManager configuration, reason: 4
2026-01-08 05:30:50.495: [INFO][Sync] Configuring for: Bookmarks, Preferences, Passwords, Autofill Profiles, Autofill, Extensions, Sessions, Extension settings, History Delete Directives, Device Info, User Consents, Send Tab To Self, Web Apps, History, Saved Tab Group, WebAuthn Credentials, Collection, Edge E Drop, Edge Hub App Usage, Edge Wallet, Encryption Keys, reason: 4, current state: 0
2026-01-08 05:30:50.495: [WARN][Sync] Crypto error data types: Passwords, Autofill Profiles, Autofill
2026-01-08 05:30:50.495: [INFO][Sync] Configure, desired: Bookmarks, Preferences, Extensions, Sessions, Extension settings, History Delete Directives, Device Info, User Consents, Send Tab To Self, Web Apps, History, Saved Tab Group, WebAuthn Credentials, Collection, Edge E Drop, Edge Hub App Usage, Edge Wallet, Encryption Keys; Allow fail: Passwords, Autofill Profiles, Autofill
2026-01-08 05:30:50.495: [INFO][Sync] Loading: Bookmarks
2026-01-08 05:30:50.495: [INFO][Sync] Loading: Preferences
2026-01-08 05:30:50.495: [INFO][Sync] Loading: Extensions
2026-01-08 05:30:50.495: [INFO][Sync] Loading: Sessions
2026-01-08 05:30:50.495: [INFO][Sync] Loading: Extension settings
2026-01-08 05:30:50.495: [INFO][Sync] Loading: History Delete Directives
2026-01-08 05:30:50.496: [INFO][Sync] Loading: Device Info
2026-01-08 05:30:50.496: [INFO][Sync] Loading: User Consents
2026-01-08 05:30:50.496: [INFO][Sync] Loading: Send Tab To Self
2026-01-08 05:30:50.496: [INFO][Sync] Loading: Web Apps
2026-01-08 05:30:50.496: [INFO][Sync] Loading: History
2026-01-08 05:30:50.496: [INFO][Sync] Loading: Saved Tab Group
2026-01-08 05:30:50.496: [INFO][Sync] Loading: WebAuthn Credentials
2026-01-08 05:30:50.496: [INFO][Sync] Loading: Collection
2026-01-08 05:30:50.496: [INFO][Sync] Loading: Edge E Drop
2026-01-08 05:30:50.496: [INFO][Sync] Loading: Edge Hub App Usage
2026-01-08 05:30:50.496: [INFO][Sync] Loading: Edge Wallet
2026-01-08 05:30:50.500: [INFO][Sync] All data types are ready for configure.
2026-01-08 05:30:51.296: [INFO][Sync] Started DataTypeManager configuration, reason: 5
2026-01-08 05:30:51.296: [INFO][Sync] Configuring for: Bookmarks, Preferences, Passwords, Autofill Profiles, Autofill, Extensions, Sessions, Extension settings, History Delete Directives, Device Info, User Consents, Send Tab To Self, Web Apps, History, Saved Tab Group, WebAuthn Credentials, Collection, Edge E Drop, Edge Hub App Usage, Edge Wallet, Encryption Keys, reason: 5, current state: 1
2026-01-08 05:30:51.297: [INFO][SyncEngineBackend::DoStartConfiguration] Start configuration
2026-01-08 05:30:51.297: [INFO][SyncManagerImpl::ConfigureSyncer] Types to download:  with reason: 4
2026-01-08 05:30:51.297: [INFO][SyncEngineBackend::DoFinishConfigureDataTypes] Failed to download types:  and succeeded types: 
2026-01-08 05:30:51.297: [INFO][Sync] ConfigurationDone, failed: , succeeded: , remaining count: 4
2026-01-08 05:30:51.297: [WARN][Sync]     Reconfigure requested while configuration ongoing.
2026-01-08 05:30:51.297: [INFO][Sync] Configuring for: Bookmarks, Preferences, Passwords, Autofill Profiles, Autofill, Extensions, Sessions, Extension settings, History Delete Directives, Device Info, User Consents, Send Tab To Self, Web Apps, History, Saved Tab Group, WebAuthn Credentials, Collection, Edge E Drop, Edge Hub App Usage, Edge Wallet, Encryption Keys, reason: 5, current state: 2
2026-01-08 05:30:51.297: [INFO][Sync] Configure, desired: Bookmarks, Preferences, Passwords, Autofill Profiles, Autofill, Extensions, Sessions, Extension settings, History Delete Directives, Device Info, User Consents, Send Tab To Self, Web Apps, History, Saved Tab Group, WebAuthn Credentials, Collection, Edge E Drop, Edge Hub App Usage, Edge Wallet, Encryption Keys; Allow fail: 
2026-01-08 05:30:51.297: [INFO][Sync] Loading: Passwords
2026-01-08 05:30:51.297: [INFO][Sync] Loading: Autofill Profiles
2026-01-08 05:30:51.297: [INFO][Sync] Loading: Autofill
2026-01-08 05:30:51.297: [INFO][Sync] All data types are ready for configure.
2026-01-08 05:30:51.297: [INFO][SyncManagerImpl::NudgeForInitialDownload] Initial download nudge for Passwords
2026-01-08 05:30:51.297: [INFO][SyncManagerImpl::ConfigureSyncer] Types to download:  with reason: 5
2026-01-08 05:30:51.297: [INFO][SyncEngineBackend::DoFinishConfigureDataTypes] Failed to download types:  and succeeded types: 
2026-01-08 05:30:51.297: [INFO][Sync] ConfigurationDone, failed: , succeeded: , remaining count: 4
2026-01-08 05:30:51.297: [INFO][Sync] Prepare to configure types: Passwords, Encryption Keys
2026-01-08 05:30:51.298: [INFO][SyncManagerImpl::ConfigureSyncer] Types to download: Passwords, Encryption Keys with reason: 5
2026-01-08 05:30:51.298: [INFO][SyncSchedulerImpl::DoConfigurationSyncCycleJob] Blocked types:  and types to download: Passwords, Encryption Keys
2026-01-08 05:30:51.459: [INFO][SyncEngineBackend::DoFinishConfigureDataTypes] Failed to download types:  and succeeded types: Passwords, Encryption Keys
2026-01-08 05:30:51.460: [INFO][Sync] ConfigurationDone, failed: , succeeded: Passwords, Encryption Keys, remaining count: 3
2026-01-08 05:30:51.460: [INFO][SyncManagerImpl::ConfigureSyncer] Types to download:  with reason: 5
2026-01-08 05:30:51.460: [INFO][SyncEngineBackend::DoFinishConfigureDataTypes] Failed to download types:  and succeeded types: 
2026-01-08 05:30:51.460: [INFO][Sync] ConfigurationDone, failed: , succeeded: , remaining count: 2
2026-01-08 05:30:51.460: [INFO][SyncManagerImpl::ConfigureSyncer] Types to download:  with reason: 5
2026-01-08 05:30:51.460: [INFO][SyncEngineBackend::DoFinishConfigureDataTypes] Failed to download types:  and succeeded types: 
2026-01-08 05:30:51.462: [INFO][Sync] ConfigurationDone, failed: , succeeded: , remaining count: 1
2026-01-08 05:30:51.463: [INFO][SyncManagerImpl::ConfigureSyncer] Types to download:  with reason: 5
2026-01-08 05:30:51.463: [INFO][SyncEngineBackend::DoFinishConfigureDataTypes] Failed to download types:  and succeeded types: 
2026-01-08 05:30:51.463: [INFO][Sync] ConfigurationDone, failed: , succeeded: , remaining count: 0
2026-01-08 05:30:51.464: [INFO][Sync]     Configuration completed, state: 7
2026-01-08 05:30:51.464: [INFO][Sync] Configured DataTypeManager: Ok
2026-01-08 05:30:51.465: [INFO][SyncEngineBackend::DoStartSyncing] Start syncing
2026-01-08 05:31:28.245: [INFO][Sync] Reset engine, reason: 0
2026-01-08 05:31:28.246: [INFO][Sync] Reset engine with reason: 0
2026-01-08 05:54:31.164: [INFO][Sync] SyncState after authenticated was: FeatureCanStart
2026-01-08 05:54:32.328: [INFO][SyncAuthManager::SetLastAuthError] Current auth error: None
2026-01-08 05:54:32.328: [INFO][SyncAuthManager::EdgeLogTokenErrorState] Token error with: None for account type: MSA
2026-01-08 05:54:32.328: [INFO][Sync] Credentials changed for: EdgeSyncKeyDataScope
2026-01-08 05:54:35.917: [INFO][Sync] Try to start sync engine
2026-01-08 05:54:35.965: [INFO][SyncManagerImpl::NudgeForInitialDownload] Initial download nudge for Encryption Keys
2026-01-08 05:54:35.965: [INFO][SyncEngineBackend::LoadAndConnectNigoriController] Load and connect Nigori controller
2026-01-08 05:54:35.965: [INFO][SyncEngineBackend::DoInitialize] Control Types added: Encryption Keys
2026-01-08 05:54:35.965: [INFO][SyncManagerImpl::ConfigureSyncer] Types to download: Encryption Keys with reason: 3
2026-01-08 05:54:35.965: [INFO][SyncEngineBackend::DoUpdateKeyDataCredentials] Update key data credentials
2026-01-08 05:54:35.965: [INFO][SyncSchedulerImpl::DoConfigurationSyncCycleJob] Configure job was blocked
2026-01-08 05:54:35.979: [INFO][SyncAuthManager::SetLastAuthError] Current auth error: None
2026-01-08 05:54:35.979: [INFO][SyncAuthManager::EdgeLogTokenErrorState] Token error with: None for account type: MSA
2026-01-08 05:54:35.979: [INFO][Sync] Credentials changed for: EdgeSyncScopeNew
2026-01-08 05:54:35.979: [INFO][SyncEngineBackend::DoUpdateCredentials] Update credentials
2026-01-08 05:54:35.979: [INFO][SyncSchedulerImpl::DoConfigurationSyncCycleJob] Blocked types:  and types to download: Encryption Keys
2026-01-08 05:54:36.346: [INFO][SyncEngineBackend::DoUpdateKeyDataCredentials] Update key data credentials
2026-01-08 05:54:36.349: [INFO][Sync] Started DataTypeManager configuration, reason: 4
2026-01-08 05:54:36.349: [INFO][Sync] Configuring for: Bookmarks, Preferences, Passwords, Autofill Profiles, Autofill, Extensions, Sessions, Extension settings, History Delete Directives, Device Info, User Consents, Send Tab To Self, Web Apps, History, Saved Tab Group, WebAuthn Credentials, Collection, Edge E Drop, Edge Hub App Usage, Edge Wallet, Encryption Keys, reason: 4, current state: 0
2026-01-08 05:54:36.349: [WARN][Sync] Crypto error data types: Passwords, Autofill Profiles, Autofill
2026-01-08 05:54:36.349: [INFO][Sync] Configure, desired: Bookmarks, Preferences, Extensions, Sessions, Extension settings, History Delete Directives, Device Info, User Consents, Send Tab To Self, Web Apps, History, Saved Tab Group, WebAuthn Credentials, Collection, Edge E Drop, Edge Hub App Usage, Edge Wallet, Encryption Keys; Allow fail: Passwords, Autofill Profiles, Autofill
2026-01-08 05:54:36.349: [INFO][Sync] Loading: Bookmarks
2026-01-08 05:54:36.349: [INFO][Sync] Loading: Preferences
2026-01-08 05:54:36.350: [INFO][Sync] Loading: Extensions
2026-01-08 05:54:36.350: [INFO][Sync] Loading: Sessions
2026-01-08 05:54:36.350: [INFO][Sync] Loading: Extension settings
2026-01-08 05:54:36.350: [INFO][Sync] Loading: History Delete Directives
2026-01-08 05:54:36.350: [INFO][Sync] Loading: Device Info
2026-01-08 05:54:36.350: [INFO][Sync] Loading: User Consents
2026-01-08 05:54:36.350: [INFO][Sync] Loading: Send Tab To Self
2026-01-08 05:54:36.350: [INFO][Sync] Loading: Web Apps
2026-01-08 05:54:36.350: [INFO][Sync] Loading: History
2026-01-08 05:54:36.350: [INFO][Sync] Loading: Saved Tab Group
2026-01-08 05:54:36.350: [INFO][Sync] Loading: WebAuthn Credentials
2026-01-08 05:54:36.350: [INFO][Sync] Loading: Collection
2026-01-08 05:54:36.350: [INFO][Sync] Loading: Edge E Drop
2026-01-08 05:54:36.350: [INFO][Sync] Loading: Edge Hub App Usage
2026-01-08 05:54:36.350: [INFO][Sync] Loading: Edge Wallet
2026-01-08 05:54:36.354: [INFO][Sync] All data types are ready for configure.
2026-01-08 05:54:37.495: [INFO][SyncEngineBackend::DoStartConfiguration] Start configuration
2026-01-08 05:54:37.495: [INFO][Sync] Started DataTypeManager configuration, reason: 5
2026-01-08 05:54:37.495: [INFO][SyncManagerImpl::ConfigureSyncer] Types to download:  with reason: 4
2026-01-08 05:54:37.495: [INFO][Sync] Configuring for: Bookmarks, Preferences, Passwords, Autofill Profiles, Autofill, Extensions, Sessions, Extension settings, History Delete Directives, Device Info, User Consents, Send Tab To Self, Web Apps, History, Saved Tab Group, WebAuthn Credentials, Collection, Edge E Drop, Edge Hub App Usage, Edge Wallet, Encryption Keys, reason: 5, current state: 1
2026-01-08 05:54:37.495: [INFO][SyncEngineBackend::DoFinishConfigureDataTypes] Failed to download types:  and succeeded types: 
2026-01-08 05:54:37.496: [INFO][Sync] ConfigurationDone, failed: , succeeded: , remaining count: 4
2026-01-08 05:54:37.496: [WARN][Sync]     Reconfigure requested while configuration ongoing.
2026-01-08 05:54:37.496: [INFO][Sync] Configuring for: Bookmarks, Preferences, Passwords, Autofill Profiles, Autofill, Extensions, Sessions, Extension settings, History Delete Directives, Device Info, User Consents, Send Tab To Self, Web Apps, History, Saved Tab Group, WebAuthn Credentials, Collection, Edge E Drop, Edge Hub App Usage, Edge Wallet, Encryption Keys, reason: 5, current state: 2
2026-01-08 05:54:37.496: [INFO][Sync] Configure, desired: Bookmarks, Preferences, Passwords, Autofill Profiles, Autofill, Extensions, Sessions, Extension settings, History Delete Directives, Device Info, User Consents, Send Tab To Self, Web Apps, History, Saved Tab Group, WebAuthn Credentials, Collection, Edge E Drop, Edge Hub App Usage, Edge Wallet, Encryption Keys; Allow fail: 
2026-01-08 05:54:37.496: [INFO][Sync] Loading: Passwords
2026-01-08 05:54:37.496: [INFO][Sync] Loading: Autofill Profiles
2026-01-08 05:54:37.496: [INFO][Sync] Loading: Autofill
2026-01-08 05:54:37.496: [INFO][Sync] All data types are ready for configure.
2026-01-08 05:54:37.496: [INFO][SyncManagerImpl::NudgeForInitialDownload] Initial download nudge for Passwords
2026-01-08 05:54:37.496: [INFO][SyncManagerImpl::ConfigureSyncer] Types to download:  with reason: 5
2026-01-08 05:54:37.496: [INFO][SyncEngineBackend::DoFinishConfigureDataTypes] Failed to download types:  and succeeded types: 
2026-01-08 05:54:37.496: [INFO][Sync] ConfigurationDone, failed: , succeeded: , remaining count: 4
2026-01-08 05:54:37.496: [INFO][Sync] Prepare to configure types: Passwords, Encryption Keys
2026-01-08 05:54:37.496: [INFO][SyncManagerImpl::ConfigureSyncer] Types to download: Passwords, Encryption Keys with reason: 5
2026-01-08 05:54:37.496: [INFO][SyncSchedulerImpl::DoConfigurationSyncCycleJob] Blocked types:  and types to download: Passwords, Encryption Keys
2026-01-08 05:54:37.663: [INFO][SyncEngineBackend::DoFinishConfigureDataTypes] Failed to download types:  and succeeded types: Passwords, Encryption Keys
2026-01-08 05:54:37.664: [INFO][Sync] ConfigurationDone, failed: , succeeded: Passwords, Encryption Keys, remaining count: 3
2026-01-08 05:54:37.664: [INFO][SyncManagerImpl::ConfigureSyncer] Types to download:  with reason: 5
2026-01-08 05:54:37.664: [INFO][SyncEngineBackend::DoFinishConfigureDataTypes] Failed to download types:  and succeeded types: 
2026-01-08 05:54:37.664: [INFO][Sync] ConfigurationDone, failed: , succeeded: , remaining count: 2
2026-01-08 05:54:37.664: [INFO][SyncManagerImpl::ConfigureSyncer] Types to download:  with reason: 5
2026-01-08 05:54:37.664: [INFO][SyncEngineBackend::DoFinishConfigureDataTypes] Failed to download types:  and succeeded types: 
2026-01-08 05:54:37.666: [INFO][Sync] ConfigurationDone, failed: , succeeded: , remaining count: 1
2026-01-08 05:54:37.667: [INFO][SyncManagerImpl::ConfigureSyncer] Types to download:  with reason: 5
2026-01-08 05:54:37.667: [INFO][SyncEngineBackend::DoFinishConfigureDataTypes] Failed to download types:  and succeeded types: 
2026-01-08 05:54:37.667: [INFO][Sync] ConfigurationDone, failed: , succeeded: , remaining count: 0
2026-01-08 05:54:37.668: [INFO][Sync]     Configuration completed, state: 7
2026-01-08 05:54:37.668: [INFO][Sync] Configured DataTypeManager: Ok
2026-01-08 05:54:37.669: [INFO][SyncEngineBackend::DoStartSyncing] Start syncing
2026-01-08 05:58:32.255: [INFO][Sync] Reset engine, reason: 0
2026-01-08 05:58:32.255: [INFO][Sync] Reset engine with reason: 0
2026-01-08 05:58:32.255: [INFO][SyncSchedulerImpl::OnSyncNetworkError] Syncer error: Network error (ERR_ABORTED)
2026-01-08 05:58:32.255: [INFO][Commit::ReportFullCommitFailure] Commit Sessions, History failed with error: NetworkError
2026-01-08 05:58:32.255: [INFO][SyncSchedulerImpl::DoNudgeSyncCycleJob] Syncer error: Network error (ERR_ABORTED)
2026-01-08 05:59:28.220: [INFO][Sync] SyncState after authenticated was: FeatureCanStart
2026-01-08 05:59:30.288: [INFO][SyncAuthManager::SetLastAuthError] Current auth error: None
2026-01-08 05:59:30.288: [INFO][SyncAuthManager::EdgeLogTokenErrorState] Token error with: None for account type: MSA
2026-01-08 05:59:30.288: [INFO][Sync] Credentials changed for: EdgeSyncKeyDataScope
2026-01-08 05:59:33.091: [INFO][Sync] Try to start sync engine
2026-01-08 05:59:33.102: [INFO][SyncManagerImpl::NudgeForInitialDownload] Initial download nudge for Encryption Keys
2026-01-08 05:59:33.102: [INFO][SyncEngineBackend::LoadAndConnectNigoriController] Load and connect Nigori controller
2026-01-08 05:59:33.102: [INFO][SyncEngineBackend::DoInitialize] Control Types added: Encryption Keys
2026-01-08 05:59:33.102: [INFO][SyncManagerImpl::ConfigureSyncer] Types to download: Encryption Keys with reason: 3
2026-01-08 05:59:33.102: [INFO][SyncEngineBackend::DoUpdateKeyDataCredentials] Update key data credentials
2026-01-08 05:59:33.102: [INFO][SyncSchedulerImpl::DoConfigurationSyncCycleJob] Configure job was blocked
2026-01-08 05:59:33.124: [INFO][SyncAuthManager::SetLastAuthError] Current auth error: None
2026-01-08 05:59:33.124: [INFO][SyncAuthManager::EdgeLogTokenErrorState] Token error with: None for account type: MSA
2026-01-08 05:59:33.124: [INFO][Sync] Credentials changed for: EdgeSyncScopeNew
2026-01-08 05:59:33.124: [INFO][SyncEngineBackend::DoUpdateCredentials] Update credentials
2026-01-08 05:59:33.124: [INFO][SyncSchedulerImpl::DoConfigurationSyncCycleJob] Blocked types:  and types to download: Encryption Keys
2026-01-08 05:59:33.880: [INFO][SyncEngineBackend::DoUpdateKeyDataCredentials] Update key data credentials
2026-01-08 05:59:33.882: [INFO][Sync] Started DataTypeManager configuration, reason: 4
2026-01-08 05:59:33.882: [INFO][Sync] Configuring for: Bookmarks, Preferences, Passwords, Autofill Profiles, Autofill, Extensions, Sessions, Extension settings, History Delete Directives, Device Info, User Consents, Send Tab To Self, Web Apps, History, Saved Tab Group, WebAuthn Credentials, Collection, Edge E Drop, Edge Hub App Usage, Edge Wallet, Encryption Keys, reason: 4, current state: 0
2026-01-08 05:59:33.882: [WARN][Sync] Crypto error data types: Passwords, Autofill Profiles, Autofill
2026-01-08 05:59:33.883: [INFO][Sync] Configure, desired: Bookmarks, Preferences, Extensions, Sessions, Extension settings, History Delete Directives, Device Info, User Consents, Send Tab To Self, Web Apps, History, Saved Tab Group, WebAuthn Credentials, Collection, Edge E Drop, Edge Hub App Usage, Edge Wallet, Encryption Keys; Allow fail: Passwords, Autofill Profiles, Autofill
2026-01-08 05:59:33.883: [INFO][Sync] Loading: Bookmarks
2026-01-08 05:59:33.883: [INFO][Sync] Loading: Preferences
2026-01-08 05:59:33.883: [INFO][Sync] Loading: Extensions
2026-01-08 05:59:33.883: [INFO][Sync] Loading: Sessions
2026-01-08 05:59:33.883: [INFO][Sync] Loading: Extension settings
2026-01-08 05:59:33.883: [INFO][Sync] Loading: History Delete Directives
2026-01-08 05:59:33.883: [INFO][Sync] Loading: Device Info
2026-01-08 05:59:33.883: [INFO][Sync] Loading: User Consents
2026-01-08 05:59:33.883: [INFO][Sync] Loading: Send Tab To Self
2026-01-08 05:59:33.883: [INFO][Sync] Loading: Web Apps
2026-01-08 05:59:33.883: [INFO][Sync] Loading: History
2026-01-08 05:59:33.883: [INFO][Sync] Loading: Saved Tab Group
2026-01-08 05:59:33.883: [INFO][Sync] Loading: WebAuthn Credentials
2026-01-08 05:59:33.883: [INFO][Sync] Loading: Collection
2026-01-08 05:59:33.883: [INFO][Sync] Loading: Edge E Drop
2026-01-08 05:59:33.883: [INFO][Sync] Loading: Edge Hub App Usage
2026-01-08 05:59:33.883: [INFO][Sync] Loading: Edge Wallet
2026-01-08 05:59:33.887: [INFO][Sync] All data types are ready for configure.
2026-01-08 05:59:34.565: [INFO][SyncEngineBackend::DoStartConfiguration] Start configuration
2026-01-08 05:59:34.565: [INFO][SyncManagerImpl::ConfigureSyncer] Types to download:  with reason: 4
2026-01-08 05:59:34.566: [INFO][SyncEngineBackend::DoFinishConfigureDataTypes] Failed to download types:  and succeeded types: 
2026-01-08 05:59:34.566: [INFO][Sync] Started DataTypeManager configuration, reason: 5
2026-01-08 05:59:34.566: [INFO][Sync] Configuring for: Bookmarks, Preferences, Passwords, Autofill Profiles, Autofill, Extensions, Sessions, Extension settings, History Delete Directives, Device Info, User Consents, Send Tab To Self, Web Apps, History, Saved Tab Group, WebAuthn Credentials, Collection, Edge E Drop, Edge Hub App Usage, Edge Wallet, Encryption Keys, reason: 5, current state: 1
2026-01-08 05:59:34.566: [INFO][Sync] ConfigurationDone, failed: , succeeded: , remaining count: 4
2026-01-08 05:59:34.566: [WARN][Sync]     Reconfigure requested while configuration ongoing.
2026-01-08 05:59:34.566: [INFO][Sync] Configuring for: Bookmarks, Preferences, Passwords, Autofill Profiles, Autofill, Extensions, Sessions, Extension settings, History Delete Directives, Device Info, User Consents, Send Tab To Self, Web Apps, History, Saved Tab Group, WebAuthn Credentials, Collection, Edge E Drop, Edge Hub App Usage, Edge Wallet, Encryption Keys, reason: 5, current state: 2
2026-01-08 05:59:34.566: [INFO][Sync] Configure, desired: Bookmarks, Preferences, Passwords, Autofill Profiles, Autofill, Extensions, Sessions, Extension settings, History Delete Directives, Device Info, User Consents, Send Tab To Self, Web Apps, History, Saved Tab Group, WebAuthn Credentials, Collection, Edge E Drop, Edge Hub App Usage, Edge Wallet, Encryption Keys; Allow fail: 
2026-01-08 05:59:34.566: [INFO][Sync] Loading: Passwords
2026-01-08 05:59:34.566: [INFO][Sync] Loading: Autofill Profiles
2026-01-08 05:59:34.566: [INFO][Sync] Loading: Autofill
2026-01-08 05:59:34.567: [INFO][Sync] All data types are ready for configure.
2026-01-08 05:59:34.567: [INFO][SyncManagerImpl::NudgeForInitialDownload] Initial download nudge for Passwords
2026-01-08 05:59:34.567: [INFO][SyncManagerImpl::ConfigureSyncer] Types to download:  with reason: 5
2026-01-08 05:59:34.567: [INFO][SyncEngineBackend::DoFinishConfigureDataTypes] Failed to download types:  and succeeded types: 
2026-01-08 05:59:34.567: [INFO][Sync] ConfigurationDone, failed: , succeeded: , remaining count: 4
2026-01-08 05:59:34.567: [INFO][Sync] Prepare to configure types: Passwords, Encryption Keys
2026-01-08 05:59:34.567: [INFO][SyncManagerImpl::ConfigureSyncer] Types to download: Passwords, Encryption Keys with reason: 5
2026-01-08 05:59:34.567: [INFO][SyncSchedulerImpl::DoConfigurationSyncCycleJob] Blocked types:  and types to download: Passwords, Encryption Keys
2026-01-08 05:59:34.795: [INFO][SyncEngineBackend::DoFinishConfigureDataTypes] Failed to download types:  and succeeded types: Passwords, Encryption Keys
2026-01-08 05:59:34.797: [INFO][Sync] ConfigurationDone, failed: , succeeded: Passwords, Encryption Keys, remaining count: 3
2026-01-08 05:59:34.797: [INFO][SyncManagerImpl::ConfigureSyncer] Types to download:  with reason: 5
2026-01-08 05:59:34.797: [INFO][SyncEngineBackend::DoFinishConfigureDataTypes] Failed to download types:  and succeeded types: 
2026-01-08 05:59:34.797: [INFO][Sync] ConfigurationDone, failed: , succeeded: , remaining count: 2
2026-01-08 05:59:34.797: [INFO][SyncManagerImpl::ConfigureSyncer] Types to download:  with reason: 5
2026-01-08 05:59:34.797: [INFO][SyncEngineBackend::DoFinishConfigureDataTypes] Failed to download types:  and succeeded types: 
2026-01-08 05:59:34.799: [INFO][Sync] ConfigurationDone, failed: , succeeded: , remaining count: 1
2026-01-08 05:59:34.800: [INFO][SyncManagerImpl::ConfigureSyncer] Types to download:  with reason: 5
2026-01-08 05:59:34.800: [INFO][SyncEngineBackend::DoFinishConfigureDataTypes] Failed to download types:  and succeeded types: 
2026-01-08 05:59:34.800: [INFO][Sync] ConfigurationDone, failed: , succeeded: , remaining count: 0
2026-01-08 05:59:34.800: [INFO][Sync]     Configuration completed, state: 7
2026-01-08 05:59:34.801: [INFO][Sync] Configured DataTypeManager: Ok
2026-01-08 05:59:34.802: [INFO][SyncEngineBackend::DoStartSyncing] Start syncing
2026-01-08 06:00:40.159: [INFO][Sync] Reset engine, reason: 0
2026-01-08 06:00:40.159: [INFO][Sync] Reset engine with reason: 0
2026-01-08 06:01:49.630: [INFO][Sync] SyncState after authenticated was: FeatureCanStart
2026-01-08 06:01:50.871: [INFO][SyncAuthManager::SetLastAuthError] Current auth error: None
2026-01-08 06:01:50.871: [INFO][SyncAuthManager::EdgeLogTokenErrorState] Token error with: None for account type: MSA
2026-01-08 06:01:50.871: [INFO][Sync] Credentials changed for: EdgeSyncKeyDataScope
2026-01-08 06:01:54.784: [INFO][Sync] Try to start sync engine
2026-01-08 06:01:54.841: [INFO][SyncManagerImpl::NudgeForInitialDownload] Initial download nudge for Encryption Keys
2026-01-08 06:01:54.841: [INFO][SyncEngineBackend::LoadAndConnectNigoriController] Load and connect Nigori controller
2026-01-08 06:01:54.841: [INFO][SyncEngineBackend::DoInitialize] Control Types added: Encryption Keys
2026-01-08 06:01:54.841: [INFO][SyncManagerImpl::ConfigureSyncer] Types to download: Encryption Keys with reason: 3
2026-01-08 06:01:54.841: [INFO][SyncEngineBackend::DoUpdateKeyDataCredentials] Update key data credentials
2026-01-08 06:01:54.841: [INFO][SyncSchedulerImpl::DoConfigurationSyncCycleJob] Configure job was blocked
2026-01-08 06:01:54.867: [INFO][SyncAuthManager::SetLastAuthError] Current auth error: None
2026-01-08 06:01:54.867: [INFO][SyncAuthManager::EdgeLogTokenErrorState] Token error with: None for account type: MSA
2026-01-08 06:01:54.867: [INFO][Sync] Credentials changed for: EdgeSyncScopeNew
2026-01-08 06:01:54.867: [INFO][SyncEngineBackend::DoUpdateCredentials] Update credentials
2026-01-08 06:01:54.867: [INFO][SyncSchedulerImpl::DoConfigurationSyncCycleJob] Blocked types:  and types to download: Encryption Keys
2026-01-08 06:01:55.600: [INFO][SyncEngineBackend::DoUpdateKeyDataCredentials] Update key data credentials
2026-01-08 06:01:55.607: [INFO][Sync] Started DataTypeManager configuration, reason: 4
2026-01-08 06:01:55.607: [INFO][Sync] Configuring for: Bookmarks, Preferences, Passwords, Autofill Profiles, Autofill, Extensions, Sessions, Extension settings, History Delete Directives, Device Info, User Consents, Send Tab To Self, Web Apps, History, Saved Tab Group, WebAuthn Credentials, Collection, Edge E Drop, Edge Hub App Usage, Edge Wallet, Encryption Keys, reason: 4, current state: 0
2026-01-08 06:01:55.607: [WARN][Sync] Crypto error data types: Passwords, Autofill Profiles, Autofill
2026-01-08 06:01:55.609: [INFO][Sync] Configure, desired: Bookmarks, Preferences, Extensions, Sessions, Extension settings, History Delete Directives, Device Info, User Consents, Send Tab To Self, Web Apps, History, Saved Tab Group, WebAuthn Credentials, Collection, Edge E Drop, Edge Hub App Usage, Edge Wallet, Encryption Keys; Allow fail: Passwords, Autofill Profiles, Autofill
2026-01-08 06:01:55.609: [INFO][Sync] Loading: Bookmarks
2026-01-08 06:01:55.609: [INFO][Sync] Loading: Preferences
2026-01-08 06:01:55.610: [INFO][Sync] Loading: Extensions
2026-01-08 06:01:55.610: [INFO][Sync] Loading: Sessions
2026-01-08 06:01:55.610: [INFO][Sync] Loading: Extension settings
2026-01-08 06:01:55.610: [INFO][Sync] Loading: History Delete Directives
2026-01-08 06:01:55.610: [INFO][Sync] Loading: Device Info
2026-01-08 06:01:55.610: [INFO][Sync] Loading: User Consents
2026-01-08 06:01:55.610: [INFO][Sync] Loading: Send Tab To Self
2026-01-08 06:01:55.610: [INFO][Sync] Loading: Web Apps
2026-01-08 06:01:55.610: [INFO][Sync] Loading: History
2026-01-08 06:01:55.610: [INFO][Sync] Loading: Saved Tab Group
2026-01-08 06:01:55.610: [INFO][Sync] Loading: WebAuthn Credentials
2026-01-08 06:01:55.610: [INFO][Sync] Loading: Collection
2026-01-08 06:01:55.610: [INFO][Sync] Loading: Edge E Drop
2026-01-08 06:01:55.610: [INFO][Sync] Loading: Edge Hub App Usage
2026-01-08 06:01:55.610: [INFO][Sync] Loading: Edge Wallet
2026-01-08 06:01:55.620: [INFO][Sync] All data types are ready for configure.
2026-01-08 06:01:56.380: [INFO][Sync] Started DataTypeManager configuration, reason: 5
2026-01-08 06:01:56.381: [INFO][Sync] Configuring for: Bookmarks, Preferences, Passwords, Autofill Profiles, Autofill, Extensions, Sessions, Extension settings, History Delete Directives, Device Info, User Consents, Send Tab To Self, Web Apps, History, Saved Tab Group, WebAuthn Credentials, Collection, Edge E Drop, Edge Hub App Usage, Edge Wallet, Encryption Keys, reason: 5, current state: 1
2026-01-08 06:01:56.381: [INFO][SyncEngineBackend::DoStartConfiguration] Start configuration
2026-01-08 06:01:56.381: [INFO][SyncManagerImpl::ConfigureSyncer] Types to download:  with reason: 4
2026-01-08 06:01:56.381: [INFO][SyncEngineBackend::DoFinishConfigureDataTypes] Failed to download types:  and succeeded types: 
2026-01-08 06:01:56.381: [INFO][Sync] ConfigurationDone, failed: , succeeded: , remaining count: 4
2026-01-08 06:01:56.381: [WARN][Sync]     Reconfigure requested while configuration ongoing.
2026-01-08 06:01:56.381: [INFO][Sync] Configuring for: Bookmarks, Preferences, Passwords, Autofill Profiles, Autofill, Extensions, Sessions, Extension settings, History Delete Directives, Device Info, User Consents, Send Tab To Self, Web Apps, History, Saved Tab Group, WebAuthn Credentials, Collection, Edge E Drop, Edge Hub App Usage, Edge Wallet, Encryption Keys, reason: 5, current state: 2
2026-01-08 06:01:56.381: [INFO][Sync] Configure, desired: Bookmarks, Preferences, Passwords, Autofill Profiles, Autofill, Extensions, Sessions, Extension settings, History Delete Directives, Device Info, User Consents, Send Tab To Self, Web Apps, History, Saved Tab Group, WebAuthn Credentials, Collection, Edge E Drop, Edge Hub App Usage, Edge Wallet, Encryption Keys; Allow fail: 
2026-01-08 06:01:56.381: [INFO][Sync] Loading: Passwords
2026-01-08 06:01:56.381: [INFO][Sync] Loading: Autofill Profiles
2026-01-08 06:01:56.381: [INFO][Sync] Loading: Autofill
2026-01-08 06:01:56.382: [INFO][Sync] All data types are ready for configure.
2026-01-08 06:01:56.382: [INFO][SyncManagerImpl::NudgeForInitialDownload] Initial download nudge for Passwords
2026-01-08 06:01:56.382: [INFO][SyncManagerImpl::ConfigureSyncer] Types to download:  with reason: 5
2026-01-08 06:01:56.382: [INFO][SyncEngineBackend::DoFinishConfigureDataTypes] Failed to download types:  and succeeded types: 
2026-01-08 06:01:56.382: [INFO][Sync] ConfigurationDone, failed: , succeeded: , remaining count: 4
2026-01-08 06:01:56.382: [INFO][Sync] Prepare to configure types: Passwords, Encryption Keys
2026-01-08 06:01:56.382: [INFO][SyncManagerImpl::ConfigureSyncer] Types to download: Passwords, Encryption Keys with reason: 5
2026-01-08 06:01:56.382: [INFO][SyncSchedulerImpl::DoConfigurationSyncCycleJob] Blocked types:  and types to download: Passwords, Encryption Keys
2026-01-08 06:01:56.904: [INFO][SyncEngineBackend::DoFinishConfigureDataTypes] Failed to download types:  and succeeded types: Passwords, Encryption Keys
2026-01-08 06:01:56.905: [INFO][Sync] ConfigurationDone, failed: , succeeded: Passwords, Encryption Keys, remaining count: 3
2026-01-08 06:01:56.905: [INFO][SyncManagerImpl::ConfigureSyncer] Types to download:  with reason: 5
2026-01-08 06:01:56.905: [INFO][SyncEngineBackend::DoFinishConfigureDataTypes] Failed to download types:  and succeeded types: 
2026-01-08 06:01:56.905: [INFO][Sync] ConfigurationDone, failed: , succeeded: , remaining count: 2
2026-01-08 06:01:56.905: [INFO][SyncManagerImpl::ConfigureSyncer] Types to download:  with reason: 5
2026-01-08 06:01:56.905: [INFO][SyncEngineBackend::DoFinishConfigureDataTypes] Failed to download types:  and succeeded types: 
2026-01-08 06:01:56.907: [INFO][Sync] ConfigurationDone, failed: , succeeded: , remaining count: 1
2026-01-08 06:01:56.908: [INFO][SyncManagerImpl::ConfigureSyncer] Types to download:  with reason: 5
2026-01-08 06:01:56.908: [INFO][SyncEngineBackend::DoFinishConfigureDataTypes] Failed to download types:  and succeeded types: 
2026-01-08 06:01:56.908: [INFO][Sync] ConfigurationDone, failed: , succeeded: , remaining count: 0
2026-01-08 06:01:56.909: [INFO][Sync]     Configuration completed, state: 7
2026-01-08 06:01:56.909: [INFO][Sync] Configured DataTypeManager: Ok
2026-01-08 06:01:56.910: [INFO][SyncEngineBackend::DoStartSyncing] Start syncing
2026-01-08 06:02:51.852: [INFO][SyncSchedulerImpl::OnSyncNetworkError] Syncer error: Network error (ERR_NAME_NOT_RESOLVED)
2026-01-08 06:02:51.852: [INFO][Commit::ReportFullCommitFailure] Commit Sessions, Device Info, History failed with error: NetworkError
2026-01-08 06:02:51.852: [INFO][SyncSchedulerImpl::DoNudgeSyncCycleJob] Syncer error: Network error (ERR_NAME_NOT_RESOLVED)
2026-01-08 06:02:51.853: [WARN][Sync] NetworkError: Network error (ERR_NAME_NOT_RESOLVED)
2026-01-08 06:02:53.356: [INFO][SyncSchedulerImpl::OnSyncNetworkError] Syncer error: Network error (ERR_NAME_NOT_RESOLVED)
2026-01-08 06:02:53.356: [INFO][Commit::ReportFullCommitFailure] Commit Sessions, Device Info, History failed with error: NetworkError
2026-01-08 06:02:53.356: [INFO][SyncSchedulerImpl::DoNudgeSyncCycleJob] Syncer error: Network error (ERR_NAME_NOT_RESOLVED)
2026-01-08 06:02:53.357: [WARN][Sync] NetworkError: Network error (ERR_NAME_NOT_RESOLVED)
2026-01-08 06:02:55.619: [INFO][SyncSchedulerImpl::OnSyncNetworkError] Syncer error: Network error (ERR_NAME_NOT_RESOLVED)
2026-01-08 06:02:55.620: [INFO][Commit::ReportFullCommitFailure] Commit Sessions, Device Info, History failed with error: NetworkError
2026-01-08 06:02:55.620: [INFO][SyncSchedulerImpl::DoNudgeSyncCycleJob] Syncer error: Network error (ERR_NAME_NOT_RESOLVED)
2026-01-08 06:02:55.621: [WARN][Sync] NetworkError: Network error (ERR_NAME_NOT_RESOLVED)
2026-01-08 06:02:59.011: [INFO][SyncSchedulerImpl::OnSyncNetworkError] Syncer error: Network error (ERR_NAME_NOT_RESOLVED)
2026-01-08 06:02:59.011: [INFO][Commit::ReportFullCommitFailure] Commit Sessions, Device Info, History failed with error: NetworkError
2026-01-08 06:02:59.011: [INFO][SyncSchedulerImpl::DoNudgeSyncCycleJob] Syncer error: Network error (ERR_NAME_NOT_RESOLVED)
2026-01-08 06:02:59.013: [WARN][Sync] NetworkError: Network error (ERR_NAME_NOT_RESOLVED)
2026-01-08 06:03:04.081: [INFO][SyncSchedulerImpl::OnSyncNetworkError] Syncer error: Network error (ERR_NAME_NOT_RESOLVED)
2026-01-08 06:03:04.081: [INFO][Commit::ReportFullCommitFailure] Commit Sessions, Device Info, History failed with error: NetworkError
2026-01-08 06:03:04.081: [INFO][SyncSchedulerImpl::DoNudgeSyncCycleJob] Syncer error: Network error (ERR_NAME_NOT_RESOLVED)
2026-01-08 06:03:04.082: [WARN][Sync] NetworkError: Network error (ERR_NAME_NOT_RESOLVED)
2026-01-08 06:03:16.756: [INFO][SyncSchedulerImpl::OnSyncNetworkError] Syncer error: Network error (ERR_NAME_NOT_RESOLVED)
2026-01-08 06:03:16.756: [INFO][Commit::ReportFullCommitFailure] Commit Sessions, Device Info, History failed with error: NetworkError
2026-01-08 06:03:16.756: [INFO][SyncSchedulerImpl::DoNudgeSyncCycleJob] Syncer error: Network error (ERR_NAME_NOT_RESOLVED)
2026-01-08 06:03:16.758: [WARN][Sync] NetworkError: Network error (ERR_NAME_NOT_RESOLVED)
2026-01-08 06:03:33.327: [INFO][Sync] Reset engine, reason: 0
2026-01-08 06:03:33.327: [INFO][Sync] Reset engine with reason: 0
2026-01-08 06:06:32.432: [INFO][Sync] SyncState after authenticated was: FeatureCanStart
2026-01-08 06:06:36.842: [INFO][Sync] Try to start sync engine
2026-01-08 06:06:36.884: [INFO][SyncManagerImpl::NudgeForInitialDownload] Initial download nudge for Encryption Keys
2026-01-08 06:06:36.884: [INFO][SyncEngineBackend::LoadAndConnectNigoriController] Load and connect Nigori controller
2026-01-08 06:06:36.884: [INFO][SyncEngineBackend::DoInitialize] Control Types added: Encryption Keys
2026-01-08 06:06:36.884: [INFO][SyncManagerImpl::ConfigureSyncer] Types to download: Encryption Keys with reason: 3
2026-01-08 06:06:36.884: [INFO][SyncSchedulerImpl::DoConfigurationSyncCycleJob] Configure job was blocked
2026-01-08 06:06:36.897: [INFO][SyncAuthManager::SetLastAuthError] Current auth error: None
2026-01-08 06:06:36.897: [INFO][SyncAuthManager::EdgeLogTokenErrorState] Token error with: None for account type: MSA
2026-01-08 06:06:36.897: [INFO][Sync] Credentials changed for: EdgeSyncScopeNew
2026-01-08 06:07:02.613: [INFO][SyncAuthManager::EdgeLogTokenErrorState] Token error with: Edge auth error: Exceeded max duration. for account type: MSA
2026-01-08 06:07:02.613: [INFO][Sync] Credentials changed for: EdgeSyncKeyDataScope
2026-01-08 06:07:02.613: [INFO][SyncEngineBackend::DoUpdateCredentials] Update credentials
2026-01-08 06:07:02.613: [INFO][SyncSchedulerImpl::DoConfigurationSyncCycleJob] Blocked types:  and types to download: Encryption Keys
2026-01-08 06:07:02.615: [INFO][SyncSchedulerImpl::OnSyncNetworkError] Syncer error: Network error (ERR_NAME_NOT_RESOLVED)
2026-01-08 06:07:02.615: [INFO][SyncSchedulerImpl::DoConfigurationSyncCycleJob] Syncer error: Network error (ERR_NAME_NOT_RESOLVED)
2026-01-08 06:07:02.616: [WARN][Sync] NetworkError: Network error (ERR_NAME_NOT_RESOLVED)
2026-01-08 06:07:04.594: [INFO][Sync] Reset engine, reason: 0
2026-01-08 06:07:04.594: [INFO][Sync] Reset engine with reason: 0
2026-01-08 06:07:48.796: [INFO][Sync] SyncState after authenticated was: FeatureCanStart
2026-01-08 06:07:53.192: [INFO][Sync] Try to start sync engine
2026-01-08 06:07:53.236: [INFO][SyncManagerImpl::NudgeForInitialDownload] Initial download nudge for Encryption Keys
2026-01-08 06:07:53.236: [INFO][SyncEngineBackend::LoadAndConnectNigoriController] Load and connect Nigori controller
2026-01-08 06:07:53.236: [INFO][SyncEngineBackend::DoInitialize] Control Types added: Encryption Keys
2026-01-08 06:07:53.236: [INFO][SyncManagerImpl::ConfigureSyncer] Types to download: Encryption Keys with reason: 3
2026-01-08 06:07:53.236: [INFO][SyncSchedulerImpl::DoConfigurationSyncCycleJob] Configure job was blocked
2026-01-08 06:07:53.248: [INFO][SyncAuthManager::SetLastAuthError] Current auth error: None
2026-01-08 06:07:53.248: [INFO][SyncAuthManager::EdgeLogTokenErrorState] Token error with: None for account type: MSA
2026-01-08 06:07:53.248: [INFO][Sync] Credentials changed for: EdgeSyncScopeNew
2026-01-08 06:08:18.982: [INFO][SyncAuthManager::EdgeLogTokenErrorState] Token error with: Edge auth error: Exceeded max duration. for account type: MSA
2026-01-08 06:08:18.982: [INFO][Sync] Credentials changed for: EdgeSyncKeyDataScope
2026-01-08 06:08:18.982: [INFO][SyncEngineBackend::DoUpdateCredentials] Update credentials
2026-01-08 06:08:18.982: [INFO][SyncSchedulerImpl::DoConfigurationSyncCycleJob] Blocked types:  and types to download: Encryption Keys
2026-01-08 06:08:19.929: [INFO][SyncAuthManager::SetLastAuthError] Current auth error: None
2026-01-08 06:08:19.929: [INFO][SyncAuthManager::EdgeLogTokenErrorState] Token error with: None for account type: MSA
2026-01-08 06:08:19.929: [INFO][Sync] Credentials changed for: EdgeSyncKeyDataScope
2026-01-08 06:08:20.173: [INFO][SyncEngineBackend::DoUpdateKeyDataCredentials] Update key data credentials
2026-01-08 06:08:20.176: [INFO][Sync] Started DataTypeManager configuration, reason: 4
2026-01-08 06:08:20.177: [INFO][Sync] Configuring for: Bookmarks, Preferences, Passwords, Autofill Profiles, Autofill, Extensions, Sessions, Extension settings, History Delete Directives, Device Info, User Consents, Send Tab To Self, Web Apps, History, Saved Tab Group, WebAuthn Credentials, Collection, Edge E Drop, Edge Hub App Usage, Edge Wallet, Encryption Keys, reason: 4, current state: 0
2026-01-08 06:08:20.177: [WARN][Sync] Crypto error data types: Passwords, Autofill Profiles, Autofill
2026-01-08 06:08:20.177: [INFO][SyncEngineBackend::DoStartConfiguration] Start configuration
2026-01-08 06:08:20.178: [INFO][Sync] Configure, desired: Bookmarks, Preferences, Extensions, Sessions, Extension settings, History Delete Directives, Device Info, User Consents, Send Tab To Self, Web Apps, History, Saved Tab Group, WebAuthn Credentials, Collection, Edge E Drop, Edge Hub App Usage, Edge Wallet, Encryption Keys; Allow fail: Passwords, Autofill Profiles, Autofill
2026-01-08 06:08:20.178: [INFO][Sync] Loading: Bookmarks
2026-01-08 06:08:20.178: [INFO][Sync] Loading: Preferences
2026-01-08 06:08:20.178: [INFO][Sync] Loading: Extensions
2026-01-08 06:08:20.178: [INFO][Sync] Loading: Sessions
2026-01-08 06:08:20.178: [INFO][Sync] Loading: Extension settings
2026-01-08 06:08:20.178: [INFO][Sync] Loading: History Delete Directives
2026-01-08 06:08:20.178: [INFO][Sync] Loading: Device Info
2026-01-08 06:08:20.178: [INFO][Sync] Loading: User Consents
2026-01-08 06:08:20.178: [INFO][Sync] Loading: Send Tab To Self
2026-01-08 06:08:20.178: [INFO][Sync] Loading: Web Apps
2026-01-08 06:08:20.178: [INFO][Sync] Loading: History
2026-01-08 06:08:20.178: [INFO][Sync] Loading: Saved Tab Group
2026-01-08 06:08:20.178: [INFO][Sync] Loading: WebAuthn Credentials
2026-01-08 06:08:20.178: [INFO][Sync] Loading: Collection
2026-01-08 06:08:20.178: [INFO][Sync] Loading: Edge E Drop
2026-01-08 06:08:20.178: [INFO][Sync] Loading: Edge Hub App Usage
2026-01-08 06:08:20.178: [INFO][Sync] Loading: Edge Wallet
2026-01-08 06:08:20.185: [INFO][Sync] All data types are ready for configure.
2026-01-08 06:08:20.186: [INFO][SyncManagerImpl::ConfigureSyncer] Types to download:  with reason: 4
2026-01-08 06:08:20.186: [INFO][SyncEngineBackend::DoFinishConfigureDataTypes] Failed to download types:  and succeeded types: 
2026-01-08 06:08:20.186: [INFO][Sync] ConfigurationDone, failed: , succeeded: , remaining count: 4
2026-01-08 06:08:20.186: [INFO][SyncManagerImpl::ConfigureSyncer] Types to download:  with reason: 4
2026-01-08 06:08:20.186: [INFO][SyncEngineBackend::DoFinishConfigureDataTypes] Failed to download types:  and succeeded types: 
2026-01-08 06:08:20.186: [INFO][Sync] ConfigurationDone, failed: , succeeded: , remaining count: 3
2026-01-08 06:08:20.186: [INFO][SyncManagerImpl::ConfigureSyncer] Types to download:  with reason: 4
2026-01-08 06:08:20.186: [INFO][SyncEngineBackend::DoFinishConfigureDataTypes] Failed to download types:  and succeeded types: 
2026-01-08 06:08:20.186: [INFO][Sync] ConfigurationDone, failed: , succeeded: , remaining count: 2
2026-01-08 06:08:20.186: [INFO][SyncManagerImpl::ConfigureSyncer] Types to download:  with reason: 4
2026-01-08 06:08:20.186: [INFO][SyncEngineBackend::DoFinishConfigureDataTypes] Failed to download types:  and succeeded types: 
2026-01-08 06:08:20.186: [INFO][Sync] ConfigurationDone, failed: , succeeded: , remaining count: 1
2026-01-08 06:08:20.188: [INFO][SyncManagerImpl::ConfigureSyncer] Types to download:  with reason: 4
2026-01-08 06:08:20.188: [INFO][SyncEngineBackend::DoFinishConfigureDataTypes] Failed to download types:  and succeeded types: 
2026-01-08 06:08:20.191: [INFO][Sync] ConfigurationDone, failed: , succeeded: , remaining count: 0
2026-01-08 06:08:20.193: [INFO][Sync]     Configuration completed, state: 3
2026-01-08 06:08:20.193: [INFO][Sync] Configured DataTypeManager: Ok
2026-01-08 06:08:20.195: [INFO][SyncEngineBackend::DoStartSyncing] Start syncing
2026-01-08 06:08:22.019: [INFO][Sync] Started DataTypeManager configuration, reason: 5
2026-01-08 06:08:22.019: [INFO][Sync] Configuring for: Bookmarks, Preferences, Passwords, Autofill Profiles, Autofill, Extensions, Sessions, Extension settings, History Delete Directives, Device Info, User Consents, Send Tab To Self, Web Apps, History, Saved Tab Group, WebAuthn Credentials, Collection, Edge E Drop, Edge Hub App Usage, Edge Wallet, Encryption Keys, reason: 5, current state: 3
2026-01-08 06:08:22.019: [INFO][SyncEngineBackend::DoStartConfiguration] Start configuration
2026-01-08 06:08:22.021: [INFO][Sync] Configure, desired: Bookmarks, Preferences, Passwords, Autofill Profiles, Autofill, Extensions, Sessions, Extension settings, History Delete Directives, Device Info, User Consents, Send Tab To Self, Web Apps, History, Saved Tab Group, WebAuthn Credentials, Collection, Edge E Drop, Edge Hub App Usage, Edge Wallet, Encryption Keys; Allow fail: 
2026-01-08 06:08:22.021: [INFO][Sync] Loading: Passwords
2026-01-08 06:08:22.021: [INFO][Sync] Loading: Autofill Profiles
2026-01-08 06:08:22.021: [INFO][Sync] Loading: Autofill
2026-01-08 06:08:22.023: [INFO][Sync] All data types are ready for configure.
2026-01-08 06:08:22.024: [INFO][SyncManagerImpl::NudgeForInitialDownload] Initial download nudge for Passwords
2026-01-08 06:08:22.024: [INFO][SyncManagerImpl::ConfigureSyncer] Types to download:  with reason: 5
2026-01-08 06:08:22.024: [INFO][SyncEngineBackend::DoFinishConfigureDataTypes] Failed to download types:  and succeeded types: 
2026-01-08 06:08:22.024: [INFO][Sync] ConfigurationDone, failed: , succeeded: , remaining count: 4
2026-01-08 06:08:22.024: [INFO][Sync] Prepare to configure types: Passwords, Encryption Keys
2026-01-08 06:08:22.024: [INFO][SyncManagerImpl::ConfigureSyncer] Types to download: Passwords, Encryption Keys with reason: 5
2026-01-08 06:08:22.024: [INFO][SyncSchedulerImpl::DoConfigurationSyncCycleJob] Blocked types:  and types to download: Passwords, Encryption Keys
2026-01-08 06:08:22.236: [INFO][SyncEngineBackend::DoFinishConfigureDataTypes] Failed to download types:  and succeeded types: Passwords, Encryption Keys
2026-01-08 06:08:22.237: [INFO][Sync] ConfigurationDone, failed: , succeeded: Passwords, Encryption Keys, remaining count: 3
2026-01-08 06:08:22.238: [INFO][SyncManagerImpl::ConfigureSyncer] Types to download:  with reason: 5
2026-01-08 06:08:22.238: [INFO][SyncEngineBackend::DoFinishConfigureDataTypes] Failed to download types:  and succeeded types: 
2026-01-08 06:08:22.241: [INFO][Sync] ConfigurationDone, failed: , succeeded: , remaining count: 2
2026-01-08 06:08:22.241: [INFO][SyncManagerImpl::ConfigureSyncer] Types to download:  with reason: 5
2026-01-08 06:08:22.241: [INFO][SyncEngineBackend::DoFinishConfigureDataTypes] Failed to download types:  and succeeded types: 
2026-01-08 06:08:22.241: [INFO][Sync] ConfigurationDone, failed: , succeeded: , remaining count: 1
2026-01-08 06:08:22.242: [INFO][SyncManagerImpl::ConfigureSyncer] Types to download:  with reason: 5
2026-01-08 06:08:22.242: [INFO][SyncEngineBackend::DoFinishConfigureDataTypes] Failed to download types:  and succeeded types: 
2026-01-08 06:08:22.243: [INFO][Sync] ConfigurationDone, failed: , succeeded: , remaining count: 0
2026-01-08 06:08:22.245: [INFO][Sync]     Configuration completed, state: 3
2026-01-08 06:08:22.245: [INFO][Sync] Configured DataTypeManager: Ok
2026-01-08 06:08:22.247: [INFO][SyncEngineBackend::DoStartSyncing] Start syncing
2026-01-08 06:10:13.758: [INFO][Sync] Reset engine, reason: 0
2026-01-08 06:10:13.758: [INFO][Sync] Reset engine with reason: 0
2026-01-08 06:28:02.858: [INFO][Sync] SyncState after authenticated was: FeatureCanStart
2026-01-08 06:28:04.362: [INFO][SyncAuthManager::SetLastAuthError] Current auth error: None
2026-01-08 06:28:04.362: [INFO][SyncAuthManager::EdgeLogTokenErrorState] Token error with: None for account type: MSA
2026-01-08 06:28:04.362: [INFO][Sync] Credentials changed for: EdgeSyncKeyDataScope
2026-01-08 06:28:08.206: [INFO][Sync] Try to start sync engine
2026-01-08 06:28:08.207: [INFO][SyncManagerImpl::NudgeForInitialDownload] Initial download nudge for Encryption Keys
2026-01-08 06:28:08.207: [INFO][SyncEngineBackend::LoadAndConnectNigoriController] Load and connect Nigori controller
2026-01-08 06:28:08.207: [INFO][SyncEngineBackend::DoInitialize] Control Types added: Encryption Keys
2026-01-08 06:28:08.207: [INFO][SyncManagerImpl::ConfigureSyncer] Types to download: Encryption Keys with reason: 3
2026-01-08 06:28:08.207: [INFO][SyncEngineBackend::DoUpdateKeyDataCredentials] Update key data credentials
2026-01-08 06:28:08.207: [INFO][SyncSchedulerImpl::DoConfigurationSyncCycleJob] Configure job was blocked
2026-01-08 06:28:08.235: [INFO][SyncAuthManager::SetLastAuthError] Current auth error: None
2026-01-08 06:28:08.235: [INFO][SyncAuthManager::EdgeLogTokenErrorState] Token error with: None for account type: MSA
2026-01-08 06:28:08.235: [INFO][Sync] Credentials changed for: EdgeSyncScopeNew
2026-01-08 06:28:08.235: [INFO][SyncEngineBackend::DoUpdateCredentials] Update credentials
2026-01-08 06:28:08.235: [INFO][SyncSchedulerImpl::DoConfigurationSyncCycleJob] Blocked types:  and types to download: Encryption Keys
2026-01-08 06:28:08.705: [INFO][SyncEngineBackend::DoUpdateKeyDataCredentials] Update key data credentials
2026-01-08 06:28:08.718: [INFO][Sync] Started DataTypeManager configuration, reason: 4
2026-01-08 06:28:08.718: [INFO][Sync] Configuring for: Bookmarks, Preferences, Passwords, Autofill Profiles, Autofill, Extensions, Sessions, Extension settings, History Delete Directives, Device Info, User Consents, Send Tab To Self, Web Apps, History, Saved Tab Group, WebAuthn Credentials, Collection, Edge E Drop, Edge Hub App Usage, Edge Wallet, Encryption Keys, reason: 4, current state: 0
2026-01-08 06:28:08.718: [WARN][Sync] Crypto error data types: Passwords, Autofill Profiles, Autofill
2026-01-08 06:28:08.721: [INFO][Sync] Configure, desired: Bookmarks, Preferences, Extensions, Sessions, Extension settings, History Delete Directives, Device Info, User Consents, Send Tab To Self, Web Apps, History, Saved Tab Group, WebAuthn Credentials, Collection, Edge E Drop, Edge Hub App Usage, Edge Wallet, Encryption Keys; Allow fail: Passwords, Autofill Profiles, Autofill
2026-01-08 06:28:08.721: [INFO][Sync] Loading: Bookmarks
2026-01-08 06:28:08.721: [INFO][Sync] Loading: Preferences
2026-01-08 06:28:08.721: [INFO][Sync] Loading: Extensions
2026-01-08 06:28:08.721: [INFO][Sync] Loading: Sessions
2026-01-08 06:28:08.721: [INFO][Sync] Loading: Extension settings
2026-01-08 06:28:08.721: [INFO][Sync] Loading: History Delete Directives
2026-01-08 06:28:08.721: [INFO][Sync] Loading: Device Info
2026-01-08 06:28:08.721: [INFO][Sync] Loading: User Consents
2026-01-08 06:28:08.721: [INFO][Sync] Loading: Send Tab To Self
2026-01-08 06:28:08.721: [INFO][Sync] Loading: Web Apps
2026-01-08 06:28:08.721: [INFO][Sync] Loading: History
2026-01-08 06:28:08.721: [INFO][Sync] Loading: Saved Tab Group
2026-01-08 06:28:08.721: [INFO][Sync] Loading: WebAuthn Credentials
2026-01-08 06:28:08.721: [INFO][Sync] Loading: Collection
2026-01-08 06:28:08.721: [INFO][Sync] Loading: Edge E Drop
2026-01-08 06:28:08.721: [INFO][Sync] Loading: Edge Hub App Usage
2026-01-08 06:28:08.721: [INFO][Sync] Loading: Edge Wallet
2026-01-08 06:28:08.733: [INFO][Sync] All data types are ready for configure.
2026-01-08 06:28:10.159: [INFO][SyncEngineBackend::DoStartConfiguration] Start configuration
2026-01-08 06:28:10.159: [INFO][SyncManagerImpl::ConfigureSyncer] Types to download:  with reason: 4
2026-01-08 06:28:10.159: [INFO][SyncEngineBackend::DoFinishConfigureDataTypes] Failed to download types:  and succeeded types: 
2026-01-08 06:28:10.162: [INFO][Sync] Started DataTypeManager configuration, reason: 5
2026-01-08 06:28:10.162: [INFO][Sync] Configuring for: Bookmarks, Preferences, Passwords, Autofill Profiles, Autofill, Extensions, Sessions, Extension settings, History Delete Directives, Device Info, User Consents, Send Tab To Self, Web Apps, History, Saved Tab Group, WebAuthn Credentials, Collection, Edge E Drop, Edge Hub App Usage, Edge Wallet, Encryption Keys, reason: 5, current state: 1
2026-01-08 06:28:10.164: [INFO][Sync] ConfigurationDone, failed: , succeeded: , remaining count: 4
2026-01-08 06:28:10.164: [WARN][Sync]     Reconfigure requested while configuration ongoing.
2026-01-08 06:28:10.164: [INFO][Sync] Configuring for: Bookmarks, Preferences, Passwords, Autofill Profiles, Autofill, Extensions, Sessions, Extension settings, History Delete Directives, Device Info, User Consents, Send Tab To Self, Web Apps, History, Saved Tab Group, WebAuthn Credentials, Collection, Edge E Drop, Edge Hub App Usage, Edge Wallet, Encryption Keys, reason: 5, current state: 2
2026-01-08 06:28:10.164: [INFO][Sync] Configure, desired: Bookmarks, Preferences, Passwords, Autofill Profiles, Autofill, Extensions, Sessions, Extension settings, History Delete Directives, Device Info, User Consents, Send Tab To Self, Web Apps, History, Saved Tab Group, WebAuthn Credentials, Collection, Edge E Drop, Edge Hub App Usage, Edge Wallet, Encryption Keys; Allow fail: 
2026-01-08 06:28:10.164: [INFO][Sync] Loading: Passwords
2026-01-08 06:28:10.164: [INFO][Sync] Loading: Autofill Profiles
2026-01-08 06:28:10.164: [INFO][Sync] Loading: Autofill
2026-01-08 06:28:10.164: [INFO][Sync] All data types are ready for configure.
2026-01-08 06:28:10.164: [INFO][SyncManagerImpl::NudgeForInitialDownload] Initial download nudge for Passwords
2026-01-08 06:28:10.164: [INFO][SyncManagerImpl::ConfigureSyncer] Types to download:  with reason: 5
2026-01-08 06:28:10.164: [INFO][SyncEngineBackend::DoFinishConfigureDataTypes] Failed to download types:  and succeeded types: 
2026-01-08 06:28:10.165: [INFO][Sync] ConfigurationDone, failed: , succeeded: , remaining count: 4
2026-01-08 06:28:10.165: [INFO][Sync] Prepare to configure types: Passwords, Encryption Keys
2026-01-08 06:28:10.165: [INFO][SyncManagerImpl::ConfigureSyncer] Types to download: Passwords, Encryption Keys with reason: 5
2026-01-08 06:28:10.165: [INFO][SyncSchedulerImpl::DoConfigurationSyncCycleJob] Blocked types:  and types to download: Passwords, Encryption Keys
2026-01-08 06:28:10.301: [INFO][SyncEngineBackend::DoFinishConfigureDataTypes] Failed to download types:  and succeeded types: Passwords, Encryption Keys
2026-01-08 06:28:10.302: [INFO][Sync] ConfigurationDone, failed: , succeeded: Passwords, Encryption Keys, remaining count: 3
2026-01-08 06:28:10.303: [INFO][SyncManagerImpl::ConfigureSyncer] Types to download:  with reason: 5
2026-01-08 06:28:10.303: [INFO][SyncEngineBackend::DoFinishConfigureDataTypes] Failed to download types:  and succeeded types: 
2026-01-08 06:28:10.303: [INFO][Sync] ConfigurationDone, failed: , succeeded: , remaining count: 2
2026-01-08 06:28:10.303: [INFO][SyncManagerImpl::ConfigureSyncer] Types to download:  with reason: 5
2026-01-08 06:28:10.303: [INFO][SyncEngineBackend::DoFinishConfigureDataTypes] Failed to download types:  and succeeded types: 
2026-01-08 06:28:10.303: [INFO][Sync] ConfigurationDone, failed: , succeeded: , remaining count: 1
2026-01-08 06:28:10.305: [INFO][SyncManagerImpl::ConfigureSyncer] Types to download:  with reason: 5
2026-01-08 06:28:10.306: [INFO][SyncEngineBackend::DoFinishConfigureDataTypes] Failed to download types:  and succeeded types: 
2026-01-08 06:28:10.306: [INFO][Sync] ConfigurationDone, failed: , succeeded: , remaining count: 0
2026-01-08 06:28:10.309: [INFO][Sync]     Configuration completed, state: 7
2026-01-08 06:28:10.309: [INFO][Sync] Configured DataTypeManager: Ok
2026-01-08 06:28:10.312: [INFO][SyncEngineBackend::DoStartSyncing] Start syncing
2026-01-08 06:28:46.923: [INFO][SyncSchedulerImpl::OnSyncNetworkError] Syncer error: Network error (ERR_NAME_NOT_RESOLVED)
2026-01-08 06:28:46.923: [INFO][Commit::ReportFullCommitFailure] Commit Preferences, Sessions, History failed with error: NetworkError
2026-01-08 06:28:46.923: [INFO][SyncSchedulerImpl::DoNudgeSyncCycleJob] Syncer error: Network error (ERR_NAME_NOT_RESOLVED)
2026-01-08 06:28:46.924: [WARN][Sync] NetworkError: Network error (ERR_NAME_NOT_RESOLVED)
2026-01-08 06:28:49.437: [INFO][SyncSchedulerImpl::OnSyncNetworkError] Syncer error: Network error (ERR_NAME_NOT_RESOLVED)
2026-01-08 06:28:49.438: [INFO][Commit::ReportFullCommitFailure] Commit Preferences, Sessions, Device Info, History failed with error: NetworkError
2026-01-08 06:28:49.438: [INFO][SyncSchedulerImpl::DoNudgeSyncCycleJob] Syncer error: Network error (ERR_NAME_NOT_RESOLVED)
2026-01-08 06:28:49.439: [WARN][Sync] NetworkError: Network error (ERR_NAME_NOT_RESOLVED)
2026-01-08 06:28:55.701: [INFO][SyncSchedulerImpl::OnSyncNetworkError] Syncer error: Network error (ERR_NAME_NOT_RESOLVED)
2026-01-08 06:28:55.701: [INFO][Commit::ReportFullCommitFailure] Commit Preferences, Sessions, Device Info, History failed with error: NetworkError
2026-01-08 06:28:55.701: [INFO][SyncSchedulerImpl::DoNudgeSyncCycleJob] Syncer error: Network error (ERR_NAME_NOT_RESOLVED)
2026-01-08 06:28:55.703: [WARN][Sync] NetworkError: Network error (ERR_NAME_NOT_RESOLVED)
2026-01-08 06:29:11.097: [INFO][SyncSchedulerImpl::OnSyncNetworkError] Syncer error: Network error (ERR_NAME_NOT_RESOLVED)
2026-01-08 06:29:11.098: [INFO][Commit::ReportFullCommitFailure] Commit Preferences, Sessions, Device Info, History failed with error: NetworkError
2026-01-08 06:29:11.098: [INFO][SyncSchedulerImpl::DoNudgeSyncCycleJob] Syncer error: Network error (ERR_NAME_NOT_RESOLVED)
2026-01-08 06:29:11.099: [WARN][Sync] NetworkError: Network error (ERR_NAME_NOT_RESOLVED)
2026-01-08 06:29:25.167: [INFO][SyncSchedulerImpl::OnSyncNetworkError] Syncer error: Network error (ERR_NAME_NOT_RESOLVED)
2026-01-08 06:29:25.167: [INFO][Commit::ReportFullCommitFailure] Commit Preferences, Sessions, Device Info, History failed with error: NetworkError
2026-01-08 06:29:25.167: [INFO][SyncSchedulerImpl::DoNudgeSyncCycleJob] Syncer error: Network error (ERR_NAME_NOT_RESOLVED)
2026-01-08 06:29:25.168: [WARN][Sync] NetworkError: Network error (ERR_NAME_NOT_RESOLVED)
2026-01-08 06:30:51.493: [INFO][Sync] Reset engine, reason: 0
2026-01-08 06:30:51.493: [INFO][Sync] Reset engine with reason: 0
2026-01-08 06:32:25.392: [INFO][Sync] SyncState after authenticated was: FeatureCanStart
2026-01-08 06:32:26.710: [INFO][SyncAuthManager::SetLastAuthError] Current auth error: None
2026-01-08 06:32:26.710: [INFO][SyncAuthManager::EdgeLogTokenErrorState] Token error with: None for account type: MSA
2026-01-08 06:32:26.710: [INFO][Sync] Credentials changed for: EdgeSyncKeyDataScope
2026-01-08 06:32:30.039: [INFO][Sync] Try to start sync engine
2026-01-08 06:32:30.083: [INFO][SyncManagerImpl::NudgeForInitialDownload] Initial download nudge for Encryption Keys
2026-01-08 06:32:30.083: [INFO][SyncEngineBackend::LoadAndConnectNigoriController] Load and connect Nigori controller
2026-01-08 06:32:30.083: [INFO][SyncEngineBackend::DoInitialize] Control Types added: Encryption Keys
2026-01-08 06:32:30.083: [INFO][SyncManagerImpl::ConfigureSyncer] Types to download: Encryption Keys with reason: 3
2026-01-08 06:32:30.083: [INFO][SyncEngineBackend::DoUpdateKeyDataCredentials] Update key data credentials
2026-01-08 06:32:30.083: [INFO][SyncSchedulerImpl::DoConfigurationSyncCycleJob] Configure job was blocked
2026-01-08 06:32:30.096: [INFO][SyncAuthManager::SetLastAuthError] Current auth error: None
2026-01-08 06:32:30.096: [INFO][SyncAuthManager::EdgeLogTokenErrorState] Token error with: None for account type: MSA
2026-01-08 06:32:30.096: [INFO][Sync] Credentials changed for: EdgeSyncScopeNew
2026-01-08 06:32:30.096: [INFO][SyncEngineBackend::DoUpdateCredentials] Update credentials
2026-01-08 06:32:30.096: [INFO][SyncSchedulerImpl::DoConfigurationSyncCycleJob] Blocked types:  and types to download: Encryption Keys
2026-01-08 06:32:30.435: [INFO][SyncEngineBackend::DoUpdateKeyDataCredentials] Update key data credentials
2026-01-08 06:32:30.439: [INFO][Sync] Started DataTypeManager configuration, reason: 4
2026-01-08 06:32:30.439: [INFO][Sync] Configuring for: Bookmarks, Preferences, Passwords, Autofill Profiles, Autofill, Extensions, Sessions, Extension settings, History Delete Directives, Device Info, User Consents, Send Tab To Self, Web Apps, History, Saved Tab Group, WebAuthn Credentials, Collection, Edge E Drop, Edge Hub App Usage, Edge Wallet, Encryption Keys, reason: 4, current state: 0
2026-01-08 06:32:30.439: [WARN][Sync] Crypto error data types: Passwords, Autofill Profiles, Autofill
2026-01-08 06:32:30.440: [INFO][Sync] Configure, desired: Bookmarks, Preferences, Extensions, Sessions, Extension settings, History Delete Directives, Device Info, User Consents, Send Tab To Self, Web Apps, History, Saved Tab Group, WebAuthn Credentials, Collection, Edge E Drop, Edge Hub App Usage, Edge Wallet, Encryption Keys; Allow fail: Passwords, Autofill Profiles, Autofill
2026-01-08 06:32:30.440: [INFO][Sync] Loading: Bookmarks
2026-01-08 06:32:30.440: [INFO][Sync] Loading: Preferences
2026-01-08 06:32:30.440: [INFO][Sync] Loading: Extensions
2026-01-08 06:32:30.440: [INFO][Sync] Loading: Sessions
2026-01-08 06:32:30.440: [INFO][Sync] Loading: Extension settings
2026-01-08 06:32:30.440: [INFO][Sync] Loading: History Delete Directives
2026-01-08 06:32:30.440: [INFO][Sync] Loading: Device Info
2026-01-08 06:32:30.440: [INFO][Sync] Loading: User Consents
2026-01-08 06:32:30.440: [INFO][Sync] Loading: Send Tab To Self
2026-01-08 06:32:30.440: [INFO][Sync] Loading: Web Apps
2026-01-08 06:32:30.440: [INFO][Sync] Loading: History
2026-01-08 06:32:30.440: [INFO][Sync] Loading: Saved Tab Group
2026-01-08 06:32:30.440: [INFO][Sync] Loading: WebAuthn Credentials
2026-01-08 06:32:30.440: [INFO][Sync] Loading: Collection
2026-01-08 06:32:30.440: [INFO][Sync] Loading: Edge E Drop
2026-01-08 06:32:30.440: [INFO][Sync] Loading: Edge Hub App Usage
2026-01-08 06:32:30.440: [INFO][Sync] Loading: Edge Wallet
2026-01-08 06:32:30.444: [INFO][Sync] All data types are ready for configure.
2026-01-08 06:32:31.117: [INFO][Sync] Started DataTypeManager configuration, reason: 5
2026-01-08 06:32:31.117: [INFO][Sync] Configuring for: Bookmarks, Preferences, Passwords, Autofill Profiles, Autofill, Extensions, Sessions, Extension settings, History Delete Directives, Device Info, User Consents, Send Tab To Self, Web Apps, History, Saved Tab Group, WebAuthn Credentials, Collection, Edge E Drop, Edge Hub App Usage, Edge Wallet, Encryption Keys, reason: 5, current state: 1
2026-01-08 06:32:31.119: [INFO][SyncEngineBackend::DoStartConfiguration] Start configuration
2026-01-08 06:32:31.119: [INFO][SyncManagerImpl::ConfigureSyncer] Types to download:  with reason: 4
2026-01-08 06:32:31.119: [INFO][SyncEngineBackend::DoFinishConfigureDataTypes] Failed to download types:  and succeeded types: 
2026-01-08 06:32:31.119: [INFO][Sync] ConfigurationDone, failed: , succeeded: , remaining count: 4
2026-01-08 06:32:31.119: [WARN][Sync]     Reconfigure requested while configuration ongoing.
2026-01-08 06:32:31.119: [INFO][Sync] Configuring for: Bookmarks, Preferences, Passwords, Autofill Profiles, Autofill, Extensions, Sessions, Extension settings, History Delete Directives, Device Info, User Consents, Send Tab To Self, Web Apps, History, Saved Tab Group, WebAuthn Credentials, Collection, Edge E Drop, Edge Hub App Usage, Edge Wallet, Encryption Keys, reason: 5, current state: 2
2026-01-08 06:32:31.119: [INFO][Sync] Configure, desired: Bookmarks, Preferences, Passwords, Autofill Profiles, Autofill, Extensions, Sessions, Extension settings, History Delete Directives, Device Info, User Consents, Send Tab To Self, Web Apps, History, Saved Tab Group, WebAuthn Credentials, Collection, Edge E Drop, Edge Hub App Usage, Edge Wallet, Encryption Keys; Allow fail: 
2026-01-08 06:32:31.119: [INFO][Sync] Loading: Passwords
2026-01-08 06:32:31.119: [INFO][Sync] Loading: Autofill Profiles
2026-01-08 06:32:31.119: [INFO][Sync] Loading: Autofill
2026-01-08 06:32:31.119: [INFO][Sync] All data types are ready for configure.
2026-01-08 06:32:31.119: [INFO][SyncManagerImpl::NudgeForInitialDownload] Initial download nudge for Passwords
2026-01-08 06:32:31.119: [INFO][SyncManagerImpl::ConfigureSyncer] Types to download:  with reason: 5
2026-01-08 06:32:31.119: [INFO][SyncEngineBackend::DoFinishConfigureDataTypes] Failed to download types:  and succeeded types: 
2026-01-08 06:32:31.119: [INFO][Sync] ConfigurationDone, failed: , succeeded: , remaining count: 4
2026-01-08 06:32:31.119: [INFO][Sync] Prepare to configure types: Passwords, Encryption Keys
2026-01-08 06:32:31.119: [INFO][SyncManagerImpl::ConfigureSyncer] Types to download: Passwords, Encryption Keys with reason: 5
2026-01-08 06:32:31.119: [INFO][SyncSchedulerImpl::DoConfigurationSyncCycleJob] Blocked types:  and types to download: Passwords, Encryption Keys
2026-01-08 06:32:31.388: [INFO][SyncEngineBackend::DoFinishConfigureDataTypes] Failed to download types:  and succeeded types: Passwords, Encryption Keys
2026-01-08 06:32:31.389: [INFO][Sync] ConfigurationDone, failed: , succeeded: Passwords, Encryption Keys, remaining count: 3
2026-01-08 06:32:31.389: [INFO][SyncManagerImpl::ConfigureSyncer] Types to download:  with reason: 5
2026-01-08 06:32:31.389: [INFO][SyncEngineBackend::DoFinishConfigureDataTypes] Failed to download types:  and succeeded types: 
2026-01-08 06:32:31.389: [INFO][Sync] ConfigurationDone, failed: , succeeded: , remaining count: 2
2026-01-08 06:32:31.389: [INFO][SyncManagerImpl::ConfigureSyncer] Types to download:  with reason: 5
2026-01-08 06:32:31.389: [INFO][SyncEngineBackend::DoFinishConfigureDataTypes] Failed to download types:  and succeeded types: 
2026-01-08 06:32:31.391: [INFO][Sync] ConfigurationDone, failed: , succeeded: , remaining count: 1
2026-01-08 06:32:31.392: [INFO][SyncManagerImpl::ConfigureSyncer] Types to download:  with reason: 5
2026-01-08 06:32:31.392: [INFO][SyncEngineBackend::DoFinishConfigureDataTypes] Failed to download types:  and succeeded types: 
2026-01-08 06:32:31.392: [INFO][Sync] ConfigurationDone, failed: , succeeded: , remaining count: 0
2026-01-08 06:32:31.393: [INFO][Sync]     Configuration completed, state: 7
2026-01-08 06:32:31.393: [INFO][Sync] Configured DataTypeManager: Ok
2026-01-08 06:32:31.394: [INFO][SyncEngineBackend::DoStartSyncing] Start syncing
2026-01-08 06:35:31.797: [INFO][SyncSchedulerImpl::OnSyncNetworkError] Syncer error: Network error (ERR_NAME_NOT_RESOLVED)
2026-01-08 06:35:31.797: [INFO][Commit::ReportFullCommitFailure] Commit Sessions, History failed with error: NetworkError
2026-01-08 06:35:31.798: [INFO][SyncSchedulerImpl::DoNudgeSyncCycleJob] Syncer error: Network error (ERR_NAME_NOT_RESOLVED)
2026-01-08 06:35:31.799: [WARN][Sync] NetworkError: Network error (ERR_NAME_NOT_RESOLVED)
2026-01-08 06:35:34.305: [INFO][SyncSchedulerImpl::OnSyncNetworkError] Syncer error: Network error (ERR_NAME_NOT_RESOLVED)
2026-01-08 06:35:34.306: [INFO][Commit::ReportFullCommitFailure] Commit Sessions, History failed with error: NetworkError
2026-01-08 06:35:34.306: [INFO][SyncSchedulerImpl::DoNudgeSyncCycleJob] Syncer error: Network error (ERR_NAME_NOT_RESOLVED)
2026-01-08 06:35:34.306: [WARN][Sync] NetworkError: Network error (ERR_NAME_NOT_RESOLVED)
2026-01-08 06:35:50.112: [INFO][SyncSchedulerImpl::OnSyncNetworkError] Syncer error: Network error (ERR_NAME_NOT_RESOLVED)
2026-01-08 06:35:50.112: [INFO][Commit::ReportFullCommitFailure] Commit Sessions, History failed with error: NetworkError
2026-01-08 06:35:50.113: [INFO][SyncSchedulerImpl::DoNudgeSyncCycleJob] Syncer error: Network error (ERR_NAME_NOT_RESOLVED)
2026-01-08 06:35:50.114: [WARN][Sync] NetworkError: Network error (ERR_NAME_NOT_RESOLVED)
2026-01-08 06:35:50.126: [INFO][SyncSchedulerImpl::OnSyncNetworkError] Syncer error: Network error (ERR_NAME_NOT_RESOLVED)
2026-01-08 06:35:50.126: [INFO][Commit::ReportFullCommitFailure] Commit Sessions, History failed with error: NetworkError
2026-01-08 06:35:50.126: [INFO][SyncSchedulerImpl::DoNudgeSyncCycleJob] Syncer error: Network error (ERR_NAME_NOT_RESOLVED)
2026-01-08 06:35:50.127: [WARN][Sync] NetworkError: Network error (ERR_NAME_NOT_RESOLVED)
2026-01-08 06:35:55.750: [INFO][SyncSchedulerImpl::OnSyncNetworkError] Syncer error: Network error (ERR_NAME_NOT_RESOLVED)
2026-01-08 06:35:55.750: [INFO][Commit::ReportFullCommitFailure] Commit Sessions, History failed with error: NetworkError
2026-01-08 06:35:55.750: [INFO][SyncSchedulerImpl::DoNudgeSyncCycleJob] Syncer error: Network error (ERR_NAME_NOT_RESOLVED)
2026-01-08 06:35:55.751: [WARN][Sync] NetworkError: Network error (ERR_NAME_NOT_RESOLVED)
2026-01-08 06:36:30.913: [INFO][SyncSchedulerImpl::OnSyncNetworkError] Syncer error: Network error (ERR_NAME_NOT_RESOLVED)
2026-01-08 06:36:30.913: [INFO][Commit::ReportFullCommitFailure] Commit Sessions, History failed with error: NetworkError
2026-01-08 06:36:30.913: [INFO][SyncSchedulerImpl::DoNudgeSyncCycleJob] Syncer error: Network error (ERR_NAME_NOT_RESOLVED)
2026-01-08 06:36:30.914: [WARN][Sync] NetworkError: Network error (ERR_NAME_NOT_RESOLVED)
2026-01-08 06:37:23.658: [INFO][SyncSchedulerImpl::OnSyncNetworkError] Syncer error: Network error (ERR_NAME_NOT_RESOLVED)
2026-01-08 06:37:23.658: [INFO][Commit::ReportFullCommitFailure] Commit Sessions, History failed with error: NetworkError
2026-01-08 06:37:23.658: [INFO][SyncSchedulerImpl::DoNudgeSyncCycleJob] Syncer error: Network error (ERR_NAME_NOT_RESOLVED)
2026-01-08 06:37:23.660: [WARN][Sync] NetworkError: Network error (ERR_NAME_NOT_RESOLVED)
2026-01-08 06:37:33.152: [INFO][Sync] Reset engine, reason: 0
2026-01-08 06:37:33.152: [INFO][Sync] Reset engine with reason: 0
2026-01-08 07:11:21.000: [INFO][Sync] SyncState after authenticated was: FeatureCanStart
2026-01-08 07:11:22.567: [INFO][SyncAuthManager::SetLastAuthError] Current auth error: None
2026-01-08 07:11:22.567: [INFO][SyncAuthManager::EdgeLogTokenErrorState] Token error with: None for account type: MSA
2026-01-08 07:11:22.567: [INFO][Sync] Credentials changed for: EdgeSyncKeyDataScope
2026-01-08 07:11:25.985: [INFO][Sync] Try to start sync engine
2026-01-08 07:11:26.028: [INFO][SyncManagerImpl::NudgeForInitialDownload] Initial download nudge for Encryption Keys
2026-01-08 07:11:26.028: [INFO][SyncEngineBackend::LoadAndConnectNigoriController] Load and connect Nigori controller
2026-01-08 07:11:26.028: [INFO][SyncEngineBackend::DoInitialize] Control Types added: Encryption Keys
2026-01-08 07:11:26.028: [INFO][SyncManagerImpl::ConfigureSyncer] Types to download: Encryption Keys with reason: 3
2026-01-08 07:11:26.028: [INFO][SyncEngineBackend::DoUpdateKeyDataCredentials] Update key data credentials
2026-01-08 07:11:26.028: [INFO][SyncSchedulerImpl::DoConfigurationSyncCycleJob] Configure job was blocked
2026-01-08 07:11:26.042: [INFO][SyncAuthManager::SetLastAuthError] Current auth error: None
2026-01-08 07:11:26.042: [INFO][SyncAuthManager::EdgeLogTokenErrorState] Token error with: None for account type: MSA
2026-01-08 07:11:26.042: [INFO][Sync] Credentials changed for: EdgeSyncScopeNew
2026-01-08 07:11:26.042: [INFO][SyncEngineBackend::DoUpdateCredentials] Update credentials
2026-01-08 07:11:26.042: [INFO][SyncSchedulerImpl::DoConfigurationSyncCycleJob] Blocked types:  and types to download: Encryption Keys
2026-01-08 07:11:26.472: [INFO][SyncEngineBackend::DoUpdateKeyDataCredentials] Update key data credentials
2026-01-08 07:11:26.475: [INFO][Sync] Started DataTypeManager configuration, reason: 4
2026-01-08 07:11:26.475: [INFO][Sync] Configuring for: Bookmarks, Preferences, Passwords, Autofill Profiles, Autofill, Extensions, Sessions, Extension settings, History Delete Directives, Device Info, User Consents, Send Tab To Self, Web Apps, History, Saved Tab Group, WebAuthn Credentials, Collection, Edge E Drop, Edge Hub App Usage, Edge Wallet, Encryption Keys, reason: 4, current state: 0
2026-01-08 07:11:26.475: [WARN][Sync] Crypto error data types: Passwords, Autofill Profiles, Autofill
2026-01-08 07:11:26.475: [INFO][Sync] Configure, desired: Bookmarks, Preferences, Extensions, Sessions, Extension settings, History Delete Directives, Device Info, User Consents, Send Tab To Self, Web Apps, History, Saved Tab Group, WebAuthn Credentials, Collection, Edge E Drop, Edge Hub App Usage, Edge Wallet, Encryption Keys; Allow fail: Passwords, Autofill Profiles, Autofill
2026-01-08 07:11:26.475: [INFO][Sync] Loading: Bookmarks
2026-01-08 07:11:26.475: [INFO][Sync] Loading: Preferences
2026-01-08 07:11:26.475: [INFO][Sync] Loading: Extensions
2026-01-08 07:11:26.475: [INFO][Sync] Loading: Sessions
2026-01-08 07:11:26.475: [INFO][Sync] Loading: Extension settings
2026-01-08 07:11:26.475: [INFO][Sync] Loading: History Delete Directives
2026-01-08 07:11:26.476: [INFO][Sync] Loading: Device Info
2026-01-08 07:11:26.476: [INFO][Sync] Loading: User Consents
2026-01-08 07:11:26.476: [INFO][Sync] Loading: Send Tab To Self
2026-01-08 07:11:26.476: [INFO][Sync] Loading: Web Apps
2026-01-08 07:11:26.476: [INFO][Sync] Loading: History
2026-01-08 07:11:26.476: [INFO][Sync] Loading: Saved Tab Group
2026-01-08 07:11:26.476: [INFO][Sync] Loading: WebAuthn Credentials
2026-01-08 07:11:26.476: [INFO][Sync] Loading: Collection
2026-01-08 07:11:26.476: [INFO][Sync] Loading: Edge E Drop
2026-01-08 07:11:26.476: [INFO][Sync] Loading: Edge Hub App Usage
2026-01-08 07:11:26.476: [INFO][Sync] Loading: Edge Wallet
2026-01-08 07:11:26.479: [INFO][Sync] All data types are ready for configure.
2026-01-08 07:11:27.370: [INFO][SyncEngineBackend::DoStartConfiguration] Start configuration
2026-01-08 07:11:27.370: [INFO][SyncManagerImpl::ConfigureSyncer] Types to download:  with reason: 4
2026-01-08 07:11:27.370: [INFO][SyncEngineBackend::DoFinishConfigureDataTypes] Failed to download types:  and succeeded types: 
2026-01-08 07:11:27.370: [INFO][Sync] Started DataTypeManager configuration, reason: 5
2026-01-08 07:11:27.370: [INFO][Sync] Configuring for: Bookmarks, Preferences, Passwords, Autofill Profiles, Autofill, Extensions, Sessions, Extension settings, History Delete Directives, Device Info, User Consents, Send Tab To Self, Web Apps, History, Saved Tab Group, WebAuthn Credentials, Collection, Edge E Drop, Edge Hub App Usage, Edge Wallet, Encryption Keys, reason: 5, current state: 1
2026-01-08 07:11:27.371: [INFO][Sync] ConfigurationDone, failed: , succeeded: , remaining count: 4
2026-01-08 07:11:27.371: [WARN][Sync]     Reconfigure requested while configuration ongoing.
2026-01-08 07:11:27.371: [INFO][Sync] Configuring for: Bookmarks, Preferences, Passwords, Autofill Profiles, Autofill, Extensions, Sessions, Extension settings, History Delete Directives, Device Info, User Consents, Send Tab To Self, Web Apps, History, Saved Tab Group, WebAuthn Credentials, Collection, Edge E Drop, Edge Hub App Usage, Edge Wallet, Encryption Keys, reason: 5, current state: 2
2026-01-08 07:11:27.371: [INFO][Sync] Configure, desired: Bookmarks, Preferences, Passwords, Autofill Profiles, Autofill, Extensions, Sessions, Extension settings, History Delete Directives, Device Info, User Consents, Send Tab To Self, Web Apps, History, Saved Tab Group, WebAuthn Credentials, Collection, Edge E Drop, Edge Hub App Usage, Edge Wallet, Encryption Keys; Allow fail: 
2026-01-08 07:11:27.371: [INFO][Sync] Loading: Passwords
2026-01-08 07:11:27.371: [INFO][Sync] Loading: Autofill Profiles
2026-01-08 07:11:27.371: [INFO][Sync] Loading: Autofill
2026-01-08 07:11:27.371: [INFO][Sync] All data types are ready for configure.
2026-01-08 07:11:27.371: [INFO][SyncManagerImpl::NudgeForInitialDownload] Initial download nudge for Passwords
2026-01-08 07:11:27.371: [INFO][SyncManagerImpl::ConfigureSyncer] Types to download:  with reason: 5
2026-01-08 07:11:27.371: [INFO][SyncEngineBackend::DoFinishConfigureDataTypes] Failed to download types:  and succeeded types: 
2026-01-08 07:11:27.371: [INFO][Sync] ConfigurationDone, failed: , succeeded: , remaining count: 4
2026-01-08 07:11:27.371: [INFO][Sync] Prepare to configure types: Passwords, Encryption Keys
2026-01-08 07:11:27.371: [INFO][SyncManagerImpl::ConfigureSyncer] Types to download: Passwords, Encryption Keys with reason: 5
2026-01-08 07:11:27.371: [INFO][SyncSchedulerImpl::DoConfigurationSyncCycleJob] Blocked types:  and types to download: Passwords, Encryption Keys
2026-01-08 07:11:27.780: [INFO][SyncEngineBackend::DoFinishConfigureDataTypes] Failed to download types:  and succeeded types: Passwords, Encryption Keys
2026-01-08 07:11:27.781: [INFO][Sync] ConfigurationDone, failed: , succeeded: Passwords, Encryption Keys, remaining count: 3
2026-01-08 07:11:27.781: [INFO][SyncManagerImpl::ConfigureSyncer] Types to download:  with reason: 5
2026-01-08 07:11:27.781: [INFO][SyncEngineBackend::DoFinishConfigureDataTypes] Failed to download types:  and succeeded types: 
2026-01-08 07:11:27.781: [INFO][Sync] ConfigurationDone, failed: , succeeded: , remaining count: 2
2026-01-08 07:11:27.781: [INFO][SyncManagerImpl::ConfigureSyncer] Types to download:  with reason: 5
2026-01-08 07:11:27.781: [INFO][SyncEngineBackend::DoFinishConfigureDataTypes] Failed to download types:  and succeeded types: 
2026-01-08 07:11:27.781: [INFO][Sync] ConfigurationDone, failed: , succeeded: , remaining count: 1
2026-01-08 07:11:27.782: [INFO][SyncManagerImpl::ConfigureSyncer] Types to download:  with reason: 5
2026-01-08 07:11:27.782: [INFO][SyncEngineBackend::DoFinishConfigureDataTypes] Failed to download types:  and succeeded types: 
2026-01-08 07:11:27.782: [INFO][Sync] ConfigurationDone, failed: , succeeded: , remaining count: 0
2026-01-08 07:11:27.783: [INFO][Sync]     Configuration completed, state: 7
2026-01-08 07:11:27.783: [INFO][Sync] Configured DataTypeManager: Ok
2026-01-08 07:11:27.784: [INFO][SyncEngineBackend::DoStartSyncing] Start syncing
2026-01-08 07:12:45.338: [INFO][Sync] Reset engine, reason: 0
2026-01-08 07:12:45.338: [INFO][Sync] Reset engine with reason: 0
2026-01-08 07:13:04.038: [INFO][Sync] SyncState after authenticated was: FeatureCanStart
2026-01-08 07:13:08.352: [INFO][Sync] Try to start sync engine
2026-01-08 07:13:08.388: [INFO][SyncManagerImpl::NudgeForInitialDownload] Initial download nudge for Encryption Keys
2026-01-08 07:13:08.388: [INFO][SyncEngineBackend::LoadAndConnectNigoriController] Load and connect Nigori controller
2026-01-08 07:13:08.388: [INFO][SyncEngineBackend::DoInitialize] Control Types added: Encryption Keys
2026-01-08 07:13:08.388: [INFO][SyncManagerImpl::ConfigureSyncer] Types to download: Encryption Keys with reason: 3
2026-01-08 07:13:08.388: [INFO][SyncSchedulerImpl::DoConfigurationSyncCycleJob] Configure job was blocked
2026-01-08 07:13:08.403: [INFO][SyncAuthManager::SetLastAuthError] Current auth error: None
2026-01-08 07:13:08.403: [INFO][SyncAuthManager::EdgeLogTokenErrorState] Token error with: None for account type: MSA
2026-01-08 07:13:08.403: [INFO][Sync] Credentials changed for: EdgeSyncScopeNew
2026-01-08 07:13:31.176: [INFO][Sync] Reset engine, reason: 0
2026-01-08 07:13:31.176: [INFO][Sync] Reset engine with reason: 0
2026-01-08 07:14:45.828: [INFO][Sync] SyncState after authenticated was: FeatureCanStart
2026-01-08 07:14:50.133: [INFO][Sync] Try to start sync engine
2026-01-08 07:14:50.180: [INFO][SyncManagerImpl::NudgeForInitialDownload] Initial download nudge for Encryption Keys
2026-01-08 07:14:50.180: [INFO][SyncEngineBackend::LoadAndConnectNigoriController] Load and connect Nigori controller
2026-01-08 07:14:50.180: [INFO][SyncEngineBackend::DoInitialize] Control Types added: Encryption Keys
2026-01-08 07:14:50.180: [INFO][SyncManagerImpl::ConfigureSyncer] Types to download: Encryption Keys with reason: 3
2026-01-08 07:14:50.180: [INFO][SyncSchedulerImpl::DoConfigurationSyncCycleJob] Configure job was blocked
2026-01-08 07:14:50.194: [INFO][SyncAuthManager::SetLastAuthError] Current auth error: None
2026-01-08 07:14:50.194: [INFO][SyncAuthManager::EdgeLogTokenErrorState] Token error with: None for account type: MSA
2026-01-08 07:14:50.194: [INFO][Sync] Credentials changed for: EdgeSyncScopeNew
2026-01-08 07:14:59.558: [INFO][Sync] Reset engine, reason: 0
2026-01-08 07:14:59.558: [INFO][Sync] Reset engine with reason: 0
2026-01-08 07:15:18.141: [INFO][Sync] SyncState after authenticated was: FeatureCanStart
2026-01-08 07:15:19.364: [INFO][SyncAuthManager::SetLastAuthError] Current auth error: None
2026-01-08 07:15:19.364: [INFO][SyncAuthManager::EdgeLogTokenErrorState] Token error with: None for account type: MSA
2026-01-08 07:15:19.364: [INFO][Sync] Credentials changed for: EdgeSyncKeyDataScope
2026-01-08 07:15:22.745: [INFO][Sync] Try to start sync engine
2026-01-08 07:15:22.772: [INFO][SyncManagerImpl::NudgeForInitialDownload] Initial download nudge for Encryption Keys
2026-01-08 07:15:22.772: [INFO][SyncEngineBackend::LoadAndConnectNigoriController] Load and connect Nigori controller
2026-01-08 07:15:22.772: [INFO][SyncEngineBackend::DoInitialize] Control Types added: Encryption Keys
2026-01-08 07:15:22.772: [INFO][SyncManagerImpl::ConfigureSyncer] Types to download: Encryption Keys with reason: 3
2026-01-08 07:15:22.772: [INFO][SyncEngineBackend::DoUpdateKeyDataCredentials] Update key data credentials
2026-01-08 07:15:22.772: [INFO][SyncSchedulerImpl::DoConfigurationSyncCycleJob] Configure job was blocked
2026-01-08 07:15:22.789: [INFO][SyncAuthManager::SetLastAuthError] Current auth error: None
2026-01-08 07:15:22.789: [INFO][SyncAuthManager::EdgeLogTokenErrorState] Token error with: None for account type: MSA
2026-01-08 07:15:22.789: [INFO][Sync] Credentials changed for: EdgeSyncScopeNew
2026-01-08 07:15:22.789: [INFO][SyncEngineBackend::DoUpdateCredentials] Update credentials
2026-01-08 07:15:22.789: [INFO][SyncSchedulerImpl::DoConfigurationSyncCycleJob] Blocked types:  and types to download: Encryption Keys
2026-01-08 07:15:23.049: [INFO][SyncEngineBackend::DoUpdateKeyDataCredentials] Update key data credentials
2026-01-08 07:15:23.051: [INFO][Sync] Started DataTypeManager configuration, reason: 4
2026-01-08 07:15:23.051: [INFO][Sync] Configuring for: Bookmarks, Preferences, Passwords, Autofill Profiles, Autofill, Extensions, Sessions, Extension settings, History Delete Directives, Device Info, User Consents, Send Tab To Self, Web Apps, History, Saved Tab Group, WebAuthn Credentials, Collection, Edge E Drop, Edge Hub App Usage, Edge Wallet, Encryption Keys, reason: 4, current state: 0
2026-01-08 07:15:23.051: [WARN][Sync] Crypto error data types: Passwords, Autofill Profiles, Autofill
2026-01-08 07:15:23.052: [INFO][Sync] Configure, desired: Bookmarks, Preferences, Extensions, Sessions, Extension settings, History Delete Directives, Device Info, User Consents, Send Tab To Self, Web Apps, History, Saved Tab Group, WebAuthn Credentials, Collection, Edge E Drop, Edge Hub App Usage, Edge Wallet, Encryption Keys; Allow fail: Passwords, Autofill Profiles, Autofill
2026-01-08 07:15:23.052: [INFO][Sync] Loading: Bookmarks
2026-01-08 07:15:23.052: [INFO][Sync] Loading: Preferences
2026-01-08 07:15:23.052: [INFO][Sync] Loading: Extensions
2026-01-08 07:15:23.052: [INFO][Sync] Loading: Sessions
2026-01-08 07:15:23.052: [INFO][Sync] Loading: Extension settings
2026-01-08 07:15:23.052: [INFO][Sync] Loading: History Delete Directives
2026-01-08 07:15:23.052: [INFO][Sync] Loading: Device Info
2026-01-08 07:15:23.052: [INFO][Sync] Loading: User Consents
2026-01-08 07:15:23.052: [INFO][Sync] Loading: Send Tab To Self
2026-01-08 07:15:23.052: [INFO][Sync] Loading: Web Apps
2026-01-08 07:15:23.052: [INFO][Sync] Loading: History
2026-01-08 07:15:23.052: [INFO][Sync] Loading: Saved Tab Group
2026-01-08 07:15:23.052: [INFO][Sync] Loading: WebAuthn Credentials
2026-01-08 07:15:23.052: [INFO][Sync] Loading: Collection
2026-01-08 07:15:23.052: [INFO][Sync] Loading: Edge E Drop
2026-01-08 07:15:23.052: [INFO][Sync] Loading: Edge Hub App Usage
2026-01-08 07:15:23.052: [INFO][Sync] Loading: Edge Wallet
2026-01-08 07:15:23.056: [INFO][Sync] All data types are ready for configure.
2026-01-08 07:15:23.847: [INFO][SyncEngineBackend::DoStartConfiguration] Start configuration
2026-01-08 07:15:23.847: [INFO][SyncManagerImpl::ConfigureSyncer] Types to download:  with reason: 4
2026-01-08 07:15:23.847: [INFO][SyncEngineBackend::DoFinishConfigureDataTypes] Failed to download types:  and succeeded types: 
2026-01-08 07:15:23.847: [INFO][Sync] Started DataTypeManager configuration, reason: 5
2026-01-08 07:15:23.847: [INFO][Sync] Configuring for: Bookmarks, Preferences, Passwords, Autofill Profiles, Autofill, Extensions, Sessions, Extension settings, History Delete Directives, Device Info, User Consents, Send Tab To Self, Web Apps, History, Saved Tab Group, WebAuthn Credentials, Collection, Edge E Drop, Edge Hub App Usage, Edge Wallet, Encryption Keys, reason: 5, current state: 1
2026-01-08 07:15:23.848: [INFO][Sync] ConfigurationDone, failed: , succeeded: , remaining count: 4
2026-01-08 07:15:23.848: [WARN][Sync]     Reconfigure requested while configuration ongoing.
2026-01-08 07:15:23.848: [INFO][Sync] Configuring for: Bookmarks, Preferences, Passwords, Autofill Profiles, Autofill, Extensions, Sessions, Extension settings, History Delete Directives, Device Info, User Consents, Send Tab To Self, Web Apps, History, Saved Tab Group, WebAuthn Credentials, Collection, Edge E Drop, Edge Hub App Usage, Edge Wallet, Encryption Keys, reason: 5, current state: 2
2026-01-08 07:15:23.848: [INFO][Sync] Configure, desired: Bookmarks, Preferences, Passwords, Autofill Profiles, Autofill, Extensions, Sessions, Extension settings, History Delete Directives, Device Info, User Consents, Send Tab To Self, Web Apps, History, Saved Tab Group, WebAuthn Credentials, Collection, Edge E Drop, Edge Hub App Usage, Edge Wallet, Encryption Keys; Allow fail: 
2026-01-08 07:15:23.848: [INFO][Sync] Loading: Passwords
2026-01-08 07:15:23.848: [INFO][Sync] Loading: Autofill Profiles
2026-01-08 07:15:23.848: [INFO][Sync] Loading: Autofill
2026-01-08 07:15:23.849: [INFO][Sync] All data types are ready for configure.
2026-01-08 07:15:23.849: [INFO][SyncManagerImpl::NudgeForInitialDownload] Initial download nudge for Passwords
2026-01-08 07:15:23.849: [INFO][SyncManagerImpl::ConfigureSyncer] Types to download:  with reason: 5
2026-01-08 07:15:23.849: [INFO][SyncEngineBackend::DoFinishConfigureDataTypes] Failed to download types:  and succeeded types: 
2026-01-08 07:15:23.849: [INFO][Sync] ConfigurationDone, failed: , succeeded: , remaining count: 4
2026-01-08 07:15:23.849: [INFO][Sync] Prepare to configure types: Passwords, Encryption Keys
2026-01-08 07:15:23.849: [INFO][SyncManagerImpl::ConfigureSyncer] Types to download: Passwords, Encryption Keys with reason: 5
2026-01-08 07:15:23.849: [INFO][SyncSchedulerImpl::DoConfigurationSyncCycleJob] Blocked types:  and types to download: Passwords, Encryption Keys
2026-01-08 07:15:24.116: [INFO][SyncEngineBackend::DoFinishConfigureDataTypes] Failed to download types:  and succeeded types: Passwords, Encryption Keys
2026-01-08 07:15:24.117: [INFO][Sync] ConfigurationDone, failed: , succeeded: Passwords, Encryption Keys, remaining count: 3
2026-01-08 07:15:24.117: [INFO][SyncManagerImpl::ConfigureSyncer] Types to download:  with reason: 5
2026-01-08 07:15:24.117: [INFO][SyncEngineBackend::DoFinishConfigureDataTypes] Failed to download types:  and succeeded types: 
2026-01-08 07:15:24.117: [INFO][Sync] ConfigurationDone, failed: , succeeded: , remaining count: 2
2026-01-08 07:15:24.117: [INFO][SyncManagerImpl::ConfigureSyncer] Types to download:  with reason: 5
2026-01-08 07:15:24.117: [INFO][SyncEngineBackend::DoFinishConfigureDataTypes] Failed to download types:  and succeeded types: 
2026-01-08 07:15:24.120: [INFO][Sync] ConfigurationDone, failed: , succeeded: , remaining count: 1
2026-01-08 07:15:24.121: [INFO][SyncManagerImpl::ConfigureSyncer] Types to download:  with reason: 5
2026-01-08 07:15:24.121: [INFO][SyncEngineBackend::DoFinishConfigureDataTypes] Failed to download types:  and succeeded types: 
2026-01-08 07:15:24.121: [INFO][Sync] ConfigurationDone, failed: , succeeded: , remaining count: 0
2026-01-08 07:15:24.122: [INFO][Sync]     Configuration completed, state: 7
2026-01-08 07:15:24.122: [INFO][Sync] Configured DataTypeManager: Ok
2026-01-08 07:15:24.124: [INFO][SyncEngineBackend::DoStartSyncing] Start syncing
2026-01-08 07:16:43.445: [INFO][Sync] Reset engine, reason: 0
2026-01-08 07:16:43.445: [INFO][Sync] Reset engine with reason: 0
2026-01-08 07:17:09.267: [INFO][Sync] SyncState after authenticated was: FeatureCanStart
2026-01-08 07:17:13.644: [INFO][Sync] Try to start sync engine
2026-01-08 07:17:13.688: [INFO][SyncManagerImpl::NudgeForInitialDownload] Initial download nudge for Encryption Keys
2026-01-08 07:17:13.688: [INFO][SyncEngineBackend::LoadAndConnectNigoriController] Load and connect Nigori controller
2026-01-08 07:17:13.688: [INFO][SyncEngineBackend::DoInitialize] Control Types added: Encryption Keys
2026-01-08 07:17:13.688: [INFO][SyncManagerImpl::ConfigureSyncer] Types to download: Encryption Keys with reason: 3
2026-01-08 07:17:13.688: [INFO][SyncSchedulerImpl::DoConfigurationSyncCycleJob] Configure job was blocked
2026-01-08 07:17:13.701: [INFO][SyncAuthManager::SetLastAuthError] Current auth error: None
2026-01-08 07:17:13.701: [INFO][SyncAuthManager::EdgeLogTokenErrorState] Token error with: None for account type: MSA
2026-01-08 07:17:13.701: [INFO][Sync] Credentials changed for: EdgeSyncScopeNew
2026-01-08 07:17:20.728: [INFO][Sync] Reset engine, reason: 0
2026-01-08 07:17:20.728: [INFO][Sync] Reset engine with reason: 0
2026-01-08 07:33:52.686: [INFO][Sync] SyncState after authenticated was: FeatureCanStart
2026-01-08 07:33:54.067: [INFO][SyncAuthManager::SetLastAuthError] Current auth error: None
2026-01-08 07:33:54.067: [INFO][SyncAuthManager::EdgeLogTokenErrorState] Token error with: None for account type: MSA
2026-01-08 07:33:54.067: [INFO][Sync] Credentials changed for: EdgeSyncKeyDataScope
2026-01-08 07:33:57.520: [INFO][Sync] Try to start sync engine
2026-01-08 07:33:57.574: [INFO][SyncManagerImpl::NudgeForInitialDownload] Initial download nudge for Encryption Keys
2026-01-08 07:33:57.574: [INFO][SyncEngineBackend::LoadAndConnectNigoriController] Load and connect Nigori controller
2026-01-08 07:33:57.574: [INFO][SyncEngineBackend::DoInitialize] Control Types added: Encryption Keys
2026-01-08 07:33:57.574: [INFO][SyncManagerImpl::ConfigureSyncer] Types to download: Encryption Keys with reason: 3
2026-01-08 07:33:57.574: [INFO][SyncEngineBackend::DoUpdateKeyDataCredentials] Update key data credentials
2026-01-08 07:33:57.574: [INFO][SyncSchedulerImpl::DoConfigurationSyncCycleJob] Configure job was blocked
2026-01-08 07:33:57.592: [INFO][SyncAuthManager::SetLastAuthError] Current auth error: None
2026-01-08 07:33:57.592: [INFO][SyncAuthManager::EdgeLogTokenErrorState] Token error with: None for account type: MSA
2026-01-08 07:33:57.592: [INFO][Sync] Credentials changed for: EdgeSyncScopeNew
2026-01-08 07:33:57.592: [INFO][SyncEngineBackend::DoUpdateCredentials] Update credentials
2026-01-08 07:33:57.592: [INFO][SyncSchedulerImpl::DoConfigurationSyncCycleJob] Blocked types:  and types to download: Encryption Keys
2026-01-08 07:33:58.462: [INFO][SyncEngineBackend::DoUpdateKeyDataCredentials] Update key data credentials
2026-01-08 07:33:58.464: [INFO][Sync] Started DataTypeManager configuration, reason: 4
2026-01-08 07:33:58.464: [INFO][Sync] Configuring for: Bookmarks, Preferences, Passwords, Autofill Profiles, Autofill, Extensions, Sessions, Extension settings, History Delete Directives, Device Info, User Consents, Send Tab To Self, Web Apps, History, Saved Tab Group, WebAuthn Credentials, Collection, Edge E Drop, Edge Hub App Usage, Edge Wallet, Encryption Keys, reason: 4, current state: 0
2026-01-08 07:33:58.464: [WARN][Sync] Crypto error data types: Passwords, Autofill Profiles, Autofill
2026-01-08 07:33:58.465: [INFO][Sync] Configure, desired: Bookmarks, Preferences, Extensions, Sessions, Extension settings, History Delete Directives, Device Info, User Consents, Send Tab To Self, Web Apps, History, Saved Tab Group, WebAuthn Credentials, Collection, Edge E Drop, Edge Hub App Usage, Edge Wallet, Encryption Keys; Allow fail: Passwords, Autofill Profiles, Autofill
2026-01-08 07:33:58.465: [INFO][Sync] Loading: Bookmarks
2026-01-08 07:33:58.465: [INFO][Sync] Loading: Preferences
2026-01-08 07:33:58.465: [INFO][Sync] Loading: Extensions
2026-01-08 07:33:58.465: [INFO][Sync] Loading: Sessions
2026-01-08 07:33:58.465: [INFO][Sync] Loading: Extension settings
2026-01-08 07:33:58.465: [INFO][Sync] Loading: History Delete Directives
2026-01-08 07:33:58.465: [INFO][Sync] Loading: Device Info
2026-01-08 07:33:58.465: [INFO][Sync] Loading: User Consents
2026-01-08 07:33:58.465: [INFO][Sync] Loading: Send Tab To Self
2026-01-08 07:33:58.465: [INFO][Sync] Loading: Web Apps
2026-01-08 07:33:58.465: [INFO][Sync] Loading: History
2026-01-08 07:33:58.465: [INFO][Sync] Loading: Saved Tab Group
2026-01-08 07:33:58.465: [INFO][Sync] Loading: WebAuthn Credentials
2026-01-08 07:33:58.465: [INFO][Sync] Loading: Collection
2026-01-08 07:33:58.465: [INFO][Sync] Loading: Edge E Drop
2026-01-08 07:33:58.465: [INFO][Sync] Loading: Edge Hub App Usage
2026-01-08 07:33:58.465: [INFO][Sync] Loading: Edge Wallet
2026-01-08 07:33:58.469: [INFO][Sync] All data types are ready for configure.
2026-01-08 07:33:58.985: [INFO][Sync] Started DataTypeManager configuration, reason: 5
2026-01-08 07:33:58.985: [INFO][SyncEngineBackend::DoStartConfiguration] Start configuration
2026-01-08 07:33:58.985: [INFO][Sync] Configuring for: Bookmarks, Preferences, Passwords, Autofill Profiles, Autofill, Extensions, Sessions, Extension settings, History Delete Directives, Device Info, User Consents, Send Tab To Self, Web Apps, History, Saved Tab Group, WebAuthn Credentials, Collection, Edge E Drop, Edge Hub App Usage, Edge Wallet, Encryption Keys, reason: 5, current state: 1
2026-01-08 07:33:58.985: [INFO][SyncManagerImpl::ConfigureSyncer] Types to download:  with reason: 4
2026-01-08 07:33:58.985: [INFO][SyncEngineBackend::DoFinishConfigureDataTypes] Failed to download types:  and succeeded types: 
2026-01-08 07:33:58.986: [INFO][Sync] ConfigurationDone, failed: , succeeded: , remaining count: 4
2026-01-08 07:33:58.986: [WARN][Sync]     Reconfigure requested while configuration ongoing.
2026-01-08 07:33:58.986: [INFO][Sync] Configuring for: Bookmarks, Preferences, Passwords, Autofill Profiles, Autofill, Extensions, Sessions, Extension settings, History Delete Directives, Device Info, User Consents, Send Tab To Self, Web Apps, History, Saved Tab Group, WebAuthn Credentials, Collection, Edge E Drop, Edge Hub App Usage, Edge Wallet, Encryption Keys, reason: 5, current state: 2
2026-01-08 07:33:58.986: [INFO][Sync] Configure, desired: Bookmarks, Preferences, Passwords, Autofill Profiles, Autofill, Extensions, Sessions, Extension settings, History Delete Directives, Device Info, User Consents, Send Tab To Self, Web Apps, History, Saved Tab Group, WebAuthn Credentials, Collection, Edge E Drop, Edge Hub App Usage, Edge Wallet, Encryption Keys; Allow fail: 
2026-01-08 07:33:58.986: [INFO][Sync] Loading: Passwords
2026-01-08 07:33:58.986: [INFO][Sync] Loading: Autofill Profiles
2026-01-08 07:33:58.986: [INFO][Sync] Loading: Autofill
2026-01-08 07:33:58.986: [INFO][Sync] All data types are ready for configure.
2026-01-08 07:33:58.986: [INFO][SyncManagerImpl::NudgeForInitialDownload] Initial download nudge for Passwords
2026-01-08 07:33:58.987: [INFO][SyncManagerImpl::ConfigureSyncer] Types to download:  with reason: 5
2026-01-08 07:33:58.987: [INFO][SyncEngineBackend::DoFinishConfigureDataTypes] Failed to download types:  and succeeded types: 
2026-01-08 07:33:58.987: [INFO][Sync] ConfigurationDone, failed: , succeeded: , remaining count: 4
2026-01-08 07:33:58.987: [INFO][Sync] Prepare to configure types: Passwords, Encryption Keys
2026-01-08 07:33:58.987: [INFO][SyncManagerImpl::ConfigureSyncer] Types to download: Passwords, Encryption Keys with reason: 5
2026-01-08 07:33:58.987: [INFO][SyncSchedulerImpl::DoConfigurationSyncCycleJob] Blocked types:  and types to download: Passwords, Encryption Keys
2026-01-08 07:34:00.056: [INFO][SyncEngineBackend::DoFinishConfigureDataTypes] Failed to download types:  and succeeded types: Passwords, Encryption Keys
2026-01-08 07:34:00.057: [INFO][Sync] ConfigurationDone, failed: , succeeded: Passwords, Encryption Keys, remaining count: 3
2026-01-08 07:34:00.058: [INFO][SyncManagerImpl::ConfigureSyncer] Types to download:  with reason: 5
2026-01-08 07:34:00.058: [INFO][SyncEngineBackend::DoFinishConfigureDataTypes] Failed to download types:  and succeeded types: 
2026-01-08 07:34:00.058: [INFO][Sync] ConfigurationDone, failed: , succeeded: , remaining count: 2
2026-01-08 07:34:00.058: [INFO][SyncManagerImpl::ConfigureSyncer] Types to download:  with reason: 5
2026-01-08 07:34:00.058: [INFO][SyncEngineBackend::DoFinishConfigureDataTypes] Failed to download types:  and succeeded types: 
2026-01-08 07:34:00.063: [INFO][Sync] ConfigurationDone, failed: , succeeded: , remaining count: 1
2026-01-08 07:34:00.064: [INFO][SyncManagerImpl::ConfigureSyncer] Types to download:  with reason: 5
2026-01-08 07:34:00.064: [INFO][SyncEngineBackend::DoFinishConfigureDataTypes] Failed to download types:  and succeeded types: 
2026-01-08 07:34:00.064: [INFO][Sync] ConfigurationDone, failed: , succeeded: , remaining count: 0
2026-01-08 07:34:00.067: [INFO][Sync]     Configuration completed, state: 7
2026-01-08 07:34:00.067: [INFO][Sync] Configured DataTypeManager: Ok
2026-01-08 07:34:00.069: [INFO][SyncEngineBackend::DoStartSyncing] Start syncing
2026-01-08 07:35:11.439: [INFO][SyncSchedulerImpl::OnSyncNetworkError] Syncer error: Network error (ERR_NAME_NOT_RESOLVED)
2026-01-08 07:35:11.439: [INFO][Commit::ReportFullCommitFailure] Commit Sessions, History failed with error: NetworkError
2026-01-08 07:35:11.439: [INFO][SyncSchedulerImpl::DoNudgeSyncCycleJob] Syncer error: Network error (ERR_NAME_NOT_RESOLVED)
2026-01-08 07:35:11.441: [WARN][Sync] NetworkError: Network error (ERR_NAME_NOT_RESOLVED)
2026-01-08 07:35:13.947: [INFO][SyncSchedulerImpl::OnSyncNetworkError] Syncer error: Network error (ERR_NAME_NOT_RESOLVED)
2026-01-08 07:35:13.947: [INFO][Commit::ReportFullCommitFailure] Commit Sessions, History failed with error: NetworkError
2026-01-08 07:35:13.947: [INFO][SyncSchedulerImpl::DoNudgeSyncCycleJob] Syncer error: Network error (ERR_NAME_NOT_RESOLVED)
2026-01-08 07:35:13.948: [WARN][Sync] NetworkError: Network error (ERR_NAME_NOT_RESOLVED)
2026-01-08 07:35:26.209: [INFO][SyncSchedulerImpl::OnSyncNetworkError] Syncer error: Network error (ERR_NAME_NOT_RESOLVED)
2026-01-08 07:35:26.209: [INFO][Commit::ReportFullCommitFailure] Commit Sessions, History failed with error: NetworkError
2026-01-08 07:35:26.209: [INFO][SyncSchedulerImpl::DoNudgeSyncCycleJob] Syncer error: Network error (ERR_NAME_NOT_RESOLVED)
2026-01-08 07:35:26.210: [WARN][Sync] NetworkError: Network error (ERR_NAME_NOT_RESOLVED)
2026-01-08 07:35:47.856: [INFO][SyncSchedulerImpl::OnSyncNetworkError] Syncer error: Network error (ERR_NAME_NOT_RESOLVED)
2026-01-08 07:35:47.857: [INFO][Commit::ReportFullCommitFailure] Commit Sessions, History failed with error: NetworkError
2026-01-08 07:35:47.857: [INFO][SyncSchedulerImpl::DoNudgeSyncCycleJob] Syncer error: Network error (ERR_NAME_NOT_RESOLVED)
2026-01-08 07:35:47.858: [WARN][Sync] NetworkError: Network error (ERR_NAME_NOT_RESOLVED)
2026-01-08 07:36:11.303: [INFO][SyncSchedulerImpl::OnSyncNetworkError] Syncer error: Network error (ERR_NAME_NOT_RESOLVED)
2026-01-08 07:36:11.303: [INFO][Commit::ReportFullCommitFailure] Commit Sessions, History failed with error: NetworkError
2026-01-08 07:36:11.303: [INFO][SyncSchedulerImpl::DoNudgeSyncCycleJob] Syncer error: Network error (ERR_NAME_NOT_RESOLVED)
2026-01-08 07:36:11.304: [WARN][Sync] NetworkError: Network error (ERR_NAME_NOT_RESOLVED)
2026-01-08 07:38:48.873: [INFO][Sync] Reset engine, reason: 0
2026-01-08 07:38:48.873: [INFO][Sync] Reset engine with reason: 0
2026-01-08 07:40:24.508: [INFO][Sync] SyncState after authenticated was: FeatureCanStart
2026-01-08 07:40:28.810: [INFO][Sync] Try to start sync engine
2026-01-08 07:40:28.856: [INFO][SyncManagerImpl::NudgeForInitialDownload] Initial download nudge for Encryption Keys
2026-01-08 07:40:28.856: [INFO][SyncEngineBackend::LoadAndConnectNigoriController] Load and connect Nigori controller
2026-01-08 07:40:28.856: [INFO][SyncEngineBackend::DoInitialize] Control Types added: Encryption Keys
2026-01-08 07:40:28.856: [INFO][SyncManagerImpl::ConfigureSyncer] Types to download: Encryption Keys with reason: 3
2026-01-08 07:40:28.856: [INFO][SyncSchedulerImpl::DoConfigurationSyncCycleJob] Configure job was blocked
2026-01-08 07:40:28.869: [INFO][SyncAuthManager::SetLastAuthError] Current auth error: None
2026-01-08 07:40:28.869: [INFO][SyncAuthManager::EdgeLogTokenErrorState] Token error with: None for account type: MSA
2026-01-08 07:40:28.869: [INFO][Sync] Credentials changed for: EdgeSyncScopeNew
2026-01-08 07:40:54.688: [INFO][SyncAuthManager::EdgeLogTokenErrorState] Token error with: Edge auth error: Exceeded max duration. for account type: MSA
2026-01-08 07:40:54.688: [INFO][Sync] Credentials changed for: EdgeSyncKeyDataScope
2026-01-08 07:40:54.688: [INFO][SyncEngineBackend::DoUpdateCredentials] Update credentials
2026-01-08 07:40:54.688: [INFO][SyncSchedulerImpl::DoConfigurationSyncCycleJob] Blocked types:  and types to download: Encryption Keys
2026-01-08 07:40:55.960: [INFO][Sync] Started DataTypeManager configuration, reason: 4
2026-01-08 07:40:55.960: [INFO][Sync] Configuring for: Bookmarks, Preferences, Passwords, Autofill Profiles, Autofill, Extensions, Sessions, Extension settings, History Delete Directives, Device Info, User Consents, Send Tab To Self, Web Apps, History, Saved Tab Group, WebAuthn Credentials, Collection, Edge E Drop, Edge Hub App Usage, Edge Wallet, Encryption Keys, reason: 4, current state: 0
2026-01-08 07:40:55.960: [WARN][Sync] Crypto error data types: Passwords, Autofill Profiles, Autofill
2026-01-08 07:40:55.960: [INFO][SyncEngineBackend::DoStartConfiguration] Start configuration
2026-01-08 07:40:55.961: [INFO][Sync] Configure, desired: Bookmarks, Preferences, Extensions, Sessions, Extension settings, History Delete Directives, Device Info, User Consents, Send Tab To Self, Web Apps, History, Saved Tab Group, WebAuthn Credentials, Collection, Edge E Drop, Edge Hub App Usage, Edge Wallet, Encryption Keys; Allow fail: Passwords, Autofill Profiles, Autofill
2026-01-08 07:40:55.961: [INFO][Sync] Loading: Bookmarks
2026-01-08 07:40:55.961: [INFO][Sync] Loading: Preferences
2026-01-08 07:40:55.961: [INFO][Sync] Loading: Extensions
2026-01-08 07:40:55.961: [INFO][Sync] Loading: Sessions
2026-01-08 07:40:55.961: [INFO][Sync] Loading: Extension settings
2026-01-08 07:40:55.961: [INFO][Sync] Loading: History Delete Directives
2026-01-08 07:40:55.961: [INFO][Sync] Loading: Device Info
2026-01-08 07:40:55.961: [INFO][Sync] Loading: User Consents
2026-01-08 07:40:55.961: [INFO][Sync] Loading: Send Tab To Self
2026-01-08 07:40:55.961: [INFO][Sync] Loading: Web Apps
2026-01-08 07:40:55.961: [INFO][Sync] Loading: History
2026-01-08 07:40:55.961: [INFO][Sync] Loading: Saved Tab Group
2026-01-08 07:40:55.961: [INFO][Sync] Loading: WebAuthn Credentials
2026-01-08 07:40:55.961: [INFO][Sync] Loading: Collection
2026-01-08 07:40:55.961: [INFO][Sync] Loading: Edge E Drop
2026-01-08 07:40:55.961: [INFO][Sync] Loading: Edge Hub App Usage
2026-01-08 07:40:55.961: [INFO][Sync] Loading: Edge Wallet
2026-01-08 07:40:55.964: [INFO][Sync] All data types are ready for configure.
2026-01-08 07:40:55.965: [INFO][SyncManagerImpl::ConfigureSyncer] Types to download:  with reason: 4
2026-01-08 07:40:55.965: [INFO][SyncEngineBackend::DoFinishConfigureDataTypes] Failed to download types:  and succeeded types: 
2026-01-08 07:40:55.965: [INFO][Sync] ConfigurationDone, failed: , succeeded: , remaining count: 4
2026-01-08 07:40:55.965: [INFO][SyncManagerImpl::ConfigureSyncer] Types to download:  with reason: 4
2026-01-08 07:40:55.965: [INFO][SyncEngineBackend::DoFinishConfigureDataTypes] Failed to download types:  and succeeded types: 
2026-01-08 07:40:55.965: [INFO][Sync] ConfigurationDone, failed: , succeeded: , remaining count: 3
2026-01-08 07:40:55.965: [INFO][SyncManagerImpl::ConfigureSyncer] Types to download:  with reason: 4
2026-01-08 07:40:55.965: [INFO][SyncEngineBackend::DoFinishConfigureDataTypes] Failed to download types:  and succeeded types: 
2026-01-08 07:40:55.965: [INFO][Sync] ConfigurationDone, failed: , succeeded: , remaining count: 2
2026-01-08 07:40:55.965: [INFO][SyncManagerImpl::ConfigureSyncer] Types to download:  with reason: 4
2026-01-08 07:40:55.965: [INFO][SyncEngineBackend::DoFinishConfigureDataTypes] Failed to download types:  and succeeded types: 
2026-01-08 07:40:55.965: [INFO][Sync] ConfigurationDone, failed: , succeeded: , remaining count: 1
2026-01-08 07:40:55.967: [INFO][SyncManagerImpl::ConfigureSyncer] Types to download:  with reason: 4
2026-01-08 07:40:55.967: [INFO][SyncEngineBackend::DoFinishConfigureDataTypes] Failed to download types:  and succeeded types: 
2026-01-08 07:40:55.970: [INFO][Sync] ConfigurationDone, failed: , succeeded: , remaining count: 0
2026-01-08 07:40:55.972: [INFO][Sync]     Configuration completed, state: 3
2026-01-08 07:40:55.972: [INFO][Sync] Configured DataTypeManager: Ok
2026-01-08 07:40:55.975: [INFO][SyncEngineBackend::DoStartSyncing] Start syncing
2026-01-08 07:40:56.010: [INFO][SyncAuthManager::SetLastAuthError] Current auth error: None
2026-01-08 07:40:56.011: [INFO][SyncAuthManager::EdgeLogTokenErrorState] Token error with: None for account type: MSA
2026-01-08 07:40:56.011: [INFO][Sync] Credentials changed for: EdgeSyncKeyDataScope
2026-01-08 07:40:56.759: [INFO][SyncEngineBackend::DoUpdateKeyDataCredentials] Update key data credentials
2026-01-08 07:40:57.657: [INFO][Sync] Started DataTypeManager configuration, reason: 5
2026-01-08 07:40:57.657: [INFO][Sync] Configuring for: Bookmarks, Preferences, Passwords, Autofill Profiles, Autofill, Extensions, Sessions, Extension settings, History Delete Directives, Device Info, User Consents, Send Tab To Self, Web Apps, History, Saved Tab Group, WebAuthn Credentials, Collection, Edge E Drop, Edge Hub App Usage, Edge Wallet, Encryption Keys, reason: 5, current state: 3
2026-01-08 07:40:57.659: [INFO][Sync] Configure, desired: Bookmarks, Preferences, Passwords, Autofill Profiles, Autofill, Extensions, Sessions, Extension settings, History Delete Directives, Device Info, User Consents, Send Tab To Self, Web Apps, History, Saved Tab Group, WebAuthn Credentials, Collection, Edge E Drop, Edge Hub App Usage, Edge Wallet, Encryption Keys; Allow fail: 
2026-01-08 07:40:57.659: [INFO][Sync] Loading: Passwords
2026-01-08 07:40:57.659: [INFO][Sync] Loading: Autofill Profiles
2026-01-08 07:40:57.659: [INFO][Sync] Loading: Autofill
2026-01-08 07:40:57.660: [INFO][SyncEngineBackend::DoStartConfiguration] Start configuration
2026-01-08 07:40:57.661: [INFO][Sync] All data types are ready for configure.
2026-01-08 07:40:57.661: [INFO][SyncManagerImpl::NudgeForInitialDownload] Initial download nudge for Passwords
2026-01-08 07:40:57.661: [INFO][SyncManagerImpl::ConfigureSyncer] Types to download:  with reason: 5
2026-01-08 07:40:57.661: [INFO][SyncEngineBackend::DoFinishConfigureDataTypes] Failed to download types:  and succeeded types: 
2026-01-08 07:40:57.661: [INFO][Sync] ConfigurationDone, failed: , succeeded: , remaining count: 4
2026-01-08 07:40:57.661: [INFO][Sync] Prepare to configure types: Passwords, Encryption Keys
2026-01-08 07:40:57.662: [INFO][SyncManagerImpl::ConfigureSyncer] Types to download: Passwords, Encryption Keys with reason: 5
2026-01-08 07:40:57.662: [INFO][SyncSchedulerImpl::DoConfigurationSyncCycleJob] Blocked types:  and types to download: Passwords, Encryption Keys
2026-01-08 07:40:57.812: [INFO][SyncEngineBackend::DoFinishConfigureDataTypes] Failed to download types:  and succeeded types: Passwords, Encryption Keys
2026-01-08 07:40:57.813: [INFO][Sync] ConfigurationDone, failed: , succeeded: Passwords, Encryption Keys, remaining count: 3
2026-01-08 07:40:57.813: [INFO][SyncManagerImpl::ConfigureSyncer] Types to download:  with reason: 5
2026-01-08 07:40:57.813: [INFO][SyncEngineBackend::DoFinishConfigureDataTypes] Failed to download types:  and succeeded types: 
2026-01-08 07:40:57.817: [INFO][Sync] ConfigurationDone, failed: , succeeded: , remaining count: 2
2026-01-08 07:40:57.817: [INFO][SyncManagerImpl::ConfigureSyncer] Types to download:  with reason: 5
2026-01-08 07:40:57.817: [INFO][SyncEngineBackend::DoFinishConfigureDataTypes] Failed to download types:  and succeeded types: 
2026-01-08 07:40:57.817: [INFO][Sync] ConfigurationDone, failed: , succeeded: , remaining count: 1
2026-01-08 07:40:57.818: [INFO][SyncManagerImpl::ConfigureSyncer] Types to download:  with reason: 5
2026-01-08 07:40:57.818: [INFO][SyncEngineBackend::DoFinishConfigureDataTypes] Failed to download types:  and succeeded types: 
2026-01-08 07:40:57.818: [INFO][Sync] ConfigurationDone, failed: , succeeded: , remaining count: 0
2026-01-08 07:40:57.820: [INFO][Sync]     Configuration completed, state: 3
2026-01-08 07:40:57.820: [INFO][Sync] Configured DataTypeManager: Ok
2026-01-08 07:40:57.823: [INFO][SyncEngineBackend::DoStartSyncing] Start syncing
2026-01-08 07:42:48.869: [INFO][Sync] Reset engine, reason: 0
2026-01-08 07:42:48.869: [INFO][Sync] Reset engine with reason: 0
2026-01-08 07:53:03.901: [INFO][Sync] SyncState after authenticated was: FeatureCanStart
2026-01-08 07:53:04.546: [INFO][Sync] Try to start sync engine
2026-01-08 07:53:04.547: [INFO][SyncManagerImpl::NudgeForInitialDownload] Initial download nudge for Encryption Keys
2026-01-08 07:53:04.547: [INFO][SyncEngineBackend::LoadAndConnectNigoriController] Load and connect Nigori controller
2026-01-08 07:53:04.547: [INFO][SyncEngineBackend::DoInitialize] Control Types added: Encryption Keys
2026-01-08 07:53:04.547: [INFO][SyncManagerImpl::ConfigureSyncer] Types to download: Encryption Keys with reason: 3
2026-01-08 07:53:04.547: [INFO][SyncSchedulerImpl::DoConfigurationSyncCycleJob] Configure job was blocked
2026-01-08 07:53:04.573: [INFO][SyncAuthManager::SetLastAuthError] Current auth error: None
2026-01-08 07:53:04.573: [INFO][SyncAuthManager::EdgeLogTokenErrorState] Token error with: None for account type: MSA
2026-01-08 07:53:04.573: [INFO][Sync] Credentials changed for: EdgeSyncScopeNew
2026-01-08 07:53:34.079: [INFO][SyncAuthManager::EdgeLogTokenErrorState] Token error with: Edge auth error: Exceeded max duration. for account type: MSA
2026-01-08 07:53:34.079: [INFO][Sync] Credentials changed for: EdgeSyncKeyDataScope
2026-01-08 07:53:34.079: [INFO][SyncEngineBackend::DoUpdateCredentials] Update credentials
2026-01-08 07:53:34.079: [INFO][SyncSchedulerImpl::DoConfigurationSyncCycleJob] Blocked types:  and types to download: Encryption Keys
2026-01-08 07:53:46.121: [INFO][SyncSchedulerImpl::OnSyncNetworkError] Syncer error: Network error (ERR_NAME_NOT_RESOLVED)
2026-01-08 07:53:46.121: [INFO][SyncSchedulerImpl::DoConfigurationSyncCycleJob] Syncer error: Network error (ERR_NAME_NOT_RESOLVED)
2026-01-08 07:53:46.121: [INFO][SyncSchedulerImpl::DoConfigurationSyncCycleJob] Blocked types:  and types to download: Encryption Keys
2026-01-08 07:53:46.123: [WARN][Sync] NetworkError: Network error (ERR_NAME_NOT_RESOLVED)
2026-01-08 07:53:46.862: [INFO][SyncSchedulerImpl::OnSyncNetworkError] Syncer error: Network error (ERR_NAME_NOT_RESOLVED)
2026-01-08 07:53:46.863: [INFO][SyncSchedulerImpl::DoConfigurationSyncCycleJob] Syncer error: Network error (ERR_NAME_NOT_RESOLVED)
2026-01-08 07:53:46.865: [WARN][Sync] NetworkError: Network error (ERR_NAME_NOT_RESOLVED)
2026-01-08 07:53:48.634: [INFO][SyncSchedulerImpl::DoConfigurationSyncCycleJob] Blocked types:  and types to download: Encryption Keys
2026-01-08 07:53:51.187: [INFO][Sync] Started DataTypeManager configuration, reason: 4
2026-01-08 07:53:51.187: [INFO][Sync] Configuring for: Bookmarks, Preferences, Passwords, Autofill Profiles, Autofill, Extensions, Sessions, Extension settings, History Delete Directives, Device Info, User Consents, Send Tab To Self, Web Apps, History, Saved Tab Group, WebAuthn Credentials, Collection, Edge E Drop, Edge Hub App Usage, Edge Wallet, Encryption Keys, reason: 4, current state: 0
2026-01-08 07:53:51.187: [WARN][Sync] Crypto error data types: Passwords, Autofill Profiles, Autofill
2026-01-08 07:53:51.187: [INFO][SyncEngineBackend::DoStartConfiguration] Start configuration
2026-01-08 07:53:51.190: [INFO][Sync] Configure, desired: Bookmarks, Preferences, Extensions, Sessions, Extension settings, History Delete Directives, Device Info, User Consents, Send Tab To Self, Web Apps, History, Saved Tab Group, WebAuthn Credentials, Collection, Edge E Drop, Edge Hub App Usage, Edge Wallet, Encryption Keys; Allow fail: Passwords, Autofill Profiles, Autofill
2026-01-08 07:53:51.190: [INFO][Sync] Loading: Bookmarks
2026-01-08 07:53:51.190: [INFO][Sync] Loading: Preferences
2026-01-08 07:53:51.190: [INFO][Sync] Loading: Extensions
2026-01-08 07:53:51.190: [INFO][Sync] Loading: Sessions
2026-01-08 07:53:51.190: [INFO][Sync] Loading: Extension settings
2026-01-08 07:53:51.190: [INFO][Sync] Loading: History Delete Directives
2026-01-08 07:53:51.190: [INFO][Sync] Loading: Device Info
2026-01-08 07:53:51.190: [INFO][Sync] Loading: User Consents
2026-01-08 07:53:51.190: [INFO][Sync] Loading: Send Tab To Self
2026-01-08 07:53:51.190: [INFO][Sync] Loading: Web Apps
2026-01-08 07:53:51.190: [INFO][Sync] Loading: History
2026-01-08 07:53:51.190: [INFO][Sync] Loading: Saved Tab Group
2026-01-08 07:53:51.190: [INFO][Sync] Loading: WebAuthn Credentials
2026-01-08 07:53:51.190: [INFO][Sync] Loading: Collection
2026-01-08 07:53:51.190: [INFO][Sync] Loading: Edge E Drop
2026-01-08 07:53:51.190: [INFO][Sync] Loading: Edge Hub App Usage
2026-01-08 07:53:51.190: [INFO][Sync] Loading: Edge Wallet
2026-01-08 07:53:51.200: [INFO][Sync] All data types are ready for configure.
2026-01-08 07:53:51.200: [INFO][SyncManagerImpl::ConfigureSyncer] Types to download:  with reason: 4
2026-01-08 07:53:51.200: [INFO][SyncEngineBackend::DoFinishConfigureDataTypes] Failed to download types:  and succeeded types: 
2026-01-08 07:53:51.201: [INFO][Sync] ConfigurationDone, failed: , succeeded: , remaining count: 4
2026-01-08 07:53:51.201: [INFO][SyncManagerImpl::ConfigureSyncer] Types to download:  with reason: 4
2026-01-08 07:53:51.201: [INFO][SyncEngineBackend::DoFinishConfigureDataTypes] Failed to download types:  and succeeded types: 
2026-01-08 07:53:51.201: [INFO][Sync] ConfigurationDone, failed: , succeeded: , remaining count: 3
2026-01-08 07:53:51.201: [INFO][SyncManagerImpl::ConfigureSyncer] Types to download:  with reason: 4
2026-01-08 07:53:51.201: [INFO][SyncEngineBackend::DoFinishConfigureDataTypes] Failed to download types:  and succeeded types: 
2026-01-08 07:53:51.201: [INFO][Sync] ConfigurationDone, failed: , succeeded: , remaining count: 2
2026-01-08 07:53:51.201: [INFO][SyncManagerImpl::ConfigureSyncer] Types to download:  with reason: 4
2026-01-08 07:53:51.201: [INFO][SyncEngineBackend::DoFinishConfigureDataTypes] Failed to download types:  and succeeded types: 
2026-01-08 07:53:51.201: [INFO][Sync] ConfigurationDone, failed: , succeeded: , remaining count: 1
2026-01-08 07:53:51.203: [INFO][SyncManagerImpl::ConfigureSyncer] Types to download:  with reason: 4
2026-01-08 07:53:51.203: [INFO][SyncEngineBackend::DoFinishConfigureDataTypes] Failed to download types:  and succeeded types: 
2026-01-08 07:53:51.203: [INFO][Sync] ConfigurationDone, failed: , succeeded: , remaining count: 0
2026-01-08 07:53:51.205: [INFO][Sync]     Configuration completed, state: 3
2026-01-08 07:53:51.205: [INFO][Sync] Configured DataTypeManager: Ok
2026-01-08 07:53:51.208: [INFO][SyncEngineBackend::DoStartSyncing] Start syncing
2026-01-08 07:53:52.129: [INFO][SyncAuthManager::SetLastAuthError] Current auth error: None
2026-01-08 07:53:52.129: [INFO][SyncAuthManager::EdgeLogTokenErrorState] Token error with: None for account type: MSA
2026-01-08 07:53:52.129: [INFO][Sync] Credentials changed for: EdgeSyncKeyDataScope
2026-01-08 07:53:53.761: [INFO][SyncEngineBackend::DoUpdateKeyDataCredentials] Update key data credentials
2026-01-08 07:53:55.263: [INFO][Sync] Started DataTypeManager configuration, reason: 5
2026-01-08 07:53:55.263: [INFO][Sync] Configuring for: Bookmarks, Preferences, Passwords, Autofill Profiles, Autofill, Extensions, Sessions, Extension settings, History Delete Directives, Device Info, User Consents, Send Tab To Self, Web Apps, History, Saved Tab Group, WebAuthn Credentials, Collection, Edge E Drop, Edge Hub App Usage, Edge Wallet, Encryption Keys, reason: 5, current state: 3
2026-01-08 07:53:55.263: [INFO][SyncEngineBackend::DoStartConfiguration] Start configuration
2026-01-08 07:53:55.264: [INFO][Sync] Configure, desired: Bookmarks, Preferences, Passwords, Autofill Profiles, Autofill, Extensions, Sessions, Extension settings, History Delete Directives, Device Info, User Consents, Send Tab To Self, Web Apps, History, Saved Tab Group, WebAuthn Credentials, Collection, Edge E Drop, Edge Hub App Usage, Edge Wallet, Encryption Keys; Allow fail: 
2026-01-08 07:53:55.264: [INFO][Sync] Loading: Passwords
2026-01-08 07:53:55.264: [INFO][Sync] Loading: Autofill Profiles
2026-01-08 07:53:55.264: [INFO][Sync] Loading: Autofill
2026-01-08 07:53:55.265: [INFO][Sync] All data types are ready for configure.
2026-01-08 07:53:55.265: [INFO][SyncManagerImpl::NudgeForInitialDownload] Initial download nudge for Passwords
2026-01-08 07:53:55.265: [INFO][SyncManagerImpl::ConfigureSyncer] Types to download:  with reason: 5
2026-01-08 07:53:55.265: [INFO][SyncEngineBackend::DoFinishConfigureDataTypes] Failed to download types:  and succeeded types: 
2026-01-08 07:53:55.265: [INFO][Sync] ConfigurationDone, failed: , succeeded: , remaining count: 4
2026-01-08 07:53:55.265: [INFO][Sync] Prepare to configure types: Passwords, Encryption Keys
2026-01-08 07:53:55.265: [INFO][SyncManagerImpl::ConfigureSyncer] Types to download: Passwords, Encryption Keys with reason: 5
2026-01-08 07:53:55.265: [INFO][SyncSchedulerImpl::DoConfigurationSyncCycleJob] Blocked types:  and types to download: Passwords, Encryption Keys
2026-01-08 07:53:55.395: [INFO][SyncEngineBackend::DoFinishConfigureDataTypes] Failed to download types:  and succeeded types: Passwords, Encryption Keys
2026-01-08 07:53:55.396: [INFO][Sync] ConfigurationDone, failed: , succeeded: Passwords, Encryption Keys, remaining count: 3
2026-01-08 07:53:55.396: [INFO][SyncManagerImpl::ConfigureSyncer] Types to download:  with reason: 5
2026-01-08 07:53:55.396: [INFO][SyncEngineBackend::DoFinishConfigureDataTypes] Failed to download types:  and succeeded types: 
2026-01-08 07:53:55.398: [INFO][Sync] ConfigurationDone, failed: , succeeded: , remaining count: 2
2026-01-08 07:53:55.398: [INFO][SyncManagerImpl::ConfigureSyncer] Types to download:  with reason: 5
2026-01-08 07:53:55.398: [INFO][SyncEngineBackend::DoFinishConfigureDataTypes] Failed to download types:  and succeeded types: 
2026-01-08 07:53:55.399: [INFO][Sync] ConfigurationDone, failed: , succeeded: , remaining count: 1
2026-01-08 07:53:55.400: [INFO][SyncManagerImpl::ConfigureSyncer] Types to download:  with reason: 5
2026-01-08 07:53:55.400: [INFO][SyncEngineBackend::DoFinishConfigureDataTypes] Failed to download types:  and succeeded types: 
2026-01-08 07:53:55.400: [INFO][Sync] ConfigurationDone, failed: , succeeded: , remaining count: 0
2026-01-08 07:53:55.400: [INFO][Sync]     Configuration completed, state: 3
2026-01-08 07:53:55.400: [INFO][Sync] Configured DataTypeManager: Ok
2026-01-08 07:53:55.402: [INFO][SyncEngineBackend::DoStartSyncing] Start syncing
2026-01-08 07:53:56.069: [INFO][Sync] Reset engine, reason: 0
2026-01-08 07:53:56.069: [INFO][Sync] Reset engine with reason: 0
2026-01-08 07:53:56.069: [INFO][SyncSchedulerImpl::OnSyncNetworkError] Syncer error: Network error (ERR_ABORTED)
2026-01-08 07:53:56.070: [INFO][Commit::ReportFullCommitFailure] Commit Sessions, Device Info, History failed with error: NetworkError
2026-01-08 07:53:56.070: [INFO][SyncSchedulerImpl::DoNudgeSyncCycleJob] Syncer error: Network error (ERR_ABORTED)
2026-01-08 07:54:17.893: [INFO][Sync] SyncState after authenticated was: FeatureCanStart
2026-01-08 07:54:18.591: [INFO][Sync] Try to start sync engine
2026-01-08 07:54:18.591: [INFO][SyncManagerImpl::NudgeForInitialDownload] Initial download nudge for Encryption Keys
2026-01-08 07:54:18.591: [INFO][SyncEngineBackend::LoadAndConnectNigoriController] Load and connect Nigori controller
2026-01-08 07:54:18.591: [INFO][SyncEngineBackend::DoInitialize] Control Types added: Encryption Keys
2026-01-08 07:54:18.591: [INFO][SyncManagerImpl::ConfigureSyncer] Types to download: Encryption Keys with reason: 3
2026-01-08 07:54:18.591: [INFO][SyncSchedulerImpl::DoConfigurationSyncCycleJob] Configure job was blocked
2026-01-08 07:54:18.616: [INFO][SyncAuthManager::SetLastAuthError] Current auth error: None
2026-01-08 07:54:18.616: [INFO][SyncAuthManager::EdgeLogTokenErrorState] Token error with: None for account type: MSA
2026-01-08 07:54:18.616: [INFO][Sync] Credentials changed for: EdgeSyncScopeNew
2026-01-08 07:54:18.695: [INFO][SyncAuthManager::SetLastAuthError] Current auth error: None
2026-01-08 07:54:18.695: [INFO][SyncAuthManager::EdgeLogTokenErrorState] Token error with: None for account type: MSA
2026-01-08 07:54:18.695: [INFO][Sync] Credentials changed for: EdgeSyncKeyDataScope
2026-01-08 07:54:18.695: [INFO][SyncEngineBackend::DoUpdateKeyDataCredentials] Update key data credentials
2026-01-08 07:54:18.695: [INFO][SyncEngineBackend::DoUpdateCredentials] Update credentials
2026-01-08 07:54:18.695: [INFO][SyncSchedulerImpl::DoConfigurationSyncCycleJob] Blocked types:  and types to download: Encryption Keys
2026-01-08 07:54:18.907: [INFO][Sync] Started DataTypeManager configuration, reason: 4
2026-01-08 07:54:18.907: [INFO][Sync] Configuring for: Bookmarks, Preferences, Passwords, Autofill Profiles, Autofill, Extensions, Sessions, Extension settings, History Delete Directives, Device Info, User Consents, Send Tab To Self, Web Apps, History, Saved Tab Group, WebAuthn Credentials, Collection, Edge E Drop, Edge Hub App Usage, Edge Wallet, Encryption Keys, reason: 4, current state: 0
2026-01-08 07:54:18.907: [WARN][Sync] Crypto error data types: Passwords, Autofill Profiles, Autofill
2026-01-08 07:54:18.907: [INFO][Sync] Configure, desired: Bookmarks, Preferences, Extensions, Sessions, Extension settings, History Delete Directives, Device Info, User Consents, Send Tab To Self, Web Apps, History, Saved Tab Group, WebAuthn Credentials, Collection, Edge E Drop, Edge Hub App Usage, Edge Wallet, Encryption Keys; Allow fail: Passwords, Autofill Profiles, Autofill
2026-01-08 07:54:18.908: [INFO][Sync] Loading: Bookmarks
2026-01-08 07:54:18.908: [INFO][Sync] Loading: Preferences
2026-01-08 07:54:18.908: [INFO][Sync] Loading: Extensions
2026-01-08 07:54:18.908: [INFO][Sync] Loading: Sessions
2026-01-08 07:54:18.908: [INFO][Sync] Loading: Extension settings
2026-01-08 07:54:18.908: [INFO][Sync] Loading: History Delete Directives
2026-01-08 07:54:18.908: [INFO][Sync] Loading: Device Info
2026-01-08 07:54:18.908: [INFO][Sync] Loading: User Consents
2026-01-08 07:54:18.908: [INFO][Sync] Loading: Send Tab To Self
2026-01-08 07:54:18.908: [INFO][Sync] Loading: Web Apps
2026-01-08 07:54:18.908: [INFO][Sync] Loading: History
2026-01-08 07:54:18.908: [INFO][Sync] Loading: Saved Tab Group
2026-01-08 07:54:18.908: [INFO][Sync] Loading: WebAuthn Credentials
2026-01-08 07:54:18.908: [INFO][Sync] Loading: Collection
2026-01-08 07:54:18.908: [INFO][Sync] Loading: Edge E Drop
2026-01-08 07:54:18.908: [INFO][Sync] Loading: Edge Hub App Usage
2026-01-08 07:54:18.908: [INFO][Sync] Loading: Edge Wallet
2026-01-08 07:54:18.912: [INFO][Sync] All data types are ready for configure.
2026-01-08 07:54:19.569: [INFO][SyncEngineBackend::DoStartConfiguration] Start configuration
2026-01-08 07:54:19.569: [INFO][SyncManagerImpl::ConfigureSyncer] Types to download:  with reason: 4
2026-01-08 07:54:19.569: [INFO][SyncEngineBackend::DoFinishConfigureDataTypes] Failed to download types:  and succeeded types: 
2026-01-08 07:54:19.569: [INFO][Sync] Started DataTypeManager configuration, reason: 5
2026-01-08 07:54:19.569: [INFO][Sync] Configuring for: Bookmarks, Preferences, Passwords, Autofill Profiles, Autofill, Extensions, Sessions, Extension settings, History Delete Directives, Device Info, User Consents, Send Tab To Self, Web Apps, History, Saved Tab Group, WebAuthn Credentials, Collection, Edge E Drop, Edge Hub App Usage, Edge Wallet, Encryption Keys, reason: 5, current state: 1
2026-01-08 07:54:19.570: [INFO][Sync] ConfigurationDone, failed: , succeeded: , remaining count: 4
2026-01-08 07:54:19.570: [WARN][Sync]     Reconfigure requested while configuration ongoing.
2026-01-08 07:54:19.570: [INFO][Sync] Configuring for: Bookmarks, Preferences, Passwords, Autofill Profiles, Autofill, Extensions, Sessions, Extension settings, History Delete Directives, Device Info, User Consents, Send Tab To Self, Web Apps, History, Saved Tab Group, WebAuthn Credentials, Collection, Edge E Drop, Edge Hub App Usage, Edge Wallet, Encryption Keys, reason: 5, current state: 2
2026-01-08 07:54:19.570: [INFO][Sync] Configure, desired: Bookmarks, Preferences, Passwords, Autofill Profiles, Autofill, Extensions, Sessions, Extension settings, History Delete Directives, Device Info, User Consents, Send Tab To Self, Web Apps, History, Saved Tab Group, WebAuthn Credentials, Collection, Edge E Drop, Edge Hub App Usage, Edge Wallet, Encryption Keys; Allow fail: 
2026-01-08 07:54:19.570: [INFO][Sync] Loading: Passwords
2026-01-08 07:54:19.570: [INFO][Sync] Loading: Autofill Profiles
2026-01-08 07:54:19.570: [INFO][Sync] Loading: Autofill
2026-01-08 07:54:19.570: [INFO][Sync] All data types are ready for configure.
2026-01-08 07:54:19.570: [INFO][SyncManagerImpl::NudgeForInitialDownload] Initial download nudge for Passwords
2026-01-08 07:54:19.570: [INFO][SyncManagerImpl::ConfigureSyncer] Types to download:  with reason: 5
2026-01-08 07:54:19.570: [INFO][SyncEngineBackend::DoFinishConfigureDataTypes] Failed to download types:  and succeeded types: 
2026-01-08 07:54:19.570: [INFO][Sync] ConfigurationDone, failed: , succeeded: , remaining count: 4
2026-01-08 07:54:19.570: [INFO][Sync] Prepare to configure types: Passwords, Encryption Keys
2026-01-08 07:54:19.570: [INFO][SyncManagerImpl::ConfigureSyncer] Types to download: Passwords, Encryption Keys with reason: 5
2026-01-08 07:54:19.571: [INFO][SyncSchedulerImpl::DoConfigurationSyncCycleJob] Blocked types:  and types to download: Passwords, Encryption Keys
2026-01-08 07:54:19.708: [INFO][SyncEngineBackend::DoFinishConfigureDataTypes] Failed to download types:  and succeeded types: Passwords, Encryption Keys
2026-01-08 07:54:19.709: [INFO][Sync] ConfigurationDone, failed: , succeeded: Passwords, Encryption Keys, remaining count: 3
2026-01-08 07:54:19.709: [INFO][SyncManagerImpl::ConfigureSyncer] Types to download:  with reason: 5
2026-01-08 07:54:19.709: [INFO][SyncEngineBackend::DoFinishConfigureDataTypes] Failed to download types:  and succeeded types: 
2026-01-08 07:54:19.709: [INFO][Sync] ConfigurationDone, failed: , succeeded: , remaining count: 2
2026-01-08 07:54:19.709: [INFO][SyncManagerImpl::ConfigureSyncer] Types to download:  with reason: 5
2026-01-08 07:54:19.709: [INFO][SyncEngineBackend::DoFinishConfigureDataTypes] Failed to download types:  and succeeded types: 
2026-01-08 07:54:19.711: [INFO][Sync] ConfigurationDone, failed: , succeeded: , remaining count: 1
2026-01-08 07:54:19.712: [INFO][SyncManagerImpl::ConfigureSyncer] Types to download:  with reason: 5
2026-01-08 07:54:19.712: [INFO][SyncEngineBackend::DoFinishConfigureDataTypes] Failed to download types:  and succeeded types: 
2026-01-08 07:54:19.712: [INFO][Sync] ConfigurationDone, failed: , succeeded: , remaining count: 0
2026-01-08 07:54:19.713: [INFO][Sync]     Configuration completed, state: 7
2026-01-08 07:54:19.713: [INFO][Sync] Configured DataTypeManager: Ok
2026-01-08 07:54:19.714: [INFO][SyncEngineBackend::DoStartSyncing] Start syncing
2026-01-08 07:54:58.129: [INFO][Sync] Reset engine, reason: 0
2026-01-08 07:54:58.129: [INFO][Sync] Reset engine with reason: 0
2026-01-08 08:00:52.931: [INFO][Sync] SyncState after authenticated was: FeatureCanStart
2026-01-08 08:00:54.416: [INFO][SyncAuthManager::SetLastAuthError] Current auth error: None
2026-01-08 08:00:54.416: [INFO][SyncAuthManager::EdgeLogTokenErrorState] Token error with: None for account type: MSA
2026-01-08 08:00:54.416: [INFO][Sync] Credentials changed for: EdgeSyncKeyDataScope
2026-01-08 08:00:57.373: [INFO][Sync] Try to start sync engine
2026-01-08 08:00:57.429: [INFO][SyncManagerImpl::NudgeForInitialDownload] Initial download nudge for Encryption Keys
2026-01-08 08:00:57.429: [INFO][SyncEngineBackend::LoadAndConnectNigoriController] Load and connect Nigori controller
2026-01-08 08:00:57.429: [INFO][SyncEngineBackend::DoInitialize] Control Types added: Encryption Keys
2026-01-08 08:00:57.429: [INFO][SyncManagerImpl::ConfigureSyncer] Types to download: Encryption Keys with reason: 3
2026-01-08 08:00:57.429: [INFO][SyncEngineBackend::DoUpdateKeyDataCredentials] Update key data credentials
2026-01-08 08:00:57.429: [INFO][SyncSchedulerImpl::DoConfigurationSyncCycleJob] Configure job was blocked
2026-01-08 08:00:57.443: [INFO][SyncAuthManager::SetLastAuthError] Current auth error: None
2026-01-08 08:00:57.443: [INFO][SyncAuthManager::EdgeLogTokenErrorState] Token error with: None for account type: MSA
2026-01-08 08:00:57.443: [INFO][Sync] Credentials changed for: EdgeSyncScopeNew
2026-01-08 08:00:57.443: [INFO][SyncEngineBackend::DoUpdateCredentials] Update credentials
2026-01-08 08:00:57.443: [INFO][SyncSchedulerImpl::DoConfigurationSyncCycleJob] Blocked types:  and types to download: Encryption Keys
2026-01-08 08:00:57.978: [INFO][SyncEngineBackend::DoUpdateKeyDataCredentials] Update key data credentials
2026-01-08 08:00:57.981: [INFO][Sync] Started DataTypeManager configuration, reason: 4
2026-01-08 08:00:57.981: [INFO][Sync] Configuring for: Bookmarks, Preferences, Passwords, Autofill Profiles, Autofill, Extensions, Sessions, Extension settings, History Delete Directives, Device Info, User Consents, Send Tab To Self, Web Apps, History, Saved Tab Group, WebAuthn Credentials, Collection, Edge E Drop, Edge Hub App Usage, Edge Wallet, Encryption Keys, reason: 4, current state: 0
2026-01-08 08:00:57.981: [WARN][Sync] Crypto error data types: Passwords, Autofill Profiles, Autofill
2026-01-08 08:00:57.982: [INFO][Sync] Configure, desired: Bookmarks, Preferences, Extensions, Sessions, Extension settings, History Delete Directives, Device Info, User Consents, Send Tab To Self, Web Apps, History, Saved Tab Group, WebAuthn Credentials, Collection, Edge E Drop, Edge Hub App Usage, Edge Wallet, Encryption Keys; Allow fail: Passwords, Autofill Profiles, Autofill
2026-01-08 08:00:57.982: [INFO][Sync] Loading: Bookmarks
2026-01-08 08:00:57.982: [INFO][Sync] Loading: Preferences
2026-01-08 08:00:57.982: [INFO][Sync] Loading: Extensions
2026-01-08 08:00:57.982: [INFO][Sync] Loading: Sessions
2026-01-08 08:00:57.982: [INFO][Sync] Loading: Extension settings
2026-01-08 08:00:57.982: [INFO][Sync] Loading: History Delete Directives
2026-01-08 08:00:57.982: [INFO][Sync] Loading: Device Info
2026-01-08 08:00:57.982: [INFO][Sync] Loading: User Consents
2026-01-08 08:00:57.982: [INFO][Sync] Loading: Send Tab To Self
2026-01-08 08:00:57.982: [INFO][Sync] Loading: Web Apps
2026-01-08 08:00:57.982: [INFO][Sync] Loading: History
2026-01-08 08:00:57.982: [INFO][Sync] Loading: Saved Tab Group
2026-01-08 08:00:57.982: [INFO][Sync] Loading: WebAuthn Credentials
2026-01-08 08:00:57.982: [INFO][Sync] Loading: Collection
2026-01-08 08:00:57.982: [INFO][Sync] Loading: Edge E Drop
2026-01-08 08:00:57.982: [INFO][Sync] Loading: Edge Hub App Usage
2026-01-08 08:00:57.982: [INFO][Sync] Loading: Edge Wallet
2026-01-08 08:00:57.986: [INFO][Sync] All data types are ready for configure.
2026-01-08 08:00:58.513: [INFO][SyncEngineBackend::DoStartConfiguration] Start configuration
2026-01-08 08:00:58.513: [INFO][SyncManagerImpl::ConfigureSyncer] Types to download:  with reason: 4
2026-01-08 08:00:58.513: [INFO][SyncEngineBackend::DoFinishConfigureDataTypes] Failed to download types:  and succeeded types: 
2026-01-08 08:00:58.514: [INFO][Sync] Started DataTypeManager configuration, reason: 5
2026-01-08 08:00:58.514: [INFO][Sync] Configuring for: Bookmarks, Preferences, Passwords, Autofill Profiles, Autofill, Extensions, Sessions, Extension settings, History Delete Directives, Device Info, User Consents, Send Tab To Self, Web Apps, History, Saved Tab Group, WebAuthn Credentials, Collection, Edge E Drop, Edge Hub App Usage, Edge Wallet, Encryption Keys, reason: 5, current state: 1
2026-01-08 08:00:58.515: [INFO][Sync] ConfigurationDone, failed: , succeeded: , remaining count: 4
2026-01-08 08:00:58.515: [WARN][Sync]     Reconfigure requested while configuration ongoing.
2026-01-08 08:00:58.515: [INFO][Sync] Configuring for: Bookmarks, Preferences, Passwords, Autofill Profiles, Autofill, Extensions, Sessions, Extension settings, History Delete Directives, Device Info, User Consents, Send Tab To Self, Web Apps, History, Saved Tab Group, WebAuthn Credentials, Collection, Edge E Drop, Edge Hub App Usage, Edge Wallet, Encryption Keys, reason: 5, current state: 2
2026-01-08 08:00:58.515: [INFO][Sync] Configure, desired: Bookmarks, Preferences, Passwords, Autofill Profiles, Autofill, Extensions, Sessions, Extension settings, History Delete Directives, Device Info, User Consents, Send Tab To Self, Web Apps, History, Saved Tab Group, WebAuthn Credentials, Collection, Edge E Drop, Edge Hub App Usage, Edge Wallet, Encryption Keys; Allow fail: 
2026-01-08 08:00:58.515: [INFO][Sync] Loading: Passwords
2026-01-08 08:00:58.515: [INFO][Sync] Loading: Autofill Profiles
2026-01-08 08:00:58.515: [INFO][Sync] Loading: Autofill
2026-01-08 08:00:58.515: [INFO][Sync] All data types are ready for configure.
2026-01-08 08:00:58.515: [INFO][SyncManagerImpl::NudgeForInitialDownload] Initial download nudge for Passwords
2026-01-08 08:00:58.515: [INFO][SyncManagerImpl::ConfigureSyncer] Types to download:  with reason: 5
2026-01-08 08:00:58.515: [INFO][SyncEngineBackend::DoFinishConfigureDataTypes] Failed to download types:  and succeeded types: 
2026-01-08 08:00:58.515: [INFO][Sync] ConfigurationDone, failed: , succeeded: , remaining count: 4
2026-01-08 08:00:58.515: [INFO][Sync] Prepare to configure types: Passwords, Encryption Keys
2026-01-08 08:00:58.515: [INFO][SyncManagerImpl::ConfigureSyncer] Types to download: Passwords, Encryption Keys with reason: 5
2026-01-08 08:00:58.515: [INFO][SyncSchedulerImpl::DoConfigurationSyncCycleJob] Blocked types:  and types to download: Passwords, Encryption Keys
2026-01-08 08:00:58.782: [INFO][SyncEngineBackend::DoFinishConfigureDataTypes] Failed to download types:  and succeeded types: Passwords, Encryption Keys
2026-01-08 08:00:58.783: [INFO][Sync] ConfigurationDone, failed: , succeeded: Passwords, Encryption Keys, remaining count: 3
2026-01-08 08:00:58.783: [INFO][SyncManagerImpl::ConfigureSyncer] Types to download:  with reason: 5
2026-01-08 08:00:58.783: [INFO][SyncEngineBackend::DoFinishConfigureDataTypes] Failed to download types:  and succeeded types: 
2026-01-08 08:00:58.783: [INFO][Sync] ConfigurationDone, failed: , succeeded: , remaining count: 2
2026-01-08 08:00:58.783: [INFO][SyncManagerImpl::ConfigureSyncer] Types to download:  with reason: 5
2026-01-08 08:00:58.783: [INFO][SyncEngineBackend::DoFinishConfigureDataTypes] Failed to download types:  and succeeded types: 
2026-01-08 08:00:58.785: [INFO][Sync] ConfigurationDone, failed: , succeeded: , remaining count: 1
2026-01-08 08:00:58.786: [INFO][SyncManagerImpl::ConfigureSyncer] Types to download:  with reason: 5
2026-01-08 08:00:58.786: [INFO][SyncEngineBackend::DoFinishConfigureDataTypes] Failed to download types:  and succeeded types: 
2026-01-08 08:00:58.786: [INFO][Sync] ConfigurationDone, failed: , succeeded: , remaining count: 0
2026-01-08 08:00:58.787: [INFO][Sync]     Configuration completed, state: 7
2026-01-08 08:00:58.787: [INFO][Sync] Configured DataTypeManager: Ok
2026-01-08 08:00:58.789: [INFO][SyncEngineBackend::DoStartSyncing] Start syncing
2026-01-08 08:02:55.004: [INFO][SyncSchedulerImpl::OnSyncNetworkError] Syncer error: Network error (ERR_NAME_NOT_RESOLVED)
2026-01-08 08:02:55.004: [INFO][Commit::ReportFullCommitFailure] Commit Sessions, History failed with error: NetworkError
2026-01-08 08:02:55.004: [INFO][SyncSchedulerImpl::DoNudgeSyncCycleJob] Syncer error: Network error (ERR_NAME_NOT_RESOLVED)
2026-01-08 08:02:55.005: [WARN][Sync] NetworkError: Network error (ERR_NAME_NOT_RESOLVED)
2026-01-08 08:02:56.522: [INFO][SyncSchedulerImpl::OnSyncNetworkError] Syncer error: Network error (ERR_NAME_NOT_RESOLVED)
2026-01-08 08:02:56.522: [INFO][Commit::ReportFullCommitFailure] Commit Sessions, History failed with error: NetworkError
2026-01-08 08:02:56.523: [INFO][SyncSchedulerImpl::DoNudgeSyncCycleJob] Syncer error: Network error (ERR_NAME_NOT_RESOLVED)
2026-01-08 08:02:56.524: [WARN][Sync] NetworkError: Network error (ERR_NAME_NOT_RESOLVED)
2026-01-08 08:03:00.290: [INFO][SyncSchedulerImpl::OnSyncNetworkError] Syncer error: Network error (ERR_NAME_NOT_RESOLVED)
2026-01-08 08:03:00.290: [INFO][Commit::ReportFullCommitFailure] Commit Sessions, History failed with error: NetworkError
2026-01-08 08:03:00.290: [INFO][SyncSchedulerImpl::DoNudgeSyncCycleJob] Syncer error: Network error (ERR_NAME_NOT_RESOLVED)
2026-01-08 08:03:00.291: [WARN][Sync] NetworkError: Network error (ERR_NAME_NOT_RESOLVED)
2026-01-08 08:03:11.932: [INFO][SyncSchedulerImpl::OnSyncNetworkError] Syncer error: Network error (ERR_NAME_NOT_RESOLVED)
2026-01-08 08:03:11.932: [INFO][Commit::ReportFullCommitFailure] Commit Sessions, History failed with error: NetworkError
2026-01-08 08:03:11.932: [INFO][SyncSchedulerImpl::DoNudgeSyncCycleJob] Syncer error: Network error (ERR_NAME_NOT_RESOLVED)
2026-01-08 08:03:11.933: [WARN][Sync] NetworkError: Network error (ERR_NAME_NOT_RESOLVED)
2026-01-08 08:03:20.377: [INFO][SyncSchedulerImpl::OnSyncNetworkError] Syncer error: Network error (ERR_NAME_NOT_RESOLVED)
2026-01-08 08:03:20.377: [INFO][Commit::ReportFullCommitFailure] Commit Sessions, History failed with error: NetworkError
2026-01-08 08:03:20.377: [INFO][SyncSchedulerImpl::DoNudgeSyncCycleJob] Syncer error: Network error (ERR_NAME_NOT_RESOLVED)
2026-01-08 08:03:20.379: [WARN][Sync] NetworkError: Network error (ERR_NAME_NOT_RESOLVED)
2026-01-08 08:03:33.037: [INFO][SyncSchedulerImpl::OnSyncNetworkError] Syncer error: Network error (ERR_NAME_NOT_RESOLVED)
2026-01-08 08:03:33.037: [INFO][Commit::ReportFullCommitFailure] Commit Sessions, History failed with error: NetworkError
2026-01-08 08:03:33.037: [INFO][SyncSchedulerImpl::DoNudgeSyncCycleJob] Syncer error: Network error (ERR_NAME_NOT_RESOLVED)
2026-01-08 08:03:33.038: [WARN][Sync] NetworkError: Network error (ERR_NAME_NOT_RESOLVED)
2026-01-08 08:04:04.690: [INFO][SyncSchedulerImpl::OnSyncNetworkError] Syncer error: Network error (ERR_NAME_NOT_RESOLVED)
2026-01-08 08:04:04.690: [INFO][Commit::ReportFullCommitFailure] Commit Sessions, History failed with error: NetworkError
2026-01-08 08:04:04.690: [INFO][SyncSchedulerImpl::DoNudgeSyncCycleJob] Syncer error: Network error (ERR_NAME_NOT_RESOLVED)
2026-01-08 08:04:04.691: [WARN][Sync] NetworkError: Network error (ERR_NAME_NOT_RESOLVED)
2026-01-08 08:04:17.166: [INFO][SyncSchedulerImpl::OnSyncNetworkError] Syncer error: Network error (ERR_NETWORK_CHANGED)
2026-01-08 08:04:17.166: [INFO][Commit::ReportFullCommitFailure] Commit Sessions, History failed with error: NetworkError
2026-01-08 08:04:17.166: [INFO][SyncSchedulerImpl::DoNudgeSyncCycleJob] Syncer error: Network error (ERR_NETWORK_CHANGED)
2026-01-08 08:04:17.167: [WARN][Sync] NetworkError: Network error (ERR_NETWORK_CHANGED)
2026-01-08 08:05:52.758: [INFO][SyncSchedulerImpl::OnSyncNetworkError] Syncer error: Network error (ERR_NAME_NOT_RESOLVED)
2026-01-08 08:05:52.758: [INFO][Commit::ReportFullCommitFailure] Commit Sessions, History failed with error: NetworkError
2026-01-08 08:05:52.758: [INFO][SyncSchedulerImpl::DoNudgeSyncCycleJob] Syncer error: Network error (ERR_NAME_NOT_RESOLVED)
2026-01-08 08:05:52.759: [WARN][Sync] NetworkError: Network error (ERR_NAME_NOT_RESOLVED)
2026-01-08 08:05:54.267: [INFO][SyncSchedulerImpl::OnSyncNetworkError] Syncer error: Network error (ERR_NAME_NOT_RESOLVED)
2026-01-08 08:05:54.267: [INFO][Commit::ReportFullCommitFailure] Commit Sessions, History failed with error: NetworkError
2026-01-08 08:05:54.268: [INFO][SyncSchedulerImpl::DoNudgeSyncCycleJob] Syncer error: Network error (ERR_NAME_NOT_RESOLVED)
2026-01-08 08:05:54.268: [WARN][Sync] NetworkError: Network error (ERR_NAME_NOT_RESOLVED)
2026-01-08 08:05:58.035: [INFO][SyncSchedulerImpl::OnSyncNetworkError] Syncer error: Network error (ERR_NAME_NOT_RESOLVED)
2026-01-08 08:05:58.035: [INFO][Commit::ReportFullCommitFailure] Commit Sessions, History failed with error: NetworkError
2026-01-08 08:05:58.035: [INFO][SyncSchedulerImpl::DoNudgeSyncCycleJob] Syncer error: Network error (ERR_NAME_NOT_RESOLVED)
2026-01-08 08:05:58.037: [WARN][Sync] NetworkError: Network error (ERR_NAME_NOT_RESOLVED)
2026-01-08 08:06:03.670: [INFO][SyncSchedulerImpl::OnSyncNetworkError] Syncer error: Network error (ERR_NAME_NOT_RESOLVED)
2026-01-08 08:06:03.670: [INFO][Commit::ReportFullCommitFailure] Commit Sessions, History failed with error: NetworkError
2026-01-08 08:06:03.670: [INFO][SyncSchedulerImpl::DoNudgeSyncCycleJob] Syncer error: Network error (ERR_NAME_NOT_RESOLVED)
2026-01-08 08:06:03.672: [WARN][Sync] NetworkError: Network error (ERR_NAME_NOT_RESOLVED)
2026-01-08 08:06:17.746: [INFO][SyncSchedulerImpl::OnSyncNetworkError] Syncer error: Network error (ERR_NAME_NOT_RESOLVED)
2026-01-08 08:06:17.746: [INFO][Commit::ReportFullCommitFailure] Commit Sessions, History failed with error: NetworkError
2026-01-08 08:06:17.746: [INFO][SyncSchedulerImpl::DoNudgeSyncCycleJob] Syncer error: Network error (ERR_NAME_NOT_RESOLVED)
2026-01-08 08:06:17.748: [WARN][Sync] NetworkError: Network error (ERR_NAME_NOT_RESOLVED)
2026-01-08 08:06:38.848: [INFO][SyncSchedulerImpl::OnSyncNetworkError] Syncer error: Network error (ERR_NAME_NOT_RESOLVED)
2026-01-08 08:06:38.848: [INFO][Commit::ReportFullCommitFailure] Commit Sessions, History failed with error: NetworkError
2026-01-08 08:06:38.848: [INFO][SyncSchedulerImpl::DoNudgeSyncCycleJob] Syncer error: Network error (ERR_NAME_NOT_RESOLVED)
2026-01-08 08:06:38.850: [WARN][Sync] NetworkError: Network error (ERR_NAME_NOT_RESOLVED)
2026-01-08 08:06:59.000: [INFO][Sync] Reset engine, reason: 0
2026-01-08 08:06:59.000: [INFO][Sync] Reset engine with reason: 0
2026-01-08 08:18:08.925: [INFO][Sync] SyncState after authenticated was: FeatureCanStart
2026-01-08 08:18:10.318: [INFO][SyncAuthManager::SetLastAuthError] Current auth error: None
2026-01-08 08:18:10.318: [INFO][SyncAuthManager::EdgeLogTokenErrorState] Token error with: None for account type: MSA
2026-01-08 08:18:10.318: [INFO][Sync] Credentials changed for: EdgeSyncKeyDataScope
2026-01-08 08:18:13.865: [INFO][Sync] Try to start sync engine
2026-01-08 08:18:13.898: [INFO][SyncManagerImpl::NudgeForInitialDownload] Initial download nudge for Encryption Keys
2026-01-08 08:18:13.898: [INFO][SyncEngineBackend::LoadAndConnectNigoriController] Load and connect Nigori controller
2026-01-08 08:18:13.898: [INFO][SyncEngineBackend::DoInitialize] Control Types added: Encryption Keys
2026-01-08 08:18:13.898: [INFO][SyncManagerImpl::ConfigureSyncer] Types to download: Encryption Keys with reason: 3
2026-01-08 08:18:13.898: [INFO][SyncEngineBackend::DoUpdateKeyDataCredentials] Update key data credentials
2026-01-08 08:18:13.898: [INFO][SyncSchedulerImpl::DoConfigurationSyncCycleJob] Configure job was blocked
2026-01-08 08:18:13.914: [INFO][SyncAuthManager::SetLastAuthError] Current auth error: None
2026-01-08 08:18:13.914: [INFO][SyncAuthManager::EdgeLogTokenErrorState] Token error with: None for account type: MSA
2026-01-08 08:18:13.914: [INFO][Sync] Credentials changed for: EdgeSyncScopeNew
2026-01-08 08:18:13.914: [INFO][SyncEngineBackend::DoUpdateCredentials] Update credentials
2026-01-08 08:18:13.914: [INFO][SyncSchedulerImpl::DoConfigurationSyncCycleJob] Blocked types:  and types to download: Encryption Keys
2026-01-08 08:18:14.411: [INFO][SyncEngineBackend::DoUpdateKeyDataCredentials] Update key data credentials
2026-01-08 08:18:14.413: [INFO][Sync] Started DataTypeManager configuration, reason: 4
2026-01-08 08:18:14.413: [INFO][Sync] Configuring for: Bookmarks, Preferences, Passwords, Autofill Profiles, Autofill, Extensions, Sessions, Extension settings, History Delete Directives, Device Info, User Consents, Send Tab To Self, Web Apps, History, Saved Tab Group, WebAuthn Credentials, Collection, Edge E Drop, Edge Hub App Usage, Edge Wallet, Encryption Keys, reason: 4, current state: 0
2026-01-08 08:18:14.413: [WARN][Sync] Crypto error data types: Passwords, Autofill Profiles, Autofill
2026-01-08 08:18:14.414: [INFO][Sync] Configure, desired: Bookmarks, Preferences, Extensions, Sessions, Extension settings, History Delete Directives, Device Info, User Consents, Send Tab To Self, Web Apps, History, Saved Tab Group, WebAuthn Credentials, Collection, Edge E Drop, Edge Hub App Usage, Edge Wallet, Encryption Keys; Allow fail: Passwords, Autofill Profiles, Autofill
2026-01-08 08:18:14.414: [INFO][Sync] Loading: Bookmarks
2026-01-08 08:18:14.414: [INFO][Sync] Loading: Preferences
2026-01-08 08:18:14.414: [INFO][Sync] Loading: Extensions
2026-01-08 08:18:14.414: [INFO][Sync] Loading: Sessions
2026-01-08 08:18:14.414: [INFO][Sync] Loading: Extension settings
2026-01-08 08:18:14.414: [INFO][Sync] Loading: History Delete Directives
2026-01-08 08:18:14.414: [INFO][Sync] Loading: Device Info
2026-01-08 08:18:14.414: [INFO][Sync] Loading: User Consents
2026-01-08 08:18:14.414: [INFO][Sync] Loading: Send Tab To Self
2026-01-08 08:18:14.414: [INFO][Sync] Loading: Web Apps
2026-01-08 08:18:14.414: [INFO][Sync] Loading: History
2026-01-08 08:18:14.414: [INFO][Sync] Loading: Saved Tab Group
2026-01-08 08:18:14.414: [INFO][Sync] Loading: WebAuthn Credentials
2026-01-08 08:18:14.414: [INFO][Sync] Loading: Collection
2026-01-08 08:18:14.414: [INFO][Sync] Loading: Edge E Drop
2026-01-08 08:18:14.414: [INFO][Sync] Loading: Edge Hub App Usage
2026-01-08 08:18:14.414: [INFO][Sync] Loading: Edge Wallet
2026-01-08 08:18:14.416: [INFO][Sync] All data types are ready for configure.
2026-01-08 08:18:15.379: [INFO][SyncEngineBackend::DoStartConfiguration] Start configuration
2026-01-08 08:18:15.379: [INFO][SyncManagerImpl::ConfigureSyncer] Types to download:  with reason: 4
2026-01-08 08:18:15.379: [INFO][SyncEngineBackend::DoFinishConfigureDataTypes] Failed to download types:  and succeeded types: 
2026-01-08 08:18:15.379: [INFO][Sync] Started DataTypeManager configuration, reason: 5
2026-01-08 08:18:15.379: [INFO][Sync] Configuring for: Bookmarks, Preferences, Passwords, Autofill Profiles, Autofill, Extensions, Sessions, Extension settings, History Delete Directives, Device Info, User Consents, Send Tab To Self, Web Apps, History, Saved Tab Group, WebAuthn Credentials, Collection, Edge E Drop, Edge Hub App Usage, Edge Wallet, Encryption Keys, reason: 5, current state: 1
2026-01-08 08:18:15.380: [INFO][Sync] ConfigurationDone, failed: , succeeded: , remaining count: 4
2026-01-08 08:18:15.380: [WARN][Sync]     Reconfigure requested while configuration ongoing.
2026-01-08 08:18:15.380: [INFO][Sync] Configuring for: Bookmarks, Preferences, Passwords, Autofill Profiles, Autofill, Extensions, Sessions, Extension settings, History Delete Directives, Device Info, User Consents, Send Tab To Self, Web Apps, History, Saved Tab Group, WebAuthn Credentials, Collection, Edge E Drop, Edge Hub App Usage, Edge Wallet, Encryption Keys, reason: 5, current state: 2
2026-01-08 08:18:15.380: [INFO][Sync] Configure, desired: Bookmarks, Preferences, Passwords, Autofill Profiles, Autofill, Extensions, Sessions, Extension settings, History Delete Directives, Device Info, User Consents, Send Tab To Self, Web Apps, History, Saved Tab Group, WebAuthn Credentials, Collection, Edge E Drop, Edge Hub App Usage, Edge Wallet, Encryption Keys; Allow fail: 
2026-01-08 08:18:15.380: [INFO][Sync] Loading: Passwords
2026-01-08 08:18:15.380: [INFO][Sync] Loading: Autofill Profiles
2026-01-08 08:18:15.380: [INFO][Sync] Loading: Autofill
2026-01-08 08:18:15.380: [INFO][Sync] All data types are ready for configure.
2026-01-08 08:18:15.380: [INFO][SyncManagerImpl::NudgeForInitialDownload] Initial download nudge for Passwords
2026-01-08 08:18:15.380: [INFO][SyncManagerImpl::ConfigureSyncer] Types to download:  with reason: 5
2026-01-08 08:18:15.380: [INFO][SyncEngineBackend::DoFinishConfigureDataTypes] Failed to download types:  and succeeded types: 
2026-01-08 08:18:15.380: [INFO][Sync] ConfigurationDone, failed: , succeeded: , remaining count: 4
2026-01-08 08:18:15.380: [INFO][Sync] Prepare to configure types: Passwords, Encryption Keys
2026-01-08 08:18:15.380: [INFO][SyncManagerImpl::ConfigureSyncer] Types to download: Passwords, Encryption Keys with reason: 5
2026-01-08 08:18:15.380: [INFO][SyncSchedulerImpl::DoConfigurationSyncCycleJob] Blocked types:  and types to download: Passwords, Encryption Keys
2026-01-08 08:18:15.747: [INFO][SyncEngineBackend::DoFinishConfigureDataTypes] Failed to download types:  and succeeded types: Passwords, Encryption Keys
2026-01-08 08:18:15.748: [INFO][Sync] ConfigurationDone, failed: , succeeded: Passwords, Encryption Keys, remaining count: 3
2026-01-08 08:18:15.749: [INFO][SyncManagerImpl::ConfigureSyncer] Types to download:  with reason: 5
2026-01-08 08:18:15.749: [INFO][SyncEngineBackend::DoFinishConfigureDataTypes] Failed to download types:  and succeeded types: 
2026-01-08 08:18:15.749: [INFO][Sync] ConfigurationDone, failed: , succeeded: , remaining count: 2
2026-01-08 08:18:15.749: [INFO][SyncManagerImpl::ConfigureSyncer] Types to download:  with reason: 5
2026-01-08 08:18:15.749: [INFO][SyncEngineBackend::DoFinishConfigureDataTypes] Failed to download types:  and succeeded types: 
2026-01-08 08:18:15.751: [INFO][Sync] ConfigurationDone, failed: , succeeded: , remaining count: 1
2026-01-08 08:18:15.752: [INFO][SyncManagerImpl::ConfigureSyncer] Types to download:  with reason: 5
2026-01-08 08:18:15.752: [INFO][SyncEngineBackend::DoFinishConfigureDataTypes] Failed to download types:  and succeeded types: 
2026-01-08 08:18:15.752: [INFO][Sync] ConfigurationDone, failed: , succeeded: , remaining count: 0
2026-01-08 08:18:15.753: [INFO][Sync]     Configuration completed, state: 7
2026-01-08 08:18:15.753: [INFO][Sync] Configured DataTypeManager: Ok
2026-01-08 08:18:15.754: [INFO][SyncEngineBackend::DoStartSyncing] Start syncing
2026-01-08 08:19:37.742: [INFO][Sync] Reset engine, reason: 0
2026-01-08 08:19:37.742: [INFO][Sync] Reset engine with reason: 0
2026-01-08 08:26:59.531: [INFO][Sync] SyncState after authenticated was: FeatureCanStart
2026-01-08 08:27:00.976: [INFO][SyncAuthManager::SetLastAuthError] Current auth error: None
2026-01-08 08:27:00.976: [INFO][SyncAuthManager::EdgeLogTokenErrorState] Token error with: None for account type: MSA
2026-01-08 08:27:00.976: [INFO][Sync] Credentials changed for: EdgeSyncKeyDataScope
2026-01-08 08:27:04.496: [INFO][Sync] Try to start sync engine
2026-01-08 08:27:04.548: [INFO][SyncManagerImpl::NudgeForInitialDownload] Initial download nudge for Encryption Keys
2026-01-08 08:27:04.548: [INFO][SyncEngineBackend::LoadAndConnectNigoriController] Load and connect Nigori controller
2026-01-08 08:27:04.548: [INFO][SyncEngineBackend::DoInitialize] Control Types added: Encryption Keys
2026-01-08 08:27:04.548: [INFO][SyncManagerImpl::ConfigureSyncer] Types to download: Encryption Keys with reason: 3
2026-01-08 08:27:04.548: [INFO][SyncEngineBackend::DoUpdateKeyDataCredentials] Update key data credentials
2026-01-08 08:27:04.548: [INFO][SyncSchedulerImpl::DoConfigurationSyncCycleJob] Configure job was blocked
2026-01-08 08:27:04.565: [INFO][SyncAuthManager::SetLastAuthError] Current auth error: None
2026-01-08 08:27:04.565: [INFO][SyncAuthManager::EdgeLogTokenErrorState] Token error with: None for account type: MSA
2026-01-08 08:27:04.566: [INFO][Sync] Credentials changed for: EdgeSyncScopeNew
2026-01-08 08:27:04.566: [INFO][SyncEngineBackend::DoUpdateCredentials] Update credentials
2026-01-08 08:27:04.566: [INFO][SyncSchedulerImpl::DoConfigurationSyncCycleJob] Blocked types:  and types to download: Encryption Keys
2026-01-08 08:27:04.790: [INFO][SyncEngineBackend::DoUpdateKeyDataCredentials] Update key data credentials
2026-01-08 08:27:04.794: [INFO][Sync] Started DataTypeManager configuration, reason: 4
2026-01-08 08:27:04.794: [INFO][Sync] Configuring for: Bookmarks, Preferences, Passwords, Autofill Profiles, Autofill, Extensions, Sessions, Extension settings, History Delete Directives, Device Info, User Consents, Send Tab To Self, Web Apps, History, Saved Tab Group, WebAuthn Credentials, Collection, Edge E Drop, Edge Hub App Usage, Edge Wallet, Encryption Keys, reason: 4, current state: 0
2026-01-08 08:27:04.794: [WARN][Sync] Crypto error data types: Passwords, Autofill Profiles, Autofill
2026-01-08 08:27:04.794: [INFO][Sync] Configure, desired: Bookmarks, Preferences, Extensions, Sessions, Extension settings, History Delete Directives, Device Info, User Consents, Send Tab To Self, Web Apps, History, Saved Tab Group, WebAuthn Credentials, Collection, Edge E Drop, Edge Hub App Usage, Edge Wallet, Encryption Keys; Allow fail: Passwords, Autofill Profiles, Autofill
2026-01-08 08:27:04.794: [INFO][Sync] Loading: Bookmarks
2026-01-08 08:27:04.794: [INFO][Sync] Loading: Preferences
2026-01-08 08:27:04.794: [INFO][Sync] Loading: Extensions
2026-01-08 08:27:04.794: [INFO][Sync] Loading: Sessions
2026-01-08 08:27:04.794: [INFO][Sync] Loading: Extension settings
2026-01-08 08:27:04.795: [INFO][Sync] Loading: History Delete Directives
2026-01-08 08:27:04.795: [INFO][Sync] Loading: Device Info
2026-01-08 08:27:04.795: [INFO][Sync] Loading: User Consents
2026-01-08 08:27:04.795: [INFO][Sync] Loading: Send Tab To Self
2026-01-08 08:27:04.795: [INFO][Sync] Loading: Web Apps
2026-01-08 08:27:04.795: [INFO][Sync] Loading: History
2026-01-08 08:27:04.795: [INFO][Sync] Loading: Saved Tab Group
2026-01-08 08:27:04.795: [INFO][Sync] Loading: WebAuthn Credentials
2026-01-08 08:27:04.795: [INFO][Sync] Loading: Collection
2026-01-08 08:27:04.795: [INFO][Sync] Loading: Edge E Drop
2026-01-08 08:27:04.795: [INFO][Sync] Loading: Edge Hub App Usage
2026-01-08 08:27:04.795: [INFO][Sync] Loading: Edge Wallet
2026-01-08 08:27:04.797: [INFO][Sync] All data types are ready for configure.
2026-01-08 08:27:05.339: [INFO][SyncEngineBackend::DoStartConfiguration] Start configuration
2026-01-08 08:27:05.339: [INFO][SyncManagerImpl::ConfigureSyncer] Types to download:  with reason: 4
2026-01-08 08:27:05.339: [INFO][SyncEngineBackend::DoFinishConfigureDataTypes] Failed to download types:  and succeeded types: 
2026-01-08 08:27:05.339: [INFO][Sync] Started DataTypeManager configuration, reason: 5
2026-01-08 08:27:05.339: [INFO][Sync] Configuring for: Bookmarks, Preferences, Passwords, Autofill Profiles, Autofill, Extensions, Sessions, Extension settings, History Delete Directives, Device Info, User Consents, Send Tab To Self, Web Apps, History, Saved Tab Group, WebAuthn Credentials, Collection, Edge E Drop, Edge Hub App Usage, Edge Wallet, Encryption Keys, reason: 5, current state: 1
2026-01-08 08:27:05.340: [INFO][Sync] ConfigurationDone, failed: , succeeded: , remaining count: 4
2026-01-08 08:27:05.340: [WARN][Sync]     Reconfigure requested while configuration ongoing.
2026-01-08 08:27:05.340: [INFO][Sync] Configuring for: Bookmarks, Preferences, Passwords, Autofill Profiles, Autofill, Extensions, Sessions, Extension settings, History Delete Directives, Device Info, User Consents, Send Tab To Self, Web Apps, History, Saved Tab Group, WebAuthn Credentials, Collection, Edge E Drop, Edge Hub App Usage, Edge Wallet, Encryption Keys, reason: 5, current state: 2
2026-01-08 08:27:05.340: [INFO][Sync] Configure, desired: Bookmarks, Preferences, Passwords, Autofill Profiles, Autofill, Extensions, Sessions, Extension settings, History Delete Directives, Device Info, User Consents, Send Tab To Self, Web Apps, History, Saved Tab Group, WebAuthn Credentials, Collection, Edge E Drop, Edge Hub App Usage, Edge Wallet, Encryption Keys; Allow fail: 
2026-01-08 08:27:05.340: [INFO][Sync] Loading: Passwords
2026-01-08 08:27:05.340: [INFO][Sync] Loading: Autofill Profiles
2026-01-08 08:27:05.340: [INFO][Sync] Loading: Autofill
2026-01-08 08:27:05.341: [INFO][Sync] All data types are ready for configure.
2026-01-08 08:27:05.341: [INFO][SyncManagerImpl::NudgeForInitialDownload] Initial download nudge for Passwords
2026-01-08 08:27:05.341: [INFO][SyncManagerImpl::ConfigureSyncer] Types to download:  with reason: 5
2026-01-08 08:27:05.341: [INFO][SyncEngineBackend::DoFinishConfigureDataTypes] Failed to download types:  and succeeded types: 
2026-01-08 08:27:05.341: [INFO][Sync] ConfigurationDone, failed: , succeeded: , remaining count: 4
2026-01-08 08:27:05.341: [INFO][Sync] Prepare to configure types: Passwords, Encryption Keys
2026-01-08 08:27:05.341: [INFO][SyncManagerImpl::ConfigureSyncer] Types to download: Passwords, Encryption Keys with reason: 5
2026-01-08 08:27:05.341: [INFO][SyncSchedulerImpl::DoConfigurationSyncCycleJob] Blocked types:  and types to download: Passwords, Encryption Keys
2026-01-08 08:27:05.471: [INFO][SyncEngineBackend::DoFinishConfigureDataTypes] Failed to download types:  and succeeded types: Passwords, Encryption Keys
2026-01-08 08:27:05.472: [INFO][Sync] ConfigurationDone, failed: , succeeded: Passwords, Encryption Keys, remaining count: 3
2026-01-08 08:27:05.472: [INFO][SyncManagerImpl::ConfigureSyncer] Types to download:  with reason: 5
2026-01-08 08:27:05.472: [INFO][SyncEngineBackend::DoFinishConfigureDataTypes] Failed to download types:  and succeeded types: 
2026-01-08 08:27:05.472: [INFO][Sync] ConfigurationDone, failed: , succeeded: , remaining count: 2
2026-01-08 08:27:05.472: [INFO][SyncManagerImpl::ConfigureSyncer] Types to download:  with reason: 5
2026-01-08 08:27:05.472: [INFO][SyncEngineBackend::DoFinishConfigureDataTypes] Failed to download types:  and succeeded types: 
2026-01-08 08:27:05.474: [INFO][Sync] ConfigurationDone, failed: , succeeded: , remaining count: 1
2026-01-08 08:27:05.475: [INFO][SyncManagerImpl::ConfigureSyncer] Types to download:  with reason: 5
2026-01-08 08:27:05.475: [INFO][SyncEngineBackend::DoFinishConfigureDataTypes] Failed to download types:  and succeeded types: 
2026-01-08 08:27:05.476: [INFO][Sync] ConfigurationDone, failed: , succeeded: , remaining count: 0
2026-01-08 08:27:05.477: [INFO][Sync]     Configuration completed, state: 7
2026-01-08 08:27:05.477: [INFO][Sync] Configured DataTypeManager: Ok
2026-01-08 08:27:05.479: [INFO][SyncEngineBackend::DoStartSyncing] Start syncing
2026-01-08 08:29:23.919: [INFO][SyncSchedulerImpl::OnSyncNetworkError] Syncer error: Network error (ERR_NAME_NOT_RESOLVED)
2026-01-08 08:29:23.919: [INFO][Commit::ReportFullCommitFailure] Commit Sessions, History failed with error: NetworkError
2026-01-08 08:29:23.919: [INFO][SyncSchedulerImpl::DoNudgeSyncCycleJob] Syncer error: Network error (ERR_NAME_NOT_RESOLVED)
2026-01-08 08:29:23.920: [WARN][Sync] NetworkError: Network error (ERR_NAME_NOT_RESOLVED)
2026-01-08 08:29:26.429: [INFO][SyncSchedulerImpl::OnSyncNetworkError] Syncer error: Network error (ERR_NAME_NOT_RESOLVED)
2026-01-08 08:29:26.429: [INFO][Commit::ReportFullCommitFailure] Commit Sessions, History failed with error: NetworkError
2026-01-08 08:29:26.429: [INFO][SyncSchedulerImpl::DoNudgeSyncCycleJob] Syncer error: Network error (ERR_NAME_NOT_RESOLVED)
2026-01-08 08:29:26.430: [WARN][Sync] NetworkError: Network error (ERR_NAME_NOT_RESOLVED)
2026-01-08 08:29:38.701: [INFO][SyncSchedulerImpl::OnSyncNetworkError] Syncer error: Network error (ERR_NAME_NOT_RESOLVED)
2026-01-08 08:29:38.701: [INFO][Commit::ReportFullCommitFailure] Commit Sessions, History failed with error: NetworkError
2026-01-08 08:29:38.702: [INFO][SyncSchedulerImpl::DoNudgeSyncCycleJob] Syncer error: Network error (ERR_NAME_NOT_RESOLVED)
2026-01-08 08:29:38.703: [WARN][Sync] NetworkError: Network error (ERR_NAME_NOT_RESOLVED)
2026-01-08 08:30:00.353: [INFO][SyncSchedulerImpl::OnSyncNetworkError] Syncer error: Network error (ERR_NAME_NOT_RESOLVED)
2026-01-08 08:30:00.354: [INFO][Commit::ReportFullCommitFailure] Commit Sessions, History failed with error: NetworkError
2026-01-08 08:30:00.354: [INFO][SyncSchedulerImpl::DoNudgeSyncCycleJob] Syncer error: Network error (ERR_NAME_NOT_RESOLVED)
2026-01-08 08:30:00.355: [WARN][Sync] NetworkError: Network error (ERR_NAME_NOT_RESOLVED)
2026-01-08 08:30:16.610: [INFO][Sync] Reset engine, reason: 0
2026-01-08 08:30:16.610: [INFO][Sync] Reset engine with reason: 0
2026-01-08 08:30:57.213: [INFO][Sync] SyncState after authenticated was: FeatureCanStart
2026-01-08 08:31:02.103: [INFO][Sync] Try to start sync engine
2026-01-08 08:31:02.146: [INFO][SyncManagerImpl::NudgeForInitialDownload] Initial download nudge for Encryption Keys
2026-01-08 08:31:02.146: [INFO][SyncEngineBackend::LoadAndConnectNigoriController] Load and connect Nigori controller
2026-01-08 08:31:02.146: [INFO][SyncEngineBackend::DoInitialize] Control Types added: Encryption Keys
2026-01-08 08:31:02.146: [INFO][SyncManagerImpl::ConfigureSyncer] Types to download: Encryption Keys with reason: 3
2026-01-08 08:31:02.146: [INFO][SyncSchedulerImpl::DoConfigurationSyncCycleJob] Configure job was blocked
2026-01-08 08:31:02.159: [INFO][SyncAuthManager::SetLastAuthError] Current auth error: None
2026-01-08 08:31:02.160: [INFO][SyncAuthManager::EdgeLogTokenErrorState] Token error with: None for account type: MSA
2026-01-08 08:31:02.160: [INFO][Sync] Credentials changed for: EdgeSyncScopeNew
2026-01-08 08:31:22.534: [INFO][Sync] Reset engine, reason: 0
2026-01-08 08:31:22.534: [INFO][Sync] Reset engine with reason: 0
2026-01-09 07:24:24.499: [INFO][Sync] SyncState after authenticated was: FeatureCanStart
2026-01-09 07:24:26.890: [INFO][SyncAuthManager::SetLastAuthError] Current auth error: None
2026-01-09 07:24:26.890: [INFO][SyncAuthManager::EdgeLogTokenErrorState] Token error with: None for account type: MSA
2026-01-09 07:24:26.890: [INFO][Sync] Credentials changed for: EdgeSyncKeyDataScope
2026-01-09 07:24:30.253: [INFO][Sync] Try to start sync engine
2026-01-09 07:24:30.254: [INFO][SyncManagerImpl::NudgeForInitialDownload] Initial download nudge for Encryption Keys
2026-01-09 07:24:30.254: [INFO][SyncEngineBackend::LoadAndConnectNigoriController] Load and connect Nigori controller
2026-01-09 07:24:30.254: [INFO][SyncEngineBackend::DoInitialize] Control Types added: Encryption Keys
2026-01-09 07:24:30.254: [INFO][SyncManagerImpl::ConfigureSyncer] Types to download: Encryption Keys with reason: 3
2026-01-09 07:24:30.254: [INFO][SyncEngineBackend::DoUpdateKeyDataCredentials] Update key data credentials
2026-01-09 07:24:30.254: [INFO][SyncSchedulerImpl::DoConfigurationSyncCycleJob] Configure job was blocked
2026-01-09 07:24:30.932: [INFO][SyncAuthManager::SetLastAuthError] Current auth error: None
2026-01-09 07:24:30.932: [INFO][SyncAuthManager::EdgeLogTokenErrorState] Token error with: None for account type: MSA
2026-01-09 07:24:30.932: [INFO][Sync] Credentials changed for: EdgeSyncScopeNew
2026-01-09 07:24:30.932: [INFO][SyncEngineBackend::DoUpdateCredentials] Update credentials
2026-01-09 07:24:30.932: [INFO][SyncSchedulerImpl::DoConfigurationSyncCycleJob] Blocked types:  and types to download: Encryption Keys
2026-01-09 07:24:31.582: [INFO][SyncEngineBackend::DoUpdateKeyDataCredentials] Update key data credentials
2026-01-09 07:24:31.591: [INFO][Sync] Started DataTypeManager configuration, reason: 4
2026-01-09 07:24:31.591: [INFO][Sync] Configuring for: Bookmarks, Preferences, Passwords, Autofill Profiles, Autofill, Extensions, Sessions, Extension settings, History Delete Directives, Device Info, User Consents, Send Tab To Self, Web Apps, History, Saved Tab Group, WebAuthn Credentials, Collection, Edge E Drop, Edge Hub App Usage, Edge Wallet, Encryption Keys, reason: 4, current state: 0
2026-01-09 07:24:31.591: [WARN][Sync] Crypto error data types: Passwords, Autofill Profiles, Autofill
2026-01-09 07:24:31.593: [INFO][Sync] Configure, desired: Bookmarks, Preferences, Extensions, Sessions, Extension settings, History Delete Directives, Device Info, User Consents, Send Tab To Self, Web Apps, History, Saved Tab Group, WebAuthn Credentials, Collection, Edge E Drop, Edge Hub App Usage, Edge Wallet, Encryption Keys; Allow fail: Passwords, Autofill Profiles, Autofill
2026-01-09 07:24:31.593: [INFO][Sync] Loading: Bookmarks
2026-01-09 07:24:31.593: [INFO][Sync] Loading: Preferences
2026-01-09 07:24:31.593: [INFO][Sync] Loading: Extensions
2026-01-09 07:24:31.593: [INFO][Sync] Loading: Sessions
2026-01-09 07:24:31.593: [INFO][Sync] Loading: Extension settings
2026-01-09 07:24:31.593: [INFO][Sync] Loading: History Delete Directives
2026-01-09 07:24:31.594: [INFO][Sync] Loading: Device Info
2026-01-09 07:24:31.594: [INFO][Sync] Loading: User Consents
2026-01-09 07:24:31.594: [INFO][Sync] Loading: Send Tab To Self
2026-01-09 07:24:31.594: [INFO][Sync] Loading: Web Apps
2026-01-09 07:24:31.594: [INFO][Sync] Loading: History
2026-01-09 07:24:31.594: [INFO][Sync] Loading: Saved Tab Group
2026-01-09 07:24:31.594: [INFO][Sync] Loading: WebAuthn Credentials
2026-01-09 07:24:31.594: [INFO][Sync] Loading: Collection
2026-01-09 07:24:31.594: [INFO][Sync] Loading: Edge E Drop
2026-01-09 07:24:31.594: [INFO][Sync] Loading: Edge Hub App Usage
2026-01-09 07:24:31.594: [INFO][Sync] Loading: Edge Wallet
2026-01-09 07:24:31.604: [INFO][Sync] All data types are ready for configure.
2026-01-09 07:24:32.439: [INFO][Sync] Started DataTypeManager configuration, reason: 5
2026-01-09 07:24:32.439: [INFO][Sync] Configuring for: Bookmarks, Preferences, Passwords, Autofill Profiles, Autofill, Extensions, Sessions, Extension settings, History Delete Directives, Device Info, User Consents, Send Tab To Self, Web Apps, History, Saved Tab Group, WebAuthn Credentials, Collection, Edge E Drop, Edge Hub App Usage, Edge Wallet, Encryption Keys, reason: 5, current state: 1
2026-01-09 07:24:32.441: [INFO][SyncEngineBackend::DoStartConfiguration] Start configuration
2026-01-09 07:24:32.441: [INFO][SyncManagerImpl::ConfigureSyncer] Types to download:  with reason: 4
2026-01-09 07:24:32.441: [INFO][SyncEngineBackend::DoFinishConfigureDataTypes] Failed to download types:  and succeeded types: 
2026-01-09 07:24:32.443: [INFO][Sync] ConfigurationDone, failed: , succeeded: , remaining count: 4
2026-01-09 07:24:32.443: [WARN][Sync]     Reconfigure requested while configuration ongoing.
2026-01-09 07:24:32.443: [INFO][Sync] Configuring for: Bookmarks, Preferences, Passwords, Autofill Profiles, Autofill, Extensions, Sessions, Extension settings, History Delete Directives, Device Info, User Consents, Send Tab To Self, Web Apps, History, Saved Tab Group, WebAuthn Credentials, Collection, Edge E Drop, Edge Hub App Usage, Edge Wallet, Encryption Keys, reason: 5, current state: 2
2026-01-09 07:24:32.443: [INFO][Sync] Configure, desired: Bookmarks, Preferences, Passwords, Autofill Profiles, Autofill, Extensions, Sessions, Extension settings, History Delete Directives, Device Info, User Consents, Send Tab To Self, Web Apps, History, Saved Tab Group, WebAuthn Credentials, Collection, Edge E Drop, Edge Hub App Usage, Edge Wallet, Encryption Keys; Allow fail: 
2026-01-09 07:24:32.443: [INFO][Sync] Loading: Passwords
2026-01-09 07:24:32.443: [INFO][Sync] Loading: Autofill Profiles
2026-01-09 07:24:32.443: [INFO][Sync] Loading: Autofill
2026-01-09 07:24:32.443: [INFO][Sync] All data types are ready for configure.
2026-01-09 07:24:32.443: [INFO][SyncManagerImpl::NudgeForInitialDownload] Initial download nudge for Passwords
2026-01-09 07:24:32.443: [INFO][SyncManagerImpl::ConfigureSyncer] Types to download:  with reason: 5
2026-01-09 07:24:32.443: [INFO][SyncEngineBackend::DoFinishConfigureDataTypes] Failed to download types:  and succeeded types: 
2026-01-09 07:24:32.443: [INFO][Sync] ConfigurationDone, failed: , succeeded: , remaining count: 4
2026-01-09 07:24:32.443: [INFO][Sync] Prepare to configure types: Passwords, Encryption Keys
2026-01-09 07:24:32.443: [INFO][SyncManagerImpl::ConfigureSyncer] Types to download: Passwords, Encryption Keys with reason: 5
2026-01-09 07:24:32.443: [INFO][SyncSchedulerImpl::DoConfigurationSyncCycleJob] Blocked types:  and types to download: Passwords, Encryption Keys
2026-01-09 07:24:32.815: [INFO][SyncEngineBackend::DoFinishConfigureDataTypes] Failed to download types:  and succeeded types: Passwords, Encryption Keys
2026-01-09 07:24:32.816: [INFO][Sync] ConfigurationDone, failed: , succeeded: Passwords, Encryption Keys, remaining count: 3
2026-01-09 07:24:32.816: [INFO][SyncManagerImpl::ConfigureSyncer] Types to download:  with reason: 5
2026-01-09 07:24:32.816: [INFO][SyncEngineBackend::DoFinishConfigureDataTypes] Failed to download types:  and succeeded types: 
2026-01-09 07:24:32.816: [INFO][Sync] ConfigurationDone, failed: , succeeded: , remaining count: 2
2026-01-09 07:24:32.816: [INFO][SyncManagerImpl::ConfigureSyncer] Types to download:  with reason: 5
2026-01-09 07:24:32.816: [INFO][SyncEngineBackend::DoFinishConfigureDataTypes] Failed to download types:  and succeeded types: 
2026-01-09 07:24:32.818: [INFO][Sync] ConfigurationDone, failed: , succeeded: , remaining count: 1
2026-01-09 07:24:32.819: [INFO][SyncManagerImpl::ConfigureSyncer] Types to download:  with reason: 5
2026-01-09 07:24:32.819: [INFO][SyncEngineBackend::DoFinishConfigureDataTypes] Failed to download types:  and succeeded types: 
2026-01-09 07:24:32.819: [INFO][Sync] ConfigurationDone, failed: , succeeded: , remaining count: 0
2026-01-09 07:24:32.820: [INFO][Sync]     Configuration completed, state: 7
2026-01-09 07:24:32.820: [INFO][Sync] Configured DataTypeManager: Ok
2026-01-09 07:24:32.821: [INFO][SyncEngineBackend::DoStartSyncing] Start syncing
2026-01-09 07:34:42.863: [INFO][Sync] Reset engine, reason: 0
2026-01-09 07:34:42.863: [INFO][Sync] Reset engine with reason: 0
2026-01-12 04:58:36.875: [INFO][Sync] SyncState after authenticated was: FeatureCanStart
2026-01-12 04:58:38.129: [INFO][SyncAuthManager::SetLastAuthError] Current auth error: None
2026-01-12 04:58:38.129: [INFO][SyncAuthManager::EdgeLogTokenErrorState] Token error with: None for account type: MSA
2026-01-12 04:58:38.129: [INFO][Sync] Credentials changed for: EdgeSyncKeyDataScope
2026-01-12 04:58:43.174: [INFO][Sync] Try to start sync engine
2026-01-12 04:58:43.175: [INFO][SyncManagerImpl::NudgeForInitialDownload] Initial download nudge for Encryption Keys
2026-01-12 04:58:43.175: [INFO][SyncEngineBackend::LoadAndConnectNigoriController] Load and connect Nigori controller
2026-01-12 04:58:43.175: [INFO][SyncEngineBackend::DoInitialize] Control Types added: Encryption Keys
2026-01-12 04:58:43.175: [INFO][SyncManagerImpl::ConfigureSyncer] Types to download: Encryption Keys with reason: 3
2026-01-12 04:58:43.175: [INFO][SyncEngineBackend::DoUpdateKeyDataCredentials] Update key data credentials
2026-01-12 04:58:43.175: [INFO][SyncSchedulerImpl::DoConfigurationSyncCycleJob] Configure job was blocked
2026-01-12 04:58:44.089: [INFO][SyncAuthManager::SetLastAuthError] Current auth error: None
2026-01-12 04:58:44.089: [INFO][SyncAuthManager::EdgeLogTokenErrorState] Token error with: None for account type: MSA
2026-01-12 04:58:44.089: [INFO][Sync] Credentials changed for: EdgeSyncScopeNew
2026-01-12 04:58:44.089: [INFO][SyncEngineBackend::DoUpdateCredentials] Update credentials
2026-01-12 04:58:44.089: [INFO][SyncEngineBackend::DoUpdateKeyDataCredentials] Update key data credentials
2026-01-12 04:58:44.089: [INFO][SyncSchedulerImpl::DoConfigurationSyncCycleJob] Blocked types:  and types to download: Encryption Keys
2026-01-12 04:58:44.593: [INFO][Sync] Started DataTypeManager configuration, reason: 4
2026-01-12 04:58:44.593: [INFO][Sync] Configuring for: Bookmarks, Preferences, Passwords, Autofill Profiles, Autofill, Extensions, Sessions, Extension settings, History Delete Directives, Device Info, User Consents, Send Tab To Self, Web Apps, History, Saved Tab Group, WebAuthn Credentials, Collection, Edge E Drop, Edge Hub App Usage, Edge Wallet, Encryption Keys, reason: 4, current state: 0
2026-01-12 04:58:44.593: [WARN][Sync] Crypto error data types: Passwords, Autofill Profiles, Autofill
2026-01-12 04:58:44.594: [INFO][Sync] Configure, desired: Bookmarks, Preferences, Extensions, Sessions, Extension settings, History Delete Directives, Device Info, User Consents, Send Tab To Self, Web Apps, History, Saved Tab Group, WebAuthn Credentials, Collection, Edge E Drop, Edge Hub App Usage, Edge Wallet, Encryption Keys; Allow fail: Passwords, Autofill Profiles, Autofill
2026-01-12 04:58:44.594: [INFO][Sync] Loading: Bookmarks
2026-01-12 04:58:44.594: [INFO][Sync] Loading: Preferences
2026-01-12 04:58:44.594: [INFO][Sync] Loading: Extensions
2026-01-12 04:58:44.594: [INFO][Sync] Loading: Sessions
2026-01-12 04:58:44.594: [INFO][Sync] Loading: Extension settings
2026-01-12 04:58:44.594: [INFO][Sync] Loading: History Delete Directives
2026-01-12 04:58:44.594: [INFO][Sync] Loading: Device Info
2026-01-12 04:58:44.594: [INFO][Sync] Loading: User Consents
2026-01-12 04:58:44.594: [INFO][Sync] Loading: Send Tab To Self
2026-01-12 04:58:44.594: [INFO][Sync] Loading: Web Apps
2026-01-12 04:58:44.594: [INFO][Sync] Loading: History
2026-01-12 04:58:44.594: [INFO][Sync] Loading: Saved Tab Group
2026-01-12 04:58:44.594: [INFO][Sync] Loading: WebAuthn Credentials
2026-01-12 04:58:44.594: [INFO][Sync] Loading: Collection
2026-01-12 04:58:44.594: [INFO][Sync] Loading: Edge E Drop
2026-01-12 04:58:44.594: [INFO][Sync] Loading: Edge Hub App Usage
2026-01-12 04:58:44.594: [INFO][Sync] Loading: Edge Wallet
2026-01-12 04:58:44.596: [INFO][Sync] All data types are ready for configure.
2026-01-12 04:58:45.151: [INFO][SyncEngineBackend::DoStartConfiguration] Start configuration
2026-01-12 04:58:45.151: [INFO][SyncManagerImpl::ConfigureSyncer] Types to download:  with reason: 4
2026-01-12 04:58:45.151: [INFO][SyncEngineBackend::DoFinishConfigureDataTypes] Failed to download types:  and succeeded types: 
2026-01-12 04:58:45.152: [INFO][Sync] Started DataTypeManager configuration, reason: 5
2026-01-12 04:58:45.152: [INFO][Sync] Configuring for: Bookmarks, Preferences, Passwords, Autofill Profiles, Autofill, Extensions, Sessions, Extension settings, History Delete Directives, Device Info, User Consents, Send Tab To Self, Web Apps, History, Saved Tab Group, WebAuthn Credentials, Collection, Edge E Drop, Edge Hub App Usage, Edge Wallet, Encryption Keys, reason: 5, current state: 1
2026-01-12 04:58:45.153: [INFO][Sync] ConfigurationDone, failed: , succeeded: , remaining count: 4
2026-01-12 04:58:45.153: [WARN][Sync]     Reconfigure requested while configuration ongoing.
2026-01-12 04:58:45.153: [INFO][Sync] Configuring for: Bookmarks, Preferences, Passwords, Autofill Profiles, Autofill, Extensions, Sessions, Extension settings, History Delete Directives, Device Info, User Consents, Send Tab To Self, Web Apps, History, Saved Tab Group, WebAuthn Credentials, Collection, Edge E Drop, Edge Hub App Usage, Edge Wallet, Encryption Keys, reason: 5, current state: 2
2026-01-12 04:58:45.153: [INFO][Sync] Configure, desired: Bookmarks, Preferences, Passwords, Autofill Profiles, Autofill, Extensions, Sessions, Extension settings, History Delete Directives, Device Info, User Consents, Send Tab To Self, Web Apps, History, Saved Tab Group, WebAuthn Credentials, Collection, Edge E Drop, Edge Hub App Usage, Edge Wallet, Encryption Keys; Allow fail: 
2026-01-12 04:58:45.153: [INFO][Sync] Loading: Passwords
2026-01-12 04:58:45.153: [INFO][Sync] Loading: Autofill Profiles
2026-01-12 04:58:45.153: [INFO][Sync] Loading: Autofill
2026-01-12 04:58:45.153: [INFO][Sync] All data types are ready for configure.
2026-01-12 04:58:45.153: [INFO][SyncManagerImpl::NudgeForInitialDownload] Initial download nudge for Passwords
2026-01-12 04:58:45.153: [INFO][SyncManagerImpl::ConfigureSyncer] Types to download:  with reason: 5
2026-01-12 04:58:45.153: [INFO][SyncEngineBackend::DoFinishConfigureDataTypes] Failed to download types:  and succeeded types: 
2026-01-12 04:58:45.154: [INFO][Sync] ConfigurationDone, failed: , succeeded: , remaining count: 4
2026-01-12 04:58:45.154: [INFO][Sync] Prepare to configure types: Passwords, Encryption Keys
2026-01-12 04:58:45.154: [INFO][SyncManagerImpl::ConfigureSyncer] Types to download: Passwords, Encryption Keys with reason: 5
2026-01-12 04:58:45.154: [INFO][SyncSchedulerImpl::DoConfigurationSyncCycleJob] Blocked types:  and types to download: Passwords, Encryption Keys
2026-01-12 04:58:45.341: [INFO][SyncEngineBackend::DoFinishConfigureDataTypes] Failed to download types:  and succeeded types: Passwords, Encryption Keys
2026-01-12 04:58:45.343: [INFO][Sync] ConfigurationDone, failed: , succeeded: Passwords, Encryption Keys, remaining count: 3
2026-01-12 04:58:45.343: [INFO][SyncManagerImpl::ConfigureSyncer] Types to download:  with reason: 5
2026-01-12 04:58:45.343: [INFO][SyncEngineBackend::DoFinishConfigureDataTypes] Failed to download types:  and succeeded types: 
2026-01-12 04:58:45.343: [INFO][Sync] ConfigurationDone, failed: , succeeded: , remaining count: 2
2026-01-12 04:58:45.343: [INFO][SyncManagerImpl::ConfigureSyncer] Types to download:  with reason: 5
2026-01-12 04:58:45.343: [INFO][SyncEngineBackend::DoFinishConfigureDataTypes] Failed to download types:  and succeeded types: 
2026-01-12 04:58:45.345: [INFO][Sync] ConfigurationDone, failed: , succeeded: , remaining count: 1
2026-01-12 04:58:45.346: [INFO][SyncManagerImpl::ConfigureSyncer] Types to download:  with reason: 5
2026-01-12 04:58:45.346: [INFO][SyncEngineBackend::DoFinishConfigureDataTypes] Failed to download types:  and succeeded types: 
2026-01-12 04:58:45.347: [INFO][Sync] ConfigurationDone, failed: , succeeded: , remaining count: 0
2026-01-12 04:58:45.348: [INFO][Sync]     Configuration completed, state: 7
2026-01-12 04:58:45.348: [INFO][Sync] Configured DataTypeManager: Ok
2026-01-12 04:58:45.351: [INFO][SyncEngineBackend::DoStartSyncing] Start syncing
2026-01-12 05:02:48.351: [INFO][Sync] Reset engine, reason: 0
2026-01-12 05:02:48.351: [INFO][Sync] Reset engine with reason: 0
2026-01-12 05:02:48.352: [INFO][SyncSchedulerImpl::DoNudgeSyncCycleJob] Syncer error: Success
2026-01-12 05:03:07.264: [INFO][Sync] SyncState after authenticated was: FeatureCanStart
2026-01-12 05:03:08.350: [INFO][SyncAuthManager::SetLastAuthError] Current auth error: None
2026-01-12 05:03:08.350: [INFO][SyncAuthManager::EdgeLogTokenErrorState] Token error with: None for account type: MSA
2026-01-12 05:03:08.350: [INFO][Sync] Credentials changed for: EdgeSyncKeyDataScope
2026-01-12 05:03:11.908: [INFO][Sync] Try to start sync engine
2026-01-12 05:03:11.936: [INFO][SyncManagerImpl::NudgeForInitialDownload] Initial download nudge for Encryption Keys
2026-01-12 05:03:11.936: [INFO][SyncEngineBackend::LoadAndConnectNigoriController] Load and connect Nigori controller
2026-01-12 05:03:11.936: [INFO][SyncEngineBackend::DoInitialize] Control Types added: Encryption Keys
2026-01-12 05:03:11.936: [INFO][SyncManagerImpl::ConfigureSyncer] Types to download: Encryption Keys with reason: 3
2026-01-12 05:03:11.936: [INFO][SyncEngineBackend::DoUpdateKeyDataCredentials] Update key data credentials
2026-01-12 05:03:11.936: [INFO][SyncSchedulerImpl::DoConfigurationSyncCycleJob] Configure job was blocked
2026-01-12 05:03:11.951: [INFO][SyncAuthManager::SetLastAuthError] Current auth error: None
2026-01-12 05:03:11.951: [INFO][SyncAuthManager::EdgeLogTokenErrorState] Token error with: None for account type: MSA
2026-01-12 05:03:11.951: [INFO][Sync] Credentials changed for: EdgeSyncScopeNew
2026-01-12 05:03:11.951: [INFO][SyncEngineBackend::DoUpdateCredentials] Update credentials
2026-01-12 05:03:11.951: [INFO][SyncSchedulerImpl::DoConfigurationSyncCycleJob] Blocked types:  and types to download: Encryption Keys
2026-01-12 05:03:12.219: [INFO][SyncEngineBackend::DoUpdateKeyDataCredentials] Update key data credentials
2026-01-12 05:03:12.221: [INFO][Sync] Started DataTypeManager configuration, reason: 4
2026-01-12 05:03:12.221: [INFO][Sync] Configuring for: Bookmarks, Preferences, Passwords, Autofill Profiles, Autofill, Extensions, Sessions, Extension settings, History Delete Directives, Device Info, User Consents, Send Tab To Self, Web Apps, History, Saved Tab Group, WebAuthn Credentials, Collection, Edge E Drop, Edge Hub App Usage, Edge Wallet, Encryption Keys, reason: 4, current state: 0
2026-01-12 05:03:12.221: [WARN][Sync] Crypto error data types: Passwords, Autofill Profiles, Autofill
2026-01-12 05:03:12.222: [INFO][Sync] Configure, desired: Bookmarks, Preferences, Extensions, Sessions, Extension settings, History Delete Directives, Device Info, User Consents, Send Tab To Self, Web Apps, History, Saved Tab Group, WebAuthn Credentials, Collection, Edge E Drop, Edge Hub App Usage, Edge Wallet, Encryption Keys; Allow fail: Passwords, Autofill Profiles, Autofill
2026-01-12 05:03:12.222: [INFO][Sync] Loading: Bookmarks
2026-01-12 05:03:12.222: [INFO][Sync] Loading: Preferences
2026-01-12 05:03:12.222: [INFO][Sync] Loading: Extensions
2026-01-12 05:03:12.222: [INFO][Sync] Loading: Sessions
2026-01-12 05:03:12.222: [INFO][Sync] Loading: Extension settings
2026-01-12 05:03:12.222: [INFO][Sync] Loading: History Delete Directives
2026-01-12 05:03:12.222: [INFO][Sync] Loading: Device Info
2026-01-12 05:03:12.222: [INFO][Sync] Loading: User Consents
2026-01-12 05:03:12.222: [INFO][Sync] Loading: Send Tab To Self
2026-01-12 05:03:12.222: [INFO][Sync] Loading: Web Apps
2026-01-12 05:03:12.222: [INFO][Sync] Loading: History
2026-01-12 05:03:12.222: [INFO][Sync] Loading: Saved Tab Group
2026-01-12 05:03:12.222: [INFO][Sync] Loading: WebAuthn Credentials
2026-01-12 05:03:12.222: [INFO][Sync] Loading: Collection
2026-01-12 05:03:12.222: [INFO][Sync] Loading: Edge E Drop
2026-01-12 05:03:12.222: [INFO][Sync] Loading: Edge Hub App Usage
2026-01-12 05:03:12.222: [INFO][Sync] Loading: Edge Wallet
2026-01-12 05:03:12.226: [INFO][Sync] All data types are ready for configure.
2026-01-12 05:03:12.753: [INFO][SyncEngineBackend::DoStartConfiguration] Start configuration
2026-01-12 05:03:12.753: [INFO][SyncManagerImpl::ConfigureSyncer] Types to download:  with reason: 4
2026-01-12 05:03:12.753: [INFO][SyncEngineBackend::DoFinishConfigureDataTypes] Failed to download types:  and succeeded types: 
2026-01-12 05:03:12.754: [INFO][Sync] Started DataTypeManager configuration, reason: 5
2026-01-12 05:03:12.754: [INFO][Sync] Configuring for: Bookmarks, Preferences, Passwords, Autofill Profiles, Autofill, Extensions, Sessions, Extension settings, History Delete Directives, Device Info, User Consents, Send Tab To Self, Web Apps, History, Saved Tab Group, WebAuthn Credentials, Collection, Edge E Drop, Edge Hub App Usage, Edge Wallet, Encryption Keys, reason: 5, current state: 1
2026-01-12 05:03:12.755: [INFO][Sync] ConfigurationDone, failed: , succeeded: , remaining count: 4
2026-01-12 05:03:12.755: [WARN][Sync]     Reconfigure requested while configuration ongoing.
2026-01-12 05:03:12.755: [INFO][Sync] Configuring for: Bookmarks, Preferences, Passwords, Autofill Profiles, Autofill, Extensions, Sessions, Extension settings, History Delete Directives, Device Info, User Consents, Send Tab To Self, Web Apps, History, Saved Tab Group, WebAuthn Credentials, Collection, Edge E Drop, Edge Hub App Usage, Edge Wallet, Encryption Keys, reason: 5, current state: 2
2026-01-12 05:03:12.755: [INFO][Sync] Configure, desired: Bookmarks, Preferences, Passwords, Autofill Profiles, Autofill, Extensions, Sessions, Extension settings, History Delete Directives, Device Info, User Consents, Send Tab To Self, Web Apps, History, Saved Tab Group, WebAuthn Credentials, Collection, Edge E Drop, Edge Hub App Usage, Edge Wallet, Encryption Keys; Allow fail: 
2026-01-12 05:03:12.755: [INFO][Sync] Loading: Passwords
2026-01-12 05:03:12.755: [INFO][Sync] Loading: Autofill Profiles
2026-01-12 05:03:12.755: [INFO][Sync] Loading: Autofill
2026-01-12 05:03:12.755: [INFO][Sync] All data types are ready for configure.
2026-01-12 05:03:12.755: [INFO][SyncManagerImpl::NudgeForInitialDownload] Initial download nudge for Passwords
2026-01-12 05:03:12.755: [INFO][SyncManagerImpl::ConfigureSyncer] Types to download:  with reason: 5
2026-01-12 05:03:12.755: [INFO][SyncEngineBackend::DoFinishConfigureDataTypes] Failed to download types:  and succeeded types: 
2026-01-12 05:03:12.756: [INFO][Sync] ConfigurationDone, failed: , succeeded: , remaining count: 4
2026-01-12 05:03:12.756: [INFO][Sync] Prepare to configure types: Passwords, Encryption Keys
2026-01-12 05:03:12.756: [INFO][SyncManagerImpl::ConfigureSyncer] Types to download: Passwords, Encryption Keys with reason: 5
2026-01-12 05:03:12.756: [INFO][SyncSchedulerImpl::DoConfigurationSyncCycleJob] Blocked types:  and types to download: Passwords, Encryption Keys
2026-01-12 05:03:12.944: [INFO][SyncEngineBackend::DoFinishConfigureDataTypes] Failed to download types:  and succeeded types: Passwords, Encryption Keys
2026-01-12 05:03:12.945: [INFO][Sync] ConfigurationDone, failed: , succeeded: Passwords, Encryption Keys, remaining count: 3
2026-01-12 05:03:12.945: [INFO][SyncManagerImpl::ConfigureSyncer] Types to download:  with reason: 5
2026-01-12 05:03:12.945: [INFO][SyncEngineBackend::DoFinishConfigureDataTypes] Failed to download types:  and succeeded types: 
2026-01-12 05:03:12.945: [INFO][Sync] ConfigurationDone, failed: , succeeded: , remaining count: 2
2026-01-12 05:03:12.945: [INFO][SyncManagerImpl::ConfigureSyncer] Types to download:  with reason: 5
2026-01-12 05:03:12.945: [INFO][SyncEngineBackend::DoFinishConfigureDataTypes] Failed to download types:  and succeeded types: 
2026-01-12 05:03:12.947: [INFO][Sync] ConfigurationDone, failed: , succeeded: , remaining count: 1
2026-01-12 05:03:12.948: [INFO][SyncManagerImpl::ConfigureSyncer] Types to download:  with reason: 5
2026-01-12 05:03:12.948: [INFO][SyncEngineBackend::DoFinishConfigureDataTypes] Failed to download types:  and succeeded types: 
2026-01-12 05:03:12.948: [INFO][Sync] ConfigurationDone, failed: , succeeded: , remaining count: 0
2026-01-12 05:03:12.949: [INFO][Sync]     Configuration completed, state: 7
2026-01-12 05:03:12.949: [INFO][Sync] Configured DataTypeManager: Ok
2026-01-12 05:03:12.950: [INFO][SyncEngineBackend::DoStartSyncing] Start syncing
2026-01-12 05:05:01.932: [INFO][Sync] Reset engine, reason: 0
2026-01-12 05:05:01.932: [INFO][Sync] Reset engine with reason: 0
2026-01-12 05:05:39.898: [INFO][Sync] SyncState after authenticated was: FeatureCanStart
2026-01-12 05:05:44.764: [INFO][Sync] Try to start sync engine
2026-01-12 05:05:44.812: [INFO][SyncManagerImpl::NudgeForInitialDownload] Initial download nudge for Encryption Keys
2026-01-12 05:05:44.812: [INFO][SyncEngineBackend::LoadAndConnectNigoriController] Load and connect Nigori controller
2026-01-12 05:05:44.812: [INFO][SyncEngineBackend::DoInitialize] Control Types added: Encryption Keys
2026-01-12 05:05:44.812: [INFO][SyncManagerImpl::ConfigureSyncer] Types to download: Encryption Keys with reason: 3
2026-01-12 05:05:44.812: [INFO][SyncSchedulerImpl::DoConfigurationSyncCycleJob] Configure job was blocked
2026-01-12 05:05:44.826: [INFO][SyncAuthManager::SetLastAuthError] Current auth error: None
2026-01-12 05:05:44.826: [INFO][SyncAuthManager::EdgeLogTokenErrorState] Token error with: None for account type: MSA
2026-01-12 05:05:44.826: [INFO][Sync] Credentials changed for: EdgeSyncScopeNew
2026-01-12 05:06:10.084: [INFO][SyncAuthManager::EdgeLogTokenErrorState] Token error with: Edge auth error: Exceeded max duration. for account type: MSA
2026-01-12 05:06:10.084: [INFO][Sync] Credentials changed for: EdgeSyncKeyDataScope
2026-01-12 05:06:10.084: [INFO][SyncEngineBackend::DoUpdateCredentials] Update credentials
2026-01-12 05:06:10.084: [INFO][SyncSchedulerImpl::DoConfigurationSyncCycleJob] Blocked types:  and types to download: Encryption Keys
2026-01-12 05:06:10.913: [INFO][SyncAuthManager::SetLastAuthError] Current auth error: None
2026-01-12 05:06:10.913: [INFO][SyncAuthManager::EdgeLogTokenErrorState] Token error with: None for account type: MSA
2026-01-12 05:06:10.913: [INFO][Sync] Credentials changed for: EdgeSyncKeyDataScope
2026-01-12 05:06:12.465: [INFO][SyncEngineBackend::DoUpdateKeyDataCredentials] Update key data credentials
2026-01-12 05:06:12.472: [INFO][Sync] Started DataTypeManager configuration, reason: 4
2026-01-12 05:06:12.472: [INFO][Sync] Configuring for: Bookmarks, Preferences, Passwords, Autofill Profiles, Autofill, Extensions, Sessions, Extension settings, History Delete Directives, Device Info, User Consents, Send Tab To Self, Web Apps, History, Saved Tab Group, WebAuthn Credentials, Collection, Edge E Drop, Edge Hub App Usage, Edge Wallet, Encryption Keys, reason: 4, current state: 0
2026-01-12 05:06:12.472: [WARN][Sync] Crypto error data types: Passwords, Autofill Profiles, Autofill
2026-01-12 05:06:12.472: [INFO][SyncEngineBackend::DoStartConfiguration] Start configuration
2026-01-12 05:06:12.474: [INFO][Sync] Configure, desired: Bookmarks, Preferences, Extensions, Sessions, Extension settings, History Delete Directives, Device Info, User Consents, Send Tab To Self, Web Apps, History, Saved Tab Group, WebAuthn Credentials, Collection, Edge E Drop, Edge Hub App Usage, Edge Wallet, Encryption Keys; Allow fail: Passwords, Autofill Profiles, Autofill
2026-01-12 05:06:12.474: [INFO][Sync] Loading: Bookmarks
2026-01-12 05:06:12.474: [INFO][Sync] Loading: Preferences
2026-01-12 05:06:12.474: [INFO][Sync] Loading: Extensions
2026-01-12 05:06:12.474: [INFO][Sync] Loading: Sessions
2026-01-12 05:06:12.474: [INFO][Sync] Loading: Extension settings
2026-01-12 05:06:12.474: [INFO][Sync] Loading: History Delete Directives
2026-01-12 05:06:12.474: [INFO][Sync] Loading: Device Info
2026-01-12 05:06:12.474: [INFO][Sync] Loading: User Consents
2026-01-12 05:06:12.474: [INFO][Sync] Loading: Send Tab To Self
2026-01-12 05:06:12.474: [INFO][Sync] Loading: Web Apps
2026-01-12 05:06:12.474: [INFO][Sync] Loading: History
2026-01-12 05:06:12.474: [INFO][Sync] Loading: Saved Tab Group
2026-01-12 05:06:12.474: [INFO][Sync] Loading: WebAuthn Credentials
2026-01-12 05:06:12.474: [INFO][Sync] Loading: Collection
2026-01-12 05:06:12.474: [INFO][Sync] Loading: Edge E Drop
2026-01-12 05:06:12.474: [INFO][Sync] Loading: Edge Hub App Usage
2026-01-12 05:06:12.474: [INFO][Sync] Loading: Edge Wallet
2026-01-12 05:06:12.481: [INFO][Sync] All data types are ready for configure.
2026-01-12 05:06:12.482: [INFO][SyncManagerImpl::ConfigureSyncer] Types to download:  with reason: 4
2026-01-12 05:06:12.482: [INFO][SyncEngineBackend::DoFinishConfigureDataTypes] Failed to download types:  and succeeded types: 
2026-01-12 05:06:12.482: [INFO][Sync] ConfigurationDone, failed: , succeeded: , remaining count: 4
2026-01-12 05:06:12.482: [INFO][SyncManagerImpl::ConfigureSyncer] Types to download:  with reason: 4
2026-01-12 05:06:12.482: [INFO][SyncEngineBackend::DoFinishConfigureDataTypes] Failed to download types:  and succeeded types: 
2026-01-12 05:06:12.482: [INFO][Sync] ConfigurationDone, failed: , succeeded: , remaining count: 3
2026-01-12 05:06:12.482: [INFO][SyncManagerImpl::ConfigureSyncer] Types to download:  with reason: 4
2026-01-12 05:06:12.482: [INFO][SyncEngineBackend::DoFinishConfigureDataTypes] Failed to download types:  and succeeded types: 
2026-01-12 05:06:12.482: [INFO][Sync] ConfigurationDone, failed: , succeeded: , remaining count: 2
2026-01-12 05:06:12.482: [INFO][SyncManagerImpl::ConfigureSyncer] Types to download:  with reason: 4
2026-01-12 05:06:12.482: [INFO][SyncEngineBackend::DoFinishConfigureDataTypes] Failed to download types:  and succeeded types: 
2026-01-12 05:06:12.482: [INFO][Sync] ConfigurationDone, failed: , succeeded: , remaining count: 1
2026-01-12 05:06:12.484: [INFO][SyncManagerImpl::ConfigureSyncer] Types to download:  with reason: 4
2026-01-12 05:06:12.484: [INFO][SyncEngineBackend::DoFinishConfigureDataTypes] Failed to download types:  and succeeded types: 
2026-01-12 05:06:12.484: [INFO][Sync] ConfigurationDone, failed: , succeeded: , remaining count: 0
2026-01-12 05:06:12.485: [INFO][Sync]     Configuration completed, state: 3
2026-01-12 05:06:12.486: [INFO][Sync] Configured DataTypeManager: Ok
2026-01-12 05:06:12.488: [INFO][SyncEngineBackend::DoStartSyncing] Start syncing
2026-01-12 05:06:14.010: [INFO][Sync] Started DataTypeManager configuration, reason: 5
2026-01-12 05:06:14.010: [INFO][Sync] Configuring for: Bookmarks, Preferences, Passwords, Autofill Profiles, Autofill, Extensions, Sessions, Extension settings, History Delete Directives, Device Info, User Consents, Send Tab To Self, Web Apps, History, Saved Tab Group, WebAuthn Credentials, Collection, Edge E Drop, Edge Hub App Usage, Edge Wallet, Encryption Keys, reason: 5, current state: 3
2026-01-12 05:06:14.010: [INFO][SyncEngineBackend::DoStartConfiguration] Start configuration
2026-01-12 05:06:14.011: [INFO][Sync] Configure, desired: Bookmarks, Preferences, Passwords, Autofill Profiles, Autofill, Extensions, Sessions, Extension settings, History Delete Directives, Device Info, User Consents, Send Tab To Self, Web Apps, History, Saved Tab Group, WebAuthn Credentials, Collection, Edge E Drop, Edge Hub App Usage, Edge Wallet, Encryption Keys; Allow fail: 
2026-01-12 05:06:14.011: [INFO][Sync] Loading: Passwords
2026-01-12 05:06:14.011: [INFO][Sync] Loading: Autofill Profiles
2026-01-12 05:06:14.011: [INFO][Sync] Loading: Autofill
2026-01-12 05:06:14.013: [INFO][Sync] All data types are ready for configure.
2026-01-12 05:06:14.013: [INFO][SyncManagerImpl::NudgeForInitialDownload] Initial download nudge for Passwords
2026-01-12 05:06:14.013: [INFO][SyncManagerImpl::ConfigureSyncer] Types to download:  with reason: 5
2026-01-12 05:06:14.013: [INFO][SyncEngineBackend::DoFinishConfigureDataTypes] Failed to download types:  and succeeded types: 
2026-01-12 05:06:14.013: [INFO][Sync] ConfigurationDone, failed: , succeeded: , remaining count: 4
2026-01-12 05:06:14.013: [INFO][Sync] Prepare to configure types: Passwords, Encryption Keys
2026-01-12 05:06:14.013: [INFO][SyncManagerImpl::ConfigureSyncer] Types to download: Passwords, Encryption Keys with reason: 5
2026-01-12 05:06:14.013: [INFO][SyncSchedulerImpl::DoConfigurationSyncCycleJob] Blocked types:  and types to download: Passwords, Encryption Keys
2026-01-12 05:06:14.210: [INFO][SyncEngineBackend::DoFinishConfigureDataTypes] Failed to download types:  and succeeded types: Passwords, Encryption Keys
2026-01-12 05:06:14.212: [INFO][Sync] ConfigurationDone, failed: , succeeded: Passwords, Encryption Keys, remaining count: 3
2026-01-12 05:06:14.212: [INFO][SyncManagerImpl::ConfigureSyncer] Types to download:  with reason: 5
2026-01-12 05:06:14.212: [INFO][SyncEngineBackend::DoFinishConfigureDataTypes] Failed to download types:  and succeeded types: 
2026-01-12 05:06:14.215: [INFO][Sync] ConfigurationDone, failed: , succeeded: , remaining count: 2
2026-01-12 05:06:14.215: [INFO][SyncManagerImpl::ConfigureSyncer] Types to download:  with reason: 5
2026-01-12 05:06:14.215: [INFO][SyncEngineBackend::DoFinishConfigureDataTypes] Failed to download types:  and succeeded types: 
2026-01-12 05:06:14.215: [INFO][Sync] ConfigurationDone, failed: , succeeded: , remaining count: 1
2026-01-12 05:06:14.217: [INFO][SyncManagerImpl::ConfigureSyncer] Types to download:  with reason: 5
2026-01-12 05:06:14.217: [INFO][SyncEngineBackend::DoFinishConfigureDataTypes] Failed to download types:  and succeeded types: 
2026-01-12 05:06:14.217: [INFO][Sync] ConfigurationDone, failed: , succeeded: , remaining count: 0
2026-01-12 05:06:14.219: [INFO][Sync]     Configuration completed, state: 3
2026-01-12 05:06:14.219: [INFO][Sync] Configured DataTypeManager: Ok
2026-01-12 05:06:14.221: [INFO][SyncEngineBackend::DoStartSyncing] Start syncing
2026-01-12 05:07:17.767: [INFO][Sync] Reset engine, reason: 0
2026-01-12 05:07:17.767: [INFO][Sync] Reset engine with reason: 0
2026-01-12 05:11:02.101: [INFO][Sync] SyncState after authenticated was: FeatureCanStart
2026-01-12 05:11:03.409: [INFO][SyncAuthManager::SetLastAuthError] Current auth error: None
2026-01-12 05:11:03.410: [INFO][SyncAuthManager::EdgeLogTokenErrorState] Token error with: None for account type: MSA
2026-01-12 05:11:03.410: [INFO][Sync] Credentials changed for: EdgeSyncKeyDataScope
2026-01-12 05:11:06.788: [INFO][Sync] Try to start sync engine
2026-01-12 05:11:06.841: [INFO][SyncManagerImpl::NudgeForInitialDownload] Initial download nudge for Encryption Keys
2026-01-12 05:11:06.841: [INFO][SyncEngineBackend::LoadAndConnectNigoriController] Load and connect Nigori controller
2026-01-12 05:11:06.841: [INFO][SyncEngineBackend::DoInitialize] Control Types added: Encryption Keys
2026-01-12 05:11:06.841: [INFO][SyncManagerImpl::ConfigureSyncer] Types to download: Encryption Keys with reason: 3
2026-01-12 05:11:06.841: [INFO][SyncEngineBackend::DoUpdateKeyDataCredentials] Update key data credentials
2026-01-12 05:11:06.841: [INFO][SyncSchedulerImpl::DoConfigurationSyncCycleJob] Configure job was blocked
2026-01-12 05:11:06.853: [INFO][SyncAuthManager::SetLastAuthError] Current auth error: None
2026-01-12 05:11:06.853: [INFO][SyncAuthManager::EdgeLogTokenErrorState] Token error with: None for account type: MSA
2026-01-12 05:11:06.853: [INFO][Sync] Credentials changed for: EdgeSyncScopeNew
2026-01-12 05:11:06.853: [INFO][SyncEngineBackend::DoUpdateCredentials] Update credentials
2026-01-12 05:11:06.853: [INFO][SyncSchedulerImpl::DoConfigurationSyncCycleJob] Blocked types:  and types to download: Encryption Keys
2026-01-12 05:11:07.263: [INFO][SyncEngineBackend::DoUpdateKeyDataCredentials] Update key data credentials
2026-01-12 05:11:07.266: [INFO][Sync] Started DataTypeManager configuration, reason: 4
2026-01-12 05:11:07.266: [INFO][Sync] Configuring for: Bookmarks, Preferences, Passwords, Autofill Profiles, Autofill, Extensions, Sessions, Extension settings, History Delete Directives, Device Info, User Consents, Send Tab To Self, Web Apps, History, Saved Tab Group, WebAuthn Credentials, Collection, Edge E Drop, Edge Hub App Usage, Edge Wallet, Encryption Keys, reason: 4, current state: 0
2026-01-12 05:11:07.266: [WARN][Sync] Crypto error data types: Passwords, Autofill Profiles, Autofill
2026-01-12 05:11:07.267: [INFO][Sync] Configure, desired: Bookmarks, Preferences, Extensions, Sessions, Extension settings, History Delete Directives, Device Info, User Consents, Send Tab To Self, Web Apps, History, Saved Tab Group, WebAuthn Credentials, Collection, Edge E Drop, Edge Hub App Usage, Edge Wallet, Encryption Keys; Allow fail: Passwords, Autofill Profiles, Autofill
2026-01-12 05:11:07.267: [INFO][Sync] Loading: Bookmarks
2026-01-12 05:11:07.267: [INFO][Sync] Loading: Preferences
2026-01-12 05:11:07.267: [INFO][Sync] Loading: Extensions
2026-01-12 05:11:07.267: [INFO][Sync] Loading: Sessions
2026-01-12 05:11:07.267: [INFO][Sync] Loading: Extension settings
2026-01-12 05:11:07.267: [INFO][Sync] Loading: History Delete Directives
2026-01-12 05:11:07.267: [INFO][Sync] Loading: Device Info
2026-01-12 05:11:07.267: [INFO][Sync] Loading: User Consents
2026-01-12 05:11:07.267: [INFO][Sync] Loading: Send Tab To Self
2026-01-12 05:11:07.267: [INFO][Sync] Loading: Web Apps
2026-01-12 05:11:07.267: [INFO][Sync] Loading: History
2026-01-12 05:11:07.267: [INFO][Sync] Loading: Saved Tab Group
2026-01-12 05:11:07.267: [INFO][Sync] Loading: WebAuthn Credentials
2026-01-12 05:11:07.267: [INFO][Sync] Loading: Collection
2026-01-12 05:11:07.267: [INFO][Sync] Loading: Edge E Drop
2026-01-12 05:11:07.267: [INFO][Sync] Loading: Edge Hub App Usage
2026-01-12 05:11:07.267: [INFO][Sync] Loading: Edge Wallet
2026-01-12 05:11:07.271: [INFO][Sync] All data types are ready for configure.
2026-01-12 05:11:08.121: [INFO][SyncEngineBackend::DoStartConfiguration] Start configuration
2026-01-12 05:11:08.121: [INFO][SyncManagerImpl::ConfigureSyncer] Types to download:  with reason: 4
2026-01-12 05:11:08.121: [INFO][SyncEngineBackend::DoFinishConfigureDataTypes] Failed to download types:  and succeeded types: 
2026-01-12 05:11:08.121: [INFO][Sync] Started DataTypeManager configuration, reason: 5
2026-01-12 05:11:08.121: [INFO][Sync] Configuring for: Bookmarks, Preferences, Passwords, Autofill Profiles, Autofill, Extensions, Sessions, Extension settings, History Delete Directives, Device Info, User Consents, Send Tab To Self, Web Apps, History, Saved Tab Group, WebAuthn Credentials, Collection, Edge E Drop, Edge Hub App Usage, Edge Wallet, Encryption Keys, reason: 5, current state: 1
2026-01-12 05:11:08.122: [INFO][Sync] ConfigurationDone, failed: , succeeded: , remaining count: 4
2026-01-12 05:11:08.122: [WARN][Sync]     Reconfigure requested while configuration ongoing.
2026-01-12 05:11:08.122: [INFO][Sync] Configuring for: Bookmarks, Preferences, Passwords, Autofill Profiles, Autofill, Extensions, Sessions, Extension settings, History Delete Directives, Device Info, User Consents, Send Tab To Self, Web Apps, History, Saved Tab Group, WebAuthn Credentials, Collection, Edge E Drop, Edge Hub App Usage, Edge Wallet, Encryption Keys, reason: 5, current state: 2
2026-01-12 05:11:08.122: [INFO][Sync] Configure, desired: Bookmarks, Preferences, Passwords, Autofill Profiles, Autofill, Extensions, Sessions, Extension settings, History Delete Directives, Device Info, User Consents, Send Tab To Self, Web Apps, History, Saved Tab Group, WebAuthn Credentials, Collection, Edge E Drop, Edge Hub App Usage, Edge Wallet, Encryption Keys; Allow fail: 
2026-01-12 05:11:08.122: [INFO][Sync] Loading: Passwords
2026-01-12 05:11:08.122: [INFO][Sync] Loading: Autofill Profiles
2026-01-12 05:11:08.122: [INFO][Sync] Loading: Autofill
2026-01-12 05:11:08.123: [INFO][Sync] All data types are ready for configure.
2026-01-12 05:11:08.123: [INFO][SyncManagerImpl::NudgeForInitialDownload] Initial download nudge for Passwords
2026-01-12 05:11:08.123: [INFO][SyncManagerImpl::ConfigureSyncer] Types to download:  with reason: 5
2026-01-12 05:11:08.123: [INFO][SyncEngineBackend::DoFinishConfigureDataTypes] Failed to download types:  and succeeded types: 
2026-01-12 05:11:08.123: [INFO][Sync] ConfigurationDone, failed: , succeeded: , remaining count: 4
2026-01-12 05:11:08.123: [INFO][Sync] Prepare to configure types: Passwords, Encryption Keys
2026-01-12 05:11:08.123: [INFO][SyncManagerImpl::ConfigureSyncer] Types to download: Passwords, Encryption Keys with reason: 5
2026-01-12 05:11:08.123: [INFO][SyncSchedulerImpl::DoConfigurationSyncCycleJob] Blocked types:  and types to download: Passwords, Encryption Keys
2026-01-12 05:11:08.318: [INFO][SyncEngineBackend::DoFinishConfigureDataTypes] Failed to download types:  and succeeded types: Passwords, Encryption Keys
2026-01-12 05:11:08.319: [INFO][Sync] ConfigurationDone, failed: , succeeded: Passwords, Encryption Keys, remaining count: 3
2026-01-12 05:11:08.319: [INFO][SyncManagerImpl::ConfigureSyncer] Types to download:  with reason: 5
2026-01-12 05:11:08.319: [INFO][SyncEngineBackend::DoFinishConfigureDataTypes] Failed to download types:  and succeeded types: 
2026-01-12 05:11:08.319: [INFO][Sync] ConfigurationDone, failed: , succeeded: , remaining count: 2
2026-01-12 05:11:08.319: [INFO][SyncManagerImpl::ConfigureSyncer] Types to download:  with reason: 5
2026-01-12 05:11:08.319: [INFO][SyncEngineBackend::DoFinishConfigureDataTypes] Failed to download types:  and succeeded types: 
2026-01-12 05:11:08.321: [INFO][Sync] ConfigurationDone, failed: , succeeded: , remaining count: 1
2026-01-12 05:11:08.322: [INFO][SyncManagerImpl::ConfigureSyncer] Types to download:  with reason: 5
2026-01-12 05:11:08.322: [INFO][SyncEngineBackend::DoFinishConfigureDataTypes] Failed to download types:  and succeeded types: 
2026-01-12 05:11:08.322: [INFO][Sync] ConfigurationDone, failed: , succeeded: , remaining count: 0
2026-01-12 05:11:08.323: [INFO][Sync]     Configuration completed, state: 7
2026-01-12 05:11:08.323: [INFO][Sync] Configured DataTypeManager: Ok
2026-01-12 05:11:08.324: [INFO][SyncEngineBackend::DoStartSyncing] Start syncing
2026-01-12 05:11:51.564: [INFO][Sync] Reset engine, reason: 0
2026-01-12 05:11:51.564: [INFO][Sync] Reset engine with reason: 0
2026-01-12 05:12:19.494: [INFO][Sync] SyncState after authenticated was: FeatureCanStart
2026-01-12 05:12:24.063: [INFO][Sync] Try to start sync engine
2026-01-12 05:12:24.101: [INFO][SyncManagerImpl::NudgeForInitialDownload] Initial download nudge for Encryption Keys
2026-01-12 05:12:24.101: [INFO][SyncEngineBackend::LoadAndConnectNigoriController] Load and connect Nigori controller
2026-01-12 05:12:24.101: [INFO][SyncEngineBackend::DoInitialize] Control Types added: Encryption Keys
2026-01-12 05:12:24.101: [INFO][SyncManagerImpl::ConfigureSyncer] Types to download: Encryption Keys with reason: 3
2026-01-12 05:12:24.101: [INFO][SyncSchedulerImpl::DoConfigurationSyncCycleJob] Configure job was blocked
2026-01-12 05:12:24.114: [INFO][SyncAuthManager::SetLastAuthError] Current auth error: None
2026-01-12 05:12:24.114: [INFO][SyncAuthManager::EdgeLogTokenErrorState] Token error with: None for account type: MSA
2026-01-12 05:12:24.114: [INFO][Sync] Credentials changed for: EdgeSyncScopeNew
2026-01-12 05:12:31.836: [INFO][Sync] Reset engine, reason: 0
2026-01-12 05:12:31.836: [INFO][Sync] Reset engine with reason: 0
2026-01-12 06:49:44.329: [INFO][Sync] SyncState after authenticated was: FeatureCanStart
2026-01-12 06:49:46.299: [INFO][SyncAuthManager::SetLastAuthError] Current auth error: None
2026-01-12 06:49:46.299: [INFO][SyncAuthManager::EdgeLogTokenErrorState] Token error with: None for account type: MSA
2026-01-12 06:49:46.299: [INFO][Sync] Credentials changed for: EdgeSyncKeyDataScope
2026-01-12 06:49:50.443: [INFO][Sync] Try to start sync engine
2026-01-12 06:49:50.503: [INFO][SyncManagerImpl::NudgeForInitialDownload] Initial download nudge for Encryption Keys
2026-01-12 06:49:50.503: [INFO][SyncEngineBackend::LoadAndConnectNigoriController] Load and connect Nigori controller
2026-01-12 06:49:50.503: [INFO][SyncEngineBackend::DoInitialize] Control Types added: Encryption Keys
2026-01-12 06:49:50.503: [INFO][SyncManagerImpl::ConfigureSyncer] Types to download: Encryption Keys with reason: 3
2026-01-12 06:49:50.503: [INFO][SyncEngineBackend::DoUpdateKeyDataCredentials] Update key data credentials
2026-01-12 06:49:50.503: [INFO][SyncSchedulerImpl::DoConfigurationSyncCycleJob] Configure job was blocked
2026-01-12 06:49:50.527: [INFO][SyncAuthManager::SetLastAuthError] Current auth error: None
2026-01-12 06:49:50.527: [INFO][SyncAuthManager::EdgeLogTokenErrorState] Token error with: None for account type: MSA
2026-01-12 06:49:50.527: [INFO][Sync] Credentials changed for: EdgeSyncScopeNew
2026-01-12 06:49:50.527: [INFO][SyncEngineBackend::DoUpdateCredentials] Update credentials
2026-01-12 06:49:50.527: [INFO][SyncEngineBackend::DoUpdateKeyDataCredentials] Update key data credentials
2026-01-12 06:49:50.527: [INFO][SyncSchedulerImpl::DoConfigurationSyncCycleJob] Blocked types:  and types to download: Encryption Keys
2026-01-12 06:49:51.127: [INFO][Sync] Started DataTypeManager configuration, reason: 4
2026-01-12 06:49:51.127: [INFO][Sync] Configuring for: Bookmarks, Preferences, Passwords, Autofill Profiles, Autofill, Extensions, Sessions, Extension settings, History Delete Directives, Device Info, User Consents, Send Tab To Self, Web Apps, History, Saved Tab Group, WebAuthn Credentials, Collection, Edge E Drop, Edge Hub App Usage, Edge Wallet, Encryption Keys, reason: 4, current state: 0
2026-01-12 06:49:51.127: [WARN][Sync] Crypto error data types: Passwords, Autofill Profiles, Autofill
2026-01-12 06:49:51.128: [INFO][Sync] Configure, desired: Bookmarks, Preferences, Extensions, Sessions, Extension settings, History Delete Directives, Device Info, User Consents, Send Tab To Self, Web Apps, History, Saved Tab Group, WebAuthn Credentials, Collection, Edge E Drop, Edge Hub App Usage, Edge Wallet, Encryption Keys; Allow fail: Passwords, Autofill Profiles, Autofill
2026-01-12 06:49:51.128: [INFO][Sync] Loading: Bookmarks
2026-01-12 06:49:51.128: [INFO][Sync] Loading: Preferences
2026-01-12 06:49:51.128: [INFO][Sync] Loading: Extensions
2026-01-12 06:49:51.128: [INFO][Sync] Loading: Sessions
2026-01-12 06:49:51.128: [INFO][Sync] Loading: Extension settings
2026-01-12 06:49:51.128: [INFO][Sync] Loading: History Delete Directives
2026-01-12 06:49:51.128: [INFO][Sync] Loading: Device Info
2026-01-12 06:49:51.128: [INFO][Sync] Loading: User Consents
2026-01-12 06:49:51.128: [INFO][Sync] Loading: Send Tab To Self
2026-01-12 06:49:51.128: [INFO][Sync] Loading: Web Apps
2026-01-12 06:49:51.128: [INFO][Sync] Loading: History
2026-01-12 06:49:51.128: [INFO][Sync] Loading: Saved Tab Group
2026-01-12 06:49:51.128: [INFO][Sync] Loading: WebAuthn Credentials
2026-01-12 06:49:51.128: [INFO][Sync] Loading: Collection
2026-01-12 06:49:51.128: [INFO][Sync] Loading: Edge E Drop
2026-01-12 06:49:51.128: [INFO][Sync] Loading: Edge Hub App Usage
2026-01-12 06:49:51.128: [INFO][Sync] Loading: Edge Wallet
2026-01-12 06:49:51.134: [INFO][Sync] All data types are ready for configure.
2026-01-12 06:49:51.904: [INFO][SyncEngineBackend::DoStartConfiguration] Start configuration
2026-01-12 06:49:51.904: [INFO][SyncManagerImpl::ConfigureSyncer] Types to download:  with reason: 4
2026-01-12 06:49:51.904: [INFO][SyncEngineBackend::DoFinishConfigureDataTypes] Failed to download types:  and succeeded types: 
2026-01-12 06:49:51.906: [INFO][Sync] Started DataTypeManager configuration, reason: 5
2026-01-12 06:49:51.906: [INFO][Sync] Configuring for: Bookmarks, Preferences, Passwords, Autofill Profiles, Autofill, Extensions, Sessions, Extension settings, History Delete Directives, Device Info, User Consents, Send Tab To Self, Web Apps, History, Saved Tab Group, WebAuthn Credentials, Collection, Edge E Drop, Edge Hub App Usage, Edge Wallet, Encryption Keys, reason: 5, current state: 1
2026-01-12 06:49:51.912: [INFO][Sync] ConfigurationDone, failed: , succeeded: , remaining count: 4
2026-01-12 06:49:51.912: [WARN][Sync]     Reconfigure requested while configuration ongoing.
2026-01-12 06:49:51.912: [INFO][Sync] Configuring for: Bookmarks, Preferences, Passwords, Autofill Profiles, Autofill, Extensions, Sessions, Extension settings, History Delete Directives, Device Info, User Consents, Send Tab To Self, Web Apps, History, Saved Tab Group, WebAuthn Credentials, Collection, Edge E Drop, Edge Hub App Usage, Edge Wallet, Encryption Keys, reason: 5, current state: 2
2026-01-12 06:49:51.912: [INFO][Sync] Configure, desired: Bookmarks, Preferences, Passwords, Autofill Profiles, Autofill, Extensions, Sessions, Extension settings, History Delete Directives, Device Info, User Consents, Send Tab To Self, Web Apps, History, Saved Tab Group, WebAuthn Credentials, Collection, Edge E Drop, Edge Hub App Usage, Edge Wallet, Encryption Keys; Allow fail: 
2026-01-12 06:49:51.912: [INFO][Sync] Loading: Passwords
2026-01-12 06:49:51.912: [INFO][Sync] Loading: Autofill Profiles
2026-01-12 06:49:51.912: [INFO][Sync] Loading: Autofill
2026-01-12 06:49:51.913: [INFO][Sync] All data types are ready for configure.
2026-01-12 06:49:51.913: [INFO][SyncManagerImpl::NudgeForInitialDownload] Initial download nudge for Passwords
2026-01-12 06:49:51.913: [INFO][SyncManagerImpl::ConfigureSyncer] Types to download:  with reason: 5
2026-01-12 06:49:51.913: [INFO][SyncEngineBackend::DoFinishConfigureDataTypes] Failed to download types:  and succeeded types: 
2026-01-12 06:49:51.914: [INFO][Sync] ConfigurationDone, failed: , succeeded: , remaining count: 4
2026-01-12 06:49:51.914: [INFO][Sync] Prepare to configure types: Passwords, Encryption Keys
2026-01-12 06:49:51.914: [INFO][SyncManagerImpl::ConfigureSyncer] Types to download: Passwords, Encryption Keys with reason: 5
2026-01-12 06:49:51.914: [INFO][SyncSchedulerImpl::DoConfigurationSyncCycleJob] Blocked types:  and types to download: Passwords, Encryption Keys
2026-01-12 06:49:52.172: [INFO][SyncEngineBackend::DoFinishConfigureDataTypes] Failed to download types:  and succeeded types: Passwords, Encryption Keys
2026-01-12 06:49:52.175: [INFO][Sync] ConfigurationDone, failed: , succeeded: Passwords, Encryption Keys, remaining count: 3
2026-01-12 06:49:52.175: [INFO][SyncManagerImpl::ConfigureSyncer] Types to download:  with reason: 5
2026-01-12 06:49:52.176: [INFO][SyncEngineBackend::DoFinishConfigureDataTypes] Failed to download types:  and succeeded types: 
2026-01-12 06:49:52.176: [INFO][Sync] ConfigurationDone, failed: , succeeded: , remaining count: 2
2026-01-12 06:49:52.176: [INFO][SyncManagerImpl::ConfigureSyncer] Types to download:  with reason: 5
2026-01-12 06:49:52.176: [INFO][SyncEngineBackend::DoFinishConfigureDataTypes] Failed to download types:  and succeeded types: 
2026-01-12 06:49:52.176: [INFO][Sync] ConfigurationDone, failed: , succeeded: , remaining count: 1
2026-01-12 06:49:52.180: [INFO][SyncManagerImpl::ConfigureSyncer] Types to download:  with reason: 5
2026-01-12 06:49:52.180: [INFO][SyncEngineBackend::DoFinishConfigureDataTypes] Failed to download types:  and succeeded types: 
2026-01-12 06:49:52.180: [INFO][Sync] ConfigurationDone, failed: , succeeded: , remaining count: 0
2026-01-12 06:49:52.184: [INFO][Sync]     Configuration completed, state: 7
2026-01-12 06:49:52.184: [INFO][Sync] Configured DataTypeManager: Ok
2026-01-12 06:49:52.188: [INFO][SyncEngineBackend::DoStartSyncing] Start syncing
2026-01-12 06:51:47.186: [INFO][Sync] Reset engine, reason: 0
2026-01-12 06:51:47.186: [INFO][Sync] Reset engine with reason: 0
