# Blender v3.3.20 OBJ File: 'test12.blend'
# www.blender.org
v 0.029765 0.641790 0.008132
v 0.029765 0.636290 0.008132
v 0.025943 0.636290 0.008062
v 0.025943 0.641790 0.008062
v 0.022181 0.636290 0.008739
v 0.027658 0.636290 0.009501
v 0.031278 0.636290 0.009901
v 0.033500 0.641790 0.008946
v 0.033500 0.636290 0.008946
v 0.033039 0.636290 0.010373
v 0.022181 0.641790 0.008739
v 0.018623 0.636290 0.010138
v 0.024031 0.636290 0.009837
v 0.037005 0.641790 0.010473
v 0.037005 0.636290 0.010473
v 0.034743 0.636290 0.011022
v 0.031278 0.656290 0.009901
v 0.027658 0.656290 0.009501
v 0.020547 0.636290 0.010897
v 0.024031 0.656290 0.009837
v 0.033039 0.656290 0.010373
v 0.018623 0.641790 0.010138
v 0.015407 0.636290 0.012203
v 0.034743 0.656290 0.011022
v 0.040144 0.641790 0.012655
v 0.040144 0.636290 0.012655
v 0.037912 0.636290 0.012817
v 0.017347 0.636290 0.012637
v 0.020547 0.656290 0.010897
v 0.037912 0.656290 0.012817
v 0.015407 0.641790 0.012203
v 0.012655 0.636290 0.014856
v 0.014563 0.636290 0.014985
v 0.017347 0.656290 0.012637
v 0.042797 0.641790 0.015407
v 0.042797 0.636290 0.015407
v 0.040654 0.636290 0.015213
v 0.040654 0.656290 0.015213
v 0.012655 0.641790 0.014856
v 0.010473 0.636290 0.017995
v 0.012308 0.636290 0.017845
v 0.014563 0.656290 0.014985
v 0.042858 0.636290 0.018113
v 0.042858 0.656290 0.018113
v 0.044862 0.641790 0.018623
v 0.044862 0.636290 0.018623
v 0.010676 0.636290 0.021101
v 0.008946 0.636290 0.021500
v 0.012308 0.656290 0.017845
v 0.010473 0.641790 0.017995
v 0.044434 0.636290 0.021397
v 0.044434 0.656290 0.021397
v 0.046261 0.641790 0.022181
v 0.046261 0.636290 0.022181
v 0.009732 0.636290 0.024619
v 0.008132 0.636290 0.025235
v 0.010676 0.656290 0.021101
v 0.045316 0.636290 0.024930
v 0.045316 0.656290 0.024930
v 0.008946 0.641790 0.021500
v 0.046938 0.641790 0.025943
v 0.046938 0.636290 0.025943
v 0.009516 0.636290 0.028254
v 0.008062 0.636290 0.029057
v 0.009732 0.656290 0.024619
v 0.045468 0.636290 0.028569
v 0.045468 0.656290 0.028569
v 0.008132 0.641790 0.025235
v 0.046868 0.641790 0.029765
v 0.046868 0.636290 0.029765
v 0.010036 0.636290 0.031859
v 0.008739 0.636290 0.032819
v 0.009516 0.656290 0.028254
v 0.044885 0.636290 0.032164
v 0.044885 0.656290 0.032164
v 0.008062 0.641790 0.029057
v 0.046054 0.641790 0.033500
v 0.046054 0.636290 0.033500
v 0.011271 0.636290 0.035285
v 0.010138 0.636290 0.036377
v 0.010036 0.656290 0.031859
v 0.043590 0.636290 0.035568
v 0.043590 0.656290 0.035568
v 0.008739 0.641790 0.032819
v 0.044527 0.641790 0.037005
v 0.044527 0.636290 0.037005
v 0.013170 0.636290 0.038393
v 0.012203 0.636290 0.039593
v 0.011271 0.656290 0.035285
v 0.041637 0.636290 0.038642
v 0.041637 0.656290 0.038642
v 0.010138 0.641790 0.036377
v 0.042345 0.641790 0.040144
v 0.042345 0.636290 0.040144
v 0.015656 0.636290 0.041054
v 0.014856 0.636290 0.042345
v 0.013170 0.656290 0.038393
v 0.039105 0.636290 0.041260
v 0.039105 0.656290 0.041260
v 0.012203 0.641790 0.039593
v 0.039593 0.641790 0.042797
v 0.039593 0.636290 0.042797
v 0.018627 0.636290 0.043161
v 0.017995 0.636290 0.044527
v 0.015656 0.656290 0.041054
v 0.036097 0.636290 0.043314
v 0.036097 0.656290 0.043314
v 0.014856 0.641790 0.042345
v 0.036377 0.641790 0.044862
v 0.036377 0.636290 0.044862
v 0.021961 0.636290 0.044627
v 0.021500 0.636290 0.046054
v 0.018627 0.656290 0.043161
v 0.032738 0.636290 0.044721
v 0.032738 0.656290 0.044721
v 0.017995 0.641790 0.044527
v 0.025522 0.636290 0.045391
v 0.025235 0.636290 0.046868
v 0.021961 0.656290 0.044627
v 0.032819 0.636290 0.046261
v 0.029164 0.636290 0.045423
v 0.029164 0.656290 0.045423
v 0.032819 0.641790 0.046261
v 0.029057 0.636290 0.046938
v 0.025522 0.656290 0.045391
v 0.021500 0.641790 0.046054
v 0.029057 0.641790 0.046938
v 0.025235 0.641790 0.046868
v 0.030276 0.643790 0.005928
v 0.030276 0.641790 0.005928
v 0.026265 0.641790 0.005785
v 0.026265 0.643790 0.005785
v 0.022296 0.641790 0.006382
v 0.034193 0.643790 0.006805
v 0.034193 0.641790 0.006805
v 0.022296 0.643790 0.006382
v 0.018504 0.641790 0.007698
v 0.037881 0.643790 0.008387
v 0.037881 0.641790 0.008387
v 0.018504 0.643790 0.007698
v 0.015018 0.641790 0.009688
v 0.041216 0.643790 0.010620
v 0.041216 0.641790 0.010620
v 0.015018 0.643790 0.009688
v 0.011958 0.641790 0.012285
v 0.044085 0.643790 0.013428
v 0.044085 0.641790 0.013428
v 0.011958 0.643790 0.012285
v 0.009427 0.641790 0.015400
v 0.046388 0.643790 0.016715
v 0.046388 0.641790 0.016715
v 0.009427 0.643790 0.015400
v 0.007511 0.641790 0.018927
v 0.048048 0.643790 0.020369
v 0.048048 0.641790 0.020369
v 0.007511 0.643790 0.018927
v 0.006276 0.641790 0.022745
v 0.049008 0.643790 0.024267
v 0.049008 0.641790 0.024267
v 0.005764 0.641790 0.026726
v 0.006276 0.643790 0.022745
v 0.049236 0.643790 0.028274
v 0.049236 0.641790 0.028274
v 0.005992 0.641790 0.030733
v 0.005764 0.643790 0.026726
v 0.048724 0.643790 0.032255
v 0.048724 0.641790 0.032255
v 0.006952 0.641790 0.034631
v 0.005992 0.643790 0.030733
v 0.047489 0.643790 0.036073
v 0.047489 0.641790 0.036073
v 0.008612 0.641790 0.038285
v 0.006952 0.643790 0.034631
v 0.045573 0.643790 0.039600
v 0.045573 0.641790 0.039600
v 0.010915 0.641790 0.041572
v 0.008612 0.643790 0.038285
v 0.013784 0.641790 0.044380
v 0.043042 0.643790 0.042715
v 0.043042 0.641790 0.042715
v 0.010915 0.643790 0.041572
v 0.017119 0.641790 0.046613
v 0.039982 0.643790 0.045312
v 0.039982 0.641790 0.045312
v 0.013784 0.643790 0.044380
v 0.020807 0.641790 0.048195
v 0.036496 0.641790 0.047302
v 0.036496 0.643790 0.047302
v 0.024724 0.641790 0.049072
v 0.032704 0.641790 0.048618
v 0.017119 0.643790 0.046613
v 0.028735 0.641790 0.049215
v 0.032704 0.643790 0.048618
v 0.020807 0.643790 0.048195
v 0.028735 0.643790 0.049215
v 0.024724 0.643790 0.049072
v 0.025943 0.643790 0.008062
v 0.022181 0.643790 0.008739
v 0.029765 0.643790 0.008132
v 0.018623 0.643790 0.010138
v 0.033500 0.643790 0.008946
v 0.015407 0.643790 0.012203
v 0.029765 0.648290 0.008132
v 0.025943 0.648290 0.008062
v 0.033500 0.648290 0.008946
v 0.037005 0.643790 0.010473
v 0.022181 0.648290 0.008739
v 0.037005 0.648290 0.010473
v 0.012655 0.643790 0.014856
v 0.018623 0.648290 0.010138
v 0.040144 0.648290 0.012655
v 0.040144 0.643790 0.012655
v 0.015407 0.648290 0.012203
v 0.010473 0.643790 0.017995
v 0.042797 0.648290 0.015407
v 0.042797 0.643790 0.015407
v 0.012655 0.648290 0.014856
v 0.008946 0.643790 0.021500
v 0.044862 0.648290 0.018623
v 0.044862 0.643790 0.018623
v 0.010473 0.648290 0.017995
v 0.046261 0.648290 0.022181
v 0.046261 0.643790 0.022181
v 0.008946 0.648290 0.021500
v 0.008132 0.643790 0.025235
v 0.046938 0.648290 0.025943
v 0.046938 0.643790 0.025943
v 0.008132 0.648290 0.025235
v 0.008062 0.643790 0.029057
v 0.046868 0.648290 0.029765
v 0.046868 0.643790 0.029765
v 0.008062 0.648290 0.029057
v 0.008739 0.643790 0.032819
v 0.046054 0.648290 0.033500
v 0.046054 0.643790 0.033500
v 0.008739 0.648290 0.032819
v 0.010138 0.643790 0.036377
v 0.044527 0.648290 0.037005
v 0.044527 0.643790 0.037005
v 0.010138 0.648290 0.036377
v 0.012203 0.643790 0.039593
v 0.042345 0.648290 0.040144
v 0.042345 0.643790 0.040144
v 0.012203 0.648290 0.039593
v 0.014856 0.643790 0.042345
v 0.039593 0.648290 0.042797
v 0.039593 0.643790 0.042797
v 0.014856 0.648290 0.042345
v 0.017995 0.643790 0.044527
v 0.036377 0.648290 0.044862
v 0.036377 0.643790 0.044862
v 0.017995 0.648290 0.044527
v 0.021500 0.643790 0.046054
v 0.032819 0.648290 0.046261
v 0.032819 0.643790 0.046261
v 0.021500 0.648290 0.046054
v 0.025235 0.643790 0.046868
v 0.029057 0.648290 0.046938
v 0.029057 0.643790 0.046938
v 0.025235 0.648290 0.046868
v 0.022296 0.648290 0.006382
v 0.026265 0.650290 0.005785
v 0.026265 0.648290 0.005785
v 0.030276 0.650290 0.005928
v 0.030276 0.648290 0.005928
v 0.034193 0.650290 0.006805
v 0.034193 0.648290 0.006805
v 0.018504 0.648290 0.007698
v 0.022296 0.650290 0.006382
v 0.037881 0.650290 0.008387
v 0.037881 0.648290 0.008387
v 0.015018 0.648290 0.009688
v 0.018504 0.650290 0.007698
v 0.041216 0.650290 0.010620
v 0.041216 0.648290 0.010620
v 0.011958 0.648290 0.012285
v 0.015018 0.650290 0.009688
v 0.044085 0.650290 0.013428
v 0.044085 0.648290 0.013428
v 0.009427 0.648290 0.015400
v 0.011958 0.650290 0.012285
v 0.046388 0.650290 0.016715
v 0.046388 0.648290 0.016715
v 0.007511 0.648290 0.018927
v 0.009427 0.650290 0.015400
v 0.048048 0.650290 0.020369
v 0.048048 0.648290 0.020369
v 0.006276 0.648290 0.022745
v 0.007511 0.650290 0.018927
v 0.049008 0.650290 0.024267
v 0.049008 0.648290 0.024267
v 0.005764 0.648290 0.026726
v 0.006276 0.650290 0.022745
v 0.049236 0.650290 0.028274
v 0.049236 0.648290 0.028274
v 0.005992 0.648290 0.030733
v 0.005764 0.650290 0.026726
v 0.048724 0.650290 0.032255
v 0.048724 0.648290 0.032255
v 0.006952 0.648290 0.034631
v 0.005992 0.650290 0.030733
v 0.047489 0.650290 0.036073
v 0.047489 0.648290 0.036073
v 0.008612 0.648290 0.038285
v 0.006952 0.650290 0.034631
v 0.045573 0.650290 0.039600
v 0.045573 0.648290 0.039600
v 0.010915 0.648290 0.041572
v 0.008612 0.650290 0.038285
v 0.013784 0.648290 0.044380
v 0.043042 0.650290 0.042715
v 0.043042 0.648290 0.042715
v 0.010915 0.650290 0.041572
v 0.017119 0.648290 0.046613
v 0.039982 0.650290 0.045312
v 0.039982 0.648290 0.045312
v 0.013784 0.650290 0.044380
v 0.020807 0.648290 0.048195
v 0.036496 0.648290 0.047302
v 0.036496 0.650290 0.047302
v 0.024724 0.648290 0.049072
v 0.032704 0.648290 0.048618
v 0.017119 0.650290 0.046613
v 0.028735 0.648290 0.049215
v 0.032704 0.650290 0.048618
v 0.020807 0.650290 0.048195
v 0.028735 0.650290 0.049215
v 0.024724 0.650290 0.049072
v 0.025943 0.650290 0.008062
v 0.022181 0.650290 0.008739
v 0.029765 0.650290 0.008132
v 0.018623 0.650290 0.010138
v 0.033500 0.650290 0.008946
v 0.015407 0.650290 0.012203
v 0.029765 0.656290 0.008132
v 0.025943 0.656290 0.008062
v 0.033500 0.656290 0.008946
v 0.037005 0.650290 0.010473
v 0.022181 0.656290 0.008739
v 0.037005 0.656290 0.010473
v 0.012655 0.650290 0.014856
v 0.018623 0.656290 0.010138
v 0.040144 0.656290 0.012655
v 0.040144 0.650290 0.012655
v 0.015407 0.656290 0.012203
v 0.010473 0.650290 0.017995
v 0.042797 0.656290 0.015407
v 0.042797 0.650290 0.015407
v 0.012655 0.656290 0.014856
v 0.008946 0.650290 0.021500
v 0.044862 0.656290 0.018623
v 0.044862 0.650290 0.018623
v 0.010473 0.656290 0.017995
v 0.046261 0.656290 0.022181
v 0.046261 0.650290 0.022181
v 0.008946 0.656290 0.021500
v 0.008132 0.650290 0.025235
v 0.046938 0.656290 0.025943
v 0.046938 0.650290 0.025943
v 0.008132 0.656290 0.025235
v 0.008062 0.650290 0.029057
v 0.046868 0.656290 0.029765
v 0.046868 0.650290 0.029765
v 0.008062 0.656290 0.029057
v 0.008739 0.650290 0.032819
v 0.046054 0.656290 0.033500
v 0.046054 0.650290 0.033500
v 0.008739 0.656290 0.032819
v 0.010138 0.650290 0.036377
v 0.044527 0.656290 0.037005
v 0.044527 0.650290 0.037005
v 0.010138 0.656290 0.036377
v 0.012203 0.650290 0.039593
v 0.042345 0.656290 0.040144
v 0.042345 0.650290 0.040144
v 0.012203 0.656290 0.039593
v 0.014856 0.650290 0.042345
v 0.039593 0.656290 0.042797
v 0.039593 0.650290 0.042797
v 0.014856 0.656290 0.042345
v 0.017995 0.650290 0.044527
v 0.036377 0.656290 0.044862
v 0.036377 0.650290 0.044862
v 0.017995 0.656290 0.044527
v 0.021500 0.650290 0.046054
v 0.032819 0.656290 0.046261
v 0.032819 0.650290 0.046261
v 0.021500 0.656290 0.046054
v 0.025235 0.650290 0.046868
v 0.029057 0.656290 0.046938
v 0.029057 0.650290 0.046938
v 0.025235 0.656290 0.046868
v 0.022488 0.656290 0.000460
v 0.027007 0.659290 0.000004
v 0.027007 0.656290 0.000004
v 0.031540 0.659290 0.000298
v 0.031540 0.656290 0.000298
v 0.035962 0.659290 0.001334
v 0.035962 0.656290 0.001334
v 0.018106 0.656290 0.001654
v 0.022488 0.659290 0.000460
v 0.040153 0.659290 0.003084
v 0.040153 0.656290 0.003084
v 0.013980 0.656290 0.003553
v 0.018106 0.659290 0.001654
v 0.043999 0.659290 0.005500
v 0.043999 0.656290 0.005500
v 0.010223 0.656290 0.006105
v 0.013980 0.659290 0.003553
v 0.047396 0.659290 0.008515
v 0.047396 0.656290 0.008515
v 0.006937 0.656290 0.009240
v 0.010223 0.659290 0.006105
v 0.050249 0.659290 0.012049
v 0.050249 0.656290 0.012049
v 0.004212 0.656290 0.012874
v 0.006937 0.659290 0.009240
v 0.027500 0.656290 0.027500
v 0.052482 0.659290 0.016004
v 0.052482 0.656290 0.016004
v 0.002122 0.656290 0.016906
v 0.004212 0.659290 0.012874
v 0.054033 0.659290 0.020273
v 0.054033 0.656290 0.020273
v 0.000725 0.656290 0.021228
v 0.002122 0.659290 0.016906
v 0.054861 0.659290 0.024739
v 0.054861 0.656290 0.024739
v 0.000058 0.656290 0.025720
v 0.000725 0.659290 0.021228
v 0.054942 0.659290 0.029280
v 0.054942 0.656290 0.029280
v 0.000139 0.656290 0.030262
v 0.000058 0.659290 0.025720
v 0.000967 0.656290 0.034727
v 0.054275 0.659290 0.033772
v 0.054275 0.656290 0.033772
v 0.000139 0.659290 0.030262
v 0.002518 0.656290 0.038996
v 0.052878 0.656290 0.038094
v 0.052878 0.659290 0.038094
v 0.000967 0.659290 0.034727
v 0.004751 0.656290 0.042951
v 0.050788 0.656290 0.042126
v 0.050788 0.659290 0.042126
v 0.002518 0.659290 0.038996
v 0.007604 0.656290 0.046485
v 0.048063 0.656290 0.045760
v 0.048063 0.659290 0.045760
v 0.014847 0.656290 0.051916
v 0.011001 0.656290 0.049500
v 0.044777 0.656290 0.048895
v 0.004751 0.659290 0.042951
v 0.019038 0.656290 0.053666
v 0.041020 0.656290 0.051447
v 0.044777 0.659290 0.048895
v 0.023460 0.656290 0.054702
v 0.032512 0.656290 0.054540
v 0.036894 0.656290 0.053346
v 0.007604 0.659290 0.046485
v 0.027993 0.656290 0.054996
v 0.041020 0.659290 0.051447
v 0.011001 0.659290 0.049500
v 0.036894 0.659290 0.053346
v 0.014847 0.659290 0.051916
v 0.032512 0.659290 0.054540
v 0.019038 0.659290 0.053666
v 0.027993 0.659290 0.054996
v 0.023460 0.659290 0.054702
v 0.027500 0.659290 0.027500
v 0.026740 0.689290 0.022558
v 0.027342 0.689712 0.023153
v 0.027319 0.689290 0.022503
v 0.027500 0.689290 0.027500
v 0.026171 0.689290 0.022680
v 0.026839 0.689712 0.023201
v 0.027367 0.690089 0.023829
v 0.026942 0.690089 0.023870
v 0.026344 0.689712 0.023307
v 0.025621 0.689290 0.022867
v 0.026524 0.690089 0.023959
v 0.025865 0.689712 0.023469
v 0.025095 0.689290 0.023116
v 0.026119 0.690089 0.024096
v 0.025408 0.689712 0.023686
v 0.024603 0.689290 0.023425
v 0.025733 0.690089 0.024280
v 0.024979 0.689712 0.023955
v 0.024149 0.689290 0.023789
v 0.025372 0.690089 0.024506
v 0.024585 0.689712 0.024271
v 0.023741 0.689290 0.024203
v 0.025038 0.690089 0.024774
v 0.024230 0.689712 0.024632
v 0.023384 0.689290 0.024662
v 0.024739 0.690089 0.025078
v 0.023919 0.689712 0.025031
v 0.023082 0.689290 0.025159
v 0.024476 0.690089 0.025415
v 0.023657 0.689712 0.025463
v 0.022840 0.689290 0.025687
v 0.023446 0.689712 0.025923
v 0.024254 0.690089 0.025780
v 0.024077 0.690089 0.026168
v 0.025052 0.690421 0.025812
v 0.024873 0.690421 0.026108
v 0.024729 0.690421 0.026422
v 0.025646 0.690706 0.026221
v 0.025510 0.690706 0.026445
v 0.025401 0.690706 0.026683
v 0.026253 0.690942 0.026640
v 0.026162 0.690942 0.026791
v 0.026088 0.690942 0.026951
v 0.026872 0.691129 0.027067
v 0.026826 0.691129 0.027143
v 0.026789 0.691129 0.027224
v 0.027500 0.691266 0.027500
v 0.026854 0.691129 0.027905
v 0.027104 0.691129 0.028152
v 0.027439 0.691129 0.028260
v 0.027297 0.691129 0.026765
v 0.026989 0.691129 0.026934
v 0.026741 0.691129 0.027572
v 0.028073 0.691129 0.028003
v 0.027787 0.691129 0.028207
v 0.027817 0.691129 0.026807
v 0.028095 0.691129 0.027023
v 0.028246 0.691129 0.027340
v 0.028238 0.691129 0.027692
v 0.026905 0.691129 0.027977
v 0.027183 0.691129 0.028193
v 0.027213 0.691129 0.026793
v 0.026927 0.691129 0.026997
v 0.026762 0.691129 0.027308
v 0.026754 0.691129 0.027660
v 0.028011 0.691129 0.028066
v 0.027703 0.691129 0.028235
v 0.027472 0.691129 0.026738
v 0.027896 0.691129 0.026848
v 0.028146 0.691129 0.027095
v 0.028259 0.691129 0.027428
v 0.028211 0.691129 0.027776
v 0.026965 0.691129 0.028043
v 0.027265 0.691129 0.028226
v 0.027561 0.691129 0.026740
v 0.027133 0.691129 0.026831
v 0.026745 0.691129 0.027395
v 0.026778 0.691129 0.027745
v 0.027942 0.691129 0.028122
v 0.027616 0.691129 0.028254
v 0.027649 0.691129 0.026752
v 0.027969 0.691129 0.026898
v 0.028189 0.691129 0.027173
v 0.028262 0.691129 0.027517
v 0.028174 0.691129 0.027857
v 0.027031 0.691129 0.028102
v 0.027351 0.691129 0.028248
v 0.027384 0.691129 0.026746
v 0.027058 0.691129 0.026878
v 0.026738 0.691129 0.027483
v 0.026811 0.691129 0.027827
v 0.027867 0.691129 0.028169
v 0.027528 0.691129 0.028262
v 0.027735 0.691129 0.026774
v 0.028035 0.691129 0.026957
v 0.028222 0.691129 0.027255
v 0.028255 0.691129 0.027605
v 0.028128 0.691129 0.027933
v 0.028747 0.690942 0.028360
v 0.028838 0.690942 0.028209
v 0.029490 0.690706 0.028555
v 0.028912 0.690942 0.028049
v 0.029599 0.690706 0.028317
v 0.030271 0.690421 0.028578
v 0.029680 0.690706 0.028067
v 0.030377 0.690421 0.028249
v 0.031055 0.690089 0.028425
v 0.030445 0.690421 0.027910
v 0.031138 0.690089 0.028006
v 0.031808 0.689712 0.028099
v 0.031849 0.689712 0.027595
v 0.031172 0.690089 0.027580
v 0.031830 0.689712 0.027090
v 0.031157 0.690089 0.027154
v 0.030472 0.690421 0.027565
v 0.030460 0.690421 0.027220
v 0.029752 0.690706 0.027549
v 0.029731 0.690706 0.027810
v 0.029000 0.690942 0.027709
v 0.028966 0.690942 0.027881
v 0.029014 0.690942 0.027533
v 0.029008 0.690942 0.027357
v 0.029742 0.690706 0.027288
v 0.029703 0.690706 0.027029
v 0.030407 0.690421 0.026878
v 0.031092 0.690089 0.026731
v 0.030315 0.690421 0.026545
v 0.030978 0.690089 0.026320
v 0.031619 0.689712 0.026102
v 0.031429 0.689712 0.025633
v 0.030818 0.690089 0.025924
v 0.031186 0.689712 0.025190
v 0.030612 0.690089 0.025549
v 0.030185 0.690421 0.026224
v 0.030019 0.690421 0.025921
v 0.029534 0.690706 0.026533
v 0.029633 0.690706 0.026776
v 0.028934 0.690942 0.027013
v 0.028981 0.690942 0.027183
v 0.028868 0.690942 0.026850
v 0.028783 0.690942 0.026696
v 0.029409 0.690706 0.026304
v 0.029257 0.690706 0.026090
v 0.029819 0.690421 0.025639
v 0.030365 0.690089 0.025201
v 0.029587 0.690421 0.025383
v 0.030079 0.690089 0.024884
v 0.030554 0.689712 0.024402
v 0.030173 0.689712 0.024069
v 0.029757 0.690089 0.024602
v 0.029757 0.689712 0.023781
v 0.029406 0.690089 0.024360
v 0.029327 0.690421 0.025155
v 0.029043 0.690421 0.024958
v 0.028884 0.690706 0.025723
v 0.029081 0.690706 0.025896
v 0.028563 0.690942 0.026421
v 0.028681 0.690942 0.026552
v 0.028431 0.690942 0.026305
v 0.028286 0.690942 0.026205
v 0.028669 0.690706 0.025574
v 0.028437 0.690706 0.025452
v 0.028737 0.690421 0.024797
v 0.029028 0.690089 0.024160
v 0.028415 0.690421 0.024671
v 0.028630 0.690089 0.024005
v 0.028838 0.689712 0.023361
v 0.028349 0.689712 0.023234
v 0.028217 0.690089 0.023897
v 0.027848 0.689712 0.023164
v 0.027794 0.690089 0.023839
v 0.028080 0.690421 0.024584
v 0.027738 0.690421 0.024537
v 0.027940 0.690706 0.025291
v 0.028193 0.690706 0.025357
v 0.027966 0.690942 0.026059
v 0.028130 0.690942 0.026123
v 0.027796 0.690942 0.026015
v 0.027680 0.690706 0.025255
v 0.027621 0.690942 0.025990
v 0.027445 0.690942 0.025986
v 0.027418 0.690706 0.025249
v 0.027392 0.690421 0.024529
v 0.027048 0.690421 0.024562
v 0.027158 0.690706 0.025274
v 0.026901 0.690706 0.025329
v 0.027270 0.690942 0.026003
v 0.026710 0.690421 0.024634
v 0.026382 0.690421 0.024745
v 0.026070 0.690421 0.024893
v 0.026653 0.690706 0.025413
v 0.026417 0.690706 0.025525
v 0.027097 0.690942 0.026040
v 0.026931 0.690942 0.026097
v 0.026772 0.690942 0.026172
v 0.026195 0.690706 0.025664
v 0.026622 0.690942 0.026266
v 0.026485 0.690942 0.026376
v 0.025991 0.690706 0.025828
v 0.025265 0.690421 0.025540
v 0.025807 0.690706 0.026015
v 0.025508 0.690421 0.025293
v 0.025777 0.690421 0.025077
v 0.026361 0.690942 0.026501
v 0.027900 0.689290 0.022516
v 0.028476 0.689290 0.022596
v 0.029039 0.689290 0.022743
v 0.028620 0.686152 0.019282
v 0.029559 0.687747 0.021134
v 0.029910 0.689290 0.023187
v 0.029310 0.689712 0.023545
v 0.029580 0.689290 0.022953
v 0.028072 0.689290 0.022593
v 0.027475 0.689290 0.022500
v 0.022747 0.689290 0.025947
v 0.022742 0.689290 0.025961
v 0.022592 0.689290 0.026928
v 0.022741 0.689290 0.025966
v 0.022561 0.689290 0.027892
v 0.022720 0.689290 0.028859
v 0.023099 0.689290 0.029750
v 0.022757 0.689290 0.029081
v 0.023441 0.689290 0.030420
v 0.031274 0.689290 0.030709
v 0.024290 0.689290 0.031274
v 0.023600 0.689290 0.030579
v 0.030580 0.689290 0.031401
v 0.030430 0.689290 0.031552
v 0.025090 0.689290 0.031813
v 0.024554 0.689290 0.031540
v 0.029749 0.689290 0.031899
v 0.026928 0.689290 0.032409
v 0.027892 0.689290 0.032438
v 0.027511 0.689290 0.032500
v 0.023186 0.689290 0.025089
v 0.028859 0.689290 0.032281
v 0.029069 0.689290 0.032247
v 0.029338 0.686152 0.035357
v 0.029868 0.682815 0.038233
v 0.030739 0.686152 0.034719
v 0.027895 0.682815 0.038715
v 0.027866 0.686152 0.035696
v 0.025907 0.682815 0.038765
v 0.026380 0.686152 0.035718
v 0.024932 0.682815 0.038627
v 0.024938 0.686152 0.035423
v 0.023067 0.682815 0.038023
v 0.025961 0.689290 0.032257
v 0.023982 0.682815 0.038379
v 0.023596 0.686152 0.034818
v 0.022195 0.682815 0.037565
v 0.022404 0.686152 0.033929
v 0.020613 0.682815 0.036360
v 0.018017 0.679291 0.037674
v 0.018885 0.679291 0.038592
v 0.019837 0.679291 0.039404
v 0.019296 0.682815 0.034814
v 0.018293 0.682815 0.032990
v 0.021409 0.686152 0.032793
v 0.016561 0.679291 0.035555
v 0.017240 0.679291 0.036658
v 0.014424 0.675593 0.037008
v 0.015243 0.675593 0.038318
v 0.012344 0.671732 0.038285
v 0.013308 0.671732 0.039789
v 0.016179 0.675593 0.039526
v 0.014407 0.671732 0.041177
v 0.017224 0.675593 0.040619
v 0.018369 0.675593 0.041585
v 0.015632 0.671732 0.042434
v 0.012702 0.667719 0.042619
v 0.014111 0.667719 0.044029
v 0.016972 0.671732 0.043546
v 0.019601 0.675593 0.042415
v 0.018413 0.671732 0.044502
v 0.015649 0.667719 0.045278
v 0.012662 0.663568 0.045398
v 0.014402 0.663568 0.046775
v 0.017302 0.667719 0.046356
v 0.016268 0.663568 0.047967
v 0.019943 0.671732 0.045294
v 0.019052 0.667719 0.047251
v 0.018242 0.663568 0.048961
v 0.020885 0.667719 0.047954
v 0.021545 0.671732 0.045913
v 0.023708 0.675593 0.044004
v 0.023207 0.671732 0.046350
v 0.022283 0.675593 0.043631
v 0.023096 0.679291 0.041117
v 0.024284 0.679291 0.041427
v 0.020910 0.675593 0.043099
v 0.021952 0.679291 0.040673
v 0.020862 0.679291 0.040100
v 0.025503 0.679291 0.041600
v 0.025170 0.675593 0.044215
v 0.026742 0.679291 0.041637
v 0.026655 0.675593 0.044265
v 0.027988 0.679291 0.041536
v 0.028148 0.675593 0.044152
v 0.029230 0.679291 0.041300
v 0.029635 0.675593 0.043878
v 0.030455 0.679291 0.040931
v 0.031101 0.675593 0.043447
v 0.031651 0.679291 0.040435
v 0.031749 0.682815 0.037342
v 0.032533 0.675593 0.042864
v 0.032807 0.679291 0.039815
v 0.033915 0.675593 0.042134
v 0.033911 0.679291 0.039078
v 0.035235 0.675593 0.041264
v 0.034953 0.679291 0.038230
v 0.033465 0.682815 0.036076
v 0.035923 0.679291 0.037280
v 0.034951 0.682815 0.034485
v 0.033117 0.686152 0.032652
v 0.032015 0.686152 0.033805
v 0.031547 0.689290 0.030436
v 0.034001 0.686152 0.031302
v 0.036149 0.682815 0.032628
v 0.034636 0.686152 0.029808
v 0.031814 0.689290 0.029911
v 0.032258 0.689290 0.029038
v 0.032257 0.689290 0.029040
v 0.030709 0.689290 0.023726
v 0.032596 0.686152 0.021071
v 0.032281 0.689290 0.026141
v 0.033591 0.686152 0.022207
v 0.032408 0.689290 0.028072
v 0.030442 0.689290 0.023457
v 0.031401 0.689290 0.024420
v 0.031901 0.689290 0.025250
v 0.032439 0.689290 0.027108
v 0.035070 0.686152 0.026612
v 0.032500 0.689290 0.027480
v 0.034996 0.686152 0.028224
v 0.037514 0.682815 0.028407
v 0.037015 0.682815 0.030577
v 0.038907 0.679291 0.032655
v 0.039765 0.679291 0.030001
v 0.039394 0.679291 0.031346
v 0.041773 0.675593 0.032116
v 0.041195 0.675593 0.033666
v 0.043490 0.671732 0.034656
v 0.042674 0.671732 0.036358
v 0.040485 0.675593 0.035158
v 0.041712 0.671732 0.037976
v 0.038310 0.679291 0.033914
v 0.039651 0.675593 0.036577
v 0.040614 0.671732 0.039494
v 0.037610 0.679291 0.035112
v 0.038699 0.675593 0.037909
v 0.036812 0.679291 0.036238
v 0.039388 0.671732 0.040897
v 0.037639 0.675593 0.039141
v 0.036480 0.675593 0.040263
v 0.038047 0.671732 0.042172
v 0.038023 0.667719 0.045205
v 0.039656 0.667719 0.043953
v 0.036605 0.671732 0.043308
v 0.035075 0.671732 0.044293
v 0.036288 0.667719 0.046288
v 0.035525 0.663568 0.049075
v 0.034467 0.667719 0.047189
v 0.037556 0.663568 0.048112
v 0.040258 0.659290 0.049000
v 0.038853 0.659290 0.049705
v 0.037111 0.659290 0.050579
v 0.039490 0.663568 0.046949
v 0.040981 0.659290 0.048499
v 0.041308 0.663568 0.045600
v 0.042994 0.663568 0.044078
v 0.043154 0.659290 0.046991
v 0.042997 0.659290 0.047101
v 0.041173 0.667719 0.042544
v 0.042557 0.667719 0.040992
v 0.043796 0.667719 0.039309
v 0.044530 0.663568 0.042398
v 0.047981 0.659290 0.041837
v 0.046490 0.659290 0.043675
v 0.045901 0.663568 0.040573
v 0.045752 0.659290 0.044585
v 0.018366 0.659290 0.004261
v 0.044813 0.659290 0.045455
v 0.020692 0.659290 0.003481
v 0.019475 0.663568 0.005925
v 0.011300 0.659290 0.046519
v 0.017891 0.659290 0.004420
v 0.052451 0.659290 0.027954
v 0.052313 0.659290 0.030403
v 0.016993 0.659290 0.050185
v 0.015345 0.659290 0.049275
v 0.052498 0.659290 0.027134
v 0.034308 0.659290 0.051519
v 0.033758 0.659290 0.051703
v 0.031917 0.659290 0.052044
v 0.030292 0.659290 0.052344
v 0.029494 0.659290 0.052377
v 0.027043 0.659290 0.052477
v 0.026754 0.659290 0.052489
v 0.013906 0.659290 0.048481
v 0.013260 0.659290 0.047995
v 0.046403 0.659290 0.011141
v 0.047068 0.659290 0.012028
v 0.048515 0.659290 0.013959
v 0.050126 0.659290 0.016865
v 0.051401 0.659290 0.020171
v 0.052073 0.659290 0.023079
v 0.052298 0.659290 0.030666
v 0.051869 0.659290 0.032813
v 0.051609 0.659290 0.034116
v 0.024602 0.659290 0.052271
v 0.023237 0.659290 0.052133
v 0.022189 0.659290 0.051875
v 0.017523 0.659290 0.050392
v 0.043701 0.659290 0.008480
v 0.043900 0.659290 0.008630
v 0.045455 0.659290 0.010190
v 0.052195 0.659290 0.023605
v 0.052358 0.659290 0.025509
v 0.051170 0.659290 0.035548
v 0.049792 0.659290 0.038815
v 0.049286 0.659290 0.039659
v 0.049724 0.659290 0.016139
v 0.050710 0.659290 0.018378
v 0.051520 0.659290 0.020688
v 0.019807 0.659290 0.051287
v 0.050362 0.659290 0.037463
v 0.036634 0.659290 0.050739
v 0.048025 0.659290 0.041763
v 0.051280 0.659290 0.035190
v 0.041740 0.659290 0.007006
v 0.040598 0.663568 0.008225
v 0.027957 0.659290 0.002523
v 0.028249 0.659290 0.002511
v 0.030398 0.659290 0.002729
v 0.025506 0.659290 0.002623
v 0.024711 0.659290 0.002656
v 0.023083 0.659290 0.002956
v 0.041076 0.659290 0.006507
v 0.021245 0.659290 0.003296
v 0.023750 0.663568 0.004626
v 0.021584 0.663568 0.005169
v 0.022420 0.667719 0.007097
v 0.020533 0.667719 0.007811
v 0.018712 0.667719 0.008712
v 0.021529 0.671732 0.009883
v 0.019925 0.671732 0.010707
v 0.018395 0.671732 0.011692
v 0.021085 0.675593 0.012866
v 0.019765 0.675593 0.013736
v 0.021089 0.679291 0.015922
v 0.018520 0.675593 0.014737
v 0.020047 0.679291 0.016770
v 0.019077 0.679291 0.017720
v 0.021535 0.682815 0.018924
v 0.023251 0.682815 0.017658
v 0.022985 0.686152 0.021195
v 0.021883 0.686152 0.022348
v 0.020049 0.682815 0.020515
v 0.018188 0.679291 0.018762
v 0.017390 0.679291 0.019888
v 0.018851 0.682815 0.022372
v 0.020999 0.686152 0.023698
v 0.020364 0.686152 0.025192
v 0.023461 0.689290 0.024553
v 0.023725 0.689290 0.024290
v 0.026141 0.689290 0.022720
v 0.024421 0.689290 0.023600
v 0.027108 0.689290 0.022561
v 0.025250 0.689290 0.023099
v 0.025662 0.686152 0.019643
v 0.024261 0.686152 0.020281
v 0.025919 0.689290 0.022757
v 0.024581 0.689290 0.023441
v 0.025132 0.682815 0.016767
v 0.023349 0.679291 0.014565
v 0.027105 0.682815 0.016285
v 0.025770 0.679291 0.013700
v 0.024545 0.679291 0.014069
v 0.025365 0.675593 0.011122
v 0.023899 0.675593 0.011553
v 0.023191 0.671732 0.009228
v 0.022467 0.675593 0.012136
v 0.024895 0.671732 0.008746
v 0.026324 0.667719 0.006261
v 0.026624 0.671732 0.008445
v 0.024357 0.667719 0.006579
v 0.025952 0.663568 0.004303
v 0.028169 0.663568 0.004205
v 0.030379 0.663568 0.004332
v 0.028303 0.667719 0.006149
v 0.030274 0.667719 0.006243
v 0.028361 0.671732 0.008328
v 0.030090 0.671732 0.008397
v 0.028345 0.675593 0.010735
v 0.026852 0.675593 0.010848
v 0.027012 0.679291 0.013464
v 0.028258 0.679291 0.013363
v 0.029830 0.675593 0.010785
v 0.029093 0.682815 0.016235
v 0.029497 0.679291 0.013400
v 0.030716 0.679291 0.013573
v 0.031292 0.675593 0.010996
v 0.031793 0.671732 0.008650
v 0.032717 0.675593 0.011369
v 0.032320 0.677463 0.012597
v 0.031904 0.679291 0.013883
v 0.033048 0.679291 0.014327
v 0.031470 0.681076 0.015224
v 0.032499 0.681076 0.015624
v 0.032805 0.682815 0.017435
v 0.031933 0.682815 0.016977
v 0.034138 0.679291 0.014900
v 0.033578 0.677463 0.013085
v 0.035399 0.675593 0.012585
v 0.036631 0.675593 0.013415
v 0.035163 0.679291 0.015596
v 0.037776 0.675593 0.014381
v 0.036115 0.679291 0.016408
v 0.034387 0.682815 0.018640
v 0.036983 0.679291 0.017326
v 0.035704 0.682815 0.020186
v 0.031404 0.686152 0.020182
v 0.030749 0.686152 0.019842
v 0.030679 0.687747 0.021633
v 0.030062 0.686152 0.019577
v 0.030068 0.682815 0.016373
v 0.031018 0.682815 0.016621
v 0.037760 0.679291 0.018342
v 0.036707 0.682815 0.022010
v 0.038439 0.679291 0.019445
v 0.040576 0.675593 0.017993
v 0.039013 0.679291 0.020624
v 0.041269 0.675593 0.019393
v 0.043474 0.671732 0.018322
v 0.041830 0.675593 0.020871
v 0.044137 0.671732 0.020017
v 0.046397 0.667719 0.019309
v 0.044641 0.671732 0.021782
v 0.046988 0.667719 0.021281
v 0.049292 0.663568 0.020913
v 0.049767 0.663568 0.023133
v 0.047393 0.667719 0.023311
v 0.047606 0.667719 0.025380
v 0.044982 0.671732 0.023601
v 0.050029 0.663568 0.025395
v 0.050072 0.663568 0.027677
v 0.049898 0.663568 0.029957
v 0.047625 0.667719 0.027469
v 0.045154 0.671732 0.025456
v 0.047450 0.667719 0.029558
v 0.045155 0.671732 0.027330
v 0.044987 0.671732 0.029204
v 0.042673 0.675593 0.025620
v 0.042665 0.675593 0.027257
v 0.040165 0.679291 0.025869
v 0.040153 0.679291 0.027249
v 0.042510 0.675593 0.028896
v 0.044652 0.671732 0.031062
v 0.042212 0.675593 0.030520
v 0.040019 0.679291 0.028631
v 0.044151 0.671732 0.032885
v 0.046530 0.667719 0.033654
v 0.045792 0.667719 0.035623
v 0.048101 0.663568 0.036567
v 0.047095 0.663568 0.038623
v 0.044877 0.667719 0.037514
v 0.048909 0.663568 0.034424
v 0.049509 0.663568 0.032213
v 0.047084 0.667719 0.031626
v 0.037630 0.682815 0.026201
v 0.037357 0.682815 0.024041
v 0.034852 0.686152 0.025032
v 0.040055 0.679291 0.024504
v 0.039825 0.679291 0.023166
v 0.042535 0.675593 0.024000
v 0.042253 0.675593 0.022412
v 0.039476 0.679291 0.021869
v 0.034353 0.686152 0.023545
v 0.032245 0.689290 0.025924
v 0.031556 0.689290 0.024577
v 0.048608 0.663568 0.018754
v 0.047721 0.663568 0.016680
v 0.045625 0.667719 0.017416
v 0.044677 0.667719 0.015619
v 0.042656 0.671732 0.016715
v 0.039757 0.675593 0.016682
v 0.041692 0.671732 0.015211
v 0.040593 0.671732 0.013823
v 0.043564 0.667719 0.013935
v 0.038821 0.675593 0.015474
v 0.046638 0.663568 0.014710
v 0.045371 0.663568 0.012862
v 0.042298 0.667719 0.012381
v 0.040889 0.667719 0.010971
v 0.039368 0.671732 0.012566
v 0.043933 0.663568 0.011154
v 0.042338 0.663568 0.009602
v 0.039351 0.667719 0.009722
v 0.036587 0.671732 0.010498
v 0.038028 0.671732 0.011454
v 0.037698 0.667719 0.008644
v 0.036363 0.665660 0.006863
v 0.038732 0.663568 0.007033
v 0.035948 0.667719 0.007749
v 0.035512 0.669744 0.008697
v 0.034115 0.667719 0.007046
v 0.033795 0.669744 0.008036
v 0.035057 0.671732 0.009706
v 0.033455 0.671732 0.009087
v 0.034583 0.673682 0.010774
v 0.033095 0.673682 0.010198
v 0.034090 0.675593 0.011901
v 0.032217 0.667719 0.006543
v 0.032562 0.663568 0.004681
v 0.031765 0.659290 0.002867
v 0.032811 0.659290 0.003125
v 0.034415 0.665660 0.006117
v 0.034695 0.663568 0.005252
v 0.034954 0.661444 0.004450
v 0.036758 0.663568 0.006039
v 0.037133 0.661444 0.005278
v 0.037477 0.659290 0.004607
v 0.039655 0.659290 0.005725
v 0.035193 0.659290 0.003713
v 0.037987 0.659290 0.004806
v 0.027134 0.686152 0.019304
v 0.022193 0.679291 0.015185
v 0.017985 0.682815 0.024423
v 0.020004 0.686152 0.026776
v 0.017486 0.682815 0.026593
v 0.019930 0.686152 0.028388
v 0.022500 0.689290 0.027524
v 0.020148 0.686152 0.029968
v 0.017370 0.682815 0.028799
v 0.014847 0.679291 0.027751
v 0.014835 0.679291 0.029131
v 0.014945 0.679291 0.030496
v 0.017643 0.682815 0.030959
v 0.020647 0.686152 0.031455
v 0.015524 0.679291 0.033131
v 0.015175 0.679291 0.031834
v 0.012465 0.675593 0.031000
v 0.012747 0.675593 0.032588
v 0.010018 0.671732 0.031399
v 0.010359 0.671732 0.033218
v 0.013170 0.675593 0.034129
v 0.010863 0.671732 0.034983
v 0.015987 0.679291 0.034376
v 0.013731 0.675593 0.035607
v 0.011526 0.671732 0.036678
v 0.008603 0.667719 0.035691
v 0.009375 0.667719 0.037584
v 0.007279 0.663568 0.038320
v 0.010323 0.667719 0.039381
v 0.006392 0.663568 0.036246
v 0.005708 0.663568 0.034087
v 0.004290 0.659290 0.036622
v 0.003601 0.659290 0.034836
v 0.004877 0.659290 0.038141
v 0.005276 0.659290 0.038861
v 0.006473 0.659290 0.041022
v 0.003480 0.659290 0.034312
v 0.002701 0.659290 0.024341
v 0.002687 0.659290 0.024597
v 0.002549 0.659290 0.027046
v 0.002502 0.659290 0.027874
v 0.002642 0.659290 0.029491
v 0.002926 0.659290 0.031922
v 0.008362 0.663568 0.040290
v 0.003131 0.659290 0.022187
v 0.003389 0.659290 0.020891
v 0.005491 0.663568 0.022787
v 0.008582 0.659290 0.043843
v 0.007931 0.659290 0.042972
v 0.009545 0.659290 0.044810
v 0.010187 0.659290 0.009545
v 0.009250 0.659290 0.010413
v 0.011084 0.659290 0.046356
v 0.008510 0.659290 0.011325
v 0.006976 0.659290 0.013237
v 0.005714 0.659290 0.015341
v 0.005209 0.659290 0.016183
v 0.004638 0.659290 0.017537
v 0.003720 0.659290 0.019810
v 0.011067 0.663568 0.043846
v 0.007021 0.659290 0.013161
v 0.003831 0.659290 0.019449
v 0.006899 0.663568 0.018433
v 0.006091 0.663568 0.020576
v 0.008470 0.667719 0.021346
v 0.007916 0.667719 0.023374
v 0.007550 0.667719 0.025442
v 0.010348 0.671732 0.023938
v 0.010013 0.671732 0.025796
v 0.009845 0.671732 0.027670
v 0.012335 0.675593 0.027743
v 0.012490 0.675593 0.026104
v 0.012788 0.675593 0.024480
v 0.014981 0.679291 0.026370
v 0.015235 0.679291 0.024999
v 0.013227 0.675593 0.022884
v 0.015606 0.679291 0.023654
v 0.016093 0.679291 0.022345
v 0.013805 0.675593 0.021334
v 0.012326 0.671732 0.018642
v 0.011510 0.671732 0.020344
v 0.014515 0.675593 0.019842
v 0.013288 0.671732 0.017024
v 0.015349 0.675593 0.018423
v 0.016690 0.679291 0.021086
v 0.016301 0.675593 0.017091
v 0.014386 0.671732 0.015506
v 0.013827 0.667719 0.012456
v 0.012443 0.667719 0.014008
v 0.015612 0.671732 0.014103
v 0.016953 0.671732 0.012828
v 0.017361 0.675593 0.015859
v 0.015344 0.667719 0.011047
v 0.016977 0.667719 0.009795
v 0.015510 0.663568 0.008051
v 0.013692 0.663568 0.009400
v 0.014019 0.659290 0.006501
v 0.012003 0.659290 0.007899
v 0.011848 0.659290 0.008007
v 0.012006 0.663568 0.010922
v 0.010470 0.663568 0.012602
v 0.009099 0.663568 0.014427
v 0.011204 0.667719 0.015691
v 0.010123 0.667719 0.017486
v 0.007905 0.663568 0.016377
v 0.009208 0.667719 0.019377
v 0.010849 0.671732 0.022115
v 0.014744 0.659290 0.005999
v 0.017444 0.663568 0.006888
v 0.016147 0.659290 0.005295
v 0.012327 0.675593 0.029380
v 0.009846 0.671732 0.029544
v 0.007375 0.667719 0.027531
v 0.007394 0.667719 0.029620
v 0.004928 0.663568 0.027323
v 0.007607 0.667719 0.031689
v 0.004971 0.663568 0.029605
v 0.002806 0.659290 0.031402
v 0.005233 0.663568 0.031867
v 0.008012 0.667719 0.033719
v 0.005102 0.663568 0.025043
v 0.009629 0.663568 0.042138
v 0.011436 0.667719 0.041065
v 0.020305 0.663568 0.049748
v 0.022438 0.663568 0.050319
v 0.022783 0.667719 0.048457
v 0.024621 0.663568 0.050668
v 0.024726 0.667719 0.048757
v 0.026697 0.667719 0.048851
v 0.024910 0.671732 0.046603
v 0.026639 0.671732 0.046672
v 0.028376 0.671732 0.046555
v 0.030105 0.671732 0.046254
v 0.028676 0.667719 0.048739
v 0.030643 0.667719 0.048421
v 0.026831 0.663568 0.050795
v 0.029048 0.663568 0.050697
v 0.031250 0.663568 0.050374
v 0.033416 0.663568 0.049831
v 0.032580 0.667719 0.047903
v 0.031809 0.671732 0.045772
v 0.033471 0.671732 0.045117
v 0.026524 0.689290 0.032404
v 0.025690 0.689712 0.031455
v 0.026162 0.689712 0.031639
v 0.025420 0.689290 0.032047
v 0.024906 0.689290 0.031774
v 0.025243 0.689712 0.031219
v 0.024827 0.689712 0.030931
v 0.025243 0.690089 0.030398
v 0.025594 0.690089 0.030640
v 0.025972 0.690089 0.030840
v 0.025673 0.690421 0.029845
v 0.025958 0.690421 0.030042
v 0.026263 0.690421 0.030203
v 0.026116 0.690706 0.029277
v 0.026331 0.690706 0.029426
v 0.026563 0.690706 0.029548
v 0.026569 0.690942 0.028695
v 0.026714 0.690942 0.028795
v 0.026870 0.690942 0.028877
v 0.026807 0.690706 0.029643
v 0.027034 0.690942 0.028941
v 0.027060 0.690706 0.029709
v 0.027204 0.690942 0.028985
v 0.027379 0.690942 0.029010
v 0.027320 0.690706 0.029745
v 0.027582 0.690706 0.029751
v 0.027608 0.690421 0.030471
v 0.027262 0.690421 0.030463
v 0.027206 0.690089 0.031161
v 0.026920 0.690421 0.030416
v 0.027633 0.690089 0.031171
v 0.027658 0.689712 0.031847
v 0.028059 0.690089 0.031130
v 0.028161 0.689712 0.031799
v 0.028829 0.689290 0.032320
v 0.028260 0.689290 0.032442
v 0.028656 0.689712 0.031693
v 0.029379 0.689290 0.032133
v 0.029135 0.689712 0.031531
v 0.028476 0.690089 0.031041
v 0.028881 0.690089 0.030904
v 0.028290 0.690421 0.030366
v 0.027952 0.690421 0.030438
v 0.027842 0.690706 0.029726
v 0.027730 0.690942 0.028997
v 0.027555 0.690942 0.029014
v 0.028099 0.690706 0.029671
v 0.028347 0.690706 0.029587
v 0.027903 0.690942 0.028960
v 0.028618 0.690421 0.030255
v 0.028930 0.690421 0.030107
v 0.029267 0.690089 0.030721
v 0.029592 0.689712 0.031314
v 0.029628 0.690089 0.030494
v 0.030021 0.689712 0.031045
v 0.030851 0.689290 0.031211
v 0.030415 0.689712 0.030729
v 0.030397 0.689290 0.031575
v 0.029905 0.689290 0.031884
v 0.031259 0.689290 0.030797
v 0.030770 0.689712 0.030368
v 0.029962 0.690089 0.030226
v 0.030261 0.690089 0.029922
v 0.029492 0.690421 0.029707
v 0.029223 0.690421 0.029923
v 0.028805 0.690706 0.029336
v 0.028583 0.690706 0.029475
v 0.028228 0.690942 0.028828
v 0.028069 0.690942 0.028903
v 0.028378 0.690942 0.028734
v 0.028515 0.690942 0.028624
v 0.029009 0.690706 0.029172
v 0.029193 0.690706 0.028985
v 0.029735 0.690421 0.029460
v 0.029948 0.690421 0.029188
v 0.030524 0.690089 0.029585
v 0.031081 0.689712 0.029969
v 0.030746 0.690089 0.029220
v 0.031343 0.689712 0.029537
v 0.031554 0.689712 0.029077
v 0.032160 0.689290 0.029313
v 0.031918 0.689290 0.029841
v 0.031616 0.689290 0.030338
v 0.032339 0.689290 0.028759
v 0.032452 0.689290 0.028189
v 0.031710 0.689712 0.028596
v 0.030923 0.690089 0.028832
v 0.030127 0.690421 0.028892
v 0.029354 0.690706 0.028779
v 0.028639 0.690942 0.028499
v 0.032499 0.689290 0.027609
v 0.032478 0.689290 0.027028
v 0.032389 0.689290 0.026454
v 0.032235 0.689290 0.025893
v 0.031754 0.689712 0.026590
v 0.032016 0.689290 0.025354
v 0.031737 0.689290 0.024845
v 0.031400 0.689290 0.024371
v 0.031010 0.689290 0.023939
v 0.030893 0.689712 0.024778
v 0.030573 0.689290 0.023556
v 0.030094 0.689290 0.023226
v 0.027681 0.689290 0.032497
v 0.027100 0.689290 0.032484
v 0.027152 0.689712 0.031836
v 0.026651 0.689712 0.031766
v 0.026783 0.690089 0.031103
v 0.026370 0.690089 0.030995
v 0.026585 0.690421 0.030329
v 0.026437 0.690942 0.028579
v 0.025919 0.690706 0.029104
v 0.026319 0.690942 0.028448
v 0.026217 0.690942 0.028304
v 0.025743 0.690706 0.028910
v 0.025181 0.690421 0.029361
v 0.025413 0.690421 0.029617
v 0.025592 0.690706 0.028696
v 0.025466 0.690706 0.028467
v 0.026132 0.690942 0.028150
v 0.024981 0.690421 0.029079
v 0.024388 0.690089 0.029451
v 0.024635 0.690089 0.029799
v 0.024815 0.690421 0.028776
v 0.024685 0.690421 0.028455
v 0.025367 0.690706 0.028224
v 0.024182 0.690089 0.029076
v 0.023571 0.689712 0.029367
v 0.023814 0.689712 0.029810
v 0.024022 0.690089 0.028680
v 0.023908 0.690089 0.028269
v 0.024593 0.690421 0.028122
v 0.023381 0.689712 0.028898
v 0.022984 0.689290 0.029646
v 0.022765 0.689290 0.029107
v 0.023246 0.689712 0.028410
v 0.022611 0.689290 0.028546
v 0.023170 0.689712 0.027910
v 0.023843 0.690089 0.027846
v 0.024528 0.690421 0.027435
v 0.024540 0.690421 0.027780
v 0.023828 0.690089 0.027420
v 0.023862 0.690089 0.026994
v 0.024555 0.690421 0.027090
v 0.023151 0.689712 0.027405
v 0.022501 0.689290 0.027391
v 0.023192 0.689712 0.026901
v 0.022522 0.689290 0.027972
v 0.023945 0.690089 0.026575
v 0.022548 0.689290 0.026811
v 0.023290 0.689712 0.026404
v 0.022661 0.689290 0.026241
v 0.024623 0.690421 0.026751
v 0.025320 0.690706 0.026933
v 0.025269 0.690706 0.027190
v 0.026034 0.690942 0.027119
v 0.026000 0.690942 0.027291
v 0.025248 0.690706 0.027451
v 0.025986 0.690942 0.027467
v 0.025992 0.690942 0.027643
v 0.025258 0.690706 0.027712
v 0.025297 0.690706 0.027971
v 0.026019 0.690942 0.027817
v 0.026066 0.690942 0.027987
v 0.023263 0.689290 0.030155
v 0.023600 0.689290 0.030629
v 0.023990 0.689290 0.031061
v 0.024107 0.689712 0.030222
v 0.024446 0.689712 0.030598
v 0.024427 0.689290 0.031444
v 0.024921 0.690089 0.030116
v 0.029245 0.556290 0.005569
v 0.023888 0.556290 0.002762
v 0.029110 0.556290 0.002552
v 0.034082 0.556290 0.006508
v 0.024321 0.556290 0.005731
v 0.034082 0.656290 0.006508
v 0.029245 0.656290 0.005569
v 0.029110 0.656290 0.002552
v 0.024321 0.656290 0.005731
v 0.034262 0.656290 0.003432
v 0.034262 0.556290 0.003432
v 0.039118 0.656290 0.005364
v 0.039118 0.556290 0.005364
v 0.043467 0.656290 0.008263
v 0.038588 0.656290 0.008498
v 0.042538 0.656290 0.011442
v 0.038588 0.556290 0.008498
v 0.042538 0.556290 0.011442
v 0.043467 0.556290 0.008263
v 0.045734 0.556290 0.015191
v 0.045734 0.656290 0.015191
v 0.049911 0.656290 0.016420
v 0.048016 0.656290 0.019557
v 0.047117 0.656290 0.012003
v 0.047117 0.556290 0.012003
v 0.048016 0.556290 0.019557
v 0.049911 0.556290 0.016420
v 0.049269 0.556290 0.024321
v 0.051725 0.556290 0.021322
v 0.051725 0.656290 0.021322
v 0.049269 0.656290 0.024321
v 0.052480 0.656290 0.026494
v 0.052480 0.556290 0.026494
v 0.052143 0.656290 0.031709
v 0.052143 0.556290 0.031709
v 0.050729 0.656290 0.036741
v 0.049431 0.656290 0.029245
v 0.049431 0.556290 0.029245
v 0.048492 0.656290 0.034082
v 0.048492 0.556290 0.034082
v 0.046502 0.656290 0.038588
v 0.048301 0.656290 0.041369
v 0.050729 0.556290 0.036741
v 0.048301 0.556290 0.041369
v 0.044963 0.656290 0.045390
v 0.044963 0.556290 0.045390
v 0.040861 0.656290 0.048630
v 0.043558 0.656290 0.042538
v 0.046502 0.556290 0.038588
v 0.043558 0.556290 0.042538
v 0.039809 0.656290 0.045734
v 0.039809 0.556290 0.045734
v 0.035443 0.656290 0.048016
v 0.036176 0.656290 0.050946
v 0.040861 0.556290 0.048630
v 0.036176 0.556290 0.050946
v 0.031112 0.656290 0.052238
v 0.031112 0.556290 0.052238
v 0.025890 0.656290 0.052448
v 0.030679 0.656290 0.049269
v 0.030679 0.556290 0.049269
v 0.035443 0.556290 0.048016
v 0.025755 0.656290 0.049431
v 0.020738 0.656290 0.051568
v 0.025755 0.556290 0.049431
v 0.020918 0.656290 0.048492
v 0.020918 0.556290 0.048492
v 0.015882 0.656290 0.049636
v 0.016412 0.656290 0.046502
v 0.012462 0.656290 0.043558
v 0.016412 0.556290 0.046502
v 0.011533 0.656290 0.046737
v 0.007883 0.656290 0.042997
v 0.011533 0.556290 0.046737
v 0.015882 0.556290 0.049636
v 0.012462 0.556290 0.043558
v 0.020738 0.556290 0.051568
v 0.025890 0.556290 0.052448
v 0.009266 0.556290 0.039809
v 0.009266 0.656290 0.039809
v 0.006984 0.656290 0.035443
v 0.005089 0.656290 0.038580
v 0.003275 0.656290 0.033678
v 0.005089 0.556290 0.038580
v 0.007883 0.556290 0.042997
v 0.006984 0.556290 0.035443
v 0.005731 0.556290 0.030679
v 0.005731 0.656290 0.030679
v 0.002857 0.656290 0.023291
v 0.002520 0.656290 0.028506
v 0.005569 0.656290 0.025755
v 0.004271 0.656290 0.018259
v 0.005569 0.556290 0.025755
v 0.006508 0.656290 0.020918
v 0.006699 0.656290 0.013631
v 0.006508 0.556290 0.020918
v 0.008498 0.656290 0.016412
v 0.008498 0.556290 0.016412
v 0.011442 0.656290 0.012462
v 0.010037 0.656290 0.009610
v 0.010037 0.556290 0.009610
v 0.014139 0.656290 0.006370
v 0.006699 0.556290 0.013631
v 0.011442 0.556290 0.012462
v 0.004271 0.556290 0.018259
v 0.002857 0.556290 0.023291
v 0.002520 0.556290 0.028506
v 0.003275 0.556290 0.033678
v 0.015191 0.556290 0.009266
v 0.015191 0.656290 0.009266
v 0.018824 0.656290 0.004054
v 0.019557 0.656290 0.006984
v 0.023888 0.656290 0.002762
v 0.019557 0.556290 0.006984
v 0.018824 0.556290 0.004054
v 0.014139 0.556290 0.006370
v 0.030606 0.511699 0.007250
v 0.027500 0.511290 0.009250
v 0.027500 0.511290 0.007250
v 0.028550 0.516090 0.007250
v 0.030606 0.511699 0.009250
v 0.033500 0.512898 0.007250
v 0.029050 0.516224 0.007250
v 0.029050 0.516224 0.009250
v 0.029416 0.516590 0.007250
v 0.028550 0.516090 0.009250
v 0.026450 0.516090 0.007250
v 0.027097 0.513298 0.009250
v 0.028705 0.513363 0.009250
v 0.026450 0.516090 0.012250
v 0.028550 0.516090 0.012250
v 0.030282 0.513685 0.009250
v 0.028984 0.516189 0.009250
v 0.026450 0.516090 0.009250
v 0.024475 0.511688 0.009250
v 0.025500 0.513492 0.009250
v 0.026016 0.516189 0.009250
v 0.026016 0.516189 0.012250
v 0.025950 0.516224 0.009250
v 0.025584 0.516590 0.009250
v 0.025950 0.516224 0.007250
v 0.024475 0.511688 0.007250
v 0.025584 0.516590 0.007250
v 0.025450 0.517090 0.007250
v 0.025450 0.517090 0.009250
v 0.024475 0.520265 0.009250
v 0.025584 0.517590 0.009250
v 0.025584 0.517590 0.007250
v 0.025950 0.517956 0.009250
v 0.025950 0.517956 0.007250
v 0.026450 0.518090 0.009250
v 0.026082 0.519550 0.009250
v 0.026082 0.519550 0.007250
v 0.027982 0.519319 0.007250
v 0.027982 0.519319 0.009250
v 0.025046 0.520265 0.009250
v 0.024506 0.520638 0.009250
v 0.025046 0.520265 0.007250
v 0.024506 0.520638 0.007250
v 0.024475 0.520265 0.007250
v 0.024394 0.511699 0.007250
v 0.021500 0.512898 0.007250
v 0.019015 0.514805 0.007250
v 0.017108 0.517290 0.007250
v 0.015909 0.520184 0.007250
v 0.015898 0.520265 0.007250
v 0.021300 0.521240 0.007250
v 0.023616 0.522333 0.007250
v 0.024475 0.520697 0.007250
v 0.021800 0.521374 0.007250
v 0.022166 0.521740 0.007250
v 0.021800 0.521374 0.009250
v 0.022166 0.521740 0.009250
v 0.022300 0.522240 0.007250
v 0.022300 0.522240 0.009250
v 0.023616 0.524248 0.007250
v 0.022300 0.524340 0.007250
v 0.022300 0.524340 0.009250
v 0.023616 0.522333 0.009250
v 0.022300 0.522240 0.012250
v 0.023532 0.523792 0.009250
v 0.022300 0.524340 0.012250
v 0.023781 0.524763 0.009250
v 0.022201 0.524774 0.009250
v 0.023616 0.524248 0.009250
v 0.022166 0.524840 0.007250
v 0.022166 0.524840 0.009250
v 0.024475 0.525884 0.009250
v 0.021800 0.525206 0.007250
v 0.021800 0.525206 0.009250
v 0.021300 0.525340 0.007250
v 0.021300 0.525340 0.009250
v 0.024475 0.553290 0.009250
v 0.015500 0.553290 0.009250
v 0.015500 0.553290 0.045750
v 0.039500 0.553290 0.009250
v 0.024475 0.553290 0.045750
v 0.025450 0.529490 0.009250
v 0.025584 0.529990 0.009250
v 0.025950 0.530356 0.009250
v 0.026450 0.530490 0.009250
v 0.028550 0.530490 0.009250
v 0.000117 0.553290 0.030037
v 0.020800 0.525206 0.009250
v 0.020434 0.524840 0.009250
v 0.020800 0.525206 0.007250
v 0.020434 0.524840 0.007250
v 0.020300 0.524340 0.007250
v 0.015500 0.523290 0.007250
v 0.015898 0.520265 0.009250
v 0.015500 0.523290 0.009250
v 0.015500 0.553290 0.007250
v 0.013023 0.553290 0.004119
v 0.008973 0.553290 0.007177
v 0.024475 0.553290 0.007250
v 0.028550 0.530490 0.007250
v 0.025450 0.529490 0.007250
v 0.025584 0.529990 0.007250
v 0.025950 0.530356 0.007250
v 0.029050 0.530356 0.007250
v 0.026450 0.530490 0.007250
v 0.022447 0.553290 0.000468
v 0.027500 0.553290 0.000000
v 0.032553 0.553290 0.000468
v 0.017566 0.553290 0.001857
v 0.024475 0.525884 0.007250
v 0.039500 0.553290 0.007250
v 0.029416 0.529990 0.007250
v 0.037434 0.553290 0.001857
v 0.041977 0.553290 0.004119
v 0.029550 0.529490 0.007250
v 0.039500 0.523290 0.007250
v 0.039500 0.523290 0.009250
v 0.039102 0.520265 0.007250
v 0.034700 0.524340 0.009250
v 0.029416 0.529990 0.009250
v 0.034323 0.525122 0.009250
v 0.034601 0.524774 0.009250
v 0.029550 0.529490 0.009250
v 0.029416 0.528990 0.009250
v 0.039102 0.520265 0.009250
v 0.039091 0.520184 0.007250
v 0.039091 0.520184 0.009250
v 0.029416 0.517590 0.009250
v 0.029050 0.517956 0.009250
v 0.030009 0.520265 0.009250
v 0.033700 0.521240 0.009250
v 0.034566 0.521740 0.009250
v 0.034200 0.521374 0.009250
v 0.034700 0.522240 0.009250
v 0.034700 0.522240 0.007250
v 0.034601 0.521806 0.012250
v 0.037371 0.521686 0.009250
v 0.034601 0.521806 0.009250
v 0.034700 0.522240 0.012250
v 0.037500 0.523290 0.009250
v 0.037371 0.521686 0.012250
v 0.037500 0.523290 0.012250
v 0.037371 0.524894 0.009250
v 0.037371 0.524894 0.012250
v 0.037020 0.526315 0.009250
v 0.037020 0.526315 0.012250
v 0.034323 0.525122 0.012250
v 0.033923 0.525315 0.012250
v 0.036985 0.526457 0.012250
v 0.034601 0.524774 0.012250
v 0.030525 0.526315 0.012250
v 0.033077 0.525122 0.012250
v 0.032799 0.524774 0.012250
v 0.030525 0.525878 0.012250
v 0.033477 0.525315 0.012250
v 0.030416 0.526028 0.012250
v 0.030069 0.526315 0.012250
v 0.029332 0.528867 0.012250
v 0.029525 0.529713 0.012250
v 0.029525 0.529268 0.012250
v 0.030525 0.532803 0.012250
v 0.031787 0.532325 0.012250
v 0.033181 0.531520 0.012250
v 0.036355 0.527937 0.012250
v 0.035494 0.529298 0.012250
v 0.034427 0.530502 0.012250
v 0.033181 0.531520 0.009250
v 0.034427 0.530502 0.009250
v 0.035494 0.529298 0.009250
v 0.030525 0.526315 0.009250
v 0.033477 0.525315 0.009250
v 0.030525 0.525878 0.009250
v 0.033077 0.525122 0.009250
v 0.033923 0.525315 0.009250
v 0.030416 0.526028 0.009250
v 0.030069 0.526315 0.009250
v 0.028984 0.528589 0.009250
v 0.030525 0.532803 0.009250
v 0.031787 0.532325 0.009250
v 0.036355 0.527937 0.009250
v 0.036985 0.526457 0.009250
v 0.029332 0.528867 0.009250
v 0.029525 0.529268 0.009250
v 0.029525 0.529713 0.009250
v 0.029332 0.530114 0.009250
v 0.029332 0.530114 0.012250
v 0.030282 0.532895 0.009250
v 0.028984 0.530391 0.009250
v 0.028984 0.530391 0.012250
v 0.028705 0.533217 0.009250
v 0.030282 0.532895 0.012250
v 0.027097 0.533282 0.009250
v 0.028705 0.533217 0.012250
v 0.028550 0.530490 0.012250
v 0.027097 0.533282 0.012250
v 0.025500 0.533088 0.009250
v 0.026450 0.530490 0.012250
v 0.025500 0.533088 0.012250
v 0.023954 0.532640 0.009250
v 0.026016 0.530391 0.012250
v 0.023954 0.532640 0.012250
v 0.022500 0.531951 0.009250
v 0.025668 0.530114 0.012250
v 0.022500 0.531951 0.012250
v 0.025475 0.529713 0.012250
v 0.021176 0.531036 0.012250
v 0.021176 0.531036 0.009250
v 0.025668 0.530114 0.009250
v 0.020015 0.529921 0.009250
v 0.025475 0.529713 0.009250
v 0.025475 0.529268 0.009250
v 0.025668 0.528867 0.009250
v 0.019048 0.528635 0.009250
v 0.025475 0.529268 0.012250
v 0.018002 0.526315 0.009250
v 0.018300 0.527210 0.009250
v 0.018002 0.526315 0.012250
v 0.018300 0.527210 0.012250
v 0.019048 0.528635 0.012250
v 0.020015 0.529921 0.012250
v 0.025668 0.528867 0.012250
v 0.026016 0.528589 0.009250
v 0.026016 0.528589 0.012250
v 0.024950 0.526372 0.012250
v 0.024897 0.526315 0.012250
v 0.024897 0.526315 0.009250
v 0.024950 0.526372 0.009250
v 0.025797 0.526910 0.012250
v 0.026750 0.527219 0.012250
v 0.026450 0.528490 0.012250
v 0.025797 0.526910 0.009250
v 0.026750 0.527219 0.009250
v 0.026450 0.528490 0.009250
v 0.027751 0.527282 0.009250
v 0.027751 0.527282 0.012250
v 0.028550 0.528490 0.012250
v 0.028736 0.527094 0.012250
v 0.028736 0.527094 0.009250
v 0.028984 0.528589 0.012250
v 0.029643 0.526668 0.012250
v 0.029643 0.526668 0.009250
v 0.028550 0.528490 0.009250
v 0.026082 0.527030 0.009250
v 0.026450 0.528490 0.007250
v 0.028550 0.528490 0.007250
v 0.029050 0.528624 0.009250
v 0.029050 0.528624 0.007250
v 0.027982 0.527261 0.009250
v 0.029772 0.526582 0.009250
v 0.027982 0.527261 0.007250
v 0.026082 0.527030 0.007250
v 0.024506 0.525943 0.007250
v 0.025950 0.528624 0.007250
v 0.025584 0.528990 0.007250
v 0.025584 0.528990 0.009250
v 0.025950 0.528624 0.009250
v 0.024506 0.525943 0.009250
v 0.029772 0.526582 0.007250
v 0.032700 0.524340 0.007250
v 0.031042 0.525149 0.009250
v 0.031042 0.525149 0.007250
v 0.031500 0.523290 0.007250
v 0.031500 0.523290 0.009250
v 0.031374 0.522295 0.009250
v 0.031500 0.523290 0.012250
v 0.031374 0.522295 0.012250
v 0.031374 0.524285 0.009250
v 0.032700 0.524340 0.009250
v 0.032700 0.522240 0.009250
v 0.032834 0.521740 0.009250
v 0.031042 0.521431 0.009250
v 0.031042 0.521431 0.007250
v 0.032834 0.521740 0.007250
v 0.032700 0.522240 0.007250
v 0.030009 0.520265 0.007250
v 0.029050 0.517956 0.007250
v 0.029416 0.517590 0.007250
v 0.029772 0.519998 0.007250
v 0.029772 0.519998 0.009250
v 0.033700 0.521240 0.007250
v 0.033200 0.521374 0.007250
v 0.033200 0.521374 0.009250
v 0.034200 0.521374 0.007250
v 0.034566 0.521740 0.007250
v 0.028550 0.518090 0.009250
v 0.026750 0.519361 0.009250
v 0.027751 0.519298 0.009250
v 0.028984 0.517991 0.009250
v 0.028984 0.517991 0.012250
v 0.021923 0.521458 0.009250
v 0.028736 0.519486 0.009250
v 0.028550 0.518090 0.012250
v 0.025797 0.519671 0.009250
v 0.028550 0.518090 0.007250
v 0.026450 0.518090 0.007250
v 0.022201 0.521806 0.009250
v 0.024950 0.520208 0.009250
v 0.024950 0.520208 0.012250
v 0.025797 0.519671 0.012250
v 0.026016 0.517991 0.012250
v 0.026750 0.519361 0.012250
v 0.022201 0.521806 0.012250
v 0.025668 0.517714 0.012250
v 0.021923 0.521458 0.012250
v 0.022500 0.514630 0.012250
v 0.021523 0.521265 0.012250
v 0.025475 0.516868 0.012250
v 0.025475 0.517313 0.012250
v 0.025668 0.516467 0.012250
v 0.025668 0.516467 0.009250
v 0.023954 0.513940 0.012250
v 0.025500 0.513492 0.012250
v 0.023954 0.513940 0.009250
v 0.022500 0.514630 0.009250
v 0.021176 0.515544 0.012250
v 0.021176 0.515544 0.009250
v 0.025475 0.516868 0.009250
v 0.020015 0.516659 0.009250
v 0.025475 0.517313 0.009250
v 0.019048 0.517946 0.009250
v 0.021077 0.521265 0.009250
v 0.025668 0.517714 0.009250
v 0.018300 0.519371 0.009250
v 0.018300 0.519371 0.012250
v 0.017791 0.520897 0.012250
v 0.017791 0.520897 0.009250
v 0.020399 0.521806 0.009250
v 0.020677 0.521458 0.009250
v 0.020399 0.521806 0.012250
v 0.020677 0.521458 0.012250
v 0.021077 0.521265 0.012250
v 0.019048 0.517946 0.012250
v 0.020015 0.516659 0.012250
v 0.021523 0.521265 0.009250
v 0.026016 0.517991 0.009250
v 0.026450 0.518090 0.012250
v 0.027751 0.519298 0.012250
v 0.028736 0.519486 0.012250
v 0.029643 0.519913 0.009250
v 0.029643 0.519913 0.012250
v 0.030416 0.520552 0.009250
v 0.030416 0.520552 0.012250
v 0.030525 0.520702 0.009250
v 0.029332 0.517714 0.012250
v 0.030525 0.520702 0.012250
v 0.030525 0.513777 0.012250
v 0.029525 0.517313 0.012250
v 0.033077 0.521458 0.012250
v 0.031005 0.521363 0.009250
v 0.032799 0.521806 0.012250
v 0.031005 0.521363 0.012250
v 0.032799 0.521806 0.009250
v 0.033077 0.521458 0.009250
v 0.032700 0.522240 0.012250
v 0.032700 0.524340 0.012250
v 0.031374 0.524285 0.012250
v 0.031005 0.525217 0.009250
v 0.031005 0.525217 0.012250
v 0.032799 0.524774 0.009250
v 0.032799 0.524774 0.007250
v 0.033077 0.525122 0.007250
v 0.033477 0.525315 0.007250
v 0.033923 0.525315 0.007250
v 0.034323 0.525122 0.007250
v 0.034601 0.524774 0.007250
v 0.029416 0.528990 0.007250
v 0.034700 0.524340 0.007250
v 0.030525 0.513777 0.009250
v 0.033477 0.521265 0.009250
v 0.031787 0.514256 0.009250
v 0.031787 0.514256 0.012250
v 0.033181 0.515060 0.009250
v 0.033181 0.515060 0.012250
v 0.034427 0.516078 0.009250
v 0.034427 0.516078 0.012250
v 0.035494 0.517283 0.009250
v 0.033923 0.521265 0.009250
v 0.033477 0.521265 0.012250
v 0.033923 0.521265 0.012250
v 0.034323 0.521458 0.009250
v 0.036355 0.518643 0.009250
v 0.034323 0.521458 0.012250
v 0.036985 0.520124 0.009250
v 0.036985 0.520124 0.012250
v 0.036355 0.518643 0.012250
v 0.035494 0.517283 0.012250
v 0.029332 0.516467 0.009250
v 0.029525 0.516868 0.009250
v 0.029525 0.517313 0.009250
v 0.029332 0.517714 0.009250
v 0.029525 0.516868 0.012250
v 0.029332 0.516467 0.012250
v 0.030282 0.513685 0.012250
v 0.028984 0.516189 0.012250
v 0.028705 0.513363 0.012250
v 0.027097 0.513298 0.012250
v 0.017532 0.522486 0.012250
v 0.020300 0.522240 0.012250
v 0.020300 0.524340 0.012250
v 0.017500 0.523290 0.012250
v 0.020300 0.522240 0.009250
v 0.020300 0.522240 0.007250
v 0.020434 0.521740 0.009250
v 0.020434 0.521740 0.007250
v 0.020300 0.524340 0.009250
v 0.017532 0.522486 0.009250
v 0.017500 0.523290 0.009250
v 0.017532 0.524095 0.009250
v 0.017532 0.524095 0.012250
v 0.017791 0.525683 0.012250
v 0.017791 0.525683 0.009250
v 0.020399 0.524774 0.009250
v 0.020677 0.525122 0.009250
v 0.020677 0.525122 0.012250
v 0.020399 0.524774 0.012250
v 0.021077 0.525315 0.012250
v 0.021077 0.525315 0.009250
v 0.021523 0.525315 0.012250
v 0.021523 0.525315 0.009250
v 0.021923 0.525122 0.012250
v 0.021923 0.525122 0.009250
v 0.022201 0.524774 0.012250
v 0.024264 0.525641 0.012250
v 0.023781 0.524763 0.012250
v 0.024264 0.525641 0.009250
v 0.023532 0.523792 0.012250
v 0.023500 0.523290 0.009250
v 0.023500 0.523290 0.012250
v 0.023532 0.522789 0.009250
v 0.023532 0.522789 0.012250
v 0.023781 0.521818 0.009250
v 0.023781 0.521818 0.012250
v 0.024264 0.520939 0.009250
v 0.024264 0.520939 0.012250
v 0.020800 0.521374 0.007250
v 0.020800 0.521374 0.009250
v 0.021300 0.521240 0.009250
v 0.029550 0.517090 0.007250
v 0.029550 0.517090 0.009250
v 0.035985 0.514805 0.009250
v 0.037892 0.517290 0.009250
v 0.029416 0.516590 0.009250
v 0.033500 0.512898 0.009250
v 0.035985 0.514805 0.007250
v 0.037892 0.517290 0.007250
v 0.026016 0.530391 0.009250
v 0.034700 0.524340 0.012250
v 0.029050 0.530356 0.009250
v 0.041977 0.556290 0.004119
v 0.046027 0.553290 0.007177
v 0.046027 0.556290 0.007177
v 0.049445 0.556290 0.010928
v 0.039301 0.556290 0.011976
v 0.039301 0.561290 0.011976
v 0.042362 0.556290 0.014876
v 0.042362 0.561290 0.014876
v 0.035688 0.556290 0.009802
v 0.031692 0.556290 0.008456
v 0.037434 0.556290 0.001857
v 0.035688 0.561290 0.009802
v 0.031692 0.561290 0.008456
v 0.032022 0.561290 0.006225
v 0.036347 0.561290 0.007630
v 0.036347 0.563290 0.007630
v 0.040284 0.561290 0.009904
v 0.040284 0.563290 0.009904
v 0.043663 0.563290 0.012946
v 0.035688 0.563290 0.009802
v 0.039301 0.563290 0.011976
v 0.039301 0.567790 0.011976
v 0.042362 0.563290 0.014876
v 0.042362 0.567790 0.014876
v 0.044728 0.567790 0.018366
v 0.040284 0.567790 0.009904
v 0.043663 0.567790 0.012946
v 0.043663 0.569790 0.012946
v 0.046336 0.569790 0.016625
v 0.046336 0.567790 0.016625
v 0.048185 0.569790 0.020779
v 0.048185 0.567790 0.020779
v 0.046289 0.567790 0.022283
v 0.046289 0.563290 0.022283
v 0.046971 0.567790 0.026444
v 0.044728 0.563290 0.018366
v 0.046336 0.563290 0.016625
v 0.048185 0.563290 0.020779
v 0.046336 0.561290 0.016625
v 0.048185 0.561290 0.020779
v 0.049131 0.563290 0.025227
v 0.049131 0.561290 0.025227
v 0.049131 0.563290 0.029773
v 0.046971 0.563290 0.026444
v 0.046743 0.563290 0.030655
v 0.046743 0.567790 0.030655
v 0.045615 0.567790 0.034718
v 0.049131 0.567790 0.025227
v 0.049131 0.567790 0.029773
v 0.049131 0.569790 0.029773
v 0.048185 0.569790 0.034221
v 0.048185 0.567790 0.034221
v 0.046336 0.569790 0.038375
v 0.046336 0.567790 0.038375
v 0.043640 0.567790 0.038443
v 0.043640 0.563290 0.038443
v 0.040910 0.567790 0.041657
v 0.045615 0.563290 0.034718
v 0.048185 0.563290 0.034221
v 0.046336 0.563290 0.038375
v 0.048185 0.561290 0.034221
v 0.046336 0.561290 0.038375
v 0.043663 0.563290 0.042054
v 0.043663 0.561290 0.042054
v 0.040284 0.563290 0.045096
v 0.040910 0.563290 0.041657
v 0.037553 0.563290 0.044209
v 0.037553 0.567790 0.044209
v 0.033726 0.567790 0.045979
v 0.043663 0.567790 0.042054
v 0.040284 0.567790 0.045096
v 0.040284 0.569790 0.045096
v 0.036347 0.569790 0.047370
v 0.036347 0.567790 0.047370
v 0.032022 0.567790 0.048775
v 0.032022 0.569790 0.048775
v 0.029608 0.567790 0.046886
v 0.029608 0.563290 0.046886
v 0.025392 0.567790 0.046886
v 0.027500 0.567790 0.049250
v 0.033726 0.563290 0.045979
v 0.036347 0.563290 0.047370
v 0.032022 0.563290 0.048775
v 0.036347 0.561290 0.047370
v 0.032022 0.561290 0.048775
v 0.027500 0.563290 0.049250
v 0.022978 0.563290 0.048775
v 0.027500 0.561290 0.049250
v 0.029608 0.561290 0.046886
v 0.022978 0.561290 0.048775
v 0.025392 0.561290 0.046886
v 0.021274 0.561290 0.045979
v 0.025392 0.556290 0.046886
v 0.027500 0.556290 0.047000
v 0.022447 0.556290 0.054532
v 0.027500 0.556290 0.055000
v 0.029608 0.556290 0.046886
v 0.033726 0.556290 0.045979
v 0.032553 0.556290 0.054532
v 0.032553 0.553290 0.054532
v 0.037434 0.556290 0.053143
v 0.037434 0.553290 0.053143
v 0.024475 0.553290 0.047750
v 0.039500 0.553290 0.047750
v 0.041977 0.553290 0.050881
v 0.046027 0.553290 0.047823
v 0.041977 0.556290 0.050881
v 0.046027 0.556290 0.047823
v 0.040910 0.556290 0.041657
v 0.037553 0.556290 0.044209
v 0.037553 0.561290 0.044209
v 0.033726 0.561290 0.045979
v 0.040284 0.561290 0.045096
v 0.040910 0.561290 0.041657
v 0.043640 0.561290 0.038443
v 0.043640 0.556290 0.038443
v 0.045615 0.556290 0.034718
v 0.049445 0.556290 0.044072
v 0.052117 0.553290 0.039758
v 0.052117 0.556290 0.039758
v 0.049445 0.553290 0.044072
v 0.039500 0.553290 0.045750
v 0.039500 0.523290 0.045750
v 0.039500 0.523290 0.047750
v 0.029550 0.529490 0.045750
v 0.029416 0.529990 0.045750
v 0.029050 0.530356 0.045750
v 0.054883 0.553290 0.024963
v 0.054883 0.553290 0.030037
v 0.053950 0.553290 0.035026
v 0.053950 0.556290 0.035026
v 0.054883 0.556290 0.030037
v 0.046743 0.556290 0.030655
v 0.045615 0.561290 0.034718
v 0.046971 0.556290 0.026444
v 0.046743 0.561290 0.030655
v 0.046971 0.561290 0.026444
v 0.049131 0.561290 0.029773
v 0.046289 0.556290 0.022283
v 0.046289 0.561290 0.022283
v 0.044728 0.556290 0.018366
v 0.044728 0.561290 0.018366
v 0.043663 0.561290 0.012946
v 0.052117 0.556290 0.015242
v 0.053950 0.556290 0.019974
v 0.053950 0.553290 0.019974
v 0.054883 0.556290 0.024963
v 0.052117 0.553290 0.015242
v 0.049445 0.553290 0.010928
v 0.029050 0.530356 0.047750
v 0.028550 0.530490 0.045750
v 0.029416 0.529990 0.047750
v 0.029550 0.529490 0.047750
v 0.029416 0.528990 0.047750
v 0.029050 0.528624 0.047750
v 0.033923 0.525315 0.047750
v 0.033077 0.525122 0.047750
v 0.033477 0.525315 0.047750
v 0.029416 0.528990 0.045750
v 0.034323 0.525122 0.047750
v 0.034323 0.525122 0.045750
v 0.034601 0.524774 0.047750
v 0.033923 0.525315 0.045750
v 0.029050 0.528624 0.045750
v 0.033477 0.525315 0.045750
v 0.030525 0.526315 0.045750
v 0.037020 0.526315 0.045750
v 0.033477 0.525315 0.042750
v 0.033923 0.525315 0.042750
v 0.037020 0.526315 0.042750
v 0.034323 0.525122 0.042750
v 0.030525 0.526315 0.042750
v 0.030525 0.525878 0.042750
v 0.033077 0.525122 0.042750
v 0.030416 0.526028 0.042750
v 0.030069 0.526315 0.042750
v 0.028984 0.528589 0.042750
v 0.030525 0.532803 0.042750
v 0.031787 0.532325 0.042750
v 0.033181 0.531520 0.042750
v 0.034427 0.530502 0.042750
v 0.035494 0.529298 0.042750
v 0.036355 0.527937 0.042750
v 0.036985 0.526457 0.042750
v 0.029332 0.528867 0.042750
v 0.029525 0.529268 0.042750
v 0.029525 0.529713 0.042750
v 0.029525 0.529713 0.045750
v 0.029525 0.529268 0.045750
v 0.029332 0.530114 0.042750
v 0.029332 0.530114 0.045750
v 0.030282 0.532895 0.042750
v 0.028984 0.530391 0.042750
v 0.028984 0.530391 0.045750
v 0.028705 0.533217 0.042750
v 0.028550 0.530490 0.042750
v 0.026450 0.530490 0.042750
v 0.027097 0.533282 0.042750
v 0.025500 0.533088 0.042750
v 0.027097 0.533282 0.045750
v 0.028705 0.533217 0.045750
v 0.030282 0.532895 0.045750
v 0.030525 0.532803 0.045750
v 0.031787 0.532325 0.045750
v 0.033181 0.531520 0.045750
v 0.034427 0.530502 0.045750
v 0.035494 0.529298 0.045750
v 0.036355 0.527937 0.045750
v 0.036985 0.526457 0.045750
v 0.026450 0.530490 0.045750
v 0.025500 0.533088 0.045750
v 0.023954 0.532640 0.042750
v 0.026016 0.530391 0.045750
v 0.023954 0.532640 0.045750
v 0.022500 0.531951 0.042750
v 0.025668 0.530114 0.045750
v 0.022500 0.531951 0.045750
v 0.025475 0.529713 0.045750
v 0.021176 0.531036 0.045750
v 0.021176 0.531036 0.042750
v 0.025475 0.529713 0.042750
v 0.025668 0.530114 0.042750
v 0.020015 0.529921 0.042750
v 0.025475 0.529268 0.042750
v 0.019048 0.528635 0.042750
v 0.020015 0.529921 0.045750
v 0.019048 0.528635 0.045750
v 0.025475 0.529268 0.045750
v 0.025668 0.528867 0.042750
v 0.018300 0.527210 0.045750
v 0.025668 0.528867 0.045750
v 0.026016 0.528589 0.042750
v 0.026016 0.528589 0.045750
v 0.024950 0.526372 0.045750
v 0.018002 0.526315 0.045750
v 0.020677 0.525122 0.045750
v 0.020399 0.524774 0.045750
v 0.017791 0.525683 0.045750
v 0.018002 0.526315 0.042750
v 0.021077 0.525315 0.045750
v 0.024897 0.526315 0.045750
v 0.021523 0.525315 0.045750
v 0.018300 0.527210 0.042750
v 0.021077 0.525315 0.042750
v 0.021523 0.525315 0.042750
v 0.021923 0.525122 0.045750
v 0.021923 0.525122 0.042750
v 0.022201 0.524774 0.045750
v 0.024264 0.525641 0.045750
v 0.023781 0.524763 0.042750
v 0.023781 0.524763 0.045750
v 0.024264 0.525641 0.042750
v 0.022201 0.524774 0.042750
v 0.024897 0.526315 0.042750
v 0.024950 0.526372 0.042750
v 0.025797 0.526910 0.042750
v 0.025797 0.526910 0.045750
v 0.026750 0.527219 0.045750
v 0.026450 0.528490 0.045750
v 0.027982 0.527261 0.045750
v 0.025950 0.528624 0.045750
v 0.026082 0.527030 0.045750
v 0.025950 0.528624 0.047750
v 0.028550 0.528490 0.047750
v 0.026450 0.528490 0.047750
v 0.028550 0.528490 0.042750
v 0.026450 0.528490 0.042750
v 0.028550 0.528490 0.045750
v 0.032700 0.524340 0.045750
v 0.028984 0.528589 0.045750
v 0.028736 0.527094 0.045750
v 0.027751 0.527282 0.045750
v 0.032799 0.524774 0.045750
v 0.029772 0.526582 0.045750
v 0.033077 0.525122 0.045750
v 0.032799 0.524774 0.042750
v 0.031374 0.524285 0.042750
v 0.032700 0.524340 0.042750
v 0.031005 0.525217 0.042750
v 0.031374 0.524285 0.045750
v 0.031005 0.525217 0.045750
v 0.030525 0.525878 0.045750
v 0.030416 0.526028 0.045750
v 0.030069 0.526315 0.045750
v 0.029643 0.526668 0.042750
v 0.029332 0.528867 0.045750
v 0.029643 0.526668 0.045750
v 0.028736 0.527094 0.042750
v 0.027751 0.527282 0.042750
v 0.026750 0.527219 0.042750
v 0.031500 0.523290 0.045750
v 0.032700 0.522240 0.045750
v 0.031042 0.521431 0.045750
v 0.032834 0.521740 0.045750
v 0.032799 0.521806 0.042750
v 0.032799 0.521806 0.045750
v 0.032700 0.522240 0.042750
v 0.032700 0.522240 0.047750
v 0.032834 0.521740 0.047750
v 0.031042 0.525149 0.047750
v 0.032700 0.524340 0.047750
v 0.031500 0.523290 0.047750
v 0.031042 0.521431 0.047750
v 0.031042 0.525149 0.045750
v 0.030009 0.520265 0.047750
v 0.029772 0.519998 0.047750
v 0.033700 0.521240 0.047750
v 0.033200 0.521374 0.047750
v 0.030009 0.520265 0.045750
v 0.039102 0.520265 0.047750
v 0.029050 0.517956 0.047750
v 0.029050 0.517956 0.045750
v 0.029416 0.517590 0.047750
v 0.028550 0.518090 0.045750
v 0.028550 0.518090 0.047750
v 0.027982 0.519319 0.047750
v 0.026450 0.518090 0.047750
v 0.025950 0.517956 0.045750
v 0.025950 0.517956 0.047750
v 0.026450 0.518090 0.045750
v 0.026082 0.519550 0.047750
v 0.027982 0.519319 0.045750
v 0.025046 0.520265 0.047750
v 0.026082 0.519550 0.045750
v 0.024475 0.520265 0.047750
v 0.024394 0.511699 0.047750
v 0.025450 0.517090 0.047750
v 0.019015 0.514805 0.047750
v 0.017108 0.517290 0.047750
v 0.025584 0.517590 0.047750
v 0.015909 0.520184 0.047750
v 0.015898 0.520265 0.047750
v 0.024506 0.520638 0.047750
v 0.021300 0.521240 0.047750
v 0.021800 0.521374 0.047750
v 0.022166 0.521740 0.047750
v 0.024475 0.520697 0.047750
v 0.021500 0.512898 0.047750
v 0.024475 0.511688 0.047750
v 0.027500 0.511290 0.047750
v 0.024475 0.511688 0.045750
v 0.026450 0.516090 0.047750
v 0.024394 0.511699 0.045750
v 0.025950 0.516224 0.047750
v 0.025584 0.516590 0.047750
v 0.025950 0.516224 0.045750
v 0.025584 0.516590 0.045750
v 0.025450 0.517090 0.045750
v 0.024475 0.520265 0.045750
v 0.025584 0.517590 0.045750
v 0.019015 0.514805 0.045750
v 0.017108 0.517290 0.045750
v 0.015909 0.520184 0.045750
v 0.025046 0.520265 0.045750
v 0.015898 0.520265 0.045750
v 0.021300 0.521240 0.045750
v 0.023616 0.522333 0.045750
v 0.024475 0.520697 0.045750
v 0.021800 0.521374 0.045750
v 0.022166 0.521740 0.045750
v 0.024506 0.520638 0.045750
v 0.021500 0.512898 0.045750
v 0.022300 0.522240 0.045750
v 0.022201 0.521806 0.045750
v 0.023781 0.521818 0.045750
v 0.022300 0.522240 0.042750
v 0.023532 0.522789 0.045750
v 0.022300 0.524340 0.042750
v 0.023500 0.523290 0.045750
v 0.022300 0.522240 0.047750
v 0.023616 0.524248 0.045750
v 0.022300 0.524340 0.045750
v 0.022300 0.524340 0.047750
v 0.023616 0.524248 0.047750
v 0.022166 0.524840 0.045750
v 0.022166 0.524840 0.047750
v 0.023616 0.522333 0.047750
v 0.024475 0.525884 0.047750
v 0.021800 0.525206 0.045750
v 0.021800 0.525206 0.047750
v 0.021300 0.525340 0.045750
v 0.021300 0.525340 0.047750
v 0.020800 0.525206 0.047750
v 0.020800 0.525206 0.045750
v 0.020434 0.524840 0.045750
v 0.015500 0.523290 0.045750
v 0.020300 0.524340 0.045750
v 0.015500 0.523290 0.047750
v 0.015500 0.553290 0.047750
v 0.013023 0.553290 0.050881
v 0.020434 0.524840 0.047750
v 0.017566 0.553290 0.053143
v 0.022447 0.553290 0.054532
v 0.013023 0.556290 0.050881
v 0.017566 0.556290 0.053143
v 0.021274 0.556290 0.045979
v 0.017447 0.561290 0.044209
v 0.017447 0.556290 0.044209
v 0.008973 0.556290 0.047823
v 0.014090 0.561290 0.041657
v 0.014090 0.556290 0.041657
v 0.005555 0.556290 0.044072
v 0.011360 0.561290 0.038443
v 0.011360 0.556290 0.038443
v 0.009385 0.556290 0.034718
v 0.002883 0.556290 0.039758
v 0.009385 0.561290 0.034718
v 0.008257 0.561290 0.030655
v 0.006815 0.561290 0.034221
v 0.008664 0.561290 0.038375
v 0.006815 0.563290 0.034221
v 0.011337 0.561290 0.042054
v 0.008664 0.563290 0.038375
v 0.011337 0.563290 0.042054
v 0.011360 0.563290 0.038443
v 0.014090 0.563290 0.041657
v 0.011360 0.567790 0.038443
v 0.017447 0.563290 0.044209
v 0.014090 0.567790 0.041657
v 0.017447 0.567790 0.044209
v 0.011337 0.567790 0.042054
v 0.014716 0.567790 0.045096
v 0.011337 0.569790 0.042054
v 0.018653 0.567790 0.047370
v 0.014716 0.569790 0.045096
v 0.018653 0.569790 0.047370
v 0.017447 0.569790 0.044209
v 0.021274 0.569790 0.045979
v 0.017447 0.576290 0.044209
v 0.025392 0.569790 0.046886
v 0.021274 0.576290 0.045979
v 0.025392 0.576290 0.046886
v 0.023495 0.576290 0.045049
v 0.027500 0.576290 0.045500
v 0.031505 0.576290 0.045049
v 0.027500 0.556290 0.045500
v 0.031505 0.556290 0.045049
v 0.029608 0.576290 0.046886
v 0.027500 0.576290 0.047000
v 0.029608 0.569790 0.046886
v 0.033726 0.569790 0.045979
v 0.022978 0.569790 0.048775
v 0.027500 0.569790 0.049250
v 0.022978 0.567790 0.048775
v 0.021274 0.567790 0.045979
v 0.021274 0.563290 0.045979
v 0.025392 0.563290 0.046886
v 0.018653 0.563290 0.047370
v 0.014716 0.563290 0.045096
v 0.018653 0.561290 0.047370
v 0.014716 0.561290 0.045096
v 0.033726 0.576290 0.045979
v 0.037553 0.569790 0.044209
v 0.040910 0.569790 0.041657
v 0.037553 0.576290 0.044209
v 0.038723 0.576290 0.041573
v 0.035310 0.576290 0.043717
v 0.040910 0.576290 0.041657
v 0.043640 0.576290 0.038443
v 0.041573 0.576290 0.038723
v 0.043640 0.569790 0.038443
v 0.045615 0.569790 0.034718
v 0.043663 0.569790 0.042054
v 0.045615 0.576290 0.034718
v 0.046743 0.569790 0.030655
v 0.046971 0.569790 0.026444
v 0.046743 0.576290 0.030655
v 0.046971 0.576290 0.026444
v 0.045500 0.576290 0.027500
v 0.045049 0.576290 0.031505
v 0.045500 0.556290 0.027500
v 0.045049 0.556290 0.031505
v 0.043717 0.576290 0.035310
v 0.043717 0.556290 0.035310
v 0.041573 0.556290 0.038723
v 0.027500 0.556290 0.027500
v 0.027500 0.556290 0.009500
v 0.031505 0.556290 0.009951
v 0.023495 0.556290 0.009951
v 0.019690 0.556290 0.011283
v 0.035310 0.556290 0.011283
v 0.016277 0.556290 0.013427
v 0.038723 0.556290 0.013427
v 0.013427 0.556290 0.016277
v 0.041573 0.556290 0.016277
v 0.011283 0.556290 0.019690
v 0.043717 0.556290 0.019690
v 0.009951 0.556290 0.023495
v 0.045049 0.556290 0.023495
v 0.009500 0.556290 0.027500
v 0.009951 0.556290 0.031505
v 0.016277 0.556290 0.041573
v 0.019690 0.556290 0.043717
v 0.023495 0.556290 0.045049
v 0.011283 0.556290 0.035310
v 0.013427 0.556290 0.038723
v 0.035310 0.556290 0.043717
v 0.038723 0.556290 0.041573
v 0.011283 0.576290 0.035310
v 0.013427 0.576290 0.038723
v 0.016277 0.576290 0.041573
v 0.009385 0.576290 0.034718
v 0.011360 0.576290 0.038443
v 0.014090 0.569790 0.041657
v 0.014090 0.576290 0.041657
v 0.011360 0.569790 0.038443
v 0.009385 0.569790 0.034718
v 0.006815 0.569790 0.034221
v 0.008664 0.569790 0.038375
v 0.008664 0.567790 0.038375
v 0.009385 0.567790 0.034718
v 0.006815 0.567790 0.034221
v 0.005869 0.567790 0.029773
v 0.008257 0.567790 0.030655
v 0.005869 0.569790 0.029773
v 0.005869 0.569790 0.025227
v 0.008257 0.569790 0.030655
v 0.008029 0.569790 0.026444
v 0.008029 0.576290 0.026444
v 0.008257 0.576290 0.030655
v 0.009951 0.576290 0.031505
v 0.009500 0.576290 0.027500
v 0.008711 0.576290 0.022283
v 0.009951 0.576290 0.023495
v 0.010272 0.576290 0.018366
v 0.011283 0.576290 0.019690
v 0.012638 0.576290 0.014876
v 0.013427 0.576290 0.016277
v 0.016277 0.576290 0.013427
v 0.015699 0.576290 0.011976
v 0.019312 0.576290 0.009802
v 0.015699 0.569790 0.011976
v 0.012638 0.569790 0.014876
v 0.014716 0.569790 0.009904
v 0.010272 0.569790 0.018366
v 0.011337 0.569790 0.012946
v 0.011337 0.567790 0.012946
v 0.008664 0.567790 0.016625
v 0.008664 0.569790 0.016625
v 0.006815 0.567790 0.020779
v 0.006815 0.569790 0.020779
v 0.008711 0.569790 0.022283
v 0.005869 0.567790 0.025227
v 0.008029 0.567790 0.026444
v 0.008711 0.567790 0.022283
v 0.010272 0.567790 0.018366
v 0.008029 0.563290 0.026444
v 0.008711 0.563290 0.022283
v 0.006815 0.563290 0.020779
v 0.010272 0.563290 0.018366
v 0.008664 0.563290 0.016625
v 0.011337 0.563290 0.012946
v 0.006815 0.561290 0.020779
v 0.008664 0.561290 0.016625
v 0.011337 0.561290 0.012946
v 0.012638 0.561290 0.014876
v 0.010272 0.561290 0.018366
v 0.008711 0.556290 0.022283
v 0.010272 0.556290 0.018366
v 0.008711 0.561290 0.022283
v 0.008029 0.556290 0.026444
v 0.005869 0.561290 0.025227
v 0.008029 0.561290 0.026444
v 0.008257 0.556290 0.030655
v 0.005869 0.561290 0.029773
v 0.005869 0.563290 0.025227
v 0.005869 0.563290 0.029773
v 0.008257 0.563290 0.030655
v 0.009385 0.563290 0.034718
v 0.000117 0.556290 0.024963
v 0.001050 0.556290 0.035026
v 0.000117 0.556290 0.030037
v 0.001050 0.553290 0.035026
v 0.002883 0.553290 0.039758
v 0.005555 0.553290 0.044072
v 0.008973 0.553290 0.047823
v 0.000117 0.553290 0.024963
v 0.001050 0.556290 0.019974
v 0.002883 0.556290 0.015242
v 0.001050 0.553290 0.019974
v 0.002883 0.553290 0.015242
v 0.005555 0.556290 0.010928
v 0.005555 0.553290 0.010928
v 0.008973 0.556290 0.007177
v 0.015699 0.556290 0.011976
v 0.012638 0.556290 0.014876
v 0.013023 0.556290 0.004119
v 0.017566 0.556290 0.001857
v 0.019312 0.556290 0.009802
v 0.023308 0.556290 0.008456
v 0.022447 0.556290 0.000468
v 0.023308 0.561290 0.008456
v 0.019312 0.561290 0.009802
v 0.015699 0.561290 0.011976
v 0.018653 0.561290 0.007630
v 0.014716 0.561290 0.009904
v 0.018653 0.563290 0.007630
v 0.014716 0.563290 0.009904
v 0.015699 0.563290 0.011976
v 0.012638 0.563290 0.014876
v 0.015699 0.567790 0.011976
v 0.012638 0.567790 0.014876
v 0.014716 0.567790 0.009904
v 0.019312 0.567790 0.009802
v 0.023308 0.567790 0.008456
v 0.019312 0.563290 0.009802
v 0.018653 0.567790 0.007630
v 0.022978 0.569790 0.006225
v 0.018653 0.569790 0.007630
v 0.022978 0.567790 0.006225
v 0.027500 0.567790 0.008000
v 0.027500 0.567790 0.005750
v 0.027500 0.569790 0.005750
v 0.027500 0.569790 0.008000
v 0.023308 0.569790 0.008456
v 0.032022 0.569790 0.006225
v 0.032022 0.567790 0.006225
v 0.036347 0.569790 0.007630
v 0.031692 0.569790 0.008456
v 0.035688 0.569790 0.009802
v 0.031692 0.576290 0.008456
v 0.035688 0.576290 0.009802
v 0.035310 0.576290 0.011283
v 0.039301 0.576290 0.011976
v 0.031505 0.576290 0.009951
v 0.027500 0.576290 0.009500
v 0.027500 0.576290 0.008000
v 0.023495 0.576290 0.009951
v 0.023308 0.576290 0.008456
v 0.019690 0.576290 0.011283
v 0.019312 0.569790 0.009802
v 0.039301 0.569790 0.011976
v 0.042362 0.576290 0.014876
v 0.038723 0.576290 0.013427
v 0.041573 0.576290 0.016277
v 0.043717 0.576290 0.019690
v 0.044728 0.576290 0.018366
v 0.044728 0.569790 0.018366
v 0.046289 0.576290 0.022283
v 0.042362 0.569790 0.014876
v 0.045049 0.576290 0.023495
v 0.046289 0.569790 0.022283
v 0.049131 0.569790 0.025227
v 0.040284 0.569790 0.009904
v 0.036347 0.567790 0.007630
v 0.035688 0.567790 0.009802
v 0.031692 0.567790 0.008456
v 0.031692 0.563290 0.008456
v 0.032022 0.563290 0.006225
v 0.027500 0.563290 0.008000
v 0.023308 0.563290 0.008456
v 0.027500 0.563290 0.005750
v 0.022978 0.563290 0.006225
v 0.022978 0.561290 0.006225
v 0.027500 0.561290 0.005750
v 0.027500 0.561290 0.008000
v 0.027500 0.556290 0.008000
v 0.032553 0.556290 0.000468
v 0.027500 0.556290 0.000000
v 0.019690 0.576290 0.043717
v 0.027500 0.553290 0.055000
v 0.020300 0.524340 0.047750
v 0.020300 0.522240 0.047750
v 0.020434 0.521740 0.047750
v 0.020434 0.521740 0.045750
v 0.020300 0.522240 0.045750
v 0.020399 0.521806 0.042750
v 0.017532 0.522486 0.045750
v 0.020300 0.522240 0.042750
v 0.020399 0.521806 0.045750
v 0.017500 0.523290 0.045750
v 0.017500 0.523290 0.042750
v 0.017532 0.524095 0.042750
v 0.017532 0.524095 0.045750
v 0.020300 0.524340 0.042750
v 0.017791 0.525683 0.042750
v 0.020399 0.524774 0.042750
v 0.020677 0.525122 0.042750
v 0.017532 0.522486 0.042750
v 0.017791 0.520897 0.042750
v 0.017791 0.520897 0.045750
v 0.018300 0.519371 0.042750
v 0.019048 0.517946 0.042750
v 0.021077 0.521265 0.042750
v 0.025475 0.517313 0.042750
v 0.018300 0.519371 0.045750
v 0.020677 0.521458 0.042750
v 0.020677 0.521458 0.045750
v 0.019048 0.517946 0.045750
v 0.021077 0.521265 0.045750
v 0.020015 0.516659 0.045750
v 0.021523 0.521265 0.042750
v 0.021523 0.521265 0.045750
v 0.021176 0.515544 0.045750
v 0.022500 0.514630 0.045750
v 0.021923 0.521458 0.045750
v 0.021923 0.521458 0.042750
v 0.026016 0.517991 0.042750
v 0.026450 0.518090 0.042750
v 0.028550 0.518090 0.042750
v 0.025797 0.519671 0.042750
v 0.022201 0.521806 0.042750
v 0.024950 0.520208 0.042750
v 0.024264 0.520939 0.042750
v 0.023781 0.521818 0.042750
v 0.023532 0.522789 0.042750
v 0.023500 0.523290 0.042750
v 0.023532 0.523792 0.042750
v 0.023532 0.523792 0.045750
v 0.024264 0.520939 0.045750
v 0.024950 0.520208 0.045750
v 0.025797 0.519671 0.045750
v 0.026016 0.517991 0.045750
v 0.025668 0.517714 0.045750
v 0.026750 0.519361 0.045750
v 0.026750 0.519361 0.042750
v 0.027751 0.519298 0.042750
v 0.027751 0.519298 0.045750
v 0.028736 0.519486 0.042750
v 0.028984 0.517991 0.042750
v 0.029643 0.519913 0.042750
v 0.028736 0.519486 0.045750
v 0.028984 0.517991 0.045750
v 0.029643 0.519913 0.045750
v 0.030416 0.520552 0.042750
v 0.030416 0.520552 0.045750
v 0.030525 0.520702 0.045750
v 0.030525 0.520702 0.042750
v 0.029332 0.517714 0.045750
v 0.029332 0.517714 0.042750
v 0.029525 0.517313 0.045750
v 0.030525 0.513777 0.045750
v 0.029525 0.517313 0.042750
v 0.029525 0.516868 0.045750
v 0.029525 0.516868 0.042750
v 0.029332 0.516467 0.045750
v 0.030282 0.513685 0.045750
v 0.028984 0.516189 0.045750
v 0.029332 0.516467 0.042750
v 0.030525 0.513777 0.042750
v 0.028984 0.516189 0.042750
v 0.028550 0.516090 0.042750
v 0.030282 0.513685 0.042750
v 0.028550 0.516090 0.045750
v 0.030606 0.511699 0.045750
v 0.027500 0.511290 0.045750
v 0.026450 0.516090 0.045750
v 0.027097 0.513298 0.045750
v 0.028705 0.513363 0.045750
v 0.028550 0.516090 0.047750
v 0.029050 0.516224 0.045750
v 0.029050 0.516224 0.047750
v 0.029416 0.516590 0.045750
v 0.033500 0.512898 0.045750
v 0.030606 0.511699 0.047750
v 0.035985 0.514805 0.045750
v 0.033500 0.512898 0.047750
v 0.029416 0.516590 0.047750
v 0.035985 0.514805 0.047750
v 0.037892 0.517290 0.045750
v 0.037892 0.517290 0.047750
v 0.029550 0.517090 0.047750
v 0.029416 0.517590 0.045750
v 0.039091 0.520184 0.047750
v 0.029550 0.517090 0.045750
v 0.039091 0.520184 0.045750
v 0.039102 0.520265 0.045750
v 0.033700 0.521240 0.045750
v 0.034200 0.521374 0.045750
v 0.034566 0.521740 0.045750
v 0.034700 0.522240 0.045750
v 0.036985 0.520124 0.045750
v 0.034601 0.521806 0.045750
v 0.037371 0.521686 0.045750
v 0.034700 0.522240 0.042750
v 0.037500 0.523290 0.045750
v 0.034700 0.524340 0.042750
v 0.034566 0.521740 0.047750
v 0.034700 0.524340 0.047750
v 0.034700 0.522240 0.047750
v 0.034700 0.524340 0.045750
v 0.037371 0.524894 0.045750
v 0.034601 0.524774 0.042750
v 0.034601 0.524774 0.045750
v 0.037371 0.524894 0.042750
v 0.037500 0.523290 0.042750
v 0.037371 0.521686 0.042750
v 0.034601 0.521806 0.042750
v 0.036985 0.520124 0.042750
v 0.036355 0.518643 0.042750
v 0.034323 0.521458 0.042750
v 0.036355 0.518643 0.045750
v 0.035494 0.517283 0.045750
v 0.034323 0.521458 0.045750
v 0.033923 0.521265 0.045750
v 0.034427 0.516078 0.045750
v 0.033477 0.521265 0.045750
v 0.033181 0.515060 0.045750
v 0.033923 0.521265 0.042750
v 0.033477 0.521265 0.042750
v 0.035494 0.517283 0.042750
v 0.034427 0.516078 0.042750
v 0.033181 0.515060 0.042750
v 0.031787 0.514256 0.045750
v 0.031787 0.514256 0.042750
v 0.033077 0.521458 0.042750
v 0.033077 0.521458 0.045750
v 0.034200 0.521374 0.047750
v 0.033200 0.521374 0.045750
v 0.028705 0.513363 0.042750
v 0.027097 0.513298 0.042750
v 0.025500 0.513492 0.045750
v 0.025500 0.513492 0.042750
v 0.026450 0.516090 0.042750
v 0.026016 0.516189 0.042750
v 0.026016 0.516189 0.045750
v 0.025668 0.516467 0.045750
v 0.023954 0.513940 0.045750
v 0.023954 0.513940 0.042750
v 0.022500 0.514630 0.042750
v 0.025668 0.516467 0.042750
v 0.025475 0.516868 0.042750
v 0.025475 0.516868 0.045750
v 0.025475 0.517313 0.045750
v 0.021176 0.515544 0.042750
v 0.020015 0.516659 0.042750
v 0.031005 0.521363 0.042750
v 0.031005 0.521363 0.045750
v 0.031374 0.522295 0.042750
v 0.031374 0.522295 0.045750
v 0.031500 0.523290 0.042750
v 0.025668 0.517714 0.042750
v 0.020800 0.521374 0.045750
v 0.020800 0.521374 0.047750
v 0.024506 0.525943 0.047750
v 0.025584 0.528990 0.047750
v 0.025450 0.529490 0.047750
v 0.024475 0.525884 0.045750
v 0.025450 0.529490 0.045750
v 0.025584 0.528990 0.045750
v 0.024506 0.525943 0.045750
v 0.026082 0.527030 0.047750
v 0.027982 0.527261 0.047750
v 0.029772 0.526582 0.047750
v 0.025584 0.529990 0.045750
v 0.025584 0.529990 0.047750
v 0.025950 0.530356 0.047750
v 0.025950 0.530356 0.045750
v 0.026450 0.530490 0.047750
v 0.028550 0.530490 0.047750
v 0.029772 0.519998 0.045750
v 0.032799 0.524774 0.047750
v 0.026016 0.530391 0.042750
v 0.015909 0.520184 0.009250
v 0.017108 0.517290 0.009250
v 0.019015 0.514805 0.009250
v 0.021500 0.512898 0.009250
v 0.024394 0.511699 0.009250
v 0.024475 0.520697 0.009250
vn 0.0183 0.0000 -0.9998
vn -0.1772 0.0000 -0.9842
vn 0.0000 -1.0000 0.0001
vn 0.0000 -1.0000 0.0000
vn 0.2130 0.0000 -0.9771
vn 0.0000 -1.0000 -0.0001
vn -0.3657 0.0000 -0.9307
vn 0.3995 0.0000 -0.9167
vn -0.1099 0.0000 0.9939
vn 0.0925 0.0000 0.9957
vn 0.2910 0.0000 0.9567
vn -0.2591 0.0000 0.9658
vn -0.3658 0.0000 -0.9307
vn -0.5403 0.0000 -0.8415
vn -0.3555 0.0000 0.9347
vn 0.5707 0.0000 -0.8212
vn 0.4776 0.0000 0.8786
vn -0.4929 0.0000 0.8701
vn -0.6941 0.0000 -0.7199
vn 0.6447 0.0000 0.7644
vn 0.7199 0.0000 -0.6941
vn -0.6580 0.0000 0.7530
vn -0.8212 0.0000 -0.5707
vn 0.7854 0.0000 0.6190
vn -0.7961 0.0000 0.6052
vn 0.8415 0.0000 -0.5403
vn 0.8939 0.0000 0.4482
vn -0.9167 0.0000 -0.3995
vn -0.9016 0.0000 0.4325
vn 0.9307 0.0000 -0.3658
vn 0.9658 0.0000 0.2591
vn -0.9702 0.0000 0.2422
vn -0.9771 0.0000 -0.2130
vn 0.9842 0.0000 -0.1772
vn 0.9982 0.0000 0.0594
vn -0.9991 0.0000 0.0419
vn -0.9998 0.0000 -0.0183
vn 0.9998 0.0000 0.0183
vn 0.9898 0.0000 -0.1428
vn -0.9871 0.0000 -0.1601
vn -0.9842 0.0000 0.1772
vn 0.9771 0.0000 0.2130
vn 0.9408 0.0000 -0.3391
vn -0.9347 0.0000 -0.3555
vn -0.9307 0.0000 0.3658
vn 0.9167 0.0000 0.3995
vn 0.8532 0.0000 -0.5215
vn -0.8440 0.0000 -0.5364
vn -0.8415 0.0000 0.5403
vn 0.8212 0.0000 0.5707
vn 0.7308 0.0000 -0.6826
vn -0.7187 0.0000 -0.6953
vn -0.7199 0.0000 0.6941
vn 0.6941 0.0000 0.7199
vn 0.5784 0.0000 -0.8157
vn -0.5641 0.0000 -0.8257
vn -0.5706 0.0000 0.8212
vn 0.5403 0.0000 0.8415
vn 0.4024 0.0000 -0.9155
vn -0.3863 0.0000 -0.9224
vn -0.5707 0.0000 0.8212
vn -0.3995 0.0000 0.9167
vn 0.2099 0.0000 -0.9777
vn -0.1927 0.0000 -0.9813
vn 0.3657 0.0000 0.9307
vn 0.3658 0.0000 0.9307
vn 0.0088 0.0000 -1.0000
vn -0.2130 0.0000 0.9771
vn 0.1772 0.0000 0.9842
vn -0.0183 0.0000 0.9998
vn 0.0356 0.0000 -0.9994
vn -0.1487 0.0000 -0.9889
vn 0.2186 0.0000 -0.9758
vn -0.3278 0.0000 -0.9447
vn 0.3942 0.0000 -0.9190
vn -0.3279 0.0000 -0.9447
vn -0.4959 0.0000 -0.8684
vn 0.5564 0.0000 -0.8309
vn -0.6470 0.0000 -0.7625
vn 0.6996 0.0000 -0.7146
vn -0.7761 0.0000 -0.6307
vn 0.8189 0.0000 -0.5739
vn -0.7761 0.0000 -0.6306
vn -0.8787 0.0000 -0.4773
vn 0.9105 0.0000 -0.4136
vn -0.9515 0.0000 -0.3077
vn 0.9710 0.0000 -0.2393
vn -0.9918 0.0000 -0.1276
vn 0.9984 0.0000 -0.0568
vn -0.9984 0.0000 0.0568
vn 0.9918 0.0000 0.1276
vn -0.9710 0.0000 0.2393
vn 0.9515 0.0000 0.3077
vn -0.9105 0.0000 0.4136
vn 0.8787 0.0000 0.4773
vn -0.8190 0.0000 0.5739
vn 0.7761 0.0000 0.6306
vn -0.8189 0.0000 0.5739
vn -0.6996 0.0000 0.7146
vn 0.6470 0.0000 0.7625
vn -0.6995 0.0000 0.7146
vn -0.5563 0.0000 0.8309
vn 0.4959 0.0000 0.8684
vn -0.5563 0.0000 0.8310
vn -0.3942 0.0000 0.9190
vn 0.3278 0.0000 0.9447
vn 0.3279 0.0000 0.9447
vn -0.2186 0.0000 0.9758
vn 0.1487 0.0000 0.9889
vn -0.0356 0.0000 0.9994
vn 0.0000 1.0000 0.0000
vn 0.0000 1.0000 -0.0001
vn 0.0000 1.0000 0.0001
vn -0.9307 0.0000 0.3657
vn 0.1771 0.0000 0.9842
vn 0.6995 0.0000 -0.7146
vn -0.5564 0.0000 0.8309
vn -0.1004 0.0000 -0.9949
vn 0.0647 0.0000 -0.9979
vn 0.2281 0.0000 -0.9736
vn -0.2628 0.0000 -0.9648
vn 0.3852 0.0000 -0.9228
vn -0.4180 0.0000 -0.9084
vn -0.2628 0.0000 -0.9649
vn 0.5319 0.0000 -0.8468
vn -0.5619 0.0000 -0.8272
vn 0.6640 0.0000 -0.7478
vn 0.6640 0.0000 -0.7477
vn -0.6904 0.0000 -0.7235
vn 0.7780 0.0000 -0.6283
vn 0.7780 0.0000 -0.6282
vn -0.8000 0.0000 -0.6000
vn -0.6903 0.0000 -0.7235
vn 0.8708 0.0000 -0.4916
vn -0.8879 0.0000 -0.4601
vn 0.9398 0.0000 -0.3416
vn 0.9833 0.0000 -0.1822
vn -0.9892 0.0000 -0.1469
vn 0.9998 0.0000 -0.0179
vn -0.9998 0.0000 0.0179
vn 0.9892 0.0000 0.1469
vn -0.9833 0.0000 0.1822
vn -0.9398 0.0000 0.3416
vn 0.8879 0.0000 0.4601
vn -0.8708 0.0000 0.4916
vn 0.8000 0.0000 0.6000
vn -0.7780 0.0000 0.6282
vn 0.6903 0.0000 0.7235
vn 0.6904 0.0000 0.7235
vn -0.6640 0.0000 0.7477
vn -0.7780 0.0000 0.6283
vn 0.5618 0.0000 0.8272
vn 0.5619 0.0000 0.8272
vn -0.5319 0.0000 0.8468
vn -0.6640 0.0000 0.7478
vn 0.4180 0.0000 0.9084
vn -0.3852 0.0000 0.9228
vn 0.2628 0.0000 0.9649
vn 0.2628 0.0000 0.9648
vn -0.2281 0.0000 0.9736
vn 0.1004 0.0000 0.9949
vn -0.0647 0.0000 0.9979
vn -0.0514 0.8387 -0.5421
vn -0.0514 0.8388 -0.5421
vn -0.1140 0.8388 -0.5325
vn -0.1139 0.8387 -0.5325
vn -0.0460 0.8730 -0.4856
vn -0.0460 0.8730 -0.4855
vn -0.1021 0.8730 -0.4770
vn -0.1750 0.8387 -0.5157
vn -0.1750 0.8388 -0.5156
vn -0.1021 0.8729 -0.4770
vn -0.1567 0.8730 -0.4619
vn -0.2337 0.8387 -0.4919
vn -0.2093 0.8730 -0.4404
vn -0.2892 0.8388 -0.4613
vn -0.2892 0.8387 -0.4615
vn -0.2093 0.8728 -0.4409
vn -0.2590 0.8730 -0.4133
vn -0.3408 0.8387 -0.4247
vn -0.2590 0.8730 -0.4132
vn -0.3053 0.8730 -0.3804
vn -0.3878 0.8387 -0.3824
vn -0.3878 0.8387 -0.3823
vn -0.3473 0.8730 -0.3425
vn -0.4295 0.8387 -0.3349
vn -0.4296 0.8388 -0.3346
vn -0.3474 0.8730 -0.3424
vn -0.3848 0.8730 -0.2998
vn -0.4655 0.8387 -0.2825
vn -0.4655 0.8388 -0.2824
vn -0.3848 0.8730 -0.2997
vn -0.4170 0.8730 -0.2530
vn -0.4952 0.8387 -0.2266
vn -0.4435 0.8730 -0.2031
vn -0.4169 0.8729 -0.2532
vn -0.4435 0.8730 -0.2029
vn -0.3666 0.9034 -0.2223
vn -0.3899 0.9034 -0.1786
vn -0.3665 0.9033 -0.2228
vn -0.3899 0.9034 -0.1784
vn -0.3146 0.9299 -0.1909
vn -0.3346 0.9298 -0.1532
vn -0.3145 0.9298 -0.1913
vn -0.2612 0.9522 -0.1586
vn -0.2778 0.9522 -0.1270
vn -0.3346 0.9299 -0.1528
vn -0.2612 0.9523 -0.1581
vn -0.2198 0.9703 -0.1008
vn -0.2778 0.9522 -0.1273
vn -0.2066 0.9703 -0.1256
vn -0.2198 0.9704 -0.1001
vn -0.1512 0.9843 -0.0916
vn -0.1608 0.9843 -0.0730
vn -0.1441 0.9843 0.1018
vn -0.1550 0.9843 0.0848
vn -0.0828 0.9843 0.1561
vn -0.1004 0.9843 0.1451
vn -0.0039 0.9843 0.1767
vn -0.0244 0.9842 0.1752
vn -0.0568 0.9843 -0.1672
vn -0.0370 0.9842 -0.1731
vn -0.1259 0.9842 -0.1247
vn -0.1107 0.9842 -0.1383
vn -0.1682 0.9842 -0.0560
vn -0.1748 0.9843 0.0255
vn -0.1767 0.9842 0.0068
vn 0.1259 0.9843 0.1240
vn 0.1395 0.9842 0.1088
vn 0.0568 0.9842 0.1678
vn 0.0759 0.9843 0.1595
vn 0.0828 0.9843 -0.1558
vn 0.0641 0.9842 -0.1648
vn 0.1441 0.9843 -0.1022
vn 0.1313 0.9843 -0.1184
vn 0.1748 0.9843 -0.0259
vn 0.1705 0.9842 -0.0470
vn 0.1683 0.9843 0.0539
vn 0.1734 0.9843 0.0339
vn -0.1312 0.9842 0.1188
vn -0.0641 0.9842 0.1650
vn -0.0759 0.9842 -0.1599
vn -0.1395 0.9842 -0.1086
vn -0.1734 0.9843 -0.0339
vn -0.1705 0.9842 0.0475
vn 0.1107 0.9841 0.1387
vn 0.0370 0.9843 0.1728
vn 0.0039 0.9843 -0.1767
vn -0.0167 0.9842 -0.1762
vn 0.1004 0.9841 -0.1462
vn 0.1550 0.9842 -0.0855
vn 0.1767 0.9842 -0.0078
vn 0.1608 0.9842 0.0746
vn -0.1166 0.9842 0.1332
vn -0.0445 0.9842 0.1714
vn 0.0244 0.9842 -0.1752
vn -0.0939 0.9842 -0.1502
vn -0.1763 0.9842 -0.0153
vn -0.1639 0.9841 0.0679
vn 0.0939 0.9843 0.1498
vn 0.0167 0.9842 0.1763
vn 0.0445 0.9842 -0.1714
vn 0.1166 0.9842 -0.1330
vn 0.1639 0.9842 -0.0664
vn 0.1763 0.9842 0.0149
vn 0.1512 0.9843 0.0913
vn 0.1907 0.9704 0.1485
vn 0.2066 0.9703 0.1254
vn 0.2066 0.9703 0.1256
vn 0.2612 0.9523 0.1581
vn 0.2778 0.9522 0.1270
vn 0.2198 0.9703 0.1010
vn 0.2778 0.9522 0.1273
vn 0.3346 0.9299 0.1528
vn 0.3501 0.9298 0.1132
vn 0.2907 0.9522 0.0939
vn 0.4080 0.9034 0.1319
vn 0.4206 0.9034 0.0834
vn 0.3609 0.9299 0.0717
vn 0.4205 0.9034 0.0840
vn 0.4784 0.8730 0.0951
vn 0.4862 0.8730 0.0392
vn 0.4862 0.8730 0.0387
vn 0.4274 0.9034 0.0343
vn 0.4874 0.8730 -0.0176
vn 0.4285 0.9034 -0.0156
vn 0.4274 0.9034 0.0344
vn 0.3677 0.9298 -0.0133
vn 0.4285 0.9034 -0.0154
vn 0.3668 0.9298 0.0293
vn 0.3668 0.9298 0.0299
vn 0.3045 0.9522 0.0243
vn 0.2996 0.9522 0.0598
vn 0.2996 0.9522 0.0597
vn 0.3609 0.9298 0.0718
vn 0.2371 0.9704 0.0467
vn 0.2300 0.9703 0.0747
vn 0.2907 0.9522 0.0940
vn 0.2371 0.9703 0.0475
vn 0.2409 0.9703 0.0197
vn 0.3045 0.9522 0.0239
vn 0.3053 0.9522 -0.0107
vn 0.2416 0.9703 -0.0087
vn 0.3053 0.9522 -0.0111
vn 0.2409 0.9704 0.0187
vn 0.3677 0.9298 -0.0132
vn 0.3637 0.9298 -0.0560
vn 0.3019 0.9522 -0.0467
vn 0.3637 0.9299 -0.0557
vn 0.4238 0.9034 -0.0651
vn 0.4134 0.9034 -0.1141
vn 0.3547 0.9298 -0.0978
vn 0.4134 0.9034 -0.1140
vn 0.4702 0.8730 -0.1296
vn 0.4520 0.8730 -0.1834
vn 0.4520 0.8730 -0.1832
vn 0.3973 0.9034 -0.1612
vn 0.4276 0.8730 -0.2345
vn 0.4276 0.8729 -0.2347
vn 0.3759 0.9034 -0.2062
vn 0.3974 0.9034 -0.1610
vn 0.3226 0.9298 -0.1770
vn 0.3760 0.9034 -0.2061
vn 0.3410 0.9299 -0.1381
vn 0.3410 0.9298 -0.1384
vn 0.2831 0.9522 -0.1149
vn 0.2945 0.9522 -0.0812
vn 0.3547 0.9298 -0.0979
vn 0.2945 0.9522 -0.0816
vn 0.2330 0.9703 -0.0647
vn 0.2389 0.9704 -0.0356
vn 0.2389 0.9703 -0.0372
vn 0.3020 0.9522 -0.0461
vn 0.2831 0.9522 -0.1145
vn 0.2330 0.9703 -0.0645
vn 0.2240 0.9703 -0.0909
vn 0.2678 0.9522 -0.1469
vn 0.2119 0.9703 -0.1165
vn 0.2678 0.9522 -0.1470
vn 0.2240 0.9704 -0.0908
vn 0.3226 0.9299 -0.1767
vn 0.2999 0.9298 -0.2134
vn 0.2490 0.9522 -0.1769
vn 0.2999 0.9299 -0.2131
vn 0.3495 0.9034 -0.2485
vn 0.3183 0.9034 -0.2873
vn 0.2731 0.9298 -0.2467
vn 0.3620 0.8730 -0.3268
vn 0.3216 0.8729 -0.3668
vn 0.3216 0.8730 -0.3667
vn 0.2827 0.9034 -0.3223
vn 0.2769 0.8730 -0.4015
vn 0.2434 0.9034 -0.3530
vn 0.2827 0.9034 -0.3224
vn 0.2089 0.9299 -0.3028
vn 0.2434 0.9034 -0.3529
vn 0.2426 0.9299 -0.2766
vn 0.2426 0.9298 -0.2767
vn 0.2015 0.9522 -0.2295
vn 0.2267 0.9522 -0.2047
vn 0.2731 0.9299 -0.2465
vn 0.2268 0.9522 -0.2046
vn 0.1794 0.9703 -0.1621
vn 0.1970 0.9705 -0.1392
vn 0.1970 0.9703 -0.1404
vn 0.1794 0.9703 -0.1620
vn 0.1594 0.9703 -0.1821
vn 0.2014 0.9522 -0.2298
vn 0.1734 0.9522 -0.2515
vn 0.1372 0.9703 -0.1992
vn 0.1734 0.9522 -0.2516
vn 0.1594 0.9705 -0.1808
vn 0.1723 0.9298 -0.3252
vn 0.1431 0.9522 -0.2699
vn 0.2008 0.9034 -0.3788
vn 0.1554 0.9034 -0.3996
vn 0.1334 0.9298 -0.3430
vn 0.1554 0.9034 -0.3995
vn 0.1768 0.8730 -0.4545
vn 0.1228 0.8730 -0.4720
vn 0.1080 0.9034 -0.4149
vn 0.0672 0.8730 -0.4830
vn 0.0672 0.8730 -0.4831
vn 0.0591 0.9034 -0.4248
vn 0.1080 0.9034 -0.4150
vn 0.0507 0.9298 -0.3645
vn 0.0591 0.9034 -0.4247
vn 0.0927 0.9298 -0.3562
vn 0.0769 0.9522 -0.2955
vn 0.1107 0.9522 -0.2847
vn 0.1334 0.9299 -0.3429
vn 0.1107 0.9522 -0.2848
vn 0.0876 0.9704 -0.2253
vn 0.1132 0.9703 -0.2138
vn 0.1132 0.9704 -0.2135
vn 0.1430 0.9522 -0.2700
vn 0.0876 0.9703 -0.2253
vn 0.0609 0.9703 -0.2340
vn 0.0769 0.9522 -0.2957
vn 0.0421 0.9522 -0.3025
vn 0.0421 0.9522 -0.3027
vn 0.0333 0.9703 -0.2395
vn 0.0609 0.9703 -0.2339
vn 0.0067 0.9523 -0.3052
vn 0.0053 0.9704 -0.2416
vn 0.0067 0.9521 -0.3056
vn 0.0333 0.9704 -0.2393
vn 0.0081 0.9298 -0.3680
vn -0.0347 0.9298 -0.3664
vn -0.0347 0.9299 -0.3662
vn -0.0288 0.9523 -0.3040
vn -0.0639 0.9522 -0.2986
vn -0.0770 0.9298 -0.3599
vn -0.0288 0.9522 -0.3042
vn -0.0897 0.9034 -0.4193
vn -0.1378 0.9034 -0.4060
vn -0.1182 0.9298 -0.3485
vn -0.1579 0.9298 -0.3324
vn -0.1840 0.9035 -0.3871
vn -0.1183 0.9298 -0.3484
vn -0.1840 0.9034 -0.3873
vn -0.1579 0.9299 -0.3321
vn -0.0982 0.9522 -0.2894
vn -0.1311 0.9522 -0.2760
vn -0.0982 0.9522 -0.2892
vn -0.0777 0.9703 -0.2290
vn -0.1037 0.9704 -0.2181
vn -0.0777 0.9703 -0.2291
vn -0.1623 0.9522 -0.2588
vn -0.1622 0.9522 -0.2589
vn -0.1284 0.9703 -0.2051
vn -0.1513 0.9703 -0.1888
vn -0.1912 0.9522 -0.2384
vn -0.1284 0.9704 -0.2045
vn -0.2621 0.9299 -0.2580
vn -0.2620 0.9298 -0.2583
vn -0.2303 0.9298 -0.2870
vn -0.2176 0.9523 -0.2140
vn -0.2684 0.9035 -0.3343
vn -0.3054 0.9034 -0.3010
vn -0.3054 0.9035 -0.3008
vn -0.2303 0.9298 -0.2872
vn -0.2684 0.9034 -0.3345
vn -0.1954 0.9299 -0.3117
vn -0.2277 0.9035 -0.3632
vn -0.2903 0.9298 -0.2263
vn -0.2903 0.9299 -0.2258
vn -0.2410 0.9522 -0.1879
vn -0.2175 0.9521 -0.2149
vn -0.2410 0.9523 -0.1871
vn -0.1721 0.9704 -0.1696
vn -0.1907 0.9703 -0.1487
vn -0.1721 0.9703 -0.1697
vn -0.3383 0.9035 -0.2633
vn -0.3382 0.9034 -0.2636
vn -0.1513 0.9705 -0.1875
vn -0.0506 0.9703 -0.2365
vn -0.0506 0.9705 -0.2359
vn -0.2277 0.9034 -0.3634
vn -0.0228 0.9704 -0.2406
vn -0.0228 0.9703 -0.2407
vn -0.0404 0.9034 -0.4269
vn 0.0080 0.9298 -0.3679
vn 0.0094 0.9035 -0.4285
vn 0.0053 0.9703 -0.2418
vn 0.0094 0.9034 -0.4287
vn 0.0107 0.8730 -0.4876
vn 0.0107 0.8729 -0.4878
vn 0.0119 0.8388 -0.5444
vn 0.0119 0.8387 -0.5445
vn 0.0750 0.8387 -0.5393
vn 0.0750 0.8388 -0.5393
vn 0.1372 0.8387 -0.5270
vn 0.1371 0.8387 -0.5270
vn 0.1974 0.8387 -0.5076
vn 0.0871 0.7327 -0.6750
vn 0.1047 0.7304 -0.6750
vn 0.3080 0.7342 -0.6050
vn 0.0000 1.0000 0.0004
vn 0.1047 0.7303 -0.6750
vn 0.3348 0.6776 0.6548
vn 0.1137 0.7042 0.7008
vn 0.3157 0.6477 0.6934
vn 0.1788 0.6584 0.7311
vn 0.3007 0.6881 0.6604
vn 0.1679 0.6622 0.7302
vn 0.1593 0.7033 0.6928
vn 0.1119 0.7152 0.6899
vn 0.0106 0.7140 0.7001
vn 0.0187 0.6709 0.7413
vn 0.0112 0.6734 0.7392
vn -0.1035 0.6787 0.7271
vn -0.1460 0.6853 0.7135
vn -0.1370 0.7300 0.6696
vn -0.1057 0.7302 0.6750
vn -0.2652 0.6808 0.6828
vn -0.2994 0.6853 0.6639
vn -0.1068 0.7231 0.6824
vn -0.2830 0.7253 0.6276
vn -0.1848 0.6808 0.7088
vn -0.3419 0.6787 0.6500
vn -0.4482 0.6728 0.5886
vn -0.4119 0.7248 0.5523
vn -0.4433 0.6710 0.5944
vn -0.3102 0.7303 0.6086
vn -0.5938 0.6259 0.5056
vn -0.5699 0.6206 0.5385
vn -0.5066 0.6248 0.5942
vn -0.4683 0.6343 0.6150
vn -0.5713 0.6611 0.4864
vn -0.6259 0.6157 0.4787
vn -0.6686 0.6462 0.3679
vn -0.6904 0.6157 0.3798
vn -0.5661 0.6587 0.4957
vn -0.6743 0.6107 0.4152
vn -0.6961 0.5711 0.4350
vn -0.6983 0.5723 0.4300
vn -0.6502 0.5743 0.4973
vn -0.7132 0.5316 0.4569
vn -0.7168 0.5343 0.4479
vn -0.6689 0.5328 0.5184
vn -0.6477 0.5732 0.5019
vn -0.6647 0.5302 0.5265
vn -0.6124 0.5313 0.5854
vn -0.5912 0.5753 0.5652
vn -0.5940 0.5763 0.5613
vn -0.5267 0.5772 0.6240
vn -0.5469 0.5301 0.6480
vn -0.5294 0.5780 0.6210
vn -0.6077 0.5290 0.5924
vn -0.6261 0.4854 0.6103
vn -0.6200 0.4814 0.6195
vn -0.5600 0.4806 0.6748
vn -0.5423 0.5280 0.6535
vn -0.4699 0.5273 0.7079
vn -0.4738 0.5289 0.7041
vn -0.4861 0.4766 0.7325
vn -0.5540 0.4772 0.6821
vn -0.5621 0.4248 0.7097
vn -0.5693 0.4297 0.7009
vn -0.4950 0.4225 0.7592
vn -0.4809 0.4740 0.7376
vn -0.4888 0.4188 0.7653
vn -0.4137 0.4171 0.8092
vn -0.4050 0.4735 0.7821
vn -0.4014 0.4719 0.7850
vn -0.3261 0.4139 0.8499
vn -0.4094 0.4148 0.8126
vn -0.3160 0.4711 0.8236
vn -0.3174 0.4716 0.8227
vn -0.2245 0.4710 0.8531
vn -0.3059 0.5270 0.7929
vn -0.2163 0.5273 0.8217
vn -0.2151 0.5269 0.8222
vn -0.2054 0.5806 0.7878
vn -0.2941 0.5807 0.7592
vn -0.2061 0.5808 0.7875
vn -0.3070 0.5273 0.7923
vn -0.3908 0.5270 0.7547
vn -0.3936 0.5280 0.7525
vn -0.3776 0.5799 0.7219
vn -0.2948 0.5808 0.7588
vn -0.2806 0.6320 0.7224
vn -0.3614 0.6307 0.6868
vn -0.3792 0.5804 0.7206
vn -0.4553 0.5787 0.6766
vn -0.4576 0.5795 0.6744
vn -0.4368 0.6283 0.6438
vn -0.3612 0.6307 0.6869
vn -0.1146 0.5799 0.8066
vn -0.1955 0.6320 0.7499
vn -0.1092 0.6307 0.7683
vn -0.1094 0.6307 0.7683
vn -0.1165 0.5804 0.8060
vn -0.0240 0.5786 0.8153
vn -0.0229 0.6283 0.7777
vn 0.0195 0.6343 0.7728
vn 0.0627 0.6248 0.7783
vn -0.0271 0.5795 0.8146
vn 0.0656 0.5770 0.8141
vn 0.1530 0.5750 0.8037
vn 0.0615 0.5781 0.8137
vn 0.1467 0.6206 0.7703
vn 0.2362 0.5729 0.7849
vn 0.1482 0.5764 0.8036
vn 0.2271 0.6157 0.7546
vn 0.1853 0.6259 0.7576
vn 0.3147 0.5708 0.7584
vn 0.2309 0.5744 0.7853
vn 0.3035 0.6107 0.7314
vn 0.3092 0.5724 0.7594
vn 0.3372 0.6157 0.7121
vn 0.3760 0.6054 0.7015
vn 0.3886 0.5687 0.7250
vn 0.4578 0.5667 0.6851
vn 0.3833 0.5703 0.7265
vn 0.4444 0.6002 0.6650
vn 0.5208 0.5649 0.6401
vn 0.4528 0.5683 0.6870
vn 0.5072 0.5952 0.6233
vn 0.4726 0.6054 0.6404
vn 0.5865 0.5965 0.5480
vn 0.5643 0.5908 0.5767
vn 0.5770 0.6134 0.5392
vn 0.4624 0.6273 0.6266
vn 0.5689 0.6171 0.5436
vn 0.5503 0.6486 0.5258
vn 0.5343 0.6542 0.5352
vn 0.4377 0.6597 0.6109
vn 0.4515 0.6318 0.6301
vn 0.5375 0.6490 0.5384
vn 0.6514 0.6272 0.4269
vn 0.6656 0.6056 0.4362
vn 0.7370 0.5989 0.3133
vn 0.6702 0.6032 0.4324
vn 0.7209 0.6216 0.3064
vn 0.6885 0.6350 0.3502
vn 0.7603 0.6001 0.2488
vn 0.4956 0.7151 -0.4931
vn 0.5295 0.7104 -0.4636
vn 0.0000 1.0000 0.0002
vn 0.5032 0.7043 -0.5008
vn 0.0000 1.0000 -0.0003
vn 0.7686 0.6388 0.0349
vn 0.7509 0.6489 -0.1231
vn 0.7907 0.5983 -0.1296
vn 0.7968 0.6032 0.0362
vn 0.7558 0.6318 0.1719
vn 0.7815 0.5981 0.1777
vn 0.7632 0.6352 0.1187
vn 0.7805 0.5988 0.1795
vn 0.7462 0.5864 0.3150
vn 0.7646 0.5783 0.2845
vn 0.7864 0.5783 0.2171
vn 0.7894 0.5864 0.1816
vn 0.7383 0.5981 0.3117
vn 0.7988 0.5597 0.2205
vn 0.7765 0.5597 0.2894
vn 0.7768 0.5595 0.2890
vn 0.7870 0.5429 0.2933
vn 0.7572 0.5430 0.3629
vn 0.7481 0.5601 0.3560
vn 0.7587 0.5423 0.3610
vn 0.7247 0.5414 0.4262
vn 0.7221 0.5427 0.4290
vn 0.7489 0.5597 0.3549
vn 0.7137 0.5608 0.4197
vn 0.6808 0.5421 0.4926
vn 0.6848 0.5404 0.4890
vn 0.7152 0.5601 0.4180
vn 0.6732 0.5618 0.4808
vn 0.6332 0.5412 0.5533
vn 0.6754 0.5609 0.4787
vn 0.6264 0.5631 0.5390
vn 0.6385 0.5391 0.5494
vn 0.5800 0.5401 0.6099
vn 0.5741 0.5646 0.5929
vn 0.5866 0.5376 0.6058
vn 0.6294 0.5620 0.5367
vn 0.5329 0.5081 0.6766
vn 0.5226 0.5120 0.6817
vn 0.5915 0.5132 0.6219
vn 0.5213 0.5388 0.6618
vn 0.4564 0.5069 0.7312
vn 0.4565 0.5373 0.7091
vn 0.4679 0.5028 0.7268
vn 0.5290 0.5360 0.6580
vn 0.4670 0.4714 0.7482
vn 0.3938 0.4614 0.7950
vn 0.3788 0.4669 0.7991
vn 0.3840 0.5015 0.7753
vn 0.4602 0.4496 0.7655
vn 0.4060 0.4245 0.8093
vn 0.3867 0.4302 0.8157
vn 0.4529 0.4767 0.7534
vn 0.5105 0.4445 0.7360
vn 0.5332 0.4462 0.7187
vn 0.5208 0.4858 0.7019
vn 0.5334 0.4809 0.6958
vn 0.5826 0.4941 0.6454
vn 0.5919 0.4687 0.6557
vn 0.5071 0.4566 0.7310
vn 0.5071 0.4565 0.7311
vn 0.5934 0.4897 0.6388
vn 0.6474 0.4975 0.5774
vn 0.6371 0.5207 0.5683
vn 0.5827 0.5167 0.6273
vn 0.6442 0.5177 0.5630
vn 0.6860 0.5239 0.5049
vn 0.6956 0.5040 0.5120
vn 0.6386 0.5013 0.5838
vn 0.6913 0.5215 0.5002
vn 0.6823 0.4778 0.5533
vn 0.6957 0.4926 0.5228
vn 0.6890 0.5071 0.5177
vn 0.6451 0.4858 0.5898
vn 0.6017 0.4648 0.6495
vn -0.2897 0.4113 -0.8642
vn 0.0000 -1.0000 0.0002
vn 0.0000 -1.0000 -0.0002
vn 0.5601 0.3617 -0.7452
vn 0.0000 -1.0000 0.0004
vn -0.2222 0.4058 -0.8866
vn -0.1680 0.3811 -0.9091
vn -0.2909 0.4030 -0.8677
vn -0.2175 0.4469 -0.8678
vn -0.3087 0.4041 -0.8611
vn -0.3154 0.4513 -0.8348
vn -0.3002 0.4568 -0.8374
vn -0.3840 0.5015 -0.7753
vn -0.3938 0.4614 -0.7950
vn -0.3963 0.4971 -0.7719
vn -0.3069 0.4958 -0.8124
vn -0.4679 0.5028 -0.7268
vn -0.3857 0.5358 -0.7511
vn -0.4565 0.5373 -0.7091
vn -0.4652 0.5344 -0.7058
vn -0.5290 0.5360 -0.6579
vn -0.4528 0.5683 -0.6870
vn -0.5208 0.5649 -0.6400
vn -0.5164 0.5664 -0.6423
vn -0.5779 0.5633 -0.5906
vn -0.5072 0.5952 -0.6233
vn -0.5643 0.5908 -0.5767
vn -0.5865 0.5965 -0.5480
vn -0.4624 0.6273 -0.6266
vn -0.4726 0.6054 -0.6404
vn -0.5689 0.6171 -0.5436
vn -0.5770 0.6134 -0.5392
vn -0.6162 0.5868 -0.5254
vn -0.6626 0.5835 -0.4696
vn -0.6785 0.5899 -0.4378
vn -0.6656 0.6056 -0.4362
vn -0.6702 0.6032 -0.4324
vn -0.7370 0.5989 -0.3133
vn -0.6514 0.6273 -0.4269
vn -0.7209 0.6216 -0.3065
vn -0.6875 0.6352 -0.3520
vn -0.7608 0.6008 -0.2452
vn -0.6875 0.6352 -0.3519
vn 0.0000 1.0000 0.0008
vn -0.5362 0.6489 -0.5399
vn -0.5504 0.6485 -0.5259
vn 0.0000 1.0000 -0.0010
vn -0.5326 0.6547 -0.5364
vn -0.3349 0.6773 -0.6550
vn -0.3008 0.6879 -0.6606
vn -0.3312 0.6860 -0.6478
vn -0.5326 0.6546 -0.5365
vn -0.4377 0.6597 -0.6109
vn -0.1155 0.7044 -0.7004
vn -0.4515 0.6318 -0.6301
vn -0.3277 0.6431 -0.6921
vn -0.3157 0.6477 -0.6934
vn -0.3372 0.6157 -0.7121
vn -0.3035 0.6107 -0.7314
vn -0.1788 0.6584 -0.7311
vn -0.1853 0.6259 -0.7576
vn -0.2271 0.6157 -0.7546
vn -0.2309 0.5744 -0.7853
vn -0.2362 0.5729 -0.7849
vn -0.3147 0.5708 -0.7584
vn -0.2392 0.5298 -0.8137
vn -0.3195 0.5312 -0.7847
vn -0.2301 0.5327 -0.8144
vn -0.3092 0.5724 -0.7594
vn -0.1506 0.4813 -0.8635
vn -0.1395 0.4851 -0.8633
vn -0.1455 0.5313 -0.8346
vn -0.2376 0.4862 -0.8410
vn -0.2321 0.4416 -0.8667
vn -0.1305 0.4375 -0.8897
vn -0.1438 0.4326 -0.8900
vn -0.2254 0.4903 -0.8419
vn -0.0400 0.4291 -0.9024
vn -0.0412 0.3674 -0.9291
vn -0.0379 0.3688 -0.9288
vn -0.1337 0.3898 -0.9112
vn -0.0380 0.3673 -0.9293
vn 0.0531 0.3685 -0.9281
vn 0.0518 0.4221 -0.9051
vn -0.0512 0.4249 -0.9038
vn -0.0590 0.4771 -0.8769
vn -0.0496 0.4804 -0.8757
vn 0.0420 0.4764 -0.8782
vn 0.0433 0.4188 -0.9071
vn -0.0569 0.5300 -0.8461
vn 0.0349 0.4739 -0.8799
vn 0.0336 0.5288 -0.8481
vn -0.0640 0.5278 -0.8470
vn -0.1539 0.5286 -0.8348
vn -0.0615 0.5781 -0.8137
vn -0.1530 0.5750 -0.8037
vn -0.1482 0.5764 -0.8036
vn -0.0627 0.6248 -0.7783
vn -0.0656 0.5770 -0.8141
vn -0.1466 0.6206 -0.7703
vn 0.0240 0.5786 -0.8152
vn 0.0271 0.5795 -0.8146
vn -0.0195 0.6343 -0.7728
vn 0.0229 0.6283 -0.7777
vn 0.1165 0.5804 -0.8060
vn 0.1092 0.6307 -0.7683
vn 0.1146 0.5799 -0.8066
vn 0.1216 0.5269 -0.8412
vn 0.2151 0.5273 -0.8220
vn 0.2084 0.5675 -0.7966
vn 0.1558 0.5916 -0.7910
vn 0.2054 0.5808 -0.7877
vn 0.2914 0.5937 -0.7501
vn 0.2843 0.6194 -0.7318
vn 0.2844 0.6194 -0.7318
vn 0.1981 0.6194 -0.7597
vn 0.3565 0.6430 -0.6778
vn 0.3900 0.6303 -0.6713
vn 0.2770 0.6444 -0.7128
vn 0.3660 0.6182 -0.6956
vn 0.3751 0.5928 -0.7127
vn 0.4016 0.5804 -0.7084
vn 0.4553 0.5788 -0.6766
vn 0.4576 0.5794 -0.6744
vn 0.4368 0.6283 -0.6438
vn 0.5267 0.5772 -0.6241
vn 0.5294 0.5780 -0.6210
vn 0.5066 0.6248 -0.5942
vn 0.4683 0.6343 -0.6150
vn 0.5938 0.6259 -0.5056
vn 0.5699 0.6206 -0.5385
vn 0.4482 0.6728 -0.5886
vn 0.4433 0.6710 -0.5944
vn 0.5713 0.6611 -0.4865
vn 0.3383 0.6787 -0.6519
vn 0.3229 0.7131 -0.6223
vn 0.4224 0.7076 -0.5665
vn 0.4337 0.7148 -0.5486
vn 0.3018 0.7467 -0.5927
vn 0.2708 0.7464 -0.6078
vn 0.2816 0.7221 -0.6319
vn 0.3417 0.6791 -0.6496
vn 0.2516 0.7156 -0.6516
vn 0.2639 0.6806 -0.6834
vn 0.1404 0.7140 -0.6859
vn 0.1460 0.6853 -0.7135
vn 0.1849 0.6808 -0.7088
vn 0.2652 0.6808 -0.6828
vn 0.1956 0.6320 -0.7499
vn 0.2768 0.6444 -0.7128
vn 0.1353 0.6416 -0.7550
vn 0.1035 0.6786 -0.7271
vn 0.1094 0.6307 -0.7683
vn 0.6259 0.6157 -0.4787
vn 0.6743 0.6107 -0.4152
vn 0.5661 0.6587 -0.4956
vn 0.6686 0.6462 -0.3678
vn 0.6904 0.6157 -0.3798
vn 0.6983 0.5723 -0.4300
vn 0.7369 0.5690 -0.3649
vn 0.7156 0.6054 -0.3485
vn 0.7386 0.5702 -0.3597
vn 0.7566 0.5359 -0.3746
vn 0.7869 0.5347 -0.3081
vn 0.7702 0.5670 -0.2921
vn 0.7885 0.5374 -0.2990
vn 0.8024 0.5073 -0.3142
vn 0.8250 0.5082 -0.2472
vn 0.8116 0.5363 -0.2317
vn 0.8258 0.5124 -0.2357
vn 0.8368 0.4867 -0.2508
vn 0.8527 0.4894 -0.1826
vn 0.8522 0.4948 -0.1699
vn 0.8417 0.5133 -0.1677
vn 0.8510 0.5178 -0.0878
vn 0.8604 0.5018 -0.0887
vn 0.8414 0.5170 -0.1574
vn 0.8618 0.4973 -0.0996
vn 0.8700 0.4826 -0.1005
vn 0.8766 0.4753 -0.0752
vn 0.8636 0.5039 -0.0163
vn 0.8689 0.4948 -0.0164
vn 0.8715 0.4879 0.0493
vn 0.8582 0.5092 0.0655
vn 0.8659 0.4958 0.0661
vn 0.8616 0.5075 -0.0077
vn 0.8532 0.5216 -0.0076
vn 0.8516 0.5241 -0.0007
vn 0.8484 0.5246 0.0710
vn 0.8562 0.5117 0.0716
vn 0.8413 0.5405 -0.0006
vn 0.8373 0.5415 0.0751
vn 0.8468 0.5265 0.0760
vn 0.8403 0.5421 0.0045
vn 0.8278 0.5611 0.0045
vn 0.8272 0.5618 0.0074
vn 0.8247 0.5602 0.0777
vn 0.8362 0.5427 0.0788
vn 0.8259 0.5431 0.1515
vn 0.8268 0.5423 0.1493
vn 0.8241 0.5608 0.0798
vn 0.8151 0.5597 0.1495
vn 0.8102 0.5809 0.0785
vn 0.8016 0.5792 0.1484
vn 0.8146 0.5601 0.1508
vn 0.8099 0.5429 0.2223
vn 0.8095 0.5431 0.2230
vn 0.7990 0.5595 0.2201
vn 0.8187 0.5285 0.2247
vn 0.7949 0.5285 0.2982
vn 0.7865 0.5431 0.2940
vn 0.7954 0.5281 0.2973
vn 0.8026 0.5150 0.3011
vn 0.7703 0.5143 0.3769
vn 0.7728 0.5129 0.3739
vn 0.7646 0.5279 0.3699
vn 0.7328 0.5115 0.4487
vn 0.7373 0.5092 0.4440
vn 0.7665 0.5268 0.3673
vn 0.7284 0.5263 0.4387
vn 0.7471 0.4911 0.4479
vn 0.7750 0.5056 0.3792
vn 0.7414 0.4943 0.4539
vn 0.8010 0.4942 0.3378
vn 0.8018 0.5155 0.3022
vn 0.8069 0.5064 0.3041
vn 0.8272 0.5150 0.2246
vn 0.8311 0.5083 0.2257
vn 0.8262 0.5032 0.2534
vn 0.8266 0.5155 0.2258
vn 0.8358 0.5279 0.1509
vn 0.8370 0.5268 0.1480
vn 0.8192 0.5281 0.2237
vn 0.8444 0.5144 0.1493
vn 0.8460 0.5129 0.1457
vn 0.8521 0.5024 0.1467
vn 0.8525 0.4942 0.1702
vn 0.8064 0.5899 0.0424
vn 0.8121 0.5835 0.0073
vn 0.7815 0.6161 -0.0989
vn 0.7963 0.5965 -0.1008
vn 0.7951 0.6050 0.0419
vn 0.7822 0.6136 -0.1079
vn 0.8071 0.5868 -0.0651
vn 0.7951 0.5908 -0.1370
vn 0.8134 0.5646 -0.1402
vn 0.8240 0.5622 -0.0702
vn 0.8237 0.5631 -0.0665
vn 0.8286 0.5401 -0.1473
vn 0.8385 0.5393 -0.0779
vn 0.8133 0.5636 -0.1446
vn 0.8378 0.5413 -0.0714
vn 0.8287 0.5378 -0.1550
vn 0.7960 0.5663 -0.2136
vn 0.7955 0.5652 -0.2185
vn 0.8123 0.5388 -0.2231
vn 0.7581 0.6054 -0.2425
vn 0.7496 0.6002 -0.2789
vn 0.7761 0.5952 -0.2083
vn 0.7713 0.5682 -0.2869
vn 0.7381 0.6277 -0.2475
vn 0.7000 0.6745 -0.2347
vn 0.7511 0.6520 -0.1036
vn 0.6721 0.6559 -0.3436
vn 0.7461 0.6545 -0.1221
vn 0.7394 0.6304 -0.2365
vn 0.6340 0.6838 -0.3613
vn 0.6650 0.6435 -0.3790
vn 0.6477 0.6861 -0.3311
vn 0.5032 0.7043 -0.5007
vn 0.8499 0.5209 -0.0790
vn 0.8676 0.4949 0.0490
vn 0.8641 0.4681 -0.1850
vn 0.8616 0.4669 -0.1992
vn 0.8646 0.4609 -0.1999
vn 0.8360 0.4806 -0.2649
vn 0.8449 0.4630 -0.2678
vn 0.8111 0.4710 -0.3468
vn 0.8225 0.4471 -0.3516
vn 0.8379 0.4400 -0.3231
vn 0.8378 0.4400 -0.3231
vn 0.8135 0.4776 -0.3318
vn 0.7674 0.4972 -0.4047
vn 0.7817 0.4678 -0.4123
vn 0.8004 0.5028 -0.3264
vn 0.7708 0.5019 -0.3924
vn 0.7311 0.4963 -0.4683
vn 0.7168 0.5343 -0.4480
vn 0.7133 0.5316 -0.4568
vn 0.7540 0.5331 -0.3838
vn 0.7265 0.4916 -0.4802
vn 0.6646 0.5302 -0.5265
vn 0.6830 0.4907 -0.5410
vn 0.6689 0.5328 -0.5184
vn 0.5913 0.5753 -0.5652
vn 0.6124 0.5313 -0.5854
vn 0.6477 0.5732 -0.5019
vn 0.5940 0.5763 -0.5613
vn 0.7417 0.4578 -0.4902
vn 0.7361 0.4510 -0.5047
vn 0.6932 0.4478 -0.5647
vn 0.6775 0.4863 -0.5519
vn 0.6200 0.4814 -0.6195
vn 0.6358 0.4383 -0.6353
vn 0.6865 0.4413 -0.5779
vn 0.6261 0.4854 -0.6102
vn 0.6993 0.4055 -0.5887
vn 0.6550 0.3801 -0.6530
vn 0.6432 0.3853 -0.6617
vn 0.6285 0.4324 -0.6465
vn 0.5621 0.4248 -0.7097
vn 0.5758 0.3742 -0.7270
vn 0.5576 0.3723 -0.7419
vn 0.5693 0.4297 -0.7009
vn 0.4950 0.4225 -0.7592
vn 0.5540 0.4772 -0.6821
vn 0.4861 0.4766 -0.7325
vn 0.4809 0.4740 -0.7376
vn 0.4888 0.4188 -0.7653
vn 0.4112 0.4292 -0.8042
vn 0.4265 0.4176 -0.8023
vn 0.4047 0.4578 -0.7916
vn 0.4201 0.4739 -0.7739
vn 0.3186 0.4573 -0.8303
vn 0.3195 0.4567 -0.8303
vn 0.3139 0.4857 -0.8158
vn 0.4020 0.4858 -0.7762
vn 0.3088 0.5136 -0.8005
vn 0.3147 0.4852 -0.8158
vn 0.3946 0.5134 -0.7621
vn 0.3096 0.5132 -0.8005
vn 0.3034 0.5409 -0.7845
vn 0.3900 0.5403 -0.7456
vn 0.4118 0.5282 -0.7426
vn 0.3818 0.5669 -0.7300
vn 0.2974 0.5677 -0.7677
vn 0.3039 0.5406 -0.7845
vn 0.2185 0.5132 -0.8300
vn 0.1729 0.5390 -0.8243
vn 0.2244 0.4716 -0.8528
vn 0.1879 0.4840 -0.8546
vn 0.1342 0.4734 -0.8706
vn 0.1386 0.4147 -0.8993
vn 0.2333 0.4139 -0.8799
vn 0.1298 0.4718 -0.8721
vn 0.2280 0.4568 -0.8599
vn 0.1475 0.3628 -0.9201
vn 0.2249 0.3447 -0.9114
vn 0.2425 0.3441 -0.9071
vn 0.1438 0.4169 -0.8975
vn 0.2012 0.4269 -0.8816
vn 0.2369 0.3983 -0.8861
vn 0.3312 0.3684 -0.8687
vn 0.1935 0.3671 -0.9098
vn 0.3277 0.3983 -0.8567
vn 0.3267 0.3991 -0.8567
vn 0.4123 0.4002 -0.8184
vn 0.3301 0.3693 -0.8687
vn 0.4178 0.3707 -0.8294
vn 0.3441 0.3290 -0.8794
vn 0.3343 0.3380 -0.8798
vn 0.4437 0.3482 -0.8257
vn 0.4504 0.3577 -0.8180
vn 0.2256 0.3376 -0.9139
vn 0.4521 0.3486 -0.8210
vn 0.3238 0.4278 -0.8439
vn 0.3228 0.4285 -0.8439
vn 0.0943 0.3497 -0.9321
vn 0.5000 0.3702 -0.7829
vn 0.5423 0.5280 -0.6535
vn 0.5600 0.4806 -0.6748
vn 0.4738 0.5289 -0.7041
vn 0.4699 0.5273 -0.7079
vn 0.6077 0.5290 -0.5924
vn 0.5469 0.5300 -0.6480
vn 0.7340 0.3983 -0.5500
vn 0.7490 0.4187 -0.5135
vn 0.7777 0.4610 -0.4274
vn 0.7928 0.4262 -0.4357
vn 0.7919 0.4245 -0.4390
vn 0.6961 0.5711 -0.4350
vn 0.6502 0.5743 -0.4973
vn 0.7913 0.4259 -0.4387
vn 0.2911 0.5938 -0.7501
vn 0.2979 0.5674 -0.7676
vn 0.1250 0.5279 -0.8400
vn -0.0187 0.6709 -0.7413
vn -0.0112 0.6734 -0.7392
vn -0.0106 0.7140 -0.7001
vn -0.1138 0.7149 -0.6899
vn -0.1593 0.7035 -0.6927
vn -0.1679 0.6622 -0.7302
vn 0.0282 0.5271 -0.8493
vn -0.3101 0.5343 -0.7864
vn -0.3949 0.5327 -0.7485
vn -0.3833 0.5703 -0.7265
vn -0.3886 0.5687 -0.7250
vn -0.4578 0.5667 -0.6850
vn -0.3760 0.6054 -0.7015
vn -0.4444 0.6002 -0.6650
vn -0.3194 0.4915 -0.8102
vn -0.7383 0.5981 -0.3117
vn -0.7815 0.5981 -0.1777
vn -0.7451 0.6238 -0.2361
vn -0.7769 0.6181 -0.1201
vn -0.7558 0.6318 -0.1719
vn -0.7805 0.5988 -0.1795
vn -0.7968 0.6032 -0.0362
vn -0.7686 0.6387 -0.0349
vn -0.7908 0.5980 0.1303
vn -0.7632 0.6353 -0.1180
vn -0.7510 0.6521 0.1036
vn -0.7822 0.6136 0.1079
vn -0.7508 0.6488 0.1237
vn -0.7951 0.6050 -0.0418
vn -0.8121 0.5835 -0.0073
vn -0.8064 0.5899 -0.0425
vn -0.8071 0.5868 0.0651
vn -0.7963 0.5965 0.1008
vn -0.7815 0.6161 0.0989
vn -0.7394 0.6304 0.2365
vn -0.7581 0.6054 0.2425
vn -0.7381 0.6277 0.2475
vn -0.7761 0.5952 0.2083
vn -0.7951 0.5908 0.1370
vn -0.8133 0.5636 0.1446
vn -0.8134 0.5646 0.1402
vn -0.7960 0.5663 0.2136
vn -0.8287 0.5378 0.1550
vn -0.8286 0.5401 0.1473
vn -0.8123 0.5388 0.2231
vn -0.7955 0.5652 0.2185
vn -0.8116 0.5363 0.2317
vn -0.7885 0.5374 0.2990
vn -0.7702 0.5670 0.2921
vn -0.7713 0.5682 0.2869
vn -0.7386 0.5702 0.3597
vn -0.7369 0.5690 0.3649
vn -0.7566 0.5359 0.3746
vn -0.7869 0.5347 0.3081
vn -0.8024 0.5073 0.3142
vn -0.8004 0.5028 0.3264
vn -0.7708 0.5019 0.3924
vn -0.7540 0.5331 0.3838
vn -0.8135 0.4776 0.3318
vn -0.7817 0.4678 0.4123
vn -0.8111 0.4710 0.3468
vn -0.7674 0.4972 0.4047
vn -0.8360 0.4806 0.2649
vn -0.8449 0.4630 0.2678
vn -0.8378 0.4400 0.3233
vn -0.8225 0.4471 0.3516
vn -0.7914 0.4260 0.4384
vn -0.7919 0.4247 0.4387
vn 0.0000 -1.0000 0.0003
vn -0.7927 0.4263 0.4357
vn -0.8526 0.4942 -0.1699
vn -0.8526 0.4942 -0.1700
vn -0.6556 0.3801 0.6525
vn -0.6555 0.3801 0.6525
vn -0.8010 0.4941 -0.3380
vn -0.8069 0.5064 -0.3041
vn -0.8262 0.5032 -0.2533
vn -0.8262 0.5032 -0.2534
vn -0.8311 0.5083 -0.2256
vn -0.8272 0.5150 -0.2246
vn -0.8266 0.5155 -0.2258
vn -0.8018 0.5155 -0.3022
vn -0.8192 0.5281 -0.2238
vn -0.8444 0.5144 -0.1493
vn -0.8370 0.5268 -0.1480
vn -0.8358 0.5279 -0.1509
vn -0.8268 0.5423 -0.1493
vn -0.8373 0.5415 -0.0751
vn -0.8468 0.5265 -0.0760
vn -0.8362 0.5427 -0.0788
vn -0.8259 0.5431 -0.1514
vn -0.8151 0.5597 -0.1495
vn -0.8247 0.5602 -0.0777
vn -0.8241 0.5608 -0.0798
vn -0.8146 0.5601 -0.1508
vn -0.8016 0.5792 -0.1484
vn -0.8102 0.5809 -0.0785
vn -0.7990 0.5595 -0.2201
vn -0.7988 0.5597 -0.2205
vn -0.7864 0.5783 -0.2171
vn -0.7894 0.5864 -0.1816
vn -0.7646 0.5783 -0.2845
vn -0.7768 0.5595 -0.2890
vn -0.7765 0.5597 -0.2894
vn -0.7572 0.5430 -0.3629
vn -0.7587 0.5423 -0.3610
vn -0.7869 0.5429 -0.2933
vn -0.7481 0.5601 -0.3560
vn -0.7221 0.5427 -0.4290
vn -0.7247 0.5414 -0.4262
vn -0.7137 0.5608 -0.4197
vn -0.7489 0.5597 -0.3549
vn -0.7152 0.5601 -0.4180
vn -0.7027 0.5809 -0.4108
vn -0.7367 0.5792 -0.3491
vn -0.6808 0.5421 -0.4926
vn -0.6732 0.5618 -0.4808
vn -0.6847 0.5404 -0.4890
vn -0.6442 0.5177 -0.5630
vn -0.6371 0.5207 -0.5683
vn -0.6913 0.5215 -0.5002
vn -0.6332 0.5412 -0.5533
vn -0.5827 0.5167 -0.6273
vn -0.5800 0.5401 -0.6099
vn -0.5915 0.5132 -0.6219
vn -0.6385 0.5391 -0.5493
vn -0.5226 0.5121 -0.6817
vn -0.5334 0.4809 -0.6958
vn -0.5208 0.4858 -0.7020
vn -0.5934 0.4897 -0.6388
vn -0.5070 0.4566 -0.7311
vn -0.5333 0.4462 -0.7187
vn -0.5070 0.4565 -0.7311
vn -0.5919 0.4687 -0.6557
vn -0.5826 0.4941 -0.6454
vn -0.6016 0.4648 -0.6496
vn -0.6474 0.4974 -0.5774
vn -0.6386 0.5013 -0.5838
vn -0.6451 0.4858 -0.5898
vn -0.6823 0.4777 -0.5534
vn -0.6823 0.4778 -0.5534
vn -0.6957 0.4926 -0.5228
vn -0.6890 0.5071 -0.5177
vn -0.6956 0.5040 -0.5120
vn -0.6860 0.5239 -0.5049
vn -0.7284 0.5263 -0.4387
vn -0.7373 0.5092 -0.4440
vn -0.7320 0.5245 -0.4349
vn -0.7728 0.5129 -0.3738
vn -0.7328 0.5115 -0.4487
vn -0.7646 0.5279 -0.3699
vn -0.7665 0.5267 -0.3674
vn -0.7703 0.5143 -0.3769
vn -0.7949 0.5285 -0.2982
vn -0.8026 0.5150 -0.3011
vn -0.7954 0.5281 -0.2973
vn -0.8187 0.5285 -0.2247
vn -0.7865 0.5431 -0.2940
vn -0.8095 0.5431 -0.2230
vn -0.8099 0.5429 -0.2223
vn -0.7750 0.5056 -0.3792
vn -0.7471 0.4911 -0.4479
vn -0.7471 0.4911 -0.4480
vn -0.7414 0.4942 -0.4539
vn -0.7456 0.4944 -0.4469
vn -0.5105 0.4445 -0.7361
vn -0.4602 0.4496 -0.7655
vn -0.4059 0.4245 -0.8093
vn -0.4529 0.4767 -0.7534
vn -0.4670 0.4714 -0.7481
vn -0.3788 0.4668 -0.7991
vn -0.3867 0.4302 -0.8157
vn -0.4564 0.5069 -0.7312
vn -0.5329 0.5081 -0.6766
vn -0.5866 0.5376 -0.6058
vn -0.5741 0.5646 -0.5929
vn -0.6294 0.5620 -0.5367
vn -0.6264 0.5631 -0.5390
vn -0.5213 0.5388 -0.6618
vn -0.6754 0.5609 -0.4787
vn -0.7462 0.5864 -0.3150
vn -0.8403 0.5421 -0.0045
vn -0.8278 0.5611 -0.0045
vn -0.8272 0.5618 -0.0074
vn -0.8240 0.5622 0.0702
vn -0.8378 0.5413 0.0714
vn -0.8237 0.5631 0.0664
vn -0.8413 0.5405 0.0007
vn -0.8516 0.5241 0.0006
vn -0.8532 0.5216 0.0076
vn -0.8499 0.5209 0.0790
vn -0.8385 0.5393 0.0779
vn -0.8636 0.5039 0.0163
vn -0.8616 0.5075 0.0077
vn -0.8510 0.5177 0.0878
vn -0.8604 0.5018 0.0887
vn -0.8689 0.4948 0.0164
vn -0.8766 0.4753 0.0754
vn -0.8766 0.4753 0.0755
vn -0.8701 0.4826 0.1005
vn -0.8618 0.4973 0.0996
vn -0.8522 0.4948 0.1698
vn -0.8527 0.4894 0.1826
vn -0.8641 0.4682 0.1850
vn -0.8615 0.4670 0.1996
vn -0.8368 0.4867 0.2508
vn -0.8417 0.5133 0.1677
vn -0.8257 0.5124 0.2357
vn -0.8250 0.5082 0.2472
vn -0.8414 0.5170 0.1574
vn -0.8715 0.4879 -0.0490
vn -0.8582 0.5092 -0.0655
vn -0.8659 0.4958 -0.0661
vn -0.8675 0.4949 -0.0490
vn -0.8521 0.5024 -0.1467
vn -0.8460 0.5129 -0.1457
vn -0.8562 0.5117 -0.0716
vn -0.8484 0.5246 -0.0710
vn -0.8010 0.4941 -0.3379
vn -0.6285 0.4324 0.6465
vn -0.6431 0.3855 0.6616
vn -0.6358 0.4383 0.6353
vn -0.6865 0.4413 0.5779
vn -0.6993 0.4056 0.5886
vn -0.7345 0.3985 0.5493
vn -0.7490 0.4186 0.5136
vn -0.7362 0.4510 0.5047
vn -0.6932 0.4478 0.5648
vn -0.7344 0.3985 0.5494
vn -0.7417 0.4578 0.4902
vn -0.7264 0.4916 0.4802
vn -0.6830 0.4907 0.5410
vn -0.6775 0.4863 0.5519
vn -0.5584 0.3722 0.7414
vn -0.7777 0.4610 0.4274
vn -0.8646 0.4609 0.2002
vn -0.8646 0.4608 0.2003
vn -0.7311 0.4963 0.4682
vn -0.7496 0.6002 0.2789
vn -0.7156 0.6054 0.3485
vn -0.6650 0.6435 0.3790
vn -0.7000 0.6744 0.2347
vn -0.6478 0.6861 0.3312
vn -0.6340 0.6837 0.3613
vn -0.7459 0.6547 0.1228
vn -0.6722 0.6558 0.3437
vn 0.7455 0.4944 0.4471
vn 0.2898 0.4113 0.8642
vn -0.2249 0.3446 0.9114
vn -0.2416 0.3532 0.9038
vn -0.3413 0.3531 0.8711
vn -0.2351 0.4138 0.8795
vn -0.1386 0.4147 0.8993
vn -0.1438 0.4169 0.8975
vn -0.1475 0.3628 0.9201
vn -0.1342 0.4734 0.8706
vn -0.0433 0.4188 0.9071
vn -0.0420 0.4764 0.8782
vn -0.0349 0.4739 0.8799
vn 0.0590 0.4771 0.8769
vn -0.0336 0.5288 0.8481
vn 0.0569 0.5300 0.8461
vn 0.0640 0.5278 0.8470
vn 0.0496 0.4804 0.8757
vn 0.1455 0.5313 0.8346
vn 0.1506 0.4813 0.8635
vn 0.1539 0.5286 0.8348
vn 0.1395 0.4851 0.8633
vn 0.1438 0.4326 0.8900
vn 0.0512 0.4249 0.9038
vn 0.0400 0.4291 0.9024
vn 0.0380 0.3688 0.9288
vn 0.1337 0.3898 0.9112
vn 0.0412 0.3674 0.9291
vn 0.1305 0.4375 0.8897
vn 0.2222 0.4058 0.8866
vn 0.1681 0.3811 0.9091
vn 0.2175 0.4469 0.8678
vn 0.2321 0.4416 0.8667
vn 0.3154 0.4513 0.8348
vn 0.3069 0.4958 0.8124
vn 0.2254 0.4903 0.8419
vn 0.3194 0.4915 0.8102
vn 0.3857 0.5358 0.7511
vn 0.3963 0.4971 0.7719
vn 0.3101 0.5343 0.7864
vn 0.3949 0.5327 0.7485
vn 0.2376 0.4862 0.8410
vn 0.3195 0.5312 0.7847
vn 0.2301 0.5327 0.8144
vn 0.2909 0.4030 0.8677
vn 0.3002 0.4568 0.8374
vn 0.3087 0.4041 0.8610
vn -0.0518 0.4221 0.9051
vn 0.0381 0.3673 0.9293
vn -0.0531 0.3685 0.9281
vn 0.2392 0.5298 0.8137
vn -0.1250 0.5279 0.8400
vn -0.1298 0.4718 0.8721
vn -0.0282 0.5271 0.8493
vn -0.0943 0.3497 0.9321
vn -0.2334 0.4131 0.8803
vn -0.2260 0.4716 0.8524
vn -0.3245 0.4131 0.8509
vn -0.3339 0.3489 0.8756
vn -0.3418 0.3492 0.8725
vn -0.5607 0.3619 0.7447
vn -0.5608 0.3619 0.7447
vn -0.4528 0.3486 0.8206
vn -0.5000 0.3701 0.7829
vn -0.4196 0.3606 0.8330
vn -0.5758 0.3739 0.7270
vn 0.7319 0.5245 0.4349
vn 0.4652 0.5343 0.7058
vn 0.5779 0.5633 0.5906
vn 0.5164 0.5664 0.6423
vn 0.6626 0.5835 0.4696
vn 0.6162 0.5868 0.5254
vn 0.7028 0.5809 0.4108
vn 0.6785 0.5899 0.4378
vn 0.7367 0.5792 0.3491
vn 0.7766 0.6183 0.1208
vn 0.3277 0.6431 0.6921
vn -0.1216 0.5269 0.8412
vn -0.1956 0.6320 0.7499
vn -0.5295 0.7104 0.4636
vn -0.5036 0.7044 0.5002
vn -0.5036 0.7044 0.5003
vn -0.3228 0.7033 0.6334
vn -0.4960 0.7149 0.4928
vn -0.1371 0.8387 0.5270
vn -0.1974 0.8387 0.5076
vn -0.1974 0.8387 0.5075
vn -0.2550 0.8388 0.4811
vn -0.2550 0.8387 0.4812
vn -0.2769 0.8730 0.4015
vn -0.3091 0.8388 0.4483
vn -0.2284 0.8730 0.4309
vn -0.2008 0.9034 0.3790
vn -0.2434 0.9034 0.3529
vn -0.2434 0.9034 0.3531
vn -0.2008 0.9034 0.3788
vn -0.2089 0.9299 0.3027
vn -0.1723 0.9298 0.3253
vn -0.2089 0.9299 0.3028
vn -0.1723 0.9298 0.3252
vn -0.1734 0.9522 0.2514
vn -0.1431 0.9522 0.2698
vn -0.1734 0.9522 0.2516
vn -0.1372 0.9703 0.1991
vn -0.1132 0.9703 0.2136
vn -0.1430 0.9522 0.2700
vn -0.1372 0.9704 0.1990
vn -0.1107 0.9521 0.2849
vn -0.1107 0.9522 0.2847
vn -0.0876 0.9703 0.2254
vn -0.1132 0.9704 0.2134
vn -0.0769 0.9522 0.2955
vn -0.0769 0.9522 0.2957
vn -0.0609 0.9703 0.2341
vn -0.0876 0.9704 0.2252
vn -0.0333 0.9703 0.2395
vn -0.0421 0.9522 0.3027
vn -0.0609 0.9703 0.2340
vn -0.0421 0.9522 0.3025
vn -0.0507 0.9298 0.3645
vn -0.0067 0.9522 0.3053
vn -0.0081 0.9298 0.3679
vn -0.0591 0.9034 0.4247
vn -0.0094 0.9035 0.4285
vn -0.0094 0.9034 0.4287
vn -0.0107 0.8729 0.4878
vn 0.0460 0.8730 0.4855
vn 0.0404 0.9034 0.4269
vn 0.1140 0.8388 0.5325
vn 0.1139 0.8387 0.5325
vn 0.0514 0.8387 0.5421
vn 0.1021 0.8730 0.4769
vn 0.1750 0.8387 0.5156
vn 0.1750 0.8387 0.5157
vn 0.1567 0.8730 0.4619
vn 0.1021 0.8729 0.4770
vn 0.1378 0.9034 0.4061
vn 0.0897 0.9034 0.4193
vn 0.0770 0.9298 0.3599
vn 0.0347 0.9298 0.3664
vn 0.0347 0.9299 0.3662
vn 0.0288 0.9522 0.3042
vn 0.0639 0.9522 0.2986
vn 0.0288 0.9523 0.3039
vn 0.1182 0.9298 0.3485
vn 0.0982 0.9522 0.2893
vn 0.1182 0.9298 0.3484
vn 0.1378 0.9034 0.4060
vn 0.1840 0.9034 0.3873
vn 0.1579 0.9298 0.3324
vn 0.1840 0.9035 0.3871
vn 0.2093 0.8728 0.4409
vn 0.2590 0.8730 0.4133
vn 0.2277 0.9033 0.3635
vn 0.2591 0.8730 0.4132
vn 0.3408 0.8387 0.4247
vn 0.3053 0.8730 0.3804
vn 0.2892 0.8387 0.4615
vn 0.2892 0.8388 0.4613
vn 0.2337 0.8387 0.4919
vn 0.3878 0.8388 0.3821
vn 0.3878 0.8387 0.3824
vn 0.3474 0.8730 0.3425
vn 0.3054 0.9034 0.3010
vn 0.3474 0.8730 0.3424
vn 0.2684 0.9034 0.3345
vn 0.2684 0.9035 0.3343
vn 0.2303 0.9298 0.2871
vn 0.1954 0.9299 0.3117
vn 0.2277 0.9035 0.3632
vn 0.1623 0.9522 0.2587
vn 0.1311 0.9523 0.2756
vn 0.1311 0.9522 0.2760
vn 0.1579 0.9299 0.3321
vn 0.1037 0.9704 0.2183
vn 0.0777 0.9703 0.2290
vn 0.0982 0.9522 0.2892
vn 0.0777 0.9703 0.2291
vn 0.1037 0.9704 0.2181
vn 0.1284 0.9703 0.2049
vn 0.1622 0.9522 0.2589
vn 0.1912 0.9522 0.2383
vn 0.1513 0.9704 0.1884
vn 0.1912 0.9522 0.2384
vn 0.1284 0.9702 0.2053
vn 0.2303 0.9299 0.2870
vn 0.2620 0.9298 0.2584
vn 0.2176 0.9522 0.2144
vn 0.2621 0.9299 0.2580
vn 0.3054 0.9035 0.3008
vn 0.3382 0.9034 0.2637
vn 0.2903 0.9298 0.2262
vn 0.3383 0.9035 0.2633
vn 0.3848 0.8730 0.2997
vn 0.4170 0.8730 0.2530
vn 0.3666 0.9034 0.2223
vn 0.4169 0.8729 0.2532
vn 0.4435 0.8730 0.2031
vn 0.4952 0.8387 0.2266
vn 0.4952 0.8387 0.2265
vn 0.4655 0.8387 0.2828
vn 0.4655 0.8388 0.2825
vn 0.4295 0.8387 0.3348
vn 0.4296 0.8388 0.3346
vn 0.5181 0.8387 0.1676
vn 0.5341 0.8387 0.1064
vn 0.5181 0.8388 0.1674
vn 0.5341 0.8387 0.1062
vn 0.4784 0.8730 0.0953
vn 0.4641 0.8730 0.1500
vn 0.4080 0.9034 0.1320
vn 0.3899 0.9034 0.1786
vn 0.4435 0.8730 0.2029
vn 0.3899 0.9034 0.1784
vn 0.3346 0.9298 0.1532
vn 0.3146 0.9299 0.1907
vn 0.3665 0.9033 0.2228
vn 0.3145 0.9298 0.1913
vn 0.2612 0.9522 0.1585
vn 0.2410 0.9523 0.1871
vn 0.2410 0.9522 0.1879
vn 0.2903 0.9299 0.2258
vn 0.1907 0.9703 0.1487
vn 0.1721 0.9704 0.1696
vn 0.2176 0.9522 0.2145
vn 0.1721 0.9703 0.1697
vn 0.5428 0.8387 0.0435
vn 0.5442 0.8387 -0.0197
vn 0.5428 0.8387 0.0434
vn 0.5442 0.8387 -0.0199
vn 0.5382 0.8387 -0.0827
vn 0.5250 0.8387 -0.1447
vn 0.5382 0.8387 -0.0828
vn 0.4702 0.8730 -0.1297
vn 0.4821 0.8730 -0.0742
vn 0.4821 0.8730 -0.0741
vn 0.5046 0.8387 -0.2047
vn 0.4774 0.8387 -0.2619
vn 0.5046 0.8388 -0.2046
vn 0.4438 0.8387 -0.3156
vn 0.4042 0.8387 -0.3649
vn 0.3620 0.8730 -0.3269
vn 0.3975 0.8730 -0.2826
vn 0.3591 0.8387 -0.4094
vn 0.3091 0.8387 -0.4483
vn 0.3591 0.8388 -0.4093
vn 0.3091 0.8388 -0.4483
vn 0.2550 0.8388 -0.4811
vn 0.2093 0.8731 0.4404
vn 0.0506 0.9703 0.2364
vn 0.0506 0.9704 0.2363
vn -0.0053 0.9704 0.2416
vn -0.0067 0.9521 0.3056
vn 0.0228 0.9703 0.2408
vn 0.0228 0.9704 0.2406
vn 0.0514 0.8388 0.5420
vn -0.0119 0.8387 0.5444
vn -0.0119 0.8387 0.5445
vn -0.0672 0.8730 0.4830
vn -0.0750 0.8387 0.5393
vn -0.0107 0.8730 0.4876
vn -0.0672 0.8730 0.4831
vn -0.1228 0.8730 0.4720
vn -0.1080 0.9034 0.4150
vn -0.0591 0.9034 0.4248
vn -0.1334 0.9298 0.3430
vn -0.1554 0.9034 0.3996
vn -0.0927 0.9298 0.3561
vn -0.1334 0.9298 0.3429
vn -0.1229 0.8730 0.4720
vn -0.1554 0.9034 0.3997
vn -0.1768 0.8730 0.4545
vn -0.0750 0.8388 0.5393
vn -0.1372 0.8387 0.5270
vn -0.0333 0.9704 0.2393
vn -0.1594 0.9705 0.1808
vn -0.1594 0.9703 0.1820
vn -0.2014 0.9522 0.2298
vn -0.2267 0.9522 0.2046
vn -0.1794 0.9704 0.1619
vn -0.1794 0.9703 0.1620
vn -0.2267 0.9522 0.2048
vn -0.1970 0.9703 0.1401
vn -0.2490 0.9522 0.1769
vn -0.1970 0.9704 0.1400
vn -0.2999 0.9299 0.2131
vn -0.2731 0.9299 0.2466
vn -0.2731 0.9298 0.2466
vn -0.2490 0.9522 0.1770
vn -0.2999 0.9298 0.2133
vn -0.2678 0.9522 0.1471
vn -0.3226 0.9299 0.1767
vn -0.2678 0.9522 0.1470
vn -0.3759 0.9034 0.2061
vn -0.3495 0.9034 0.2485
vn -0.3226 0.9298 0.1769
vn -0.3759 0.9034 0.2062
vn -0.3410 0.9299 0.1382
vn -0.3973 0.9034 0.1612
vn -0.3410 0.9298 0.1384
vn -0.4520 0.8730 0.1832
vn -0.4276 0.8730 0.2347
vn -0.4276 0.8730 0.2346
vn -0.3974 0.9034 0.1610
vn -0.4520 0.8730 0.1834
vn -0.4134 0.9034 0.1141
vn -0.4702 0.8730 0.1296
vn -0.4134 0.9034 0.1140
vn -0.5046 0.8387 0.2046
vn -0.5046 0.8387 0.2048
vn -0.5250 0.8387 0.1447
vn -0.4702 0.8730 0.1297
vn -0.5250 0.8387 0.1446
vn -0.5382 0.8387 0.0828
vn -0.4821 0.8730 0.0742
vn -0.4821 0.8730 0.0741
vn -0.4238 0.9034 0.0652
vn -0.4285 0.9034 0.0154
vn -0.4285 0.9034 0.0157
vn -0.4874 0.8730 0.0176
vn -0.4874 0.8730 0.0175
vn -0.4274 0.9034 -0.0343
vn -0.4862 0.8730 -0.0387
vn -0.4274 0.9034 -0.0344
vn -0.5428 0.8387 -0.0436
vn -0.5442 0.8387 0.0198
vn -0.4862 0.8730 -0.0391
vn -0.5382 0.8387 0.0829
vn -0.4784 0.8730 -0.0951
vn -0.4784 0.8730 -0.0952
vn -0.5341 0.8387 -0.1062
vn -0.5181 0.8387 -0.1677
vn -0.4641 0.8730 -0.1500
vn -0.5181 0.8387 -0.1675
vn -0.4080 0.9034 -0.1319
vn -0.4205 0.9034 -0.0837
vn -0.3609 0.9299 -0.0716
vn -0.4205 0.9034 -0.0840
vn -0.3501 0.9298 -0.1132
vn -0.3609 0.9298 -0.0718
vn -0.2907 0.9522 -0.0939
vn -0.2996 0.9522 -0.0597
vn -0.2907 0.9522 -0.0940
vn -0.2996 0.9522 -0.0598
vn -0.2300 0.9703 -0.0748
vn -0.2371 0.9704 -0.0470
vn -0.2300 0.9703 -0.0747
vn -0.3045 0.9522 -0.0241
vn -0.3045 0.9522 -0.0239
vn -0.2409 0.9704 -0.0188
vn -0.2371 0.9703 -0.0475
vn -0.2416 0.9704 0.0085
vn -0.3053 0.9522 0.0111
vn -0.2409 0.9703 -0.0204
vn -0.3053 0.9522 0.0109
vn -0.3637 0.9299 0.0557
vn -0.3637 0.9298 0.0561
vn -0.3677 0.9298 0.0132
vn -0.3019 0.9522 0.0465
vn -0.3547 0.9299 0.0977
vn -0.3547 0.9298 0.0979
vn -0.2945 0.9522 0.0810
vn -0.3019 0.9522 0.0461
vn -0.2945 0.9522 0.0816
vn -0.2389 0.9703 0.0376
vn -0.2330 0.9703 0.0649
vn -0.2389 0.9704 0.0356
vn -0.2831 0.9522 0.1149
vn -0.2831 0.9522 0.1145
vn -0.2240 0.9704 0.0906
vn -0.2330 0.9703 0.0645
vn -0.2415 0.9703 0.0102
vn -0.3668 0.9298 -0.0299
vn -0.3677 0.9298 0.0135
vn -0.3668 0.9299 -0.0292
vn -0.4238 0.9034 0.0651
vn -0.4774 0.8387 0.2619
vn -0.4438 0.8387 0.3155
vn -0.4042 0.8387 0.3649
vn -0.4438 0.8387 0.3156
vn -0.3975 0.8730 0.2826
vn -0.3620 0.8730 0.3269
vn -0.3591 0.8388 0.4093
vn -0.3591 0.8387 0.4094
vn -0.3216 0.8730 0.3667
vn -0.3620 0.8730 0.3268
vn -0.3183 0.9034 0.2874
vn -0.2827 0.9034 0.3223
vn -0.3183 0.9034 0.2873
vn -0.3091 0.8387 0.4483
vn -0.2119 0.9703 0.1166
vn -0.2240 0.9704 0.0908
vn -0.2426 0.9299 0.2766
vn -0.2827 0.9034 0.3224
vn -0.2119 0.9703 0.1162
vn -0.2426 0.9298 0.2766
vn 0.3311 0.6863 0.6476
vn 0.2550 0.8387 -0.4812
vn 0.2284 0.8730 -0.4310
vn 0.2284 0.8730 -0.4309
vn 0.2008 0.9034 -0.3790
vn 0.1372 0.9704 -0.1989
vn 0.2119 0.9704 -0.1154
vn 0.4238 0.9034 -0.0652
vn 0.2416 0.9704 -0.0085
vn 0.2198 0.9704 0.1001
vn -0.1907 0.9704 -0.1485
vn -0.1904 0.0000 0.9817
vn 0.0328 0.0000 0.9995
vn 0.1684 0.0000 -0.9857
vn 0.3696 0.0000 -0.9292
vn 0.5547 0.0000 -0.8320
vn -0.5975 0.0000 0.8018
vn -0.4041 0.0000 0.9147
vn -0.7610 0.0000 0.6488
vn -0.8863 0.0000 0.4632
vn 0.7156 0.0000 -0.6985
vn 0.8452 0.0000 -0.5345
vn 0.9378 0.0000 -0.3471
vn 0.9895 0.0000 -0.1445
vn 0.9979 0.0000 0.0644
vn 0.9627 0.0000 0.2705
vn -0.9995 0.0000 0.0328
vn -0.9817 0.0000 -0.1904
vn -0.9147 0.0000 -0.4041
vn 0.8855 0.0000 0.4647
vn 0.7695 0.0000 0.6387
vn 0.6199 0.0000 0.7847
vn -0.8018 0.0000 -0.5975
vn -0.8019 0.0000 -0.5975
vn -0.6488 0.0000 -0.7610
vn -0.4632 0.0000 -0.8863
vn 0.4432 0.0000 0.8964
vn 0.2471 0.0000 0.9690
vn 0.0403 0.0000 0.9992
vn -0.0328 0.0000 -0.9995
vn -0.2544 0.0000 -0.9671
vn 0.1904 0.0000 -0.9817
vn 0.4041 0.0000 -0.9147
vn 0.5975 0.0000 -0.8019
vn -0.5547 0.0000 0.8320
vn -0.7156 0.0000 0.6985
vn -0.3696 0.0000 0.9292
vn -0.1684 0.0000 0.9857
vn 0.7610 0.0000 -0.6488
vn 0.5975 0.0000 -0.8018
vn 0.8863 0.0000 -0.4632
vn -0.9378 0.0000 0.3471
vn -0.8452 0.0000 0.5345
vn 0.9671 0.0000 -0.2544
vn 0.9995 0.0000 -0.0328
vn 0.9817 0.0000 0.1904
vn 0.9147 0.0000 0.4041
vn 0.8018 0.0000 0.5975
vn -0.7695 0.0000 -0.6387
vn -0.6199 0.0000 -0.7847
vn -0.8855 0.0000 -0.4647
vn -0.9627 0.0000 -0.2705
vn -0.9979 0.0000 -0.0644
vn -0.9895 0.0000 0.1445
vn 0.6488 0.0000 0.7610
vn 0.8019 0.0000 0.5975
vn 0.4632 0.0000 0.8863
vn 0.2544 0.0000 0.9671
vn -0.4432 0.0000 -0.8964
vn -0.2471 0.0000 -0.9690
vn -0.0403 0.0000 -0.9992
vn -0.9671 0.0000 0.2544
vn 0.1305 -0.9914 0.0000
vn 0.0000 0.0000 -1.0000
vn 0.3827 -0.9239 0.0000
vn -0.7071 0.7071 0.0000
vn -0.2588 0.9659 0.0000
vn -0.2589 0.9659 0.0000
vn 0.0000 0.0000 1.0000
vn -0.2226 0.9749 0.0000
vn 0.2588 0.9659 0.0000
vn 0.2226 0.9749 0.0000
vn 0.7071 0.7071 0.0000
vn 0.9659 0.2588 0.0000
vn 0.9659 -0.2588 0.0000
vn 0.7071 -0.7071 0.0000
vn 0.2588 -0.9659 0.0000
vn 0.5680 0.8230 0.0000
vn 0.1205 0.9927 0.0000
vn 0.5681 0.8229 0.0000
vn -0.9659 0.2588 0.0000
vn -1.0000 0.0000 0.0000
vn -0.9749 -0.2225 0.0000
vn -0.9659 -0.2588 0.0000
vn -0.7071 -0.7071 0.0000
vn -0.2588 -0.9659 0.0000
vn -0.9914 -0.1305 0.0000
vn 1.0000 0.0000 0.0000
vn 0.9914 -0.1305 0.0000
vn -0.9749 0.2225 0.0000
vn 0.9968 -0.0805 0.0000
vn 0.9968 0.0805 0.0000
vn 0.9709 0.2393 0.0000
vn 0.6325 0.7746 0.0000
vn 0.7485 0.6631 0.0000
vn -0.9010 -0.4339 0.0000
vn -0.6235 -0.7819 0.0000
vn -0.2226 -0.9749 0.0000
vn 0.2000 0.9798 0.0000
vn 0.0403 0.9992 0.0000
vn -0.1205 0.9927 0.0000
vn -0.2782 0.9605 0.0000
vn -0.4287 0.9035 0.0000
vn -0.5681 0.8230 0.0000
vn -0.6927 0.7212 0.0000
vn 0.9010 -0.4339 0.0000
vn 0.9010 0.4339 0.0000
vn -0.9485 0.3167 0.0000
vn -0.8855 0.4647 0.0000
vn -0.7994 0.6007 0.0000
vn 0.6235 0.7818 0.0000
vn 0.7285 -0.6850 0.0000
vn 0.7286 -0.6850 0.0000
vn 0.5359 -0.8443 0.0000
vn 0.3090 -0.9511 0.0000
vn 0.0628 -0.9980 0.0000
vn -0.1874 -0.9823 0.0000
vn -0.4257 -0.9049 0.0000
vn -0.6374 -0.7705 0.0000
vn -0.6235 0.7818 0.0000
vn -0.2225 0.9749 0.0000
vn 0.1205 -0.9927 0.0000
vn -0.3546 -0.9350 0.0000
vn 0.5681 -0.8230 0.0000
vn 0.8855 -0.4646 0.0000
vn 0.8856 -0.4645 0.0000
vn -0.0001 0.0000 -1.0000
vn -0.7485 -0.6631 0.0000
vn -0.9709 -0.2393 0.0000
vn -0.9709 0.2393 0.0000
vn -0.9921 0.1253 0.0000
vn -0.9921 -0.1253 0.0000
vn -0.7485 0.6631 0.0000
vn -0.7485 0.6632 0.0000
vn 0.2589 0.9659 0.0000
vn -0.3546 0.9350 0.0000
vn -0.2589 -0.9659 0.0000
vn -0.2225 -0.9749 0.0000
vn 0.3090 0.9511 0.0000
vn 0.5359 0.8443 0.0000
vn -0.4338 0.9010 0.0000
vn -0.7819 0.6235 0.0000
vn 0.6235 0.7819 0.0000
vn -0.2782 -0.9605 0.0000
vn -0.4287 -0.9035 0.0000
vn -0.5681 -0.8230 0.0000
vn -0.8855 -0.4647 0.0000
vn -0.9485 -0.3167 0.0000
vn 0.4338 0.9010 0.0000
vn 0.7819 0.6235 0.0000
vn -0.7994 -0.6007 0.0000
vn -0.6927 -0.7212 0.0000
vn 0.6235 -0.7818 0.0000
vn 0.2225 -0.9749 0.0000
vn 0.0628 0.9980 0.0000
vn -0.1874 0.9823 0.0000
vn -0.4257 0.9049 0.0000
vn -0.6375 0.7705 0.0000
vn -0.8089 0.5879 0.0000
vn -0.8090 0.5878 0.0000
vn -0.9298 0.3681 0.0000
vn 0.9749 0.2225 0.0000
vn -0.9298 -0.3681 0.0000
vn -0.8090 -0.5878 0.0000
vn 0.9749 -0.2225 0.0000
vn 0.7818 -0.6235 0.0000
vn 0.7819 -0.6235 0.0000
vn 0.4338 -0.9010 0.0000
vn -0.4338 -0.9010 0.0000
vn -0.7819 -0.6235 0.0000
vn -0.7818 -0.6235 0.0000
vn 0.3546 -0.9350 0.0000
vn 0.5000 -0.8660 0.0000
vn 0.6325 -0.7746 0.0000
vn 0.7485 -0.6631 0.0000
vn -0.7818 0.6235 0.0000
vn 0.9200 -0.3920 0.0000
vn 0.9709 -0.2393 0.0000
vn 0.8452 -0.5345 0.0000
vn -0.9010 0.4339 0.0000
vn -0.6235 0.7819 0.0000
vn 0.0403 -0.9992 0.0000
vn 0.2000 -0.9798 0.0000
vn -0.1205 -0.9927 0.0000
vn -0.6235 -0.7818 0.0000
vn -0.9992 -0.0403 0.0000
vn -0.9992 0.0403 0.0000
vn -0.9871 0.1604 0.0000
vn 0.8763 -0.4818 0.0000
vn 0.7290 -0.6845 0.0000
vn 0.9686 -0.2487 0.0000
vn 0.9980 -0.0628 0.0000
vn 0.9980 0.0628 0.0000
vn 0.9686 0.2487 0.0000
vn 0.8763 0.4818 0.0000
vn 0.7289 0.6846 0.0000
vn -0.9870 -0.1604 0.0000
vn 0.6088 -0.7934 0.0000
vn 0.7934 -0.6088 0.0000
vn 0.9239 -0.3827 0.0000
vn 0.2225 0.9749 0.0000
vn 0.6235 -0.7819 0.0000
vn 0.2226 -0.9749 0.0000
vn 0.3544 0.9351 0.0000
vn 0.9709 0.2394 0.0000
vn 0.9200 0.3920 0.0000
vn 0.8452 0.5345 0.0000
vn 0.5000 0.8660 0.0000
vn 0.3546 0.9350 0.0000
vn 0.6026 0.0000 -0.7980
vn 0.4457 0.0000 -0.8952
vn 0.7390 0.0000 -0.6737
vn 0.6877 0.0000 -0.7260
vn 0.5156 0.0000 -0.8569
vn 0.3193 0.0000 -0.9477
vn 0.3090 0.0000 -0.9511
vn 0.5000 0.0000 -0.8660
vn 0.6691 0.0000 -0.7431
vn 0.8277 0.0000 -0.5612
vn 0.8090 0.0000 -0.5878
vn 0.9135 0.0000 -0.4067
vn 0.9868 0.0000 -0.1618
vn 0.9290 0.0000 -0.3701
vn 0.9781 0.0000 -0.2079
vn 0.9985 0.0000 0.0541
vn 0.9636 0.0000 0.2675
vn 0.9781 0.0000 0.2079
vn 0.9135 0.0000 0.4067
vn 0.7622 0.0000 0.6474
vn 0.8835 0.0000 0.4684
vn 0.9635 0.0000 0.2675
vn 0.8090 0.0000 0.5878
vn 0.6691 0.0000 0.7431
vn 0.6052 0.0000 0.7961
vn 0.4199 0.0000 0.9076
vn 0.5000 0.0000 0.8660
vn 0.3090 0.0000 0.9511
vn 0.2150 0.0000 0.9766
vn 0.1045 0.0000 0.9945
vn -0.1045 0.0000 0.9945
vn -0.2150 0.0000 0.9766
vn -0.0541 0.0000 0.9985
vn 0.0000 0.0229 0.9997
vn 0.0541 0.0000 0.9985
vn 0.0923 0.0000 0.9957
vn 0.2737 0.0000 0.9618
vn 0.4457 0.0000 0.8952
vn 0.6026 0.0000 0.7980
vn 0.8502 0.0000 0.5264
vn 0.7390 0.0000 0.6737
vn 0.9830 0.0000 0.1837
vn 0.9325 0.0000 0.3612
vn 0.9830 0.0000 -0.1837
vn 0.9325 0.0000 -0.3612
vn 0.8502 0.0000 -0.5264
vn 0.0001 0.0000 1.0000
vn -0.1305 -0.9914 0.0000
vn -0.1309 -0.9914 0.0000
vn 0.0003 0.0000 -1.0000
vn -0.3827 -0.9239 0.0000
vn -0.6088 -0.7934 0.0000
vn 0.8853 0.4650 0.0000
vn 0.8854 0.4649 0.0000
vn 0.8855 0.4647 0.0000
vn -0.4457 0.0000 0.8952
vn -0.2737 0.0000 0.9618
vn -0.4199 0.0000 0.9076
vn -0.6052 0.0000 0.7961
vn -0.7622 0.0000 0.6474
vn -0.8835 0.0000 0.4684
vn -0.9636 0.0000 0.2675
vn -0.9135 0.0000 0.4068
vn -0.9135 0.0000 0.4067
vn -0.8090 0.0000 0.5878
vn -0.6691 0.0000 0.7431
vn -0.5000 0.0000 0.8660
vn -0.1120 0.0000 -0.9937
vn 0.1120 0.0000 -0.9937
vn 0.0000 -0.0176 0.9998
vn -0.3090 0.0000 0.9511
vn -0.9937 0.0000 -0.1120
vn -0.9439 0.0000 -0.3303
vn -0.8467 0.0000 -0.5320
vn -0.7071 0.0000 -0.7071
vn -0.5320 0.0000 -0.8467
vn -0.3303 0.0000 -0.9439
vn 0.8467 0.0000 -0.5320
vn 0.7071 0.0000 -0.7071
vn -0.9781 0.0000 0.2079
vn -0.9985 0.0000 0.0541
vn -0.9635 0.0000 0.2675
vn 0.9439 0.0000 -0.3303
vn 0.9937 0.0000 -0.1120
vn 0.9937 0.0000 0.1120
vn 0.9439 0.0000 0.3303
vn 0.8467 0.0000 0.5320
vn 0.7071 0.0000 0.7071
vn -0.5156 0.0000 -0.8569
vn -0.6877 0.0000 -0.7260
vn -0.8277 0.0000 -0.5612
vn -0.6691 0.0000 -0.7431
vn -0.8090 0.0000 -0.5878
vn -0.9135 0.0000 -0.4068
vn -0.9135 0.0000 -0.4067
vn -0.9290 0.0000 -0.3701
vn -0.9868 0.0000 -0.1618
vn -0.9781 0.0000 -0.2079
vn -0.9830 0.0000 0.1837
vn -0.9325 0.0000 0.3612
vn -0.8502 0.0000 0.5264
vn -0.7390 0.0000 0.6737
vn -0.6026 0.0000 0.7980
vn -0.9830 0.0000 -0.1837
vn -0.9325 0.0000 -0.3612
vn -0.8502 0.0000 -0.5264
vn -0.7390 0.0000 -0.6737
vn -0.6026 0.0000 -0.7980
vn -0.4457 0.0000 -0.8952
vn -0.3193 0.0000 -0.9477
vn -0.5000 0.0000 -0.8660
vn -0.3090 0.0000 -0.9511
vn -0.1045 0.0000 -0.9945
vn 0.1045 0.0000 -0.9945
vn 0.1081 0.0000 -0.9941
vn 0.5155 0.0000 -0.8569
vn -0.1120 0.0000 0.9937
vn -0.3303 0.0000 0.9439
vn 0.1120 0.0000 0.9937
vn 0.3303 0.0000 0.9439
vn 0.5320 0.0000 0.8467
vn -0.1081 0.0000 -0.9941
vn -0.5155 0.0000 -0.8569
vn -0.5320 0.0000 0.8467
vn -0.7071 0.0000 0.7071
vn -0.8467 0.0000 0.5320
vn -0.9937 0.0000 0.1120
vn -0.9439 0.0000 0.3303
vn 0.0923 0.0000 -0.9957
vn -0.0923 0.0000 -0.9957
vn 0.2737 0.0000 -0.9618
vn -0.2737 0.0000 -0.9618
vn 0.3303 0.0000 -0.9439
vn 0.5320 0.0000 -0.8467
vn -0.0923 0.0000 0.9957
vn 0.0001 0.0000 -1.0000
vn 0.7290 0.6846 0.0000
vn 0.9914 -0.1306 0.0000
vn 0.7818 0.6235 0.0000
vn 0.8855 -0.4647 0.0000
vn -0.9239 -0.3827 0.0000
vn -0.7934 -0.6088 0.0000
s off
f 1//1 2//1 3//1
f 4//1 1//1 3//1
f 5//2 4//2 3//2
f 6//3 5//3 3//3
f 7//3 6//3 3//3
f 2//4 7//4 3//4
f 8//5 9//5 2//5
f 1//5 8//5 2//5
f 10//6 7//6 2//6
f 9//3 10//3 2//3
f 11//2 4//2 5//2
f 12//7 11//7 5//7
f 13//4 12//4 5//4
f 6//4 13//4 5//4
f 14//8 15//8 9//8
f 8//8 14//8 9//8
f 16//4 10//4 9//4
f 15//4 16//4 9//4
f 7//9 17//9 6//9
f 17//9 18//9 6//9
f 18//10 13//10 6//10
f 19//4 12//4 13//4
f 18//10 20//10 13//10
f 20//11 19//11 13//11
f 10//12 21//12 7//12
f 21//12 17//12 7//12
f 22//13 11//13 12//13
f 23//14 22//14 12//14
f 19//4 23//4 12//4
f 16//15 24//15 10//15
f 24//15 21//15 10//15
f 25//16 26//16 15//16
f 14//16 25//16 15//16
f 27//4 16//4 15//4
f 26//4 27//4 15//4
f 28//4 23//4 19//4
f 20//11 29//11 19//11
f 29//17 28//17 19//17
f 27//18 30//18 16//18
f 30//18 24//18 16//18
f 31//14 22//14 23//14
f 32//19 31//19 23//19
f 28//4 32//4 23//4
f 33//4 32//4 28//4
f 29//17 34//17 28//17
f 34//20 33//20 28//20
f 35//21 36//21 26//21
f 25//21 35//21 26//21
f 37//4 27//4 26//4
f 36//4 37//4 26//4
f 37//22 38//22 27//22
f 38//22 30//22 27//22
f 39//19 31//19 32//19
f 40//23 39//23 32//23
f 33//4 40//4 32//4
f 41//4 40//4 33//4
f 34//20 42//20 33//20
f 42//24 41//24 33//24
f 36//4 43//4 37//4
f 43//25 44//25 37//25
f 44//25 38//25 37//25
f 45//26 46//26 36//26
f 35//26 45//26 36//26
f 46//4 43//4 36//4
f 47//3 48//3 41//3
f 48//4 40//4 41//4
f 42//24 49//24 41//24
f 49//27 47//27 41//27
f 50//23 39//23 40//23
f 48//28 50//28 40//28
f 46//4 51//4 43//4
f 51//29 52//29 43//29
f 52//29 44//29 43//29
f 53//30 54//30 46//30
f 45//30 53//30 46//30
f 54//4 51//4 46//4
f 55//4 56//4 47//4
f 56//4 48//4 47//4
f 49//27 57//27 47//27
f 57//31 55//31 47//31
f 54//4 58//4 51//4
f 58//32 59//32 51//32
f 59//32 52//32 51//32
f 60//28 50//28 48//28
f 56//33 60//33 48//33
f 61//34 62//34 54//34
f 53//34 61//34 54//34
f 62//4 58//4 54//4
f 63//4 64//4 55//4
f 64//4 56//4 55//4
f 57//31 65//31 55//31
f 65//35 63//35 55//35
f 62//4 66//4 58//4
f 66//36 67//36 58//36
f 67//36 59//36 58//36
f 68//33 60//33 56//33
f 64//37 68//37 56//37
f 69//38 70//38 62//38
f 61//38 69//38 62//38
f 70//4 66//4 62//4
f 71//4 72//4 63//4
f 72//4 64//4 63//4
f 65//35 73//35 63//35
f 73//39 71//39 63//39
f 70//4 74//4 66//4
f 74//40 75//40 66//40
f 75//40 67//40 66//40
f 76//37 68//37 64//37
f 72//41 76//41 64//41
f 77//42 78//42 70//42
f 69//42 77//42 70//42
f 78//4 74//4 70//4
f 79//4 80//4 71//4
f 80//4 72//4 71//4
f 73//39 81//39 71//39
f 81//43 79//43 71//43
f 78//4 82//4 74//4
f 82//44 83//44 74//44
f 83//44 75//44 74//44
f 84//41 76//41 72//41
f 80//45 84//45 72//45
f 85//46 86//46 78//46
f 77//46 85//46 78//46
f 86//4 82//4 78//4
f 87//4 88//4 79//4
f 88//4 80//4 79//4
f 81//43 89//43 79//43
f 89//47 87//47 79//47
f 86//4 90//4 82//4
f 90//48 91//48 82//48
f 91//48 83//48 82//48
f 92//45 84//45 80//45
f 88//49 92//49 80//49
f 93//50 94//50 86//50
f 85//50 93//50 86//50
f 94//4 90//4 86//4
f 95//4 96//4 87//4
f 96//4 88//4 87//4
f 89//47 97//47 87//47
f 97//51 95//51 87//51
f 94//4 98//4 90//4
f 98//52 99//52 90//52
f 99//52 91//52 90//52
f 100//49 92//49 88//49
f 96//53 100//53 88//53
f 101//54 102//54 94//54
f 93//54 101//54 94//54
f 102//4 98//4 94//4
f 103//4 104//4 95//4
f 104//4 96//4 95//4
f 97//51 105//51 95//51
f 105//55 103//55 95//55
f 102//4 106//4 98//4
f 106//56 107//56 98//56
f 107//56 99//56 98//56
f 108//53 100//53 96//53
f 104//57 108//57 96//57
f 109//58 110//58 102//58
f 101//58 109//58 102//58
f 110//4 106//4 102//4
f 111//4 112//4 103//4
f 112//4 104//4 103//4
f 105//55 113//55 103//55
f 113//59 111//59 103//59
f 110//4 114//4 106//4
f 114//60 115//60 106//60
f 115//60 107//60 106//60
f 116//61 108//61 104//61
f 112//62 116//62 104//62
f 117//3 118//3 111//3
f 118//4 112//4 111//4
f 119//63 117//63 111//63
f 113//59 119//59 111//59
f 110//4 120//4 114//4
f 120//4 121//4 114//4
f 121//64 122//64 114//64
f 122//64 115//64 114//64
f 123//65 120//65 110//65
f 109//66 123//66 110//66
f 121//3 124//3 117//3
f 124//4 118//4 117//4
f 119//63 125//63 117//63
f 125//67 121//67 117//67
f 120//6 124//6 121//6
f 125//67 122//67 121//67
f 126//62 116//62 112//62
f 118//68 126//68 112//68
f 127//69 124//69 120//69
f 123//69 127//69 120//69
f 128//68 126//68 118//68
f 124//70 128//70 118//70
f 127//70 128//70 124//70
f 129//71 130//71 131//71
f 132//71 129//71 131//71
f 133//72 132//72 131//72
f 4//4 133//4 131//4
f 1//4 4//4 131//4
f 130//6 1//6 131//6
f 134//73 135//73 130//73
f 129//73 134//73 130//73
f 8//4 1//4 130//4
f 135//3 8//3 130//3
f 136//72 132//72 133//72
f 137//74 136//74 133//74
f 11//4 137//4 133//4
f 4//4 11//4 133//4
f 138//75 139//75 135//75
f 134//75 138//75 135//75
f 14//4 8//4 135//4
f 139//4 14//4 135//4
f 140//76 136//76 137//76
f 141//77 140//77 137//77
f 22//4 141//4 137//4
f 11//4 22//4 137//4
f 142//78 143//78 139//78
f 138//78 142//78 139//78
f 25//4 14//4 139//4
f 143//4 25//4 139//4
f 144//77 140//77 141//77
f 145//79 144//79 141//79
f 31//4 145//4 141//4
f 22//4 31//4 141//4
f 146//80 147//80 143//80
f 142//80 146//80 143//80
f 35//4 25//4 143//4
f 147//4 35//4 143//4
f 39//4 145//4 31//4
f 148//79 144//79 145//79
f 149//81 148//81 145//81
f 39//4 149//4 145//4
f 150//82 151//82 147//82
f 146//82 150//82 147//82
f 45//4 35//4 147//4
f 151//4 45//4 147//4
f 50//6 149//6 39//6
f 152//83 148//83 149//83
f 153//84 152//84 149//84
f 50//4 153//4 149//4
f 154//85 155//85 151//85
f 150//85 154//85 151//85
f 53//4 45//4 151//4
f 155//4 53//4 151//4
f 60//4 153//4 50//4
f 156//84 152//84 153//84
f 157//86 156//86 153//86
f 60//4 157//4 153//4
f 158//87 159//87 155//87
f 154//87 158//87 155//87
f 61//4 53//4 155//4
f 159//4 61//4 155//4
f 68//4 160//4 60//4
f 160//4 157//4 60//4
f 161//86 156//86 157//86
f 160//88 161//88 157//88
f 162//89 163//89 159//89
f 158//89 162//89 159//89
f 69//4 61//4 159//4
f 163//4 69//4 159//4
f 76//4 164//4 68//4
f 164//4 160//4 68//4
f 165//88 161//88 160//88
f 164//90 165//90 160//90
f 166//91 167//91 163//91
f 162//91 166//91 163//91
f 77//4 69//4 163//4
f 167//4 77//4 163//4
f 84//4 168//4 76//4
f 168//4 164//4 76//4
f 169//90 165//90 164//90
f 168//92 169//92 164//92
f 170//93 171//93 167//93
f 166//93 170//93 167//93
f 171//4 77//4 167//4
f 92//4 172//4 84//4
f 172//4 168//4 84//4
f 171//4 85//4 77//4
f 173//92 169//92 168//92
f 172//94 173//94 168//94
f 174//95 175//95 171//95
f 170//95 174//95 171//95
f 175//4 85//4 171//4
f 100//4 176//4 92//4
f 176//4 172//4 92//4
f 175//4 93//4 85//4
f 177//94 173//94 172//94
f 176//96 177//96 172//96
f 108//4 178//4 100//4
f 178//4 176//4 100//4
f 179//97 180//97 175//97
f 174//97 179//97 175//97
f 180//6 93//6 175//6
f 180//4 101//4 93//4
f 181//98 177//98 176//98
f 178//99 181//99 176//99
f 116//4 182//4 108//4
f 182//4 178//4 108//4
f 183//100 184//100 180//100
f 179//100 183//100 180//100
f 184//4 101//4 180//4
f 184//4 109//4 101//4
f 185//101 181//101 178//101
f 182//102 185//102 178//102
f 126//4 186//4 116//4
f 186//4 182//4 116//4
f 184//4 187//4 109//4
f 187//4 123//4 109//4
f 188//103 187//103 184//103
f 183//103 188//103 184//103
f 128//4 189//4 126//4
f 189//4 186//4 126//4
f 187//4 190//4 123//4
f 190//4 127//4 123//4
f 191//104 185//104 182//104
f 186//105 191//105 182//105
f 127//6 192//6 128//6
f 192//4 189//4 128//4
f 190//4 192//4 127//4
f 193//106 190//106 187//106
f 188//107 193//107 187//107
f 194//105 191//105 186//105
f 189//108 194//108 186//108
f 195//109 192//109 190//109
f 193//109 195//109 190//109
f 196//108 194//108 189//108
f 192//110 196//110 189//110
f 195//110 196//110 192//110
f 197//111 129//111 132//111
f 198//111 197//111 132//111
f 136//111 198//111 132//111
f 199//112 134//112 129//112
f 197//111 199//111 129//111
f 200//111 198//111 136//111
f 140//111 200//111 136//111
f 201//111 138//111 134//111
f 199//111 201//111 134//111
f 202//111 200//111 140//111
f 144//111 202//111 140//111
f 203//1 199//1 197//1
f 204//1 203//1 197//1
f 198//2 204//2 197//2
f 205//5 201//5 199//5
f 203//5 205//5 199//5
f 206//111 142//111 138//111
f 201//111 206//111 138//111
f 207//2 204//2 198//2
f 200//13 207//13 198//13
f 208//8 206//8 201//8
f 205//8 208//8 201//8
f 209//111 202//111 144//111
f 148//111 209//111 144//111
f 210//13 207//13 200//13
f 202//14 210//14 200//14
f 211//16 212//16 206//16
f 208//16 211//16 206//16
f 212//112 142//112 206//112
f 212//111 146//111 142//111
f 213//14 210//14 202//14
f 209//19 213//19 202//19
f 214//111 209//111 148//111
f 152//111 214//111 148//111
f 215//21 216//21 212//21
f 211//21 215//21 212//21
f 216//111 146//111 212//111
f 216//111 150//111 146//111
f 217//19 213//19 209//19
f 214//23 217//23 209//23
f 218//111 214//111 152//111
f 156//111 218//111 152//111
f 219//26 220//26 216//26
f 215//26 219//26 216//26
f 220//113 150//113 216//113
f 220//111 154//111 150//111
f 221//23 217//23 214//23
f 218//28 221//28 214//28
f 222//30 223//30 220//30
f 219//30 222//30 220//30
f 223//111 154//111 220//111
f 161//111 218//111 156//111
f 223//111 158//111 154//111
f 224//28 221//28 218//28
f 225//33 224//33 218//33
f 161//111 225//111 218//111
f 226//34 227//34 223//34
f 222//34 226//34 223//34
f 227//111 158//111 223//111
f 165//111 225//111 161//111
f 227//111 162//111 158//111
f 228//33 224//33 225//33
f 229//37 228//37 225//37
f 165//111 229//111 225//111
f 230//38 231//38 227//38
f 226//38 230//38 227//38
f 231//111 162//111 227//111
f 169//111 229//111 165//111
f 231//111 166//111 162//111
f 232//37 228//37 229//37
f 233//41 232//41 229//41
f 169//111 233//111 229//111
f 234//42 235//42 231//42
f 230//42 234//42 231//42
f 235//111 166//111 231//111
f 173//111 233//111 169//111
f 235//111 170//111 166//111
f 236//41 232//41 233//41
f 237//45 236//45 233//45
f 173//111 237//111 233//111
f 238//46 239//46 235//46
f 234//46 238//46 235//46
f 239//111 174//111 235//111
f 174//111 170//111 235//111
f 177//111 237//111 173//111
f 240//114 236//114 237//114
f 241//49 240//49 237//49
f 177//111 241//111 237//111
f 242//50 243//50 239//50
f 238//50 242//50 239//50
f 243//111 179//111 239//111
f 179//111 174//111 239//111
f 181//111 241//111 177//111
f 244//49 240//49 241//49
f 245//53 244//53 241//53
f 181//111 245//111 241//111
f 246//54 247//54 243//54
f 242//54 246//54 243//54
f 247//111 183//111 243//111
f 183//111 179//111 243//111
f 185//111 245//111 181//111
f 248//53 244//53 245//53
f 249//61 248//61 245//61
f 185//111 249//111 245//111
f 250//58 251//58 247//58
f 246//58 250//58 247//58
f 251//111 188//111 247//111
f 188//111 183//111 247//111
f 191//111 249//111 185//111
f 252//61 248//61 249//61
f 253//62 252//62 249//62
f 191//111 253//111 249//111
f 254//66 255//66 251//66
f 250//66 254//66 251//66
f 255//111 193//111 251//111
f 193//111 188//111 251//111
f 256//62 252//62 253//62
f 257//68 256//68 253//68
f 191//111 194//111 253//111
f 194//111 257//111 253//111
f 258//115 259//115 255//115
f 254//69 258//69 255//69
f 259//111 195//111 255//111
f 195//111 193//111 255//111
f 260//68 256//68 257//68
f 259//70 260//70 257//70
f 194//111 196//111 257//111
f 196//112 259//112 257//112
f 258//70 260//70 259//70
f 196//111 195//111 259//111
f 261//72 262//72 263//72
f 262//71 264//71 263//71
f 264//71 265//71 263//71
f 204//4 261//4 263//4
f 203//4 204//4 263//4
f 265//4 203//4 263//4
f 264//73 266//73 265//73
f 266//73 267//73 265//73
f 205//4 203//4 265//4
f 267//3 205//3 265//3
f 268//74 269//74 261//74
f 269//72 262//72 261//72
f 207//4 268//4 261//4
f 204//4 207//4 261//4
f 270//75 271//75 267//75
f 266//75 270//75 267//75
f 208//4 205//4 267//4
f 271//4 208//4 267//4
f 272//77 273//77 268//77
f 273//74 269//74 268//74
f 210//4 272//4 268//4
f 207//4 210//4 268//4
f 270//78 274//78 271//78
f 274//78 275//78 271//78
f 211//4 208//4 271//4
f 275//4 211//4 271//4
f 276//79 277//79 272//79
f 277//77 273//77 272//77
f 213//4 276//4 272//4
f 210//4 213//4 272//4
f 274//116 278//116 275//116
f 278//80 279//80 275//80
f 215//4 211//4 275//4
f 279//4 215//4 275//4
f 217//4 276//4 213//4
f 280//83 281//83 276//83
f 281//79 277//79 276//79
f 217//4 280//4 276//4
f 278//82 282//82 279//82
f 282//82 283//82 279//82
f 219//4 215//4 279//4
f 283//4 219//4 279//4
f 221//4 280//4 217//4
f 284//84 285//84 280//84
f 285//81 281//81 280//81
f 221//4 284//4 280//4
f 282//85 286//85 283//85
f 286//85 287//85 283//85
f 222//4 219//4 283//4
f 287//4 222//4 283//4
f 224//4 284//4 221//4
f 288//86 289//86 284//86
f 289//84 285//84 284//84
f 224//4 288//4 284//4
f 286//87 290//87 287//87
f 290//87 291//87 287//87
f 226//4 222//4 287//4
f 291//4 226//4 287//4
f 228//4 292//4 224//4
f 292//4 288//4 224//4
f 292//88 293//88 288//88
f 293//86 289//86 288//86
f 290//89 294//89 291//89
f 294//89 295//89 291//89
f 230//4 226//4 291//4
f 295//4 230//4 291//4
f 232//4 296//4 228//4
f 296//4 292//4 228//4
f 296//90 297//90 292//90
f 297//88 293//88 292//88
f 294//91 298//91 295//91
f 298//91 299//91 295//91
f 234//4 230//4 295//4
f 299//4 234//4 295//4
f 236//4 300//4 232//4
f 300//4 296//4 232//4
f 300//92 301//92 296//92
f 301//90 297//90 296//90
f 298//93 302//93 299//93
f 302//93 303//93 299//93
f 303//4 234//4 299//4
f 240//4 304//4 236//4
f 304//4 300//4 236//4
f 303//4 238//4 234//4
f 304//94 305//94 300//94
f 305//92 301//92 300//92
f 302//95 306//95 303//95
f 306//95 307//95 303//95
f 307//4 238//4 303//4
f 244//4 308//4 240//4
f 308//4 304//4 240//4
f 307//4 242//4 238//4
f 308//96 309//96 304//96
f 309//94 305//94 304//94
f 248//4 310//4 244//4
f 310//4 308//4 244//4
f 306//97 311//97 307//97
f 311//97 312//97 307//97
f 312//4 242//4 307//4
f 312//4 246//4 242//4
f 310//99 313//99 308//99
f 313//98 309//98 308//98
f 252//4 314//4 248//4
f 314//4 310//4 248//4
f 311//100 315//100 312//100
f 315//100 316//100 312//100
f 316//4 246//4 312//4
f 316//4 250//4 246//4
f 314//104 317//104 310//104
f 317//101 313//101 310//101
f 256//4 318//4 252//4
f 318//4 314//4 252//4
f 316//4 319//4 250//4
f 319//4 254//4 250//4
f 315//103 320//103 316//103
f 320//103 319//103 316//103
f 260//4 321//4 256//4
f 321//4 318//4 256//4
f 319//4 322//4 254//4
f 322//6 258//6 254//6
f 318//105 323//105 314//105
f 323//117 317//117 314//117
f 258//3 324//3 260//3
f 324//4 321//4 260//4
f 322//4 324//4 258//4
f 320//107 325//107 319//107
f 325//106 322//106 319//106
f 321//108 326//108 318//108
f 326//105 323//105 318//105
f 325//109 327//109 322//109
f 327//109 324//109 322//109
f 324//110 328//110 321//110
f 328//108 326//108 321//108
f 327//110 328//110 324//110
f 329//111 264//111 262//111
f 330//111 329//111 262//111
f 269//111 330//111 262//111
f 331//111 266//111 264//111
f 329//111 331//111 264//111
f 332//111 330//111 269//111
f 273//111 332//111 269//111
f 333//111 270//111 266//111
f 331//111 333//111 266//111
f 334//111 332//111 273//111
f 277//111 334//111 273//111
f 335//1 331//1 329//1
f 336//1 335//1 329//1
f 330//2 336//2 329//2
f 337//5 333//5 331//5
f 335//5 337//5 331//5
f 338//111 274//111 270//111
f 333//111 338//111 270//111
f 339//2 336//2 330//2
f 332//7 339//7 330//7
f 340//8 338//8 333//8
f 337//8 340//8 333//8
f 341//111 334//111 277//111
f 281//111 341//111 277//111
f 342//13 339//13 332//13
f 334//14 342//14 332//14
f 343//16 344//16 338//16
f 340//16 343//16 338//16
f 344//111 274//111 338//111
f 344//111 278//111 274//111
f 345//14 342//14 334//14
f 341//19 345//19 334//19
f 346//111 341//111 281//111
f 285//111 346//111 281//111
f 347//21 348//21 344//21
f 343//21 347//21 344//21
f 348//111 278//111 344//111
f 348//111 282//111 278//111
f 349//19 345//19 341//19
f 346//23 349//23 341//23
f 350//111 346//111 285//111
f 289//111 350//111 285//111
f 351//26 352//26 348//26
f 347//26 351//26 348//26
f 352//111 282//111 348//111
f 352//111 286//111 282//111
f 353//23 349//23 346//23
f 350//28 353//28 346//28
f 354//30 355//30 352//30
f 351//30 354//30 352//30
f 355//113 286//113 352//113
f 293//111 350//111 289//111
f 355//111 290//111 286//111
f 356//28 353//28 350//28
f 357//33 356//33 350//33
f 293//111 357//111 350//111
f 358//34 359//34 355//34
f 354//34 358//34 355//34
f 359//111 290//111 355//111
f 297//111 357//111 293//111
f 359//111 294//111 290//111
f 360//33 356//33 357//33
f 361//37 360//37 357//37
f 297//111 361//111 357//111
f 362//38 363//38 359//38
f 358//38 362//38 359//38
f 363//111 294//111 359//111
f 301//111 361//111 297//111
f 363//111 298//111 294//111
f 364//37 360//37 361//37
f 365//41 364//41 361//41
f 301//111 365//111 361//111
f 366//42 367//42 363//42
f 362//42 366//42 363//42
f 367//111 298//111 363//111
f 305//111 365//111 301//111
f 367//111 302//111 298//111
f 368//41 364//41 365//41
f 369//45 368//45 365//45
f 305//111 369//111 365//111
f 370//46 371//46 367//46
f 366//46 370//46 367//46
f 371//111 306//111 367//111
f 306//111 302//111 367//111
f 309//111 369//111 305//111
f 372//45 368//45 369//45
f 373//49 372//49 369//49
f 309//111 373//111 369//111
f 374//50 375//50 371//50
f 370//50 374//50 371//50
f 375//111 311//111 371//111
f 311//111 306//111 371//111
f 313//111 373//111 309//111
f 376//49 372//49 373//49
f 377//53 376//53 373//53
f 313//111 377//111 373//111
f 378//54 379//54 375//54
f 374//54 378//54 375//54
f 379//111 315//111 375//111
f 315//111 311//111 375//111
f 317//111 377//111 313//111
f 380//53 376//53 377//53
f 381//61 380//61 377//61
f 317//111 381//111 377//111
f 382//58 383//58 379//58
f 378//58 382//58 379//58
f 383//111 320//111 379//111
f 320//111 315//111 379//111
f 323//111 381//111 317//111
f 384//61 380//61 381//61
f 385//62 384//62 381//62
f 323//112 385//112 381//112
f 386//66 387//66 383//66
f 382//66 386//66 383//66
f 387//111 325//111 383//111
f 325//111 320//111 383//111
f 388//62 384//62 385//62
f 389//68 388//68 385//68
f 323//111 326//111 385//111
f 326//113 389//113 385//113
f 390//69 391//69 387//69
f 386//69 390//69 387//69
f 391//112 327//112 387//112
f 327//111 325//111 387//111
f 392//68 388//68 389//68
f 391//70 392//70 389//70
f 326//111 328//111 389//111
f 328//111 391//111 389//111
f 390//70 392//70 391//70
f 328//111 327//111 391//111
f 393//118 394//118 395//118
f 394//119 396//119 395//119
f 396//119 397//119 395//119
f 336//4 393//4 395//4
f 335//4 336//4 395//4
f 397//4 335//4 395//4
f 396//120 398//120 397//120
f 398//120 399//120 397//120
f 337//4 335//4 397//4
f 399//4 337//4 397//4
f 400//121 401//121 393//121
f 401//118 394//118 393//118
f 339//4 400//4 393//4
f 336//4 339//4 393//4
f 402//122 403//122 399//122
f 398//122 402//122 399//122
f 340//4 337//4 399//4
f 403//4 340//4 399//4
f 404//123 405//123 400//123
f 405//124 401//124 400//124
f 339//4 404//4 400//4
f 402//125 406//125 403//125
f 406//125 407//125 403//125
f 343//4 340//4 403//4
f 407//4 343//4 403//4
f 408//126 409//126 404//126
f 409//123 405//123 404//123
f 342//4 408//4 404//4
f 339//4 342//4 404//4
f 406//127 410//127 407//127
f 410//128 411//128 407//128
f 411//4 343//4 407//4
f 412//129 413//129 408//129
f 413//126 409//126 408//126
f 345//4 412//4 408//4
f 342//4 345//4 408//4
f 410//130 414//130 411//130
f 414//131 415//131 411//131
f 347//4 343//4 411//4
f 415//4 347//4 411//4
f 416//132 417//132 412//132
f 417//133 413//133 412//133
f 349//4 416//4 412//4
f 345//4 349//4 412//4
f 418//4 20//4 18//4
f 17//4 418//4 18//4
f 418//4 29//4 20//4
f 21//4 418//4 17//4
f 24//4 418//4 21//4
f 418//4 34//4 29//4
f 30//4 418//4 24//4
f 414//134 419//134 415//134
f 419//134 420//134 415//134
f 351//4 347//4 415//4
f 420//4 351//4 415//4
f 418//4 42//4 34//4
f 38//4 418//4 30//4
f 421//135 422//135 416//135
f 422//132 417//132 416//132
f 353//4 421//4 416//4
f 349//4 353//4 416//4
f 418//4 49//4 42//4
f 44//4 418//4 38//4
f 419//136 423//136 420//136
f 423//136 424//136 420//136
f 354//4 351//4 420//4
f 424//4 354//4 420//4
f 425//86 426//86 421//86
f 426//135 422//135 421//135
f 356//4 425//4 421//4
f 353//4 356//4 421//4
f 418//4 57//4 49//4
f 52//4 418//4 44//4
f 423//137 427//137 424//137
f 427//137 428//137 424//137
f 358//4 354//4 424//4
f 428//4 358//4 424//4
f 418//4 65//4 57//4
f 429//138 430//138 425//138
f 430//86 426//86 425//86
f 360//4 429//4 425//4
f 356//4 360//4 425//4
f 59//4 418//4 52//4
f 418//4 73//4 65//4
f 427//139 431//139 428//139
f 431//139 432//139 428//139
f 362//4 358//4 428//4
f 432//4 362//4 428//4
f 67//4 418//4 59//4
f 364//4 433//4 360//4
f 433//4 429//4 360//4
f 433//140 434//140 429//140
f 434//138 430//138 429//138
f 97//4 89//4 418//4
f 89//4 81//4 418//4
f 81//4 73//4 418//4
f 119//4 113//4 418//4
f 113//4 105//4 418//4
f 105//4 97//4 418//4
f 115//4 122//4 418//4
f 122//4 125//4 418//4
f 125//4 119//4 418//4
f 91//4 99//4 418//4
f 99//4 107//4 418//4
f 107//4 115//4 418//4
f 67//4 75//4 418//4
f 75//4 83//4 418//4
f 83//4 91//4 418//4
f 368//4 435//4 364//4
f 435//4 433//4 364//4
f 431//141 436//141 432//141
f 436//141 437//141 432//141
f 437//4 362//4 432//4
f 437//4 366//4 362//4
f 435//142 438//142 433//142
f 438//140 434//140 433//140
f 372//4 439//4 368//4
f 439//4 435//4 368//4
f 437//4 440//4 366//4
f 440//4 370//4 366//4
f 436//93 441//93 437//93
f 441//93 440//93 437//93
f 439//143 442//143 435//143
f 442//142 438//142 435//142
f 376//4 443//4 372//4
f 443//4 439//4 372//4
f 440//4 444//4 370//4
f 444//4 374//4 370//4
f 441//144 445//144 440//144
f 445//144 444//144 440//144
f 443//145 446//145 439//145
f 446//143 442//143 439//143
f 380//4 447//4 376//4
f 447//4 443//4 376//4
f 444//4 448//4 374//4
f 448//4 378//4 374//4
f 445//146 449//146 444//146
f 449//146 448//146 444//146
f 384//4 450//4 380//4
f 450//4 451//4 380//4
f 451//4 447//4 380//4
f 448//4 452//4 378//4
f 452//4 382//4 378//4
f 447//147 453//147 443//147
f 453//145 446//145 443//145
f 388//4 454//4 384//4
f 454//4 450//4 384//4
f 452//4 455//4 382//4
f 455//4 386//4 382//4
f 449//148 456//148 448//148
f 456//149 452//149 448//149
f 392//4 457//4 388//4
f 457//4 454//4 388//4
f 458//4 390//4 386//4
f 455//4 459//4 386//4
f 459//4 458//4 386//4
f 451//150 460//150 447//150
f 460//151 453//151 447//151
f 390//4 461//4 392//4
f 461//4 457//4 392//4
f 458//4 461//4 390//4
f 456//152 462//152 452//152
f 462//153 455//153 452//153
f 450//154 463//154 451//154
f 463//155 460//155 451//155
f 462//156 464//156 455//156
f 464//156 459//156 455//156
f 454//157 465//157 450//157
f 465//154 463//154 450//154
f 464//158 466//158 459//158
f 466//159 458//159 459//159
f 457//160 467//160 454//160
f 467//157 465//157 454//157
f 466//161 468//161 458//161
f 468//161 461//161 458//161
f 461//162 469//162 457//162
f 469//160 467//160 457//160
f 468//162 469//162 461//162
f 470//111 396//111 394//111
f 401//111 470//111 394//111
f 470//111 398//111 396//111
f 405//111 470//111 401//111
f 470//111 402//111 398//111
f 409//111 470//111 405//111
f 470//111 406//111 402//111
f 413//111 470//111 409//111
f 470//111 410//111 406//111
f 417//111 470//111 413//111
f 470//111 414//111 410//111
f 422//111 470//111 417//111
f 470//111 419//111 414//111
f 426//111 470//111 422//111
f 470//111 423//111 419//111
f 430//111 470//111 426//111
f 470//111 427//111 423//111
f 434//111 470//111 430//111
f 470//111 431//111 427//111
f 438//111 470//111 434//111
f 467//111 469//111 470//111
f 465//111 467//111 470//111
f 453//111 460//111 470//111
f 460//111 463//111 470//111
f 463//111 465//111 470//111
f 438//111 442//111 470//111
f 442//111 446//111 470//111
f 446//111 453//111 470//111
f 436//111 431//111 470//111
f 449//111 445//111 470//111
f 445//111 441//111 470//111
f 441//111 436//111 470//111
f 464//111 462//111 470//111
f 462//111 456//111 470//111
f 456//111 449//111 470//111
f 469//111 468//111 470//111
f 468//111 466//111 470//111
f 466//111 464//111 470//111
f 476//163 472//163 471//163
f 471//164 472//164 473//164
f 474//4 471//4 473//4
f 474//4 475//4 471//4
f 475//165 476//165 471//165
f 479//166 476//166 475//166
f 476//167 477//167 472//167
f 478//168 477//168 476//168
f 479//169 478//169 476//169
f 482//170 479//170 480//170
f 480//171 479//171 475//171
f 481//172 478//172 479//172
f 482//173 481//173 479//173
f 483//174 482//174 480//174
f 485//174 482//174 483//174
f 484//173 481//173 482//173
f 485//175 484//175 482//175
f 488//176 485//176 486//176
f 486//177 485//177 483//177
f 487//178 484//178 485//178
f 488//179 487//179 485//179
f 489//180 488//180 486//180
f 491//180 488//180 489//180
f 490//181 487//181 488//181
f 491//182 490//182 488//182
f 494//183 491//183 492//183
f 492//184 491//184 489//184
f 493//182 490//182 491//182
f 494//185 493//185 491//185
f 495//186 494//186 492//186
f 497//187 494//187 495//187
f 496//188 493//188 494//188
f 497//189 496//189 494//189
f 500//190 497//190 498//190
f 498//191 497//191 495//191
f 499//192 496//192 497//192
f 500//193 499//193 497//193
f 501//194 500//194 498//194
f 502//194 500//194 501//194
f 502//195 503//195 500//195
f 503//196 499//196 500//196
f 504//197 503//197 502//197
f 503//198 505//198 499//198
f 504//199 506//199 503//199
f 506//200 505//200 503//200
f 507//201 506//201 504//201
f 506//202 508//202 505//202
f 507//203 509//203 506//203
f 509//204 508//204 506//204
f 509//205 511//205 508//205
f 510//206 512//206 509//206
f 510//207 509//207 507//207
f 512//208 511//208 509//208
f 513//209 515//209 512//209
f 513//210 512//210 510//210
f 515//211 514//211 512//211
f 512//211 514//211 511//211
f 516//212 515//212 513//212
f 515//213 517//213 514//213
f 516//214 517//214 515//214
f 530//215 517//215 518//215
f 518//216 517//216 561//216
f 531//217 517//217 519//217
f 519//218 517//218 556//218
f 563//219 517//219 520//219
f 520//220 517//220 557//220
f 532//221 517//221 521//221
f 521//222 517//222 558//222
f 533//223 517//223 522//223
f 522//224 517//224 559//224
f 534//225 517//225 516//225
f 535//226 517//226 523//226
f 523//227 517//227 560//227
f 517//228 536//228 524//228
f 517//229 524//229 568//229
f 517//230 537//230 525//230
f 517//231 525//231 562//231
f 517//232 539//232 526//232
f 517//233 526//233 564//233
f 517//234 540//234 527//234
f 517//235 527//235 565//235
f 517//236 541//236 528//236
f 517//237 528//237 566//237
f 517//238 542//238 529//238
f 517//239 529//239 567//239
f 543//240 517//240 530//240
f 544//241 517//241 531//241
f 546//242 517//242 532//242
f 514//243 517//243 533//243
f 547//244 517//244 534//244
f 548//245 517//245 535//245
f 517//246 549//246 536//246
f 517//247 550//247 537//247
f 517//248 545//248 538//248
f 558//249 517//249 538//249
f 517//250 552//250 539//250
f 517//251 553//251 540//251
f 517//252 554//252 541//252
f 517//253 555//253 542//253
f 556//254 517//254 543//254
f 557//255 517//255 544//255
f 517//256 551//256 545//256
f 559//257 517//257 546//257
f 560//258 517//258 547//258
f 561//259 517//259 548//259
f 517//260 562//260 549//260
f 517//261 563//261 550//261
f 517//262 564//262 551//262
f 517//263 565//263 552//263
f 517//264 566//264 553//264
f 517//265 567//265 554//265
f 517//266 568//266 555//266
f 568//267 524//267 569//267
f 568//268 569//268 570//268
f 555//269 568//269 570//269
f 570//270 569//270 571//270
f 570//271 571//271 573//271
f 555//272 570//272 572//272
f 572//273 570//273 573//273
f 573//274 571//274 574//274
f 573//275 574//275 576//275
f 572//276 573//276 575//276
f 575//275 573//275 576//275
f 576//277 574//277 577//277
f 576//278 577//278 579//278
f 575//279 576//279 578//279
f 578//280 576//280 579//280
f 579//281 577//281 580//281
f 579//282 580//282 581//282
f 582//283 579//283 581//283
f 578//284 579//284 582//284
f 582//285 581//285 583//285
f 584//285 582//285 583//285
f 585//286 582//286 584//286
f 585//287 578//287 582//287
f 587//288 585//288 586//288
f 586//289 585//289 584//289
f 588//290 578//290 585//290
f 587//291 588//291 585//291
f 589//292 588//292 587//292
f 589//293 590//293 588//293
f 590//294 575//294 588//294
f 588//295 575//295 578//295
f 529//296 590//296 589//296
f 542//297 572//297 590//297
f 590//298 572//298 575//298
f 529//297 542//297 590//297
f 567//299 529//299 589//299
f 567//300 589//300 591//300
f 591//301 589//301 587//301
f 591//302 587//302 593//302
f 554//303 591//303 592//303
f 592//304 591//304 593//304
f 554//305 567//305 591//305
f 593//306 587//306 586//306
f 593//307 586//307 595//307
f 592//308 593//308 594//308
f 594//309 593//309 595//309
f 595//310 586//310 596//310
f 595//311 596//311 598//311
f 594//312 595//312 597//312
f 597//313 595//313 598//313
f 598//314 596//314 599//314
f 598//315 599//315 600//315
f 601//316 598//316 600//316
f 597//317 598//317 601//317
f 601//318 600//318 602//318
f 603//319 601//319 602//319
f 604//320 601//320 603//320
f 604//321 597//321 601//321
f 606//322 604//322 605//322
f 605//323 604//323 603//323
f 607//324 597//324 604//324
f 606//325 607//325 604//325
f 608//326 607//326 606//326
f 609//327 594//327 607//327
f 607//328 594//328 597//328
f 608//329 609//329 607//329
f 528//330 609//330 608//330
f 528//331 541//331 609//331
f 541//332 592//332 609//332
f 609//333 592//333 594//333
f 610//334 608//334 606//334
f 566//335 528//335 608//335
f 566//336 608//336 610//336
f 610//337 606//337 612//337
f 553//338 610//338 611//338
f 611//339 610//339 612//339
f 553//340 566//340 610//340
f 612//341 606//341 605//341
f 612//342 605//342 614//342
f 611//343 612//343 613//343
f 613//344 612//344 614//344
f 614//345 605//345 615//345
f 614//346 615//346 617//346
f 613//347 614//347 616//347
f 616//346 614//346 617//346
f 617//348 615//348 618//348
f 617//349 618//349 619//349
f 620//350 617//350 619//350
f 616//351 617//351 620//351
f 620//352 619//352 621//352
f 622//352 620//352 621//352
f 623//353 620//353 622//353
f 623//354 616//354 620//354
f 625//355 623//355 624//355
f 624//356 623//356 622//356
f 626//357 616//357 623//357
f 625//358 626//358 623//358
f 627//359 626//359 625//359
f 628//360 613//360 626//360
f 626//361 613//361 616//361
f 627//362 628//362 626//362
f 527//363 628//363 627//363
f 527//364 540//364 628//364
f 540//365 611//365 628//365
f 628//343 611//343 613//343
f 565//366 527//366 627//366
f 565//367 627//367 629//367
f 629//368 627//368 625//368
f 629//369 625//369 631//369
f 552//370 629//370 630//370
f 630//371 629//371 631//371
f 552//372 565//372 629//372
f 631//355 625//355 624//355
f 631//373 624//373 633//373
f 630//374 631//374 632//374
f 632//373 631//373 633//373
f 633//375 624//375 634//375
f 633//376 634//376 636//376
f 632//377 633//377 635//377
f 635//378 633//378 636//378
f 636//379 634//379 637//379
f 636//380 637//380 638//380
f 639//380 636//380 638//380
f 635//381 636//381 639//381
f 639//382 638//382 640//382
f 641//383 639//383 640//383
f 642//384 639//384 641//384
f 642//385 635//385 639//385
f 644//386 642//386 643//386
f 643//387 642//387 641//387
f 645//388 635//388 642//388
f 644//388 645//388 642//388
f 646//389 645//389 644//389
f 647//390 632//390 645//390
f 645//391 632//391 635//391
f 646//392 647//392 645//392
f 526//393 647//393 646//393
f 526//394 539//394 647//394
f 539//395 630//395 647//395
f 647//396 630//396 632//396
f 564//397 526//397 646//397
f 564//398 646//398 648//398
f 648//399 646//399 644//399
f 648//400 644//400 649//400
f 650//401 648//401 649//401
f 551//402 648//402 650//402
f 551//403 564//403 648//403
f 650//404 649//404 652//404
f 545//405 650//405 651//405
f 651//406 650//406 652//406
f 545//407 551//407 650//407
f 652//408 649//408 653//408
f 654//409 652//409 653//409
f 655//410 652//410 654//410
f 655//411 651//411 652//411
f 656//412 657//412 655//412
f 656//413 655//413 658//413
f 657//414 651//414 655//414
f 658//413 655//413 654//413
f 658//415 654//415 481//415
f 484//416 658//416 481//416
f 659//416 658//416 484//416
f 659//417 656//417 658//417
f 660//418 661//418 659//418
f 660//419 659//419 487//419
f 661//420 656//420 659//420
f 487//421 659//421 484//421
f 662//422 661//422 660//422
f 661//423 663//423 656//423
f 662//424 664//424 661//424
f 664//425 663//425 661//425
f 665//424 664//424 662//424
f 664//426 521//426 663//426
f 665//427 532//427 664//427
f 532//428 521//428 664//428
f 666//429 665//429 662//429
f 667//430 665//430 666//430
f 667//431 546//431 665//431
f 546//427 532//427 665//427
f 668//432 559//432 667//432
f 668//433 667//433 669//433
f 559//434 546//434 667//434
f 669//433 667//433 666//433
f 671//435 669//435 670//435
f 670//436 669//436 672//436
f 669//437 666//437 672//437
f 671//438 668//438 669//438
f 672//439 673//439 493//439
f 496//440 672//440 493//440
f 670//441 672//441 496//441
f 672//442 666//442 673//442
f 493//443 673//443 490//443
f 673//444 662//444 660//444
f 673//445 660//445 490//445
f 666//444 662//444 673//444
f 505//446 671//446 670//446
f 508//447 671//447 505//447
f 508//448 674//448 671//448
f 674//449 668//449 671//449
f 511//450 674//450 508//450
f 674//451 522//451 668//451
f 511//452 533//452 674//452
f 533//453 522//453 674//453
f 505//454 670//454 499//454
f 499//455 670//455 496//455
f 522//456 559//456 668//456
f 663//457 558//457 657//457
f 663//412 657//412 656//412
f 521//458 558//458 663//458
f 490//459 660//459 487//459
f 558//460 538//460 657//460
f 657//461 538//461 651//461
f 481//415 654//415 478//415
f 654//462 653//462 478//462
f 649//463 643//463 653//463
f 653//464 643//464 477//464
f 478//462 653//462 477//462
f 538//465 545//465 651//465
f 649//386 644//386 643//386
f 643//466 641//466 477//466
f 641//467 640//467 472//467
f 477//468 641//468 472//468
f 640//469 675//469 473//469
f 472//470 640//470 473//470
f 640//471 638//471 675//471
f 675//4 474//4 473//4
f 676//4 474//4 675//4
f 638//472 676//472 675//472
f 677//4 474//4 676//4
f 638//473 637//473 676//473
f 637//474 677//474 676//474
f 637//475 681//475 677//475
f 677//476 679//476 678//476
f 683//477 677//477 678//477
f 677//478 680//478 679//478
f 680//479 677//479 683//479
f 681//475 682//475 677//475
f 682//3 474//3 677//3
f 684//480 683//480 678//480
f 705//111 683//111 684//111
f 685//111 686//111 683//111
f 705//111 685//111 683//111
f 686//111 688//111 683//111
f 687//111 689//111 683//111
f 688//111 687//111 683//111
f 689//111 690//111 683//111
f 690//111 692//111 683//111
f 691//111 693//111 683//111
f 692//111 691//111 683//111
f 693//111 696//111 683//111
f 697//112 694//112 683//112
f 694//111 680//111 683//111
f 696//111 695//111 683//111
f 695//111 700//111 683//111
f 698//111 697//111 683//111
f 701//111 698//111 683//111
f 700//111 699//111 683//111
f 699//111 702//111 683//111
f 707//111 701//111 683//111
f 702//111 704//111 683//111
f 703//111 706//111 683//111
f 704//111 703//111 683//111
f 706//111 707//111 683//111
f 701//481 707//481 708//481
f 707//482 706//482 708//482
f 710//483 708//483 709//483
f 708//484 711//484 709//484
f 701//485 708//485 710//485
f 708//486 712//486 711//486
f 706//487 712//487 708//487
f 703//488 704//488 712//488
f 706//488 703//488 712//488
f 704//489 714//489 712//489
f 712//490 713//490 711//490
f 712//491 714//491 713//491
f 713//492 714//492 715//492
f 714//493 716//493 715//493
f 714//494 702//494 716//494
f 704//495 702//495 714//495
f 719//496 716//496 717//496
f 716//497 720//497 717//497
f 702//498 718//498 716//498
f 716//499 718//499 720//499
f 715//500 716//500 719//500
f 717//501 720//501 721//501
f 721//502 720//502 723//502
f 720//503 699//503 722//503
f 720//504 722//504 723//504
f 718//505 699//505 720//505
f 723//506 727//506 724//506
f 725//507 723//507 724//507
f 726//508 723//508 725//508
f 721//509 723//509 726//509
f 723//510 722//510 727//510
f 724//511 727//511 731//511
f 727//512 729//512 728//512
f 727//513 728//513 730//513
f 722//514 729//514 727//514
f 731//515 727//515 730//515
f 733//516 731//516 732//516
f 731//517 730//517 732//517
f 724//518 731//518 733//518
f 735//519 733//519 734//519
f 733//520 732//520 734//520
f 736//521 733//521 735//521
f 736//522 724//522 733//522
f 737//523 736//523 735//523
f 738//524 736//524 737//524
f 738//525 725//525 736//525
f 725//526 724//526 736//526
f 739//527 726//527 738//527
f 739//528 738//528 740//528
f 726//529 725//529 738//529
f 740//530 738//530 737//530
f 740//531 737//531 741//531
f 742//532 740//532 741//532
f 743//533 740//533 742//533
f 743//534 739//534 740//534
f 745//535 744//535 743//535
f 744//536 739//536 743//536
f 745//537 743//537 746//537
f 746//538 743//538 742//538
f 748//539 746//539 747//539
f 746//540 742//540 747//540
f 749//541 746//541 748//541
f 749//542 745//542 746//542
f 750//543 749//543 748//543
f 752//544 749//544 750//544
f 751//545 745//545 749//545
f 752//546 751//546 749//546
f 754//547 752//547 753//547
f 753//548 752//548 750//548
f 754//549 755//549 752//549
f 755//550 751//550 752//550
f 757//551 755//551 754//551
f 755//552 758//552 751//552
f 757//553 756//553 755//553
f 756//554 758//554 755//554
f 760//555 759//555 758//555
f 758//556 759//556 761//556
f 756//557 760//557 758//557
f 758//558 761//558 751//558
f 751//559 761//559 745//559
f 761//560 744//560 745//560
f 761//561 762//561 744//561
f 759//562 762//562 761//562
f 719//563 717//563 762//563
f 762//564 717//564 763//564
f 759//563 719//563 762//563
f 762//565 763//565 744//565
f 744//566 763//566 739//566
f 763//567 726//567 739//567
f 763//568 721//568 726//568
f 717//569 721//569 763//569
f 764//570 760//570 756//570
f 760//571 715//571 759//571
f 764//572 713//572 760//572
f 713//573 715//573 760//573
f 765//574 764//574 756//574
f 766//575 764//575 765//575
f 766//576 713//576 764//576
f 711//577 713//577 766//577
f 711//578 766//578 768//578
f 767//579 766//579 765//579
f 768//580 766//580 767//580
f 770//581 768//581 769//581
f 768//582 767//582 769//582
f 711//583 768//583 770//583
f 772//584 770//584 771//584
f 770//585 769//585 771//585
f 709//586 770//586 772//586
f 709//587 711//587 770//587
f 774//588 772//588 773//588
f 772//589 771//589 773//589
f 709//590 772//590 774//590
f 774//591 773//591 776//591
f 775//592 709//592 774//592
f 775//593 774//593 777//593
f 777//594 774//594 776//594
f 779//595 777//595 778//595
f 777//596 776//596 778//596
f 775//597 777//597 779//597
f 781//598 779//598 780//598
f 779//599 778//599 780//599
f 782//600 779//600 781//600
f 782//601 775//601 779//601
f 784//602 782//602 783//602
f 782//603 781//603 783//603
f 785//604 782//604 784//604
f 786//605 775//605 782//605
f 785//606 786//606 782//606
f 694//607 786//607 785//607
f 694//608 697//608 786//608
f 698//609 710//609 786//609
f 786//610 710//610 775//610
f 697//608 698//608 786//608
f 787//611 694//611 785//611
f 787//612 785//612 788//612
f 788//613 785//613 784//613
f 790//614 788//614 789//614
f 788//615 784//615 789//615
f 792//616 788//616 790//616
f 793//617 791//617 788//617
f 791//617 787//617 788//617
f 792//618 793//618 788//618
f 793//111 792//111 794//111
f 791//111 793//111 794//111
f 799//619 794//619 795//619
f 794//620 797//620 795//620
f 787//111 791//111 794//111
f 802//111 796//111 794//111
f 796//621 801//621 794//621
f 792//111 798//111 794//111
f 794//622 800//622 797//622
f 798//111 802//111 794//111
f 694//111 794//111 799//111
f 801//623 800//623 794//623
f 694//111 787//111 794//111
f 802//624 805//624 803//624
f 796//625 802//625 803//625
f 798//111 804//111 802//111
f 802//626 804//626 805//626
f 803//627 805//627 806//627
f 798//628 790//628 805//628
f 805//629 790//629 807//629
f 804//630 798//630 805//630
f 805//631 807//631 806//631
f 807//632 789//632 808//632
f 807//633 808//633 810//633
f 807//634 810//634 809//634
f 806//635 807//635 809//635
f 790//636 789//636 807//636
f 809//637 810//637 811//637
f 810//638 812//638 811//638
f 810//639 808//639 812//639
f 811//640 812//640 813//640
f 812//641 814//641 813//641
f 808//642 815//642 812//642
f 812//643 815//643 814//643
f 815//644 818//644 816//644
f 815//645 816//645 814//645
f 808//646 817//646 815//646
f 817//647 818//647 815//647
f 818//648 819//648 816//648
f 818//649 821//649 819//649
f 817//650 820//650 818//650
f 820//651 821//651 818//651
f 821//652 823//652 819//652
f 820//653 822//653 821//653
f 822//654 824//654 821//654
f 821//655 824//655 823//655
f 824//656 826//656 823//656
f 783//657 825//657 824//657
f 824//658 825//658 826//658
f 822//659 783//659 824//659
f 826//660 829//660 827//660
f 826//661 827//661 828//661
f 823//662 826//662 828//662
f 825//663 829//663 826//663
f 829//664 831//664 827//664
f 780//665 830//665 829//665
f 829//666 830//666 831//666
f 825//667 780//667 829//667
f 827//668 831//668 834//668
f 831//669 833//669 832//669
f 831//670 832//670 834//670
f 830//671 833//671 831//671
f 838//672 834//672 835//672
f 834//673 836//673 835//673
f 834//673 837//673 836//673
f 834//674 832//674 837//674
f 827//675 834//675 838//675
f 838//676 835//676 839//676
f 840//677 838//677 839//677
f 828//678 838//678 840//678
f 828//679 827//679 838//679
f 844//680 840//680 841//680
f 841//681 840//681 842//681
f 840//682 839//682 843//682
f 840//683 843//683 842//683
f 844//684 828//684 840//684
f 845//685 844//685 841//685
f 819//686 844//686 845//686
f 823//687 828//687 844//687
f 819//688 823//688 844//688
f 816//689 845//689 846//689
f 846//690 845//690 847//690
f 845//691 841//691 847//691
f 816//692 819//692 845//692
f 847//693 849//693 848//693
f 850//694 847//694 848//694
f 847//693 851//693 849//693
f 846//695 847//695 850//695
f 847//696 841//696 851//696
f 849//3 851//3 852//3
f 851//4 853//4 852//4
f 841//697 853//697 851//697
f 853//4 842//4 852//4
f 841//697 842//697 853//697
f 852//698 855//698 854//698
f 901//4 852//4 854//4
f 857//698 855//698 852//698
f 871//4 856//4 852//4
f 856//4 857//4 852//4
f 862//4 858//4 852//4
f 858//4 859//4 852//4
f 859//4 878//4 852//4
f 884//4 860//4 852//4
f 860//4 861//4 852//4
f 861//4 870//4 852//4
f 889//4 862//4 852//4
f 898//4 863//4 852//4
f 863//4 864//4 852//4
f 864//4 865//4 852//4
f 865//4 866//4 852//4
f 866//4 867//4 852//4
f 867//4 868//4 852//4
f 868//4 869//4 852//4
f 869//4 881//4 852//4
f 870//4 871//4 852//4
f 887//4 872//4 852//4
f 872//699 873//699 852//699
f 873//6 874//6 852//6
f 874//3 893//3 852//3
f 875//4 894//4 852//4
f 893//700 875//700 852//700
f 876//4 895//4 852//4
f 894//4 876//4 852//4
f 877//4 888//4 852//4
f 895//4 877//4 852//4
f 878//4 879//4 852//4
f 879//4 880//4 852//4
f 880//4 900//4 852//4
f 881//4 882//4 852//4
f 882//4 883//4 852//4
f 883//4 896//4 852//4
f 896//4 884//4 852//4
f 901//4 885//4 852//4
f 885//4 886//4 852//4
f 886//4 887//4 852//4
f 888//6 889//6 852//6
f 839//4 835//4 852//4
f 835//4 836//4 852//4
f 890//4 897//4 852//4
f 900//4 890//4 852//4
f 891//4 892//4 852//4
f 897//4 891//4 852//4
f 892//4 899//4 852//4
f 842//4 843//4 852//4
f 843//4 839//4 852//4
f 848//4 849//4 852//4
f 899//4 848//4 852//4
f 837//4 898//4 852//4
f 836//4 837//4 852//4
f 901//4 854//4 910//4
f 902//701 885//701 901//701
f 902//701 901//701 909//701
f 901//6 906//6 903//6
f 901//702 903//702 904//702
f 905//4 901//4 904//4
f 909//4 901//4 905//4
f 901//699 907//699 906//699
f 901//4 908//4 907//4
f 901//4 910//4 908//4
f 912//703 911//703 910//703
f 910//704 911//704 908//704
f 854//705 912//705 910//705
f 912//706 913//706 911//706
f 855//707 912//707 854//707
f 914//708 913//708 912//708
f 855//709 914//709 912//709
f 915//710 917//710 914//710
f 915//711 914//711 855//711
f 917//712 916//712 914//712
f 914//713 916//713 913//713
f 918//714 917//714 915//714
f 917//715 919//715 916//715
f 918//716 920//716 917//716
f 920//717 919//717 917//717
f 922//718 920//718 918//718
f 920//719 921//719 919//719
f 923//720 921//720 920//720
f 922//721 923//721 920//721
f 924//722 923//722 922//722
f 923//723 925//723 921//723
f 924//724 925//724 923//724
f 929//725 925//725 924//725
f 925//726 927//726 926//726
f 925//727 926//727 921//727
f 928//728 927//728 925//728
f 929//729 928//729 925//729
f 930//730 929//730 924//730
f 931//731 929//731 930//731
f 932//732 929//732 931//732
f 933//733 928//733 929//733
f 932//734 933//734 929//734
f 934//735 933//735 932//735
f 933//736 935//736 928//736
f 934//737 686//737 933//737
f 705//738 935//738 933//738
f 686//739 685//739 933//739
f 685//740 705//740 933//740
f 935//741 705//741 936//741
f 935//742 936//742 928//742
f 928//743 936//743 927//743
f 936//111 705//111 939//111
f 940//111 936//111 937//111
f 937//479 936//479 939//479
f 938//744 936//744 940//744
f 936//745 938//745 927//745
f 940//746 943//746 941//746
f 942//747 940//747 941//747
f 944//748 940//748 942//748
f 943//111 940//111 937//111
f 944//111 938//111 940//111
f 938//749 944//749 927//749
f 927//750 944//750 942//750
f 943//751 937//751 941//751
f 927//752 942//752 926//752
f 926//753 942//753 945//753
f 942//754 941//754 945//754
f 926//755 945//755 946//755
f 946//756 945//756 949//756
f 945//757 941//757 947//757
f 945//758 947//758 948//758
f 949//759 945//759 948//759
f 951//760 949//760 950//760
f 949//761 948//761 950//761
f 946//762 949//762 951//762
f 951//763 950//763 954//763
f 953//764 951//764 952//764
f 952//765 951//765 954//765
f 953//766 946//766 951//766
f 954//767 956//767 955//767
f 957//768 954//768 955//768
f 954//769 950//769 956//769
f 952//770 954//770 957//770
f 913//771 957//771 911//771
f 911//772 957//772 958//772
f 957//773 955//773 958//773
f 913//774 952//774 957//774
f 958//775 955//775 959//775
f 958//776 959//776 903//776
f 907//777 958//777 906//777
f 906//777 958//777 903//777
f 911//778 958//778 907//778
f 903//779 959//779 904//779
f 959//780 960//780 904//780
f 961//781 960//781 959//781
f 955//782 961//782 959//782
f 956//783 963//783 961//783
f 955//784 956//784 961//784
f 963//785 962//785 961//785
f 961//786 962//786 960//786
f 956//787 966//787 963//787
f 963//788 964//788 962//788
f 965//789 964//789 963//789
f 966//790 965//790 963//790
f 950//791 966//791 956//791
f 966//792 967//792 965//792
f 948//793 967//793 966//793
f 950//794 948//794 966//794
f 967//795 947//795 968//795
f 967//796 968//796 965//796
f 948//797 947//797 967//797
f 968//798 971//798 969//798
f 968//799 969//799 965//799
f 947//800 970//800 968//800
f 970//801 971//801 968//801
f 971//802 973//802 969//802
f 970//803 972//803 971//803
f 971//804 972//804 973//804
f 969//805 973//805 974//805
f 973//806 975//806 974//806
f 976//807 975//807 973//807
f 977//808 976//808 973//808
f 972//809 977//809 973//809
f 977//810 978//810 976//810
f 980//811 978//811 977//811
f 979//812 980//812 977//812
f 979//813 977//813 972//813
f 982//814 981//814 980//814
f 980//815 981//815 983//815
f 982//816 980//816 979//816
f 980//817 983//817 978//817
f 978//818 983//818 984//818
f 984//819 983//819 985//819
f 983//820 986//820 985//820
f 983//821 987//821 986//821
f 981//822 987//822 983//822
f 987//823 988//823 986//823
f 987//824 989//824 988//824
f 990//825 989//825 987//825
f 981//826 990//826 987//826
f 990//827 992//827 991//827
f 990//828 991//828 989//828
f 993//829 990//829 981//829
f 993//830 795//830 990//830
f 795//831 992//831 990//831
f 994//832 993//832 981//832
f 995//833 993//833 994//833
f 995//834 795//834 993//834
f 995//835 799//835 795//835
f 680//836 799//836 995//836
f 680//837 995//837 679//837
f 679//838 995//838 994//838
f 994//839 981//839 982//839
f 679//840 994//840 996//840
f 996//841 994//841 982//841
f 679//842 996//842 678//842
f 678//843 996//843 997//843
f 996//844 998//844 997//844
f 996//845 982//845 998//845
f 997//846 998//846 972//846
f 998//847 982//847 979//847
f 998//848 979//848 972//848
f 678//849 997//849 970//849
f 970//850 997//850 972//850
f 992//851 999//851 991//851
f 992//852 1001//852 999//852
f 795//853 797//853 992//853
f 797//854 1000//854 992//854
f 992//855 1000//855 1001//855
f 999//856 1001//856 1002//856
f 1001//857 1004//857 1002//857
f 1000//858 1003//858 1001//858
f 1001//859 1003//859 1004//859
f 1002//860 1004//860 1005//860
f 1004//861 1007//861 1005//861
f 1003//862 1006//862 1004//862
f 1004//863 1006//863 1007//863
f 1005//864 1007//864 1008//864
f 1007//865 1010//865 1008//865
f 1006//866 1009//866 1007//866
f 1007//867 1009//867 1010//867
f 1008//868 1010//868 1011//868
f 1010//869 1012//869 1011//869
f 1010//870 1013//870 1012//870
f 1009//871 1013//871 1010//871
f 1015//872 1014//872 1013//872
f 1013//873 1014//873 1016//873
f 1009//874 1015//874 1013//874
f 1013//875 1016//875 1012//875
f 1012//876 1016//876 888//876
f 1016//877 889//877 888//877
f 1014//878 1017//878 1016//878
f 1016//879 1017//879 862//879
f 1016//877 862//877 889//877
f 1017//880 859//880 858//880
f 1017//880 858//880 862//880
f 1019//881 1018//881 1017//881
f 1017//882 1018//882 859//882
f 1014//883 1019//883 1017//883
f 1020//884 1019//884 1014//884
f 1020//885 1022//885 1019//885
f 1022//886 1021//886 1019//886
f 1019//887 1021//887 1018//887
f 1024//888 1022//888 1020//888
f 1025//889 1023//889 1022//889
f 1022//890 1023//890 1021//890
f 1024//891 1025//891 1022//891
f 1026//892 1025//892 1024//892
f 1026//893 1027//893 1025//893
f 1027//894 1028//894 1025//894
f 1025//895 1028//895 1023//895
f 1028//896 1030//896 1029//896
f 1028//897 1029//897 1023//897
f 1027//898 1031//898 1028//898
f 1031//899 1030//899 1028//899
f 806//900 1031//900 1027//900
f 806//901 809//901 1031//901
f 1031//902 809//902 1030//902
f 1030//903 1032//903 1029//903
f 1030//904 811//904 1032//904
f 809//905 811//905 1030//905
f 1029//906 1032//906 1033//906
f 1032//907 1034//907 1033//907
f 811//908 813//908 1032//908
f 1032//909 813//909 1034//909
f 1033//910 1034//910 1035//910
f 1034//911 1036//911 1035//911
f 1034//912 1037//912 1036//912
f 813//913 1037//913 1034//913
f 1037//914 850//914 1036//914
f 1037//915 846//915 850//915
f 813//916 814//916 1037//916
f 814//917 846//917 1037//917
f 1036//918 892//918 891//918
f 1035//919 1036//919 891//919
f 1036//918 899//918 892//918
f 1036//920 850//920 899//920
f 1035//921 891//921 897//921
f 1033//922 1035//922 1038//922
f 1038//923 1035//923 890//923
f 1035//921 897//921 890//921
f 1040//924 1038//924 1039//924
f 1039//925 1038//925 880//925
f 1038//926 900//926 880//926
f 1038//926 890//926 900//926
f 1040//927 1033//927 1038//927
f 1023//928 1029//928 1040//928
f 1023//929 1040//929 1021//929
f 1029//930 1033//930 1040//930
f 1021//931 1040//931 1039//931
f 1021//932 1039//932 1018//932
f 1018//933 1039//933 878//933
f 1039//934 879//934 878//934
f 1039//934 880//934 879//934
f 1041//935 806//935 1027//935
f 1041//936 1027//936 1026//936
f 1043//937 1041//937 1042//937
f 1042//938 1041//938 1044//938
f 803//939 806//939 1041//939
f 1043//940 803//940 1041//940
f 1041//941 1026//941 1044//941
f 1042//942 1044//942 1045//942
f 1045//943 1044//943 1046//943
f 1044//944 1024//944 1046//944
f 1044//945 1026//945 1024//945
f 1047//946 1046//946 1015//946
f 1046//947 1020//947 1015//947
f 1045//948 1046//948 1047//948
f 1046//949 1024//949 1020//949
f 1047//950 1015//950 1009//950
f 1048//951 1045//951 1047//951
f 1048//952 1047//952 1006//952
f 1006//953 1047//953 1009//953
f 1000//954 1042//954 1048//954
f 1000//955 1048//955 1003//955
f 1042//956 1045//956 1048//956
f 1003//957 1048//957 1006//957
f 1049//958 1043//958 1042//958
f 801//959 1043//959 1049//959
f 796//960 803//960 1043//960
f 801//961 1050//961 1043//961
f 1050//962 796//962 1043//962
f 796//111 1050//111 801//111
f 1049//963 1042//963 1000//963
f 1051//964 1049//964 797//964
f 797//965 1049//965 1000//965
f 1051//966 801//966 1049//966
f 800//967 1051//967 797//967
f 801//111 1051//111 800//111
f 1015//968 1020//968 1014//968
f 1018//969 878//969 859//969
f 1011//970 1012//970 877//970
f 1012//971 888//971 877//971
f 1011//972 877//972 895//972
f 1008//973 1011//973 1052//973
f 1011//972 895//972 876//972
f 1052//974 1011//974 876//974
f 1054//975 1052//975 1053//975
f 1053//976 1052//976 875//976
f 1052//977 894//977 875//977
f 1052//978 876//978 894//978
f 1054//979 1008//979 1052//979
f 1056//980 1054//980 1055//980
f 1055//981 1054//981 1053//981
f 1005//982 1008//982 1054//982
f 1056//983 1005//983 1054//983
f 1058//984 1056//984 1055//984
f 1057//985 1002//985 1056//985
f 1057//986 1056//986 1058//986
f 1002//987 1005//987 1056//987
f 1058//988 1055//988 1060//988
f 1061//989 1058//989 1059//989
f 1059//990 1058//990 1060//990
f 1061//991 1057//991 1058//991
f 989//992 1061//992 988//992
f 988//993 1061//993 1059//993
f 991//994 1057//994 1061//994
f 989//995 991//995 1061//995
f 1060//996 1055//996 1062//996
f 1060//997 1062//997 1063//997
f 1064//998 1060//998 1063//998
f 1059//999 1060//999 1064//999
f 1066//1000 1064//1000 1065//1000
f 1065//1001 1064//1001 1067//1001
f 1064//1002 1063//1002 1067//1002
f 1066//1003 1059//1003 1064//1003
f 1067//1004 1063//1004 872//1004
f 1067//1005 872//1005 887//1005
f 1068//1006 1067//1006 886//1006
f 1067//1005 887//1005 886//1005
f 1065//1007 1067//1007 1068//1007
f 1069//1008 1068//1008 902//1008
f 902//1009 1068//1009 885//1009
f 1068//1010 886//1010 885//1010
f 1069//1011 1065//1011 1068//1011
f 1072//1012 1069//1012 902//1012
f 1071//1013 1065//1013 1069//1013
f 1070//1014 1071//1014 1069//1014
f 1070//1015 1069//1015 1072//1015
f 1072//1016 902//1016 1074//1016
f 1075//1017 1072//1017 1073//1017
f 1073//1018 1072//1018 1074//1018
f 1076//1019 1072//1019 1075//1019
f 1076//1020 1070//1020 1072//1020
f 1076//1021 1075//1021 1077//1021
f 1078//1022 1076//1022 1077//1022
f 1079//1023 1076//1023 1078//1023
f 1079//1024 1070//1024 1076//1024
f 1081//1025 1079//1025 1080//1025
f 1080//1026 1079//1026 1078//1026
f 1081//1027 1070//1027 1079//1027
f 1082//1028 1081//1028 1080//1028
f 1083//1029 1081//1029 1082//1029
f 1083//1030 985//1030 1081//1030
f 1081//1031 985//1031 1070//1031
f 984//1032 985//1032 1083//1032
f 984//1033 1083//1033 975//1033
f 975//1034 1083//1034 1082//1034
f 1082//1035 1080//1035 974//1035
f 975//1036 1082//1036 974//1036
f 974//1037 1080//1037 1084//1037
f 1080//1038 1078//1038 1084//1038
f 964//1039 1084//1039 962//1039
f 962//1040 1084//1040 1085//1040
f 1084//1041 1077//1041 1085//1041
f 964//1042 974//1042 1084//1042
f 1078//1043 1077//1043 1084//1043
f 960//1044 1085//1044 1086//1044
f 1085//1045 1087//1045 1086//1045
f 1085//1046 1089//1046 1087//1046
f 962//1047 1085//1047 960//1047
f 1077//1048 1088//1048 1085//1048
f 1088//1049 1089//1049 1085//1049
f 1089//1050 1091//1050 1090//1050
f 1089//1051 1090//1051 1087//1051
f 1088//1052 1073//1052 1089//1052
f 1073//1053 1091//1053 1089//1053
f 1073//1054 1074//1054 1091//1054
f 1091//1055 1092//1055 1090//1055
f 1091//1056 1074//1056 1092//1056
f 1092//1057 1096//1057 1093//1057
f 1092//1057 1093//1057 1095//1057
f 1090//1058 1092//1058 1095//1058
f 1092//1059 1074//1059 1094//1059
f 1092//1060 1094//1060 1096//1060
f 1096//4 1094//4 1093//4
f 1090//1061 1095//1061 1087//1061
f 1095//4 1093//4 1087//4
f 1094//4 909//4 905//4
f 1087//4 1094//4 905//4
f 1093//4 1094//4 1087//4
f 1074//1062 909//1062 1094//1062
f 1077//1063 1075//1063 1088//1063
f 1075//1064 1073//1064 1088//1064
f 1086//4 1087//4 905//4
f 960//1065 1086//1065 905//1065
f 1074//1066 902//1066 909//1066
f 986//1067 1066//1067 1071//1067
f 1071//1068 1066//1068 1065//1068
f 985//1069 986//1069 1071//1069
f 985//1070 1071//1070 1070//1070
f 988//1071 1059//1071 1066//1071
f 986//1072 988//1072 1066//1072
f 1063//1073 873//1073 872//1073
f 1063//1073 874//1073 873//1073
f 1063//1074 1062//1074 874//1074
f 1055//1075 1053//1075 1062//1075
f 1062//1076 1053//1076 893//1076
f 1062//1077 893//1077 874//1077
f 999//1078 1002//1078 1057//1078
f 991//1079 999//1079 1057//1079
f 1053//1080 875//1080 893//1080
f 978//1081 984//1081 976//1081
f 976//1082 984//1082 975//1082
f 969//1083 974//1083 964//1083
f 947//1084 1097//1084 970//1084
f 1097//1085 678//1085 970//1085
f 1097//1086 684//1086 678//1086
f 939//1087 684//1087 1097//1087
f 937//1087 939//1087 1097//1087
f 941//1088 937//1088 1097//1088
f 941//1089 1097//1089 947//1089
f 965//1090 969//1090 964//1090
f 960//1065 905//1065 904//1065
f 916//1091 953//1091 952//1091
f 919//1092 953//1092 916//1092
f 919//1093 1098//1093 953//1093
f 1098//1094 946//1094 953//1094
f 921//1095 1098//1095 919//1095
f 1098//1096 926//1096 946//1096
f 921//1097 926//1097 1098//1097
f 916//1098 952//1098 913//1098
f 939//111 705//111 684//111
f 1099//1099 934//1099 932//1099
f 1100//1100 934//1100 1099//1100
f 688//1101 686//1101 934//1101
f 687//1102 688//1102 934//1102
f 1100//1103 687//1103 934//1103
f 1101//1104 1100//1104 1099//1104
f 1102//1105 1100//1105 1101//1105
f 1102//1106 689//1106 1100//1106
f 689//1107 1103//1107 1100//1107
f 1103//1108 687//1108 1100//1108
f 1103//112 689//112 687//112
f 1104//1109 690//1109 1102//1109
f 1104//1110 1102//1110 1105//1110
f 690//1111 689//1111 1102//1111
f 1105//1112 1102//1112 1101//1112
f 1107//1113 1105//1113 1106//1113
f 1105//1114 1101//1114 1106//1114
f 1108//1115 1105//1115 1107//1115
f 1109//1116 1105//1116 1108//1116
f 1109//1117 1104//1117 1105//1117
f 728//1118 1110//1118 1109//1118
f 728//1119 1109//1119 1111//1119
f 1110//1120 1104//1120 1109//1120
f 1111//1121 1109//1121 1112//1121
f 1112//1122 1109//1122 1108//1122
f 1114//1123 1112//1123 1113//1123
f 1112//1124 1108//1124 1113//1124
f 1111//1125 1112//1125 1114//1125
f 1116//1126 1114//1126 1115//1126
f 1114//1127 1113//1127 1115//1127
f 1117//1128 1114//1128 1116//1128
f 1117//1129 1111//1129 1114//1129
f 1118//1130 1117//1130 1116//1130
f 1120//1131 1117//1131 1118//1131
f 1120//1132 1119//1132 1117//1132
f 1119//1133 1111//1133 1117//1133
f 730//1134 1119//1134 1120//1134
f 732//1135 730//1135 1120//1135
f 732//1136 1120//1136 1121//1136
f 1121//1137 1120//1137 1118//1137
f 1121//1138 1118//1138 1122//1138
f 1123//1139 1121//1139 1122//1139
f 734//1140 1121//1140 1123//1140
f 734//1141 732//1141 1121//1141
f 1123//1142 1122//1142 1126//1142
f 1125//1143 1123//1143 1124//1143
f 1124//1144 1123//1144 1126//1144
f 1125//1145 734//1145 1123//1145
f 1126//1146 1122//1146 1127//1146
f 1126//1147 1127//1147 1129//1147
f 1130//1148 1126//1148 1128//1148
f 1128//1148 1126//1148 1129//1148
f 1124//1149 1126//1149 1130//1149
f 1131//1150 1124//1150 1130//1150
f 1131//4 1130//4 1128//4
f 1132//1151 1140//1151 1131//1151
f 1132//4 1131//4 1141//4
f 1131//1152 1128//1152 1133//1152
f 1131//6 1133//6 1139//6
f 1140//1153 1124//1153 1131//1153
f 1131//6 1135//6 1134//6
f 1131//4 1134//4 1141//4
f 1131//4 1136//4 1135//4
f 1131//4 1137//4 1136//4
f 1131//4 1138//4 1137//4
f 1131//4 1139//4 1138//4
f 1141//1154 1143//1154 1142//1154
f 1146//4 1141//4 1142//4
f 1134//1155 1143//1155 1141//1155
f 1146//4 1144//4 1141//4
f 1144//4 1145//4 1141//4
f 1145//4 1132//4 1141//4
f 1149//4 1146//4 1147//4
f 1146//4 1148//4 1147//4
f 1146//4 1150//4 1148//4
f 1149//1156 1156//1156 1146//1156
f 1146//4 1157//4 1150//4
f 1146//4 1152//4 1151//4
f 1146//3 1151//3 1157//3
f 1146//4 1153//4 1152//4
f 1146//4 1154//4 1153//4
f 1146//4 1158//4 1154//4
f 1146//4 1142//4 1155//4
f 1146//4 1155//4 1158//4
f 1146//1157 1156//1157 1144//1157
f 1158//1158 1159//1158 1154//1158
f 1160//1159 1159//1159 1158//1159
f 1155//1160 1160//1160 1158//1160
f 1142//1161 1160//1161 1155//1161
f 1143//1162 1160//1162 1142//1162
f 1143//1163 1162//1163 1160//1163
f 1162//1164 1161//1164 1160//1164
f 1160//1165 1161//1165 1159//1165
f 1162//1166 1164//1166 1161//1166
f 1163//1167 1162//1167 1143//1167
f 1163//1168 1165//1168 1162//1168
f 1165//1169 1164//1169 1162//1169
f 1165//1170 1168//1170 1164//1170
f 1166//1171 1167//1171 1165//1171
f 1166//1172 1165//1172 1163//1172
f 1167//1173 1168//1173 1165//1173
f 1168//1174 1169//1174 1164//1174
f 1168//1175 1170//1175 1169//1175
f 1167//1176 1106//1176 1168//1176
f 1106//1177 1170//1177 1168//1177
f 1170//1178 1171//1178 1169//1178
f 1170//1179 1101//1179 1171//1179
f 1106//1180 1101//1180 1170//1180
f 1169//1181 1171//1181 1172//1181
f 1171//1182 1173//1182 1172//1182
f 1171//1183 1099//1183 1173//1183
f 1101//1184 1099//1184 1171//1184
f 1173//1185 1099//1185 1174//1185
f 1173//1186 1174//1186 1175//1186
f 1172//1187 1173//1187 1175//1187
f 1177//1188 1175//1188 1176//1188
f 1175//1189 1178//1189 1176//1189
f 1172//1190 1175//1190 1177//1190
f 1175//1191 1174//1191 1178//1191
f 1176//1192 1178//1192 1179//1192
f 1178//1193 1180//1193 1179//1193
f 1178//1194 1181//1194 1180//1194
f 1174//1195 1181//1195 1178//1195
f 1181//1196 931//1196 1180//1196
f 1181//1197 932//1197 931//1197
f 1174//1198 932//1198 1181//1198
f 1179//1199 1180//1199 1183//1199
f 1180//1200 931//1200 1182//1200
f 1180//1201 1182//1201 1183//1201
f 1183//1202 1186//1202 1184//1202
f 1185//1203 1183//1203 1184//1203
f 1179//1204 1183//1204 1185//1204
f 1183//1205 1182//1205 1186//1205
f 1184//1206 1186//1206 1189//1206
f 1186//1207 1188//1207 1187//1207
f 1186//1208 1187//1208 1189//1208
f 1182//1209 1188//1209 1186//1209
f 1189//1210 1187//1210 1190//1210
f 1189//1211 1190//1211 1191//1211
f 1192//1212 1189//1212 1191//1212
f 1184//1213 1189//1213 1192//1213
f 1194//1214 1192//1214 1193//1214
f 1192//1215 1191//1215 1193//1215
f 1195//1216 1192//1216 1194//1216
f 1196//1217 1192//1217 1195//1217
f 1196//1218 1184//1218 1192//1218
f 1147//1219 1196//1219 1195//1219
f 1148//1219 1196//1219 1147//1219
f 1185//1220 1184//1220 1196//1220
f 1197//1221 1185//1221 1196//1221
f 1197//1222 1196//1222 1148//1222
f 1157//1223 1197//1223 1150//1223
f 1150//1224 1197//1224 1148//1224
f 1198//1225 1197//1225 1157//1225
f 1198//1226 1199//1226 1197//1226
f 1199//1227 1185//1227 1197//1227
f 1199//1228 1179//1228 1185//1228
f 1200//1229 1176//1229 1199//1229
f 1200//1230 1199//1230 1198//1230
f 1176//1231 1179//1231 1199//1231
f 1202//1232 1200//1232 1201//1232
f 1201//1233 1200//1233 1198//1233
f 1202//1234 1177//1234 1200//1234
f 1177//1235 1176//1235 1200//1235
f 1159//1236 1202//1236 1201//1236
f 1161//1237 1203//1237 1202//1237
f 1161//1238 1202//1238 1159//1238
f 1203//1239 1177//1239 1202//1239
f 1164//1240 1203//1240 1161//1240
f 1203//1241 1172//1241 1177//1241
f 1169//1242 1172//1242 1203//1242
f 1164//1243 1169//1243 1203//1243
f 1159//1244 1201//1244 1153//1244
f 1153//1245 1201//1245 1152//1245
f 1152//1246 1201//1246 1151//1246
f 1201//1247 1198//1247 1151//1247
f 1151//1248 1198//1248 1157//1248
f 856//4 1147//4 1195//4
f 856//4 1195//4 1194//4
f 856//4 1194//4 1193//4
f 856//4 1193//4 1204//4
f 1193//1249 1191//1249 1204//1249
f 1191//1250 1205//1250 1204//1250
f 1204//1251 1205//1251 1206//1251
f 856//4 1204//4 1206//4
f 856//4 1206//4 857//4
f 1206//1251 1205//1251 857//1251
f 1191//1252 1190//1252 1205//1252
f 1190//1253 915//1253 1205//1253
f 1205//1254 915//1254 855//1254
f 1205//1255 855//1255 857//1255
f 1190//1256 918//1256 915//1256
f 1187//1257 918//1257 1190//1257
f 1188//1258 922//1258 1187//1258
f 1188//1259 924//1259 922//1259
f 930//1260 924//1260 1188//1260
f 1182//1261 930//1261 1188//1261
f 1187//1262 922//1262 918//1262
f 931//1263 930//1263 1182//1263
f 1099//1264 932//1264 1174//1264
f 1207//1265 1167//1265 1166//1265
f 1207//1266 1107//1266 1167//1266
f 1107//1267 1106//1267 1167//1267
f 1113//1268 1108//1268 1207//1268
f 1113//1269 1207//1269 1208//1269
f 1108//1270 1107//1270 1207//1270
f 1208//1271 1207//1271 1166//1271
f 1208//1272 1166//1272 1209//1272
f 1210//1273 1208//1273 1209//1273
f 1115//1274 1208//1274 1210//1274
f 1115//1275 1113//1275 1208//1275
f 1213//1276 1210//1276 1211//1276
f 1210//1277 1209//1277 1211//1277
f 1212//1278 1115//1278 1210//1278
f 1212//1279 1210//1279 1213//1279
f 1213//1280 1211//1280 1137//1280
f 1138//1281 1213//1281 1137//1281
f 1214//1282 1213//1282 1138//1282
f 1215//1283 1213//1283 1214//1283
f 1215//1284 1212//1284 1213//1284
f 1216//1285 1212//1285 1215//1285
f 1127//1286 1216//1286 1215//1286
f 1127//1287 1215//1287 1139//1287
f 1139//1288 1215//1288 1214//1288
f 1122//1289 1216//1289 1127//1289
f 1216//1290 1116//1290 1212//1290
f 1118//1291 1116//1291 1216//1291
f 1122//1292 1118//1292 1216//1292
f 1139//3 1214//3 1138//3
f 1116//1293 1115//1293 1212//1293
f 1137//1294 1211//1294 1136//1294
f 1211//1295 1209//1295 1217//1295
f 1136//1294 1211//1294 1135//1294
f 1211//1296 1217//1296 1135//1296
f 1135//1297 1217//1297 1134//1297
f 1217//1298 1143//1298 1134//1298
f 1217//1299 1163//1299 1143//1299
f 1209//1300 1163//1300 1217//1300
f 1209//1301 1166//1301 1163//1301
f 1154//1302 1159//1302 1153//1302
f 747//1303 742//1303 1156//1303
f 747//1304 1156//1304 1149//1304
f 742//1305 741//1305 1156//1305
f 1156//1306 741//1306 1218//1306
f 1156//1307 1218//1307 1144//1307
f 1145//1308 1218//1308 1132//1308
f 1218//1309 1140//1309 1132//1309
f 1218//1310 1219//1310 1140//1310
f 741//1311 1219//1311 1218//1311
f 1144//1312 1218//1312 1145//1312
f 1219//1313 1125//1313 1140//1313
f 1219//1314 735//1314 1125//1314
f 737//1315 735//1315 1219//1315
f 741//1316 737//1316 1219//1316
f 856//1317 747//1317 1149//1317
f 856//4 1149//4 1147//4
f 1140//1318 1125//1318 1124//1318
f 1133//1319 1127//1319 1139//1319
f 1128//6 1129//6 1133//6
f 1129//1320 1127//1320 1133//1320
f 735//1321 734//1321 1125//1321
f 1119//1322 728//1322 1111//1322
f 730//1323 728//1323 1119//1323
f 729//1324 1110//1324 728//1324
f 1110//1325 691//1325 1104//1325
f 693//1326 691//1326 1110//1326
f 729//1327 693//1327 1110//1327
f 692//1328 690//1328 1104//1328
f 691//1329 692//1329 1104//1329
f 908//704 911//704 907//704
f 850//1330 848//1330 899//1330
f 832//1331 898//1331 837//1331
f 832//1331 863//1331 898//1331
f 883//1332 1221//1332 896//1332
f 1221//1333 1220//1333 896//1333
f 896//1334 1220//1334 884//1334
f 1221//1335 1222//1335 1220//1335
f 1224//1336 1222//1336 1221//1336
f 1223//1337 1224//1337 1221//1337
f 1223//1338 1221//1338 882//1338
f 882//1332 1221//1332 883//1332
f 1224//1339 1226//1339 1222//1339
f 1225//1340 1224//1340 1223//1340
f 1225//1341 1227//1341 1224//1341
f 1227//1342 1226//1342 1224//1342
f 1228//1343 1227//1343 1225//1343
f 1227//1344 767//1344 1226//1344
f 769//1345 1227//1345 1228//1345
f 769//1346 767//1346 1227//1346
f 1228//1347 1225//1347 1230//1347
f 771//1348 1228//1348 1229//1348
f 1229//1349 1228//1349 1230//1349
f 771//1350 769//1350 1228//1350
f 1229//1351 1230//1351 1231//1351
f 1231//1352 1230//1352 1233//1352
f 1230//1353 1225//1353 1232//1353
f 1230//1354 1232//1354 1233//1354
f 1233//1355 867//1355 866//1355
f 1234//1356 1233//1356 866//1356
f 1233//1355 868//1355 867//1355
f 1233//1357 1232//1357 868//1357
f 1231//1358 1233//1358 1234//1358
f 1235//1359 1234//1359 864//1359
f 1234//1360 865//1360 864//1360
f 1234//1360 866//1360 865//1360
f 1236//1361 1234//1361 1235//1361
f 1236//1362 1231//1362 1234//1362
f 833//1363 1236//1363 1235//1363
f 1238//1364 1236//1364 833//1364
f 1237//1365 1231//1365 1236//1365
f 1238//1366 1237//1366 1236//1366
f 778//1367 1238//1367 830//1367
f 830//1368 1238//1368 833//1368
f 776//1369 1237//1369 1238//1369
f 778//1370 776//1370 1238//1370
f 1237//1371 1229//1371 1231//1371
f 776//1372 773//1372 1237//1372
f 773//1373 1229//1373 1237//1373
f 1235//1374 864//1374 863//1374
f 833//1375 1235//1375 832//1375
f 832//1376 1235//1376 863//1376
f 1232//1377 1225//1377 1223//1377
f 1232//1378 869//1378 868//1378
f 1232//1379 1223//1379 869//1379
f 773//1380 771//1380 1229//1380
f 1226//1381 765//1381 757//1381
f 1226//1382 757//1382 1222//1382
f 767//1383 765//1383 1226//1383
f 869//1384 1223//1384 881//1384
f 881//1384 1223//1384 882//1384
f 1222//1385 754//1385 1220//1385
f 1222//1386 757//1386 754//1386
f 1220//1387 754//1387 753//1387
f 1220//1388 753//1388 884//1388
f 884//1389 753//1389 860//1389
f 871//1390 748//1390 856//1390
f 870//1391 748//1391 871//1391
f 861//1392 750//1392 870//1392
f 750//1393 748//1393 870//1393
f 860//1392 750//1392 861//1392
f 753//1394 750//1394 860//1394
f 748//1395 747//1395 856//1395
f 814//1396 816//1396 846//1396
f 780//1397 778//1397 830//1397
f 783//1398 781//1398 825//1398
f 781//1399 780//1399 825//1399
f 784//1400 822//1400 820//1400
f 784//1401 783//1401 822//1401
f 789//1402 820//1402 817//1402
f 789//1403 784//1403 820//1403
f 789//1404 817//1404 808//1404
f 694//111 799//111 680//111
f 798//1405 792//1405 790//1405
f 710//1406 709//1406 775//1406
f 765//1407 756//1407 757//1407
f 715//1408 719//1408 759//1408
f 722//1409 695//1409 729//1409
f 696//1410 693//1410 729//1410
f 695//1411 696//1411 729//1411
f 699//1412 700//1412 722//1412
f 700//1413 695//1413 722//1413
f 1239//1414 1241//1414 718//1414
f 1239//4 718//4 474//4
f 718//6 1242//6 474//6
f 1241//1415 1240//1415 718//1415
f 718//1416 1240//1416 1242//1416
f 718//111 702//111 699//111
f 1242//4 1243//4 474//4
f 1242//1417 1244//1417 1243//1417
f 1240//1418 1244//1418 1242//1418
f 1244//1419 1246//1419 1245//1419
f 1244//1420 1245//1420 1243//1420
f 1240//1421 1247//1421 1244//1421
f 1247//1419 1246//1419 1244//1419
f 1248//1422 1250//1422 1247//1422
f 1248//1421 1247//1421 1240//1421
f 1250//1423 1249//1423 1247//1423
f 1247//1424 1249//1424 1246//1424
f 1251//1425 1250//1425 1248//1425
f 1250//1426 1252//1426 1249//1426
f 1251//1427 1253//1427 1250//1427
f 1253//1428 1252//1428 1250//1428
f 1254//1429 1253//1429 1251//1429
f 1253//1430 1255//1430 1252//1430
f 1254//1431 1256//1431 1253//1431
f 1256//1432 1255//1432 1253//1432
f 1256//1433 556//1433 1255//1433
f 1257//1434 519//1434 1256//1434
f 1257//1435 1256//1435 1254//1435
f 519//1436 556//1436 1256//1436
f 1259//1437 1257//1437 1258//1437
f 1258//1438 1257//1438 1254//1438
f 1259//1439 531//1439 1257//1439
f 531//1440 519//1440 1257//1440
f 1260//1441 1259//1441 1258//1441
f 1261//1442 1259//1442 1260//1442
f 1261//1443 544//1443 1259//1443
f 544//1444 531//1444 1259//1444
f 1262//1445 557//1445 1261//1445
f 1262//1446 1261//1446 1263//1446
f 557//1447 544//1447 1261//1447
f 1263//1448 1261//1448 1260//1448
f 1263//1449 1260//1449 1266//1449
f 1264//1450 1262//1450 1263//1450
f 1264//1451 1263//1451 1265//1451
f 1265//1451 1263//1451 1266//1451
f 1266//1452 1268//1452 1267//1452
f 1269//1453 1266//1453 1267//1453
f 1266//1449 1260//1449 1268//1449
f 1265//1454 1266//1454 1269//1454
f 1269//1455 1267//1455 1270//1455
f 1269//1456 1270//1456 1272//1456
f 1265//1457 1269//1457 1271//1457
f 1271//1456 1269//1456 1272//1456
f 1272//1458 1274//1458 1273//1458
f 1275//1459 1272//1459 1273//1459
f 1272//1460 1270//1460 1274//1460
f 1271//1461 1272//1461 1275//1461
f 1275//1462 1273//1462 1276//1462
f 1277//1463 1275//1463 1276//1463
f 1278//1464 1275//1464 1277//1464
f 1278//1465 1271//1465 1275//1465
f 1280//1466 1278//1466 1279//1466
f 1279//1464 1278//1464 1277//1464
f 1281//1467 1271//1467 1278//1467
f 1280//1467 1281//1467 1278//1467
f 1282//1468 1281//1468 1280//1468
f 1264//1469 1265//1469 1281//1469
f 1281//1457 1265//1457 1271//1457
f 1282//1470 1264//1470 1281//1470
f 1283//1471 1284//1471 1282//1471
f 1283//1472 1282//1472 1285//1472
f 1284//1473 1264//1473 1282//1473
f 1285//1468 1282//1468 1280//1468
f 1285//1474 1280//1474 1288//1474
f 1287//1475 1285//1475 1286//1475
f 1286//1476 1285//1476 1288//1476
f 1287//1472 1283//1472 1285//1472
f 1288//1477 1280//1477 1279//1477
f 1288//1478 1279//1478 1290//1478
f 1286//1479 1288//1479 1289//1479
f 1289//1480 1288//1480 1290//1480
f 1290//1481 1279//1481 1291//1481
f 1290//1482 1291//1482 1293//1482
f 1289//1483 1290//1483 1292//1483
f 1292//1484 1290//1484 1293//1484
f 1293//1485 1296//1485 1294//1485
f 1295//1485 1293//1485 1294//1485
f 1292//1486 1293//1486 1295//1486
f 1293//1487 1291//1487 1296//1487
f 1294//4 1296//4 474//4
f 1296//4 1297//4 474//4
f 1291//1488 1297//1488 1296//1488
f 1277//1489 1276//1489 1297//1489
f 1297//3 1276//3 474//3
f 1291//1489 1277//1489 1297//1489
f 1295//1490 1294//1490 1298//1490
f 1299//1491 1295//1491 1298//1491
f 1300//1492 1295//1492 1299//1492
f 1300//1486 1292//1486 1295//1486
f 1302//1493 1300//1493 1301//1493
f 1301//1494 1300//1494 1299//1494
f 1303//1495 1292//1495 1300//1495
f 1302//1496 1303//1496 1300//1496
f 1304//1497 1303//1497 1302//1497
f 1305//1498 1289//1498 1303//1498
f 1303//1499 1289//1499 1292//1499
f 1304//1498 1305//1498 1303//1498
f 1306//1500 1305//1500 1304//1500
f 1306//1501 1307//1501 1305//1501
f 1307//1502 1286//1502 1305//1502
f 1305//1503 1286//1503 1289//1503
f 525//1504 1307//1504 1306//1504
f 537//1505 1287//1505 1307//1505
f 1307//1506 1287//1506 1286//1506
f 525//1507 537//1507 1307//1507
f 562//1508 525//1508 1306//1508
f 562//1509 1306//1509 1308//1509
f 1308//1510 1306//1510 1304//1510
f 1308//1511 1304//1511 1310//1511
f 549//1512 1308//1512 1309//1512
f 1309//1513 1308//1513 1310//1513
f 549//1514 562//1514 1308//1514
f 1310//1515 1304//1515 1302//1515
f 1310//1516 1302//1516 1312//1516
f 1309//1517 1310//1517 1311//1517
f 1311//1518 1310//1518 1312//1518
f 1312//1519 1302//1519 1301//1519
f 1312//1520 1301//1520 1314//1520
f 1311//1521 1312//1521 1313//1521
f 1313//1522 1312//1522 1314//1522
f 1314//1523 1301//1523 1315//1523
f 1314//1524 1315//1524 1317//1524
f 1313//1525 1314//1525 1316//1525
f 1316//1526 1314//1526 1317//1526
f 1316//1527 1317//1527 1318//1527
f 1318//1528 1317//1528 1319//1528
f 1317//1529 1320//1529 1319//1529
f 1317//1530 1315//1530 1320//1530
f 1315//1531 1321//1531 1320//1531
f 1320//4 1321//4 474//4
f 1319//4 1320//4 474//4
f 1299//1532 1298//1532 1321//1532
f 1321//4 1298//4 474//4
f 1315//1533 1299//1533 1321//1533
f 1322//4 1319//4 474//4
f 1318//1534 1319//1534 1322//1534
f 1323//699 1322//699 474//699
f 1324//1535 1322//1535 1323//1535
f 1324//1536 1318//1536 1322//1536
f 580//1537 1324//1537 1323//1537
f 577//1538 1324//1538 580//1538
f 1325//1539 1318//1539 1324//1539
f 577//1539 1325//1539 1324//1539
f 574//1540 1325//1540 577//1540
f 1326//1541 1316//1541 1325//1541
f 1325//1542 1316//1542 1318//1542
f 574//1543 1326//1543 1325//1543
f 571//1544 1326//1544 574//1544
f 1327//1545 1313//1545 1326//1545
f 1326//1546 1313//1546 1316//1546
f 571//1547 1327//1547 1326//1547
f 569//1548 1327//1548 571//1548
f 569//1549 1328//1549 1327//1549
f 1328//1550 1311//1550 1327//1550
f 1327//1551 1311//1551 1313//1551
f 524//1552 1328//1552 569//1552
f 536//1553 1309//1553 1328//1553
f 1328//1554 1309//1554 1311//1554
f 524//1555 536//1555 1328//1555
f 580//1556 1323//1556 1329//1556
f 1329//4 1323//4 474//4
f 1329//4 474//4 1330//4
f 581//1557 1329//1557 1330//1557
f 581//1558 580//1558 1329//1558
f 583//1559 581//1559 1330//1559
f 583//1560 1330//1560 1331//1560
f 1330//4 474//4 1331//4
f 1331//4 474//4 1332//4
f 1333//1561 1331//1561 1332//1561
f 1333//1562 583//1562 1331//1562
f 596//1563 1333//1563 599//1563
f 599//1561 1333//1561 1332//1561
f 584//1564 583//1564 1333//1564
f 596//1565 584//1565 1333//1565
f 599//1566 1332//1566 1334//1566
f 1332//4 474//4 1334//4
f 1334//4 474//4 1335//4
f 600//1567 1334//1567 1335//1567
f 600//1568 599//1568 1334//1568
f 602//1567 600//1567 1335//1567
f 602//1569 1335//1569 1336//1569
f 1335//4 474//4 1336//4
f 1336//4 474//4 1337//4
f 1338//1570 1336//1570 1337//1570
f 1338//1569 602//1569 1336//1569
f 615//1571 1338//1571 618//1571
f 618//1570 1338//1570 1337//1570
f 603//1572 602//1572 1338//1572
f 615//1572 603//1572 1338//1572
f 618//1573 1337//1573 1339//1573
f 1337//4 474//4 1339//4
f 1339//4 474//4 1340//4
f 619//1574 1339//1574 1340//1574
f 619//1575 618//1575 1339//1575
f 621//1576 619//1576 1340//1576
f 621//1577 1340//1577 682//1577
f 1340//4 474//4 682//4
f 1301//1523 1299//1523 1315//1523
f 536//1512 549//1512 1309//1512
f 1298//4 1294//4 474//4
f 1279//1578 1277//1578 1291//1578
f 550//1579 1283//1579 1287//1579
f 537//1580 550//1580 1287//1580
f 1284//1581 520//1581 1262//1581
f 1284//1582 1262//1582 1264//1582
f 563//1581 520//1581 1284//1581
f 563//1583 1284//1583 1283//1583
f 550//1584 563//1584 1283//1584
f 1276//4 1273//4 474//4
f 1274//4 1341//4 474//4
f 1273//4 1274//4 474//4
f 1270//1585 1341//1585 1274//1585
f 1341//1586 1343//1586 1342//1586
f 1341//4 1342//4 474//4
f 1270//1587 1343//1587 1341//1587
f 1343//1588 1345//1588 1344//1588
f 1343//1589 1344//1589 1342//1589
f 1270//1590 1267//1590 1343//1590
f 1267//1591 1345//1591 1343//1591
f 1345//1592 1346//1592 1344//1592
f 1345//1593 1347//1593 1346//1593
f 1267//1594 1268//1594 1345//1594
f 1268//1593 1347//1593 1345//1593
f 1347//1595 1254//1595 1251//1595
f 1347//1596 1251//1596 1346//1596
f 1268//1597 1258//1597 1347//1597
f 1258//1598 1254//1598 1347//1598
f 1344//1599 1346//1599 1241//1599
f 1346//1600 1251//1600 1248//1600
f 1346//1601 1248//1601 1241//1601
f 1342//1602 1344//1602 1239//1602
f 1344//1603 1241//1603 1239//1603
f 1342//4 1239//4 474//4
f 1260//1597 1258//1597 1268//1597
f 520//1604 557//1604 1262//1604
f 556//1605 543//1605 1255//1605
f 1255//1606 543//1606 1348//1606
f 1255//1607 1348//1607 1252//1607
f 1348//1608 1350//1608 1349//1608
f 1252//1607 1348//1607 1349//1607
f 1348//1609 530//1609 1350//1609
f 543//1610 530//1610 1348//1610
f 1349//1611 1350//1611 1352//1611
f 1350//1612 518//1612 1351//1612
f 1350//1613 1351//1613 1352//1613
f 530//1614 518//1614 1350//1614
f 1352//1615 1355//1615 1353//1615
f 1354//1616 1352//1616 1353//1616
f 1349//1617 1352//1617 1354//1617
f 1352//1618 1351//1618 1355//1618
f 1353//1619 1355//1619 1358//1619
f 1355//1620 1357//1620 1356//1620
f 1355//1621 1356//1621 1358//1621
f 1351//1622 1357//1622 1355//1622
f 1358//1623 1361//1623 1359//1623
f 1360//1624 1358//1624 1359//1624
f 1353//1624 1358//1624 1360//1624
f 1358//1625 1356//1625 1361//1625
f 1359//1626 1361//1626 1364//1626
f 1361//1627 1363//1627 1362//1627
f 1361//1628 1362//1628 1364//1628
f 1356//1629 1363//1629 1361//1629
f 1364//1630 1367//1630 1365//1630
f 1366//1631 1364//1631 1365//1631
f 1359//1632 1364//1632 1366//1632
f 1364//1633 1362//1633 1367//1633
f 1365//1634 1367//1634 1370//1634
f 1367//1635 1369//1635 1368//1635
f 1367//1636 1368//1636 1370//1636
f 1362//1637 1369//1637 1367//1637
f 1365//1638 1370//1638 1371//1638
f 1371//1639 1370//1639 1372//1639
f 1370//1640 1373//1640 1372//1640
f 1370//1641 1368//1641 1373//1641
f 1372//1642 1373//1642 1374//1642
f 1373//1643 1375//1643 1374//1643
f 1373//1644 1376//1644 1375//1644
f 1368//1645 1376//1645 1373//1645
f 1368//1646 1378//1646 1376//1646
f 1378//1647 1377//1647 1376//1647
f 1376//1648 1377//1648 1379//1648
f 1376//1649 1379//1649 1375//1649
f 1375//1650 1379//1650 1382//1650
f 1379//1651 1381//1651 1380//1651
f 1379//1652 1380//1652 1382//1652
f 1377//1653 1381//1653 1379//1653
f 1382//1654 1384//1654 1383//1654
f 1385//1655 1382//1655 1383//1655
f 1382//1656 1380//1656 1384//1656
f 1375//1655 1382//1655 1385//1655
f 474//4 1385//4 1383//4
f 1374//4 1385//4 474//4
f 1374//1657 1375//1657 1385//1657
f 1383//1654 1384//1654 1387//1654
f 1380//1658 1386//1658 1384//1658
f 1384//1659 1386//1659 1388//1659
f 1384//1660 1388//1660 1387//1660
f 1388//1661 502//1661 1389//1661
f 1387//1660 1388//1660 1389//1660
f 1388//1662 504//1662 502//1662
f 1386//1662 504//1662 1388//1662
f 1389//1663 502//1663 501//1663
f 474//4 1387//4 1389//4
f 474//4 1389//4 501//4
f 474//6 1383//6 1387//6
f 1386//1664 507//1664 504//1664
f 1380//1665 1390//1665 1386//1665
f 1390//1664 507//1664 1386//1664
f 1381//1666 1391//1666 1390//1666
f 1381//1667 1390//1667 1380//1667
f 1391//1668 510//1668 1390//1668
f 1390//1668 510//1668 507//1668
f 1392//1669 1391//1669 1381//1669
f 1391//1670 513//1670 510//1670
f 1392//1671 1393//1671 1391//1671
f 1393//1672 513//1672 1391//1672
f 1394//1673 1393//1673 1392//1673
f 1393//1674 516//1674 513//1674
f 1394//1675 534//1675 1393//1675
f 534//1676 516//1676 1393//1676
f 1395//1677 1394//1677 1392//1677
f 1396//1678 1394//1678 1395//1678
f 1396//1679 547//1679 1394//1679
f 547//1680 534//1680 1394//1680
f 1397//1681 560//1681 1396//1681
f 1397//1682 1396//1682 1398//1682
f 560//1683 547//1683 1396//1683
f 1398//1684 1396//1684 1395//1684
f 1399//1685 1398//1685 1369//1685
f 1369//1686 1398//1686 1378//1686
f 1398//1687 1395//1687 1378//1687
f 1399//1688 1397//1688 1398//1688
f 1362//1689 1399//1689 1369//1689
f 1363//1690 1399//1690 1362//1690
f 1363//1691 1400//1691 1399//1691
f 1400//1692 1397//1692 1399//1692
f 1401//1693 1400//1693 1363//1693
f 1400//1694 523//1694 1397//1694
f 1401//1695 535//1695 1400//1695
f 535//1696 523//1696 1400//1696
f 1356//1697 1401//1697 1363//1697
f 1357//1698 1401//1698 1356//1698
f 1357//1699 548//1699 1401//1699
f 548//1700 535//1700 1401//1700
f 523//1701 560//1701 1397//1701
f 1395//1702 1392//1702 1377//1702
f 1378//1703 1395//1703 1377//1703
f 1377//1704 1392//1704 1381//1704
f 1369//1705 1378//1705 1368//1705
f 1372//4 1374//4 474//4
f 1371//699 1372//699 474//699
f 1402//1706 1365//1706 1371//1706
f 1402//700 1371//700 474//700
f 1403//4 1402//4 474//4
f 1403//1707 1366//1707 1402//1707
f 1366//1706 1365//1706 1402//1706
f 1404//1708 1405//1708 1403//1708
f 1404//699 1403//699 474//699
f 1405//1709 1366//1709 1403//1709
f 1405//1710 1359//1710 1366//1710
f 1406//1708 1405//1708 1404//1708
f 1406//1711 1360//1711 1405//1711
f 1360//1710 1359//1710 1405//1710
f 1245//1712 1406//1712 1407//1712
f 1407//1713 1406//1713 1404//1713
f 1245//1714 1408//1714 1406//1714
f 1408//1715 1360//1715 1406//1715
f 1246//1714 1408//1714 1245//1714
f 1408//1716 1353//1716 1360//1716
f 1246//1717 1354//1717 1408//1717
f 1354//1718 1353//1718 1408//1718
f 1243//1719 1245//1719 1407//1719
f 1407//700 1404//700 474//700
f 1243//699 1407//699 474//699
f 1351//1720 561//1720 1357//1720
f 561//1721 548//1721 1357//1721
f 1249//1722 1349//1722 1354//1722
f 1249//1723 1354//1723 1246//1723
f 518//1724 561//1724 1351//1724
f 1252//1725 1349//1725 1249//1725
f 1241//1601 1248//1601 1240//1601
f 698//1726 701//1726 710//1726
f 681//1727 621//1727 682//1727
f 634//379 681//379 637//379
f 622//1728 621//1728 681//1728
f 634//1729 622//1729 681//1729
f 624//1730 622//1730 634//1730
f 539//1731 552//1731 630//1731
f 605//345 603//345 615//345
f 540//1732 553//1732 611//1732
f 586//1733 584//1733 596//1733
f 541//1734 554//1734 592//1734
f 542//1735 555//1735 572//1735
f 514//1736 533//1736 511//1736
f 474//3 501//3 498//3
f 474//6 498//6 495//6
f 474//3 495//3 492//3
f 474//6 492//6 489//6
f 474//3 489//3 486//3
f 474//4 486//4 483//4
f 474//4 483//4 480//4
f 474//4 480//4 475//4
f 1409//4 1413//4 1410//4
f 1409//4 1410//4 1411//4
f 1412//4 1409//4 1411//4
f 1412//1737 1414//1737 1409//1737
f 1415//1738 1413//1738 1409//1738
f 1414//1737 1415//1737 1409//1737
f 1417//111 1415//111 1416//111
f 1415//111 1418//111 1416//111
f 1415//1738 1417//1738 1413//1738
f 1415//111 1414//111 1418//111
f 1416//1739 1418//1739 1411//1739
f 1418//1739 1419//1739 1411//1739
f 1418//1740 1420//1740 1419//1740
f 1414//111 1420//111 1418//111
f 1420//1741 1422//1741 1421//1741
f 1420//1740 1421//1740 1419//1740
f 1423//111 1422//111 1420//111
f 1414//111 1423//111 1420//111
f 1423//111 1424//111 1422//111
f 1424//1742 1423//1742 1425//1742
f 1425//1743 1423//1743 1412//1743
f 1423//1743 1414//1743 1412//1743
f 1426//4 1425//4 1421//4
f 1421//4 1425//4 1419//4
f 1426//1742 1424//1742 1425//1742
f 1425//4 1412//4 1419//4
f 1428//4 1426//4 1427//4
f 1427//4 1426//4 1421//4
f 1428//1744 1429//1744 1426//1744
f 1429//1744 1424//1744 1426//1744
f 1429//111 1432//111 1424//111
f 1431//1745 1429//1745 1428//1745
f 1431//111 1430//111 1429//111
f 1429//111 1430//111 1432//111
f 1422//1746 1432//1746 1427//1746
f 1432//1746 1433//1746 1427//1746
f 1424//111 1432//111 1422//111
f 1432//1747 1430//1747 1433//1747
f 1433//4 1428//4 1427//4
f 1434//4 1428//4 1433//4
f 1435//4 1434//4 1433//4
f 1430//1747 1435//1747 1433//1747
f 1436//4 1434//4 1435//4
f 1430//1748 1438//1748 1435//1748
f 1437//4 1436//4 1435//4
f 1438//1748 1437//1748 1435//1748
f 1431//111 1438//111 1430//111
f 1438//1749 1440//1749 1437//1749
f 1439//111 1440//111 1438//111
f 1439//111 1438//111 1431//111
f 1440//1750 1442//1750 1441//1750
f 1440//1749 1441//1749 1437//1749
f 1442//111 1440//111 1439//111
f 1442//1750 1443//1750 1441//1750
f 1442//1751 1444//1751 1443//1751
f 1444//111 1442//111 1445//111
f 1445//111 1442//111 1439//111
f 1445//1752 1439//1752 1436//1752
f 1446//1752 1445//1752 1436//1752
f 1447//1753 1445//1753 1446//1753
f 1447//111 1444//111 1445//111
f 1448//1753 1447//1753 1446//1753
f 1449//1754 1447//1754 1448//1754
f 1450//111 1444//111 1447//111
f 1449//111 1450//111 1447//111
f 1444//1755 1450//1755 1451//1755
f 1450//1755 1452//1755 1451//1755
f 1450//1756 1453//1756 1452//1756
f 1453//111 1450//111 1449//111
f 1453//1756 1454//1756 1452//1756
f 1453//1757 1455//1757 1454//1757
f 1455//111 1453//111 1456//111
f 1456//111 1453//111 1449//111
f 1456//1758 1449//1758 1457//1758
f 1458//1759 1456//1759 1457//1759
f 1459//1760 1456//1760 1458//1760
f 1459//111 1455//111 1456//111
f 1461//1761 1459//1761 1460//1761
f 1460//1760 1459//1760 1458//1760
f 1462//111 1455//111 1459//111
f 1461//111 1462//111 1459//111
f 1455//1762 1462//1762 1463//1762
f 1462//1762 1464//1762 1463//1762
f 1462//1763 1465//1763 1464//1763
f 1465//111 1462//111 1461//111
f 1465//1764 1467//1764 1466//1764
f 1465//1763 1466//1763 1464//1763
f 1467//111 1465//111 1468//111
f 1468//111 1465//111 1461//111
f 1471//1765 1468//1765 1469//1765
f 1469//1766 1468//1766 1470//1766
f 1468//1766 1461//1766 1470//1766
f 1471//111 1467//111 1468//111
f 1472//111 1467//111 1471//111
f 1472//111 1471//111 1474//111
f 1473//1765 1471//1765 1469//1765
f 1474//1767 1471//1767 1473//1767
f 1474//1767 1473//1767 1475//1767
f 1477//1768 1474//1768 1475//1768
f 1476//111 1472//111 1474//111
f 1476//111 1474//111 1477//111
f 1480//111 1477//111 1478//111
f 1478//1769 1477//1769 1479//1769
f 1477//1768 1475//1768 1479//1768
f 1480//111 1476//111 1477//111
f 1480//111 1478//111 1481//111
f 1476//1770 1480//1770 1483//1770
f 1480//1771 1481//1771 1482//1771
f 1483//1770 1480//1770 1482//1770
f 1483//4 1482//4 1484//4
f 1479//4 1483//4 1484//4
f 1485//4 1483//4 1479//4
f 1485//1772 1476//1772 1483//1772
f 1486//4 1485//4 1475//4
f 1475//4 1485//4 1479//4
f 1486//1773 1472//1773 1485//1773
f 1472//1772 1476//1772 1485//1772
f 1466//4 1486//4 1473//4
f 1473//4 1486//4 1475//4
f 1467//1764 1486//1764 1466//1764
f 1467//1773 1472//1773 1486//1773
f 1488//1774 1484//1774 1487//1774
f 1484//4 1482//4 1487//4
f 1488//1774 1478//1774 1484//1774
f 1478//1775 1479//1775 1484//1775
f 1490//111 1488//111 1489//111
f 1489//1776 1488//1776 1487//1776
f 1481//111 1478//111 1488//111
f 1481//111 1488//111 1490//111
f 1490//111 1489//111 1491//111
f 1490//1777 1491//1777 1492//1777
f 1481//1778 1490//1778 1493//1778
f 1493//1778 1490//1778 1492//1778
f 1493//4 1492//4 1494//4
f 1487//4 1493//4 1494//4
f 1482//4 1493//4 1487//4
f 1482//1771 1481//1771 1493//1771
f 1496//1779 1494//1779 1495//1779
f 1494//4 1492//4 1495//4
f 1496//1779 1489//1779 1494//1779
f 1489//1776 1487//1776 1494//1776
f 1491//111 1489//111 1496//111
f 1491//111 1496//111 1498//111
f 1498//111 1496//111 1497//111
f 1496//111 1499//111 1497//111
f 1499//1780 1496//1780 1495//1780
f 1497//111 1499//111 1500//111
f 1499//111 1502//111 1500//111
f 1499//1780 1495//1780 1501//1780
f 1502//1781 1499//1781 1501//1781
f 1500//111 1502//111 1503//111
f 1502//111 1505//111 1503//111
f 1502//1781 1501//1781 1504//1781
f 1505//1782 1502//1782 1504//1782
f 1505//1782 1504//1782 1506//1782
f 1507//1783 1505//1783 1506//1783
f 1505//111 1507//111 1508//111
f 1503//111 1505//111 1508//111
f 1511//1784 1508//1784 1509//1784
f 1508//1785 1510//1785 1509//1785
f 1508//111 1507//111 1510//111
f 1503//1784 1508//1784 1511//1784
f 1512//4 1511//4 1509//4
f 1506//4 1511//4 1512//4
f 1506//4 1513//4 1511//4
f 1513//1786 1503//1786 1511//1786
f 1504//4 1513//4 1506//4
f 1500//1786 1503//1786 1513//1786
f 1504//4 1514//4 1513//4
f 1514//1787 1500//1787 1513//1787
f 1497//1787 1500//1787 1514//1787
f 1501//4 1515//4 1514//4
f 1501//4 1514//4 1504//4
f 1515//1788 1497//1788 1514//1788
f 1498//1788 1497//1788 1515//1788
f 1495//4 1516//4 1515//4
f 1495//4 1515//4 1501//4
f 1516//1789 1498//1789 1515//1789
f 1491//1789 1498//1789 1516//1789
f 1492//1777 1491//1777 1516//1777
f 1492//4 1516//4 1495//4
f 1518//1790 1512//1790 1517//1790
f 1512//4 1509//4 1517//4
f 1518//1790 1507//1790 1512//1790
f 1507//1791 1506//1791 1512//1791
f 1520//1792 1518//1792 1517//1792
f 1510//111 1518//111 1519//111
f 1518//111 1520//111 1519//111
f 1507//111 1518//111 1510//111
f 1520//1792 1517//1792 1522//1792
f 1519//111 1520//111 1521//111
f 1520//111 1417//111 1521//111
f 1417//1793 1520//1793 1522//1793
f 1417//1793 1522//1793 1413//1793
f 1413//4 1522//4 1523//4
f 1522//4 1524//4 1523//4
f 1522//4 1517//4 1524//4
f 1510//1794 1519//1794 1524//1794
f 1524//1794 1519//1794 1523//1794
f 1517//4 1509//4 1524//4
f 1509//1785 1510//1785 1524//1785
f 1413//4 1523//4 1410//4
f 1519//1795 1521//1795 1523//1795
f 1523//1795 1521//1795 1410//1795
f 1521//111 1417//111 1416//111
f 1521//1796 1416//1796 1410//1796
f 1466//4 1473//4 1469//4
f 1463//4 1464//4 1470//4
f 1463//4 1470//4 1460//4
f 1470//1761 1461//1761 1460//1761
f 1464//4 1469//4 1470//4
f 1464//4 1466//4 1469//4
f 1455//1757 1463//1757 1454//1757
f 1463//4 1460//4 1454//4
f 1454//4 1460//4 1458//4
f 1454//4 1458//4 1452//4
f 1452//4 1458//4 1457//4
f 1452//4 1457//4 1451//4
f 1451//4 1457//4 1448//4
f 1457//1754 1449//1754 1448//1754
f 1444//1751 1451//1751 1443//1751
f 1451//4 1448//4 1443//4
f 1443//4 1448//4 1446//4
f 1441//4 1446//4 1436//4
f 1443//4 1446//4 1441//4
f 1441//4 1436//4 1437//4
f 1436//1797 1439//1797 1434//1797
f 1439//1797 1431//1797 1434//1797
f 1434//1745 1431//1745 1428//1745
f 1422//1741 1427//1741 1421//1741
f 1419//4 1412//4 1411//4
f 1410//1796 1416//1796 1411//1796
f 1525//1798 1529//1798 1526//1798
f 1525//1798 1526//1798 1527//1798
f 1528//1799 1525//1799 1527//1799
f 1528//1799 1531//1799 1525//1799
f 1530//1800 1529//1800 1525//1800
f 1531//1799 1530//1799 1525//1799
f 1531//1799 1533//1799 1530//1799
f 1532//1801 1533//1801 1531//1801
f 1532//1802 1531//1802 1534//1802
f 1534//1803 1531//1803 1528//1803
f 1542//111 1534//111 1535//111
f 1534//111 1528//111 1535//111
f 1532//1804 1534//1804 1529//1804
f 1529//1804 1534//1804 1526//1804
f 1542//1799 1534//1799 1536//1799
f 1534//1799 1537//1799 1536//1799
f 1534//1799 1540//1799 1537//1799
f 1538//111 1539//111 1534//111
f 1538//111 1534//111 1542//111
f 1539//1805 1541//1805 1534//1805
f 1534//1799 1541//1799 1540//1799
f 1534//1804 1542//1804 1526//1804
f 1547//1806 1542//1806 1535//1806
f 1542//1804 1547//1804 1543//1804
f 1542//1804 1543//1804 1526//1804
f 1545//1799 1542//1799 1544//1799
f 1544//1799 1542//1799 1536//1799
f 1546//1807 1538//1807 1542//1807
f 1545//1807 1546//1807 1542//1807
f 1548//1808 1547//1808 1549//1808
f 1547//1804 1548//1804 1543//1804
f 1549//1806 1547//1806 1535//1806
f 1549//1799 1535//1799 1550//1799
f 1551//1799 1549//1799 1550//1799
f 1551//1808 1548//1808 1549//1808
f 1552//1799 1551//1799 1550//1799
f 1552//1809 1553//1809 1551//1809
f 1553//1809 1548//1809 1551//1809
f 1548//1804 1553//1804 1543//1804
f 1555//1804 1554//1804 1553//1804
f 1553//1804 1554//1804 1543//1804
f 1555//1810 1553//1810 1552//1810
f 1557//1811 1555//1811 1556//1811
f 1556//1810 1555//1810 1552//1810
f 1557//1804 1554//1804 1555//1804
f 1558//1811 1557//1811 1556//1811
f 1559//1812 1557//1812 1558//1812
f 1560//1804 1554//1804 1557//1804
f 1559//1804 1560//1804 1557//1804
f 1564//1813 1560//1813 1561//1813
f 1561//1814 1560//1814 1562//1814
f 1564//1804 1554//1804 1560//1804
f 1563//1804 1560//1804 1559//1804
f 1560//1814 1563//1814 1562//1814
f 1564//1804 1565//1804 1554//1804
f 1565//1815 1564//1815 1566//1815
f 1566//1813 1564//1813 1561//1813
f 1566//1799 1561//1799 1558//1799
f 1568//1799 1566//1799 1558//1799
f 1567//1815 1565//1815 1566//1815
f 1567//1799 1566//1799 1568//1799
f 1568//1799 1552//1799 1550//1799
f 1569//1799 1568//1799 1550//1799
f 1570//1799 1568//1799 1569//1799
f 1568//1799 1556//1799 1552//1799
f 1571//1799 1568//1799 1570//1799
f 1572//1799 1568//1799 1571//1799
f 1573//1799 1568//1799 1572//1799
f 1568//1799 1558//1799 1556//1799
f 1574//1799 1568//1799 1573//1799
f 1575//1799 1568//1799 1574//1799
f 1575//1799 1578//1799 1568//1799
f 1579//1799 1576//1799 1568//1799
f 1576//1799 1577//1799 1568//1799
f 1577//1799 1567//1799 1568//1799
f 1578//1799 1579//1799 1568//1799
f 1582//1799 1576//1799 1579//1799
f 1580//1801 1579//1801 1578//1801
f 1581//1801 1579//1801 1580//1801
f 1581//1816 1582//1816 1579//1816
f 1583//1817 1586//1817 1582//1817
f 1583//1816 1582//1816 1581//1816
f 1585//1799 1584//1799 1582//1799
f 1584//1799 1576//1799 1582//1799
f 1586//1817 1585//1817 1582//1817
f 1593//1804 1586//1804 1587//1804
f 1587//1804 1586//1804 1583//1804
f 1590//1817 1586//1817 1588//1817
f 1588//1817 1586//1817 1583//1817
f 1586//1799 1591//1799 1589//1799
f 1586//1799 1589//1799 1583//1799
f 1590//1818 1592//1818 1586//1818
f 1592//1799 1591//1799 1586//1799
f 1595//1804 1586//1804 1593//1804
f 1595//1819 1594//1819 1586//1819
f 1586//1819 1594//1819 1585//1819
f 1595//1820 1597//1820 1594//1820
f 1596//1804 1598//1804 1595//1804
f 1596//1804 1595//1804 1593//1804
f 1598//1820 1597//1820 1595//1820
f 1600//1821 1599//1821 1598//1821
f 1598//1821 1599//1821 1597//1821
f 1601//1804 1600//1804 1598//1804
f 1596//1804 1601//1804 1598//1804
f 1601//4 1611//4 1602//4
f 1601//1804 1602//1804 1612//1804
f 1603//4 1611//4 1601//4
f 1605//4 1603//4 1601//4
f 1604//4 1605//4 1601//4
f 1604//1804 1601//1804 1610//1804
f 1606//1804 1601//1804 1596//1804
f 1600//1804 1601//1804 1612//1804
f 1607//1804 1601//1804 1606//1804
f 1608//1804 1601//1804 1607//1804
f 1609//1804 1601//1804 1608//1804
f 1610//1804 1601//1804 1609//1804
f 1612//1804 1602//1804 1613//1804
f 1612//1811 1613//1811 1615//1811
f 1600//1812 1612//1812 1614//1812
f 1614//1811 1612//1811 1615//1811
f 1615//1810 1613//1810 1616//1810
f 1615//1799 1616//1799 1617//1799
f 1614//1799 1615//1799 1617//1799
f 1617//1799 1616//1799 1574//1799
f 1618//1822 1617//1822 1574//1822
f 1619//1822 1617//1822 1618//1822
f 1619//1817 1602//1817 1617//1817
f 1602//1817 1620//1817 1617//1817
f 1620//1799 1614//1799 1617//1799
f 1620//4 1602//4 1622//4
f 1620//1799 1623//1799 1599//1799
f 1620//1799 1599//1799 1614//1799
f 1623//4 1620//4 1621//4
f 1620//4 1622//4 1621//4
f 1623//1799 1624//1799 1629//1799
f 1624//1799 1623//1799 1628//1799
f 1599//1799 1623//1799 1597//1799
f 1623//1799 1626//1799 1625//1799
f 1623//1799 1625//1799 1634//1799
f 1623//1799 1627//1799 1626//1799
f 1623//1799 1629//1799 1627//1799
f 1623//1799 1635//1799 1628//1799
f 1623//4 1633//4 1630//4
f 1623//4 1630//4 1631//4
f 1632//4 1623//4 1631//4
f 1635//4 1623//4 1632//4
f 1623//4 1621//4 1633//4
f 1623//1799 1634//1799 1594//1799
f 1597//1799 1623//1799 1594//1799
f 1628//1799 1635//1799 1636//1799
f 1636//1799 1635//1799 1639//1799
f 1637//4 1635//4 1632//4
f 1638//4 1635//4 1637//4
f 1604//4 1635//4 1638//4
f 1639//1799 1635//1799 1640//1799
f 1635//1823 1604//1823 1641//1823
f 1635//1823 1641//1823 1640//1823
f 1640//1824 1641//1824 1642//1824
f 1641//1824 1649//1824 1642//1824
f 1646//1804 1643//1804 1641//1804
f 1641//1804 1643//1804 1649//1804
f 1604//1804 1644//1804 1641//1804
f 1644//1804 1647//1804 1641//1804
f 1648//1804 1645//1804 1641//1804
f 1645//1804 1646//1804 1641//1804
f 1647//1804 1648//1804 1641//1804
f 1649//1824 1651//1824 1650//1824
f 1642//1824 1649//1824 1650//1824
f 1651//1804 1649//1804 1652//1804
f 1649//1804 1653//1804 1652//1804
f 1649//1804 1654//1804 1653//1804
f 1649//1804 1655//1804 1654//1804
f 1657//1804 1655//1804 1649//1804
f 1658//1804 1656//1804 1649//1804
f 1656//1804 1657//1804 1649//1804
f 1643//1804 1658//1804 1649//1804
f 1663//1817 1643//1817 1658//1817
f 1658//1817 1643//1817 1659//1817
f 1643//1799 1664//1799 1658//1799
f 1658//1816 1659//1816 1656//1816
f 1663//1825 1658//1825 1660//1825
f 1660//1825 1658//1825 1662//1825
f 1662//1799 1658//1799 1661//1799
f 1658//1799 1664//1799 1661//1799
f 1664//1826 1666//1826 1665//1826
f 1664//1826 1665//1826 1661//1826
f 1643//1799 1667//1799 1664//1799
f 1667//1827 1666//1827 1664//1827
f 1667//1827 1668//1827 1666//1827
f 1669//1799 1667//1799 1643//1799
f 1670//1828 1668//1828 1667//1828
f 1669//1828 1670//1828 1667//1828
f 1670//1804 1672//1804 1671//1804
f 1670//1804 1671//1804 1674//1804
f 1670//1804 1675//1804 1672//1804
f 1670//1804 1673//1804 1675//1804
f 1673//1828 1670//1828 1669//1828
f 1668//1804 1670//1804 1674//1804
f 1679//1804 1675//1804 1676//1804
f 1676//1804 1675//1804 1677//1804
f 1675//1804 1678//1804 1677//1804
f 1672//1804 1675//1804 1679//1804
f 1675//1804 1680//1804 1678//1804
f 1675//1804 1681//1804 1680//1804
f 1675//1804 1682//1804 1681//1804
f 1673//1804 1688//1804 1675//1804
f 1684//1804 1682//1804 1675//1804
f 1685//1804 1683//1804 1675//1804
f 1683//1804 1684//1804 1675//1804
f 1686//1804 1685//1804 1675//1804
f 1687//1804 1686//1804 1675//1804
f 1690//1804 1687//1804 1675//1804
f 1688//1804 1689//1804 1675//1804
f 1689//1804 1690//1804 1675//1804
f 1691//1829 1687//1829 1690//1829
f 1691//1829 1690//1829 1692//1829
f 1692//1830 1690//1830 1689//1830
f 1691//1799 1692//1799 1694//1799
f 1692//1830 1689//1830 1693//1830
f 1692//1799 1693//1799 1694//1799
f 1694//1799 1698//1799 1695//1799
f 1694//1799 1695//1799 1697//1799
f 1705//1799 1669//1799 1694//1799
f 1694//1799 1669//1799 1698//1799
f 1699//1799 1694//1799 1696//1799
f 1696//1799 1694//1799 1697//1799
f 1700//1799 1694//1799 1699//1799
f 1701//1799 1694//1799 1700//1799
f 1701//1799 1706//1799 1694//1799
f 1708//1799 1702//1799 1694//1799
f 1702//1799 1703//1799 1694//1799
f 1703//1799 1691//1799 1694//1799
f 1693//1799 1704//1799 1694//1799
f 1704//1799 1705//1799 1694//1799
f 1706//1799 1707//1799 1694//1799
f 1707//1799 1708//1799 1694//1799
f 1683//1831 1709//1831 1708//1831
f 1683//1817 1708//1817 1684//1817
f 1684//1817 1708//1817 1707//1817
f 1709//1799 1702//1799 1708//1799
f 1710//1832 1712//1832 1709//1832
f 1710//1831 1709//1831 1683//1831
f 1712//1799 1711//1799 1709//1799
f 1711//1799 1702//1799 1709//1799
f 1713//1833 1610//1833 1712//1833
f 1610//1799 1714//1799 1712//1799
f 1714//1799 1711//1799 1712//1799
f 1713//1832 1712//1832 1710//1832
f 1716//1799 1714//1799 1610//1799
f 1714//1834 1717//1834 1715//1834
f 1714//1834 1715//1834 1711//1834
f 1716//1835 1717//1835 1714//1835
f 1715//1804 1717//1804 1718//1804
f 1717//1804 1719//1804 1718//1804
f 1716//1835 1719//1835 1717//1835
f 1722//1836 1719//1836 1720//1836
f 1719//1836 1716//1836 1720//1836
f 1719//1804 1722//1804 1721//1804
f 1718//1804 1719//1804 1721//1804
f 1722//1837 1720//1837 1723//1837
f 1725//1837 1722//1837 1723//1837
f 1721//1804 1722//1804 1724//1804
f 1722//1804 1725//1804 1724//1804
f 1725//1838 1723//1838 1726//1838
f 1728//1838 1725//1838 1726//1838
f 1724//1804 1725//1804 1727//1804
f 1725//1804 1728//1804 1727//1804
f 1728//1804 1730//1804 1729//1804
f 1727//1804 1728//1804 1729//1804
f 1730//1839 1728//1839 1731//1839
f 1728//1839 1726//1839 1731//1839
f 1730//1840 1731//1840 1733//1840
f 1731//1799 1726//1799 1732//1799
f 1731//1799 1732//1799 1734//1799
f 1733//1799 1731//1799 1734//1799
f 1734//1823 1729//1823 1735//1823
f 1733//1799 1734//1799 1735//1799
f 1727//1841 1729//1841 1734//1841
f 1732//1841 1727//1841 1734//1841
f 1735//1842 1738//1842 1736//1842
f 1735//1799 1736//1799 1739//1799
f 1733//1799 1735//1799 1737//1799
f 1737//1799 1735//1799 1740//1799
f 1729//1823 1738//1823 1735//1823
f 1740//1799 1735//1799 1739//1799
f 1741//1843 1740//1843 1739//1843
f 1742//1843 1740//1843 1741//1843
f 1742//1844 1743//1844 1740//1844
f 1743//1844 1737//1844 1740//1844
f 1743//1845 1744//1845 1737//1845
f 1738//1804 1744//1804 1743//1804
f 1738//1804 1743//1804 1742//1804
f 1744//1845 1733//1845 1737//1845
f 1730//1804 1744//1804 1738//1804
f 1744//1840 1730//1840 1733//1840
f 1745//1804 1738//1804 1742//1804
f 1745//1804 1742//1804 1741//1804
f 1738//1842 1745//1842 1736//1842
f 1736//1846 1745//1846 1746//1846
f 1745//1846 1747//1846 1746//1846
f 1747//1804 1745//1804 1748//1804
f 1748//1804 1745//1804 1741//1804
f 1749//1804 1748//1804 1741//1804
f 1748//1847 1749//1847 1750//1847
f 1751//1848 1748//1848 1750//1848
f 1752//1849 1748//1849 1751//1849
f 1752//1804 1747//1804 1748//1804
f 1754//1804 1747//1804 1752//1804
f 1753//1804 1754//1804 1752//1804
f 1753//1850 1752//1850 1755//1850
f 1755//1849 1752//1849 1751//1849
f 1746//1799 1756//1799 1755//1799
f 1746//1799 1755//1799 1751//1799
f 1756//1850 1753//1850 1755//1850
f 1746//1799 1757//1799 1756//1799
f 1757//1799 1758//1799 1756//1799
f 1759//1851 1753//1851 1756//1851
f 1758//1851 1759//1851 1756//1851
f 1759//1804 1760//1804 1753//1804
f 1760//1804 1759//1804 1761//1804
f 1759//1852 1758//1852 1761//1852
f 1761//1852 1758//1852 1762//1852
f 1761//1853 1762//1853 1764//1853
f 1763//1804 1760//1804 1761//1804
f 1763//1804 1761//1804 1764//1804
f 1763//1804 1764//1804 1681//1804
f 1764//1853 1762//1853 1765//1853
f 1764//1854 1765//1854 1681//1854
f 1762//1799 1701//1799 1765//1799
f 1765//1799 1701//1799 1700//1799
f 1681//1854 1765//1854 1700//1854
f 1682//1855 1706//1855 1763//1855
f 1682//1804 1763//1804 1681//1804
f 1763//1855 1706//1855 1701//1855
f 1763//1856 1701//1856 1760//1856
f 1758//1799 1766//1799 1762//1799
f 1766//1799 1701//1799 1762//1799
f 1766//1804 1757//1804 1767//1804
f 1772//1804 1766//1804 1767//1804
f 1757//111 1766//111 1768//111
f 1766//111 1769//111 1768//111
f 1766//1803 1771//1803 1769//1803
f 1770//1802 1771//1802 1766//1802
f 1770//1804 1766//1804 1772//1804
f 1754//111 1766//111 1757//111
f 1757//1799 1766//1799 1758//1799
f 1760//1856 1701//1856 1766//1856
f 1754//111 1760//111 1766//111
f 1772//1857 1767//1857 1775//1857
f 1772//1858 1774//1858 1773//1858
f 1770//1804 1772//1804 1773//1804
f 1774//1857 1772//1857 1775//1857
f 1775//1859 1767//1859 1776//1859
f 1777//1799 1775//1799 1776//1799
f 1777//1799 1768//1799 1775//1799
f 1768//1799 1774//1799 1775//1799
f 1778//1808 1779//1808 1777//1808
f 1778//1799 1777//1799 1776//1799
f 1779//1808 1780//1808 1777//1808
f 1777//1806 1780//1806 1768//1806
f 1757//1804 1780//1804 1767//1804
f 1767//1804 1780//1804 1781//1804
f 1780//1806 1757//1806 1768//1806
f 1780//1804 1779//1804 1781//1804
f 1781//1860 1596//1860 1634//1860
f 1776//1861 1781//1861 1634//1861
f 1767//1859 1781//1859 1776//1859
f 1781//1804 1779//1804 1596//1804
f 1606//1809 1779//1809 1778//1809
f 1779//1804 1606//1804 1596//1804
f 1625//1809 1606//1809 1778//1809
f 1625//1799 1778//1799 1634//1799
f 1778//1862 1776//1862 1634//1862
f 1773//1858 1774//1858 1782//1858
f 1768//1799 1769//1799 1774//1799
f 1774//1799 1769//1799 1782//1799
f 1785//1799 1782//1799 1783//1799
f 1782//1799 1769//1799 1783//1799
f 1773//1863 1782//1863 1784//1863
f 1784//1863 1782//1863 1785//1863
f 1785//1799 1783//1799 1786//1799
f 1787//1864 1785//1864 1786//1864
f 1784//1864 1785//1864 1787//1864
f 1787//1865 1786//1865 1795//1865
f 1790//1866 1787//1866 1788//1866
f 1788//1799 1787//1799 1793//1799
f 1789//1867 1791//1867 1787//1867
f 1789//1866 1787//1866 1790//1866
f 1791//1799 1792//1799 1787//1799
f 1784//1804 1787//1804 1793//1804
f 1787//1799 1792//1799 1793//1799
f 1793//1804 1787//1804 1794//1804
f 1794//1804 1787//1804 1795//1804
f 1795//1868 1796//1868 1654//1868
f 1794//1804 1795//1804 1654//1804
f 1795//1865 1786//1865 1796//1865
f 1654//1868 1796//1868 1799//1868
f 1798//1799 1797//1799 1796//1799
f 1796//1799 1797//1799 1799//1799
f 1786//1799 1798//1799 1796//1799
f 1802//1799 1799//1799 1800//1799
f 1800//1799 1799//1799 1801//1799
f 1799//1799 1642//1799 1801//1799
f 1804//1799 1642//1799 1799//1799
f 1803//1869 1799//1869 1802//1869
f 1654//1869 1799//1869 1803//1869
f 1805//1799 1804//1799 1799//1799
f 1797//1799 1805//1799 1799//1799
f 1805//1806 1806//1806 1804//1806
f 1797//1808 1794//1808 1805//1808
f 1794//1808 1806//1808 1805//1808
f 1806//1804 1794//1804 1654//1804
f 1655//1804 1806//1804 1654//1804
f 1806//1870 1655//1870 1804//1870
f 1655//1802 1807//1802 1804//1802
f 1804//1799 1807//1799 1642//1799
f 1657//1801 1808//1801 1807//1801
f 1807//1799 1808//1799 1642//1799
f 1657//1803 1807//1803 1655//1803
f 1656//1816 1659//1816 1808//1816
f 1808//1799 1659//1799 1642//1799
f 1656//1801 1808//1801 1657//1801
f 1803//1804 1809//1804 1653//1804
f 1654//1804 1803//1804 1653//1804
f 1803//1804 1563//1804 1809//1804
f 1803//1871 1802//1871 1563//1871
f 1809//1872 1818//1872 1653//1872
f 1810//1799 1811//1799 1809//1799
f 1817//1799 1810//1799 1809//1799
f 1811//1799 1815//1799 1809//1799
f 1813//1873 1809//1873 1812//1873
f 1809//1799 1815//1799 1812//1799
f 1816//1873 1809//1873 1813//1873
f 1814//1799 1817//1799 1809//1799
f 1814//1799 1809//1799 1559//1799
f 1809//4 1816//4 1559//4
f 1809//1804 1563//1804 1559//1804
f 1809//4 1559//4 1818//4
f 1653//1821 1818//1821 1800//1821
f 1561//1799 1562//1799 1818//1799
f 1561//1799 1818//1799 1819//1799
f 1818//4 1559//4 1819//4
f 1818//1799 1562//1799 1800//1799
f 1561//1799 1819//1799 1558//1799
f 1819//1812 1559//1812 1558//1812
f 1817//1874 1823//1874 1810//1874
f 1820//1799 1821//1799 1817//1799
f 1814//1799 1820//1799 1817//1799
f 1821//1875 1822//1875 1817//1875
f 1822//1875 1823//1875 1817//1875
f 1825//1804 1823//1804 1824//1804
f 1824//1804 1823//1804 1827//1804
f 1823//1874 1825//1874 1810//1874
f 1822//1804 1826//1804 1823//1804
f 1826//1804 1828//1804 1823//1804
f 1823//1804 1828//1804 1827//1804
f 1833//1804 1828//1804 1829//1804
f 1828//1804 1830//1804 1829//1804
f 1828//1876 1814//1876 1830//1876
f 1832//1804 1828//1804 1831//1804
f 1831//1804 1828//1804 1833//1804
f 1827//1804 1828//1804 1832//1804
f 1828//1877 1820//1877 1814//1877
f 1826//1877 1820//1877 1828//1877
f 1833//1878 1546//1878 1545//1878
f 1546//1804 1833//1804 1835//1804
f 1833//1804 1829//1804 1835//1804
f 1831//1842 1833//1842 1834//1842
f 1834//1878 1833//1878 1545//1878
f 1546//1804 1835//1804 1836//1804
f 1836//1879 1835//1879 1544//1879
f 1835//1879 1837//1879 1544//1879
f 1835//1880 1829//1880 1837//1880
f 1837//1799 1545//1799 1544//1799
f 1829//1880 1838//1880 1837//1880
f 1838//1799 1834//1799 1837//1799
f 1834//1799 1545//1799 1837//1799
f 1829//1881 1839//1881 1838//1881
f 1841//1799 1834//1799 1838//1799
f 1839//1881 1840//1881 1838//1881
f 1840//1799 1841//1799 1838//1799
f 1842//1799 1841//1799 1840//1799
f 1843//1799 1841//1799 1842//1799
f 1832//1823 1831//1823 1841//1823
f 1841//1842 1831//1842 1834//1842
f 1843//1823 1832//1823 1841//1823
f 1844//1799 1847//1799 1843//1799
f 1844//1799 1843//1799 1842//1799
f 1827//1841 1832//1841 1843//1841
f 1847//1799 1845//1799 1843//1799
f 1845//1799 1846//1799 1843//1799
f 1846//1841 1827//1841 1843//1841
f 1848//1882 1847//1882 1844//1882
f 1852//1799 1845//1799 1847//1799
f 1848//1883 1849//1883 1847//1883
f 1849//1883 1850//1883 1847//1883
f 1850//1799 1851//1799 1847//1799
f 1851//1799 1852//1799 1847//1799
f 1852//1884 1854//1884 1845//1884
f 1851//1885 1853//1885 1852//1885
f 1853//1885 1854//1885 1852//1885
f 1854//1884 1855//1884 1845//1884
f 1855//1804 1854//1804 1856//1804
f 1854//1804 1849//1804 1848//1804
f 1854//1804 1848//1804 1856//1804
f 1854//1804 1853//1804 1849//1804
f 1855//1804 1856//1804 1857//1804
f 1857//1886 1856//1886 1842//1886
f 1856//1886 1844//1886 1842//1886
f 1856//1882 1848//1882 1844//1882
f 1830//1804 1857//1804 1839//1804
f 1839//1887 1857//1887 1840//1887
f 1857//1887 1842//1887 1840//1887
f 1830//1804 1855//1804 1857//1804
f 1855//111 1858//111 1845//111
f 1855//111 1830//111 1858//111
f 1845//1799 1858//1799 1846//1799
f 1858//1799 1859//1799 1846//1799
f 1830//1876 1814//1876 1858//1876
f 1858//1799 1814//1799 1859//1799
f 1859//1888 1824//1888 1846//1888
f 1559//1889 1860//1889 1859//1889
f 1814//1799 1559//1799 1859//1799
f 1860//1889 1824//1889 1859//1889
f 1860//1804 1825//1804 1824//1804
f 1861//1804 1825//1804 1860//1804
f 1816//1804 1861//1804 1860//1804
f 1816//4 1860//4 1559//4
f 1825//1890 1861//1890 1811//1890
f 1861//1891 1815//1891 1811//1891
f 1862//1891 1815//1891 1861//1891
f 1862//1804 1861//1804 1816//1804
f 1862//1892 1863//1892 1815//1892
f 1864//1892 1863//1892 1862//1892
f 1864//1804 1862//1804 1813//1804
f 1862//1804 1816//1804 1813//1804
f 1866//1893 1865//1893 1864//1893
f 1864//1893 1865//1893 1863//1893
f 1866//1804 1864//1804 1813//1804
f 1866//1894 1867//1894 1865//1894
f 1869//1894 1867//1894 1866//1894
f 1866//1804 1813//1804 1868//1804
f 1869//1804 1866//1804 1868//1804
f 1872//1804 1869//1804 1870//1804
f 1869//1804 1871//1804 1870//1804
f 1869//1895 1873//1895 1867//1895
f 1869//1804 1868//1804 1871//1804
f 1872//1804 1874//1804 1869//1804
f 1875//1895 1873//1895 1869//1895
f 1874//1804 1875//1804 1869//1804
f 1875//1896 1788//1896 1873//1896
f 1874//1804 1790//1804 1875//1804
f 1790//1896 1788//1896 1875//1896
f 1874//1885 1872//1885 1877//1885
f 1878//1897 1874//1897 1876//1897
f 1876//1885 1874//1885 1877//1885
f 1789//1804 1790//1804 1874//1804
f 1878//1804 1789//1804 1874//1804
f 1879//1823 1878//1823 1793//1823
f 1793//1897 1878//1897 1876//1897
f 1880//1804 1789//1804 1878//1804
f 1879//1804 1880//1804 1878//1804
f 1879//1804 1677//1804 1880//1804
f 1880//1867 1791//1867 1789//1867
f 1880//1898 1881//1898 1791//1898
f 1882//1898 1881//1898 1880//1898
f 1677//1804 1882//1804 1880//1804
f 1882//1899 1696//1899 1881//1899
f 1678//1804 1882//1804 1677//1804
f 1678//1899 1696//1899 1882//1899
f 1881//1799 1883//1799 1791//1799
f 1881//1799 1696//1799 1883//1799
f 1883//1900 1792//1900 1783//1900
f 1884//1900 1883//1900 1783//1900
f 1697//1901 1883//1901 1884//1901
f 1697//1804 1784//1804 1883//1804
f 1883//1804 1784//1804 1792//1804
f 1697//1902 1676//1902 1883//1902
f 1696//1799 1697//1799 1883//1799
f 1883//1900 1677//1900 1792//1900
f 1883//1799 1792//1799 1791//1799
f 1676//1902 1677//1902 1883//1902
f 1769//1799 1884//1799 1783//1799
f 1769//1799 1885//1799 1884//1799
f 1885//1902 1697//1902 1884//1902
f 1769//1799 1771//1799 1885//1799
f 1695//1903 1697//1903 1885//1903
f 1771//1799 1886//1799 1885//1799
f 1886//1903 1695//1903 1885//1903
f 1771//1799 1887//1799 1886//1799
f 1698//4 1695//4 1886//4
f 1887//4 1698//4 1886//4
f 1698//1904 1887//1904 1645//1904
f 1645//1904 1887//1904 1888//1904
f 1887//1799 1771//1799 1888//1799
f 1888//1799 1890//1799 1640//1799
f 1889//1799 1888//1799 1640//1799
f 1646//1905 1888//1905 1889//1905
f 1771//1799 1890//1799 1888//1799
f 1645//1906 1888//1906 1646//1906
f 1648//1816 1639//1816 1890//1816
f 1890//1799 1639//1799 1640//1799
f 1648//1801 1890//1801 1770//1801
f 1770//1801 1890//1801 1771//1801
f 1646//1818 1889//1818 1643//1818
f 1643//1818 1889//1818 1891//1818
f 1891//1799 1889//1799 1640//1799
f 1643//1817 1891//1817 1659//1817
f 1891//1799 1640//1799 1659//1799
f 1792//1823 1879//1823 1793//1823
f 1677//1900 1879//1900 1792//1900
f 1877//1799 1894//1799 1892//1799
f 1876//1799 1877//1799 1892//1799
f 1877//1884 1872//1884 1893//1884
f 1877//1799 1893//1799 1894//1799
f 1894//1907 1895//1907 1892//1907
f 1896//1908 1895//1908 1894//1908
f 1893//1799 1896//1799 1894//1799
f 1896//1908 1897//1908 1895//1908
f 1893//1799 1898//1799 1896//1799
f 1898//1909 1897//1909 1896//1909
f 1898//1909 1899//1909 1897//1909
f 1900//1910 1899//1910 1898//1910
f 1901//1799 1900//1799 1898//1799
f 1893//1799 1901//1799 1898//1799
f 1902//111 1903//111 1901//111
f 1902//111 1901//111 1893//111
f 1903//1876 1904//1876 1901//1876
f 1901//1799 1904//1799 1900//1799
f 1906//1876 1904//1876 1903//1876
f 1904//1799 1905//1799 1900//1799
f 1904//1799 1907//1799 1905//1799
f 1906//1911 1662//1911 1904//1911
f 1904//1799 1662//1799 1907//1799
f 1907//1912 1909//1912 1905//1912
f 1661//1913 1908//1913 1907//1913
f 1907//1912 1908//1912 1909//1912
f 1662//1799 1661//1799 1907//1799
f 1905//1914 1909//1914 1910//1914
f 1909//1804 1906//1804 1910//1804
f 1908//1804 1660//1804 1909//1804
f 1660//1804 1906//1804 1909//1804
f 1906//1804 1903//1804 1910//1804
f 1910//1804 1903//1804 1899//1804
f 1905//1914 1910//1914 1900//1914
f 1900//1910 1910//1910 1899//1910
f 1663//1804 1660//1804 1908//1804
f 1661//1913 1665//1913 1908//1913
f 1665//1804 1663//1804 1908//1804
f 1660//1877 1662//1877 1906//1877
f 1899//1804 1903//1804 1897//1804
f 1903//1804 1902//1804 1897//1804
f 1872//1884 1902//1884 1893//1884
f 1902//1804 1872//1804 1870//1804
f 1897//1804 1902//1804 1895//1804
f 1895//1804 1902//1804 1870//1804
f 1895//1907 1870//1907 1892//1907
f 1892//1907 1870//1907 1540//1907
f 1541//1799 1892//1799 1540//1799
f 1541//1799 1911//1799 1892//1799
f 1911//1799 1912//1799 1892//1799
f 1912//1799 1913//1799 1892//1799
f 1913//1799 1867//1799 1892//1799
f 1867//1799 1876//1799 1892//1799
f 1915//1817 1913//1817 1912//1817
f 1871//1831 1914//1831 1913//1831
f 1914//1799 1867//1799 1913//1799
f 1871//1817 1913//1817 1915//1817
f 1915//1915 1912//1915 1916//1915
f 1871//1804 1915//1804 1870//1804
f 1915//1804 1916//1804 1870//1804
f 1870//1804 1916//1804 1917//1804
f 1916//1804 1918//1804 1917//1804
f 1916//1916 1911//1916 1918//1916
f 1916//1915 1912//1915 1911//1915
f 1918//1805 1541//1805 1539//1805
f 1918//1804 1539//1804 1919//1804
f 1917//1804 1918//1804 1919//1804
f 1918//1916 1911//1916 1541//1916
f 1919//1804 1539//1804 1920//1804
f 1537//1917 1919//1917 1920//1917
f 1540//1918 1919//1918 1537//1918
f 1540//1918 1917//1918 1919//1918
f 1538//1804 1836//1804 1920//1804
f 1920//1919 1836//1919 1536//1919
f 1537//1917 1920//1917 1536//1917
f 1539//1804 1538//1804 1920//1804
f 1870//1907 1917//1907 1540//1907
f 1865//1799 1867//1799 1914//1799
f 1868//1920 1812//1920 1914//1920
f 1868//1831 1914//1831 1871//1831
f 1812//1799 1865//1799 1914//1799
f 1788//1799 1793//1799 1876//1799
f 1873//1799 1876//1799 1867//1799
f 1788//1799 1876//1799 1873//1799
f 1813//1920 1812//1920 1868//1920
f 1863//1799 1865//1799 1812//1799
f 1815//1799 1863//1799 1812//1799
f 1922//1804 1921//1804 1853//1804
f 1853//1804 1921//1804 1849//1804
f 1922//1897 1853//1897 1851//1897
f 1924//1804 1921//1804 1922//1804
f 1925//1897 1922//1897 1851//1897
f 1923//1804 1924//1804 1922//1804
f 1923//1823 1922//1823 1925//1823
f 1616//1823 1929//1823 1925//1823
f 1616//1823 1925//1823 1926//1823
f 1926//1809 1925//1809 1928//1809
f 1925//1804 1619//1804 1618//1804
f 1927//1804 1925//1804 1618//1804
f 1929//1804 1619//1804 1925//1804
f 1925//1809 1927//1809 1928//1809
f 1929//1823 1923//1823 1925//1823
f 1931//1799 1929//1799 1925//1799
f 1930//1799 1925//1799 1850//1799
f 1925//1799 1851//1799 1850//1799
f 1930//1799 1931//1799 1925//1799
f 1924//1921 1931//1921 1921//1921
f 1921//1921 1931//1921 1930//1921
f 1932//1799 1929//1799 1931//1799
f 1924//1922 1932//1922 1931//1922
f 1933//1923 1934//1923 1932//1923
f 1933//1922 1932//1922 1924//1922
f 1934//1923 1935//1923 1932//1923
f 1935//1799 1936//1799 1932//1799
f 1936//1799 1929//1799 1932//1799
f 1935//1799 1937//1799 1936//1799
f 1936//1900 1939//1900 1929//1900
f 1937//1902 1938//1902 1936//1902
f 1938//1902 1939//1902 1936//1902
f 1939//1804 1934//1804 1923//1804
f 1939//1900 1923//1900 1929//1900
f 1741//1804 1934//1804 1939//1804
f 1938//1804 1741//1804 1939//1804
f 1940//1903 1938//1903 1937//1903
f 1940//1804 1741//1804 1938//1804
f 1942//4 1940//4 1941//4
f 1941//1903 1940//1903 1937//1903
f 1942//1804 1741//1804 1940//1804
f 1749//1804 1741//1804 1942//1804
f 1749//1804 1942//1804 1944//1804
f 1943//4 1942//4 1941//4
f 1942//1904 1943//1904 1944//1904
f 1944//1904 1943//1904 1945//1904
f 1944//1905 1945//1905 1946//1905
f 1947//1804 1944//1804 1946//1804
f 1947//1804 1749//1804 1944//1804
f 1947//1804 1946//1804 1948//1804
f 1947//1924 1948//1924 1591//1924
f 1749//1925 1947//1925 1949//1925
f 1949//1924 1947//1924 1591//1924
f 1750//1799 1949//1799 1592//1799
f 1592//1799 1949//1799 1591//1799
f 1750//1925 1749//1925 1949//1925
f 1948//1804 1946//1804 1590//1804
f 1591//1926 1948//1926 1589//1926
f 1948//1926 1950//1926 1589//1926
f 1948//1804 1590//1804 1950//1804
f 1589//1927 1950//1927 1951//1927
f 1950//1927 1952//1927 1951//1927
f 1950//1804 1590//1804 1952//1804
f 1951//1928 1952//1928 1953//1928
f 1952//1804 1590//1804 1588//1804
f 1954//1804 1952//1804 1588//1804
f 1952//1928 1954//1928 1953//1928
f 1954//1804 1588//1804 1956//1804
f 1953//1929 1954//1929 1955//1929
f 1954//1929 1956//1929 1955//1929
f 1955//1930 1956//1930 1957//1930
f 1956//1930 1958//1930 1957//1930
f 1956//1804 1826//1804 1958//1804
f 1956//1804 1588//1804 1826//1804
f 1957//1931 1958//1931 1821//1931
f 1958//1931 1822//1931 1821//1931
f 1958//1804 1826//1804 1822//1804
f 1820//1799 1955//1799 1957//1799
f 1820//1799 1957//1799 1821//1799
f 1583//1799 1953//1799 1955//1799
f 1583//1799 1955//1799 1820//1799
f 1951//1799 1953//1799 1583//1799
f 1589//1799 1951//1799 1583//1799
f 1946//1905 1945//1905 1592//1905
f 1946//1818 1592//1818 1590//1818
f 1943//1799 1750//1799 1945//1799
f 1945//1799 1750//1799 1592//1799
f 1739//1799 1750//1799 1943//1799
f 1739//1799 1943//1799 1941//1799
f 1739//1799 1941//1799 1937//1799
f 1935//1799 1739//1799 1937//1799
f 1934//1843 1739//1843 1935//1843
f 1923//1804 1934//1804 1933//1804
f 1741//1843 1739//1843 1934//1843
f 1923//1804 1933//1804 1924//1804
f 1921//1932 1930//1932 1850//1932
f 1613//1810 1929//1810 1616//1810
f 1929//1804 1613//1804 1619//1804
f 1926//1799 1928//1799 1574//1799
f 1928//1799 1959//1799 1574//1799
f 1928//1808 1927//1808 1959//1808
f 1959//1806 1960//1806 1575//1806
f 1959//1799 1575//1799 1574//1799
f 1927//1808 1960//1808 1959//1808
f 1960//1804 1927//1804 1618//1804
f 1961//1804 1960//1804 1618//1804
f 1960//1806 1961//1806 1575//1806
f 1554//1804 1961//1804 1618//1804
f 1961//1802 1578//1802 1575//1802
f 1580//1804 1961//1804 1554//1804
f 1580//1802 1578//1802 1961//1802
f 1616//1799 1926//1799 1574//1799
f 1849//1932 1921//1932 1850//1932
f 1824//1888 1827//1888 1846//1888
f 1830//1804 1839//1804 1829//1804
f 1836//1919 1544//1919 1536//1919
f 1538//1804 1546//1804 1836//1804
f 1588//1825 1583//1825 1826//1825
f 1826//1825 1583//1825 1820//1825
f 1810//1890 1825//1890 1811//1890
f 1562//1799 1802//1799 1800//1799
f 1563//1871 1802//1871 1562//1871
f 1963//1819 1801//1819 1962//1819
f 1801//1799 1650//1799 1962//1799
f 1652//1819 1801//1819 1963//1819
f 1642//1799 1650//1799 1801//1799
f 1652//1820 1800//1820 1801//1820
f 1965//1804 1963//1804 1964//1804
f 1963//1804 1966//1804 1964//1804
f 1963//1816 1962//1816 1966//1816
f 1965//1804 1651//1804 1963//1804
f 1651//1804 1652//1804 1963//1804
f 1964//1804 1966//1804 1967//1804
f 1967//1804 1966//1804 1529//1804
f 1966//1801 1533//1801 1532//1801
f 1966//1804 1532//1804 1529//1804
f 1966//1816 1962//1816 1533//1816
f 1968//1933 1967//1933 1530//1933
f 1530//1800 1967//1800 1529//1800
f 1968//1933 1964//1933 1967//1933
f 1533//1799 1968//1799 1530//1799
f 1969//1934 1964//1934 1968//1934
f 1962//1799 1969//1799 1968//1799
f 1533//1799 1962//1799 1968//1799
f 1969//1934 1965//1934 1964//1934
f 1650//1799 1969//1799 1962//1799
f 1650//1935 1965//1935 1969//1935
f 1650//1935 1651//1935 1965//1935
f 1653//1820 1800//1820 1652//1820
f 1786//1799 1783//1799 1798//1799
f 1783//1823 1793//1823 1798//1823
f 1798//1809 1793//1809 1797//1809
f 1793//1809 1794//1809 1797//1809
f 1783//1823 1792//1823 1793//1823
f 1792//1804 1784//1804 1793//1804
f 1770//1804 1784//1804 1697//1804
f 1770//1804 1773//1804 1784//1804
f 1648//1804 1770//1804 1697//1804
f 1760//1804 1754//1804 1753//1804
f 1746//1936 1747//1936 1757//1936
f 1747//1936 1754//1936 1757//1936
f 1751//1799 1750//1799 1739//1799
f 1746//1799 1751//1799 1739//1799
f 1736//1799 1746//1799 1739//1799
f 1729//1804 1730//1804 1738//1804
f 1724//1937 1727//1937 1732//1937
f 1726//1799 1723//1799 1732//1799
f 1723//1799 1970//1799 1732//1799
f 1970//1937 1724//1937 1732//1937
f 1723//1799 1720//1799 1970//1799
f 1721//1938 1724//1938 1970//1938
f 1720//1799 1609//1799 1970//1799
f 1609//1938 1721//1938 1970//1938
f 1718//4 1721//4 1609//4
f 1720//1799 1716//1799 1609//1799
f 1610//4 1718//4 1609//4
f 1718//1833 1610//1833 1713//1833
f 1715//1804 1718//1804 1713//1804
f 1716//1799 1610//1799 1609//1799
f 1715//1939 1685//1939 1702//1939
f 1685//1804 1715//1804 1713//1804
f 1711//1939 1715//1939 1702//1939
f 1685//1804 1713//1804 1710//1804
f 1685//1804 1710//1804 1683//1804
f 1682//1915 1707//1915 1706//1915
f 1684//1915 1707//1915 1682//1915
f 1705//1940 1673//1940 1669//1940
f 1704//1941 1673//1941 1705//1941
f 1693//1942 1688//1942 1704//1942
f 1704//1941 1688//1941 1673//1941
f 1703//1943 1687//1943 1691//1943
f 1702//1944 1685//1944 1703//1944
f 1685//1944 1686//1944 1703//1944
f 1703//1943 1686//1943 1687//1943
f 1680//1854 1700//1854 1699//1854
f 1681//1854 1700//1854 1680//1854
f 1678//1899 1699//1899 1696//1899
f 1680//1899 1699//1899 1678//1899
f 1698//1804 1648//1804 1695//1804
f 1648//1804 1698//1804 1645//1804
f 1698//4 1672//4 1695//4
f 1672//1904 1698//1904 1671//1904
f 1671//1904 1698//1904 1645//1904
f 1698//1799 1669//1799 1645//1799
f 1695//1804 1648//1804 1697//1804
f 1679//1903 1676//1903 1697//1903
f 1695//1903 1679//1903 1697//1903
f 1672//4 1679//4 1695//4
f 1693//1942 1689//1942 1688//1942
f 1674//1818 1646//1818 1971//1818
f 1668//1804 1674//1804 1971//1804
f 1671//1906 1645//1906 1674//1906
f 1674//1905 1645//1905 1646//1905
f 1668//1804 1971//1804 1666//1804
f 1666//1804 1971//1804 1663//1804
f 1971//1818 1646//1818 1643//1818
f 1971//1817 1643//1817 1663//1817
f 1646//1799 1669//1799 1643//1799
f 1645//1799 1669//1799 1646//1799
f 1666//1804 1663//1804 1665//1804
f 1659//1799 1640//1799 1642//1799
f 1647//1816 1639//1816 1648//1816
f 1647//1819 1636//1819 1639//1819
f 1644//1819 1636//1819 1647//1819
f 1604//1804 1972//1804 1644//1804
f 1644//1820 1628//1820 1636//1820
f 1972//1820 1628//1820 1644//1820
f 1972//1821 1624//1821 1628//1821
f 1610//1872 1624//1872 1972//1872
f 1604//1804 1610//1804 1972//1804
f 1973//1945 1975//1945 1638//1945
f 1973//1946 1638//1946 1637//1946
f 1975//1945 1974//1945 1638//1945
f 1974//4 1604//4 1638//4
f 1977//111 1975//111 1973//111
f 1975//1947 1976//1947 1974//1947
f 1977//111 1976//111 1975//111
f 1978//1948 1980//1948 1977//1948
f 1978//1949 1977//1949 1981//1949
f 1980//1948 1979//1948 1977//1948
f 1977//111 1979//111 1976//111
f 1981//111 1977//111 1973//111
f 1981//111 1973//111 1983//111
f 1984//1950 1981//1950 1982//1950
f 1982//111 1981//111 1983//111
f 1984//1949 1978//1949 1981//1949
f 1984//4 1985//4 1986//4
f 1985//1950 1984//1950 1982//1950
f 1978//4 1984//4 1987//4
f 1987//4 1984//4 1986//4
f 1988//1951 1987//1951 1986//1951
f 1989//4 1978//4 1987//4
f 1988//1952 1990//1952 1987//1952
f 1990//1952 1989//1952 1987//1952
f 1990//1953 1991//1953 1989//1953
f 1993//111 1991//111 1990//111
f 1993//111 1990//111 1992//111
f 1992//111 1990//111 1988//111
f 1994//1948 1996//1948 1993//1948
f 1994//1949 1993//1949 1992//1949
f 1996//1948 1995//1948 1993//1948
f 1995//111 1991//111 1993//111
f 1996//1954 1997//1954 1995//1954
f 1997//4 1996//4 1999//4
f 1999//4 1996//4 1998//4
f 1996//4 1994//4 1998//4
f 2000//1953 1999//1953 1998//1953
f 2000//1955 2001//1955 1999//1955
f 2001//1955 2002//1955 1999//1955
f 2002//4 1997//4 1999//4
f 2003//1956 2004//1956 2002//1956
f 2001//1956 2003//1956 2002//1956
f 2004//4 2005//4 2002//4
f 2005//4 1997//4 2002//4
f 2005//1957 2007//1957 2006//1957
f 2005//1958 2006//1958 2008//1958
f 2007//4 2005//4 2004//4
f 1997//1958 2005//1958 2008//1958
f 1997//1954 2008//1954 1995//1954
f 2008//111 2009//111 1995//111
f 2008//111 2010//111 2009//111
f 2006//111 2010//111 2008//111
f 2009//1956 2010//1956 2011//1956
f 2010//1956 2012//1956 2011//1956
f 2010//1959 2013//1959 2012//1959
f 2006//111 2013//111 2010//111
f 2013//1823 2015//1823 2014//1823
f 2013//1959 2014//1959 2012//1959
f 2016//111 2015//111 2013//111
f 2016//111 2013//111 2006//111
f 2007//1957 2016//1957 2006//1957
f 2007//1960 2018//1960 2016//1960
f 2018//1960 2017//1960 2016//1960
f 2017//111 2015//111 2016//111
f 2018//1961 2019//1961 2017//1961
f 2019//4 2018//4 2021//4
f 2021//4 2018//4 2020//4
f 2018//4 2007//4 2020//4
f 2022//1823 2021//1823 2020//1823
f 2022//1962 2023//1962 2021//1962
f 2023//1962 2024//1962 2021//1962
f 2024//4 2019//4 2021//4
f 2025//1963 2026//1963 2024//1963
f 2023//1963 2025//1963 2024//1963
f 2026//4 2027//4 2024//4
f 2027//4 2019//4 2024//4
f 2027//1964 2029//1964 2028//1964
f 2027//1965 2028//1965 2030//1965
f 2029//4 2027//4 2026//4
f 2019//1965 2027//1965 2030//1965
f 2019//1966 2030//1966 2017//1966
f 2030//111 2031//111 2017//111
f 2030//111 2032//111 2031//111
f 2028//111 2032//111 2030//111
f 2031//1963 2032//1963 2033//1963
f 2032//1963 2034//1963 2033//1963
f 2032//1967 2035//1967 2034//1967
f 2028//111 2035//111 2032//111
f 2035//1968 2037//1968 2036//1968
f 2035//1967 2036//1967 2034//1967
f 2037//111 2035//111 2038//111
f 2038//111 2035//111 2028//111
f 2029//1964 2038//1964 2028//1964
f 2029//1969 2040//1969 2038//1969
f 2040//1969 2039//1969 2038//1969
f 2039//111 2037//111 2038//111
f 2040//1970 2041//1970 2039//1970
f 2043//3 2041//3 2040//3
f 2043//4 2040//4 2042//4
f 2042//4 2040//4 2029//4
f 2044//1968 2043//1968 2042//1968
f 2044//1971 2045//1971 2043//1971
f 2045//1971 2046//1971 2043//1971
f 2046//4 2041//4 2043//4
f 2048//1972 2047//1972 2046//1972
f 2046//4 2047//4 2049//4
f 2045//1972 2048//1972 2046//1972
f 2046//6 2049//6 2041//6
f 2049//1804 2051//1804 2050//1804
f 2049//1973 2050//1973 2053//1973
f 2049//4 2052//4 2051//4
f 2047//4 2052//4 2049//4
f 2041//1973 2049//1973 2053//1973
f 2041//1970 2053//1970 2039//1970
f 2053//111 2054//111 2039//111
f 2055//111 2054//111 2053//111
f 2050//111 2055//111 2053//111
f 2054//1972 2055//1972 2056//1972
f 2055//1972 2057//1972 2056//1972
f 2055//1974 2058//1974 2057//1974
f 2058//111 2055//111 2050//111
f 2059//111 2058//111 2050//111
f 2058//1975 2059//1975 2060//1975
f 2058//1974 2060//1974 2057//1974
f 2057//4 2060//4 2061//4
f 2061//4 2060//4 2063//4
f 2060//1975 2059//1975 2062//1975
f 2060//4 2062//4 2063//4
f 2063//4 2062//4 2064//4
f 2063//1976 2064//1976 2065//1976
f 2066//1977 2063//1977 2065//1977
f 2061//1978 2063//1978 2066//1978
f 2067//111 2068//111 2066//111
f 2067//111 2066//111 2065//111
f 2066//111 2068//111 2069//111
f 2061//1979 2066//1979 2069//1979
f 2068//111 2071//111 2069//111
f 2061//1973 2069//1973 2070//1973
f 2069//111 2071//111 2070//111
f 2071//1980 2068//1980 2072//1980
f 2071//1981 2072//1981 2074//1981
f 2071//111 2073//111 2070//111
f 2073//1981 2071//1981 2074//1981
f 2074//4 2072//4 2075//4
f 2076//4 2074//4 2075//4
f 2077//4 2074//4 2076//4
f 2073//1982 2074//1982 2077//1982
f 2079//1983 2077//1983 2078//1983
f 2078//4 2077//4 2076//4
f 2079//1982 2073//1982 2077//1982
f 2080//1983 2079//1983 2078//1983
f 2079//111 2080//111 2081//111
f 2073//111 2079//111 2082//111
f 2082//111 2079//111 2081//111
f 2070//111 2073//111 2082//111
f 2083//1970 2084//1970 2082//1970
f 2083//1969 2082//1969 2081//1969
f 2084//1970 2070//1970 2082//1970
f 2084//1973 2061//1973 2070//1973
f 2056//3 2061//3 2084//3
f 2056//4 2084//4 2085//4
f 2085//4 2084//4 2083//4
f 2037//1968 2085//1968 2036//1968
f 2085//4 2083//4 2036//4
f 2037//1971 2054//1971 2085//1971
f 2054//1971 2056//1971 2085//1971
f 2036//4 2083//4 2086//4
f 2086//1969 2083//1969 2081//1969
f 2086//4 2087//4 2034//4
f 2087//1964 2086//1964 2088//1964
f 2086//1964 2081//1964 2088//1964
f 2036//4 2086//4 2034//4
f 2087//1965 2088//1965 2089//1965
f 2081//111 2080//111 2088//111
f 2080//111 2090//111 2088//111
f 2088//111 2090//111 2089//111
f 2092//1984 2090//1984 2091//1984
f 2090//1984 2093//1984 2091//1984
f 2090//111 2092//111 2089//111
f 2090//1985 2080//1985 2093//1985
f 2093//4 2094//4 2091//4
f 2080//1985 2078//1985 2093//1985
f 2078//4 2094//4 2093//4
f 2097//1799 2094//1799 2095//1799
f 2094//1823 2096//1823 2095//1823
f 2094//1823 2076//1823 2096//1823
f 2098//1799 2094//1799 2097//1799
f 2078//4 2076//4 2094//4
f 2094//4 1605//4 2100//4
f 1605//1799 2094//1799 2099//1799
f 2099//1799 2094//1799 2098//1799
f 2101//4 2094//4 2100//4
f 2102//4 2094//4 2101//4
f 2091//4 2094//4 2102//4
f 2103//1986 2102//1986 2101//1986
f 2103//1987 2092//1987 2102//1987
f 2092//1987 2091//1987 2102//1987
f 2104//1986 2103//1986 2101//1986
f 2105//111 2103//111 2104//111
f 2092//111 2103//111 2089//111
f 2089//111 2103//111 2105//111
f 2108//1961 2106//1961 2105//1961
f 2106//1966 2089//1966 2105//1966
f 2105//111 2104//111 2107//111
f 2108//1960 2105//1960 2107//1960
f 2109//1960 2108//1960 2107//1960
f 2108//4 2109//4 2014//4
f 2110//4 2108//4 2014//4
f 2106//4 2108//4 2110//4
f 2015//1823 2110//1823 2014//1823
f 2033//4 2106//4 2110//4
f 2015//1962 2031//1962 2110//1962
f 2031//1962 2033//1962 2110//1962
f 2112//1957 2109//1957 2111//1957
f 2109//1957 2107//1957 2111//1957
f 2109//4 2112//4 2012//4
f 2014//4 2109//4 2012//4
f 2114//1958 2112//1958 2113//1958
f 2112//1958 2111//1958 2113//1958
f 2112//4 2114//4 2011//4
f 2012//4 2112//4 2011//4
f 2114//4 1980//4 2115//4
f 1980//1954 2114//1954 1979//1954
f 2114//1954 2113//1954 1979//1954
f 2011//4 2114//4 2115//4
f 1991//1953 2115//1953 1989//1953
f 2115//4 1980//4 1989//4
f 1991//1955 2009//1955 2115//1955
f 2009//1955 2011//1955 2115//1955
f 2111//111 2117//111 2113//111
f 2113//111 2117//111 2116//111
f 2113//111 2116//111 1979//111
f 2117//1988 2119//1988 2118//1988
f 2117//1989 2118//1989 2120//1989
f 2116//1989 2117//1989 2120//1989
f 2111//111 2119//111 2117//111
f 2116//1990 2120//1990 2121//1990
f 2121//4 2120//4 1604//4
f 2120//4 2118//4 1604//4
f 1976//1990 2116//1990 2121//1990
f 1976//1947 2121//1947 1974//1947
f 2121//4 1604//4 1974//4
f 2119//1988 2100//1988 2118//1988
f 2119//1823 2104//1823 2100//1823
f 2107//111 2104//111 2119//111
f 2107//111 2119//111 2111//111
f 2118//4 2100//4 1604//4
f 1979//111 2116//111 1976//111
f 2087//4 2106//4 2033//4
f 2106//1965 2087//1965 2089//1965
f 2104//1823 2101//1823 2100//1823
f 2100//4 1605//4 1604//4
f 2123//1799 1605//1799 2099//1799
f 2122//1821 2123//1821 2099//1821
f 2122//1820 2099//1820 2124//1820
f 2124//1820 2099//1820 2098//1820
f 2124//1804 2125//1804 2096//1804
f 2076//1804 2124//1804 2096//1804
f 2076//1804 2122//1804 2124//1804
f 2124//1819 2098//1819 2125//1819
f 2125//1816 2097//1816 2126//1816
f 2125//1804 2126//1804 2096//1804
f 2125//1819 2098//1819 2097//1819
f 2126//1816 2097//1816 2131//1816
f 2126//1801 2131//1801 2127//1801
f 2126//1804 2127//1804 2129//1804
f 2128//1804 2126//1804 2130//1804
f 2126//1804 2128//1804 2132//1804
f 2130//1804 2126//1804 2129//1804
f 2126//1804 2132//1804 2096//1804
f 2132//1904 2135//1904 2133//1904
f 2132//1906 2133//1906 2134//1906
f 2132//1804 2134//1804 2096//1804
f 2128//1904 2135//1904 2132//1904
f 2135//1904 2141//1904 2133//1904
f 2135//1799 2136//1799 2133//1799
f 2139//1804 2135//1804 2133//1804
f 2136//1799 2135//1799 2137//1799
f 2135//1804 2138//1804 2137//1804
f 2135//4 2128//4 2137//4
f 2135//4 2137//4 2140//4
f 2139//1804 2138//1804 2135//1804
f 2141//4 2135//4 2140//4
f 2133//1904 2141//1904 2143//1904
f 2144//1799 2141//1799 2140//1799
f 2144//1799 2142//1799 2141//1799
f 2141//1799 2142//1799 2143//1799
f 2147//1799 2144//1799 2145//1799
f 2145//1799 2144//1799 2146//1799
f 2156//1799 2142//1799 2144//1799
f 2144//1799 2140//1799 2146//1799
f 2148//1799 2144//1799 2147//1799
f 2149//1799 2144//1799 2148//1799
f 2149//1799 2157//1799 2144//1799
f 2159//1799 2150//1799 2144//1799
f 2150//1799 2151//1799 2144//1799
f 2151//1799 2152//1799 2144//1799
f 2152//1799 2153//1799 2144//1799
f 2153//1799 2154//1799 2144//1799
f 2154//1799 2155//1799 2144//1799
f 2155//1799 2156//1799 2144//1799
f 2157//1799 2158//1799 2144//1799
f 2158//1799 2159//1799 2144//1799
f 2162//1799 2150//1799 2159//1799
f 2161//1817 2159//1817 2158//1817
f 2160//1831 2162//1831 2159//1831
f 2160//1817 2159//1817 2161//1817
f 2164//1799 2150//1799 2162//1799
f 2163//1831 2162//1831 2160//1831
f 2163//1832 2165//1832 2162//1832
f 2165//1799 2164//1799 2162//1799
f 2166//1832 2165//1832 2163//1832
f 2167//1799 2164//1799 2165//1799
f 2166//1833 2168//1833 2165//1833
f 2168//1799 2167//1799 2165//1799
f 2123//1833 2168//1833 2166//1833
f 2168//4 2123//4 2169//4
f 2170//1799 2168//1799 2169//1799
f 2170//1799 2167//1799 2168//1799
f 2172//1836 2170//1836 2171//1836
f 2171//1799 2170//1799 2169//1799
f 2170//1835 2173//1835 2167//1835
f 2170//1835 2172//1835 2173//1835
f 2173//1804 2172//1804 2123//1804
f 2167//1834 2173//1834 2174//1834
f 2174//1804 2173//1804 2123//1804
f 2174//1804 2123//1804 2166//1804
f 2175//1804 2174//1804 2166//1804
f 2164//1939 2174//1939 2150//1939
f 2174//1939 2175//1939 2150//1939
f 2167//1834 2174//1834 2164//1834
f 2176//1804 2175//1804 2138//1804
f 2175//1804 2160//1804 2138//1804
f 2150//1944 2175//1944 2151//1944
f 2175//1804 2163//1804 2160//1804
f 2175//1944 2176//1944 2151//1944
f 2175//1804 2166//1804 2163//1804
f 2177//1804 2176//1804 2138//1804
f 2151//1943 2176//1943 2177//1943
f 2178//1804 2177//1804 2138//1804
f 2151//1943 2177//1943 2152//1943
f 2152//1829 2177//1829 2178//1829
f 2179//1804 2178//1804 2138//1804
f 2152//1829 2178//1829 2153//1829
f 2153//1830 2178//1830 2179//1830
f 2180//1804 2179//1804 2138//1804
f 2153//1830 2179//1830 2154//1830
f 2154//1942 2179//1942 2180//1942
f 2181//1804 2180//1804 2138//1804
f 2155//1941 2180//1941 2181//1941
f 2154//1942 2180//1942 2155//1942
f 2139//1804 2181//1804 2138//1804
f 2181//1828 2139//1828 2142//1828
f 2156//1828 2181//1828 2142//1828
f 2155//1941 2181//1941 2156//1941
f 2183//1836 2172//1836 2171//1836
f 2172//1804 2183//1804 2182//1804
f 2123//1804 2172//1804 2182//1804
f 2186//1837 2183//1837 2184//1837
f 2183//1837 2171//1837 2184//1837
f 2182//1804 2183//1804 2185//1804
f 2183//1804 2186//1804 2185//1804
f 2186//1838 2184//1838 2187//1838
f 2189//1838 2186//1838 2187//1838
f 2185//1804 2186//1804 2188//1804
f 2186//1804 2189//1804 2188//1804
f 2189//1804 2191//1804 2190//1804
f 2188//1804 2189//1804 2190//1804
f 2191//1839 2189//1839 2192//1839
f 2189//1839 2187//1839 2192//1839
f 2192//1799 2194//1799 2193//1799
f 2195//1799 2192//1799 2193//1799
f 2191//1840 2192//1840 2195//1840
f 2192//1799 2187//1799 2194//1799
f 2195//1799 2193//1799 2196//1799
f 2195//1799 2196//1799 2197//1799
f 2198//1845 2195//1845 2197//1845
f 2198//1840 2191//1840 2195//1840
f 2200//1804 2198//1804 2199//1804
f 2199//1845 2198//1845 2197//1845
f 2191//1804 2198//1804 2200//1804
f 2190//1823 2200//1823 2196//1823
f 2196//1842 2200//1842 2201//1842
f 2200//1804 2199//1804 2202//1804
f 2200//1842 2203//1842 2201//1842
f 2203//1804 2200//1804 2202//1804
f 2190//1804 2191//1804 2200//1804
f 2201//1846 2203//1846 2204//1846
f 2203//1846 2205//1846 2204//1846
f 2203//1804 2202//1804 2207//1804
f 2205//1804 2203//1804 2206//1804
f 2206//1804 2203//1804 2207//1804
f 2212//1804 2207//1804 2208//1804
f 2208//1804 2207//1804 2209//1804
f 2207//1804 2210//1804 2209//1804
f 2207//1843 2211//1843 2210//1843
f 2207//1843 2215//1843 2211//1843
f 2214//1804 2207//1804 2212//1804
f 2213//1804 2206//1804 2207//1804
f 2213//1804 2207//1804 2214//1804
f 2202//1843 2215//1843 2207//1843
f 2197//1799 2196//1799 2215//1799
f 2215//1799 2196//1799 2211//1799
f 2202//1844 2199//1844 2215//1844
f 2199//1844 2197//1844 2215//1844
f 2213//1804 2214//1804 2218//1804
f 2217//4 2214//4 2216//4
f 2214//4 2212//4 2216//4
f 2214//1904 2217//1904 2218//1904
f 2218//1904 2217//1904 2219//1904
f 2218//1905 2219//1905 2220//1905
f 2221//1804 2218//1804 2220//1804
f 2221//1804 2213//1804 2218//1804
f 2224//1924 2221//1924 2222//1924
f 2221//1924 2223//1924 2222//1924
f 2221//1804 2220//1804 2223//1804
f 2213//1925 2221//1925 2224//1925
f 2225//1799 2224//1799 2222//1799
f 2226//1799 2224//1799 2225//1799
f 2226//1925 2213//1925 2224//1925
f 2217//1799 2226//1799 2219//1799
f 2219//1799 2226//1799 2225//1799
f 2227//1799 2226//1799 2211//1799
f 2211//1799 2226//1799 2217//1799
f 2206//1847 2213//1847 2226//1847
f 2227//1848 2206//1848 2226//1848
f 2204//1799 2227//1799 2211//1799
f 2204//1799 2228//1799 2227//1799
f 2229//1849 2206//1849 2227//1849
f 2228//1849 2229//1849 2227//1849
f 2230//1850 2229//1850 2228//1850
f 2231//1804 2205//1804 2229//1804
f 2229//1804 2205//1804 2206//1804
f 2230//1804 2231//1804 2229//1804
f 2231//1799 2240//1799 2232//1799
f 2231//1799 2232//1799 2234//1799
f 2233//1806 2235//1806 2231//1806
f 2233//1799 2231//1799 2234//1799
f 2235//1806 2237//1806 2231//1806
f 2237//111 2236//111 2231//111
f 2236//111 2240//111 2231//111
f 2205//1936 2231//1936 2239//1936
f 2240//1804 2231//1804 2230//1804
f 2231//111 2240//111 2238//111
f 2231//111 2238//111 2239//111
f 2246//1799 2240//1799 2241//1799
f 2240//1799 2245//1799 2241//1799
f 2242//1856 2149//1856 2240//1856
f 2240//1856 2149//1856 2238//1856
f 2242//1804 2240//1804 2243//1804
f 2240//1804 2244//1804 2243//1804
f 2244//1804 2240//1804 2230//1804
f 2240//1799 2247//1799 2245//1799
f 2232//1799 2240//1799 2246//1799
f 2240//1799 2136//1799 2247//1799
f 2236//1803 2136//1803 2240//1803
f 2146//1901 2247//1901 2248//1901
f 2247//1902 2245//1902 2248//1902
f 2130//1903 2129//1903 2247//1903
f 2247//1901 2129//1901 2245//1901
f 2136//1799 2137//1799 2247//1799
f 2137//1804 2138//1804 2247//1804
f 2137//1903 2130//1903 2247//1903
f 2137//1903 2247//1903 2146//1903
f 2247//1804 2138//1804 2245//1804
f 2251//1799 2248//1799 2249//1799
f 2248//1799 2250//1799 2249//1799
f 2248//1900 2245//1900 2250//1900
f 2251//1799 2145//1799 2248//1799
f 2145//1799 2146//1799 2248//1799
f 2253//1898 2251//1898 2252//1898
f 2252//1898 2251//1898 2249//1898
f 2253//1899 2145//1899 2251//1899
f 2245//1804 2253//1804 2252//1804
f 2254//1804 2253//1804 2245//1804
f 2254//1899 2145//1899 2253//1899
f 2138//1804 2255//1804 2254//1804
f 2138//1804 2254//1804 2245//1804
f 2255//1899 2147//1899 2254//1899
f 2254//1899 2147//1899 2145//1899
f 2138//1804 2256//1804 2255//1804
f 2255//1854 2148//1854 2147//1854
f 2256//1854 2148//1854 2255//1854
f 2138//1804 2258//1804 2256//1804
f 2256//1854 2257//1854 2148//1854
f 2259//1854 2257//1854 2256//1854
f 2258//1804 2242//1804 2256//1804
f 2242//1804 2259//1804 2256//1804
f 2242//1804 2243//1804 2259//1804
f 2259//1853 2260//1853 2257//1853
f 2243//1853 2260//1853 2259//1853
f 2243//1852 2261//1852 2260//1852
f 2261//1799 2238//1799 2260//1799
f 2238//1799 2149//1799 2260//1799
f 2260//1799 2149//1799 2257//1799
f 2261//1851 2244//1851 2262//1851
f 2244//1852 2261//1852 2243//1852
f 2239//1799 2238//1799 2261//1799
f 2239//1799 2261//1799 2262//1799
f 2262//1850 2230//1850 2228//1850
f 2204//1799 2262//1799 2228//1799
f 2204//1799 2239//1799 2262//1799
f 2244//1851 2230//1851 2262//1851
f 2161//1804 2258//1804 2138//1804
f 2161//1915 2158//1915 2258//1915
f 2258//1915 2158//1915 2157//1915
f 2258//1855 2157//1855 2242//1855
f 2257//1799 2149//1799 2148//1799
f 2252//1867 2249//1867 2263//1867
f 2241//1804 2245//1804 2252//1804
f 2241//1804 2252//1804 2264//1804
f 2252//1804 2263//1804 2264//1804
f 2264//1799 2266//1799 2265//1799
f 2263//1799 2264//1799 2265//1799
f 2264//1809 2270//1809 2266//1809
f 2263//1799 2241//1799 2264//1799
f 2264//1804 2263//1804 2268//1804
f 2269//1897 2264//1897 2267//1897
f 2264//1897 2268//1897 2267//1897
f 2241//1823 2264//1823 2269//1823
f 2241//1823 2270//1823 2264//1823
f 2270//1809 2271//1809 2266//1809
f 2270//1804 2274//1804 2271//1804
f 2241//1823 2273//1823 2270//1823
f 2273//1804 2272//1804 2270//1804
f 2272//1804 2274//1804 2270//1804
f 2271//1804 2274//1804 2275//1804
f 2274//1865 2263//1865 2275//1865
f 2274//1864 2276//1864 2263//1864
f 2272//1864 2276//1864 2274//1864
f 2276//1799 2246//1799 2241//1799
f 2276//1799 2241//1799 2263//1799
f 2272//1863 2246//1863 2276//1863
f 2275//1865 2263//1865 2265//1865
f 2275//1868 2265//1868 2277//1868
f 2271//1804 2275//1804 2277//1804
f 2277//1869 2281//1869 2278//1869
f 2277//1991 2278//1991 2283//1991
f 2277//1868 2265//1868 2281//1868
f 2282//1804 2279//1804 2277//1804
f 2279//1804 2280//1804 2277//1804
f 2280//1804 2271//1804 2277//1804
f 2282//1804 2277//1804 2283//1804
f 2283//1821 2286//1821 2284//1821
f 2283//1820 2284//1820 2285//1820
f 2282//1804 2283//1804 2285//1804
f 2287//1872 2286//1872 2283//1872
f 2278//1804 2287//1804 2283//1804
f 2287//4 2289//4 2286//4
f 2278//1804 2288//1804 2287//1804
f 2287//1804 2288//1804 2289//1804
f 2289//1812 2291//1812 2290//1812
f 2292//1812 2289//1812 2290//1812
f 2289//1804 2293//1804 2291//1804
f 2286//4 2289//4 2292//4
f 2288//1804 2293//1804 2289//1804
f 2293//1814 2288//1814 2294//1814
f 2296//1814 2293//1814 2294//1814
f 2295//1804 2297//1804 2293//1804
f 2295//1813 2293//1813 2296//1813
f 2293//1804 2297//1804 2291//1804
f 2297//1804 2310//1804 2298//1804
f 2297//1804 2298//1804 2311//1804
f 2302//1804 2297//1804 2299//1804
f 2299//1804 2297//1804 2311//1804
f 2297//1804 2301//1804 2300//1804
f 2297//1804 2300//1804 2310//1804
f 2297//1804 2303//1804 2301//1804
f 2291//1804 2297//1804 2302//1804
f 2297//1804 2304//1804 2303//1804
f 2295//1804 2305//1804 2297//1804
f 2297//1804 2306//1804 2304//1804
f 2305//1804 2309//1804 2297//1804
f 2307//1804 2306//1804 2297//1804
f 2308//1804 2307//1804 2297//1804
f 2309//1804 2308//1804 2297//1804
f 2314//1804 2311//1804 2312//1804
f 2311//1992 2313//1992 2312//1992
f 2311//1993 2315//1993 2313//1993
f 2314//1804 2316//1804 2311//1804
f 2298//1993 2315//1993 2311//1993
f 2316//1804 2317//1804 2311//1804
f 2317//1804 2299//1804 2311//1804
f 2317//1808 2316//1808 2318//1808
f 2319//1808 2317//1808 2318//1808
f 2299//1809 2317//1809 2319//1809
f 2319//1799 2318//1799 2313//1799
f 2320//1799 2319//1799 2313//1799
f 2320//1809 2299//1809 2319//1809
f 2321//1799 2320//1799 2313//1799
f 2321//1799 2322//1799 2320//1799
f 2322//1810 2302//1810 2320//1810
f 2302//1810 2299//1810 2320//1810
f 2291//1811 2302//1811 2322//1811
f 2290//1811 2291//1811 2322//1811
f 2321//1799 2290//1799 2322//1799
f 2315//1862 2321//1862 2313//1862
f 2334//1799 2321//1799 2315//1799
f 2324//1799 2321//1799 2323//1799
f 2323//1799 2321//1799 2334//1799
f 2325//1799 2321//1799 2324//1799
f 2327//1799 2321//1799 2325//1799
f 2321//1799 2326//1799 2290//1799
f 2333//1799 2326//1799 2321//1799
f 2328//1799 2321//1799 2327//1799
f 2328//1799 2331//1799 2321//1799
f 2332//1799 2329//1799 2321//1799
f 2329//1799 2330//1799 2321//1799
f 2330//1994 2333//1994 2321//1994
f 2331//1799 2332//1799 2321//1799
f 2310//1995 2334//1995 2315//1995
f 2310//1996 2300//1996 2334//1996
f 2300//1996 2323//1996 2334//1996
f 2330//1997 2309//1997 2333//1997
f 2333//1815 2305//1815 2326//1815
f 2309//1998 2305//1998 2333//1998
f 2335//1799 2329//1799 2332//1799
f 2307//1801 2332//1801 2331//1801
f 2308//1801 2332//1801 2307//1801
f 2308//1816 2335//1816 2332//1816
f 2343//1799 2329//1799 2335//1799
f 2335//1825 2338//1825 2336//1825
f 2337//1804 2335//1804 2336//1804
f 2339//1804 2335//1804 2337//1804
f 2335//1817 2340//1817 2338//1817
f 2339//1804 2341//1804 2335//1804
f 2344//1817 2340//1817 2335//1817
f 2341//1804 2344//1804 2335//1804
f 2342//1817 2345//1817 2335//1817
f 2342//1816 2335//1816 2308//1816
f 2344//1799 2343//1799 2335//1799
f 2345//1817 2344//1817 2335//1817
f 2348//1804 2345//1804 2346//1804
f 2346//1804 2345//1804 2349//1804
f 2348//1819 2347//1819 2345//1819
f 2345//1819 2347//1819 2344//1819
f 2349//1804 2345//1804 2342//1804
f 2349//1804 2342//1804 2308//1804
f 2346//1823 2349//1823 2329//1823
f 2329//1999 2349//1999 2330//1999
f 2349//1999 2309//1999 2330//1999
f 2349//1804 2308//1804 2309//1804
f 2350//1804 2352//1804 2348//1804
f 2350//1804 2348//1804 2346//1804
f 2352//1820 2351//1820 2348//1820
f 2348//1820 2351//1820 2347//1820
f 2350//1804 2075//1804 2352//1804
f 2352//1872 2353//1872 2351//1872
f 2354//1821 2353//1821 2352//1821
f 2075//1804 2354//1804 2352//1804
f 2354//1804 2075//1804 2355//1804
f 2354//1812 2355//1812 2356//1812
f 2353//1812 2354//1812 2356//1812
f 1603//1799 2353//1799 2356//1799
f 1603//1799 2356//1799 2358//1799
f 2356//1811 2355//1811 2357//1811
f 2356//1799 2357//1799 2358//1799
f 2357//1799 2359//1799 2358//1799
f 2358//1799 2359//1799 2327//1799
f 2360//1817 2361//1817 2358//1817
f 2360//1822 2358//1822 2304//1822
f 2361//1817 1603//1817 2358//1817
f 2304//1822 2358//1822 2327//1822
f 2363//1804 2361//1804 2360//1804
f 2075//4 2364//4 2361//4
f 2075//1804 2361//1804 2355//1804
f 2364//4 2362//4 2361//4
f 2361//4 2362//4 1603//4
f 2355//1804 2361//1804 2363//1804
f 2365//4 2364//4 2075//4
f 2364//2000 2366//2000 2362//2000
f 2365//2001 2367//2001 2364//2001
f 2367//2000 2366//2000 2364//2000
f 2366//111 2367//111 2368//111
f 2067//2001 2367//2001 2365//2001
f 2367//111 2067//111 2065//111
f 2367//111 2065//111 2368//111
f 2064//2002 2369//2002 2368//2002
f 2368//2002 2369//2002 2370//2002
f 2065//1976 2064//1976 2368//1976
f 2366//111 2368//111 2370//111
f 2371//111 2366//111 2370//111
f 2371//111 2370//111 2373//111
f 2369//2003 2372//2003 2370//2003
f 2370//2003 2372//2003 2373//2003
f 2374//111 2371//111 2373//111
f 2374//111 2373//111 2376//111
f 2372//2004 2375//2004 2373//2004
f 2373//2004 2375//2004 2376//2004
f 2378//111 2374//111 2376//111
f 2378//111 2376//111 2377//111
f 2376//2005 2379//2005 2377//2005
f 2375//2005 2379//2005 2376//2005
f 2379//4 2381//4 2380//4
f 2379//2006 2380//2006 2377//2006
f 2379//4 2382//4 2381//4
f 2375//4 2382//4 2379//4
f 2385//2007 2383//2007 2382//2007
f 2382//2008 2383//2008 2381//2008
f 2384//2009 2385//2009 2382//2009
f 2375//4 2384//4 2382//4
f 2386//111 2388//111 2385//111
f 2386//2009 2385//2009 2384//2009
f 2388//111 2387//111 2385//111
f 2385//111 2387//111 2383//111
f 2391//2004 2389//2004 2388//2004
f 2388//2004 2389//2004 2387//2004
f 2390//2003 2391//2003 2388//2003
f 2386//111 2390//111 2388//111
f 2392//4 2394//4 2391//4
f 2392//2003 2391//2003 2390//2003
f 2394//4 2393//4 2391//4
f 2391//4 2393//4 2389//4
f 2397//2010 2395//2010 2394//2010
f 2394//2010 2395//2010 2393//2010
f 2396//2011 2397//2011 2394//2011
f 2396//4 2394//4 2392//4
f 2397//111 2399//111 2395//111
f 2398//2011 2397//2011 2396//2011
f 2398//111 2400//111 2397//111
f 2397//111 2400//111 2399//111
f 2403//2002 2401//2002 2400//2002
f 2400//2002 2401//2002 2399//2002
f 2402//1976 2403//1976 2400//1976
f 2398//113 2402//113 2400//113
f 2403//111 2405//111 2401//111
f 2404//1976 2403//1976 2402//1976
f 2403//111 2404//111 2406//111
f 2403//111 2406//111 2405//111
f 2406//111 2410//111 2407//111
f 2406//2012 2407//2012 2409//2012
f 2405//2013 2406//2013 2408//2013
f 2408//2012 2406//2012 2409//2012
f 2411//111 2410//111 2406//111
f 2404//111 2411//111 2406//111
f 2410//1979 2411//1979 2412//1979
f 2411//1977 2404//1977 2402//1977
f 2412//2014 2411//2014 2402//2014
f 2410//1973 2412//1973 2413//1973
f 2412//111 2048//111 2413//111
f 2414//111 2412//111 2402//111
f 2415//111 2048//111 2412//111
f 2414//111 2415//111 2412//111
f 2415//1975 2414//1975 2052//1975
f 2415//1974 2052//1974 2047//1974
f 2048//1974 2415//1974 2047//1974
f 2414//2015 2398//2015 2416//2015
f 2052//1975 2414//1975 2416//1975
f 2398//111 2414//111 2402//111
f 2416//4 2396//4 2417//4
f 2051//4 2416//4 2417//4
f 2052//4 2416//4 2051//4
f 2416//2015 2398//2015 2396//2015
f 2051//1976 2417//1976 2419//1976
f 2417//4 2396//4 2392//4
f 2417//2002 2392//2002 2418//2002
f 2419//1976 2417//1976 2418//1976
f 2059//113 2050//113 2419//113
f 2420//111 2059//111 2419//111
f 2420//111 2419//111 2418//111
f 2050//1804 2051//1804 2419//1804
f 2420//111 2418//111 2421//111
f 2420//2011 2421//2011 2422//2011
f 2059//2015 2420//2015 2062//2015
f 2062//2015 2420//2015 2422//2015
f 2062//4 2422//4 2064//4
f 2064//4 2422//4 2369//4
f 2422//4 2423//4 2369//4
f 2422//2011 2421//2011 2423//2011
f 2369//4 2423//4 2372//4
f 2421//2010 2386//2010 2423//2010
f 2423//2010 2386//2010 2384//2010
f 2423//4 2384//4 2372//4
f 2421//111 2418//111 2390//111
f 2421//111 2390//111 2386//111
f 2418//2002 2392//2002 2390//2002
f 2424//1973 2410//1973 2413//1973
f 2424//1970 2413//1970 2425//1970
f 2048//111 2045//111 2413//111
f 2413//111 2045//111 2425//111
f 2427//1969 2425//1969 2426//1969
f 2425//111 2044//111 2426//111
f 2045//111 2044//111 2425//111
f 2427//1970 2424//1970 2425//1970
f 2424//111 2427//111 2429//111
f 2427//111 2430//111 2428//111
f 2429//111 2427//111 2428//111
f 2430//1969 2427//1969 2426//1969
f 2432//111 2430//111 2431//111
f 2431//1964 2430//1964 2433//1964
f 2428//111 2430//111 2432//111
f 2430//1964 2426//1964 2433//1964
f 2431//1965 2433//1965 2434//1965
f 2433//111 2025//111 2434//111
f 2433//111 2435//111 2025//111
f 2426//111 2435//111 2433//111
f 2025//1967 2435//1967 2026//1967
f 2435//1967 2042//1967 2026//1967
f 2435//1968 2044//1968 2042//1968
f 2044//111 2435//111 2426//111
f 2436//1965 2431//1965 2434//1965
f 2436//1966 2434//1966 2437//1966
f 2434//111 2025//111 2023//111
f 2434//111 2023//111 2437//111
f 2439//1960 2437//1960 2438//1960
f 2437//111 2022//111 2438//111
f 2437//111 2023//111 2022//111
f 2439//1961 2436//1961 2437//1961
f 2442//111 2436//111 2439//111
f 2440//1960 2439//1960 2438//1960
f 2441//111 2439//111 2440//111
f 2442//111 2439//111 2441//111
f 2444//2016 2442//2016 2443//2016
f 2442//2016 2441//2016 2443//2016
f 2445//2017 2442//2017 2444//2017
f 2445//111 2436//111 2442//111
f 2432//2018 2445//2018 2446//2018
f 2446//2017 2445//2017 2444//2017
f 2432//111 2431//111 2445//111
f 2445//111 2431//111 2436//111
f 2447//2018 2432//2018 2446//2018
f 2447//111 2446//111 2448//111
f 2446//111 2444//111 2448//111
f 2451//111 2448//111 2449//111
f 2448//111 2450//111 2449//111
f 2448//111 2453//111 2450//111
f 2452//111 2448//111 2451//111
f 2454//111 2448//111 2452//111
f 2448//111 2455//111 2453//111
f 2456//111 2448//111 2454//111
f 2448//111 2457//111 2455//111
f 2458//111 2448//111 2456//111
f 2448//111 2459//111 2457//111
f 2460//111 2448//111 2458//111
f 2448//111 2461//111 2459//111
f 2462//111 2448//111 2460//111
f 2448//111 2443//111 2461//111
f 2463//111 2448//111 2462//111
f 2444//111 2443//111 2448//111
f 2463//111 2467//111 2448//111
f 2466//111 2408//111 2448//111
f 2408//111 2409//111 2448//111
f 2409//111 2469//111 2448//111
f 2468//111 2464//111 2448//111
f 2464//111 2465//111 2448//111
f 2465//111 2466//111 2448//111
f 2467//111 2468//111 2448//111
f 2470//111 2447//111 2448//111
f 2469//111 2470//111 2448//111
f 2470//2019 2428//2019 2447//2019
f 2469//2020 2429//2020 2470//2020
f 2429//2020 2428//2020 2470//2020
f 2409//2021 2407//2021 2469//2021
f 2407//2021 2429//2021 2469//2021
f 2471//2022 2468//2022 2467//2022
f 2471//2022 2472//2022 2468//2022
f 2472//2023 2464//2023 2468//2023
f 2473//111 2472//111 2475//111
f 2472//2023 2473//2023 2464//2023
f 2475//113 2472//113 2474//113
f 2472//111 2471//111 2474//111
f 2477//2004 2475//2004 2476//2004
f 2476//2004 2475//2004 2478//2004
f 2477//111 2473//111 2475//111
f 2475//2005 2474//2005 2478//2005
f 2478//2005 2474//2005 2479//2005
f 2478//111 2479//111 2480//111
f 2481//111 2478//111 2480//111
f 2476//111 2478//111 2481//111
f 2481//2007 2480//2007 2482//2007
f 2393//2009 2481//2009 2482//2009
f 2395//2009 2481//2009 2393//2009
f 2395//111 2476//111 2481//111
f 2389//4 2482//4 2483//4
f 2483//4 2482//4 2484//4
f 2482//2008 2480//2008 2484//2008
f 2389//4 2393//4 2482//4
f 2483//4 2484//4 2486//4
f 2486//4 2484//4 2485//4
f 2484//2024 2487//2024 2485//2024
f 2480//2024 2487//2024 2484//2024
f 2487//1817 2488//1817 2485//1817
f 2487//111 2489//111 2488//111
f 2480//111 2479//111 2487//111
f 2479//111 2489//111 2487//111
f 2489//2025 2491//2025 2490//2025
f 2489//111 2490//111 2488//111
f 2492//2025 2491//2025 2489//2025
f 2479//2006 2492//2006 2489//2006
f 2474//2026 2492//2026 2479//2026
f 2474//111 2471//111 2492//111
f 2471//111 2493//111 2492//111
f 2492//111 2493//111 2491//111
f 2493//2027 2471//2027 2467//2027
f 2493//2027 2467//2027 2463//2027
f 2494//2028 2493//2028 2463//2028
f 2493//111 2494//111 2491//111
f 2494//2028 2463//2028 2462//2028
f 2496//2029 2494//2029 2462//2029
f 2491//111 2494//111 2495//111
f 2494//111 2496//111 2495//111
f 2498//2030 2496//2030 2460//2030
f 2496//2029 2462//2029 2460//2029
f 2495//111 2496//111 2497//111
f 2496//111 2498//111 2497//111
f 2498//2030 2460//2030 2458//2030
f 2500//2031 2498//2031 2458//2031
f 2497//111 2498//111 2499//111
f 2498//111 2500//111 2499//111
f 2501//2032 2500//2032 2456//2032
f 2500//2031 2458//2031 2456//2031
f 2500//111 2501//111 2502//111
f 2499//111 2500//111 2502//111
f 2502//111 2501//111 2503//111
f 2502//2033 2503//2033 2504//2033
f 2505//2034 2502//2034 2504//2034
f 2499//2034 2502//2034 2505//2034
f 2508//111 2505//111 2506//111
f 2505//111 2504//111 2506//111
f 2507//2035 2499//2035 2505//2035
f 2507//111 2505//111 2508//111
f 2508//2036 2506//2036 2509//2036
f 2510//2037 2508//2037 2509//2037
f 2511//2037 2508//2037 2510//2037
f 2511//111 2507//111 2508//111
f 2513//2038 2511//2038 2512//2038
f 2512//2039 2511//2039 2510//2039
f 2513//111 2514//111 2511//111
f 2514//111 2507//111 2511//111
f 2514//2040 2497//2040 2507//2040
f 2495//2040 2497//2040 2514//2040
f 2490//2041 2495//2041 2514//2041
f 2490//111 2514//111 2513//111
f 2515//2042 2513//2042 2512//2042
f 2488//2042 2513//2042 2515//2042
f 2488//111 2490//111 2513//111
f 2516//4 2485//4 2515//4
f 2516//4 2515//4 2517//4
f 2517//4 2515//4 2512//4
f 2485//1817 2488//1817 2515//1817
f 2517//4 2512//4 2518//4
f 2517//2040 2518//2040 2520//2040
f 2516//2041 2517//2041 2519//2041
f 2519//2041 2517//2041 2520//2041
f 2519//111 2520//111 2521//111
f 2521//111 2520//111 2523//111
f 2520//2040 2518//2040 2522//2040
f 2520//111 2522//111 2523//111
f 2523//111 2522//111 2524//111
f 2523//2037 2524//2037 2526//2037
f 2521//2038 2523//2038 2525//2038
f 2525//2039 2523//2039 2526//2039
f 2526//2037 2524//2037 2527//2037
f 2528//4 2526//4 2527//4
f 2529//4 2526//4 2528//4
f 2529//4 2525//4 2526//4
f 2532//2040 2529//2040 2530//2040
f 2530//2040 2529//2040 2531//2040
f 2529//2035 2528//2035 2531//2035
f 2532//4 2525//4 2529//4
f 2533//2041 2532//2041 2530//2041
f 2535//2041 2532//2041 2533//2041
f 2532//4 2534//4 2525//4
f 2535//4 2534//4 2532//4
f 2536//2025 2535//2025 2533//2025
f 2380//2025 2535//2025 2536//2025
f 2535//4 2537//4 2534//4
f 2380//4 2537//4 2535//4
f 2380//4 2381//4 2537//4
f 2539//1817 2538//1817 2537//1817
f 2537//1817 2538//1817 2534//1817
f 2381//2024 2539//2024 2537//2024
f 2383//111 2541//111 2539//111
f 2383//2024 2539//2024 2381//2024
f 2541//111 2540//111 2539//111
f 2539//111 2540//111 2538//111
f 2483//2006 2486//2006 2541//2006
f 2541//2026 2486//2026 2540//2026
f 2387//2005 2483//2005 2541//2005
f 2387//111 2541//111 2383//111
f 2540//2025 2516//2025 2519//2025
f 2540//111 2519//111 2538//111
f 2486//2025 2516//2025 2540//2025
f 2538//111 2519//111 2521//111
f 2538//2042 2521//2042 2534//2042
f 2544//111 2536//111 2542//111
f 2536//111 2533//111 2542//111
f 2543//111 2377//111 2536//111
f 2543//111 2536//111 2544//111
f 2377//2006 2380//2006 2536//2006
f 2544//1817 2542//1817 1611//1817
f 2545//2043 2544//2043 1611//2043
f 2543//2043 2544//2043 2545//2043
f 1603//4 2546//4 2545//4
f 1603//4 2545//4 1611//4
f 2546//2044 2543//2044 2545//2044
f 1603//4 2547//4 2546//4
f 2378//2044 2543//2044 2546//2044
f 2547//2045 2378//2045 2546//2045
f 1603//4 2548//4 2547//4
f 2374//2045 2378//2045 2547//2045
f 2548//2046 2374//2046 2547//2046
f 2362//4 2548//4 1603//4
f 2371//2046 2374//2046 2548//2046
f 2362//2047 2371//2047 2548//2047
f 2543//111 2378//111 2377//111
f 2542//111 2533//111 2550//111
f 1611//1817 2542//1817 2549//1817
f 2542//2048 2550//2048 2549//2048
f 2549//2048 2550//2048 2552//2048
f 2550//111 2530//111 2551//111
f 2550//2049 2551//2049 2552//2049
f 2533//111 2530//111 2550//111
f 2552//4 2553//4 1602//4
f 2549//4 2552//4 1602//4
f 2552//2049 2551//2049 2553//2049
f 2553//4 2555//4 1602//4
f 2551//2050 2554//2050 2553//2050
f 2553//2050 2554//2050 2555//2050
f 1602//4 2555//4 1622//4
f 2555//2051 2556//2051 1622//2051
f 2554//2051 2556//2051 2555//2051
f 2554//111 2558//111 2556//111
f 2558//111 2557//111 2556//111
f 2556//111 2557//111 2559//111
f 2556//2052 2559//2052 1622//2052
f 2559//111 2561//111 2560//111
f 2559//2053 2560//2053 1621//2053
f 1622//2052 2559//2052 1621//2052
f 2557//111 2561//111 2559//111
f 2560//111 2561//111 2563//111
f 2561//2054 2564//2054 2562//2054
f 2561//111 2562//111 2563//111
f 2557//2033 2565//2033 2561//2033
f 2565//2054 2564//2054 2561//2054
f 2564//4 2565//4 2567//4
f 2566//4 2568//4 2565//4
f 2566//2033 2565//2033 2557//2033
f 2565//4 2568//4 2567//4
f 2566//4 2527//4 2568//4
f 2568//2055 2569//2055 2567//2055
f 2570//2055 2569//2055 2568//2055
f 2527//2036 2570//2036 2568//2036
f 2570//111 2571//111 2569//111
f 2524//2036 2570//2036 2527//2036
f 2524//111 2572//111 2570//111
f 2572//111 2571//111 2570//111
f 2522//111 2572//111 2524//111
f 2572//2034 2573//2034 2571//2034
f 2574//2034 2573//2034 2572//2034
f 2522//2035 2574//2035 2572//2035
f 2574//4 2509//4 2573//4
f 2518//2035 2574//2035 2522//2035
f 2518//4 2510//4 2574//4
f 2574//4 2510//4 2509//4
f 2573//4 2509//4 2575//4
f 2573//4 2575//4 2576//4
f 2573//2033 2576//2033 2571//2033
f 2577//4 2576//4 2579//4
f 2576//2054 2577//2054 2578//2054
f 2571//2033 2576//2033 2578//2033
f 2576//4 2575//4 2579//4
f 2581//2056 2580//2056 2579//2056
f 2579//2056 2580//2056 2582//2056
f 2575//2055 2581//2055 2579//2055
f 2577//4 2579//4 2582//4
f 2583//4 2577//4 2582//4
f 2583//4 2582//4 2584//4
f 2582//2057 2585//2057 2584//2057
f 2580//2057 2585//2057 2582//2057
f 2580//111 2587//111 2585//111
f 2587//111 2586//111 2585//111
f 2586//111 2588//111 2585//111
f 2585//2058 2588//2058 2584//2058
f 2588//2058 2589//2058 2584//2058
f 2588//1951 2590//1951 2589//1951
f 2591//111 2590//111 2588//111
f 2586//111 2591//111 2588//111
f 2593//2059 2591//2059 2586//2059
f 2594//1950 2592//1950 2591//1950
f 2591//111 2592//111 2590//111
f 2593//1950 2594//1950 2591//1950
f 2597//111 2595//111 2594//111
f 2595//113 2596//113 2594//113
f 2594//2060 2596//2060 2592//2060
f 2597//111 2594//111 2593//111
f 2598//111 2597//111 2593//111
f 2597//2061 2598//2061 2449//2061
f 2450//2061 2597//2061 2449//2061
f 2595//2062 2597//2062 2450//2062
f 2600//111 2598//111 2599//111
f 2598//111 2593//111 2599//111
f 2598//2063 2451//2063 2449//2063
f 2598//2063 2600//2063 2451//2063
f 2600//2064 2452//2064 2451//2064
f 2600//2064 2602//2064 2452//2064
f 2601//111 2600//111 2599//111
f 2602//111 2600//111 2601//111
f 2602//2065 2501//2065 2454//2065
f 2602//2065 2454//2065 2452//2065
f 2501//111 2602//111 2503//111
f 2503//112 2602//112 2601//112
f 2503//2054 2601//2054 2603//2054
f 2601//2066 2599//2066 2587//2066
f 2603//2054 2601//2054 2587//2054
f 2603//111 2587//111 2580//111
f 2504//2067 2503//2067 2603//2067
f 2504//111 2603//111 2581//111
f 2581//111 2603//111 2580//111
f 2599//2059 2593//2059 2586//2059
f 2587//2066 2599//2066 2586//2066
f 2606//111 2596//111 2595//111
f 2596//1948 2605//1948 2604//1948
f 2596//1949 2604//1949 2592//1949
f 2606//111 2605//111 2596//111
f 2455//2068 2606//2068 2453//2068
f 2606//2068 2595//2068 2453//2068
f 2607//2069 2606//2069 2455//2069
f 2607//113 2605//113 2606//113
f 2608//2070 2607//2070 2457//2070
f 2457//2069 2607//2069 2455//2069
f 2608//111 2609//111 2607//111
f 2607//111 2609//111 2605//111
f 2605//1954 2609//1954 2612//1954
f 2609//1958 2611//1958 2610//1958
f 2609//1954 2610//1954 2612//1954
f 2608//111 2611//111 2609//111
f 2605//1948 2612//1948 2604//1948
f 2612//111 2000//111 2604//111
f 2612//111 2001//111 2000//111
f 2610//111 2001//111 2612//111
f 2613//111 2440//111 2611//111
f 2611//1957 2440//1957 2614//1957
f 2611//1958 2614//1958 2610//1958
f 2613//111 2611//111 2608//111
f 2614//111 2615//111 2003//111
f 2614//111 2003//111 2610//111
f 2438//111 2615//111 2614//111
f 2440//1957 2438//1957 2614//1957
f 2003//1959 2615//1959 2004//1959
f 2615//1959 2020//1959 2004//1959
f 2615//1823 2022//1823 2020//1823
f 2438//111 2022//111 2615//111
f 2441//2071 2613//2071 2461//2071
f 2461//2072 2613//2072 2459//2072
f 2613//2072 2608//2072 2459//2072
f 2441//111 2440//111 2613//111
f 2610//111 2003//111 2001//111
f 2459//2070 2608//2070 2457//2070
f 2604//111 2000//111 2616//111
f 2604//111 2616//111 2592//111
f 2592//111 2616//111 2590//111
f 2590//1952 2616//1952 2617//1952
f 2616//1952 1998//1952 2617//1952
f 2616//1953 2000//1953 1998//1953
f 2590//1951 2617//1951 2589//1951
f 1994//4 2618//4 2617//4
f 2617//4 2618//4 2589//4
f 1998//4 1994//4 2617//4
f 2618//4 2619//4 2589//4
f 2619//1950 2618//1950 2620//1950
f 2618//1949 1994//1949 1992//1949
f 2618//1950 1992//1950 2620//1950
f 2622//111 2620//111 2621//111
f 2620//111 1988//111 2621//111
f 2619//2059 2620//2059 2622//2059
f 2620//111 1992//111 1988//111
f 2622//111 2621//111 2624//111
f 2623//2066 2583//2066 2622//2066
f 2623//111 2622//111 2624//111
f 2583//2059 2619//2059 2622//2059
f 2624//2058 2621//2058 2627//2058
f 2625//111 2623//111 2624//111
f 2625//2057 2624//2057 2626//2057
f 2626//2057 2624//2057 2627//2057
f 1986//4 1985//4 2627//4
f 1985//4 2628//4 2627//4
f 2628//4 2626//4 2627//4
f 2621//2058 1986//2058 2627//2058
f 2562//2066 2628//2066 2629//2066
f 2628//2059 1985//2059 2629//2059
f 2564//2066 2628//2066 2562//2066
f 2628//4 2564//4 2626//4
f 2629//111 1982//111 2630//111
f 2629//111 2630//111 2631//111
f 2562//111 2629//111 2631//111
f 1985//2059 1982//2059 2629//2059
f 2631//2073 2630//2073 1631//2073
f 2563//111 2562//111 2631//111
f 2563//2074 2631//2074 1630//2074
f 1630//2074 2631//2074 1631//2074
f 2630//2075 1983//2075 1632//2075
f 2630//2073 1632//2073 1631//2073
f 1982//111 1983//111 2630//111
f 2564//4 2567//4 2626//4
f 2567//2056 2625//2056 2626//2056
f 2569//2056 2625//2056 2567//2056
f 2569//111 2578//111 2625//111
f 2578//111 2623//111 2625//111
f 2578//2054 2577//2054 2623//2054
f 2577//2066 2583//2066 2623//2066
f 2621//1951 1988//1951 1986//1951
f 2619//4 2583//4 2584//4
f 2589//4 2619//4 2584//4
f 2453//2062 2595//2062 2450//2062
f 2506//2055 2581//2055 2575//2055
f 2506//111 2504//111 2581//111
f 2571//111 2578//111 2569//111
f 2509//2036 2506//2036 2575//2036
f 2528//4 2527//4 2566//4
f 2528//2034 2566//2034 2558//2034
f 2558//2034 2566//2034 2557//2034
f 2560//2076 2563//2076 1633//2076
f 1633//2076 2563//2076 1630//2076
f 1621//2053 2560//2053 1633//2053
f 2531//2035 2528//2035 2558//2035
f 2531//111 2558//111 2554//111
f 2551//111 2531//111 2554//111
f 2530//111 2531//111 2551//111
f 1611//4 2549//4 1602//4
f 2534//2042 2521//2042 2525//2042
f 2518//4 2512//4 2510//4
f 2486//4 2485//4 2516//4
f 2497//2035 2499//2035 2507//2035
f 2501//2032 2456//2032 2454//2032
f 2491//2041 2495//2041 2490//2041
f 2389//2005 2483//2005 2387//2005
f 2401//111 2632//111 2477//111
f 2477//113 2632//113 2473//113
f 2399//2003 2477//2003 2476//2003
f 2401//2003 2477//2003 2399//2003
f 2401//111 2405//111 2632//111
f 2632//2077 2405//2077 2466//2077
f 2473//2078 2632//2078 2465//2078
f 2632//2077 2466//2077 2465//2077
f 2395//111 2399//111 2476//111
f 2473//2078 2465//2078 2464//2078
f 2405//2013 2408//2013 2466//2013
f 2443//2071 2441//2071 2461//2071
f 2428//2019 2432//2019 2447//2019
f 2407//111 2424//111 2429//111
f 2410//111 2424//111 2407//111
f 2372//4 2384//4 2375//4
f 2366//2047 2371//2047 2362//2047
f 2633//4 2365//4 2075//4
f 2633//2079 2067//2079 2365//2079
f 2072//4 2633//4 2075//4
f 2068//1980 2633//1980 2072//1980
f 2068//2079 2067//2079 2633//2079
f 2634//1804 2363//1804 2360//1804
f 2355//1811 2363//1811 2357//1811
f 2363//1810 2634//1810 2359//1810
f 2357//1810 2363//1810 2359//1810
f 2634//1804 2360//1804 2635//1804
f 2359//1823 2634//1823 2635//1823
f 2635//1804 2360//1804 2304//1804
f 2635//1809 2636//1809 2637//1809
f 2636//1804 2635//1804 2304//1804
f 2638//1809 2635//1809 2637//1809
f 2359//1823 2635//1823 2638//1823
f 2638//1799 2637//1799 2327//1799
f 2359//1799 2638//1799 2327//1799
f 2359//1804 2643//1804 2638//1804
f 2359//1823 2638//1823 2641//1823
f 2641//1897 2638//1897 2639//1897
f 2638//1897 2642//1897 2639//1897
f 2643//1804 2640//1804 2638//1804
f 2638//1804 2640//1804 2642//1804
f 2643//1921 2644//1921 2640//1921
f 2359//1804 2646//1804 2643//1804
f 2643//1922 2645//1922 2644//1922
f 2646//1922 2645//1922 2643//1922
f 2646//1923 2210//1923 2645//1923
f 2359//1804 2210//1804 2646//1804
f 2649//1799 2647//1799 2645//1799
f 2645//1799 2647//1799 2644//1799
f 2210//1923 2648//1923 2645//1923
f 2648//1799 2649//1799 2645//1799
f 2649//1900 2209//1900 2647//1900
f 2648//1799 2650//1799 2649//1799
f 2208//1902 2209//1902 2649//1902
f 2650//1902 2208//1902 2649//1902
f 2648//1799 2211//1799 2650//1799
f 2212//1903 2208//1903 2650//1903
f 2211//1799 2216//1799 2650//1799
f 2216//1903 2212//1903 2650//1903
f 2210//1843 2211//1843 2648//1843
f 2209//1900 2359//1900 2647//1900
f 2647//1823 2359//1823 2641//1823
f 2644//1799 2647//1799 2641//1799
f 2640//1921 2644//1921 2651//1921
f 2651//1799 2644//1799 2641//1799
f 2640//1932 2651//1932 2652//1932
f 2651//1799 2641//1799 2652//1799
f 2653//1932 2640//1932 2652//1932
f 2653//1883 2652//1883 2654//1883
f 2641//1799 2639//1799 2652//1799
f 2652//1799 2639//1799 2654//1799
f 2658//1882 2654//1882 2655//1882
f 2655//1799 2654//1799 2657//1799
f 2659//1799 2656//1799 2654//1799
f 2654//1799 2656//1799 2657//1799
f 2658//1883 2653//1883 2654//1883
f 2639//1799 2659//1799 2654//1799
f 2642//1885 2660//1885 2659//1885
f 2659//1884 2660//1884 2656//1884
f 2639//1885 2642//1885 2659//1885
f 2660//1804 2658//1804 2661//1804
f 2662//1804 2660//1804 2661//1804
f 2660//1804 2642//1804 2653//1804
f 2660//1804 2653//1804 2658//1804
f 2660//1884 2662//1884 2656//1884
f 2662//1804 2661//1804 2663//1804
f 2665//1804 2662//1804 2663//1804
f 2662//111 2664//111 2656//111
f 2662//111 2665//111 2664//111
f 2665//1804 2663//1804 2666//1804
f 2665//1804 2666//1804 2667//1804
f 2668//1804 2665//1804 2667//1804
f 2668//1876 2669//1876 2665//1876
f 2665//1876 2669//1876 2664//1876
f 2664//1799 2669//1799 2670//1799
f 2669//1799 2671//1799 2670//1799
f 2669//1799 2672//1799 2671//1799
f 2669//1799 2673//1799 2672//1799
f 2669//1799 2674//1799 2673//1799
f 2668//1877 2674//1877 2669//1877
f 2674//2080 2675//2080 2673//2080
f 2674//1799 2676//1799 2675//1799
f 2336//1825 2338//1825 2674//1825
f 2336//1877 2674//1877 2668//1877
f 2674//1799 2677//1799 2676//1799
f 2338//1799 2677//1799 2674//1799
f 2677//1930 2337//1930 2676//1930
f 2339//1929 2337//1929 2677//1929
f 2338//1799 2678//1799 2677//1799
f 2678//1929 2339//1929 2677//1929
f 2679//1799 2678//1799 2338//1799
f 2341//1928 2339//1928 2678//1928
f 2679//1928 2341//1928 2678//1928
f 2680//1927 2681//1927 2679//1927
f 2680//1799 2679//1799 2338//1799
f 2681//1927 2341//1927 2679//1927
f 2681//1804 2344//1804 2341//1804
f 2223//1926 2681//1926 2680//1926
f 2223//1804 2344//1804 2681//1804
f 2340//1799 2222//1799 2680//1799
f 2340//1799 2680//1799 2338//1799
f 2222//1926 2223//1926 2680//1926
f 2337//1930 2682//1930 2676//1930
f 2676//1931 2682//1931 2675//1931
f 2337//1804 2336//1804 2682//1804
f 2682//2081 2683//2081 2675//2081
f 2682//1804 2336//1804 2683//1804
f 2675//1875 2683//1875 2673//1875
f 2683//1875 2684//1875 2673//1875
f 2683//1804 2336//1804 2684//1804
f 2687//1804 2684//1804 2685//1804
f 2685//1804 2684//1804 2686//1804
f 2684//1804 2668//1804 2686//1804
f 2684//1874 2687//1874 2688//1874
f 2673//1874 2684//1874 2688//1874
f 2336//1804 2668//1804 2684//1804
f 2673//1799 2688//1799 2672//1799
f 2688//1890 2687//1890 2689//1890
f 2688//1799 2689//1799 2672//1799
f 2689//1799 2691//1799 2672//1799
f 2687//1890 2690//1890 2689//1890
f 2690//1891 2691//1891 2689//1891
f 2691//1799 2693//1799 2692//1799
f 2672//1799 2691//1799 2692//1799
f 2694//1892 2693//1892 2691//1892
f 2694//1891 2691//1891 2690//1891
f 2694//1804 2690//1804 2286//1804
f 2694//1804 2286//1804 2695//1804
f 2696//1892 2693//1892 2694//1892
f 2696//1804 2694//1804 2695//1804
f 2698//1893 2697//1893 2696//1893
f 2696//1893 2697//1893 2693//1893
f 2698//1804 2696//1804 2695//1804
f 2699//1894 2700//1894 2698//1894
f 2699//1804 2698//1804 2701//1804
f 2698//1894 2700//1894 2697//1894
f 2698//1804 2695//1804 2701//1804
f 2699//1804 2701//1804 2703//1804
f 2701//1920 2692//1920 2702//1920
f 2701//1831 2702//1831 2703//1831
f 2695//1920 2692//1920 2701//1920
f 2699//1804 2703//1804 2704//1804
f 2703//1804 2706//1804 2704//1804
f 2703//1831 2702//1831 2705//1831
f 2703//1817 2705//1817 2706//1817
f 2706//1817 2705//1817 2707//1817
f 2706//1915 2707//1915 2708//1915
f 2706//1804 2708//1804 2704//1804
f 2704//1804 2708//1804 2709//1804
f 2708//1804 2710//1804 2709//1804
f 2708//1916 2711//1916 2710//1916
f 2708//1915 2707//1915 2711//1915
f 2711//1799 2707//1799 2712//1799
f 2713//1799 2711//1799 2712//1799
f 2710//1916 2711//1916 2713//1916
f 2716//1805 2713//1805 2714//1805
f 2714//1799 2713//1799 2715//1799
f 2713//1799 2712//1799 2715//1799
f 2710//1805 2713//1805 2716//1805
f 2716//1799 2723//1799 2717//1799
f 2716//1799 2717//1799 2718//1799
f 2719//1799 2716//1799 2718//1799
f 2719//111 2716//111 2714//111
f 2722//111 2716//111 2719//111
f 2716//1804 2719//1804 2720//1804
f 2721//1804 2716//1804 2720//1804
f 2710//1804 2716//1804 2721//1804
f 2722//1803 2723//1803 2716//1803
f 2723//1799 2726//1799 2717//1799
f 2724//1802 2723//1802 2722//1802
f 2724//1801 2725//1801 2723//1801
f 2723//1799 2725//1799 2726//1799
f 2726//1800 2727//1800 2717//1800
f 2726//1800 2729//1800 2727//1800
f 2725//1799 2728//1799 2726//1799
f 2728//1933 2729//1933 2726//1933
f 2731//1804 2730//1804 2729//1804
f 2729//1804 2730//1804 2727//1804
f 2728//1933 2731//1933 2729//1933
f 2734//1804 2730//1804 2731//1804
f 2732//1934 2731//1934 2728//1934
f 2732//1934 2733//1934 2731//1934
f 2733//1804 2734//1804 2731//1804
f 2733//1804 2736//1804 2734//1804
f 2285//1819 2735//1819 2734//1819
f 2734//1819 2735//1819 2737//1819
f 2736//1804 2285//1804 2734//1804
f 2734//1816 2737//1816 2730//1816
f 2730//1816 2737//1816 2725//1816
f 2737//1799 2732//1799 2728//1799
f 2725//1799 2737//1799 2728//1799
f 2738//1799 2732//1799 2737//1799
f 2735//1799 2738//1799 2737//1799
f 2738//1935 2736//1935 2733//1935
f 2738//1935 2733//1935 2732//1935
f 2739//1799 2738//1799 2735//1799
f 2282//2082 2736//2082 2738//2082
f 2739//1824 2282//1824 2738//1824
f 2281//1799 2739//1799 2735//1799
f 2740//1799 2739//1799 2281//1799
f 2096//1824 2282//1824 2739//1824
f 2740//1799 2741//1799 2739//1799
f 2743//1799 2095//1799 2739//1799
f 2095//1824 2096//1824 2739//1824
f 2741//1799 2742//1799 2739//1799
f 2742//1799 2743//1799 2739//1799
f 2753//1799 2095//1799 2743//1799
f 2750//1816 2743//1816 2742//1816
f 2746//1804 2743//1804 2744//1804
f 2743//1804 2745//1804 2744//1804
f 2743//1825 2747//1825 2745//1825
f 2748//1804 2743//1804 2746//1804
f 2743//1817 2749//1817 2747//1817
f 2748//1804 2753//1804 2743//1804
f 2753//1817 2749//1817 2743//1817
f 2752//1816 2743//1816 2750//1816
f 2752//1817 2751//1817 2743//1817
f 2751//1817 2753//1817 2743//1817
f 2754//1804 2753//1804 2748//1804
f 2753//1818 2755//1818 2749//1818
f 2754//1804 2756//1804 2753//1804
f 2756//1818 2755//1818 2753//1818
f 2753//1799 2756//1799 2095//1799
f 2751//1818 2756//1818 2753//1818
f 2756//1799 2133//1799 2095//1799
f 2134//1818 2756//1818 2751//1818
f 2754//1804 2139//1804 2756//1804
f 2756//1905 2143//1905 2755//1905
f 2133//1905 2143//1905 2756//1905
f 2139//1804 2133//1804 2756//1804
f 2134//1905 2133//1905 2756//1905
f 2143//1799 2142//1799 2755//1799
f 2755//1799 2142//1799 2749//1799
f 2757//1827 2754//1827 2748//1827
f 2139//1828 2754//1828 2757//1828
f 2749//1799 2757//1799 2758//1799
f 2757//1827 2748//1827 2758//1827
f 2142//1828 2139//1828 2757//1828
f 2142//1799 2757//1799 2749//1799
f 2747//1799 2758//1799 2759//1799
f 2758//1826 2746//1826 2759//1826
f 2749//1799 2758//1799 2747//1799
f 2758//1826 2748//1826 2746//1826
f 2760//1799 2747//1799 2759//1799
f 2760//1799 2759//1799 2761//1799
f 2759//1913 2746//1913 2744//1913
f 2759//1913 2744//1913 2761//1913
f 2763//1799 2761//1799 2762//1799
f 2761//1912 2764//1912 2762//1912
f 2761//1912 2744//1912 2764//1912
f 2763//1799 2760//1799 2761//1799
f 2762//1914 2764//1914 2765//1914
f 2764//1804 2766//1804 2765//1804
f 2745//1804 2766//1804 2764//1804
f 2744//1804 2745//1804 2764//1804
f 2745//1877 2760//1877 2766//1877
f 2766//1877 2760//1877 2763//1877
f 2766//1876 2763//1876 2767//1876
f 2766//1804 2767//1804 2765//1804
f 2765//1804 2767//1804 2768//1804
f 2768//1804 2767//1804 2770//1804
f 2769//111 2767//111 2771//111
f 2767//1804 2769//1804 2770//1804
f 2767//1876 2763//1876 2771//1876
f 2769//111 2771//111 2772//111
f 2772//1799 2771//1799 2774//1799
f 2771//1799 2763//1799 2773//1799
f 2771//1799 2773//1799 2774//1799
f 2772//1799 2774//1799 2775//1799
f 2774//1909 2768//1909 2770//1909
f 2774//1909 2770//1909 2775//1909
f 2773//1910 2768//1910 2774//1910
f 2775//1908 2770//1908 2776//1908
f 2775//1908 2776//1908 2777//1908
f 2772//1799 2775//1799 2777//1799
f 2778//1799 2777//1799 2712//1799
f 2777//1907 2776//1907 2712//1907
f 2778//1799 2772//1799 2777//1799
f 2267//1799 2778//1799 2712//1799
f 2267//1885 2268//1885 2778//1885
f 2268//2083 2779//2083 2778//2083
f 2778//1884 2779//1884 2772//1884
f 2779//1804 2268//1804 2699//1804
f 2779//1804 2699//1804 2704//1804
f 2779//1884 2769//1884 2772//1884
f 2769//1804 2779//1804 2704//1804
f 2776//1804 2769//1804 2704//1804
f 2776//1907 2704//1907 2712//1907
f 2770//1804 2769//1804 2776//1804
f 2773//1910 2765//1910 2768//1910
f 2762//1914 2765//1914 2773//1914
f 2763//1799 2762//1799 2773//1799
f 2745//1825 2747//1825 2760//1825
f 2752//1804 2750//1804 2282//1804
f 2751//1804 2752//1804 2282//1804
f 2134//1804 2751//1804 2096//1804
f 2096//1804 2751//1804 2282//1804
f 2750//1801 2742//1801 2780//1801
f 2750//1804 2780//1804 2282//1804
f 2780//1803 2741//1803 2279//1803
f 2780//1804 2279//1804 2282//1804
f 2780//1801 2742//1801 2741//1801
f 2279//1802 2741//1802 2740//1802
f 2781//1799 2740//1799 2281//1799
f 2781//1806 2280//1806 2740//1806
f 2280//1870 2279//1870 2740//1870
f 2266//1808 2271//1808 2781//1808
f 2266//1799 2781//1799 2281//1799
f 2271//1808 2280//1808 2781//1808
f 2736//1804 2282//1804 2285//1804
f 2285//1820 2284//1820 2735//1820
f 2284//1799 2281//1799 2735//1799
f 2730//1801 2725//1801 2724//1801
f 2730//1804 2724//1804 2727//1804
f 2717//1798 2727//1798 2312//1798
f 2727//1804 2722//1804 2312//1804
f 2724//1804 2722//1804 2727//1804
f 2314//111 2722//111 2719//111
f 2722//1804 2314//1804 2312//1804
f 2715//1918 2709//1918 2721//1918
f 2715//1918 2721//1918 2782//1918
f 2709//1804 2710//1804 2721//1804
f 2782//1917 2721//1917 2720//1917
f 2714//1799 2782//1799 2783//1799
f 2782//1917 2720//1917 2783//1917
f 2714//1799 2715//1799 2782//1799
f 2720//1919 2784//1919 2783//1919
f 2784//1919 2785//1919 2783//1919
f 2785//1799 2786//1799 2783//1799
f 2786//1799 2714//1799 2783//1799
f 2719//111 2714//111 2786//111
f 2787//1807 2788//1807 2786//1807
f 2787//1799 2786//1799 2785//1799
f 2788//1807 2719//1807 2786//1807
f 2789//1878 2788//1878 2787//1878
f 2788//1804 2789//1804 2790//1804
f 2719//1804 2788//1804 2784//1804
f 2788//1804 2790//1804 2784//1804
f 2784//1879 2790//1879 2785//1879
f 2790//1879 2791//1879 2785//1879
f 2790//1880 2667//1880 2791//1880
f 2789//1804 2667//1804 2790//1804
f 2791//1799 2787//1799 2785//1799
f 2667//1880 2792//1880 2791//1880
f 2792//1799 2793//1799 2791//1799
f 2793//1799 2787//1799 2791//1799
f 2793//1878 2789//1878 2787//1878
f 2794//1799 2793//1799 2792//1799
f 2795//1842 2789//1842 2793//1842
f 2794//1842 2795//1842 2793//1842
f 2796//1823 2795//1823 2794//1823
f 2796//1804 2668//1804 2795//1804
f 2795//1804 2668//1804 2789//1804
f 2686//1841 2796//1841 2657//1841
f 2657//1823 2796//1823 2794//1823
f 2686//1804 2668//1804 2796//1804
f 2798//1799 2794//1799 2797//1799
f 2797//1799 2794//1799 2792//1799
f 2657//1799 2794//1799 2798//1799
f 2663//1886 2661//1886 2798//1886
f 2663//1887 2798//1887 2797//1887
f 2661//1886 2655//1886 2798//1886
f 2655//1799 2657//1799 2798//1799
f 2666//1887 2663//1887 2797//1887
f 2666//1881 2797//1881 2792//1881
f 2667//1881 2666//1881 2792//1881
f 2789//1804 2668//1804 2667//1804
f 2719//1804 2784//1804 2720//1804
f 2313//1799 2719//1799 2718//1799
f 2318//1799 2719//1799 2313//1799
f 2316//1806 2314//1806 2719//1806
f 2318//1806 2316//1806 2719//1806
f 2717//1798 2312//1798 2718//1798
f 2312//1992 2313//1992 2718//1992
f 2704//1907 2709//1907 2715//1907
f 2712//1907 2704//1907 2715//1907
f 2707//1799 2705//1799 2712//1799
f 2705//1799 2700//1799 2712//1799
f 2700//1799 2267//1799 2712//1799
f 2702//1799 2700//1799 2705//1799
f 2697//1799 2700//1799 2702//1799
f 2692//1799 2697//1799 2702//1799
f 2699//1895 2799//1895 2700//1895
f 2799//1799 2267//1799 2700//1799
f 2800//1895 2799//1895 2699//1895
f 2801//1799 2267//1799 2799//1799
f 2800//1896 2801//1896 2799//1896
f 2801//1799 2269//1799 2267//1799
f 2802//1866 2803//1866 2801//1866
f 2802//1896 2801//1896 2800//1896
f 2801//1799 2803//1799 2269//1799
f 2803//1799 2250//1799 2269//1799
f 2249//1799 2250//1799 2803//1799
f 2263//1867 2249//1867 2803//1867
f 2263//1866 2803//1866 2802//1866
f 2263//1804 2802//1804 2268//1804
f 2268//1804 2802//1804 2800//1804
f 2268//1804 2800//1804 2699//1804
f 2693//1799 2697//1799 2692//1799
f 2286//1873 2672//1873 2695//1873
f 2695//1873 2672//1873 2692//1873
f 2286//1804 2690//1804 2292//1804
f 2690//1804 2687//1804 2292//1804
f 2292//1804 2687//1804 2685//1804
f 2804//1841 2686//1841 2657//1841
f 2685//1888 2686//1888 2804//1888
f 2656//1799 2664//1799 2804//1799
f 2656//1799 2804//1799 2657//1799
f 2664//1799 2670//1799 2804//1799
f 2670//1888 2685//1888 2804//1888
f 2292//1889 2685//1889 2670//1889
f 2672//4 2286//4 2671//4
f 2671//1889 2292//1889 2670//1889
f 2286//4 2292//4 2671//4
f 2661//1882 2658//1882 2655//1882
f 2642//1804 2640//1804 2653//1804
f 2637//1799 2805//1799 2327//1799
f 2637//1808 2636//1808 2805//1808
f 2805//1799 2328//1799 2327//1799
f 2805//1806 2806//1806 2328//1806
f 2636//1808 2806//1808 2805//1808
f 2806//1806 2306//1806 2328//1806
f 2306//1804 2806//1804 2304//1804
f 2806//1804 2636//1804 2304//1804
f 2209//1804 2210//1804 2359//1804
f 1603//1799 1605//1799 2353//1799
f 2353//1799 1605//1799 2351//1799
f 2351//1799 1605//1799 2347//1799
f 2809//1804 2075//1804 2350//1804
f 2807//1804 2808//1804 2350//1804
f 2807//1860 2350//1860 2810//1860
f 2808//1804 2809//1804 2350//1804
f 2350//2084 2346//2084 2343//2084
f 2810//2084 2350//2084 2343//2084
f 1605//1799 2810//1799 2347//1799
f 2347//1799 2810//1799 2343//1799
f 2811//1799 2812//1799 2810//1799
f 1605//1799 2811//1799 2810//1799
f 2812//2080 2813//2080 2810//2080
f 2813//1861 2807//1861 2810//1861
f 2812//1799 2233//1799 2813//1799
f 2814//1859 2807//1859 2813//1859
f 2233//1799 2234//1799 2813//1799
f 2234//1859 2814//1859 2813//1859
f 2814//1804 2235//1804 2807//1804
f 2815//1857 2814//1857 2234//1857
f 2237//1804 2235//1804 2814//1804
f 2815//1804 2236//1804 2814//1804
f 2236//1804 2237//1804 2814//1804
f 2127//1804 2236//1804 2815//1804
f 2127//1804 2815//1804 2816//1804
f 2232//1857 2815//1857 2234//1857
f 2815//1858 2232//1858 2816//1858
f 2127//1804 2816//1804 2272//1804
f 2816//1858 2232//1858 2246//1858
f 2816//1863 2246//1863 2272//1863
f 2811//1809 2809//1809 2812//1809
f 2809//1809 2808//1809 2812//1809
f 2812//1808 2808//1808 2233//1808
f 2818//1810 2809//1810 2811//1810
f 2817//1810 2818//1810 2811//1810
f 1605//1799 2817//1799 2811//1799
f 2819//1804 2075//1804 2818//1804
f 2818//1804 2075//1804 2809//1804
f 2819//1811 2818//1811 2817//1811
f 2821//1804 2075//1804 2819//1804
f 2821//1812 2819//1812 2820//1812
f 2820//1811 2819//1811 2817//1811
f 2822//1804 2075//1804 2821//1804
f 2182//1812 2821//1812 2820//1812
f 2123//4 2821//4 2182//4
f 2822//4 2821//4 2123//4
f 2076//1804 2075//1804 2822//1804
f 2076//1804 2822//1804 2122//1804
f 2822//1872 2123//1872 2122//1872
f 1605//1799 2182//1799 2820//1799
f 1605//1799 2820//1799 2817//1799
f 2235//1804 2808//1804 2807//1804
f 2808//1808 2235//1808 2233//1808
f 2344//1799 2347//1799 2343//1799
f 2343//1823 2346//1823 2329//1823
f 2344//1818 2225//1818 2340//1818
f 2223//1804 2220//1804 2344//1804
f 2220//1818 2225//1818 2344//1818
f 2225//1799 2222//1799 2340//1799
f 2306//1802 2331//1802 2328//1802
f 2307//1803 2331//1803 2306//1803
f 2304//1822 2327//1822 2303//1822
f 2303//1822 2327//1822 2325//1822
f 2326//1799 2296//1799 2290//1799
f 2326//1813 2295//1813 2296//1813
f 2305//1815 2295//1815 2326//1815
f 2303//2085 2325//2085 2324//2085
f 2301//2086 2324//2086 2323//2086
f 2301//2085 2303//2085 2324//2085
f 2300//2086 2301//2086 2323//2086
f 2298//1995 2310//1995 2315//1995
f 2296//1799 2292//1799 2290//1799
f 2296//1799 2286//1799 2292//1799
f 2296//1799 2294//1799 2286//1799
f 2286//1799 2294//1799 2284//1799
f 2288//1871 2823//1871 2294//1871
f 2294//1799 2823//1799 2284//1799
f 2823//1799 2281//1799 2284//1799
f 2278//1869 2281//1869 2823//1869
f 2278//1871 2823//1871 2288//1871
f 2265//1799 2266//1799 2281//1799
f 2824//1900 2273//1900 2241//1900
f 2824//1804 2272//1804 2273//1804
f 2129//1804 2272//1804 2824//1804
f 2129//1902 2824//1902 2245//1902
f 2245//1900 2824//1900 2241//1900
f 2127//1804 2272//1804 2129//1804
f 2250//1823 2241//1823 2269//1823
f 2245//1900 2241//1900 2250//1900
f 2242//1855 2157//1855 2149//1855
f 2204//1936 2205//1936 2239//1936
f 2127//1802 2136//1802 2236//1802
f 2220//1905 2219//1905 2225//1905
f 2211//1799 2217//1799 2216//1799
f 2196//1799 2201//1799 2211//1799
f 2201//1799 2204//1799 2211//1799
f 2193//1823 2190//1823 2196//1823
f 2194//1841 2188//1841 2193//1841
f 2185//1937 2188//1937 2194//1937
f 2187//1799 2184//1799 2194//1799
f 2184//1799 2825//1799 2194//1799
f 2825//1937 2185//1937 2194//1937
f 2184//1799 2171//1799 2825//1799
f 2182//1938 2185//1938 2825//1938
f 2171//1799 2169//1799 2825//1799
f 2169//1938 2182//1938 2825//1938
f 2188//1841 2190//1841 2193//1841
f 2123//4 2182//4 2169//4
f 1605//1799 2123//1799 2182//1799
f 2160//1804 2161//1804 2138//1804
f 2140//1903 2137//1903 2146//1903
f 2128//4 2130//4 2137//4
f 2136//1799 2131//1799 2133//1799
f 2127//1801 2131//1801 2136//1801
f 2133//1799 2131//1799 2095//1799
f 2131//1799 2097//1799 2095//1799
f 2034//4 2087//4 2033//4
f 2056//4 2057//4 2061//4
f 2054//111 2037//111 2039//111
f 2042//4 2029//4 2026//4
f 2017//111 2031//111 2015//111
f 2020//4 2007//4 2004//4
f 1995//111 2009//111 1991//111
f 1980//4 1978//4 1989//4
f 1983//2075 1637//2075 1632//2075
f 1983//1946 1973//1946 1637//1946
f 1594//1799 1634//1799 1584//1799
f 1634//2084 1596//2084 1584//2084
f 1629//1812 1609//1812 1627//1812
f 1624//4 1609//4 1629//4
f 1627//1811 1608//1811 1626//1811
f 1609//1812 1608//1812 1627//1812
f 1608//1811 1607//1811 1626//1811
f 1626//1810 1607//1810 1625//1810
f 1607//1810 1606//1810 1625//1810
f 1610//4 1609//4 1624//4
f 1613//1804 1602//1804 1619//1804
f 1618//1822 1574//1822 2826//1822
f 1554//1804 1618//1804 2826//1804
f 1554//1804 2826//1804 2827//1804
f 2827//2085 2826//2085 1572//2085
f 2826//1822 1574//1822 1573//1822
f 2826//2085 1573//2085 1572//2085
f 1554//1804 2827//1804 2828//1804
f 2828//2086 2827//2086 1571//2086
f 2827//2086 1572//2086 1571//2086
f 1554//1804 2828//1804 2829//1804
f 2828//1996 1571//1996 1570//1996
f 2829//1996 2828//1996 1570//1996
f 2830//1995 2829//1995 1569//1995
f 2829//1995 1570//1995 1569//1995
f 1554//1804 2829//1804 2830//1804
f 2830//1993 1569//1993 1543//1993
f 1554//1804 2830//1804 1543//1804
f 1599//1812 1600//1812 1614//1812
f 1596//2084 1593//2084 1584//2084
f 1585//1799 1594//1799 1584//1799
f 1593//1823 1587//1823 1576//1823
f 1584//1823 1593//1823 1576//1823
f 1587//1804 1583//1804 1581//1804
f 1587//1804 1581//1804 2831//1804
f 1587//1999 2831//1999 1577//1999
f 1576//1999 1587//1999 1577//1999
f 2831//1998 1565//1998 1567//1998
f 1577//1997 2831//1997 1567//1997
f 1565//1804 2831//1804 1554//1804
f 2831//1804 1581//1804 1554//1804
f 1581//1804 1580//1804 1554//1804
f 1543//1993 1569//1993 1550//1993
f 1550//1799 1535//1799 1527//1799
f 1526//1992 1550//1992 1527//1992
f 1543//1992 1550//1992 1526//1992
f 1535//1799 1528//1799 1527//1799
