# Blender v3.3.20 OBJ File: 'test12.blend'
# www.blender.org
v 0.027500 0.296490 0.044750
v 0.028094 0.295538 0.044750
v 0.027500 0.295490 0.044750
v 0.026989 0.296539 0.044750
v 0.027500 0.296490 0.045750
v 0.028011 0.296539 0.044750
v 0.026989 0.296539 0.045750
v 0.026328 0.295681 0.045750
v 0.026906 0.295538 0.045750
v 0.026497 0.296684 0.045750
v 0.026497 0.296684 0.044750
v 0.025781 0.295914 0.045750
v 0.026040 0.296919 0.045750
v 0.025277 0.296232 0.045750
v 0.024832 0.296627 0.045750
v 0.025637 0.297236 0.045750
v 0.026040 0.296919 0.044750
v 0.025781 0.295914 0.044750
v 0.025637 0.297236 0.044750
v 0.025277 0.296232 0.044750
v 0.024832 0.296627 0.044750
v 0.024455 0.297088 0.044750
v 0.025301 0.297624 0.044750
v 0.024455 0.297088 0.045750
v 0.025301 0.297624 0.045750
v 0.024157 0.297604 0.045750
v 0.024157 0.297604 0.044750
v 0.023946 0.298161 0.045750
v 0.025044 0.298069 0.045750
v 0.024876 0.298554 0.045750
v 0.025044 0.298069 0.044750
v 0.024876 0.298554 0.044750
v 0.023946 0.298161 0.044750
v 0.024803 0.299062 0.044750
v 0.024803 0.299062 0.045750
v 0.023827 0.298744 0.045750
v 0.023803 0.299339 0.045750
v 0.024827 0.299574 0.045750
v 0.024827 0.299574 0.044750
v 0.023875 0.299930 0.045750
v 0.024949 0.300073 0.045750
v 0.024040 0.300502 0.045750
v 0.023875 0.299930 0.044750
v 0.024040 0.300502 0.044750
v 0.024296 0.301040 0.045750
v 0.025162 0.300540 0.045750
v 0.024634 0.301530 0.045750
v 0.024296 0.301040 0.047750
v 0.022166 0.300740 0.045750
v 0.021800 0.301106 0.045750
v 0.021300 0.301240 0.045750
v 0.024625 0.301369 0.045750
v 0.024625 0.301369 0.047750
v 0.023800 0.299190 0.045750
v 0.022300 0.300240 0.045750
v 0.024296 0.301040 0.044750
v 0.022300 0.298140 0.045750
v 0.022201 0.297706 0.045750
v 0.024123 0.297047 0.045750
v 0.023696 0.297954 0.045750
v 0.022300 0.298140 0.042750
v 0.023508 0.298939 0.045750
v 0.022300 0.300240 0.042750
v 0.022166 0.297640 0.045750
v 0.022300 0.298140 0.047750
v 0.022166 0.297640 0.047750
v 0.024296 0.297340 0.047750
v 0.021800 0.297274 0.047750
v 0.021300 0.297140 0.047750
v 0.021800 0.297274 0.045750
v 0.017405 0.292702 0.047750
v 0.017405 0.292702 0.045750
v 0.015986 0.295809 0.047750
v 0.020800 0.297274 0.047750
v 0.019642 0.290121 0.047750
v 0.019642 0.290121 0.045750
v 0.024625 0.297011 0.047750
v 0.024625 0.287655 0.047750
v 0.022515 0.288275 0.047750
v 0.025650 0.295986 0.047750
v 0.025321 0.296315 0.045750
v 0.024625 0.297011 0.045750
v 0.024625 0.296315 0.045750
v 0.024296 0.297340 0.045750
v 0.021300 0.297140 0.045750
v 0.023800 0.299190 0.047750
v 0.015913 0.296315 0.045750
v 0.015500 0.299190 0.045750
v 0.020434 0.297640 0.045750
v 0.020800 0.297274 0.045750
v 0.020300 0.300240 0.045750
v 0.020300 0.298140 0.045750
v 0.015500 0.299190 0.047750
v 0.015986 0.295809 0.045750
v 0.020434 0.297640 0.047750
v 0.015500 0.302065 0.047750
v 0.020300 0.298140 0.047750
v 0.020300 0.300240 0.047750
v 0.020434 0.300740 0.047750
v 0.020434 0.300740 0.045750
v 0.020800 0.301106 0.047750
v 0.021300 0.301240 0.047750
v 0.020800 0.301106 0.045750
v 0.015500 0.328190 0.045750
v 0.024625 0.328190 0.045750
v 0.015500 0.331190 0.047750
v 0.015500 0.328690 0.045616
v 0.039500 0.329056 0.045250
v 0.015500 0.329056 0.045250
v 0.039500 0.328690 0.045616
v 0.039500 0.332190 0.047482
v 0.039500 0.328190 0.045750
v 0.039500 0.331190 0.047750
v 0.039500 0.299190 0.045750
v 0.039500 0.302065 0.047750
v 0.024625 0.331190 0.047750
v 0.029416 0.305790 0.047750
v 0.029050 0.306156 0.047750
v 0.028550 0.306290 0.047750
v 0.026450 0.306290 0.047750
v 0.026016 0.306191 0.045750
v 0.026016 0.306191 0.047750
v 0.026450 0.306290 0.045750
v 0.028550 0.306290 0.045750
v 0.029050 0.306156 0.045750
v 0.029416 0.305790 0.045750
v 0.033100 0.301106 0.045750
v 0.029550 0.305290 0.045750
v 0.029550 0.305290 0.047750
v 0.029350 0.302394 0.047750
v 0.029416 0.304790 0.047750
v 0.029050 0.304424 0.047750
v 0.029416 0.304790 0.045750
v 0.029050 0.304424 0.045750
v 0.032734 0.300740 0.045750
v 0.029350 0.302394 0.045750
v 0.028550 0.304290 0.045750
v 0.028550 0.304290 0.047750
v 0.032600 0.300240 0.045750
v 0.031200 0.299190 0.045750
v 0.032600 0.298140 0.045750
v 0.030704 0.301040 0.045750
v 0.032734 0.300740 0.047750
v 0.032600 0.300240 0.047750
v 0.032600 0.298140 0.047750
v 0.030704 0.301040 0.047750
v 0.029679 0.302065 0.047750
v 0.033100 0.301106 0.047750
v 0.033600 0.301240 0.047750
v 0.033600 0.301240 0.045750
v 0.034100 0.301106 0.047750
v 0.034100 0.301106 0.045750
v 0.034466 0.300740 0.047750
v 0.034466 0.300740 0.045750
v 0.034600 0.300240 0.047750
v 0.034600 0.298140 0.047750
v 0.039500 0.299190 0.047750
v 0.034600 0.300240 0.045750
v 0.034600 0.298140 0.045750
v 0.039087 0.296315 0.045750
v 0.034466 0.297640 0.045750
v 0.034466 0.297640 0.047750
v 0.037595 0.292702 0.047750
v 0.034100 0.297274 0.047750
v 0.039014 0.295809 0.047750
v 0.039014 0.295809 0.045750
v 0.037595 0.292702 0.045750
v 0.029679 0.296315 0.045750
v 0.029350 0.295986 0.045750
v 0.035358 0.290121 0.045750
v 0.029350 0.295986 0.047750
v 0.030704 0.297340 0.047750
v 0.030704 0.297340 0.045750
v 0.033600 0.297140 0.045750
v 0.033100 0.297274 0.045750
v 0.032734 0.297640 0.045750
v 0.032734 0.297640 0.047750
v 0.031200 0.299190 0.047750
v 0.033100 0.297274 0.047750
v 0.029050 0.293856 0.047750
v 0.026450 0.293990 0.047750
v 0.025950 0.293856 0.047750
v 0.028550 0.293990 0.047750
v 0.033600 0.297140 0.047750
v 0.029416 0.293490 0.047750
v 0.034100 0.297274 0.045750
v 0.029050 0.293856 0.045750
v 0.029550 0.292990 0.047750
v 0.029416 0.293490 0.045750
v 0.029550 0.292990 0.045750
v 0.027500 0.295490 0.045750
v 0.032485 0.288275 0.045750
v 0.029208 0.287312 0.045750
v 0.032485 0.288275 0.047750
v 0.029050 0.292124 0.045750
v 0.029208 0.287312 0.047750
v 0.028550 0.291990 0.045750
v 0.029416 0.292490 0.045750
v 0.029050 0.292124 0.047750
v 0.029416 0.292490 0.047750
v 0.035358 0.290121 0.047750
v 0.028550 0.291990 0.047750
v 0.025792 0.287312 0.047750
v 0.026450 0.291990 0.047750
v 0.025950 0.292124 0.047750
v 0.026450 0.291990 0.045750
v 0.025792 0.287312 0.045750
v 0.025950 0.292124 0.045750
v 0.025896 0.289320 0.045750
v 0.027500 0.289190 0.045750
v 0.026450 0.291990 0.042750
v 0.028550 0.291990 0.042750
v 0.024475 0.289670 0.045750
v 0.026016 0.292089 0.045750
v 0.026016 0.292089 0.042750
v 0.025668 0.292367 0.045750
v 0.025668 0.292367 0.042750
v 0.025475 0.292768 0.045750
v 0.024475 0.296165 0.045750
v 0.025475 0.293213 0.045750
v 0.025475 0.292768 0.042750
v 0.024475 0.296165 0.042750
v 0.024475 0.289670 0.042750
v 0.025475 0.293213 0.042750
v 0.025668 0.293614 0.042750
v 0.025668 0.293614 0.045750
v 0.026016 0.293891 0.045750
v 0.024912 0.296165 0.045750
v 0.024912 0.296165 0.042750
v 0.025573 0.295685 0.042750
v 0.025573 0.295685 0.045750
v 0.024762 0.296274 0.045750
v 0.024762 0.296274 0.042750
v 0.024475 0.296621 0.045750
v 0.024475 0.296621 0.042750
v 0.021923 0.297358 0.042750
v 0.022201 0.297706 0.042750
v 0.024123 0.297047 0.042750
v 0.023696 0.297954 0.042750
v 0.023508 0.298939 0.042750
v 0.023571 0.299940 0.042750
v 0.023571 0.299940 0.045750
v 0.022201 0.300674 0.045750
v 0.023881 0.300893 0.045750
v 0.023881 0.300893 0.042750
v 0.024418 0.301740 0.045750
v 0.024475 0.308689 0.045750
v 0.024418 0.301740 0.042750
v 0.024475 0.301793 0.045750
v 0.024475 0.301793 0.042750
v 0.025668 0.304767 0.045750
v 0.025149 0.302426 0.045750
v 0.026016 0.304489 0.045750
v 0.025475 0.305168 0.045750
v 0.025475 0.305613 0.045750
v 0.025668 0.304767 0.042750
v 0.025475 0.305168 0.042750
v 0.024475 0.308689 0.042750
v 0.025475 0.305613 0.042750
v 0.025668 0.306014 0.042750
v 0.025668 0.306014 0.045750
v 0.026016 0.306291 0.045750
v 0.025107 0.308900 0.045750
v 0.025107 0.308900 0.042750
v 0.026695 0.309158 0.045750
v 0.026450 0.306390 0.045750
v 0.027500 0.309190 0.042750
v 0.026695 0.309158 0.042750
v 0.027500 0.309190 0.045750
v 0.028550 0.306390 0.045750
v 0.028305 0.309158 0.045750
v 0.028305 0.309158 0.042750
v 0.029893 0.308900 0.042750
v 0.028550 0.306390 0.042750
v 0.029893 0.308900 0.045750
v 0.028984 0.306291 0.042750
v 0.029332 0.306014 0.045750
v 0.028984 0.306291 0.045750
v 0.029332 0.306014 0.042750
v 0.029525 0.305613 0.042750
v 0.031420 0.308390 0.042750
v 0.029525 0.305613 0.045750
v 0.035246 0.305515 0.045750
v 0.034131 0.306675 0.045750
v 0.032845 0.307642 0.045750
v 0.029525 0.305168 0.045750
v 0.033477 0.301215 0.045750
v 0.033077 0.301022 0.042750
v 0.033477 0.301215 0.042750
v 0.033077 0.301022 0.045750
v 0.029332 0.304767 0.045750
v 0.033923 0.301215 0.045750
v 0.036160 0.304190 0.045750
v 0.034323 0.301022 0.045750
v 0.033923 0.301215 0.042750
v 0.034131 0.306675 0.042750
v 0.034323 0.301022 0.042750
v 0.035246 0.305515 0.042750
v 0.036160 0.304190 0.042750
v 0.036850 0.302736 0.045750
v 0.036850 0.302736 0.042750
v 0.037298 0.301190 0.045750
v 0.034601 0.300674 0.042750
v 0.037298 0.301190 0.042750
v 0.034700 0.300240 0.042750
v 0.037492 0.299593 0.042750
v 0.037492 0.299593 0.045750
v 0.034700 0.300240 0.045750
v 0.037427 0.297985 0.045750
v 0.034700 0.298140 0.045750
v 0.034601 0.297706 0.045750
v 0.037105 0.296408 0.045750
v 0.034700 0.298140 0.042750
v 0.037427 0.297985 0.042750
v 0.034601 0.297706 0.042750
v 0.034323 0.297358 0.045750
v 0.037105 0.296408 0.042750
v 0.034323 0.297358 0.042750
v 0.037013 0.296165 0.042750
v 0.033923 0.297165 0.042750
v 0.033923 0.297165 0.045750
v 0.037013 0.296165 0.045750
v 0.033477 0.297165 0.045750
v 0.033477 0.297165 0.042750
v 0.030088 0.296165 0.045750
v 0.033077 0.297358 0.045750
v 0.033077 0.297358 0.042750
v 0.030238 0.296274 0.045750
v 0.032799 0.297706 0.045750
v 0.032799 0.297706 0.042750
v 0.031492 0.298939 0.045750
v 0.030877 0.297047 0.045750
v 0.031304 0.297954 0.045750
v 0.032700 0.298140 0.045750
v 0.032700 0.298140 0.042750
v 0.032700 0.300240 0.045750
v 0.031429 0.299940 0.045750
v 0.031429 0.299940 0.042750
v 0.031119 0.300893 0.042750
v 0.031119 0.300893 0.045750
v 0.030582 0.301740 0.042750
v 0.032799 0.300674 0.045750
v 0.030582 0.301740 0.045750
v 0.029851 0.302426 0.042750
v 0.029851 0.302426 0.045750
v 0.028973 0.302909 0.042750
v 0.028984 0.304489 0.045750
v 0.028973 0.302909 0.045750
v 0.028001 0.303159 0.042750
v 0.028550 0.304390 0.045750
v 0.028001 0.303159 0.045750
v 0.027500 0.303190 0.042750
v 0.027500 0.303190 0.045750
v 0.026999 0.303159 0.042750
v 0.026999 0.303159 0.045750
v 0.026450 0.304390 0.045750
v 0.026028 0.302909 0.042750
v 0.026028 0.302909 0.045750
v 0.025149 0.302426 0.042750
v 0.026016 0.304489 0.042750
v 0.026450 0.304390 0.042750
v 0.028550 0.304390 0.042750
v 0.028984 0.304489 0.042750
v 0.029332 0.304767 0.042750
v 0.032799 0.300674 0.042750
v 0.029525 0.305168 0.042750
v 0.032700 0.300240 0.042750
v 0.031492 0.298939 0.042750
v 0.031304 0.297954 0.042750
v 0.030877 0.297047 0.042750
v 0.030238 0.296274 0.042750
v 0.030088 0.296165 0.042750
v 0.029332 0.293614 0.042750
v 0.028984 0.293891 0.042750
v 0.029427 0.295685 0.045750
v 0.029427 0.295685 0.042750
v 0.028495 0.295316 0.042750
v 0.028495 0.295316 0.045750
v 0.027500 0.295190 0.045750
v 0.026450 0.293990 0.045750
v 0.028550 0.293990 0.045750
v 0.028984 0.293891 0.045750
v 0.029332 0.293614 0.045750
v 0.028550 0.293990 0.042750
v 0.026450 0.293990 0.042750
v 0.027500 0.295190 0.042750
v 0.026505 0.295316 0.042750
v 0.026505 0.295316 0.045750
v 0.026016 0.293891 0.042750
v 0.029525 0.293213 0.045750
v 0.036535 0.294903 0.045750
v 0.035730 0.293510 0.045750
v 0.036535 0.294903 0.042750
v 0.035730 0.293510 0.042750
v 0.029525 0.293213 0.042750
v 0.029525 0.292768 0.042750
v 0.029525 0.292768 0.045750
v 0.033507 0.291196 0.045750
v 0.029332 0.292367 0.045750
v 0.034712 0.292263 0.045750
v 0.034712 0.292263 0.042750
v 0.033507 0.291196 0.042750
v 0.032147 0.290336 0.042750
v 0.032147 0.290336 0.045750
v 0.029332 0.292367 0.042750
v 0.028984 0.292089 0.042750
v 0.028984 0.292089 0.045750
v 0.030667 0.289705 0.045750
v 0.029104 0.289320 0.045750
v 0.029104 0.289320 0.042750
v 0.030667 0.289705 0.042750
v 0.027500 0.289190 0.042750
v 0.025896 0.289320 0.042750
v 0.025650 0.295986 0.045750
v 0.025950 0.293856 0.045750
v 0.025584 0.293490 0.045750
v 0.025450 0.292990 0.045750
v 0.025584 0.293490 0.047750
v 0.025450 0.292990 0.047750
v 0.025584 0.292490 0.045750
v 0.025584 0.292490 0.047750
v 0.024625 0.287655 0.045750
v 0.022515 0.288275 0.045750
v 0.034601 0.300674 0.045750
v 0.032845 0.307642 0.042750
v 0.031420 0.308390 0.045750
v 0.026450 0.306390 0.042750
v 0.026016 0.306291 0.042750
v 0.021923 0.301022 0.042750
v 0.023580 0.308390 0.042750
v 0.023580 0.308390 0.045750
v 0.022155 0.307642 0.045750
v 0.022155 0.307642 0.042750
v 0.021523 0.301215 0.045750
v 0.021077 0.301215 0.042750
v 0.021077 0.301215 0.045750
v 0.021523 0.301215 0.042750
v 0.021923 0.301022 0.045750
v 0.020869 0.306675 0.045750
v 0.019754 0.305515 0.042750
v 0.019754 0.305515 0.045750
v 0.020869 0.306675 0.042750
v 0.020677 0.301022 0.045750
v 0.018840 0.304190 0.045750
v 0.018840 0.304190 0.042750
v 0.018150 0.302736 0.042750
v 0.020677 0.301022 0.042750
v 0.020399 0.300674 0.042750
v 0.020300 0.300240 0.042750
v 0.020399 0.300674 0.045750
v 0.017702 0.301190 0.042750
v 0.017508 0.299593 0.042750
v 0.017702 0.301190 0.045750
v 0.018150 0.302736 0.045750
v 0.017508 0.299593 0.045750
v 0.017573 0.297985 0.045750
v 0.017573 0.297985 0.042750
v 0.020300 0.298140 0.042750
v 0.017895 0.296408 0.042750
v 0.017987 0.296165 0.042750
v 0.017987 0.296165 0.045750
v 0.020399 0.297706 0.042750
v 0.017895 0.296408 0.045750
v 0.020677 0.297358 0.045750
v 0.020399 0.297706 0.045750
v 0.020677 0.297358 0.042750
v 0.021077 0.297165 0.042750
v 0.021077 0.297165 0.045750
v 0.021523 0.297165 0.042750
v 0.021523 0.297165 0.045750
v 0.021923 0.297358 0.045750
v 0.018465 0.294903 0.045750
v 0.019270 0.293510 0.042750
v 0.018465 0.294903 0.042750
v 0.019270 0.293510 0.045750
v 0.020288 0.292263 0.045750
v 0.020288 0.292263 0.042750
v 0.021493 0.291196 0.042750
v 0.021493 0.291196 0.045750
v 0.022853 0.290336 0.042750
v 0.024333 0.289705 0.042750
v 0.022853 0.290336 0.045750
v 0.024333 0.289705 0.045750
v 0.022201 0.300674 0.042750
v 0.027500 0.295490 0.047750
v 0.028011 0.296539 0.045750
v 0.028094 0.295538 0.045750
v 0.028672 0.295681 0.044750
v 0.028503 0.296684 0.045750
v 0.028672 0.295681 0.045750
v 0.029219 0.295914 0.044750
v 0.029219 0.295914 0.045750
v 0.029723 0.296232 0.044750
v 0.028960 0.296919 0.045750
v 0.029723 0.296232 0.045750
v 0.029363 0.297236 0.045750
v 0.030168 0.296627 0.044750
v 0.030168 0.296627 0.045750
v 0.030545 0.297088 0.044750
v 0.029699 0.297624 0.045750
v 0.030545 0.297088 0.045750
v 0.030843 0.297604 0.044750
v 0.029956 0.298069 0.045750
v 0.030843 0.297604 0.045750
v 0.031054 0.298161 0.044750
v 0.030124 0.298554 0.045750
v 0.031054 0.298161 0.045750
v 0.031173 0.298744 0.044750
v 0.030197 0.299062 0.045750
v 0.031173 0.298744 0.045750
v 0.031197 0.299339 0.045750
v 0.031197 0.299339 0.044750
v 0.030173 0.299574 0.044750
v 0.031125 0.299930 0.044750
v 0.030197 0.299062 0.044750
v 0.030124 0.298554 0.044750
v 0.029956 0.298069 0.044750
v 0.029699 0.297624 0.044750
v 0.029363 0.297236 0.044750
v 0.028960 0.296919 0.044750
v 0.028503 0.296684 0.044750
v 0.031125 0.299930 0.045750
v 0.030960 0.300502 0.044750
v 0.030052 0.300073 0.044750
v 0.030960 0.300502 0.045750
v 0.030704 0.301040 0.044750
v 0.029838 0.300540 0.044750
v 0.030366 0.301530 0.044750
v 0.029541 0.300958 0.044750
v 0.029954 0.301960 0.044750
v 0.030366 0.301530 0.045750
v 0.029541 0.300958 0.045750
v 0.029954 0.301960 0.045750
v 0.029169 0.301312 0.045750
v 0.028737 0.301590 0.044750
v 0.029478 0.302317 0.045750
v 0.028737 0.301590 0.045750
v 0.029169 0.301312 0.044750
v 0.029478 0.302317 0.044750
v 0.028950 0.302594 0.044750
v 0.028950 0.302594 0.045750
v 0.028385 0.302783 0.044750
v 0.028261 0.301781 0.044750
v 0.027798 0.302878 0.044750
v 0.028385 0.302783 0.045750
v 0.027757 0.301878 0.045750
v 0.027798 0.302878 0.045750
v 0.028261 0.301781 0.045750
v 0.027757 0.301878 0.044750
v 0.027500 0.301890 0.044750
v 0.027500 0.302890 0.044750
v 0.027500 0.302890 0.045750
v 0.027202 0.302878 0.045750
v 0.027202 0.302878 0.044750
v 0.026615 0.302783 0.044750
v 0.027243 0.301878 0.044750
v 0.026739 0.301781 0.044750
v 0.027243 0.301878 0.045750
v 0.027500 0.301890 0.045750
v 0.026739 0.301781 0.045750
v 0.026263 0.301590 0.044750
v 0.026263 0.301590 0.045750
v 0.026615 0.302783 0.045750
v 0.026050 0.302594 0.045750
v 0.026050 0.302594 0.044750
v 0.025522 0.302317 0.044750
v 0.025046 0.301960 0.044750
v 0.025831 0.301312 0.044750
v 0.025522 0.302317 0.045750
v 0.025831 0.301312 0.045750
v 0.025046 0.301960 0.045750
v 0.024634 0.301530 0.044750
v 0.025459 0.300958 0.045750
v 0.025162 0.300540 0.044750
v 0.025459 0.300958 0.044750
v 0.024949 0.300073 0.044750
v 0.025650 0.302394 0.045750
v 0.026450 0.304290 0.045750
v 0.027500 0.302890 0.047750
v 0.025650 0.302394 0.047750
v 0.024625 0.302065 0.047750
v 0.025475 0.305068 0.047750
v 0.026016 0.304389 0.047750
v 0.025668 0.304667 0.047750
v 0.026450 0.304290 0.047750
v 0.025321 0.302065 0.047750
v 0.025668 0.304667 0.045750
v 0.026016 0.304389 0.045750
v 0.025475 0.305068 0.045750
v 0.025475 0.305513 0.045750
v 0.025475 0.305513 0.047750
v 0.025668 0.305914 0.047750
v 0.025668 0.305914 0.045750
v 0.022300 0.300240 0.047750
v 0.022166 0.300740 0.047750
v 0.021800 0.301106 0.047750
v 0.029838 0.300540 0.045750
v 0.030052 0.300073 0.045750
v 0.030173 0.299574 0.045750
v 0.015500 0.332190 0.047482
v 0.015500 0.332922 0.046750
v 0.039500 0.332922 0.046750
v 0.039500 0.329190 0.044750
v 0.039500 0.333190 0.045750
v 0.015500 0.333190 0.045750
v 0.039500 0.333190 0.041750
v 0.039500 0.329190 0.041750
v 0.015500 0.333190 0.041750
v 0.039200 0.339490 0.041750
v 0.043090 0.329680 0.041750
v 0.045878 0.331100 0.041750
v 0.040000 0.329190 0.041750
v 0.039500 0.329190 0.013750
v 0.015500 0.329190 0.013750
v 0.040000 0.329190 0.013750
v 0.043090 0.329680 0.013750
v 0.039500 0.333190 0.013750
v 0.045878 0.331100 0.013750
v 0.048090 0.333312 0.013750
v 0.039200 0.339490 0.013750
v 0.049511 0.336100 0.013750
v 0.015800 0.339490 0.041750
v 0.050000 0.339190 0.013750
v 0.050000 0.384190 0.013750
v 0.039200 0.383890 0.013750
v 0.026613 0.371553 0.013750
v 0.027801 0.371408 0.013750
v 0.028920 0.371833 0.013750
v 0.029714 0.372728 0.013750
v 0.015800 0.339490 0.013750
v 0.009122 0.331100 0.013750
v 0.015500 0.333190 0.013750
v 0.006910 0.333312 0.013750
v 0.015800 0.383890 0.013750
v 0.005489 0.336100 0.013750
v 0.005000 0.339190 0.013750
v 0.015800 0.383890 0.041750
v 0.025073 0.373292 0.013750
v 0.025629 0.372232 0.013750
v 0.026613 0.371553 0.008750
v 0.025629 0.372232 0.008750
v 0.027500 0.373890 0.008750
v 0.025073 0.373292 0.008750
v 0.025073 0.374488 0.013750
v 0.025073 0.374488 0.008750
v 0.025629 0.375548 0.008750
v 0.025629 0.375548 0.013750
v 0.026613 0.376228 0.013750
v 0.027801 0.376372 0.013750
v 0.026613 0.376228 0.008750
v 0.027801 0.376372 0.008750
v 0.028920 0.375948 0.008750
v 0.028920 0.375948 0.013750
v 0.029714 0.375052 0.013750
v 0.029714 0.375052 0.008750
v 0.030000 0.373890 0.013750
v 0.030000 0.373890 0.008750
v 0.029714 0.372728 0.008750
v 0.028920 0.371833 0.008750
v 0.027801 0.371408 0.008750
v 0.039200 0.383890 0.041750
v 0.026613 0.376228 0.041750
v 0.025073 0.374488 0.041750
v 0.025629 0.375548 0.041750
v 0.011910 0.393701 0.041750
v 0.009122 0.392280 0.041750
v 0.006910 0.390068 0.041750
v 0.040000 0.394190 0.041750
v 0.015000 0.394190 0.041750
v 0.005489 0.387280 0.041750
v 0.025073 0.373292 0.041750
v 0.005000 0.384190 0.041750
v 0.005000 0.339190 0.041750
v 0.005000 0.384190 0.013750
v 0.005489 0.387280 0.013750
v 0.006910 0.390068 0.013750
v 0.009122 0.392280 0.013750
v 0.011910 0.393701 0.013750
v 0.015000 0.394190 0.013750
v 0.040000 0.394190 0.013750
v 0.043090 0.393701 0.013750
v 0.043090 0.393701 0.041750
v 0.045878 0.392280 0.041750
v 0.045878 0.392280 0.013750
v 0.048090 0.390068 0.041750
v 0.048090 0.390068 0.013750
v 0.049511 0.387280 0.041750
v 0.050000 0.384190 0.041750
v 0.049511 0.387280 0.013750
v 0.050000 0.339190 0.041750
v 0.049511 0.336100 0.041750
v 0.048090 0.333312 0.041750
v 0.005489 0.336100 0.041750
v 0.006910 0.333312 0.041750
v 0.009122 0.331100 0.041750
v 0.011910 0.329680 0.041750
v 0.011910 0.329680 0.013750
v 0.015000 0.329190 0.013750
v 0.015000 0.329190 0.041750
v 0.015500 0.329190 0.041750
v 0.015500 0.329190 0.044750
v 0.025629 0.372232 0.041750
v 0.025073 0.374488 0.046750
v 0.025073 0.373292 0.046750
v 0.027500 0.373890 0.046750
v 0.025629 0.372232 0.046750
v 0.026613 0.371553 0.041750
v 0.026613 0.371553 0.046750
v 0.027801 0.371408 0.046750
v 0.027801 0.371408 0.041750
v 0.028920 0.371833 0.041750
v 0.029714 0.372728 0.041750
v 0.028920 0.371833 0.046750
v 0.029714 0.372728 0.046750
v 0.030000 0.373890 0.046750
v 0.030000 0.373890 0.041750
v 0.029714 0.375052 0.041750
v 0.029714 0.375052 0.046750
v 0.028920 0.375948 0.041750
v 0.027801 0.376372 0.041750
v 0.028920 0.375948 0.046750
v 0.027801 0.376372 0.046750
v 0.026613 0.376228 0.046750
v 0.025629 0.375548 0.046750
v 0.015500 0.329190 0.010250
v 0.015500 0.333190 0.009250
v 0.039500 0.333190 0.009250
v 0.039500 0.329190 0.010250
v 0.039500 0.332922 0.008250
v 0.015500 0.332922 0.008250
v 0.039500 0.332190 0.007518
v 0.039500 0.329056 0.009750
v 0.039500 0.331190 0.007250
v 0.039500 0.328690 0.009384
v 0.015500 0.329056 0.009750
v 0.015500 0.328690 0.009384
v 0.015500 0.332190 0.007518
v 0.015500 0.331190 0.007250
v 0.024475 0.331190 0.007250
v 0.022166 0.300740 0.007250
v 0.021800 0.301106 0.007250
v 0.024475 0.301629 0.007250
v 0.021300 0.301240 0.007250
v 0.025475 0.305513 0.007250
v 0.025668 0.305914 0.007250
v 0.026016 0.306191 0.007250
v 0.028550 0.306290 0.007250
v 0.026450 0.306290 0.007250
v 0.028550 0.306290 0.009250
v 0.026450 0.306290 0.009250
v 0.024475 0.328190 0.009250
v 0.026016 0.306191 0.009250
v 0.025668 0.305914 0.009250
v 0.025475 0.305513 0.009250
v 0.025475 0.305068 0.007250
v 0.025475 0.305068 0.009250
v 0.025500 0.302654 0.009250
v 0.025668 0.304667 0.007250
v 0.025668 0.304667 0.009250
v 0.026016 0.304389 0.007250
v 0.026016 0.304389 0.009250
v 0.026450 0.304290 0.007250
v 0.026450 0.304290 0.009250
v 0.028550 0.304290 0.007250
v 0.028550 0.304290 0.009250
v 0.027500 0.303190 0.009250
v 0.025500 0.302654 0.007250
v 0.029500 0.302654 0.009250
v 0.026450 0.304390 0.009250
v 0.026999 0.303159 0.009250
v 0.028001 0.303159 0.009250
v 0.028001 0.303159 0.012250
v 0.027500 0.303190 0.012250
v 0.027500 0.303190 0.007250
v 0.029500 0.302654 0.007250
v 0.030964 0.301190 0.007250
v 0.030964 0.301190 0.009250
v 0.032734 0.297640 0.009250
v 0.031500 0.299190 0.009250
v 0.029550 0.305290 0.009250
v 0.029416 0.304790 0.009250
v 0.029050 0.304424 0.009250
v 0.029550 0.305290 0.007250
v 0.029416 0.304790 0.007250
v 0.034223 0.301022 0.007250
v 0.029050 0.304424 0.007250
v 0.039500 0.299190 0.007250
v 0.039065 0.296165 0.007250
v 0.034501 0.300674 0.007250
v 0.039500 0.299190 0.009250
v 0.034600 0.298140 0.007250
v 0.034600 0.300240 0.007250
v 0.039500 0.328190 0.009250
v 0.034223 0.301022 0.009250
v 0.033377 0.301215 0.009250
v 0.033823 0.301215 0.009250
v 0.029416 0.305790 0.009250
v 0.029050 0.306156 0.009250
v 0.029050 0.306156 0.007250
v 0.029416 0.305790 0.007250
v 0.033377 0.301215 0.007250
v 0.033823 0.301215 0.007250
v 0.032977 0.301022 0.007250
v 0.032977 0.301022 0.009250
v 0.032699 0.300674 0.007250
v 0.032699 0.300674 0.009250
v 0.032600 0.300240 0.007250
v 0.030964 0.297190 0.007250
v 0.031500 0.299190 0.007250
v 0.032600 0.298140 0.007250
v 0.032600 0.300240 0.009250
v 0.032600 0.298140 0.009250
v 0.032734 0.297640 0.007250
v 0.033100 0.297274 0.007250
v 0.029939 0.296165 0.007250
v 0.033600 0.297140 0.007250
v 0.033100 0.297274 0.009250
v 0.029939 0.296165 0.009250
v 0.030964 0.297190 0.009250
v 0.033600 0.297140 0.009250
v 0.039065 0.296165 0.009250
v 0.034100 0.297274 0.009250
v 0.034100 0.297274 0.007250
v 0.034466 0.297640 0.007250
v 0.034466 0.297640 0.009250
v 0.034600 0.298140 0.009250
v 0.034600 0.300240 0.009250
v 0.034501 0.300674 0.009250
v 0.029050 0.293856 0.009250
v 0.029416 0.293490 0.009250
v 0.039014 0.295809 0.007250
v 0.039014 0.295809 0.009250
v 0.037595 0.292702 0.009250
v 0.029550 0.292990 0.009250
v 0.029550 0.292990 0.007250
v 0.035358 0.290121 0.009250
v 0.029416 0.293490 0.007250
v 0.029416 0.292490 0.009250
v 0.029050 0.292124 0.009250
v 0.032485 0.288275 0.009250
v 0.029416 0.292490 0.007250
v 0.032485 0.288275 0.007250
v 0.029050 0.292124 0.007250
v 0.028550 0.291990 0.007250
v 0.028550 0.291990 0.009250
v 0.029208 0.287312 0.009250
v 0.025792 0.287312 0.009250
v 0.027500 0.289190 0.009250
v 0.029104 0.289320 0.009250
v 0.026450 0.291990 0.012250
v 0.028550 0.291990 0.012250
v 0.030667 0.289705 0.009250
v 0.028984 0.292089 0.009250
v 0.026450 0.291990 0.009250
v 0.026450 0.291990 0.007250
v 0.024475 0.287699 0.009250
v 0.025896 0.289320 0.009250
v 0.026016 0.292089 0.009250
v 0.026016 0.292089 0.012250
v 0.025950 0.292124 0.009250
v 0.025584 0.292490 0.009250
v 0.025950 0.292124 0.007250
v 0.025792 0.287312 0.007250
v 0.024475 0.287699 0.007250
v 0.025584 0.292490 0.007250
v 0.025450 0.292990 0.007250
v 0.025450 0.292990 0.009250
v 0.025500 0.295726 0.009250
v 0.025584 0.293490 0.009250
v 0.025950 0.293856 0.009250
v 0.025584 0.293490 0.007250
v 0.025950 0.293856 0.007250
v 0.024475 0.296165 0.007250
v 0.022515 0.288275 0.007250
v 0.024475 0.296751 0.007250
v 0.019642 0.290121 0.007250
v 0.017405 0.292702 0.007250
v 0.015986 0.295809 0.007250
v 0.025061 0.296165 0.007250
v 0.021800 0.297274 0.007250
v 0.015935 0.296165 0.007250
v 0.021300 0.297140 0.007250
v 0.022166 0.297640 0.007250
v 0.024036 0.297190 0.007250
v 0.024036 0.297190 0.009250
v 0.023500 0.299190 0.009250
v 0.023500 0.299190 0.007250
v 0.022300 0.298140 0.007250
v 0.024036 0.301190 0.007250
v 0.024036 0.301190 0.009250
v 0.022300 0.300240 0.009250
v 0.022166 0.300740 0.009250
v 0.024475 0.301629 0.009250
v 0.021800 0.301106 0.009250
v 0.021300 0.301240 0.009250
v 0.020800 0.301106 0.009250
v 0.020800 0.301106 0.007250
v 0.020434 0.300740 0.007250
v 0.015500 0.299190 0.007250
v 0.015935 0.296165 0.009250
v 0.020300 0.300240 0.007250
v 0.015500 0.299190 0.009250
v 0.020300 0.298140 0.009250
v 0.020300 0.300240 0.009250
v 0.015500 0.328190 0.009250
v 0.020434 0.300740 0.009250
v 0.020300 0.298140 0.007250
v 0.017702 0.301190 0.009250
v 0.020399 0.300674 0.009250
v 0.017508 0.299593 0.009250
v 0.020300 0.300240 0.012250
v 0.020399 0.300674 0.012250
v 0.017702 0.301190 0.012250
v 0.020677 0.301022 0.012250
v 0.018150 0.302736 0.012250
v 0.018150 0.302736 0.009250
v 0.018840 0.304190 0.012250
v 0.018840 0.304190 0.009250
v 0.019754 0.305515 0.012250
v 0.021077 0.301215 0.012250
v 0.020869 0.306675 0.012250
v 0.019754 0.305515 0.009250
v 0.021077 0.301215 0.009250
v 0.020869 0.306675 0.009250
v 0.021523 0.301215 0.009250
v 0.021923 0.301022 0.009250
v 0.021923 0.301022 0.012250
v 0.023580 0.308390 0.009250
v 0.021523 0.301215 0.012250
v 0.022155 0.307642 0.009250
v 0.023580 0.308390 0.012250
v 0.022155 0.307642 0.012250
v 0.024475 0.308689 0.009250
v 0.024475 0.308689 0.012250
v 0.022201 0.300674 0.012250
v 0.025668 0.306014 0.012250
v 0.025475 0.305168 0.012250
v 0.025475 0.305613 0.012250
v 0.025107 0.308900 0.012250
v 0.024418 0.301740 0.012250
v 0.024475 0.301793 0.012250
v 0.025107 0.308900 0.009250
v 0.026450 0.306390 0.009250
v 0.026695 0.309158 0.012250
v 0.026695 0.309158 0.009250
v 0.026016 0.306291 0.009250
v 0.025668 0.306014 0.009250
v 0.026016 0.306291 0.012250
v 0.026450 0.306390 0.012250
v 0.028550 0.306390 0.012250
v 0.027500 0.309190 0.012250
v 0.027500 0.309190 0.009250
v 0.028305 0.309158 0.012250
v 0.028305 0.309158 0.009250
v 0.028984 0.306291 0.009250
v 0.029893 0.308900 0.009250
v 0.028550 0.306390 0.009250
v 0.029893 0.308900 0.012250
v 0.031420 0.308390 0.012250
v 0.028984 0.306291 0.012250
v 0.029332 0.306014 0.012250
v 0.029332 0.306014 0.009250
v 0.032845 0.307642 0.012250
v 0.029525 0.305613 0.012250
v 0.033477 0.301215 0.012250
v 0.035246 0.305515 0.012250
v 0.029525 0.305613 0.009250
v 0.034131 0.306675 0.012250
v 0.029525 0.305168 0.012250
v 0.029332 0.304767 0.012250
v 0.029525 0.305168 0.009250
v 0.033477 0.301215 0.009250
v 0.029332 0.304767 0.009250
v 0.031420 0.308390 0.009250
v 0.032845 0.307642 0.009250
v 0.034131 0.306675 0.009250
v 0.033923 0.301215 0.009250
v 0.035246 0.305515 0.009250
v 0.034323 0.301022 0.009250
v 0.036160 0.304190 0.009250
v 0.036160 0.304190 0.012250
v 0.036850 0.302736 0.012250
v 0.034323 0.301022 0.012250
v 0.033923 0.301215 0.012250
v 0.034601 0.300674 0.012250
v 0.034601 0.300674 0.009250
v 0.037298 0.301190 0.012250
v 0.034700 0.300240 0.012250
v 0.034700 0.298140 0.012250
v 0.034700 0.300240 0.009250
v 0.037492 0.299593 0.012250
v 0.037427 0.297985 0.012250
v 0.037492 0.299593 0.009250
v 0.037298 0.301190 0.009250
v 0.036850 0.302736 0.009250
v 0.037427 0.297985 0.009250
v 0.034700 0.298140 0.009250
v 0.034601 0.297706 0.012250
v 0.034601 0.297706 0.009250
v 0.034323 0.297358 0.009250
v 0.034323 0.297358 0.012250
v 0.037105 0.296408 0.009250
v 0.037013 0.296165 0.009250
v 0.037105 0.296408 0.012250
v 0.037013 0.296165 0.012250
v 0.036535 0.294903 0.009250
v 0.036535 0.294903 0.012250
v 0.029332 0.293614 0.012250
v 0.028984 0.293891 0.012250
v 0.030088 0.296165 0.012250
v 0.033477 0.297165 0.012250
v 0.033923 0.297165 0.012250
v 0.033923 0.297165 0.009250
v 0.033477 0.297165 0.009250
v 0.030088 0.296165 0.009250
v 0.033077 0.297358 0.009250
v 0.033077 0.297358 0.012250
v 0.030238 0.296274 0.012250
v 0.032799 0.297706 0.012250
v 0.032799 0.297706 0.009250
v 0.030877 0.297047 0.012250
v 0.031304 0.297954 0.012250
v 0.032700 0.298140 0.012250
v 0.031492 0.298939 0.012250
v 0.031492 0.298939 0.009250
v 0.031429 0.299940 0.012250
v 0.031429 0.299940 0.009250
v 0.031119 0.300893 0.009250
v 0.032700 0.300240 0.009250
v 0.032700 0.300240 0.012250
v 0.030582 0.301740 0.009250
v 0.032799 0.300674 0.009250
v 0.032799 0.300674 0.012250
v 0.032700 0.298140 0.009250
v 0.031304 0.297954 0.009250
v 0.030877 0.297047 0.009250
v 0.030238 0.296274 0.009250
v 0.031119 0.300893 0.012250
v 0.030582 0.301740 0.012250
v 0.033077 0.301022 0.012250
v 0.033077 0.301022 0.009250
v 0.029851 0.302426 0.009250
v 0.029851 0.302426 0.012250
v 0.028973 0.302909 0.009250
v 0.028984 0.304489 0.012250
v 0.028973 0.302909 0.012250
v 0.028550 0.304390 0.012250
v 0.026450 0.304390 0.012250
v 0.028984 0.304489 0.009250
v 0.026999 0.303159 0.012250
v 0.028550 0.304390 0.009250
v 0.026028 0.302909 0.009250
v 0.026028 0.302909 0.012250
v 0.025149 0.302426 0.012250
v 0.026016 0.304489 0.012250
v 0.025149 0.302426 0.009250
v 0.024475 0.301793 0.009250
v 0.025668 0.304767 0.009250
v 0.026016 0.304489 0.009250
v 0.025668 0.304767 0.012250
v 0.025475 0.305168 0.009250
v 0.025475 0.305613 0.009250
v 0.024418 0.301740 0.009250
v 0.022201 0.300674 0.009250
v 0.023881 0.300893 0.009250
v 0.023571 0.299940 0.009250
v 0.023881 0.300893 0.012250
v 0.023571 0.299940 0.012250
v 0.023508 0.298939 0.012250
v 0.022300 0.300240 0.012250
v 0.023508 0.298939 0.009250
v 0.022201 0.297706 0.009250
v 0.023696 0.297954 0.009250
v 0.022300 0.298140 0.009250
v 0.022166 0.297640 0.009250
v 0.022201 0.297706 0.012250
v 0.022300 0.298140 0.012250
v 0.022300 0.300240 0.007250
v 0.024123 0.297047 0.012250
v 0.023696 0.297954 0.012250
v 0.024123 0.297047 0.009250
v 0.024475 0.296621 0.009250
v 0.021923 0.297358 0.009250
v 0.024475 0.296165 0.009250
v 0.024475 0.296621 0.012250
v 0.024762 0.296274 0.009250
v 0.024762 0.296274 0.012250
v 0.024912 0.296165 0.009250
v 0.024912 0.296165 0.012250
v 0.026016 0.293891 0.009250
v 0.025573 0.295685 0.009250
v 0.026505 0.295316 0.009250
v 0.025573 0.295685 0.012250
v 0.026505 0.295316 0.012250
v 0.026016 0.293891 0.012250
v 0.025668 0.293614 0.009250
v 0.025668 0.293614 0.012250
v 0.026450 0.293990 0.012250
v 0.027500 0.295190 0.012250
v 0.028495 0.295316 0.009250
v 0.028495 0.295316 0.012250
v 0.027500 0.295190 0.009250
v 0.026450 0.293990 0.009250
v 0.029500 0.295726 0.007250
v 0.029500 0.295726 0.009250
v 0.027500 0.295190 0.007250
v 0.028550 0.293990 0.009250
v 0.028984 0.293891 0.009250
v 0.028550 0.293990 0.012250
v 0.026450 0.293990 0.007250
v 0.028550 0.293990 0.007250
v 0.029050 0.293856 0.007250
v 0.025500 0.295726 0.007250
v 0.025061 0.296165 0.009250
v 0.024475 0.296751 0.009250
v 0.029332 0.293614 0.009250
v 0.029427 0.295685 0.009250
v 0.029427 0.295685 0.012250
v 0.029525 0.293213 0.012250
v 0.029525 0.293213 0.009250
v 0.029525 0.292768 0.009250
v 0.029525 0.292768 0.012250
v 0.035730 0.293510 0.009250
v 0.034712 0.292263 0.009250
v 0.034712 0.292263 0.012250
v 0.035730 0.293510 0.012250
v 0.033507 0.291196 0.012250
v 0.029332 0.292367 0.012250
v 0.033507 0.291196 0.009250
v 0.032147 0.290336 0.012250
v 0.030667 0.289705 0.012250
v 0.032147 0.290336 0.009250
v 0.029332 0.292367 0.009250
v 0.028984 0.292089 0.012250
v 0.029104 0.289320 0.012250
v 0.027500 0.289190 0.012250
v 0.025896 0.289320 0.012250
v 0.024475 0.289670 0.009250
v 0.024475 0.289670 0.012250
v 0.024333 0.289705 0.009250
v 0.024333 0.289705 0.012250
v 0.024475 0.296165 0.012250
v 0.025668 0.292367 0.012250
v 0.025475 0.292768 0.012250
v 0.025475 0.293213 0.012250
v 0.025475 0.292768 0.009250
v 0.025668 0.292367 0.009250
v 0.025475 0.293213 0.009250
v 0.022853 0.290336 0.012250
v 0.021493 0.291196 0.012250
v 0.020288 0.292263 0.012250
v 0.019270 0.293510 0.012250
v 0.018465 0.294903 0.012250
v 0.017987 0.296165 0.012250
v 0.021077 0.297165 0.012250
v 0.021923 0.297358 0.012250
v 0.021523 0.297165 0.012250
v 0.021523 0.297165 0.009250
v 0.021077 0.297165 0.009250
v 0.017987 0.296165 0.009250
v 0.020677 0.297358 0.009250
v 0.020677 0.297358 0.012250
v 0.017895 0.296408 0.012250
v 0.020399 0.297706 0.012250
v 0.020300 0.298140 0.012250
v 0.017573 0.297985 0.012250
v 0.020399 0.297706 0.009250
v 0.017895 0.296408 0.009250
v 0.017573 0.297985 0.009250
v 0.017508 0.299593 0.012250
v 0.018465 0.294903 0.009250
v 0.019270 0.293510 0.009250
v 0.020288 0.292263 0.009250
v 0.021493 0.291196 0.009250
v 0.022853 0.290336 0.009250
v 0.035358 0.290121 0.007250
v 0.037595 0.292702 0.007250
v 0.019642 0.290121 0.009250
v 0.017405 0.292702 0.009250
v 0.015986 0.295809 0.009250
v 0.021300 0.297140 0.009250
v 0.021800 0.297274 0.009250
v 0.022515 0.288275 0.009250
v 0.020800 0.297274 0.009250
v 0.020800 0.297274 0.007250
v 0.020434 0.297640 0.009250
v 0.020434 0.297640 0.007250
v 0.020677 0.301022 0.009250
v 0.029208 0.287312 0.007250
v 0.023803 0.299339 0.044750
v 0.023827 0.298744 0.044750
v 0.026328 0.295681 0.044750
v 0.026906 0.295538 0.044750
v 0.021000 0.335960 0.013750
v 0.034000 0.335960 0.013750
v 0.034000 0.342490 0.013750
v 0.021000 0.342490 0.013750
v 0.021000 0.335960 0.012750
v 0.034000 0.335960 0.012750
v 0.034000 0.342490 0.012750
v 0.021000 0.342490 0.012750
v 0.018800 0.346890 0.012750
v 0.013045 0.346890 0.013750
v 0.013045 0.346890 0.012750
v 0.018800 0.363890 0.012750
v 0.018800 0.346890 0.013750
v 0.018800 0.363890 0.013750
v 0.013045 0.363890 0.013750
v 0.013045 0.363890 0.012750
v 0.021000 0.380890 0.013750
v 0.034000 0.380890 0.013750
v 0.021000 0.387421 0.013750
v 0.021000 0.380890 0.012750
v 0.034000 0.380890 0.012750
v 0.034000 0.387421 0.013750
v 0.034000 0.387421 0.012750
v 0.021000 0.387421 0.012750
v 0.041955 0.346890 0.012750
v 0.036200 0.346890 0.013750
v 0.036200 0.346890 0.012750
v 0.041955 0.363890 0.012750
v 0.041955 0.346890 0.013750
v 0.036200 0.363890 0.013750
v 0.041955 0.363890 0.013750
v 0.036200 0.363890 0.012750
vn -0.0000 0.0000 -1.0000
vn 0.0950 0.9955 0.0000
vn -0.0950 0.9955 0.0000
vn 0.2818 0.9595 0.0000
vn 0.0000 0.0000 1.0000
vn 0.4582 0.8888 0.0000
vn 0.6182 0.7860 0.0000
vn -0.6631 -0.7485 0.0000
vn -0.5345 -0.8452 0.0000
vn -0.7746 -0.6325 0.0000
vn -0.8660 -0.5000 0.0000
vn -0.9350 -0.3546 0.0000
vn 0.8660 0.5000 0.0000
vn 0.9450 0.3271 0.0000
vn 0.9898 0.1423 0.0000
vn 0.9989 -0.0476 0.0000
vn 0.9718 -0.2357 0.0000
vn -0.9605 0.2782 0.0000
vn -0.9034 0.4287 0.0000
vn -0.9035 0.4287 0.0000
vn -0.8230 0.5680 0.0000
vn 0.7071 -0.7071 0.0000
vn 0.9659 -0.2588 0.0000
vn -1.0000 0.0000 0.0000
vn -0.9749 0.2225 0.0000
vn -0.9659 0.2588 0.0000
vn -0.7071 0.7071 0.0000
vn -0.2588 0.9659 0.0000
vn -0.9096 -0.4154 0.0000
vn -0.7557 -0.6549 0.0000
vn 0.7071 0.7071 0.0000
vn 0.9659 0.2588 0.0000
vn -0.9898 -0.1423 0.0000
vn 1.0000 0.0000 0.0000
vn 0.2588 -0.9659 0.0000
vn 0.0000 -0.2588 -0.9659
vn 0.0000 -0.7071 -0.7071
vn 0.0000 -0.7072 -0.7070
vn 0.0000 0.2588 0.9659
vn 0.2225 -0.9749 0.0000
vn 0.0000 -1.0000 0.0000
vn -0.2588 -0.9659 0.0000
vn -0.7071 -0.7071 0.0000
vn -0.9659 -0.2588 0.0000
vn 0.2589 -0.9659 0.0000
vn -0.2589 -0.9659 0.0000
vn 0.9096 -0.4154 0.0000
vn 0.9898 -0.1423 0.0000
vn 0.2588 0.9659 0.0000
vn -0.7071 -0.7072 0.0000
vn 0.2817 -0.9595 0.0000
vn 0.5406 -0.8413 0.0000
vn 0.7557 -0.6549 0.0000
vn -0.2587 0.9659 0.0000
vn 0.0000 1.0000 0.0000
vn 0.2587 0.9659 0.0000
vn 0.2225 0.9749 0.0000
vn 0.6235 0.7818 0.0000
vn 0.9010 0.4339 0.0000
vn 0.9010 -0.4339 0.0000
vn 0.6235 -0.7818 0.0000
vn 0.5877 0.8091 0.0000
vn 0.5878 0.8090 0.0000
vn 0.7706 0.6374 0.0000
vn 0.7705 0.6374 0.0000
vn 0.9048 0.4258 0.0000
vn 0.9823 0.1874 0.0000
vn 0.9980 -0.0628 0.0000
vn 0.9511 -0.3090 0.0000
vn 0.8443 -0.5358 0.0000
vn 0.6846 -0.7289 0.0000
vn 0.6845 -0.7290 0.0000
vn -0.3167 0.9485 0.0000
vn -0.1604 0.9871 0.0000
vn -0.0403 0.9992 0.0000
vn 0.0403 0.9992 0.0000
vn 0.1604 0.9871 0.0000
vn -0.6235 -0.7818 0.0000
vn -0.2225 -0.9749 0.0000
vn -0.9010 -0.4339 0.0000
vn 0.4339 -0.9010 0.0000
vn -0.4339 -0.9010 0.0000
vn 0.8230 0.5681 0.0000
vn 0.7212 0.6927 0.0000
vn 0.9034 0.4287 0.0000
vn 0.9605 0.2782 0.0000
vn 0.9927 0.1205 0.0000
vn 0.9992 -0.0403 0.0000
vn -0.7818 0.6235 0.0000
vn -0.4339 0.9010 0.0000
vn 0.4339 0.9010 0.0000
vn 0.7818 0.6235 0.0000
vn 0.9749 0.2225 0.0000
vn -0.9511 -0.3090 0.0000
vn -0.9980 -0.0628 0.0000
vn -0.8443 -0.5358 0.0000
vn -0.6845 -0.7290 0.0000
vn -0.4818 -0.8763 0.0000
vn -0.2487 -0.9686 0.0000
vn -0.0629 -0.9980 0.0000
vn 0.0629 -0.9980 0.0000
vn 0.2487 -0.9686 0.0000
vn 0.4818 -0.8763 0.0000
vn -0.2225 0.9749 0.0000
vn -0.6235 0.7818 0.0000
vn -0.9010 0.4339 0.0000
vn 0.7819 -0.6235 0.0000
vn 0.9749 -0.2225 0.0000
vn 0.7818 -0.6235 0.0000
vn -0.9823 0.1874 0.0000
vn -0.9048 0.4258 0.0000
vn -0.7705 0.6374 0.0000
vn -0.5877 0.8091 0.0000
vn -0.5878 0.8090 0.0000
vn -0.3681 0.9298 0.0000
vn -0.1253 0.9921 0.0000
vn 0.1253 0.9921 0.0000
vn 0.3681 0.9298 0.0000
vn 0.8660 -0.5000 0.0000
vn 0.9350 -0.3546 0.0000
vn 0.6631 -0.7485 0.0000
vn 0.7746 -0.6324 0.0000
vn 0.5344 -0.8452 0.0000
vn 0.0805 -0.9968 0.0000
vn 0.2393 -0.9709 0.0000
vn 0.3920 -0.9200 0.0000
vn -0.0805 -0.9968 0.0000
vn -0.2393 -0.9709 0.0000
vn 0.7071 -0.7072 0.0000
vn -0.2818 -0.9595 0.0000
vn -0.2817 -0.9595 0.0000
vn -0.5406 -0.8413 0.0000
vn 0.9798 -0.2000 0.0000
vn -0.9749 -0.2225 0.0000
vn -0.7819 -0.6235 0.0000
vn 0.6007 0.7994 0.0000
vn 0.4647 0.8855 0.0000
vn 0.3167 0.9485 0.0000
vn -0.0001 0.0000 -1.0000
vn -0.4647 0.8855 0.0000
vn -0.7212 0.6927 0.0000
vn -0.6007 0.7994 0.0000
vn -0.8230 0.5681 0.0000
vn -0.9927 0.1205 0.0000
vn -0.9992 -0.0403 0.0000
vn -0.9798 -0.2000 0.0000
vn -0.7746 -0.6324 0.0000
vn -0.5344 -0.8452 0.0000
vn -0.3920 -0.9200 0.0000
vn -0.2396 -0.9709 0.0000
vn 0.0804 -0.9968 0.0000
vn -0.0804 -0.9968 0.0000
vn 0.5345 -0.8452 0.0000
vn 0.7746 -0.6325 0.0000
vn -0.9898 0.1423 0.0000
vn -0.9989 -0.0476 0.0000
vn -0.9450 0.3271 0.0000
vn -0.8660 0.5000 0.0000
vn -0.7558 0.6549 0.0000
vn -0.6182 0.7861 0.0000
vn -0.6182 0.7860 0.0000
vn -0.4582 0.8888 0.0000
vn -0.2818 0.9595 0.0000
vn 0.9035 0.4287 0.0000
vn 0.8230 0.5680 0.0000
vn -0.6901 -0.7237 0.0000
vn -0.5407 -0.8412 0.0000
vn -0.6901 -0.7238 0.0000
vn -0.3716 -0.9284 0.0000
vn -0.1893 -0.9819 0.0000
vn -0.0476 -0.9989 0.0000
vn -0.0402 0.9992 0.0000
vn 0.0402 0.9992 0.0000
vn 0.1893 -0.9819 0.0000
vn 0.0476 -0.9989 0.0000
vn 0.3716 -0.9284 0.0000
vn 0.8146 -0.5801 0.0000
vn 0.6901 -0.7237 0.0000
vn 0.6901 -0.7238 0.0000
vn 0.5407 -0.8412 0.0000
vn 0.6235 0.7819 0.0000
vn 0.6235 -0.7819 0.0000
vn -0.8146 -0.5801 0.0000
vn -0.9718 -0.2357 0.0000
vn 0.0000 0.7071 0.7071
vn 0.0000 0.9659 0.2589
vn 0.1564 -0.9877 0.0000
vn 0.4540 -0.8910 0.0000
vn -0.8855 -0.4647 0.0000
vn -0.5681 -0.8230 0.0000
vn -0.8855 0.4647 0.0000
vn -0.5681 0.8230 0.0000
vn -0.1205 0.9927 0.0000
vn 0.3546 0.9350 0.0000
vn 0.7485 0.6631 0.0000
vn 0.9709 0.2393 0.0000
vn 0.9709 -0.2393 0.0000
vn 0.7485 -0.6631 0.0000
vn 0.3546 -0.9350 0.0000
vn -0.1205 -0.9927 0.0000
vn -0.9877 0.1564 0.0000
vn -0.8910 0.4540 0.0000
vn -0.4540 0.8910 0.0000
vn -0.1564 0.9877 0.0000
vn 0.1564 0.9877 0.0000
vn 0.4540 0.8910 0.0000
vn 0.8910 0.4540 0.0000
vn 0.9877 0.1564 0.0000
vn 0.9877 -0.1564 0.0000
vn 0.8910 -0.4540 0.0000
vn -0.9877 -0.1564 0.0000
vn -0.8910 -0.4540 0.0000
vn -0.4540 -0.8910 0.0000
vn -0.1564 -0.9877 0.0000
vn 0.0000 -0.9659 -0.2589
vn 0.0000 0.9659 -0.2589
vn 0.0000 0.7071 -0.7071
vn 0.0000 -0.7071 0.7071
vn 0.0000 -0.9659 0.2588
vn 0.0000 -0.9659 0.2589
vn 0.0000 -0.7072 0.7070
vn 0.0000 0.2588 -0.9659
vn -0.0003 0.0000 -1.0000
vn 0.0000 -0.2588 0.9659
vn 0.9749 -0.2226 0.0000
vn -0.7818 -0.6235 0.0000
vn 0.0000 -0.9659 -0.2588
vn 0.7558 0.6549 0.0000
s off
f 1//1 6//1 2//1
f 1//1 2//1 3//1
f 4//1 1//1 3//1
f 4//2 7//2 1//2
f 7//2 5//2 1//2
f 5//3 6//3 1//3
f 10//4 7//4 4//4
f 7//5 10//5 8//5
f 7//5 8//5 9//5
f 5//5 7//5 9//5
f 13//6 10//6 11//6
f 11//4 10//4 4//4
f 10//5 13//5 12//5
f 10//5 12//5 8//5
f 13//5 15//5 14//5
f 13//5 14//5 12//5
f 17//6 13//6 11//6
f 13//5 16//5 15//5
f 16//7 13//7 17//7
f 17//1 11//1 18//1
f 20//1 17//1 18//1
f 19//7 16//7 17//7
f 19//1 17//1 20//1
f 14//8 15//8 20//8
f 14//9 20//9 18//9
f 21//1 19//1 20//1
f 15//8 21//8 20//8
f 24//10 22//10 21//10
f 22//1 23//1 21//1
f 15//10 24//10 21//10
f 23//1 19//1 21//1
f 16//5 24//5 15//5
f 24//11 26//11 22//11
f 16//5 25//5 24//5
f 25//5 26//5 24//5
f 26//12 28//12 27//12
f 26//11 27//11 22//11
f 25//5 29//5 26//5
f 29//5 28//5 26//5
f 29//13 25//13 23//13
f 30//5 28//5 29//5
f 30//14 29//14 31//14
f 31//13 29//13 23//13
f 32//1 31//1 27//1
f 27//1 31//1 22//1
f 32//14 30//14 31//14
f 31//1 23//1 22//1
f 34//1 32//1 33//1
f 33//1 32//1 27//1
f 35//15 30//15 32//15
f 34//15 35//15 32//15
f 35//5 37//5 36//5
f 35//5 36//5 30//5
f 38//5 37//5 35//5
f 38//16 35//16 34//16
f 38//5 40//5 37//5
f 41//17 38//17 39//17
f 39//16 38//16 34//16
f 42//5 40//5 38//5
f 41//5 42//5 38//5
f 40//18 42//18 43//18
f 45//5 42//5 41//5
f 42//18 44//18 43//18
f 42//19 45//19 44//19
f 45//20 56//20 44//20
f 47//5 45//5 46//5
f 46//5 45//5 41//5
f 45//21 47//21 56//21
f 53//22 48//22 45//22
f 45//23 48//23 54//23
f 50//1 45//1 49//1
f 49//1 45//1 55//1
f 50//1 51//1 45//1
f 51//1 52//1 45//1
f 52//22 53//22 45//22
f 45//1 54//1 57//1
f 55//1 45//1 57//1
f 55//24 63//24 57//24
f 65//24 55//24 57//24
f 62//5 55//5 57//5
f 57//25 61//25 58//25
f 57//5 58//5 59//5
f 60//5 57//5 59//5
f 62//5 57//5 60//5
f 57//24 63//24 61//24
f 57//1 54//1 64//1
f 66//26 57//26 64//26
f 65//26 57//26 66//26
f 65//5 66//5 67//5
f 67//5 66//5 68//5
f 66//27 64//27 68//27
f 67//5 68//5 71//5
f 68//28 70//28 69//28
f 68//5 69//5 71//5
f 68//27 64//27 70//27
f 71//29 73//29 72//29
f 71//30 72//30 76//30
f 74//5 73//5 71//5
f 69//5 74//5 71//5
f 77//5 71//5 75//5
f 75//30 71//30 76//30
f 77//5 67//5 71//5
f 80//5 77//5 78//5
f 77//5 79//5 78//5
f 77//5 75//5 79//5
f 81//31 77//31 80//31
f 67//31 77//31 82//31
f 82//31 77//31 81//31
f 82//1 81//1 83//1
f 84//1 82//1 83//1
f 84//31 67//31 82//31
f 84//1 83//1 87//1
f 86//32 67//32 84//32
f 70//1 84//1 85//1
f 85//1 84//1 87//1
f 54//32 86//32 84//32
f 64//1 84//1 70//1
f 64//1 54//1 84//1
f 87//1 83//1 94//1
f 93//33 87//33 73//33
f 73//33 87//33 94//33
f 88//1 91//1 87//1
f 93//33 88//33 87//33
f 92//1 89//1 87//1
f 89//1 90//1 87//1
f 90//1 85//1 87//1
f 91//1 92//1 87//1
f 94//1 83//1 72//1
f 73//29 94//29 72//29
f 97//5 93//5 95//5
f 95//5 93//5 73//5
f 93//24 96//24 88//24
f 96//5 93//5 97//5
f 98//5 96//5 97//5
f 98//34 97//34 92//34
f 97//32 95//32 89//32
f 92//32 97//32 89//32
f 99//5 96//5 98//5
f 99//23 98//23 91//23
f 91//34 98//34 92//34
f 101//22 99//22 100//22
f 100//23 99//23 91//23
f 101//5 96//5 99//5
f 102//5 96//5 101//5
f 102//35 101//35 103//35
f 103//22 101//22 100//22
f 103//1 100//1 88//1
f 104//1 103//1 88//1
f 104//1 51//1 103//1
f 51//35 102//35 103//35
f 96//24 104//24 88//24
f 104//1 52//1 51//1
f 104//1 105//1 52//1
f 107//36 105//36 104//36
f 106//24 107//24 104//24
f 106//24 104//24 96//24
f 109//37 108//37 107//37
f 108//38 110//38 107//38
f 106//24 109//24 107//24
f 107//36 110//36 105//36
f 110//36 112//36 105//36
f 111//34 113//34 110//34
f 108//34 111//34 110//34
f 110//34 113//34 112//34
f 113//34 115//34 114//34
f 112//34 113//34 114//34
f 113//5 117//5 115//5
f 113//39 111//39 116//39
f 113//5 116//5 120//5
f 113//5 118//5 117//5
f 113//5 119//5 118//5
f 119//5 113//5 120//5
f 123//40 120//40 121//40
f 120//40 122//40 121//40
f 119//41 120//41 123//41
f 120//5 116//5 122//5
f 105//1 123//1 121//1
f 105//1 124//1 123//1
f 124//41 119//41 123//41
f 119//42 124//42 118//42
f 124//1 105//1 125//1
f 118//42 124//42 125//42
f 118//43 125//43 117//43
f 117//43 125//43 126//43
f 105//1 112//1 125//1
f 125//1 112//1 126//1
f 128//1 126//1 127//1
f 126//1 112//1 127//1
f 129//44 126//44 128//44
f 117//44 126//44 129//44
f 129//5 131//5 130//5
f 129//5 130//5 115//5
f 117//5 129//5 115//5
f 129//26 128//26 131//26
f 131//5 132//5 130//5
f 131//27 133//27 132//27
f 131//26 128//26 133//26
f 132//27 133//27 134//27
f 134//1 133//1 127//1
f 133//1 128//1 127//1
f 134//1 127//1 135//1
f 134//1 135//1 139//1
f 137//1 134//1 136//1
f 136//1 134//1 139//1
f 138//28 134//28 137//28
f 132//28 134//28 138//28
f 142//1 139//1 140//1
f 140//1 139//1 141//1
f 139//34 144//34 141//34
f 142//1 136//1 139//1
f 135//23 143//23 139//23
f 143//23 144//23 139//23
f 144//34 145//34 141//34
f 144//5 146//5 145//5
f 147//5 146//5 144//5
f 143//5 147//5 144//5
f 148//5 147//5 143//5
f 130//43 136//43 147//43
f 147//43 136//43 142//43
f 146//43 147//43 142//43
f 149//5 147//5 148//5
f 115//5 147//5 149//5
f 115//5 130//5 147//5
f 149//45 148//45 127//45
f 149//42 150//42 151//42
f 150//45 149//45 127//45
f 115//5 149//5 151//5
f 151//46 150//46 152//46
f 151//43 152//43 153//43
f 115//5 151//5 153//5
f 153//43 152//43 154//43
f 153//44 154//44 155//44
f 115//5 153//5 155//5
f 115//5 155//5 157//5
f 155//44 154//44 158//44
f 155//24 158//24 156//24
f 157//5 155//5 156//5
f 158//1 154//1 114//1
f 158//1 114//1 159//1
f 156//24 158//24 159//24
f 159//1 114//1 160//1
f 161//1 159//1 160//1
f 156//26 159//26 162//26
f 162//26 159//26 161//26
f 165//5 162//5 163//5
f 162//5 164//5 163//5
f 162//27 161//27 164//27
f 156//5 162//5 165//5
f 166//47 165//47 163//47
f 160//48 165//48 166//48
f 160//48 157//48 165//48
f 157//5 156//5 165//5
f 166//47 163//47 167//47
f 168//1 160//1 166//1
f 168//1 166//1 167//1
f 171//27 168//27 169//27
f 169//1 168//1 170//1
f 168//1 167//1 170//1
f 173//1 160//1 168//1
f 172//27 168//27 171//27
f 172//27 173//27 168//27
f 173//1 174//1 160//1
f 173//1 175//1 174//1
f 173//1 176//1 175//1
f 141//1 176//1 173//1
f 172//26 140//26 173//26
f 140//1 141//1 173//1
f 176//31 177//31 175//31
f 145//32 177//32 176//32
f 141//32 145//32 176//32
f 177//31 179//31 175//31
f 146//5 178//5 177//5
f 177//5 178//5 172//5
f 145//5 146//5 177//5
f 177//5 172//5 179//5
f 184//5 179//5 180//5
f 179//5 183//5 180//5
f 183//5 179//5 181//5
f 181//5 179//5 182//5
f 179//5 171//5 182//5
f 179//5 172//5 171//5
f 175//49 179//49 174//49
f 179//49 184//49 174//49
f 164//5 184//5 185//5
f 184//5 180//5 185//5
f 164//28 186//28 184//28
f 184//28 186//28 174//28
f 186//1 161//1 160//1
f 174//1 186//1 160//1
f 164//27 161//27 186//27
f 180//50 187//50 185//50
f 185//50 187//50 189//50
f 185//5 188//5 163//5
f 164//5 185//5 163//5
f 185//44 189//44 188//44
f 188//44 189//44 190//44
f 190//1 189//1 192//1
f 191//1 169//1 189//1
f 189//1 169//1 192//1
f 187//1 191//1 189//1
f 197//1 192//1 193//1
f 192//51 196//51 193//51
f 170//52 194//52 192//52
f 192//51 194//51 196//51
f 195//1 198//1 192//1
f 197//1 195//1 192//1
f 169//1 170//1 192//1
f 198//1 190//1 192//1
f 200//27 198//27 199//27
f 199//27 198//27 195//27
f 200//26 190//26 198//26
f 188//26 190//26 200//26
f 188//5 200//5 201//5
f 201//5 200//5 194//5
f 200//5 199//5 194//5
f 167//53 163//53 201//53
f 167//53 201//53 170//53
f 163//5 188//5 201//5
f 170//52 201//52 194//52
f 199//5 202//5 196//5
f 194//5 199//5 196//5
f 199//54 195//54 202//54
f 196//5 202//5 203//5
f 204//55 202//55 197//55
f 202//54 195//54 197//54
f 202//5 204//5 203//5
f 204//55 197//55 206//55
f 204//5 78//5 203//5
f 204//5 205//5 78//5
f 205//56 204//56 206//56
f 206//1 197//1 193//1
f 206//1 193//1 207//1
f 208//1 206//1 207//1
f 208//56 205//56 206//56
f 206//5 213//5 209//5
f 206//5 209//5 210//5
f 197//5 206//5 210//5
f 214//57 206//57 211//57
f 206//55 212//55 211//55
f 206//55 197//55 212//55
f 206//5 214//5 213//5
f 216//58 214//58 215//58
f 215//57 214//57 211//57
f 214//5 216//5 213//5
f 217//58 216//58 215//58
f 218//59 216//59 217//59
f 216//5 218//5 213//5
f 221//59 218//59 217//59
f 218//5 219//5 213//5
f 220//5 219//5 218//5
f 220//34 218//34 221//34
f 222//1 224//1 221//1
f 222//1 221//1 223//1
f 221//1 217//1 223//1
f 224//34 220//34 221//34
f 226//60 220//60 224//60
f 225//60 226//60 224//60
f 222//1 225//1 224//1
f 227//5 228//5 226//5
f 227//61 226//61 225//61
f 228//5 219//5 226//5
f 226//5 219//5 220//5
f 231//5 228//5 227//5
f 228//5 232//5 219//5
f 232//62 228//62 229//62
f 229//63 228//63 230//63
f 228//63 231//63 230//63
f 233//62 232//62 229//62
f 232//5 234//5 219//5
f 234//64 232//64 233//64
f 59//5 58//5 234//5
f 234//5 58//5 219//5
f 59//65 234//65 235//65
f 235//64 234//64 233//64
f 236//1 237//1 235//1
f 236//1 235//1 222//1
f 235//1 233//1 222//1
f 237//1 238//1 235//1
f 238//65 59//65 235//65
f 237//1 239//1 238//1
f 60//66 59//66 238//66
f 239//66 60//66 238//66
f 240//1 239//1 237//1
f 62//67 60//67 239//67
f 240//67 62//67 239//67
f 61//1 240//1 237//1
f 242//68 62//68 240//68
f 241//68 242//68 240//68
f 241//1 240//1 61//1
f 243//5 55//5 242//5
f 242//5 55//5 62//5
f 244//5 243//5 242//5
f 244//69 242//69 241//69
f 246//70 244//70 245//70
f 245//69 244//69 241//69
f 244//5 246//5 243//5
f 249//5 247//5 246//5
f 246//5 247//5 243//5
f 248//70 246//70 245//70
f 249//71 246//71 248//71
f 254//5 247//5 249//5
f 250//71 249//71 248//71
f 252//72 249//72 250//72
f 251//5 254//5 249//5
f 253//5 251//5 249//5
f 252//5 253//5 249//5
f 255//5 247//5 254//5
f 255//34 254//34 257//34
f 254//59 251//59 256//59
f 257//59 254//59 256//59
f 257//1 256//1 250//1
f 258//1 259//1 257//1
f 258//1 257//1 250//1
f 259//34 255//34 257//34
f 261//60 255//60 259//60
f 260//60 261//60 259//60
f 258//1 260//1 259//1
f 263//5 247//5 261//5
f 261//5 247//5 255//5
f 262//61 261//61 260//61
f 262//5 263//5 261//5
f 263//73 264//73 247//73
f 265//5 263//5 262//5
f 263//74 265//74 264//74
f 265//74 268//74 264//74
f 266//5 265//5 262//5
f 269//5 265//5 266//5
f 269//75 267//75 265//75
f 265//75 267//75 268//75
f 271//5 269//5 270//5
f 270//5 269//5 266//5
f 267//76 269//76 272//76
f 269//76 271//76 272//76
f 272//77 275//77 273//77
f 272//1 273//1 276//1
f 267//1 272//1 274//1
f 274//1 272//1 276//1
f 272//77 271//77 275//77
f 278//78 276//78 277//78
f 277//78 276//78 279//78
f 276//1 273//1 279//1
f 278//79 274//79 276//79
f 282//80 279//80 280//80
f 279//1 281//1 280//1
f 273//1 281//1 279//1
f 277//80 279//80 282//80
f 284//5 282//5 283//5
f 283//5 282//5 287//5
f 282//24 280//24 286//24
f 284//5 285//5 282//5
f 285//5 277//5 282//5
f 282//5 286//5 287//5
f 287//81 290//81 288//81
f 289//81 287//81 288//81
f 292//41 287//41 289//41
f 287//5 291//5 290//5
f 286//5 291//5 287//5
f 292//5 283//5 287//5
f 295//41 292//41 289//41
f 293//5 283//5 292//5
f 293//5 292//5 294//5
f 292//82 295//82 294//82
f 296//1 295//1 289//1
f 294//82 295//82 297//82
f 296//1 298//1 295//1
f 295//1 298//1 297//1
f 298//83 293//83 299//83
f 298//1 299//1 297//1
f 298//83 283//83 293//83
f 296//84 283//84 298//84
f 299//85 293//85 300//85
f 299//85 300//85 301//85
f 299//1 301//1 297//1
f 301//86 300//86 302//86
f 301//86 302//86 304//86
f 297//1 301//1 303//1
f 301//1 304//1 303//1
f 303//1 304//1 305//1
f 305//1 304//1 306//1
f 304//87 307//87 306//87
f 304//87 302//87 307//87
f 306//88 307//88 309//88
f 302//5 308//5 307//5
f 307//5 308//5 310//5
f 307//5 310//5 309//5
f 310//25 313//25 311//25
f 310//5 311//5 312//5
f 309//5 310//5 312//5
f 308//24 305//24 310//24
f 310//24 305//24 313//24
f 311//25 313//25 315//25
f 313//1 306//1 314//1
f 313//1 314//1 315//1
f 305//1 306//1 313//1
f 311//89 315//89 316//89
f 316//89 315//89 318//89
f 315//1 314//1 317//1
f 318//1 315//1 317//1
f 318//1 317//1 319//1
f 320//1 318//1 319//1
f 321//90 318//90 320//90
f 316//90 318//90 321//90
f 316//5 321//5 322//5
f 321//5 323//5 322//5
f 323//55 321//55 320//55
f 323//55 320//55 324//55
f 326//91 323//91 324//91
f 323//5 326//5 325//5
f 322//5 323//5 325//5
f 327//91 326//91 324//91
f 329//92 326//92 327//92
f 326//5 328//5 325//5
f 326//5 329//5 328//5
f 329//5 332//5 328//5
f 330//92 329//92 327//92
f 334//93 329//93 330//93
f 331//5 333//5 329//5
f 334//5 331//5 329//5
f 329//5 333//5 332//5
f 336//34 334//34 335//34
f 335//93 334//93 330//93
f 337//5 331//5 334//5
f 336//5 337//5 334//5
f 337//94 339//94 338//94
f 337//95 338//95 331//95
f 340//94 339//94 337//94
f 336//5 340//5 337//5
f 340//96 341//96 339//96
f 343//96 341//96 340//96
f 343//5 340//5 342//5
f 342//5 340//5 336//5
f 343//97 344//97 341//97
f 290//5 343//5 342//5
f 345//97 344//97 343//97
f 291//5 345//5 343//5
f 291//5 343//5 290//5
f 345//98 346//98 344//98
f 348//98 346//98 345//98
f 347//5 348//5 345//5
f 291//5 347//5 345//5
f 348//99 349//99 346//99
f 347//5 350//5 348//5
f 351//99 349//99 348//99
f 350//5 351//5 348//5
f 351//100 352//100 349//100
f 350//5 353//5 351//5
f 353//100 352//100 351//100
f 353//101 355//101 354//101
f 352//101 353//101 354//101
f 353//5 350//5 355//5
f 354//102 355//102 357//102
f 350//5 356//5 355//5
f 355//5 356//5 358//5
f 355//102 358//102 357//102
f 357//103 358//103 359//103
f 358//103 252//103 359//103
f 356//5 253//5 358//5
f 358//5 253//5 252//5
f 256//1 360//1 359//1
f 256//1 359//1 250//1
f 359//72 252//72 250//72
f 360//1 357//1 359//1
f 360//1 361//1 357//1
f 360//57 253//57 361//57
f 256//58 251//58 360//58
f 251//58 253//58 360//58
f 361//1 354//1 357//1
f 253//57 356//57 361//57
f 361//1 352//1 354//1
f 356//55 362//55 361//55
f 361//1 362//1 349//1
f 352//1 361//1 349//1
f 349//1 362//1 346//1
f 356//55 350//55 362//55
f 350//104 363//104 362//104
f 362//1 363//1 346//1
f 344//1 363//1 341//1
f 363//1 364//1 341//1
f 347//105 364//105 363//105
f 347//104 363//104 350//104
f 346//1 363//1 344//1
f 341//1 364//1 365//1
f 364//1 288//1 365//1
f 364//1 366//1 289//1
f 364//1 289//1 288//1
f 291//106 366//106 364//106
f 291//105 364//105 347//105
f 280//1 281//1 366//1
f 366//1 281//1 289//1
f 286//106 366//106 291//106
f 286//24 280//24 366//24
f 341//1 365//1 367//1
f 290//107 342//107 365//107
f 365//108 342//108 367//108
f 288//109 290//109 365//109
f 367//34 336//34 335//34
f 368//1 367//1 335//1
f 338//1 367//1 368//1
f 342//108 336//108 367//108
f 339//1 367//1 338//1
f 339//1 341//1 367//1
f 368//1 335//1 369//1
f 331//95 338//95 368//95
f 331//110 368//110 333//110
f 333//110 368//110 369//110
f 369//1 335//1 330//1
f 369//1 330//1 370//1
f 333//111 369//111 332//111
f 332//111 369//111 370//111
f 332//112 370//112 328//112
f 328//112 370//112 371//112
f 370//1 330//1 371//1
f 330//1 327//1 371//1
f 371//1 327//1 372//1
f 328//113 371//113 325//113
f 325//113 371//113 372//113
f 372//1 319//1 373//1
f 374//1 372//1 373//1
f 376//1 372//1 374//1
f 324//1 319//1 372//1
f 325//114 372//114 375//114
f 375//114 372//114 376//114
f 327//1 324//1 372//1
f 377//1 376//1 374//1
f 378//115 376//115 377//115
f 375//115 376//115 378//115
f 378//116 377//116 379//116
f 378//5 379//5 380//5
f 375//5 378//5 382//5
f 381//5 378//5 380//5
f 378//5 381//5 382//5
f 382//79 384//79 374//79
f 382//78 374//78 383//78
f 322//5 325//5 382//5
f 322//5 382//5 383//5
f 381//79 384//79 382//79
f 325//5 375//5 382//5
f 384//41 381//41 385//41
f 386//1 384//1 385//1
f 384//1 377//1 374//1
f 386//1 377//1 384//1
f 387//1 386//1 385//1
f 388//117 379//117 386//117
f 379//116 377//116 386//116
f 387//117 388//117 386//117
f 379//5 388//5 227//5
f 388//5 231//5 227//5
f 231//118 388//118 387//118
f 230//1 387//1 389//1
f 387//1 385//1 389//1
f 230//118 231//118 387//118
f 229//1 230//1 389//1
f 222//1 229//1 389//1
f 380//40 227//40 389//40
f 389//61 227//61 225//61
f 385//40 380//40 389//40
f 222//1 389//1 225//1
f 381//41 380//41 385//41
f 383//78 374//78 373//78
f 383//80 373//80 390//80
f 391//5 383//5 390//5
f 391//5 322//5 383//5
f 393//119 391//119 392//119
f 392//5 391//5 390//5
f 322//120 391//120 393//120
f 393//119 392//119 394//119
f 393//1 394//1 395//1
f 319//120 322//120 393//120
f 319//1 393//1 395//1
f 395//1 394//1 396//1
f 390//80 373//80 395//80
f 390//24 395//24 397//24
f 397//24 395//24 396//24
f 373//1 319//1 395//1
f 400//5 397//5 398//5
f 397//5 399//5 398//5
f 397//106 396//106 399//106
f 390//5 397//5 400//5
f 401//121 400//121 398//121
f 394//122 400//122 401//122
f 394//122 392//122 400//122
f 392//5 390//5 400//5
f 401//121 398//121 402//121
f 396//1 394//1 401//1
f 396//1 401//1 402//1
f 405//1 402//1 403//1
f 402//123 404//123 403//123
f 402//123 398//123 404//123
f 405//1 396//1 402//1
f 406//1 405//1 403//1
f 407//105 405//105 406//105
f 399//106 396//106 405//106
f 399//105 405//105 407//105
f 407//104 406//104 197//104
f 407//5 197//5 409//5
f 399//5 407//5 408//5
f 408//5 407//5 409//5
f 409//5 197//5 210//5
f 410//124 409//124 210//124
f 411//125 409//125 410//125
f 411//125 408//125 409//125
f 403//126 408//126 411//126
f 406//1 403//1 411//1
f 212//1 406//1 411//1
f 212//1 411//1 410//1
f 212//1 410//1 412//1
f 410//124 210//124 412//124
f 413//1 211//1 412//1
f 209//127 413//127 412//127
f 210//127 209//127 412//127
f 211//1 212//1 412//1
f 215//1 211//1 413//1
f 223//1 215//1 413//1
f 209//128 223//128 413//128
f 403//126 404//126 408//126
f 404//5 399//5 408//5
f 197//104 406//104 212//104
f 398//5 399//5 404//5
f 183//46 381//46 180//46
f 180//46 381//46 187//46
f 381//41 183//41 380//41
f 414//1 381//1 380//1
f 381//1 414//1 187//1
f 83//1 81//1 414//1
f 83//1 414//1 415//1
f 81//31 80//31 414//31
f 414//49 80//49 191//49
f 414//1 380//1 415//1
f 414//1 191//1 187//1
f 83//1 415//1 416//1
f 181//45 182//45 415//45
f 415//129 182//129 416//129
f 380//45 181//45 415//45
f 83//1 416//1 417//1
f 416//23 418//23 417//23
f 182//129 418//129 416//129
f 182//5 80//5 418//5
f 418//5 80//5 419//5
f 418//23 419//23 417//23
f 417//32 419//32 420//32
f 419//32 421//32 420//32
f 421//5 419//5 78//5
f 419//5 80//5 78//5
f 420//31 421//31 208//31
f 421//31 205//31 208//31
f 205//5 421//5 78//5
f 417//1 420//1 422//1
f 420//1 208//1 422//1
f 78//130 422//130 203//130
f 203//130 422//130 207//130
f 422//1 208//1 207//1
f 78//131 423//131 422//131
f 423//1 83//1 422//1
f 83//1 417//1 422//1
f 79//131 423//131 78//131
f 79//132 75//132 423//132
f 75//132 76//132 423//132
f 76//1 83//1 423//1
f 183//41 181//41 380//41
f 380//5 379//5 227//5
f 324//1 320//1 319//1
f 312//120 322//120 319//120
f 312//5 311//5 322//5
f 311//5 316//5 322//5
f 317//120 312//120 319//120
f 314//133 312//133 317//133
f 306//88 309//88 314//88
f 314//133 309//133 312//133
f 308//134 303//134 305//134
f 302//5 424//5 308//5
f 424//134 303//134 308//134
f 302//5 300//5 424//5
f 424//135 297//135 303//135
f 294//135 297//135 424//135
f 300//5 294//5 424//5
f 300//5 293//5 294//5
f 425//136 284//136 296//136
f 425//1 296//1 289//1
f 296//84 284//84 283//84
f 281//137 285//137 425//137
f 281//1 425//1 289//1
f 425//136 285//136 284//136
f 285//5 426//5 277//5
f 281//137 426//137 285//137
f 426//5 278//5 277//5
f 273//138 426//138 281//138
f 273//138 275//138 426//138
f 426//5 275//5 278//5
f 270//79 274//79 278//79
f 275//5 270//5 278//5
f 275//5 271//5 270//5
f 274//41 270//41 427//41
f 267//1 274//1 427//1
f 264//1 268//1 427//1
f 264//1 427//1 428//1
f 427//40 266//40 428//40
f 270//41 266//41 427//41
f 268//1 267//1 427//1
f 266//40 262//40 428//40
f 428//61 262//61 260//61
f 258//1 264//1 428//1
f 258//1 428//1 260//1
f 247//73 264//73 258//73
f 258//1 248//1 429//1
f 430//1 258//1 429//1
f 247//73 258//73 431//73
f 258//139 250//139 248//139
f 431//73 258//73 430//73
f 432//140 431//140 433//140
f 431//5 432//5 434//5
f 247//5 431//5 434//5
f 431//140 430//140 433//140
f 434//41 436//41 435//41
f 437//41 434//41 435//41
f 434//5 439//5 436//5
f 247//5 434//5 438//5
f 434//82 437//82 438//82
f 432//5 439//5 434//5
f 439//141 442//141 440//141
f 441//141 439//141 440//141
f 439//5 441//5 436//5
f 439//142 432//142 442//142
f 440//1 442//1 437//1
f 432//142 433//142 442//142
f 442//1 433//1 437//1
f 441//5 444//5 443//5
f 436//5 441//5 443//5
f 441//143 440//143 445//143
f 444//143 441//143 445//143
f 444//19 445//19 446//19
f 446//1 445//1 447//1
f 445//1 440//1 435//1
f 445//1 435//1 447//1
f 447//107 443//107 448//107
f 446//1 447//1 448//1
f 436//81 443//81 447//81
f 435//81 436//81 447//81
f 448//108 450//108 449//108
f 451//1 448//1 449//1
f 443//107 450//107 448//107
f 451//1 446//1 448//1
f 451//1 449//1 452//1
f 453//144 451//144 452//144
f 453//18 454//18 451//18
f 454//18 446//18 451//18
f 454//19 444//19 446//19
f 444//5 454//5 443//5
f 443//5 454//5 450//5
f 454//5 453//5 450//5
f 455//144 453//144 452//144
f 450//5 453//5 91//5
f 91//5 453//5 455//5
f 92//5 455//5 456//5
f 456//145 455//145 457//145
f 455//145 452//145 457//145
f 91//5 455//5 92//5
f 456//146 457//146 459//146
f 452//1 458//1 457//1
f 457//1 458//1 459//1
f 459//1 462//1 460//1
f 461//12 459//12 460//12
f 463//12 459//12 461//12
f 463//146 456//146 459//146
f 458//1 462//1 459//1
f 464//5 463//5 461//5
f 464//5 465//5 463//5
f 465//5 456//5 463//5
f 92//5 456//5 465//5
f 92//93 465//93 462//93
f 462//92 465//92 466//92
f 465//92 464//92 466//92
f 462//1 466//1 460//1
f 466//91 464//91 467//91
f 466//1 467//1 460//1
f 468//55 469//55 467//55
f 464//91 468//91 467//91
f 467//1 469//1 222//1
f 467//1 222//1 460//1
f 470//90 236//90 469//90
f 469//1 236//1 222//1
f 468//55 470//55 469//55
f 470//5 468//5 219//5
f 471//5 470//5 219//5
f 471//90 236//90 470//90
f 58//5 471//5 219//5
f 58//89 237//89 471//89
f 471//89 237//89 236//89
f 468//5 464//5 461//5
f 219//5 468//5 461//5
f 458//93 92//93 462//93
f 219//5 461//5 472//5
f 461//12 460//12 472//12
f 472//11 474//11 473//11
f 475//11 472//11 473//11
f 219//5 472//5 475//5
f 472//12 460//12 474//12
f 219//5 475//5 476//5
f 476//147 475//147 477//147
f 475//147 473//147 477//147
f 476//8 477//8 478//8
f 473//1 222//1 477//1
f 477//1 222//1 478//1
f 479//8 476//8 478//8
f 479//148 478//148 480//148
f 478//1 222//1 480//1
f 480//1 222//1 481//1
f 482//149 480//149 481//149
f 482//148 479//148 480//148
f 219//5 482//5 483//5
f 483//149 482//149 481//149
f 219//5 479//5 482//5
f 219//5 483//5 213//5
f 483//150 481//150 213//150
f 213//150 481//150 223//150
f 481//1 222//1 223//1
f 219//5 476//5 479//5
f 474//1 222//1 473//1
f 460//1 222//1 474//1
f 452//1 449//1 458//1
f 449//34 91//34 458//34
f 91//34 92//34 458//34
f 450//108 91//108 449//108
f 440//1 437//1 435//1
f 438//82 437//82 429//82
f 438//135 429//135 243//135
f 247//5 438//5 243//5
f 437//1 430//1 429//1
f 433//1 430//1 437//1
f 243//135 429//135 484//135
f 429//1 248//1 484//1
f 248//1 245//1 484//1
f 484//1 245//1 63//1
f 243//134 484//134 55//134
f 55//134 484//134 63//134
f 63//1 245//1 241//1
f 63//1 241//1 61//1
f 58//25 61//25 237//25
f 233//1 229//1 222//1
f 217//1 215//1 223//1
f 213//128 223//128 209//128
f 193//41 203//41 207//41
f 196//41 203//41 193//41
f 2//151 487//151 191//151
f 2//151 191//151 3//151
f 191//152 9//152 3//152
f 5//5 9//5 191//5
f 80//49 485//49 191//49
f 485//28 169//28 191//28
f 486//5 5//5 191//5
f 487//5 486//5 191//5
f 488//125 490//125 487//125
f 488//125 487//125 2//125
f 490//5 489//5 487//5
f 489//5 486//5 487//5
f 491//126 492//126 490//126
f 491//126 490//126 488//126
f 492//5 489//5 490//5
f 493//153 492//153 491//153
f 493//153 495//153 492//153
f 495//5 494//5 492//5
f 494//5 489//5 492//5
f 497//121 495//121 493//121
f 496//5 494//5 495//5
f 498//5 496//5 495//5
f 497//121 498//121 495//121
f 499//154 498//154 497//154
f 500//5 496//5 498//5
f 499//154 501//154 498//154
f 501//5 500//5 498//5
f 502//119 501//119 499//119
f 503//5 500//5 501//5
f 502//119 504//119 501//119
f 504//5 503//5 501//5
f 505//120 504//120 502//120
f 506//5 503//5 504//5
f 505//120 507//120 504//120
f 507//5 506//5 504//5
f 508//133 507//133 505//133
f 509//5 506//5 507//5
f 508//133 510//133 507//133
f 510//5 509//5 507//5
f 512//88 510//88 508//88
f 511//5 509//5 510//5
f 512//88 511//88 510//88
f 514//87 511//87 512//87
f 513//1 514//1 512//1
f 513//1 512//1 515//1
f 515//1 512//1 508//1
f 515//1 508//1 516//1
f 509//155 515//155 506//155
f 506//155 515//155 516//155
f 509//156 513//156 515//156
f 503//157 516//157 517//157
f 516//1 505//1 517//1
f 516//1 508//1 505//1
f 506//157 516//157 503//157
f 500//158 517//158 518//158
f 518//1 517//1 502//1
f 517//1 505//1 502//1
f 503//158 517//158 500//158
f 496//159 518//159 519//159
f 519//1 518//1 499//1
f 518//1 502//1 499//1
f 500//159 518//159 496//159
f 519//1 499//1 497//1
f 520//1 519//1 497//1
f 494//160 519//160 520//160
f 496//161 519//161 494//161
f 520//1 497//1 493//1
f 520//1 493//1 491//1
f 494//162 520//162 489//162
f 489//162 520//162 521//162
f 521//1 520//1 491//1
f 521//1 491//1 488//1
f 486//163 521//163 6//163
f 6//1 521//1 488//1
f 489//163 521//163 486//163
f 523//86 522//86 514//86
f 514//87 522//87 511//87
f 523//1 514//1 513//1
f 523//86 525//86 522//86
f 524//1 523//1 513//1
f 526//1 523//1 524//1
f 526//164 525//164 523//164
f 526//85 142//85 525//85
f 528//1 526//1 527//1
f 527//1 526//1 524//1
f 528//165 142//165 526//165
f 528//83 531//83 142//83
f 529//1 528//1 527//1
f 530//1 528//1 529//1
f 530//84 531//84 528//84
f 531//5 534//5 532//5
f 142//5 531//5 532//5
f 530//84 533//84 531//84
f 531//5 533//5 534//5
f 534//166 538//166 532//166
f 537//167 535//167 534//167
f 534//167 535//167 538//167
f 533//5 536//5 534//5
f 536//5 537//5 534//5
f 532//168 538//168 529//168
f 539//1 530//1 538//1
f 538//1 530//1 529//1
f 535//1 539//1 538//1
f 539//136 533//136 530//136
f 540//1 539//1 535//1
f 540//137 536//137 539//137
f 539//136 536//136 533//136
f 542//138 541//138 540//138
f 540//137 541//137 536//137
f 542//1 540//1 535//1
f 543//1 542//1 535//1
f 544//1 542//1 543//1
f 542//138 545//138 541//138
f 544//77 545//77 542//77
f 544//77 547//77 545//77
f 545//5 547//5 546//5
f 545//5 546//5 548//5
f 541//5 545//5 548//5
f 548//169 543//169 537//169
f 541//5 548//5 537//5
f 546//170 549//170 548//170
f 548//170 549//170 543//170
f 551//1 544//1 549//1
f 549//1 544//1 543//1
f 546//171 550//171 549//171
f 550//1 551//1 549//1
f 552//172 551//172 553//172
f 551//173 552//173 544//173
f 553//172 551//172 554//172
f 554//1 551//1 550//1
f 553//74 554//74 555//74
f 555//1 554//1 556//1
f 554//1 550//1 556//1
f 556//174 558//174 557//174
f 555//1 556//1 557//1
f 559//175 558//175 556//175
f 550//175 559//175 556//175
f 559//171 550//171 546//171
f 547//5 559//5 546//5
f 559//5 552//5 558//5
f 547//5 552//5 559//5
f 558//174 560//174 557//174
f 558//5 553//5 560//5
f 552//5 553//5 558//5
f 560//176 562//176 561//176
f 557//176 560//176 561//176
f 560//5 563//5 562//5
f 553//5 563//5 560//5
f 563//74 553//74 555//74
f 564//73 563//73 565//73
f 563//5 564//5 562//5
f 563//73 555//73 565//73
f 564//140 565//140 566//140
f 566//1 565//1 561//1
f 565//1 557//1 561//1
f 565//1 555//1 557//1
f 569//142 566//142 567//142
f 567//1 566//1 568//1
f 566//1 561//1 568//1
f 569//140 564//140 566//140
f 571//142 569//142 567//142
f 569//5 571//5 570//5
f 562//5 569//5 570//5
f 564//5 569//5 562//5
f 47//141 571//141 572//141
f 571//141 567//141 572//141
f 570//5 571//5 573//5
f 571//5 47//5 573//5
f 573//177 46//177 574//177
f 575//177 573//177 574//177
f 570//178 573//178 575//178
f 573//5 47//5 46//5
f 56//1 572//1 575//1
f 56//1 575//1 574//1
f 572//1 568//1 575//1
f 568//179 570//179 575//179
f 56//1 574//1 44//1
f 44//1 574//1 576//1
f 574//47 46//47 576//47
f 576//17 41//17 39//17
f 43//1 576//1 39//1
f 46//47 41//47 576//47
f 44//1 576//1 43//1
f 572//1 567//1 568//1
f 47//21 572//21 56//21
f 562//180 570//180 568//180
f 561//180 562//180 568//180
f 552//173 547//173 544//173
f 130//42 552//42 136//42
f 552//1 137//1 136//1
f 552//35 579//35 577//35
f 578//1 552//1 577//1
f 579//42 552//42 130//42
f 578//1 137//1 552//1
f 132//5 579//5 130//5
f 579//5 138//5 580//5
f 579//35 580//35 577//35
f 132//5 138//5 579//5
f 580//5 582//5 581//5
f 586//5 580//5 581//5
f 577//22 580//22 586//22
f 584//5 582//5 580//5
f 585//5 583//5 580//5
f 583//5 584//5 580//5
f 138//5 585//5 580//5
f 586//5 581//5 53//5
f 577//22 586//22 52//22
f 586//22 53//22 52//22
f 585//55 138//55 137//55
f 585//55 137//55 578//55
f 583//57 585//57 578//57
f 584//181 583//181 588//181
f 582//59 584//59 587//59
f 587//181 584//181 588//181
f 587//1 588//1 577//1
f 588//57 583//57 578//57
f 588//1 578//1 577//1
f 589//59 582//59 587//59
f 589//1 587//1 577//1
f 590//34 591//34 589//34
f 590//1 589//1 52//1
f 589//1 577//1 52//1
f 591//34 582//34 589//34
f 592//5 116//5 591//5
f 592//60 591//60 590//60
f 591//5 116//5 581//5
f 582//5 591//5 581//5
f 593//60 592//60 590//60
f 122//5 116//5 592//5
f 122//182 592//182 593//182
f 121//182 122//182 593//182
f 105//1 121//1 593//1
f 105//1 593//1 590//1
f 105//1 590//1 52//1
f 48//5 581//5 594//5
f 581//5 595//5 594//5
f 581//5 596//5 595//5
f 581//5 102//5 596//5
f 53//5 581//5 48//5
f 581//5 96//5 102//5
f 581//5 116//5 96//5
f 596//46 51//46 50//46
f 596//43 50//43 595//43
f 102//42 51//42 596//42
f 595//44 49//44 594//44
f 595//43 50//43 49//43
f 48//5 594//5 86//5
f 594//44 49//44 55//44
f 594//24 55//24 65//24
f 86//5 594//5 65//5
f 537//169 543//169 535//169
f 536//5 541//5 537//5
f 532//183 529//183 597//183
f 142//5 532//5 597//5
f 597//29 527//29 598//29
f 525//5 597//5 598//5
f 142//5 597//5 525//5
f 597//183 529//183 527//183
f 525//5 598//5 522//5
f 598//29 527//29 524//29
f 522//5 598//5 599//5
f 598//184 524//184 599//184
f 522//5 599//5 511//5
f 511//5 599//5 509//5
f 599//156 513//156 509//156
f 599//184 524//184 513//184
f 6//1 488//1 2//1
f 486//3 6//3 5//3
f 485//5 80//5 182//5
f 171//28 169//28 485//28
f 171//5 485//5 182//5
f 178//44 142//44 140//44
f 178//26 140//26 172//26
f 146//44 142//44 178//44
f 114//48 157//48 160//48
f 115//34 157//34 114//34
f 152//1 112//1 154//1
f 154//1 112//1 114//1
f 150//1 112//1 152//1
f 112//1 150//1 127//1
f 148//22 143//22 135//22
f 127//22 148//22 135//22
f 116//39 600//39 106//39
f 116//5 106//5 96//5
f 111//39 600//39 116//39
f 106//24 600//24 109//24
f 600//24 601//24 109//24
f 602//185 601//185 600//185
f 111//185 602//185 600//185
f 604//34 602//34 603//34
f 603//34 602//34 108//34
f 602//34 111//34 108//34
f 602//186 604//186 601//186
f 606//34 604//34 603//34
f 604//186 605//186 601//186
f 605//55 604//55 606//55
f 606//34 603//34 607//34
f 612//5 606//5 607//5
f 605//55 606//55 608//55
f 606//5 609//5 608//5
f 609//5 606//5 611//5
f 611//5 606//5 610//5
f 610//5 606//5 612//5
f 615//41 612//41 613//41
f 613//41 612//41 614//41
f 612//41 607//41 614//41
f 616//187 612//187 615//187
f 616//187 610//187 612//187
f 617//1 618//1 616//1
f 617//1 616//1 615//1
f 618//188 610//188 616//188
f 617//1 620//1 618//1
f 619//22 611//22 618//22
f 618//188 611//188 610//188
f 620//1 619//1 618//1
f 620//1 621//1 619//1
f 620//1 623//1 621//1
f 609//24 625//24 620//24
f 622//55 609//55 620//55
f 622//55 620//55 630//55
f 620//1 624//1 623//1
f 625//1 624//1 620//1
f 629//1 625//1 620//1
f 626//1 627//1 620//1
f 626//1 620//1 630//1
f 627//1 628//1 620//1
f 628//1 629//1 620//1
f 630//1 620//1 617//1
f 630//1 617//1 632//1
f 633//1 630//1 631//1
f 630//1 632//1 631//1
f 635//1 630//1 633//1
f 634//1 638//1 630//1
f 634//1 630//1 636//1
f 634//34 637//34 630//34
f 637//34 622//34 630//34
f 636//1 630//1 635//1
f 638//1 639//1 630//1
f 639//1 626//1 630//1
f 639//189 638//189 641//189
f 626//190 639//190 640//190
f 639//190 641//190 640//190
f 643//1 642//1 641//1
f 641//1 642//1 640//1
f 638//189 643//189 641//189
f 645//1 642//1 643//1
f 638//24 644//24 643//24
f 644//24 645//24 643//24
f 647//191 646//191 645//191
f 645//1 646//1 642//1
f 644//191 647//191 645//191
f 634//1 648//1 647//1
f 634//1 647//1 644//1
f 647//192 648//192 646//192
f 634//1 649//1 648//1
f 648//193 649//193 650//193
f 648//192 650//192 646//192
f 650//1 651//1 642//1
f 646//1 650//1 642//1
f 649//193 651//193 650//193
f 651//1 652//1 642//1
f 651//194 653//194 652//194
f 651//194 649//194 653//194
f 652//195 653//195 654//195
f 653//1 625//1 654//1
f 649//1 625//1 653//1
f 654//1 625//1 656//1
f 652//195 654//195 655//195
f 655//196 654//196 656//196
f 655//196 656//196 657//196
f 657//197 656//197 629//197
f 656//1 625//1 629//1
f 642//1 657//1 658//1
f 657//197 629//197 658//197
f 655//1 657//1 642//1
f 642//1 658//1 659//1
f 658//198 628//198 659//198
f 658//198 629//198 628//198
f 642//1 659//1 660//1
f 659//199 628//199 627//199
f 659//199 627//199 660//199
f 627//200 626//200 660//200
f 626//200 640//200 660//200
f 640//1 642//1 660//1
f 652//1 655//1 642//1
f 634//1 625//1 649//1
f 634//1 644//1 638//1
f 661//5 637//5 662//5
f 661//41 637//41 634//41
f 661//5 668//5 637//5
f 662//5 637//5 664//5
f 664//5 637//5 663//5
f 663//5 637//5 671//5
f 669//5 665//5 637//5
f 665//5 666//5 637//5
f 666//5 667//5 637//5
f 667//5 670//5 637//5
f 668//5 669//5 637//5
f 670//5 672//5 637//5
f 671//5 637//5 622//5
f 637//5 672//5 622//5
f 673//24 672//24 636//24
f 672//24 674//24 636//24
f 622//5 672//5 673//5
f 672//201 670//201 674//201
f 674//1 634//1 636//1
f 674//1 675//1 634//1
f 670//201 675//201 674//201
f 667//202 676//202 675//202
f 675//1 676//1 634//1
f 670//202 667//202 675//202
f 666//27 677//27 676//27
f 676//1 677//1 634//1
f 667//27 666//27 676//27
f 677//1 678//1 634//1
f 666//203 665//203 677//203
f 665//203 678//203 677//203
f 669//204 679//204 678//204
f 678//1 679//1 634//1
f 665//204 669//204 678//204
f 668//55 680//55 679//55
f 679//1 680//1 625//1
f 669//55 668//55 679//55
f 679//1 625//1 634//1
f 680//205 682//205 681//205
f 680//1 681//1 625//1
f 680//205 668//205 682//205
f 682//5 668//5 661//5
f 683//5 682//5 661//5
f 681//206 682//206 683//206
f 685//5 683//5 661//5
f 681//206 683//206 684//206
f 684//31 683//31 685//31
f 687//5 685//5 661//5
f 684//31 685//31 686//31
f 686//207 685//207 687//207
f 688//5 687//5 661//5
f 689//208 687//208 688//208
f 686//207 687//207 689//207
f 689//208 688//208 624//208
f 689//1 624//1 625//1
f 686//1 689//1 625//1
f 624//34 688//34 690//34
f 688//5 661//5 690//5
f 690//5 609//5 691//5
f 623//209 690//209 691//209
f 661//5 609//5 690//5
f 624//34 690//34 623//34
f 623//209 691//209 621//209
f 621//210 691//210 692//210
f 691//5 609//5 692//5
f 621//210 692//210 619//210
f 619//22 692//22 611//22
f 692//5 609//5 611//5
f 684//1 686//1 625//1
f 681//1 684//1 625//1
f 673//5 693//5 608//5
f 622//5 673//5 608//5
f 693//211 673//211 635//211
f 673//211 636//211 635//211
f 693//5 694//5 608//5
f 694//212 693//212 633//212
f 693//212 635//212 633//212
f 608//5 694//5 695//5
f 695//43 694//43 631//43
f 694//43 633//43 631//43
f 695//213 631//213 697//213
f 608//5 695//5 696//5
f 696//213 695//213 697//213
f 696//214 697//214 698//214
f 697//1 632//1 698//1
f 631//1 632//1 697//1
f 699//214 696//214 698//214
f 700//41 699//41 698//41
f 614//41 700//41 698//41
f 632//1 614//1 698//1
f 603//41 701//41 700//41
f 607//41 603//41 700//41
f 701//24 605//24 700//24
f 607//41 700//41 614//41
f 700//5 608//5 699//5
f 605//24 608//24 700//24
f 701//215 603//215 109//215
f 601//24 605//24 701//24
f 601//24 701//24 109//24
f 608//5 696//5 699//5
f 704//189 671//189 702//189
f 702//5 671//5 622//5
f 704//24 703//24 671//24
f 703//24 663//24 671//24
f 706//189 704//189 702//189
f 705//5 703//5 704//5
f 705//5 704//5 706//5
f 708//190 706//190 707//190
f 706//190 702//190 707//190
f 705//5 706//5 708//5
f 708//200 707//200 710//200
f 705//5 708//5 709//5
f 709//200 708//200 710//200
f 711//5 710//5 609//5
f 609//5 710//5 622//5
f 710//5 707//5 622//5
f 711//199 709//199 710//199
f 712//5 711//5 609//5
f 712//198 713//198 711//198
f 711//199 713//199 709//199
f 713//5 705//5 709//5
f 714//5 705//5 713//5
f 712//198 714//198 713//198
f 715//5 705//5 714//5
f 716//197 715//197 714//197
f 716//197 714//197 712//197
f 661//5 717//5 716//5
f 661//5 716//5 609//5
f 716//5 712//5 609//5
f 717//196 715//196 716//196
f 661//5 719//5 717//5
f 719//195 718//195 717//195
f 717//196 718//196 715//196
f 661//5 720//5 719//5
f 720//194 721//194 719//194
f 719//195 721//195 718//195
f 718//5 721//5 705//5
f 720//194 722//194 721//194
f 721//5 722//5 705//5
f 723//193 722//193 662//193
f 722//5 723//5 705//5
f 722//193 720//193 662//193
f 724//192 723//192 664//192
f 723//192 662//192 664//192
f 723//5 724//5 705//5
f 703//191 724//191 663//191
f 724//191 664//191 663//191
f 724//5 703//5 705//5
f 720//5 661//5 662//5
f 715//5 718//5 705//5
f 707//5 702//5 622//5
f 625//41 661//41 634//41
f 661//24 625//24 609//24
f 632//24 726//24 725//24
f 614//24 632//24 725//24
f 632//55 727//55 726//55
f 632//55 617//55 727//55
f 727//34 617//34 613//34
f 727//34 613//34 728//34
f 729//34 727//34 728//34
f 726//216 727//216 729//216
f 726//216 729//216 730//216
f 730//217 729//217 731//217
f 729//34 728//34 732//34
f 731//34 729//34 732//34
f 733//34 731//34 732//34
f 733//34 732//34 734//34
f 732//218 735//218 734//218
f 732//219 725//219 735//219
f 728//220 725//220 732//220
f 735//24 737//24 736//24
f 734//221 735//221 736//221
f 730//24 737//24 735//24
f 725//24 730//24 735//24
f 737//24 738//24 736//24
f 737//222 739//222 738//222
f 737//222 731//222 739//222
f 730//217 731//217 737//217
f 731//222 733//222 739//222
f 739//1 733//1 747//1
f 739//1 742//1 740//1
f 741//1 739//1 740//1
f 738//1 739//1 743//1
f 743//1 739//1 741//1
f 739//1 744//1 742//1
f 739//1 745//1 744//1
f 739//1 746//1 745//1
f 739//1 748//1 746//1
f 739//1 747//1 748//1
f 747//41 749//41 748//41
f 749//41 750//41 748//41
f 748//40 750//40 746//40
f 749//5 751//5 750//5
f 750//5 751//5 752//5
f 750//40 752//40 746//40
f 752//5 751//5 753//5
f 746//182 752//182 745//182
f 752//182 753//182 745//182
f 753//5 751//5 754//5
f 753//60 754//60 744//60
f 745//60 753//60 744//60
f 754//5 751//5 756//5
f 744//34 754//34 755//34
f 754//34 756//34 755//34
f 756//5 751//5 757//5
f 759//5 756//5 757//5
f 755//59 756//59 758//59
f 756//59 759//59 758//59
f 761//5 759//5 757//5
f 758//181 759//181 760//181
f 759//181 761//181 760//181
f 763//5 761//5 757//5
f 760//57 761//57 762//57
f 761//57 763//57 762//57
f 766//5 763//5 757//5
f 763//55 764//55 762//55
f 763//55 765//55 764//55
f 765//5 763//5 766//5
f 766//35 757//35 767//35
f 774//35 766//35 767//35
f 766//42 774//42 768//42
f 765//5 766//5 768//5
f 766//1 769//1 771//1
f 769//1 766//1 770//1
f 766//101 773//101 770//101
f 772//100 766//100 771//100
f 773//100 766//100 772//100
f 774//1 760//1 775//1
f 768//42 774//42 775//42
f 758//223 760//223 774//223
f 758//1 774//1 767//1
f 768//43 775//43 777//43
f 760//1 762//1 775//1
f 762//1 764//1 775//1
f 775//1 764//1 776//1
f 777//43 775//43 776//43
f 780//5 777//5 778//5
f 777//5 779//5 778//5
f 777//44 776//44 779//44
f 780//5 781//5 777//5
f 781//5 768//5 777//5
f 781//5 782//5 768//5
f 781//27 784//27 782//27
f 780//26 783//26 781//26
f 781//26 783//26 784//26
f 786//1 784//1 785//1
f 785//1 784//1 787//1
f 784//1 783//1 787//1
f 782//27 784//27 786//27
f 791//1 787//1 788//1
f 787//48 790//48 788//48
f 783//1 733//1 787//1
f 733//34 793//34 787//34
f 792//1 789//1 787//1
f 789//1 785//1 787//1
f 793//34 790//34 787//34
f 792//1 787//1 791//1
f 793//5 794//5 790//5
f 793//5 797//5 780//5
f 793//5 780//5 795//5
f 793//5 751//5 749//5
f 793//5 749//5 798//5
f 733//34 734//34 793//34
f 793//5 796//5 794//5
f 796//5 793//5 795//5
f 793//224 734//224 751//224
f 793//5 798//5 797//5
f 798//42 747//42 799//42
f 798//43 799//43 797//43
f 749//42 747//42 798//42
f 747//1 733//1 799//1
f 799//1 733//1 800//1
f 797//43 799//43 800//43
f 800//1 733//1 783//1
f 780//44 800//44 783//44
f 797//44 800//44 780//44
f 802//41 796//41 801//41
f 796//41 795//41 801//41
f 796//82 802//82 794//82
f 786//1 802//1 801//1
f 802//1 786//1 785//1
f 794//82 802//82 785//82
f 786//1 801//1 803//1
f 801//81 795//81 803//81
f 795//81 804//81 803//81
f 803//107 804//107 805//107
f 764//1 786//1 803//1
f 764//1 803//1 805//1
f 804//107 806//107 805//107
f 805//225 806//225 807//225
f 764//1 805//1 807//1
f 807//1 810//1 808//1
f 809//1 807//1 808//1
f 776//1 807//1 809//1
f 806//108 811//108 807//108
f 776//1 764//1 807//1
f 807//34 811//34 810//34
f 811//5 780//5 812//5
f 811//34 812//34 810//34
f 806//5 780//5 811//5
f 812//5 780//5 778//5
f 812//32 778//32 813//32
f 810//32 812//32 813//32
f 810//1 813//1 808//1
f 813//1 814//1 808//1
f 813//31 778//31 814//31
f 808//1 814//1 815//1
f 814//1 816//1 815//1
f 814//49 817//49 816//49
f 778//31 817//31 814//31
f 820//5 817//5 818//5
f 817//5 819//5 818//5
f 817//5 778//5 819//5
f 817//49 820//49 816//49
f 821//5 820//5 818//5
f 822//5 820//5 821//5
f 822//28 823//28 820//28
f 820//28 823//28 816//28
f 816//1 823//1 788//1
f 823//1 824//1 788//1
f 822//27 824//27 823//27
f 825//26 791//26 824//26
f 824//1 791//1 788//1
f 825//27 824//27 822//27
f 826//26 791//26 825//26
f 826//5 825//5 821//5
f 825//5 822//5 821//5
f 826//24 792//24 791//24
f 827//5 826//5 821//5
f 827//24 792//24 826//24
f 790//5 827//5 821//5
f 828//5 827//5 790//5
f 828//134 789//134 827//134
f 827//134 789//134 792//134
f 828//226 785//226 789//226
f 794//226 785//226 828//226
f 794//5 828//5 790//5
f 821//5 818//5 829//5
f 821//5 829//5 830//5
f 790//48 821//48 788//48
f 788//48 821//48 831//48
f 832//5 821//5 830//5
f 821//48 832//48 831//48
f 832//5 834//5 833//5
f 831//47 832//47 833//47
f 832//5 830//5 834//5
f 834//44 837//44 835//44
f 834//26 835//26 838//26
f 833//5 834//5 836//5
f 834//5 838//5 836//5
f 830//44 837//44 834//44
f 838//26 835//26 841//26
f 838//27 841//27 839//27
f 838//5 839//5 840//5
f 836//5 838//5 840//5
f 839//27 841//27 843//27
f 841//1 835//1 842//1
f 843//1 841//1 842//1
f 839//54 843//54 845//54
f 844//1 843//1 842//1
f 845//54 843//54 844//54
f 839//5 845//5 846//5
f 846//5 845//5 847//5
f 854//55 845//55 844//55
f 845//5 854//5 847//5
f 845//1 849//1 848//1
f 854//1 845//1 848//1
f 845//1 852//1 849//1
f 850//55 851//55 845//55
f 850//55 845//55 854//55
f 851//104 853//104 845//104
f 845//1 853//1 852//1
f 854//55 844//55 855//55
f 860//56 854//56 855//56
f 854//5 856//5 847//5
f 854//5 860//5 856//5
f 858//1 854//1 857//1
f 857//1 854//1 848//1
f 859//57 850//57 854//57
f 858//57 859//57 854//57
f 862//56 860//56 855//56
f 860//5 861//5 856//5
f 861//31 860//31 862//31
f 862//1 855//1 863//1
f 864//1 862//1 863//1
f 865//1 862//1 864//1
f 865//31 861//31 862//31
f 866//32 867//32 865//32
f 866//1 865//1 864//1
f 867//32 861//32 865//32
f 869//23 867//23 866//23
f 867//5 868//5 856//5
f 861//5 867//5 856//5
f 869//5 868//5 867//5
f 870//5 868//5 869//5
f 870//129 869//129 871//129
f 871//23 869//23 866//23
f 872//129 870//129 871//129
f 873//1 872//1 871//1
f 873//1 871//1 866//1
f 876//1 873//1 874//1
f 874//1 873//1 864//1
f 884//1 875//1 873//1
f 875//1 879//1 873//1
f 873//1 866//1 864//1
f 877//1 873//1 876//1
f 878//1 873//1 877//1
f 881//1 873//1 878//1
f 873//1 879//1 872//1
f 880//1 883//1 873//1
f 882//1 880//1 873//1
f 882//1 873//1 881//1
f 883//1 884//1 873//1
f 886//32 885//32 884//32
f 884//31 885//31 875//31
f 887//32 886//32 884//32
f 883//1 887//1 884//1
f 890//23 886//23 887//23
f 889//1 887//1 888//1
f 888//1 887//1 883//1
f 889//23 890//23 887//23
f 890//5 891//5 886//5
f 890//5 892//5 891//5
f 890//5 893//5 892//5
f 893//22 890//22 889//22
f 893//5 894//5 892//5
f 757//22 893//22 742//22
f 742//22 893//22 889//22
f 893//5 751//5 894//5
f 757//5 751//5 893//5
f 894//42 743//42 741//42
f 894//43 741//43 892//43
f 895//42 743//42 894//42
f 751//5 895//5 894//5
f 895//5 751//5 896//5
f 895//35 896//35 897//35
f 743//35 895//35 897//35
f 738//1 743//1 897//1
f 738//1 897//1 899//1
f 897//22 896//22 898//22
f 897//1 898//1 899//1
f 899//1 901//1 881//1
f 900//33 899//33 881//33
f 902//33 899//33 900//33
f 898//1 901//1 899//1
f 902//24 738//24 899//24
f 904//5 902//5 903//5
f 903//5 902//5 900//5
f 904//5 906//5 902//5
f 905//24 738//24 902//24
f 906//5 905//5 902//5
f 898//23 906//23 901//23
f 906//23 904//23 901//23
f 896//22 906//22 898//22
f 896//5 905//5 906//5
f 736//24 738//24 905//24
f 751//5 905//5 896//5
f 751//224 736//224 905//224
f 901//34 904//34 907//34
f 904//34 903//34 907//34
f 908//1 909//1 904//1
f 908//1 904//1 910//1
f 909//108 912//108 904//108
f 910//1 904//1 903//1
f 912//108 911//108 904//108
f 904//34 911//34 903//34
f 915//5 913//5 912//5
f 912//5 913//5 911//5
f 914//107 912//107 909//107
f 914//5 915//5 912//5
f 913//18 915//18 908//18
f 915//19 917//19 916//19
f 915//18 916//18 908//18
f 917//5 915//5 914//5
f 917//19 918//19 916//19
f 917//143 919//143 918//143
f 919//5 917//5 914//5
f 919//143 922//143 918//143
f 920//5 919//5 914//5
f 921//5 919//5 920//5
f 919//141 921//141 922//141
f 918//1 922//1 923//1
f 922//1 925//1 923//1
f 921//141 924//141 922//141
f 922//1 924//1 925//1
f 925//41 929//41 923//41
f 927//82 925//82 926//82
f 925//1 928//1 926//1
f 929//82 925//82 927//82
f 930//1 928//1 925//1
f 924//1 930//1 925//1
f 932//142 930//142 924//142
f 931//140 928//140 930//140
f 932//140 931//140 930//140
f 932//5 921//5 929//5
f 931//5 932//5 929//5
f 921//142 932//142 924//142
f 934//73 933//73 931//73
f 931//73 933//73 928//73
f 934//5 931//5 929//5
f 940//5 934//5 935//5
f 934//5 927//5 935//5
f 939//5 934//5 936//5
f 936//5 934//5 938//5
f 938//5 934//5 937//5
f 937//5 934//5 941//5
f 939//73 942//73 934//73
f 934//5 929//5 927//5
f 941//5 934//5 940//5
f 934//73 942//73 933//73
f 933//1 942//1 946//1
f 939//74 944//74 942//74
f 942//1 945//1 943//1
f 942//1 943//1 946//1
f 944//74 945//74 942//74
f 946//61 948//61 947//61
f 933//1 946//1 947//1
f 949//40 948//40 946//40
f 943//40 949//40 946//40
f 950//41 949//41 943//41
f 949//5 944//5 948//5
f 951//5 944//5 949//5
f 950//5 951//5 949//5
f 951//75 952//75 944//75
f 953//5 951//5 950//5
f 952//76 951//76 954//76
f 951//76 953//76 954//76
f 957//1 954//1 955//1
f 954//1 956//1 955//1
f 954//77 958//77 956//77
f 952//1 954//1 957//1
f 954//77 953//77 958//77
f 958//5 953//5 950//5
f 958//5 950//5 960//5
f 956//138 958//138 959//138
f 959//5 958//5 960//5
f 960//79 957//79 955//79
f 960//78 955//78 961//78
f 959//5 960//5 961//5
f 950//79 957//79 960//79
f 961//78 955//78 962//78
f 961//80 962//80 964//80
f 963//5 959//5 961//5
f 963//5 961//5 964//5
f 964//5 969//5 965//5
f 966//5 964//5 965//5
f 968//5 964//5 966//5
f 964//80 962//80 967//80
f 964//24 967//24 969//24
f 968//5 963//5 964//5
f 969//24 967//24 971//24
f 969//106 971//106 970//106
f 969//5 970//5 965//5
f 970//106 971//106 973//106
f 971//1 974//1 972//1
f 973//1 971//1 972//1
f 967//1 974//1 971//1
f 974//1 975//1 972//1
f 962//1 974//1 967//1
f 956//1 974//1 962//1
f 974//137 959//137 963//137
f 974//137 963//137 975//137
f 956//138 959//138 974//138
f 975//136 968//136 976//136
f 975//1 976//1 972//1
f 975//136 963//136 968//136
f 976//84 968//84 966//84
f 976//84 966//84 978//84
f 976//1 977//1 972//1
f 976//1 978//1 977//1
f 978//1 980//1 979//1
f 977//1 978//1 979//1
f 978//83 981//83 980//83
f 978//83 966//83 981//83
f 980//85 981//85 982//85
f 982//5 981//5 983//5
f 981//5 984//5 983//5
f 981//5 966//5 984//5
f 984//41 965//41 972//41
f 977//41 984//41 972//41
f 984//82 977//82 983//82
f 984//5 966//5 965//5
f 982//5 983//5 985//5
f 983//226 979//226 985//226
f 983//82 977//82 979//82
f 985//135 979//135 986//135
f 985//134 986//134 988//134
f 987//5 982//5 985//5
f 987//5 985//5 988//5
f 988//24 990//24 989//24
f 991//5 988//5 989//5
f 988//134 986//134 990//134
f 987//5 988//5 991//5
f 991//5 989//5 992//5
f 993//88 991//88 992//88
f 994//87 991//87 993//87
f 994//87 987//87 991//87
f 986//1 994//1 990//1
f 990//1 994//1 993//1
f 995//86 987//86 994//86
f 995//1 994//1 986//1
f 979//1 995//1 986//1
f 980//1 995//1 979//1
f 980//85 982//85 995//85
f 995//86 982//86 987//86
f 993//88 992//88 996//88
f 990//1 993//1 997//1
f 997//1 993//1 996//1
f 989//24 990//24 997//24
f 989//25 997//25 998//25
f 998//25 997//25 999//25
f 997//1 996//1 999//1
f 1001//89 999//89 1000//89
f 1000//1 999//1 1002//1
f 998//89 999//89 1001//89
f 999//1 996//1 1002//1
f 1000//1 1002//1 1003//1
f 1002//120 1004//120 1003//120
f 996//133 1004//133 1002//133
f 989//5 998//5 1004//5
f 1004//5 998//5 1005//5
f 996//133 992//133 1004//133
f 992//5 989//5 1004//5
f 1004//120 1005//120 1003//120
f 1005//120 1007//120 1006//120
f 1003//120 1005//120 1006//120
f 1007//5 1005//5 1008//5
f 1005//5 1009//5 1008//5
f 1005//5 1010//5 1009//5
f 1005//5 1011//5 1010//5
f 1012//5 1011//5 1005//5
f 998//5 1001//5 1005//5
f 1001//5 1012//5 1005//5
f 1012//90 1000//90 1013//90
f 1011//55 1012//55 1013//55
f 1001//90 1000//90 1012//90
f 1013//1 1000//1 1003//1
f 1011//55 1013//55 1014//55
f 1014//1 1013//1 1003//1
f 1016//1 1014//1 1015//1
f 1014//1 1003//1 1015//1
f 1016//91 1017//91 1014//91
f 1017//91 1011//91 1014//91
f 1011//5 1017//5 1010//5
f 1017//5 1019//5 1018//5
f 1017//5 1018//5 1010//5
f 1019//92 1017//92 1016//92
f 1023//93 1019//93 1020//93
f 1020//92 1019//92 1016//92
f 1019//5 1022//5 1021//5
f 1019//5 1021//5 1018//5
f 1024//5 1022//5 1019//5
f 1023//5 1024//5 1019//5
f 1024//95 1027//95 1025//95
f 1024//110 1025//110 1022//110
f 1026//95 1027//95 1024//95
f 1026//5 1024//5 1023//5
f 1026//94 1028//94 1027//94
f 1028//1 1029//1 1027//1
f 1027//1 1029//1 1025//1
f 1033//108 1030//108 1029//108
f 1029//34 1030//34 1034//34
f 1028//1 1031//1 1029//1
f 1031//1 1032//1 1029//1
f 1032//108 1033//108 1029//108
f 1025//1 1029//1 1034//1
f 1034//93 1023//93 1020//93
f 1035//1 1034//1 1020//1
f 1025//1 1034//1 1035//1
f 1030//34 1023//34 1034//34
f 1035//1 1020//1 1036//1
f 1022//110 1025//110 1035//110
f 1022//111 1035//111 1021//111
f 1021//111 1035//111 1036//111
f 1036//1 1020//1 1037//1
f 1021//112 1036//112 1018//112
f 1018//112 1036//112 1037//112
f 1010//113 1037//113 1015//113
f 1037//1 1016//1 1015//1
f 1020//1 1016//1 1037//1
f 1018//113 1037//113 1010//113
f 1039//5 1038//5 1033//5
f 1033//5 1038//5 1030//5
f 1040//107 1033//107 1032//107
f 1040//5 1039//5 1033//5
f 965//81 1040//81 1041//81
f 1041//107 1040//107 1032//107
f 965//5 970//5 1040//5
f 970//5 1039//5 1040//5
f 972//81 965//81 1041//81
f 973//1 972//1 1041//1
f 973//1 1041//1 1032//1
f 970//5 1043//5 1039//5
f 1043//97 1042//97 1039//97
f 1039//97 1042//97 1031//97
f 1039//96 1031//96 1038//96
f 970//5 1045//5 1043//5
f 1043//98 1044//98 1042//98
f 1046//98 1044//98 1043//98
f 1045//5 1046//5 1043//5
f 1046//99 771//99 1044//99
f 1045//5 1047//5 1046//5
f 772//99 771//99 1046//99
f 1047//5 772//5 1046//5
f 1048//55 1047//55 1051//55
f 1047//5 1048//5 1050//5
f 1047//5 773//5 772//5
f 773//5 1047//5 1050//5
f 1045//104 1049//104 1047//104
f 1047//104 1049//104 1051//104
f 771//1 1051//1 1044//1
f 1051//1 1049//1 1044//1
f 1048//55 1051//55 769//55
f 769//1 1051//1 771//1
f 773//101 1050//101 770//101
f 770//102 1050//102 1052//102
f 1050//5 1048//5 1053//5
f 1050//102 1053//102 1052//102
f 1053//5 1055//5 1054//5
f 1053//103 1054//103 1056//103
f 1048//5 1055//5 1053//5
f 1052//103 1053//103 1056//103
f 1056//72 1054//72 1057//72
f 1058//1 1056//1 1057//1
f 1058//1 1059//1 1056//1
f 1059//1 1052//1 1056//1
f 1060//58 1055//58 1059//58
f 1059//57 1055//57 769//57
f 1058//58 1060//58 1059//58
f 1059//1 769//1 1052//1
f 1055//5 1060//5 941//5
f 1060//5 937//5 941//5
f 937//59 1060//59 1058//59
f 1061//1 1058//1 1057//1
f 1061//59 937//59 1058//59
f 938//34 937//34 1061//34
f 1062//34 938//34 1061//34
f 933//1 1062//1 1061//1
f 933//1 1061//1 1057//1
f 933//1 947//1 1062//1
f 936//60 938//60 1062//60
f 947//60 936//60 1062//60
f 933//1 1057//1 1063//1
f 1054//72 941//72 1057//72
f 1057//71 941//71 1063//71
f 1063//1 1065//1 1064//1
f 926//1 1063//1 1064//1
f 933//1 1063//1 926//1
f 1063//70 940//70 1065//70
f 941//71 940//71 1063//71
f 1065//69 1067//69 1066//69
f 891//1 1065//1 1066//1
f 1064//1 1065//1 891//1
f 940//70 1067//70 1065//70
f 1067//69 1068//69 1066//69
f 1067//5 940//5 935//5
f 1067//5 935//5 1068//5
f 1066//68 1068//68 1071//68
f 1068//5 1070//5 1069//5
f 1068//68 1069//68 1071//68
f 935//5 1070//5 1068//5
f 1071//1 1073//1 1072//1
f 1074//1 1071//1 1072//1
f 1071//67 1069//67 1073//67
f 1066//1 1071//1 1074//1
f 1074//26 888//26 1075//26
f 1074//5 1075//5 885//5
f 886//5 891//5 1074//5
f 886//5 1074//5 885//5
f 1077//25 1074//25 1076//25
f 1076//25 1074//25 1072//25
f 1077//24 891//24 1074//24
f 891//1 1066//1 1074//1
f 1074//24 1078//24 888//24
f 891//24 1078//24 1074//24
f 1078//1 889//1 888//1
f 740//1 889//1 1078//1
f 891//44 740//44 1078//44
f 1070//24 891//24 1077//24
f 1069//5 1070//5 1077//5
f 1069//5 1077//5 1080//5
f 1080//5 1077//5 1079//5
f 1077//5 1076//5 1079//5
f 1080//66 1079//66 1081//66
f 1073//66 1080//66 1081//66
f 1069//67 1080//67 1073//67
f 1081//65 1079//65 1082//65
f 1072//1 1081//1 1082//1
f 1072//1 1073//1 1081//1
f 1083//1 1072//1 1082//1
f 1083//1 1082//1 1084//1
f 1082//1 1086//1 1084//1
f 1079//65 1085//65 1082//65
f 1082//64 1085//64 1086//64
f 1086//1 1088//1 1084//1
f 1085//64 1087//64 1086//64
f 1086//62 1087//62 1088//62
f 1084//1 1088//1 1090//1
f 1087//62 1089//62 1088//62
f 1088//63 1089//63 1091//63
f 1088//1 1091//1 1090//1
f 1089//63 1093//63 1091//63
f 1091//118 1093//118 1092//118
f 1091//1 1092//1 1090//1
f 1093//5 1089//5 1095//5
f 1093//118 1094//118 1092//118
f 1094//5 1093//5 1095//5
f 1095//61 1097//61 1096//61
f 1090//61 1095//61 1096//61
f 1095//5 1089//5 1097//5
f 1098//40 1095//40 1090//40
f 1098//5 1099//5 1095//5
f 1099//5 1094//5 1095//5
f 1101//116 1100//116 1099//116
f 1099//116 1100//116 1102//116
f 1094//117 1099//117 1102//117
f 1101//5 1099//5 1098//5
f 1102//1 1107//1 1103//1
f 1092//1 1102//1 1103//1
f 1105//28 1104//28 1102//28
f 1102//28 1104//28 1106//28
f 868//49 1102//49 1106//49
f 1102//5 868//5 870//5
f 1105//5 1102//5 870//5
f 1092//117 1094//117 1102//117
f 1102//1 1100//1 1107//1
f 1107//41 1109//41 1103//41
f 1107//41 1103//41 1110//41
f 1107//5 1105//5 1103//5
f 1009//79 1107//79 1108//79
f 1107//1 1100//1 1108//1
f 1109//79 1107//79 1009//79
f 1111//41 1107//41 1110//41
f 1107//46 1111//46 829//46
f 1105//5 1107//5 829//5
f 1106//1 1104//1 1111//1
f 1111//1 1104//1 1112//1
f 829//46 1111//46 1112//46
f 1106//1 1111//1 1110//1
f 1112//1 1104//1 837//1
f 829//50 1112//50 830//50
f 830//50 1112//50 837//50
f 1113//1 1110//1 872//1
f 1110//45 1103//45 872//45
f 1113//1 1106//1 1110//1
f 879//1 1113//1 872//1
f 1114//31 868//31 1113//31
f 1113//49 868//49 1106//49
f 879//31 1114//31 1113//31
f 1114//5 1115//5 1084//5
f 1114//5 1084//5 868//5
f 1115//31 1114//31 879//31
f 1115//5 1075//5 1084//5
f 885//5 1075//5 1115//5
f 885//31 1115//31 875//31
f 875//31 1115//31 879//31
f 1109//41 1098//41 1103//41
f 1101//5 1109//5 1009//5
f 1109//5 1101//5 1098//5
f 1009//78 1108//78 1008//78
f 1008//78 1108//78 1116//78
f 1108//1 1015//1 1116//1
f 1117//1 1015//1 1108//1
f 1100//1 1117//1 1108//1
f 1118//114 1015//114 1117//114
f 1101//115 1117//115 1100//115
f 1118//115 1117//115 1101//115
f 1010//114 1015//114 1118//114
f 1010//5 1118//5 1009//5
f 1118//5 1101//5 1009//5
f 1008//80 1116//80 1119//80
f 1119//80 1116//80 1120//80
f 1116//1 1003//1 1120//1
f 1015//1 1003//1 1116//1
f 1119//24 1120//24 1122//24
f 1122//24 1120//24 1121//24
f 1120//1 1123//1 1121//1
f 1003//1 1006//1 1120//1
f 1006//1 1123//1 1120//1
f 1121//1 1123//1 1124//1
f 1123//122 1125//122 1124//122
f 1123//122 1126//122 1125//122
f 1006//119 1126//119 1123//119
f 1126//5 1119//5 1125//5
f 1126//5 1007//5 1119//5
f 1006//119 1007//119 1126//119
f 1124//121 1125//121 1127//121
f 1119//5 1122//5 1125//5
f 1125//5 1122//5 1127//5
f 1122//5 1128//5 1127//5
f 1127//5 1128//5 1130//5
f 1124//121 1127//121 1129//121
f 1129//123 1127//123 1130//123
f 1130//5 1128//5 1131//5
f 1132//126 1130//126 1131//126
f 1129//123 1130//123 1132//123
f 1132//126 1131//126 852//126
f 853//1 1133//1 1132//1
f 853//1 1132//1 852//1
f 1133//1 1129//1 1132//1
f 1128//106 1121//106 1133//106
f 1128//105 1133//105 1134//105
f 1134//105 1133//105 853//105
f 1133//1 1121//1 1129//1
f 1128//5 1134//5 1131//5
f 1131//5 1134//5 1135//5
f 1134//5 851//5 1135//5
f 1134//104 853//104 851//104
f 1135//5 851//5 1136//5
f 849//124 1135//124 1136//124
f 852//125 1135//125 849//125
f 852//125 1131//125 1135//125
f 849//124 1136//124 848//124
f 851//5 850//5 1136//5
f 850//5 1137//5 1136//5
f 1136//127 1137//127 848//127
f 1137//128 1138//128 857//128
f 1137//127 857//127 848//127
f 850//5 1139//5 1137//5
f 1139//128 1138//128 1137//128
f 1141//150 1140//150 1139//150
f 1139//150 1140//150 1138//150
f 1142//5 1141//5 1139//5
f 1144//5 1142//5 1139//5
f 859//5 1143//5 1139//5
f 850//5 859//5 1139//5
f 1143//5 1144//5 1139//5
f 1144//59 1143//59 1147//59
f 1145//5 1142//5 1144//5
f 1145//34 1144//34 1146//34
f 1146//59 1144//59 1147//59
f 1146//1 1147//1 1138//1
f 1147//58 1143//58 858//58
f 1147//1 858//1 1138//1
f 1084//1 1148//1 1146//1
f 1084//1 1146//1 1138//1
f 1148//34 1145//34 1146//34
f 1097//60 1145//60 1148//60
f 1096//60 1097//60 1148//60
f 1084//1 1096//1 1148//1
f 1097//5 1142//5 1145//5
f 1143//58 859//58 858//58
f 1142//5 1149//5 1141//5
f 1142//5 1150//5 1149//5
f 1142//5 1151//5 1150//5
f 1142//5 1152//5 1151//5
f 1142//5 1153//5 1152//5
f 1089//5 1142//5 1097//5
f 1142//5 1154//5 1153//5
f 1089//5 1087//5 1142//5
f 1142//5 1155//5 1154//5
f 1087//5 1085//5 1142//5
f 1157//5 1155//5 1142//5
f 1085//5 1076//5 1142//5
f 1076//5 1156//5 1142//5
f 1156//5 1157//5 1142//5
f 1156//90 1083//90 1157//90
f 1157//90 1083//90 1158//90
f 1155//55 1157//55 1158//55
f 1158//1 1083//1 1084//1
f 1159//1 1158//1 1084//1
f 1155//55 1158//55 1159//55
f 1159//1 1084//1 1160//1
f 1161//1 1159//1 1160//1
f 1161//91 1162//91 1159//91
f 1162//91 1155//91 1159//91
f 1162//5 1163//5 1154//5
f 1155//5 1162//5 1154//5
f 1162//5 1164//5 1163//5
f 1164//92 1162//92 1161//92
f 1165//5 1166//5 1164//5
f 1165//93 1164//93 1167//93
f 1164//5 1166//5 1163//5
f 1167//92 1164//92 1161//92
f 1168//1 1167//1 1160//1
f 1167//1 1161//1 1160//1
f 903//1 1167//1 1168//1
f 903//93 1165//93 1167//93
f 1154//12 1168//12 1160//12
f 1163//12 1168//12 1154//12
f 1163//146 1166//146 1168//146
f 1166//146 1169//146 1168//146
f 1169//1 903//1 1168//1
f 1166//145 1170//145 1169//145
f 1170//145 910//145 1169//145
f 910//1 903//1 1169//1
f 911//5 1170//5 1165//5
f 1165//5 1170//5 1166//5
f 1170//144 913//144 910//144
f 911//5 913//5 1170//5
f 911//34 1165//34 903//34
f 1160//1 1084//1 1171//1
f 1154//12 1160//12 1153//12
f 1153//12 1160//12 1171//12
f 1171//1 1084//1 1172//1
f 1153//11 1171//11 1172//11
f 1172//1 1084//1 1173//1
f 1152//11 1153//11 1172//11
f 1152//147 1172//147 1173//147
f 1173//1 1084//1 1174//1
f 1151//8 1173//8 1174//8
f 1151//147 1152//147 1173//147
f 1174//1 1084//1 1175//1
f 1150//8 1151//8 1174//8
f 1150//148 1174//148 1175//148
f 1175//1 1084//1 1140//1
f 1149//149 1175//149 1140//149
f 1149//148 1150//148 1175//148
f 1156//89 1072//89 1083//89
f 1076//89 1072//89 1156//89
f 1141//149 1149//149 1140//149
f 1140//1 1084//1 1138//1
f 1138//1 858//1 857//1
f 1121//1 1124//1 1129//1
f 1122//106 1121//106 1128//106
f 1007//5 1008//5 1119//5
f 818//27 815//27 1105//27
f 1105//27 815//27 1104//27
f 1103//5 1105//5 870//5
f 818//5 1105//5 829//5
f 837//1 1104//1 835//1
f 835//1 1104//1 842//1
f 1104//1 1176//1 842//1
f 1104//1 815//1 1176//1
f 1176//52 840//52 842//52
f 1177//53 836//53 1176//53
f 1176//52 836//52 840//52
f 815//1 1177//1 1176//1
f 815//1 831//1 1177//1
f 831//47 833//47 1177//47
f 1177//53 833//53 836//53
f 1103//45 870//45 872//45
f 1103//40 1098//40 1090//40
f 1092//1 1103//1 1090//1
f 1084//1 1090//1 1096//1
f 1079//5 1076//5 1085//5
f 868//5 1084//5 856//5
f 1084//5 1179//5 1178//5
f 1084//5 1178//5 1183//5
f 1084//5 1180//5 1179//5
f 1084//5 900//5 1180//5
f 1084//5 1181//5 900//5
f 1182//5 1181//5 1084//5
f 1075//5 1182//5 1084//5
f 1084//5 1183//5 856//5
f 1183//132 1178//132 874//132
f 1183//130 874//130 856//130
f 1182//28 880//28 1181//28
f 1182//27 883//27 880//27
f 1075//27 883//27 1182//27
f 1184//49 1181//49 882//49
f 1181//5 1184//5 900//5
f 1181//28 880//28 882//28
f 1186//31 1184//31 1185//31
f 1185//49 1184//49 882//49
f 1184//5 1186//5 900//5
f 903//32 1186//32 1187//32
f 1187//31 1186//31 1185//31
f 1186//5 903//5 900//5
f 1187//1 1185//1 881//1
f 907//32 903//32 1187//32
f 907//1 1187//1 881//1
f 1185//1 882//1 881//1
f 1180//33 881//33 878//33
f 1180//29 878//29 877//29
f 900//33 881//33 1180//33
f 1179//29 1180//29 877//29
f 1178//30 1179//30 876//30
f 1179//30 877//30 876//30
f 1178//132 876//132 874//132
f 1075//26 888//26 883//26
f 1070//134 1064//134 891//134
f 935//134 1064//134 1070//134
f 935//135 926//135 1064//135
f 1054//5 1055//5 941//5
f 1055//57 1048//57 769//57
f 769//1 770//1 1052//1
f 1044//1 1049//1 1042//1
f 1045//105 973//105 1049//105
f 1042//1 1049//1 1031//1
f 1049//1 973//1 1031//1
f 970//105 973//105 1045//105
f 1038//96 1031//96 1028//96
f 1030//5 1038//5 1026//5
f 1038//94 1028//94 1026//94
f 1031//1 973//1 1032//1
f 1030//5 1026//5 1023//5
f 955//1 956//1 962//1
f 957//41 950//41 943//41
f 952//1 957//1 943//1
f 944//75 952//75 945//75
f 945//1 952//1 943//1
f 948//61 936//61 947//61
f 948//5 939//5 936//5
f 944//5 939//5 948//5
f 927//135 926//135 935//135
f 928//1 933//1 926//1
f 929//5 921//5 920//5
f 929//41 920//41 923//41
f 923//81 920//81 1188//81
f 918//1 923//1 1188//1
f 1188//107 914//107 909//107
f 916//1 1188//1 909//1
f 916//1 918//1 1188//1
f 920//81 914//81 1188//81
f 908//1 916//1 909//1
f 913//144 908//144 910//144
f 901//1 907//1 881//1
f 892//43 741//43 740//43
f 892//44 740//44 891//44
f 742//1 889//1 740//1
f 856//130 874//130 864//130
f 856//131 864//131 847//131
f 847//131 864//131 863//131
f 855//1 1189//1 863//1
f 1189//41 847//41 863//41
f 846//41 847//41 1189//41
f 855//1 844//1 1189//1
f 844//1 842//1 1189//1
f 842//51 846//51 1189//51
f 842//51 840//51 846//51
f 840//5 839//5 846//5
f 815//1 788//1 831//1
f 819//27 808//27 818//27
f 779//26 809//26 819//26
f 819//26 809//26 808//26
f 778//5 779//5 819//5
f 818//27 808//27 815//27
f 816//1 788//1 815//1
f 779//44 776//44 809//44
f 804//5 780//5 806//5
f 795//5 780//5 804//5
f 782//28 786//28 765//28
f 765//28 786//28 764//28
f 782//5 765//5 768//5
f 767//22 757//22 742//22
f 755//1 758//1 767//1
f 755//1 767//1 742//1
f 744//1 755//1 742//1
f 734//224 736//224 751//224
f 726//24 730//24 725//24
f 728//41 614//41 725//41
f 613//41 614//41 728//41
f 609//5 622//5 608//5
f 617//1 615//1 613//1
f 603//227 108//227 109//227
f 100//1 91//1 88//1
f 89//31 95//31 90//31
f 95//31 74//31 90//31
f 74//5 95//5 73//5
f 90//49 74//49 85//49
f 86//5 65//5 67//5
f 48//23 86//23 54//23
f 69//28 70//28 85//28
f 74//49 69//49 85//49
f 72//1 83//1 76//1
f 43//1 39//1 1190//1
f 40//144 43//144 1190//144
f 37//145 1190//145 1191//145
f 1190//1 34//1 1191//1
f 1190//1 39//1 34//1
f 37//144 40//144 1190//144
f 36//145 37//145 1191//145
f 36//146 1191//146 33//146
f 1191//1 34//1 33//1
f 30//5 36//5 28//5
f 28//146 36//146 33//146
f 28//12 33//12 27//12
f 25//228 16//228 19//228
f 23//228 25//228 19//228
f 18//1 11//1 1192//1
f 12//9 14//9 18//9
f 12//149 18//149 1192//149
f 1192//1 11//1 1193//1
f 8//149 12//149 1192//149
f 8//128 1192//128 1193//128
f 9//152 1193//152 3//152
f 1193//1 4//1 3//1
f 11//1 4//1 1193//1
f 9//128 8//128 1193//128
f 1195//5 1196//5 1194//5
f 1195//41 1194//41 1199//41
f 1196//5 1197//5 1194//5
f 1194//24 1197//24 1198//24
f 1199//41 1194//41 1198//41
f 1200//1 1199//1 1198//1
f 1200//34 1195//34 1199//34
f 1200//34 1196//34 1195//34
f 1196//55 1200//55 1201//55
f 1201//1 1200//1 1198//1
f 1197//55 1196//55 1201//55
f 1197//24 1201//24 1198//24
f 1206//41 1203//41 1202//41
f 1202//41 1203//41 1204//41
f 1205//1 1202//1 1204//1
f 1205//34 1206//34 1202//34
f 1205//34 1207//34 1206//34
f 1207//5 1208//5 1206//5
f 1206//5 1208//5 1203//5
f 1203//24 1208//24 1204//24
f 1208//24 1209//24 1204//24
f 1208//55 1207//55 1209//55
f 1209//1 1205//1 1204//1
f 1207//55 1205//55 1209//55
f 1211//5 1215//5 1210//5
f 1211//41 1210//41 1214//41
f 1215//5 1212//5 1210//5
f 1210//24 1212//24 1213//24
f 1214//41 1210//41 1213//41
f 1215//55 1216//55 1217//55
f 1216//34 1215//34 1211//34
f 1212//55 1215//55 1217//55
f 1212//24 1217//24 1213//24
f 1217//1 1214//1 1213//1
f 1217//1 1216//1 1214//1
f 1216//34 1211//34 1214//34
f 1222//41 1219//41 1218//41
f 1218//41 1219//41 1220//41
f 1221//1 1218//1 1220//1
f 1221//34 1222//34 1218//34
f 1222//5 1223//5 1219//5
f 1224//5 1223//5 1222//5
f 1221//34 1224//34 1222//34
f 1223//55 1224//55 1225//55
f 1224//55 1221//55 1225//55
f 1225//1 1221//1 1220//1
f 1223//24 1225//24 1220//24
f 1219//24 1223//24 1220//24
