time,x,y,yaw,vx,vy,yaw_rate
2.0009999999998906,-3.516266848238546,0.06145296040894258,-0.33215942191626624,0.14765932318098024,0.03849474908787922,-3.7099650219427076
2.0019999999998905,-3.5161196173354905,0.06149033680336042,-0.33586337282644707,0.14681958048660923,0.03624837167069431,-3.697295196361459
2.0029999999998904,-3.515973224088623,0.06152546621825232,-0.33955457079292783,0.14598409443008661,0.03400141942580385,-3.6844638494537363
2.0039999999998903,-3.5158276641768462,0.06155834814281541,-0.3432328544290061,0.14515299135274523,0.0317540199734552,-3.6714712783340686
2.00499999999989,-3.515682933153516,0.06158898219244099,-0.3468980626491985,0.1443263959623824,0.02950629802231685,-3.6583177880250624
2.00599999999989,-3.515539026448194,0.06161736810571843,-0.35055003467682466,0.14350443109424932,0.02725837520054937,-3.645003690797382
2.00699999999989,-3.5153959393686405,0.06164350574127021,-0.35418861005090163,0.14268721746453084,0.025010369886861887,-3.6315293054511217
2.00799999999989,-3.5152536671030616,0.061667395074418284,-0.3578136286322932,0.14187487341801436,0.022762397042577875,-3.617894956546884
2.0089999999998898,-3.515112204722609,0.06168903619368372,-0.3614249306090706,0.141067514672072,0.02051456804614804,-3.604100973598733
2.0099999999998897,-3.5149715471841327,0.06170842929712286,-0.3650223565010532,0.14026525405956627,0.018266990532048617,-3.590147690245916
2.0109999999998895,-3.514831689333197,0.06172557468850566,-0.3686057471635202,0.13946820127383724,0.016019768236600646,-3.57603544342599
2.0119999999998894,-3.514692625907342,0.0617404727733446,-0.3721749437901075,0.13867646261953026,0.01377300085394065,-3.561764572578781
2.0129999999998893,-3.5145543515395956,0.06175312405478645,-0.3757297879149396,0.13789014077366718,0.011526783906162555,-3.547335418918491
2.013999999999889,-3.514416860762212,0.0617635291293832,-0.37927012141408595,0.1371093345620285,0.009281208632521687,-3.532748324820129
2.014999999999889,-3.514280148010627,0.06177168868276427,-0.38279578650648427,0.13633413875656616,0.0070363619035169024,-3.5180036333761047
2.015999999999889,-3.514144207627602,0.06177760348523799,-0.3863066257545324,0.13556464390016262,0.0047923261666011855,-3.503101688188833
2.016999999999889,-3.5140090338675254,0.06178127438735792,-0.38980248206462165,0.13480093616553157,0.0025491794311456825,-3.4880428334748688
2.0179999999998888,-3.513874620900837,0.06178270231549717,-0.3932831986879649,0.1340430972553439,0.0003069953010025003,-3.4728274145644815
2.0189999999998887,-3.5137409628185274,0.06178188826748281,-0.3967486192221593,0.13329120435067646,-0.0019341569365483495,-3.457455778886262
2.0199999999998886,-3.5136080536366623,0.06177883330835109,-0.4001985876140139,0.13254533011452685,-0.004174212156674826,-3.4419282775276163
2.0209999999998884,-3.513475887300874,0.06177353856629284,-0.40363294816426176,0.13180554275632933,-0.006413109169496795,-3.426245267456807
2.0219999999998883,-3.513344457690754,0.0617660052288658,-0.4070515455348563,0.13107190616207534,-0.008650790412406512,-3.4104071144782693
2.022999999999888,-3.5132137586240852,0.06175623453955663,-0.4104542247596097,0.13034448009275937,-0.010887201557720395,-3.3944141969681403
2.023999999999888,-3.513083783860836,0.06174422779477799,-0.41384083125896376,0.12962332045146263,-0.013122291034548114,-3.378266910399712
2.024999999999888,-3.51295452710686,0.06172998634138517,-0.4172112108596662,0.12890847961656696,-0.015356009468183737,-3.361965672618234
2.025999999999888,-3.512825982017227,0.061713511574790825,-0.420565209820057,0.12820000683555322,-0.017588309045645425,-3.3455109297623604
2.026999999999888,-3.512698142199137,0.061694804937744936,-0.42390267486153005,0.1274979486708745,-0.01981914282189093,-3.3289031626589116
2.0279999999998877,-3.5125710012143645,0.06167386791982949,-0.4272234532065268,0.1268023494868495,-0.022048463987195576,-3.3121428934444563
2.0289999999998876,-3.512444552581203,0.06165070205769426,-0.43052739262313644,0.12611325196476472,-0.02427622512151271,-3.2952306920999272
2.0299999999998875,-3.5123187897758834,0.06162530893603216,-0.43381434147603637,0.12543069763271,-0.026502377465564882,-3.278167182533129
2.0309999999998873,-3.5121937062334627,0.06159769018926193,-0.4370841487831268,0.12475472739728534,-0.02872687024019032,-3.260953047818876
2.0319999999998872,-3.512069295348184,0.06156784750385454,-0.4403366642768238,0.12408538206618756,-0.030949650044532113,-3.243589034216176
2.032999999999887,-3.511945550473322,0.06153578262121087,-0.44357173846861675,0.12342270285357877,-0.03317066035977592,-3.226075953630992
2.033999999999887,-3.511822464920531,0.0615014973409746,-0.44678922271520505,0.12276673186361417,-0.035389841178526026,-3.208414684280764
2.034999999999887,-3.511700031958727,0.061464993524648445,-0.44998896928434196,0.12211751255100387,-0.037607128771218044,-3.1906061694357546
2.035999999999887,-3.5115782448125117,0.06142627309937489,-0.4531708314184576,0.12147509016043498,-0.03982245559122899,-3.1726514142495508
2.0369999999998867,-3.511457096660172,0.06138533806174613,-0.45633466339421447,0.12083951214863753,-0.042035750310776734,-3.1545514808301762
2.0379999999998866,-3.511336580631262,0.06134219048151962,-0.45948032057636456,0.12021082859360867,-0.04424693797147593,-3.136307481827248
2.0389999999998865,-3.511216689803782,0.06129683250513526,-0.46260765946460297,0.11958909259503686,-0.046455940227452835,-3.1179205729049437
2.0399999999998863,-3.511097417200957,0.06124926635895374,-0.4657165377325132,0.11897436066854578,-0.048662675655723714,-3.0993919445259257
2.0409999999998862,-3.5109787557876255,0.06119949435216168,-0.4688068142581357,0.11836669313441063,-0.050867060108158585,-3.080722813484851
2.041999999999886,-3.5108606984662476,0.061147518879313946,-0.4718783491461188,0.11776615449934019,-0.05306900708142642,-3.0619144146048813
2.042999999999886,-3.5107432380725285,0.06109334242250493,-0.4749310037417999,0.11717281382816269,-0.05526842808520892,-3.042967992954712
2.043999999999886,-3.5106263673706817,0.061036967553178764,-0.4779646406378848,0.11658674510107953,-0.05746523299391865,-3.023884796867719
2.044999999999886,-3.510510079048344,0.06097839693359969,-0.48097912367463297,0.1160080275516827,-0.05965933037242619,-3.004666071959992
2.0459999999998857,-3.510394365711161,0.06091763331801151,-0.48397431793461093,0.11543674598115215,-0.0618506277712839,-2.985313056260209
2.0469999999998856,-3.5102792198770794,0.06085467955351705,-0.48695008973314974,0.11487299104483771,-0.06403903199121179,-2.965826976488909
2.0479999999998855,-3.5101646339703567,0.06078953858070707,-0.4899063066056484,0.11431685950859985,-0.0662244493199536,-2.9462090454624783
2.0489999999998854,-3.5100506003153398,0.06072221343406375,-0.49284283729281514,0.11376845447363475,-0.06840678574695588,-2.9264604605500923
2.0499999999998852,-3.509937111130028,0.06065270724215775,-0.49575955172485037,0.1132278855698503,-0.0705859471627238,-2.9065824030798773
2.050999999999885,-3.5098241585194634,0.06058102322765042,-0.49865632100545904,0.1126952691190352,-0.07276183955029034,-2.8865760385720813
2.051999999999885,-3.509711734468966,0.06050716470710533,-0.5015330173964563,0.11217072826995056,-0.0749343691761494,-2.866442517669725
2.052999999999885,-3.509599830837253,0.06043113509060649,-0.5043895143035987,0.11165439310798846,-0.07710344278739319,-2.8461829776382332
2.053999999999885,-3.5094884393494548,0.060352937881173845,-0.5072256862641482,0.11114640074211739,-0.07926896782076426,-2.825798544312321
2.0549999999998847,-3.5093775515900574,0.06027257667396206,-0.5100414089365596,0.11064689537142158,-0.08143085262794958,-2.805290334378466
2.0559999999998846,-3.5092671589957876,0.06019005515522486,-0.5128365590925759,0.11015602833258038,-0.08358900671970525,-2.784659457892613
2.0569999999998845,-3.5091572528484587,0.06010537710102571,-0.5156110146119216,0.10967395812805708,-0.08574334102924572,-2.763907020943597
2.0579999999998844,-3.5090478242678023,0.06001854637567654,-0.518364654479698,0.10920085043247178,-0.0878937681926171,-2.74303412838181
2.0589999999998843,-3.5089388642043025,0.059929566929890134,-0.5210973587865086,0.10873687807148384,-0.09004020284027095,-2.722041886538568
2.059999999999884,-3.508830363432072,0.05983844279863989,-0.5238090087312691,0.108282220963317,-0.09218256188941824,-2.7009314058634444
2.060999999999884,-3.508722312541813,0.05974517809873404,-0.5264994866265821,0.10783706600757977,-0.09432076482048632,-2.679703803403229
2.061999999999884,-3.508614701933923,0.0596497770261322,-0.5291686759064762,0.10740160689894795,-0.09645473391244659,-2.658360205035822
2.062999999999884,-3.508507521811839,0.059552243853063236,-0.5318164611362127,0.10697604374831861,-0.09858439417900097,-2.6369017464782307
2.0639999999998837,-3.5084007621768296,0.059452582927839476,-0.5344427280152056,0.10656058081905061,-0.1007096687051909,-2.615329556118163
2.0649999999998836,-3.508294412823854,0.0593507986761008,-0.53704736336637,0.10615542597482581,-0.10283047869304875,-2.593644756633937
2.0659999999998835,-3.508188463337841,0.05924689560146529,-0.5396302551413434,0.10576079155621822,-0.10494674761367496,-2.571848483194304
2.0669999999998834,-3.508082903089751,0.05914087828347959,-0.542191292433179,0.10537689314334796,-0.10705840045018288,-2.5499418828201947
2.0679999999998833,-3.5079777212341328,0.05903275137666938,-0.5447303654868008,0.10500394773193099,-0.10916536206481527,-2.527926111265695
2.068999999999883,-3.5078729067089056,0.05892251961188898,-0.54724736570526,0.1046421712435235,-0.11126755460664817,-2.5058023276256747
2.069999999999883,-3.507768448238045,0.05881018780091102,-0.5497421856491393,0.10429177517337003,-0.11336489356836715,-2.4835716858701886
2.070999999999883,-3.507664334338157,0.05869576084585967,-0.5522147190255278,0.10395296213716641,-0.1154572819677422,-2.4612353222536374
2.071999999999883,-3.507560553330173,0.05857924375569158,-0.554664860661795,0.1036259200364279,-0.11754460197324544,-2.43879433725613
2.0729999999998827,-3.5074570933577034,0.0584606416726849,-0.5570925064579084,0.1033108145324347,-0.11962670314194973,-2.416249770441094
2.0739999999998826,-3.5073539424628413,0.058339960155795664,-0.5594975530332582,0.1030076217729794,-0.12170258926255353,-2.393601132880652
2.0749999999998825,-3.507251089050793,0.058217207524884095,-0.5618798933750181,0.10271580264615209,-0.12376858275790503,-2.3708431430729218
2.0759999999998824,-3.5071485215057985,0.05809239290302072,-0.5642394191133967,0.10243568309892376,-0.12582540798670097,-2.3479784473186793
2.0769999999998823,-3.507046228062779,0.05796552537955072,-0.5665760250702616,0.10216754222308345,-0.12787402591477354,-2.3250100445322706
2.077999999999882,-3.5069441966625035,0.05783661275701639,-0.5688896088667041,0.10191151644356441,-0.12991521892616079,-2.3019405291949915
2.078999999999882,-3.5068424151854725,0.05770566215186544,-0.5711800705022837,0.10166758812847727,-0.13194957497335336,-2.2787720569939185
2.079999999999882,-3.506740871609092,0.057572680199395,-0.5734473118962305,0.10143557980485478,-0.13397746547978262,-2.2555063049448454
2.080999999999882,-3.506639554163966,0.05743767328155794,-0.5756912363922783,0.10121516277711805,-0.1359990222007467,-2.2321444419843393
2.0819999999998817,-3.5065384514705737,0.05730064777400483,-0.5779117482491213,0.10100588903052504,-0.13801412297596927,-2.2086871337378664
2.0829999999998816,-3.5064375526319327,0.0571616102980409,-0.5801087521617031,0.10080724827357516,-0.14002239771638683,-2.1851346014060833
2.0839999999998815,-3.50633684726201,0.05702056795467908,-0.5822821528690405,0.10061873900590154,-0.14202325963570195,-2.161486733306824
2.0849999999998814,-3.506236325444994,0.05687752851833574,-0.5844318548888884,0.10043993354145912,-0.14401595494689587,-2.1377432208260014
2.0859999999998813,-3.50613597763911,0.056732500578139854,-0.5865577623846145,0.10027052084658492,-0.1459996164518299,-2.113903681319441
2.086999999999881,-3.5060357945494625,0.05658549362887583,-0.5886597791377697,0.10011032367055031,-0.14797330837424527,-2.0899677445065743
2.087999999999881,-3.5059357669933293,0.056436518123206866,-0.5907378085870187,0.09995929650136565,-0.14993605728293444,-2.065935099705258
2.088999999999881,-3.5058358857731737,0.05628558549914728,-0.5927917538985699,0.09981751347565831,-0.151886870200935,-2.041805513607204
2.089999999999881,-3.5057361415639883,0.056132708194196496,-0.5948215180446935,0.09968515318619203,-0.15382474353301007,-2.017578830503646
2.0909999999998807,-3.5056365248423895,0.05597789867603962,-0.5968270049133917,0.09956242254938966,-0.15575069472680475,-1.9932582702959345
2.0919999999998806,-3.505537025913486,0.05582116787718372,-0.5988081238307744,0.09944945683676197,-0.157667199015109,-1.9688494067323503
2.0929999999998805,-3.5054376349180543,0.0556625251355546,-0.600764787334487,0.09934643319945168,-0.15957426227385405,-1.9443537629716283
2.0939999999998804,-3.505338341819877,0.055501979847400865,-0.6026969093184107,0.09925354451427311,-0.1614717734341393,-1.9197726893891933
2.0949999999998803,-3.505239136383612,0.05533954162585763,-0.6046044050238966,0.09917099163722203,-0.16335960976845407,-1.8951075313134
2.09599999999988,-3.505140008170915,0.0551752202105637,-0.6064871910373568,0.09909897886031539,-0.16523764214508058,-1.870359633849681
2.09699999999988,-3.505040946538817,0.05500902547220607,-0.6083451852914962,0.09903771048864297,-0.16710573835325568,-1.845530344497333
2.09799999999988,-3.504941940641035,0.05484096741446303,-0.6101783070684121,0.09898738836091006,-0.16896376509513616,-1.8206210143872326
2.09899999999988,-3.504842979431364,0.05467105617444603,-0.6119864770034956,0.09894821014852115,-0.17081158908465657,-1.7956329987246171
2.0999999999998797,-3.504744051668439,0.0544993020223657,-0.613769617089546,0.09892036828636698,-0.17264907756468317,-1.7705676568263662
2.1009999999998796,-3.5046451459212977,0.05432571536088704,-0.6155276506808282,0.09890404940894952,-0.17447609845641637,-1.7454263520004862
2.1019999999998795,-3.5045462505753053,0.054150306724462714,-0.6172605024969955,0.09889943418596787,-0.1762925202845339,-1.720210451417938
2.1029999999998794,-3.5044473538380743,0.053973086778816536,-0.6189680986269194,0.09890669747065711,-0.1780982119720668,-1.694921326062613
2.1039999999998793,-3.5043484437451085,0.05379406632067394,-0.6206503665325268,0.09892600869133218,-0.17989304256492908,-1.6695603508045593
2.104999999999879,-3.5042495081649556,0.05361325627778878,-0.6223072350527828,0.09895753243146278,-0.18167688092295667,-1.644128904617011
2.105999999999879,-3.5041505348037063,0.053430667709287755,-0.6239386344079646,0.09900142915617742,-0.1834495953989404,-1.618628370943982
2.106999999999879,-3.5040515112086994,0.053246311806337425,-0.6255444962043784,0.09905785605350376,-0.1852110535170664,-1.5930601382183285
2.107999999999879,-3.5039524247713447,0.05306019989313146,-0.627124753439669,0.0991269679671144,-0.1869611216557114,-1.5674256005277247
2.1089999999998787,-3.5038532627289687,0.05287234342819265,-0.6286793405088685,0.09920891840411047,-0.1886996647355063,-1.5417261584261996
2.1099999999998786,-3.503754012165622,0.052682754005985016,-0.630208193211328,0.09930386060668173,-0.19042654591117153,-1.51596321989067
2.1109999999998785,-3.5036546600117857,0.05249144335883343,-0.6317112487586798,0.09941194868054988,-0.19214162626429976,-1.490138201424569
2.1119999999998784,-3.5035551930429216,0.05229842335915148,-0.6331884457839787,0.0995333387761153,-0.19384476449365545,-1.4642525293137814
2.1129999999998783,-3.5034555978768154,0.05210370602198172,-0.6346397243521787,0.09966819032032559,-0.19553581659944705,-1.438307641043395
2.113999999999878,-3.503355860969666,0.0519073035078561,-0.6360650259721117,0.0998166672985664,-0.19721463555826454,-1.4123049868870803
2.114999999999878,-3.5032559686108606,0.051709228125987196,-0.6374642936101474,0.09997893958638734,-0.19888107098589008,-1.386246031684111
2.115999999999878,-3.503155906916405,0.05150949233780364,-0.6388374717057331,0.10015518433062345,-0.20053496878595278,-1.3601322568219925
2.116999999999878,-3.503055661820936,0.05130810876084427,-0.6401845061890251,0.10034558737840546,-0.20217617078342173,-1.3339651624452213
2.1179999999998778,-3.5029552190682907,0.051105090173026196,-0.6415053445008528,0.10055034475056758,-0.203804514343253,-1.3077462699126363
2.1189999999998776,-3.5028545642005806,0.050900449517300904,-0.642799935615274,0.10076966415289837,-0.20541983197619493,-1.2814771245267713
2.1199999999998775,-3.5027536825457393,0.05069419990670898,-0.6440682300650047,0.10100376651430779,-0.20702195093590575,-1.2551592985580742
2.1209999999998774,-3.502652559203528,0.05048635462983932,-0.6453101799700289,0.10125288753499595,-0.20861069281426764,-1.2287943945840127
2.1219999999998773,-3.502551179029994,0.050276927156689376,-0.6465257390697123,0.10151727921971009,-0.21018587314524176,-1.2023840491567779
2.122999999999877,-3.502449526620426,0.05006593114491116,-0.647714862758748,0.10179721136066727,-0.21174730103197636,-1.1759299368017988
2.123999999999877,-3.5023475862908646,0.04985338044640986,-0.6488775081272612,0.10209297292108299,-0.21329477881735723,-1.149433774330044
2.124999999999877,-3.5022453420583117,0.049639289114238816,-0.6500136340053645,0.10240487325272367,-0.21482810182501105,-1.1228973254163768
2.125999999999877,-3.5021427776198415,0.04942367140970318,-0.6511232010123879,0.102733243058579,-0.21634705820618513,-1.0963224053484864
2.1269999999998768,-3.5020398763309277,0.049206541809544625,-0.6522061716108761,0.10307843498352429,-0.21785142893819623,-1.0697108857778999
2.1279999999998767,-3.501936621183429,0.04898791501302705,-0.6532625101652283,0.1034408236803813,-0.21934098803252516,-1.0430646991938122
2.1289999999998765,-3.5018329947838542,0.04876780594867879,-0.6542921830044959,0.10382080515445725,-0.2208155030253793,-1.0163858426729686
2.1299999999998764,-3.5017289793327517,0.048546229780364936,-0.6552951584882903,0.10421879513438333,-0.22227473584087137,-0.9896763802050536
2.1309999999998763,-3.5016245566063513,0.048323201912263636,-0.656271407073873,0.10463522614814084,-0.2237184441370854,-0.96293844250629
2.131999999999876,-3.501519707941948,0.04809873799219873,-0.6572209013811345,0.10507054289664092,-0.22514638326848868,-0.9361742226387592
2.132999999999876,-3.5014144142289827,0.04787285391263433,-0.6581436162500615,0.10552519540710698,-0.22655830902491192,-0.9093859648248063
2.133999999999876,-3.501308655908365,0.04764556580846154,-0.6590395287819983,0.10599962930503988,-0.22795398133876263,-0.8825759423753662
2.134999999999876,-3.501202412983316,0.04741689005049717,-0.6599086183508444,0.10649427235027667,-0.2293331691906542,-0.8557464182807419
2.1359999999998758,-3.501095665046032,0.04718684323335977,-0.6607508665620923,0.10700951611168066,-0.23069565699405387,-0.8288995781300266
2.1369999999998757,-3.500988391325735,0.04695544215607354,-0.6615662571243434,0.10754569125997399,-0.23204125281101748,-0.8020374186000133
2.1379999999998756,-3.50088057076553,0.04672270379334698,-0.6623547755763096,0.1081030343668275,-0.23336979886026846,-0.7751615641614231
2.1389999999998754,-3.500772182137973,0.04648864525492714,-0.6631164087771434,0.10868164321342792,-0.23468118495792203,-0.7482729678275791
2.1399999999998753,-3.5006632042128953,0.046253283729638606,-0.6638511440123952,0.10928141635464968,-0.23597536585660175,-0.7213714282522012
2.1409999999998752,-3.5005536159960036,0.04601663640942345,-0.6645589674888259,0.10990197117960165,-0.23725238416148106,-0.6944548360283075
2.141999999999875,-3.5004433970630484,0.045778720386139254,-0.6652398619142241,0.11054253384441427,-0.23851240244090166,-0.6675181026735771
2.142999999999875,-3.5003325280198827,0.04553955250768068,-0.6658938029205352,0.11120179722966717,-0.2397557537289926,-0.6405520112898698
2.143999999999875,-3.5002209911163344,0.04529914916496809,-0.666520754705621,0.11187774555502338,-0.2409829949505518,-0.6135430663179078
2.144999999999875,-3.500108771299613,0.04505752688190946,-0.6671206663759494,0.11256704095386097,-0.24219350625557115,-0.5864751855664261
2.1459999999998747,-3.499995856923163,0.044814701525249016,-0.6676934736085173,0.11326595007318041,-0.24338843606059427,-0.5593399698031879
2.1469999999998746,-3.4998822403013152,0.04457068745385534,-0.6682391108433563,0.11397076197365086,-0.24457106105461193,-0.532143036180826
2.1479999999998745,-3.49976791733967,0.04432549538153524,-0.6687575235309472,0.1146778188594631,-0.2457445928309593,-0.5048996763779862
2.1489999999998743,-3.4996528873722186,0.044079133059718174,-0.6692486739758741,0.11538401145577408,-0.2469116668866727,-0.47762707979310526
2.1499999999998742,-3.4995371525114085,0.04383160597616769,-0.6697125402249103,0.11608694945690451,-0.24807411065576343,-0.4503390508485245
2.150999999999874,-3.4994207169361675,0.04358291817451609,-0.6701491118282152,0.11678489763261712,-0.2492329679949007,-0.42304482534414306
2.151999999999874,-3.499303586289611,0.0433330729902808,-0.6705583855936489,0.11747664487553756,-0.2503886249757718,-0.39574987406840906
2.152999999999874,-3.4991857672102733,0.043082073645176806,-0.6709403624083277,0.11816139066021943,-0.251540945056941,-0.36845706656765903
2.153999999999874,-3.4990672669643867,0.042829923710408016,-0.6712950451393808,0.11883866431454601,-0.2526893863906819,-0.3411676273913512
2.1549999999998737,-3.4989480931470407,0.042576627461953245,-0.6716224373469581,0.11950826794121187,-0.25383309858193465,-0.3138818085008364
2.1559999999998736,-3.498828253433045,0.04232219014836919,-0.6719225425500093,0.12017023215437769,-0.25497100107037046,-0.28659933420217926
2.1569999999998735,-3.4987077553680637,0.042066618188436315,-0.6721953638521536,0.12082481511987984,-0.2561020874990378,-0.2593198866234724
2.1579999999998734,-3.498586605894555,0.04180991726015432,-0.6724409051651332,0.12147284375522668,-0.25722812530752154,-0.2320454192122999
2.1589999999998732,-3.498464811327857,0.04155209275927117,-0.6726591719450663,0.12211496438709789,-0.2583493874013822,-0.20477660694203112
2.159999999999873,-3.498342377232135,0.041293149352737805,-0.6728501699745753,0.12275178556161458,-0.25946554261211074,-0.17751370035390882
2.160999999999873,-3.4982193085919326,0.041033092333579595,-0.6730139053204338,0.1233839434513937,-0.2605762113051047,-0.15025702176869288
2.161999999999873,-3.4980956097488445,0.0407719273906546,-0.673150384417096,0.12401208467219531,-0.26168098484694746,-0.12300698643654681
2.162999999999873,-3.497971284398132,0.040509660629248094,-0.6732596141652525,0.12463685280319257,-0.2627794419746054,-0.09576411222587036
2.1639999999998727,-3.497846335597231,0.0402462985769406,-0.6733416020358932,0.12525887800406663,-0.26387116180364534,-0.06852902144253065
2.1649999999998726,-3.497720765783296,0.03998184817803876,-0.6733963561733683,0.1258787692236832,-0.26495573367667014,-0.04130243738097243
2.1659999999998725,-3.49759457679742,0.039716316779550134,-0.6734238854931957,0.12649710856708835,-0.2660327642737677,-0.014085177537644048
2.1669999999998724,-3.497467769913566,0.039449712111211115,-0.6734241997720162,0.12711444744896,-0.26710188387384415,0.013121843597954028
2.1679999999998723,-3.4973403458705183,0.03918204224207321,-0.6733973098479015,0.12773130431142318,-0.26816278199516397,0.040317357797449424
2.168999999999872,-3.4972123049057293,0.03891331552574063,-0.6733432280316949,0.12834816315018097,-0.26921520935941745,0.06749975154614593
2.169999999999872,-3.4970836467900828,0.03864354054873712,-0.6732619682840901,0.12896547293081964,-0.27025894460375066,0.09466735372963296
2.170999999999872,-3.4969543708628255,0.03837272610425786,-0.6731535462552483,0.12958364797993613,-0.27129379250386887,0.12181845823716832
2.171999999999872,-3.4968244760658065,0.03810088116797143,-0.6730179793154155,0.13020306890561592,-0.27231958327890343,0.1489513325947164
2.1729999999998717,-3.496693960976584,0.03782801487307095,-0.6728552865772854,0.13082408389363695,-0.27333617152534784,0.17606422583623346
2.1739999999998716,-3.4965628238400965,0.037554136486524156,-0.6726654889108818,0.1314470102647806,-0.274343434910437,0.20315537558998298
2.1749999999998715,-3.496431062598681,0.03727925538671077,-0.672448608951743,0.1320721362020036,-0.27534127272313436,0.23022301439445605
2.1759999999998714,-3.4962986749203115,0.03700338104255098,-0.6722046711031596,0.1326997225759029,-0.27632960435540743,0.25726537528197685
2.1769999999998713,-3.4961656582249803,0.03672652299416631,-0.671933701533175,0.13333000481322926,-0.2773083677665732,0.2842806966814765
2.177999999999871,-3.496032009709211,0.0364486908350697,-0.6716357281669981,0.1339631947665715,-0.2782775179681403,0.31126722669835366
2.178999999999871,-3.4958977263687117,0.03616989419585036,-0.6713107806754237,0.1345994825541396,-0.2792370255548579,0.3382232268310917
2.179999999999871,-3.495762805019212,0.03589014272929777,-0.670958890459793,0.1352390383472096,-0.2801868752988433,0.3651469751830272
2.180999999999871,-3.4956272423155466,0.035609446096896084,-0.6705800906339712,0.1358820140896126,-0.28112706481707606,0.39203676922454955
2.1819999999998707,-3.4954910347690533,0.03532781395661229,-0.6701744160037675,0.1365285451389673,-0.28205760331771035,0.4188909281568572
2.1829999999998706,-3.4953541787633764,0.03504525595189798,-0.6697419030441695,0.13717875182345013,-0.28297851042716504,0.4457077949237819
2.1839999999998705,-3.4952166705687557,0.03476178170182407,-0.6692825898747248,0.13783274091099898,-0.28388981509748507,0.4724857379134838
2.1849999999998704,-3.4950785063548864,0.03447740079226888,-0.6687965162333602,0.13849060699015733,-0.28479155459177474,0.49922315238724624
2.1859999999998703,-3.4949396822024457,0.034192122768083325,-0.6682837234488952,0.1391524337634436,-0.2856837735443908,0.5259184616683142
2.18699999999987,-3.4948001941133686,0.033905957126160166,-0.6677442544124729,0.13981829525531356,-0.2865665230918975,0.5525701181197908
2.18799999999987,-3.4946600380199544,0.0336189133093388,-0.6671781535481094,0.14048825693757686,-0.2874398600704137,0.5791766039370752
2.18899999999987,-3.4945192097928923,0.03333100070108138,-0.666585466782533,0.14116237677561988,-0.2883038462748314,0.6057364317771833
2.18999999999987,-3.4943777052482727,0.03304222862086073,-0.6659662415144683,0.1418407061990451,-0.28915854777539246,0.6322481452445469
2.1909999999998697,-3.4942355201536706,0.032752606320204776,-0.6653205265834973,0.1425232910004142,-0.2900040342872207,0.6587103192504874
2.1919999999998696,-3.49409265023336,0.03246214297934675,-0.6646483722386198,0.14321017216572307,-0.2908403785885836,0.6851215602615031
2.1929999999998695,-3.4939490911727313,0.03217084770443444,-0.6639498301066146,0.14390138664006874,-0.29166765598387273,0.7114805064497487
2.1939999999998694,-3.4938048386219775,0.031878729525255715,-0.6632249531602933,0.144596968031719,-0.2924859438075213,0.737785827757599
2.1949999999998693,-3.4936598881991,0.031585797393441035,-0.6624737956867297,0.14529694725747916,-0.2932953209653037,0.7640362258869379
2.195999999999869,-3.493514235492304,0.031292060181107466,-0.6616964132555321,0.14600135313187868,-0.294095867509676,0.7902304342227907
2.196999999999869,-3.4933678760618254,0.030997526679911576,-0.6608928626872217,0.14671021290228148,-0.2948876642460003,0.8163672177000787
2.197999999999869,-3.4932208054412546,0.03070220560048194,-0.6600632020217693,0.14742355273155971,-0.2956707923666496,0.8424453726216165
2.198999999999869,-3.493073019138399,0.030406105572204817,-0.659207490487335,0.148141398129462,-0.2964453331100936,0.8684637264349679
2.1999999999998687,-3.4929245126357444,0.030109235143339394,-0.6583257884692487,0.14886377433325174,-0.2972113674421228,0.8944211374754163
2.2009999999998686,-3.4927752813905535,0.029811602781441977,-0.6574181574792618,0.1495907066375838,-0.29796897575635894,0.9203164946820734
2.2019999999998685,-3.4926253208346694,0.029513216874081215,-0.6564846601250925,0.15032222067292275,-0.29871823759111854,0.9461487172940428
2.2029999999998684,-3.4924746263740607,0.029214085729829614,-0.6555253600802836,0.1510583426310732,-0.29945923135953256,0.9719167545335504
2.2039999999998683,-3.4923231933881707,0.028914217579519695,-0.6545403220543791,0.15179909943558545,-0.3001920340895577,0.9976195852830588
2.204999999999868,-3.4921710172291234,0.02861362057775678,-0.6535296117634248,0.15254451885390266,-0.30091672117013385,1.0232562177635776
2.205999999999868,-3.4920180932208527,0.02831230280468436,-0.6524932959007868,0.1532946295471205,-0.30163336609922253,1.048825689221663
2.206999999999868,-3.491864416658208,0.028010272268002543,-0.6514314421082742,0.15404946105212122,-0.3023420402287785,1.0743270656329538
2.207999999999868,-3.491709982806123,0.027707536905245574,-0.6503441189475487,0.15480904368960874,-0.3030428125008371,1.0997594414305119
2.2089999999998677,-3.491554786898907,0.02740410458633058,-0.649231395871788,0.15557340839019668,-0.3037357491678052,1.125121939266691
2.2099999999998676,-3.4913988241397664,0.02709998311639748,-0.6480933431975674,0.15634258642917606,-0.3044209134886948,1.150413709817751
2.2109999999998675,-3.4912420897006293,0.026795180238968836,-0.6469300320769116,0.1571166090589055,-0.3050983653913932,1.1756339316409163
2.2119999999998674,-3.491084578722405,0.0264897036394695,-0.6457415344694587,0.15789550702592461,-0.30576816108909205,1.2007818110940234
2.2129999999998673,-3.4909262863157853,0.026183560949158736,-0.6445279231146692,0.15867930995790056,-0.30643035263666707,1.225856582328264
2.213999999999867,-3.4907672075627296,0.025876759749543177,-0.6432892715040008,0.15946804560341263,-0.3070849874101053,1.2508575073647563
2.214999999999867,-3.4906073375187976,0.025569307577357262,-0.6420256538529607,0.1602617389054238,-0.3077321074890456,1.2757838762656706
2.215999999999867,-3.4904466712164934,0.0252612119302194,-0.6407371450729349,0.16106041088720274,-0.3083717489192218,1.3006350074103448
2.216999999999867,-3.4902852036698335,0.024952480273096968,-0.6394238207426846,0.1618640773276519,-0.3090039408282927,1.3254102478860732
2.2179999999998667,-3.490122929880352,0.024643120045741207,-0.6380857570793914,0.16267274720180905,-0.3096287043656063,1.3501089740019605
2.2189999999998666,-3.489959844844792,0.02433313867128354,-0.6367230309091243,0.16348642086226944,-0.3102460514345954,1.3747305919321653
2.2199999999998665,-3.4897959435647565,0.024022543566216147,-0.6353357196365966,0.1643050879392862,-0.3108559831869243,1.3992745384918488
2.2209999999998664,-3.489631221058605,0.023711342152008326,-0.6339239012140815,0.16512872494265146,-0.3114584882521312,1.42374028204495
2.2219999999998663,-3.4894656723759017,0.023399541868631166,-0.6324876541093556,0.16595729255907102,-0.31205354068828733,1.448127323537303
2.222999999999866,-3.48929929261471,0.023087150190266588,-0.6310270572725529,0.16679073265733976,-0.3126410976624959,1.4724351976414303
2.223999999999866,-3.4891320769420116,0.02277417464344876,-0.6295421901018264,0.16762896504383393,-0.31322109691091293,1.4966634739905444
2.224999999999866,-3.4889640206174546,0.02246062282780499,-0.6280331324077446,0.16847188405705177,-0.31379345409405596,1.5208117584690772
2.225999999999866,-3.4887951190205206,0.0221465024393999,-0.6264999643763866,0.16931935515663984,-0.3143580602627299,1.5448796945160634
2.2269999999998658,-3.488625367681001,0.021831821296404923,-0.62494276653115,0.17017121175232075,-0.3149147797888532,1.5688669643869424
2.2279999999998656,-3.4884547623123665,0.021516587366375746,-0.6233616196933441,0.1710272526289996,-0.3154634492911397,1.5927732903100529
2.2289999999998655,-3.4882832988472163,0.02120080879379721,-0.6217566049417081,0.1718872404428452,-0.3160038782759558,1.6165984354667577
2.2299999999998654,-3.488110973473448,0.0208844939257584,-0.6201278035710701,0.17275090185826023,-0.3165358523631129,1.6403422047166054
2.2309999999998653,-3.4879377826692215,0.020567651332739658,-0.618475297050446,0.17361792991371772,-0.3170591399742663,1.6640044449738423
2.231999999999865,-3.4877637232342606,0.02025028982073454,-0.6167991669809886,0.1744879890746431,-0.3175735030899298,1.6875850451048446
2.232999999999865,-3.487588792314715,0.01993241843063606,-0.6150994950543592,0.17536072309206183,-0.31807871200420695,1.7110839351409637
2.233999999999865,-3.487412987418967,0.019614046421401764,-0.6133763630123593,0.17623576523443904,-0.31857456291577335,1.734501084483217
2.234999999999865,-3.4872363064225054,0.01929518323528673,-0.6116298526090452,0.1771127498096568,-0.31906089592222125,1.7578364986452881
2.2359999999998648,-3.4870587475613233,0.01897583844634288,-0.6098600455770473,0.17799132338041074,-0.31953761003972636,1.7810902140212197
2.2369999999998647,-3.486880309414973,0.01865602169681699,-0.6080670236002851,0.17887115396884906,-0.32000467184757797,1.804262290282471
2.2379999999998645,-3.486700990881941,0.018335742628961156,-0.6062508682955073,0.17975193697739528,-0.32046211555680437,1.8273528003660233
2.2389999999998644,-3.4865207911508844,0.018015010821004217,-0.6044116612048673,0.18063339738924358,-0.32091003440583277,1.8503618185432318
2.2399999999998643,-3.486339709671332,0.017693835735359806,-0.6025494838003586,0.18151528852545284,-0.32134856423517083,1.8732894118510692
2.240999999999864,-3.486157746127618,0.01737222669075202,-0.6006644174801539,0.18239738730763244,-0.3217778549727312,1.8961356633970028
2.241999999999864,-3.4859749004165135,0.017050192852101683,-0.5987565435628066,0.18327949090117432,-0.32219805830717724,1.9189006404540452
2.242999999999864,-3.4857911726290958,0.01672774323638354,-0.5968259433213671,0.18416141319845705,-0.3226093180749455,1.9415843652560338
2.243999999999864,-3.485606563035802,0.016404886725193076,-0.5948726980320858,0.18504298094507918,-0.3230117591809139,1.9641868084602496
2.2449999999998638,-3.4854210720751917,0.016081632087331148,-0.592896889028034,0.1859240305696814,-0.3234054807869554,1.9867078854439832
2.2459999999998637,-3.48523470034556,0.015757988006390746,-0.5908985977553434,0.18680440571306198,-0.3237905533066019,2.009147454693037
2.2469999999998636,-3.4850474485987304,0.015433963109836479,-0.5888779058302159,0.18768395532238935,-0.32416701830777883,2.031505317787327
2.2479999999998634,-3.4848593177355416,0.015109565997116612,-0.5868348950953572,0.18856253215040636,-0.32453489039383715,2.053781220491714
2.2489999999998633,-3.4846703088026842,0.01478480526523117,-0.5847696476749459,0.18943999152078075,-0.3248941602660668,2.075974854530519
2.249999999999863,-3.4844804229906865,0.014459689530890685,-0.5826822460276262,0.19031619025843785,-0.3252447983616352,2.0980858597200496
2.250999999999863,-3.4842896616329067,0.014134227448916178,-0.5805727729972894,0.19119098572065782,-0.32558675864639175,2.120113826228526
2.251999999999863,-3.48409802620546,0.01380842772687374,-0.5784413118615958,0.19206423489393912,-0.325919982294314,2.1420582968142106
2.252999999999863,-3.4839055183280196,0.013482299136145987,-0.5762879463783079,0.19293579354191207,-0.32624440109816294,2.163918768956508
2.253999999999863,-3.4837121397654447,0.013155850519756256,-0.5741127608295632,0.19380551540226504,-0.3265599405332446,2.185694696842249
2.2549999999998627,-3.483517892430187,0.012829090797312105,-0.5719158400642353,0.19467325143774616,-0.3268665224457167,2.2073854932031725
2.2559999999998626,-3.483322778385411,0.012502028967446462,-0.5696972695385256,0.195538849149697,-0.3271640673663701,2.2289905310239666
2.2569999999998624,-3.48312679984877,0.012174674108124473,-0.5674571353548966,0.1964021519636966,-0.3274524964667168,2.250509145155929
2.2579999999998623,-3.4829299591967517,0.011847035375162759,-0.5651955242994208,0.1972629986967381,-0.32773173318136467,2.2719406338815165
2.2589999999998622,-3.482732258969519,0.011519121999282263,-0.5629125238775681,0.19812122311455488,-0.32800170452249205,2.2932842604813115
2.259999999999862,-3.4825337018761378,0.011190943281990322,-0.5606082223484022,0.19897665358662628,-0.32826234211107075,2.314539254858259
2.260999999999862,-3.482334290800104,0.010862508590564054,-0.5582827087571012,0.1998291128452168,-0.3285135829468489,2.335704815275006
2.261999999999862,-3.4821340288050537,0.010533827352386643,-0.5559360729656604,0.2006784178536095,-0.32875536993597954,2.3567801102591566
2.262999999999862,-3.4819329191405526,0.01020490904887065,-0.5535684056815857,0.2015243797874983,-0.3289876521921788,2.377764280728308
2.2639999999998617,-3.481730965247842,0.009875763209187932,-0.5511797984843307,0.20236680413226907,-0.32921038512480416,2.398656442381896
2.2649999999998616,-3.4815281707654324,0.009546399404013249,-0.5487703438491925,0.2032054908975826,-0.3294235303254836,2.419455688400046
2.2659999999998615,-3.481324539534424,0.009216827239477542,-0.5463401351683408,0.20404023494922188,-0.32962705526402597,2.4401610924807513
2.2669999999998613,-3.481120075603435,0.008887056351516189,-0.5438892667686324,0.20487082645653984,-0.32982093280435326,2.4607717122357378
2.2679999999998612,-3.4809147832330263,0.008557096400786437,-0.5414178339258465,0.20569705145201653,-0.3300051405521059,2.4812865929523946
2.268999999999861,-3.4807086668995173,0.00822695706831578,-0.5389259328749776,0.20651869249740118,-0.33017966004731986,2.5017047717143437
2.269999999999861,-3.4805017312980806,0.007896648052028409,-0.5364136608162372,0.2073355294486992,-0.33034447581804804,2.522025281856918
2.270999999999861,-3.480293981345028,0.0075661790642796095,-0.5338811159164496,0.20814734030991655,-0.33049957431382343,2.542247157716546
2.271999999999861,-3.4800854221792052,0.007235559830507408,-0.5313283973055746,0.20895390216307516,-0.33064494274122874,2.5623694396154955
2.2729999999998607,-3.4798760591624234,0.006904800089086756,-0.5287556050681584,0.20975499215967047,-0.3307805678272811,2.5823911790064566
2.2739999999998606,-3.4796658978788755,0.006573909592444285,-0.526162840229598,0.2105503885565807,-0.3309064345395714,2.6023114436860295
2.2749999999998605,-3.4794549441335025,0.006242898109461285,-0.5235502047371996,0.21133987177759866,-0.33102252479480987,2.622129322973313
2.2759999999998604,-3.479243203949295,0.005911775429159914,-0.5209178014361232,0.2121232254803777,-0.331128816189326,2.6418439327405294
2.2769999999998602,-3.4790306835635314,0.005580551365633615,-0.5182657340404196,0.21290023760779198,-0.3312252807858854,2.661454420177747
2.27799999999986,-3.478817389422984,0.005249235764148485,-0.5155941070994848,0.2136707014026065,-0.33131188399072165,2.6809599681740326
2.27899999999986,-3.478603328178136,0.004917838508309271,-0.5129030259603717,0.21443441636500005,-0.33138858355281353,2.7003597992030413
2.27999999999986,-3.478388506676476,0.004586369528153126,-0.5101925967265073,0.21519118913389532,-0.33145532871416067,2.7196531786121767
2.28099999999986,-3.4781729319549615,0.004254838809007743,-0.5074629262134545,0.21594083427519128,-0.3315120595352069,2.7388394172305963
2.2819999999998597,-3.477956611231737,0.0039232564009290425,-0.5047141219024347,0.21668317496277364,-0.3315587064138441,2.7579178732317056
2.2829999999998596,-3.47773955189724,0.003591632428518378,-0.5019462918923786,0.2174180435414624,-0.3315951898098855,2.776887953209271
2.2839999999998595,-3.477521761504798,0.0032599771009107718,-0.4991595448513016,0.21814528196467495,-0.33162142017989293,2.795749112451553
2.2849999999998594,-3.4773032477608554,0.002928300721724331,-0.49635398996780294,0.2188647421033429,-0.3316372981201665,2.8145008544234287
2.2859999999998593,-3.477084018514954,0.0025966136987665618,-0.49352973690346563,0.21957628592633024,-0.3316427147089572,2.833142729490916
2.286999999999859,-3.4768640817495977,0.0022649265533053265,-0.49068689574688784,0.2202797855560724,-0.3316375520328931,2.8516743329445395
2.287999999999859,-3.476643445570118,0.0019332499287298157,-0.487825576970011,0.22097512320623602,-0.3316216838775126,2.870095302396459
2.288999999999859,-3.4764221181946597,0.0016015945984490588,-0.48494589138732724,0.2216621910107663,-0.3315949765578786,2.8884053146405715
2.289999999999859,-3.4762001079443867,0.001269971472900952,-0.48204795011845436,0.22234089075566524,-0.33155728986261024,2.9066040820743857
2.2909999999998587,-3.4759774232339957,0.0009383916055722217,-0.47913186455446494,0.22301113352619806,-0.3315084780833361,2.9246913487863813
2.2919999999998586,-3.475754072562625,0.0006068661979578908,-0.47619774632825185,0.22367283928296333,-0.33144839110146346,2.9426668864130057
2.2929999999998585,-3.4755300645052127,0.00027540660341654293,-0.4732457072891098,0.22432593638042886,-0.33137687550513933,2.960530489865946
2.2939999999998584,-3.4753054077043624,-5.597567009606955e-05,-0.47027585948161504,0.22497036104120027,-0.33129377571116103,2.978281973023513
2.2949999999998583,-3.4750801108627494,-0.00038726895840848763,-0.46728831512879593,0.2256060567985391,-0.3311989350691583,2.995921164470659
2.295999999999858,-3.474854182736096,-0.0007184614406022893,-0.46428318661950807,0.22623297391857805,-0.33109219692840025,3.0134479033611026
2.296999999999858,-3.474627632126735,-0.0010495411395222863,-0.4612605864998601,0.22685106881238923,-0.33097340565086136,3.0308620354630396
2.297999999999858,-3.474400467877752,-0.0013804959232676414,-0.45822062746848113,0.2274603034466355,-0.33084240755752936,3.048163409437613
2.298999999999858,-3.4741726988677284,-0.0017113135075919885,-0.455163422375377,0.2280606447600566,-0.33069905179819126,3.065351873387306
2.2999999999998577,-3.473944334006052,-0.002041981459132401,-0.4520890842240923,0.228652064091575,-0.33054319113797626,3.082427271700121
2.3009999999998576,-3.473715382228796,-0.0023724871993817333,-0.4489977261768733,0.2292345366244054,-0.3303746826566722,3.0993894422051356
2.3019999999998575,-3.4734858524951457,-0.0027028180093160927,-0.4458894615625165,0.22980804084925238,-0.330193388359219,3.116238213646014
2.3029999999998574,-3.4732557537843496,-0.0030329610345886313,-0.44276440388658495,0.23037255804850967,-0.3299991756977857,3.1329734034713335
2.3039999999998573,-3.473025095093176,-0.003362903291202115,-0.43962266684367846,0.23092807180234454,-0.32979191800745933,3.149594815934239
2.304999999999857,-3.4727938854338527,-0.00369263167157539,-0.436464364331455,0.23147456751666784,-0.3295714948588309,3.166102240488867
2.305999999999857,-3.4725621338324704,-0.004022132950922661,-0.4332896104661136,0.2320120319722507,-0.32933779233167826,3.1824954504671195
2.306999999999857,-3.4723298493278216,-0.004351393793869023,-0.43009851959906825,0.23254045289364667,-0.3290907032145625,3.1987742020165473
2.307999999999857,-3.4720970409706675,-0.004680400761230697,-0.4268912063345624,0.23305981853610225,-0.3288301271355083,3.2149382332782444
2.3089999999998567,-3.471863717823406,-0.005009140316893703,-0.4236677855479945,0.23357011728827715,-0.3285559706290746,3.2309872637825463
2.3099999999998566,-3.471629888960131,-0.005337598834729973,-0.4204283724047483,0.23407133728833468,-0.32826814714508,3.2469209940398707
2.3109999999998565,-3.47139556346707,-0.005665762605495126,-0.4171730823793445,0.2345634660507912,-0.32796657700406495,3.262739105304095
2.3119999999998564,-3.4711607504433926,-0.00599361784365704,-0.41390203127475167,0.23504649010141898,-0.32765118730428916,3.2784412594863004
2.3129999999998563,-3.4709254590023777,-0.006321150694109037,-0.41061533524171767,0.2355203946174705,-0.32732191178470377,3.294027099197443
2.313999999999856,-3.470689698272942,-0.0066483472387256735,-0.4073131107980018,0.23598516307052472,-0.3269786906479349,3.3094962478994545
2.314999999999856,-3.470453477401522,-0.0069751935027230075,-0.4039954748474105,0.23644077686934403,-0.32662147034689293,3.324848310145334
2.315999999999856,-3.47021680555432,-0.007301675460788606,-0.4006625446985557,0.2368872150002692,-0.326250203338199,3.340082871889959
2.316999999999856,-3.4699796919197974,-0.007627779039952096,-0.3973144380765469,0.23732445406864736,-0.3258648360269053,3.3551995401682095
2.3179999999998557,-3.4697421457095614,-0.007953490064839539,-0.3939512729664598,0.23775247061082702,-0.32546522655805854,3.370198216093575
2.3189999999998556,-3.4695041761604917,-0.008278794213715855,-0.39057316736991254,0.2381712386109459,-0.3250511993105885,3.3850789104846046
2.3199999999998555,-3.469265792537416,-0.00860367698406842,-0.387180239296534,0.23858072717781878,-0.3246225891362995,3.3998415913667133
2.3209999999998554,-3.469027004138812,-0.008928123713716018,-0.3837726068156747,0.23898089974546136,-0.3241792430355532,3.4144861739437116
2.3219999999998553,-3.4687878203022304,-0.009252119591542747,-0.3803503880987537,0.23937171459738618,-0.3237210162485919,3.4290125407495613
2.322999999999855,-3.468548250409672,-0.009575649665584158,-0.37691370144926534,0.2397531246097264,-0.3232477712321264,3.443420545402054
2.323999999999855,-3.46830830389311,-0.009898698849677296,-0.3734626653309822,0.2401250768763717,-0.32275937703161856,3.457710014013171
2.324999999999855,-3.468067990240466,-0.010221251929735489,-0.3699973983947951,0.24048751232290821,-0.3222557086529296,3.4718807465045693
2.325999999999855,-3.467827319001974,-0.010543293569395656,-0.36651801950428586,0.24084036531219688,-0.3217366464361706,3.48593251782605
2.3269999999998547,-3.4675862997969404,-0.0108648083150422,-0.3630246477601299,0.24118356324584514,-0.3212020754355231,3.499865079077841
2.3279999999998546,-3.4673449423209064,-0.01118578060021581,-0.3595174025234231,0.2415170261674725,-0.32065188481004464,3.513678158540988
2.3289999999998545,-3.467103256353196,-0.011506194749421366,-0.35599640343802114,0.24184066637556245,-0.3200859672320652,3.5273714626241874
2.3299999999998544,-3.4668612517648496,-0.011826034981356683,-0.352461770451968,0.24215438805583475,-0.3195042183217292,3.540944676740133
2.3309999999998543,-3.4666189385269046,-0.012145285411593456,-0.3489136238380765,0.24245808694544768,-0.31890653611854625,3.5543974661298914
2.331999999999854,-3.4663763267189935,-0.012463930054753986,-0.3453520842136999,0.24275165004389979,-0.3182928206034438,3.5677294766599963
2.332999999999854,-3.466133426538197,-0.01278195282624211,-0.3417772725597077,0.24303495538815312,-0.3176629732876869,3.5809403356236937
2.333999999999854,-3.4658902483080825,-0.013099337543604659,-0.3381893102386421,0.24330787191209238,-0.3170168968879965,3.5940296525848416
2.334999999999854,-3.465646802487835,-0.013416067927620467,-0.3345883190119908,0.24357025941274627,-0.3163544951100257,3.6069970203098825
2.3359999999998537,-3.465403099681352,-0.013732127603237347,-0.3309744210564621,0.24382196864742425,-0.3156756725646999,3.619842015839362
2.3369999999998536,-3.4651591506461714,-0.014047500100502706,-0.32734773897909597,0.2440628415866815,-0.3149803348433489,3.6325642017546764
2.3379999999998535,-3.4649149663020538,-0.014362168855659498,-0.3237083958309872,0.24429271184736073,-0.31426838877748836,3.645163127696824
2.3389999999998534,-3.464670557739036,-0.014676117212604122,-0.32005651511934075,0.24451140532738855,-0.31353974290690667,3.657638332190435
2.3399999999998533,-3.4644259362247394,-0.014989328424924201,-0.31639222081753193,0.2447187410590611,-0.31279430817473325,3.6699893448166834
2.340999999999853,-3.4641811132107136,-0.015301785658749028,-0.31271563737280733,0.24491453228989818,-0.31203199885984223,3.682215688761426
2.341999999999853,-3.463936100337589,-0.015613471996650048,-0.30902688971124825,0.24509858778966676,-0.31125273374497986,3.6943168837392193
2.342999999999853,-3.4636909094388075,-0.015924370442819726,-0.30532610323963444,0.24527071336912087,-0.3104564375035021,3.7062924492597116
2.343999999999853,-3.4634455525427525,-0.016234463929731092,-0.30161340384389956,0.2454307135810902,-0.30964304226928924,3.7181419081617975
2.3449999999998528,-3.4632000418730966,-0.016543735326435143,-0.2978889178839665,0.24557839355899988,-0.30881248933468747,3.7298647902959723
2.3459999999998526,-3.4629543898472708,-0.016852167448588612,-0.2941527721848926,0.2457135609334116,-0.3079647309023402,3.7414606361914284
2.3469999999998525,-3.4627086090730104,-0.017159743070222538,-0.2904050940244376,0.24583602775571084,-0.3070997318011734,3.7529290005079234
2.3479999999998524,-3.4624627123430027,-0.01746644493716714,-0.2866460111173795,0.2459456123515826,-0.3062174710673741,3.7642694550501057
2.3489999999998523,-3.462216712627749,-0.01777225578194835,-0.28287565159712896,0.24604214102694685,-0.3053179432903673,3.775481591119912
2.349999999999852,-3.4619706230668257,-0.018077158339875186,-0.2790941439954085,0.24612544955629867,-0.3044011596329604,3.7865650210046855
2.350999999999852,-3.4617244569587884,-0.018381135365955013,-0.2753016172209428,0.24619538439757138,-0.30346714845397077,3.7975193784451187
2.351999999999852,-3.4614782277500082,-0.018684169652215102,-0.2714982005382319,0.2462518035972408,-0.3025159554890725,3.8083443179943655
2.352999999999852,-3.4612319490227694,-0.018986244044980373,-0.26768402354752646,0.2462945773720301,-0.3015476435781286,3.819039513259996
2.3539999999998518,-3.4609856344829373,-0.01928734146166193,-0.26385921616709174,0.24632358837639023,-0.30056229196081014,3.8296046541039335
2.3549999999998517,-3.4607392979475042,-0.019587444906648196,-0.26002390861873254,0.24633873168513834,-0.29955999519259624,3.8400394429513516
2.3559999999998515,-3.4604929533322784,-0.019886537485954606,-0.25617823141736923,0.24633991453604426,-0.298540861756734,3.8503435904185097
2.3569999999998514,-3.460246614639923,-0.020184602420371282,-0.2523223153652246,0.24632705588652506,-0.29750501246214966,3.8605168105056142
2.3579999999998513,-3.4600002959485114,-0.02048162305694133,-0.24845629155092794,0.24630008584174162,-0.29645257872195563,3.870558815611843
2.358999999999851,-3.4597540114006926,-0.020777582878695466,-0.24458029135358997,0.24625894500901346,-0.295383700802898,3.880469311617448
2.359999999999851,-3.4595077751935217,-0.021072465512654116,-0.24069444645167096,0.24620358382691576,-0.2942985261247472,3.8902479932470024
2.360999999999851,-3.4592616015689575,-0.02136625473617968,-0.23679888883627195,0.2461339619082977,-0.29319720767273644,3.8998945398847162
2.361999999999851,-3.4590155048049955,-0.021658934481815988,-0.23289375082833152,0.2460500474263129,-0.29207990256824495,3.9094086119639773
2.3629999999998508,-3.4587694992073894,-0.021950488840788332,-0.2289791650991133,0.24595181656264942,-0.29094677082520376,3.9187898480046566
2.3639999999998507,-3.458523599101888,-0.022240902065357115,-0.2250552646933183,0.24583925302837611,-0.28979797430379467,3.9280378623277197
2.3649999999998506,-3.4582778188269123,-0.022530158570222662,-0.22112218305414555,0.2457123476606752,-0.28863367585990435,3.937152243440032
2.3659999999998504,-3.4580321727266012,-0.022818242933172295,-0.2171800540496467,0.24557109809336772,-0.28745403867888986,3.946132553054184
2.3669999999998503,-3.457786675144151,-0.023105139895145458,-0.21322901199976527,0.24541550849547503,-0.286259225775461,3.954978325688684
2.3679999999998502,-3.457541340415386,-0.023390834359872444,-0.20926919170351307,0.2452455893698632,-0.28504939963754505,3.963689068782095
2.36899999999985,-3.457296182862505,-0.02367531139321899,-0.20530072846580516,0.2450613574029902,-0.2838247219903672,3.972264263249412
2.36999999999985,-3.4570512167879546,-0.0239585562223452,-0.2013237581235475,0.2448628353566103,-0.28258535365710163,3.980703364408607
2.37099999999985,-3.4568064564683953,-0.0242405542347642,-0.19733841707064195,0.24465005199271023,-0.2813314544938043,3.989005803208482
2.37199999999985,-3.456561916148728,-0.02452129097736447,-0.1933448422816393,0.2444230420237265,-0.28006318337847375,3.997170987694475
2.3729999999998497,-3.456317610036162,-0.024800752155441117,-0.18934317133383152,0.2441818460810475,-0.2787806982366381,4.005198304655831
2.3739999999998496,-3.4560735522943045,-0.02507892363176486,-0.18533354242762684,0.24392651069581098,-0.2774841560885661,4.013087121404848
2.3749999999998495,-3.455829757037271,-0.025355791425703978,-0.1813160944050976,0.24365708828698374,-0.2761737131058507,4.020836787646135
2.3759999999998493,-3.4555862383237996,-0.025631341712403635,-0.1772909667666286,0.24337363715260485,-0.2748495246675971,4.028446637400656
2.3769999999998492,-3.4553430101513776,-0.02590556082201805,-0.17325829968562637,0.2430762214608625,-0.27351174540869005,4.0359159909554965
2.377999999999849,-3.455100086450377,-0.026178435238984783,-0.169218234021276,0.24276491123834737,-0.2721605292545846,4.0432441568157875
2.378999999999849,-3.454857481078203,-0.026449951601325513,-0.16517091132935285,0.24243978235338853,-0.27079602943875525,4.050430433639868
2.379999999999849,-3.4546152078134664,-0.026720096699954596,-0.1611164738711138,0.2421009164928367,-0.2694183985003615,4.057474112142774
2.380999999999849,-3.4543732803501763,-0.026988857477974946,-0.15705506462030608,0.2417484011310308,-0.26802778826086604,4.064374476956368
2.3819999999998487,-3.4541317122919746,-0.027256221029939923,-0.1529868272683412,0.24138232948997995,-0.26662434977929805,4.071130808437135
2.3829999999998486,-3.45389051714641,-0.027522174601059993,-0.14891190622769035,0.24100280049002637,-0.26520823328661985,4.077742384414802
2.3839999999998485,-3.4536497083192716,-0.027786705586333785,-0.14483044663356293,0.24060991869044077,-0.2637795881002564,4.084208481876626
2.3849999999998484,-3.4534092991089804,-0.02804980152958444,-0.14074259434393455,0.24020379421954952,-0.26233856252030724,4.090528378583556
2.3859999999998482,-3.453169302701063,-0.02831145012238375,-0.13664849593799408,0.23978454269411154,-0.2608853037093053,4.096701354615477
2.386999999999848,-3.452929732162706,-0.028571639202848755,-0.1325482987130819,0.23935228512776205,-0.25941995755763403,4.102726693843558
2.387999999999848,-3.4526906004374105,-0.028830356754297536,-0.12844215068019277,0.2389071478284242,-0.2579426685368794,4.108603685328298
2.388999999999848,-3.452451920339754,-0.02908759090375332,-0.1243302005581181,0.23844926228466354,-0.2564535795434948,4.114331624642333
2.389999999999848,-3.4522137045502697,-0.029343329920288413,-0.1202125977663035,0.2379787650410297,-0.2549528317352009,4.1199098151174205
2.3909999999998477,-3.451975965610459,-0.02959756221320194,-0.11608949241649721,0.23749579756249378,-0.2534405643625449,4.125337569015244
2.3919999999998476,-3.4517387159179425,-0.02985027633002766,-0.11196103530326598,0.2370005060881544,-0.2519169145980069,4.130614208621925
2.3929999999998475,-3.451501967721765,-0.030101460954370694,-0.1078273778934545,0.23649304147444805,-0.2503820173649753,4.135739067266279
2.3939999999998474,-3.4512657331178573,-0.030351104903574042,-0.10368867231466468,0.235973559028164,-0.24883600516882362,4.140711490261993
2.3949999999998473,-3.4510300240446785,-0.030599197126218135,-0.09954507134283057,0.23544221832962733,-0.24727900793221094,4.1455308357740535
2.395999999999847,-3.4507948522790297,-0.030845726699458616,-0.09539672838896467,0.2348991830464789,-0.2457111528366006,4.150196475609865
2.396999999999847,-3.450560229432068,-0.031090682826209505,-0.09124379748515038,0.23434462073854564,-0.24413256417185367,4.1547077959356615
2.397999999999847,-3.450326166945511,-0.031334054832180734,-0.08708643326985523,0.23377870265435857,-0.24254336319560216,4.159064197918917
2.398999999999847,-3.450092676088059,-0.031575832162780544,-0.08292479097263819,0.23320160351993835,-0.24094366800394984,4.163265098297638
2.3999999999998467,-3.4498597679520184,-0.03181600437989483,-0.07875902639832397,0.23261350132052913,-0.2393335934148834,4.167309929877572
2.4009999999998466,-3.449627453450162,-0.03205456115855679,-0.07458929591071548,0.23201457707601897,-0.23771325086560818,4.171198141958526
2.4019999999998465,-3.4493957433128024,-0.032291492283521205,-0.07041575641591499,0.23140501461083812,-0.2360827483248523,4.174929200691176
2.4029999999998464,-3.4491646480851097,-0.032526787645758976,-0.06623856534532258,0.23078500031917623,-0.23444219022100912,4.178502589365912
2.4039999999998463,-3.448934178124658,-0.03276043723888792,-0.06205788063837883,0.23015472292640216,-0.2327916773868182,4.18191780863547
2.404999999999846,-3.448704343599214,-0.03299243115555678,-0.057873860725117424,0.22951437324760737,-0.2311313070211132,4.185174376673287
2.405999999999846,-3.4484751544847723,-0.0332227595837996,-0.05368666450859045,0.22886414394422402,-0.22946117266800017,4.188271829269669
2.406999999999846,-3.4482466205638262,-0.033451412803378176,-0.04949645134722779,0.22820422927969117,-0.2277813642136655,4.191209719868095
2.407999999999846,-3.448018751423893,-0.033678381182129985,-0.04530338103718909,0.22753482487515725,-0.22609196790085767,4.193987619544113
2.4089999999998457,-3.4477915564562744,-0.033903655172339536,-0.04110761379476435,0.22685612746621325,-0.22439306636093612,4.1966051169294785
2.4099999999998456,-3.447565044855065,-0.034127225307150344,-0.03690931023887673,0.2261683346616489,-0.22268473866323857,4.1990618180843216
2.4109999999998455,-3.4473392256163957,-0.03434908219703478,-0.03270863137373783,0.22547164470521308,-0.22096706038138436,4.201357346320271
2.4119999999998454,-3.4471141075379204,-0.03456921652633849,-0.028505738571703135,0.22476625624134114,-0.2192401036760077,4.2034913419776005
2.4129999999998453,-3.4468896992185267,-0.034787619049915515,-0.024300793556372016,0.22405236808578385,-0.21750393739330032,4.205463462159551
2.413999999999845,-3.446666009058279,-0.03500428058986949,-0.0200939583859734,0.22333017900203753,-0.21575862717864044,4.207273380427069
2.414999999999845,-3.446443045258579,-0.03521919203241574,-0.015885395437075157,0.2225998874844321,-0.21400423560449328,4.208920786457282
2.415999999999845,-3.4462208158225396,-0.03543234432487795,-0.011675267388651722,0.22186169154868435,-0.21224082231168778,4.210405385669047
2.416999999999845,-3.4459993285555672,-0.035643728472832474,-0.0074637372065412206,0.22111578853066702,-0.21046844416310653,4.211726898818944
2.4179999999998447,-3.4457785910661345,-0.03585333553741207,-0.0032509681283199752,0.22036237489408414,-0.20868715540876887,4.212885061571099
2.4189999999998446,-3.44555861076675,-0.03606115663278,0.0009628763513811339,0.21960164604767574,-0.20689700786124338,4.2138796240441465
2.4199999999998445,-3.4453393948750954,-0.036267182923784134,0.005177632495097225,0.218833796172506,-0.20509805108029192,4.214710350338665
2.4209999999998444,-3.445120950415338,-0.03647140562380003,0.009393136336268999,0.21805901805981598,-0.2032903325656265,4.2153770180482955
2.4219999999998443,-3.4449032842195972,-0.03667381599277018,0.013609223692486596,0.21727750295984724,-0.20147389795664883,4.215879417757702
2.422999999999844,-3.4446864029295545,-0.036874405335446094,0.017825730178226147,0.2164894404419675,-0.19964879123804105,4.216217352530422
2.423999999999844,-3.444470312998201,-0.03707316499983844,0.022042491217070314,0.21569501826635293,-0.1978150549500857,4.216390637389541
2.424999999999844,-3.444255020691706,-0.03727008637587937,0.02625934205340713,0.2148944222674076,-0.19597273040260899,4.216399098793995
2.425999999999844,-3.444040532091396,-0.03746516089430017,0.030476117763604066,0.21408783624902658,-0.1941218578914676,4.216242574113175
2.4269999999998437,-3.443826853095832,-0.037658380025726204,0.034692653266656916,0.21327544189173836,-0.19226247691653062,4.215920911102336
2.4279999999998436,-3.4436139894229743,-0.03784973527999021,0.03890878333431549,0.2124574186716949,-0.19039462640014607,4.215433967381195
2.4289999999998435,-3.4434019466124255,-0.03803921820566383,0.04312434260069043,0.21163394379141257,-0.1885183449051255,4.214781609917903
2.4299999999998434,-3.44319073002773,-0.03822682038980663,0.047339165571347576,0.21080519212210824,-0.18663367085132604,4.213963714520457
2.4309999999998433,-3.4429803448587304,-0.03841253345793047,0.05155308663189821,0.2099713361574189,-0.18474064272996046,4.212980165337415
2.431999999999843,-3.4427707961239675,-0.03859634907417679,0.05576594005609545,0.20913254597824327,-0.18283929931481832,4.211830854369659
2.432999999999843,-3.4425620886731005,-0.03877825894170334,0.059977560013448554,0.20828898922839914,-0.18092967986963485,4.210515680994774
2.433999999999843,-3.4423542271893557,-0.038958254803275874,0.06418778057636856,0.20744083110074973,-0.17901182435089896,4.209034551505452
2.434999999999843,-3.4421472161919797,-0.039136328442060254,0.06839643572685987,0.20658823433341938,-0.17708577360544653,4.20738737866323
2.4359999999998427,-3.441941060038691,-0.03931247168260921,0.07260335936277368,0.20573135921568894,-0.17515156956223826,4.2055740812686935
2.4369999999998426,-3.4417357629281233,-0.03948667639203775,0.07680838530364037,0.20487036360313857,-0.17320925541777382,4.203594583749164
2.4379999999998425,-3.4415313289022476,-0.039658934481380644,0.08101134729609867,0.2040054029415866,-0.17125887581464444,4.2014488157648
2.4389999999998424,-3.441327761848767,-0.039829237907124795,0.08521207901894044,0.20313663029935947,-0.16930047701277445,4.19913671183389
2.4399999999998423,-3.4411250655034737,-0.039997578672909005,0.08941041408779073,0.20226419640741838,-0.16733410705294743,4.19665821097807
2.440999999999842,-3.440923243452566,-0.04016394883138333,0.09360618605944317,0.2013882497068629,-0.1653598159122561,4.19401325638806
2.441999999999842,-3.4407222991349076,-0.040328340486219666,0.0977992284358717,0.20050893640333,-0.16337765565115514,4.191201795110492
2.442999999999842,-3.4405222358442376,-0.04049074579426506,0.10198937466793984,0.1996264005278085,-0.16138768055183308,4.188223777756284
2.443999999999842,-3.4403230567313097,-0.04065115696782898,0.10617645815882924,0.19874078400339254,-0.15938994724765426,4.185079158231003
2.4449999999998417,-3.440124764805965,-0.04080956627709546,0.11036031226720985,0.19785222671750474,-0.1573845148434536,4.18176789348756
2.4459999999998416,-3.4399273629391307,-0.04096596605265089,0.11454077031017398,0.19696086659912698,-0.15537144502649664,4.178289943301573
2.4469999999998415,-3.439730853864737,-0.041120348688118,0.11871766556595725,0.1960668397005863,-0.15335080216794397,4.174645270069681
2.4479999999998414,-3.4395352401815513,-0.041272706642886535,0.12289083127646942,0.195170280283454,-0.15132265341468498,4.17083383863104
2.4489999999998413,-3.4393405243549258,-0.04142303244493091,0.1270601006496584,0.19427132090812618,-0.14928706877142958,4.1668556161122225
2.449999999999841,-3.4391467087184506,-0.04157131869370501,0.1312253068617309,0.19337009252666512,-0.14724412117296837,4.162710571795685
2.450999999999841,-3.438953795475517,-0.04171755806310435,0.13538628305925346,0.1924667245784911,-0.14519388654653412,4.1583986770119585
2.451999999999841,-3.4387617867007805,-0.04186174330448555,0.13954286236115757,0.19156134508852482,-0.14313644386421787,4.15391990505566
2.452999999999841,-3.4385706843415234,-0.04200386724973334,0.14369487786067264,0.1906540807673897,-0.1410718751854132,4.149274231125398
2.4539999999998408,-3.438380490218922,-0.04214392281436497,0.14784216262721106,0.18974505707953043,-0.13900026577621588,4.144461631900555
2.4549999999998406,-3.4381912060298143,-0.04228190300223185,0.15198454970305286,0.18883439719834172,-0.13692170709239088,4.13948207236455
2.4559999999998405,-3.43800283334917,-0.04241780091231478,0.1561218720847421,0.1879222215338569,-0.1348362982883477,4.1343354992092225
2.4569999999998404,-3.437815373632036,-0.04255160974445439,0.16025396271552467,0.1870086495318922,-0.13274414186020486,4.12902186029244
2.4579999999998403,-3.437628828214479,-0.04268332280277302,0.16438065448790065,0.18609379990813252,-0.13064534330421831,4.123541106167424
2.45899999999984,-3.4374431983141625,-0.04281293349839901,0.16850178024634777,0.18517779075176105,-0.12854001110135357,4.117893190140995
2.45999999999984,-3.4372584850309185,-0.04294043535243975,0.17261717279011524,0.18426073962867606,-0.12642825669220095,4.112078068356198
2.46099999999984,-3.4370746893472237,-0.04306582199892481,0.17672666487611238,0.18334276368392788,-0.12431019444239721,4.106095699898851
2.46199999999984,-3.436891812128565,-0.04318908718770987,0.18083008922191549,0.18242397974301056,-0.1221859415987432,4.0999460469274815
2.4629999999998398,-3.4367098541237127,-0.043310224787332166,0.184927278508916,0.18150450441164365,-0.12005561823623312,4.093629074826024
2.4639999999998397,-3.43652881596489,-0.04342922878780859,0.18901806538563248,0.18058445417367947,-0.11791934719623903,4.0871447523785385
2.4649999999998395,-3.436348698167847,-0.04354609330336754,0.19310228247120811,0.17966394548677128,-0.11577725401611963,4.080493051965138
2.4659999999998394,-3.4361695011318405,-0.04366081257510638,0.1971797623591141,0.17874309487543802,-0.11362946685054943,4.073673949778181
2.4669999999998393,-3.435991225139522,-0.043773380973566076,0.20125033762107922,0.17782201902116013,-0.11147611638488944,4.066687426057704
2.467999999999839,-3.4358138703567374,-0.04388379300121542,0.20531384081126372,0.1769008348491421,-0.10931733574094447,4.059533465344933
2.468999999999839,-3.435637436832241,-0.04399204329483742,0.2093701044706955,0.17597965961137682,-0.10715326037547544,4.052212056752644
2.469999999999839,-3.435461924497329,-0.04409812662781059,0.2134189611319843,0.1750586109656479,-0.10498402797185492,4.044723194250988
2.470999999999839,-3.435287333165398,-0.044202037912278815,0.21746024332432892,0.17413780705010712,-0.10280977832527335,4.03706687696733
2.4719999999998388,-3.435113662531427,-0.04430377220120322,0.22149378357883065,0.17321736655306622,-0.10063065322191855,4.029243109498521
2.4729999999998387,-3.4349409121713963,-0.044403324690290485,0.2255194144341245,0.1722974087776442,-0.09844679631256416,4.021251902233928
2.4739999999998386,-3.434769081541641,-0.04450069071979208,0.22953696844233806,0.17137805370091497,-0.0962583529810119,4.013093271687446
2.4749999999998384,-3.434598169978154,-0.044595865776169606,0.23354627817538612,0.1704594220272028,-0.0940654702078386,4.004767240836617
2.4759999999998383,-3.434428176695829,-0.044688845493621655,0.23754717623160712,0.1695416352351785,-0.0918682964299007,3.9962738394668857
2.476999999999838,-3.434259100787672,-0.04477962565546832,0.24153949524274557,0.1686248156184129,-0.08966698139604734,3.98761310451894
2.477999999999838,-3.434090941223962,-0.04486820219538962,0.2455230678812825,0.16770908631905004,-0.08746167601948678,3.978785080436976
2.478999999999838,-3.433923696851397,-0.044954571198514856,0.24949772686811367,0.16679457135426812,-0.08525253222724097,3.969789819515674
2.479999999999838,-3.4337573663922005,-0.04503872890236016,0.2534633049805731,0.16588139563520166,-0.08303970280710853,3.9606273822435547
2.480999999999838,-3.4335919484432287,-0.04512067169761183,0.25741963506079735,0.16496968497800507,-0.0808233412525378,3.951297837640335
2.4819999999998377,-3.4334274414750583,-0.04520039612875374,0.2613665500244228,0.16405956610674408,-0.07860360160578923,3.941801263585805
2.4829999999998376,-3.4332638438310847,-0.04527789889453718,0.2653038828696068,0.16315116664780746,-0.07638063829973962,3.9321377471376744
2.4839999999998374,-3.433101153726624,-0.04535317684829189,0.2692314666863601,0.1622446151155387,-0.07415460599865079,3.9223073848357672
2.4849999999998373,-3.432939369248036,-0.04542622699807758,0.273149134666175,0.16134004088879328,-0.07192565943819151,3.9123102829898477
2.4859999999998372,-3.4327784883518766,-0.045497046506675076,0.27705672011193266,0.1604375741781351,-0.06969395326496516,3.9021465579482975
2.486999999999837,-3.4326185088640875,-0.04556563269141692,0.2809540564480678,0.15953734598339153,-0.06745964187575587,3.8918163363447698
2.487999999999837,-3.43245942847923,-0.0456319830238571,0.2848409772309683,0.1586394880412958,-0.06522287925666513,3.8813197553198684
2.488999999999837,-3.4323012447597803,-0.04569609512927994,0.2887173161595821,0.1577441327629528,-0.06298381882226746,3.870656962714817
2.489999999999837,-3.4321439551354898,-0.04575796678604815,0.29258290708620316,0.1568514131608757,-0.060742613254869966,3.8598281172339948
2.4909999999998367,-3.431987556902827,-0.04581759592479021,0.29643758402740233,0.15596146276535214,-0.05849941434391668,3.848833388573134
2.4919999999998366,-3.4318320472245034,-0.045874980627427286,0.3002811811750685,0.15507441552991352,-0.05625437282553542,3.837672957509905
2.4929999999998365,-3.4316774231291043,-0.04593011912603964,0.30411353290751997,0.15419040572569953,-0.05400763822218377,3.8263470159535395
2.4939999999998363,-3.4315236815108285,-0.045983009801572786,0.3079344738006431,0.1533095678245335,-0.05175935868231217,3.814855766950101
2.4949999999998362,-3.43137081912935,-0.046033651182383194,0.31174383863901334,0.1524320363705536,-0.04950968081992987,3.8031994246399874
2.495999999999836,-3.431218832609816,-0.046082041942623525,0.31554146242694797,0.15155794584028237,-0.04725874955393186,3.791378214164276
2.496999999999836,-3.431067718442989,-0.04612818090046693,0.3193271803994384,0.15068743049106564,-0.045006707947027866,3.7793923715165785
2.497999999999836,-3.430917472985547,-0.046172067016170035,0.3231008280329056,0.14982062419787237,-0.04275369704410772,3.7672421433372407
2.498999999999836,-3.4307680924605526,-0.046213699389973995,0.3268622410557197,0.14895766027852297,-0.040499855709886706,3.7549277866469706
2.4999999999998357,-3.4306195729581006,-0.046253077259842665,0.3306112554584222,0.14809867130750956,-0.03824532046570106,3.742449568517357
2.5009999999998356,-3.4304719104361627,-0.04629019999903718,0.3343477075035856,0.14724378891868972,-0.03599022532537462,3.7298077656763318
2.5019999999998355,-3.4303251007216287,-0.046325067113525964,0.3380714337352463,0.14639314359728128,-0.033734701630156454,3.7170026640474045
2.5029999999998354,-3.430179139511564,-0.04635767823922916,0.34178227098784253,0.1455468644617631,-0.03147887788284289,3.7040345582226006
2.5039999999998352,-3.4300340223746892,-0.04638803313909696,0.34548005639459356,0.1447050790365018,-0.0292228795813529,3.690903750870481
2.504999999999835,-3.4298897447530936,-0.04641613170002142,0.34916462739525495,0.14386791301618168,-0.026966829052231325,3.677610552082518
2.505999999999835,-3.4297463019641823,-0.04644197392958208,0.35283582174319206,0.14303549002342,-0.02471084528481757,3.664155278663547
2.506999999999835,-3.4296036892028736,-0.046465559952626447,0.3564934775117194,0.1422079313613051,-0.022455043767149022,3.6505382533750943
2.507999999999835,-3.4294619015440446,-0.04648689000768794,0.36013743309966484,0.14138535576300765,-0.020199536325075183,3.6367598041442286
2.5089999999998347,-3.429320933945224,-0.04650596444324539,0.3637675272361324,0.14056787914108118,-0.01794443096655003,3.6228202632552797
2.5099999999998346,-3.4291807812495385,-0.04652278371383045,0.3673835989844576,0.13975561433958966,-0.01568983173365085,3.608719966547419
2.5109999999998345,-3.429041438188903,-0.04653734837599229,0.37098548774537515,0.1389486708927665,-0.013435838565542863,3.594459252647751
2.5119999999998344,-3.4289028993874453,-0.04654965908413233,0.37457303325945296,0.1381471547945098,-0.011182547176366362,3.580038462277217
2.5129999999998343,-3.4287651593651565,-0.04655971658622643,0.3781460756088869,0.1373511682836298,-0.008930048952850586,3.565457937675159
2.513999999999834,-3.428628212541743,-0.04656752171945688,0.38170445521880225,0.13656080965035342,-0.006678430877328848,3.550718022197607
2.514999999999834,-3.4284920532406638,-0.04657307540578288,0.3852480128582665,0.13577617307011627,-0.004427775482696163,3.535819060153788
2.515999999999834,-3.4283566756933093,-0.04657637864748506,0.3887765896412882,0.1349973484710728,-0.00217816084664671,3.520761396954346
2.516999999999834,-3.428222074043302,-0.04657743252272716,0.3922900270281535,0.1342244214419658,7.03393668392031e-05,3.505545379652319
2.5179999999998337,-3.428088242350862,-0.046576238181186384,0.3957881668275357,0.1334574731869352,0.0023176558104393507,3.490171357962732
2.5189999999998336,-3.427955174597189,-0.04657279683981197,0.39927085119989947,0.13269658053343267,0.004563723292623174,3.474639685847066
2.5199999999998335,-3.427822864688815,-0.04656710977877975,0.4027379226628065,0.1319418159985665,0.00680848054539784,3.458950723742921
2.5209999999998334,-3.427691306461852,-0.04655917833771724,0.40618922409880137,0.13119324791787562,0.009051869914504438,3.4431048415048267
2.5219999999998333,-3.4275604936860837,-0.04654900391227878,0.40962459876661267,0.13045094063870535,0.011293836968206447,3.427102422097464
2.522999999999833,-3.42743042006883,-0.04653658795115287,0.4130438903164273,0.1297149547780695,0.013534330024088537,3.4109438660461002
2.523999999999833,-3.427301079258523,-0.04652193195358208,0.41644694280997807,0.12898534754224725,0.01577329959752004,3.394629596600518
2.524999999999833,-3.4271724648479336,-0.04650503746746987,0.41983360074611176,0.12826217310257296,0.018010697780482816,3.3781600655093427
2.525999999999833,-3.4270445703770007,-0.04648590608813738,0.4232037090923689,0.12754548301920168,0.020246477565002113,3.3615357592347745
2.5269999999998327,-3.426917389335214,-0.04646453945777606,0.4265571133229017,0.12683532670239606,0.022480592130960424,3.3447572053690715
2.5279999999998326,-3.4267909151635227,-0.04644093926561984,0.42989365946278624,0.12613175189940337,0.024712994122979143,3.327824978951506
2.5289999999998325,-3.426665141255751,-0.04641510724883397,0.4332131941384577,0.1254348051945451,0.026943634944608403,3.310739708337355
2.5299999999998324,-3.42654006095951,-0.046387045194088566,0.4365155646336362,0.12474453251086469,0.029172464099595355,3.293502080248162
2.5309999999998323,-3.4264156675766118,-0.04635675493975519,0.4398006189497418,0.12406097960353367,0.03139942860900501,3.27611284364284
2.531999999999832,-3.4262919543629984,-0.046324238378638104,0.4430682058694571,0.12338419253796583,0.03362447252925356,3.258572812096228
2.532999999999832,-3.4261689145281995,-0.046289497461129196,0.44631817502182164,0.12271421814881374,0.035847536589887145,3.2408828644545324
2.533999999999832,-3.4260465412343435,-0.04625253419866106,0.44955037694706523,0.12205110447921091,0.038068557961813985,3.22304394364882
2.534999999999832,-3.4259248275947356,-0.046213350667326056,0.45276466315933217,0.1213949012022584,0.04028747015761792,3.20505705367657
2.5359999999998317,-3.4258037666720234,-0.04617194901153243,0.4559608862055245,0.12074566002844427,0.04250420305665932,3.186923254891995
2.5369999999998316,-3.42568335147596,-0.046128331447579315,0.45913889971869287,0.12010343510322832,0.044718683039977114,3.1686436578627957
2.5379999999998315,-3.425563574960773,-0.046082500267050804,0.4622985584647096,0.11946828339846129,0.04693083321438662,3.1502194161407515
2.5389999999998314,-3.4254444300221443,-0.046034457839951214,0.465439718381335,0.11884026509988119,0.04914057370209389,3.1316517183473667
2.5399999999998313,-3.425325909493802,-0.04598420661752821,0.4685622366092014,0.1182194439910199,0.05134782197167655,3.112941779990673
2.540999999999831,-3.4252080061437358,-0.04593174913475348,0.471665971514645,0.11760588783187854,0.05355249318810036,3.094090835407918
2.541999999999831,-3.425090712670034,-0.04587708801245168,0.47475078270469073,0.11699966872906073,0.05575450056297731,3.0751001301783685
2.542999999999831,-3.4249740216963565,-0.045820225959084804,0.47781653103480165,0.11640086349294225,0.057953755690831964,3.055970914280509
2.543999999999831,-3.4248579257670615,-0.045761165772211045,0.4808630786102433,0.11580955397702143,0.06015016886205156,3.0367044361887743
2.5449999999998307,-3.4247424173420016,-0.045699910339644115,0.48389028878206575,0.1152258273948196,0.06234364934788416,3.0173019380258834
2.5459999999998306,-3.4246274887910166,-0.04563646264034175,0.48689802613878697,0.11464977661047196,0.06453410565691915,2.9977646518149337
2.5469999999998305,-3.4245131323881517,-0.04557082574505069,0.4898861564948739,0.11408150040029247,0.06672144576570749,2.978093796815297
2.5479999999998304,-3.4243993403056243,-0.04550300281673187,0.4928545468770766,0.11352110368391996,0.06890557732848208,2.958290577880192
2.5489999999998303,-3.424286104607581,-0.045432997110783635,0.4958030655095929,0.11296869772497624,0.07108640787235965,2.9383561847417323
2.54999999999983,-3.4241734172436655,-0.04536081197507398,0.49873158179893484,0.11242440030233873,0.07326384498505163,2.9182917921100304
2.55099999999983,-3.424061270042426,-0.04528645084978604,0.5016399663192503,0.11188833585403347,0.07543779650211827,2.8980985604643883
2.55199999999983,-3.4239496547046007,-0.04520991726707363,0.5045280907987313,0.11136063559630173,0.07760817070029528,2.8777776374143174
2.55299999999983,-3.4238385627962824,-0.04513121485051826,0.5073958281076182,0.11084143762052484,0.07977487650251172,2.8573301595135456
2.5539999999998297,-3.423727985742009,-0.04505034731437348,0.5102430522482,0.11033088697035262,0.08193782369895654,2.8367572544190383
2.5549999999998296,-3.4236179148177777,-0.04496731846257899,0.5130696383471045,0.10982913570051718,0.08409692318694906,2.816060043297397
2.5559999999998295,-3.423508341144013,-0.04488213218752526,0.5158754626500814,0.10933634291735836,0.08625208723036423,2.7952396433911675
2.5569999999998294,-3.423399255678504,-0.04479479246854977,0.518660402519399,0.10885267479894264,0.08840322973683264,2.774297170666202
2.5579999999998293,-3.423290649209333,-0.044705303370149434,0.5214243364338979,0.10837830458969407,0.09055026654765974,2.7532337424670965
2.558999999999829,-3.4231825123478274,-0.0446136690399008,0.5241671439916742,0.10791341256049243,0.09269311573107228,2.7320504801097574
2.559999999999829,-3.4230748355215734,-0.04451989370609189,0.5268887059152949,0.10745818591999545,0.09483169786354308,2.7107485113371648
2.560999999999829,-3.4229676089675545,-0.044423981675088806,0.5295889040593643,0.10701281865620285,0.09696593627593472,2.6893289725550606
2.561999999999829,-3.4228608227255046,-0.04432593732852085,0.5322676214200878,0.10657751113553951,0.09909575686313109,2.6677930092925415
2.5629999999998287,-3.4227544666328873,-0.04422576512367479,0.5349247421359657,0.10615246766712057,0.10122108291010523,2.6461417569436496
2.5639999999998286,-3.4226485303205294,-0.04412346959435623,0.5375601514775166,0.10573789659210632,0.10334183668404673,2.6243763484328744
2.5649999999998285,-3.422543003208714,-0.044019055351372384,0.5401737358546379,0.10533401095484196,0.10545794293205309,2.6024979297138087
2.5659999999998284,-3.422437874502883,-0.043912527079989785,0.5427653828296425,0.10494102732935004,0.10756932815224352,2.5805076590688953
2.5669999999998283,-3.4223331331908775,-0.04380388953875276,0.5453349811283583,0.10455916411663445,0.1096759191159425,2.5584067043476053
2.567999999999828,-3.4222287680422308,-0.043693147560333774,0.5478824206474532,0.10418863920910842,0.11177764049474324,2.5361962380673937
2.568999999999828,-3.4221247676101965,-0.04358030605536282,0.5504075924554844,0.10382966683285624,0.11387441122330053,2.5138774296193835
2.569999999999828,-3.422021120237445,-0.043465370020739205,0.5529103887843011,0.10348245333668826,0.11596613910100632,2.4914514335774043
2.570999999999828,-3.42191781406661,-0.04334834455450099,0.5553907030062828,0.10314719165434487,0.11805271298219938,2.468919372822116
2.5719999999998278,-3.4218148370571737,-0.04322923488005558,0.5578484295914627,0.10282405413229209,0.12013399174679025,2.4462823149045945
2.5729999999998276,-3.421712177010462,-0.04310804638343302,0.5602834640369104,0.10251311952644951,0.12220946630212996,2.423540658849745
2.5739999999998275,-3.4216098220774596,-0.042984787120635116,0.5626956990710772,0.10221382238302097,0.12427537184433372,2.400688962994637
2.5749999999998274,-3.421507760390947,-0.042859466005381666,0.5650850248511534,0.10192637234024064,0.12633177501719442,2.3777287098561763
2.5759999999998273,-3.4214059800501873,-0.04273209256062789,0.5674513343970846,0.10165107816414679,0.1283796769354992,2.354662997547384
2.576999999999827,-3.4213044688030947,-0.04260267486222515,0.5697945236285008,0.10138810778610613,0.1304199013291548,2.331494522720264
2.577999999999827,-3.4212032143050712,-0.042471220257349646,0.5721144909481335,0.10113747656109752,0.13245308020379165,2.3082255483986085
2.578999999999827,-3.421102204275491,-0.042337735566233305,0.5744111367884912,0.10089903973161439,0.13447963270974922,2.2848578642144695
2.579999999999827,-3.4210014266559576,-0.04220222730646012,0.576684363120457,0.10067249742228926,0.1364997415308976,2.261392753190524
2.5809999999998268,-3.4209008697532495,-0.04206470193802781,0.5789340729412866,0.10045742155401978,0.13851333593245366,2.2378309879387412
2.5819999999998267,-3.420800522342966,-0.04192516611696044,0.5811601697832883,0.10025330860425907,0.14052009312459354,2.2141728785160817
2.5829999999998265,-3.420700373711705,-0.041783626935691445,0.5833625572989802,0.10005964970664045,0.14251946488597358,2.1904183758380547
2.5839999999998264,-3.420600413629202,-0.04164009212669752,0.5855411389684,0.09987599877711037,0.14451072496466322,2.1665672067470405
2.5849999999998263,-3.420500632260825,-0.04149457021468621,0.5876958179413422,0.09970202062140535,0.14649302338381293,2.142619002739933
2.585999999999826,-3.4204010200438852,-0.04134707061677654,0.589826496992784,0.09953751286798979,0.14846543386569358,2.1185733947736094
2.586999999999826,-3.420301567552321,-0.04119760370110582,0.5919330785527451,0.09938240690668679,0.15042698765386273,2.094430067799677
2.587999999999826,-3.420202265366913,-0.041046180817975245,0.5940154647737177,0.0992367570324303,0.15237669391489655,2.0701887833221075
2.588999999999826,-3.4201031039591894,-0.04089281431571444,0.596073557609776,0.09910072537888585,0.1543135501503597,2.0458493821274106
2.5899999999998258,-3.420004073603021,-0.04073751705398224,0.598107259408217,0.09897453223761699,0.1562377629488722,2.0214137624948263
2.5909999999998257,-3.4199051644003373,-0.04058030012739006,0.6001164773081352,0.09885831442072096,0.15815229918896148,1.9968883255209728
2.5919999999998256,-3.419806366276618,-0.040421173413055865,0.6021011225770708,0.09875224578839045,0.1600573131284952,1.9722748461688895
2.5929999999998254,-3.4197076689904207,-0.04026014624074449,0.6040611078539538,0.0986565195333611,0.16195269671925988,1.947574689095445
2.5939999999998253,-3.4196090620983517,-0.04009722830087305,0.6059963471388347,0.09857133792212247,0.16383832888533784,1.9227892127553068
2.5949999999998252,-3.419510534952158,-0.03993242940921609,0.6079067557896096,0.09849690750605941,0.16571408122636846,1.8979197747684737
2.595999999999825,-3.4194120766963603,-0.03976575951220158,0.6097922505228315,0.09843343549404132,0.1675798216546593,1.872967734892575
2.596999999999825,-3.4193136762690095,-0.039597228689347765,0.6116527494166732,0.0983811271071789,0.1694354165957933,1.8479344564809537
2.597999999999825,-3.419215322404664,-0.039426847154029755,0.6134881719148638,0.09834018374661707,0.1712807322222605,1.8228213070553556
2.598999999999825,-3.41911700363886,-0.03925462525336318,0.615298438830937,0.0983108018227615,0.17311563505434194,1.7976296584160951
2.5999999999998247,-3.4190187083134695,-0.0390805734677122,0.6170834723524773,0.09829317211481546,0.1749399921588485,1.772360886560754
2.6009999999998246,-3.418920424582486,-0.038904702410138825,0.6188431960452606,0.09828747955031826,0.17675367110092177,1.7470163715771327
2.6019999999998245,-3.41882214041785,-0.03872702282598391,0.6205775348573179,0.09829390331403183,0.17855653975093497,1.721597497606266
2.6029999999998243,-3.4187238436150365,-0.03854754559268832,0.6222864151230187,0.09831261721322304,0.18034846601183718,1.6961056529268042
2.6039999999998242,-3.4186255217981683,-0.0383662817199108,0.6239697645673111,0.09834379024179965,0.1821293175073926,1.670542230185007
2.604999999999824,-3.4185271624244877,-0.03818324234996814,0.625627512310268,0.09838758729882302,0.18389896125514923,1.644908626779207
2.605999999999824,-3.418428752788041,-0.037998438758605056,0.6272595888720967,0.09844417002776146,0.18565726333706295,1.6192062453997729
2.606999999999824,-3.418330280022476,-0.03781188235609261,0.6288659261787641,0.09851369775167244,0.18740408857368865,1.5934364947225723
2.607999999999824,-3.4182317311028663,-0.03762358468865016,0.6304464575683926,0.09859632848655749,0.18913930020346445,1.567600790253831
2.6089999999998237,-3.4181330928464813,-0.03743355744018613,0.6320011177985745,0.09869222002066481,0.19086275956599189,1.5417005553259224
2.6099999999998236,-3.4180343519124534,-0.03724181243435459,0.6335298430547605,0.09880153105174698,0.1925743257867676,1.5157372222462342
2.6109999999998235,-3.417935494800276,-0.037048361636927846,0.6350325709598734,0.09892442237740025,0.1942738554601651,1.4897122336043491
2.6119999999998234,-3.4178365078470896,-0.036853217158488195,0.6365092405853139,0.09906105813576638,0.19596120232734832,1.4636270437460854
2.6129999999998232,-3.4177373772236996,-0.03665639125744569,0.6379597924635262,0.09921160709516542,0.1976362169460708,1.4374831204262226
2.613999999999823,-3.417638088929283,-0.03645789634339112,0.639384168602314,0.09937624399170132,0.19929874634989714,1.4112819466548918
2.614999999999823,-3.4175386287847287,-0.03625774498079569,0.6407823125011053,0.09955515091354392,0.2009486336952429,1.3850250227554508
2.615999999999823,-3.4174389824245806,-0.03605594989307,0.6421541691693906,0.09974851872939236,0.2025857178957788,1.3587138686540237
2.616999999999823,-3.4173391352875218,-0.03585252396699434,0.6434996851475742,0.09995654855645972,0.2042098332452246,1.3323500264225001
2.6179999999998227,-3.417239072605381,-0.03564748025753089,0.6448188085305052,0.10017945326002341,0.20582080903144076,1.3059350630972462
2.6189999999998226,-3.4171387793906276,-0.03544083199302373,0.6461114889939742,0.10041745897192525,0.20741846914710932,1.2794705737944982
2.6199999999998225,-3.417038240422346,-0.03523259258078657,0.6473776778244802,0.10067080660906882,0.20900263170530517,1.2529581851395026
2.6209999999998224,-3.4169374402307016,-0.03502277561306707,0.6486173279525888,0.10093975336454883,0.2105731086720516,1.2263995590186274
2.6219999999998223,-3.4168363630799514,-0.03481139487336317,0.6498303939902021,0.10122457413305598,0.21212970553271013,1.1997963966499852
2.622999999999822,-3.4167349929500777,-0.03459846434304636,0.6510168322720495,0.10152556281800863,0.21367222101498595,1.1731504429457738
2.623999999999822,-3.416633313517207,-0.034383998208220905,0.6521766009016616,0.10184303344971249,0.2152004468986716,1.146463491104403
2.624999999999822,-3.4165313081330444,-0.03416801086671341,0.6533096598020072,0.10217732102082375,0.21671416795125872,1.1197373873164274
2.625999999999822,-3.4164289598036675,-0.033950516935042654,0.6544159707708138,0.10252878191638196,0.21821316203948507,1.0929740353862067
2.6269999999998217,-3.4163262511681585,-0.03373153125516325,0.6554954975403416,0.1028977937793391,0.21969720048001676,1.0661754009472582
2.6279999999998216,-3.4162231644777394,-0.03351106890070572,0.6565482058409668,0.10328475460717103,0.22116604870804857,1.0393435147623693
2.6289999999998215,-3.4161196815763075,-0.03328914518234815,0.6575740634672937,0.10369008081866347,0.22261946736088206,1.0124804743167612
2.6299999999998214,-3.416015783883558,-0.033065775651846784,0.6585730403445211,0.10411420395937832,0.22405721389477343,0.9855884424817323
2.6309999999998213,-3.4159114523822596,-0.03284097610412304,0.6595451085912586,0.10455756562533718,0.2254790448779023,0.9586696413625598
2.631999999999821,-3.4158066676117262,-0.03261476257664731,0.6604902425726245,0.10502061007040887,0.22688471913088185,0.9317263384080077
2.632999999999821,-3.4157014096701253,-0.03238715134517212,0.6614084189337743,0.10550377381278378,0.22827400192020883,0.9047608202139938
2.633999999999821,-3.4155956582290585,-0.03215815891464125,0.6622996165982257,0.10600747135133741,0.22964667045226855,0.8777753468001612
2.634999999999821,-3.415489392564871,-0.03192780200382712,0.6631638167061297,0.10653207581275365,0.23100252097137328,0.8507720747951532
2.6359999999998207,-3.4153825916125267,-0.03169609752190716,0.6640010024527986,0.10707789292492216,0.2323413778446375,0.8237529308130481
2.6369999999998206,-3.415275234049799,-0.03146306253475017,0.6648111587637165,0.10764512607648088,0.23366310513689256,0.7967194046591706
2.6379999999998205,-3.4151672984222077,-0.03122871421808741,0.6655942717034912,0.1082338292852477,0.2349676213754363,0.769672214068114
2.6389999999998204,-3.4150587633229375,-0.030993069793874572,0.6663503274564873,0.10884384361720556,0.2362549185687455,0.742610769643596
2.6399999999998203,-3.414949607647124,-0.0307561464447024,0.6670793106372208,0.10947471121725756,0.23752508738185849,0.7155323577976375
2.64099999999982,-3.4148398109459706,-0.030517961198138824,0.6677812016307871,0.11012556082946821,0.23877835272995557,0.6884310360884852
2.64199999999982,-3.414729353910453,-0.030278530765581072,0.6684559728092687,0.11079496310724193,0.24001513057818813,0.6612966180229186
2.64299999999982,-3.414618219008089,-0.03003787130361505,0.6691035842920264,0.11148077169922281,0.24123612818180357,0.6341151160708954
2.64399999999982,-3.414506391389173,-0.029795998465340045,0.6697239815843538,0.11217972795620067,0.2424415834737109,0.6068720099183366
2.6449999999998197,-3.4143938598976633,-0.029552927642027847,0.6703170984355096,0.11288770564042476,0.24363181392423178,0.5795603621499356
2.6459999999998196,-3.414280617334164,-0.029308672506305682,0.6708828692754754,0.11360099859318992,0.244810043825266,0.5521881704707701
2.6469999999998195,-3.4141666601710847,-0.029063243618752975,0.6714212413788488,0.11431610691853777,0.24597948044923665,0.5247717481557563
2.6479999999998194,-3.4140519880818085,-0.02881664845286262,0.6719321791702716,0.11503011407739153,0.24714270130848492,0.4973279962890547
2.6489999999998193,-3.4139366033322345,-0.02856889227889748,0.6724156622638254,0.11574079736771474,0.2483014806242631,0.46987003040646164
2.649999999999819,-3.4138205101067087,-0.028319978966502915,0.6728716811187496,0.11644654299145044,0.24945683564686355,0.4424065003139105
2.650999999999819,-3.4137037139536344,-0.028069911692763613,0.6733002329675793,0.11714621735164449,0.25060914939355133,0.4149424926389176
2.651999999999819,-3.4135862213572783,-0.027818693516582293,0.6737013188215876,0.11783906262505973,0.25175829591871,0.38748064955438416
2.652999999999819,-3.4134680394003474,-0.027566327832449066,0.674074941497576,0.11852462550481342,0.2529037489884627,0.3600220653700634
2.6539999999998187,-3.4133491754863345,-0.027312818723627882,0.6744211044053979,0.11920270829927263,0.2540446734079231,0.33256691699739505
2.6549999999998186,-3.4132296371041733,-0.02705817123192938,0.6747398108554823,0.11987333117462966,0.25518000080101017,0.30511488438571044
2.6559999999998185,-3.4131094316274915,-0.02680239155894327,0.6750310637080844,0.12053671859521287,0.2563086168795486,0.2776655270403584
2.6569999999998184,-3.4129885659182007,-0.02654548568407826,0.6752948662007305,0.1211936018402405,0.2574317126905254,0.25022031857569416
2.6579999999998183,-3.4128670461969697,-0.026287459155469813,0.6755312231895193,0.12184469476365344,0.25855003656469483,0.22278033280704504
2.658999999999818,-3.4127448779164826,-0.026028316650776644,0.6757401400340145,0.12249059843357157,0.2596632726690759,0.19534583959156807
2.659999999999818,-3.4126220659545092,-0.025768063437272382,0.6759216223983685,0.12313194225742231,0.2607710544070485,0.1679171823971675
2.660999999999818,-3.4124986145521765,-0.025506705166223057,0.6760756763358777,0.12376936703118711,0.2618729836052274,0.1404947981271713
2.661999999999818,-3.412374527309579,-0.02524424789606019,0.6762023083877647,0.1244035115877326,0.26296864705385253,0.11307922633401613
2.6629999999998177,-3.41224980719318,-0.024980698100506904,0.6763015256871969,0.12503500245211532,0.2640576298643365,0.08567111093038157
2.6639999999998176,-3.412124456552257,-0.02471606266487861,0.6763733360622902,0.12566444602183166,0.2651395257129125,0.058271196795498595
2.6649999999998175,-3.4119984771420677,-0.024450348873533156,0.6764177481339474,0.12629242285955572,0.26621394432743,0.030880323098727784
2.6659999999998174,-3.4118718701518236,-0.024183564391016793,0.676434771405959,0.126919483736749,0.2672805166733925,0.0034994146924951786
2.6669999999998173,-3.4117446362358597,-0.023915717236182896,0.6764244163604629,0.12754614713922643,0.26833890647797837,-0.02387046045478112
2.667999999999817,-3.411616775546683,-0.023646815725265325,0.6763866947654671,0.12817289793243294,0.2693888515639139,-0.05122777871855187
2.668999999999817,-3.4114882877690897,-0.023376868421449187,0.6763216200360427,0.12880018657211323,0.27043013279931877,-0.07857083225917413
2.669999999999817,-3.411359172154504,-0.023105884088641206,0.6762292073144088,0.12942842929075618,0.27146255714999695,-0.10589787715188977
2.670999999999817,-3.4112294275548782,-0.022833871670957344,0.6761094735008094,0.13005800892200156,0.27248595699057593,-0.1332071428635392
2.6719999999998167,-3.4110990524555236,-0.022560840267867716,0.6759624372761015,0.13068927611303627,0.27350018911849366,-0.16049684016323856
2.6729999999998166,-3.4109680450065802,-0.022286799110369657,0.6757881191168199,0.1313225508102484,0.2745051335063466,-0.18776516825810968
2.6739999999998165,-3.4108364030529064,-0.022011757538498114,0.6755865413034903,0.13195812392658954,0.2755006918950202,-0.21501032116493576
2.6749999999998164,-3.4107041241622325,-0.021735724980291797,0.6753577279229385,0.13259625911832093,0.2764867863037868,-0.24223049335288088
2.6759999999998163,-3.4105712056515127,-0.021458710932268532,0.6751017048653016,0.13323719461488406,0.27746335751300827,-0.26942388470652917
2.676999999999816,-3.4104376446114317,-0.02118072494141572,0.6748184998163927,0.1338811450588759,0.2784303635591754,-0.29658870486553973
2.677999999999816,-3.4103034379290853,-0.020901776588668677,0.6745081422460126,0.13452830332388802,0.2793877782698456,-0.32372317699946496
2.678999999999816,-3.410168582308858,-0.020621875473826833,0.6741706633927457,0.13517884228663818,0.2803355898568248,-0.3508255410754009
2.679999999999816,-3.410033074291563,-0.020341031201843187,0.6738060962457185,0.1358329165367161,0.2812737995790486,-0.3778940566733233
2.6809999999998158,-3.409896910271904,-0.02005925337041363,0.6734144755237478,0.13649066401267856,0.2822024204815335,-0.4049270054000321
2.6819999999998156,-3.4097600865143436,-0.019776551558788314,0.6729958376522551,0.13715220755742782,0.28312147621307365,-0.43192269294818453
2.6829999999998155,-3.4096225991674567,-0.01949293531772609,0.6725502207382835,0.13781765638901475,0.2840309999227322,-0.458879450842288
2.6839999999998154,-3.4094844442768544,-0.019208414160513877,0.6720776645439077,0.13848710748541893,0.2849310332333523,-0.485795637909035
2.6849999999998153,-3.4093456177967703,-0.018922997554975337,0.6715782104582984,0.13916064688362917,0.2858216252890987,-0.5126696415051192
2.685999999999815,-3.409206115600384,-0.01863669491639658,0.6710519014686673,0.1398383508946127,0.28670283187327145,-0.539499878531766
2.686999999999815,-3.4090659334889755,-0.018349515601300735,0.6704987821302946,0.1405202872366269,0.2875747145921977,-0.5662847962616921
2.687999999999815,-3.408925067199984,-0.018061468902007407,0.6699188985358115,0.14120651608988113,0.28843734012080696,-0.593022873001066
2.688999999999815,-3.408783512414048,-0.01777256404191759,0.6693122982838977,0.14189709107586443,0.2892907795054612,-0.6197126186062822
2.6899999999998148,-3.4086412647611075,-0.017482810171468924,0.6686790304475245,0.14259206016477705,0.29013510751969207,-0.6463525748729603
2.6909999999998147,-3.4084983198256267,-0.01719221636471055,0.6680191455418688,0.14329146651447625,0.2909704020686508,-0.6729413158125018
2.6919999999998145,-3.408354673151015,-0.016900791616450753,0.6673326954919995,0.1439953492442079,0.29179674363827274,-0.6994774478297674
2.6929999999998144,-3.408210320243306,-0.016608544839934736,0.6666197336004311,0.1447037441461638,0.2926142147853712,-0.72595960981393
2.6939999999998143,-3.408065256574151,-0.016315484865013247,0.6658803145146255,0.14541668433760285,0.29342289966509405,-0.7523864731533053
2.694999999999814,-3.407919477583193,-0.01602162043676652,0.6651144941945123,0.14613420085590986,0.2942228835923763,-0.7787567416839156
2.695999999999814,-3.407772978679872,-0.01572696021455105,0.6643223298800905,0.14685632319854916,0.29501425263420084,-0.8050691515807045
2.696999999999814,-3.407625755244716,-0.015431512771439995,0.6635038800591642,0.14758307980940338,0.2957970932296216,-0.8313224711996462
2.697999999999814,-3.407477802630174,-0.015135286594030895,0.6626592044352566,0.14831449851247136,0.29657149183460185,-0.8575155008784906
2.6989999999998138,-3.407329116161041,-0.014838290082597353,0.6617883638957424,0.14905060689333136,0.29733753458876205,-0.8836470727035175
2.6999999999998137,-3.4071796911345267,-0.014540531551564217,0.6608914204802258,0.14979143262815103,0.29809530700111403,-0.9097160502494481
2.7009999999998136,-3.407029522820023,-0.014242019230288843,0.6599684373491905,0.15053700375933757,0.2988448936517588,-0.93572132829955
2.7019999999998134,-3.406878606458623,-0.01394276126413398,0.6590194787529357,0.15128734891616177,0.2995863779063415,-0.9616618325529809
2.7029999999998133,-3.406726937262448,-0.013642765715821315,0.6580446100008082,0.15204249747784787,0.30031984163976516,-0.9875365193265255
2.703999999999813,-3.40657451041384,-0.013342040567058318,0.657043897430733,0.1528024796756847,0.30104536496525086,-1.0133443752580862
2.704999999999813,-3.406421321064488,-0.013040593720435244,0.6560174083790362,0.15356732662967246,0.30176302596427157,-1.0390844170195819
2.705999999999813,-3.4062673643345485,-0.012738433001593965,0.6549652111505464,0.15433707031405566,0.30247290041215513,-1.0647556910472764
2.706999999999813,-3.4061126353118434,-0.012435566161675958,0.6538873749889543,0.1551117434447978,0.3031750614932182,-1.0903572732979914
2.707999999999813,-3.40595712905121,-0.01213200088006349,0.6527839700473993,0.1558913792806093,0.30386957949812365,-1.1158882690401304
2.7089999999998127,-3.405800840574097,-0.011827744767436048,0.6516550673592432,0.1566760113275393,0.30455652149471335,-1.1413478126889403
2.7099999999998126,-3.405643764868512,-0.011522805369173642,0.6505007388089832,0.1574656729353757,0.305235950961816,-1.1667350676959225
2.7109999999998124,-3.40548589688943,-0.011217190169150158,0.6493210571032437,0.15826039677216944,0.30590792737343325,-1.1920492265027531
2.7119999999998123,-3.405327231559795,-0.01091090659397372,0.6481160957417775,0.15906021416112234,0.30657250571824013,-1.2172895105704142
2.7129999999998122,-3.4051677637722646,-0.010603962017747484,0.6468859289883957,0.15986515426189482,0.3072297359364969,-1.2424551704944278
2.713999999999812,-3.405007488391853,-0.010296363767443736,0.6456306318417349,0.16067524307617867,0.30787966225330127,-1.2675454862170326
2.714999999999812,-3.4048464002596726,-0.009988119129006918,0.6443502800057592,0.16149050225528372,0.30852232238373517,-1.2925597673467415
2.715999999999812,-3.404684494197973,-0.009679235354327301,0.6430449498598855,0.16231094768575002,0.3091577465821363,-1.317497353594853
2.716999999999812,-3.404521765016715,-0.009369719669256203,0.6417147184286093,0.1631365878280184,0.3097859565049387,-1.342357615336981
2.7179999999998117,-3.404358207521947,-0.00905957928286503,0.640359663350505,0.16396742178361276,0.3104069638551175,-1.3671399543053413
2.7189999999998116,-3.404193816526246,-0.008748821398181837,0.6389798628464669,0.1648034370690997,0.3110207687776447,-1.3918438044141523
2.7199999999998115,-3.4040285868615503,-0.008437453224666875,0.637575395687059,0.16564460708179846,0.3116273579817365,-1.4164686327158238
2.7209999999998113,-3.403862513394674,-0.008125481992705958,0.6361463411588464,0.16649088825501013,0.31222670258045643,-1.4410139404793942
2.7219999999998112,-3.403695591045814,-0.007812914970396793,0.6346927790295936,0.1673422169224769,0.31281875566635725,-1.465479264374756
2.722999999999811,-3.403527814810313,-0.007499759482862014,0.633214789512237,0.1681985059468614,0.3134034496900153,-1.4898641777365507
2.723999999999811,-3.403359179783868,-0.007186022934219561,0.6317124532275668,0.16905964121991648,0.3139806937847271,-1.5141682918705412
2.724999999999811,-3.40318968119122,-0.006871712832143957,0.6301858511656032,0.1699254782170674,0.3145503712935223,-1.5383912573534544
2.725999999999811,-3.4030193144181426,-0.006556836814622026,0.6286350646456997,0.17079583888815913,0.31511233790837334,-1.5625327652658747
2.7269999999998107,-3.4028480750462,-0.006241402678005825,0.6270601752754759,0.17167050928412617,0.3156664210188614,-1.5865925482879542
2.7279999999998106,-3.4026759588892843,-0.005925418404774469,0.6254612649087556,0.17254923843808104,0.31621242105746156,-1.6105703815794832
2.7289999999998105,-3.4025029620303964,-0.00560889218856516,0.6238384156027695,0.17343173910016482,0.31675011575102757,-1.6344660833560019
2.7299999999998104,-3.402329080856516,-0.005291832453144893,0.6221917095749765,0.17431769090658486,0.3172792681259938,-1.658279515051889
2.7309999999998102,-3.402154312088933,-0.004974247861322858,0.6205212291599914,0.17520674637039046,0.31779963872249106,-1.682010580914216
2.73199999999981,-3.401978652806204,-0.004656147309733465,0.6188270567673007,0.17609853966322195,0.3183110016439476,-1.7056592267826152
2.73299999999981,-3.401802100457231,-0.004337539906367453,0.6171092748407536,0.17699269754228944,0.31881316285893213,-1.7292254376843326
2.73399999999981,-3.4016246528629126,-0.004018434929925171,0.6153679658212524,0.17788885112335504,0.3193059779114206,-1.7527092337568257
2.73499999999981,-3.401446308206344,-0.003698841773290999,0.6136032121145678,0.17878664677740252,0.31978936546565495,-1.776110663998755
2.7359999999998097,-3.4012670650132506,-0.0033787698768787695,0.6118150960666312,0.17968575448942445,0.32026331347563625,-1.799429797547896
2.7369999999998096,-3.4010869221257525,-0.003058228660103712,0.6100036999487523,0.18058587262019013,0.3207278763555654,-1.8226667126174776
2.7379999999998095,-3.400905878673175,-0.0027372274598029627,0.6081691059548087,0.1814867288944826,0.32118316355088583,-1.845821484666692
2.7389999999998094,-3.4007239340439623,-0.0024157754867885333,0.6063113962008415,0.18238807732377665,0.3216293154057654,-1.8688941990730215
2.7399999999998093,-3.4005410878611615,-0.002093881804716088,0.6044306527104041,0.18328969407469894,0.32206648183553566,-1.891884947208609
2.740999999999809,-3.4003573399617957,-0.0017715553252015796,0.6025269574336262,0.1841913744328351,0.3224948143798762,-1.914793781083709
2.741999999999809,-3.4001726903799065,-0.0014488048135211957,0.6006003922929933,0.18509292852154363,0.32291445263062213,-1.9376207029422925
2.742999999999809,-3.399987139333537,-0.0011256389052085936,0.5986510392361023,0.18599417755122355,0.323325514464926,-1.9603656597102623
2.743999999999809,-3.3998006872151985,-0.0008020661308588505,0.596678980292736,0.1868949508212303,0.32372809059027285,-1.9830285398476364
2.7449999999998087,-3.399613334585001,-0.0004780949445669146,0.5946842976340638,0.1877950834015198,0.3241222426673861,-2.0056091721641742
2.7459999999998086,-3.3994250821658314,-0.00015373375286280842,0.5926670736322569,0.18869441433940098,0.32450800405647856,-2.0281073260882807
2.7469999999998085,-3.3992359308401254,0.00017100905803146116,0.59062739091931,0.18959278523133694,0.32488538227229224,-2.0505227129121724
2.7479999999998084,-3.3990458816479423,0.0004961250979499356,0.588565332444298,0.19049003903041056,0.325254362399429,-2.07285498762184
2.7489999999998083,-3.3988549357861464,0.0008216059522057669,0.586480981528634,0.1913860190001036,0.3256149109174824,-2.095103751020844
2.749999999999808,-3.398663094608583,0.0011474431648977592,0.5843744219191443,0.192280567760866,0.32596697956476484,-2.1172685519507115
2.750999999999808,-3.398470359627173,0.0014736282260105014,0.5822457378389253,0.19317352640290417,0.3263105090106028,-2.1393488894883164
2.751999999999808,-3.3982767325138625,0.0018001525620421053,0.5800950140360428,0.1940647336566561,0.3266454322075654,-2.1613442150603697
2.752999999999808,-3.3980822151033703,0.00212700752980186,0.5779223358301658,0.19495402512332452,0.32697167736270455,-2.1832539344588273
2.7539999999998077,-3.397886809396675,0.0024541844129828063,0.5757277891572301,0.195841232573694,0.3272891705091104,-2.2050774097718326
2.7549999999998076,-3.397690517565163,0.0027816744211095123,0.5735114606121978,0.19672618332603953,0.32759783768340406,-2.226813961265843
2.7559999999998075,-3.3974933419553497,0.003109468690474462,0.5712734374899402,0.19760869971453945,0.3278976067272516,-2.248462869268364
2.7569999999998074,-3.397295285094091,0.003437558286697878,0.5690138078242127,0.19848859865910504,0.3281884087360266,-2.2700233761091586
2.7579999999998073,-3.397096349694163,0.0037659342085697867,0.5667326604246344,0.19936569134644927,0.3284701791784665,-2.2914946881821128
2.758999999999807,-3.3968965386601044,0.004094587392856503,0.5644300849115182,0.20023978303083675,0.32874285870963943,-2.312875978190928
2.759999999999807,-3.3966958550941966,0.004423508719774945,0.5621061717483384,0.20111067296140928,0.32900639369712287,-2.3341663876398404
2.760999999999807,-3.3964943023024485,0.004752689018856917,0.559761012271561,0.2019781544413106,0.32926073647786264,-2.3553650296258097
2.761999999999807,-3.3962918838004574,0.005082119074942008,0.55739469871751,0.2028420150220204,0.32950584536127664,-2.376470991981072
2.7629999999998067,-3.396088603319005,0.005411789634052697,0.5550073242459,0.2037020368343138,0.3297416843931159,-2.397483340804612
2.7639999999998066,-3.3958844648092574,0.005741691408919739,0.5525989829596312,0.2045579970550468,0.3299682228945619,-2.418401124407947
2.7649999999998065,-3.395679472447428,0.006071815083940743,0.5501697699204268,0.20540966850650622,0.33018543479208406,-2.439223377684738
2.7659999999998064,-3.3954736306387834,0.006402151319371387,0.5477197811598918,0.20625682038234786,0.33039329775565746,-2.4599491268954417
2.7669999999998063,-3.3952669440208556,0.006732690754567703,0.5452491136855914,0.2070992190912164,0.3305917921659228,-2.480577394837913
2.767999999999806,-3.395059417465765,0.007063424010120212,0.5427578654817842,0.20793662920606007,0.33078089993455145,-2.5011072063532973
2.768999999999806,-3.394851056081542,0.007394341688746979,0.5402461355045137,0.20876881450403162,0.33096060320617193,-2.521537594094671
2.769999999999806,-3.3946418652123755,0.0077254343748430435,0.537714023670836,0.2095955390788492,0.3311308829743839,-2.541867604464796
2.770999999999806,-3.394431850437716,0.008056692632618195,0.5351616308420719,0.21041656850474313,0.33129171764823634,-2.5620963036104234
2.7719999999998057,-3.3942210175702026,0.008388107002792987,0.5325890588010898,0.21123167102882492,0.3314430816086805,-2.5822227833451468
2.7729999999998056,-3.3940093726523966,0.00871966799786356,0.5299964102237582,0.21204061876706304,0.33158494379653636,-2.6022461668621477
2.7739999999998055,-3.3937969219523203,0.009051366095987699,0.5273837886448507,0.21284318887819773,0.33171726637409343,-2.6221656140934835
2.7749999999998054,-3.39358367195785,0.009383191733586347,0.5247512984188273,0.21363916468999858,0.33184000350136866,-2.641980326574549
2.7759999999998053,-3.393369629370013,0.009715135296794415,0.5220990446760546,0.21442833675332804,0.3319531002651328,-2.6616895516813885
2.776999999999805,-3.3931548010952794,0.01004718711193073,0.5194271332751516,0.21521050380152226,0.3320564917941238,-2.6812925861244836
2.777999999999805,-3.392939194236947,0.010379337435187305,0.5167356707522534,0.21598547359556522,0.3321501025875554,-2.7007887786047386
2.778999999999805,-3.3927228160857457,0.010711576441761584,0.5140247642680681,0.2167530636392689,0.3322338460764212,-2.7201775315644876
2.779999999999805,-3.3925056741097954,0.011043894214670637,0.5112945215536507,0.21751310175298405,0.3323076244286096,-2.7394583019967818
2.7809999999998047,-3.392287775944065,0.01137628073349292,0.5085450508558429,0.21826542649900843,0.3323713285999893,-2.7586306013081687
2.7819999999998046,-3.3920691293794802,0.011708725863281063,0.5057764608833126,0.21900988745657632,0.332424838624921,-2.7776939942616625
2.7829999999998045,-3.3918497423518303,0.012041219343878501,0.5029888607540894,0.21974634534884593,0.3324680241316001,-2.796648097055808
2.7839999999998044,-3.391629622930619,0.012373750779854628,0.5001823599454188,0.22047467202842427,0.3325007450606694,-2.8154925746210515
2.7849999999998043,-3.391408779307996,0.012706309631248731,0.4973570682466708,0.22119475033149666,0.332522852559984,-2.8342271372348833
2.785999999999804,-3.391187219787896,0.013038885205283698,0.4945130957159259,0.22190647381343181,0.3325341900244611,-2.852851536571641
2.786999999999804,-3.3909649527754913,0.013371466649178196,0.4916505526407422,0.22260974638074538,0.33253459424767634,-2.871365561311224
2.787999999999804,-3.3907419867670643,0.013704042944152164,0.4887695495034818,0.22330448183551566,0.33252389665121546,-2.889769032433444
2.788999999999804,-3.390518330340365,0.014036602900686809,0.48587019695144773,0.2239906033487967,0.3325019245586045,-2.9080617983218824
2.7899999999998037,-3.390293992145528,0.014369135155067964,0.4829526057719639,0.22466804287934922,0.33246850248268717,-2.926243729793768
2.7909999999998036,-3.3900689808965936,0.014701628167211989,0.48001688687241717,0.22533674055321737,0.3324234533983197,-2.944314715161524
2.7919999999998035,-3.3898433053636556,0.015034070219747024,0.47706315126518317,0.2259966440184468,0.332366599975919,-2.9622746554183017
2.7929999999998034,-3.389616974365669,0.015366449418299876,0.4740915100572715,0.22664770778769153,0.332297765755446,-2.980123459625059
2.7939999999998033,-3.3893899967639145,0.01569875369292054,0.47110207444445673,0.22728989257971763,0.332216776244576,-2.9978610405614514
2.794999999999803,-3.3891623814561167,0.016030970800562094,0.4680949557096059,0.22792316466898632,0.33212345992889114,-3.015487310687765
2.795999999999803,-3.3889341373712063,0.01636308832852347,0.4650702652248747,0.22854749525068085,0.3320176491857546,-3.033002178450964
2.796999999999803,-3.3887052734647076,0.016695093698756033,0.4620281144574162,0.22916285982679768,0.33189918109697697,-3.0504055449550362
2.797999999999803,-3.3884757987147296,0.017026974172931593,0.45896861497823316,0.2297692376173082,0.33176789815838414,-3.0676973010045345
2.7989999999998028,-3.3882457221185285,0.017358716858168748,0.45589187847380014,0.230366610998944,0.33162364888691304,-3.0848773245206127
2.7999999999998026,-3.3880150526896204,0.01769030871331626,0.45279801676008646,0.23095496497288592,0.33146628832788577,-3.10194547832099
2.8009999999998025,-3.387783799455411,0.018021736555695642,0.44968714179862335,0.23153428666154985,0.33129567846667335,-3.1189016082490744
2.8019999999998024,-3.387551971455312,0.01835298706820981,0.44655936571427507,0.23210456483375977,0.33111168855008904,-3.135745541632794
2.8029999999998023,-3.387319577739324,0.01868404680673059,0.443414800814396,0.23266578945686495,0.3309141953235997,-3.15247708605037
2.803999999999802,-3.387086627367048,0.01901490220768402,0.4402535596090787,0.2332179512737853,0.3307030831908648,-3.1690960283781116
2.804999999999802,-3.3868531294071142,0.019345539595759152,0.43707575483222383,0.2337610414025339,0.330478244302261,-3.1856021340941516
2.805999999999802,-3.3866190929369977,0.0196759451916726,0.43388149946318966,0.23429505095545392,0.33023957857898045,-3.2019951468116563
2.806999999999802,-3.386384527043208,0.02000610511992758,0.4306709067488044,0.2348199706751997,0.3299869936790458,-3.218274788015285
2.8079999999998018,-3.386149440821834,0.0203360054165124,0.4274440902255513,0.23533579058437243,0.3297204049112198,-3.2344407569753906
2.8089999999998017,-3.385913843379436,0.020665632036489086,0.42420116374176053,0.23584249964567566,0.32943973510232666,-3.2504927308154827
2.8099999999998015,-3.3856777438342727,0.020994970861428076,0.4209422414796673,0.23634008542947207,0.3291449144229901,-3.2664303647097497
2.8109999999998014,-3.3854411513178553,0.02132400770664972,0.4176674379772159,0.2368285337856916,0.3288358801762499,-3.2822532921888308
2.8119999999998013,-3.3852040749768344,0.021652728328237406,0.414376868149513,0.2373078285171539,0.3285125765529715,-3.297961125533494
2.812999999999801,-3.3849665239752085,0.02198111842979092,0.4110706473098508,0.23777795105152227,0.3281749543574294,-3.313553456237358
2.813999999999801,-3.3847285074968663,0.022309163668891605,0.4077488911902405,0.2382388801103321,0.3278229706732236,-3.329029855630774
2.814999999999801,-3.3844900347480857,0.02263684965179797,0.4044117159357243,0.23869059226350484,0.3274565594372049,-3.3443899726918667
2.815999999999801,-3.384251114958678,0.022964161869150016,0.40105923788138015,0.2391330635734823,0.3270755609714134,-3.3596337678205574
2.8169999999998008,-3.3840117573845174,0.02329108565424632,0.397691573364312,0.23956626650207785,0.32667980350865905,-3.3747612380905356
2.8179999999998007,-3.3837719713109125,0.023617606164197585,0.39430883874247374,0.23999016889704752,0.32626912463738567,-3.389772345026749
2.8189999999998006,-3.3835317660579216,0.023943708398743765,0.39091115043177693,0.2404047332957013,0.3258433721146669,-3.4046670081459944
2.8199999999998004,-3.38329115098614,0.02426937721132098,0.3874986249560322,0.24080991602494453,0.3254024054281056,-3.4194450941452876
2.8209999999998003,-3.3830501355025797,0.02459459731860243,0.3840713789898131,0.24120566773390884,0.32494609186950313,-3.4341064370665486
2.8219999999998002,-3.382808729066589,0.02491935330820171,0.3806295293877819,0.24159193318522978,0.3244743053304689,-3.4486508429868743
2.8229999999998,-3.3825669411958423,0.02524362964465819,0.3771731932119633,0.2419686508823023,0.3239869256694764,-3.463078091383047
2.8239999999998,-3.3823247814727875,0.025567410675089317,0.37370248775770615,0.24233575268626684,0.3234838380830068,-3.47738793639127
2.8249999999998,-3.3820822595514852,0.02589068063421739,0.37021753057843676,0.2426931634270246,0.32296493248400865,-3.491580107964117
2.8259999999998,-3.381839385164832,0.026213423648780442,0.3667184395093051,0.24304080051420382,0.3224301028921789,-3.5056543129298823
2.8269999999997997,-3.3815961681321727,0.02653562374134188,0.36320533268981664,0.24337857355587098,0.32187924684218283,-3.5196102359633477
2.8279999999997996,-3.381352618367283,0.026857264833520772,0.35967832858553217,0.24370638399490682,0.3213122648178977,-3.5334475404814714
2.8289999999997995,-3.381108745886706,0.02717833074867376,0.35613754600890224,0.24402412477533308,0.320729059723089,-3.5471658694827415
2.8299999999997993,-3.3808645608183965,0.02749880521407145,0.35258310413928,0.2443316800534362,0.32012953640157604,-3.5607648463549078
2.8309999999997992,-3.380620073410627,0.027818671862626435,0.34901512254212985,0.24462892497120006,0.3195136012228403,-3.574244075682384
2.831999999999799,-3.3803752940410803,0.028137914234247653,0.34543372118741256,0.24491572551218357,0.3188811617520344,-3.5876031440915535
2.832999999999799,-3.3801302332260357,0.028456515776916144,0.34183902046708825,0.24519193846234322,0.31823212652623506,-3.600841621179064
2.833999999999799,-3.3798849016295307,0.028774459847600443,0.33823114121162806,0.2454574115001075,0.31756640496122024,-3.6139590605742864
2.834999999999799,-3.3796393100723585,0.02909172971315481,0.33461020470537345,0.24571198344087652,0.3168839074146005,-3.626955001191437
2.8359999999997987,-3.379393469540733,0.029408308551369625,0.3309763327005246,0.24595548466059394,0.3161845454312341,-3.6398289687282586
2.8369999999997986,-3.3791473911944307,0.029724179452368295,0.3273296474294845,0.24618773772062652,0.3154682321948788,-3.652580477465057
2.8379999999997985,-3.378901086374204,0.030039325420566858,0.323670271615234,0.24640855821141727,0.314734883205313,-3.6652090324088062
2.8389999999997984,-3.3786545666082297,0.030353729377427845,0.31999832847937804,0.2466177558248891,0.31398441719213277,-3.6777141318104936
2.8399999999997982,-3.3784078436173797,0.030667374165245797,0.31631394174748506,0.24681513565522883,0.31321675726475096,-3.69009527005894
2.840999999999798,-3.3781609293190757,0.030980242552193817,0.31261723565135535,0.24700049971469099,0.3124318322828716,-3.7023519409209196
2.841999999999798,-3.3779138358295397,0.03129231723883614,0.30890833492790354,0.2471736486361039,0.31162957841353656,-3.7144836410568636
2.842999999999798,-3.3776665754642594,0.031603580866268015,0.3051873648144341,0.24733438351803363,0.3108099408211145,-3.726489873696702
2.843999999999798,-3.37741916073657,0.03191401602598102,0.30145445104022534,0.247482507853738,0.30997287541740143,-3.7383701523162713
2.8449999999997977,-3.37717160435429,0.032223605271470876,0.29770971981451777,0.24761782947310712,0.3091183505829597,-3.750124004117357
2.8459999999997976,-3.376923919214444,0.03253233113151055,0.2939532978112121,0.24774016241973068,0.3082463487607524,-3.761750973090698
2.8469999999997975,-3.376676118396171,0.032840176124911045,0.2901853121508067,0.24784932868465698,0.30735686782149835,-3.773250622437309
2.8479999999997974,-3.3764282151520044,0.0331471227764952,0.2864058903803215,0.24794515972514378,0.30644992210852007,-3.7846225361433796
2.8489999999997973,-3.3761802228977604,0.03345315363392574,0.2826151604521397,0.24802749771049085,0.3055255430882789,-3.795866319548456
2.849999999999797,-3.375932155201335,0.03375825128496814,0.27881325070282725,0.24809619645649655,0.3045837795597316,-3.8069815988122055
2.850999999999797,-3.3756840257707266,0.03406239837473726,0.2750002898330461,0.24815112203284287,0.3036246974080244,-3.817968019264576
2.851999999999797,-3.3754358484416116,0.03436557762247899,0.27117640688965067,0.24819215305090317,0.3026483789217917,-3.828825242707597
2.852999999999797,-3.3751876371647804,0.0346677718374731,0.2673417312509491,0.2482191806602382,0.3016549217241653,-3.839552943813787
2.8539999999997967,-3.374939405993701,0.03496896393370573,0.2634963926159342,0.24823210829811085,0.3006444373918618,-3.8501508058266767
2.8549999999997966,-3.3746911690724355,0.03526913694304306,0.2596405209980619,0.24823085124636485,0.29961704985199633,-3.860618515806956
2.8559999999997965,-3.3744429406240717,0.03556827402673054,0.255774246723904,0.24821533605369095,0.29857289365175155,-3.870955759680801
2.8569999999997964,-3.374194734939775,0.03586635848513625,0.2518977004367478,0.248185499879308,0.2975121121924026,-3.881162217336407
2.8579999999997963,-3.3739465663685158,0.03616337376574377,0.24801101310498327,0.24814128980773323,0.2964348560083078,-3.8912375579851997
2.858999999999796,-3.373698449307482,0.036459303469473014,0.24411431603492184,0.2480826621752204,0.2953412811557924,-3.9011814359618318
2.859999999999796,-3.373450398193145,0.03675413135546393,0.24020774088754163,0.24800958193818798,0.2942315477589401,-3.910993487088556
2.860999999999796,-3.3732024274929273,0.03704784134449591,0.2362914196985519,0.24792202210386113,0.2931058187414219,-3.9206733256808115
2.861999999999796,-3.372954551697406,0.03734041752123694,0.23236548490111636,0.24781996323434127,0.2919642587573049,-3.930220542226433
2.8629999999997957,-3.372706785312974,0.03763184413552229,0.2284300693505607,0.2477033930279268,0.29080703332035235,-3.9396347017336613
2.8639999999997956,-3.372459142854881,0.03792210560285697,0.22448530635041117,0.2475723059759256,0.2896343081210862,-3.948915342714441
2.8649999999997955,-3.372211638840583,0.03821118650432144,0.22053132967915348,0.2474267030893549,0.2884462485138337,-3.9580619767494176
2.8659999999997954,-3.3719642877833342,0.038499071586040046,0.21656827361716333,0.24726659168759038,0.28724301915178285,-3.967074088568804
2.8669999999997953,-3.3717171041859624,0.03878574575834855,0.21259627297332764,0.24709198523990533,0.2860247837462385,-3.975951136577573
2.867999999999795,-3.3714701025347797,0.03907119409477301,0.20861546311094864,0.2469029032506195,0.2847917049262474,-3.984692553752837
2.868999999999795,-3.371223297293592,0.03935540183090922,0.20462597997259346,0.24669937117896956,0.2835439441760128,-3.993297748844285
2.869999999999795,-3.3709767028977717,0.03963835436326982,0.2006279601036186,0.2464814203855842,0.28228166182959763,-4.001766107813985
2.870999999999795,-3.3707303337483765,0.039920037248147494,0.19662154067415902,0.24624908809841134,0.28100501710493236,-4.010096995458598
2.8719999999997947,-3.3704842042062935,0.04020043620052545,0.19260685949942458,0.24600241739197015,0.27971416816183675,-4.018289757164388
2.8729999999997946,-3.370238328586399,0.04047953709305283,0.18858405505819326,0.245741457174801,0.278409272171419,-4.026343720752691
2.8739999999997945,-3.3699927211517307,0.04075732595509101,0.18455326650942855,0.2454662621809042,0.27709048538671666,-4.034258198380405
2.8749999999997944,-3.369747396107665,0.04103378897182795,0.18051463370698126,0.24517689296177003,0.2757579632067052,-4.042032488466355
2.8759999999997943,-3.369502367596105,0.041308912483450956,0.17646829721236218,0.24487341587629582,0.2744118602277926,-4.049665877619899
2.876999999999794,-3.369257649689679,0.04158268298436286,0.1724143983055929,0.24455590307646402,0.27305233027863485,-4.0571576425529265
2.877999999999794,-3.3690132563859607,0.04185508712242374,0.16835307899415938,0.24422443248712808,0.27167952643555027,-4.064507051960425
2.878999999999794,-3.368769201601704,0.04212611169819762,0.16428448202010543,0.24387908777863257,0.270293601017014,-4.0717133683581075
2.879999999999794,-3.3685254991671196,0.042395743664183146,0.16020875086531397,0.24351995833129506,0.2688947055566885,-4.078775849868328
2.8809999999997937,-3.3682821628201833,0.04266397012400657,0.1561260297550309,0.24314713919101452,0.26748299075523313,-4.085693751947677
2.8819999999997936,-3.3680392062009976,0.042930778331556445,0.1520364636596927,0.24276073101545612,0.26605860641175455,-4.092466329051374
2.8829999999997935,-3.367796642846212,0.04319615569004001,0.14794019829512278,0.2423608400104074,0.26462170133623736,-4.099092836230929
2.8839999999997934,-3.3675544861835096,0.04346008975094339,0.14383738012116445,0.24194757785601667,0.26317242324465756,-4.1055725306625535
2.8849999999997933,-3.3673127495261745,0.04372256821287894,0.13972815633882105,0.24152106162271658,0.2617109186387425,-4.111904673104612
2.885999999999793,-3.3670714460677478,0.04398357892030564,0.13561267488597445,0.24108141367671385,0.2602373326725253,-4.118088529282961
2.886999999999793,-3.3668305888767835,0.04424310986211041,0.13149108443175467,0.24062876157499302,0.25875180900795647,-4.124123371203481
2.887999999999793,-3.3665901908917153,0.04450114917004046,0.1273635343696334,0.2401632379498429,0.25725448966189907,-4.1300084783914075
2.888999999999793,-3.366350264915842,0.04475768511697939,0.12323017480931502,0.23968498038297106,0.25574551484684854,-4.135743139057299
2.8899999999997927,-3.366110823612446,0.0450127061150618,0.11909115656749815,0.23919413126932795,0.25422502280770115,-4.14132665118967
2.8909999999997926,-3.365871879500055,0.045266200713623604,0.11494663115758136,0.23869083767081753,0.2526931496568446,-4.146758323574427
2.8919999999997925,-3.365633444947846,0.0455181575969876,0.11079675077838576,0.23817525116012803,0.25115002920977025,-4.152037476741373
2.8929999999997924,-3.365395532171224,0.045768565582085696,0.1066416683019675,0.23764752765497404,0.2495957928233138,-4.157163443838124
2.8939999999997923,-3.365158153227558,0.046017413615921585,0.10248153726059243,0.23710782724309967,0.24803056923851932,-4.1621355714318975
2.894999999999792,-3.364921320012106,0.04626469077287933,0.09831651183294479,0.23655631399845253,0.24645448442999923,-4.166953220239692
2.895999999999792,-3.3646850442541223,0.04651038625188528,0.09414674682964128,0.23599315578899824,0.24486766146352662,-4.171615765787526
2.896999999999792,-3.3644493375131628,0.04675448937343238,0.08997239767812101,0.23541852407670472,0.2432702203634542,-4.17612259899947
2.897999999999792,-3.3642142111755944,0.0469969895764774,0.08579362040698123,0.23483259371028448,0.24166227799140283,-4.180473126717363
2.8989999999997917,-3.3639796764513163,0.047237876415222986,0.08161057162982743,0.2342355427113403,0.24004394793750805,-4.184666772152219
2.8999999999997916,-3.3637457443706933,0.04747713955579773,0.0774234085287059,0.23362755205461347,0.23841534042535345,-4.18870297526849
2.9009999999997915,-3.3635124257817175,0.04771476877284841,0.07323228883718484,0.23300880544308486,0.23677656223155896,-4.1925811931025
2.9019999999997914,-3.3632797313473928,0.047950753946059466,0.06903737082314952,0.2323794890787257,0.23512771662083023,-4.196300900016518
2.9029999999997913,-3.363047671543353,0.04818508505661553,0.06483881327137471,0.23173979142973566,0.23346890329711437,-4.199861587890134
2.903999999999791,-3.3628162566557114,0.04841775218362333,0.060636775465936425,0.2310899029951419,0.23180021837134657,-4.203262766250738
2.904999999999791,-3.362585496779151,0.048648745500509814,0.05643141717252277,0.23043001606766125,0.23012175434611712,-4.206503962345105
2.905999999999791,-3.3623554018152477,0.048878055271413416,0.052222898620701744,0.2297603244957501,0.22843360011743422,-4.209584721154233
2.906999999999791,-3.362125981471034,0.04910567184758565,0.04801138048620162,0.22908102344578055,0.22673584099361177,-4.212504605353765
2.9079999999997908,-3.3618972452578006,0.04933158566382014,0.04379702387325708,0.22839230916528883,0.22502855873116906,-4.215263195222462
2.9089999999997906,-3.3616692024901305,0.04955578723492589,0.039579990297071745,0.22769437874824022,0.223311831587496,-4.217860088501356
2.9099999999997905,-3.361441862285171,0.049778267152261454,0.035360441666445065,0.22698742990324558,0.22158573438991072,-4.2202949002063335
2.9109999999997904,-3.3612152335621324,0.04999901608034619,0.031138540266608717,0.22627166072564778,0.21985033862061915,-4.2225672623970185
2.9119999999997903,-3.3609893250420133,0.050218024753564086,0.026914448742314728,0.22554726947437068,0.21810571251697858,-4.22467682390493
2.91299999999979,-3.360764145247546,0.05043528397297531,0.02268833008121451,0.2248144543543913,0.21635192118636884,-4.226623250023965
2.91399999999979,-3.3605397025033574,0.05065078460324947,0.01846034759756498,0.224073413305656,0.21458902673488753,-4.228406222166323
2.91499999999979,-3.360316004936336,0.05086451756973427,0.014230664916294655,0.22332434379921506,0.21281708840900906,-4.230025437487032
2.91599999999979,-3.360093060476199,0.05107647385567178,0.009999445957459656,0.2225674426412982,0.211036162749282,-4.231480608480254
2.9169999999997898,-3.3598708768562524,0.051286644499574104,0.005766854921116124,0.22180290578599618,0.20924630375508413,-4.232771462550566
2.9179999999997897,-3.359649461614332,0.051495020592768816,0.001533056272632576,0.2210309281571507,0.20744756305941203,-4.233897741562362
2.9189999999997895,-3.3594288220939212,0.051701593277123856,-0.002701785271537538,0.22025170347999073,0.20563999011264866,-4.23485920137052
2.9199999999997894,-3.3592089654454256,0.051906353742960126,-0.006937504757605845,0.21946542412298317,0.20382363237423115,-4.235655611335396
2.9209999999997893,-3.3589898986276077,0.052109293227159355,-0.011173937007707493,0.21867228095029603,0.20199853551112867,-4.236286753825138
2.921999999999789,-3.358771628409159,0.05231040301147327,-0.015410916632656778,0.21787246318520087,0.2001647436020383,-4.236752423708237
2.922999999999789,-3.3585541613704044,0.05250967442103948,-0.019648278044191635,0.21706615828466833,0.19832229934621362,-4.2370524278391
2.923999999999789,-3.358337503905128,0.052707098823107965,-0.023885855466701324,0.21625355182534026,0.19647124427585566,-4.237186584539347
2.924999999999789,-3.3581216622225045,0.05290266762598136,-0.02812348294843436,0.21543482740099137,0.19461161897101828,-4.237154723077363
2.9259999999997888,-3.357906642349129,0.05309637227817094,-0.03236099437218616,0.21461016653152545,0.19274346327600966,-4.236956683148551
2.9269999999997887,-3.3576924501311307,0.05328820426776938,-0.03659822346546822,0.21377974858348675,0.1908668165163063,-4.2365923143585515
2.9279999999997885,-3.357479091236363,0.053478155122040245,-0.04083500381016292,0.21294375070200447,0.1889817177150357,-4.23606147571155
2.9289999999997884,-3.3572665711566536,0.05366621640722339,-0.04507116885167003,0.2121023477540316,0.18708820580812816,-4.235364035105669
2.9299999999997883,-3.3570548952101054,0.053852379728554514,-0.049306551907552884,0.21125571228268508,0.1851863198572851,-4.234499868837279
2.930999999999788,-3.3568440685434404,0.05403663673049623,-0.05354098617569408,0.2104040144724459,0.1832760992599601,-4.233468861115895
2.931999999999788,-3.3566340961343712,0.05421897909717731,-0.057774304741972024,0.20954742212493413,0.1813575839556005,-4.232270903591228
2.932999999999788,-3.3564249827939907,0.054399398553035994,-0.062006340587471134,0.20868610064493465,0.17943081462744812,-4.2309058948937714
2.933999999999788,-3.356216733169172,0.05457788686366267,-0.06623692659524004,0.2078202130363157,0.17749583289924925,-4.229373740190209
2.934999999999788,-3.35600935174497,0.05475443583683637,-0.07046589555661302,0.20694991990745457,0.17555268152627515,-4.227674350754788
2.9359999999997877,-3.355802842847006,0.05492903732374934,-0.07469308017711125,0.2060753794857597,0.17360140458010337,-4.225807643557683
2.9369999999997876,-3.3555972106438436,0.055101683220412916,-0.0789183130819413,0.20519674764086152,0.1716420476266585,-4.2237735408712735
2.9379999999997874,-3.3553924591493254,0.05527236546923799,-0.08314142682110923,0.20431417791602777,0.16967465789705688,-4.221571969895161
2.9389999999997873,-3.355188592224885,0.055441076060782545,-0.08736225387416938,0.20342782156735145,0.16769928445084314,-4.219202862400656
2.9399999999997872,-3.3549856135818112,0.05560780703565836,-0.09158062665462764,0.202537827610251,0.16571597833124774,-4.21666615439539
2.940999999999787,-3.35478352678346,0.055772550486588995,-0.09579637751401973,0.20164434287282082,0.1637247927121332,-4.213961785808628
2.941999999999787,-3.354582335247415,0.05593529856061034,-0.10000933874568523,0.20074751205557065,0.1617257830363324,-4.211089700197806
2.942999999999787,-3.3543820422475825,0.05609604346140509,-0.10421934258825902,0.1998474777970938,0.15971900714511597,-4.208049844476748
2.943999999999787,-3.354182650916219,0.05625477745176225,-0.10842622122890205,0.19894438074521056,0.15770452539855673,-4.204842168665985
2.9449999999997867,-3.3539841642458823,0.0564114928561522,-0.11262980680629349,0.19803835963313918,0.15568240078658674,-4.201466625665529
2.9459999999997866,-3.3537865850913073,0.05656618206340828,-0.11682993141340707,0.1971295513602544,0.1536526990305712,-4.197923171050446
2.9469999999997865,-3.3535899161712,0.05671883752950497,-0.12102642710009459,0.19621809107700286,0.15161548867524594,-4.194211762889513
2.9479999999997863,-3.353394160069939,0.05686945178042328,-0.12521912587549963,0.19530411227355343,0.1495708411708909,-4.190332361587219
2.9489999999997862,-3.353199319239192,0.05701801741509327,-0.12940785971032517,0.19438774687177002,0.14751883094563245,-4.1862849297493385
2.949999999999786,-3.3530053959994377,0.05716452710840395,-0.1335924605389785,0.19346912532010355,0.14545953546779058,-4.182069432072265
2.950999999999786,-3.3528123925413897,0.05730897361427054,-0.1377727602616175,0.19254837669100808,0.14339303529820713,-4.177685835256265
2.951999999999786,-3.3526203109273234,0.057451349768749015,-0.14194859074612223,0.19162562878049447,0.1413194141325126,-4.173134107942768
2.952999999999786,-3.352429153092302,0.05759164849318783,-0.14611978383001575,0.1907010081572954,0.1392387589675041,-4.168414220078396
2.9539999999997857,-3.3522389208460512,0.05772986279933913,-0.1502861713158287,0.18977463894564273,0.13715116352547632,-4.163526127776642
2.9549999999997856,-3.352049615875325,0.05786598579603065,-0.15444758495225863,0.18884664270919868,0.13505672884341244,-4.158469770813302
2.9559999999997855,-3.3518612397458134,0.0580000106949365,-0.15860385642822494,0.18791714012938637,0.1329555592266271,-4.153245090687861
2.9569999999997854,-3.351673793902952,0.05813193081378482,-0.16275481737555791,0.18698625119342452,0.13084776202435439,-4.147852031625613
2.9579999999997852,-3.3514872796724813,0.058261739579184395,-0.1669002993717521,0.18605409529776007,0.128733447613334,-4.142290540634833
2.958999999999785,-3.351301698260987,0.058389430529639824,-0.17104013394278925,0.18512079135115475,0.12661272937155582,-4.1365605675887265
2.959999999999785,-3.3511170507563355,0.05851499731853569,-0.17517415256605542,0.18418645787705212,0.124485723642317,-4.1306620653317285
2.960999999999785,-3.3509333381280095,0.058638433717079955,-0.17930218667337638,0.1832512131148525,0.12235254968877383,-4.124594989809639
2.961999999999785,-3.3507505612273425,0.05875973361719723,-0.18342406765419475,0.1823151751197229,0.12021332963919885,-4.1183593002229655
2.9629999999997847,-3.3505687207876527,0.05887889103436282,-0.18753962685891187,0.18137846186056789,0.1180681884231816,-4.111954959202758
2.9639999999997846,-3.350387817424283,0.058995900110368454,-0.19164869560241632,0.1804411913157876,0.11591725369904007,-4.105381933008102
2.9649999999997845,-3.350207851634543,0.059110755116011264,-0.1957511051678205,0.17950348156644705,0.11376065577273742,-4.098640191744344
2.9659999999997844,-3.350028823797563,0.05922345045369747,-0.1998466868104252,0.17856545088648093,0.11159852750862534,-4.091729709600987
2.9669999999997843,-3.349850734174057,0.05933398065995294,-0.2039352717619316,0.177627217829557,0.10943100423236153,-4.084650465108115
2.967999999999784,-3.349673582906,0.05944234040783284,-0.20801669123491834,0.17668890131222173,0.1072582236263726,-4.077402441410053
2.968999999999784,-3.3494973700162274,0.05954852450922324,-0.21209077642760027,0.1757506206929513,0.10508032561825623,-4.069985626554885
2.969999999999784,-3.3493220954079534,0.059652527917027735,-0.2161573585288841,0.17481249584673325,0.10289745226253572,-4.062400013798324
2.970999999999784,-3.3491477588642216,0.05975434572723269,-0.22021626872373437,0.17387464723480464,0.10070974761619803,-4.054645601920322
2.9719999999997837,-3.348974360047285,0.05985397318084506,-0.2242673381988617,0.1729371959691758,0.09851735760845949,-4.046722395552707
2.9729999999997836,-3.3488018984979253,0.059951405665697344,-0.22831039814874343,0.17200026387157175,0.09632042990521468,-4.038630405516
2.9739999999997835,-3.348630373634717,0.06004663871811446,-0.232345279781985,0.171063973526427,0.09411911376863032,-4.03036964916351
2.9749999999997834,-3.3484597847532402,0.060139668024438014,-0.23637181432802787,0.17012844832757462,0.0919135599123497,-4.0219401507306545
2.9759999999997833,-3.3482901310252515,0.060230489422403735,-0.2403898330442089,0.16919381251827526,0.0897039203527714,-4.013341941687397
2.976999999999783,-3.348121411497818,0.06031909890236849,-0.24439916722317262,0.168260191224238,0.08749034825686114,-4.00457506109158
2.977999999999783,-3.3479536250924196,0.060405492608383425,-0.24839964820063618,0.16732771047929149,0.08527299778694591,-3.9956395559408504
2.978999999999783,-3.347786770604034,0.060489666839110764,-0.2523911073635048,0.1663964972433701,0.08305202394292559,-3.986535481520795
2.979999999999783,-3.3476208467002033,0.060571618048581494,-0.2563733761583323,0.16546667941248808,0.08082758240231885,-3.9772629017468044
2.9809999999997827,-3.3474558519200976,0.060651342846792335,-0.2603462861001193,0.164538385820381,0.07859982935853822,-3.96782188949712
2.9819999999997826,-3.3472917846735792,0.06072883800014016,-0.2643096687814389,0.16361174623150293,0.07636892135776256,-3.9582125269344295
2.9829999999997825,-3.3471286432402803,0.06080410043169275,-0.2682633558818773,0.1626868913250749,0.074135015134745,-3.948434905813302
2.9839999999997824,-3.3469664257686986,0.06087712722129497,-0.27220717917777315,0.16176395266988916,0.07189826744786147,-3.938489127770668
2.9849999999997823,-3.346805130275328,0.060947915605509675,-0.27614097055223863,0.16084306268958218,0.06965883491366757,-3.928375304596481
2.985999999999782,-3.3466447546438207,0.06101646297739307,-0.28006456200543883,0.15992435461809926,0.0674168738411932,-3.918093558481605
2.986999999999782,-3.3464852966242065,0.061082766886104256,-0.28397778566510745,0.15900796244508314,0.06517254006616259,-3.907644022239908
2.987999999999782,-3.346326753832169,0.061146825036349085,-0.28788047379726966,0.15809402085093086,0.06292598878528469,-3.897026839501447
2.988999999999782,-3.3461691237483904,0.06120863528765828,-0.2917724588171428,0.1571826651312757,0.060677374390716,-3.8862421648735626
2.9899999999997817,-3.346012403717979,0.06126819565350025,-0.29565357330018066,0.15627403111066715,0.058426850304753704,-3.8752901640666284
2.9909999999997816,-3.3458565909499893,0.061325504300228574,-0.29952364999322423,0.15536825504523877,0.05617456881477578,-3.8641710139811365
2.9919999999997815,-3.3457016825170425,0.06138055954586466,-0.30338252182571923,0.15446547351417841,0.053920680908404316,-3.852884902752751
2.9929999999997814,-3.3455476753550637,0.061433359858715585,-0.30723002192095583,0.15356582329984125,0.05166533610883222,-3.8414320297519375
2.9939999999997813,-3.3453945662631437,0.061483903855827304,-0.3110659836072841,0.15266944125638202,0.04940868231022304,-3.8298126055347783
2.994999999999781,-3.345242351903536,0.061532190301273264,-0.31489024042925445,0.15177646416682633,0.04715086561306999,-3.8180268517416427
2.995999999999781,-3.3450910288018063,0.06157821810427827,-0.3187026261586293,0.15088702858855538,0.044892030159386836,-3.806075000940493
2.996999999999781,-3.344940593347141,0.06162198631717746,-0.3225029748052091,0.15000127068724614,0.04263231796760212,-3.793957296411807
2.997999999999781,-3.3447910417928237,0.061663494133209915,-0.3262911206274128,0.14911932605939457,0.04037186876704359,-3.7816739918724274
2.9989999999997807,-3.344642370256902,0.06170274088414649,-0.33006689814255086,0.14824132954365307,0.03811081983193408,-3.7692253511361016
2.9999999999997806,-3.34449457472304,0.061739726037751526,-0.33383014213672646,0.1473674150213427,0.03584930581488021,-3.7566116477091556
3.0009999999997805,-3.3443476510415833,0.06177444919507762,-0.3375806876742995,0.1464977152066565,0.03358745857992482,-3.743833164320641
3.0019999999997804,-3.344201594930835,0.06180691008759352,-0.3413183701068481,0.14563236142726024,0.03132540703536012,-3.730890192387532
3.0029999999997803,-3.344056401978552,0.06183710857414469,-0.345043025081564,0.14477148339622378,0.02906327696666887,-3.717783031417141
3.00399999999978,-3.343912067643682,0.06186504463774722,-0.34875448854902,0.14391520897648524,0.026801190870181252,-3.704511988351007
3.00499999999978,-3.3437685872583303,0.0618907183822161,-0.35245259677025564,0.14306366393936681,0.02453926778831648,-3.691077376857149
3.00599999999978,-3.3436259560299755,0.06191413002863008,-0.3561371863231324,0.14221697171902772,0.022277623147626675,-3.6774795165808807
3.00699999999978,-3.3434841690439296,0.06193527991163653,-0.3598080941079256,0.1413752531651583,0.02001636860128526,-3.663718732368448
3.0079999999997797,-3.343343221266047,0.06195416847560208,-0.3634651573521335,0.14053862629669028,0.017755611878169514,-3.649795353482685
3.0089999999997796,-3.3432031075456754,0.06197079627061669,-0.36710821361450874,0.13970720605981587,0.015495456641278953,-3.6357097128357445
3.0099999999997795,-3.3430638226188467,0.06198516394836226,-0.3707371007883434,0.13888110409416443,0.013236002358908674,-3.6214621462707592
3.0109999999997794,-3.342925361111696,0.06199727225786058,-0.3743516571040768,0.1380604285115622,0.010977344192748534,-3.607052991932045
3.0119999999997793,-3.3427877175440903,0.06200712204111993,-0.37795172113133746,0.1372452836923737,0.008719572907887049,-3.5924825897719233
3.012999999999779,-3.3426508863334563,0.06201471422870501,-0.38153713178058307,0.13643577010495778,0.006462774810529049,-3.57775128125122
3.013999999999779,-3.342514861798767,0.06202004983526132,-0.3851077283045655,0.1356319841542177,0.004207031720036249,-3.5628594092994033
3.014999999999779,-3.342379638164667,0.062023129955031765,-0.38866335029991605,0.13483401806552722,0.0019524209825971515,-3.5478073186084385
3.015999999999779,-3.342245209565694,0.06202395575741101,-0.3922038377092246,0.1340419598104009,-0.00030098446567205497,-3.5325953563407078
3.0169999999997787,-3.3421115700505473,0.06202252848259098,-0.3957290308240689,0.13325589308007335,-0.0025531159782214417,-3.5172238733343493
3.0179999999997786,-3.3419787135863626,0.06201884943735888,-0.39923877028953164,0.13247589731258158,-0.004803909012476284,-3.50169322588748
3.0189999999997785,-3.3418466340629243,0.062012919991116015,-0.40273289711082233,0.13170204777794461,-0.007053302872395126,-3.4860037781940574
3.0199999999997784,-3.3417153252967657,0.06200474157219221,-0.4062112526626851,0.13093441572456577,-0.00930124037408932,-3.470155905486664
3.0209999999997783,-3.3415847810350936,0.06199431566453402,-0.40967367870231536,0.1301730685880512,-0.011547667431974745,-3.4541499979136683
3.021999999999778,-3.341454994959469,0.06198164380484611,-0.4131200173865184,0.12941807026130772,-0.013792532566407448,-3.4379864651389473
3.022999999999778,-3.341325960689192,0.0619667275802619,-0.41655011129380487,0.1286694814221907,-0.016035786338103063,-3.4216657416019363
3.023999999999778,-3.3411976717843315,0.06194956862661205,-0.4199638034520291,0.12792735991233264,-0.018277380719654724,-3.4051882923160055
3.024999999999778,-3.3410701217483547,0.061930168627346155,-0.423360937372019,0.12719176115836997,-0.020517268419787692,-3.388554619018044
3.0259999999997778,-3.3409433040303194,0.06190852931314507,-0.4267413570874297,0.12646273862490995,-0.022755402181105364,-3.3717652664177815
3.0269999999997776,-3.3408172120265998,0.061884652462238086,-0.43010490720076955,0.1257403442875317,-0.024991734076356426,-3.354820828239817
3.0279999999997775,-3.340691839082138,0.06185853990141301,-0.43345143293522204,0.12502462911410978,-0.027226214831020105,-3.3377219527135096
3.0289999999997774,-3.3405671784912108,0.06183019350767839,-0.43678078019153266,0.12431564354385848,-0.029458793200673045,-3.320469347154371
3.0299999999997773,-3.340443223497725,0.061799615210509966,-0.4400927956088808,0.12361343795561805,-0.03168941542978843,-3.303063781301666
3.030999999999777,-3.340319967295049,0.06176680699458834,-0.44338732662834784,0.12291806311974755,-0.03391802481426231,-3.285506089133033
3.031999999999777,-3.3401974030254062,0.06173177090291586,-0.446664221557354,0.12222957063112172,-0.036144561383385204,-3.2677971689653873
3.032999999999777,-3.3400755237788395,0.0616945090401887,-0.44992332963330184,0.1215480133236519,-0.038368961708866035,-3.2499379817641274
3.033999999999777,-3.339954322591772,0.061655023576297284,-0.45316450108464645,0.12087344566900425,-0.040591158839820035,-3.2319295477075225
3.0349999999997768,-3.3398337924451758,0.06161331674983265,-0.4563875871877243,0.120205924163454,-0.04281108235440483,-3.213772941175301
3.0359999999997767,-3.3397139262623563,0.06156939087148991,-0.45959244031789254,0.11954550770697325,-0.045028658511985405,-3.1954692844356622
3.0369999999997765,-3.339594716906361,0.061523248327278034,-0.4627789139938485,0.11889225797780482,-0.0472438104850275,-3.1770197403816005
3.0379999999997764,-3.339476157177016,0.06147489158146767,-0.4659468629143737,0.11824623980420342,-0.049456458647692866,-3.158425504708814
3.0389999999997763,-3.3393582398075905,0.061424323179231466,-0.46909614298714214,0.11760752153310944,-0.0516665208982901,-3.1396877979322593
3.039999999999776,-3.3392409574610964,0.06137154574895369,-0.47222661134962063,0.11697617539365333,-0.05387391299495162,-3.1208078576103175
3.040999999999776,-3.339124302726228,0.06131656200420443,-0.47533812638243145,0.11635227785189278,-0.05607854888758123,-3.101786931092066
3.041999999999776,-3.3390082681129547,0.06125937474538892,-0.47843054771582955,0.11573590995227297,-0.05828034103359433,-3.082626269033617
3.042999999999776,-3.3388928460477785,0.061199986861092286,-0.48150373623015463,0.11512715764104461,-0.060479200689636685,-3.0633271198534815
3.0439999999997758,-3.33877802886868,0.06113840132914591,-0.4845575540512512,0.11452611206723817,-0.06267503817582357,-3.0438907252226475
3.0449999999997757,-3.3386638088197778,0.06107462121744307,-0.48759186454191067,0.11393286985764735,-0.06486776311275198,-3.024318316618748
3.0459999999997756,-3.338550178045724,0.061008649684529855,-0.49060653229039086,0.11334753336345152,-0.06705728463442731,-3.004611112919123
3.0469999999997754,-3.3384371285858694,0.06094048997999283,-0.49360142309702226,0.11277021087742306,-0.06924351158227021,-2.984770318966352
3.0479999999997753,-3.3383246523682266,0.06087014544465957,-0.496576403959827,0.11220101682195681,-0.07142635268658454,-2.9647971250118084
3.0489999999997752,-3.3382127412032565,0.06079761951062106,-0.49953134305997476,0.11164007190928833,-0.07360571674238155,-2.9446927069265616
3.049999999999775,-3.338101386777511,0.060722915701078226,-0.5024661097477847,0.11108750327613265,-0.07578151278640041,-2.9244582270624706
3.050999999999775,-3.337990580647149,0.0606460376300082,-0.5053805745298645,0.11054344459550099,-0.07795365028166075,-2.9040948356472094
3.051999999999775,-3.337880314231355,0.06056698900164002,-0.5082746090578654,0.11000803616858609,-0.0801220393150237,-2.883603672602957
3.052999999999775,-3.33777057880567,0.060485773609724555,-0.5111480861192246,0.10948142499929997,-0.08228659081207579,-2.862985869687455
3.0539999999997747,-3.3376613654952596,0.0604023953365796,-0.5140008796301722,0.10896376485325318,-0.08444721677218749,-2.842242552866327
3.0549999999997746,-3.337552665268129,0.06031685815188963,-0.5168328646311913,0.1084552163016174,-0.08660383052478071,-2.8213748448354394
3.0559999999997745,-3.3374444689283034,0.06022916611123914,-0.5196439172850448,0.10795594674832201,-0.08875634700554651,-2.8003838676204675
3.0569999999997743,-3.337336767108989,0.06013932335436175,-0.5224339148774123,0.10746613043627538,-0.0909046830483839,-2.7792707451865906
3.0579999999997742,-3.3372295502657447,0.06004733410309308,-0.5252027358201153,0.10698594842459819,-0.09304875768488746,-2.758036605993382
3.058999999999774,-3.337122808669697,0.05995320265902612,-0.5279502596568408,0.10651558852398037,-0.09518849243786758,-2.7366825854274253
3.059999999999774,-3.3370165324008436,0.05985693340088519,-0.5306763670712065,0.10605524517092982,-0.09732381158805042,-2.715209828036674
3.060999999999774,-3.3369107113415546,0.05975853078171614,-0.5333809398967693,0.10560511904303477,-0.0994546419456621,-2.6936194877416972
3.061999999999774,-3.3368053351716926,0.05965799932938524,-0.5360638611175871,0.10516541463733657,-0.10158090761323306,-2.6719127082031635
3.0629999999997737,-3.3367003933642234,0.05955534364721643,-0.5387250148588718,0.10473634060794762,-0.10370253209531007,-2.650090632382551
3.0639999999997736,-3.3365958751812186,0.059450568414212666,-0.5413642863957809,0.10431811043765342,-0.10581944165452425,-2.62815441727718
3.0649999999997735,-3.336491769669353,0.05934367838210891,-0.543981562167506,0.10391094137720316,-0.10793156470191961,-2.6061052334197425
3.0659999999997734,-3.3363880656568368,0.059234678373721546,-0.5465767297897739,0.10351505289611737,-0.11003883051640273,-2.5839442625274964
3.0669999999997732,-3.3362847517522267,0.05912357328307384,-0.5491496780640572,0.10313066453888813,-0.11214116714298555,-2.5616726931711526
3.067999999999773,-3.3361818163457557,0.0590103680781822,-0.5517002969811757,0.10275799300414538,-0.11423849812403104,-2.5392917137489937
3.068999999999773,-3.336079247614068,0.05889506780789587,-0.5542284777161388,0.10239724822235219,-0.11633073759443283,-2.5168025018153357
3.069999999999773,-3.3359770335294887,0.0587776776147261,-0.5567341126099912,0.10204862816311285,-0.11841778311934921,-2.4942062085258776
3.070999999999773,-3.3358751618752556,0.05865820275630354,-0.5592170951330303,0.10171231206381463,-0.12049950548629446,-2.4715039366557283
3.0719999999997727,-3.335773620268448,0.05853664863895738,-0.5616773198220937,0.10138841877808136,-0.12257556964663904,-2.448696413257192
3.0729999999997726,-3.335672396561539,0.05841302276497205,-0.5641146795347568,0.10107647954444993,-0.12464271338940576,-2.4257791050656596
3.0739999999997725,-3.3355714786640682,0.058287333902552474,-0.5665290636912209,0.10077653428360198,-0.12670010262334416,-2.4027518913301407
3.0749999999997724,-3.3354708545220366,0.05815959183489838,-0.5689203640116274,0.10048892028099789,-0.12874877553551822,-2.3796179677267486
3.0759999999997722,-3.3353705116927475,0.05802980483346121,-0.5712884752155283,0.1002138361696775,-0.13078959497775117,-2.356380133252292
3.076999999999772,-3.335270437609408,0.05789798040019194,-0.5736332946113092,0.09995132975904619,-0.13282323573537666,-2.3330407602995997
3.077999999999772,-3.3351706197367137,0.057764125465044065,-0.5759547216502251,0.09970128862700936,-0.13485016449607454,-2.3096017550669004
3.078999999999772,-3.3350710457310084,0.05762824660560229,-0.578252657440693,0.09946344129444824,-0.1368706159166614,-2.2860645205322
3.079999999999772,-3.3349717035896993,0.05749035028888757,-0.5805270042356585,0.09923737882781127,-0.13888457304709,-2.262429943840687
3.0809999999997717,-3.334872581766445,0.057350443125362964,-0.58277766493005,0.09902260290671924,-0.14089176395026728,-2.2386984324721366
3.0819999999997716,-3.334773669228018,0.05720853211460728,-0.5850045426238476,0.0988185946901244,-0.1428916833781155,-2.214870008652881
3.0829999999997715,-3.334674955440293,0.05706462485819601,-0.587207540301879,0.0986248861798268,-0.14488363752431896,-2.190944443035842
3.0839999999997714,-3.3345764302901304,0.05691872972233976,-0.5893865606510983,0.09844111406309997,-0.14686679890351445,-2.1669213894310024
3.0849999999997713,-3.334478083965386,0.056770855946929336,-0.5915415059989493,0.09826704690461961,-0.14884025642862062,-2.142800488568125
3.085999999999771,-3.334379906818859,0.05662101371006335,-0.5936722783347537,0.09810258927540579,-0.15080305223953336,-2.118581430356004
3.086999999999771,-3.334281889235487,0.05646921416231855,-0.595778779375007,0.09794777209442776,-0.1527542044359882,-2.0942639813254873
3.087999999999771,-3.3341840215126815,0.05631546944379266,-0.5978609106439119,0.09780273752988744,-0.1546927189296038,-2.069847989716644
3.088999999999771,-3.334086293756518,0.05615979269306819,-0.5999185735524759,0.09766771212191752,-0.15661796724928823,-2.0453339880127244
3.0899999999997707,-3.3339886959026916,0.056002195153610324,-0.6019516733871367,0.09754283485902711,-0.15853321307383036,-2.020728887675838
3.0909999999997706,-3.3338912177035116,0.05584268727631808,-0.6039601205471651,0.09742826879763561,-0.16043893514824678,-1.9960350036925782
3.0919999999997705,-3.333793848759405,0.055681278231409025,-0.6059438269380122,0.09732420310793734,-0.16233503032466057,-1.9712537161129229
3.0929999999997704,-3.3336965784707036,0.05551797770381603,-0.607902705841007,0.09723083672129139,-0.16422138135434164,-1.9463863976120754
3.0939999999997703,-3.333599396035988,0.0553527955003659,-0.6098366719091698,0.09714837325225367,-0.16609786302718008,-1.9214344193411141
3.09499999999977,-3.333502290449446,0.05518574155555252,-0.6117456411674903,0.09707701713851086,-0.16796434610019728,-1.896399154187074
3.09599999999977,-3.333405250501558,0.0550168259342147,-0.6136295310155768,0.09701697081185333,-0.16982069968616578,-1.8712819783859864
3.09699999999977,-3.333308264782168,0.05484605883239369,-0.6154882602313854,0.0969684327226979,-0.17166679260551254,-1.8460842721666102
3.09799999999977,-3.3332113216851735,0.05467345057721459,-0.6173217489753071,0.09693159605848943,-0.17350249406038099,-1.8208074198818924
3.0989999999997697,-3.3331144094142036,0.05449901162633465,-0.6191299187942583,0.09690664801759019,-0.17532767387852624,-1.7954528099214224
3.0999999999997696,-3.333017515988793,0.05432275256729736,-0.6209126926256509,0.0968937695220865,-0.17714220249365795,-1.7700218345841616
3.1009999999997695,-3.3329206292506646,0.054144684116995,-0.6226699948012624,0.0968931352736358,-0.17894595077168074,-1.7445158900149975
3.1019999999997694,-3.3328237368698144,0.053964817121354834,-0.6244017510510981,0.09690491407515564,-0.1807387897528738,-1.718936376260387
3.1029999999997693,-3.332726826350168,0.05378316255530827,-0.6261078885073796,0.09692926935743755,-0.18252059035335869,-1.693284697468968
3.103999999999769,-3.3326298850346254,0.05359973152306925,-0.6277883357088121,0.09696635986358253,-0.18429122305141457,-1.667562262246221
3.104999999999769,-3.3325329001093578,0.053414535258728614,-0.6294430226052818,0.09701634045562409,-0.1860505575725413,-1.6417704841636331
3.105999999999769,-3.332435858607247,0.053227585127161754,-0.6310718805631407,0.09707936301705103,-0.18779846257967805,-1.615910782419335
3.106999999999769,-3.3323387474103803,0.05303889262524297,-0.6326748423712238,0.0971555774324316,-0.18953480537029588,-1.589984582646848
3.1079999999997687,-3.332241553251536,0.05284846938335996,-0.634251842247751,0.09724513263124024,-0.19125945157925886,-1.563993317870098
3.1089999999997686,-3.3321442627145923,0.052656327167223675,-0.6358028158482547,0.09734817768754508,-0.19297226488475974,-1.5379384296054077
3.1099999999997685,-3.3320468622338124,0.05246247787997233,-0.6373277002746861,0.09746486297063865,-0.19467310671386046,-1.511821369114259
3.1109999999997684,-3.3319493380919543,0.0522669335645715,-0.6388264340858516,0.09759534134415707,-0.19636183594393544,-1.4856435988139172
3.1119999999997683,-3.331851676417157,0.052069706406516404,-0.6402989573093435,0.0977397694128557,-0.1980383085964548,-1.4594065938563525
3.112999999999768,-3.3317538631785553,0.051870808736845506,-0.6417452114551385,0.09789830881707262,-0.19970237751996028,-1.433111843889125
3.113999999999768,-3.33165588418058,0.05167025303547754,-0.6431651395310559,0.09807112757504365,-0.20135389205973375,-1.4067608550149426
3.114999999999768,-3.3315577250558857,0.051468051934886266,-0.6445586860602821,0.09825840147261952,-0.20299269771252892,-1.3803551519693005
3.115999999999768,-3.331459371256872,0.051264218224128064,-0.6459257971011906,0.09846031549850906,-0.20461863576585976,-1.3538962805378032
3.1169999999997677,-3.331360808045744,0.051058764853237563,-0.6472664202697088,0.09867706532081082,-0.20623154292276102,-1.327385810236174
3.1179999999997676,-3.3312620204830834,0.050851704938004616,-0.6485805047645066,0.0989088587971207,-0.2078312509147368,-1.300825337276162
3.1189999999997675,-3.3311629934148925,0.0506430517651421,-0.6498680013953014,0.09915591750566391,-0.20941758610788808,-1.2742164878389624
3.1199999999997674,-3.3310637114581105,0.0504328187978476,-0.6511288626145997,0.09941847827837375,-0.21099036911008762,-1.2475609216734247
3.1209999999997673,-3.3309641589846017,0.05022101968175257,-0.6523630425532017,0.09969679470821141,-0.21254941439069677,-1.2208603360279409
3.121999999999767,-3.330864320103673,0.05000766825123869,-0.6535704970598043,0.0999911385917734,-0.21409452992886924,-1.1941164699104745
3.122999999999767,-3.330764178643196,0.049792778536082376,-0.6547511837450172,0.1003018012537345,-0.21562551691216195,-1.1673311086478726
3.123999999999767,-3.3306637181295007,0.04957636476836341,-0.6559050620300626,0.10062909468115419,-0.21714216951418744,-1.1405060886791654
3.124999999999767,-3.3305629217662656,0.049358441389540667,-0.6570320932003381,0.1009733523722134,-0.21864427478862955,-1.1136433024618058
3.1259999999997667,-3.3304617724127583,0.049139023057555326,-0.6581322404638609,0.10133492977444626,-0.22013161272732984,-1.0867447032854924
3.1269999999997666,-3.3303602525619125,0.04891812465376877,-0.6592054690143491,0.10171420415067144,-0.2216039565425512,-1.0598123096614531
3.1279999999997665,-3.3302583443189064,0.048695761289474455,-0.6602517460982715,0.10211157366500968,-0.2230610732481115,-1.032848208764619
3.1289999999997664,-3.3301560293811674,0.04847194831164067,-0.6612710410845459,0.10252745542458179,-0.22450272463098428,-1.0058545581189742
3.1299999999997663,-3.3300532890209897,0.04824670130743971,-0.662263325534548,0.10296228214202806,-0.22592866872427667,-0.9788335842802047
3.130999999999766,-3.3299501040723634,0.04802003610699749,-0.663228573268542,0.10341649699602327,-0.22733866191433877,-0.9517875765998193
3.131999999999766,-3.3298464549240694,0.04779196878365283,-0.6641667604222414,0.10389054615553332,-0.2287324618394508,-0.9247188731110465
3.132999999999766,-3.329742321521704,0.04756251565084419,-0.6650778654834895,0.10438486828895512,-0.2301098312659479,-0.8976298339229654
3.133999999999766,-3.3296376833820727,0.047331693254539266,-0.6659618692932076,0.10489988018515516,-0.23147054316185195,-0.8705227948430527
3.1349999999997658,-3.329532519624391,0.047099518359881264,-0.6668187549854843,0.10543595734225658,-0.23281438723244768,-0.8433999895834047
3.1359999999997656,-3.3294268090240617,0.04686600793043136,-0.6676485078267261,0.10599340798691022,-0.2341411782451956,-0.8162634217015575
3.1369999999997655,-3.3293205300966218,0.04663117909801302,-0.6684511148895268,0.10657243840382057,-0.23545076656899408,-0.7891146556433535
3.1379999999997654,-3.329213661221964,0.04639504912066053,-0.6692265644577018,0.10717310659684609,-0.23674305151971542,-0.7619544779181946
3.1389999999997653,-3.3291061808225124,0.04615763532542812,-0.6699748449980747,0.10779526011452567,-0.2380179984378134,-0.7347823552531518
3.139999999999765,-3.328998067613864,0.04591895503150771,-0.6706959434518048,0.10843845250855541,-0.2392756612670506,-0.7075956025928598
3.140999999999765,-3.3288893009523584,0.045679025446180146,-0.6713898425321467,0.10910183219734663,-0.2405162149556113,-0.6803882432562803
3.141999999999765,-3.32877986130925,0.045437863518352946,-0.67205651684388,0.10978400010917941,-0.24174000944956026,-0.6531499162603761
3.142999999999765,-3.328669730899,0.04519548571551669,-0.6726959284416731,0.11048276559405205,-0.24294741278159412,-0.6258659319782999
3.1439999999997648,-3.3285588949680953,0.044951909335574906,-0.6733080229742711,0.11119449955603898,-0.24413726243431022,-0.5985196812420455
3.1449999999997647,-3.328447342082661,0.044707150280825635,-0.6738927342909166,0.11191576925265334,-0.24531216295197927,-0.57110562659163
3.1459999999997645,-3.3283350646733507,0.04446122221120338,-0.674449997281825,0.11264274878616799,-0.24647542638984044,-0.5436311232262422
3.1469999999997644,-3.3282220588690263,0.04421413519302466,-0.6749797590913078,0.11337172707831486,-0.24763021539686128,-0.5161120900504047
3.1479999999997643,-3.328108324258006,0.04396589640999148,-0.6754819837520251,0.11409958786179454,-0.24877905057917332,-0.4885652623808634
3.148999999999764,-3.327993863202617,0.04371651091110422,-0.6759566503575184,0.1148239528810945,-0.24992362152274833,-0.46100364678565003
3.149999999999764,-3.327878680114551,0.04346598244058246,-0.6764037487417738,0.11554310552493292,-0.2510648373034771,-0.43343579163384266
3.150999999999764,-3.3277627808476655,0.04321431416434171,-0.6768232754184088,0.11625585915144909,-0.2522029619975674,-0.40586670095176525
3.151999999999764,-3.327646172223179,0.042961509248966114,-0.6772152306142457,0.11696144511807442,-0.2533377530559405,-0.37829897059834133
3.1529999999997638,-3.3275288616546845,0.042707571308264025,-0.6775796163367772,0.11765943170585778,-0.2544685794859499,-0.3507336916530199
3.1539999999997637,-3.3274108568431973,0.04245250474189214,-0.6779164352037282,0.11834966474646201,-0.25559451794633364,-0.3231710774659028
3.1549999999997635,-3.3272921655245744,0.04219631498779767,-0.6782256897860931,0.11903222042762651,-0.25671442916188525,-0.2956108750280305
3.1559999999997634,-3.3271727951661916,0.04193900808089697,-0.6785073826136611,0.11970756505064901,-0.25782837458838925,-0.2680537282511533
3.1569999999997633,-3.3270527526122575,0.04168058929637089,-0.6787615177729113,0.12037649486097814,-0.258937934531581,-0.2405014551807917
3.157999999999763,-3.3269320439908583,0.04142106314484479,-0.6789881003644261,0.12103959921128281,-0.26004291403192153,-0.21295441984039984
3.158999999999763,-3.3268106748068345,0.041160434282386686,-0.6791871357908437,0.12169749885145766,-0.26114295881011773,-0.18541294823259913
3.159999999999763,-3.326688649944928,0.04089870783911457,-0.6793586298163572,0.12235083962707725,-0.26223767161266226,-0.15787744149865546
3.160999999999763,-3.3265659736383255,0.04063588935601651,-0.6795025886523384,0.12300027575874745,-0.2633266313173356,-0.1303483947379711
3.161999999999763,-3.32644264946715,0.04037198480075072,-0.6796190190560191,0.12364645675368567,-0.2644094085837006,-0.10282640496971646
3.1629999999997627,-3.326318680368473,0.040107000569488606,-0.6797079284331853,0.12429001735413124,-0.2654855780437809,-0.07531217168450283
3.1639999999997626,-3.3261940686550577,0.039840943478133425,-0.6797693249388095,0.12493157002819763,-0.26655472738084496,-0.047806492530227056
3.1649999999997624,-3.326068816040522,0.03957382074580746,-0.6798032175717339,0.12557169957620246,-0.2676164637785718,-0.02031025598945059
3.1659999999997623,-3.325942923668989,0.03930563997299575,-0.6798096162611007,0.1262109594790273,-0.26867041865835856,0.007175564174236121
3.1669999999997622,-3.3258163921476402,0.03903640910459952,-0.6797885320098481,0.12684986967723708,-0.2697162733612399,0.03464973000458042
3.167999999999762,-3.3256892215810097,0.0387661363695422,-0.6797399772944086,0.12748891529422907,-0.2707537814843214,0.062110578120257776
3.168999999999762,-3.3255614116060648,0.038494830228476724,-0.679663966308736,0.12812854621305284,-0.27178272820134664,0.08955636629007194
3.169999999999762,-3.325432961427288,0.038222499340438046,-0.6795605150055255,0.1287691775547516,-0.27280292524517746,0.11698532093740403
3.170999999999762,-3.325303869851002,0.037949152539820265,-0.679429641123288,0.12941119067439924,-0.27381421007926415,0.14439564555346734
3.1719999999997617,-3.3251741353184885,0.03767479881119228,-0.6792713642053981,0.13005493451809857,-0.2748164447355056,0.17178552833330527
3.1729999999997616,-3.3250437559376267,0.037399447265393605,-0.6790857056119008,0.13070072722905585,-0.2758095144394095,0.19915314902375536
3.1739999999997615,-3.324912729512824,0.03712310711707483,-0.6788726885248549,0.13134885791379683,-0.27679332611335267,0.22649668500636025
3.1749999999997613,-3.3247810535731377,0.036845787663768864,-0.6786323379479593,0.13199958849887786,-0.2777678068249788,0.2538143166587263
3.1759999999997612,-3.3246487253985135,0.03656749826652181,-0.6783646807011555,0.13265315562442595,-0.27873290222924646,0.2811042320490757
3.176999999999761,-3.3245157420441287,0.03628824833207131,-0.6780697454108449,0.13330977253390916,-0.2796885750383595,0.3083646310236407
3.177999999999761,-3.3243821003628575,0.036008047296531794,-0.6777475624962963,0.133969630930092,-0.28063480354292314,0.33559372874723853
3.178999999999761,-3.324247797025912,0.035726904610527015,-0.6773981641527624,0.1346329027755543,-0.2815715801994636,0.3627897587553893
3.179999999999761,-3.3241128285417085,0.03544482972569842,-0.6770215843317652,0.13529974202279385,-0.2824989102933383,0.38995097557275865
3.1809999999997607,-3.3239771912730482,0.035161832082511224,-0.6766178587189581,0.1359702862641083,-0.2834168106815855,0.417075656948284
3.1819999999997606,-3.3238408814526887,0.03487792109927725,-0.6761870247099262,0.13664465829542405,-0.2843253086170332,0.44416210575258436
3.1829999999997605,-3.3237038951973954,0.034593106162313585,-0.6757291213842403,0.1373229675912481,-0.2852244406527131,0.4712086515784774
3.1839999999997604,-3.323566228520563,0.03430739661715775,-0.6752441894780438,0.13800531169014613,-0.28611425162407383,0.49821365208085905
3.1849999999997602,-3.3234278773434958,0.03402080176076333,-0.674732271355416,0.13869177749176442,-0.28699479370547565,0.5251754940879487
3.18599999999976,-3.323288837505434,0.033733330834603704,-0.6741934109787274,0.13938244246753914,-0.2878661255368324,0.5520925945120334
3.18699999999976,-3.3231491047724107,0.03344499301861589,-0.6736276538781736,0.14007737578798277,-0.2887283114159444,0.578963401084382
3.18799999999976,-3.3230086748450236,0.03315579742592127,-0.6730350471206528,0.1407766393698866,-0.28958142055194735,0.6057863929359448
3.18899999999976,-3.322867543365195,0.03286575309826405,-0.6724156392781325,0.14148028884699823,-0.29042552637532837,0.6325600810427754
3.1899999999997597,-3.322725705922003,0.03257486900211338,-0.671769480395631,0.14218837446777455,-0.2912607059000826,0.6592830085528008
3.1909999999997596,-3.3225831580566423,0.032283154025378985,-0.6710966219589247,0.14290094192371514,-0.29208703913376327,0.6859537510085858
3.1919999999997595,-3.322439895266598,0.031990616974694436,-0.6703971168620804,0.1436180331115777,-0.2929046085313911,0.7125709164790456
3.1929999999997594,-3.322295913009084,0.031697266573226246,-0.6696710193748954,0.14433968683248846,-0.2937134984894078,0.7391331456116489
3.1939999999997593,-3.3221512067038144,0.031403111458970415,-0.6689183851103215,0.14506593943060186,-0.2945137948760751,0.765639111615478
3.194999999999759,-3.3220057717351645,0.031108160183501796,-0.6681392709919365,0.14579682537354577,-0.2953055845949127,0.7920875201845499
3.195999999999759,-3.321859603453781,0.030812421211144872,-0.6673337352215178,0.14653237777641534,-0.29608895517793027,0.8184771093700355
3.196999999999759,-3.3217126971776962,0.03051590291853766,-0.6665018372467675,0.14727262887055467,-0.2968639944055285,0.8448066494094273
3.197999999999759,-3.321565048192999,0.03021861359456368,-0.6656436377292251,0.14801761041778655,-0.2976307899500099,0.8710749425202646
3.1989999999997587,-3.32141665175412,0.029920561440629906,-0.6647591985124021,0.14876735407011502,-0.2983894290396432,0.8972808226657425
3.1999999999997586,-3.321267503083785,0.029621754571271627,-0.6638485825901618,0.14952189167422622,-0.29913999814015474,0.9234231552993697
3.2009999999997585,-3.3211175973726905,0.02932220101506853,-0.6629118540753618,0.1502812555193413,-0.2998825826503575,0.9495008370958111
3.2019999999997584,-3.320966929778963,0.02902190871585955,-0.66194907816877,0.15104547852612185,-0.3006172666083663,0.9755127956751247
3.2029999999997583,-3.3208154954274596,0.02872088553424791,-0.660960321128256,0.1518145943733805,-0.3013441324044571,1.0014579893277886
3.203999999999758,-3.320663289408971,0.028419139249391805,-0.659945650238254,0.15258863755829494,-0.3020632604960975,1.0273354067481915
3.204999999999758,-3.320510306779408,0.02811667756108121,-0.6589051337794858,0.1533676433846487,-0.3027747291199679,1.053144066784619
3.205999999999758,-3.320356542559029,0.027813508092106722,-0.6578388409989198,0.15415164787231037,-0.30347861399488896,1.0788830182141986
3.206999999999758,-3.3202019917318095,0.027509638390933115,-0.6567468420799412,0.15494068757970345,-0.30417498800842496,1.104551339551753
3.2079999999997577,-3.3200466492450302,0.027205075934698057,-0.6556292081126911,0.1557347993293964,-0.30486392087851694,1.1301481389020185
3.2089999999997576,-3.3198905100091967,0.026899828132566146,-0.6544860110645279,0.15653401982515044,-0.3055454787797667,1.1556725538652086
3.2099999999997575,-3.319733568898402,0.02659390232947958,-0.653317323750552,0.1573383851467985,-0.3062197239219081,1.1811237515063764
3.2109999999997574,-3.3195758207512593,0.026287305810360595,-0.6521232198041252,0.15814793010720657,-0.30688671406553636,1.206500928399424
3.2119999999997573,-3.319417260372558,0.025980045804837107,-0.650903773647304,0.1589626874533212,-0.30754650195730676,1.231803310756859
3.212999999999757,-3.3192578825358003,0.0256721294925823,-0.6496590604610947,0.1597826868910072,-0.3081991346635983,1.2570301546564076
3.213999999999757,-3.3190976819868174,0.025363564009381685,-0.6483891561554304,0.1606079539111592,-0.30884465277816514,1.2821807463752883
3.214999999999757,-3.318936653448663,0.025054356454067343,-0.6470941373387549,0.1614385083926573,-0.30948308947580727,1.3072544028421658
3.215999999999757,-3.318774791628028,0.02474451389648858,-0.645774081287092,0.16227436295650927,-0.310114469381029,1.3322504722154156
3.2169999999997567,-3.318612091223438,0.024434043386720283,-0.644429065912471,0.16311552104558888,-0.31073880721881264,1.3571683345941075
3.2179999999997566,-3.318448546935517,0.024122951965742857,-0.643059169730573,0.16396197470669724,-0.3113561062153477,1.3820074028648481
3.2189999999997565,-3.318284153479623,0.02381124667785753,-0.6416644718274632,0.1648137020576951,-0.3119663562219644,1.40676712368304
3.2199999999997564,-3.318118905601178,0.023498934585121242,-0.6402450518252776,0.16567066443432737,-0.31256953154893397,1.4314469785809536
3.2209999999997563,-3.3179527980940047,0.023186022784086515,-0.6388009898467435,0.16653280323210815,-0.3131655885220747,1.4560464851870754
3.221999999999756,-3.3177858258219484,0.022872518425097178,-0.6373323664784363,0.16740003649227114,-0.31375446282094904,1.4805651985313872
3.222999999999756,-3.317617983744002,0.022558428734296938,-0.635839262732702,0.1682722553321217,-0.3143360667312568,1.5050027123998018
3.223999999999756,-3.3174492669429996,0.022243761038322686,-0.6343217600082212,0.16914932039390576,-0.31491028655464187,1.5293586606885419
3.224999999999756,-3.3172796706577343,0.021928522791337644,-0.6327799400492435,0.17003105858510725,-0.3154769805721935,1.5536327186969143
3.2259999999997557,-3.317109190318024,0.021612721603570955,-0.6312138849035901,0.17091726050317327,-0.31603597814852896,1.577824604285954
3.2269999999997556,-3.316937821581782,0.021296365269844856,-0.629623676879598,0.1718076790625515,-0.316587080763593,1.6019340788211558
3.2279999999997555,-3.316765560372607,0.02097946179570952,-0.6280093985022677,0.17270202993467937,-0.31713006590254567,1.6259609478072727
3.2289999999997554,-3.3165924029157647,0.020662019417880755,-0.626371132468975,0.17359999441063942,-0.3176646947042682,1.6499050611034456
3.2299999999997553,-3.316418345769919,0.02034404661493287,-0.62470896160524,0.17450122512421617,-0.31819072391448705,1.6737663125624207
3.230999999999755,-3.316243385851712,0.020025552104024704,-0.6230229688212403,0.17540535467008297,-0.3187079218875754,1.6975446388520572
3.231999999999755,-3.3160675204505488,0.019706544820270046,-0.6213132370700597,0.17631200653396586,-0.31921608716099054,1.7212400170911908
3.232999999999755,-3.315890747231857,0.01938703387748394,-0.6195798493090957,0.17722080706709606,-0.3197150667973071,1.744852460807844
3.233999999999755,-3.3157130642286057,0.019067028512278032,-0.6178228884665679,0.17813139675842216,-0.3202047708394217,1.7683820137010657
3.2349999999997547,-3.315534469822637,0.018746538017067667,-0.6160424374155177,0.17904343906064016,-0.3206851794673994,1.7918287408691305
3.2359999999997546,-3.315354962718859,0.01842557167028882,-0.614238578957832,0.17995662559900746,-0.32115634097973594,1.815192717595523
3.2369999999997545,-3.3151745419161736,0.01810413867348776,-0.6124113958190843,0.18087067724359504,-0.32161835915327913,1.8384740231386851
3.2379999999997544,-3.3149932066797456,0.017782248109679464,-0.61056097063258,0.18178534079570904,-0.3220713662347169,1.8616727633886367
3.2389999999997543,-3.314810956515821,0.01745990891816502,-0.6086873859284152,0.18270038642187575,-0.32251551149077734,1.884789030011104
3.239999999999754,-3.314627791150614,0.01713712988701187,-0.606790724165157,0.18361560375005492,-0.32295094764425797,1.907822872731714
3.240999999999754,-3.3144437105128643,0.016813919655850655,-0.6048710677764303,0.1845307973754731,-0.3233778161696696,1.930774290608923
3.241999999999754,-3.31425871472083,0.01649028673251993,-0.6029284992247579,0.18544578297943634,-0.3237962370776247,1.9536432261283503
3.242999999999754,-3.314072804072815,0.0161662395177828,-0.6009631010600317,0.18636038421467466,-0.3242063031517037,1.976429561786432
3.2439999999997537,-3.313885979040468,0.01584178633391859,-0.5989749559803369,0.18727443029123989,-0.3246080779029797,1.999133118716343
3.2449999999997536,-3.3136982402642112,0.015516935453922215,-0.596964146893348,0.18818775410713195,-0.3250015962606846,2.021753656830996
3.2459999999997535,-3.3135095885503336,0.015191695129039269,-0.5949307569770323,0.18910019075944,-0.32538686704981756,2.0442908759895944
3.2469999999997534,-3.313320024869443,0.01486607361324755,-0.5928748697388486,0.19001157630249343,-0.32576387647555477,2.0667444177824565
3.2479999999997533,-3.313129550356068,0.014540079183981076,-0.5907965690729807,0.1909217466607684,-0.3261325920395035,2.0891138676337437
3.248999999999753,-3.3129381663092903,0.014213720158875225,-0.5886959393153978,0.19183053664150684,-0.3264929664996095,2.1113987570199844
3.249999999999753,-3.3127458741943303,0.013887004908623797,-0.586573065296691,0.19273777902007808,-0.3268449416328015,2.1335985656838505
3.250999999999753,-3.312552675645006,0.013559941866223616,-0.584428032392725,0.19364330368992577,-0.327188451665172,2.155712723785437
3.251999999999753,-3.3123585724670135,0.013232539532978864,-0.5822609265731764,0.19454693688032262,-0.327523426304977,2.177740613979262
3.2529999999997528,-3.312163566641948,0.0129048064816777,-0.5800718344480237,0.19544850045126722,-0.3278497933575752,2.1996815734375943
3.2539999999997526,-3.311967660331989,0.012576751357359988,-0.5778608433120246,0.1963478112775525,-0.32816748092660225,2.2215348958627317
3.2549999999997525,-3.311770855885151,0.012248382876082925,-0.5756280411871629,0.1972446807346562,-0.32847641921853615,2.2432998335451284
3.2559999999997524,-3.311573155840988,0.011919709822070837,-0.5733735168629878,0.19813891429854166,-0.3287765419730339,2.264975599532717
3.2569999999997523,-3.3113745629366456,0.01159074104361197,-0.5710973599346983,0.1990303112702449,-0.3290677875422502,2.286561369980614
3.257999999999752,-3.3111750801131126,0.011261485448042424,-0.5687996608387608,0.19991866463454952,-0.32935009964097206,2.3080562867503733
3.258999999999752,-3.3109747105215512,0.010931951996136419,-0.5664805108857726,0.20080376106023806,-0.32962342778725273,2.329459460324397
3.259999999999752,-3.3107734575295504,0.01060214969620337,-0.5641400022902309,0.20168538104738898,-0.3298877274512133,2.3507699730941662
3.260999999999752,-3.310571324727158,0.010272087598175342,-0.5617782281968046,0.20256329922493896,-0.330142959928373,2.371986883070567
3.2619999999997518,-3.310368315932539,0.009941774787952225,-0.55939528270267,0.2034372847992134,-0.3303890919535933,2.3931092280508075
3.2629999999997517,-3.3101644351971147,0.009611220382255538,-0.5569912608754439,0.20430710215131012,-0.33062609507263185,2.4141360302592667
3.2639999999997515,-3.309959686810024,0.009280433524223876,-0.5545662587662377,0.20517251157809405,-0.330853944790416,2.4350663014593836
3.2649999999997514,-3.309754075301788,0.008949423379962304,-0.5521203734173753,0.20603327016815165,-0.33107261951835915,2.4558990485108256
3.2659999999997513,-3.3095476054470225,0.008618199136233769,-0.5496537028643506,0.20688913280043314,-0.3312820993471524,2.4766332793214536
3.266999999999751,-3.3093402822661098,0.008286769999451873,-0.5471663461316657,0.20773985324960004,-0.33148236467615866,2.4972680091181005
3.267999999999751,-3.3091321110257117,0.007955145196100775,-0.5446584032222808,0.20858518537845594,-0.3316733947354238,2.517802266935195
3.268999999999751,-3.308923097238059,0.007623333974669704,-0.5421299751005166,0.20942488439447338,-0.33185516604095266,2.5382351021974023
3.269999999999751,-3.308713246658965,0.007291345609146893,-0.5395811636683867,0.21025870814455883,-0.3320276508277827,2.5585655912533403
3.2709999999997508,-3.308502565284533,0.006959189404071814,-0.5370120717354846,0.2110864184200493,-0.33219081550805096,2.5787928437036864
3.2719999999997507,-3.3082910593465695,0.006626874701096761,-0.5344228029827143,0.21190778224271006,-0.33234461920227054,2.5989160083600904
3.2729999999997506,-3.308078735306733,0.006294410886960923,-0.5318134619203143,0.21272257310236473,-0.3324890123910853,2.618934278672221
3.2739999999997504,-3.307865599849477,0.005961807402734232,-0.5291841538407852,0.21353057211783052,-0.33262393573168947,2.6388468974695947
3.2749999999997503,-3.307651659873886,0.005629073754146431,-0.5265349847674754,0.2143315690950644,-0.3327493190778756,2.6586531608824218
3.2759999999997502,-3.307436922484512,0.005296219522781372,-0.5238660613997039,0.21512536345977135,-0.3328650807355009,2.678352421330782
3.27699999999975,-3.3072213949813474,0.004963254377888883,-0.5211774910553946,0.21591176504602078,-0.3329711269764008,2.697944089502617
3.27799999999975,-3.30700508484909,0.0046301880885484085,-0.5184693816122574,0.21669059472742,-0.33306735182393693,2.7174276352763616
3.27899999999975,-3.3067879997458567,0.004297030535910501,-0.5157418414485803,0.21746168488281326,-0.3331536371130508,2.7368025875813013
3.27999999999975,-3.306570147491513,0.0039637917252444135,-0.5129949793846795,0.21822487969399448,-0.33322985281753886,2.7560685332255304
3.2809999999997497,-3.3063515360557916,0.0036304817975321172,-0.5102289046260144,0.21898003527822937,-0.333295857627883,2.7752251147554956
3.2819999999997496,-3.3061321735463554,0.003297111040369798,-0.5074437267088877,0.21972701966319827,-0.33335149975488193,2.7942720274405737
3.2829999999997495,-3.3059120681969585,0.002963689897966029,-0.5046395554495515,0.22046571261607234,-0.33339661792792546,2.8132090154995235
3.2839999999997493,-3.305691228355848,0.0026302289800593176,-0.5018165008974111,0.22119600534166664,-0.33343104255227235,2.8320358677021016
3.2849999999997492,-3.3054696624745206,0.0022967390696148125,-0.4989746732928798,0.22191780006689746,-0.33345459698720303,2.8507524124883483
3.285999999999749,-3.30524737909695,0.001963231129198514,-0.4961141830302956,0.22263100953010004,-0.3334670989063446,2.8693585127502987
3.286999999999749,-3.3050243868493596,0.0016297163059656272,-0.4932351406261662,0.22333555639419478,-0.33346836170260435,2.8878540604168794
3.287999999999749,-3.3048006944306145,0.0012962059352361088,-0.4903376566928717,0.22403137260233041,-0.3334581959027146,2.9062389709735417
3.288999999999749,-3.3045763106032804,0.0009627115426637405,-0.48742184191783083,0.22471839869361887,-0.3334364105600342,2.924513178034983
3.2899999999997487,-3.304351244185377,0.0006292448450342975,-0.4844878070480241,0.22539658309506294,-0.3334028145986318,2.942676628073397
3.2909999999997486,-3.3041255040428483,0.00029581774975303085,-0.4815356628796751,0.22606588140391903,-0.3333572180864377,2.9607292753872896
3.2919999999997485,-3.30389909908275,-3.755764689851877e-05,-0.47856552025281374,0.2267262556726786,-0.3332994334201079,2.9786710773780873
3.2929999999997484,-3.3036720382471443,-0.00037086906264135555,-0.4755774900503875,0.22737767370671919,-0.33322927640894023,2.9965019901844494
3.2939999999997482,-3.3034443305076904,-0.0007041040331080219,-0.4725716832015449,0.22802010838257603,-0.3331465672495336,3.014221964708058
3.294999999999748,-3.3032159848609033,-0.0010372499166699314,-0.4695482106886887,0.22865353699279378,-0.333051131386759,3.0318309430501706
3.295999999999748,-3.302987010324049,-0.0013702939000684953,-0.4665071835578838,0.22927794062149542,-0.3329428002599336,3.049328855365679
3.296999999999748,-3.302757415931655,-0.001703223004735807,-0.463448712932204,0.22989330355318355,-0.3328214119358367,3.0667156171309173
3.297999999999748,-3.302527210732589,-0.0020360240936934254,-0.46037291002760816,0.23049961271588698,-0.3326868116323757,3.0839911268130074
3.2989999999997477,-3.302296403787678,-0.0023686838789224664,-0.4572798861709542,0.231096857158584,-0.3325388521383424,3.10115526392201
3.2999999999997476,-3.302065004167838,-0.0027011889291042707,-0.4541697528197792,0.23168502756186576,-0.3323773941358418,3.11820788742235
3.3009999999997475,-3.3018330209526705,-0.003033525677637889,-0.45104262158349945,0.2322641157800333,-0.3322023064326919,3.135148834476754
3.3019999999997474,-3.3016004632295073,-0.0033656804308481447,-0.44789860424571193,0.2328341144122291,-0.33201346611244936,3.1519779194939725
3.3029999999997472,-3.3013673400928694,-0.003697639376305734,-0.44473781278730906,0.23339501639976803,-0.33181075860977455,3.1686949334506855
3.303999999999747,-3.3011336606443153,-0.004029388591188486,-0.44156035941014626,0.23394681464653097,-0.3315940777186782,3.1852996434579337
3.304999999999747,-3.30089943399266,-0.004360914050620284,-0.43836635656103334,0.23448950165909271,-0.33136332554084263,3.20179179254305
3.305999999999747,-3.300664669254546,-0.004692201635931107,-0.4351559169558477,0.23502306920316013,-0.33111841238073053,3.2181710996191235
3.306999999999747,-3.3004293755553507,-0.0050232371427881214,-0.4319291536035955,0.23554750797287463,-0.3308592565936333,3.2344372596154547
3.3079999999997467,-3.3001935620304192,-0.0053540062891535446,-0.42868617983027235,0.23606280726957296,-0.3305857843921954,3.250589943744049
3.3089999999997466,-3.2999572378266135,-0.005684494723030306,-0.4254271093023992,0.2365689546866907,-0.3302979296163152,3.26662879987893
3.3099999999997465,-3.2997204121041785,-0.006014688029961028,-0.4221520560501315,0.23706593579762436,-0.3299956334706903,3.2825534530267855
3.3109999999997464,-3.299483094038918,-0.0063445717402498825,-0.4188611344898607,0.23755373384353481,-0.3296788442336591,3.2983635058691823
3.3119999999997463,-3.2992452928246827,-0.0066741313358801855,-0.4155544594462446,0.2380323294182746,-0.32934751694041764,3.3140585393582582
3.312999999999746,-3.2990070176759563,-0.007003352250005874,-0.4122321461577301,0.23850170075742935,-0.3290015924142561,3.32963818242639
3.313999999999746,-3.2987682778289997,-0.007332219805231012,-0.40889431008093874,0.23896182561657847,-0.32864091718738087,3.345102378573722
3.314999999999746,-3.2985290825443827,-0.0076607191714376036,-0.40554106667113143,0.23941267851055542,-0.32826531668490605,3.3604511384235756
3.315999999999746,-3.2982894411099544,-0.007988835338264565,-0.402172531391384,0.2398542294551904,-0.3278746260538954,3.3756844359157303
3.3169999999997457,-3.2980493628459078,-0.00831655313505243,-0.39878881974850616,0.24028644367463736,-0.3274686895657098,3.390802210013791
3.3179999999997456,-3.2978088571098123,-0.008643857240014144,-0.39539004732828065,0.24070928106555453,-0.3270473608245735,3.40580436162431
3.3189999999997455,-3.297567933302555,-0.008970732190983306,-0.39197632984215974,0.24112269509668663,-0.32661050507259387,3.4206907385396423
3.3199999999997454,-3.297326600874401,-0.009297162394725986,-0.3885477831730436,0.24152663324844942,-0.3261579956532297,3.4354611533699844
3.3209999999997453,-3.2970848693312265,-0.009623132134983906,-0.3851045234051345,0.2419210369484651,-0.32568971227769855,3.450115391197749
3.321999999999745,-3.2968427482406537,-0.009948625578128504,-0.3816466668507838,0.24230584120080995,-0.3252055403914469,3.464653210916615
3.322999999999745,-3.2966002472386595,-0.010273626778580514,-0.37817433007605805,0.24268097420508655,-0.3247053705469831,3.479074346458577
3.323999999999745,-3.296357376036573,-0.010598119683607401,-0.3746876299251309,0.24304635697035828,-0.32418909778572463,3.4933785079165576
3.324999999999745,-3.2961141444284596,-0.010922088137509185,-0.3711866835436016,0.24340190293048916,-0.3236566210336338,3.5075653825693744
3.3259999999997447,-3.2958705622988815,-0.01124551588520956,-0.36767160840083374,0.24374751756938162,-0.323107842517166,3.5216346358197796
3.3269999999997446,-3.2956266396310276,-0.011568386575276802,-0.3641425223113921,0.24408309806680947,-0.3225426672081612,3.535585912060939
3.3279999999997445,-3.295382386515181,-0.011890683762408727,-0.36059954345564155,0.24440853297798265,-0.3219610023087685,3.549418835492119
3.3289999999997444,-3.295137813157478,-0.01221239090942846,-0.357042790399544,0.24472370196259563,-0.3213627567902637,3.5631330109104766
3.3299999999997443,-3.294892929888916,-0.012533491388853102,-0.3534723821136623,0.2450284755817977,-0.320747841002603,3.5767280245125455
3.330999999999744,-3.2946477471745115,-0.0128539684841157,-0.34988843799134045,0.24532271518411453,-0.32011616637459456,3.590203444745954
3.331999999999744,-3.294402275622524,-0.013173805390542278,-0.3462910778659885,0.24560627290360298,-0.31946764522740306,3.6035588232586515
3.332999999999744,-3.2941565259936127,-0.01349298521620953,-0.34268042202734694,0.24587899179510964,-0.31880219072636634,3.616793695998581
3.333999999999744,-3.2939105092097782,-0.013811490982834481,-0.3390565912365527,0.2461407061320196,-0.3181197169973211,3.629907584520387
3.3349999999997437,-3.2936642363629183,-0.01412930562687349,-0.3354197067397714,0.24639124189085354,-0.31742013943321384,3.6428999975559826
3.3359999999997436,-3.293417718722793,-0.014446412001032558,-0.3317698902801049,0.24663041744399503,-0.3167033752140594,3.655770432901121
3.3369999999997435,-3.2931709677441905,-0.014762792876411397,-0.3281072641074363,0.24685804447625637,-0.31596934405764965,3.66851837965897
3.3379999999997434,-3.292923995073055,-0.015078430945516762,-0.32443195098584293,0.24707392913260143,-0.3152179692092834,3.681143320862703
3.3389999999997433,-3.292676812551365,-0.015393308826382759,-0.32074407419819784,0.24727787339309135,-0.314449178665943,3.693644736471559
3.339999999999743,-3.2924294322205165,-0.015707409068023294,-0.3170437575476042,0.24746967665734668,-0.31366290661401197,3.7060221066990087
3.340999999999743,-3.292181866323042,-0.01602071415741182,-0.3133311253553685,0.24764913750535872,-0.31285909504067566,3.7182749155893142
3.341999999999743,-3.291934127302497,-0.016333206528133686,-0.3096063024553245,0.2478160555856971,-0.31203769545916854,3.73040265471349
3.342999999999743,-3.291686227801424,-0.01664486857078724,-0.3058694141844719,0.24797023356785336,-0.31119867066931933,3.742404826812641
3.3439999999997427,-3.2914381806573583,-0.016955682645123725,-0.3021205863700829,0.2481114790846762,-0.31034199646015426,3.754280949182482
3.3449999999997426,-3.2911899988969364,-0.017265631093818252,-0.2983599453136467,0.24823960658553337,-0.30946766315345015,3.7660305565742735
3.3459999999997425,-3.2909416957282236,-0.01757469625766314,-0.29458761777224873,0.24835443902240104,-0.3085756768883565,3.7776532033902304
3.3469999999997424,-3.2906932845314683,-0.017882860491879857,-0.29080373093818973,0.2484558093000718,-0.30766606055869444,3.7891484649788674
3.3479999999997423,-3.2904447788485482,-0.018190106183167253,-0.28700841241782205,0.24854356143748163,-0.30673885433590087,3.8005159378872313
3.348999999999742,-3.2901961923714085,-0.018496415767050793,-0.2832017902106888,0.24861755140805547,-0.3057941157397587,3.811755238997896
3.349999999999742,-3.2899475389298267,-0.01880177174507565,-0.27938399269008307,0.24867764765037143,-0.30483191925255587,3.8228660035606934
3.350999999999742,-3.2896988324788214,-0.019106156701399108,-0.2755551485860925,0.24872373126338274,-0.3038523555058927,3.8338478822119595
3.351999999999742,-3.2894500870860126,-0.019409553318381553,-0.2717153869720645,0.24875569592015667,-0.3028555300987852,3.844700537147014
3.3529999999997417,-3.289201316919184,-0.019711944390845636,-0.26786483725523247,0.24877344754854183,-0.30184156212762436,3.855423637665979
3.3539999999997416,-3.2889525362342615,-0.02001331283876057,-0.2640036291720053,0.24877690383532017,-0.3008105825209871,3.8660168553435947
3.3549999999997415,-3.288703759363848,-0.020313641718203705,-0.26013189278816806,0.24876599361226515,-0.29976273227491357,3.8764798590792084
3.3559999999997414,-3.288455000706411,-0.02061291423054473,-0.2562497585039915,0.24874065617901553,-0.2986981606781669,3.8868123102660976
3.3569999999997413,-3.2882062747161553,-0.02091111372988173,-0.2523573570640257,0.24870084061024905,-0.29761702360428544,3.8970138582849194
3.357999999999741,-3.2879575958935874,-0.021208223728827226,-0.24845481957116897,0.24864650508495048,-0.2965194819305017,3.9070841364809694
3.358999999999741,-3.287708978776723,-0.021504227902793285,-0.24454227750447033,0.24857761626515276,-0.2954057001253582,3.9170227587355573
3.359999999999741,-3.287460437932886,-0.021799110092958124,-0.24061986274003497,0.2484941487416051,-0.29427584502921417,3.92682931669382
3.360999999999741,-3.2872119879510233,-0.02209285430811273,-0.23668770757436408,0.24839608455520126,-0.29313008483630654,3.936503377668722
3.3619999999997408,-3.2869636434344662,-0.0223854447255882,-0.23274594474945773,0.24828341279610802,-0.2919685882744613,3.9460444832062254
3.3629999999997406,-3.2867154189940453,-0.02267686569145584,-0.22879470747903807,0.24815612927746378,-0.29079152396924346,3.9554521482706
3.3639999999997405,-3.2864673292415048,-0.022967101720175263,-0.22483412947530107,0.24801423627714203,-0.28959905997315655,3.9647258609912868
3.3649999999997404,-3.2862193887831426,-0.02325613749384461,-0.22086434497566904,0.24785774233913757,-0.2883913634370597,3.973865082902689
3.3659999999997403,-3.285971612213622,-0.023543957861183216,-0.216885488769087,0.24768666212531773,-0.2871686003997349,3.9828692496043567
3.36699999999974,-3.285724014109911,-0.02383054783635303,-0.21289769622147878,0.2475010163082811,-0.2859309356719523,3.9917377717697433
3.36799999999974,-3.2854766090253134,-0.02411589259770226,-0.20890110330004852,0.24730083149660487,-0.28467853279293165,4.000470036435683
3.36899999999974,-3.285229411483557,-0.02439997748649339,-0.20489584659617854,0.24708614018461794,-0.28341155403934837,4.009065408510737
3.36999999999974,-3.28498243597293,-0.024682788005659467,-0.2008820633467324,0.2468569807198425,-0.28213016046963574,4.017523232447622
3.3709999999997398,-3.2847356969404364,-0.02496430981861629,-0.1968598914536236,0.24661339728227957,-0.28083451198903525,4.025842834032368
3.3719999999997397,-3.2844892087859714,-0.0252445287481452,-0.19282946950155377,0.24635543987070208,-0.2795247674234719,4.034023522250095
3.3729999999997395,-3.284242985856509,-0.025523430775350266,-0.18879093677386102,0.24608316429201266,-0.27820108459276527,4.042064591194058
3.3739999999997394,-3.2839970424403004,-0.025801002038685364,-0.1847444332664489,0.24579663215050437,-0.276863620375873,4.049965321990737
3.3749999999997393,-3.2837513927610806,-0.02607722883304037,-0.180690099699792,0.24549591083452368,-0.2755125307627687,4.057724984719029
3.375999999999739,-3.283506050972295,-0.026352097608871028,-0.17662807752903228,0.24518107349858254,-0.2741479708891917,4.065342840306187
3.376999999999739,-3.2832610311513437,-0.02662559497135402,-0.1725585089521973,0.24485219903941075,-0.27277009505186833,4.0728181423869705
3.377999999999739,-3.2830163472938554,-0.026897707679547044,-0.16848153691658166,0.24450937206479467,-0.27137905670293866,4.080150139115611
3.378999999999739,-3.2827720133079943,-0.0271684226455328,-0.16439730512334388,0.24415268285432767,-0.2699750084232322,4.087338074922733
3.3799999999997388,-3.282528043008812,-0.027437726933525832,-0.16030595803037606,0.24378222731141713,-0.2685581018747708,4.094381192211435
3.3809999999997387,-3.282284450112652,-0.027705607758921936,-0.15620764085350974,0.2433981069060622,-0.2671284877334488,4.101278732988314
3.3819999999997385,-3.2820412482316144,-0.027972052487270922,-0.1521024995661247,0.24300042860805043,-0.2656863156032802,4.108029940426464
3.3829999999997384,-3.281798450868095,-0.02823704863315513,-0.14799068089722944,0.24258930481032512,-0.2642317339139341,4.114634060358405
3.3839999999997383,-3.281556071409405,-0.028500583858957953,-0.1438723323280844,0.2421648532423605,-0.2627648898035158,4.1210903426976495
3.384999999999738,-3.2813141231224807,-0.02876264597350868,-0.13974760208743972,0.24172719687345215,-0.2612859289887152,4.127398042788098
3.385999999999738,-3.2810726191486967,-0.029023222930592046,-0.13561663914545974,0.24127646380589024,-0.2597949956245434,4.133556422680857
3.386999999999738,-3.28083157249879,-0.029282302827313315,-0.1314795932064071,0.24081278715804003,-0.25829223215592934,4.139564752338357
3.387999999999738,-3.2805909960479096,-0.029539873902311824,-0.12733661470015897,0.24033630493740513,-0.2567777791634572,4.145422310765822
3.3889999999997378,-3.28035090253079,-0.029795924533818262,-0.12318785477262827,0.23984715990380143,-0.25525177520549924,4.151128387070316
3.3899999999997377,-3.2801113045370762,-0.03005044323755321,-0.11903346527516151,0.2393454994228214,-0.2537143566589476,4.156682281447674
3.3909999999997376,-3.279872214506792,-0.030303418664466588,-0.11487359875298597,0.23883147530982088,-0.2521656575606717,4.1620833060977285
3.3919999999997374,-3.279633644725973,-0.030554839598319786,-0.11070840843277714,0.23830524366471492,-0.2506058094517363,4.167330786068313
3.3929999999997373,-3.2793956073224697,-0.03080469495311415,-0.10653804820941747,0.237766964697925,-0.24903494122630399,4.1724240600285984
3.3939999999997372,-3.279158114261925,-0.031052973770371514,-0.10236267263201695,0.2372168025478755,-0.24745317898702718,4.177362480972389
3.394999999999737,-3.278921177343944,-0.031299665216274024,-0.09818243688926513,0.2366549250904955,-0.24586064590860185,4.182145416852114
3.395999999999737,-3.278684808198451,-0.03154475857867222,-0.09399749679418329,0.2360815037412375,-0.24425746211101682,4.186772251144327
3.396999999999737,-3.278449018282256,-0.03178824326397185,-0.08980800876834516,0.23549671325018162,-0.24264374454388715,4.191242383347626
3.397999999999737,-3.2782138188758214,-0.03203010879391098,-0.08561412982563298,0.23490073149084767,-0.24101960688311017,4.19555522941407
3.3989999999997367,-3.2779792210802503,-0.03227034480224044,-0.08141601755559486,0.23429373924338925,-0.23938515944092928,4.199710222115238
3.3999999999997366,-3.277745235814487,-0.03250894103132138,-0.07721383010646832,0.23367591997289305,-0.237740509090336,4.203706811344288
3.4009999999997365,-3.277511873812746,-0.03274588732865474,-0.07300772616793304,0.23304745960355067,-0.23608575920458466,4.2075444643554505
3.4019999999997363,-3.2772791456221673,-0.032981173643357994,-0.0687978649536548,0.2324085462895098,-0.234421009612439,4.211222665942604
3.4029999999997362,-3.277047061600703,-0.03321479002260527,-0.0645844061836805,0.2317593701832463,-0.23274635656961726,4.214740918558714
3.403999999999736,-3.276815631915233,-0.033446726608047046,-0.06036751006674258,0.231100123202326,-0.23106189274675015,4.2180987423780705
3.404999999999736,-3.2765848665399195,-0.03367697363222619,-0.05614733728252883,0.23043099879544732,-0.22936770723402125,4.221295675303431
3.405999999999736,-3.2763547752547915,-0.033905521415006974,-0.0519240489639717,0.229752191708669,-0.2276638855625158,4.2243312729203275
3.406999999999736,-3.2761253676445627,-0.03413236036003372,-0.04769780667960876,0.22906389775273545,-0.22595050974216904,4.22720510840092
3.4079999999997357,-3.2758966530976856,-0.03435748095123558,-0.043468772416063416,0.22836631357241005,-0.22422765831607547,4.229916772359956
3.4089999999997356,-3.2756686408056277,-0.034580873749393684,-0.03923710856069252,0.22765963641872008,-0.22249540643079876,4.232465872665482
3.4099999999997355,-3.2754413397623816,-0.03480252938878636,-0.03500297788444476,0.22694406392499938,-0.2207538259222086,4.234852034207076
3.4109999999997354,-3.275214758764189,-0.03502243857392775,-0.0307665435249708,0.22621979388759259,-0.21900298541626678,4.237074898624485
3.4119999999997352,-3.2749889064094866,-0.035240592076414314,-0.02652796897002342,0.22548702405205362,-0.2172429504440896,4.2391341239995874
3.412999999999735,-3.2747637910990632,-0.03545698073189331,-0.022287418041182717,0.22474595190563368,-0.21547378357052877,4.241029384514719
3.413999999999735,-3.2745394210364154,-0.0356715954371662,-0.018045054877938525,0.22399677447681035,-0.21369554453543893,4.2427603700803775
3.414999999999735,-3.274315804228305,-0.035884427147439335,-0.013801043922159192,0.22323968814255962,-0.21190829040673503,4.2443267859354
3.415999999999735,-3.274092948485504,-0.03609546687373311,-0.009555549902972622,0.22247488844401817,-0.21011207574429033,4.245728352222674
3.4169999999997347,-3.2738708614237177,-0.03630470568046013,-0.005308737822082566,0.2217025699111238,-0.2083069527736822,4.246964803543437
3.4179999999997346,-3.2736495504646816,-0.03651213468318151,-0.0010607729395400488,0.22092292589675955,-0.2064929715687606,4.248035888493204
3.4189999999997345,-3.2734290228374143,-0.036717745046549795,0.003188179240013184,0.220136148420861,-0.20467018024199213,4.248941369182263
3.4199999999997344,-3.2732092855796266,-0.03692152798244559,0.007437952980615234,0.21934242802487888,-0.2028386251415194,4.249681020743666
3.4209999999997343,-3.2729903455392675,-0.03712347474831426,0.011688382327757523,0.2185419536369203,-0.20099835105387268,4.250254630831517
3.421999999999734,-3.2727722093762006,-0.037323576645707617,0.01593930112065286,0.21773491244782242,-0.1991494014112757,4.2506619991122685
3.422999999999734,-3.2725548835639984,-0.03752182501903483,0.020190543003992395,0.21692148979834444,-0.19729181850250113,4.2509029367516495
3.423999999999734,-3.272338374391844,-0.037718211254525555,0.024441941439188382,0.2161018690775953,-0.19542564368625137,4.250977265899693
3.424999999999734,-3.2721226879665304,-0.03791272677940723,0.028693329715101985,0.21527623163274964,-0.19355091760606838,4.250884819176232
3.4259999999997337,-3.2719078302145412,-0.038105363061297706,0.03294454095825778,0.2144447566900414,-0.19166768040580776,4.250625439159078
3.4269999999997336,-3.271693806884207,-0.03829611160781319,0.03719540814254865,0.2136076212869643,-0.18977597194475057,4.250198977876978
3.4279999999997335,-3.2714806235479243,-0.0384849639663908,0.04144576409843684,0.21276500021555295,-0.1878758320114684,4.249605296309266
3.4289999999997334,-3.2712682856044237,-0.03867191172432395,0.04569544152165876,0.21191706597656543,-0.18596730053560023,4.248844263894045
3.4299999999997333,-3.271056798281081,-0.038856946509008214,0.049944272981443,0.2110639887443414,-0.1840504177967486,4.247915758046527
3.430999999999733,-3.2708461666362547,-0.03904005998839427,0.054192090928252314,0.21020593634206622,-0.18212522462974937,4.246819663689074
3.431999999999733,-3.270636395561648,-0.03922124387164403,0.058438727701062176,0.20934307422713364,-0.1801917626256193,4.245555872794328
3.432999999999733,-3.2704274897846775,-0.03940048990998529,0.0626840155341895,0.20847556548626642,-0.17825007432753534,4.244124283942687
3.433999999999733,-3.2702194538708405,-0.03957778989775964,0.06692778656368649,0.20760357084002576,-0.17630020342124714,4.242524801895284
3.4349999999997327,-3.270012292226077,-0.03975313567365775,0.07116987283331572,0.20672724865631673,-0.17434219491937356,4.24075733718349
3.4359999999997326,-3.2698060090991126,-0.03992651912213567,0.07541010630012329,0.20584675497247804,-0.17237609533907886,4.238821805715886
3.4369999999997325,-3.269600608583773,-0.040097932175005374,0.07964831883962813,0.20496224352552966,-0.1704019528726695,4.236718128403523
3.4379999999997324,-3.2693960946212677,-0.04026736681319209,0.08388434225064595,0.20407386579014147,-0.16841981755069418,4.234446230804237
3.4389999999997323,-3.2691924710024294,-0.0404348150686509,0.08811800825976739,0.20318177102387863,-0.16642974139717037,4.23200604278667
3.439999999999732,-3.268989741369906,-0.04060026902643447,0.09234914852551025,0.20228610631927668,-0.16443177857659708,4.229397498214623
3.440999999999732,-3.2687879092202974,-0.0407637208269035,0.09657759464216652,0.20138701666229827,-0.1624259855324495,4.226620534652265
3.441999999999732,-3.2685869779062307,-0.04092516266807142,0.1008031781433652,0.2004846449967254,-0.16041242111688364,4.223675093090697
3.442999999999732,-3.2683869506383667,-0.04108458680807413,0.1050257305053726,0.1995791322940451,-0.15839114671140864,4.2205611176963025
3.4439999999997317,-3.2681878304873377,-0.04124198556775595,0.10924508315015204,0.1986706176283926,-0.15636222633831387,4.217278555581292
3.4449999999997316,-3.2679896203856025,-0.04139735133336223,0.11346106744820532,0.19775923825612232,-0.15432572676266312,4.213827356596794
3.4459999999997315,-3.267792323129225,-0.04155067655932916,0.11767351472121876,0.19684512969958498,-0.15228171758469353,4.210207473148812
3.4469999999997314,-3.267595941379565,-0.04170195377116116,0.12188225624453666,0.19592842583469794,-0.15023027132247999,4.2064188600373535
3.4479999999997313,-3.2674004776648773,-0.04185117556838596,0.1260871232494857,0.19500925898190324,-0.14817146348474836,4.202461474318969
3.448999999999731,-3.267205934381823,-0.0419983346275776,0.13028794692557355,0.19408776000011704,-0.14610537263374215,4.198335275192942
3.449999999999731,-3.267012313796883,-0.04214342370543722,0.13448455842258572,0.19316405838328093,-0.14403208043806892,4.1940402239112995
3.450999999999731,-3.2668196180476716,-0.04228643564192174,0.13867678885260432,0.19223828235913334,-0.14195167171547382,4.1895762837128085
3.451999999999731,-3.266627849144155,-0.042427363363410166,0.14286446929197283,0.19131055895830232,-0.1398642345462533,4.184943419421467
3.4529999999997307,-3.2664370089703576,-0.04256619988741549,0.14704743077824314,0.19038101298782545,-0.1377698631906317,4.180141584552897
3.4539999999997306,-3.266247099286801,-0.04270293832946194,0.15122550429170875,0.18944976650548448,-0.13566865972381242,4.175170714150334
3.4549999999997305,-3.2660581217324083,-0.04283757190887477,0.1553985207476767,0.18851694064043448,-0.13356072964458465,4.170030744395039
3.4559999999997304,-3.2658700778254226,-0.04297009395230229,0.15956631099906435,0.18758265583595582,-0.13144618151126783,4.1647216142292365
3.4569999999997303,-3.2656829689639326,-0.043100497896490494,0.16372870583918597,0.1866470319526308,-0.129325126925583,4.1592432654099625
3.45799999999973,-3.265496796426403,-0.043228777291314385,0.16788553600460615,0.18571018837127176,-0.12719768050660865,4.153595642587848
3.45899999999973,-3.2653115613721027,-0.04335492580277822,0.17203663217808396,0.1847722440952271,-0.12506395985496915,4.147778693410429
3.45999999999973,-3.2651272648414347,-0.04347893721597523,0.17618182499163265,0.18383331785169105,-0.12292408550743238,4.141792368649486
3.46099999999973,-3.2649439077561584,-0.04360080543799713,0.1803209450297184,0.18289352819164278,-0.12077818088212137,4.135636622351811
3.4619999999997297,-3.26476149091952,-0.04372052450078435,0.18445382283262124,0.18195299358803912,-0.11862637221457478,4.129311412012703
3.4629999999997296,-3.2645800150162803,-0.04383808856390777,0.18858028889998057,0.18101183253188388,-0.11646878848491907,4.122816698771381
3.4639999999997295,-3.26439948061265,-0.043953491917273366,0.1927001736945466,0.1800701636257962,-0.1143055613364447,4.1161524476273925
3.4649999999997294,-3.264219888156135,-0.04406672898374122,0.19681330764615831,0.17912810567469853,-0.11213682498590587,4.109318627676994
3.4659999999997293,-3.2640412379752872,-0.04417779432165087,0.2009195211559674,0.17818577777324454,-0.10996271612588998,4.1023152123683415
3.466999999999729,-3.2638635302793735,-0.0442866826272452,0.205018644600926,0.1772432993896071,-0.10778337381962871,4.0951421797742364
3.467999999999729,-3.2636867651579644,-0.04439338873698554,0.2091105083385558,0.1763007904452463,-0.10559893938864469,4.087799512881051
3.468999999999729,-3.26351094258044,-0.04449790762975095,0.21319494271201309,0.17535837139027924,-0.10340955629364977,4.0802871998923305
3.469999999999729,-3.2633360623954277,-0.044600234428915315,0.21727177805546447,0.17441616327407417,-0.10121537000912788,4.072605234545471
3.4709999999997287,-3.2631621243301687,-0.04470036440429593,0.22134084469978485,0.17347428781069502,-0.0990165278920512,4.064753616439763
3.4719999999997286,-3.2629891279898238,-0.04479829297396815,0.22540197297858847,0.17253286743882498,-0.09681317904518952,4.05673235137396
3.4729999999997285,-3.262817072856721,-0.04489401570594078,0.22945499323460145,0.17159202537580262,-0.09460547417548078,4.0485414516914755
3.4739999999997284,-3.262645958289554,-0.04498752831968758,0.23349973582638256,0.1706518856654085,-0.09239356544793459,4.040180936631144
3.4749999999997283,-3.262475783522532,-0.045078826687530674,0.23753603113539656,0.1697125732190465,-0.09017760633554081,4.0316508326814615
3.475999999999728,-3.2623065476644975,-0.04516790683587198,0.24156370957344267,0.16877421384996982,-0.0879577514656501,4.022951173936068
3.476999999999728,-3.262138249698008,-0.045254764946269545,0.24558260159043813,0.1678369343002095,-0.08573415646328542,4.014082002448176
3.477999999999728,-3.261970888478399,-0.045339397356355726,0.2495925376825548,0.16690086225987003,-0.08350697779182975,4.0050433685815605
3.478999999999728,-3.2618044627328295,-0.04542180056059503,0.2535933484007038,0.1659661263784653,-0.08127637259151874,3.995835331355645
3.4799999999997278,-3.261638971059319,-0.04550197121087947,0.25758486435936134,0.16503285626797584,-0.07904249851614428,3.986457958782123
3.4809999999997276,-3.2614744119257897,-0.04557990611695986,0.2615669162457259,0.16410118249731764,-0.07680551356835069,3.9769113281905044
3.4819999999997275,-3.2613107836691135,-0.045655602246711904,0.26553933482919423,0.16317123657792174,-0.07456557593387485,3.9671955265398706
3.4829999999997274,-3.2611480844941836,-0.045729056726236075,0.26950195097114094,0.1622431509401327,-0.07232284381504943,3.9573106507140694
3.4839999999997273,-3.260986312473008,-0.04580026683979076,0.2734545956349841,0.16131705890014475,-0.07007747526385202,3.9472568077974874
3.484999999999727,-3.2608254655438476,-0.04586923002955833,0.27739709989651523,0.1603930946172038,-0.06782962801474476,3.9370341153284754
3.485999999999727,-3.2606655415103973,-0.04593594389524405,0.28132929495447095,0.15947139304081576,-0.06557945931750778,3.9266427015274146
3.486999999999727,-3.2605065380410276,-0.046000406193507835,0.285251012141318,0.15855208984771305,-0.0633271257702281,3.9160827054963496
3.487999999999727,-3.260348452668092,-0.04606261483722912,0.2891620829342229,0.15763532136834585,-0.06107278315256227,3.905354277387032
3.4889999999997268,-3.2601912827873143,-0.04612256789460523,0.2930623389661723,0.15672122450268017,-0.05881658625934777,3.8944575785341535
3.4899999999997267,-3.2600350256572694,-0.046180263588083456,0.29695161203720766,0.15580993662510453,-0.05655868873459674,3.883392781550498
3.4909999999997265,-3.2598796783989563,-0.04623570029312734,0.3008297341257351,0.15490159547826954,-0.05429924290586501,3.8721600703806818
3.4919999999997264,-3.2597252379954926,-0.046288876536817514,0.30469653739986635,0.1539963390557131,-0.05203839961895355,3.8607596403101456
3.4929999999997263,-3.2595717012919225,-0.046339790996287364,0.30855185422874526,0.1530943054731584,-0.04977630807286798,3.8491916979260568
3.493999999999726,-3.2594190649951673,-0.04638844249699372,0.3123955171938097,0.15219563282841495,-0.04751311565493743,3.837456461026835
3.494999999999726,-3.259267325674117,-0.04643483001082271,0.31622735909993593,0.15130045904986625,-0.04524896777597913,3.8255541584771344
3.495999999999726,-3.259116479759881,-0.04647895265403072,0.3200472129864095,0.15040892173359316,-0.04298400770539224,3.8134850300053005
3.496999999999726,-3.258966523546205,-0.04652080968502045,0.32385491213766354,0.14952115796926435,-0.04071837640607629,3.8012493259406237
3.4979999999997258,-3.2588174531900718,-0.04656040050195163,0.3276502900937236,0.14863730415502519,-0.03845221236910107,3.78884730688817
3.4989999999997257,-3.2586692647124877,-0.0465977246401864,0.3314331806602949,0.147757495801739,-0.03618565144810913,3.7762792433395798
3.4999999999997256,-3.2585219539994728,-0.046632781769568886,0.33520341791842845,0.14688186732708436,-0.03391882669351553,3.763545415219108
3.5009999999997254,-3.2583755168032624,-0.04666557169153905,0.33896083623370066,0.14601055184019165,-0.03165186818668658,3.750646111365323
3.5019999999997253,-3.2582299487437245,-0.04669609433608076,0.3427052702648433,0.14514368091771743,-0.02938490287443906,3.7375816289504056
3.5029999999997252,-3.2580852453100104,-0.046724349758504764,0.3464365549717633,0.14428138437251034,-0.027118054404408138,3.724352272840961
3.503999999999725,-3.2579414018624338,-0.04675033813606787,0.35015452562289606,0.14342379001632102,-0.024851442962096477,3.710958354906739
3.504999999999725,-3.257798413634595,-0.0467740597644304,0.353859017801846,0.14257102341835487,-0.022585185110745618,3.69740019328679
3.505999999999725,-3.257656275735744,-0.04679551505395567,0.35754986741327666,0.14172320766186144,-0.020319393635570625,3.68367811162644
3.506999999999725,-3.2575149831533867,-0.04681470452585664,0.3612269106880312,0.14088046310139898,-0.018054177394378222,3.669792438303116
3.5079999999997247,-3.257374530756136,-0.04683162880819758,0.3648899841874819,0.14004290712390047,-0.015789641177148248,3.655743505664626
3.5089999999997246,-3.257234913296794,-0.046846288631760984,0.36853892480713707,0.13921065391719353,-0.01352588557780044,3.641531649309951
3.5099999999997245,-3.257096125415664,-0.04685868482579419,0.3721735697795649,0.13838381425017254,-0.011263006882082333,3.6271572074499807
3.5109999999997243,-3.256958161644069,-0.04686881831365377,0.3757937566767367,0.13756249526936587,-0.009001096976286205,3.6126205203937323
3.5119999999997242,-3.256821016408071,-0.04687669010837147,0.37939932341194144,0.13674680031715286,-0.006740243282299309,3.597921930214224
3.512999999999724,-3.2566846840323516,-0.04688230130817096,0.3829901082414815,0.1359368287773184,-0.004480528725269147,3.5830617806568257
3.513999999999724,-3.256549158744236,-0.04688565309197147,0.3865659497664276,0.13513267595393624,-0.002222031740854681,3.568040417360945
3.514999999999724,-3.256414434677816,-0.04688674671492167,0.39012668693478386,0.13433443298967992,3.5173670453127366e-05,3.5528581884723205
3.515999999999724,-3.2562805058781317,-0.046885583504014575,0.39367215904449415,0.13354218682950295,0.002291017834235031,3.5375154457267577
3.5169999999997237,-3.2561473663053686,-0.04688216485384213,0.3972022057478014,0.1327560202351348,0.004545435230764919,3.52201254608526
3.5179999999997236,-3.256015009839011,-0.04687649222255506,0.4007166670575488,0.13197601185494842,0.0067983642546087415,3.5063498539934215
3.5189999999997235,-3.2558834302818926,-0.04686856712809987,0.40421538335607743,0.1312022363524243,0.009049746899936298,3.4905277443228044
3.5199999999997234,-3.2557526213640946,-0.04685839114480888,0.40769819540742097,0.13043476459466857,0.011299528368579295,3.4745466060271455
3.5209999999997232,-3.255622576746624,-0.04684596590042061,0.4111649443735155,0.12967366390028637,0.013547656601048121,3.4584068465105666
3.521999999999723,-3.2554932900248126,-0.046831293073605944,0.4146154718351143,0.12891899834348855,0.01579408173474572,3.4421088966583886
3.522999999999723,-3.255364754731389,-0.046814374392068515,0.4180496198180243,0.1281708291088062,0.01803875549832855,3.4256532164251117
3.523999999999723,-3.2552369643391756,-0.04679521163127676,0.42146723082514115,0.127429214888456,0.02028163055625321,3.4090403008119825
3.524999999999723,-3.2551099122633653,-0.04677380661386823,0.42486814787456373,0.1266942123125262,0.022522659822551402,3.3922706860037133
3.5259999999997227,-3.254983591863363,-0.04675016120974558,0.4282522145438073,0.12596587640101936,0.024761795767213553,3.375344955377665
3.5269999999997226,-3.2548579964441635,-0.04672427733685883,0.4316192750198264,0.12524426102660707,0.026998989741597864,3.358263745057604
3.5279999999997225,-3.254733119257269,-0.04669615696264105,0.43496917415421965,0.12452941937782488,0.02923419135042959,3.341027748666334
3.5289999999997224,-3.254608953501145,-0.04666580210603774,0.4383017575226462,0.12382140441429043,0.03146734789679738,3.323637720943804
3.5299999999997222,-3.2544854923212263,-0.04663321484004523,0.44161687148717,0.12312026930812567,0.03369840392295234,3.3060944799429928
3.530999999999722,-3.254362728809493,-0.046598397294653426,0.44491436325999717,0.12242606786871638,0.035927300863887866,3.288398907593698
3.531999999999722,-3.254240656003628,-0.046561351660074815,0.44819408096691193,0.1217388549507818,0.03815397682319259,3.270551948527954
3.532999999999722,-3.2541192668857715,-0.0465220801901361,0.4514558737086686,0.1210586868480073,0.040378366472380155,3.2525546071793285
3.533999999999722,-3.2539985543808907,-0.04648058520571198,0.45469959161866974,0.1203856216758761,0.042600401066792845,3.2344079432882062
3.5349999999997217,-3.253878511354772,-0.04643686909809063,0.45792508591544895,0.11971971974766939,0.044820008564202936,3.2161130660523805
3.5359999999997216,-3.2537591306116327,-0.04639093433217741,0.4611322089487578,0.11906104394694177,0.047037113827133874,3.1976711272448557
3.5369999999997215,-3.2536404048913674,-0.046342783449463486,0.4643208142384086,0.11840966009835469,0.049251638887111704,3.1790833136709096
3.5379999999997214,-3.253522326866422,-0.04629241907070865,0.4674907565054054,0.11776563733691453,0.051463503248586076,3.1603508393513877
3.5389999999997213,-3.2534048891383005,-0.046239843898308944,0.4706418916952768,0.11712904847379571,0.053672624211860184,3.141474937801146
3.539999999999721,-3.2532880842337084,-0.046185060718339103,0.4737740769938725,0.11649997035536347,0.05587891719753411,3.1224568547267135
3.540999999999721,-3.253171904600343,-0.046128072402275205,0.4768871708361785,0.11587848421097753,0.05808229605908775,3.103297841404173
3.541999999999721,-3.2530563426023447,-0.04606888190841439,0.479981032908933,0.11526467598475905,0.06028267337470024,3.083999148926144
3.542999999999721,-3.2529413905154234,-0.046007492283014796,0.48305552414797454,0.11465863664672697,0.06247996071371454,3.0645620234339295
3.5439999999997207,-3.252827040521689,-0.045943906661182,0.4861105067313381,0.11406046247945008,0.06467406887693775,3.0449877023839855
3.5449999999997206,-3.252713284704207,-0.04587812826752721,0.4891458440691339,0.11347025533746169,0.06686490811300644,3.025277411841188
3.5459999999997205,-3.2526001150413077,-0.045810160416619186,0.49216140079121273,0.11288812287796622,0.06905238831526184,3.00543236474719
3.5469999999997204,-3.2524875234006836,-0.045740006513246376,0.49515704273355327,0.11231417876266678,0.07123641920499692,2.985453760080778
3.5479999999997203,-3.252375501533292,-0.04566767005250004,0.49813263692421406,0.11174854283171536,0.07341691050764652,2.9653427828076153
3.54899999999972,-3.2522640410671038,-0.04559315461968178,0.5010880515695828,0.11119134125172517,0.0755937721286091,2.9451006045073336
3.54999999999972,-3.2521531335007112,-0.04551646389003285,0.5040231560415441,0.1106427066404045,0.07776691433503471,2.924728384564359
3.55099999999972,-3.2520427701968235,-0.045437601628276376,0.5069378208660742,0.11010277817061662,0.07993624794918407,2.9042272718129576
3.55199999999972,-3.251932942375667,-0.04535657168795853,0.5098319177136647,0.10957170165649116,0.08210168455791858,2.8835984065346296
3.5529999999997197,-3.2518236411083086,-0.04527337801057086,0.5127053193918806,0.10904962962356171,0.08426313674153664,2.8628429227153602
3.5539999999997196,-3.251714857309916,-0.04518802462443358,0.5155578998402714,0.10853672136372182,0.08642051832348623,2.8419619504797975
3.5549999999997195,-3.251606581732969,-0.04510051564331893,0.5183895341277728,0.10803314297399391,0.08857374464035818,2.82095661862789
3.5559999999997194,-3.251498804960445,-0.045010855264796,0.5212000984526673,0.1075390673755773,0.09072273282882018,2.799828057205747
3.5569999999997193,-3.2513915173989982,-0.04491904776828313,0.5239894701451069,0.10705467430622125,0.09286740212252191,2.77857740004546
3.557999999999719,-3.2512847092721597,-0.04482509751280357,0.5267575276721307,0.10658015027444548,0.0950076741471016,2.7572057872073126
3.558999999999719,-3.251178370613618,-0.04472900893445516,0.5295041506450474,0.10611568845822524,0.09714347319471167,2.735714367250931
3.559999999999719,-3.251072491260633,-0.044630786543631,0.5322292198289565,0.10566148842473065,0.0992747261988997,2.7141042982514683
3.560999999999719,-3.2509670608488417,-0.04453043492499403,0.5349326171450297,0.10521775394145845,0.10140135803779206,2.6923767302807575
3.5619999999997187,-3.250862068807852,-0.04442795873845114,0.5376142256603189,0.10478469279139091,0.10352329220258351,2.6705328092198157
3.5629999999997186,-3.2507575043570727,-0.04432336271942283,0.5402739295943724,0.10436251781283876,0.10564045495462614,2.6485736945924105
3.5639999999997185,-3.2506533565010156,-0.04421665167604457,0.5429116143333808,0.10395144597307418,0.10775277491126917,2.626500559682353
3.5649999999997184,-3.2505496140257737,-0.044107830487147434,0.5455271664431105,0.10355169695706457,0.10986018194105013,2.604314589621138
3.5659999999997183,-3.250446265497244,-0.043996904101878884,0.5481204736790632,0.10316349120426108,0.11196260531572239,2.582016977659706
3.566999999999718,-3.250343299261665,-0.04388387754167892,0.5506914249917337,0.10278704722171463,0.11405997080261028,2.559608918966004
3.567999999999718,-3.250240703449294,-0.04376875590587873,0.5532399105240716,0.10242257796109155,0.11615219626610539,2.5370916010689832
3.568999999999718,-3.250138465982279,-0.04365154438269018,0.5557658215972434,0.10207028600294603,0.11823918520276065,2.514466189796539
3.569999999999718,-3.250036574588079,-0.04353224826801061,0.5582690506794837,0.10173035724969172,0.12032081746926686,2.4917338092489887
3.5709999999997177,-3.249935016820066,-0.043410872995282505,0.5607494913312269,0.1014029528037581,0.12239693631566148,2.468895514087014
3.5719999999997176,-3.249833780294258,-0.04328742522512988,0.5632070368839519,0.10108778852705612,0.12446524224582049,2.445948497908448
3.5729999999997175,-3.2497328528224676,-0.04316191357861445,0.5656415765062126,0.10078462212114216,0.12652348422199455,2.4228900881584274
3.5739999999997174,-3.2496322222976124,-0.043034347954121456,0.5680530003046087,0.10049380958720469,0.1285726493733738,2.399723414852023
3.5749999999997173,-3.2495318762544847,-0.042904737061495335,0.5704412015062774,0.10021559210154715,0.13061365354652912,2.3764514007524316
3.575999999999717,-3.249431802038529,-0.042773088681952155,0.5728060760549182,0.09995006311195409,0.1326472284435747,2.353076550492342
3.576999999999717,-3.249331986980127,-0.04263940996502645,0.5751475221745663,0.09969715756233716,0.1346739035265018,2.3296009130170234
3.577999999999717,-3.249232418554832,-0.04250370764200821,0.5774654398936883,0.09945664916359445,0.13669398262452395,2.30602604217044
3.578999999999717,-3.249133084538086,-0.042365988262346846,0.5797597305366308,0.09922816535173372,0.13870752206180142,2.2823529747755926
3.5799999999997167,-3.249033973132837,-0.04222625844619008,0.5820302962124502,0.0990112278579083,0.1407143215514573,2.2585822512490723
3.5809999999997166,-3.248935073044978,-0.04208452513518244,0.5842770393530498,0.0988053171119201,0.142713938436199,2.234713994336861
3.5819999999997165,-3.2488363734896737,-0.041940795817152376,0.58649986235587,0.09860994512142207,0.1447057268500561,2.210748035252845
3.5829999999997164,-3.24873786412971,-0.04179507870423921,0.5886986673622311,0.098424715823993,0.14668889134195287,2.186684052148511
3.5839999999997163,-3.2486395349647266,-0.041647382856900214,0.5908733561646056,0.09824935996330654,0.1486625395325327,2.1625216847718502
3.584999999999716,-3.2485413761973687,-0.04149771825994841,0.5930238302086709,0.09808374496634799,0.1506257230870175,2.1382606084251528
3.585999999999716,-3.248443378098116,-0.041346095864171234,0.5951499906496609,0.09792786828943625,0.15257746425895727,2.113900570158427
3.586999999999716,-3.2483455308812577,-0.041192527607330345,0.5972517384308813,0.0977818432448428,0.15451677046241075,2.0894413990265837
3.587999999999716,-3.2482478245964455,-0.04103702642486112,0.5993289743645074,0.0976458797371847,0.15644278153665475,2.0648832323061854
3.5889999999997158,-3.248150249098563,-0.040879604350649114,0.6013816015489934,0.0975201585097671,0.15835770733106513,2.040231273107819
3.5899999999997156,-3.24805279406422,-0.04072027225846063,0.6034095286990462,0.09740482461679255,0.16026306224880438,2.015489541571044
3.5909999999997155,-3.247955449014774,-0.04055903938724691,0.6054126667363057,0.09730006537072426,0.16215874820690945,1.9906594271221312
3.5919999999997154,-3.2478582032764574,-0.04039591546241306,0.6073909279664487,0.09720607965516148,0.16404465064067278,1.965742309566614
3.5929999999997153,-3.247761045973049,-0.040230910329452314,0.6093442260732652,0.09712307247914415,0.1659206454202439,1.9407395659001276
3.593999999999715,-3.247663966021949,-0.040064033961025224,0.6112724761179977,0.09705125079955702,0.16778660333599638,1.9156525742156025
3.594999999999715,-3.247566952133875,-0.0398952964604762,0.6131755945415722,0.09699082042578373,0.16964239286974472,1.8904827157251052
3.595999999999715,-3.247469992815193,-0.03972470806321553,0.6150534991682303,0.09694198382616083,0.17148788180072183,1.865231375645548
3.596999999999715,-3.247373076372054,-0.03955227913691997,0.6169061092097017,0.09690493867161903,0.17332293804273785,1.8398999434620187
3.5979999999997148,-3.24727619091568,-0.03937802018117152,0.6187333452694741,0.09687987697239171,0.17514742998854257,1.8144898129031677
3.5989999999997146,-3.247179324368265,-0.03920194182692442,0.6205351293469844,0.09686698468541693,0.17696122654846017,1.7890023818362686
3.5999999999997145,-3.2470824644690772,-0.039024054836037915,0.6223113848417193,0.09686644169108646,0.17876419700709456,1.7634390522042094
3.6009999999997144,-3.24698559878043,-0.03884437010101208,0.6240620365573027,0.0968784220572243,0.1805562107780106,1.737801230071602
3.6019999999997143,-3.2468887146932746,-0.038662898645000575,0.6257870107056988,0.0969030945250963,0.1823371371064107,1.7120903258131859
3.602999999999714,-3.2467917994322133,-0.03847965162213524,0.6274862349116809,0.09694062316671326,0.1841068447498125,1.686307754457873
3.603999999999714,-3.2466948400597895,-0.038294640318174616,0.6291596382177236,0.09699116817476446,0.18586520165354622,1.6604549361911964
3.604999999999714,-3.2465978234799273,-0.03810787615147655,0.6308071510894757,0.09705488675640297,0.18761207462936763,1.6345332970142632
3.605999999999714,-3.246500736440439,-0.037919370674289674,0.6324287054219688,0.09713193411005284,0.18934732904010895,1.6085442695562588
3.6069999999997138,-3.246403565534517,-0.03772913557435751,0.6340242345467151,0.09722246447068465,0.1910708284900227,1.582489294038689
3.6079999999997137,-3.2463062972011505,-0.037537182676830455,0.6355936732398445,0.09732663221386251,0.1927824345186074,1.5563698193918942
3.6089999999997135,-3.246208917724412,-0.037343523946483506,0.6371369577314362,0.09744459301251564,0.19448200629476875,1.5301873045273777
3.6099999999997134,-3.24611141323156,-0.03714817149024118,0.6386540257162033,0.09757650504301116,0.19616940030785512,1.5039432197727596
3.6109999999997133,-3.246013769689916,-0.036951137560014335,0.6401448163656975,0.09772253023882806,0.19784447005222763,1.477639048479506
3.611999999999713,-3.245915972902457,-0.03675243455585681,0.6416092703422133,0.09788283559104191,0.19950706570246232,1.451276288816806
3.612999999999713,-3.245818008502092,-0.03655207502945258,0.6430473298145859,0.09805759449495761,0.20115703377699062,1.4248564557679693
3.613999999999713,-3.2457198619445644,-0.03635007168794538,0.6444589384760949,0.09824698814156119,0.2027942167889493,1.3983810833483135
3.614999999999713,-3.245621518499943,-0.03614643739812392,0.6458440415647049,0.09845120695093314,0.2044184528842589,1.3718517270655342
3.6159999999997128,-3.245522963242662,-0.03594118519097473,0.6472025858858969,0.09867045204225505,0.20602957546853326,1.3452699666446573
3.6169999999997127,-3.245424181040075,-0.035734328266612034,0.6485345198383664,0.09890493673136372,0.20762741282642047,1.3186374090394393
3.6179999999997126,-3.245325156539504,-0.03552587999958954,0.6498397934428845,0.09915488804171343,0.20921178773949387,1.291955691749805
3.6189999999997124,-3.245225874153782,-0.03531585394459106,0.6511183583746347,0.09942054820776697,0.21078251711198048,1.2652264864596097
3.6199999999997123,-3.2451263180453043,-0.035104263842485856,0.652370167999352,0.09970217614083055,0.21233941161758985,1.238451502999212
3.6209999999997122,-3.2450264721086546,-0.034891123626718944,0.6535951774135811,0.10000004881565903,0.21388227538567292,1.211632493620885
3.621999999999712,-3.2449263199519063,-0.034676447429985116,0.6547933434893528,0.10031446252114305,0.2154109057511059,1.1847712575488734
3.622999999999712,-3.2448258448767726,-0.034460249591107814,0.6559646249235176,0.10064573389927944,0.21692509309988262,1.1578696457252877
3.623999999999712,-3.244725029857868,-0.03424254466200704,0.6571089822918668,0.10099420067249049,0.21842462085165468,1.1309295656112384
3.624999999999712,-3.244623857521451,-0.03402334741459411,0.658226378107991,0.10136022192908051,0.21990926563162133,1.1039529858095032
3.6259999999997117,-3.2445223101241774,-0.03380267284737216,0.6593167768865241,0.10174417779885353,0.22137879769746674,1.07694194013531
3.6269999999997116,-3.2444203695325675,-0.03358053619144774,0.66038014520995,0.10214646830399467,0.22283298170267923,1.0498985305520012
3.6279999999997115,-3.2443180172041575,-0.033356952915569074,0.6614164517974207,0.10256751111208831,0.22427157789573646,1.0228249280718458
3.6289999999997113,-3.2442152341715893,-0.03313193872969641,0.6624256675729085,0.10300773784565674,0.2256943438754803,0.995723370240705
3.6299999999997112,-3.244112001031297,-0.03290550958647823,0.6634077657282927,0.10346758851150593,0.22710103704680037,0.9685961530838717
3.630999999999711,-3.244008297938942,-0.03267768167984955,0.6643627217743204,0.10394750349663025,0.2284914179480571,0.9414456142320287
3.631999999999711,-3.2439041046143613,-0.032448471439781405,0.6652905135682556,0.10444791242422144,0.22986525465375915,0.914274102106206
3.632999999999711,-3.2437994003596264,-0.032217895521987984,0.6661911213005426,0.10496921895463147,0.2312223284955006,0.8870839230691421
3.633999999999711,-3.2436941640948307,-0.03198597079112988,0.6670645274124887,0.10551178032070074,0.23256244139617674,0.8598772535885894
3.6349999999997107,-3.243588374417679,-0.0317527142957216,0.6679107164003537,0.1060758799549223,0.23388542518643587,0.8326559964741204
3.6359999999997106,-3.2434820096948678,-0.031518143232528585,0.668729674434347,0.10666169092563489,0.23519115338588034,0.8054215473749646
3.6369999999997105,-3.2433750481959933,-0.03128227489766608,0.6695213886780961,0.1072692269702624,0.2364795561245472,0.7781744183972742
3.6379999999997104,-3.243267468284523,-0.03104512662075546,0.6702858461293665,0.10789827667972461,0.23775063927312415,0.7509136428513049
3.6389999999997102,-3.2431592486854632,-0.03080671567696105,0.6710230317215751,0.10854831513824852,0.23900450987474423,0.7236358830977985
3.63999999999971,-3.2430503688551724,-0.030567059168229552,0.6717329253872701,0.10921838725903091,0.24024141306997132,0.6963342784590251
3.64099999999971,-3.242940809482638,-0.030326173855907575,0.6724154980180598,0.10990696161856539,0.2414617941320317,0.6689975545973913
3.64199999999971,-3.242830553144617,-0.030084075906801244,0.6730707072858559,0.11061174943943666,0.24266634101972498,0.6416109409753654
3.64299999999971,-3.2427195854152067,-0.029840781533932582,0.6736984955969962,0.11132912115692155,0.24385457949932365,0.6141596658290269
3.6439999999997097,-3.242607895475268,-0.02959630594190524,0.6742987950508585,0.1120552176673341,0.24502812507560565,0.5866398797361004
3.6449999999997096,-3.242495476546552,-0.029350662529498462,0.6748715412145402,0.11278630058981672,0.24619037595023432,0.5590614830833418
3.6459999999997095,-3.2423823253904223,-0.02910386102486471,0.6754166836368501,0.11351886122427586,0.24734447007698598,0.531441245097576
3.6469999999997094,-3.2422684420067314,-0.028855908322624944,0.6759341888984834,0.11425001512880302,0.24849285682534283,0.5037954981014673
3.6479999999997093,-3.2421538289486564,-0.028606809253081806,0.6764240380135825,0.11497758011742631,0.24963716738948366,0.4761365174658003
3.648999999999709,-3.2420384906470336,-0.02835656738796611,0.6768862220512583,0.11569997960623442,0.250778283728555,0.4484722470481268
3.649999999999709,-3.241922432860182,-0.02810518573547758,0.6773207382585821,0.11641611523596075,0.25191646839447285,0.4208072890023908
3.650999999999709,-3.241805662246467,-0.027852667298090023,0.6777275872760461,0.1171252661494351,0.253051491595387,0.39314399103403697
3.651999999999709,-3.241688186024345,-0.027599015509322138,0.6781067713285651,0.11782701928460695,0.25418274017722453,0.3654832915499799
3.6529999999997087,-3.24157001169165,-0.027344234570290532,0.678458293128779,0.11852121961668363,0.25530930821470743,0.3378253064255594
3.6539999999997086,-3.241451146788652,-0.02708832970409585,0.6787821552623693,0.11920793039594821,0.25643007098072224,0.3101697169020264
3.6549999999997085,-3.2413315986705253,-0.026831307166009424,0.6790783599751966,0.11988748691333087,0.2575443353759546,0.2825164956570594
3.6559999999997084,-3.2412113740520585,-0.02657317231002989,0.6793469106853943,0.12056074219145678,0.2586540285426441,0.2548677448302822
3.6569999999997083,-3.241090478996303,-0.026313930101782974,0.6795878121914469,0.12122829724553008,0.2597590948821316,0.2272239300323805
3.657999999999708,-3.2409689188667303,-0.026053585111831343,0.6798010695961553,0.12189076432174482,0.2608591967027991,0.19958538152173091
3.658999999999708,-3.240846698435462,-0.02579214249294768,0.679986688369298,0.12254878104122449,0.26195395065964855,0.17195250674891044
3.659999999999708,-3.240723821831009,-0.025529607796222705,0.6801446744346533,0.12320299402160256,0.2630429467333619,0.14432580802649586
3.660999999999708,-3.240600292536033,-0.02526598698959511,0.6802750342693219,0.12385404599835566,0.2641257641324109,0.1167058900472967
3.6619999999997077,-3.240476113396456,-0.02500128646207285,0.6803777750068147,0.12450256587912194,0.2652019838809213,0.08909346034078369
3.6629999999997076,-3.2403512866392523,-0.02473551301690578,0.6804529045380707,0.12514916126269324,0.2662711983182823,0.06148932501369122
3.6639999999997075,-3.24022581389665,-0.02446867385661464,0.6805004316066096,0.12579441301833433,0.2673330179362583,0.03389438152842107
3.6649999999997074,-3.2400996962348714,-0.024200776562312308,0.6805203658955327,0.12643887156973252,0.26838707602974143,0.006309609800915637
3.6659999999997073,-3.2399729341858645,-0.023931829067716452,0.6805127181131452,0.12708305458050478,0.2694330372423769,-0.02126389134271099
3.666999999999707,-3.239845527780771,-0.02366183960288794,0.6804775002706112,0.12772744573209968,0.2704706399887743,-0.048824579685242564
3.667999999999707,-3.2397174765842967,-0.023390816642105364,0.6804147260651937,0.1283724941229368,0.27149967094486227,-0.07637069374631329
3.668999999999707,-3.2395887797291794,-0.023118768854278344,0.6803244109751507,0.12901861456913125,0.272519943466022,-0.10390043736054985
3.669999999999707,-3.2394594359500966,-0.022845705081783227,0.6802065722874658,0.12966618851294845,0.273531296537543,-0.13141199079746224
3.6709999999997067,-3.2393294436164375,-0.022571634315668047,0.6800612291175012,0.13031556530146962,0.2745335936910596,-0.15890351845461012
3.6719999999997066,-3.239198800763656,-0.022296565671739328,0.6798884024213474,0.13096706372348865,0.2755267216881142,-0.186373175772175
3.6729999999997065,-3.2390675051229922,-0.022020508368043496,0.6796881150016404,0.13162097371596154,0.27651058906587384,-0.21381911538807102
3.6739999999997064,-3.2389355541494345,-0.021743471703843175,0.6794603915075873,0.1322775581701055,0.277485124615461,-0.2412394925740577
3.6749999999997063,-3.238802945047845,-0.021465465040128372,0.6792052584298939,0.13293705478290066,0.27845027584415927,-0.2686324700053053
3.675999999999706,-3.238669674797228,-0.021186497781658934,0.6789227440912317,0.13359967791262764,0.27940600745791877,-0.2959962219213967
3.676999999999706,-3.2385357401731545,-0.02090657936050446,0.6786128786328235,0.13426562040754117,0.28035229988924415,-0.32332893773795623
3.677999999999706,-3.2384011377683777,-0.02062571922102712,0.6782756939976684,0.13493505538518494,0.2812891478869748,-0.3506288251665243
3.678999999999706,-3.238265864011704,-0.020343926806239823,0.6779112239108691,0.1356081379465223,0.2822165591780643,-0.37789411289702857
3.6799999999997057,-3.238129915185185,-0.020061211545464613,0.6775195038574752,0.13628500681428585,0.2831345532067492,-0.4051230528930147
3.6809999999997056,-3.237993287439709,-0.019777582843212516,0.677100571058205,0.13696578588899314,0.2840431599530807,-0.4323139223452026
3.6819999999997055,-3.237855976809083,-0.019493050069205486,0.6766544644433679,0.13765058571915803,0.2849424188303715,-0.4594650253242818
3.6829999999997054,-3.237717979222687,-0.01920762254946245,0.6761812246252688,0.1383395048845329,0.285832377659437,-0.4865746941693645
3.6839999999997053,-3.2375792905167833,-0.018921309558374066,0.6756808938693424,0.13903263129290358,0.28671309171640535,-0.5136412906443116
3.684999999999705,-3.23743990644458,-0.01863412031169462,0.6751535160642358,0.1397300433921532,0.28758462285018427,-0.5406632068903056
3.685999999999705,-3.2372998226851166,-0.01834606396038338,0.6745991366910294,0.14043181130011764,0.2884470386652872,-0.5676388661995899
3.686999999999705,-3.2371590348510617,-0.018057149585232392,0.6740178027917644,0.1411379978552593,0.2893004117655636,-0.5945667236322392
3.687999999999705,-3.237017538495501,-0.01776738619222189,0.6734095629374237,0.14184865959145126,0.29014481905436684,-0.6214452664951383
3.6889999999997047,-3.2368753291177805,-0.0174767827085492,0.6727744671954966,0.14256384764024627,0.29098034108679005,-0.6482730147000244
3.6899999999997046,-3.2367324021684905,-0.017185347979281108,0.672112567097238,0.1432836085639426,0.2918070614697589,-0.6750485210154469
3.6909999999997045,-3.2365887530536437,-0.016893090764583864,0.6714239156047246,0.14400798512258367,0.2926250663059693,-0.701770371225798
3.6919999999997044,-3.2364443771381204,-0.016600019737488928,0.6707085670777928,0.1447370169777619,0.2934344436778654,-0.7284371842091288
3.6929999999997043,-3.2362992697484403,-0.016306143482156206,0.6699665772409354,0.14547074133575752,0.2942352831680613,-0.7550476119442765
3.693999999999704,-3.236153426174919,-0.01601147049260005,0.6691980031502224,0.1462091935321386,0.2950276754127963,-0.7816003394568474
3.694999999999704,-3.2360068416732743,-0.01571600917184665,0.668402903160302,0.1469524075594869,0.29581171168517245,-0.8080940847128198
3.695999999999704,-3.2358595114657227,-0.015419767831494601,0.6675813368915322,0.14770041653939675,0.2965874835050385,-0.8345275984679246
3.696999999999704,-3.2357114307416417,-0.015122754691653523,0.6667333651972805,0.14845325313932023,0.2973550822724486,-0.8608996640805076
3.6979999999997037,-3.2355625946578366,-0.014824977881238747,0.665859050131427,0.14921094993419884,0.29811459892162717,-0.8872090972952865
3.6989999999997036,-3.2354129983384743,-0.014526445438603073,0.6649584549160941,0.14997353971212066,0.29886612359229636,-0.9134547460052372
3.6999999999997035,-3.2352626368747455,-0.014227165312489918,0.6640316439096235,0.15074105572246865,0.29960974531506096,-0.9396354899988069
3.7009999999997034,-3.2351115053242983,-0.013927145363295538,0.66307868257481,0.15151353186416544,0.30034555170727867,-0.9657502406997179
3.7019999999997033,-3.2349595987105264,-0.013626393364631832,0.6620996374473946,0.15229100281066535,0.3010736286754507,-0.9917979409068068
3.702999999999703,-3.234806912021757,-0.01332491700518536,0.6610945761048175,0.1530735040672789,0.30179406011963006,-1.0177775645416072
3.703999999999703,-3.2346534402104226,-0.013022723890873176,0.660063567135213,0.15386107195522652,0.3025069276346323,-1.0436881164117502
3.704999999999703,-3.2344991781922845,-0.012719821547301637,0.6590066801066323,0.1546537435154909,0.3032123102019165,-1.0695286319986759
3.705999999999703,-3.234344120845802,-0.012416217422541075,0.6579239855364611,0.1554515563240587,0.3039102838648484,-1.0952981772786325
3.7069999999997028,-3.2341882630117267,-0.012111918890237218,0.6568155548609961,0.15625454820849696,0.3046009213786235,-1.120995848586454
3.7079999999997026,-3.2340315994930435,-0.011806933253089796,0.6556814604051323,0.15706275685399337,0.3052842918243745,-1.1466207725321167
3.7089999999997025,-3.233874125055358,-0.011501267746740287,0.6545217753521031,0.15787621928499632,0.30596046017488004,-1.1721721059805565
3.7099999999997024,-3.233715834427879,-0.01119492954412454,0.653336573713204,0.15869497120643997,0.3066294867967944,-1.1976490361056176
3.7109999999997023,-3.2335567223051314,-0.01088792576036254,0.6521259302974207,0.1595190461862616,0.3072914268714309,-1.2230507805292439
3.711999999999702,-3.2333967833495807,-0.010580263458277075,0.6508899206808717,0.16034847465859262,0.30794632971288305,-1.2483765875570345
3.712999999999702,-3.233236012195346,-0.010271949654656106,0.6496286211759612,0.16118328272476568,0.30859423795877206,-1.2736257365209531
3.713999999999702,-3.233074403453232,-0.009962991327399976,0.6483421088001325,0.16202349072736544,0.3092351866054108,-1.298797538239177
3.714999999999702,-3.2329119517173046,-0.00965339542372446,0.6470304612440991,0.16286911157135434,0.3098692018561394,-1.3238913356016384
3.7159999999997018,-3.2327486515732864,-0.00934316886962275,0.6456937568394246,0.16372014876645602,0.3104962997498388,-1.3489065042875261
3.7169999999997017,-3.2325844976090563,-0.009032318580822261,0.6443320745253177,0.16457659416747009,0.31111648453754415,-1.3738424536176603
3.7179999999997015,-3.2324194844275693,-0.008720851475501602,0.642945493814508,0.1654384253955268,0.3117297467808765,-1.3986986275399382
3.7189999999997014,-3.232253606662515,-0.008408774489052844,0.6415340947580731,0.1663056029356858,0.3123360611600901,-1.4234745057397178
3.7199999999997013,-3.232086858997031,-0.0080960945911737,0.6400979579090986,0.16717806692785583,0.3129353840068979,-1.448169604858822
3.720999999999701,-3.2319192361857594,-0.0077828188055366,0.6386371642850763,0.16805573370287916,0.31352765062474525,-1.472783479796747
3.721999999999701,-3.2317507330804442,-0.007468954232182997,0.6371517953289746,0.16893849216868045,0.31411277253539305,-1.4973157250558409
3.722999999999701,-3.231581344659142,-0.007154508072598066,0.6356419328689628,0.16982620022738268,0.31469063490436594,-1.5217659760793376
3.723999999999701,-3.2314110660588797,-0.006839487657093402,0.6341076590768271,0.1707186815056063,0.3152610945543416,-1.5461339105182936
3.7249999999997008,-3.2312398926112467,-0.006523900473622476,0.6325490564251868,0.1716157228024635,0.31582397916895977,-1.5704192493519316
3.7259999999997007,-3.231067819879957,-0.006207754196452457,0.630966207643697,0.17251707278531256,0.31637908848981333,-1.59462175777595
3.7269999999997006,-3.2308948436988274,-0.005891056712241927,0.629359195674521,0.17342244255330744,0.3169261984465441,-1.6187412457621573
3.7279999999997004,-3.2307209602079974,-0.005573816140147012,0.6277281036274526,0.17433150867942687,0.31746506911411426,-1.6427775681716148
3.7289999999997003,-3.230546165885703,-0.005256040841855106,0.6260730147352156,0.17524391915448617,0.3179954570090747,-1.6667306242569422
3.7299999999997,-3.2303704575726675,-0.0049377394173218524,0.6243940123096664,0.17615930223380352,0.31851713139992793,-1.6906003563019192
3.7309999999997,-3.2301938324864907,-0.0046189206829028795,0.6226911796999398,0.1770772775521507,0.31902989305959767,-1.7143867470205127
3.7319999999997,-3.230016288224368,-0.004299593630787618,0.6209646002540206,0.1779974681847456,0.31953359256234276,-1.7380898152188462
3.7329999999997,-3.2298378227540514,-0.003979767371954616,0.619214357285739,0.17891951187224778,0.3200281444280866,-1.7617096092100493
3.7339999999997,-3.2296584343947314,-0.0036594510684593647,0.61744053404962,0.1798430696688244,0.32051353374778907,-1.785246197671999
3.7349999999996997,-3.229478121791002,-0.0033386538635146686,0.6156432137261193,0.18076783088587464,0.3209898135406305,-1.8086996580916501
3.7359999999996996,-3.2292968838839666,-0.0030173848198311076,0.6138224794160991,0.18169351363176112,0.32145708996295247,-1.8320700760198045
3.7369999999996995,-3.229114719883947,-0.002695652879648378,0.611978414120293,0.1826198614464688,0.3219154962682316,-1.8553575629137968
3.7379999999996993,-3.2289316292458237,-0.0023734668405421735,0.6101111007358355,0.18354664090164236,0.32236518344046816,-1.8785622073737547
3.7389999999996992,-3.228747611648357,-0.002050835347466589,0.6082206220925095,0.18447363731876737,0.3228063049184199,-1.9016840539597368
3.739999999999699,-3.228562666977509,-0.0017277668965884044,0.6063070610013006,0.18540065022754368,0.32323900212262047,-1.9247230946110305
3.740999999999699,-3.228376795314206,-0.00140426985258623,0.6043705003101731,0.18632748947757277,0.3236633945576271,-1.9476792627771
3.741999999999699,-3.2281899969256314,-0.0010803524736680264,0.6024110229644432,0.18725397213296668,0.32407957435544626,-1.9705524300275923
3.742999999999699,-3.2280022722592743,-0.0007560229401761388,0.6004287120694886,0.1881799200721606,0.3244876044899291,-1.9933424046843902
3.7439999999996987,-3.2278136219390934,-0.0004312893835674575,0.5984236509540354,0.1891051581317212,0.3248875196685499,-2.016048931950712
3.7449999999996986,-3.2276240467633395,-0.00010615991355592241,0.5963959232327725,0.19002951262879444,0.3252793289546012,-2.0386716950505566
3.7459999999996985,-3.2274335477037144,0.00021935735791871587,0.5943456128674904,0.19095281012979196,0.3256630193482498,-2.061210316983491
3.7469999999996983,-3.2272421259056787,0.0005452542965564487,0.5922728042262834,0.19187487637507605,0.32603855976126744,-2.0836643626059894
3.7479999999996982,-3.227049782689774,0.0008715227295842559,0.5901775821405884,0.19279553530681365,0.32640590500557604,-2.106033340848905
3.748999999999698,-3.2268565195538743,0.0011981544335475057,0.588060031959988,0.19371460817514705,0.32676499956067045,-2.1283167069618623
3.749999999999698,-3.226662338176297,0.0015251411257081156,0.5859202396047769,0.19463191271646546,0.32711578098835137,-2.1505138647376314
3.750999999999698,-3.2264672404196926,0.0018524744586579933,0.5837582916163159,0.19554726240876916,0.3274581829317418,-2.1726241687150214
3.751999999999698,-3.2262712283356416,0.0021801460177170166,0.5815742752051819,0.19646046581508136,0.32779213767796805,-2.194646926390629
3.7529999999996977,-3.2260743041698507,0.002508147320678183,0.579368278297082,0.19737132602841198,0.32811757828811694,-2.2165814004911164
3.7539999999996976,-3.2258764703678544,0.002836469819473615,0.577140389576437,0.1982796402322313,0.3284344403104339,-2.238426811370972
3.7549999999996975,-3.225677729581089,0.0031651049033544322,0.5748906985274751,0.19918519938962922,0.32874266309781563,-2.260182339607754
3.7559999999996974,-3.2254780846732074,0.003494043903199547,0.572619295472601,0.20008778807282745,0.3290421907516794,-2.2818471288686712
3.7569999999996972,-3.2252775387264956,0.003823278096590342,0.5703262716077327,0.20098718444274025,0.32933297271341727,-2.3034202891196984
3.757999999999697,-3.225076095048225,0.004152798713308815,0.5680117190342306,0.20188316038596188,0.3296149640232766,-2.3249009002414547
3.758999999999697,-3.224873757176791,0.00448259694093614,0.5656757307869847,0.20277548181391464,0.3298881252655384,-2.3462880161049626
3.759999999999697,-3.224670528887473,0.004812663930247393,0.5633184008581799,0.20366390912590918,0.3301524222188309,-2.3675806691451418
3.760999999999697,-3.224466414197642,0.005142990800117526,0.5609398242162293,0.20454819783452846,0.3304078252315906,-2.3887778754506526
3.7619999999996967,-3.2242614173712725,0.00547356864167482,0.5585400968193621,0.20542809934804904,0.3306543083451511,-2.4098786403658026
3.7629999999996966,-3.2240555429225943,0.005804388521462249,0.5561193156233624,0.2063033619005983,0.33089184819061446,-2.4308819645742417
3.7639999999996965,-3.2238487956187445,0.006135441483395607,0.5536775785830086,0.20717373161650673,0.33112042269032044,-2.4517868506060734
3.7649999999996964,-3.2236411804812977,0.00646671854934061,0.5512149846468287,0.20803895369099112,0.3313400096000173,-2.472592309681045
3.7659999999996963,-3.2234327027865666,0.006798210718170023,0.5487316337448906,0.2088987736650997,0.33155058493330364,-2.4932973687722697
3.766999999999696,-3.2232233680645908,0.007129908963205964,0.546227626769477,0.20975293876899911,0.33175212131501297,-2.5139010777493573
3.767999999999696,-3.223013182096759,0.007461804228001372,0.543703065548644,0.21060119930445004,0.33194458631438806,-2.5344025164387984
3.768999999999696,-3.2228021509120457,0.0077938874204669184,0.541158052812834,0.21144331003496616,0.33212794081158176,-2.554800801424923
3.769999999999696,-3.2225902807818665,0.008126149405403672,0.5385926921548936,0.21227903155091132,0.33230213745174864,-2.575095092408299
3.7709999999996957,-3.222377578213591,0.0084585809955555,0.5360070879840299,0.2131081315768397,0.3324671192394044,-2.5952845979412364
3.7719999999996956,-3.222164049942795,0.008791172941346018,0.5334013454744133,0.21393038618981614,0.3326228183216658,-2.61536858037259
3.7729999999996955,-3.2219497029243476,0.009123915919510488,0.5307755705092935,0.21474558092025817,0.3327691550024805,-2.635346359855997
3.7739999999996954,-3.221734544322468,0.009456800520870985,0.528129869621624,0.21555351171090426,0.3329060370212901,-2.655217317306025
3.7749999999996953,-3.2215185814999003,0.009789817237531657,0.5254643499322922,0.21635398571461523,0.3330333591192059,-2.674980896223541
3.775999999999695,-3.2213018220063785,0.0101229564497883,0.5227791190871062,0.2171468219175569,0.33315100290435185,-2.694636603352638
3.776999999999695,-3.221084273566556,0.010456208413052361,0.520074285193709,0.2179318515805374,0.333258837016271,-2.7141840081739055
3.777999999999695,-3.220865944067587,0.010789563245083676,0.5173499567595641,0.21870891849750615,0.3333567175779415,-2.7336227412799503
3.778999999999695,-3.2206468415465377,0.011123010913809586,0.5146062426320905,0.21947787907610558,0.3334444889137045,-2.7529524917163393
3.7799999999996947,-3.2204269741778013,0.011456541225982055,0.5118432519419286,0.22023860225039157,0.33352198450282755,-2.7721730034023833
3.7809999999996946,-3.220206350260679,0.01179014381689058,0.5090610940501873,0.2209909692401666,0.33358902813191726,-2.7912840707700206
3.7819999999996945,-3.219984978207268,0.012123808141309781,0.5062598785003808,0.22173487317465207,0.33364543520515616,-2.810285533774639
3.7829999999996944,-3.2197628665307896,0.012457523465818169,0.5034397149756007,0.22247021860040256,0.3336910141693885,-2.8291772724389723
3.7839999999996943,-3.2195400238344565,0.012791278862581676,0.5006007132613111,0.22319692089445886,0.33372556801126063,-2.847959201090735
3.784999999999694,-3.219316458800962,0.013125063204653505,0.49774298321399396,0.22391490560384045,0.33374889578565237,-2.866631262447426
3.785999999999694,-3.2190921801826664,0.013458865162802714,0.4948666347357282,0.22462410773173472,0.3337607941381414,-2.8851934216890927
3.786999999999694,-3.218867196792506,0.0137926732038489,0.4919717777546479,0.22532447098932018,0.33376105878881324,-2.903645660643269
3.787999999999694,-3.21864151749567,0.014126475590450148,0.4890585222111161,0.22601594703024988,0.3337494859499509,-2.92198797218726
3.7889999999996937,-3.218415151202037,0.014460260382266723,0.48612697804935057,0.22669849468259345,0.33372587365563533,-2.940220354952834
3.7899999999996936,-3.218188106859383,0.014794015438403658,0.483177255214166,0.2273720791906554,0.3336900229867343,-2.9583428083983474
3.7909999999996935,-3.217960393447335,0.015127728421021506,0.48020946365244055,0.22803667147668621,0.3336417391799014,-2.9763553282943214
3.7919999999996934,-3.217732019972046,0.015461386799995482,0.47722371331887736,0.22869224743019065,0.3335808326138639,-2.994257902651138
3.7929999999996933,-3.217502995461576,0.015794977858498586,0.47422011418561094,0.22933878723039175,0.3335071196703294,-3.0120505081023397
3.793999999999693,-3.2172733289619186,0.016128488699383374,0.47119877625520196,0.22997627470547957,0.3334204234702383,-3.029733106744115
3.794999999999693,-3.2170430295336607,0.016461906252239176,0.46815980957656805,0.23060469673059156,0.3333205744888096,-3.047305643421078
3.795999999999693,-3.216812106249218,0.01679521728100616,0.465103324263413,0.23122404266504293,0.33320741105491664,-3.064768043440218
3.796999999999693,-3.216580568190615,0.017128408392033875,0.46202943051473777,0.2318343038281472,0.3330807797418249,-3.082120210688812
3.7979999999996927,-3.2163484244477742,0.017461466042479605,0.4589382386370433,0.2324354730120227,0.3329405356573059,-3.099362026127826
3.7989999999996926,-3.21611568411727,0.017794376548950077,0.45582985906786516,0.23302754402904863,0.3327865426416819,-3.1164933466297033
3.7999999999996925,-3.2158823563015217,0.018127126096298806,0.45270440240031157,0.23361051129108998,0.3326186733825296,-3.13351400412809
3.8009999999996924,-3.215648450108394,0.018459700746500066,0.4495619794083095,0.2341843694172249,0.3324368094546618,-3.150423805046781
3.8019999999996923,-3.2154139746511747,0.01879208644752888,0.4464027010722955,0.23474911286645897,0.3322408412936658,-3.167222529975712
3.802999999999692,-3.215178939048907,0.019124269042184557,0.4432266786051203,0.235304735591771,0.33203066811078324,-3.183909933562938
3.803999999999692,-3.2149433524270656,0.019456234276802712,0.4400340234779652,0.23585123071178501,0.33180619775630477,-3.2004857445931285
3.804999999999692,-3.2147072239185457,0.019787967809807655,0.43682484744609923,0.23638859019638353,0.3315673465379761,-3.2169496662248953
3.805999999999692,-3.214470562664966,0.020119455220063018,0.43359926257432946,0.23691680456265446,0.33131403900019946,-3.2333013763612497
3.8069999999996917,-3.21423337781827,0.020450682014984085,0.4303573812620248,0.23743586257768284,0.3310462076690967,-3.2495405281294936
3.8079999999996916,-3.2139956785426245,0.0207816336383799,0.4270993162676141,0.2379457509648547,0.33076379276779605,-3.265666750448832
3.8089999999996915,-3.213757474016608,0.02111229547799727,0.4238251807324813,0.23844645411052248,0.3304667419056346,-3.2816796486659117
3.8099999999996914,-3.213518773435696,0.021442652872742222,0.42053508820419844,0.2389379537680915,0.3301550097443417,-3.297578805240302
3.8109999999996913,-3.213279586015045,0.021772691119557073,0.4172291526590549,0.23942022883547992,0.32982855488771273,-3.3133637897123744
3.811999999999691,-3.213039920991503,0.022102395441713482,0.4139074884263336,0.23989325675383205,0.3294872732602782,-3.3290343812064935
3.812999999999691,-3.212799787625651,0.022431750930302804,0.41057020991395277,0.24035701311969887,0.3291309911495399,-3.3445905893035683
3.813999999999691,-3.212559195204479,0.022760742502239775,0.40721743152680445,0.2408114691889081,0.32875954111581074,-3.360032398202472
3.814999999999691,-3.2123181530459024,0.023089354907924534,0.40384926770395435,0.24125659150508807,0.3283727651912737,-3.3753597557455537
3.8159999999996908,-3.21207667050376,0.02341757274424758,0.40046583295403887,0.24169234161278208,0.3279705142197233,-3.3905725753200393
3.8169999999996906,-3.211834756972986,0.023745380463160028,0.39706724188913883,0.24211867565113523,0.3275526475835598,-3.4056707354809874
3.8179999999996905,-3.2115924218956735,0.02407276238176134,0.3936536092674365,0.24253554319537568,0.3271190357338228,-3.4206540636074534
3.8189999999996904,-3.21134967476736,0.024399702691432202,0.39022505004121055,0.24294288743009398,0.3266695576592614,-3.4355223481226562
3.8199999999996903,-3.211106525143601,0.024726185466033238,0.38678167938818897,0.2433406452757806,0.32620409843837755,-3.450275350176269
3.82099999999969,-3.210862982646312,0.025052194667301617,0.3833236127379787,0.24372874702684824,0.3257225485787292,-3.4649128051298654
3.82199999999969,-3.2106190569705744,0.02537771414993587,0.3798509657972483,0.2441071159720907,0.32522480339612714,-3.479434423749803
3.82299999999969,-3.210374757891832,0.02570272766609862,0.37636385457377014,0.24447566801174792,0.3247107624050406,-3.4938398932962036
3.82399999999969,-3.210130095273469,0.026027218869317553,0.3728623953994222,0.24483431127856942,0.32418032872547203,-3.5081288785168305
3.8249999999996898,-3.2098850790747617,0.026351171317804584,0.3693467049522382,0.2451829457723247,0.32363340851347616,-3.5223010225587754
3.8259999999996896,-3.209639719359182,0.026674568477221317,0.3658169002775802,0.2455214630195185,0.32306991042477123,-3.536355947815718
3.8269999999996895,-3.209394026303024,0.026997393722929853,0.3622730988084862,0.24584974577259686,0.3224897451234991,-3.5502932567341476
3.8279999999996894,-3.209148010204303,0.02731963034178118,0.3587154183852206,0.24616766776560098,0.32189282485107695,-3.564112532608239
3.8289999999996893,-3.208901681491868,0.027641261533510125,0.3551439772740199,0.24647509354591013,0.32127906307312887,-3.5778133403998424
3.829999999999689,-3.208655050734624,0.027962270411825085,0.3515588941849886,0.24677187840421652,0.32064837422548814,-3.5913952276269274
3.830999999999689,-3.2084081286507775,0.028282640005303283,0.3479602882890515,0.24705786842691546,0.32000067358292833,-3.604857725370165
3.831999999999689,-3.2081609261169497,0.02860235325822687,0.34434827923381817,0.24733290069631253,0.319335877276196,-3.618200349452288
3.832999999999689,-3.2079134541770062,0.028921393031521157,0.3407229871581574,0.24759680366400322,0.31865390248356296,-3.6314226018472793
3.8339999999996888,-3.2076657240504196,0.029239742103982082,0.33708453270522476,0.24784939772097828,0.31795466782185694,-3.644523972374857
3.8349999999996887,-3.207417747139954,0.029557383174003166,0.33343303703363186,0.24809049598395172,0.317238093958115,-3.657503940728633
3.8359999999996885,-3.2071695350384486,0.029874298862030142,0.32976862182640576,0.2483199053106851,0.31650410445599964,-3.670361978872154
3.8369999999996884,-3.2069210995344735,0.030190471713980573,0.3260914092973624,0.24853742754746516,0.3157526268605073,-3.6830975538147013
3.8379999999996883,-3.206672452616624,0.030505884205862352,0.32240152219452034,0.2487428609994759,0.3149835940101913,-3.6957101307477607
3.838999999999688,-3.206423606476242,0.03082051874980589,0.3186990838002203,0.24893600210012534,0.31419694554859856,-3.7081991764844324
3.839999999999688,-3.2061745735083913,0.031134357701686696,0.314984217927694,0.24911664723949434,0.3133926295870237,-3.7205641631000654
3.840999999999688,-3.2059253663109417,0.03144738337045749,0.31125704891395145,0.24928459469653844,0.3125706044509131,-3.7328045716274265
3.841999999999688,-3.205675997681703,0.03175957802923244,0.30751770160902175,0.2494396466064415,0.3117308404248197,-3.7449198956195175
3.8429999999996878,-3.2054264806136046,0.032070923928074556,0.3037663013617867,0.24958161088565603,0.3108733213985517,-3.7569096443645447
3.8439999999996877,-3.205176828288005,0.03238140330833713,0.30000297400286735,0.2497103030344679,0.30999804631274286,-3.768773345527067
3.8449999999996876,-3.2049270540662937,0.03269099841831035,0.29622784582524714,0.24982554774150822,0.3091050303073813,-3.7805105470018714
3.8459999999996874,-3.204677171480008,0.03299969152983466,0.29244104356350975,0.2499271802265991,0.30819430549245963,-3.792120817804473
3.8469999999996873,-3.2044271942197637,0.03330746495547322,0.28864269437272,0.25001504727658386,0.307265921284769,-3.803603747882151
3.8479999999996872,-3.204177136123306,0.03361430106579513,0.28483292580805347,0.25008900795121725,0.3063199442862766,-3.8149589468058682
3.848999999999687,-3.203927011163022,0.03392018230631284,0.2810118658062788,0.25014893395994997,0.3053564577136084,-3.8261860413869706
3.849999999999687,-3.2036768334332293,0.03422509121364331,0.2771796426701125,0.25019470973256086,0.3043755604205564,-3.8372846723424274
3.850999999999687,-3.20342661713753,0.03452901043051776,0.27333638505630753,0.2502262322245253,0.30337736558228384,-3.848254490198574
3.851999999999687,-3.2031763765764687,0.034831922719343406,0.26948222196812144,0.25024341051008003,0.3023619991281495,-3.8590951506683844
3.8529999999996867,-3.202926126135679,0.035133810974112424,0.2656172827525652,0.2502461652215421,0.3013295980185101,-3.8698063097576156
3.8539999999996866,-3.2026758802746427,0.03543465823054907,0.261741697102575,0.25023442789298056,0.3002803084597633,-3.8803876188510675
3.8549999999996865,-3.2024256535161335,0.03573444767447611,0.2578555950640125,0.25020814026100646,0.2992142841428278,-3.8908387200054704
3.8559999999996863,-3.202175460436363,0.03603316264846045,0.2539591070471885,0.2501672535668268,0.2981316845755973,-3.9011592416360346
3.8569999999996862,-3.2019253156558056,0.03633078665685963,0.250052363842443,0.2501117278934622,0.29703267356224855,-3.911348794736159
3.857999999999686,-3.2016752338306653,0.036627303369434844,0.24613549663919987,0.2500415315615851,0.2959174178640421,-3.9214069697204685
3.858999999999686,-3.201425229644909,0.036922696623722245,0.24220863704784587,0.24995664059787157,0.29478608605929424,-3.931333333935222
3.859999999999686,-3.201175317802793,0.03721695042636476,0.2382719171237629,0.2498570382817299,0.2936388476057699,-3.9411274298405834
3.860999999999686,-3.2009255130218044,0.037510048953603645,0.2343254693928517,0.2497427147700543,0.29247587209745857,-3.9507887738380507
3.8619999999996857,-3.20067583002594,0.037801976551117084,0.23036942687792558,0.2496136667952509,0.2912973286996624,-3.9603168556938684
3.8629999999996856,-3.2004262835392563,0.038092717733374006,0.22640392312540855,0.24946989742899875,0.290103385741289,-3.969711138494936
3.8639999999996855,-3.200176888279622,0.03838225718264894,0.2224290922318409,0.2493114159027526,0.28889421044073954,-3.978971059066379
3.8649999999996854,-3.199927658952634,0.03867057974781937,0.2184450688697665,0.2491382374755423,0.28766996874126455,-3.9880960287781115
3.8659999999996852,-3.199678610245633,0.038957670443043636,0.21445198831264867,0.2489503833398799,0.28643082523258223,-3.997085434669961
3.866999999999685,-3.199429756821811,0.039243514446394664,0.21044998645852925,0.24874788055728658,0.28517694313742364,-4.005938640829849
3.867999999999685,-3.199181113314362,0.039528097098504994,0.20643919985220768,0.24853076201590119,0.2839084843440936,-4.014654989966095
3.868999999999685,-3.198932694320673,0.03981140390126064,0.20241976570577266,0.2482990664036734,0.28262560946879783,-4.023233805122214
3.869999999999685,-3.198684514396531,0.04009342051656657,0.19839182191736643,0.2480528381916834,0.2813284779341728,-4.031674391489991
3.8709999999996847,-3.198436588050348,0.04037413276519444,0.1943555070881026,0.24779212762309494,0.2800172480530085,-4.039976038283737
3.8719999999996846,-3.1981889297373916,0.040653526625712956,0.19031096053709212,0.2475169907041114,0.27869207710849203,-4.048138020645115
3.8729999999996845,-3.1979415538540303,0.04093158823349419,0.18625832231455974,0.2472274891940449,0.2773531214243753,-4.056159601553772
3.8739999999996844,-3.1976944747319824,0.041208303879782984,0.18219773321305527,0.24692369059223135,0.27600053642026245,-4.064040033723998
3.8749999999996843,-3.197447706632589,0.041483660010813016,0.17812933477678183,0.24660566812003276,0.2746344766487384,-4.071778561471895
3.875999999999684,-3.1972012637411,0.041757643226949984,0.17405326930907683,0.24627350069657913,0.2732550958123279,-4.079374422541099
3.876999999999684,-3.196955160160994,0.0420302402818414,0.16996967987809175,0.24592727290722557,0.2718625467593142,-4.08682684987797
3.877999999999684,-3.1967094099083293,0.04230143808155154,0.1658787103207249,0.24556707496395463,0.27045698145828906,-4.0941350733495145
3.878999999999684,-3.1964640269061437,0.04257122368366059,0.16178050524486706,0.24519300265715066,0.2690385509519691,-4.101298321399118
3.8799999999996837,-3.1962190249789,0.04283958429630773,0.1576752100300239,0.2448051572983244,0.26760740529133764,-4.108315822636648
3.8809999999996836,-3.1959744178470015,0.04310650727715908,0.15356297082638218,0.24440364565348396,0.26616369345156626,-4.115186807360543
3.8819999999996835,-3.195730219121371,0.043371980132283244,0.1494439345523884,0.2439885798669404,0.26470756323146727,-4.121910509010369
3.8829999999996834,-3.195486442298118,0.04363599051491888,0.14531824889091033,0.2435600773754097,0.26323916113843865,-4.128486165548916
3.8839999999996833,-3.1952431007532907,0.043898526224120854,0.1411860622840515,0.24311826081233523,0.2617586322610063,-4.1349130207733795
3.884999999999683,-3.1950002077377335,0.044159575203273654,0.13704752392669037,0.24266325790240761,0.2602661201311533,-4.141190325555468
3.885999999999683,-3.194757776372051,0.044419125538462924,0.1329027837588147,0.24219520134630854,0.2587617665786655,-4.147317339010504
3.886999999999683,-3.1945158196416945,0.044677165456698344,0.12875199245672225,0.24171422869575168,0.25724571157972603,-4.153293329595763
3.887999999999683,-3.194274350392177,0.04493368332398309,0.12459530142315849,0.24122048221894138,0.2557180931019602,-4.159117576138361
3.8889999999996827,-3.194033381324428,0.0451886676432275,0.12043286277646131,0.24071410875661647,0.25417904694808086,-4.164789368793119
3.8899999999996826,-3.193792924990298,0.045442107052006485,0.11626482933878282,0.24019525956889673,0.25262870660020725,-4.170308009930853
3.8909999999996825,-3.1935529937882174,0.045693990320162504,0.11209135462345732,0.23966409017319915,0.251067203066841,-4.175672814957632
3.8919999999996824,-3.1933135999590254,0.045944306347257574,0.10791259282158432,0.23912076017354522,0.249494664734376,-4.180883113065555
3.8929999999996823,-3.193074755581971,0.04619304415987977,0.1037286987878948,0.2385654330816328,0.24791121722490309,-4.1859382479156935
3.893999999999682,-3.1928364725709,0.0464401929088114,0.09953982802596806,0.2379982761301013,0.24631698326194335,-4.1908375782539
3.894999999999682,-3.1925987626706287,0.04668574186606744,0.09534613667286607,0.23741946007847442,0.24471208254561166,-4.195580478460262
3.895999999999682,-3.1923616374535175,0.04692968042181449,0.0911477814832511,0.2368291590123177,0.24309663163857123,-4.200166339033081
3.896999999999682,-3.192125108316248,0.04717199808118148,0.08694491981305183,0.23622755013620242,0.24147074386399703,-4.204594567008362
3.8979999999996817,-3.1918891864768093,0.047412684460974866,0.08273770960274154,0.2356148135611173,0.2398345292166181,-4.208864586315926
3.8989999999996816,-3.1916538829717007,0.04765172928631175,0.07852630936029158,0.23499113208701802,0.23818809428776025,-4.21297583807336
3.8999999999996815,-3.191419208653354,0.047889122387185366,0.07431087814386121,0.23435669098124873,0.23653154220516026,-4.21692778081921
3.9009999999996814,-3.191185174187775,0.04812485369497801,0.07009157554428415,0.23371167775360913,0.23486497258817357,-4.220719890686909
3.9019999999996813,-3.1909517900524182,0.04835891323893705,0.06586856166741001,0.2330562819288762,0.2331884815188488,-4.224351661521131
3.902999999999681,-3.1907190665342853,0.04859129114263012,0.06164199711635744,0.23239069481761762,0.23150216152919717,-4.227822604938392
3.903999999999681,-3.1904870137282524,0.04882197762039571,0.05741204297373375,0.23171510928615735,0.2298061016048419,-4.231132250333873
3.904999999999681,-3.1902556415356327,0.049050962973805616,0.053178860783873655,0.23102971952656917,0.22810038720509532,-4.234280144836596
3.905999999999681,-3.1900249596629617,0.049278237588155645,0.04894261253514778,0.23033472082758313,0.22638510029937847,-4.237265853215215
3.9069999999996807,-3.189794977621018,0.04950379192900082,0.044703460642389004,0.2296303093472916,0.22466031941977216,-4.240088957736837
3.9079999999996806,-3.1895657047240626,0.04972761653875102,0.04046156792948245,0.22891668188853467,0.22292611972936807,-4.242749057981397
3.9089999999996805,-3.189337150089309,0.04994970203334274,0.036217097612162207,0.22819403567783347,0.22118257310597797,-4.245245770614228
3.9099999999996804,-3.189109322636606,0.05017003909900195,0.031970213281055225,0.22746256814871676,0.21942974824065556,-4.247578729119558
3.9109999999996803,-3.1888822310883356,0.05038861848911266,0.02772107888501009,0.2267224767302609,0.21766771075039118,-4.249747583497775
3.91199999999968,-3.1886558839695245,0.0506054310212049,0.023469858714745426,0.22597395864162773,0.21589652330425532,-4.251751999929318
3.91299999999968,-3.1884302896081502,0.050820467574075254,0.019216717386849887,0.225217210693344,0.2141162457621914,-4.253591660408149
3.91399999999968,-3.188205456135648,0.05103371908505221,0.014961819828162606,0.22445242909602095,0.21232693532559446,-4.255266262347754
3.91499999999968,-3.187981391487603,0.051245176547417434,0.010705331260560173,0.22367980927715933,0.21052864669875673,-4.256775518162647
3.9159999999996797,-3.1877581034046205,0.05145483100799374,0.0064474171861730965,0.22289954570663018,0.2087214322602174,-4.258119154828342
3.9169999999996796,-3.187535599433368,0.051662673564908695,0.0021882433730518232,0.2221118317313616,0.20690534224301915,-4.259296913422721
3.9179999999996795,-3.1873138869277757,0.05186869536554272,-0.002072024158700516,0.2213168594196984,0.20508042492284997,-4.260308548651702
3.9189999999996794,-3.1870929730503903,0.05207288760466871,-0.006333219150314364,0.22051481941583706,0.20324672681303296,-4.261153828362017
3.9199999999996793,-3.186872864773866,0.052275241522789645,-0.010595175117247505,0.21970590080467137,0.20140429286532205,-4.261832533043882
3.920999999999679,-3.186653568882588,0.05247574840467954,-0.014857725361577541,0.21889029098731724,0.1995531666754635,-4.2623444553261916
3.921999999999679,-3.186435091974414,0.05267439957813182,-0.019120702983886934,0.21806817556751848,0.1976933906924934,-4.262689399466836
3.922999999999679,-3.1862174404625234,0.052871186412918464,-0.023383940894636943,0.2172397382490685,0.1958250064307603,-4.262867180840559
3.923999999999679,-3.1860006205773637,0.05306610031996214,-0.02764727182502918,0.21640516074431954,0.19394805468368523,-4.2628776254267216
3.9249999999996787,-3.185784638368685,0.05325913275072257,-0.031910528337355804,0.21556462269378832,0.19206257573830168,-4.262720569299134
3.9259999999996786,-3.1855694997076447,0.05345027519679738,-0.03617354283484146,0.21471830159680788,0.19016860958965412,-4.262395858120074
3.9269999999996785,-3.1853552102889813,0.053639519189737014,-0.04043614757098217,0.21386637275311976,0.18826619615417087,-4.261903346640396
3.9279999999996784,-3.1851417756332374,0.05382685630107204,-0.044698174658388094,0.21300900921524843,0.18635537548117112,-4.261242898207542
3.9289999999996783,-3.184929201089027,0.054012278142550794,-0.04895945607713902,0.21214638175145248,0.1844361879617094,-4.260414384283135
3.929999999999678,-3.1847174918353343,0.054195776366584146,-0.05321982368266284,0.2112786588190033,0.18250867453400807,-4.259417683971672
3.930999999999678,-3.1845066528838326,0.05437734266689377,-0.057479109213148895,0.21040600654750358,0.18057287688477516,-4.258252683561744
3.931999999999678,-3.1842966890812185,0.05455696877935936,-0.061737144296509325,0.20952858873192395,0.17862883764575344,-4.256919276081051
3.932999999999678,-3.1840876051115443,0.05473464648305973,-0.06599376045690289,0.20864656683500651,0.1766766005848928,-4.255417360866405
3.9339999999996778,-3.1838794054985464,0.05491036760150227,-0.07024878912083662,0.20776009999865966,0.17471621079158564,-4.253746843149754
3.9349999999996776,-3.1836720946079575,0.0550841240040343,-0.07450206162286209,0.20686934506394858,0.1727477148554497,-4.251907633661218
3.9359999999996775,-3.1834656766497913,0.05525590760742992,-0.07875340921088339,0.2059744565992696,0.17077116103818596,-4.2498996482499765
3.9369999999996774,-3.183260155680603,0.055425710377645,-0.08300266305109544,0.20507558693628514,0.16878659943808136,-4.247722807523809
3.9379999999996773,-3.1830555356056998,0.05559352433173287,-0.08724965423257135,0.2041728862131873,0.16679408214676547,-4.24537703650799
3.938999999999677,-3.182851820181313,0.05575934153991268,-0.09149421377151867,0.2032665024248548,0.16479366339786644,-4.242862264324169
3.939999999999677,-3.1826490130167135,0.05592315412778235,-0.0957361726152248,0.20235658147946406,0.16278539970724729,-4.240178423889835
3.940999999999677,-3.1824471175762676,0.05608495427866728,-0.09997536164571223,0.20144326726111805,0.1607693500045353,-4.237325451638856
3.941999999999677,-3.1822461371814272,0.05624473423609625,-0.10421161168312532,0.20052670169805806,0.15874557575568796,-4.234303287263616
3.9429999999996768,-3.1820460750126482,0.05640248630639526,-0.1084447534888699,0.1996070248360287,0.15671414107636628,-4.231111873479137
3.9439999999996767,-3.181846934111238,0.05655820286139,-0.11267461776852843,0.19868437491637256,0.1546751128359134,-4.227751155809621
3.9449999999996765,-3.181648717381116,0.05671187634120769,-0.11690103517457288,0.1977588884584368,0.1526285607517608,-4.224221082397747
3.9459999999996764,-3.181451427590494,0.05686349925716825,-0.12112383630889853,0.19683070034588276,0.15057455747410756,-4.220521603837074
3.9469999999996763,-3.1812550673734687,0.05701306419475546,-0.12534285172520176,0.19589994391649554,0.148513178660741,-4.216652673027818
3.947999999999676,-3.181059639231519,0.05716056381665778,-0.12955791193122557,0.19496675105509936,0.1464445030418887,-4.212614245056291
3.948999999999676,-3.180865145534913,0.057305990865869114,-0.13376884739089626,0.19403125228919038,0.14436861247501293,-4.208406277098206
3.949999999999676,-3.180671588524017,0.05744933816883922,-0.13797548852637562,0.19309357688690548,0.1422855919894811,-4.204028728346047
3.950999999999676,-3.180478970310504,0.05759059863866382,-0.1421776657200525,0.19215385294401174,0.14019552985431102,-4.1994815598126705
3.9519999999996758,-3.1802872928788837,0.05772976527938376,-0.14637520931309245,0.19121220658951177,0.13809851990682298,-4.194764724061718
3.9529999999996757,-3.180096558088982,0.05786683119301546,-0.15056794958791,0.19026876104262078,0.13599466426491783,-4.189878153253368
3.9539999999996756,-3.1799067676778394,0.05800178958537682,-0.1547557167581893,0.18932363849462341,0.133884068767271,-4.18482177950178
3.9549999999996754,-3.179717923260785,0.058134633770047926,-0.15893834097116022,0.18837696045552538,0.1317668423422622,-4.179595537687156
3.9559999999996753,-3.179530026331923,0.0582653571710923,-0.16311565231038752,0.18742884785707467,0.12964309699318752,-4.1741993655038625
3.956999999999675,-3.179343078264661,0.05839395332612036,-0.16728748079862066,0.18647942115563954,0.1275129477734085,-4.1686332035338305
3.957999999999675,-3.1791570803121334,0.0585204158893229,-0.1714536564007294,0.18552880043456518,0.1253765127515755,-4.162896995344857
3.958999999999675,-3.1789720336075242,0.05864473863446499,-0.17561400902675028,0.18457710550563056,0.12323391296709088,-4.156990687613339
3.959999999999675,-3.178787939164289,0.058766915457830485,-0.17976836853506745,0.18362445600922533,0.12108527237600762,-4.150914230270865
3.960999999999675,-3.1786047978762753,0.05888694038110776,-0.183916564735752,0.1826709715128658,0.11893071778758908,-4.144667576673987
3.9619999999996747,-3.1784226105177504,0.05900480755420748,-0.18805842739408216,0.18171677160766642,0.11677037879178552,-4.138250683796386
3.9629999999996746,-3.1782413777433276,0.05912051125800335,-0.1921937862342667,0.18076197600238286,0.11460438767791264,-4.13166351244253
3.9639999999996745,-3.1780611000878034,0.05923404590698731,-0.19632247094339203,0.17980670461463968,0.11243287934484651,-4.124906027481802
3.9649999999996743,-3.177881777965906,0.05934540605183087,-0.2004443111756135,0.17885107765895597,0.11025599120307716,-4.1179781981019685
3.9659999999996742,-3.1777034116719562,0.059454586381844504,-0.20455913655660912,0.17789521573118067,0.1080738630689895,-4.110879998080728
3.966999999999674,-3.1775260013794426,0.05956158172732764,-0.2086667766883133,0.17693923988894977,0.10588663705176472,-4.103611406073959
3.967999999999674,-3.1773495471405253,0.05966638706180201,-0.21276706115394664,0.17598327172777828,0.10369445743331782,-4.096172405919187
3.968999999999674,-3.17717404888546,0.05976899750412172,-0.21685981952335623,0.17502743345240088,0.10149747054170612,-4.088562986952643
3.969999999999674,-3.176999506421955,0.05986940832045351,-0.22094488135867882,0.1740718479429785,0.09929582461846038,-4.080783144338198
3.9709999999996737,-3.1768259194344672,0.059967614926121626,-0.2250220762203383,0.1731166388157906,0.09708966968030293,-4.072832879406338
3.9719999999996736,-3.1766532874834366,0.0600636128873117,-0.22909123367338638,0.17216193047803718,0.0948791573757269,-4.064712200001224
3.9729999999996735,-3.1764816100044717,0.06015739792262893,-0.2331521832941934,0.17120784817638027,0.09266444083691573,-4.056421120833795
3.9739999999996733,-3.176310886307487,0.06024896590450601,-0.23720475467749447,0.17025451803885963,0.09044567452748369,-4.047959663838774
3.9749999999996732,-3.176141115575806,0.060338312860456836,-0.24124877744379358,0.16930206710982493,0.08822301408651459,-4.039327858533309
3.975999999999673,-3.17597229686523,0.06042543497417274,-0.2452840812471262,0.16835062337753331,0.085996616169369,-4.03052574237494
3.976999999999673,-3.1758044291030822,0.06051032858645797,-0.24931049578317857,0.16740031579406991,0.08376663828571777,-4.021553361116449
3.977999999999673,-3.1756375110872392,0.06059299019600206,-0.25332785079775916,0.16645127428725706,0.08153323863524385,-4.01241076915509
3.978999999999673,-3.175471541485152,0.06067341645998694,-0.2573359760956154,0.16550362976422686,0.07929657594143345,-4.0030980298736125
3.9799999999996727,-3.17530651883287,0.06075160419452693,-0.26133470154958666,0.16455751410634173,0.07705680928385301,-3.993615215970401
3.9809999999996726,-3.1751424415340703,0.060827550374940566,-0.2653238571100799,0.16361306015515725,0.07481409792927995,-3.9839624097759856
3.9819999999996725,-3.174979307859112,0.06090125213585295,-0.2693032728148548,0.16267040168913172,0.07256860116202277,-3.9741397035531025
3.9829999999996724,-3.174817115944114,0.060972706771128274,-0.27327277879909895,0.16172967339079805,0.07032047811373114,-3.964147199777397
3.9839999999996722,-3.1746558637900693,0.06104191173363195,-0.277232205305773,0.1607910108041254,0.0680698875929579,-3.9539850113957993
3.984999999999672,-3.1744955492620126,0.06110886463482222,-0.2811813826962018,0.15985455028180987,0.06581698791469512,-3.943653262059522
3.985999999999672,-3.1743361700882398,0.061173563244171454,-0.2851201414608842,0.15892042892224817,0.06356193673006433,-3.933152086328562
3.986999999999672,-3.1741777238596005,0.06123600548841719,-0.2890483122304924,0.15798878449596263,0.0613048908562982,-3.9224816298445138
3.987999999999672,-3.1740202080288653,0.061296189450643405,-0.2929657257870261,0.15705975536126476,0.059046006107108404,-3.911642049468452
3.9889999999996717,-3.1738636199101866,0.06135411336919229,-0.29687221307508677,0.15613348036896485,0.05678543712349281,-3.900633513380576
3.9899999999996716,-3.1737079566786575,0.06140977563640711,-0.30076760521322987,0.1552100987559601,0.054523337204995345,-3.889456201138281
3.9909999999996715,-3.1735532153699837,0.06146317479720651,-0.3046517335053538,0.1542897500275642,0.052259858141396526,-3.878110303689313
3.9919999999996714,-3.17339939288028,0.06151430954749073,-0.30852442945207775,0.1533725738284778,0.04999515004478158,-3.8665960233366663
3.9929999999996713,-3.1732464859659992,0.061563178732379965,-0.31238552476205916,0.15245870980234483,0.047729361181909666,-3.85491357365197
3.993999999999671,-3.1730944912440084,0.06160978134428535,-0.3162348513631973,0.1515482974398955,0.04546263780679399,-3.843063179334228
3.994999999999671,-3.1729434051918233,0.0616541165208124,-0.32007224141366714,0.15064147591574517,0.043195123993400454,-3.8310450760109904
3.995999999999671,-3.17279322414801,0.061696183542497327,-0.32389752731272453,0.14973838391400293,0.040926961468386036,-3.818859509979375
3.996999999999671,-3.172643944312768,0.06173598183037601,-0.3277105417112215,0.14883915944294712,0.03865828944383135,-3.8065067378848054
3.9979999999996707,-3.1724955617487036,0.06177351094338574,-0.3315111175217681,0.14794393963915034,0.03638924444997772,-3.7939870263360276
3.9989999999996706,-3.172348072381803,0.0618087705755997,-0.33529908792847757,0.14705286056158942,0.034119960168064914,-3.7813006514558314
3.9999999999996705,-3.172201472002617,0.061841760553294454,-0.33907428639623016,0.14616605697645804,0.03185056726348526,-3.7684478983681258
4.000999999999671,-3.1720557562676657,0.06187248083185091,-0.34283654667939284,0.14528366213361812,0.029581193219631423,-3.755429060623563
4.001999999999671,-3.1719109207010687,0.06190093149248966,-0.3465857028299357,0.14440580753588309,0.027311962173024642,-3.742244439567923
4.0029999999996715,-3.1717669606964107,0.06192711273884256,-0.35032158920489104,0.14353262270262657,0.025042994750576534,-3.728894343660007
4.003999999999672,-3.171623871518846,0.06195102489336303,-0.35404404047310845,0.14266423492955715,0.02277440791016663,-3.715379087748963
4.004999999999672,-3.1714816483074397,0.06197266839357928,-0.3577528916212731,0.14180076904689354,0.02050631478611918,-3.701698992324841
4.0059999999996725,-3.1713402860777573,0.06199204378819637,-0.3614479779591685,0.1409423471786159,0.01823882454163895,-3.6878543827608787
4.006999999999673,-3.171199779724688,0.062009151733055254,-0.3651291351241869,0.14008908850595223,0.01597204223082294,-3.6738455885715773
4.007999999999673,-3.1710601240255034,0.06202399298695997,-0.36879619908511835,0.1392411090387744,0.013706068673498082,-3.6596729427170587
4.0089999999996735,-3.1709213136431353,0.06203656840738779,-0.37244900614528276,0.1383985213991121,0.011441000346838225,-3.645336780991519
4.009999999999674,-3.1707833431296697,0.06204687894610132,-0.3760873929451108,0.1375614346215192,0.00917692929846697,-3.6308374415415727
4.010999999999674,-3.1706462069300207,0.06205492564468677,-0.37971119646433066,0.13672995397551507,0.006913943086525313,-3.616175264568724
4.0119999999996745,-3.170509899385775,0.06206070963004837,-0.383320254023975,0.1359041808157271,0.004652124752927419,-3.6013505922785836
4.012999999999675,-3.1703744147391673,0.06206423210989554,-0.38691440328848953,0.1350842124656298,0.0023915528366753765,-3.586363769147096
4.013999999999675,-3.1702397471371513,0.06206549436826648,-0.39049348226829755,0.13427014214084265,0.00013230143456577142,-3.571215142579982
4.0149999999996755,-3.170105890635531,0.062064497761139266,-0.39405732932325427,0.13346205891774954,-0.0021255596832139047,-3.5559050640445595
4.015999999999676,-3.169972839203091,0.06206124371218909,-0.3976057831675009,0.13266004775266524,-0.0043819648953640575,-3.5404338907515553
4.016999999999676,-3.1698405867256847,0.062055733708756874,-0.40113868287630583,0.1318641895558445,-0.006636852483221153,-3.5248019879567107
4.0179999999996765,-3.169709127010221,0.06204796929810048,-0.40465586789554037,0.1310745613232711,-0.008890164311100396,-3.509009731936152
4.018999999999677,-3.1695784537884872,0.06203795208400326,-0.40815717805448026,0.13029123632738368,-0.011141845430693926,-3.4930575136640836
4.019999999999677,-3.169448560720751,0.06202568372381589,-0.41164245358263474,0.12951428436574972,-0.013391843610174873,-3.476945743185408
4.0209999999996775,-3.169319441399093,0.06201116592600466,-0.4151115351312755,0.12874377206431203,-0.015640108792652055,-3.4606748546294472
4.021999999999678,-3.1691910893504023,0.06199440044827278,-0.418564263800257,0.12797976322939483,-0.017886592493251256,-3.444245311755634
4.022999999999678,-3.169063498039006,0.061975389096309105,-0.42200048117058037,0.12722231924041763,-0.020131247149051075,-3.427657613861249
4.0239999999996785,-3.168936660868886,0.06195413372320251,-0.42542002934295203,0.12647149947350458,-0.022374025440916816,-3.410912301820467
4.024999999999679,-3.168810571185462,0.06193063622953865,-0.42882275098233086,0.12572736174516141,-0.024614879610385512,-3.394009963970333
4.025999999999679,-3.168685222276929,0.06190489856417138,-0.4322084893681509,0.12498996276512268,-0.026853760797547678,-3.3769512415209535
4.0269999999996795,-3.1685606073751336,0.061876922725634595,-0.43557708844957554,0.1242593585884276,-0.029090618426792406,-3.359736833152241
4.02799999999968,-3.1684367196560106,0.06184671076413356,-0.4389283929048052,0.12353560505868265,-0.03132539966595007,-3.3423674984740845
4.02899999999968,-3.1683135522395776,0.06181426478403151,-0.44226224820315907,0.12281875823706445,-0.0335580489806779,-3.324844060073831
4.0299999999996805,-3.1681910981895096,0.061779586946727555,-0.44557850066841126,0.12210887481452118,-0.03578850780012265,-3.3071674039527235
4.030999999999681,-3.1680693505123108,0.061742679473809854,-0.4488769975417125,0.12140601250739039,-0.0380167143025378,-3.2893384782550483
4.031999999999681,-3.1679483021560984,0.06170354465036317,-0.45215758704239045,0.12071023043883547,-0.04024260332146302,-3.2713582903094407
4.0329999999996815,-3.167827946009007,0.06166218482831316,-0.4554201184249994,0.12002158950979515,-0.042466106365247766,-3.253227902117938
4.033999999999682,-3.1677082748972305,0.06161860242970046,-0.45866444203117845,0.11934015276340519,-0.04468715173602144,-3.234948424531472
4.034999999999682,-3.167589281582698,0.061572799949794026,-0.4618904093351582,0.11866598574615078,-0.046905664729377815,-3.2165210104292536
4.0359999999996825,-3.167470958760391,0.06152477995997354,-0.4650978729820998,0.11799915686757945,-0.04912156789343207,-3.1979468472666133
4.036999999999683,-3.1673532990552986,0.061474545110332034,-0.4682866868188241,0.11733973775858969,-0.0513347813255583,-3.179227149368869
4.037999999999683,-3.1672362950190234,0.06142209813197134,-0.47145670591685834,0.1166878036264797,-0.053545222986748825,-3.160363150330095
4.0389999999996835,-3.167119939126027,0.06136744183898137,-0.4746077865880681,0.11604343360341393,-0.05575280901666265,-3.141356095831307
4.039999999999684,-3.167004223769536,0.061310579130109295,-0.4777397863934255,0.11540671108396242,-0.05795745403645838,-3.1222072371308935
4.040999999999684,-3.166889141257119,0.061251512990135384,-0.48085256414568284,0.11477772404698601,-0.06015907143085664,-3.1029178254099294
4.0419999999996845,-3.1667746838059494,0.06119024649097897,-0.4839459799068687,0.11415656535736794,-0.06235757360506096,-3.0834891070843113
4.042999999999685,-3.1666608435377777,0.06112678279256016,-0.4870198949816021,0.11354333304382168,-0.06455287221583243,-3.0639223201307915
4.043999999999685,-3.166547612473643,0.06106112514344244,-0.49007417190723745,0.11293813055008965,-0.0667448783789602,-3.0442186914190805
4.0449999999996855,-3.166434982528341,0.06099327688127763,-0.4931086744418261,0.11234106695811227,-0.06893350285752163,-3.0243794349993744
4.045999999999686,-3.1663229455046897,0.06092324143306982,-0.49612326755080943,0.11175225718303429,-0.07111865623671132,-3.004405751264248
4.046999999999686,-3.166211493087607,0.060851022315268344,-0.49911781739327027,0.11117182214108748,-0.07330024909172193,-2.984298826884956
4.0479999999996865,-3.166100616838038,0.060776623133693704,-0.5020921913084622,0.11059988889234047,-0.07547819215529959,-2.96405983541302
4.048999999999687,-3.1659903081867498,0.06070004758329335,-0.505046257803227,0.11003659076096146,-0.07765239649128913,-2.9436899384365054
4.049999999999687,-3.1658805584280145,0.06062129944771868,-0.5079798865408013,0.10948206743594169,-0.07982277367982413,-2.9231902871844255
4.0509999999996875,-3.1657713587132013,0.06054038259870898,-0.5108929483314092,0.10893646505513385,-0.08198923601886908,-2.902562024480264
4.051999999999688,-3.165662700044292,0.06045730099526434,-0.5137853151249461,0.1083999362749261,-0.08415169674560381,-2.8818062869549146
4.052999999999688,-3.1655545732673342,0.06037205868258641,-0.5166568600059706,0.1078726403268459,-0.08631007027962613,-2.860924207438915
4.0539999999996885,-3.165446969065842,0.06028465979076511,-0.5195074571911487,0.10735474306079269,-0.08846427248804783,-2.8399169174625047
4.054999999999689,-3.1653398779541635,0.06019510853319038,-0.5223369820292243,0.1068464169723286,-0.09061422097011877,-2.8187855497986325
4.055999999999689,-3.1652332902708316,0.06010340920467195,-0.5251453110035288,0.10634784120836507,-0.09275983535579305,-2.797531240987712
4.0569999999996895,-3.165127196171923,0.06000956617925796,-0.527932321736981,0.10585920154147077,-0.09490103760830647,-2.7761551337826056
4.05799999999969,-3.1650215856244666,0.0599135839077558,-0.530697892999464,0.10538069029763447,-0.09703775231487653,-2.754658379446952
4.05899999999969,-3.164916448399954,0.059815466914978584,-0.5334419047173957,0.10491250617057642,-0.09916990682678087,-2.7330421393738473
4.0599999999996905,-3.16481177406882,0.059715219798766664,-0.5361642379793281,0.10445485252389586,-0.10129742770771298,-2.711307572034531
4.060999999999691,-3.164707551996209,0.059612847231391604,-0.5388647750262925,0.10400793634200808,-0.10342023906778804,-2.689455827426421
4.061999999999691,-3.1646037713376978,0.05950835395968347,-0.5415433992554647,0.10357196973988657,-0.10553826777799154,-2.6674880689232414
4.0629999999996915,-3.164500421034608,0.059401744802551594,-0.5441999952349493,0.1031471692556686,-0.10765144342363339,-2.64540547459962
4.063999999999692,-3.164397489810049,0.05929302464836095,-0.546834448717887,0.10273375461496712,-0.10975969741563789,-2.623209235812253
4.064999999999692,-3.1642949661665623,0.05918219845383261,-0.5494466466543713,0.10233194699400049,-0.11186296144679973,-2.6009005541542196
4.0659999999996925,-3.164192838385823,0.05906927124493814,-0.5520364771992655,0.10194196662115607,-0.1139611650073681,-2.5784806361838863
4.066999999999693,-3.164091094531155,0.058954248120916895,-0.5546038297133102,0.10156402951698673,-0.11605423156800015,-2.555950685123347
4.067999999999693,-3.163989722453841,0.05883713426300371,-0.5571485947539815,0.10119834312832415,-0.11814207290118825,-2.5333118884602595
4.0689999999996935,-3.163888709804476,0.05871793495006298,-0.5596706640513442,0.1008451005672225,-0.12022458084797732,-2.5105654000799293
4.069999999999694,-3.1637880440509143,0.05859665558410127,-0.5621699304626139,0.10050447313058825,-0.12230161567013101,-2.487712315251319
4.070999999999694,-3.163687712564386,0.058473302026911304,-0.5646462875557615,0.10017642566722744,-0.12437210322020911,-2.464752040406387
4.0719999999996945,-3.1635877030617623,0.05834788284640951,-0.5670996252673897,0.09986044562704224,-0.12643245962710328,-2.441679497581883
4.072999999999695,-3.1634880032384927,0.058220407436495904,-0.5695298323763135,0.09955686875250964,-0.12848343919735833,-2.418497427375813
4.073999999999695,-3.1633886006191125,0.058090885070842056,-0.5719368009115776,0.09926597889379475,-0.13052601237633435,-2.3952088854551503
4.0749999999996955,-3.1632894824340956,0.05795932374683325,-0.5743204257563974,0.09898791605280648,-0.13256096983471216,-2.371816519395981
4.075999999999696,-3.1631906358509294,0.057825730768072216,-0.5766806042235224,0.09872266438775662,-0.13458890663317327,-2.348322533773831
4.076999999999696,-3.1630920481334424,0.0576901129506145,-0.5790172355917065,0.09847004566647545,-0.13661019986416117,-2.324728649154355
4.0779999999996965,-3.1629937068009224,0.05755247685243519,-0.5813302206045357,0.09822972733021891,-0.13862498503691628,-2.3010360714033777
4.078999999999697,-3.1628955997678094,0.0574128290225607,-0.5836194609539602,0.09800125465187703,-0.14063314147208109,-2.277245496116399
4.079999999999697,-3.162797715438544,0.05727117625517796,-0.5858848587953333,0.09778410924066504,-0.14263429857694418,-2.2533571693416015
4.0809999999996975,-3.162700042736321,0.05712752582513284,-0.5881263163520108,0.09757778236399955,-0.14462786826528023,-2.229371003189946
4.081999999999698,-3.1626025710605634,0.05698188568164957,-0.5903437356513186,0.09738184189833338,-0.1466130963187302,-2.20528671639878
4.082999999999698,-3.162505290187519,0.05683426458810954,-0.5925370183967164,0.09719597592056521,-0.14858911733599414,-2.1811039603360856
4.0839999999996985,-3.162408190139643,0.056684672210428444,-0.5947060659476271,0.09702000946017263,-0.15055500016340617,-2.156822406241165
4.084999999999699,-3.162311261048117,0.05653311916643687,-0.5968507793655718,0.09685390152459257,-0.15250977872802454,-2.1324417916597747
4.085999999999699,-3.16221449302407,0.0563796170507995,-0.598971059490592,0.09669773204728244,-0.15445246968650064,-2.107961936745758
4.0869999999996995,-3.162117876045025,0.056224178447130506,-0.6010668070242478,0.09655168594465521,-0.1563820807961825,-2.0833827430079697
4.0879999999997,-3.1620213998838747,0.05606681608090337,-0.6031379235087502,0.09641597517298056,-0.15829943320332188,-2.058707147947823
4.0889999999997,-3.1619250541451778,0.055907541081866866,-0.6051843157982267,0.0962907265172241,-0.16020712182745428,-2.033940959216503
4.0899999999997005,-3.161828828270159,0.05574636308194183,-0.6072058942175413,0.09617611780231225,-0.16210518959736342,-2.0090857969264055
4.090999999999701,-3.161732711525155,0.055583291619888196,-0.6092025704869206,0.09607234318200342,-0.16399352761842467,-1.9841430510280014
4.091999999999701,-3.1616366929752693,0.05541833648517538,-0.611174257713993,0.09597960409244778,-0.16587201591677367,-1.959114107088322
4.0929999999997015,-3.1615407614823807,0.05525150759080251,-0.6131208703919157,0.09589810468192017,-0.16774052852675797,-1.934000350866199
4.093999999999702,-3.1614449057042453,0.055082814977504974,-0.6150423244009176,0.09582804839477117,-0.16959893666802003,-1.9088031707333342
4.094999999999702,-3.161349114096512,0.05491226881549538,-0.6169385370115459,0.09576963552041008,-0.17144711061691445,-1.8835239587757797
4.0959999999997025,-3.161253374916785,0.0547398794048101,-0.6188094268886044,0.0957230615328345,-0.17328492071317544,-1.8581641111552047
4.096999999999703,-3.161157676230009,0.054565657174959196,-0.6206549140952485,0.0956885160668637,-0.1751122378104806,-1.8327250281103828
4.097999999999703,-3.1610620059146184,0.05438961268432115,-0.6224749200970051,0.09566618239978318,-0.17692893338080867,-1.8072081138368445
4.0989999999997035,-3.160966351668991,0.05421175661955167,-0.624269367765673,0.09565623732923292,-0.17873487941188956,-1.781614776385956
4.099999999999704,-3.1608707010178674,0.054032099795163276,-0.626038181383167,0.09565885135858342,-0.18052994818793852,-1.755946427661857
4.100999999999704,-3.1607750413184563,0.053850653153360586,-0.6277812866454255,0.09567418911910879,-0.1823140120103859,-1.7302044835555765
4.1019999999997045,-3.1606793597660237,0.05366742776417157,-0.6294986106665275,0.0957024099737734,-0.18408694289286948,-1.7043903642325575
4.102999999999705,-3.1605836433988017,0.05348243482588938,-0.6311900819831759,0.09574366876044113,-0.1858486122499537,-1.6785054945772346
4.103999999999705,-3.1604878791021016,0.05329568566582495,-0.6328556305597042,0.09579811664298768,-0.18759889058945411,-1.6525513047924172
4.1049999999997056,-3.1603920536115253,0.053107191741364176,-0.6344951877937558,0.09586590204740848,-0.18933764721217572,-1.6265292311494925
4.105999999999706,-3.1602961535152088,0.05291696464132176,-0.6361086865227905,0.09594717166685303,-0.19106474991915182,-1.6004407168861923
4.106999999999706,-3.160200165255029,0.05272501608758516,-0.6376960610315593,0.09604207152485124,-0.19278006472429737,-1.5742872132508186
4.1079999999997066,-3.1601040751267204,0.05253135793704444,-0.6392572470606991,0.09615074809007379,-0.1944834555692384,-1.54807018069472
4.108999999999707,-3.1600078692788536,0.052336002183807975,-0.640792181816595,0.09627334943898427,-0.19617478403659316,-1.5217910902180587
4.109999999999707,-3.159911533710626,0.05213896096170703,-0.6423008039826688,0.09641002646485723,-0.19785390905794228,-1.495451424877261
4.1109999999997076,-3.1598150542684222,0.05194024654709665,-0.6437830537322597,0.09656093413295984,-0.1995206866129959,-1.4690526814658558
4.111999999999708,-3.159718416641095,0.05173987136196288,-0.6452388727432804,0.0967262327822932,-0.2011749694169745,-1.4425963723835653
4.112999999999708,-3.1596216063539226,0.05153784797734956,-0.6466682042148414,0.09690608947417778,-0.20281660659393883,-1.416084027711416
4.113999999999709,-3.1595246087611892,0.051334189117119185,-0.6480709928860635,0.09710067938711729,-0.20444544333473808,-1.3895171975131433
4.114999999999709,-3.159427409037356,0.0511289076620637,-0.6494471850573132,0.0973101872557067,-0.20606132053942788,-1.3628974543850818
4.115999999999709,-3.159329992166768,0.050922016654379954,-0.6507967286141225,0.09753480884872805,-0.20766407444549964,-1.33622639627775
4.11699999999971,-3.1592323429318667,0.050713529302522625,-0.6521195730540746,0.09777475247781031,-0.20925353624513793,-1.3095056496119981
4.11799999999971,-3.1591344458998893,0.05050345898644306,-0.6534156695169634,0.0980302405228533,-0.21082953169708898,-1.2827368727102124
4.11899999999971,-3.1590362854080385,0.05029181926321521,-0.6546849708185465,0.09830151095349234,-0.2123918807417042,-1.2559217595576522
4.119999999999711,-3.158937845547146,0.05007862387303976,-0.655927431488229,0.0985888188167815,-0.2139403971314704,-1.2290620438990596
4.120999999999711,-3.158839110143886,0.04986388674560279,-0.6571430078110064,0.09889243764946806,-0.21547488809402487,-1.202159503659101
4.121999999999711,-3.1587400627416335,0.04964762200674549,-0.6583316578739767,0.09921266075807098,-0.21699515405047318,-1.1752159656488395
4.122999999999712,-3.1586406865801466,0.0494298439853752,-0.6594933416176707,0.09954980229068511,-0.21850098841898916,-1.1482333104797255
4.123999999999712,-3.1585409645743185,0.04921056722051393,-0.6606280208923451,0.09990419800007795,-0.21999217754239683,-1.1212134775448233
4.124999999999712,-3.158440879292379,0.04898980646833646,-0.6617356595191988,0.10027620556712655,-0.221468500788916,-1.0941584698341267
4.125999999999713,-3.1583404129340646,0.04876757670899509,-0.662816223356174,0.1006662043156451,-0.22292973088767754,-1.067070358211838
4.126999999999713,-3.158239547309467,0.048543893152959504,-0.6638696803675348,0.10107459410258801,-0.22437563457510842,-1.0399512845753236
4.127999999999713,-3.1581382638195237,0.048318771246515554,-0.6648960006956911,0.10150179310947711,-0.22580597364491517,-1.0128034630023024
4.128999999999714,-3.1580365434394073,0.04809222667596549,-0.6658951567326197,0.10194823418902106,-0.22722050651317124,-0.985629177517642
4.129999999999714,-3.1579343667064834,0.04786427536994968,-0.6668671231865282,0.10241435933140872,-0.22861899043095948,-0.9584307743814725
4.130999999999714,-3.157831713714966,0.04763493349916659,-0.667811877136785,0.1029006117016749,-0.23000118450034276,-0.9312106456628599
4.131999999999715,-3.157728564120049,0.047404217472598625,-0.668729398066068,0.10340742455302757,-0.23136685367587428,-0.9039711990595405
4.132999999999715,-3.157624897155063,0.047172143929154184,-0.6696196678523123,0.1039352061245765,-0.23271577396533463,-0.8767148060136535
4.133999999999715,-3.1575206916662344,0.0469387297234028,-0.6704826706929011,0.10448431935789695,-0.23404773908404905,-0.8494437154077257
4.134999999999716,-3.157415926170981,0.046703991903798314,-0.671318392917228,0.10505505487085391,-0.2353625688752043,-0.8221599122738266
4.135999999999716,-3.1573105789475138,0.046467947681429006,-0.6721268226173114,0.10564759504360667,-0.2366601199004335,-0.7948648881898287
4.136999999999716,-3.1572046281660686,0.04623061438685279,-0.6729079489836526,0.10626196622239056,-0.2379402987694973,-0.7675592705325648
4.137999999999717,-3.1570980520756464,0.045992009411841776,-0.673661761168517,0.10689797489291837,-0.23920307913700176,-0.7402422334398706
4.138999999999717,-3.1569908292649265,0.045752150131482684,-0.6743882464141026,0.1075551223883331,-0.24044852429350164,-0.7129106054554466
4.139999999999717,-3.1568829390218376,0.04551105379871707,-0.6750873871304399,0.10823249207585908,-0.24167682045268823,-0.685557686661916
4.140999999999718,-3.156774361821373,0.04526873739406035,-0.675759156801351,0.10892860542168661,-0.24288833494599024,-0.6581722400056655
4.141999999999718,-3.1566650801249567,0.04502521789328185,-0.6764035152324392,0.10964093191589075,-0.24408267643415182,-0.6307381671847436
4.142999999999718,-3.156555079336661,0.044780512476840915,-0.6770204055059886,0.11036605116445058,-0.24525971434752547,-0.6032402050980905
4.143999999999719,-3.156444348377377,0.04453463714388731,-0.6776097607228194,0.11110047968076182,-0.24642233395865207,-0.5756744760905133
4.144999999999719,-3.1563328798754813,0.044287604807337504,-0.6781715165875687,0.11184031784347674,-0.2475738622034788,-0.5480497730145909
4.145999999999719,-3.15622067026887,0.04403942501369654,-0.6787056220178385,0.11258184575369685,-0.24871740099286999,-0.5203824280981568
4.14699999999972,-3.156107719443831,0.04379010451140716,-0.6792120427605031,0.11332197822901548,-0.24985536073862466,-0.49268874316900885
4.14799999999972,-3.1559940300217937,0.04353964803272365,-0.6796907590306549,0.11405837876408154,-0.25098930982919826,-0.4649810584967941
4.14899999999972,-3.155879606630588,0.04328805912421464,-0.6801417611562247,0.1147893713366885,-0.25212004546651606,-0.4372673624481067
4.149999999999721,-3.15576445530001,0.04303534085928826,-0.6805650456747832,0.11551380824192105,-0.2532477353973688,-0.40955227933690896
4.150999999999721,-3.1556485829883574,0.042781496400405385,-0.680960612537815,0.11623095986777907,-0.25437205712123034,-0.3818381791230858
4.151999999999721,-3.155531997207129,0.042526529429467455,-0.6813284633101753,0.11694043405235306,-0.2554923151485158,-0.3541260373091241
4.152999999999722,-3.1554147057158626,0.042270444471789105,-0.6816686000908693,0.1176421158123644,-0.2566075352991933,-0.32641602541808296
4.153999999999722,-3.1552967162708523,0.04201324713718578,-0.6819810249127252,0.11833612913781377,-0.2577166096637982,-0.2987079461258908
4.154999999999722,-3.1551780362302426,0.041754942995787504,-0.6822657402118653,0.1190231018452151,-0.2588205172798007,-0.27100321958544266
4.155999999999723,-3.155058672348863,0.04149553708540972,-0.6825227502119418,0.11970374484044637,-0.2599202507311964,-0.24330320578551692
4.156999999999723,-3.154938630630038,0.041235033487804426,-0.6827520597939345,0.12037864378833223,-0.2610155014207148,-0.2156082312663332
4.157999999999723,-3.1548179165079384,0.04097343686556389,-0.682953674185089,0.12104842766620158,-0.26210590021531854,-0.1879186686501853
4.158999999999724,-3.1546965347745157,0.04071075227162291,-0.6831275990224323,0.12171374820049953,-0.2631910392602624,-0.16023496855406968
4.159999999999724,-3.1545744895652694,0.040446985178487625,-0.6832738404402663,0.12237526360082043,-0.2642704905963863,-0.13255767652654407
4.160999999999724,-3.1544517843594386,0.04018214149056854,-0.6833924051690906,0.12303362585460913,-0.2653438211611604,-0.10488743961741648
4.161999999999725,-3.1543284219913477,0.03991622754322675,-0.683483300637357,0.12368947100173117,-0.2664106043270929,-0.07722500595143648
4.162999999999725,-3.1542044046701947,0.03964925009182294,-0.6835465350703591,0.12434341190248871,-0.2674704283992107,-0.04957121977083896
4.163999999999725,-3.154079734005996,0.03938121629357244,-0.6835821175826662,0.12499603307743973,-0.268522902579276,-0.021927013729126914
4.164999999999726,-3.153954411039809,0.03911213368449445,-0.6835900582620205,0.12564788724927103,-0.26956766116065856,0.00570659811700092
4.165999999999726,-3.1538284362767053,0.0388420101431792,-0.6835703683001074,0.12629949323766929,-0.27060438679487564,0.033328358650042675
4.166999999999726,-3.1537018097203724,0.038570853829015615,-0.6835230603849104,0.12695133477366186,-0.2716328368640953,0.06093657133563905
4.167999999999727,-3.1535745309083816,0.03829867312939676,-0.683448148961296,0.12760386025246895,-0.2726528018950987,0.08852945296158665
4.168999999999727,-3.153446598947322,0.03802547662424215,-0.6833456502725811,0.1282574833016979,-0.27366409914114914,0.11610519148673382
4.169999999999727,-3.1533180125470937,0.037751273063261724,-0.683215582385174,0.12891258384151985,-0.2746665716644249,0.14366195428524417
4.170999999999728,-3.153188770053943,0.03747607134072691,-0.6830579652053637,0.1295695094909551,-0.2756600871117128,0.1711978956049055
4.171999999999728,-3.1530588694819706,0.037199880471573334,-0.6828728204890454,0.13022857721122313,-0.2766445362974348,0.19871116323736354
4.172999999999728,-3.152928308542905,0.036922709568982456,-0.6826601718451594,0.1308900750996313,-0.2776198316794802,0.2261999044289898
4.173999999999729,-3.15279708467404,0.03664456782351565,-0.6824200447335785,0.13155426426636505,-0.27858590579078957,0.2536622710794581
4.174999999999729,-3.1526651950642712,0.036365464483820734,-0.6821524664581312,0.1322213807421669,-0.27954270967209643,0.28109642428483034
4.175999999999729,-3.152532636678229,0.03608540883889247,-0.6818574661553827,0.13289163737764803,-0.2804902113377232,0.308500538285778
4.17699999999973,-3.1523994062785246,0.03580441020184216,-0.6815350747797407,0.13356522570526438,-0.28142839429604066,0.33587280388153606
4.17799999999973,-3.152265500446163,0.0355224778951141,-0.6811853250853903,0.13424231774319062,-0.28235725613844986,0.36321143136773326
4.17899999999973,-3.152130915599186,0.03523962123707555,-0.6808082516055051,0.13492306772678023,-0.28327680720498666,0.3905146530523613
4.179999999999731,-3.1519956480096236,0.034955849529901564,-0.6804038906291335,0.13560761375832234,-0.2841870693304304,0.417780725399564
4.180999999999731,-3.1518596938188397,0.03467117204867305,-0.6799722801761081,0.13629607936965388,-0.2850880746717654,0.4450079308460723
4.181999999999731,-3.151723049051359,0.034385598031607505,-0.679513459970285,0.13698857499509007,-0.28597986461571495,0.4721945793303307
4.182999999999732,-3.1515857096272653,0.034099136671343254,-0.6790274714113833,0.13768519935428158,-0.28686248876362186,0.4993390095697931
4.183999999999732,-3.1514476713732598,0.03381179710720182,-0.6785143575456597,0.13838604074615302,-0.2877360039900107,0.5264395901176622
4.184999999999732,-3.1513089300324753,0.03352358841835664,-0.677974163035625,0.1390911782561472,-0.2886004735706092,0.5534947202265329
4.185999999999733,-3.1511694812731172,0.03323451961784092,-0.6774069341289835,0.13980068287970074,-0.28945596637531684,0.5805028305429975
4.186999999999733,-3.151029320696027,0.03294459964733204,-0.6768127186269535,0.14051461856528547,-0.2903025561215171,0.6074623836542735
4.187999999999733,-3.1508884438412386,0.032653837372654274,-0.6761915658521069,0.14123304318053712,-0.29114032068317075,0.6343718745053137
4.188999999999734,-3.1507468461936075,0.03236224157994652,-0.6755435266158505,0.14195600940500303,-0.29196934145125725,0.6612298307025982
4.189999999999734,-3.150604523187581,0.03206982097244554,-0.6748686531856529,0.14268356555291642,-0.2927897027413141,0.6880348127188913
4.190999999999734,-3.15046147021118,0.03177658416783992,-0.6741669992521121,0.14341575632917322,-0.2936014912440325,0.7147854140116157
4.191999999999735,-3.150317682609257,0.031482539696153375,-0.6734386198959422,0.1441526235213694,-0.2944047955150825,0.7414802610661301
4.192999999999735,-3.1501731556860912,0.03118769599812024,-0.6726835715549507,0.1448942066303674,-0.2951997055005446,0.7681180133740825
4.193999999999735,-3.150027884707387,0.030892061424019054,-0.6719019119910659,0.14564054344140817,-0.295986312094503,0.794697363356089
4.194999999999736,-3.1498818649017277,0.030595644232933917,-0.6710937002574653,0.14639167053727492,-0.2967647067254982,0.8212170362372818
4.195999999999736,-3.1497350914615434,0.03029845259241625,-0.6702589966658499,0.1471476237544472,-0.2975349809686311,0.8476757898837203
4.196999999999736,-3.1495875595436535,0.03000049457852299,-0.6693978627538969,0.1479084385825567,-0.2982972261801458,0.8740724146072765
4.197999999999737,-3.1494392642694384,0.029701778176210253,-0.6685103612529217,0.14867415050676486,-0.2990515331512828,0.9004057329463665
4.198999999999737,-3.149290200724696,0.02940231128006497,-0.6675965560557673,0.1494447952919182,-0.2997979917780739,0.9266745994297908
4.199999999999737,-3.1491403639592463,0.029102101695360177,-0.6666565121849352,0.15022040920649266,-0.3005366907435295,0.9528779003309683
4.200999999999738,-3.14898974898634,0.028801157139423602,-0.6656902957609645,0.15100102918339953,-0.30126771720832907,0.9790145534199722
4.201999999999738,-3.148838350781943,0.028499485243313128,-0.6646979739710567,0.15178669291368257,-0.3019911565056478,1.005083507721019
4.202999999999738,-3.1486861642839625,0.028197093553797514,-0.6636796150379363,0.1525774388679712,-0.3027070918351039,1.031083743283379
4.203999999999739,-3.1485331843914874,0.02789398953564603,-0.6626352881889309,0.15337330623925696,-0.30341560394997175,1.057014270974099
4.204999999999739,-3.1483794059641332,0.02759018057423722,-0.6615650636252443,0.1541743347991112,-0.3041167708307313,1.0828741323013813
4.205999999999739,-3.148224823821573,0.027285673978504454,-0.6604690124913859,0.15498056465784996,-0.3048106673366858,1.1086623992779978
4.20699999999974,-3.1480694327433665,0.026980476984245008,-0.659347206844714,0.1557920359173655,-0.30549736482572515,1.1343781743346375
4.20799999999974,-3.147913227469191,0.02667459675783037,-0.6581997196250355,0.15660878820337748,-0.30617693073031177,1.1600205902936067
4.20899999999974,-3.147756202699609,0.026368040400368525,-0.6570266246241974,0.15743086006171764,-0.30684942807537513,1.1855888104137458
4.209999999999741,-3.1475983530975142,0.026060814952384666,-0.6558279964555929,0.15825828820097682,-0.30751491492100425,1.2110820285177557
4.210999999999741,-3.147439673290421,0.02575292739910537,-0.6546039105234952,0.15909110656146622,-0.3081734437096396,1.2364994692132474
4.211999999999741,-3.1472801578737815,0.02544438467645345,-0.6533544429921176,0.15992934518809257,-0.3088250604939599,1.2618403882186586
4.212999999999742,-3.1471198014155357,0.025135193677886167,-0.6520796707542916,0.16077302888260925,-0.30946980401802443,1.2871040728045735
4.213999999999742,-3.1469585984621338,0.024825361262238718,-0.6507796713996414,0.16162217560911732,-0.31010770462084464,1.3122898423598095
4.214999999999742,-3.146796543546285,0.024514894262766908,-0.6494545231821273,0.16247679462618705,-0.31073878292909585,1.3373970490896707
4.215999999999743,-3.146633631196724,0.024203799497616727,-0.6481043049868224,0.16333688432040785,-0.31136304830531164,1.3624250788508045
4.216999999999743,-3.146469855950298,0.023892083781980405,-0.646729096295786,0.16420242972086851,-0.3119804970215339,1.3873733521228457
4.217999999999743,-3.146305212366707,0.023579753942223895,-0.6453289771528992,0.16507339968399204,-0.3125911101390141,1.412241325111214
4.218999999999744,-3.146139695046217,0.02326681683227975,-0.6439040281275368,0.1659497437561263,-0.31319485109665574,1.4370284909677822
4.219999999999744,-3.145973298650658,0.02295327935257806,-0.642454330276969,0.16683138875117257,-0.31379166305080475,1.4617343811064842
4.220999999999744,-3.1458060179279466,0.0226391484717141,-0.6409799651074141,0.16771823512711706,-0.3143814660749792,1.4863585665793788
4.221999999999745,-3.1456378477402693,0.022324431250894793,-0.6394810145337037,0.16861015331375728,-0.31496415442951325,1.5109006594656809
4.222999999999745,-3.1454687830958563,0.022009134870926896,-0.6379575608375774,0.16950698023794308,-0.3155395942554147,1.535360314212787
4.223999999999745,-3.1452988191839704,0.021693266661065483,-0.6364096866246908,0.17040851641106713,-0.3161076222334568,1.5597372288556688
4.224999999999746,-3.145127951412319,0.021376834128398033,-0.6348374747804995,0.1713145240740963,-0.31666804595858716,1.5840311460300436
4.225999999999746,-3.144956175445531,0.021059844985600623,-0.6332410084252723,0.17222472700687802,-0.31722064695558316,1.6082418536840253
4.226999999999746,-3.1447834872427207,0.020742307173950862,-0.6316203708685895,0.17313881264419326,-0.31776518729905184,1.6323691853760272
4.227999999999747,-3.144609883091567,0.020424228877628556,-0.6299756455638087,0.1740564370230031,-0.31830142054816546,1.6564130200098997
4.228999999999747,-3.144435359635966,0.020105618524941804,-0.6283069160631674,0.17497723274044638,-0.3188291070166274,1.6803732807842984
4.229999999999747,-3.144259913894416,0.01978648477263998,-0.6266142659744633,0.17590081951752212,-0.31934803224140235,1.7042499330153693
4.230999999999748,-3.1440835432670355,0.019466836471281213,-0.6248977789206706,0.1768268162513411,-0.31985802612126674,1.7280429803595798
4.231999999999748,-3.143906245530524,0.019146682612692645,-0.6231575385043557,0.17775485285451226,-0.3203589791149349,1.7517524589011637
4.232999999999748,-3.1437280188221752,0.018826032264266726,-0.6213936282792601,0.17868458002858453,-0.32085085179095973,1.7753784286928187
4.233999999999749,-3.143548861615727,0.01850489449800591,-0.6196061317316482,0.17961567556000918,-0.321333675258762,1.7989209627712301
4.234999999999749,-3.143368772693064,0.018183278325315997,-0.617795132269701,0.180547846025149,-0.3218075382673474,1.82238014863826
4.235999999999749,-3.1431877511163973,0.01786119265137537,-0.6159607131969798,0.18148082442671232,-0.32227256310000396,1.845756103567106
4.23699999999975,-3.1430057962023747,0.017538646244492983,-0.6141029577069422,0.18241436828998012,-0.3227288966060338,1.869048923798568
4.23799999999975,-3.1428229074998386,0.017215647721672576,-0.612221948916673,0.18334825537858757,-0.3231766934878987,1.8922586641321968
4.23899999999975,-3.142639084771725,0.01689220554781008,-0.6103177699133349,0.18428227898626895,-0.32361610034785154,1.9153853283528137
4.239999999999751,-3.1424543279816275,0.01656832804982612,-0.6083905038088179,0.18521624377928603,-0.3240472442330479,1.9384288624204362
4.240999999999751,-3.1422686372841695,0.016244023439999512,-0.6064402337998585,0.18614996241473075,-0.324470225832692,1.9613891502888152
4.241999999999751,-3.1420820130183937,0.01591929984408393,-0.6044670432311933,0.18708325290532915,-0.3248851166840585,1.9842660119343265
4.242999999999752,-3.1418944557034822,0.01559416533064078,-0.6024710156597991,0.1880159365830189,-0.3252919594030476,2.0070592030648506
4.243999999999752,-3.1417059660362843,0.015268627939047633,-0.6004522349188024,0.18894783649050736,-0.3256907699382655,2.02976841599236
4.244999999999752,-3.141516544890298,0.014942695704586678,-0.5984107851801186,0.1898787760561324,-0.3260815410020552,2.0523932812367414
4.245999999999753,-3.1413261933158774,0.01461637667976948,-0.5963467510152616,0.19080857794944725,-0.32646424604182445,2.0749333695366845
4.246999999999753,-3.1411349125415153,0.014289678951593495,-0.5942602174540347,0.19173706305506796,-0.3268388433142566,2.0973881940485697
4.247999999999753,-3.1409427039761093,0.013962610654780895,-0.592151270040985,0.19266404953349972,-0.3272052797856878,2.119757212603284
4.248999999999754,-3.14074956921212,0.013635179981265153,-0.5900199948896007,0.19358935195901034,-0.32756349469899126,2.1420398299603085
4.249999999999754,-3.1405555100295577,0.013307395186307464,-0.5878664787342603,0.19451278053780066,-0.32791342272624674,2.164235400049652
4.250999999999754,-3.1403605284007012,0.01297926459167827,-0.5856908089799374,0.19543414041698332,-0.32825499667612806,2.1863432282284405
4.251999999999755,-3.1401646264954586,0.012650796586353546,-0.583493073749619,0.19635323109821703,-0.32858814975390016,2.20836257360345
4.252999999999755,-3.1399678066872547,0.012321999625168552,-0.5812733619293425,0.19726984597073155,-0.32891281738717437,2.230292651486436
4.253999999999755,-3.1397700715593215,0.011992882225854313,-0.5790317632106793,0.19818377197790316,-0.32922893863733443,2.2521326360576177
4.254999999999756,-3.139571423911248,0.011663452964860602,-0.5767683681304177,0.19909478943009362,-0.3295364572184701,2.2738816633154713
4.255999999999756,-3.139371866765642,0.011333720472347321,-0.5744832681071218,0.2000026719744624,-0.32983532214522193,2.2955388343887497
4.256999999999756,-3.1391714033747373,0.011003693426705173,-0.572176555474168,0.20090718673004254,-0.33012548802977437,2.317103219279669
4.257999999999757,-3.1389700372267844,0.010673380548946733,-0.5698483235087973,0.2018080945935732,-0.3304069150473757,2.3385738610956452
4.258999999999757,-3.138767772052046,0.010342790597289646,-0.567498666456675,0.20270515071839207,-0.33067956858984404,2.35994978081086
4.259999999999757,-3.1385646118282304,0.010011932362233595,-0.565127679551413,0.20359810516509375,-0.33094341862786586,2.3812299825783945
4.260999999999758,-3.1383605607851894,0.009680814662410706,-0.5627354590285059,0.2044867037186566,-0.33119843880562483,2.4024134595891056
4.261999999999758,-3.138155623408719,0.009349446341463528,-0.5603221021331467,0.20537068886237544,-0.33144460529533337,2.4234992004453786
4.262999999999758,-3.1379498044433163,0.009017836266174757,-0.5578877071214361,0.20624980089431252,-0.3316818954443412,2.444486195987515
4.263999999999759,-3.137743108893755,0.008685993326037334,-0.5554323732545761,0.20712377916725636,-0.33191028625328006,2.465373446479088
4.264999999999759,-3.137535542025369,0.008353926434412184,-0.5529562007857499,0.2079923634285765,-0.33212975272967526,2.486159969027023
4.265999999999759,-3.137327109362962,0.008021644531373603,-0.550459290939527,0.20885529523215127,-0.3323402661670178,2.5068448050844054
4.26699999999976,-3.1371178166882734,0.007689156588289984,-0.5479417458837946,0.20971231939101734,-0.3325417924038233,2.5274270278613074
4.26799999999976,-3.136907670035996,0.007356471614131499,-0.5454036686944055,0.21056318543683808,-0.33273429012008904,2.5479057494533746
4.26899999999976,-3.136696675688338,0.0070235986634384325,-0.5428451633129177,0.2114076490509718,-0.33291770922927244,2.5682801274912612
4.269999999999761,-3.1364848401681855,0.006690546845826425,-0.5402663344980073,0.21224547343203293,-0.33309198942207807,2.588549371117566
4.270999999999761,-3.1362721702309444,0.006357325336850702,-0.5376672877713158,0.21307643056647818,-0.33325705891377555,2.608712746112135
4.271999999999761,-3.136058672855169,0.006023943390002992,-0.5350481293586626,0.21390030237190047,-0.3334128334395485,2.628769579011142
4.272999999999762,-3.1358443552321256,0.005690410349574923,-0.5324089661276952,0.21471688168723335,-0.33355921553280865,2.6487192600989355
4.273999999999762,-3.1356292247544464,0.00535673566409228,-0.5297499055231448,0.2155259730897145,-0.33369609411004014,2.668561245192205
4.274999999999762,-3.135413289004063,0.0050229289000070275,-0.5270710555009204,0.21632739352487707,-0.3338233443732783,2.688295056180843
4.275999999999763,-3.1351965557396038,0.004688999755329201,-0.5243725244622793,0.21712097274263914,-0.3339408280285962,2.707920280335987
4.276999999999763,-3.134979032883449,0.00435495807288855,-0.5216544211892866,0.2179065535393218,-0.3340483938067817,2.727436568439976
4.277999999999763,-3.134760728508645,0.004020813852935097,-0.5189168547826947,0.2186839918117541,-0.33414587826150394,2.746843631832656
4.278999999999764,-3.134541650825847,0.0036865772648171373,-0.5161599346032673,0.21945315643517957,-0.33423310681128243,2.7661412385012993
4.279999999999764,-3.1343218081704682,0.003352258657512407,-0.5133837702174289,0.2202139289812187,-0.3343098949849043,2.7853292083658907
4.280999999999764,-3.1341012089901814,0.003017868568830767,-0.5105884713479624,0.22096620329550842,-0.33437604982577207,2.8044074079269348
4.281999999999765,-3.133879861832904,0.0026834177331523292,-0.507774147830305,0.22170988495678914,-0.33443137140899204,2.8233757444492613
4.282999999999765,-3.133657775335376,0.002348917087611027,-0.5049409095748209,0.22244489064017967,-0.33447565442562843,2.842234159853309
4.283999999999765,-3.1334349582124075,0.002014377776678112,-0.5020888665352605,0.2231711474072883,-0.334508689791113,2.8609826244762084
4.284999999999766,-3.133211419246873,0.0016798111551411697,-0.49921812868346205,0.22388859194482139,-0.33453026623889015,2.879621130850217
4.285999999999766,-3.132987167280473,0.0013452287895106803,-0.4963288059902106,0.22459716977166358,-0.33454017186553175,2.8981496876273445
4.286999999999766,-3.132762211205309,0.0010106424579171389,-0.4934210084120544,0.2252968344322236,-0.33453819559932263,2.916568313757942
4.287999999999767,-3.1325365599562542,0.0006760641485867593,-0.49049484588377834,0.22598754669135673,-0.3345241285702949,2.9348770330091334
4.288999999999767,-3.1323102225041337,0.00034150605700290944,-0.4875504283161618,0.22666927374356544,-0.33449776536553155,2.953075868887422
4.289999999999767,-3.132083207849676,6.9805818738512574e-06,-0.4845878655985924,0.22734198844658324,-0.33445890515901044,2.971164840009626
4.290999999999768,-3.1318555250182207,-0.00032749967996439076,-0.481607267606073,0.22800566858697643,-0.334407352710133,2.9891439559480952
4.291999999999768,-3.1316271830551425,-0.0006619219395775004,-0.4786087442101416,0.2286602961831305,-0.3343429192292719,3.007013213560396
4.292999999999768,-3.131398191021946,-0.0009962732227622741,-0.47559240529322033,0.22930585682897145,-0.33426542311213,3.0247725938004764
4.293999999999769,-3.1311685579930053,-0.0013305403775467702,-0.47255836076591734,0.22994233908003306,-0.3341746905474347,3.0424220589977207
4.294999999999769,-3.130938293052889,-0.0016647100822376254,-0.4695067205868248,0.23056973388202157,-0.3340705560045411,3.059961550582199
4.295999999999769,-3.130707405294238,-0.0019987688538983025,-0.46643759478437957,0.23118803404084026,-0.33395286260894425,3.0773909872284855
4.29699999999977,-3.130475903816154,-0.0023327030571505267,-0.4633510934803842,0.23179723373209743,-0.33382146241459404,3.0947102633864816
4.29799999999977,-3.130243797723061,-0.00266649891320033,-0.46024732691481723,0.23239732804740665,-0.33367621658234237,3.1119192481653517
4.29899999999977,-3.130011096124001,-0.0030001425089995057,-0.4571264054715977,0.23298831257426764,-0.33351699547392355,3.1290177845357117
4.299999999999771,-3.1297778081323346,-0.003333619806462621,-0.453988439705003,0.23357018300596083,-0.3333436786706505,3.1460056888152863
4.300999999999771,-3.1295439428658214,-0.00366691665166869,-0.4508335403664732,0.2341429347776708,-0.33315615492557493,3.1628827504041355
4.301999999999771,-3.129309509447049,-0.004000018783985112,-0.44766181843156927,0.23470656272494608,-0.33295432205727066,3.179648731737003
4.302999999999772,-3.129074517004196,-0.004332911845059271,-0.44447338512688284,0.23526106076058387,-0.33273808679270833,3.196303368422182
4.303999999999772,-3.12883897467211,-0.004665581387630327,-0.4412683519567264,0.23580642156607853,-0.33250736456594066,3.2128463695383718
4.304999999999772,-3.1286028915936908,-0.00499801288412003,-0.43804683072945816,0.23634263629387514,-0.3322620792785425,3.229277418063167
4.305999999999773,-3.128366276921561,-0.0053301917349669785,-0.4348089335833229,0.23686969427681312,-0.3320021630269814,3.2455961714090398
4.306999999999773,-3.1281291398200333,-0.005662103276673522,-0.43155477301171263,0.23738758274132055,-0.3317275558013454,3.2618022620447973
4.307999999999773,-3.1278914894673577,-0.005993732789538595,-0.42828446188777114,0.23789628652112,-0.3314382051591498,3.2778952981825493
4.308999999999774,-3.1276533350582594,-0.006325065505053144,-0.42499811348828664,0.23839578776842982,-0.33113406587728755,3.293874864512123
4.309999999999774,-3.1274146858066985,-0.00665608661058602,-0.4216958415115084,0.23888606595052386,-0.33081508910513163,3.30974055814434
4.310999999999774,-3.1271755509473094,-0.006986781195511457,-0.4183777599268759,0.23936709973034276,-0.3304811371834504,3.325492273212802
4.311999999999775,-3.12693593973794,-0.007317134205307461,-0.415043982718623,0.239838864988092,-0.33013203444488365,3.3411300278549816
4.312999999999775,-3.1266958614623515,-0.007647130404100702,-0.41169462386956246,0.2403013331702798,-0.3297676145963194,3.356653804435467
4.313999999999775,-3.1264553254351553,-0.00797675439369635,-0.40832979739858927,0.24075447100482716,-0.3293877208689424,3.3720635488173945
4.314999999999776,-3.126214341006702,-0.008305990623614054,-0.40494961739621427,0.24119824022117403,-0.3289922053554874,3.3873591722794956
4.315999999999776,-3.1259729175682267,-0.008634823399619872,-0.4015541980582345,0.24163259723073716,-0.3285809284312784,3.40254055287454
4.316999999999776,-3.1257310645576446,-0.00896323689287996,-0.3981436537230462,0.24205749219921283,-0.3281537603992727,3.4176075240956902
4.317999999999777,-3.125488791465986,-0.009291215149694738,-0.3947180989207747,0.2424728685404622,-0.32771058153526883,3.4325598725129507
4.318999999999777,-3.125246107843991,-0.009618742099914323,-0.39127764840974,0.24287866338554603,-0.3272512784079154,3.4473973564417575
4.319999999999777,-3.125003023308574,-0.009945801562918298,-0.3878224172030118,0.24327480726711753,-0.32677574305796525,3.462119708337908
4.320999999999778,-3.1247595475495644,-0.010272377252601854,-0.38435252059366126,0.24366122374262944,-0.32628387237657286,3.476726635995059
4.321999999999778,-3.124515690336867,-0.010598452781919988,-0.3808680741788685,0.24403782901302185,-0.32577556749428366,3.491217823636585
4.322999999999778,-3.1242714615280125,-0.010924011666828175,-0.3773691938829877,0.2444045315440765,-0.32525073318570363,3.505592932910295
4.323999999999779,-3.124026871076073,-0.011249037329638473,-0.3738559959796613,0.2447612316996466,-0.3247092772967279,3.51985160379852
4.324999999999779,-3.1237819290379383,-0.011573513101818016,-0.37032859711305915,0.24510782139825116,-0.3241511102034521,3.5339934554608026
4.325999999999779,-3.1235366455829174,-0.011897422226267227,-0.3667871143182995,0.245444183807029,-0.32357614431448206,3.5480180870319433
4.32699999999978,-3.123291031001619,-0.012220747859128217,-0.3632316650410826,0.24577019308971157,-0.32298429363123565,3.561925078404378
4.32799999999978,-3.1230450957150495,-0.01254347307118995,-0.35966236715653505,0.2460857142279721,-0.32237547338389294,3.575713991030588
4.32899999999978,-3.1227988502838433,-0.012865580848975917,-0.35607933898722427,0.24639060293805565,-0.32174959976369866,3.5893843687881506
4.329999999999781,-3.1225523054175204,-0.013187054095622165,-0.35248269932025644,0.24668470570672063,-0.3211065897750805,3.602935738956517
4.330999999999781,-3.1223054719836356,-0.01350787563167809,-0.34887256742331935,0.2469678599718774,-0.32044636123311177,3.6163676133598304
4.331999999999781,-3.1220583610166663,-0.01382802819598842,-0.3452490630594753,0.24723989447345865,-0.3197688329327052,3.6296794897329163
4.332999999999782,-3.1218109837264514,-0.014147494446840837,-0.3416123065004534,0.24750062979850843,-0.31907392501496107,3.6428708533666385
4.333999999999782,-3.1215633515059817,-0.01446625696358763,-0.3379624185381349,0.24774987914073052,-0.31836155955263484,3.6559411790825216
4.334999999999782,-3.12131547593832,-0.014784298248968607,-0.3342995204938839,0.24798744928835917,-0.3176316613701027,3.6688899335733494
4.335999999999783,-3.121067368802411,-0.015101600732373096,-0.33062373422534613,0.24821314184494633,-0.3168841591030159,3.681716578125168
4.336999999999783,-3.1208190420775646,-0.015418146774277391,-0.3269351821303402,0.24842675467554554,-0.3161189864889148,3.6944205717061793
4.337999999999783,-3.1205705079463857,-0.01573391867207691,-0.323233987147496,0.24862808355628635,-0.31533608386280587,3.707001374370135
4.338999999999784,-3.1203217787959705,-0.016048898667496793,-0.31952027275337114,0.24881692398946306,-0.31453539981216594,3.719458450878209
4.339999999999784,-3.120072867217227,-0.016363068955709197,-0.31579416295589263,0.24899307313051983,-0.3137168929258241,3.731791274398013
4.340999999999784,-3.119823786002242,-0.016676411696210952,-0.31205578228413616,0.24915633175962457,-0.3128805335531674,3.7439993300970973
4.341999999999785,-3.1195745481396884,-0.01698890902542472,-0.3083052557746523,0.2493065062209594,-0.3120263054769488,3.7560821184176887
4.342999999999785,-3.119325166808336,-0.01730054307088685,-0.304542708954772,0.2494434102492844,-0.31115420739739036,3.7680391578062604
4.343999999999785,-3.1190756553688344,-0.01761129596678401,-0.3007682678235464,0.24956686660697902,-0.3102642541293075,3.7798699866809753
4.344999999999786,-3.1188260273539723,-0.017921149870508947,-0.29698205883117873,0.2496767084658745,-0.30935647742840633,3.7915741644544028
4.345999999999786,-3.1185762964577073,-0.018230086979832878,-0.2931842088579609,0.2497727804858208,-0.30843092638686476,3.8031512714865223
4.346999999999786,-3.1183264765232748,-0.01853808955024704,-0.289374845193816,0.24985493956405497,-0.30748766736928373,3.8146009079181042
4.347999999999787,-3.1180765815307145,-0.01884513991201379,-0.285554095519557,0.24992305525327088,-0.30652678349428225,3.8259226914180466
4.348999999999787,-3.117826625584136,-0.01915122048648925,-0.2817220878908967,0.24997700986883423,-0.30554837370005006,3.837116253959397
4.349999999999787,-3.1175766228990147,-0.019456313801332024,-0.2778789507260927,0.2500166983242046,-0.30455255145996857,3.848181237807308
4.350999999999788,-3.117326587789764,-0.019760402504289034,-0.27402481279790397,0.25004202774650935,-0.3035394432339312,3.8591172909502407
4.351999999999788,-3.1170765346577793,-0.020063469375340665,-0.2701598032302884,0.250052916930618,-0.30250918675071237,3.869924062229142
4.352999999999788,-3.116826477980087,-0.020365497337083628,-0.2662840515000158,0.2500492956902926,-0.30146192921674536,3.8806011964180085
4.353999999999789,-3.1165764322986655,-0.020666469463321832,-0.2623976874431273,0.25003110416015406,-0.300397825538424,3.891148329486621
4.354999999999789,-3.1163264122104737,-0.020966368985916306,-0.2585008412659585,0.24999829209387037,-0.2993170366308454,3.9015650842380283
4.355999999999789,-3.1160764323581684,-0.021265179300009554,-0.2545936435602749,0.24995081819381515,-0.29821972786840045,3.911851066466298
4.35699999999979,-3.115826507421468,-0.021562883967786207,-0.25067622532194767,0.24988864949693673,-0.2971060677142377,3.9220058617304776
4.35799999999979,-3.1155766521090937,-0.021859466720960233,-0.24674871797252482,0.2498117608318448,-0.29597622654835326,3.9320290327938654
4.35899999999979,-3.1153268811512143,-0.02215491146219107,-0.24281125338302556,0.24972013435387103,-0.29483037569920506,3.9419201177371517
4.359999999999791,-3.115077209292323,-0.02244920226562984,-0.23886396389929315,0.24961375915841164,-0.29366868667201895,3.9516786287216754
4.360999999999791,-3.1148276512844566,-0.022742323376785563,-0.23490698236827856,0.24949263096824487,-0.2924913305584979,3.961304051355545
4.361999999999791,-3.1145782218807,-0.023034259211882954,-0.230940442164682,0.24935675188754905,-0.2912984776072448,3.970795844600132
4.362999999999792,-3.1143289358288997,-0.02332499435686111,-0.2269644772174472,0.2492061302137491,-0.2900902969314225,3.980153441146381
4.363999999999792,-3.11407980786555,-0.023614513566138355,-0.22297922203567463,0.24904078029776613,-0.28886695632944137,3.9893762481880026
4.364999999999792,-3.1138308527097878,-0.023902801761244555,-0.2189848117335931,0.24886072244343194,-0.28762862219524304,3.9984636485204805
4.365999999999793,-3.1135820850574825,-0.024189844029399537,-0.21498138205429726,0.2486659828374929,-0.2863754594965334,4.007415001899548
4.366999999999793,-3.113333519575375,-0.024475625622095754,-0.21096906939202212,0.24845659350255703,-0.2851076318016981,4.016229646599267
4.367999999999793,-3.1130851708952614,-0.024760131953725412,-0.20694801081278189,0.24823259226637695,-0.2838253013387873,4.0249069011171095
4.368999999999794,-3.112837053608196,-0.02504334860027687,-0.20291834407324943,0.2479940227419048,-0.2825286290726531,4.033446065980953
4.369999999999794,-3.112589182258718,-0.02532526129811265,-0.19888020763779382,0.24774093431353167,-0.28121777478890286,4.0418464256200295
4.370999999999794,-3.112341571339081,-0.025605855942831126,-0.19483374069362813,0.24747338212580025,-0.27989289717570165,4.0501072502685584
4.371999999999795,-3.112094235283503,-0.02588511858820617,-0.19077908316404835,0.24719142707163447,-0.27855415389656557,4.058227797876651
4.372999999999795,-3.1118471884624217,-0.02616303544519306,-0.18671637571976607,0.24689513577776562,-0.2772017016491178,4.066207316008225
4.373999999999795,-3.111600445176773,-0.026439592880984717,-0.1826457597883568,0.24658458058555574,-0.2758356962063337,4.074045043710033
4.374999999999796,-3.1113540196522873,-0.02671477741809959,-0.1785673775618587,0.2462598395258394,-0.2744562924380996,4.0817402133395255
4.375999999999796,-3.1111079260338137,-0.026988575733480815,-0.17448137200256827,0.2459209962867377,-0.27306364431197544,4.0892920523422625
4.376999999999796,-3.110862178379686,-0.02726097465758566,-0.17038788684708653,0.245568140173659,-0.2716579048729127,4.096699784971957
4.377999999999797,-3.1106167906561257,-0.027531961173444416,-0.1662870666086762,0.24520136606090268,-0.2702392262023652,4.103962633948172
4.378999999999797,-3.1103717767317023,-0.027801522415668453,-0.16217905657799378,0.244820774334437,-0.26880775935776424,4.111079822048148
4.379999999999797,-3.110127150371853,-0.028069645669388594,-0.15806400282226377,0.24442647082554295,-0.26736365429374087,4.118050573630375
4.380999999999798,-3.1098829252334776,-0.028336318369106252,-0.15394205218296403,0.24401856673510888,-0.2659070597667839,4.124874116088424
4.381999999999798,-3.1096391148596063,-0.028601528097441757,-0.14981335227209272,0.24359717854843516,-0.2644381232252416,4.1315496812341275
4.382999999999798,-3.1093957326741655,-0.028865262583766236,-0.14567805146708743,0.2431624279404693,-0.26295699068672457,4.138076506609725
4.383999999999799,-3.1091527919768374,-0.029127509702705476,-0.14153629890446767,0.24271444167144524,-0.2614638066050603,4.144453836728875
4.384999999999799,-3.1089103059380325,-0.029388257472506462,-0.13738824447227205,0.24225335147294744,-0.2599587137289925,4.150680924246681
4.385999999999799,-3.1086682875939777,-0.029647494053259362,-0.13323403880136064,0.24177929392446718,-0.25844185295482736,4.156757031059039
4.3869999999998,-3.108426749841936,-0.029905207744970085,-0.1290738332556532,0.24129241032056237,-0.25691336317520297,4.162681429331703
4.3879999999998,-3.108185705435559,-0.030161386985480522,-0.12490777992137322,0.2407928465287786,-0.25537338112610825,4.168453402459567
4.3889999999998,-3.1079451669803912,-0.030416020348235796,-0.1207360315953675,0.24028075283853637,-0.2538220412342077,4.174072245956689
4.389999999999801,-3.1077051469295265,-0.030669096539899823,-0.11655874177256983,0.23975628380123767,-0.2522594754664397,4.179537268277629
4.390999999999801,-3.10746565757943,-0.030920604397822345,-0.11237606463267769,0.23921959806189697,-0.2506858131837545,4.184847791570759
4.391999999999801,-3.107226711065931,-0.031170532887362525,-0.10818815502610911,0.23867085818265196,-0.2491011810007455,4.190003152364182
4.392999999999802,-3.106988319360398,-0.0314188710990758,-0.1039951684593072,0.2381102304585642,-0.2475057026528038,4.195002702185037
4.393999999999802,-3.1067504942661026,-0.03166560824577223,-0.0997972610794582,0.23753788472617177,-0.2458994988722969,4.199845808112976
4.394999999999802,-3.1065132474147727,-0.03191073365945618,-0.09559458965868867,0.23695399416531013,-0.24428268727513605,4.204531853268716
4.395999999999803,-3.106276590263355,-0.03215423678815816,-0.09138731157780608,0.2363587350947686,-0.2426553822589564,4.209060237238658
4.396999999999803,-3.106040534090977,-0.032396107192671185,-0.08717558480964642,0.23575228676240056,-0.24101769491399017,4.213430376436674
4.397999999999803,-3.105805089996129,-0.0326363345432047,-0.08295956790209082,0.23513483113035272,-0.23936973294756755,4.2176417044042855
4.398999999999804,-3.1055702688940547,-0.03287490861597013,-0.07873941996081223,0.2345065526561229,-0.23771160062303265,4.221693672050595
4.399999999999804,-3.10533608151437,-0.033111819289712865,-0.07451530063181175,0.23386763807019603,-0.23604339871371605,4.22558574783344
4.400999999999804,-3.1051025383988993,-0.03334705654220586,-0.07028737008380241,0.23321827615104254,-0.23436522447245894,4.229317417883437
4.401999999999805,-3.1048696498997446,-0.03358061044672078,-0.0660557889904968,0.23255865749829366,-0.23267717161704132,4.232888186072667
4.402999999999805,-3.1046374261775744,-0.03381247116849248,-0.06182071851285283,0.2318889743049312,-0.2309793303317263,4.2362975740299476
4.403999999999805,-3.1044058772001475,-0.034042628961193255,-0.05758232028133009,0.23120942012934695,-0.22927178728499623,4.23954512110476
4.404999999999806,-3.104175012741058,-0.034271074163432766,-0.05334075637820702,0.23052018966813698,-0.22755462566342566,4.2426303842820285
4.405999999999806,-3.103944842378714,-0.03449779719529989,-0.04909618932000689,0.22982147853049967,-0.22582792522151104,4.245552938050115
4.406999999999806,-3.1037153754955327,-0.034722788554962254,-0.04484878204007817,0.22911348301510218,-0.224091762347158,4.248312374224469
4.407999999999807,-3.103486621277364,-0.03494603881533885,-0.04059869787137233,0.22839639989026916,-0.22234621014241662,4.250908301729525
4.408999999999807,-3.1032585887131283,-0.03516753862086086,-0.0363461005294595,0.22767042617832922,-0.22059133851895188,4.253340346341513
4.409999999999807,-3.1030312865946676,-0.03538727868433499,-0.03209115409581971,0.22693575894492948,-0.21882721430764152,4.255608150394929
4.410999999999808,-3.1028047235168055,-0.035605249783923244,-0.027834023001444642,0.22619259509409675,-0.21705390138160935,4.257711372455491
4.411999999999808,-3.10257890787761,-0.03582144276025205,-0.023574872010782018,0.22544113116978548,-0.21527146079192544,4.259649686962457
4.412999999999808,-3.102353847878846,-0.03603584851366312,-0.01931386620605172,0.2246815631646094,-0.2134799509151386,4.261422783843189
4.413999999999809,-3.1021295515266254,-0.03624845800161734,-0.015051170971960036,0.22391408633640394,-0.2116794276117513,4.2630303681028945
4.414999999999809,-3.1019060266322227,-0.03645926223626227,-0.010786951980835353,0.22313889503321307,-0.20986994439469925,4.264472159392438
4.415999999999809,-3.1016832808130745,-0.036668252282172645,-0.006521375178205767,0.2223561825272373,-0.20805155260686395,4.265747891557132
4.41699999999981,-3.101461321493931,-0.03687541925427252,-0.0022546067688362457,0.22156614085821763,-0.20622430160661737,4.266857312169331
4.41799999999981,-3.1012401559081653,-0.037080754315946575,0.002013186796759898,0.22076896068666835,-0.2043882389603826,4.267800182047643
4.41899999999981,-3.101019791099219,-0.03728424867734702,0.006281838835323193,0.21996483115730608,-0.2025434106411847,4.268576274765472
4.419999999999811,-3.1008002339221847,-0.03748589359390157,0.010551182443354516,0.21915393977295747,-0.2006898612321666,4.269185376151531
4.420999999999811,-3.100581491045504,-0.03768568036502713,0.014821050509119164,0.21833647227916197,-0.19882763413405358,4.269627283784872
4.421999999999811,-3.1003635689527806,-0.03788360033305238,0.019091275724144246,0.2175126125596217,-0.1969567717755639,4.2699018064868675
4.422999999999812,-3.1001464739446876,-0.03807964488235185,0.023361690594207514,0.21668254254258654,-0.19507731582578602,4.270008763812463
4.423999999999812,-3.0999302121409666,-0.03827380543869299,0.027632127449818,0.21584644211820142,-0.19318930740757043,4.269947985542907
4.424999999999812,-3.099714789482503,-0.03846607346879677,0.03190241845619101,0.215004489066784,-0.19129278731101607,4.269719311182022
4.425999999999813,-3.0995002117334662,-0.03865644048011135,0.03617239562272197,0.2141568589979451,-0.18938779620616944,4.269322589457967
4.426999999999813,-3.099286484483506,-0.038844898020797845,0.04044189081196555,0.21330372530041275,-0.18747437485409343,4.268757677832295
4.427999999999813,-3.099073613149996,-0.039031437679925875,0.044710735748128234,0.2124452591023721,-0.18555256431550707,4.268024442017994
4.428999999999814,-3.0988616029803087,-0.0392160510878763,0.048978762025084006,0.21158162924209026,-0.1836224061562415,4.267122755508053
4.429999999999814,-3.0986504590541157,-0.039398729916947525,0.05324580111392455,0.21071300224855546,-0.18168394264880386,4.266052499115988
4.430999999999814,-3.098440186285704,-0.0395794658821611,0.05751168437005648,0.2098395423318254,-0.17973721696938685,4.26481356052963
4.431999999999815,-3.098230789426294,-0.03975825074226184,0.06177624303985947,0.2089614113827496,-0.17778227338970856,4.2634058338793634
4.432999999999815,-3.0980222730663582,-0.03993507630090693,0.06603930826692035,0.20807876898170494,-0.17581915746311244,4.261829219321903
4.433999999999815,-3.0978146416379193,-0.040109934408038075,0.07030071109785917,0.2071917724159625,-0.1738479162044019,4.2600836226405905
4.434999999999816,-3.0976078994168366,-0.040282816961430115,0.0745602824877641,0.20630057670528684,-0.1718685982629275,4.258168954863097
4.435999999999816,-3.0974020505250532,-0.04045371590840919,0.07881785330525327,0.2054053346353564,-0.16988125408848498,4.256085131897354
4.436999999999816,-3.0971970989328135,-0.040622623247733025,0.08307325433718181,0.20450619679858395,-0.16788593608962232,4.253832074186415
4.437999999999817,-3.0969930484608303,-0.04078953103162559,0.0873263162930135,0.20360331164191103,-0.16588269878399073,4.251409706382945
4.438999999999817,-3.0967899027824064,-0.04095443136795798,0.09157686980887711,0.2026968255211465,-0.16387159894040867,4.248817957043909
4.439999999999817,-3.0965876654254956,-0.04111731642256713,0.09582474545132764,0.20178688276142034,-0.16185269571234148,4.246056758346027
4.440999999999818,-3.0963863397747,-0.04127817842170349,0.10006977372083367,0.2008736257233247,-0.1598260507625281,4.243126045822487
4.441999999999818,-3.096185929073198,-0.04143700965459899,0.10431178505501222,0.19995719487431898,-0.15779172837851604,4.240025758121377
4.442999999999818,-3.0959864364246057,-0.041593802476145685,0.10855060983163312,0.19903772886498,-0.15574979557889124,4.236755836786252
4.443999999999819,-3.095787864794747,-0.04174854930967609,0.1127860783714151,0.19811536460968507,-0.15370032221001448,4.233316226059225
4.444999999999819,-3.095590217013351,-0.04190124264983532,0.11701802094063657,0.19719023737132232,-0.15164338103310013,4.2297068727069265
4.445999999999819,-3.0953934957756606,-0.04205187506553544,0.12124626775358363,0.19626248084962958,-0.14957904780149492,4.225927725869656
4.44699999999982,-3.095197703643949,-0.04220043920298215,0.12547064897485927,0.19533222727276991,-0.14750740132803702,4.221978736934005
4.44799999999982,-3.095002843048944,-0.04234692778876386,0.12969099472157677,0.19439960749175905,-0.14542852354239655,4.217859859429201
4.44899999999982,-3.094808916291159,-0.042491333632993004,0.13390713506546167,0.19346475107736524,-0.1433424995383206,4.213571048947384
4.449999999999821,-3.094615925542122,-0.04263364963248955,0.13811890003488572,0.19252778641910825,-0.1412494176107275,4.209112263087987
4.450999999999821,-3.0944238728456486,-0.042773868774354074,0.1423261196157895,0.19158884041283925,-0.1391493703381907,4.204483456728057
4.451999999999821,-3.0942327601202697,-0.04291198414278441,0.14652862373859102,0.19064803689711882,-0.13704245886164299,4.199684563075902
4.452999999999822,-3.094042589161176,-0.04304798892493618,0.15072624226285206,0.18970549823990812,-0.13492878911169992,4.194715510560746
4.453999999999822,-3.0938533616417576,-0.04318187641601188,0.1549188049779874,0.1887613461031222,-0.13280847011708954,4.189576230379329
4.454999999999822,-3.09366507911404,-0.043313640021805246,0.1591061416060691,0.1878157015469431,-0.130681613988516,4.184266656553792
4.455999999999823,-3.0934777430092355,-0.043443273261768944,0.1632880818046835,0.18686868513260016,-0.1285483358963575,4.178786725997393
4.456999999999823,-3.0932913546381915,-0.04357076977205897,0.1674644551698669,0.18592041702478335,-0.12640875403838578,4.173136378605253
4.457999999999823,-3.093105915191733,-0.04369612330854182,0.17163509123914414,0.18497101709331173,-0.12426298959766229,4.16731555736969
4.458999999999824,-3.0929214257409114,-0.04381932774975478,0.17579981949469436,0.1840206050136776,-0.12211116669079765,4.161324208519622
4.459999999999824,-3.0927378872371456,-0.04394037709980966,0.1799584693666684,0.18306930036608576,-0.11995341230678985,4.155162281683381
4.460999999999824,-3.092555300512272,-0.04405926549123089,0.18411087023668002,0.18211722273260536,-0.1177898562366881,4.148829730074204
4.461999999999825,-3.0923736662784926,-0.04417598718771862,0.18825685144149384,0.18116449179204908,-0.1156206309943587,4.142326510697518
4.462999999999825,-3.0921929851282335,-0.044290536586828445,0.19239624227693095,0.1802112274121944,-0.11344587172865925,4.135652584579067
4.463999999999825,-3.0920132575339103,-0.044402908222559045,0.19652887200201252,0.17925754973895874,-0.11126571612735583,4.128807917012758
4.464999999999826,-3.091834483847609,-0.04451309676783977,0.20065456984336089,0.17830357928214055,-0.10908030431314514,4.121792477827019
4.465999999999826,-3.091656664300678,-0.04462109703691052,0.20477316499987544,0.17734943699733735,-0.1068897787321689,4.114606241668336
4.466999999999826,-3.0914797990032454,-0.04472690398758647,0.20888448664770018,0.1763952443636533,-0.10469428403543131,4.107249188300509
4.467999999999827,-3.091303887943658,-0.0448305127234009,0.21298836394549767,0.17544112345680904,-0.10249396695355055,4.099721302918046
4.468999999999827,-3.0911289309878507,-0.04493191849561964,0.21708462604004275,0.17448719701726983,-0.10028897616529338,4.092022576472022
4.4699999999998274,-3.0909549278786494,-0.04503111670512106,0.2211731020721477,0.17353358851301057,-0.09807946216035615,4.08415300600659
4.470999999999828,-3.090781878235016,-0.04512810290413629,0.22525362118292824,0.17258042219654074,-0.09586557709686608,4.0761125950042345
4.471999999999828,-3.090609781551236,-0.0452228727978443,0.22932601252041865,0.17162782315581723,-0.09364747465408367,4.067901353737766
4.4729999999998284,-3.0904386371960624,-0.04531542224581772,0.23339010524654097,0.17067591735867893,-0.09142530988078983,4.059519299626927
4.473999999999829,-3.0902684444118163,-0.04540574726331488,0.23744572854443252,0.16972483169044392,-0.08919923903983967,4.050966457597408
4.474999999999829,-3.0900992023134526,-0.04549384402241485,0.2414927116261325,0.16877469398431721,-0.08696941944935892,4.042242860439973
4.4759999999998294,-3.089930909887601,-0.045579708852992035,0.2455308837406269,0.16782563304426593,-0.08473600932104874,4.033348549167301
4.47699999999983,-3.0897635659915874,-0.04566333824352795,0.24956007418224793,0.1668777786600267,-0.08249916759604967,4.024283573366063
4.47799999999983,-3.089597169352445,-0.045744728841757745,0.2535801122994223,0.1659312616139204,-0.08025905377879644,4.015047991541694
4.4789999999998305,-3.0894317185659186,-0.04582387745514975,0.2575908275037592,0.16498621367915817,-0.07801582776927246,4.005641871453221
4.479999999999831,-3.089267212095484,-0.04590078105121663,0.2615920492794675,0.16404276760933376,-0.07576964969404483,3.9960652904354235
4.480999999999831,-3.0891036482713705,-0.045975436757657154,0.26558360719308693,0.16310105711880776,-0.07352067973643052,3.9863183357055623
4.4819999999998315,-3.08894102528962,-0.046047841862327764,0.26956533090351786,0.1621612168537002,-0.0712690779661097,3.976401104651807
4.482999999999832,-3.0887793412111693,-0.04611799381304362,0.27353705017232843,0.16122338235322,-0.06901500416846562,3.9663137051004322
4.483999999999832,-3.0886185939609834,-0.04618589021720893,0.2774985948743175,0.16028769000107343,-0.06675861767388992,3.9560562555587837
4.4849999999998325,-3.088458781327238,-0.0462515288412767,0.2814497950083069,0.15935427696670532,-0.0645000771872525,3.9456288854309376
4.485999999999833,-3.0882999009605694,-0.046314907610038016,0.2853904807081346,0.15842328113614496,-0.06223954061769132,3.935031735202922
4.486999999999833,-3.088141950373396,-0.04637602460574138,0.2893204822538163,0.15749484103224334,-0.05997716490883578,3.9242649565942953
4.4879999999998335,-3.0879849269393245,-0.046434878067042475,0.29323963008284054,0.15656909572411057,-0.0577131058695347,3.9133287126728327
4.488999999999834,-3.087828827892657,-0.046491466387784966,0.29714775480155875,0.15564618472558447,-0.055447518005120336,3.902223177929027
4.489999999999834,-3.0876736503280005,-0.04654578811561275,0.3010446871966282,0.1547262478825908,-0.05318055434920197,3.890948538307095
4.4909999999998345,-3.0875193911999936,-0.04659784195041434,0.30493025824646286,0.1538094252492892,-0.05091236629595055,3.8795049911891875
4.491999999999835,-3.087366047323169,-0.04664762674259963,0.3088042991326438,0.15289585695294142,-0.04864310343280905,3.8678927453295437
4.492999999999835,-3.08721361537195,-0.04669514149120971,0.3126666412512372,0.15198568304748902,-0.04637291337354584,3.8561120207354547
4.4939999999998355,-3.0870620918808025,-0.04674038534185967,0.3165171162239658,0.1510790433558917,-0.044101941591560875,3.844163048492055
4.494999999999836,-3.08691147324455,-0.04678335758451495,0.32035555590917525,0.15017607730135354,-0.041830331253362024,3.8320460705282584
4.495999999999836,-3.086761755718863,-0.04682405765110114,0.3241817924125371,0.14927692372765985,-0.03955822305215307,3.8197613393215644
4.4969999999998365,-3.0866129354209315,-0.04686248511294749,0.32799565809742404,0.1483817207089614,-0.03728575504152101,3.8073091175400235
4.497999999999837,-3.086465008330335,-0.04689863967806406,0.3317969855948962,0.14749060534948205,-0.03501306246928218,3.7946896776204584
4.498999999999837,-3.086317970290116,-0.04693252118825301,0.33558560781323327,0.14660371357379334,-0.03274027761165127,3.7819033012830827
4.4999999999998375,-3.0861718170080685,-0.046964129616054236,0.3393613579469504,0.14572117990849848,-0.0304675296080386,3.768950278984061
4.500999999999838,-3.0860265440582495,-0.04699346506152635,0.3431240694852364,0.1448431372564041,-0.028194944296967946,3.7558309093093345
4.501999999999838,-3.0858821468827164,-0.0470205277488645,0.3468735762197591,0.14396971666453504,-0.025922644053845516,3.7425454983153372
4.5029999999998385,-3.085738620793503,-0.047045318022857205,0.3506097122517881,0.14310104708766594,-0.023650747631608855,3.729094358825073
4.503999999999839,-3.0855959609748282,-0.04706783634518598,0.354332311998596,0.14223725514941013,-0.021379370005648723,3.7154778096915595
4.504999999999839,-3.08545416248555,-0.04708808329057271,0.3580412101991134,0.14137846490331543,-0.019108622224834736,3.7016961750449244
4.5059999999998395,-3.085313220261851,-0.04710605954278213,0.3617362419188316,0.14052479759687092,-0.016838611270989207,3.687749783544554
4.50699999999984,-3.085173129120164,-0.0471217658904892,0.36541724255397084,0.13967637144181616,-0.014569439929744576,3.673638967663665
4.50799999999984,-3.0850338837603126,-0.04713520322302459,0.36908404783496357,0.138833301394656,-0.012301206676381978,3.659364063040507
4.5089999999998405,-3.0848954787688756,-0.047146372526015265,0.372736493829339,0.1379956989517974,-0.010034005580968607,3.64492540793799
4.509999999999841,-3.0847579086227377,-0.047155274876942016,0.37637441694414214,0.1371636719642139,-0.0077679262378636,3.630323342861673
4.510999999999841,-3.084621167692819,-0.04716191144064109,0.379997653928074,0.13633732447696886,-0.00550305372540817,3.6155582103943593
4.5119999999998415,-3.0844852502479494,-0.04716628346478338,0.38360604187360164,0.13551675659924317,-0.003239468602296236,3.600630355313432
4.512999999999842,-3.0843501504588513,-0.04716839227537128,0.3871994182193574,0.13470206441065985,-0.0009772469476604937,3.5855401250637353
4.513999999999842,-3.084215862402202,-0.04716823927230046,0.3907776207532204,0.1338933399096121,0.00128353954779504,3.570287870663109
4.5149999999998425,-3.0840823800647184,-0.0471658259250415,0.39434048761655305,0.13309067100891717,0.003542823432350667,3.55487394811823
4.515999999999843,-3.083949697347224,-0.047161153768502766,0.3978878573101385,0.13229414158337538,0.005800541278809182,3.539298720423637
4.516999999999843,-3.083817808068641,-0.04715422439914265,0.4014195687024355,0.13150383157267076,0.008056633399500647,3.5235625602048937
4.5179999999998435,-3.083686705969849,-0.047145039471403506,0.40493546104081635,0.13071981714149275,0.010311043487172853,3.507665853046199
4.518999999999844,-3.0835563847173555,-0.04713360069454206,0.4084353739664801,0.12994217089682428,0.012563718180941413,3.4916090015121304
4.519999999999844,-3.083426837906725,-0.047119909829930084,0.41191914753372383,0.12917096216011967,0.014814606560045372,3.4753924298321794
4.5209999999998445,-3.0832980590657053,-0.04710396868889447,0.41538662223419787,0.12840625728974636,0.01706365957243415,3.4590165891661293
4.521999999999845,-3.083170041657011,-0.04708577913115621,0.4188376390266614,0.12764812004680215,0.01931082940995699,3.442481963310667
4.522999999999845,-3.0830427790807264,-0.04706534306391386,0.42227203937258434,0.12689661199550745,0.02155606884675351,3.425789074647293
4.5239999999998455,-3.08291626467629,-0.04704266244159811,0.4256896652777131,0.12615179292807446,0.023799330561841837,3.4089384900748896
4.524999999999846,-3.0827904917240505,-0.047017739266301435,0.4290903593394365,0.125413721303498,0.026040566470286384,3.391930826624882
4.525999999999846,-3.082665453446377,-0.046990575588861196,0.432473964799472,0.12468245469022489,0.02827972708912371,3.3747667564307813
4.5269999999998465,-3.0825411430083323,-0.04696117351054865,0.43584032560106056,0.12395805020413095,0.030516760963972826,3.3574470107240737
4.527999999999847,-3.0824175535179115,-0.046929535185291235,0.4391892864495452,0.12324056493549289,0.03275161417971893,3.339972382559437
4.528999999999847,-3.0822946780258604,-0.04689566282233443,0.4425206928749371,0.1225300563613648,0.03498422997391097,3.322343728034603
4.5299999999998475,-3.0821725095250883,-0.04685955868923398,0.44583439129488484,0.12182658274253814,0.03721454846496003,3.304561965859872
4.530999999999848,-3.0820510409496915,-0.04682122511506082,0.44913022907636707,0.1211302035066418,0.03944250649957266,3.2866280752406136
4.531999999999848,-3.0819302651736002,-0.046780664493700656,0.4524080545944523,0.12044097962056464,0.04166803761598989,3.268543092151233
4.5329999999998485,-3.081810175008857,-0.0467378792871369,0.45566771728660244,0.11975897395604464,0.04389107211244875,3.250308104187754
4.533999999999849,-3.0816907632035284,-0.046692872028619596,0.45890906770122986,0.1190842516519445,0.04611153720462858,3.2319242442761
4.534999999999849,-3.0815720224392575,-0.046645645325640764,0.4621319575395312,0.1184168804755862,0.04832935725221291,3.2133926835751794
4.5359999999998495,-3.081453945328456,-0.04659620186265757,0.4653362396899743,0.1177569311838417,0.050544454033287896,3.194714623943214
4.53699999999985,-3.081336524411135,-0.04654454440352578,0.4685217682551866,0.11710447788283491,0.052756747045980136,3.17589129033249
4.53799999999985,-3.0812197521513753,-0.04649067579362556,0.4716883985713434,0.11645959838343857,0.05496615381912523,3.1569239234460924
4.5389999999998505,-3.0811036209334524,-0.046434598961678016,0.474835987220464,0.115822374548515,0.05717259021731546,3.137813772937403
4.539999999999851,-3.080988123057614,-0.046376316921263865,0.47796439203627067,0.11519289262719984,0.059375970729821606,3.118562091367701
4.540999999999851,-3.080873250735535,-0.0463158327720637,0.481073472104449,0.11457124357149541,0.0615762087370941,3.0991701290674385
4.5419999999998515,-3.080758996085465,-0.046253149700843904,0.4841630877582559,0.11395752333096207,0.0637732167524137,3.0796391299797157
4.542999999999852,-3.080645351127097,-0.04618827098221286,0.48723310057047264,0.11335183312223653,0.06596690663950948,3.0599703285053104
4.543999999999852,-3.0805323077761724,-0.04612119997917018,0.49028337334269373,0.1127542796713052,0.06815718980946193,3.040164947320366
4.5449999999998525,-3.0804198578388684,-0.04605194014346703,0.4933137700928934,0.11216497542775065,0.0703439774019377,3.020224196101694
4.545999999999853,-3.0803079930059747,-0.04598049501579076,0.496324156042135,0.11158403875142178,0.07252718045681934,3.0001492710702995
4.546999999999853,-3.080196704846901,-0.045906868225779766,0.49931439760119,0.11101159407303669,0.07470671008269773,2.979941355249857
4.5479999999998535,-3.0800859848035387,-0.04583106349186887,0.502284362357728,0.11044777203101815,0.07688247762859948,2.959601619331561
4.548999999999854,-3.0799758241839923,-0.045753084620958895,0.5052339190646296,0.10989270958732338,0.07905439486483286,2.9391312230379807
4.549999999999854,-3.079866214156205,-0.04567293550789873,0.5081629376298696,0.10934655012511064,0.08122237417802536,2.918531316884166
4.5509999999998545,-3.079757145741496,-0.045590620134763636,0.5110712891083214,0.10880944353074301,0.08338632878433663,2.8978030442424614
4.551999999999855,-3.0796486098080225,-0.045506142569910195,0.5139588456957416,0.10828154626181401,0.08554617296345014,2.8769475436266956
4.552999999999855,-3.07954059706418,-0.04541950696678663,0.5168254807251167,0.10776302140152444,0.08770182231421544,2.8559659511202264
4.5539999999998555,-3.0794330980519558,-0.04533071756247719,0.519671068665482,0.10725403869775235,0.08985319403060417,2.834859402879671
4.554999999999856,-3.0793261031402546,-0.04523977867596242,0.5224954851232543,0.10675477458240679,0.09200020719375365,2.813629037650958
4.555999999999856,-3.079219602518217,-0.045146694706082756,0.525298606846062,0.10626541216296694,0.09414278307200552,2.792275999235658
4.5569999999998565,-3.079113586188563,-0.04505147012920393,0.5280803117289892,0.10578614117324438,0.0962808454155756,2.770801438842311
4.557999999999857,-3.0790080439610215,-0.04495410949659927,0.5308404788230828,0.10531715786269599,0.09841432072172951,2.749206517234534
4.558999999999857,-3.078902965446211,-0.04485461743238158,0.5335789883437682,0.10485866401750732,0.10054313645534067,2.7274923987139985
4.5599999999998575,-3.0787983400513057,-0.04475299863514321,0.5362957216637675,0.10441086484122881,0.10266721657027485,2.7056602344007077
4.560999999999858,-3.0786941569755264,-0.04464925787811166,0.5389905613100824,0.10397397057351455,0.10478648682822618,2.683711184460286
4.561999999999858,-3.0785904052056194,-0.0445434000078863,0.5416633909773745,0.10354819628682944,0.10690087586517483,2.661646423708397
4.5629999999998585,-3.078487073511312,-0.04443542994130987,0.5443140955422591,0.10313376080587275,0.1090103144921247,2.6394671406937515
4.563999999999859,-3.078384150442294,-0.04432535266388683,0.5469425610760003,0.1027308851775348,0.11111473442919585,2.617174535342066
4.564999999999859,-3.078281624327015,-0.04421317322985876,0.5495486748539159,0.10233979054494184,0.11321406622201702,2.5947698146298435
4.5659999999998595,-3.078179483273986,-0.04409889676492063,0.5521323253591818,0.10196069524185825,0.11530823599456663,2.5722541855714436
4.56699999999986,-3.078077715176471,-0.04398252847296771,0.5546934022778932,0.10159381088111562,0.11739716056863189,2.549628844564799
4.56799999999986,-3.0779763077217077,-0.04386407364880688,0.5572317964811463,0.1012393371654581,0.11948074032640278,2.5268949618516405
4.5689999999998605,-3.077875248406092,-0.04374353769947351,0.5597473999884999,0.10089745510875177,0.12155884902343539,2.5040536595364187
4.569999999999861,-3.077774524558073,-0.043620926177654624,0.5622401059054938,0.10056828424838644,0.12363115027390832,2.481105675983355
4.570999999999861,-3.077674123745362,-0.043496246745159534,0.5647098056461082,0.10025135082079492,0.12569437003052522,2.4580464675858096
4.5719999999998615,-3.0775740335899338,-0.04336950831578392,0.5671563872270188,0.0999467010285713,0.1277477020881861,2.4348759778665996
4.572999999999862,-3.077474241746987,-0.0432407208039199,0.5695797410029791,0.09965467549338944,0.12979218751309127,2.411597423031656
4.573999999999862,-3.077374735479384,-0.04310989261009978,0.5719797603477781,0.09937547556476621,0.1318286915365644,2.3882136207983344
4.5749999999998625,-3.077275501923533,-0.04297703136320817,0.5743563412418463,0.09910915104194697,0.13385789086938105,2.364726960438121
4.575999999999863,-3.0771765282457646,-0.042842144118438646,0.5767093818243902,0.09885559062463867,0.13588025366436818,2.341139363054118
4.576999999999863,-3.077077801803413,-0.04270523757740384,0.5790387819056386,0.09861452298662104,0.1378960155347454,2.3174522444287287
4.5779999999998635,-3.076979310295172,-0.04256631833046461,0.5813444424521337,0.0983855384487484,0.1399051599460023,2.2936665025255856
4.578999999999864,-3.0768810418770225,-0.04242539311123738,0.5836262650824645,0.09816813739678373,0.14190741492349743,2.269782554287891
4.579999999999864,-3.076782985219373,-0.04228246904259467,0.585884151629537,0.09796179972116696,0.14390227500195807,2.24580043123162
4.5809999999998645,-3.0766851294927626,-0.04213755384954444,0.5881180038208768,0.09776605672906681,0.14588904636550556,2.2217199144654427
4.581999999999865,-3.0765874642890205,-0.04199065602150132,0.5903277230975973,0.09758054526888926,0.14786690205465086,2.1975406703694147
4.582999999999865,-3.076489979500405,-0.041841784920714144,0.5925132105550819,0.09740503489917755,0.1498349321908447,2.1732623546618486
4.5839999999998655,-3.076392665182799,-0.04169095084610908,0.59467436696672,0.09723943181835686,0.15179218077860462,2.1488846744575065
4.584999999999866,-3.0762955114223804,-0.041538165066953056,0.5968110928512169,0.09708376897336442,0.15373766831603503,2.124407415285877
4.585999999999866,-3.0761985082156493,-0.0413834398394301,0.5989232885546955,0.09693819077032761,0.15567040350111705,2.0998304457399133
4.5869999999998665,-3.076101645365478,-0.04122678841528186,0.6010108543309615,0.09680292633325635,0.15758975511351467,2.075154310118069
4.587999999999867,-3.076004912500398,-0.041068222175057165,0.6030736942887436,0.0966781191362327,0.1594989597049222,2.0503858914286472
4.588999999999867,-3.075908299062913,-0.04090775169793805,0.6051117176730333,0.09656393426933718,0.16139851929661597,2.025527558497162
4.5899999999998675,-3.0758117943409715,-0.040745386276563565,0.6071248352665161,0.09646056316760501,0.16328833068242496,2.000580707099263
4.590999999999868,-3.075715387420389,-0.040581135717176274,0.6091129592436324,0.09636820693123896,0.16516827663524017,1.975546725923985
4.591999999999868,-3.075619067183105,-0.04041500994787159,0.6110760031666437,0.09628707125624943,0.16703823199658033,1.9504270023558297
4.5929999999998685,-3.0755228223046243,-0.040247019024363374,0.6130138819861044,0.0962173625893833,0.16889806756085252,1.9252229256863924
4.593999999999869,-3.0754266412547606,-0.04007717313269477,0.6149265120436661,0.09615928531814785,0.1707476524273705,1.8999358886998448
4.594999999999869,-3.0753305123007566,-0.03990548259016177,0.6168138110759454,0.0961130398166714,0.17258685532318785,1.8745672883078823
4.5959999999998695,-3.075234423511989,-0.0397319578452864,0.6186756982187472,0.09607882118644596,0.1744155452546144,1.8491185256881113
4.59699999999987,-3.07513836276565,-0.039556609477376686,0.6205120940113065,0.09605681855267989,0.17623359173381786,1.8235910062160927
4.59799999999987,-3.075042317752893,-0.03937944819600743,0.6223229204004332,0.09604721479913245,0.17804086474588382,1.7979861393677186
4.5989999999998705,-3.0749462759850745,-0.039200484840621386,0.6241081007445921,0.09605018664524002,0.1798372345646978,1.772305338693435
4.599999999999871,-3.074850224799768,-0.03901973038036311,0.6258675598180145,0.09606590498819913,0.18162257148679792,1.7465500219181005
4.600999999999871,-3.0747541513663386,-0.03883719591420361,0.6276012238149847,0.09609453544906897,0.18339674552584262,1.7207216111913861
4.6019999999998715,-3.0746580426908774,-0.038652892671380536,0.6293090203544566,0.09613623907583965,0.18515962609271866,1.6948215334972478
4.602999999999872,-3.0745618856203794,-0.038466832012160515,0.630990878485158,0.09619117316791087,0.18691108167479947,1.6688512212226987
4.603999999999872,-3.074465666846039,-0.03827902542892035,0.632646728691344,0.09625949219577185,0.18865097952049387,1.6428121128829023
4.6049999999998725,-3.0743693729055876,-0.03808948454754067,0.6342765028993507,0.09634134879713788,0.19037918533063758,1.6167056539994726
4.605999999999873,-3.0742729901846064,-0.037898221129105396,0.6358801344851042,0.096436894836653,0.19209556295554645,1.5905332981305396
4.606999999999873,-3.074176504916742,-0.0377052470719025,0.6374575582827351,0.09654628252076107,0.19379997409504143,1.564296508053802
4.6079999999998735,-3.0740799031827923,-0.03751057441372474,0.6390087105944551,0.0966696655626897,0.19549227799805907,1.537996757106946
4.608999999999874,-3.0739831709085923,-0.03731421533447248,0.6405335292018547,0.09680720039485254,0.1971723311583081,1.5116355306931293
4.609999999999874,-3.0738862938616744,-0.03711618215906422,0.6420319533787944,0.09695904742747327,0.19883998700266098,1.4852143279625654
4.6109999999998745,-3.0737892576466384,-0.03691648736066344,0.6435039239060704,0.0971253723529466,0.20049509556948497,1.4587346636843999
4.611999999999875,-3.073692047699201,-0.03671514356423314,0.6449493830880552,0.09730634749539999,0.20213750317488333,1.4321980703259691
4.612999999999875,-3.073594649278871,-0.036512163550430396,0.6463682747715284,0.09750215320408294,0.20376705206583098,1.4056061003589853
4.6139999999998755,-3.0734970474602097,-0.03630756025985433,0.6477605443669365,0.09771297928751216,0.2053835800604845,1.3789603288139949
4.614999999999876,-3.0733992271226396,-0.03610134679765922,0.6491261388723405,0.09793902648261107,0.20698692017757808,1.352262356105281
4.615999999999876,-3.073301172938773,-0.03589353643854213,0.6504650069003323,0.09818050794920909,0.20857690025887232,1.3255138111477316
4.6169999999998765,-3.0732028693612365,-0.03568414263210854,0.651777098708222,0.09843765077495037,0.21015334259120427,1.298716354784355
4.617999999999877,-3.0731043006079966,-0.03547317900861219,0.6530623662318145,0.0987106974685656,0.2117160635379324,1.2718716835370198
4.618999999999877,-3.0730054506462112,-0.03526065938505275,0.6543207631230984,0.09899990741015702,0.2132648731936314,1.2449815336820849
4.6199999999998775,-3.072906303174669,-0.035046597771599235,0.6555522447921682,0.09930555821510725,0.21479957508095576,1.218047685634579
4.620999999999878,-3.0728068416049377,-0.03483100837828473,0.6567567684536677,0.09962794695280242,0.21631996591485758,1.1910719685961966
4.621999999999878,-3.0727070490413912,-0.0346139056218894,0.6579342931779785,0.09996739114178,0.21782583546703935,1.1640562653787314
4.6229999999998785,-3.0726069082604064,-0.034395304132891026,0.6590847799472593,0.10032422941824282,0.21931696657287114,1.1370025172485285
4.623999999999879,-3.0725064016891057,-0.03417521876231476,0.6602081917162402,0.10069882174400775,0.22079313533423386,1.1099127285384154
4.624999999999879,-3.072405511384196,-0.03395366458825399,0.6613044934773524,0.10109154898154254,0.22225411158506841,1.0827889706252742
4.6259999999998795,-3.0723042190116443,-0.03373065692175942,0.6623736523292716,0.10150281161612928,0.22369965970198752,1.0556333846492323
4.62699999999988,-3.0722025058281726,-0.03350621131170282,0.6634156375471697,0.10193302734624678,0.2251295398602732,1.0284481820157207
4.62799999999988,-3.0721003526658803,-0.03328034354811111,0.6644304206517774,0.10238262719005183,0.2265435098560593,1.0012356412128591
4.6289999999998805,-3.0719977399216885,-0.0330530696633346,0.6654179754725271,0.10285204966403248,0.22794132763867792,0.9739980986935036
4.629999999999881,-3.071894647553807,-0.032824405930256234,0.6663782781972332,0.10334173247267961,0.22932275472350083,0.9467379303476166
4.630999999999881,-3.0717910550880596,-0.0325943688565633,0.6673113073963922,0.10385210099414813,0.230687560686268,0.9194575181461637
4.6319999999998815,-3.071686941637716,-0.032362975173884014,0.6682170440033288,0.10438355263757781,0.23203552897731866,0.8921591933969847
4.632999999999882,-3.071582285941547,-0.03213024182032946,0.6690954712204946,0.10493643585201211,0.23336646434317254,0.8648451429162567
4.633999999999882,-3.0714770664262456,-0.031896185914660355,0.6699465743046672,0.10551102213584915,0.2346802022125748,0.8375172560001973
4.6349999999998825,-3.071371261301307,-0.031660824719890145,0.6707703401554341,0.1061074687603398,0.23597662051212023,0.8101768765812153
4.635999999999883,-3.07126484869719,-0.031424175593582196,0.6715667565862606,0.10672576900667285,0.23725565456607492,0.7828244049797092
4.636999999999883,-3.0711578068613647,-0.03118625592125568,0.672335811090223,0.10736568551886357,0.23851731614620295,0.7554586712244672
4.6379999999998835,-3.071050114431849,-0.030947083027731727,0.6730774888312117,0.1080266611856494,0.23976171888371922,0.7280760054310182
4.638999999999884,-3.0709417508135686,-0.030706674057417564,0.6737917695654752,0.10870770191754583,0.24098911582432456,0.7006690677895674
4.639999999999884,-3.0708326966866943,-0.030465045804245684,0.6744786234815403,0.10940723000039661,0.24219996445574293,0.6732260386823259
4.6409999999998846,-3.0707229346694707,-0.030222214449888696,0.6751380070836328,0.1101228675324054,0.2433948640078617,0.6457317197537334
4.641999999999885,-3.0706124505486696,-0.029978196569184285,0.6757698611906965,0.11085083526826044,0.24457307121214797,0.6181713622543069
4.642999999999885,-3.0705012336715316,-0.02973300735235194,0.6763741173845669,0.11158743248138614,0.24573693646331973,0.590542715531869
4.6439999999998856,-3.0703892773674357,-0.02948665981976651,0.6769507118668743,0.11232887859244148,0.24688986216168754,0.5628564196528734
4.644999999999886,-3.070276578542501,-0.029239163360914224,0.6774995952544048,0.11307165518616495,0.2480349477219307,0.5351293561847508
4.645999999999886,-3.07016313734163,-0.028990524583133864,0.6780207350618079,0.11381288654071732,0.2491745779413714,0.5073775387870856
4.6469999999998866,-3.070048956450632,-0.028740748098719206,0.6785141128535349,0.11455040407285576,0.25031031328129466,0.47961283816662026
4.647999999999887,-3.069934040418345,-0.02848983733151068,0.6789797198776534,0.1152826453025402,0.2514429687493901,0.45184287306300513
4.648999999999887,-3.0698183951062648,-0.028237795205678536,0.6794175532896478,0.1160085272036136,0.25257274715292516,0.4240720286722654
4.649999999999888,-3.0697020272594804,-0.02798462469539089,0.679827613468409,0.11672734672105739,0.2536993673224476,0.3963025254668967
4.650999999999888,-3.069584944164179,-0.02773032925296764,0.6802099022843472,0.1174387111251607,0.25482217338505975,0.3685352393963218
4.651999999999888,-3.0694671533647773,-0.02747491313692823,0.680564422056659,0.11814248729072631,0.2559402249415686,0.34077026794550325
4.652999999999889,-3.0693486624260973,-0.027218381658917646,0.6808911749737931,0.11883876028836927,0.25705236885181265,0.313007298305014
4.653999999999889,-3.069229478652336,-0.026960740825266737,0.6811901630884837,0.11952797702339535,0.25815850978171356,0.28524682009549845
4.654999999999889,-3.0691096087178975,-0.02670199586921015,0.6814613899287063,0.12021094672332425,0.25926028275226587,0.25749071349299607
4.65599999999989,-3.0689890585916038,-0.02644215133372057,0.6817048601257614,0.1208882611515636,0.26035751917505073,0.22973939141974659
4.65699999999989,-3.0688678336058275,-0.02618121180619742,0.6819205786476636,0.12156053792848356,0.2614498701325114,0.20199321780669333
4.65799999999989,-3.068745938480257,-0.025919182364813515,0.6821085508639405,0.12222841863456783,0.26253694378820025,0.17425263530792487
4.658999999999891,-3.0686233772876093,-0.025656068493282856,0.6822687826336364,0.1228925527019736,0.26361832417823133,0.14651818191162005
4.659999999999891,-3.068500153452415,-0.025391876097001363,0.6824012804046752,0.12355358476211883,0.264693586744714,0.11879049762999555
4.660999999999891,-3.068376269760952,-0.025126611505285328,0.6825060513162702,0.12421214489274733,0.26576231051231675,0.09107032434892813
4.661999999999892,-3.068251728379673,-0.024860281462968255,0.6825831032987584,0.12486884130152044,0.2668240872033643,0.0633585011559304
4.662999999999892,-3.0681265308799004,-0.024592893114215347,0.6826324451672389,0.12552425504502382,0.26787852774544146,0.03565595686479882
4.663999999999892,-3.068000678266926,-0.024324453980930697,0.6826540867068702,0.12617893643003053,0.26892526665391714,0.007963700982921353
4.664999999999893,-3.067874171011999,-0.024054971936658707,0.682648038753755,0.12683340279035699,0.26996396913075016,-0.019717149979060686
4.665999999999893,-3.0677470090859784,-0.02378445515113729,0.6826143134547263,0.12748813732036957,0.2709943733060331,-0.04738504797381876
4.666999999999893,-3.0676191919938147,-0.023512912036998727,0.6825529246607617,0.12814358855968974,0.27201626879560115,-0.0750382032413582
4.667999999999894,-3.067490718809063,-0.023240351198597724,0.6824638880328231,0.12880017075144617,0.2730294722749301,-0.10267479147938438
4.668999999999894,-3.0673615882077825,-0.022966781410172405,0.6823472210679187,0.1294582647918422,0.2740338261706663,-0.1302929664343085
4.669999999999894,-3.067231798501263,-0.022692211591149442,0.6822029431171995,0.13011821954121888,0.27502919752953914,-0.15789086747730324
4.670999999999895,-3.0671013476673066,-0.022416650782175272,0.682031075396872,0.1307803533860174,0.2760154766684411,-0.18546662640072792
4.671999999999895,-3.066970233379854,-0.02214010812256982,0.6818316409926944,0.13144495596436903,0.2769925756970352,-0.21301837345808822
4.672999999999895,-3.0668384530368367,-0.021862592829294196,0.6816046648587945,0.13211228998659563,0.27796042698052636,-0.24054424269058275
4.673999999999896,-3.066706003786176,-0.021584114177465922,0.6813501738114947,0.13278259309735735,0.2789189815917106,-0.2680423765942317
4.674999999999896,-3.066572882549923,-0.021304681482413552,0.6810681965187761,0.13345607973888765,0.27986820778710875,-0.29551093018637353
4.675999999999896,-3.066439086046539,-0.021024304083233674,0.6807587634859512,0.13413294298506903,0.2808080895310634,-0.3229480745310136
4.676999999999897,-3.066304610811372,-0.020742991327793725,0.6804219070380568,0.13481335632437688,0.28173862508341735,-0.35035199978059456
4.677999999999897,-3.066169453215378,-0.02046075255911162,0.6800576612994259,0.13549747537627815,0.2826598256602306,-0.3777209177882708
4.678999999999897,-3.0660336094821647,-0.020177597103036383,0.6796660621708397,0.1361854395308089,0.28357171417245497,-0.4050530643404537
4.679999999999898,-3.0658970757034374,-0.01989353425715054,0.6792471473046184,0.1368773735050223,0.2844743240442042,-0.43234670105472695
4.680999999999898,-3.0657598478529273,-0.019608573280814896,0.6788009560779652,0.13757338881301867,0.28536769810993345,-0.45960011698355385
4.681999999999898,-3.0656219217988987,-0.019322723386277673,0.6783275295648368,0.1382735851485228,0.286251887588244,-0.4868116299597048
4.682999999999899,-3.0654832933153133,-0.019035993730773,0.6778269105065856,0.13897805168061822,0.28712695112897557,-0.5139795877151505
4.683999999999899,-3.0653439580917414,-0.01874839340953738,0.6772991432815844,0.1396868682644061,0.28799295392959795,-0.541102368801355
4.684999999999899,-3.0652039117421075,-0.01845993144967693,0.6767442738740188,0.14040010656913407,0.2888499669165584,-0.5681783833354888
4.6859999999999,-3.065063149812342,-0.018170616804822695,0.6761623498420126,0.14111783112681675,0.28969806598709574,-0.5952060735940607
4.6869999999999,-3.0649216677870283,-0.01788045835051579,0.6755534202852269,0.1418401003046139,0.290537331307036,-0.6221839144728287
4.6879999999999,-3.0647794610951107,-0.01758946488026858,0.6749175358120595,0.1425669672042922,0.2913678466601844,-0.6491104138295594
4.688999999999901,-3.064636525114739,-0.017297645102252443,0.6742547485065543,0.14329848049201496,0.29218969884509166,-0.6759841127242512
4.689999999999901,-3.064492855177316,-0.017005007636566753,0.6735651118951158,0.14403468516150758,0.29300297711516826,-0.7028035855697647
4.690999999999901,-3.0643484465708166,-0.01671156101304763,0.6728486809131132,0.1447756232333613,0.2938077726583259,-0.7295674402044079
4.691999999999902,-3.064203294542436,-0.016417313669578847,0.6721055118714462,0.14552133439287376,0.2946041781125248,-0.7562743178968642
4.692999999999902,-3.0640573943006295,-0.016122273950870614,0.6713356624231362,0.14627185656839733,0.29539228711378446,-0.7829228932929072
4.693999999999902,-3.0639107410166058,-0.015826450107675537,0.6705391915299963,0.14702722645167654,0.2961721938733596,-0.8095118743125976
4.694999999999903,-3.0637633298253273,-0.015529850296414103,0.6697161594294246,0.14778747996110767,0.2969439927808831,-0.8360400020060793
4.695999999999903,-3.0636151558260742,-0.015232482579185391,0.6688666276013603,0.14855265264824447,0.29770777803032206,-0.8625060503756824
4.696999999999903,-3.0634662140826316,-0.014934354924141732,0.6679906587354304,0.14932278004719973,0.2984636432655664,-0.8889088261717698
4.697999999999904,-3.063316499623159,-0.014635475206209341,0.6670883166983117,0.15009789796584536,0.2992116812423653,-0.9152471686696296
4.698999999999904,-3.0631660074397935,-0.014335851208140307,0.6661596665013216,0.15087804271688593,0.2999519835031212,-0.94151994943471
4.699999999999904,-3.063014732488055,-0.014035490621884953,0.6652047742682466,0.15166325128596014,0.30068464006073264,-0.967726072083595
4.700999999999905,-3.06286266968612,-0.013734401050277633,0.6642237072034087,0.15245356143289907,0.30140973908722274,-0.9938644720483357
4.701999999999905,-3.062709813914025,-0.013432590009033575,0.6632165335599629,0.15324901172112548,0.30212736660227096,-1.0199341163520532
4.702999999999905,-3.062556160012881,-0.013130064929059628,0.6621833226084095,0.15404964146890066,0.30283760615596017,-1.045934003404123
4.703999999999906,-3.0624017027841797,-0.012826833159088016,0.6611241446052983,0.15485549061469653,0.3035405384990159,-1.0718631628237023
4.704999999999906,-3.06224643698928,-0.012522901968649493,0.6600390707620908,0.1556665994873822,0.3042362412325203,-1.097720655300873
4.705999999999906,-3.062090357349176,-0.012218278551411136,0.6589281732141385,0.15648300847014715,0.30492478842748383,-1.1235055725051875
4.706999999999907,-3.0619334585446643,-0.01191297002891452,0.6577915249897255,0.15730475754513903,0.3056062502027127,-1.1492170370519292
4.707999999999907,-3.061775735217025,-0.011606983454762795,0.6566291999791097,0.15813188570367243,0.30628069224708465,-1.1748542025368491
4.708999999999907,-3.0616171819693743,-0.01130032581932029,0.6554412729034926,0.1589644302045896,0.3069481752696155,-1.200416253650485
4.709999999999908,-3.061457793368839,-0.01099300405500657,0.6542278192838286,0.1598024256609796,0.307608754357572,-1.225902406383326
4.710999999999908,-3.0612975639497395,-0.010685025042288143,0.6529889154093795,0.16064590293308723,0.30826247821943087,-1.2513119083329554
4.711999999999908,-3.061136488217991,-0.010376395616496158,0.6517246383059074,0.16149488780305474,0.30890938828586423,-1.2766440391237754
4.712999999999909,-3.0609745606569434,-0.010067122575626886,0.650435065703386,0.16234939940544235,0.3095495176384957,-1.3018981109488235
4.713999999999909,-3.06081177573493,-0.009757212689313406,0.649120276003107,0.16320944838677798,0.3101828897335445,-1.3270734692413562
4.714999999999909,-3.0606481279147992,-0.009446672709190338,0.6477803482440468,0.1640750347684978,0.31080951688674463,-1.3521694934810622
4.71599999999991,-3.0604836116657435,-0.009135509380905741,0.6464153620683605,0.16494614549180478,0.3114293984888753,-1.3771855981356942
4.71699999999991,-3.060318221477743,-0.008823729458060783,0.6450253976858668,0.16582275163206914,0.31204251893068324,-1.4021212337333178
4.71799999999991,-3.060151951878962,-0.008511339718369558,0.643610535837401,0.16670480528712975,0.31264884523615544,-1.4269758880529393
4.718999999999911,-3.059984797456404,-0.008198346982315172,0.6421708577569267,0.16759223617194674,0.31324832444007494,-1.4517490874118562
4.719999999999911,-3.0598167528800833,-0.007884758134513095,0.6407064451323248,0.16848494799620026,0.3138408808075451,-1.4764403980166436
4.720999999999911,-3.05964781293087,-0.007570580147849615,0.6392173800648181,0.16938281476680903,0.3144264130889402,-1.5010494273316797
4.721999999999912,-3.0594779725319654,-0.007255820110203848,0.6377037450270439,0.17028567724806787,0.31500479214156685,-1.525575825405363
4.722999999999912,-3.05930722678369,-0.006940485253143349,0.63616562281985,0.17119333992793448,0.3155758594302787,-1.5500192860809943
4.723999999999912,-3.059135571000846,-0.006624582981369737,0.6346030965279741,0.1721055689696145,0.3161394271269076,-1.5743795480076748
4.724999999999913,-3.0589630007513815,-0.0063081209008783515,0.6330162494748497,0.17302209174474936,0.3166952807131499,-1.5986563953556587
4.725999999999913,-3.058789511894454,-0.005991106842853012,0.6314051651768914,0.17394259859507813,0.3172431850556883,-1.622849658124886
4.726999999999913,-3.058615100615394,-0.005673548879434022,0.6297699272977317,0.17486674737718644,0.3177828947199124,-1.6469592119025933
4.727999999999914,-3.0584397634546336,-0.005355455327015509,0.6281106196030607,0.17579417103318826,0.31831416866709183,-1.6709849768588358
4.728999999999914,-3.058263497327715,-0.005036834733097294,0.626427325916979,0.1767244878734945,0.31883678838454993,-1.6949269156581204
4.729999999999914,-3.058086299534113,-0.004717695844329074,0.6247201300811663,0.1776573135484165,0.3193505771166104,-1.7187850298337892
4.730999999999915,-3.057908167753963,-0.004398047556294402,0.6229891159186651,0.17859227306181905,0.31985541670110135,-1.7425593540950524
4.731999999999915,-3.057729100033556,-0.004077898849251174,0.6212343672045845,0.17952901095162582,0.3203512582465293,-1.7662499481290574
4.732999999999915,-3.0575490947621846,-0.0037572587173627064,0.6194559676463146,0.18046719812449788,0.32083812394507344,-1.7898568858030925
4.733999999999916,-3.0573681506442068,-0.0034361361016193017,0.6176540008733878,0.18140653427954134,0.321316096784597,-1.8133802519196258
4.734999999999916,-3.057186266671204,-0.003114539841651264,0.6158285504139566,0.18234674565659567,0.3217852957357558,-1.8368201630255425
4.735999999999916,-3.057003442095826,-0.0027924786423453225,0.6139796996830313,0.18328758317951893,0.3222458659016316,-1.8601767205282258
4.736999999999917,-3.0568196764093734,-0.0024699610579170203,0.6121075320136689,0.18422881840340544,0.32269796291908515,-1.8834499851365922
4.737999999999917,-3.056634969323297,-0.0021469954884404513,0.6102121307029258,0.18517023870619978,0.3231417364729578,-1.9066399668003582
4.738999999999917,-3.056449320755542,-0.001823590192137296,0.6082935790664993,0.18611164298147645,0.32357731818529145,-1.9297466174092233
4.739999999999918,-3.056262730820845,-0.0014997533075238778,0.6063519604993106,0.1870528381081759,0.3240048141918058,-1.9527698261622415
4.740999999999918,-3.0560751998241944,-0.0011754928809117682,0.604387358539538,0.18799363619471746,0.32442430184859944,-1.975709417222437
4.741999999999918,-3.055886728256717,-0.0008508168955551253,0.6023998569340661,0.1889338524577519,0.3248358296111959,-1.998565149137657
4.742999999999919,-3.0556973167934482,-0.0005257332997576073,0.6003895397038513,0.18987330356178772,0.3252394190736511,-2.0213367155083186
4.743999999999919,-3.055506966292593,-0.00020025003221874234,0.5983564912081841,0.19081180626771674,0.3256350682926455,-2.044023746459691
4.744999999999919,-3.0553156777960258,0.00012562495631698883,0.5963007962072208,0.19174917628010008,0.32602275572791634,-2.0666258105833175
4.74599999999992,-3.0551234525308733,0.00045188368547476374,0.5942225399224395,0.1926852272247603,0.32640244433319726,-2.0891424171190107
4.74699999999992,-3.0549302919120658,0.0007785181317131777,0.5921218080948534,0.19361976972141937,0.32677408549856857,-2.111573018240795
4.74799999999992,-3.0547361975457727,0.0011055202185883354,0.5899986870409157,0.1945526105392716,0.3271376226682127,-2.1339170113826524
4.748999999999921,-3.0545411712336388,0.001432881810438887,0.5878532637060848,0.19548355183791857,0.32749299454150066,-2.156173741593789
4.749999999999921,-3.0543452149777353,0.0017605947090501774,0.5856856257160087,0.19641239050426432,0.3278401378187445,-2.178342503951316
4.750999999999921,-3.054148330986114,0.0020886506528350357,0.5834958614252472,0.19733891759984146,0.32817898948457497,-2.200422546084002
4.751999999999922,-3.053950521678858,0.0024170413180717733,0.5812840599633862,0.19826291793417788,0.3285094886390085,-2.2224130708768177
4.752999999999922,-3.053751789694486,0.0027457583217550593,0.5790503112783232,0.1991841697792727,0.32883157789433476,-2.244313239434396
4.753999999999922,-3.0535521378965678,0.003074793225635531,0.5767947061764289,0.20010244473867167,0.32914520435886085,-2.2661221743835096
4.754999999999923,-3.053351569380389,0.003404137541045538,0.5745173363592023,0.20101750778236688,0.32945032022893633,-2.287838963590961
4.755999999999923,-3.053150087479494,0.0037337827341298252,0.5722182944559734,0.20192911745595438,0.3297468830103032,-2.3094626643642275
4.756999999999923,-3.052947695771928,0.0040637202311209625,0.5698976740521395,0.2028370262692218,0.33003485538976624,-2.330992308187974
4.757999999999924,-3.052744398086008,0.0043939414233207805,0.5675555697123835,0.20374098126561452,0.33031420477913,-2.3524269060302596
4.758999999999924,-3.052540198505424,0.004724437671472032,0.5651920769982948,0.20464072476984654,0.3305849025556239,-2.373765454228227
4.759999999999924,-3.052335101373518,0.005055200309230474,0.5628072924798215,0.2055359953063147,0.33084692302671376,-2.3950069409348123
4.760999999999925,-3.0521291112965563,0.005386220645477789,0.5604013137400152,0.206426528676028,0.33110024215213707,-2.4161503530764827
4.761999999999925,-3.0519222331458566,0.005717489965251494,0.5579742393725953,0.2073120591746211,0.3313448360618833,-2.4371946837385563
4.762999999999925,-3.051714472058637,0.00604899952910978,0.5555261689719616,0.2081923209288969,0.33158067941518876,-2.4581389398610294
4.763999999999926,-3.051505833437478,0.00638074057079743,0.5530572031154175,0.20906704932450967,0.33180774365183346,-2.4789821500962357
4.764999999999926,-3.051296322948324,0.006712704293132984,0.5505674433375255,0.2099359824931649,0.3320259951924409,-2.499723372652369
4.765999999999926,-3.05108594651699,0.007044881862096062,0.5480569920967083,0.21079886282440521,0.33223539364840243,-2.5203617029263947
4.766999999999927,-3.0508747103241496,0.007377264399155469,0.5455259527344092,0.21165543846497445,0.3324358901038493,-2.540896280718251
4.767999999999927,-3.0506626207988505,0.007709842971940883,0.5429744294273336,0.21250546476815194,0.33262742553128066,-2.5613262968171853
4.768999999999927,-3.050449684610623,0.008042608583420933,0.5404025271335038,0.2133487056564838,0.33280992939873005,-2.581650998761539
4.769999999999928,-3.0502359086602766,0.008375552159805247,0.5378103515330397,0.21418493486404036,0.3329833185196742,-2.6018696955952474
4.770999999999928,-3.0500213000695355,0.008708664537434794,0.5351980089647487,0.21501393702860366,0.3331474961874972,-2.6219817614768073
4.771999999999928,-3.0498058661696588,0.009041936448961086,0.5325656063597237,0.21583550860980877,0.33330235162471045,-2.641986638037525
4.772999999999929,-3.0495896144892387,0.00937535850913854,0.5299132511732348,0.21664945861588336,0.3334477597640247,-2.661883835432778
4.773999999999929,-3.049372552741376,0.00970892120056473,0.5272410513162272,0.21745560912883602,0.33358358136462757,-2.681672932079551
4.774999999999929,-3.049154688810426,0.010042614859699739,0.524549115087724,0.21825379562527478,0.33370966345355724,-2.70135357312229
4.77599999999993,-3.0489360307385276,0.01037642966347965,0.5218375511093634,0.2190438670970485,0.3338258400697417,-2.720925467713898
4.77699999999993,-3.0487165867121053,0.010710355616811315,0.5191064682631978,0.21982568598219954,0.3339319332778211,-2.740388385236825
4.77799999999993,-3.0484963650485284,0.011044382541198517,0.5163559756337381,0.22059912792198752,0.3340277544108155,-2.7597421506186914
4.778999999999931,-3.048275374183095,0.011378500064705747,0.5135861824550624,0.22136408136379046,0.3341131054953338,-2.778986638916644
4.779999999999931,-3.048053622656475,0.011712697613418057,0.5107971980636302,0.22212044703241673,0.33418778081039163,-2.7981217693544598
4.780999999999931,-3.047831119102743,0.012046964404506148,0.5079891318572562,0.2228681372937914,0.33425156853085364,-2.817147498996845
4.781999999999932,-3.0476078722380873,0.012381289440957897,0.5051620932605164,0.223607075435211,0.3343042524087086,-2.836063816237603
4.782999999999932,-3.0473838908502726,0.012715661507992441,0.5023161916966914,0.2243371948855661,0.33434561344937447,-2.8548707342639665
4.783999999999932,-3.047159183788904,0.013050069171132706,0.4994515365661964,0.2250584383973158,0.3343754315455176,-2.8735682846402133
4.784999999999933,-3.046933759956517,0.013384500775877703,0.4965682372313165,0.22577075720978693,0.33439348703695265,-2.8921565111315055
4.785999999999933,-3.046707628300512,0.013718944448887643,0.49366640300695674,0.22647411021078118,0.3343995621716053,-2.910635463865405
4.786999999999933,-3.0464807978059167,0.014053388100573015,0.49074614315702975,0.22716846311069744,0.3343934424488753,-2.9290051939051254
4.787999999999934,-3.046253277488966,0.014387819428963229,0.48780756689604177,0.22785378764058548,0.3343749178327249,-2.947265748286443
4.788999999999934,-3.046025076391469,0.014722225924720384,0.48485078339539595,0.22853006078286242,0.33434378382721786,-2.965417165550066
4.789999999999934,-3.045796203575925,0.01505659487715889,0.48187590179390893,0.22919726404094506,0.3342998424119079,-2.983459471783733
4.790999999999935,-3.04556666812135,0.015390913381131122,0.47888303121203,0.22985538275183448,0.3342429028383608,-3.001392677173533
4.791999999999935,-3.045336479119766,0.015725168344642045,0.4758722807692592,0.2305044054437686,0.3341727822921885,-3.0192167730520474
4.792999999999935,-3.045105645673315,0.01605934649706156,0.47284375960427744,0.23114432323944137,0.33408930642731055,-3.0369317294216818
4.793999999999936,-3.044874176891942,0.016393434397810703,0.46979757689732743,0.23177512930396502,0.33399230978080874,-3.0545374929248275
4.794999999999936,-3.0446420818916087,0.01672741844540699,0.46673384189441436,0.2323968183357048,0.3338816360777948,-3.0720339852279244
4.795999999999936,-3.0444093697930024,0.01706128488676378,0.46365266393293064,0.2330093860973149,0.33375713843625443,-3.0894211017837647
4.796999999999937,-3.044176049720687,0.017395019826648626,0.46055415246834436,0.23361282898371855,0.33361867948196466,-3.1066987109351523
4.797999999999937,-3.043942130802675,0.01772860923721576,0.4574384171016288,0.2342071436233733,0.3334661313833893,-3.12386665332301
4.798999999999937,-3.04370762217038,0.018062038967537296,0.45430556760714685,0.2347923265089098,0.33329937581602104,-3.140924741562892
4.799999999999938,-3.0434725329589267,0.018395294753067202,0.45115571396073906,0.23536837365310426,0.33311830386502683,-3.157872760155392
4.800999999999938,-3.0432368723077934,0.01872836222498041,0.4479889663677979,0.23593528026611243,0.33292281587432604,-3.174710465597899
4.801999999999938,-3.0430006493617707,0.019061226919337218,0.4448054352911425,0.2364930404499358,0.3327128212494334,-3.1914375866674
4.802999999999939,-3.0427638732722144,0.019393874286030104,0.44160523147853675,0.23704164690619056,0.33248823822057305,-3.208053824846384
4.803999999999939,-3.0425265531985883,0.01972628969747611,0.4383884659897206,0.237581090653393,0.3322489935717431,-3.224558854866297
4.804999999999939,-3.0422886983102884,0.020058458457023278,0.4351552502228489,0.23811136075014844,0.33199502234060735,-3.2409523253453245
4.80599999999994,-3.0420503177887372,0.020390365807044054,0.43190569594025446,0.2386324440208298,0.33172626749332573,-3.2572338594995083
4.80699999999994,-3.0418114208297573,0.020721996936692383,0.42863991529347073,0.23914432478054873,0.3314426795777233,-3.273403055908264
4.80799999999994,-3.041572016646218,0.02105333698930427,0.42535802084746943,0.23964698455645725,0.3311442163575478,-3.2894594893172893
4.808999999999941,-3.0413321144708805,0.02138437106605322,0.42206012559647194,0.24014040211755708,0.33083082960366533,-3.305402754535229
4.809999999999941,-3.0410917235580506,0.02171508416919097,0.4187463428007801,0.24062455511291342,0.330502379413857,-3.3212327527677523
4.810999999999941,-3.040850853186397,0.022045461157140452,0.41541678573661717,0.24109941807274024,0.33015869230596046,-3.3369494940410442
4.811999999999942,-3.040609512661902,0.022375486708841985,0.412071567687867,0.24156496102083844,0.32979960437563155,-3.3525529516121133
4.812999999999942,-3.0403677113228658,0.022705145343553133,0.4087108019836234,0.2420211492041642,0.329424961164558,-3.3680430621985553
4.813999999999942,-3.0401254585448334,0.023034421430517024,0.4053346020337553,0.24246794281730835,0.3290346169972439,-3.383419727908767
4.814999999999943,-3.0398827637457964,0.023363299197415838,0.40194308136259677,0.24290529670765612,0.32862843432407335,-3.398682818055364
4.815999999999943,-3.0396396363918097,0.02369176273860741,0.3985363536425238,0.2433331597692887,0.32820628417357944,-3.413832164599679
4.816999999999943,-3.0393960860035234,0.024019796024956453,0.3951145327399869,0.24375147390101887,0.32776804822416933,-3.428867548333181
4.817999999999944,-3.0391521221628097,0.024347382912169868,0.39167773275807766,0.24416017449846109,0.3273136150417161,-3.443788718020413
4.818999999999944,-3.038907754519523,0.024674507147630163,0.388226068064188,0.24455919031769519,0.32684287859599725,-3.4585953965671035
4.819999999999944,-3.0386629927982263,0.025001152375132007,0.3847596533152617,0.24494844309984123,0.3263557376432507,-3.4732872822165874
4.820999999999945,-3.0384178468053977,0.025327302139364825,0.38127860348190246,0.2453278471910723,0.3258520951198431,-3.4878640496403523
4.821999999999945,-3.0381723264370115,0.025652939889796677,0.37778303387144174,0.24569730916540816,0.3253318575520203,-3.502325350931687
4.822999999999945,-3.0379264416864946,0.025978048983978923,0.3742730601500553,0.24605672745967305,0.3247949344886282,-3.5166708165153713
4.823999999999946,-3.0376802026530347,0.026302612690298943,0.37074879836400537,0.2464059920322995,0.32424123796596094,-3.5309000559910717
4.824999999999946,-3.0374336195502143,0.02662661419021877,0.36721036496006315,0.24674498406018255,0.3236706820165078,-3.545012658933599
4.825999999999946,-3.0371867027149193,0.026950036580050664,0.3636578768051404,0.24707357569046684,0.3230831822362614,-3.5590081956793744
4.826999999999947,-3.036939462616461,0.02727286287233669,0.3600914512051269,0.24739162986685365,0.32247865542831655,-3.5728862181351633
4.827999999999947,-3.0366919098658243,0.027595075996918888,0.35651120592289076,0.2476990002525574,0.3218570193435289,-3.5866462606519653
4.828999999999947,-3.0364440552249383,0.027916658801808485,0.35291725919535116,0.2479955312741435,0.3212181925417341,-3.6002878410133543
4.829999999999948,-3.0361959096158255,0.028237594053987333,0.3493097297494839,0.24828105831178945,0.32056209439904204,-3.6138104615926316
4.830999999999948,-3.035947484129482,0.028557864440300684,0.3456887368170609,0.2485554080615831,0.3198886452874988,-3.627213610735804
4.831999999999948,-3.0356987900342984,0.028877452568626356,0.3420544001478711,0.24881839909381645,0.31919776695233854,-3.64049676442618
4.832999999999949,-3.0354498387838142,0.029196340969528826,0.33840684002111404,0.24906984262734164,0.31848938310844843,-3.6536593882797628
4.833999999999949,-3.035200642023586,0.029514512098625486,0.33474617725461814,0.24930954353350412,0.31776342027092236,-3.6667009399070567
4.834999999999949,-3.034951211596936,0.029831948339902034,0.33107253321150587,0.24953730157370335,0.31701980882422387,-3.679620871655204
4.83599999999995,-3.0347015595493465,0.030148632010211954,0.32738602980393267,0.2497529128623227,0.3162584843204046,-3.6924186337140785
4.83699999999995,-3.0344516981312957,0.030464545365176968,0.3236867894935584,0.2499561715321137,0.3154793889794535,-3.705093677531803
4.83799999999995,-3.0342016397993357,0.03077967060666888,0.3199749352884877,0.2501468715631384,0.3146824733452864,-3.7176454594414445
4.838999999999951,-3.0339513972152883,0.03109398989199686,0.3162505907365358,0.25032480872061347,0.31386769803096903,-3.7300734443555377
4.839999999999951,-3.0337009832434756,0.031407485344848836,0.31251387991484125,0.2504897825334018,0.3130350354689897,-3.742377109344248
4.840999999999951,-3.0334504109459846,0.031720139067944735,0.3087649274160473,0.2506415982355565,0.31218447156960055,-3.754555946883282
4.841999999999952,-3.0331996935760444,0.032031933157259294,0.305003858331494,0.2507800685900794,0.3113160071851393,-3.766609467545579
4.842999999999952,-3.032948844569667,0.032342849717571565,0.3012307982320886,0.25090501551811717,0.3104296592828065,-3.7785372019215617
4.843999999999952,-3.0326978775357847,0.032652870879007374,0.2974458731477176,0.2510162714683521,0.30952546174330414,-3.7903387015882637
4.844999999999953,-3.0324468062451704,0.03296197881416991,0.2936492095462193,0.25111368047936544,0.30860346572709096,-3.8020135390062215
4.845999999999953,-3.0321956446184526,0.03327015575540998,0.28984093431301794,0.2511970989101573,0.3076637395811914,-3.8135613062985847
4.846999999999953,-3.0319444067135706,0.03357738401177766,0.2860211747325251,0.2512663958379836,0.3067063682936664,-3.824981612950334
4.847999999999954,-3.031693106712985,0.03388364598521988,0.2821900584723358,0.25132145314520454,0.30573145253565565,-3.8362740825460193
4.848999999999954,-3.031441758910941,0.034188924185642997,0.27834771357109267,0.25136216533530975,0.30473910735828813,-3.847438348731915
4.849999999999954,-3.031190377701029,0.034493201244536344,0.27449426843067953,0.2513884391309233,0.30372946063076367,-3.858474050635215
4.850999999999955,-3.0309389775642313,0.03479645992694468,0.2706298518131619,0.25140019291270305,0.30270265131510327,-3.8693808279949646
4.851999999999955,-3.030687573057581,0.0350986831416734,0.2667545928426343,0.25139735605798363,0.30165882767261126,-3.880158316256897
4.852999999999955,-3.0304361788035163,0.03539985394970173,0.26286862101189445,0.25137986823292185,0.30059814548849506,-3.890806141860818
4.853999999999956,-3.0301848094799446,0.035699955570859344,0.2589720661936525,0.2513476786833785,0.2995207663866803,-3.901323917910449
4.854999999999956,-3.0299334798110014,0.03599897138888487,0.2550650586558175,0.2513007455594855,0.298426856289266,-3.9117112403683763
4.855999999999956,-3.0296822045584566,0.036296884955030605,0.25114772908028593,0.25123903529827857,0.2973165840567199,-3.9219676848693354
4.856999999999957,-3.029430998513708,0.03659367999040512,0.24722020858458574,0.25116252207902945,0.29619012032774583,-3.9320928041985432
4.857999999999957,-3.0291798764902778,0.0368893403872568,0.24328262874570594,0.25107118735768547,0.2950476365630612,-3.942086126441709
4.858999999999957,-3.0289288533167333,0.03718385020939963,0.23933512162544943,0.2509650194804198,0.29388930428575505,-3.9519471537815765
4.859999999999958,-3.028677943829963,0.037477193691970834,0.2353778197966854,0.25084401337173473,0.29271529450260275,-3.9616753618928144
4.860999999999958,-3.0284271628687214,0.03776935524069145,0.23141085636993347,0.2507081702896468,0.2915257772854531,-3.9712701998722797
4.861999999999958,-3.0281765252673982,0.03806031943077832,0.22743436501977918,0.2505574976389367,0.2903209214891222,-3.98073109063395
4.862999999999959,-3.0279260458499424,0.038350071005632196,0.22344848001069265,0.25039200883293383,0.2891008945815797,-3.9900574316957216
4.863999999999959,-3.0276757394239087,0.03863859487540239,0.2194533362218941,0.25021172319452983,0.2878658625630418,-3.999248596287301
4.864999999999959,-3.027425620774583,0.038925876115506075,0.2154490691709787,0.2500166658878041,0.2866159899524023,-4.008303934713289
4.86599999999996,-3.0271757046591667,0.03921189996515978,0.21143581503607567,0.24980686787259473,0.28535143982182637,-4.017222775912056
4.86699999999996,-3.026926005800999,0.039496651825962736,0.20741371067637282,0.24958236587540236,0.28407237386298506,-4.02600442915836
4.86799999999996,-3.0266765388837964,0.03978011726055663,0.20338289365088535,0.2493432023710672,0.2827789524710982,-4.034648185865082
4.868999999999961,-3.0264273185459163,0.04006228199137367,0.19934350223538924,0.24908942557064523,0.2814713348355196,-4.043153321446659
4.869999999999961,-3.026178359374621,0.040343131899474936,0.1952956754374736,0.24882108941178824,0.28014967902795485,-4.051519097213356
4.870999999999961,-3.025929675900359,0.040622653023472906,0.1912395530096937,0.2485382535486906,0.2788141420814917,-4.059744762271416
4.871999999999962,-3.0256812825910537,0.040900831558526474,0.1871752754608297,0.24824098333930333,0.2774648800554409,-4.067829555409181
4.872999999999962,-3.025433193846409,0.0411776538553923,0.1831029840652727,0.24792934982803538,0.27610204808252353,-4.075772706953642
4.873999999999962,-3.0251854239922333,0.04145310641951364,0.1790228208705741,0.24760342972258384,0.2747258003962283,-4.08357344058544
4.874999999999963,-3.0249379872747895,0.04172717591012621,0.1749349287032049,0.24726330536386373,0.2733362903372174,-4.091230975103285
4.875999999999963,-3.0246908978551827,0.04199984913935988,0.1708394511725783,0.24690906468826831,0.2719336703385126,-4.0987445261311475
4.876999999999963,-3.0244441698037843,0.04227111307131518,0.1667365326733961,0.24654080118168936,0.2705180918898726,-4.106113307763422
4.877999999999964,-3.024197817094712,0.04254095482109416,0.1626263183863823,0.24615861382487939,0.2690897054823032,-4.113336534144746
4.878999999999964,-3.023951853600363,0.042809361653766344,0.15850895427747042,0.24576260702985547,0.26764866053405045,-4.120413420982257
4.879999999999964,-3.023706293086021,0.04307632098325229,0.15438458709551295,0.24535289056713414,0.26619510529972895,-4.12734318698893
4.880999999999965,-3.023461149204536,0.04334182037110845,0.15025336436858244,0.24492957948365787,0.26472918676446044,-4.1341250552572255
4.881999999999965,-3.0232164354910944,0.04360584752519964,0.14611543439893362,0.24449279401133245,0.26325105052504577,-4.140758254562767
4.882999999999965,-3.022972165358083,0.04386839029824699,0.14197094625669707,0.24404265946614295,0.2617608406602878,-4.147242020598033
4.883999999999966,-3.0227283520900583,0.04412943668624185,0.13782004977237391,0.2435793061378615,0.2602586995926315,-4.153575597136294
4.884999999999966,-3.0224850088388346,0.04438897482671773,0.13366289552820151,0.24310286917040178,0.258744767943295,-4.15975823712616
4.885999999999966,-3.0222421486186906,0.04464699299687511,0.1294996348484589,0.24261348843291766,0.2572191843830481,-4.165789203717172
4.886999999999967,-3.021999784301714,0.04490347961155571,0.12533041978878093,0.24211130838178563,0.2556820854807458,-4.171667771216973
4.887999999999967,-3.0217579286132863,0.04515842322106506,0.12115540312454945,0.24159647791365554,0.25413360555166054,-4.177393225980574
4.888999999999967,-3.0215165941277213,0.045411812508844004,0.11697473833842854,0.24106915020980063,0.25257387650757296,-4.182964867232329
4.889999999999968,-3.021275793264059,0.04566363628899208,0.11278857960711147,0.24052948257204573,0.2510030277104844,-4.188382007821204
4.890999999999968,-3.0210355382820344,0.04591388350364706,0.10859708178734527,0.23997763625060323,0.24942118583170644,-4.193643974910011
4.891999999999968,-3.0207958412782134,0.046162543220227,0.10440040040129892,0.23941377626419727,0.24782847471796515,-4.198750110599284
4.892999999999969,-3.020556714182322,0.04640960462854248,0.10019869162133994,0.23883807121290923,0.2462250152660327,-4.203699772486567
4.893999999999969,-3.0203181687537586,0.04665505703778834,0.09599211225428368,0.2382506930842295,0.24461092530726816,-4.208492334161937
4.894999999999969,-3.0200802165783074,0.046898889873425435,0.09178081972517851,0.2376518170528521,0.24298631950331318,-4.213127185640686
4.89599999999997,-3.0198428690650534,0.04714109267396406,0.08756497206068946,0.23704162127479908,0.2413513092540486,-4.217603733734158
4.89699999999997,-3.019606137443505,0.047381655087661956,0.08334472787214128,0.23642028667650908,0.23970600261877711,-4.221921402359897
4.89799999999997,-3.019370032760934,0.047620566869150345,0.07912024633828138,0.23578799673956966,0.23805050425145288,-4.226079632792335
4.898999999999971,-3.0191345658799253,0.047857817876002524,0.07489168718782103,0.23514493728181385,0.23638491535063627,-4.230077883855415
4.899999999999971,-3.018899747476156,0.04809339806526009,0.07065921068181254,0.23449129623553833,0.23470933362470908,-4.233915632058672
4.900999999999971,-3.018665588036387,0.048327297489931975,0.06642297759591773,0.23382726342363178,0.23302385327274405,-4.237592371678427
4.901999999999972,-3.0184320978566914,0.048559506295482474,0.062183149202622016,0.23315303033442825,0.23132856498128518,-4.241107614785911
4.902999999999972,-3.018199287040897,0.0487900147163239,0.05793988725344611,0.23246878989611985,0.2296235559371591,-4.244460891224264
4.903999999999972,-3.017967165499261,0.04901881307233018,0.05369335396120528,0.23177473625157644,0.227908909856309,-4.247651748536507
4.904999999999973,-3.0177357429473677,0.0492458917653871,0.04944371198236439,0.23107106453442627,0.22618470702851629,-4.250679751846693
4.905999999999973,-3.017505028905247,0.049471241275995254,0.04519112439953408,0.23035797064725097,0.22445102437775735,-4.253544483696612
4.906999999999973,-3.017275032696718,0.04969485215994084,0.04093575470415149,0.2296356510427405,0.22270793553783041,-4.256245543840489
4.907999999999974,-3.017045763448943,0.0499167150450497,0.036677766779386244,0.22890430250863888,0.22095551094278296,-4.2587825490002515
4.908999999999974,-3.016817230092203,0.05013682062803878,0.03241732488330969,0.22816412195728986,0.2191938179315748,-4.261155132584025
4.909999999999974,-3.016589441359871,0.05035515967147916,0.02815459363236297,0.2274153062205632,0.21742292086632373,-4.263362944370577
4.910999999999975,-3.016362405788596,0.050571723000883875,0.02388973798515647,0.22665805185090773,0.21564288126340247,-4.265405650162499
4.911999999999975,-3.0161361317186772,0.05078650150193279,0.01962292322663053,0.22589255492923635,0.21385375793658717,-4.267282931410952
4.912999999999975,-3.01591062729463,0.05099948611784639,0.015354314952604425,0.22511901088030226,0.21205560715139787,-4.26899448481482
4.913999999999976,-3.0156859004659298,0.051210667846919064,0.01108407905473782,0.22433761429617521,0.21024848278972214,-4.270540021897135
4.914999999999976,-3.0154619589879297,0.051420037740221795,0.0068123817059259515,0.2235485587683712,0.20843243652377305,-4.2719192685616045
4.915999999999976,-3.015238810422942,0.05162758689948303,0.002539389346147054,0.22275203672913077,0.20660751799840255,-4.273131964632051
4.916999999999977,-3.015016462141473,0.05183330647515564,-0.001734731331222275,0.2219482393022799,0.20477377502076996,-4.2741778633775445
4.917999999999977,-3.0147949213235985,0.05203718766467678,-0.006009813392610822,0.22113735616404506,0.2029312537563536,-4.275056731025918
4.918999999999977,-3.014574194960482,0.05223922171092652,-0.010285689676965318,0.2203195754141289,0.20107999893029013,-4.275768346268302
4.919999999999978,-3.0143542898560085,0.0524393999008901,-0.014562192807964114,0.21949508345728908,0.19922005403303028,-4.276312499757218
4.920999999999978,-3.014135212628534,0.05263771356452746,-0.01883915520572677,0.21866406489559861,0.1973514615293123,-4.276688993600676
4.921999999999978,-3.013916969712738,0.05283415407385313,-0.023116409098016703,0.21782670243150254,0.19547426306947216,-4.276897640854615
4.922999999999979,-3.0136995673615683,0.0530287128422281,-0.02739378653093642,0.21698317678172457,0.19358849970213543,-4.276938265015899
4.923999999999979,-3.0134830116482636,0.05322138132386472,-0.031671119379116874,0.21613366660201822,0.19169421208736467,-4.276810699517971
4.924999999999979,-3.013267308468449,0.05341215101354462,-0.03594823935540466,0.21527834842270055,0.1897914407093711,-4.276514787231134
4.92599999999998,-3.013052463542288,0.053601013446548766,-0.04022497802005258,0.21441739659485431,0.18788022608793756,-4.276050379969319
4.92699999999998,-3.0128384824166865,0.05378796019879787,-0.04450116678942095,0.21355098324703423,0.1859606089877407,-4.275417338005033
4.92799999999998,-3.0126253704675303,0.05397298288720089,-0.04877663694419861,0.21267927825226907,0.18403263062480335,-4.274615529594108
4.928999999999981,-3.0124131329019543,0.05415607317020813,-0.05305121963715424,0.21180244920511004,0.18209633286935345,-4.273644830511696
4.929999999999981,-3.0122017747606287,0.05433722274856519,-0.05732474590042981,0.2109206614084395,0.1801517584444104,-4.2725051236008715
4.930999999999981,-3.0119913009200525,0.05451642336626308,-0.0615970466523895,0.21003407786972256,0.17819895111946604,-4.271196298335076
4.931999999999982,-3.011781716094849,0.05469366681167924,-0.06586795270403846,0.2091428593063568,0.1762379558986725,-4.269718250395524
4.932999999999982,-3.0115730248400463,0.05486894491890396,-0.07013729476502692,0.20824716415975247,0.1742688192029928,-4.268070881264607
4.933999999999982,-3.011365231553347,0.055042249569245506,-0.07440490344925602,0.20734714861775694,0.1722915890458139,-4.266254097836223
4.934999999999983,-3.011158340477363,0.05521357269290754,-0.07867060928010289,0.2064429666450224,0.17030631520156236,-4.264267812043882
4.935999999999983,-3.010952355701826,0.05538290627083146,-0.08293424269528299,0.20553477002090556,0.16831304936690264,-4.262111940507359
4.936999999999983,-3.0107472811657443,0.05555024233669601,-0.08719563405136871,0.2046227083844803,0.16631184531413468,-4.259786404198594
4.937999999999984,-3.010543120659524,0.0557155729790663,-0.09145461362798374,0.2037069292862401,0.16430275903644315,-4.257291128127476
4.938999999999984,-3.010339877827025,0.05587889034368385,-0.09571101163169346,0.20278757824606583,0.1622858488846829,-4.254626041048108
4.939999999999984,-3.010137556167563,0.05604018663588906,-0.09996465819961199,0.20186479881703487,0.1602611756954164,-4.251791075186069
4.940999999999985,-3.0099361590378404,0.05619945412316724,-0.1042153834027473,0.20093873265465045,0.15822880290994729,-4.248786165987178
4.941999999999985,-3.0097356896538088,0.0563566851378091,-0.10846301724910597,0.20000951959107466,0.15618879668412083,-4.245611251888211
4.942999999999985,-3.009536151092453,0.05651187207967626,-0.11270738968657981,0.19907729771395308,0.15414122598868818,-4.242266274109984
4.943999999999986,-3.0093375462934935,0.056665007419062455,-0.11694833060563702,0.19814220344942607,0.15208616270005398,-4.238751176473186
4.944999999999986,-3.0091398780610055,0.05681608369964048,-0.12118566984184052,0.1972043716489271,0.1500236816812508,-4.23506590523731
4.945999999999986,-3.008943149064951,0.056965093541485275,-0.12541923717821712,0.1962639356793761,0.1479538608530051,-4.231210408963003
4.946999999999987,-3.008747361842614,0.05711202964416299,-0.12964886234750067,0.19532102751638142,0.14587678125478193,-4.227184638398115
4.947999999999987,-3.008552518799946,0.057256884789876075,-0.13387437503427332,0.19437577784006954,0.1437925270957162,-4.222988546387686
4.948999999999987,-3.008358622212812,0.05739965184665425,-0.13809560487702888,0.1934283161331677,0.14170118579536112,-4.218622087808088
4.949999999999988,-3.008165674228149,0.0575403237716068,-0.14231238147010283,0.19247877066671912,0.13960284830759656,-4.21408521821997
4.950999999999988,-3.0079736768660608,0.057678893616865956,-0.14652453435607862,0.19152726697344113,0.13749761332847382,-4.209377875244975
4.951999999999988,-3.007782632021936,0.05781535453588694,-0.15073189300733478,0.1905739284952104,0.13538558591742858,-4.204499984805455
4.952999999999989,-3.007592541468263,0.05794969978922855,-0.15493428682316823,0.1896188779124515,0.1332668743498508,-4.199451475159949
4.953999999999989,-3.007403406855195,0.0580819227473973,-0.15913154513258707,0.1886622372853976,0.13114159000876968,-4.194232277375992
4.954999999999989,-3.0072152297110817,0.05821201689384509,-0.16332349719714645,0.18770412815680354,0.12900984736575727,-4.188842325386097
4.95599999999999,-3.0070280114429333,0.05833997582804407,-0.16750997221385325,0.18674467165443523,0.1268717639517148,-4.183281556069119
4.95699999999999,-3.006841753336786,0.05846579326852723,-0.17169079931816458,0.18578398859295517,0.12472746031768278,-4.177549909356588
4.95799999999999,-3.006656456557964,0.05858946305588486,-0.17586580758710493,0.18482219957482154,0.12257705998584748,-4.171647328363532
4.958999999999991,-3.0064721221512425,0.05871097915570727,-0.18003482604252613,0.18385942508981665,0.12042068939094552,-4.165573759543179
4.959999999999991,-3.006288751040912,0.05883033566146415,-0.18419768365453362,0.18289578561281838,0.11825847781230121,-4.15932915286484
4.960999999999991,-3.006106344030744,0.05894752679731141,-0.18835420934510197,0.18193140169942626,0.11609055729676061,-4.152913462014151
4.961999999999992,-3.0059249018038634,0.05906254692081651,-0.1925042319919013,0.18096639407905166,0.11391706257281779,-4.146326644614713
4.962999999999992,-3.0057444249225327,0.05917539052559371,-0.19664758043235578,0.18000088374507986,0.11173813095625794,-4.139568662470098
4.963999999999992,-3.005564913827841,0.05928605224384077,-0.20078408346795354,0.17903499204171053,0.1095539022476707,-4.132639481825015
4.964999999999993,-3.0053863688393125,0.05939452684876936,-0.20491356986882714,0.17806884074708265,0.10736451862221379,-4.125539073644335
4.965999999999993,-3.005208790154434,0.05950080925692141,-0.20903586837862115,0.1771025521522899,0.1051701245120316,-4.118267413908551
4.966999999999993,-3.005032177848103,0.0596048945303645,-0.21315080771966283,0.17613624913589357,0.1029708664817563,-4.110824483924118
4.967999999999994,-3.004856531872006,0.05970677787875941,-0.21725821659844996,0.17517005523354198,0.10076689309753736,-4.1032102706470015
4.968999999999994,-3.0046818520539293,0.05980645466129363,-0.221357923711468,0.17420409470230813,0.0985583547900629,-4.095424767017661
4.969999999999994,-3.0045081380970062,0.0599039203884752,-0.22544975775134726,0.17323849257936128,0.09634540371204765,-4.087467972305554
4.970999999999995,-3.0043353895789124,0.05999917072378133,-0.22953354741336834,0.17227337473459284,0.0941281935906718,-4.079339892461164
4.971999999999995,-3.0041636059510086,0.06009220148515722,-0.23360912140232273,0.17130886791682293,0.09190687957545954,-4.0710405404734455
4.972999999999995,-3.0039927865374425,0.060183008646360656,-0.2376763084397324,0.17034509979322027,0.08968161808208613,-4.062569936730461
4.973999999999996,-3.003822930534211,0.060271588338148614,-0.24173493727143072,0.1693821989815761,0.08745256663259894,-4.05392810938091
4.974999999999996,-3.0036540370082014,0.0603579368493024,-0.24578483667550458,0.16842029507508055,0.08521988369252838,-4.045115094694156
4.975999999999996,-3.003486104896203,0.06044205062748864,-0.2498258354705944,0.16745951865925907,0.08298372850535284,-4.0361309374162575
4.976999999999997,-3.0033191330039117,0.060523926279953545,-0.2538577625245474,0.1665000013207364,0.08074426092476317,-4.026975691119436
4.977999999999997,-3.003153120004928,0.06060356057404849,-0.2578804467634157,0.1655418756475051,0.07850164124515127,-4.017649418542323
4.978999999999997,-3.0029880644397586,0.06068095043758541,-0.2618937171807892,0.16458527522038693,0.07625603003072129,-4.008152191918273
4.979999999999998,-3.0028239647148336,0.060756092959020715,-0.26589740284744934,0.1636303345953857,0.07400758794359237,-3.998484093288916
4.980999999999998,-3.0026608191015427,0.06082898538746702,-0.26989133292132816,0.16267718927664335,0.07175647557122858,-3.988645214800084
4.981999999999998,-3.0024986257353037,0.06089962513253197,-0.2738753366577529,0.16172597567972188,0.06950285325349588,-3.9786356589771517
4.982999999999999,-3.0023373826146775,0.060968009763984185,-0.27784924341995454,0.1607768310849482,0.06724688090960704,-3.968455538976771
4.983999999999999,-3.002177087600527,0.06103413701124602,-0.2818128826898152,0.15982989358057278,0.06498871786517482,-3.958104978811899
4.984999999999999,-3.002017738415245,0.06109800476271368,-0.2857660840788254,0.1588853019955092,0.0627285226795519,-3.9475841135469745
4.986,-3.0018593326420495,0.0611596110649047,-0.2897086773392208,0.15794319582143962,0.060466452973593224,-3.9368930894600074
4.987,-3.0017018677243663,0.06121895412143356,-0.2936404923752626,0.15700371512409136,0.0582026652579354,-3.9260320641683295
4.988,-3.001545340965304,0.06127603229181578,-0.2975613592546245,0.1560670004435151,0.05593731476184597,-3.9150012067146895
4.989000000000001,-3.001389749527233,0.06133084409010122,-0.3014711082198445,0.1551331926832223,0.053670555262659056,-3.903800697610369
4.990000000000001,-3.0012350904314835,0.06138338818333703,-0.3053695696997967,0.1542024329880754,0.05140253891577975,-3.892430728832009
4.991000000000001,-3.001081360558169,0.061433663389860865,-0.3092565743211355,0.1532748626108656,0.04913341608521266,-3.880891503768879
4.992000000000002,-3.0009285566461523,0.06148166867742497,-0.3131319529196614,0.15235062276756378,0.04686333517455071,-3.8691832371174306
4.993000000000002,-3.000776675293156,0.06152740316115128,-0.3169955365515529,0.15142985448129398,0.04459244245835183,-3.8573061547201473
4.994000000000002,-3.000625712956041,0.06157086610131822,-0.320847156504409,0.15051269841515325,0.04232088191383604,-3.8452604933459864
4.995000000000003,-3.0004756659512553,0.061612056900979206,-0.32468664430804167,0.14959929469409655,0.0400487950528572,-3.8330465004101004
4.996000000000003,-3.0003265304554616,0.06165097510341336,-0.3285138317449568,0.14868978271621747,0.03777632075414654,-3.8206644336310918
4.997000000000003,-3.0001783025063675,0.06168762038940856,-0.3323285508604608,0.1477843009538924,0.03550359509589309,-3.8081145606248277
4.998000000000004,-3.0000309780037533,0.06172199257437734,-0.3361306339723295,0.1468829867454202,0.03323075118882554,-3.795397158434869
4.999000000000004,-2.9998845527107125,0.061754091605306205,-0.3399199136799758,0.14598597607798505,0.03095791901009534,-3.782512513000926
5.000000000000004,-2.999739022255117,0.06178391755753949,-0.3436962228730565,0.14509340336300158,0.028685225238441085,-3.769460918568488
5.001000000000005,-2.999594382131306,0.061811470631399267,-0.34745939473946125,0.14420540120517228,0.026412793091343315,-3.756242677045021
5.002000000000005,-2.9994506277020117,0.061836751148643856,-0.35120926277263415,0.1433221001669011,0.024140742165167303,-3.7428580973108736
5.003000000000005,-2.9993077542005206,0.06185975954876853,-0.3549456607781884,0.1424436285300657,0.021869188279643723,-3.729307494496502
5.004000000000006,-2.9991657567330727,0.06188049638515358,-0.3586684228797878,0.14157011205755354,0.019598243328461197,-3.7155911892417617
5.005000000000006,-2.999024630281498,0.061898962321067064,-0.3623773835242866,0.14070167375741327,0.01732801513824317,-3.7017095069580157
5.0060000000000064,-2.9988843697060883,0.0619151581255318,-0.36607237748614413,0.139838433652953,0.015058607338755803,-3.687662777119615
5.007000000000007,-2.998744969748693,0.06192908466906979,-0.36975323987115877,0.1389805085626216,0.012790119247838643,-3.673451332617991
5.008000000000007,-2.9986064250360274,0.06194074291934059,-0.37341980611960407,0.13812801189401722,0.010522645775251945,-3.659075509219014
5.0090000000000074,-2.9984687300831774,0.06195013393669513,-0.3770719120088938,0.13728105345685418,0.008256277350371613,-3.644535645172252
5.010000000000008,-2.998331879297285,0.06195725886967148,-0.38070939365595535,0.13643973930014489,0.005991099879396005,-3.6298320810289475
5.011000000000008,-2.9981958669813733,0.06196211895046525,-0.3843320875195525,0.1356041715791759,0.003727194738403766,-3.6149651597333623
5.0120000000000084,-2.998060687338295,0.061964715490413935,-0.3879398304028652,0.13477444845801648,0.0014646388091445425,-3.599935227058821
5.013000000000009,-2.9979263344747533,0.06196504987554131,-0.3915324594567098,0.1339506640532342,-0.0007964954352424557,-3.584742632464269
5.014000000000009,-2.997792802405361,0.0619631235622156,-0.3951098121838574,0.1331329084241379,-0.003056139787417013,-3.5693877304480863
5.0150000000000095,-2.997660085056677,0.0619589380729818,-0.3986717264449862,0.1323212676141657,-0.005314230099272267,-3.5538708824717116
5.01600000000001,-2.9975281762711825,0.06195249499263464,-0.4022180404668682,0.13151582374693802,-0.007570706006062233,-3.5381924595146153
5.01700000000001,-2.997397069811128,0.06194379596460372,-0.40574859285344506,0.1307166551789909,-0.009825510577500664,-3.5223528453027204
5.0180000000000105,-2.9972667593621996,0.06193284268772443,-0.40926322260047643,0.12992383670931829,-0.01207858989473913,-3.506352440223193
5.019000000000011,-2.9971372385369497,0.061919636913467885,-0.41276176911443696,0.12913743984367093,-0.014329892555566517,-3.4901916658991707
5.020000000000011,-2.997008500877938,0.0619041804436988,-0.4162440722362892,0.12835753310923217,-0.016579369114316973,-3.4738709703490667
5.0210000000000115,-2.996880539860533,0.06188647512902133,-0.4197099722706553,0.12758418241302508,-0.01882697146760357,-3.457390833598922
5.022000000000012,-2.996753348895341,0.06186652286775951,-0.4231593100207513,0.12681745143545683,-0.021072652201750072,-3.440751773556939
5.023000000000012,-2.996626921330223,0.06184432560560089,-0.4265919268292251,0.12605740204903831,-0.023316363922184863,-3.4239543519028417
5.0240000000000125,-2.9965012504518898,0.06181988533590971,-0.4300076646247713,0.125304094751759,-0.02555805858852199,-3.4069991796984147
5.025000000000013,-2.996376329487057,0.06179320410069141,-0.4334063659740829,0.12455758910499307,-0.027797686881015794,-3.389886922397346
5.026000000000013,-2.9962521516031657,0.0617642839921642,-0.4367878741383763,0.12381794416716702,-0.030035197624069147,-3.372618303929446
5.0270000000000135,-2.9961287099086737,0.061733127154868825,-0.44015203313341156,0.12308521891658507,-0.03227053729024108,-3.3551941095611326
5.028000000000014,-2.996005997452929,0.06169973578822623,-0.4434986877916577,0.12235947265948202,-0.03450364960377008,-3.3376151872918562
5.029000000000014,-2.9958840072256456,0.06166411214943673,-0.4468276838250533,0.12164076542215065,-0.03673447525636604,-3.319882447631434
5.0300000000000145,-2.9957627321559945,0.06162625855660523,-0.45013886788670915,0.12092915832843719,-0.03896295174058496,-3.301996861708123
5.031000000000015,-2.995642165111321,0.06158617739197547,-0.4534320876299059,0.120224713965643,-0.04118901329834188,-3.283959457770384
5.032000000000015,-2.9955222988955024,0.061543871105162455,-0.4567071917628573,0.11952749674267847,-0.043412590974944855,-3.265771316253709
5.0330000000000155,-2.9954031262469476,0.06149934221628459,-0.45996403009792936,0.11883757324413931,-0.04563361276324254,-3.2474335636753633
5.034000000000016,-2.9952846398362474,0.061452593318914894,-0.46320245359430273,0.11815501258294897,-0.0478520038186248,-3.2289473656849403
5.035000000000016,-2.995166832263468,0.06140362708279052,-0.4664223143934141,0.11747988675261263,-0.050067686723934024,-3.2103139196319668
5.0360000000000165,-2.995049696055096,0.061352446256241,-0.469623465846875,0.11681227097830539,-0.052280581783752486,-3.191534447012863
5.037000000000017,-2.9949332236606327,0.06129905366831517,-0.47280576253691936,0.1161522440643138,-0.05449060732967656,-3.1726101861320246
5.038000000000017,-2.994817407448843,0.06124345223060351,-0.4759690602897402,0.11549988873403993,-0.056697680021562245,-3.1535423852623707
5.0390000000000175,-2.9947022397036758,0.06118564493876573,-0.47911321618233227,0.11485529195802628,-0.05890171513375933,-3.134332296527623
5.040000000000018,-2.994587712619854,0.06112563487378231,-0.4822380885436453,0.11421854526532153,-0.06110262681951771,-3.1149811706601165
5.041000000000018,-2.994473818298176,0.061063425202953735,-0.48534353695097115,0.11358974503392921,-0.06330032835062822,-3.0954902527212216
5.0420000000000185,-2.9943605487405267,0.0609990191806722,-0.48842942222254687,0.11296899275694625,-0.0654947323326667,-3.0758607788118337
5.043000000000019,-2.994247895844644,0.060932420148988906,-0.49149560640735573,0.11235639528214808,-0.0676857508987953,-3.0560939737511426
5.044000000000019,-2.994135851398653,0.06086363153799627,-0.4945419527730679,0.11175206502404889,-0.06987329588690329,-3.036191049664467
5.0450000000000195,-2.9940244070754094,0.0607926568660388,-0.49756832579298865,0.11115612014871201,-0.07205727900598931,-3.0161532053952183
5.04600000000002,-2.993913554426662,0.060719499739760305,-0.5005745911327893,0.1105686847326849,-0.07423761199819227,-2.9959816266408916
5.04700000000002,-2.9938032848770746,0.06064416385398853,-0.5035606156376919,0.10998988889829339,-0.07641420680288177,-2.975677486706566
5.0480000000000205,-2.9936935897181227,0.060566652991452155,-0.5065262673206716,0.10941986892808654,-0.07858697572882754,-2.9552419477697383
5.049000000000021,-2.993584460101882,0.06048697102231946,-0.5094714153521371,0.10885876736142643,-0.08075583163976474,-2.934676162555358
5.050000000000021,-2.9934758870347293,0.06040512190354283,-0.5123959300514519,0.10830673307602749,-0.08292068815770565,-2.9139812763278394
5.0510000000000215,-2.9933678613709715,0.06032110967798991,-0.5152996828805706,0.10776392135662302,-0.08508145988712479,-2.8931584291160273
5.052000000000022,-2.9932603738064065,0.060234938473339474,-0.5181825464399853,0.10723049395181634,-0.08723806266162075,-2.872208758096211
5.053000000000022,-2.9931534148718377,0.06014661250071957,-0.5210443944671054,0.10670661911847949,-0.08939041381273222,-2.851133400066199
5.0540000000000225,-2.99304697492655,0.06005613605306711,-0.5238851018371316,0.10619247165067983,-0.09153843245808956,-2.829933493949233
5.055000000000023,-2.9929410441517685,0.05996351350319223,-0.526704544566424,0.10568823288688785,-0.09368203980275984,-2.808610183269153
5.056000000000023,-2.9928356125441242,0.05986874930153943,-0.5295025998183069,0.10519409068493774,-0.09582115944312915,-2.787164618536823
5.0570000000000235,-2.992730669909167,0.0597718479736508,-0.5322791459111871,0.10471023934860299,-0.09795571765644376,-2.7655979594811946
5.058000000000024,-2.9926262058550326,0.05967281411746978,-0.5350340623284919,0.10423687925568612,-0.10008564306978189,-2.743911374743275
5.059000000000024,-2.9925222097877286,0.05957165240408778,-0.5377672297182445,0.10377421448366513,-0.10221086138377822,-2.722106021940844
5.0600000000000245,-2.992418670906644,0.059468367578135416,-0.5404785298846845,0.10332245353668296,-0.10433129827530607,-2.70018306018567
5.061000000000025,-2.9923155782003237,0.059362964457661205,-0.5431678457986387,0.1028818100142447,-0.10644688249705604,-2.678143663541772
5.062000000000025,-2.992212920441573,0.059255447930684366,-0.5458350616126281,0.1024525017384584,-0.10855754545519865,-2.655989020889265
5.0630000000000255,-2.9921106861838247,0.059145822952922096,-0.5484800626749821,0.10203474946327391,-0.1106632202443994,-2.6337203342814135
5.064000000000026,-2.9920088637590765,0.059034094546881286,-0.5511027355415049,0.10162877506022266,-0.1127638399906905,-2.611338815598894
5.065000000000026,-2.9919074412779763,0.058920267803082536,-0.5537029679826905,0.10123479901381954,-0.11485933520132935,-2.5888456808722573
5.0660000000000265,-2.9918064066328447,0.05880434788460793,-0.5562806489837516,0.1008530370189714,-0.11694962970915024,-2.566242141427225
5.067000000000027,-2.9917057475046596,0.05868634003664545,-0.5588356687337539,0.100483695427463,-0.11903463465597905,-2.5435293907355536
5.068000000000027,-2.9916054513752925,0.058566249603341065,-0.5613679185988685,0.10012696524557885,-0.12111423979051116,-2.5207085855389404
5.0690000000000275,-2.991505505546615,0.058444082055076216,-0.5638772910731741,0.09978301435251344,-0.12318830119099268,-2.49778081951472
5.070000000000028,-2.9914058973198716,0.058319843794219485,-0.5663636787990955,0.09945165616664214,-0.12525498605200205,-2.474744140117612
5.071000000000028,-2.991306614243573,0.05819354346293107,-0.5688269704709944,0.09913255231335719,-0.12731154067557127,-2.4515949810954774
5.0720000000000285,-2.9912076439045436,0.058065190807811404,-0.5712670549495049,0.09882605460279204,-0.1293588686016984,-2.428336348273509
5.073000000000029,-2.991108973597912,0.05793479478591368,-0.5736838242881848,0.09853242394992257,-0.13139791114825244,-2.4049712385035726
5.074000000000029,-2.9910105903864785,0.05780236328909015,-0.5760771733335972,0.09825177529416099,-0.1334294278120753,-2.381502235464346
5.0750000000000295,-2.990912481296044,0.0576679035481381,-0.5784469992945747,0.09798406587177631,-0.13545397917799895,-2.3579314728984224
5.07600000000003,-2.990814633475899,0.05753142234273799,-0.5807932012715444,0.09772909022226399,-0.1374719037981612,-2.334260593651163
5.07700000000003,-2.9907170343566984,0.057392926234757766,-0.5831156797499747,0.09748649156869565,-0.13948329516478092,-2.310490722733597
5.0780000000000305,-2.990619671784951,0.05725242181964734,-0.5854143360845664,0.09725579859044402,-0.1414879897777805,-2.286622480006928
5.079000000000031,-2.990522534108311,0.05710991597930161,-0.5876890720246626,0.09703648788461718,-0.14348557781395768,-2.262656051396673
5.080000000000031,-2.990425610192182,0.056965416111931774,-0.5899397893387345,0.09682805820225043,-0.14547543979594732,-2.2385913121573333
5.0810000000000315,-2.990328889365794,0.05681893031686325,-0.5921663895746925,0.09663009469030891,-0.14745679999461725,-2.2144279684078283
5.082000000000032,-2.990232361315032,0.056670467524570896,-0.594368773954155,0.0964423079409796,-0.14942878071584134,-2.1901656781582086
5.083000000000032,-2.9901360159485275,0.05652003757677563,-0.5965468433679756,0.09626454665588212,-0.15139044546549998,-2.1658041313725325
5.0840000000000325,-2.990039843260369,0.05636765127002975,-0.5987004984311975,0.09609679213215572,-0.1533408272828941,-2.141343090184822
5.085000000000033,-2.989943833203371,0.05621332037717816,-0.600829639563102,0.09593914412221845,-0.15527894441182463,-2.1167824010794383
5.086000000000033,-2.9898479755781917,0.05605705765769913,-0.6029341670706979,0.09579180471716878,-0.15720380737059558,-2.0921219914021734
5.0870000000000335,-2.989752259981384,0.05589887562241416,-0.6050139825440122,0.09565496992107841,-0.15911689237061794,-2.0673658802762906
5.088000000000034,-2.9896566758401195,0.05573878537470403,-0.6070689934149333,0.09552876695932183,-0.16102039098128956,-2.0425192141200212
5.089000000000034,-2.989561212431289,0.05557679621861682,-0.6090991098582288,0.0954133792078233,-0.16291422641342118,-2.0175834266401247
5.0900000000000345,-2.9894658588425496,0.055412917854766194,-0.6111042434493105,0.09530900245857996,-0.16479828808401803,-1.99255991387279
5.091000000000035,-2.989370603961675,0.05524716011703256,-0.6130843071576665,0.09521583877906617,-0.16667245546756113,-1.9674500685497702
5.092000000000035,-2.9892754364730028,0.05507953296297241,-0.6150392153458084,0.09513409214609407,-0.16853660277529664,-1.9422552841889453
5.0930000000000355,-2.989180344857247,0.05491004647745173,-0.6169688837712406,0.09506396520813438,-0.17039060184366606,-1.916976957203173
5.094000000000036,-2.9890853173940615,0.05473871087405461,-0.6188732295898867,0.0950056569860789,-0.17223432380858092,-1.8916164878163169
5.095000000000036,-2.988990342166509,0.05456553649525906,-0.6207521713600701,0.09495936133917295,-0.17406763998155883,-1.866175280326675
5.0960000000000365,-2.9888954070667384,0.054390533812021316,-0.6226056290465838,0.09492526604459293,-0.17589042221669948,-1.840654743068411
5.097000000000037,-2.9888004998023323,0.05421371342317098,-0.6244335240246647,0.09490355236219944,-0.17770254296374965,-1.81505628828765
5.098000000000037,-2.9887056079028897,0.05403508605485961,-0.6262357790838576,0.09489439497824705,-0.1795038751360116,-1.7893813320599812
5.0990000000000375,-2.98861071872651,0.05385466256020164,-0.6280123184318472,0.0948979622421363,-0.1812942918758681,-1.76363129431827
5.100000000000038,-2.9885158194659187,0.05367245391918106,-0.6297630676983884,0.09491441662811624,-0.1830736662695067,-1.73780759902409
5.101000000000038,-2.9884208971540476,0.053488471238856895,-0.6314879539394851,0.09494391536904662,-0.184841871041617,-1.7119116744954053
5.1020000000000385,-2.9883259386689,0.05330272575387764,-0.6331869056419764,0.09498661122199392,-0.1865987782471844,-1.6859449538921467
5.103000000000039,-2.98823093073761,0.05311522882730222,-0.634859852728686,0.09504265333578873,-0.18834425896871568,-1.6599088758564833
5.104000000000039,-2.9881358599395784,0.05292599195172014,-0.6365067265642863,0.09511218819899063,-0.19007818302171287,-1.633804885303497
5.1050000000000395,-2.988040712708637,0.052735026750662446,-0.6381274599620288,0.09519536065328445,-0.19180041866786185,-1.6076344343591111
5.10600000000004,-2.987945475334164,0.05254234498029679,-0.6397219871914839,0.09529231496244207,-0.1935108323334822,-1.5813989834444935
5.10700000000004,-2.987850133961108,0.05234795853140285,-0.6412902439874402,0.09540319593086766,-0.19520928832979936,-1.5551000025091826
5.1080000000000405,-2.987754674588869,0.05215187943162819,-0.642832167560113,0.09552815006859995,-0.19689564857122652,-1.5287389724184828
5.109000000000041,-2.9876590830689924,0.05195411984802847,-0.6443476966068208,0.09566732680162526,-0.1985697722878773,-1.5023173865040362
5.110000000000041,-2.9875633451016275,0.05175469208989939,-0.6458367713252995,0.09582087972756462,-0.20023151572884962,-1.4758367522897746
5.1110000000000415,-2.9874674462307103,0.05155360861191127,-0.6472993334288355,0.09598896791729866,-0.20188073185336133,-1.4492985934085643
5.112000000000042,-2.9873713718378196,0.051350882017559316,-0.6487353261634193,0.0961717572628962,-0.20351727000755893,-1.422704451727704
5.113000000000042,-2.987275107134663,0.05114652506294487,-0.650144694327137,0.09636942187128432,-0.20514097558576933,-1.3960558897038517
5.1140000000000425,-2.9871786371541464,0.050940550660903104,-0.6515273842920399,0.09658214550135445,-0.20675168967616048,-1.3693544929897588
5.115000000000043,-2.9870819467399907,0.050732971885492174,-0.6528833440287587,0.09681012303950436,-0.20834924869227597,-1.3426018733160539
5.116000000000043,-2.98698502053485,0.05052380197685653,-0.6542125231341436,0.09705356200477197,-0.20993348399379388,-1.3157996716707674
5.1170000000000435,-2.9868878429669232,0.05031305434647237,-0.6555148728622435,0.09731268406946145,-0.21150422150223402,-1.2889495617966296
5.118000000000044,-2.9867903982350428,0.050100742582776164,-0.6567903461589472,0.09758772657415164,-0.21306128132032495,-1.2620532540203704
5.119000000000044,-2.9866926702922654,0.04988688045716683,-0.658038897700621,0.09787894400678417,-0.21460447736749197,-1.2351124994178009
5.1200000000000445,-2.9865946428280172,0.049671481930356906,-0.6592604839370763,0.09818660940362121,-0.2161336170486083,-1.2081290943011656
5.121000000000045,-2.986496299248905,0.04945456115902879,-0.6604550631391689,0.09851101561459687,-0.2176485009789553,-1.1811048849879564
5.122000000000045,-2.9863976226583597,0.049236132502725134,-0.6616225954512764,0.0988524763561851,-0.2191489227954647,-1.1540417727683956
5.1230000000000455,-2.986298595835377,0.04901621053086844,-0.6627630429487845,0.09921132695045125,-0.22063466909297277,-1.1269417189253077
5.124000000000046,-2.9861992012127345,0.04879481002976121,-0.6638763697005241,0.09958792461835168,-0.22210551953459567,-1.0998067495649377
5.125000000000046,-2.9860994208552043,0.04857194600936278,-0.6649625418357928,0.09998264815730838,-0.22356124719759557,-1.0726389598751402
5.1260000000000465,-2.985999236438494,0.048347633709570556,-0.6660215276151117,0.10039589678604974,-0.22500161923035358,-1.0454405172149184
5.127000000000047,-2.985898629229874,0.04812188860565011,-0.6670532975031229,0.10082808788172737,-0.2264263979123273,-1.0182136621201523
5.128000000000047,-2.9857975800717664,0.047894726412357376,-0.6680578242408962,0.10127965326278833,-0.22783534222711366,-0.9909607058267496
5.1290000000000475,-2.9856960693699635,0.04766616308617652,-0.6690350829131656,0.10175103358226407,-0.22922821007891914,-0.9636840221706037
5.130000000000048,-2.9855940770886304,0.047436214824955567,-0.6699850510033477,0.10224267028423113,-0.23060476130496715,-0.9363860305682972
5.131000000000048,-2.9854915827548623,0.047204898064057185,-0.6709077084250489,0.10275499443170441,-0.23196476166125135,-0.9090691649515509
5.1320000000000485,-2.9853885654763497,0.04697222946795066,-0.6718030375122881,0.10328841152120541,-0.23330798798826655,-0.881735820576011
5.133000000000049,-2.9852850039767276,0.04673822591594593,-0.6726710229403677,0.10384328113112917,-0.23463423480072598,-0.8543882657945466
5.134000000000049,-2.985180876654508,0.0465029044805015,-0.673511651532769,0.10441988986523627,-0.23594332259847553,-0.8270284979359326
5.1350000000000495,-2.9850761616733132,0.0462662823962007,-0.6743249118826435,0.10501841548676685,-0.2372351082806197,-0.7996580095346704
5.13600000000005,-2.984970837093627,0.046028377017036236,-0.6751107936744795,0.10563887931875976,-0.2385094982004036,-0.7722774115133386
5.13700000000005,-2.984864881059725,0.04578920575894406,-0.6758692865259331,0.10628108287476427,-0.23976646475178037,-0.7448858356475888
5.1380000000000505,-2.984758272060138,0.0455487860231772,-0.6766003780849078,0.10694452342970134,-0.24100606840133765,-0.717480031684399
5.139000000000051,-2.984650989285676,0.045307135092699645,-0.6773040510661948,0.10762828252445421,-0.24222849039284047,-0.6900531759057855
5.140000000000051,-2.9845430131143713,0.04506426998410743,-0.6779802791133425,0.10833088328458662,-0.24343409089678006,-0.6625938683616881
5.1410000000000515,-2.984434325959574,0.04482020788919209,-0.6786290219098429,0.10904971777729715,-0.24462219663550033,-0.6350855754773458
5.142000000000052,-2.9843249131086966,0.04457496601127475,-0.6792502222412162,0.10978147800839008,-0.2457930166789234,-0.6075132852187538
5.143000000000052,-2.9842147633974,0.04432856046376277,-0.6798438131485329,0.11052268481296723,-0.2469494998851272,-0.5798731548713665
5.1440000000000525,-2.984103869308793,0.044081004009216,-0.6804097302520918,0.11126940795253654,-0.24809497108492778,-0.5521739502240407
5.145000000000053,-2.9839922271916985,0.04383230611665038,-0.6809479223404679,0.11201789064676286,-0.24923252869006524,-0.5244319410589705
5.146000000000053,-2.983879836879687,0.04358247346211377,-0.6814583549608041,0.11276501314315847,-0.25036457576007304,-0.4966633563655815
5.1470000000000535,-2.9837667009729767,0.04333151071464886,-0.681941008063364,0.11350841167534198,-0.25149266942951254,-0.46888048175666364
5.148000000000054,-2.983652824101323,0.04307942137024046,-0.6823958716688776,0.11424639174975802,-0.25261759298387004,-0.4410912752498752
5.149000000000054,-2.9835382123108127,0.04282620846622101,-0.6828229419878205,0.11497779548300684,-0.253739499308874,-0.4133003507798246
5.1500000000000545,-2.983422872582708,0.042571875143667275,-0.6832222186418769,0.11570188993670712,-0.25485805165766795,-0.385510082455118
5.151000000000055,-2.9833068124521347,0.04231642507664581,-0.6835937028756469,0.11641828469169117,-0.25597254191139995,-0.35772146008890277
5.152000000000055,-2.983190039698691,0.04205986279433373,-0.6839373964858362,0.11712686977906513,-0.25708198495255885,-0.3299346752002728
5.1530000000000555,-2.9830725620932883,0.041802193922727104,-0.6842533012183464,0.11782778358370324,-0.2581853184110357,-0.3021495887784491
5.154000000000056,-2.9829543869666177,0.04154342379320279,-0.6845414194431386,0.1185216970247564,-0.25928380710196813,-0.2743678771651133
5.155000000000056,-2.9828355210566007,0.041283557281026124,-0.684801755302777,0.11920928434833604,-0.2603782080720911,-0.24659072717353514
5.1560000000000565,-2.982715970361003,0.04102259837323338,-0.6850343135381279,0.11989113337512787,-0.2614682073072506,-0.21881848729007813
5.157000000000057,-2.9825957403071737,0.04076055165369123,-0.685239099258269,0.12056787523089588,-0.2625534311772632,-0.19105155206823515
5.158000000000057,-2.9824748356781043,0.040497422100623695,-0.6854161180039285,0.1212401637580428,-0.2636334683399651,-0.16329039390465339
5.1590000000000575,-2.982353260598245,0.0402332151148459,-0.6855653758347373,0.12190865923126622,-0.26470788828764896,-0.13553557979102365
5.160000000000058,-2.982231018533748,0.03996793653121583,-0.6856868794277227,0.12257401564052521,-0.2657762562128675,-0.10778777770684164
5.161000000000058,-2.982108112303884,0.03970159261694704,-0.6857806361784762,0.1232368709594345,-0.2668381443996765,-0.08004775605048278
5.1620000000000585,-2.981984544100899,0.039434190060068375,-0.6858466542993331,0.12389783991127504,-0.2678931405866488,-0.05231637858111575
5.163000000000059,-2.9818603155160286,0.039165735950814615,-0.6858849429110156,0.12455750880973908,-0.2689408538183416,-0.024594596651839256
5.164000000000059,-2.98173542756979,0.0388962377582134,-0.6858955121256973,0.12521643210361288,-0.2699809183637031,0.0031165593548606874
5.1650000000000595,-2.981609880745026,0.03862570329609345,-0.6858783731613354,0.1258751302601676,-0.271013013106509,0.030815849498216644
5.16600000000006,-2.9814836750216016,0.03835414066066742,-0.6858335387161362,0.12653408855742773,-0.2720368939694571,0.058501577729605084
5.16700000000006,-2.981356809911746,0.038081558177672975,-0.685761023259132,0.12719375687514967,-0.27305235277093176,0.08617194083797175
5.1680000000000605,-2.9812292844952504,0.03780796436335253,-0.6856608430773875,0.12785455027639447,-0.27405920817859974,0.11382510760902975
5.169000000000061,-2.9811010974538026,0.03753336790227157,-0.6855330162998376,0.12851685007489708,-0.2750573047704267,0.1414592270239652
5.170000000000061,-2.9809722471040625,0.03725777762199685,-0.685377562913321,0.12918100524858858,-0.27604651179468775,0.16907243566962066
5.1710000000000615,-2.9808427314291994,0.03698120246911952,-0.685194504771597,0.1298473340901447,-0.2770267217414535,0.19666286436007005
5.172000000000062,-2.9807125481086896,0.03670365148676722,-0.684983865598126,0.1305161260079693,-0.2779978488098258,0.22422864399972742
5.173000000000062,-2.9805816945462706,0.03642513379367612,-0.6847456709833437,0.13118764340992392,-0.2789598273329764,0.2517679107360518
5.1740000000000625,-2.9804501678959903,0.03614565856484115,-0.6844799483771169,0.13186212361774924,-0.2799126102057413,0.2792788104592843
5.175000000000063,-2.9803179650863387,0.03586523501372478,-0.6841867270769983,0.1325397807728888,-0.2808561673461968,0.3067595027102353
5.176000000000063,-2.980185082842495,0.03558387237597896,-0.683866038212846,0.1332208077047211,-0.2817904842124861,0.3342081640569219
5.1770000000000636,-2.9800515177067286,0.03530157989461709,-0.6835179147283054,0.13390537774041092,-0.28271556038851864,0.3616229909982758
5.178000000000064,-2.97991726605703,0.035018366806563,-0.6831423913596033,0.13459364644205168,-0.28363140824647387,0.3890022024491799
5.179000000000064,-2.9797823241240398,0.034734242330497545,-0.682739504612044,0.1352857532617942,-0.28453805168987595,0.41634404185643786
5.1800000000000646,-2.9796466880063686,0.03444921565592167,-0.6823092927345553,0.13598182310950688,-0.2854355249780085,0.44364677899040694
5.181000000000065,-2.979510353684394,0.03416329593335508,-0.6818517956925886,0.13668196783041725,-0.28632387163033585,0.4709087114522077
5.182000000000065,-2.9793733170326235,0.033876492265591696,-0.6813670551396386,0.1373862875923295,-0.2872031434081663,0.4981281659318576
5.1830000000000656,-2.9792355738307155,0.033588813699936465,-0.680855114387617,0.13809487218355626,-0.2880733993698693,0.5253034992484684
5.184000000000066,-2.9790971197732468,0.033300269221351896,-0.6803160183762826,0.13880780222377131,-0.2889347049954034,0.5524330991998304
5.185000000000066,-2.978957950478309,0.033010867746447375,-0.6797498136419076,0.13952515029068527,-0.28978713137562945,0.5795153852453188
5.186000000000067,-2.978818061495023,0.03272061811824871,-0.6791565482853349,0.14024698196585236,-0.2906307544617935,0.6065488090430686
5.187000000000067,-2.9786774483100436,0.03242952910169,-0.6785362719395643,0.14097335680309542,-0.29146565437060373,0.633531854859769
5.188000000000067,-2.9785361063531326,0.032137609379774515,-0.6778890357369849,0.14170432922304055,-0.2922919147404558,0.6604630398691859
5.189000000000068,-2.978394031001876,0.03184486755035552,-0.6772148922763589,0.14243994933711962,-0.29310962213453995,0.6873409143536129
5.190000000000068,-2.9782512175856066,0.03155131212349224,-0.6765138955896475,0.1431802637041565,-0.2939188654867708,0.7141640618208367
5.191000000000068,-2.978107661388608,0.03125695151934015,-0.6757861011087567,0.143925316022324,-0.2947197355866896,0.7409310990478483
5.192000000000069,-2.977963357652652,0.03096179406653828,-0.6750315656322725,0.14467514775885426,-0.295512324599687,0.7676406760614294
5.193000000000069,-2.9778183015789415,0.030665848001060193,-0.6742503472922426,0.14542979871941786,-0.29629672561906584,0.7942914760648428
5.194000000000069,-2.9776724883295125,0.03036912146549829,-0.6734425055210553,0.14618930755855686,-0.29707303224659687,0.8208822153191554
5.19500000000007,-2.9775259130281517,0.03007162250875475,-0.6726081010184559,0.14695371223196874,-0.2978413381983023,0.8474116429871947
5.19600000000007,-2.977378570760897,0.029773359086115333,-0.6717471957187348,0.147723050390785,-0.2986017369322228,0.8738785409477756
5.19700000000007,-2.977230456576164,0.029474339059685897,-0.6708598527581133,0.14849735971726843,-0.2993543212948696,0.9002817235876089
5.198000000000071,-2.977081565484578,0.029174570199174497,-0.6699461364423458,0.14927667820055499,-0.30009918318291734,0.9266200375782161
5.199000000000071,-2.9769318924585493,0.028874060183005753,-0.6690061122145488,0.15006104435018358,-0.30083641321644594,0.9528923616452175
5.200000000000071,-2.976781432431679,0.028572816599757904,-0.668039846623262,0.15085049734417472,-0.30156610041966,0.9790976063375061
5.201000000000072,-2.9766301802980397,0.028270846949917338,-0.6670474072907367,0.1516450771073249,-0.30228833190449117,1.0052347138040822
5.202000000000072,-2.9764781309114277,0.02796815864795034,-0.6660288628814405,0.15244482431416395,-0.3030031925517841,1.0313026575866666
5.203000000000072,-2.9763252790846404,0.027664759024697446,-0.6649842830707572,0.15324978030965963,-0.30371076468385616,1.0573004424366437
5.204000000000073,-2.976171619588886,0.02736065533010272,-0.6639137385138549,0.1540599869392343,-0.30441112772106393,1.0832271041653732
5.205000000000073,-2.976017147153411,0.02705585473629816,-0.6628173008146826,0.154875486277969,-0.3051043578135669,1.1090817095374363
5.206000000000073,-2.975861856465452,0.02675036434107323,-0.6616950424950476,0.15569632024699842,-0.3057905274377078,1.1348633562169252
5.207000000000074,-2.9757057421706357,0.026444191171771127,-0.6605470369637163,0.15652253010304792,-0.3064697049442889,1.160571172777386
5.208000000000074,-2.975548798873958,0.026137342189667245,-0.6593733584854681,0.15735415578483658,-0.3071419540434799,1.1862043187864635
5.209000000000074,-2.975391021141497,0.0258298242949022,-0.6581740821500232,0.15819123509770774,-0.30780733320813436,1.2117619849765733
5.210000000000075,-2.9752324035030324,0.02552164433206143,-0.6569492838407512,0.1590338027154173,-0.3084658949739449,1.2372433935129832
5.211000000000075,-2.9750729404557603,0.0252128090965169,-0.6556990402030594,0.15988188897564784,-0.30911768511123927,1.262647798370406
5.212000000000075,-2.9749126264693313,0.024903325341673433,-0.6544234286123443,0.1607355184437548,-0.30976274163954415,1.2879744858284459
5.213000000000076,-2.9747514559924495,0.024593199787292595,-0.653122527141386,0.1615947082178815,-0.31040109365278357,1.3132227750948353
5.214000000000076,-2.9745894234613064,0.024282439129100525,-0.6517964145270516,0.16245946594853256,-0.3110327599209519,1.3383920190631384
5.215000000000076,-2.97442652331015,0.02397105004991984,-0.6504451701361725,0.163329787547969,-0.31165774723469497,1.3634816052082168
5.216000000000077,-2.974262749984306,0.023659039232597115,-0.6490688739304576,0.16420565457090477,-0.31227604846468776,1.3884909566179693
5.217000000000077,-2.974098097955984,0.02334641337501917,-0.6476676064303097,0.16508703126020227,-0.31288764032148747,1.4134195331533732
5.218000000000077,-2.9739325617432013,0.023033179207512897,-0.6462414486774241,0.16597386127278285,-0.31349248082880066,1.4382668327204013
5.219000000000078,-2.9737661359321157,0.02271934351288811,-0.6447904821960698,0.16686606413604277,-0.31409050657094206,1.4630323926268525
5.220000000000078,-2.973598815202992,0.02240491314928521,-0.6433147889529885,0.16776353153882384,-0.31468162985262543,1.4877157909846812
5.221000000000078,-2.9734305943598827,0.02208989507579624,-0.6418144513158882,0.16866612363851438,-0.3152657360255292,1.5123166481046395
5.222000000000079,-2.9732614683638663,0.021774296380495845,-0.6402895520105746,0.16957366566991255,-0.3158426813973744,1.536834627816083
5.223000000000079,-2.973091432369355,0.02145812431000584,-0.6387401740768331,0.1704859452680721,-0.31641229234019963,1.561269438631938
5.224000000000079,-2.972920481762482,0.02114138629899659,-0.6371664008232601,0.17140271104868848,-0.316974366424955,1.5856208346675218
5.22500000000008,-2.9727486122000144,0.02082408999712501,-0.6355683157813418,0.17232367308585034,-0.3175286765574257,1.6098886162094497
5.22600000000008,-2.972575819646565,0.02050624328994342,-0.633946002659189,0.17324850592193675,-0.3180749790507366,1.6340726298085344
5.22700000000008,-2.972402100407355,0.0201878543095519,-0.6322995452954882,0.1741768545555002,-0.31861302618029824,1.6581727677226992
5.228000000000081,-2.97222745115351,0.01986893143062274,-0.6306290276144378,0.1751083434180825,-0.3191425829009855,1.682188966446315
5.229000000000081,-2.972051868937178,0.01954948324836128,-0.6289345335827716,0.1760425876926342,-0.31966344610626585,1.7061212039334521
5.230000000000081,-2.9718753511947735,0.019229518537260997,-0.6272161471704214,0.17697920561043493,-0.32017546342239706,1.7299694950021005
5.231000000000082,-2.9716978957382203,0.018909046192949905,-0.6254739523169093,0.17791782988506788,-0.3206785476964263,1.7537338843964885
5.232000000000082,-2.971519500735949,0.018588075163151772,-0.6237080329059932,0.17885811648773622,-0.32117268369213753,1.7774144371984542
5.233000000000082,-2.9713401646869375,0.018266614376748713,-0.6219184727506147,0.1797997494356051,-0.3216579240598621,1.801011230888581
5.234000000000083,-2.9711598863927615,0.017944672687077112,-0.620105355569689,0.18074244025051192,-0.3221343672746098,1.824524378535342
5.235000000000083,-2.9709786649300858,0.017622258829394666,-0.618268764963741,0.18168592672604172,-0.3226021456382428,1.8479539940090883
5.236000000000083,-2.970796499626191,0.017299381396307233,-0.6164087844354541,0.18262996974329537,-0.323061411546376,1.8713001567100624
5.237000000000084,-2.9706133900380016,0.016976048825646906,-0.6145254974304849,0.18357434845699006,-0.32351231924197854,1.8945628997049737
5.238000000000084,-2.9704293359360774,0.016652269405981822,-0.612618987388421,0.18451885567204776,-0.32395501026280565,1.9177422009442524
5.239000000000084,-2.9702443372929705,0.016328051294576606,-0.610689337801116,0.18546329389856736,-0.32438960362504304,1.9408379772762376
5.240000000000085,-2.9700583942751537,0.016003402542935197,-0.6087366322757088,0.1864074722041945,-0.32481619054989164,1.9638500809972077
5.241000000000085,-2.9698715072377455,0.015678331125720858,-0.6067609546000222,0.18735120377699685,-0.3252348329057625,1.986778298454872
5.242000000000085,-2.969683676721388,0.015352844969818109,-0.6047623888085574,0.18829430403253472,-0.3256455643301677,2.009622350163195
5.243000000000086,-2.9694949034508165,0.01502695198133561,-0.6027410192478283,0.189236589098625,-0.3260483930588289,2.0323818919339574
5.244000000000086,-2.9693051883348067,0.014700660069244366,-0.6006969306402254,0.19017787454695495,-0.3264433056782879,2.0550565166300925
5.245000000000086,-2.9691145324673056,0.014373977165028905,-0.5986302081459371,0.19111797428426963,-0.3268302712331812,2.0776457562578967
5.246000000000087,-2.9689229371296033,0.014046911238203171,-0.5965409374226891,0.19205669955374993,-0.32720924530904333,2.100149084217565
5.247000000000087,-2.968730403793462,0.013719470307846128,-0.5944292046831968,0.19299385802514513,-0.32758017385800575,2.122565917615184
5.248000000000087,-2.968536934125109,0.013391662450489355,-0.5922950967502917,0.19392925297060987,-0.32794299663811083,2.144895619603066
5.249000000000088,-2.9683425299900046,0.013063495804780995,-0.5901387011096884,0.1948626825340897,-0.32829765020475593,2.1671375017614767
5.250000000000088,-2.9681471934582935,0.01273497857338863,-0.5879601059603321,0.19579393910775214,-0.3286440704342546,2.1892908265667193
5.251000000000088,-2.9679509268108126,0.012406119022609973,-0.5857594002622082,0.19672280883119933,-0.3289821945829145,2.2113548100113523
5.252000000000089,-2.967753732545538,0.012076925480149821,-0.5835366737814226,0.19764907122932035,-0.3293119628968458,2.233328624454371
5.253000000000089,-2.9675556133843166,0.01174740633150318,-0.5812920171322835,0.1985724990034619,-0.32963331979262517,2.2552114017841856
5.254000000000089,-2.9673565722797215,0.011417570015363285,-0.5790255218160286,0.19949285798858687,-0.3299462146302,2.2770022369760485
5.25500000000009,-2.967156612421867,0.0110874250184518,-0.5767372802557668,0.20040990728648211,-0.3302506020991901,2.298700192118792
5.25600000000009,-2.9669557372449997,0.01075697987014731,-0.5744273858271309,0.2013233995819592,-0.3305464422394477,2.320304300973466
5.25700000000009,-2.9667539504336773,0.01042624313726723,-0.5720959328840873,0.20223308164538176,-0.33083370011722846,2.341813574108874
5.258000000000091,-2.9665512559283562,0.010095223419336044,-0.5697430167793102,0.20313869502075035,-0.331112345180094,2.3632270046362933
5.259000000000091,-2.9663476579301973,0.009763929344648202,-0.5673687338785225,0.20403997689399223,-0.33138235031689384,2.3845435745381827
5.260000000000091,-2.9661431609049203,0.009432369567405426,-0.5649731815682258,0.20493666113110492,-0.3316436906538145,2.4057622615543117
5.261000000000092,-2.9659377695855387,0.00910055276617441,-0.5625564582562925,0.2058284794705094,-0.33189634212328084,2.4268820465545917
5.262000000000092,-2.9657314889738404,0.008768487643870941,-0.5601186633649846,0.20671516284857708,-0.33214027984901673,2.4479019212926874
5.263000000000092,-2.965524324340478,0.008436182929429822,-0.5576598973160857,0.20759644283206682,-0.3323754763972463,2.4688208964003007
5.264000000000093,-2.9653162812235956,0.008103647381266942,-0.5551802615079883,0.20847205312645747,-0.3326018999501626,2.4896380094512724
5.265000000000093,-2.9651073654259177,0.007770889792581182,-0.5526798582847628,0.20934173112523183,-0.3328195124626795,2.5103523328998683
5.266000000000093,-2.964897583010287,0.007437918998481194,-0.5501587908974396,0.21020521946239845,-0.33302826786642337,2.530962981681227
5.267000000000094,-2.9646869402936646,0.007104743884857802,-0.5476171634579488,0.21106226752922058,-0.33322811038531785,2.551469120255987
5.268000000000094,-2.964475443839645,0.006771373398859398,-0.5450550808863843,0.2119126329164684,-0.33341897302455864,2.5718699688868636
5.269000000000094,-2.964263100449583,0.006437816560768557,-0.5424726488524565,0.21275608274561755,-0.3336007762891125,2.5921648089529428
5.270000000000095,-2.9640499171524612,0.006104082477025973,-0.5398699737121814,0.21359239485623804,-0.3337734271792248,2.6123529871369895
5.271000000000095,-2.9638359011936455,0.005770180354105745,-0.5372471624410011,0.214421358822168,-0.33393681849920187,2.632433918360575
5.272000000000095,-2.9636210600227266,0.0054361195129161355,-0.5346043225646295,0.2152427767756323,-0.33409082850262345,2.6524070873886876
5.273000000000096,-2.963405401280635,0.005101909403383709,-0.531941562088972,0.21605646402582554,-0.33423532088299024,2.6722720490765046
5.274000000000096,-2.963188932786241,0.004767559618876859,-0.5292589894304697,0.2168622494661627,-0.3343701451045792,2.6920284272825836
5.275000000000096,-2.9629716625226554,0.00443307991013662,-0.5265567133481689,0.21765997577192184,-0.3344951370549041,2.7116759125214087
5.276000000000097,-2.9627535986234323,0.004098480198407294,-0.5238348428787217,0.2184494993969187,-0.33461011998849394,2.7312142584709007
5.277000000000097,-2.9625347493588663,0.003763770587494464,-0.5210934872753902,0.21923069038379933,-0.33471490572234447,2.7506432774847895
5.278000000000097,-2.96231512312257,0.0034289613745212316,-0.518332755951964,0.22000343200725245,-0.3348092960367741,2.7699628352841517
5.279000000000098,-2.9620947284184775,0.0030940630592018147,-0.5155527584323193,0.2207676202727956,-0.3348930842316667,2.7891728450163784
5.280000000000098,-2.961873573848414,0.0027590863515024365,-0.5127536043061537,0.22152316329574945,-0.33496605678711455,2.8082732608736602
5.281000000000098,-2.961651668100333,0.002424042177609855,-0.5099354031912459,0.22226998058567005,-0.3350279950789957,2.8272640714577895
5.282000000000099,-2.9614290199373094,0.0020889416841757737,-0.5070982647024036,0.22300800226101242,-0.3350786771035915,2.84614529306528
5.283000000000099,-2.9612056381873404,0.0017537962408488434,-0.5042422984271004,0.22373716821736445,-0.3351178791704616,2.864916963048276
5.284000000000099,-2.9609815317339945,0.0014186174411438205,-0.5013676139076577,0.22445742727044826,-0.33514537752891066,2.8835791333844556
5.2850000000001,-2.960756709507921,0.0010834171017288451,-0.49847432062970526,0.2251687362924741,-0.3351609498999987,2.902131864564917
5.2860000000001,-2.9605311804792196,0.0007482072602365492,-0.4955625280165594,0.22587105935756324,-0.33516437689272466,2.920575219884472
5.2870000000001,-2.960304953650659,0.00041300017172286554,-0.49263234542908274,0.22656436690901866,-0.3351554432894002,2.938909260195191
5.288000000000101,-2.960078038051708,7.78083039094433e-05,-0.48968388217054176,0.22724863495836428,-0.3351339391910584,2.9571340391623298
5.289000000000101,-2.959850442733351,-0.00025735566864788225,-0.4867172474959485,0.22792384432340385,-0.3350996610188523,2.975249599042647
5.290000000000101,-2.9596221767636446,-0.0005924788713202809,-0.4837325506253602,0.22858997991014476,-0.33505241237169187,2.9932559669888508
5.291000000000102,-2.9593932492239685,-0.0009275482369545442,-0.4807299007606149,0.2292470300413315,-0.33499200474382507,3.0111531518706403
5.292000000000102,-2.959163669205925,-0.0012625505140719982,-0.477709407104996,0.22989498583255197,-0.3349182581087255,3.028941141592409
5.293000000000102,-2.958933445808838,-0.0015974722755879602,-0.4746711788853416,0.2305338406154142,-0.33483100137755933,3.0466199008799704
5.294000000000103,-2.9587025881378044,-0.001932299927930958,-0.4716153253761466,0.23116358940612375,-0.3347300727417642,3.064189369503313
5.295000000000103,-2.958471105302262,-0.0022670197204508534,-0.4685419559252385,0.23178422841688978,-0.33461531990997245,3.081649460899069
5.296000000000103,-2.9582390064150155,-0.002601617755015422,-0.4654511799806474,0.23239575460692533,-0.3344866002497554,3.099000061154724
5.297000000000104,-2.958006300591703,-0.0029360799957053774,-0.4623431071183261,0.23299816526934233,-0.3343437808445462,3.116241028316286
5.298000000000104,-2.9577729969506543,-0.00327039227852803,-0.4592178470704172,0.23359145764994696,-0.33418673847570246,3.133372191981831
5.299000000000104,-2.957539104613116,-0.0036045403210794432,-0.45607550975379824,0.23417562859377997,-0.33401535953907385,3.150393353144795
5.300000000000105,-2.9573046327038206,-0.003938509732093965,-0.45291620529867366,0.2347506742151949,-0.3338295399047087,3.1673042842528467
5.301000000000105,-2.9570695903518724,-0.004272286020828258,-0.44974004407701285,0.23531658958729776,-0.3336291847275185,3.184104729450469
5.302000000000105,-2.9568339866919406,-0.004605854606234322,-0.4465471367306664,0.23587336844666665,-0.3334142082158656,3.200794404975826
5.303000000000106,-2.956597830865735,-0.004939200825882585,-0.44333759419901986,0.23642100290941165,-0.3331845333641777,3.2173729996849985
5.304000000000106,-2.9563611320237673,-0.005272309944601765,-0.44011152774606943,0.23695948319481105,-0.3329400916548522,3.2338401756791235
5.305000000000106,-2.956123899327384,-0.005605167162807111,-0.4368690489868288,0.2374887973529618,-0.33268082273390687,3.2501955690123334
5.306000000000107,-2.955886141951071,-0.005937757624492676,-0.43361026991299584,0.23800893099310294,-0.3324066740640831,3.266438790460585
5.307000000000107,-2.9556478690850327,-0.006270066424866654,-0.43033530291782734,0.23851986700950853,-0.3321176005584141,3.282569426333511
5.308000000000107,-2.955409089938005,-0.006602078616182467,-0.4270442608169287,0.23902158552418334,-0.33181355592784884,3.2985870671073734
5.309000000000108,-2.9551698137388445,-0.006933779157044554,-0.42373725671162776,0.23951406567182754,-0.3314944080821819,3.3144915905062997
5.310000000000108,-2.9549300497390707,-0.007265152864540794,-0.4204144037240543,0.23999728391720812,-0.33115998117661505,3.330283017660056
5.311000000000108,-2.9546898072155567,-0.0075961843747581305,-0.4170758149709649,0.2404712123140334,-0.3308101085216773,3.345961334492907
5.312000000000109,-2.954449095475391,-0.007926858160739196,-0.4137216036020124,0.24093581822605617,-0.33044463313154937,3.3615264896896497
5.313000000000109,-2.9542079238607455,-0.008257158543112106,-0.4103518828359907,0.2413910640619289,-0.330063407057626,3.3769783966660545
5.314000000000109,-2.95396630175397,-0.008587069698796874,-0.4069667659951648,0.24183690699102234,-0.329666290727745,3.392316935428941
5.31500000000011,-2.953724238582984,-0.008916575669061103,-0.4035663665378241,0.24227329859440286,-0.32925315245908543,3.4075419533668527
5.31600000000011,-2.9534817438274645,-0.009245660368728507,-0.40015079809716086,0.24270018377085786,-0.3288238707038463,3.4226532504611815
5.31700000000011,-2.953238827025455,-0.009574307595133233,-0.3967201745293965,0.24311750059473689,-0.3283783327229602,3.4376505846561964
5.318000000000111,-2.952995497780219,-0.009902501036059882,-0.39327460994660723,0.24352518062099723,-0.32791643150753175,3.4525336870885757
5.319000000000111,-2.9527517657668834,-0.010230224274935806,-0.38981421874239236,0.24392314853906732,-0.3274380650666197,3.4673022638341693
5.320000000000111,-2.952507640739464,-0.0105574607954491,-0.38633911561636397,0.24431132179520804,-0.3269431358149816,3.481955997032718
5.321000000000112,-2.952263132538299,-0.010884193985654088,-0.38284941559756297,0.24468961021420504,-0.3264315499745191,3.496494545911163
5.322000000000112,-2.9520182510978548,-0.01121040714148771,-0.3793452340668985,0.2450579156288913,-0.32590321699546865,3.5109175477167796
5.323000000000112,-2.9517730064548955,-0.011536083469720449,-0.37582668677869274,0.2454161315281875,-0.32535804900551485,3.5252246185757543
5.324000000000113,-2.9515274087569887,-0.011861206090374839,-0.3722938898813959,0.24576414273678218,-0.3247959602974953,3.539415354298021
5.325000000000113,-2.9512814682713104,-0.01218575803865671,-0.3687469599375125,0.24610182514219506,-0.3242168668691636,3.553489331155065
5.326000000000113,-2.951035195393688,-0.012509722266459182,-0.3651860139427499,0.2464290454876799,-0.3236206860315127,3.5674461066639616
5.327000000000114,-2.9507886006578143,-0.012833081643517551,-0.36161116934436316,0.24674566125206235,-0.32300733610525895,3.581285220417772
5.328000000000114,-2.950541694744523,-0.013155818958314235,-0.3580225440586268,0.24705152063993538,-0.32237673622801416,3.5950061950091037
5.329000000000114,-2.9502944884910107,-0.013477916918856712,-0.35442025648731523,0.24734646270733066,-0.32172880629706613,3.608608537099441
5.330000000000115,-2.950046992899854,-0.013799358153477086,-0.35080442553301694,0.24763031764863783,-0.3210634670740735,3.622091738690689
5.331000000000115,-2.9497992191476503,-0.014120125211828198,-0.34717517061305253,0.2479029072696814,-0.3203806404777782,3.6354552786560084
5.332000000000115,-2.9495511785930812,-0.014440200566276285,-0.34353261167170984,0.24816404566897746,-0.3196802500883835,3.6486986245828845
5.333000000000116,-2.9493028827841847,-0.014759566613911333,-0.33987686919046134,0.24841354014380676,-0.318962221881875,3.6618212349708967
5.334000000000116,-2.9490543434646064,-0.015078205679410414,-0.33620806419579524,0.24865119232951743,-0.31822648520372343,3.674822561808494
5.335000000000116,-2.948805572578593,-0.015396100018992732,-0.33252631826428025,0.24887679956932604,-0.31747297397882135,3.6877020535263307
5.336000000000117,-2.948556582274514,-0.01571323182569418,-0.32883175352450233,0.24909015649812227,-0.3167016281383436,3.7004591582895947
5.337000000000117,-2.9483073849067,-0.016029583236160667,-0.325124492655571,0.24929105680819683,-0.3159123952252932,3.7130933275499043
5.338000000000117,-2.9480579930354502,-0.016345136339111298,-0.3214046588819938,0.2494792951487361,-0.3151052321203369,3.7256040197320446
5.339000000000118,-2.9478084194250957,-0.016659873185554574,-0.31767237596486564,0.24965466909616388,-0.3142801068104134,3.7379907038872857
5.340000000000118,-2.9475586770400932,-0.01697377580075527,-0.3139277681895043,0.2498169811210303,-0.3134370001072573,3.750252863109665
5.341000000000118,-2.947308779039181,-0.01728682619785209,-0.3101709603498821,0.24996604047115067,-0.3125759072142933,3.7623899974913155
5.342000000000119,-2.947058738767736,-0.01759900639292411,-0.30640207773042605,0.25010166489160707,-0.3116968390406767,3.774401626393617
5.343000000000119,-2.9468085697485122,-0.017910298421207328,-0.302621246085973,0.25022368211067847,-0.31079982317190336,3.786287289836129
5.344000000000119,-2.9465582856710384,-0.018220684354081616,-0.29882859162084235,0.250331931036264,-0.30988490442714123,3.798046548854796
5.34500000000012,-2.9463079003799764,-0.01853014631639222,-0.2950242409681013,0.250426262628242,-0.30895214496231155,3.8096789847505197
5.34600000000012,-2.946057427862774,-0.018838666503645275,-0.2912083211701394,0.2505065404358882,-0.30800162391155933,3.8211841972308096
5.34700000000012,-2.945806882236939,-0.019146227198626308,-0.28738095966162214,0.2505726408129558,-0.30703343659382887,3.8325618015304856
5.348000000000121,-2.9455562777372495,-0.019452810787032707,-0.2835422842557703,0.25062445284344803,-0.3060476933415001,3.8438114246716406
5.349000000000121,-2.945305628703156,-0.01975839977177998,-0.2796924231347214,0.2506618780263207,-0.3050445180309298,3.854932701079271
5.350000000000121,-2.945054949566602,-0.02006297678572894,-0.27583150484449415,0.25068482977619044,-0.30402404640816594,3.86592526780162
5.351000000000122,-2.944804254840406,-0.02036652460267668,-0.2719596582948233,0.25069323279952727,-0.30298642430657613,3.876788759591711
5.352000000000122,-2.944553559107308,-0.020669026146549033,-0.26807701276388074,0.25068702240263596,-0.301931805847654,3.887522804091088
5.353000000000122,-2.944302877009722,-0.020970464498817946,-0.2641836979076729,0.2506661437804384,-0.30086035170391257,3.898127017323453
5.354000000000123,-2.9440522232401953,-0.021270822904238165,-0.26027984377371993,0.25063055132533274,-0.299772227486119,3.9086009996612563
5.355000000000123,-2.9438016125325315,-0.02157008477505099,-0.25636558081848254,0.250580207984813,-0.2986676022987491,3.91894433237891
5.356000000000123,-2.943551059653529,-0.02186823369383777,-0.25244103992791245,0.25051508468635597,-0.2975466474896181,3.929156574857965
5.357000000000124,-2.943300579395258,-0.02216525341522379,-0.2485063524404614,0.2504351598391842,-0.2964095356037438,3.9392372624664285
5.358000000000124,-2.9430501865677923,-0.022461127866636434,-0.2445616501718778,0.25034041891535475,-0.29525643953854397,3.9491859050989895
5.359000000000124,-2.9427998959923256,-0.022755841148313638,-0.24060706544114846,0.25023085410732265,-0.29408753188779296,3.959001986338249
5.360000000000125,-2.9425497224945922,-0.02304937753274249,-0.23664273109699213,0.2501064640555735,-0.2929029844552658,3.968684963178951
5.361000000000125,-2.94229968089853,-0.023341721463686703,-0.23266878054437576,0.2499672536378512,-0.29170296791530204,3.978234266246722
5.362000000000125,-2.942049786020127,-0.02363285755493797,-0.22868534777059493,0.2498132338106072,-0.2904876515960923,3.9876493004386093
5.363000000000126,-2.941800052661405,-0.023922770588901986,-0.22469256737053298,0.24964442149325292,-0.2892572033617733,3.996929445913221
5.364000000000126,-2.941550495604501,-0.02421144551510667,-0.220690574570784,0.24946083948631842,-0.2880117895708833,4.006074059362154
5.365000000000126,-2.9413011296058134,-0.024498867448698686,-0.21667950525239002,0.24926251641548164,-0.2867515750909327,4.015082475500368
5.366000000000127,-2.9410519693902017,-0.024785021668975272,-0.2126594959720016,0.24904948669445506,-0.2854767233514303,4.023954008720282
5.367000000000127,-2.940803029645208,-0.02506989361798222,-0.2086306839813227,0.24882179050077477,-0.28418739642040675,4.032687954861866
5.368000000000127,-2.940554325015305,-0.025353468899195066,-0.20459320724474464,0.2485794737595519,-0.28288375509211394,4.041283593058329
5.369000000000128,-2.9403058700961524,-0.025635733276289548,-0.20054720445511065,0.2483225881311672,-0.2815659589760347,4.049740187623919
5.370000000000128,-2.94005767942887,-0.025916672671998597,-0.1964928150475834,0.2480511909996955,-0.28023416657954164,4.058056989956505
5.371000000000128,-2.9398097674943195,-0.02619627316704652,-0.19243017921161165,0.24776534545952816,-0.27888853537847946,4.066233240433048
5.372000000000129,-2.939562148707402,-0.02647452099914607,-0.18835943790101253,0.24746512029822723,-0.2775292218715951,4.074268170280742
5.373000000000129,-2.9393148374113762,-0.026751402562040782,-0.18428073284220042,0.2471505899741014,-0.2761563816161318,4.082161003410451
5.374000000000129,-2.939067847872202,-0.02702690440457293,-0.18019420654060564,0.24682183458735785,-0.2747701692430478,4.089910958202314
5.37500000000013,-2.9388211942729154,-0.02730101322975626,-0.17610000228533468,0.24647893984396924,-0.2733707384512561,4.097517249235993
5.37600000000013,-2.938574890708045,-0.027573715893832562,-0.17199826415213015,0.24612199701161505,-0.2719582419810253,4.104979088960071
5.37700000000013,-2.9383289511780752,-0.027844999405291563,-0.16788913700469346,0.2457511028672269,-0.27053283156727276,4.112295689296774
5.378000000000131,-2.938083389583966,-0.02811485092383457,-0.16377276649443623,0.24536635963579628,-0.26909465787393255,4.119466263179428
5.379000000000131,-2.9378382197217414,-0.028383257759263647,-0.15964929905872854,0.24496787492020308,-0.26764387041092713,4.126490026021001
5.380000000000131,-2.937593455277149,-0.028650207370279842,-0.15551888191771357,0.24455576162190099,-0.26618061743552046,4.133366197112804
5.381000000000132,-2.937349109820405,-0.028915687363175766,-0.1513816630697586,0.24413013785235774,-0.26470504584000876,4.140094000952928
5.382000000000132,-2.937105196801033,-0.02917968549040989,-0.14723779128561268,0.2436911268352009,-0.2632173010278176,4.1466726685043565
5.383000000000132,-2.9368617295428043,-0.029442189649052063,-0.14308741610134143,0.2432388567990649,-0.261717526780141,4.153101438382952
5.384000000000133,-2.93661872123879,-0.029703187879091816,-0.13893068781010856,0.24277346086117824,-0.2602058651152794,4.159379557975669
5.385000000000133,-2.9363761849465355,-0.02996266836160326,-0.13476775745287398,0.24229507690177055,-0.25868245614282664,4.165506284489481
5.386000000000133,-2.936134133583363,-0.030220619416762455,-0.1305987768080774,0.24180384742942201,-0.2571474379148176,4.171480885931536
5.387000000000134,-2.935892579921815,-0.030477029501715314,-0.12642389838037596,0.24129991943752,-0.2556009462758907,4.177302642021149
5.388000000000134,-2.9356515365852442,-0.03073188720829593,-0.12224327538850338,0.24078344425203288,-0.25404311471444324,4.182970845034231
5.389000000000134,-2.9354110160435614,-0.030985181260597384,-0.11805706175231868,0.24025457737085884,-0.25247407421666607,4.188484800580811
5.390000000000135,-2.9351710306091467,-0.03123690051239876,-0.1138654120791101,0.23971347829505513,-0.2508939531252402,4.193843828316326
5.391000000000135,-2.9349315924329344,-0.03148703394445385,-0.1096684816492208,0.2391603103523042,-0.24930287700436599,4.199047262587397
5.392000000000135,-2.934692713500677,-0.031735570661648754,-0.10546642640106108,0.23859524051302433,-0.2477009685126722,4.2040944530128685
5.393000000000136,-2.9344544056293986,-0.03198249989003683,-0.10125940291557164,0.23801843919958382,-0.24608834728542703,4.2089847650009355
5.394000000000136,-2.9342166804640395,-0.032227810973761144,-0.0970475684002013,0.23743008008912905,-0.244465129827337,4.2137175802032845
5.395000000000136,-2.933979549474304,-0.03247149337187536,-0.09283108067246158,0.23683033991058686,-0.2428314294170851,4.218292296907242
5.396000000000137,-2.933743023951711,-0.03271353665507558,-0.08861009814311968,0.23621939823644994,-0.2411873560246191,4.222708330367048
5.397000000000137,-2.933507115006857,-0.032953930502356114,-0.08438477979909018,0.23559743726999963,-0.2395330162420589,4.226965113075477
5.398000000000137,-2.9332718335668946,-0.033192664697603305,-0.08015528518608428,0.23496464162866204,-0.23786851322895078,4.231062094977143
5.399000000000138,-2.9330371903732244,-0.033429729126142005,-0.07592177439107435,0.23432119812423266,-0.23619394667245452,4.234998743624991
5.400000000000138,-2.9328031959794156,-0.03366511377124986,-0.07168440802462966,0.23366729554073645,-0.23450941276290826,4.238774544281569
5.401000000000138,-2.9325698607493442,-0.033898808710655044,-0.0674433472031778,0.23300312441071955,-0.23281500418507933,4.242388999966857
5.402000000000139,-2.9323371948555548,-0.03413080411303306,-0.06319875353124403,0.23232887679078978,-0.23111081012527335,4.245841631454528
5.403000000000139,-2.932105208277851,-0.034361090234518644,-0.05895078908371955,0.2316447460372397,-0.2293969162943438,4.2491319772187
5.404000000000139,-2.931873910802107,-0.03458965741524858,-0.05469961638820662,0.23095092658259433,-0.2276734049665182,4.2522595933333145
5.40500000000014,-2.9316433120193013,-0.03481649607595115,-0.05044539840748721,0.23024761371392863,-0.22594035503383716,4.25522405332646
5.40600000000014,-2.9314134213247742,-0.03504159671459769,-0.04618829852215874,0.2295350033537943,-0.22419784207588958,4.258024947992023
5.40700000000014,-2.931184247917697,-0.03526494990313133,-0.041928480513478514,0.22881329184458452,-0.22244593844441987,4.260661885161199
5.408000000000141,-2.9309558008007626,-0.035486546284287615,-0.037666108546455586,0.22808267573714625,-0.2206847133622866,4.2631344894364425
5.409000000000141,-2.930728088780076,-0.035706376568520916,-0.03340134715322636,0.22734335158442442,-0.21891423303615976,4.265442401890561
5.410000000000141,-2.9305011204652565,-0.03592443153105016,-0.029134361216747368,0.22659551574089085,-0.2171345607822648,4.267585279733673
5.411000000000142,-2.9302749042697327,-0.03614070200903651,-0.024865315954835984,0.22583936416847272,-0.21534575716440815,4.269562795950832
5.412000000000142,-2.9300494484112294,-0.03635517889890483,-0.020594376904587,0.22507509224965286,-0.21354788014345646,4.271374638913123
5.413000000000142,-2.929824760912435,-0.036567853153819996,-0.016321709907190198,0.22430289460836472,-0.2117409852373905,4.273020511965065
5.414000000000143,-2.92960084960185,-0.036778715781328186,-0.01204748109317116,0.22352296493925378,-0.20992512569100863,4.2745001329911325
5.415000000000143,-2.9293777221147947,-0.036987757841172246,-0.007771856868074845,0.22273549584581964,-0.20810035265432272,4.275813233964204
5.416000000000143,-2.92915538589458,-0.03719497044328942,-0.0034950038986085773,0.2219406786878948,-0.206266715368664,4.276959560478682
5.417000000000144,-2.9289338481938207,-0.0374003447459986,0.0007829109007415512,0.2211387034388539,-0.20442426135950095,4.277938871271004
5.418000000000144,-2.928713116075892,-0.03760387195438336,0.00506172038060959,0.2203297585528848,-0.20257303663496398,4.278750937730168
5.419000000000144,-2.9284931964165093,-0.037805543318875916,0.009341257169155258,0.21951403084258933,-0.2007130858890729,4.27939554340083
5.420000000000145,-2.928274095905424,-0.038005350134046226,0.013621353683969877,0.21869170536711718,-0.198844452708672,4.279872483481437
5.421000000000145,-2.9280558210482357,-0.038203283737599555,0.01790184214347896,0.21786296533097488,-0.19696717978309225,4.280181564319741
5.422000000000145,-2.927838378168285,-0.038399335509584555,0.02218255457783995,0.2170279919935888,-0.19508130911558383,4.2803226029079555
5.423000000000146,-2.9276217734086445,-0.03859349687181337,0.026463322839335834,0.21618696458964318,-0.19318688223558653,4.280295426379669
5.424000000000146,-2.9274060127341777,-0.03878575928749396,0.030743978612267395,0.21534006026015634,-0.19128394041094088,4.280099871510531
5.425000000000146,-2.927191101933661,-0.03897611426107435,0.03502435342234884,0.21448745399420527,-0.18937252485917647,4.279735784224583
5.426000000000147,-2.926977046621964,-0.03916455333829726,0.0393042786456133,0.21362931858115816,-0.1874526769570543,4.2792030191079995
5.427000000000147,-2.9267638522422654,-0.03935106810646317,0.04358358551683651,0.21276582457322865,-0.1855244384475816,4.278501438931864
5.428000000000147,-2.926551524068307,-0.039535650194898735,0.0478621051374884,0.2118971402581229,-0.18358785164376068,4.277630914185484
5.429000000000148,-2.926340067206666,-0.039718291275627114,0.05213966848322381,0.21102343164151344,-0.18164295962837854,4.276591322621644
5.430000000000148,-2.926129486599046,-0.03989898306423579,0.05641610641092508,0.21014486243903996,-0.17968980644918778,4.275382548815058
5.431000000000148,-2.92591978702456,-0.04007771732093698,0.06069124966531008,0.20926159407750838,-0.17772843730887564,4.274004483735195
5.432000000000149,-2.9257109731020234,-0.04025448585181528,0.06496492888512076,0.20837378570493523,-0.1757588987492602,4.272457024334537
5.433000000000149,-2.9255030492922183,-0.04042928051025629,0.0692369746089081,0.20748159420906379,-0.17378123882919735,4.270740073153239
5.434000000000149,-2.9252960199001437,-0.04060209319854987,0.0735072172804302,0.20658517424396275,-0.17179550729572257,4.26885353794107
5.43500000000015,-2.9250898890772326,-0.040772915869660954,0.07777548725368148,0.20568467826430537,-0.16980175574799122,4.2667973312974405
5.43600000000015,-2.924884660823531,-0.04094174052916053,0.08204161479757105,0.20478025656691862,-0.16780003779361943,4.26457137033024
5.43700000000015,-2.9246803389898326,-0.04110855923730904,0.08630543010026973,0.20387205733918606,-0.16579040919706226,4.262175576334161
5.438000000000151,-2.9244769272797617,-0.04127336411128397,0.09056676327324541,0.20296022671388556,-0.16377292801969995,4.259609874489105
5.439000000000151,-2.9242744292517964,-0.041436147327543305,0.09482544435500702,0.20204490883004267,-0.16174765475133407,4.256874193579246
5.440000000000151,-2.9240728483212326,-0.041596901124316125,0.09908130331457818,0.20112624589938222,-0.1597146524328245,4.2539684657332435
5.441000000000152,-2.923872187762073,-0.04175561780421117,0.10333417005472181,0.20020437827796395,-0.15767398676962602,4.250892626186099
5.442000000000152,-2.923672450708847,-0.04191228973693442,0.10758387441493761,0.19927944454259308,-0.15562572623600837,4.247646613063078
5.443000000000152,-2.92347364015835,-0.0420669093621061,0.11183024617425462,0.1983515815716018,-0.15356994216976888,4.244230367186104
5.444000000000153,-2.9232757589712985,-0.042219469192167576,0.11607311505384171,0.1974209246296041,-0.15150670885726858,4.240643831902993
5.445000000000153,-2.923078809873902,-0.042369961815368416,0.1203123107194587,0.1964876074558323,-0.14943610360864681,4.236886952939869
5.446000000000153,-2.9228827954593415,-0.04251837989882365,0.12454766278377172,0.19555176235567018,-0.1473582068230891,4.232959678277052
5.447000000000154,-2.9226877181891577,-0.042664716191631334,0.12877900080855628,0.1946135202950028,-0.14527310204404678,4.228861958048699
5.448000000000154,-2.922493580394541,-0.04280896352804024,0.13300615430681198,0.19367301099700904,-0.14318087600432658,4.224593744466411
5.449000000000154,-2.9223003842775275,-0.042951114830657555,0.1372289527448128,0.1927303630348995,-0.14108161867659627,4.220154991697488
5.450000000000155,-2.9221081319124305,-0.04309116311455373,0.14144722554144307,0.19178570315373977,-0.13897542528330462,4.215545647001286
5.451000000000155,-2.921916825248324,-0.043229101494318994,0.14566080205150478,0.1908391551249962,-0.1368623994988587,4.210765636577692
5.452000000000155,-2.921726466110936,-0.0433649231899063,0.14986951155452685,0.18989084162725844,-0.13474264893184595,4.205814885758124
5.453000000000156,-2.921537056203808,-0.04349862153085641,0.15407318325682479,0.1889408846711961,-0.1326162842988681,4.200693322687392
5.454000000000156,-2.92134859710875,-0.04363018995899118,0.15827164629433518,0.1879894057020968,-0.13048341940992153,4.195400878368064
5.455000000000156,-2.921161090286354,-0.043759622031495436,0.16246472973550746,0.18703652570238968,-0.1283441711436253,4.189937486730292
5.456000000000157,-2.920974537076408,-0.04388691142396909,0.16665226258427782,0.186082365293775,-0.12619865941242403,4.184303084726749
5.457000000000157,-2.9207889386982036,-0.04401205193343946,0.1708340737831506,0.18512704483857947,-0.12404700711792324,4.178497612452239
5.458000000000157,-2.9206042962507466,-0.04413503748132412,0.1750099922164115,0.1841706845399555,-0.12188934009654631,4.172521013287429
5.459000000000158,-2.9204206107128683,-0.04425586211633461,0.17917984671349602,0.18321340454053953,-0.11972578705573167,4.1663732340660475
5.460000000000158,-2.9202378829432343,-0.04437452001731178,0.18334346605253682,0.18225532501918335,-0.11755647950092123,4.160054225264792
5.461000000000158,-2.920056113680265,-0.04449100549598354,0.18750067896411177,0.1812965662853693,-0.11538155165362124,4.153563941215046
5.462000000000159,-2.919875303541955,-0.044605312999636444,0.19165131413521433,0.180337248870919,-0.11320114036084694,4.146902340335419
5.463000000000159,-2.9196954530256094,-0.04471743711369248,0.19579520021346639,0.17937749361860333,-0.1110153849962916,4.140069385383983
5.464000000000159,-2.919516562507489,-0.04482737256418304,0.19993216581159262,0.17841742176726064,-0.10882442735358816,4.13306504372895
5.46500000000016,-2.9193386322423733,-0.04493511422011241,0.20406203951217433,0.17745715503302997,-0.10662841153205727,4.125889287636436
5.46600000000016,-2.919161662363045,-0.045040657095703415,0.20818464987269872,0.17649681568630682,-0.10442748381535917,4.118542094573822
5.46700000000016,-2.9189856528797002,-0.045143996352518284,0.21229982543091894,0.17553652662403016,-0.10222179254348775,4.111023447527092
5.468000000000161,-2.918810603679285,-0.04524512730144844,0.21640739471053758,0.17457641143691224,-0.10001148797856237,4.10333333533044
5.469000000000161,-2.9186365145247732,-0.045344045404567164,0.22050718622722515,0.17361659447122607,-0.09779672216488805,4.095471753006304
5.470000000000161,-2.918463385054383,-0.04544074627683965,0.22459902849498312,0.17265720088477018,-0.09557764878376442,4.087438702113873
5.471000000000162,-2.9182912147807376,-0.04553522568768538,0.22868275003285865,0.17169835669663538,-0.09335442300353103,4.079234191104026
5.472000000000162,-2.9181200030899834,-0.045627479562388475,0.23275817937201682,0.17074018883040493,-0.09112720132533869,4.070858235678538
5.473000000000162,-2.9179497492408677,-0.04571750398335181,0.23682514506317304,0.16978282515042684,-0.08889614142513484,4.0623108591513155
5.474000000000163,-2.917780452363781,-0.045805295191191434,0.2408834756843869,0.16882639449080514,-0.08666140199234408,4.053592092809313
5.475000000000163,-2.9176121114597793,-0.045890849585668206,0.24493299984921565,0.16787102667676565,-0.08442314256571479,4.044701976270703
5.476000000000163,-2.917444725399581,-0.04597416372645408,0.24897354621522358,0.16691685253806157,-0.08218152336678695,4.0356405578377865
5.477000000000164,-2.917278292922564,-0.0460552343337308,0.25300494349284036,0.16596400391409424,-0.0799367051314168,4.026407894842048
5.478000000000164,-2.9171128126357555,-0.04613405828861935,0.2570270204545597,0.16501261365043499,-0.07768884893977028,4.01700405397869
5.479000000000164,-2.9169482830128297,-0.04621063263343879,0.2610396059444659,0.16406281558644514,-0.07543811604516926,4.007429111627889
5.480000000000165,-2.916784702393127,-0.04628495457179346,0.26504252888807384,0.16311474453370334,-0.07318466770214356,3.9976831541599713
5.481000000000165,-2.9166220689806948,-0.04635702146848807,0.26903561830246514,0.16216853624496103,-0.07092866499400662,3.9877662782215895
5.482000000000165,-2.916460380843367,-0.04642683084927011,0.27301870330669953,0.16122432737336062,-0.06867026866023579,3.9776785909999672
5.483000000000166,-2.916299635911887,-0.046494380400399736,0.27699161313247833,0.1602822554216644,-0.0664096389238983,3.967420210462161
5.484000000000166,-2.916139831979091,-0.046559667968047155,0.2809541771350334,0.15934245868125774,-0.0641469353193227,3.956991265566254
5.485000000000166,-2.915980966699151,-0.046622691557517866,0.28490622480421185,0.15840507616070695,-0.06188231652017339,3.946391896441316
5.486000000000167,-2.9158230375868985,-0.0466834493323062,0.28884758577572395,0.15747024750367175,-0.05961594016804374,3.9356222545329302
5.487000000000167,-2.915666042017238,-0.04674193961297779,0.2927780898425177,0.15653811289599348,-0.057347962701641615,3.9246825027110157
5.488000000000167,-2.9155099772246515,-0.04679816087588148,0.2966975669662413,0.15560881296180742,-0.055078539186602285,3.913572815336672
5.489000000000168,-2.915354840302821,-0.04685211175169137,0.30060584728875045,0.15468248864855766,-0.052807823145927676,3.902293378284747
5.490000000000168,-2.915200628204365,-0.04690379102377963,0.30450276114361474,0.15375928110083065,-0.05053596639102002,3.890844388918868
5.491000000000168,-2.915047337740711,-0.04695319762642057,0.3083881390675738,0.15283933152296883,-0.04826311885325399,3.879226056015736
5.492000000000169,-2.9148949655821075,-0.04700033064282655,0.31226181181189133,0.15192278103048082,-0.04598942841601671,3.8674385996356193
5.493000000000169,-2.9147435082577933,-0.0470451893030161,0.3161236103535516,0.15100977049033187,-0.043715040747141415,3.855482250936201
5.494000000000169,-2.91459296215633,-0.047087772981514696,0.3199733659062398,0.15010044035028056,-0.0414400991316721,3.843357251927241
5.49500000000017,-2.9144433235261116,-0.04712808119488838,0.32381090993104744,0.14919493045752713,-0.03916474430492649,3.831063855163984
5.49600000000017,-2.9142945884760594,-0.04716611359911063,0.32763607414683904,0.14829337986705945,-0.03688911428587665,3.8186023233778754
5.49700000000017,-2.914146752976515,-0.047201869986762825,0.3314486905402185,0.1473959266402287,-0.034613344210945966,3.80597292904401
5.498000000000171,-2.913999812860338,-0.04723535028406878,0.3352485913750314,0.1465027076342593,-0.032337566168434285,3.793175953885881
5.499000000000171,-2.9138537638242203,-0.04726655454776416,0.3390356092013408,0.14561385828360532,-0.030061909033933746,3.78021168831949
5.500000000000171,-2.9137086014302196,-0.047295482961802096,0.3428095768638195,0.1447295123743078,-0.027786498307295307,3.767080430840768
5.501000000000172,-2.913564321107523,-0.04732213583389678,0.346570327509503,0.1438498018127895,-0.025511455951956096,3.753782487362704
5.502000000000172,-2.9134209181544457,-0.04734651359190814,0.35031769459485845,0.1429748563908497,-0.02323690023774756,3.740318170511533
5.503000000000172,-2.9132783877406623,-0.04736861678007165,0.35405151189213485,0.14210480354899002,-0.020962945588681167,3.72668779889505
5.504000000000173,-2.9131367249096773,-0.0473884460550792,0.35777161349497427,0.1412397681406145,-0.01868970243765657,3.712891696360522
5.505000000000173,-2.912995924581528,-0.04740600218201925,0.3614778338232853,0.14037987220009704,-0.016417277090560907,3.698930191264942
5.506000000000173,-2.912855981555716,-0.04742128603018698,0.3651700076274045,0.13952523471819012,-0.014145771602823709,3.684803615786445
5.507000000000174,-2.9127168905143597,-0.047434298568778836,0.36884796999160446,0.1386759714287449,-0.011875283672153734,3.6705123053126227
5.508000000000174,-2.9125786460255507,-0.04744504086248982,0.3725115563370464,0.1378321946112023,-0.0096059065518956,3.6560565979490467
5.509000000000174,-2.9124412425468984,-0.047453514067036476,0.37616060242432237,0.1369940129137699,-0.00733772899017492,3.6414368341993346
5.510000000000175,-2.912304674429239,-0.04745971942463455,0.3797949443557875,0.13616153120257796,-0.00507083520071085,3.626653356876125
5.511000000000175,-2.912168935920479,-0.047463658259465885,0.3834144185779466,0.13533485044236296,-0.0028053048717998578,3.6117065113097344
5.512000000000175,-2.9120340211695437,-0.04746533197317644,0.3870188618842283,0.13451406761430035,-0.0005412132204351645,3.5965966459272027
5.513000000000176,-2.911899924230379,-0.04746474204045388,0.39060811141855467,0.1336992756764378,0.0017213689012808599,3.581324113277668
5.514000000000176,-2.9117666390659793,-0.04746189000474071,0.39418200468019143,0.13289056357170362,0.003982374840466989,3.565889271579245
5.515000000000176,-2.911634159552375,-0.04745677747414529,0.39774037953043445,0.13208801628762884,0.006241741912282248,3.5502924868560792
5.516000000000177,-2.9115024794825364,-0.047449406117618845,0.4012830742017524,0.13129171497069417,0.008499411098332,3.5345341357204285
5.517000000000177,-2.9113715925701307,-0.047439777661470325,0.4048099273100486,0.13050173709659374,0.01075532667185767,3.5186146088319576
5.518000000000177,-2.9112414924530907,-0.047427893886292746,0.40832077787072213,0.12971815669574727,0.013009435749803518,3.5025343150338673
5.519000000000178,-2.911112172696921,-0.04741375662437224,0.41181546531918795,0.12894104463119532,0.015261687775521594,3.4862936861229716
5.520000000000178,-2.910983626797707,-0.04739736775764571,0.415293829536447,0.12817046892374973,0.017512033940175652,3.4698931821595127
5.521000000000178,-2.910855848184782,-0.04737872921626227,0.41875571088017566,0.12740649511716445,0.019760426555567628,3.4533332971652957
5.522000000000179,-2.910728830223005,-0.04735784297778883,0.422200950221622,0.12664918667439617,0.02200681839573105,3.436614565000364
5.523000000000179,-2.9106025662146373,-0.047334711067080606,0.425629388988361,0.12589860539498757,0.0242511620287008,3.4197375651553625
5.524000000000179,-2.910477049400791,-0.04730933555681451,0.42904086921267404,0.12515481184342464,0.026493409162809626,3.4027029281565184
5.52500000000018,-2.910352272962452,-0.04728171856865829,0.43243523358500574,0.12441786577908152,0.02873351003314345,3.3855113402604253
5.52600000000018,-2.9102282300210707,-0.04725186227502261,0.4358123255116276,0.12368782658002216,0.030971412853013636,3.3681635471228675
5.52700000000018,-2.9101049136387385,-0.04721976890132017,0.4391719891753385,0.12296475365526913,0.03320706335231363,3.350660356163275
5.528000000000181,-2.909982316817956,-0.047185440728636036,0.44251406959778633,0.12224870684283615,0.03544040441956795,3.3330026374135895
5.529000000000181,-2.9098604325010107,-0.047148880096700034,0.44583841270182584,0.12153974679343776,0.03767137585781725,3.3151913227323617
5.530000000000181,-2.9097392535689783,-0.0471100894070454,0.4491448653722641,0.12083793534192716,0.03989991425694448,3.297227403372652
5.531000000000182,-2.909618772840357,-0.04706907112623913,0.4524332755133877,0.12014333586985372,0.042125952977505925,3.2791119260038704
5.532000000000182,-2.90949898306934,-0.047025827789077844,0.45570349210181915,0.11945601366291624,0.044349422234459514,3.2608459873902875
5.533000000000182,-2.909379876943735,-0.04698036200165705,0.4589553652334967,0.11877603626653857,0.04657024926408869,3.242430728011276
5.534000000000183,-2.9092614470825264,-0.04693267644424022,0.4621887461638848,0.11810347384150756,0.0487883585543468,3.223867324962363
5.535000000000183,-2.909143686033082,-0.04688277387387457,0.46540348734087644,0.11743839951989476,0.05100367211791349,3.2051569844982595
5.536000000000183,-2.909026586268004,-0.04683065712672058,0.4685994424302084,0.11678088975968376,0.05321610978828127,3.1863009345701094
5.537000000000184,-2.9089101401816277,-0.04677632912008105,0.4717764663335441,0.11613102469496168,0.05542558952176907,3.1673004176740522
5.538000000000184,-2.908794340086176,-0.04671979285413063,0.4749344151996735,0.11548888847743907,0.05763202769195721,3.1481566842740616
5.539000000000184,-2.9086791782075747,-0.04666105141335867,0.4780731464295087,0.11485456960455645,0.05983533936710315,3.1288709869971796
5.540000000000185,-2.9085646466809516,-0.046600107967745164,0.4811925186757177,0.11422816122952999,0.062035438565142875,3.1094445757315525
5.541000000000185,-2.908450737545835,-0.04653696577369362,0.48429239183793804,0.11360976144930082,0.06423223848453695,3.0898786936936165
5.5420000000001854,-2.908337442741078,-0.046471628174744505,0.4873726270545485,0.11299947356734778,0.06642565171225037,3.0701745744749385
5.543000000000186,-2.908224754099529,-0.04640409860209052,0.4904330866919649,0.11239740632953886,0.06861559041245358,3.0503334400342523
5.544000000000186,-2.9081126633424885,-0.0463343805749107,0.49347363433237335,0.11180367413247376,0.07080196650109294,3.0303564995669863
5.5450000000001864,-2.908001162073959,-0.04626247770053439,0.4964941347607346,0.1112183972049706,0.07298469181236839,3.010244949162594
5.546000000000187,-2.9078902417747385,-0.04618839367444015,0.49949445395179803,0.1106417017643616,0.07516367826347174,2.9899999721478863
5.547000000000187,-2.9077798937963593,-0.0461121322800882,0.5024744590577574,0.11007372015000502,0.0773388380237935,2.969622740010456
5.5480000000001874,-2.907670109354911,-0.04603369738857907,0.5054340183970767,0.10951459093683347,0.07951008369429241,2.9491144137981755
5.549000000000188,-2.907560879524753,-0.045953092958125726,0.5083730014449119,0.1089644590317948,0.08167732850191041,2.9284761458966595
5.550000000000188,-2.907452195232142,-0.045870323033322294,0.5112912788254621,0.10842347575566154,0.08384048651283675,2.907709082094787
5.5510000000001885,-2.907344047248783,-0.04578539174418905,0.5141887223064949,0.10789179891183458,0.0859994728670627,2.8868143638573556
5.552000000000189,-2.9072364261853156,-0.045698303304971995,0.5170652047962185,0.10736959284238243,0.08815420403495569,2.8657931307324116
5.553000000000189,-2.9071293224847574,-0.045609062012675505,0.5199206003426003,0.10685702846954051,0.09030459809438703,2.8446465228277056
5.5540000000001895,-2.9070227264159074,-0.04551767224530957,0.5227547841351714,0.10635428331811371,0.09245057502406412,2.8233756832950716
5.55500000000019,-2.9069166280667478,-0.04542413845983909,0.5255676325092935,0.10586154151049898,0.09459205700484229,2.801981760762352
5.55600000000019,-2.906811017337864,-0.04532846518983377,0.528359022952806,0.10537899372113357,0.09672896871549076,2.7804659116487644
5.5570000000001905,-2.906705883935942,-0.04523065704283401,0.5311288341148995,0.104906837050159,0.09886123754970658,2.7588293020822388
5.558000000000191,-2.9066012173679834,-0.04513071869891913,0.5338769458128714,0.10444527364752529,0.1009887908238029,2.737073097823553
5.559000000000191,-2.906497006937033,-0.04502865491232709,0.5366032390229099,0.10399450919711911,0.10311155283073413,2.71519845358488
5.5600000000001915,-2.9063932417377285,-0.0449244705115707,0.5393075958810971,0.10355475462709883,0.10522945037999998,2.693206536109348
5.561000000000192,-2.906289910651517,-0.04481817039732656,0.5419898996978455,0.10312622563102801,0.10734241316132988,2.6710985269663494
5.562000000000192,-2.906187002342243,-0.04470975953946253,0.5446500349723411,0.10270914158159478,0.10945037303468072,2.6488756215801526
5.5630000000001925,-2.9060845052532045,-0.04459924297546919,0.5472878874053282,0.10230372398972204,0.11155326274667914,2.6265390268061117
5.564000000000193,-2.9059824076060483,-0.044486625810570966,0.5499033439085261,0.1019101943607027,0.11365101381906968,2.6040899565160873
5.565000000000193,-2.9058806974021802,-0.044371913220513294,0.5524962926083429,0.10152877126119887,0.11574355325849346,2.581529624466406
5.5660000000001935,-2.905779362427609,-0.04425511045843381,0.5550666228407058,0.10115966636778315,0.11783079861107858,2.558859233479988
5.567000000000194,-2.9056783902623633,-0.04413622286777776,0.557614225132719,0.10080307922190394,0.11991265072952725,2.5360799596807686
5.568000000000194,-2.905577768295934,-0.04401525590393395,0.5601389911654355,0.10045919037550846,0.12198898344937821,2.513192930203807
5.5690000000001945,-2.9054774837505213,-0.043892215168138765,0.5626408137103285,0.1001281083465157,0.12405940921713815,2.490198795821221
5.570000000000195,-2.9053775241237156,-0.04376710855116825,0.5651195835133802,0.09980932830047404,0.12612049529656244,2.46709273341747
5.571000000000195,-2.9052778769412697,-0.043639945063125296,0.5675751882117543,0.09950295361449808,0.12817172502273227,2.4438752131986763
5.5720000000001955,-2.9051785297373116,-0.04351073458316827,0.5700075179765495,0.09920931912385554,0.1302141304462478,2.420549436937693
5.573000000000196,-2.9050794696619278,-0.043379485494117576,0.5724164659830223,0.09892861974599458,0.1322485675562578,2.3971182069123382
5.574000000000196,-2.9049806837455385,-0.043246205416651265,0.5748019279968424,0.09866089811377558,0.1342757032429807,2.3735838952765604
5.5750000000001965,-2.9048821590559415,-0.043110901407995166,0.5771638019243172,0.09840603519352226,0.1362959949511574,2.3499484039612875
5.576000000000197,-2.9047838828596726,-0.042973580182965716,0.579501987322703,0.09816375198153211,0.13830966662963545,2.326213127940809
5.577000000000197,-2.904685842771767,-0.04283424835706415,0.5818163848846009,0.09793363233130849,0.14031668955891669,2.302378944451451
5.5780000000001975,-2.904588026869814,-0.042692912701020214,0.5841068959351683,0.09771517274979201,0.14231678010857637,2.278446252722454
5.579000000000198,-2.9044904237480607,-0.04254958038562759,0.5863734219989765,0.09750785274290105,0.14430942303629846,2.2544150725996057
5.580000000000198,-2.9043930224996277,-0.04240425919224886,0.5886158644873171,0.09731120660259994,0.14629391763498406,2.230285181152616
5.5810000000001985,-2.904295812634734,-0.04225695767205004,0.5908341245247204,0.09712487650419765,0.14826943316387445,2.206056247877298
5.582000000000199,-2.904198783958082,-0.04210768525148824,0.5930281028959357,0.0969486383839404,0.15023505860756198,2.1817279369176457
5.583000000000199,-2.9041019264315047,-0.04195645229384196,0.5951977000739136,0.09678240485320186,0.15218983872287317,2.1572999670301267
5.5840000000001995,-2.9040052300409176,-0.04180327013132688,0.5973428162894572,0.09662621472984308,0.15413279593887966,2.1327721369499537
5.5850000000002,-2.9039086846770346,-0.04164815108076568,0.5994633516143135,0.09648021752224409,0.15606294153638656,2.1081443289859747
5.5860000000002,-2.903812280032224,-0.041491108451761696,0.6015592060416316,0.09634464545071027,0.15797967603599444,2.0834171479313963
5.5870000000002005,-2.9037160056277127,-0.04133215355847825,0.6036302836250794,0.09621963617012834,0.15988636573717407,2.058597691836625
5.588000000000201,-2.9036198507973046,-0.041171296960513255,0.6056764934921169,0.09610535816643156,0.16178338100164563,2.033688118876763
5.589000000000201,-2.9035238047202645,-0.04100854797773093,0.6076977462250777,0.09600200344715822,0.1636706180560799,2.0086898294558386
5.5900000000002015,-2.9034278563727582,-0.040843916446479236,0.6096939538029352,0.09590977328524868,0.16554795956861693,1.9836042173661887
5.591000000000202,-2.903331994527075,-0.040677412324894406,0.6116650295977408,0.09582887321302187,0.16741528058507588,1.9584326753741235
5.592000000000202,-2.903236207749377,-0.04050904569841766,0.6136108883753018,0.09575950923557931,0.1692724522994568,1.9331765982966738
5.5930000000002025,-2.9031404844006956,-0.0403388267823543,0.6155314462980828,0.09570188507288051,0.1711193443250783,1.9078373845014984
5.594000000000203,-2.9030448126402524,-0.04016676592271316,0.6174266209291043,0.09565620025064299,0.17295582596183062,1.882416436492668
5.595000000000203,-2.9029491804303276,-0.03999287359614125,0.6192963312361621,0.09562264887913698,0.17478176681075386,1.856915161025393
5.5960000000002035,-2.9028535755420646,-0.039817160409475,0.6211404975960487,0.09560141898100016,0.176597036977046,1.831334969031546
5.597000000000204,-2.9027579855617187,-0.03963963709923086,0.6229590417986797,0.09559269225155027,0.17840150702287189,1.8056772755265964
5.598000000000204,-2.90266239789697,-0.03946031453122698,0.6247518870511609,0.09559664415610526,0.18019504777540826,1.779943499595243
5.5990000000002045,-2.902566799782997,-0.03927920370044314,0.6265189579819034,0.09561344428769447,0.1819775300571744,1.754135064506709
5.600000000000205,-2.902471178288093,-0.03909631573117326,0.6282601806449281,0.09564325692491094,0.18374882437981527,1.7282533979827739
5.601000000000205,-2.902375520318638,-0.038911661877493314,0.6299754825245191,0.09568624174347821,0.18550880062533756,1.702299932625934
5.6020000000002055,-2.902279812623299,-0.0387252535240495,0.6316647925403851,0.09574255464652989,0.1872573277276094,1.6762761065072762
5.603000000000206,-2.90218404179635,-0.03853710218716267,0.6333280410534865,0.09581234868786813,0.18899427335979396,1.6501833639107404
5.604000000000206,-2.9020881942800294,-0.03834721951624222,0.6349651598726845,0.09589577506985594,0.19071950362896278,1.624023156230529
5.6050000000002065,-2.901992256365867,-0.038155617295502355,0.6365760822623627,0.09599298420338323,0.19243288277651,1.5977969430202157
5.606000000000207,-2.9018962141949265,-0.037962307445976354,0.6381607429511744,0.09610412682177868,0.19413427288155838,1.5715061931948417
5.607000000000207,-2.9018000537569018,-0.037767302027827424,0.6397190781420703,0.09622935514383128,0.19582353356389995,1.545152386390477
5.6080000000002075,-2.901703760888033,-0.03757061324295831,0.6412510255237672,0.09636882408340446,0.19750052168289464,1.5187370144890726
5.609000000000208,-2.9016073212677886,-0.03737225343792544,0.6427565242838293,0.09652269250459439,0.1991650910289974,1.4922615833197392
5.610000000000208,-2.9015107204142683,-0.037172235107166406,0.644235515123544,0.0966911245220744,0.20081709200510933,1.465727614550754
5.6110000000002085,-2.901413943678282,-0.036970570896551994,0.645687940274793,0.09687429084620663,0.20245637129571634,1.4391366477894558
5.612000000000209,-2.9013169762360658,-0.036767273607275545,0.6471137435191346,0.09707237017166635,0.20408277152278775,1.412490242909627
5.613000000000209,-2.9012198030805862,-0.03656235620009299,0.6485128702093365,0.09728555060664017,0.20569613088869143,1.38578998262773
5.6140000000002095,-2.9011224090113967,-0.036355831799925555,0.6498852672936176,0.09751403113699757,0.20729628280799597,1.359037475350162
5.61500000000021,-2.901024778623018,-0.036147713700834576,0.6512308833428833,0.09775802311600884,0.20888305553206013,1.3322343583130214
5.61600000000021,-2.900926896291822,-0.035938015371372596,0.6525496685812526,0.09801775176493356,0.21045627177285672,1.3053823010330232
5.6170000000002105,-2.900828746161419,-0.03572675046030689,0.6538415749201993,0.09829345766280204,0.21201574833567657,1.2784830090821118
5.618000000000211,-2.9007303121265715,-0.035513932802700064,0.6551065559966296,0.09858539819453578,0.21356129577435937,1.2515382281874619
5.619000000000211,-2.9006315778157026,-0.03529957642631626,0.6563445672152172,0.09889384891468382,0.21509271808768338,1.2245497486406804
5.6200000000002115,-2.900532526572105,-0.035083695558299904,0.6575555657952854,0.09921910476885429,0.21660981248171307,1.1975194099718873
5.621000000000212,-2.9004331414340316,-0.03486630463204545,0.6587395108224615,0.099561481095633,0.21811236923046895,1.1704491058011677
5.622000000000212,-2.9003334051139413,-0.03464741829413966,0.6598963633052114,0.09992131430749032,0.21960017167647336,1.1433407887146463
5.6230000000002125,-2.9002332999772746,-0.03442705141121127,0.661026086236163,0.1002989621187974,0.22107299642375303,1.1161964749146702
5.624000000000213,-2.900132808021304,-0.0342052190764636,0.6621286446578105,0.10069480315129936,0.22253061378894387,1.0890182482475337
5.625000000000213,-2.9000319108547794,-0.03398193661559304,0.6632040057316904,0.10110923570062341,0.22397278859139877,1.0618082629937158
5.6260000000002135,-2.899930589679345,-0.0337572195917062,0.6642521388093536,0.10154267538958445,0.22539928138075915,1.0345687444770406
5.627000000000214,-2.8998288252740023,-0.03353108380874106,0.6652730155022839,0.10199555136239365,0.22680985022039896,1.007301986050609
5.628000000000214,-2.899726597984298,-0.033303545312767364,0.6662666097461127,0.10246830058427787,0.22820425316762002,0.9800103402514051
5.6290000000002145,-2.899623887718386,-0.03307462039038856,0.6672328978517233,0.1029613596970542,0.2295822516168389,0.952696200720868
5.630000000000215,-2.8995206739527575,-0.03284432556328706,0.6681718585315595,0.10347515373233956,0.2309436147012069,0.9253619695939874
5.631000000000215,-2.899416935751203,-0.03261267757774191,0.6690834728827537,0.10401008078271802,0.23228812498329557,0.8980100020042854
5.6320000000002155,-2.8993126518016323,-0.03237969338769543,0.669967724298049,0.10456649144829498,0.2336155857109747,0.8706425143617509
5.633000000000216,-2.8992078004767294,-0.03214539012963887,0.6708245982583897,0.10514466146579882,0.2349258299785703,0.8432614348853269
5.634000000000216,-2.899102359926319,-0.03190978508720005,0.6716540819334702,0.10574475532437319,0.23621873223199616,0.8158681617393695
5.6350000000002165,-2.89899630821193,-0.0316728956427965,0.672456163472617,0.10636677780417993,0.2374942227297705,0.788463174552527
5.636000000000217,-2.898889623497654,-0.03143473921293226,0.6732308308025421,0.107010509225243,0.23875230595083852,0.7610454224339557
5.637000000000217,-2.8987822843162236,-0.031195333162243235,0.6739780696671006,0.10767541899845938,0.23999308500978805,0.7336114115564158
5.6380000000002175,-2.8986742699348835,-0.030954694687803333,0.6746978606098896,0.1083605517687786,0.24121679751969743,0.7061540375615047
5.639000000000218,-2.8985655608499807,-0.030712840655404614,0.6753901748494017,0.10906438374557863,0.24242387763207215,0.6786617081923718
5.640000000000218,-2.89845613943493,-0.030469787347648117,0.6760549700578029,0.10978460385572543,0.24361488601155512,0.6511192190795523
5.6410000000002185,-2.8983459911668206,-0.030225551493753305,0.6766921879576107,0.11051749756043873,0.24478902159526417,0.623511275432736
5.642000000000219,-2.8982351050254516,-0.029980148472159285,0.6773017602455769,0.11125940898274506,0.2459486162736986,0.5958346523294723
5.643000000000219,-2.8981234739570687,-0.0297335915029668,0.6778836222757544,0.11200654100150102,0.24709707356241253,0.5680991548941904
5.6440000000002195,-2.898011094524037,-0.02948589015534904,0.6784377232673093,0.11275531082705534,0.24823753553876562,0.5403214163604229
5.64500000000022,-2.897897966601505,-0.029237051164168176,0.6789640293325995,0.11350276203550008,0.24937244747924625,0.5125176367222305
5.64600000000022,-2.897784092684817,-0.02898707920871212,0.6794625209042862,0.11424665311169033,0.2505034263781962,0.48470000010477815
5.6470000000002205,-2.897669477198775,-0.02873597772806017,0.6799331884009957,0.114985364375188,0.2516313316299682,0.45687640233160914
5.648000000000221,-2.897554125930879,-0.02848374962295675,0.6803760283888121,0.1157177703890087,0.2527563983841495,0.42905143091686354
5.649000000000221,-2.897438045588683,-0.028230397816683444,0.6807910408255344,0.11644313717083946,0.2538783683265263,0.40122744357924744
5.6500000000002215,-2.8973212434472746,-0.02797592569151748,0.6811782272730026,0.11716104949831663,0.2549966014789534,0.37340540702445396
5.651000000000222,-2.8972037270591526,-0.02772033742274856,0.6815375898160528,0.11787135793864434,0.25611016828521455,0.3455854785775536
5.652000000000222,-2.897085504011276,-0.02746363823063423,0.6818691304561166,0.11857413544776153,0.2572179213079241,0.3177673798914667
5.6530000000002225,-2.896966581643102,-0.027205834044699072,0.6821728510738322,0.11926981539985984,0.2583197361033788,0.2899515950237806
5.654000000000223,-2.8968469666698815,-0.02694693001053439,0.6824487550326506,0.11995920474580038,0.25941726898175965,0.2621400396288428
5.655000000000223,-2.8967266651076296,-0.026686930596534562,0.6826968468339563,0.12064289308899219,0.2605103581822093,0.2343331457050974
5.6560000000002235,-2.896605682334372,-0.02642584029137473,0.6829171313285269,0.12132149674852385,0.26159865489513656,0.20653128838071705
5.657000000000224,-2.8964840231169227,-0.026163664080539793,0.6831096137787864,0.12199565737116635,0.26268176653359393,0.1787349195475102
5.658000000000224,-2.896361691574494,-0.025900407356139854,0.6832742999452897,0.1226660255264681,0.2637592757585138,0.15094458529304516
5.6590000000002245,-2.8962386911765416,-0.025636075933576953,0.6834111961852306,0.12333324780766017,0.2648307562014315,0.12316093311945064
5.660000000000225,-2.896115024751979,-0.02537067605413918,0.6835203095544236,0.1239979568727746,0.26589578479402154,0.09538471212719864
5.661000000000225,-2.895990694507076,-0.025104214376815814,0.6836016479069724,0.12466076395698261,0.26695395100606667,0.06761676854727254
5.6620000000002255,-2.895865702049778,-0.024836697962220263,0.6836552199889027,0.12532225345049966,0.2680048634507541,0.039858038383561625
5.663000000000226,-2.89574004841856,-0.024568134251018975,0.6836810355235398,0.12598297918509013,0.26904815434376106,0.012109538441046185
5.664000000000226,-2.8956137341142734,-0.024298531038660708,0.6836791052880465,0.12664346211629376,0.2700834843944837,-0.015627625911341956
5.6650000000002265,-2.895486759133732,-0.024027896424603262,0.6836494413288734,0.1273041890971956,0.2711105816859983,-0.04335196395000204
5.666000000000227,-2.895359123004183,-0.02375623875634712,0.6835920573707956,0.12796561232049594,0.2721292336824428,-0.07106167945580721
5.667000000000227,-2.8952308248178564,-0.023483566576207364,0.6835069689606362,0.12862814960823443,0.2731392557556606,-0.09875493603539623
5.6680000000002275,-2.8951018632659555,-0.02320988859690607,0.6833941934933747,0.12929218533137352,0.27414048921082074,-0.12642987530859645
5.669000000000228,-2.8949722366714994,-0.022935213677381584,0.6832537502302677,0.129958071702022,0.275132800162339,-0.15408462450907875
5.670000000000228,-2.894841943020733,-0.022659550798628976,0.68308566030976,0.1306261303240493,0.2761160781861357,-0.18171730330407415
5.6710000000002285,-2.894710979992894,-0.022382909040962854,0.6828899467519585,0.13129665391323145,0.2770902348407299,-0.20932602985547266
5.672000000000229,-2.8945793449881996,-0.022105297562797135,0.6826666344574058,0.13196990811687995,0.2780552021257405,-0.2369089261649872
5.673000000000229,-2.894447035153993,-0.021826725580977594,0.6824157502008464,0.1326461333785879,0.2790109309276586,-0.26446412275731285
5.6740000000002295,-2.8943140474090123,-0.021547202352660964,0.6821373226206144,0.13332554680663217,0.279957389488298,-0.29198976276019356
5.67500000000023,-2.8941803784658053,-0.021266737158704523,0.6818313822042187,0.13400834401505676,0.28089456192026885,-0.3194840054411168
5.67600000000023,-2.894046024851324,-0.020985339288510464,0.6814979612706389,0.13469470091488375,0.2818224467854582,-0.34694502925849674
5.6770000000002305,-2.8939109829257625,-0.020703018026256497,0.6811370939497897,0.13538477543957886,0.2827410557462476,-0.3743710344817401
5.678000000000231,-2.8937752488997033,-0.02041978263843695,0.68074881615956,0.13607870919413653,0.2836504122945915,-0.4017602454302676
5.679000000000231,-2.8936388188496545,-0.020135642362635275,0.6803331655807837,0.1367766290211991,0.2845505505607419,-0.4291109123768803
5.6800000000002315,-2.8935016887320684,-0.019850606397448376,0.6798901816304591,0.13747864848070926,0.2854415142010358,-0.4564213131561572
5.681000000000232,-2.8933638543959193,-0.019564683893484616,0.6794199054334905,0.1381848692419014,0.28632335536252845,-0.4836897545140501
5.682000000000232,-2.8932253115939344,-0.019277883945360223,0.6789223797931976,0.13889538238812105,0.28719613372117536,-0.5109145732306265
5.6830000000002325,-2.8930860559925637,-0.018990215584622404,0.6783976491608029,0.13961026963615186,0.2880599155895937,-0.5380941370440767
5.684000000000233,-2.892946083180771,-0.01870168777353177,0.6778457596040842,0.14032960447252926,0.2889147730900626,-0.5652268454006563
5.685000000000233,-2.8928053886777296,-0.01841230939964103,0.677266758775355,0.14105345320981413,0.28976078338826533,-0.5923111300521948
5.6860000000002335,-2.8926639679395,-0.018122089271111433,0.6766606958789162,0.14178187596605502,0.29059802798327034,-0.6193454555201383
5.687000000000234,-2.8925218163647646,-0.017831036112712976,0.6760276216381021,0.14251492757073492,0.29142659204934274,-0.6463283194427893
5.688000000000234,-2.892378929299694,-0.01753915856245866,0.6753675882620334,0.14325265840042056,0.29224656382533576,-0.6732582528204346
5.6890000000002345,-2.892235302042007,-0.017246465168827208,0.6746806494121681,0.14399511514713656,0.2930580340476039,-0.7001338201713683
5.690000000000235,-2.8920909298443003,-0.016952964388532783,0.6739668601687386,0.1447423415221986,0.2938610954225825,-0.7269536196104146
5.691000000000235,-2.8919458079167035,-0.01665866458480376,0.673226276997143,0.14549437889787245,0.2946558421353761,-0.7537162828603836
5.6920000000002355,-2.89179993142892,-0.01636357402613635,0.6724589577143548,0.146251266888791,0.2954423693908734,-0.780420475205947
5.693000000000236,-2.8916532955117193,-0.016067700885492284,0.6716649614554042,0.1470130438745624,0.2962207729840487,-0.8070648953986653
5.694000000000236,-2.8915058952579358,-0.0157710532399129,0.6708443486399752,0.14777974746444464,0.29699114889620565,-0.8336482755213236
5.6950000000002365,-2.8913577257230285,-0.01547363907052538,0.6699971809391554,0.14855141490433849,0.2977535929139592,-0.8601693808193196
5.696000000000237,-2.891208781925268,-0.015175466262919985,0.6691235212423677,0.14932808342566176,0.2985082002677179,-0.88662700950658
5.697000000000237,-2.891059058845598,-0.014876542607880449,0.6682234336245063,0.1501097905349027,0.2992550652863152,-0.9130199925533516
5.6980000000002375,-2.890908551427244,-0.014576875802453175,0.6672969833132899,0.1508965742418013,0.29999428106422227,-0.9393471934632109
5.699000000000238,-2.89075725457512,-0.014276473451344564,0.6663442366568413,0.15168847322316384,0.30072593913744067,-0.9656075080467492
5.700000000000238,-2.89060516315511,-0.013975343068639966,0.6653652610914909,0.15248552691826195,0.30145012916369784,-0.9917998641996066
5.7010000000002385,-2.8904522719932895,-0.013673492079842385,0.6643601251097974,0.1532877755505928,0.3021669386019271,-1.0179232216928455
5.702000000000239,-2.8902985758751605,-0.013370927824234552,0.6633288982287678,0.15409526006946286,0.30287645238517297,-1.0439765719840524
5.703000000000239,-2.8901440695449954,-0.013067657557574313,0.6622716509582531,0.15490802200339054,0.3035787525799917,-1.0699589380580192
5.7040000000002395,-2.8899887477053694,-0.012763688455140875,0.6611884547694835,0.15572610321568922,0.3042739180240732,-1.0958693743063694
5.70500000000024,-2.889832605016996,-0.012459027615158524,0.6600793820637015,0.15654954555077813,0.30496202393215377,-1.1217069664560206
5.70600000000024,-2.8896756360989726,-0.012153682062635356,0.6589445061408374,0.1573783903577721,0.3056431414582763,-1.147470831556893
5.7070000000002405,-2.889517835529574,-0.011847658753667648,0.6577839011681628,0.15821267787572663,0.3063173372000529,-1.1731601180397198
5.708000000000241,-2.8893591978477344,-0.011540964580276251,0.6565976421488465,0.15905244646258865,0.3069846726277687,-1.1987740058551501
5.709000000000241,-2.889199717555387,-0.011233606375860091,0.6553858048903268,0.15989773164748478,0.30764520341795426,-1.2243117067054532
5.7100000000002415,-2.889039389120854,-0.010925590921373983,0.6541484659724,0.16074856498357948,0.30829897866752065,-1.249772464379969
5.711000000000242,-2.8888782069834877,-0.010616924952363698,0.6528857027149175,0.16160497267655718,0.3089460399608897,-1.275155555204841
5.712000000000242,-2.888716165559811,-0.010307615167020494,0.651597593144973,0.16246697396215923,0.3095864202591396,-1.300460288616379
5.7130000000002426,-2.888553259251414,-0.009997668235449574,0.6502842159634498,0.1633345792056921,0.3102201425777164,-1.32568600786542
5.714000000000243,-2.8883894824549046,-0.009687090810380737,0.6489456505107972,0.16420778769788938,0.3108472184189206,-1.3508320908570384
5.715000000000243,-2.888224829574219,-0.00937588953958162,0.6475819767318997,0.16508658512630567,0.311467645929104,-1.3758979511256344
5.7160000000002436,-2.8880592950356316,-0.009064071080259093,0.6461932751399041,0.16597094071156474,0.31208140776134735,-1.4008830389394853
5.717000000000244,-2.8878928733057876,-0.008751642115743134,0.6447796267788845,0.16686080401617198,0.3126884686468967,-1.425786842520997
5.718000000000244,-2.887725558913078,-0.008438609374725129,0.6433411131852368,0.16775610146417497,0.31328877271926175,-1.450608889358976
5.7190000000002446,-2.887557346472602,-0.008124979653246928,0.641877816347731,0.16865673265762288,0.3138822407020123,-1.475348747577283
5.720000000000245,-2.8873882307148397,-0.007810759839476934,0.640389818666185,0.16956256664578157,0.31446876717437383,-1.5000060273106965
5.721000000000245,-2.8872182065179786,-0.00749595694102528,0.6388772029087858,0.1704734383991934,0.31504821827529594,-1.5245803820246393
5.722000000000246,-2.8870472689435003,-0.007180578114098126,0.6373400521681498,0.1713891458615525,0.31562043039592946,-1.5490715097019425
5.723000000000246,-2.8868754132742054,-0.006864630693137927,0.6357784498162999,0.1723094480852055,0.3161852106215313,-1.573479153807888
5.724000000000246,-2.8867026350533025,-0.006548122218746671,0.6341924794588296,0.17323406506849812,0.3167423398595095,-1.5978031039330296
5.725000000000247,-2.886528930122531,-0.0062310604607287035,0.6325822248886328,0.17416267994681786,0.3172915796226436,-1.6220431959952748
5.726000000000247,-2.886354294656699,-0.0059134534322357055,0.630947770039716,0.1750949440640593,0.3178326831716887,-1.6461993118449236
5.727000000000247,-2.8861787251916518,-0.005595309390618584,0.6292891989417947,0.1760304850934683,0.318365411011858,-1.6702713780417475
5.728000000000248,-2.8860022186428047,-0.005276636821151867,0.6276065956766668,0.17696891777582616,0.31888954955812554,-1.694259363455885
5.729000000000248,-2.8858247723121386,-0.004957444401657768,0.6259000443377679,0.17790985611752366,0.3194049303782815,-1.7181632752153182
5.730000000000248,-2.8856463838830355,-0.004637740949186114,0.6241696289948305,0.17885292530519822,0.3199114463513883,-1.7419831524677272
5.731000000000249,-2.88546705140413,-0.0043175353536456015,0.6224154336660512,0.17979777145743325,0.320409061021182,-1.7657190575599702
5.732000000000249,-2.8852867732650624,-0.003996836506437654,0.6206375423003956,0.18074406777665394,0.3208978085431668,-1.7893710653055674
5.733000000000249,-2.88510554816854,-0.003675653237031343,0.6188360387630185,0.18169151564540478,0.32137777776093646,-1.8129392737828525
5.73400000000025,-2.8849233751027437,-0.0033539942673041154,0.6170110068055973,0.18263984273198433,0.32184909223906244,-1.8364238036006564
5.73500000000025,-2.8847402533159006,-0.0030318681813382036,0.6151625300711322,0.1835888009106712,0.3223119010986358,-1.8598247469595242
5.73600000000025,-2.884556182294358,-0.002709283409497867,0.6132906921313747,0.18453816159844752,0.3227663607986724,-1.883142152426272
5.737000000000251,-2.8843711617452956,-0.002386248228491002,0.6113955765355376,0.1854877109413741,0.3232126192890785,-1.9063760152335862
5.738000000000251,-2.8841851915841223,-0.0020627707758315013,0.6094772668673143,0.186437245590152,0.32365080472924634,-1.9295262703721197
5.739000000000251,-2.8839982719257433,-0.0017388590733135444,0.6075358468074574,0.187386569279835,0.3240810188825859,-1.9525927883255216
5.740000000000252,-2.883810403078866,-0.0014145210550720183,0.6055714001994728,0.1883354901747869,0.3245033345127588,-1.9755753730220982
5.741000000000252,-2.8836215855426506,-0.0010897645966791876,0.6035840111164734,0.18928381882441614,0.3249177957798688,-1.998473761471721
5.742000000000252,-2.8834318200051747,-0.0007645975427659255,0.6015737639277715,0.19023136655513562,0.32532442062863337,-2.0212876245763907
5.743000000000253,-2.883241107343345,-0.0004390277316047475,0.5995407433642533,0.1911779441524645,0.32572320432110924,-2.0440165686905605
5.744000000000253,-2.883049448624023,-0.0001130630158427865,0.5974850345819541,0.19212336073087824,0.32611412347907764,-2.0666601376180376
5.745000000000253,-2.882856845106213,0.00021328872089015249,0.5954067232235085,0.19306742273011201,0.3264971402008407,-2.089217814838785
5.746000000000254,-2.8826632982441978,0.0005400195514201349,0.5933058954773102,0.1940099330083688,0.326872205977192,-2.111689025848699
5.747000000000254,-2.882468809691538,0.0008671214962221463,0.5911826381342983,0.19495069002454005,0.3272392652473245,-2.1340731405652185
5.748000000000254,-2.8822733813058394,0.0011945865179587172,0.5890370386423046,0.1958894871148618,0.3275982585133603,-2.1563694758028764
5.749000000000255,-2.882077015154193,0.0015224065189011434,0.5868691851578749,0.1968261118766935,0.3279491249810667,-2.1785772978587064
5.750000000000255,-2.8818797135191683,0.001850573340754225,0.5846791665954243,0.19776034567532386,0.3282918047228334,-2.2006958252709814
5.751000000000255,-2.881681478905236,0.00217907876641054,0.582467072673515,0.1986919632903502,0.32862624037416266,-2.2227242318286167
5.752000000000256,-2.8814823140454604,0.002507914523175961,0.5802329939579656,0.19962073271720954,0.3289523783819914,-2.244661649914528
5.753000000000256,-2.8812822219083167,0.002837072287028279,0.577977021901414,0.20054641513743432,0.32927016982578694,-2.266507174265371
5.754000000000256,-2.88108120570444,0.0031665436874923716,0.575699248878882,0.20146876506846492,0.32957957083302086,-2.2882598662230165
5.755000000000257,-2.880879268893139,0.0034963203127371693,0.573399768218815,0.20238753070051102,0.3298805426109412,-2.3099187585401166
5.756000000000257,-2.8806764151884736,0.003826393714522129,0.5710786742290199,0.2033024544240584,0.33017305111754347,-2.331482860783335
5.757000000000257,-2.880472648564712,0.004156755412644795,0.5687360622168927,0.2042132735471894,0.3304570663968385,-2.3529511653536113
5.758000000000258,-2.8802679732609766,0.004487396898567875,0.5663720285033186,0.2051197211969558,0.330732561607161,-2.374322654113625
5.759000000000258,-2.8800623937849053,0.004818309637935396,0.5639866704296587,0.2060215273936928,0.33099951177631287,-2.3955963055793865
5.760000000000258,-2.879855914915153,0.005149485071724281,0.561580086357294,0.20691842028153892,0.3312578923235121,-2.4167711025969507
5.761000000000259,-2.8796485417025997,0.005480914615821008,0.5591523756592964,0.207810127492743,0.3315076773949636,-2.4378460403884676
5.762000000000259,-2.8794402794701366,0.005812589658863263,0.5567036387039314,0.20869637761788837,0.3317488380667523,-2.4588201348164573
5.763000000000259,-2.879231133810941,0.006144501558243301,0.5542339768298612,0.20957690174927732,0.3319813404749621,-2.479692430683906
5.76400000000026,-2.879021110585193,0.006476641634232116,0.5517434923131164,0.21045143506076525,0.3322051439376765,-2.500462009863217
5.76500000000026,-2.8788102159152014,0.006809001162249632,0.5492322883261156,0.21131971838466063,0.3324201991360968,-2.521127999031739
5.76600000000026,-2.878598456178981,0.007141571363373449,0.5467004688892411,0.21218149974521083,0.3326264464218236,-2.5416895767875443
5.767000000000261,-2.878385838002327,0.007474343393244314,0.5441481388157,0.21303653580887652,0.3328238143140019,-2.56214597992763
5.768000000000261,-2.878172368249499,0.007807308329587164,0.5415754036506096,0.21388459321413036,0.33301221824341365,-2.5824965086919764
5.769000000000261,-2.87795805401265,0.008140457158619057,0.5389823696054248,0.2147254497478242,0.33319155959091695,-2.602740530810124
5.770000000000262,-2.877742902600165,0.008473780760656857,0.5363691434889699,0.21555889534102413,0.33336172505536865,-2.6228774842300884
5.771000000000262,-2.8775269215241037,0.008807269895265776,0.5337358326364326,0.2163847328642592,0.3335225863720993,-2.642906878459696
5.772000000000262,-2.8773101184869514,0.009140915186303621,0.5310825448377184,0.21720277870990698,0.33367400038806816,-2.662828294504221
5.773000000000263,-2.8770925013678963,0.009474707107214365,0.5284093882665565,0.21801286315744348,0.333815809485031,-2.682641383437756
5.774000000000263,-2.876874078208849,0.009808635966909033,0.5257164714116827,0.21881483052500927,0.3339478423283833,-2.702345863695443
5.775000000000263,-2.8766548572004123,0.01014269189654367,0.5230039030113176,0.21960853911773848,0.33406991490763305,-2.7219415172163925
5.776000000000264,-2.8764348466679945,0.010476864837465278,0.5202717919920097,0.2203938609892005,0.33418183182533223,-2.741428184600518
5.777000000000264,-2.8762140550582513,0.010811144530550171,0.5175202474127368,0.22117068153687602,0.33428338778511413,-2.7608057594652906
5.778000000000264,-2.875992490926,0.011145520507107962,0.5147493784149704,0.22193889895571386,0.3343743692263232,-2.7800741822001953
5.779000000000265,-2.875770162921743,0.01147998208147154,0.5119592941792017,0.22269842357550013,0.33445455605243357,-2.799233433318008
5.780000000000265,-2.875547079779901,0.011814518345341404,0.5091501038882392,0.2234491771081244,0.3345237234026691,-2.8182835265941786
5.781000000000265,-2.875323250307832,0.012149118163904184,0.5063219166973977,0.22419109183003266,0.33458164342047225,-2.8372245021703604
5.782000000000266,-2.875098683375692,0.012483770173701347,0.5034748417115366,0.22492410972344487,0.33462808697816854,-2.8560564197774334
5.783000000000266,-2.8748733879071664,0.012818462782186804,0.5006089879687592,0.22564818159753341,0.33466282532377234,-2.874779352209331
5.784000000000266,-2.874647372871081,0.013153184168881442,0.49772446443046825,0.22636326620795102,0.3346856316228651,-2.8933933791533755
5.785000000000267,-2.8744206472738907,0.01348792228800895,0.4948213799773777,0.22706932939008156,0.33469628237540405,-2.911898581457351
5.786000000000267,-2.8741932201530194,0.01382266487248055,0.4918998434110151,0.22776634321834877,0.3346945586938468,-2.9302950358893733
5.787000000000267,-2.873965100571029,0.014157399439085505,0.4889599634602026,0.22845428520100178,0.3346802474348532,-2.9485828104247447
5.788000000000268,-2.873736297610567,0.01449211329473922,0.4860018487919805,0.22913313751710424,0.33465314218190745,-2.9667619600748916
5.789000000000268,-2.8735068203700593,0.014826793543640233,0.4830256080264306,0.22980288630005397,0.33461304408040976,-2.9848325232575066
5.790000000000268,-2.873276677960094,0.015161427095190682,0.480031349754864,0.23046352096988565,0.3345597625301266,-3.002794518694155
5.791000000000269,-2.8730458795004457,0.015496000672541062,0.4770191825608574,0.23111503361486954,0.3344931157423942,-3.0206479428117206
5.792000000000269,-2.8728144341176978,0.015830500821628447,0.47398921504364794,0.23175741842150374,0.33441293117123083,-3.0383927676168963
5.793000000000269,-2.872582350943409,0.016164913920587057,0.4709415558434324,0.23239067115088202,0.3343190458286158,-3.056028939008104
5.79400000000027,-2.8723496391127825,0.016499226189420707,0.46787631366815136,0.2330147886585736,0.33421130649475145,-3.0735563754864454
5.79500000000027,-2.8721163077637963,0.016833423699837546,0.4647935973213794,0.23362976845453784,0.3340895698342332,-3.090974967226082
5.79600000000027,-2.871882366036751,0.017167492385158346,0.4616935157309817,0.23423560829918114,0.33395370242881917,-3.1082845754645745
5.797000000000271,-2.8716478230742095,0.01750141805022008,0.45857617797823635,0.23483230583140963,0.33380358073699223,-3.1254850321747556
5.798000000000271,-2.8714126880212927,0.017835186381206364,0.45544169332715956,0.23541985822440775,0.33363909098983063,-3.142576139981487
5.799000000000271,-2.8711769700263083,0.018168782955345554,0.45229017125380583,0.23599826186485162,0.33346012903190114,-3.1595576722888588
5.800000000000272,-2.8709406782416877,0.01850219325042542,0.44912172147534946,0.23656751205132268,0.33326660011502235,-3.1764293735858886
5.801000000000272,-2.8707038218252205,0.018835402654080912,0.44593645397878307,0.2371276027078027,0.33305841865184876,-3.1931909599013824
5.802000000000272,-2.8704664099415664,0.01916839647281788,0.44273447904909835,0.23767852610828794,0.33283550793533556,-3.2098421193812428
5.803000000000273,-2.8702284517640395,0.019501159940741357,0.43951590729683804,0.2382202726087487,0.3325977998292789,-3.2263825129640575
5.804000000000273,-2.86998995647666,0.019833678227961674,0.4362808496849326,0.23875283038286949,0.33234523443430836,-3.242811775133208
5.805000000000273,-2.8697509332764684,0.020165936448655792,0.4330294175547546,0.23927618515823043,0.3320777597329448,-3.259129514725982
5.806000000000274,-2.869511391376102,0.020497919668764394,0.4297617226513431,0.23979031994983,0.33179533121663984,-3.2753353157822263
5.807000000000274,-2.8692713400066454,0.02082961291330797,0.4264778771477658,0.24029521484542032,0.3314979091443119,-3.2914287463319676
5.808000000000274,-2.8690307884198996,0.02116100113777544,0.42317799357863733,0.24079084810075493,0.33118539473097836,-3.3074095720643335
5.809000000000275,-2.868789745890619,0.021492069167268174,0.4198621845629926,0.2412771959312763,0.3308576147230106,-3.323277805721242
5.810000000000275,-2.8685482217193927,0.021822801654093157,0.4165305627119272,0.2417542302394486,0.33051440161943507,-3.339033436086947
5.811000000000275,-2.8683062252370597,0.022153183083586537,0.41318324066683,0.2422219182686208,0.33015559771948333,-3.35467641419769
5.812000000000276,-2.8680637658096444,0.02248319778800285,0.40982033113611993,0.2426802223443562,0.3297810544552969,-3.3702066553464234
5.813000000000276,-2.8678208528434137,0.022812829955317093,0.40644194693003316,0.2431290995963783,0.3293906317313067,-3.3856240409754252
5.814000000000276,-2.867577495790215,0.02314206363736927,0.4030482009935755,0.24356850165974772,0.3289841972729123,-3.4009284204342762
5.815000000000277,-2.867333704153265,0.023470882757860544,0.39963920643966666,0.24399837403465524,0.32856162719747123,-3.416119605727877
5.816000000000277,-2.867089487493836,0.023799271121903564,0.3962150765950681,0.2444186550782463,0.32812280795167864,-3.4311973584379767
5.817000000000277,-2.86684485543804,0.02412721242406555,0.3927759250417269,0.2448292765131173,0.3276676324794991,-3.446161409245437
5.818000000000278,-2.866599817683719,0.024454690254805046,0.38932186564371285,0.24523016326195313,0.327195998843779,-3.4610114634874343
5.819000000000278,-2.866354384007338,0.024781688104946173,0.38585301257197824,0.24562123307118153,0.32670780961573015,-3.4757472023068003
5.820000000000278,-2.866108564271351,0.02510818936988727,0.3823694803280209,0.246002396132349,0.3262029712772559,-3.490368283698153
5.821000000000279,-2.8658623684319418,0.02543417735322072,0.3788713837665485,0.24637355470936784,0.32568139364171317,-3.5048743434614407
5.822000000000279,-2.8656158065471287,0.02575963526978598,0.3753588381172292,0.24673460278192855,0.32514298930077096,-3.5192649960777227
5.823000000000279,-2.8653688887852184,0.02608454624818683,0.37183195900559796,0.2470854257177659,0.3245876731074428,-3.533539835526999
5.82400000000028,-2.8651216254335603,0.02640889333281513,0.36829086247316306,0.2474258999890665,0.324015361708114,-3.547698436073627
5.82500000000028,-2.8648740269075565,0.026732659485437862,0.3647356649967309,0.2477558929510199,0.3234259731393723,-3.5617403530512735
5.82600000000028,-2.8646261037598566,0.02705582758642131,0.3611664835069297,0.24807526270319205,0.3228194265085449,-3.5756651236861123
5.827000000000281,-2.864377866689635,0.027378380435686914,0.3575834354058728,0.24838385805681826,0.3221956417798195,-3.58947226800373
5.828000000000281,-2.8641293265518417,0.027700300753516278,0.3539866385838512,0.24868151863296484,0.32155453969034437,-3.603161289871168
5.829000000000281,-2.8638804943662772,0.028021571181348192,0.3503762114348943,0.24896807511740143,0.32089604182231857,-3.6167316782298324
5.830000000000282,-2.8636313813263214,0.028342174282736665,0.34675227287097754,0.24924334969749345,0.3202200708572353,-3.6301829085763084
5.831000000000282,-2.8633819988071307,0.028662092544664373,0.3431149423346033,0.249507156703956,0.3195265510364779,-3.643514444745028
5.832000000000282,-2.863132358373075,0.02898130837942783,0.3394643398094283,0.2497593034754217,0.31881540884772674,-3.656725741037605
5.833000000000283,-2.862882471784206,0.02929980412732643,0.33580058582857586,0.24999959145608544,0.31808657394853035,-3.669816244727091
5.834000000000283,-2.862632351001499,0.029617562060393076,0.33212380148025394,0.2502278175260587,0.317339980326582,-3.6827853989403927
5.835000000000283,-2.8623820081906666,0.029934564387396362,0.3284341084103124,0.25044377555071023,0.3165755676807947,-3.6956326458886135
5.836000000000284,-2.8621314557243145,0.03025079326031931,0.3247316288214236,0.2506472581198879,0.3157932829888566,-3.7083574303744373
5.837000000000284,-2.8618807061822933,0.030566230782475605,0.3210164854686636,0.25083805843174345,0.3149930822069618,-3.7209592034608336
5.838000000000284,-2.8616297723501116,0.03088085901836024,0.3172888016514088,0.25101597226064276,0.3141749320279705,-3.733437426141178
5.839000000000285,-2.861378667215374,0.03119466000524943,0.31354870120164247,0.25118079993639475,0.31333881160803345,-3.745791572813529
5.840000000000285,-2.8611274039622683,0.031507615766469176,0.3097963084689769,0.2513323482548197,0.31248471416157864,-3.758021134338188
5.841000000000285,-2.8608759959642067,0.03181970832615055,0.3060317483029202,0.25147043223916343,0.311612648323008,-3.7701256204539466
5.842000000000286,-2.8606244567748154,0.03213091972519135,0.3022551460331343,0.25159487667888597,0.3107226391820402,-3.7821045613487327
5.843000000000286,-2.8603728001175166,0.032441232038059535,0.29846662744861424,0.25170551738664443,0.3098147289184414,-3.7939575082252484
5.844000000000286,-2.8601210398740124,0.032750627390012464,0.294666318776846,0.2518022021343982,0.30888897698930956,-3.8056840327682555
5.845000000000287,-2.859869190071999,0.03305908797427494,0.29085434666405613,0.25188479125304347,0.30794545985496635,-3.817283725499975
5.846000000000287,-2.8596172648724427,0.0333665960687221,0.2870308381576354,0.2519531579038619,0.3069842702637263,-3.828756193093639
5.847000000000287,-2.8593652785567407,0.033673134051649116,0.2831959206917124,0.25200718805139777,0.30600551614699617,-3.840101054791787
5.848000000000288,-2.859113245514031,0.0339786844162736,0.27934972207667136,0.2520467801838184,0.30500931920061203,-3.851317938136004
5.849000000000288,-2.858861180228892,0.03428322978370123,0.27549237049318437,0.25207184483698664,0.3039958132436286,-3.862406474252188
5.850000000000288,-2.8586090972695843,0.03458675291417927,0.27162399449107316,0.2520823039821123,0.30296514245113637,-3.8733662929476784
5.851000000000289,-2.858357011276955,0.03488923671655856,0.2677447229930648,0.2520780903346508,0.3019174595538283,-3.8841970178652967
5.852000000000289,-2.8581049369540477,0.03519066425597207,0.2638546853032734,0.2520591466354582,0.30085292408586756,-3.894898261909131
5.853000000000289,-2.8578528890564283,0.03549101875981228,0.2599540111200468,0.25202542494576036,0.2997717007466279,-3.905469623114019
5.85400000000029,-2.857600882383198,0.03579028362214634,0.2560428305526682,0.2519768859868872,0.29867395792370344,-3.9159106810819004
5.85500000000029,-2.857348931768637,0.03608844240674653,0.25212127414130525,0.2519134985453124,0.2975598664064702,-3.9262209940593773
5.85600000000029,-2.8570970520744,0.03638547884893427,0.24818947287954657,0.25183523895427506,0.29642959830313476,-3.936400096686525
5.857000000000291,-2.8568452581822,0.036681376856442266,0.24424755823885538,0.25174209065568776,0.29528332616065317,-3.946447498410006
5.858000000000291,-2.8565935649868814,0.03697612050949305,0.24029566219429188,0.2516340438403297,0.29412122227659887,-3.9563626825252136
5.859000000000291,-2.856341987389826,0.037269694060277636,0.2363339172509009,0.25151109516041537,0.2929434581849697,-3.9661451057924624
5.860000000000292,-2.8560905402926036,0.037562081931997476,0.2323624564702241,0.25137324750627477,0.29175020429371656,-3.975794198560422
5.861000000000292,-2.8558392385908267,0.03785326871760978,0.22838141349646518,0.25122050983777283,0.29054162964994423,-3.9853093653246185
5.862000000000292,-2.8555880971681447,0.038143239178391804,0.224390922581909,0.2510528970609047,0.28931790180871675,-3.994689985648576
5.863000000000293,-2.855337130890346,0.03843197824241628,0.22039111861126764,0.25087042994044195,0.28807918678266453,-4.0039354153784545
5.864000000000293,-2.855086354599531,0.0387194710030083,0.2163821371246915,0.2506731350403238,0.28682564905166924,-4.013044988087708
5.865000000000293,-2.8548357831083333,0.03900570271723439,0.2123641143392449,0.25046104468450153,0.28555745161442964,-4.022018016695215
5.866000000000294,-2.8545854311941765,0.03929065880445779,0.20833718716869726,0.2502341969320149,0.2842747560663984,-4.030853795207805
5.867000000000294,-2.8543353135935443,0.03957432484497949,0.20430149324152744,0.24999263556111978,0.28297772269123517,-4.0395516005455026
5.868000000000294,-2.8540854449962705,0.03985668657877335,0.20025717091707615,0.24973641005823974,0.28166651055541275,-4.048110694414789
5.869000000000295,-2.8538358400398343,0.040137729904314,0.1962043592998132,0.24946557560835195,0.28034127759786864,-4.056530325201518
5.870000000000295,-2.853586513303667,0.04041744087748955,0.19214319825171156,0.24918019308413328,0.27900218070857746,-4.064809729860691
5.871000000000295,-2.853337479303472,0.04069580571058541,0.188073828402741,0.24888032903178647,0.27764937579162646,-4.07294813578511
5.872000000000296,-2.8530887524855593,0.04097281077132236,0.18399639115950975,0.24856605565194786,0.2762830178098138,-4.080944762638917
5.873000000000296,-2.8528403472212047,0.04124844258192922,0.1799110287120943,0.24823745077446357,0.2749032608089824,-4.088798824145435
5.874000000000296,-2.8525922778010355,0.04152268781822947,0.17581788403910806,0.24789459782612294,0.2735102579212754,-4.0965095298213585
5.875000000000297,-2.8523445584294524,0.041795533308720496,0.17171710091106482,0.24753758579067178,0.27210416134728055,-4.104076086651555
5.876000000000297,-2.8520972032190968,0.042066966033624816,0.167608823892099,0.2471665091606074,0.27068512231765085,-4.111497700700438
5.877000000000297,-2.8518502261853698,0.04233697312389305,0.16349319834010734,0.2467814678803933,0.26925329103526885,-4.118773578657153
5.878000000000298,-2.851603641241011,0.04260554186013994,0.1593703704053792,0.24638256728083668,0.2678088165993877,-4.125902929312868
5.879000000000298,-2.85135746219075,0.0428726596714963,0.1552404870277842,0.24596991800445084,0.2663518469134545,-4.132884964969157
5.880000000000298,-2.851111702726037,0.04313831413436128,0.15110369593258569,0.24554363592168849,0.26488252857851197,-4.139718902777027
5.881000000000299,-2.850866376419857,0.04340249297104183,0.14696014562495033,0.24510384203798394,0.26340100677420625,-4.146403966006528
5.882000000000299,-2.850621496721649,0.04366518404826775,0.14280998538322248,0.24465066239158642,0.2619074251295036,-4.152939385247134
5.883000000000299,-2.850377076952326,0.04392637537557322,0.13865336525103275,0.2441842279422075,0.2604019255852554,-4.159324399539243
5.8840000000003,-2.8501331302994126,0.04418605510353779,0.13449043602830912,0.24370467445054558,0.2588846482507498,-4.165558257437309
5.8850000000003,-2.849889669812311,0.04444421152188167,0.1303213492612591,0.24321214234878916,0.2573557312563627,-4.171640218005099
5.8860000000003,-2.8496467083976946,0.04470083305741265,0.12614625723139022,0.2427067766022419,0.2558153106043686,-4.177569551743703
5.887000000000301,-2.8494042588150488,0.044955908271823795,0.1219653129436358,0.24218872656225496,0.25426352001990427,-4.183345541452857
5.888000000000301,-2.8491623336723633,0.0452094258593428,0.11777867011365263,0.2416581458106967,0.25270049080399315,-4.188967483026236
5.889000000000301,-2.848920945421981,0.045461374644236364,0.11358648315435597,0.24111519199623715,0.25112635169044084,-4.194434686181345
5.890000000000302,-2.8486801063566176,0.04571174357817391,0.10938890716175716,0.240560026662773,0.2495412287083061,-4.199746475124682
5.891000000000302,-2.8484398286055557,0.04596052173745737,0.10518609790016802,0.239992815070369,0.2479452450515338,-4.204902189152895
5.892000000000302,-2.8482001241310186,0.04620769832012468,0.10097821178683587,0.23941372600914204,0.24633852095721445,-4.209901183190693
5.893000000000303,-2.84796100472474,0.04645326264293648,0.0967654058760719,0.2388229316065664,0.24472117359380605,-4.214742828266353
5.894000000000303,-2.8477224820047207,0.046697204138256426,0.09254783784293473,0.23822060712872667,0.24309331696052075,-4.2194265119257235
5.895000000000303,-2.847484567412197,0.04693951235083703,0.08832566596653049,0.2376069307760958,0.24145506179894272,-4.22395163858576
5.896000000000304,-2.847247272208806,0.04718017693452347,0.08409904911298895,0.236982083474461,0.23980651551780496,-4.228317629828686
5.897000000000304,-2.8470106074739694,0.047419187648889215,0.07986814671817474,0.23634624866166457,0.2381477821317136,-4.232523924638029
5.898000000000304,-2.8467745841024876,0.047656534355817494,0.07563311877019102,0.23569961207086615,0.23647896221446763,-4.236569979577895
5.899000000000305,-2.8465392128023557,0.04789220701604368,0.07139412579173163,0.23504236151106955,0.23480015286748424,-4.24045526891697
5.900000000000305,-2.8463045040927972,0.04812619568567375,0.06715132882233617,0.23437468664568645,0.23311144770370096,-4.244179284698892
5.901000000000305,-2.846070468302521,0.04835849051269448,0.0629048894006008,0.2336967787699361,0.23141293684719225,-4.2477415367607545
5.902000000000306,-2.8458371155682003,0.04858908173349118,0.05865496954639565,0.23300883058789795,0.22970470694860678,-4.251141552701669
5.903000000000306,-2.845604455833177,0.0488179596693887,0.05440173174313785,0.2323110359900473,0.22798684121640453,-4.254378877803412
5.904000000000306,-2.8453724988463835,0.049045114723231614,0.05014533892016684,0.23160358983211096,0.226259419463751,-4.257453074905355
5.905000000000307,-2.84514125416149,0.049270537376018865,0.045885954435266774,0.23088668771607754,0.22452251817081123,-4.260363724235949
5.906000000000307,-2.844910731136264,0.0494942181836084,0.041623742057378045,0.23016052577419083,0.22277621056207603,-4.263110423203201
5.907000000000307,-2.8446809389321466,0.04971614777350631,0.0373588659495379,0.2294253004567394,0.22102056669825246,-4.265692786146615
5.908000000000308,-2.8444518865140416,0.049936316841754994,0.03309149065208717,0.22868120832443434,0.21925565358215648,-4.268110444053231
5.909000000000308,-2.8442235826503026,0.05015471614993392,0.02882178106617792,0.22792844584613944,0.21748153527796038,-4.270363044240391
5.910000000000308,-2.8439960359129266,0.05037133652228595,0.024549902437613725,0.22716720920268393,0.21569827304307213,-4.2724502500079815
5.911000000000309,-2.8437692546779356,0.050586168842981595,0.020276020341051887,0.22639769409744823,0.21390592547185572,-4.2743717402628985
5.912000000000309,-2.8435432471259463,0.050799204053532526,0.016000300664593847,0.22562009557436796,0.2121045486503447,-4.276127209118517
5.913000000000309,-2.843318021242918,0.051010433150364895,0.011722909594787504,0.22483460784395232,0.21029419632105226,-4.277716365471965
5.91400000000031,-2.8430935848210686,0.051219847182562166,0.007444013602062153,0.22404142411785835,0.20847492005694265,-4.279138932561969
5.91500000000031,-2.8428699454599506,0.051427437249786045,0.003163779426614166,0.22324073645250642,0.2066467694435993,-4.280394647510016
5.91600000000031,-2.8426471105676856,0.05163319450038329,-0.0011176259352413025,0.22243273560216187,0.20480979226860402,-4.281483260847551
5.917000000000311,-2.8424250873623302,0.051837110129685074,-0.005400035244239928,0.22161761088184664,0.20296403471713062,-4.282404536031843
5.918000000000311,-2.8422038828733847,0.05203917537850464,-0.009683281030849112,0.22079555004038165,0.20110954157275246,-4.28315824895309
5.919000000000311,-2.841983503943413,0.05223938153183794,-0.013967195607452661,0.21996673914379777,0.19924635642246774,-4.28374418743527
5.920000000000312,-2.8417639572297864,0.05243771991777103,-0.01825161108003418,0.21913136246929038,0.1973745218649585,-4.284162150733102
5.921000000000312,-2.841545249206513,0.05263418190659682,-0.022536359359356474,0.2182896024098305,0.19549407972111657,-4.284411949027433
5.922000000000312,-2.841327386166173,0.05282875891014331,-0.026821272171636427,0.21744163938948596,0.1936050712458949,-4.284493402921215
5.923000000000313,-2.8411103742219193,0.053021442381313705,-0.031106181068717074,0.2165876517894475,0.1917075373405705,-4.284406342938123
5.924000000000313,-2.8408942193095563,0.053212223813838826,-0.035390917437740387,0.21572781588470014,0.18980151876454016,-4.284150609025772
5.925000000000313,-2.840678927189674,0.053401094742240605,-0.03967531251032637,0.21486230579122845,0.18788705634580619,-4.283726050065328
5.926000000000314,-2.8404645034498257,0.053588046742005166,-0.04395919737126567,0.21399129342359566,0.1859641911893502,-4.283132523389214
5.927000000000314,-2.8402509535067515,0.05377307142996283,-0.04824240296673461,0.21311494846269327,0.18403296488263443,-4.282369894308485
5.928000000000314,-2.8400382826086186,0.053956160464871936,-0.05252476011204305,0.21223343833341707,0.18209341969751416,-4.281438035651308
5.929000000000315,-2.839826495837289,0.05413730554820251,-0.05680609949892682,0.21134692819199016,0.18014559878788894,-4.280336827313893
5.930000000000315,-2.839615598110588,0.054316498425115094,-0.06108625170239788,0.21045558092262265,0.17818954638246476,-4.279066155825094
5.931000000000315,-2.839405594184576,0.05449373088562981,-0.06536504718716633,0.20955955714317026,0.17622530797204303,-4.277625913925803
5.932000000000316,-2.839196488655807,0.0546689947659796,-0.06964231631364974,0.20865901521943206,0.17425293049079602,-4.276016000164153
5.933000000000316,-2.8389882859635716,0.05484228195014159,-0.07391788934358585,0.20775411128770904,0.17227246249102954,-4.274236318507478
5.934000000000316,-2.8387809903921104,0.0550135843715398,-0.07819159644526612,0.2068449992852305,0.17028395431097446,-4.27228677797186
5.935000000000317,-2.838574606072797,0.055182894014911915,-0.08246326769840781,0.20593183098804504,0.16828745823518665,-4.270167292270054
5.936000000000317,-2.8383691369862754,0.05535020291833265,-0.08673273309868362,0.205014756055965,0.16628302864717145,-4.2678777794785026
5.937000000000317,-2.838164586964552,0.05551550317538566,-0.09099982256192804,0.20409392208414912,0.16427072217388297,-4.265418161724072
5.938000000000318,-2.8379609596930324,0.05567878693747584,-0.09526436592804062,0.20316947466090626,0.16225059782178075,-4.2627883648911205
5.939000000000318,-2.8377582587124968,0.05584004641627321,-0.09952619296460671,0.2022415574313038,0.1602227171041562,-4.259988318349445
5.940000000000318,-2.8375564874210077,0.05599927388627978,-0.10378513337025679,0.20131031216616613,0.1581871441594696,-4.257017954703611
5.941000000000319,-2.8373556490757514,0.056156461687510054,-0.10804101677778595,0.20037587883605332,0.15614394586046482,-4.253877209564124
5.942000000000319,-2.8371557467947954,0.056311602228276025,-0.11229367275705585,0.1994383956898138,0.15409319191385348,-4.2505660213409
5.943000000000319,-2.836956783558772,0.056464687988067024,-0.1165429308177012,0.1984979993373117,0.15203495495038458,-4.247084331059403
5.94400000000032,-2.8367587622124733,0.05661571152051477,-0.12078862041166415,0.19755482483593398,0.14996931060513724,-4.2434320821998455
5.94500000000032,-2.836561685466359,0.05676466545643376,-0.12503057093557926,0.19660900578049015,0.14789633758789772,-4.239609220559763
5.94600000000032,-2.8363655558979737,0.056911542506927024,-0.1292686117330332,0.19566067439612114,0.1458161177435017,-4.235615694140277
5.947000000000321,-2.8361703759532695,0.05705633546654721,-0.13350257209672228,0.19470996163384083,0.14372873610204612,-4.231451453056298
5.948000000000321,-2.8359761479478296,0.05719903721650268,-0.13773228127053264,0.1937569972683371,0.14163428091889554,-4.227116449470896
5.949000000000321,-2.835782874068026,0.05733964072797239,-0.1419575684513432,0.19280190983143908,0.13953284413151737,-4.222610635654282
5.950000000000322,-2.835590556373203,0.05747813906834921,-0.14617826278005905,0.19184482501354233,0.13742452575232608,-4.21793394454068
5.951000000000322,-2.8353991967977135,0.05761452540739346,-0.15039419332366916,0.19088586660409707,0.13530943173501153,-4.213086299320443
5.952000000000322,-2.8352087971526756,0.05774879302292689,-0.15460518907351964,0.1899251576652868,0.13318767122415823,-4.2080676256997895
5.953000000000323,-2.8350193591264663,0.057880935303556404,-0.15881107894812432,0.1889628206588715,0.13105935648247705,-4.202877852211942
5.954000000000323,-2.834830884285246,0.05801094575171891,-0.16301169179601901,0.18799897754868342,0.12892460287076096,-4.197516910273738
5.955000000000323,-2.8346433740734067,0.058138817986765165,-0.16720685639868504,0.1870337499029094,0.12678352881767754,-4.191984734267717
5.956000000000324,-2.8344568298139152,0.05826454574800841,-0.1713964014735677,0.18606725899577725,0.1246362557795381,-4.1862812616492695
5.957000000000324,-2.8342712527085565,0.05838812289772784,-0.17558015567721377,0.18509962590826182,0.1224829081902146,-4.180406433078385
5.958000000000324,-2.8340866438380807,0.05850954342411707,-0.17975794760855338,0.18413097162742537,0.12032361340140639,-4.1743601925753735
5.959000000000325,-2.8339030041622433,0.0586288014441683,-0.18392960581234874,0.18316141714400289,0.11815850161349076,-4.168142487699868
5.960000000000325,-2.8337203345197586,0.05874589120648255,-0.1880949587828336,0.18219108354784133,0.1159877057972226,-4.161753269752278
5.961000000000325,-2.83353863562815,0.058860807093997256,-0.19225383496756482,0.18122009212079981,0.11381136160657943,-4.1551924939967515
5.962000000000326,-2.833357908083516,0.05897354362662241,-0.19640606277150716,0.1802485644267153,0.11162960728307823,-4.148460119904561
5.963000000000326,-2.8331781523602024,0.05908409546377683,-0.2005514705613713,0.17927662239803727,0.1094425835519199,-4.141556111416745
5.964000000000326,-2.8329993688103947,0.059192457406816744,-0.20468988667022356,0.17830438841873453,0.10725043351034348,-4.13448043722467
5.965000000000327,-2.8328215576636238,0.05929862440134893,-0.20882113940238445,0.17733198540307654,0.1050533025085987,-4.1272330710670815
5.966000000000327,-2.8326447190262014,0.05940259153942131,-0.212945057038632,0.1763595368698937,0.10285133802396702,-4.119813992042077
5.967000000000327,-2.832468852880578,0.05950435406158438,-0.2170614678417238,0.17538716701192214,0.10064468952828151,-4.112223184932313
5.968000000000328,-2.8322939590846397,0.05960390735881695,-0.22117020006224997,0.17441500075984215,0.09843350834941281,-4.104460640541659
5.969000000000328,-2.832120037370937,0.05970124697431069,-0.22527108194482795,0.17344316384062303,0.09621794752720061,-4.096526356041366
5.970000000000328,-2.8319470873458656,0.059796368605107904,-0.22936394173464716,0.17247178282979247,0.09399816166431932,-4.088420335323733
5.971000000000329,-2.8317751084887917,0.059889268103587995,-0.2334486076843704,0.17150098519725426,0.09177430677257165,-4.080142589361146
5.972000000000329,-2.83160410015114,0.059979941478797975,-0.2375249080613958,0.17053089934628554,0.08954654011510418,-4.071693136568245
5.973000000000329,-2.831434061555442,0.06006838489762347,-0.2415926711554818,0.16956165464535233,0.08731502004503489,-4.0630720031649075
5.97400000000033,-2.83126499179436,0.060154594685796724,-0.24565172528673426,0.168593381452391,0.08507990584097437,-4.054279223537608
5.97500000000033,-2.8310968898296878,0.060238567328738765,-0.2497018988139533,0.16762621113121245,0.08284135753990964,-4.045314840596673
5.97600000000033,-2.830929754491341,0.06032029947223327,-0.25374302014333405,0.16666027605969636,0.08059953576790135,-4.036178906126812
5.977000000000331,-2.8307635844763417,0.060399787922930326,-0.2577749177375137,0.16569570962945288,0.07835460156902456,-4.026871481128278
5.978000000000331,-2.8305983783478093,0.0604770296486783,-0.2617974201249537,0.16473264623664102,0.0761067162329562,-4.017392636145885
5.979000000000331,-2.8304341345339634,0.06055202177868283,-0.26581035590964375,0.1637712212636444,0.0738560411215839,-4.00774245158308
5.980000000000332,-2.830270851327154,0.060624761603492096,-0.2698135537811111,0.16281157105131777,0.07160273749497675,-3.9979210179981477
5.981000000000332,-2.830108526882918,0.06069524657480779,-0.27380684252471627,0.16185383286153057,0.06934696633702324,-3.9879284363796033
5.982000000000332,-2.8299471592190812,0.06076347430512175,-0.277790051032212,0.1608981448297485,0.06708888818100243,-3.977764818397713
5.983000000000333,-2.8297867462149147,0.06082944256717817,-0.2817630083125407,0.15994464590740856,0.06482866293531431,-3.9674302866290514
5.984000000000333,-2.8296272856103517,0.0608931492932617,-0.28572554350284185,0.15899347579386072,0.06256644970955287,-3.9569249747509256
5.985000000000333,-2.8294687750052776,0.06095459257431186,-0.289677485879637,0.15804477485766824,0.06030240664106411,-3.9462490277024407
5.986000000000334,-2.829311211858905,0.06101377065886427,-0.29361866487015803,0.1570986840470797,0.0580366907220889,-3.9354026018089434
5.987000000000334,-2.8291545934892435,0.06107068195181937,-0.29754891006378037,0.1561553447895125,0.055769457627550804,-3.924385864866541
5.988000000000334,-2.828998917072677,0.061125325013039224,-0.30146805122351894,0.15521489887991677,0.05350086154351215,-3.913198996183386
5.989000000000335,-2.8288441796436534,0.06117769855577311,-0.3053759182975427,0.1542774883579245,0.05123105499628872,-3.9018421865744366
5.990000000000335,-2.8286903780945103,0.06122780144491256,-0.3092723414306592,0.15334325537373356,0.0489601886821875,-3.89031563830646
5.991000000000335,-2.8285375091754332,0.06127563269507639,-0.31315715097571806,0.15241234204272727,0.046688411297813266,-3.878619564990166
5.992000000000336,-2.8283855694945697,0.0613211914685263,-0.3170301775048789,0.15148489028889642,0.04441586937088347,-3.866754191416548
5.993000000000336,-2.8282345555183035,0.06136447707291356,-0.3208912518206863,0.15056104167720746,0.04214270709149671,-3.8547197533348068
5.994000000000336,-2.8280844635717006,0.06140548895885709,-0.32474020496689304,0.1496409372351569,0.03986906614382398,-3.842516497169635
5.995000000000337,-2.827935289839144,0.06144422671735354,-0.3285768682389693,0.14872471726386646,0.03759508553823714,-3.8301446796762635
5.996000000000337,-2.827787030365153,0.061480690077019666,-0.33240107319423523,0.14781252113921298,0.03532090144395905,-3.817604567532427
5.997000000000337,-2.8276396810554187,0.06151487890116775,-0.33621265166155434,0.14690448710365284,0.033046647022422264,-3.804896436867509
5.998000000000338,-2.8274932376780395,0.061546793184714836,-0.34001143575052506,0.14600075204959864,0.03077245226166116,-3.7920205727304848
5.999000000000338,-2.827347695864987,0.06157643305092714,-0.34379725786011095,0.1451014512954388,0.028498443812245745,-3.7789772685000877
6.000000000000338,-2.8272030511137913,0.06160379874800136,-0.34756995068665447,0.14420671835556248,0.02622474482549682,-3.7657668252428786
6.001000000000339,-2.8270592987894636,0.06162889064548592,-0.3513293472312261,0.14331668470606612,0.023951474795013958,-3.7523895510277203
6.002000000000339,-2.8269164341266526,0.06165170923054586,-0.35507528080627115,0.1424314795481754,0.02167874940290143,-3.7388457602086405
6.003000000000339,-2.8267744522320375,0.06167225510407712,-0.3588075850415299,0.14155122957181618,0.019406680372502327,-3.7251357726922625
6.00400000000034,-2.8266333480869568,0.06169052897667779,-0.36252609388922613,0.1406760587222094,0.01713537532994914,-3.711259913210988
6.00500000000034,-2.8264931165502665,0.06170653166448647,-0.36623064162854296,0.1398060879728368,0.014864937677409974,-3.697218510628948
6.00600000000034,-2.8263537523614213,0.061720264084901284,-0.36992106286943427,0.13894143510861812,0.0125954664815481,-3.6830118973143824
6.007000000000341,-2.826215250143766,0.06173172725219666,-0.37359719255585877,0.1380822145236329,0.010327056381404989,-3.6686404086194733
6.008000000000341,-2.8260776044080194,0.06174092227305981,-0.37725886596856767,0.13722853703818708,0.008059797520637244,-3.654104382516521
6.009000000000341,-2.825940809555929,0.06174785034207399,-0.38090591872762986,0.13638050974042545,0.005793775509749515,-3.63940415944736
6.010000000000342,-2.8258048598840695,0.06175251273718166,-0.38453818679493995,0.13553823585798416,0.003529071424610723,-3.624540082450471
6.011000000000342,-2.825669749587754,0.061754910815167076,-0.3881555064770214,0.13470181466530237,0.0012657618480458703,-3.609512497636587
6.012000000000342,-2.825535472765016,0.06175504600720506,-0.3917577144285107,0.1338713414321125,-0.0009960810384357717,-3.5943217550876185
6.013000000000343,-2.8254020234206187,0.06175291981452942,-0.3953446476567834,0.13304690741823688,-0.0032563893057969196,-3.578968210254097
6.014000000000343,-2.8252693954700487,0.061748533804281504,-0.39891614352825694,0.132228599919083,-0.005515099065092092,-3.563452225921544
6.015000000000343,-2.8251375827434346,0.06174188960560504,-0.40247203977696927,0.13141650236510524,-0.007772150186292145,-3.5477741748045055
6.016000000000344,-2.8250065789893384,0.06173298890605798,-0.40601217451608257,0.13061069447698412,-0.010027485944930489,-3.5319344428069526
6.017000000000344,-2.824876377878365,0.061721833448414025,-0.40953638625298605,0.12981125247639444,-0.012281052595845776,-3.5159334329581204
6.018000000000344,-2.824746973006534,0.06170842502792563,-0.41304451390866165,0.12901824935008274,-0.014532798876731291,-3.4997715699932983
6.019000000000345,-2.824618357898362,0.06169276549011568,-0.416536396841922,0.1282317551627053,-0.016782675448310407,-3.483449305500354
6.020000000000345,-2.8244905260096114,0.061674856729155826,-0.42001187487902436,0.1274518374116963,-0.01903063428250842,-3.4669671234973007
6.021000000000345,-2.8243634707296654,0.06165470068687579,-0.4234707883489997,0.1266785614155944,-0.021276628014620193,-3.4503255462481484
6.022000000000346,-2.824237185383506,0.06163229935243004,-0.42691297812481555,0.12591199072600567,-0.023520609279696823,-3.433525140069627
6.023000000000346,-2.824111663233266,0.061607654762625974,-0.4303382856702211,0.12515218755294039,-0.025762530056639376,-3.4165665208373306
6.024000000000346,-2.82398689747936,0.061580769002893596,-0.4337465530918163,0.12439921319375248,-0.028002341045246897,-3.3994503588740934
6.025000000000347,-2.8238628812611832,0.061551644208851175,-0.437137623195567,0.12365312845732887,-0.030239991101279222,-3.3821773829026713
6.026000000000347,-2.8237396076573926,0.06152028256839732,-0.44051133954668215,0.12291399407735529,-0.03247542675223244,-3.364748382773455
6.027000000000347,-2.823617069685784,0.06148668632423946,-0.44386754653150695,0.12218187111112476,-0.034708591812043256,-3.3471642107366404
6.028000000000348,-2.823495260302772,0.06145085777675326,-0.4472060894198952,0.12145682132305133,-0.03693942710671383,-3.329425781113393
6.029000000000348,-2.8233741724025005,0.06141279928705914,-0.4505268144264302,0.12073890755438775,-0.03916787031553653,-3.311534068324024
6.030000000000348,-2.8232537988155832,0.06137251328020121,-0.45382956876887637,0.12002819408226871,-0.04139385592503828,-3.2934901033419117
6.031000000000349,-2.8231341323074917,0.06133000224832019,-0.45711420072236575,0.11932474697189786,-0.043617315285830204,-3.2752949687472253
6.032000000000349,-2.8230151655765927,0.06128526875372451,-0.46038055966804486,0.11862863442543659,-0.045838176757002316,-3.256949792642682
6.033000000000349,-2.822896891251838,0.06123831543178144,-0.46362849613520135,0.1179399271300787,-0.04805636591906304,-3.2384557417555606
6.03400000000035,-2.8227793018901037,0.061189144993569505,-0.4668578618362335,0.11725869860618747,-0.050271805834899874,-3.2198140140811646
6.03500000000035,-2.822662389973185,0.06113776022825439,-0.4700685096941829,0.11658502555457012,-0.05248441733873291,-3.2010258314225153
6.03600000000035,-2.8225461479044425,0.06108416400516924,-0.4732602938628928,0.11591898820030419,-0.05469411933519698,-3.182092432153058
6.037000000000351,-2.8224305680051103,0.061028359275596876,-0.4764330697401592,0.1152606706292697,-0.05690082909402216,-3.1630150644801276
6.038000000000351,-2.822315642510272,0.060970349074263706,-0.47958669397448833,0.11461016111283825,-0.05910446252973293,-3.143794980424934
6.039000000000351,-2.8222013635645187,0.06091013652056422,-0.4827210244662575,0.1139675524160677,-0.0613049344598504,-3.124433430667853
6.040000000000352,-2.822087723217313,0.06084772481953893,-0.4858359203641912,0.11333294208519668,-0.06350215883885241,-3.104931660342732
6.041000000000352,-2.8219747134180717,0.0607831172626302,-0.4889312420581192,0.1127064327111073,-0.06569604896835554,-3.0852909058058757
6.042000000000352,-2.8218623260110025,0.060716317228238524,-0.4920068511689831,0.11208813216657122,-0.0678865176864879,-3.0655123923575025
6.043000000000353,-2.821750552729714,0.06064732818209777,-0.4950626105370174,0.11147815381635748,-0.0700734775411918,-3.0455973328571178
6.044000000000353,-2.82163938519163,0.06057615367748265,-0.4980983842089591,0.11087661670051306,-0.0722568409532788,-3.0255469271492763
6.045000000000353,-2.821528814892235,0.06050279735525565,-0.5011140374250475,0.11028364569221459,-0.07443652037554808,-3.0053623622015206
6.046000000000354,-2.8214188331991696,0.06042726294375419,-0.5041094366064741,0.10969937163244065,-0.07661242845428302,-2.985044812850088
6.047000000000354,-2.8213094313462057,0.06034955425851254,-0.5070844493438398,0.1091239314442672,-0.07878447819906263,-2.9645954430493453
6.048000000000354,-2.821200600427115,0.060269675201807676,-0.5100389443870701,0.10855746822979545,-0.0809525831661449,-2.9440154075258804
6.049000000000355,-2.821092331389446,0.06018762976201318,-0.5129727916371497,0.10800013135254355,-0.08311665765974467,-2.923305853745917
6.050000000000355,-2.8209846150282276,0.060103422012741575,-0.5158858621399454,0.1074520765075284,-0.08527661695434538,-2.902467924113731
6.051000000000355,-2.8208774419796083,0.06001705611175326,-0.5187780280823125,0.10691346578017484,-0.08743237753970791,-2.8815027583276818
6.052000000000356,-2.8207708027144407,0.05992853629960921,-0.5216491627906089,0.1063844676935385,-0.0895838573883745,-2.860411495828261
6.053000000000356,-2.820664687531826,0.05983786689804609,-0.5244991407316765,0.10586525724100282,-0.09173097624304268,-2.839195278278229
6.054000000000356,-2.8205590865526364,0.05974505230805666,-0.5273278375162964,0.10535601589845608,-0.09387365591795778,-2.8178552520175533
6.055000000000357,-2.820453989713042,0.05965009700766619,-0.5301351299050618,0.10485693160576316,-0.09601182060408202,-2.7963925704345534
6.056000000000357,-2.820349386758074,0.059553005549408865,-0.5329208958165529,0.10436819870185046,-0.09814539716174259,-2.77480839618823
6.057000000000357,-2.82024526723535,0.05945378255768718,-0.535685014337202,0.10389001752038565,-0.10027431468358969,-2.7531039004592106
6.058000000000358,-2.8201416204904497,0.0593524327296701,-0.53842736572015,0.10342259201746445,-0.10239849919289262,-2.7312802428870917
6.059000000000358,-2.8200384356623998,0.05924896083558883,-0.5411478313773798,0.10296613067786084,-0.10451787697390327,-2.7093385857487995
6.060000000000358,-2.819935701679401,0.0591433717184858,-0.5438462938907586,0.1025208471102163,-0.1066323774448999,-2.687280106475097
6.061000000000359,-2.8198334072538738,0.05903567029065635,-0.5465226370273066,0.1020869591984794,-0.10874193274980738,-2.6651059975109037
6.062000000000359,-2.8197315408787613,0.058925861531300285,-0.5491767457535571,0.10166468785113084,-0.11084647683895017,-2.6428174647718436
6.063000000000359,-2.8196300908253487,0.058813950485464735,-0.5518085062475858,0.1012542552377307,-0.1129459438764015,-2.620415724439357
6.06400000000036,-2.8195290451431747,0.05869994226504278,-0.5544178059067569,0.10085588234834338,-0.11504026567957333,-2.5979019974778397
6.06500000000036,-2.8194283916628073,0.05858384205298981,-0.557004533348511,0.10046978567080572,-0.11712936778682007,-2.575277501043952
6.06600000000036,-2.8193281180024927,0.058465655112392455,-0.559568578400563,0.10009617273551415,-0.11921316360745941,-2.552543435688851
6.067000000000361,-2.81922821157995,0.05834538680265248,-0.5621098320756233,0.09973523623177083,-0.12129154593967532,-2.529700966938685
6.068000000000361,-2.819128659630902,0.05822304260584699,-0.5646281865241803,0.09938714636529207,-0.12336437497270097,-2.5067511995316734
6.069000000000361,-2.8190294493599404,0.05809862878986186,-0.5671235342263705,0.09905176409210409,-0.12543005084451112,-2.483692603300259
6.070000000000362,-2.8189305682462837,0.057972154002085836,-0.5695957638189639,0.09872870114872395,-0.12748556922076534,-2.4605211611772098
6.071000000000362,-2.818832003787475,0.057843627908175294,-0.572044763711891,0.09841830599617488,-0.12953178981771277,-2.4372398078492936
6.072000000000362,-2.818733743224007,0.05771305958596378,-0.5744704255350062,0.0981208481587113,-0.13156966447714025,-2.413851567895991
6.073000000000363,-2.8186357735437264,0.05758045698216925,-0.5768726437399381,0.09783645208539887,-0.1335999641907265,-2.3903590549394163
6.074000000000363,-2.8185380816876395,0.05744582737027107,-0.5792513151719029,0.09756508517218455,-0.1356232624930067,-2.366764435457269
6.075000000000363,-2.818440654710111,0.05730917755886298,-0.5816063386017754,0.09730655197503899,-0.1376399125803349,-2.343069387529446
6.076000000000364,-2.818343479937564,0.05717051412339799,-0.5839376142212858,0.09706050414849639,-0.13965002395501241,-2.3192750721240296
6.077000000000364,-2.8182465451053997,0.057029843656722874,-0.5862450431263716,0.096826475451095,-0.14165344938483856,-2.2953821424586094
6.0780000000003644,-2.8181498384472596,0.05688717302244448,-0.5885285268380859,0.09660394296573827,-0.14364979394640046,-2.271390811509172
6.079000000000365,-2.818053348716234,0.05674250958683508,-0.5907879669195114,0.09639240143430035,-0.14563845031860426,-2.2473009731416664
6.080000000000365,-2.8179570651348422,0.05659586140663373,-0.5930232647276727,0.09619142889182798,-0.1476186517373415,-2.223112344148643
6.0810000000003654,-2.81786097729014,0.0564472373621068,-0.5952343213009699,0.09600072753444608,-0.149589526767324,-2.198824587667875
6.082000000000366,-2.8177650750004046,0.056296647239458736,-0.5974210373505516,0.09582013779266746,-0.15155014337859674,-2.1744373959776615
6.083000000000366,-2.817669348177307,0.05614410177580474,-0.5995833133135577,0.09564963354609791,-0.1534995381366462,-2.1499505327647643
6.0840000000003664,-2.8175737866981816,0.05598961268125971,-0.6017210494330552,0.09548930818046346,-0.15543673247052242,-2.1253638464699214
6.085000000000367,-2.8174783802940966,0.05583319264942869,-0.6038341458422223,0.09533935838227095,-0.1573607400815226,-2.1006772672912266
6.086000000000367,-2.8173831184898583,0.05567485432439708,-0.6059225037426405,0.09519998847371214,-0.15927269945538747,-2.0758942644164007
6.0870000000003675,-2.817287990643014,0.05551460884540073,-0.6079860299077061,0.09507132192371934,-0.1611750082931329,-2.051020328255536
6.088000000000368,-2.8171929859559137,0.05535246571038586,-0.6100246342347541,0.09495353954708502,-0.16306765167905132,-2.0260569955585503
6.089000000000368,-2.817098093449094,0.05518843456029111,-0.6120382280260342,0.09484683652364792,-0.1649505202968334,-2.0010056664204843
6.0900000000003685,-2.817003301942183,0.055022525229486884,-0.6140267239817777,0.09475141454188968,-0.16682349458650456,-1.9758677373490385
6.091000000000369,-2.8169086000516668,0.054854747675159986,-0.6159900361989287,0.0946674773531246,-0.16868644953686687,-1.9506446054819984
6.092000000000369,-2.8168139761905833,0.05468511198109387,-0.6179280801729993,0.09459522747036977,-0.17053925764854147,-1.9253376707714012
6.0930000000003695,-2.8167194185710205,0.05451362835916406,-0.6198407728014381,0.09453486381952672,-0.17238179065583553,-1.899948336940744
6.09400000000037,-2.8166249152085645,0.054340307149563005,-0.6217280323875828,0.09448658016716992,-0.17421392043239095,-1.8744780117684472
6.09500000000037,-2.816530453927992,0.0541651588204105,-0.6235897786447144,0.09445056417114064,-0.17603551937600267,-1.8489281070570653
6.0960000000003705,-2.8164360223696545,0.053988193967161154,-0.6254259327000216,0.09442699692346361,-0.1778464604722462,-1.8233000385106146
6.097000000000371,-2.8163416079961188,0.05380942331205721,-0.6272364170984527,0.09441605287765453,-0.1796466171685841,-1.7975952256502403
6.098000000000371,-2.816247198098721,0.05362885770376898,-0.6290211558065346,0.0944179000730855,-0.18143586314361523,-1.7718150918391167
6.0990000000003715,-2.8161527798037786,0.05344650811729815,-0.630780074216286,0.09443270058716947,-0.18321407202424522,-1.7459610644509393
6.100000000000372,-2.816058340078255,0.05326238565417763,-0.6325130991493767,0.0944606111615616,-0.1849811170822932,-1.7200345751950958
6.101000000000372,-2.81596386573473,0.05307650154297868,-0.6342201588616923,0.09450178396143971,-0.1867368709281013,-1.6940370606002835
6.1020000000003725,-2.815869343435556,0.05288886714012265,-0.6359011830484593,0.09455636743744408,-0.18848120520973963,-1.6679699626532922
6.103000000000373,-2.815774759696107,0.052699493930989806,-0.6375561028500862,0.09462450726830741,-0.19021399032076072,-1.6418347295884912
6.104000000000373,-2.8156801008870556,0.05250839353131654,-0.6391848508588662,0.0947063473688908,-0.19193509511603696,-1.615632816824636
6.1050000000003735,-2.8155853532356083,0.05231557768887372,-0.6407873611266909,0.09480203095353663,-0.19364438663325048,-1.589365688047976
6.106000000000374,-2.8154905028256563,0.05212105828542231,-0.6423635691739206,0.09491170164860341,-0.19534172981659256,-1.563034816443656
6.107000000000374,-2.815395535596786,0.05192484733894579,-0.6439134119995625,0.09503550465096194,-0.1970269872388385,-1.5366416860807093
6.1080000000003745,-2.815300437342114,0.05172695700616288,-0.6454368280929138,0.09517358793126632,-0.19870001881798433,-1.510187793459303
6.109000000000375,-2.8152051937048896,0.051527399585327836,-0.646933757446838,0.09532610348207486,-0.2003606815249379,-1.4836746492321993
6.110000000000375,-2.8151097901738327,0.051326187519328714,-0.6484041415728563,0.09549320861145283,-0.20200882907928144,-1.4571037801155104
6.1110000000003755,-2.8150142120771515,0.05112333339909685,-0.6498479235182513,0.09567506728255527,-0.2036443116308425,-1.430476731006698
6.112000000000376,-2.8149184445751976,0.050918849967342306,-0.6512650478854008,0.09587185149883908,-0.20526697542573222,-1.403795067330199
6.113000000000376,-2.8148224726517173,0.05071275012263114,-0.652655460853581,0.09608374273290836,-0.20687666245666617,-1.3770603776329369
6.1140000000003765,-2.814726281103649,0.05050504692381965,-0.6540191102034982,0.0963109333944287,-0.20847321009883427,-1.3502742764529112
6.115000000000377,-2.8146298545294437,0.05029575359485862,-0.6553559453448374,0.09655362832886344,-0.21005645073440393,-1.3234384074836851
6.116000000000377,-2.8145331773158677,0.050084883529976455,-0.6566659173471296,0.09681204633373701,-0.21162621137103063,-1.2965544470551644
6.1170000000003775,-2.8144362336232978,0.04987245029924334,-0.6579489789742665,0.09708642167238657,-0.21318231326262752,-1.269624107945657
6.118000000000378,-2.8143390073695125,0.04965846765450836,-0.6592050847229947,0.09737700555630814,-0.21472457154425875,-1.2426491435303546
6.119000000000378,-2.8142414822120307,0.04944294953568787,-0.660434190865723,0.09768406755572666,-0.21625279489753074,-1.2156313522550102
6.1200000000003785,-2.814143641529106,0.04922591007736374,-0.6616362554979521,0.09800789688329246,-0.21776678526844898,-1.1885725823976794
6.121000000000379,-2.814045468399526,0.04900736361562551,-0.6628112385905801,0.09834880347708307,-0.21926633766657969,-1.1614747370415268
6.122000000000379,-2.8139469455814723,0.04878732469505686,-0.6639591020472323,0.09870711878547393,-0.22075124008270763,-1.1343397791213845
6.1230000000003795,-2.8138480554908014,0.048565808075725296,-0.6650798097665848,0.09908319612688435,-0.2222212735722012,-1.107169736316404
6.12400000000038,-2.813748780179242,0.04834282873998071,-0.6661733277093597,0.09947741046066012,-0.2236762125631405,-1.0799667054263427
6.12500000000038,-2.81364910131321,0.04811840189880265,-0.6672396239692151,0.09989015735993233,-0.22511582546203124,-1.0527328556678461
6.1260000000003805,-2.8135490001541603,0.04789254299735581,-0.6682786688460473,0.10032185092134478,-0.2265398756456445,-1.0254704300254516
6.127000000000381,-2.813448457541699,0.04766526771931598,-0.6692904349191455,0.1007729202776438,-0.22794812294513214,-0.998181743336091
6.128000000000381,-2.813347453881063,0.04743659198941282,-0.6702748971159969,0.1012438042938333,-0.2293403257479883,-0.9708691750884093
6.1290000000003815,-2.813245969137035,0.04720653197350025,-0.6712320327700156,0.10173494392064684,-0.23071624386467135,-0.9435351538353268
6.130000000000382,-2.8131439828369493,0.04697510407530635,-0.6721618216565853,0.10224677154191182,-0.2320756423301787,-0.9161821284080035
6.131000000000382,-2.8130414740862237,0.0467423249288317,-0.6730642459907233,0.10277969647065248,-0.23341829633792105,-0.8888125183701813
6.1320000000003825,-2.812938421600771,0.04650821138515094,-0.6739392903600608,0.10333408549856686,-0.23474399753705183,-0.8614286316647874
6.133000000000383,-2.8128348037619597,0.04627278049211885,-0.6747869415513981,0.10391023704621903,-0.2360525619715421,-0.8340325300246019
6.134000000000383,-2.812730598701454,0.04603604946516895,-0.6756071882041343,0.10450834693945457,-0.23734384001331085,-0.8066258107035496
6.1350000000003835,-2.812625784425629,0.04579803564697764,-0.6764000201837347,0.10512846307971566,-0.2386177287757017,-0.7792092545196281
6.136000000000384,-2.812520338992476,0.0455587564531439,-0.6771654275064661,0.10577042523337535,-0.23987418779321623,-0.7517822660634456
6.137000000000384,-2.8124142407582995,0.045318229299862935,-0.6779033985632811,0.10643378492902429,-0.24111325961122532,-0.7243420191129956
6.1380000000003845,-2.812307468717045,0.04507647150666663,-0.6786139173267148,0.1071176995233514,-0.24233509973178888,-0.6968822938659661
6.139000000000385,-2.812200002960716,0.04483350015896902,-0.6792969593612763,0.1078207954233321,-0.24354002877166714,-0.6693923737055087
6.140000000000385,-2.812091825454713,0.04458933242506835,-0.6799524869264392,0.10854066678430893,-0.24472753671615285,-0.6418562785100284
6.1410000000003855,-2.8119829209527065,0.044343985738570346,-0.6805804452459535,0.10927405907563967,-0.24589743865880126,-0.6142579309936373
6.142000000000386,-2.8118732776019586,0.04409747646892669,-0.6811807681303966,0.11001759207771734,-0.2470525342555202,-0.5865914720771928
6.143000000000386,-2.8117628871967724,0.04384981792159318,-0.6817533898990408,0.11076735309050173,-0.24819612525327872,-0.5588637469429053
6.1440000000003865,-2.811651745410913,0.04360102002802817,-0.6822982566852986,0.11151949559192809,-0.2493313828325526,-0.5310903203746982
6.145000000000387,-2.8115398515194294,0.043351089827112554,-0.682815331256649,0.11227075930618044,-0.2504608370490705,-0.50328776959499
6.146000000000387,-2.8114272077075575,0.04310003221821732,-0.6833045913583086,0.11301864378357442,-0.25158617489465634,-0.4754690796249679
6.1470000000003875,-2.8113138183173234,0.04284785080502142,-0.6837660254913267,0.11376134332223516,-0.2527082884574404,-0.44764284169601753
6.148000000000388,-2.8111996892061577,0.0425945486349884,-0.6841996288937225,0.11449761471740713,-0.25382741479097815,-0.4198141277300323
6.149000000000388,-2.811084827241595,0.042340128785767005,-0.6846054005906707,0.1152266598790707,-0.254943280227358,-0.3919856124293512
6.1500000000003885,-2.810969239902286,0.042084594813546136,-0.6849833414704692,0.11594803805908341,-0.2560552231753415,-0.3641584725554677
6.151000000000389,-2.810852934955747,0.041827951089802265,-0.685333453119855,0.11666160005023767,-0.2571622922459182,-0.33633301036135155
6.152000000000389,-2.8107359201955777,0.041570203054644046,-0.6856557371578053,0.11736744339266003,-0.25826338023546336,-0.30850908985697384
6.1530000000003895,-2.8106182030454323,0.04131135614001003,-0.68595019563136,0.1180661696513603,-0.2593594306149422,-0.28068814929967995
6.15400000000039,-2.8104997903389584,0.04105141522314056,-0.6862168324360912,0.11875848346727963,-0.260451487474113,-0.2528716286501225
6.15500000000039,-2.810380688166246,0.04079038420392673,-0.6864556521764871,0.11944496440846564,-0.26153924580067767,-0.22505988559029685
6.1560000000003905,-2.810260902051782,0.04052826755988908,-0.6866666598306319,0.12012623917587155,-0.26262233768439447,-0.19725331683385885
6.157000000000391,-2.810140436878538,0.040265070158603554,-0.6868498608081681,0.1208029602125846,-0.26370035473360326,-0.16945239282955654
6.158000000000391,-2.8100192968710966,0.040000797288440616,-0.6870052610344957,0.12147578876286057,-0.2647728671669872,-0.14165767649628225
6.1590000000003915,-2.809897485593816,0.03973545467198535,-0.6871328670478503,0.12214538160982287,-0.2658394391928036,-0.11386983094069875
6.160000000000392,-2.8097750059606525,0.03946904846583229,-0.6872326861001331,0.12281238088925131,-0.26689964085045215,-0.08608961974988706
6.161000000000392,-2.809651860253846,0.03920158525011136,-0.6873047262554426,0.1234774064780237,-0.2679530567508256,-0.05831790246908604
6.1620000000003925,-2.809528050149105,0.038933072010602844,-0.6873489964824845,0.12414105052411555,-0.26899929223386143,-0.030555627143592872
6.163000000000393,-2.809403576745348,0.03866351611577455,-0.6873655067386304,0.12480387373883994,-0.2700379774496158,-0.0028038212563719148
6.164000000000393,-2.8092784405974185,0.03839292528730386,-0.6873542680616074,0.12546640309142734,-0.27106877904552407,0.024936342335025466
6.1650000000003935,-2.8091526417506305,0.03812130753952538,-0.6873152928854651,0.12612913043742732,-0.2720914413536325,0.05266322793927944
6.166000000000394,-2.8090261797761036,0.03784867112674339,-0.6872485953973972,0.12679251216268983,-0.2731057525186286,0.08037502748079037
6.167000000000394,-2.808899053806084,0.03757502449607301,-0.6871541916084928,0.12745696968172648,-0.2741115277713926,0.10806990342510353
6.1680000000003945,-2.8087712625684658,0.03730037626621778,-0.6870320993784559,0.12812289044054798,-0.27510860847594526,0.13574599760156952
6.169000000000395,-2.8086428044201117,0.03702473520197239,-0.6868823384324196,0.1287906292857152,-0.2760968609215707,0.16340143871370091
6.170000000000395,-2.8085136773786648,0.03674811018998037,-0.6867049303706466,0.12946051008650697,-0.27707617491269587,0.19103434905826192
6.1710000000003955,-2.8083838791526547,0.03647051021596777,-0.6864998986718954,0.13013282752017222,-0.2780464622442158,0.21864285048010645
6.172000000000396,-2.8082534071697576,0.03619194434353281,-0.6862672686911959,0.13080784894971176,-0.27900765512702624,0.24622506960915352
6.173000000000396,-2.80812225860316,0.03591242169451607,-0.6860070676527229,0.13148581633977854,-0.2799597046106363,0.2737791424362355
6.1740000000003965,-2.807990430396002,0.035631951430936414,-0.6857193246383991,0.13216694816949356,-0.28090257903593074,0.30130321828877704
6.175000000000397,-2.807857919283923,0.03535054273845013,-0.6854040705727972,0.13285144131164736,-0.2818362625406113,0.3287954632674504
6.176000000000397,-2.8077247218157506,0.03506820481127256,-0.6850613382048497,0.13353947285628043,-0.2827607536318908,0.3562540632026011
6.1770000000003975,-2.807590834372403,0.034784946838490136,-0.6846911620868198,0.13423120186335977,-0.2836760638350844,0.38367722618539635
6.178000000000398,-2.807456253184078,0.034500777991684224,-0.6842935785509324,0.1349267710345075,-0.2845822164223844,0.4110631847240387
6.179000000000398,-2.8073209743458105,0.03421570741378584,-0.6838686256840174,0.13562630829776295,-0.2854792452229623,0.4384101975705028
6.1800000000003985,-2.8071849938314926,0.03392974420908012,-0.6834163433004731,0.13632992830240354,-0.28636719351332546,0.4657165512584026
6.181000000000399,-2.807048307506442,0.03364289743428147,-0.682936772913822,0.13703773382310674,-0.2872461129853385,0.4929805613879737
6.182000000000399,-2.8069109111386132,0.03335517609060344,-0.6824299577070947,0.13774981707436584,-0.2881160627883296,0.5202005736898843
6.1830000000003995,-2.8067728004085355,0.03306658911675119,-0.6818959425022473,0.1384662609372085,-0.2889771086411003,0.5473749648957107
6.1840000000004,-2.8066339709180697,0.03277714538276891,-0.6813347737287966,0.13918714010101577,-0.28982932200933836,0.5745021434394595
6.1850000000004,-2.806494418198062,0.032486853684679046,-0.6807464993918283,0.13991252212368321,-0.29067277934381597,0.6015805500114688
6.1860000000004005,-2.806354137714977,0.03219572273985494,-0.6801311690395172,0.1406424684135765,-0.29150756137478095,0.6286086579833751
6.187000000000401,-2.80621312487659,0.0319037611830727,-0.6794888337302801,0.14137703513675762,-0.292333752458063,0.6555849737205355
6.188000000000401,-2.806071375036803,0.03161097756319305,-0.6788195459996668,0.14211627405284138,-0.2931514399685905,0.6825080367963494
6.1890000000004015,-2.8059288834996625,0.03131738034042758,-0.6781233598270796,0.14286023328260972,-0.2939607137372152,0.7093764201212627
6.190000000000402,-2.80578564552264,0.03102297788414814,-0.6774003306024028,0.143608958010188,-0.2947616655269492,0.7361887299978572
6.191000000000402,-2.8056416563192466,0.030727778471201877,-0.6766505150926088,0.14436249112218844,-0.295554388544917,0.7629436061122925
6.1920000000004025,-2.8054969110610335,0.03043179028469786,-0.6758739714084009,0.14512087378575747,-0.29633897698649764,0.7896397214714412
6.193000000000403,-2.805351404879049,0.030135021413234937,-0.675070758970943,0.1458841459669353,-0.29711552560826615,0.81627578229434
6.194000000000403,-2.805205132864803,0.02983747985054359,-0.6742409384787166,0.14665234689014334,-0.29788412932642966,0.8428505278660332
6.1950000000004035,-2.8050580900708058,0.029539173495518004,-0.6733845718745398,0.1474255154389603,-0.29864488283747465,0.8693627303615009
6.196000000000404,-2.8049102715107317,0.029240110152617745,-0.6725017223127745,0.1482036904976221,-0.29939788025769176,0.89581119464713
6.197000000000404,-2.8047616721592714,0.02894029753262195,-0.67159245412674,0.1489869112318785,-0.30014321477810074,0.9221947580670925
6.1980000000004045,-2.8046122869517403,0.028639743253722462,-0.6706568327963445,0.14977521730694823,-0.3008809783310505,0.9485122902220191
6.199000000000405,-2.8044621107834926,0.028338454842946247,-0.6696949249159394,0.15056864903932718,-0.30161126126439425,0.9747626927475087
6.200000000000405,-2.8043111385092274,0.028036439737901778,-0.6687067981623911,0.15136724747809893,-0.30233415201861225,1.0009448991002592
6.2010000000004055,-2.804159364942247,0.027733705288849116,-0.66769252126336,0.15217105441016934,-0.3030497368015525,1.0270578743599588
6.202000000000406,-2.8040067848537475,0.02743025876109904,-0.6666521639657658,0.15298011228247158,-0.3037580992545438,1.0531006150554971
6.203000000000406,-2.8038533929722416,0.027126107337753554,-0.6655857970044112,0.15379446403265634,-0.3044593201024741,1.0790721490245507
6.2040000000004065,-2.8036991839831904,0.026821258122808053,-0.664493492070725,0.15461415281807758,-0.3051534767789784,1.1049715353161271
6.205000000000407,-2.80354415252897,0.026515718144645276,-0.6633753217815768,0.15543922163099616,-0.3058406430160958,1.1307978641461922
6.206000000000407,-2.803388293209281,0.026209494359962778,-0.6622313596481056,0.15626971278585142,-0.3065208883856039,1.1565502569170185
6.2070000000004075,-2.803231600582145,0.025902593658189768,-0.6610616800444925,0.15710566726220454,-0.3071942777766737,1.1822278663113293
6.208000000000408,-2.803074069165635,0.025595022866465873,-0.6598663581765967,0.15794712388456977,-0.3078608707915082,1.2078298764725965
6.209000000000408,-2.8029156934405193,0.025286788755274486,-0.6586454700503638,0.15879411831789467,-0.30852072103725076,1.233355503282916
6.2100000000004085,-2.8027564678540102,0.024977898044846833,-0.6573990924399027,0.15964668185506256,-0.30917387528879026,1.258803994749596
6.211000000000409,-2.802596386824841,0.024668357412480052,-0.6561273028551171,0.16050483997070497,-0.30982037249337996,1.28417463151084
6.212000000000409,-2.8024354447499173,0.024358173500943454,-0.654830179508768,0.16136861061422375,-0.3104602425846964,1.30946672746949
6.2130000000004095,-2.8022736360128166,0.024047352928180457,-0.6535078012828354,0.16223800221487136,-0.31109350507191935,1.33467963056151
6.21400000000041,-2.802110954994437,0.023735902298548106,-0.6521602476940429,0.16311301137403036,-0.3117201673700212,1.3598127236624815
6.21500000000041,-2.8019473960861183,0.023423828215867346,-0.6507875988584069,0.16399362022601474,-0.31234022284298063,1.384865425630544
6.2160000000004105,-2.8017829537055707,0.023111137298579193,-0.6493899354546778,0.1648797934610714,-0.31295364854561103,1.4098371924776385
6.217000000000411,-2.8016176223159404,0.022797836197303252,-0.6479673386865527,0.16577147502603387,-0.3135604026773144,1.4347275186523403
6.218000000000411,-2.8014513964483134,0.022483931615058985,-0.6465198902435595,0.16666858455358563,-0.31416042180956155,1.4595359384068605
6.2190000000004115,-2.8012842707278836,0.022169430330311244,-0.6450476722605495,0.16757101362552018,-0.3147536180273127,1.4842620272081148
6.220000000000412,-2.8011162399038545,0.021854339222805042,-0.6435507672757771,0.16847862205387953,-0.31533987624246745,1.5089054031387121
6.221000000000412,-2.800947298882931,0.02153866530181829,-0.6420292581876129,0.16939123446916876,-0.31591905210082316,1.5334657282194033
6.2220000000004125,-2.8007774427658876,0.02122241573594126,-0.6404832282100068,0.17030863763282664,-0.3164909711073288,1.5579427095713172
6.223000000000413,-2.8006066668862264,0.0209055978827621,-0.6389127608269065,0.17123057902356725,-0.31705542980668067,1.5823361003245693
6.224000000000413,-2.8004349668493367,0.020588219315924382,-0.6373179397459394,0.1721567673434458,-0.31761220000387613,1.6066457001668624
6.2250000000004135,-2.8002623385699232,0.020270287846049676,-0.6356988488517769,0.17308687558214744,-0.31816103696478104,1.630871355402665
6.226000000000414,-2.8000887783049055,0.01995181153125718,-0.6340555721597558,0.1740205470834423,-0.318701692135895,1.6550129583446613
6.227000000000414,-2.7999142826787744,0.01963279867288325,-0.6323881937705502,0.17495740461410825,-0.3192339300384694,1.6790704457683396
6.2280000000004145,-2.7997388486986785,0.01931325779297358,-0.6306967978270166,0.1758970617680396,-0.31975754767302256,1.7030437960310358
6.229000000000415,-2.799562473757561,0.018993197592462607,-0.6289814684748015,0.17683913531771372,-0.3202723933748614,1.7269330243378056
6.230000000000415,-2.7993851556252705,0.018672626892440862,-0.6272422898288331,0.17778325665171874,-0.32077838124015307,1.7507381756319786
6.2310000000004155,-2.799206892429444,0.018351554564659676,-0.6254793459482509,0.17872908049794092,-0.3212754976350155,1.7744593148113428
6.232000000000416,-2.799027682629598,0.018029989460938534,-0.6236927208204631,0.17967628942707597,-0.3217637956402058,1.7980965231069852
6.233000000000416,-2.7988475249894047,0.01770794035764617,-0.6218824983321564,0.1806245932640804,-0.322243373025803,1.8216499200289185
6.2340000000004165,-2.798666418549273,0.01738541591297924,-0.6200487622499784,0.18157372822819046,-0.3227143631522356,1.8451196173035629
6.235000000000417,-2.798484362601938,0.017062424641683376,-0.6181915962457478,0.18252345335976924,-0.32317691909577817,1.8685056908239754
6.236000000000417,-2.798301356671758,0.01673897490317196,-0.6163110839382719,0.18347354565192547,-0.3236311953071828,1.8918081691289204
6.2370000000004175,-2.7981174004990543,0.016415074907580856,-0.6144073089453317,0.1844237954123521,-0.3240773331511385,1.915027024611547
6.238000000000418,-2.797932494028806,0.016090732734048156,-0.6124803549430424,0.18537400231658496,-0.3245154512236327,1.9381621675423715
6.239000000000418,-2.7977466374029154,0.01576595635643526,-0.6105303057298875,0.18632397226319505,-0.3249456402208364,1.9612134426327945
6.2400000000004185,-2.797559830955264,0.015440753672287059,-0.6085572452931174,0.18727351493897723,-0.3253679615105104,1.9841806276492646
6.241000000000419,-2.7973720752089255,0.015115132531815213,-0.606561257875738,0.18822244192598495,-0.32578244835954934,2.0070634335336255
6.242000000000419,-2.797183370875068,0.014789100764729161,-0.6045424280428348,0.18917056518419997,-0.32618910884264246,2.029861505536677
6.2430000000004195,-2.796993718853236,0.014462666203635038,-0.6025008407464236,0.19011769578036514,-0.32658792965011635,2.052574424974159
6.24400000000042,-2.796803120232819,0.014135836703402958,-0.6004365813883559,0.19106364277743246,-0.32697888022952115,2.0752017113278063
6.24500000000042,-2.7966115762955637,0.013808620156373774,-0.5983497358810247,0.19200821223694858,-0.3273619168852504,2.0977428245171175
6.2460000000004205,-2.796419088519036,0.013481024503576335,-0.5962403907057563,0.19295120631447027,-0.3277369866062671,2.120197167251341
6.247000000000421,-2.796225658580942,0.013153057742301438,-0.5941086329688217,0.19389242244628227,-0.3281040304944391,2.1425640874348986
6.248000000000421,-2.796031288364212,0.012824727930469248,-0.5919545504550098,0.19483165263639732,-0.3284629867329288,2.16484288064541
6.2490000000004216,-2.795835979962741,0.012496043188264633,-0.5897782316786664,0.19576868285830368,-0.32881379307489206,2.187032792735013
6.250000000000422,-2.7956397356876597,0.012167011697521227,-0.5875797659320409,0.19670329258800837,-0.329156388855724,2.2091330226258923
6.251000000000422,-2.7954425580740065,0.011837641699324664,-0.5853592433307064,0.19763525448487362,-0.32949071654370143,2.231142725382103
6.2520000000004226,-2.795244449887633,0.011507941490287506,-0.5831167548557349,0.19856433423535844,-0.32981672284880637,2.2530610156435236
6.253000000000423,-2.7950454141321837,0.011177919417927281,-0.580852392392221,0.19949029057250964,-0.33013435941100117,2.2748869715049325
6.254000000000423,-2.7948454540559564,0.010847583875557556,-0.5785662487636741,0.200412875481115,-0.3304435830894238,2.2966196389142466
6.2550000000004236,-2.7946445731584726,0.010516943297080266,-0.5762584177617267,0.2013318345949211,-0.33074435587427026,2.318258036649095
6.256000000000424,-2.794442775196547,0.01018600615204521,-0.5739289941705595,0.20224690778825166,-0.3310366444443709,2.3398011619102594
6.257000000000424,-2.7942400641896707,0.009854780941318348,-0.5715780737854191,0.2031578299597502,-0.3313204193960871,2.361247996544435
6.258000000000425,-2.794036444424515,0.009523276193673016,-0.5692057534246038,0.2040643320008527,-0.33159565417329084,2.3825975138778337
6.259000000000425,-2.7938319204583912,0.009191500463585712,-0.5668121309343311,0.20496614193606985,-0.3318623237337174,2.403848686107402
6.260000000000425,-2.7936264971214744,0.008859462330479708,-0.5643973051859719,0.20586298621639285,-0.3321204029935558,2.4250004921593686
6.261000000000426,-2.793420179517683,0.008527170399614276,-0.5619613760652427,0.20675459114137204,-0.33236986509924615,2.4460519258875006
6.262000000000426,-2.7932129730240796,0.008194633304765012,-0.5595044444530979,0.20764068437997302,-0.33261067958240464,2.467002004448255
6.263000000000426,-2.7930048832887113,0.007861859712781638,-0.5570266121982365,0.20852099655554293,-0.3328428104598397,2.487849776659689
6.264000000000427,-2.792795916226857,0.007528858330045504,-0.5545279820813478,0.20939526285650226,-0.33306621434497896,2.5085943311282675
6.265000000000427,-2.7925860780156624,0.007195637910781466,-0.5520086577714414,0.2102632246320619,-0.33328083863897284,2.529234803915031
6.266000000000427,-2.792375375087207,0.0068622072671108945,-0.549468743774837,0.21112463093163814,-0.3334866198687288,2.5497703855119154
6.267000000000428,-2.7921638141200753,0.00652857528066716,-0.5469083453776143,0.21197923994787074,-0.33368348223482885,2.570200326911276
6.268000000000428,-2.7919514020295493,0.006194750915535547,-0.5443275685825278,0.21282682032627864,-0.33387133642466654,2.5905239445769412
6.269000000000428,-2.7917381459565704,0.005860743232229248,-0.5417265200415663,0.21366715230948785,-0.33405007873549664,2.6107406241620663
6.270000000000429,-2.7915240532556487,0.005526561402374715,-0.5391053069854681,0.21450002869036666,-0.33421959053901934,2.6308498228654984
6.271000000000429,-2.791309131481927,0.005192214723755201,-0.536464037151587,0.21532525555589627,-0.33437973810445604,2.650851070371012
6.272000000000429,-2.791093388377604,0.004857712635351863,-0.533802818711529,0.21614265281170306,-0.334530372781818,2.6707439683689693
6.27300000000043,-2.790876831857944,0.004523064732027557,-0.531121760199957,0.21695205448535215,-0.3346713315322599,2.6905281887137824
6.27400000000043,-2.790659469997098,0.004188280778518272,-0.5284209704458791,0.2177533088142417,-0.3348024377790158,2.7102034703194176
6.27500000000043,-2.7904413110139252,0.0038533707224294588,-0.5257005585076139,0.21854627813080235,-0.3349235025412384,2.7297696149361026
6.276000000000431,-2.79022236325804,0.003518344705976545,-0.5229606336124677,0.2193308385633598,-0.33503432580465914,2.7492264819823133
6.277000000000431,-2.790002635196224,0.003183213076257974,-0.5202013051019712,0.22010687957525213,-0.33513469807763635,2.76857398262593
6.278000000000431,-2.789782135399383,0.002847986393901908,-0.5174226823833267,0.2208743033675266,-0.3352244020788745,2.787812073317131
6.279000000000432,-2.7895608725301484,0.0025126754399814465,-0.5146248748875119,0.2216330241718185,-0.3353032145036396,2.8069407489739047
6.280000000000432,-2.789338855331235,0.002177291221145126,-0.5118079920342925,0.22238296745997382,-0.3353709078182566,2.82596003601053
6.281000000000432,-2.7891160926146195,0.0018418449729574278,-0.5089721432042118,0.22312406909582785,-0.33542725203752055,2.844869985381871
6.282000000000433,-2.7888925932515845,0.0015063481614864614,-0.5061174377174641,0.22385627445253975,-0.3354720164458084,2.8636706657939492
6.283000000000433,-2.7886683661636553,0.0011708124832118339,-0.5032439848194211,0.2245795375162659,-0.33550497122957984,2.8823621572060407
6.284000000000433,-2.788443420314434,0.0008352498633544918,-0.5003518936724689,0.22529381999397607,-0.3355258889960929,2.90094454472333
6.285000000000434,-2.7882177647023134,0.0004996724527520339,-0.4974412733537241,0.22599909044009273,-0.3355345461601149,2.9194179129534943
6.286000000000434,-2.7879914083540562,0.00016409262341795052,-0.49451223285814094,0.22669532341353998,-0.33553072418686064,2.9377823408766313
6.287000000000434,-2.7877643603191915,-0.000171477037067906,-0.49156488110647867,0.2273824986738639,-0.3355142106851184,2.9560378972565373
6.288000000000435,-2.7875366296651993,-0.0005070237321867767,-0.48859932695758257,0.2280606004224173,-0.3354848003494037,2.974184636602915
6.289000000000435,-2.7873082254734287,-0.0008425344639764441,-0.48561567922442905,0.22872961659225294,-0.335442295753966,2.9922225956788853
6.290000000000435,-2.787079156835696,-0.0011779960412491935,-0.48261404669339747,0.22938953818835975,-0.3353865080045769,3.0101517905360984
6.291000000000436,-2.7868494328515236,-0.001513395088393947,-0.47959453814625386,0.2300403586782111,-0.33531725725631284,3.0279722140506538
6.292000000000436,-2.7866190626259635,-0.001848718054633289,-0.47655726238436197,0.23068207343125607,-0.33523437310709175,3.0456838339265864
6.293000000000436,-2.7863880552679534,-0.002183951223616369,-0.4735023282546726,0.23131467920494417,-0.33513769487764505,3.0632865911295277
6.294000000000437,-2.786156419889169,-0.0025190807232396057,-0.47042984467708054,0.231938173674099,-0.335027071788999,3.0807803987109086
6.295000000000437,-2.7859241656033236,-0.0028540925355982176,-0.4673399206727789,0.23255255499990696,-0.3349023630485186,3.098165140982379
6.296000000000437,-2.7856913015258855,-0.003188972506982505,-0.4642326653932805,0.23315782143442876,-0.3347634378552238,3.1154406730005957
6.297000000000438,-2.7854578367741682,-0.003523706357843269,-0.4611081881498154,0.23375397095633627,-0.33461017533450554,3.132606820323916
6.298000000000438,-2.7852237804677777,-0.0038582796926605193,-0.4579665984428511,0.23434100093349625,-0.3344424644116294,3.1496633790045103
6.299000000000438,-2.7849891417293806,-0.0041926780096585865,-0.4548080059915172,0.23491890780803545,-0.33426020363256653,3.1666101157818005
6.300000000000439,-2.784753929685781,-0.004526886710318879,-0.4516325207627494,0.23548768679960808,-0.3340633009397964,3.1834467684457275
6.301000000000439,-2.7845181534692838,-0.0048608911086486855,-0.44844025299999696,0.23604733162272457,-0.3338516734098105,3.200173046341031
6.302000000000439,-2.784281822219339,-0.0051946764401707155,-0.445231313251367,0.23659783421417843,-0.33362524695814677,3.2167886309863882
6.30300000000044,-2.7840449450844504,-0.0055282278706034835,-0.4420058123971016,0.23713918446681076,-0.3333839560169224,3.2332931767847954
6.30400000000044,-2.7838075312243546,-0.0058615305042071615,-0.4387638616763084,0.23767136996607613,-0.33312774318901645,3.2496863118039916
6.30500000000044,-2.7835695898124575,-0.006194569391773335,-0.43550557271288304,0.23819437572611032,-0.33285655888230575,3.2659676386079304
6.306000000000441,-2.7833311300385404,-0.006527329538240117,-0.4322310575405826,0.23870818392338522,-0.33257036088361486,3.282136735267289
6.307000000000441,-2.7830921611114,-0.006859795897791622,-0.4289404285998361,0.23921277439632277,-0.33226908336187877,3.2981932590790923
6.308000000000441,-2.782852692260363,-0.007191953308084937,-0.4256337985075772,0.23970812599112393,-0.3319525645573429,3.3141371878214723
6.309000000000442,-2.7826127327380465,-0.007523786447771251,-0.42231127986615696,0.24019421386039227,-0.3316206312692458,3.329968533509505
6.310000000000442,-2.7823722918238145,-0.007855279818115643,-0.4189729852855726,0.24067100863076657,-0.3312731205045309,3.3456872692532147
6.311000000000442,-2.782131378828762,-0.008186417762210884,-0.41561902742133133,0.2411384761575658,-0.3309098788054355,3.361293331321926
6.312000000000443,-2.7818900031006124,-0.008517184474179472,-0.41224951901030404,0.24159657726064612,-0.3305307615840449,3.376786621099704
6.313000000000443,-2.7816481740288994,-0.008847564007713417,-0.4088645729046798,0.24204526744054317,-0.33013563246312916,3.3921670069270164
6.314000000000443,-2.781405901050431,-0.009177540283957768,-0.4054643021041374,0.242484496543087,-0.3297243627394591,3.407434325163032
6.315000000000444,-2.781163193655493,-0.00950709710029393,-0.40204881979305707,0.24291420773631894,-0.32929683335509546,3.422588366940467
6.316000000000444,-2.780920061394581,-0.009836218139293022,-0.3986182393884713,0.2433343371840013,-0.32885293425940676,3.4376288796288583
6.317000000000444,-2.780676513885343,-0.01016488697651337,-0.39517267457391797,0.24374481443919682,-0.32839256101553044,3.452555583846954
6.318000000000445,-2.780432560819341,-0.010493087085690942,-0.39171223932485133,0.24414556210840055,-0.3279156140541935,3.4673681753985175
6.319000000000445,-2.7801882119691523,-0.010820801843170674,-0.3882370479328974,0.2445364954747964,-0.3274219980657676,3.482066326373645
6.320000000000445,-2.7799434771958755,-0.011148014531868458,-0.38474721502905884,0.2449175221219879,-0.32691162140694985,3.4966496861502416
6.321000000000446,-2.7796983664570187,-0.011474708344649849,-0.3812428556059637,0.2452885415671085,-0.3263843955284248,3.5111178823077474
6.322000000000446,-2.7794528898147366,-0.011800866387150562,-0.37772408503923716,0.24564944491445206,-0.3258402344320722,3.525470521469712
6.323000000000446,-2.7792070574444043,-0.012126471680073676,-0.3741910191080578,0.2460001145432375,-0.3252790541688434,3.5397071900971007
6.324000000000447,-2.778960879643474,-0.01245150716101096,-0.3706437740149336,0.2463404238457711,-0.32470077239129136,3.553827455260221
6.325000000000447,-2.7787143668405676,-0.012775955685851277,-0.3670824664047027,0.24667023703498617,-0.32410530797780535,3.56783086542378
6.326000000000447,-2.7784675296047086,-0.013099800029857582,-0.36350721338272557,0.24698940904294595,-0.32349258074870296,3.5817169512864004
6.327000000000448,-2.7782203786546065,-0.01342302288851564,-0.3599181325321907,0.2472977855341394,-0.3228625112971992,3.595485226722536
6.328000000000448,-2.7779729248678597,-0.013745606878281776,-0.3563153419304051,0.24759520305894311,-0.32221502096053184,3.6091351898802078
6.329000000000448,-2.7777251792899236,-0.014067534537382916,-0.35269896016388563,0.2478814893730429,-0.3215500319576769,3.6226663244913686
6.330000000000449,-2.7774771531426605,-0.014388788326848433,-0.3490691063420097,0.24815646394741883,-0.3208674677195317,3.636078101451577
6.331000000000449,-2.7772288578322843,-0.014709350631977933,-0.3454259001089298,0.24841993869018983,-0.32016725343451796,3.649369980720515
6.332000000000449,-2.7769803049564654,-0.015029203764469267,-0.34176946165341,0.24867171889572867,-0.31944931682659333,3.6625414135831424
6.33300000000045,-2.7767315063103717,-0.015348329965443629,-0.338099911716211,0.24891160442769206,-0.31871358917315107,3.675591845291603
6.33400000000045,-2.776482473891413,-0.01566671140960568,-0.3344173715946457,0.24913939113093878,-0.3179600065570172,3.6885207180797397
6.33500000000045,-2.7762332199024646,-0.015984330210762804,-0.3307219631439497,0.24935487245311705,-0.31718851132999576,3.7013274745055926
6.336000000000451,-2.775983756753386,-0.016301168428895597,-0.32701380877518077,0.24955784124088368,-0.31639905374610444,3.7140115610344995
6.337000000000451,-2.775734097060668,-0.016617208078919903,-0.3232930314494678,0.2497480916597008,-0.3155915937024636,3.726572431730033
6.338000000000451,-2.7754842536451356,-0.01693243114120924,-0.31955975466858644,0.249925421171816,-0.31476610250711895,3.7390095518774777
6.339000000000452,-2.775234239527671,-0.017246819573858336,-0.315814102462031,0.2500896324964557,-0.3139225645787154,3.7513224013314033
6.340000000000452,-2.7749840679230195,-0.017560355326569247,-0.31205619937097046,0.25024053547140745,-0.31306097897570523,3.7635104773620016
6.341000000000452,-2.7747337522318167,-0.017873020355939698,-0.3082861704297014,0.25037794873741853,-0.3121813606549007,3.7755732967797884
6.342000000000453,-2.774483306031048,-0.018184796641838377,-0.3045041411454187,0.25050170117665543,-0.3112837413717251,3.787510397147952
6.343000000000453,-2.774232743063215,-0.018495666204474875,-0.30071023747728987,0.25061163305312373,-0.3103681701569321,3.7993213369452015
6.344000000000453,-2.7739820772245194,-0.01880561112172085,-0.29690458581592183,0.25070759682458843,-0.3094347133346166,3.8110056946143827
6.345000000000454,-2.7737313225524067,-0.019114613546220564,-0.2930873129643323,0.2507894576194564,-0.3084834540804092,3.822563066514809
6.346000000000454,-2.773480493212785,-0.019422655721844487,-0.28925854612147855,0.25085709339525764,-0.3075144915524784,3.8339930638786055
6.347000000000454,-2.773229603487237,-0.019729719999087125,-0.2854184128692582,0.2509103948150235,-0.3065279396571426,3.8452953089428776
6.348000000000455,-2.772978667760467,-0.020035788849083202,-0.28156704116369874,0.2509492648920019,-0.3055239255322134,3.8564694304817215
6.349000000000455,-2.772727700508204,-0.02034084487600604,-0.27770455933081045,0.25097361846081334,-0.3045025878428238,3.8675150589901266
6.350000000000455,-2.772476716285685,-0.020644870827708335,-0.2738310960673222,0.2509833815344621,-0.30346407498624334,3.8784318217748264
6.351000000000456,-2.7722257297168236,-0.020947849604559428,-0.2699467804462735,0.25097849060257194,-0.3024085432952833,3.889219338188014
6.352000000000456,-2.771974755484086,-0.021249764266516584,-0.2660517419272164,0.25095889191833304,-0.3013361553165473,3.899877215203955
6.353000000000456,-2.7717238083190723,-0.021550598038536053,-0.2621461103706026,0.25092454081162346,-0.30024707822261626,3.9104050434925695
6.354000000000457,-2.77147290299376,-0.021850334314479542,-0.25823001605580304,0.250875401055144,-0.2991414823987959,3.9208023940944883
6.355000000000457,-2.771222054312347,-0.022148956659703664,-0.2543035897021262,0.25081144430038455,-0.29801954022737615,3.931068815754463
6.356000000000457,-2.770971277103624,-0.02244644881253502,-0.2503669624921658,0.2507326495916148,-0.29688142507692006,3.941203832928127
6.357000000000458,-2.7707205862137902,-0.0227427946848346,-0.2464202660968117,0.25063900295925307,-0.2957273104917059,3.9512069444432845
6.358000000000458,-2.7704699964996395,-0.02303797836184552,-0.24246363270129,0.2505304970889876,-0.29455736956735157,3.961077622771837
6.359000000000458,-2.7702195228220408,-0.02333198410150102,-0.23849719503165034,0.2504071310597529,-0.2933717744926833,3.9708153138518836
6.360000000000459,-2.769969180039653,-0.02362479633334759,-0.2345210863811848,0.2502689101418297,-0.29217069623465697,3.980419437390273
6.361000000000459,-2.769718983002812,-0.023916399657214437,-0.23053544063633463,0.25011584564561534,-0.29095430434205716,3.989889387572693
6.362000000000459,-2.7694689465475504,-0.024206778841736137,-0.22654039230171302,0.24994795481168797,-0.2897227668442289,3.9992245341096115
6.36300000000046,-2.7692190854897087,-0.024495918822812348,-0.2225360765239423,0.24976526073339317,-0.2884762502227231,4.008424223550746
6.36400000000046,-2.768969414619111,-0.024783804702067497,-0.2185226291140681,0.2495677923040835,-0.2872149194360315,4.017487780806999
6.36500000000046,-2.768719948693783,-0.025070421745354596,-0.21450018656837075,0.24935558418218312,-0.285938937980207,4.026414510826053
6.366000000000461,-2.768470702434203,-0.02535575538133173,-0.2104688860874436,0.24912867676830858,-0.28464846797086746,4.035203700375306
6.367000000000461,-2.7682216905175636,-0.02563979120012633,-0.20642886559345158,0.2488871161896795,-0.2833436702346893,4.0438546198931355
6.368000000000461,-2.767972927572057,-0.02592251495209185,-0.20238026374551776,0.24863095428795765,-0.2820247044009099,4.052366525376244
6.369000000000462,-2.767724428171161,-0.026203912546652948,-0.1983232199532159,0.24836024860743677,-0.2806917289855158,4.060738660276904
6.370000000000462,-2.767476206827946,-0.026483970051228996,-0.1942578743881694,0.248075062381169,-0.2793449014626748,4.06897025738919
6.371000000000462,-2.767228277989397,-0.026762673690221138,-0.19018436799377703,0.24777546451315702,-0.2779843783195713,4.0770605407078255
6.372000000000463,-2.766980656030749,-0.027040009844044845,-0.18610284249309827,0.24746152955518244,-0.27661031509215006,4.08500872724701
6.373000000000463,-2.766733355249858,-0.02731596504818814,-0.18201344039494438,0.24713333767718787,-0.27522286638037785,4.092814028809702
6.374000000000463,-2.766486389861597,-0.027590525992274694,-0.1779163049982278,0.24679097463040256,-0.273822185842529,4.100475653700314
6.375000000000464,-2.7662397739922993,-0.027863679519110816,-0.1738115803946293,0.2464345317026118,-0.2724084261687189,4.107992808375796
6.376000000000464,-2.7659935216742473,-0.02813541262369594,-0.1696994114696464,0.24606410566512926,-0.2709817390344702,4.115364699031578
6.377000000000464,-2.7657476468402176,-0.028405712452177254,-0.16557994390208938,0.2456797987111554,-0.26954227503553047,4.122590533120082
6.378000000000465,-2.7655021633180947,-0.02867456630073039,-0.16145332416209318,0.24528171838529675,-0.26809018360548725,4.129669520800392
6.379000000000465,-2.7652570848255595,-0.0289419616143499,-0.15731969950771427,0.24486997750409564,-0.2666256129179626,4.136600876318325
6.380000000000465,-2.7650124249648584,-0.029207885985535028,-0.1531792179801824,0.24444469406747638,-0.2651487097753367,4.143383819316647
6.381000000000466,-2.7647681972176716,-0.029472327152858354,-0.14903202839787713,0.24400599116106364,-0.26365961948605565,4.150017576075486
6.382000000000466,-2.764524414940076,-0.029735272999406877,-0.14487828034909858,0.2435539968493719,-0.2621584857326373,4.156501380683253
6.383000000000466,-2.764281091357626,-0.029996711551087376,-0.1407181241837019,0.24308884405990427,-0.26064545043250914,4.162834476138493
6.384000000000467,-2.764038239560554,-0.03025663097478992,-0.1365517110036642,0.2426106704582392,-0.25912065359380004,4.1690161153832195
6.385000000000467,-2.7637958724990934,-0.03051501957640547,-0.13237919265265213,0.24211961831422327,-0.2575842331681687,4.175045562268313
6.386000000000467,-2.7635540029789496,-0.03077186579869572,-0.12820072170465774,0.24161583435943013,-0.2560363249026945,4.180922092451618
6.387000000000468,-2.763312643656911,-0.03102715821901512,-0.12401645145176965,0.24109946963608894,-0.25447706219277927,4.186644994229376
6.388000000000468,-2.763071807036618,-0.03128088554688713,-0.11982653589114582,0.24057067933773155,-0.25290657593791727,4.192213569301676
6.389000000000468,-2.7628315054644945,-0.03153303662143836,-0.11563112971125354,0.24002962264185532,-0.25132499440209155,4.197627133472601
6.390000000000469,-2.76259175112585,-0.03178360040869612,-0.11143038827744167,0.23947646253494734,-0.2497324430804398,4.20288501728582
6.391000000000469,-2.762352556041163,-0.03203256599875642,-0.1072244676169092,0.2389113656302663,-0.2481290445737168,4.207986566596378
6.392000000000469,-2.7621139320625465,-0.03227992260283086,-0.10301352440313352,0.238334501978829,-0.24651491847195262,4.212931143079524
6.39300000000047,-2.7618758908704093,-0.03252565955018236,-0.09879771593982112,0.23774604487409834,-0.2448901812485771,4.217718124677487
6.39400000000047,-2.7616384439703103,-0.03276976628496067,-0.09457720014444189,0.23714617065091984,-0.24325494616614535,4.222346905985171
6.39500000000047,-2.761401602690024,-0.03301223236294984,-0.09035213553140803,0.23653505847930073,-0.2416093231946635,4.226816898575886
6.396000000000471,-2.761165378176807,-0.03325304744824063,-0.08612268119495654,0.23591289015367098,-0.23995341894337394,4.231127531268278
6.397000000000471,-2.760929781394882,-0.03349220130984181,-0.08188899679179379,0.23527984987830766,-0.23828733660672113,4.235278250335809
6.398000000000471,-2.7606948231231376,-0.033729683818244635,-0.07765124252355853,0.23463612404964143,-0.23661117592507977,4.239268519660213
6.399000000000472,-2.760460513953043,-0.03396548494195573,-0.07340957911915896,0.23398190103619784,-0.23492503316068894,4.243097820830511
6.400000000000472,-2.76022686428679,-0.034199594744013545,-0.06916416781703726,0.23331737095695337,-0.2332290010891013,4.2467656531893025
6.401000000000472,-2.7599938843356515,-0.034432003378504085,-0.0649151703474133,0.23264272545890935,-0.23152316900632286,4.250271533828183
6.402000000000473,-2.7597615841185648,-0.03466270108709175,-0.06066274891455773,0.2319581574947022,-0.22980762275169117,4.2536149975342665
6.403000000000473,-2.759529973460938,-0.034891678195580686,-0.056407066179141915,0.23126386110107877,-0.2280824447464155,4.256795596689933
6.404000000000473,-2.7592990619936764,-0.03511892511052265,-0.05214828524071072,0.23056003117906837,-0.22634771404758447,4.2598129011280434
6.405000000000474,-2.759068859152424,-0.03534443231588627,-0.04788656962032129,0.22984686327667897,-0.22460350641733487,4.262666497944956
6.406000000000474,-2.758839374177027,-0.03556819036980301,-0.043622083243388905,0.22912455337493473,-0.22284989440677036,4.265355991273821
6.407000000000474,-2.7586106161112047,-0.03579018990140415,-0.039354990422778326,0.22839329767805433,-0.22108694745412164,4.267881002020689
6.408000000000475,-2.7583825938024287,-0.03601042160776286,-0.03508545584217654,0.2276532924085455,-0.21931473199654988,4.270241167566062
6.409000000000475,-2.7581553159020062,-0.036228876250954514,-0.030813644539780104,0.22690473360796093,-0.21753331159491585,4.272436141434563
6.410000000000475,-2.7579287908653582,-0.03644554465524798,-0.026539721892327596,0.22614781694402372,-0.21574274707076443,4.274465592935482
6.411000000000476,-2.7577030269524836,-0.0366604177044397,-0.022263853599504953,0.2253827375247898,-0.21394309665471256,4.276329206776936
6.412000000000476,-2.7574780322286117,-0.03687348633934144,-0.017986205668748645,0.2246096897204668,-0.21213441614537493,4.278026682656431
6.413000000000476,-2.7572538145650256,-0.03708474155543186,-0.013706944400468948,0.22382886699345833,-0.21031675907791866,4.279557734830604
6.414000000000477,-2.7570303816400505,-0.03729417440068106,-0.009426236373712715,0.22304046173714767,-0.20849017690130378,4.280922091666889
6.415000000000477,-2.7568077409401988,-0.03750177597355635,-0.005144248432282382,0.22224466512387672,-0.20665471916324016,4.282119495179823
6.416000000000477,-2.7565858997614647,-0.037707537421216304,-0.0008611476713252268,0.2214416669625164,-0.2048104337018766,4.28314970055467
6.417000000000478,-2.756364865210755,-0.037911449937899584,0.003422898575595753,0.22063165556596234,-0.20295736684322843,4.2840124756609415
6.418000000000478,-2.7561446442074455,-0.038113504763513564,0.007707722748940485,0.21981481762882776,-0.2010955636033512,4.284707600558354
6.419000000000478,-2.7559252434850565,-0.0383136931824271,0.011993157075133674,0.21899133811554275,-0.1992250678942748,4.285234866997648
6.420000000000479,-2.7557066695930366,-0.03851200652247072,0.016279033578005888,0.21816140015900679,-0.19734592273272702,4.285594077918596
6.421000000000479,-2.7554889288986377,-0.03870843615414653,0.020565184089732173,0.2173251849698815,-0.19545817045069666,4.2857850469474315
6.422000000000479,-2.755272027588881,-0.03890297349004921,0.024851440261268717,0.21648287175655148,-0.19356185290691127,4.285807597895806
6.42300000000048,-2.7550559716725918,-0.0390956099844986,0.029137633572290066,0.21563463765572427,-0.19165701169833704,4.285661564263267
6.42400000000048,-2.754840766982505,-0.03928633713338336,0.033423595340631364,0.21478065767358898,-0.18974368837084168,4.285346788745128
6.42500000000048,-2.7546264191774172,-0.039475146474214656,0.03770915673124192,0.21392110463740127,-0.18782192462820035,4.284863122747474
6.426000000000481,-2.7544129337443897,-0.03966202958638757,0.04199414876465802,0.213056149157318,-0.18589176253866474,4.284210425910937
6.427000000000481,-2.7542003160009765,-0.03984697809164763,0.046278402325004526,0.21218595959826161,-0.18395324473835817,4.2833885656447395
6.428000000000481,-2.7539885710974827,-0.04002998365475885,0.05056174816753628,0.21131070206155772,-0.1820064146308028,4.2823974166724
6.429000000000482,-2.7537777040192317,-0.040211037984369036,0.05484401692573156,0.21043054037605471,-0.18005131658192935,4.281236860590373
6.430000000000482,-2.7535677195888404,-0.04039013283406768,0.05912503911795114,0.20954563609840635,-0.17808799610996334,4.279906785440796
6.431000000000482,-2.7533586224684834,-0.04056726000363088,0.06340464515367761,0.2086561485221723,-0.17611650006962523,4.278407085299416
6.432000000000483,-2.7531504171621544,-0.040742411340447406,0.06768266533935063,0.20776223469537236,-0.17413687683012424,4.2767376598796645
6.433000000000483,-2.752943108017893,-0.04091557874111948,0.07195892988381475,0.20686404944611234,-0.1721491764464665,4.274898414153785
6.434000000000483,-2.7527366992299953,-0.04108675415323128,0.07623326890339713,0.20596174541588771,-0.17015345082363637,4.272889257991815
6.435000000000484,-2.7525311948411746,-0.04125592957727801,0.08050551242663362,0.20505547310016156,-0.16814975387324893,4.270710105819161
6.436000000000484,-2.7523265987446903,-0.041423097068747555,0.08477549039866189,0.20414538089580733,-0.1661381416623044,4.268360876293472
6.437000000000484,-2.752122914686415,-0.041588248740346924,0.08904303268530141,0.20323161515500382,-0.16411867255371043,4.265841492001399
6.438000000000485,-2.751920146266854,-0.041751376764364884,0.09330796907684034,0.2023143202451687,-0.16209140733826793,4.263151879175839
6.439000000000485,-2.7517182969430953,-0.04191247337516227,0.0975701292915502,0.2013936386145188,-0.1600564093578458,4.2602919674341875
6.440000000000485,-2.751517370030695,-0.042071530871780866,0.10182934297894942,0.20046971086284743,-0.1580137446194966,4.257261689538072
6.441000000000486,-2.7513173687054886,-0.04222854162066192,0.10608543972283761,0.19954267581711416,-0.155963481900292,4.254060981175045
6.442000000000486,-2.751118296005323,-0.0423834980584646,0.11033824904412269,0.19861267061144683,-0.15390569284267927,4.250689780762635
6.443000000000486,-2.75092015483171,-0.042536392694975125,0.11458760040346336,0.19767983077116147,-0.15184045204018481,4.247148029275143
6.444000000000487,-2.75072294795139,-0.04268721811609665,0.11883332320374995,0.1967442903004118,-0.14976783711331235,4.243435670093548
6.445000000000487,-2.750526677997808,-0.04283596698691009,0.12307524679244686,0.1958061817730853,-0.14768792877550502,4.239552648878823
6.446000000000487,-2.7503313474724997,-0.042982632054795925,0.1273132004638201,0.19486563642656882,-0.1456008108890627,4.235498913468974
6.447000000000488,-2.7501369587463773,-0.04312720615260681,0.13154701346107395,0.19392278425801054,-0.1435065705109273,4.231274413800004
6.448000000000488,-2.749943514060922,-0.043269682201880925,0.13577651497842036,0.19297775412030058,-0.1414052979343978,4.226879101823747
6.449000000000488,-2.749751015529558,-0.04341005321680066,0.14000153416093977,0.19203067313949723,-0.13929708845155472,4.222312923744282
6.450000000000489,-2.7495594651401265,-0.04354831231123591,0.14422190008866675,0.19108166543184812,-0.13718204589847105,4.2175758043342455
6.451000000000489,-2.7493688647567827,-0.04368445270459583,0.14843744176438187,0.19013085394898788,-0.13506027823661534,4.2126676666910665
6.452000000000489,-2.7491792161212363,-0.04381846772627245,0.15264798811542324,0.1891783609755016,-0.13293189654374907,4.207588436735439
6.45300000000049,-2.7489905208531913,-0.04395035081830451,0.1568533679965297,0.18822430823126446,-0.13079701499988156,4.202338043253115
6.45400000000049,-2.748802780450859,-0.04408009553846838,0.1610534101927385,0.18726881697382514,-0.12865575086302833,4.196916417962248
6.45500000000049,-2.7486159962913703,-0.04420769556333986,0.16524794342236282,0.1863120081004541,-0.1265082244348951,4.19132349560596
6.456000000000491,-2.7484301696310856,-0.044333144691316564,0.16943679634007464,0.18535400224947485,-0.12435455901664078,4.185559214069708
6.457000000000491,-2.748245301605802,-0.04445643684559126,0.17361979754011686,0.18439491990049517,-0.12219488085490318,4.179623514522906
6.458000000000491,-2.7480613932308646,-0.04457756607706637,0.17779677555966908,0.18343488147315234,-0.12002931907830292,4.173516341584172
6.459000000000492,-2.7478784454011773,-0.04469652656720045,0.18196755888239002,0.18247400742398434,-0.11785800562467232,4.167237643509437
6.460000000000492,-2.747696458891118,-0.04481331263077721,0.18613197594215922,0.18151241834103632,-0.11568107515928738,4.160787372402055
6.461000000000492,-2.7475154343543626,-0.04492791871858853,0.19028985512703933,0.1805502350358097,-0.11349866498441138,4.154165484443905
6.462000000000493,-2.747335372323615,-0.045040339420022765,0.1944410247834797,0.17958757863215946,-0.11131091494048859,4.147371940146393
6.463000000000493,-2.7471562732102535,-0.04515056946555019,0.1985853132207802,0.17862457065174434,-0.10911796729935423,4.140406704620096
6.464000000000493,-2.7469781373038913,-0.04525860372909791,0.20272254871583373,0.17766133309563392,-0.10691996664985373,4.133269747861698
6.465000000000494,-2.7468009647718583,-0.04536443723030664,0.2068525595181633,0.17669798852167765,-0.10471705977628805,4.125961045056741
6.466000000000494,-2.7466247556586074,-0.04546806513666267,0.21097517385526957,0.17573466011724173,-0.102509395530123,4.118480576896566
6.467000000000494,-2.7464495098850525,-0.04556948276549825,0.2150902199383013,0.1747714717669227,-0.10029712469541964,4.110828329907754
6.468000000000495,-2.7462752272478372,-0.04566868558585449,0.21919752596806097,0.17380854811484978,-0.09808039984845679,4.1030042967922
6.469000000000495,-2.7461019074185486,-0.04576566922020123,0.223296920141355,0.17284601462119256,-0.0958593752120287,4.095008476775896
6.470000000000495,-2.7459295499428755,-0.04586042944600866,0.22738823065769598,0.1718839976124964,-0.09363420650490765,4.086840875964358
6.471000000000496,-2.7457581542397196,-0.04595296219716627,0.2314712857263632,0.17092262432547414,-0.09140505078696462,4.078501507702544
6.472000000000496,-2.745587719600266,-0.04604326356524491,0.23554591357382393,0.16996202294389057,-0.08917206630043964,4.069990392937013
6.473000000000496,-2.745418245187021,-0.04613132980059836,0.23961194245151737,0.16900232262818385,-0.08693541230784756,4.061307560577981
6.474000000000497,-2.7452497300328247,-0.04621715731330142,0.2436692006439994,0.16804365353747794,-0.08469524892699519,4.052453047858826
6.475000000000497,-2.7450821730398447,-0.04630074267392169,0.2477175164774446,0.16708614684364914,-0.08245173696357043,4.043426900690551
6.476000000000497,-2.7449155729785586,-0.046382082614122896,0.25175671832849905,0.1661299347371211,-0.08020503774174509,4.034229174008573
6.477000000000498,-2.744749928486738,-0.046461174027098054,0.255786634633475,0.16517515042407274,-0.07795531293321005,4.024859932109188
6.478000000000498,-2.744585238068437,-0.046538013967830964,0.25980709389787576,0.1642219281147562,-0.07570272438503392,4.015319248972949
6.479000000000498,-2.7444215000929977,-0.04661259965318523,0.2638179247062362,0.16327040300263296,-0.07344743394670514,4.005607208572123
6.480000000000499,-2.744258712794083,-0.046684928461819965,0.26781895573226155,0.1623207112340502,-0.07118960329668393,3.995723905159357
6.481000000000499,-2.7440968742687426,-0.04675499793393191,0.27181001574924407,0.16137298986819215,-0.06892939376875275,3.9856694435345617
6.482000000000499,-2.7439359824765215,-0.046822805770823976,0.2757909336407348,0.160427376827056,-0.06666696617841499,3.975443939286993
6.4830000000005,-2.743776035238632,-0.04688834983430022,0.2797615384114434,0.15948401083521807,-0.06440248064955043,3.9650475190094427
6.4840000000005,-2.743617030237182,-0.046951628145887735,0.28372165919833703,0.15854303134917297,-0.06213609644149419,3.954480320481371
6.4850000000005,-2.743458965014484,-0.0470126388858858,0.28767112528190547,0.15760457847604825,-0.05986797177666345,3.9437424928177807
6.486000000000501,-2.743301836972448,-0.047071380392243026,0.2916097660975566,0.1566687928815202,-0.05759826366881557,3.9328341965805853
6.487000000000501,-2.7431456433720784,-0.047127851159263094,0.2955374112471034,0.15573581568678208,-0.05532712775198172,3.921755603849191
6.488000000000501,-2.7429903813330707,-0.04718204983613969,0.2994538905102992,0.1548057883544484,-0.05305471811008432,3.91050689824702
6.489000000000502,-2.7428360478335314,-0.047233975225321446,0.3033590338563765,0.15387885256331577,-0.05078118710721589,3.8990882749207167
6.490000000000502,-2.742682639709833,-0.04728362628070751,0.3072526714555402,0.15295515007194682,-0.04850668521853258,3.887499940468866
6.491000000000502,-2.7425301536566047,-0.04733100210567415,0.31113463369036226,0.15203482257109846,-0.04623136086170073,3.8757421128171785
6.492000000000503,-2.7423785862268786,-0.04737610195093318,0.31500475116702437,0.15111801152508317,-0.04395536022883085,3.8638150210373086
6.493000000000503,-2.7422279338324014,-0.0474189252122225,0.3188628547263497,0.1502048580022337,-0.041678827118844436,3.851718905106795
6.494000000000503,-2.742078192744119,-0.04745947142782915,0.3227087754545645,0.14929550249474008,-0.03940190277024802,3.8394540156080716
6.495000000000504,-2.7419293590928473,-0.04749774027594543,0.32654234469372756,0.14839008472824758,-0.03712472569433958,3.827020613365123
6.496000000000504,-2.741781428870138,-0.04753373157185844,0.3303633940517648,0.14748874346174837,-0.034847431508951046,3.8144189690172148
6.497000000000504,-2.7416343979293503,-0.047567445264973716,0.3341717554120462,0.14659161627847028,-0.03257015277294029,3.801649362530268
6.498000000000505,-2.741488261986931,-0.047598881435673916,0.3379672609424441,0.14569883936867048,-0.030293018821795203,3.788712082647895
6.499000000000505,-2.7413430166239268,-0.04762804029201384,0.3417497431038135,0.14481054730548015,-0.028016155604905807,3.7756074262860286
6.500000000000505,-2.741198657287706,-0.04765492216625396,0.34551903465784134,0.14392687281522437,-0.025739685525306394,3.762335697877424
6.501000000000506,-2.74105517929393,-0.04767952751123533,0.349274968674219,0.14304794654396114,-0.023463727282993223,3.748897208675289
6.502000000000506,-2.7409125778287473,-0.04770185689660027,0.35301737853710324,0.1421738968223455,-0.021188395723294146,3.735292276028902
6.503000000000506,-2.740770847951227,-0.04772191100486471,0.35674609795084566,0.1413048494313282,-0.018913801692206234,3.721521222648453
6.504000000000507,-2.740629984596024,-0.04773969062735042,0.3604609609449906,0.14044092737164038,-0.016640051901130756,3.707584375881501
6.505000000000507,-2.740489982576272,-0.0477551966599879,0.36416180187856684,0.13958225064048552,-0.014367248804020457,3.693482067029423
6.506000000000507,-2.7403508365866944,-0.04776843009900416,0.3678484554437304,0.13872893601934572,-0.01209549049060307,3.6792146307390405
6.507000000000508,-2.7402125412069176,-0.047779392036513664,0.3715207566688535,0.13788109687728856,-0.009824870600042718,3.664782404512037
6.508000000000508,-2.740075090904977,-0.0477880836560352,0.3751785409212029,0.13703884299460498,-0.007555478260119349,3.650185728382685
6.509000000000508,-2.73993848004098,-0.04779450622796318,0.3788216439094041,0.13620228041197915,-0.005287398057702916,3.6354249448223035
6.510000000000509,-2.73980270287091,-0.0477986611050277,0.3824499016859503,0.13537151131064074,-0.003020710046915181,3.6205003989361835
6.511000000000509,-2.7396677535505294,-0.047800549717784545,0.3860631506500842,0.13454663392902208,-0.0007554898018270755,3.605412439024576
6.512000000000509,-2.739533626139349,-0.047800173570183006,0.3896612275514542,0.13372774252127737,0.0015081914792639856,3.5901614175826504
6.51300000000051,-2.7394003146046098,-0.04779753423526675,0.3932439694950212,0.13291492736255792,0.0037702668111129095,3.574747692813652
6.51400000000051,-2.7392678128252417,-0.04779263335106916,0.39681121394776353,0.1321082748051231,0.006030673194180184,3.5591716307233288
6.51500000000051,-2.739136114595733,-0.04778547261677029,0.40036279874779096,0.13130786738817185,0.00828935131778684,3.543433607850349
6.516000000000511,-2.739005213629869,-0.04777605378918674,0.40389856211652203,0.1305137840027015,0.010546245190934845,3.527534014665464
6.517000000000511,-2.738875103564272,-0.04776437867966663,0.4074183426745968,0.12972610011078886,0.012801301700774788,3.5114732596405362
6.518000000000511,-2.738745777961701,-0.04775044915146089,0.41092197946217895,0.12894488801654333,0.01505447010227805,3.495251773947109
6.519000000000512,-2.7386172303140546,-0.04773426711763586,0.41440931196423586,0.12817021718376784,0.017305701446872403,3.4788700166940707
6.520000000000512,-2.7384894540450357,-0.047715834539582565,0.41788018014126715,0.1274021545932962,0.019554947962370523,3.4623284805578702
6.521000000000512,-2.738362442512445,-0.047695153426163206,0.4213344244657773,0.12664076513130237,0.02180216240106968,3.4456276976012816
6.522000000000513,-2.7382361890100686,-0.04767222583351672,0.42477188596455595,0.1258861119988411,0.02404729737693044,3.4287682450240866
6.523000000000513,-2.7381106867691605,-0.0476470538655224,0.4281924062665527,0.12513825713267393,0.02629030471569734,3.4117507505486393
6.524000000000513,-2.7379859289594894,-0.04761963967489652,0.4315958276558219,0.12439726162815061,0.028531134843180567,3.394575897122549
6.525000000000514,-2.737861908689977,-0.047589985464871164,0.4349819931286979,0.12366318615650837,0.03076973623627472,3.3772444266259902
6.526000000000514,-2.737738619008914,-0.04755809349138168,0.4383507464540617,0.12293609137122587,0.033006054958480545,3.3597571423060253
6.527000000000514,-2.7376160529037836,-0.04752396606566939,0.44170193223531246,0.1222160383006947,0.035240034296840826,3.3421149097245935
6.528000000000515,-2.737494203300695,-0.047487605557192406,0.44503539597248826,0.121503088727048,0.03747161451074083,3.3243186560959423
6.529000000000515,-2.7373730630634436,-0.04744901439673067,0.448350984122906,0.12079730555310775,0.03970073269565321,3.3063693679944803
6.530000000000515,-2.7372526249922142,-0.04740819507957166,0.45164854415872774,0.12009875316076665,0.04192732275747829,3.288268087523841
6.531000000000516,-2.737132881821922,-0.04736515016867139,0.4549279246200027,0.11940749776453746,0.044151315486495375,3.270015907139867
6.532000000000516,-2.7370138262202044,-0.04731988229769839,0.45818897516197216,0.1187236077634999,0.04637263871480901,3.251613963403011
6.533000000000516,-2.7368954507850614,-0.04727239417388671,0.46143154659572705,0.11804715409363181,0.04859121753799861,3.233063429991138
6.534000000000517,-2.7367777480421394,-0.0472226885806438,0.46465549092165703,0.11737821058082608,0.05080697458060187,3.21436551032803
6.535000000000517,-2.7366607104416705,-0.047170768379878956,0.46786066135548243,0.11671685429310882,0.05301983028592681,3.195521430176577
6.536000000000517,-2.73654433035505,-0.04711663651403704,0.4710469123469954,0.1160631658890049,0.055229703213109924,3.1765324305130815
6.537000000000518,-2.73642860007108,-0.04706029600783701,0.47421409959192923,0.11541722995787677,0.057436510327805036,3.1573997609472775
6.538000000000518,-2.736313511791872,-0.04700174996972689,0.47736208003760705,0.11477913534752192,0.05964016727685773,3.138124673889562
6.539000000000518,-2.736199057628433,-0.04694100159307438,0.48049071188319065,0.11414897547436476,0.061840588641310645,3.1187084196003787
6.540000000000519,-2.73608522959595,-0.04687805415711591,0.483599854575452,0.11352684861215365,0.06403768816572025,3.099152242193153
6.541000000000519,-2.7359720196087993,-0.04681291102768785,0.4866893688010329,0.1129128581560365,0.06623137896480717,3.0794573766063467
6.542000000000519,-2.7358594194753056,-0.046745575657760774,0.48975911647615067,0.11230711286008471,0.06842157371079233,3.0596250465148307
6.54300000000052,-2.7357474208922747,-0.046676051587794094,0.49280896073465913,0.11170972704760537,0.07060818480637746,3.0396564631169123
6.54400000000052,-2.73563601543933,-0.04660434244592221,0.49583876591529935,0.11112082079478791,0.07279112454926874,3.019552824710577
6.54500000000052,-2.735525194573082,-0.04653045194797791,0.4988483975488801,0.11054052008926303,0.07497030529451194,2.9993153169596276
6.546000000000521,-2.7354149496211413,-0.04645438389735184,0.5018377223460257,0.1099689569659234,0.07714563962081303,2.978945113745571
6.547000000000521,-2.735305271776018,-0.04637614218468127,0.5048066081860259,0.1094062696228095,0.07931704050655713,2.958443378502384
6.548000000000521,-2.7351961520889017,-0.04629573078735607,0.5077549241072205,0.108852602519952,0.08148442152047995,2.9378112659367317
6.549000000000522,-2.7350875814633637,-0.04621315376882493,0.5106825402992601,0.1083081064637451,0.08364769703092555,2.9170499240441017
6.550000000000522,-2.7349795506489665,-0.04612841527768205,0.5135893280974959,0.10777293867865258,0.0858067824363318,2.896160496340125
6.551000000000522,-2.734872050234821,-0.04604151954651238,0.5164751599796785,0.10724726286675922,0.08796159441796106,2.8751441242348275
6.552000000000523,-2.73476507064308,-0.04595247089047344,0.519339909565075,0.10673124925378072,0.09011205121381691,2.8540019494846027
6.553000000000523,-2.734658602122405,-0.04586127370559439,0.5221834516160511,0.10622507461751109,0.09225807290996636,2.8327351166613624
6.554000000000523,-2.7345526347414046,-0.04576793246677826,0.5250056620421069,0.10572892229114259,0.09439958174183354,2.811344775579644
6.555000000000524,-2.7344471583820997,-0.04567245172550331,0.5278064179062927,0.10524298212921268,0.09653650239303993,2.7898320836194395
6.556000000000524,-2.734342162733438,-0.04557483610723511,0.5305855974338668,0.10476745040925275,0.0986687622507582,2.768198207787718
6.557000000000524,-2.734237637285382,-0.045475090309685266,0.5333430800199397,0.10430252867536204,0.1007962891343565,2.746444316691407
6.558000000000525,-2.7341335713246275,-0.04537321910447814,0.5360787462211735,0.1038484219311162,0.10291900756615685,2.7245715667169246
6.559000000000525,-2.7340299539301034,-0.04526922733725412,0.5387924777549752,0.10340534038573947,0.10503684432535988,2.7025811251232055
6.560000000000525,-2.733926773968233,-0.04516311992587918,0.5414841575136612,0.10297349914631393,0.10714972916297685,2.680474174150493
6.561000000000526,-2.733824020088326,-0.04505490185726716,0.544153669579153,0.10255311720373249,0.10925759417610391,2.6582519102548585
6.562000000000526,-2.7337216807193863,-0.044944578185577184,0.5468008992362581,0.10214441598656684,0.11136037264617092,2.6359155419715896
6.563000000000526,-2.733619744068645,-0.04483215403194399,0.5494257329829229,0.10174761734017003,0.11345799710086171,2.6134662858966435
6.564000000000527,-2.733518198122474,-0.04471763458667706,0.5520280585352468,0.10136294075140993,0.11555039626771278,2.590905360095325
6.565000000000527,-2.7334170306505534,-0.04460102511525459,0.5546077648242455,0.10099059959687766,0.11763749046666028,2.5682339740145497
6.566000000000527,-2.733316229214386,-0.04448233096996461,0.5571647419802855,0.10063079614642019,0.11971918483727786,2.545453313688477
6.567000000000528,-2.7332157811815665,-0.04436155760973384,0.5596988812997497,0.10028371501097263,0.12179535962485762,2.5225645207098406
6.568000000000528,-2.733115673747524,-0.044238710631535186,0.5622100751868135,0.09994949882870159,0.12386577866017226,2.499568522480742
6.569000000000528,-2.7330158942809835,-0.04411379740680622,0.5646982149877712,0.09962772865310754,0.12592746398199645,2.476461310051223
6.570000000000529,-2.732916430250852,-0.0439868267920176,0.5671631881588697,0.09931834904676413,0.12797909180254244,2.453241902158518
6.571000000000529,-2.7328172692018438,-0.04385780887612146,0.5696048841664512,0.09902171771443576,0.13002172204693238,2.429913566899757
6.572000000000529,-2.732718398263652,-0.0437267522005145,0.5720231955492177,0.09873805446289362,0.13205624026189078,2.406479177036242
6.57300000000053,-2.7326198044204304,-0.04359366451348006,0.5744180175097946,0.09846742881901431,0.13408334592476095,2.3829411815572983
6.57400000000053,-2.7325214746662985,-0.043458552965287396,0.5767892474719335,0.09820974959215763,0.1361035332069671,2.3593015664947137
6.57500000000053,-2.7324233961669897,-0.04332142432497322,0.5791367845973949,0.09796476389882695,0.13811706707770177,2.3355618161672735
6.576000000000531,-2.7323255564133575,-0.04318228521987844,0.5814605292727855,0.0977320757127902,0.14012396246109368,2.311722896052409
6.577000000000531,-2.732227943343606,-0.04304114238928329,0.5837603826009093,0.09751119115944608,0.1421239782804334,2.2877852826900034
6.578000000000531,-2.7321305454090656,-0.042898002932455916,0.5860362459518446,0.09730158659939045,0.14411663626264565,2.2637490531701308
6.579000000000532,-2.7320333515686324,-0.04275287452626835,0.5882880206278185,0.09710278192926261,0.1461012640146252,2.2396140181813973
6.580000000000532,-2.7319363512163792,-0.04260576559341522,0.5905156076672288,0.09691439796624264,0.1480770500907929,2.2153798604231962
6.581000000000532,-2.731839534063767,-0.04245668541624025,0.5927189077745352,0.0967361869280304,0.15004309553151848,2.191046243753109
6.582000000000533,-2.7317428900030265,-0.042305644204399494,0.594897821338286,0.096568038545368,0.1519984523986024,2.1666128799806
6.583000000000533,-2.7316464089723835,-0.042152653130679785,0.5970522484967002,0.09640997111190454,0.1539421478231359,2.1420795590347876
6.584000000000533,-2.731550080834124,-0.04199772434850114,0.5991820892203855,0.09626211631209623,0.15587319664356422,2.117446155214863
6.585000000000534,-2.731453895268796,-0.04184087100075997,0.6012872433942538,0.0961246964792618,0.1577908472518855,2.0927130140139814
6.586000000000534,-2.731357841768606,-0.041682104897143246,0.6033676139055129,0.09599787698561951,0.15969776288715903,2.0678860938202748
6.587000000000534,-2.731261909643611,-0.04152143684600506,0.6054231090512584,0.09588181090024234,0.1615950066401967,2.0429686903295314
6.588000000000535,-2.7311660880496924,-0.041358876178977676,0.6074536390497057,0.09577668797552293,0.16348247797332982,2.0179622083671047
6.589000000000535,-2.731070365943893,-0.041194432725477736,0.6094591155194787,0.09568270813626356,0.1653600615776867,1.9928680449422849
6.590000000000535,-2.7309747320803677,-0.04102811643512251,0.6114394514751134,0.09560007625008529,0.1672276337371036,1.9676875953422979
6.591000000000536,-2.7308791750075434,-0.04085993738386999,0.6133945613272181,0.09552899815157022,0.16908506639832493,1.9424222565377116
6.592000000000536,-2.7307836830687036,-0.04068990577695258,0.615324360885115,0.09546967772797946,0.170932229644319,1.9170734288795899
6.593000000000536,-2.730688244405037,-0.0405180319499263,0.6172287673606281,0.09542231488345397,0.17276899309384822,1.8916425167933715
6.594000000000537,-2.7305928469603487,-0.04034432636870914,0.6191076993722705,0.09538710421676042,0.174595226600204,1.8661309289444814
6.595000000000537,-2.730497478486795,-0.040168799629169444,0.620961076949464,0.09536423426956148,0.17641080050610236,1.8405400781798622
6.596000000000537,-2.7304021265511356,-0.039991462456613655,0.6227888215366703,0.09535388722475231,0.178215585627299,1.8148713814308686
6.597000000000538,-2.7303067785411,-0.03981232570538163,0.6245908559974518,0.09535623895582881,0.18000945307803415,1.789126259684232
6.598000000000538,-2.7302114216715667,-0.039631400358667634,0.6263671046185633,0.09537145934759446,0.18179227401052056,1.7633061380777515
6.599000000000538,-2.7301160429903035,-0.03944869752862749,0.6281174931142127,0.09539971282535957,0.18356391931305696,1.7374124461470213
6.600000000000539,-2.730020629383101,-0.03926422845679833,0.6298419486306489,0.09544115904406322,0.18532425929298632,1.711446618232244
6.601000000000539,-2.7299251675781484,-0.03907800451483763,0.6315403997512361,0.09549595370058116,0.187073163358723,1.6854100940453804
6.602000000000539,-2.7298296441495475,-0.03889003720557833,0.6332127765021749,0.09556424944210529,0.18881049970739583,1.6593043193943853
6.60300000000054,-2.7297340455198764,-0.03870033816439297,0.6348590103590238,0.09564619685117004,0.1905361350198742,1.6331307470610137
6.60400000000054,-2.7296383579617363,-0.03850891916085981,0.6364790342541753,0.0957419454939386,0.19224993416209005,1.6068908378302897
6.60500000000054,-2.7295425675982217,-0.03831579210072554,0.6380727825854368,0.09585164502300525,0.19395175988998328,1.5805860616723704
6.606000000000541,-2.729446660402263,-0.03812096902816286,0.639640191225871,0.09597544632944129,0.19564147255465306,1.554217899080687
6.607000000000541,-2.729350622194793,-0.0379244621283242,0.6411811975350563,0.09611350274128658,0.1973189298041061,1.5277878425735856
6.608000000000541,-2.7292544386416915,-0.03772628373019689,0.6426957403719334,0.09626597126729965,0.19898398627818933,1.5012973983700226
6.609000000000542,-2.729158095249464,-0.037526446309767994,0.6441837601094217,0.09643301388560711,0.20063649329377384,1.474748088253056
6.610000000000542,-2.7290615773596096,-0.03732496249350974,0.6456451986509988,0.09661479887697517,0.202276298517979,1.4481414516378004
6.611000000000542,-2.728964870141634,-0.037121845062198226,0.6470799994494586,0.09681150220174847,0.20390324562818296,1.4214790478630317
6.612000000000543,-2.7288679585846647,-0.03691710695507866,0.6484881075280817,0.09702330891800175,0.20551717395878452,1.3947624587275325
6.613000000000543,-2.7287708274876286,-0.036710761274389846,0.6498694695044732,0.0972504146360115,0.20711791813621477,1.3679932912932793
6.6140000000005434,-2.7286734614479604,-0.03650282129025805,0.6512240336173466,0.09749302700060421,0.20870530770562143,1.3411731809772292
6.615000000000544,-2.728575844848824,-0.0362933004459658,0.6525517497565518,0.09775136718803398,0.21027916675506514,1.3143037949511056
6.616000000000544,-2.728477961844832,-0.03608221236359403,0.6538525694966637,0.0980256713974737,0.21183931354609778,1.287386835863257
6.6170000000005444,-2.7283797963462946,-0.035869570850025054,0.6551264461344549,0.09831619230857107,0.213385560163389,1.2604240458869302
6.618000000000545,-2.72828133200204,-0.03565538990327897,0.6563733347305772,0.09862320046533084,0.2149177122007976,1.2334172110831245
6.619000000000545,-2.7281825521809147,-0.035439683719135966,0.657593192155748,0.09894698553223359,0.21643556850714532,1.2063681660405625
6.6200000000005454,-2.7280834399521217,-0.03522246669797014,0.6587859771416857,0.09928785735026098,0.21793892102215046,1.1792787987158613
6.621000000000546,-2.727983978064637,-0.03500375345168566,0.6599516503369326,0.0996461466974983,0.21942755474173986,1.1521510553372842
6.622000000000546,-2.727884148926077,-0.03478355881060192,0.6610901743675222,0.10002220563019161,0.2209012478624924,1.124986945145961
6.6230000000005464,-2.7277839345814914,-0.03456189783007843,0.6622015139021654,0.10041640724431192,0.22235977216747604,1.0977885446148579
6.624000000000547,-2.7276833166927794,-0.03433878579660068,0.6632856357211723,0.10082914465331698,0.22380289373037812,1.070558000586228
6.625000000000547,-2.727582276519623,-0.0341142382329632,0.6643425087876283,0.10126082892300323,0.22523037403170687,1.0432975314688617
6.6260000000005475,-2.7274807949031503,-0.033888270902082775,0.6653721043182775,0.10171188563656074,0.22664197160003036,1.0160094251835037
6.627000000000548,-2.727378852253892,-0.0336608998088513,0.6663743958499275,0.10218274967852428,0.22803744431280262,0.9886960318515563
6.628000000000548,-2.7272764285460607,-0.033432141199291256,0.6673493592946925,0.10267385771960548,0.2294165525155544,0.9613597481455428
6.6290000000005485,-2.7271735033207736,-0.03320201155610452,0.6682969729735221,0.10318563774621692,0.23077906314580743,0.9340029885198478
6.630000000000549,-2.727070055701584,-0.032970527589503126,0.6692172176114284,0.10371849479357313,0.23212475508069647,0.9066281358105
6.631000000000549,-2.7269660644266356,-0.03273770622197146,0.6701100762682739,0.10427279178422978,0.23345342596847887,0.8792374592468553
6.6320000000005495,-2.7268615079030525,-0.03250356456532226,0.6709755341636797,0.10484882400426547,0.23476490086064525,0.851832980632583
6.63300000000055,-2.726756364290882,-0.032268119888051644,0.6718135783299367,0.1054467852074385,0.23605904304642933,0.8244162576639827
6.63400000000055,-2.7266506116263107,-0.032031389570528805,0.6726241969873064,0.10606672255168656,0.23733576763622263,0.7969880353279754
6.6350000000005505,-2.7265442279971746,-0.031793391044870584,0.6734073784756583,0.1067084765024786,0.23859505874244386,0.7695476934227687
6.636000000000551,-2.7264371917882593,-0.03155414171513264,0.6741631094963509,0.10737160061983976,0.2398369919267259,0.7420924079321382
6.637000000000551,-2.7263294820193877,-0.03131365885060615,0.6748913723606863,0.10805525544319486,0.24106176618238065,0.7146160209285088
6.6380000000005515,-2.7262210788043806,-0.031071959437204352,0.6755921410858041,0.1087580724823701,0.24226975734515152,0.6871079919818349
6.639000000000552,-2.7261119639585143,-0.030829059952870545,0.6762653769895304,0.10947796803524726,0.24346153443590332,0.6595536947426156
6.640000000000552,-2.726002122093409,-0.0305849770966921,0.6769110255226036,0.11021151888395031,0.2446364349921706,0.6319369191671425
6.6410000000005525,-2.7258915412301246,-0.030339726659402003,0.6775290195887154,0.11095503349098583,0.2457960264373775,0.6042508829278407
6.642000000000553,-2.7257802133556837,-0.03009332266763711,0.6781192924686258,0.11170474608240281,0.24694368896961325,0.5765026211780409
6.643000000000553,-2.7256681341017286,-0.02984577543383494,0.6786817893888244,0.11245695741584578,0.2480826795086684,0.5487078084039793
6.6440000000005535,-2.725555302566128,-0.029597092282529974,0.6792164723551252,0.11320852498326159,0.24921563600508406,0.5208832148736399
6.645000000000554,-2.725441720657643,-0.02934727828159996,0.6797233185871913,0.11395702547023401,0.25034437328157644,0.49304209377222813
6.646000000000554,-2.7253273923841954,-0.029096337070663943,0.6802023163337083,0.11470069046666817,0.25146991969019106,0.46519330268268794
6.6470000000005545,-2.7252123232496706,-0.02884427159781847,0.6806534608221071,0.11543827882283342,0.25259264470029713,0.4373421252171276
6.648000000000555,-2.7250965197808146,-0.028591084714689498,0.681076751242989,0.11616896572242433,0.2537123937503946,0.40949137573855443
6.649000000000555,-2.724979989153196,-0.028336779641074148,0.6814721887549516,0.11689226283733097,0.2548286056114854,0.38164230281805983
6.6500000000005555,-2.724862738885777,-0.0280813603214726,0.6818397752584228,0.11760796090171728,0.25594040945640706,0.3537952277251223
6.651000000000556,-2.7247447765860864,-0.027824831694658495,0.6821795126938064,0.11831608392912057,0.2570467012294521,0.3259499611058294
6.652000000000556,-2.7246261097160938,-0.02756719975507664,0.6824914027350935,0.11901692872996776,0.25814673360489204,0.2981064913225526
6.6530000000005565,-2.724506745117743,-0.027308469569203145,0.6827754482681987,0.11971133597521352,0.25924248064117744,0.2702670178403166
6.654000000000557,-2.724386689000006,-0.027048645838743453,0.6830316536532078,0.12039989809321036,0.26033390192556244,0.24243206603132558
6.655000000000557,-2.724265946872351,-0.026787732821348352,0.6832600235990405,0.12108322281294323,0.2614206601178539,0.21460200556355677
6.6560000000005575,-2.7241445236567268,-0.026525735369306924,0.6834605632173225,0.12176194777146089,0.26250236942827687,0.1867772765075494
6.657000000000558,-2.7240224236295933,-0.026262658736752133,0.6836332781041166,0.12243672315613842,0.2635786153728778,0.15895840980139936
6.658000000000558,-2.723899650416547,-0.02599850859988636,0.683778174436217,0.12310819801165407,0.26464897129509896,0.13114603656708246
6.6590000000005585,-2.723776206999048,-0.025733291062343802,0.683895259072654,0.12377700961427408,0.2657130114495673,0.10334088970398188
6.660000000000559,-2.723652095730441,-0.025467012649060396,0.6839845396550304,0.12444377542490284,0.2667703208979833,0.07554380032710757
6.661000000000559,-2.723527318358909,-0.02519968029164641,0.6840460247025351,0.12510908720153374,0.2678205026606327,0.04775569095163907
6.6620000000005595,-2.723401876055381,-0.024931301307772213,0.6840797236991092,0.12577350690293332,0.26886318261351205,0.019977566805448176
6.66300000000056,-2.7232757694447853,-0.024661883376591556,0.6840856471714102,0.1264375640597689,0.269898013089424,-0.007789489686208361
6.66400000000056,-2.723148998639301,-0.024391434499254173,0.6840638068291756,0.12710175432509552,0.2709246989778173,-0.035544128868224875
6.6650000000005605,-2.7230215632726846,-0.024119962937192176,0.6840142159660255,0.1277665387749631,0.2719430182365868,-0.06328458153079229
6.666000000000561,-2.722893462534849,-0.02384747715901258,0.6839368896930724,0.12843234397139122,0.2729527801090224,-0.0910090103582807
6.667000000000561,-2.722764695206058,-0.02357398580783629,0.6838318449713388,0.12909956276483675,0.2739538200612683,-0.11871555441394048
6.6680000000005615,-2.722635259690069,-0.02329949767866968,0.6836991006314275,0.12976855550951047,0.27494599872172154,-0.14640233690904955
6.669000000000562,-2.722505154045917,-0.02302402169387037,0.6835386773858154,0.1304396515618471,0.27592920057188974,-0.17406747218978502
6.670000000000562,-2.7223743760180796,-0.022747566880006665,0.6833505978345444,0.13111315096819962,0.2769033324873965,-0.20170907195807244
6.6710000000005625,-2.722242923064906,-0.022470142346221373,0.6831348864650597,0.13178932626744247,0.27786832220259927,-0.2293252507655809
6.672000000000563,-2.722110792385197,-0.022191757264147665,0.6828915696468956,0.13246842435057635,0.2788241167525102,-0.2569141308330357
6.673000000000563,-2.7219779809429223,-0.021912420849379107,0.6826206756218554,0.1331506683329724,0.2797706809303859,-0.28447384625319166
6.6740000000005635,-2.7218444854900703,-0.021632142344463624,0.6823222344902715,0.13383625940593202,0.28070799578759525,-0.3120025466373896
6.675000000000564,-2.721710302587665,-0.021350931003369572,0.6819962781938728,0.1345253786431293,0.2816360571934591,-0.3394984002642322
6.676000000000564,-2.721575428625008,-0.02106879607735762,0.6816428404957283,0.13521818874457806,0.28255487446606886,-0.36695959678572054
6.6770000000005645,-2.7214398598372123,-0.02078574680218411,0.6812619569576858,0.1359148357063275,0.28346446908014644,-0.394384349541994
6.678000000000565,-2.7213035923211057,-0.02050179238655712,0.68085366491567,0.13661545040840672,0.28436487345440586,-0.421770897531171
6.679000000000565,-2.721166622049589,-0.020216942001765627,0.6804180034531679,0.13732015011683832,0.2852561298183087,-0.4491175070760537
6.6800000000005655,-2.7210289448845355,-0.019931204772403077,0.6799550133731815,0.13802903989802065,0.286138289156319,-0.4764224732248738
6.681000000000566,-2.7208905565883192,-0.019644589768109313,0.6794647371688998,0.1387422139455992,0.2870114102265674,-0.503684120918965
6.682000000000566,-2.7207514528340617,-0.01935710599625829,0.6789472189933069,0.13945975682124612,0.28787555865007847,-0.5309008059563102
6.6830000000005665,-2.7206116292146785,-0.019068762395523083,0.6784025046279188,0.1401817446116514,0.2887308060662801,-0.5580709157763797
6.684000000000567,-2.720471081250807,-0.01877956783025413,0.6778306414508145,0.14090824600458937,0.2895772293503137,-0.5851928700885388
6.685000000000567,-2.720329804397701,-0.01848953108561116,0.6772316784041084,0.14163932328722956,0.2904149098876255,-0.6122651213635587
6.6860000000005675,-2.720187794051166,-0.018198660863393768,0.6766056659609934,0.14237503326996723,0.2912439329013941,-0.6392861552053779
6.687000000000568,-2.720045045552597,-0.017906965778519884,0.6759526560924654,0.14311542813900033,0.29206438682849384,-0.6662544906182162
6.688000000000568,-2.7199015541932123,-0.0176144543561058,0.6752727022338265,0.143860556240706,0.29287636273987827,-0.6931686801824
6.6890000000005685,-2.719757315217521,-0.01732113502910515,0.6745658592510545,0.14461046280059814,0.2936799538014696,-0.720027310150791
6.690000000000569,-2.719612323826116,-0.017027016136468353,0.6738321834071098,0.14536519057929326,0.2944752547718379,-0.746829000476495
6.691000000000569,-2.719466575177834,-0.016732105921787428,0.6730717323282459,0.14612478046748636,0.2952623615331334,-0.7735724047815298
6.6920000000005695,-2.7193200643913515,-0.016436412532394657,0.6722845649703763,0.14688927202144883,0.29604137065188474,-0.8002562102753421
6.69300000000057,-2.7191727865462787,-0.016139944018886892,0.6714707415855449,0.14765870394000716,0.29681237896637835,-0.8268791376314495
6.69400000000057,-2.7190247366838,-0.015842708335050526,0.6706303236885375,0.14843311448334595,0.2975754831973855,-0.8534399408300392
6.6950000000005705,-2.718875909806928,-0.015544713338165445,0.669763374023664,0.14921254183329422,0.2983307795789813,-0.8799374069740614
6.696000000000571,-2.7187263008804288,-0.015245966789669501,0.6688699565317358,0.14999702439399568,0.2990783635061001,-0.9063703560862015
6.697000000000571,-2.7185759048304705,-0.014946476356168557,0.6679501363172508,0.15078660103102134,0.29981832919527124,-0.9327376408940866
6.6980000000005715,-2.7184247165440736,-0.014646249610780837,0.6670039796157984,0.1515813112460457,0.30055076935466146,-0.9590381466111793
6.699000000000572,-2.718272730868414,-0.01434529403480841,0.6660315537616807,0.15238119528316352,0.30127577485909784,-0.9852707907210122
6.700000000000572,-2.718119942610058,-0.014043617019733227,0.6650329271557452,0.15318629416175675,0.3019934344251226,-1.0114345227727168
6.7010000000005725,-2.7179663465342045,-0.01374122586954056,0.6640081692334134,0.15399664962951864,0.3027038342803203,-1.037528324196189
6.702000000000573,-2.717811937364017,-0.013438127803378816,0.6629573504328794,0.15481230402778415,0.30340705782011396,-1.0635512081456886
6.703000000000573,-2.7176567097801367,-0.013134329958572291,0.6618805421634479,0.15563330005969314,0.30410318524391566,-1.089502219381181
6.7040000000005735,-2.7175006584204846,-0.012829839394012197,0.6607778167739683,0.15645968044990965,0.3047922931608979,-1.1153804341972557
6.705000000000574,-2.71734377788046,-0.012524663093962097,0.6596492475213102,0.15729148748263183,0.3054744541536777,-1.141184960409981
6.706000000000574,-2.717186062713669,-0.012218807972326644,0.6584949085388201,0.15812876240245835,0.30614973628584247,-1.1669149374125167
6.7070000000005745,-2.717027507433329,-0.011912280877448035,0.657314874804683,0.15897154466034918,0.3068182025364701,-1.1925695363106574
6.708000000000575,-2.7168681065145144,-0.011605088597512917,0.6561092221101033,0.15981987098448716,0.3074799101416129,-1.2181479601496423
6.709000000000575,-2.716707854397426,-0.01129723786667433,0.6548780270272091,0.16067377425341564,0.30813490981919595,-1.2436494442434343
6.7100000000005755,-2.7165467454918972,-0.010988735372018542,0.6536213668765717,0.1615332821465858,0.3087832448500936,-1.2690732566171354
6.711000000000576,-2.7163847741833744,-0.010679587761535735,0.6523393196942211,0.1623984155457125,0.30942494998465536,-1.2944186985720905
6.712000000000576,-2.71622193484063,-0.01036980165328548,0.6510319641980332,0.16326918665963433,0.3100600501412927,-1.3196851053813494
6.7130000000005765,-2.7160582218254974,-0.010059383645981926,0.6496993797533527,0.16414559684653618,0.31068855886304403,-1.3448718471202759
6.714000000000577,-2.7158936295049516,-0.009748340331256303,0.6483416463377185,0.16502763411171054,0.3113104765011399,-1.3699783296329
6.715000000000577,-2.715728152265851,-0.009436678307880909,0.6469588445045563,0.1659152702684539,0.31192578810441407,-1.3950039956288462
6.7160000000005775,-2.715561784532686,-0.009124404198250165,0.6455510553457138,0.16680845776702077,0.3125344610143318,-1.4199483258979921
6.717000000000578,-2.7153945207886556,-0.008811524667396627,0.6441183604527314,0.16770712622563796,0.31313644220370296,-1.4448108406202422
6.718000000000578,-2.7152263556003184,-0.008498046444751512,0.6426608418767702,0.16861117874327802,0.31373165546105036,-1.4695911007359446
6.7190000000005785,-2.7150572836459803,-0.008183976348710388,0.6411785820871572,0.16952048814152065,0.31431999862161064,-1.4942887093289006
6.720000000000579,-2.714887299747772,-0.00786932131379562,0.6396716639285677,0.1704348933765516,0.31490134118816054,-1.5189033129595313
6.721000000000579,-2.714716398907071,-0.007554088419774299,0.6381401705769306,0.1713541964816524,0.315475522870956,-1.5434346028718542
6.7220000000005795,-2.714544576342509,-0.007238284921457639,0.636584185494226,0.17227816053425357,0.31604235378812146,-1.5678823159855109
6.72300000000058,-2.7143718275292303,-0.006921918277073209,0.6350037923824394,0.17320650925975367,0.3166016172532268,-1.5922462355721927
6.72400000000058,-2.714198148237458,-0.006604996172140132,0.6333990751370463,0.17413892893100577,0.31715307613280463,-1.6165261914987263
6.7250000000005805,-2.7140235345677763,-0.006287526534890567,0.6317701178005303,0.17507507311849507,0.3176964835318363,-1.6407220598840861
6.726000000000581,-2.7138479829801607,-0.00596951753882523,0.630117004516627,0.17601457051409714,0.31823159790543126,-1.6648337619475224
6.727000000000581,-2.713671490313819,-0.0056509775884285105,0.6284398194862588,0.1769570354695924,0.3187582015536713,-1.6888612617116399
6.7280000000005815,-2.7134940537956274,-0.005331915285789625,0.6267386469265287,0.17790208016301765,0.31927612004386835,-1.7128045620934589
6.729000000000582,-2.7133156710363266,-0.005012339378904566,0.625013571034654,0.1788493266844171,0.3197852389556078,-1.7366636988485984
6.730000000000582,-2.7131363400154904,-0.004692258696178642,0.6232646759592172,0.17979841713443756,0.3202855141489952,-1.7604387319454406
6.7310000000005825,-2.7129560590579893,-0.004371682074948997,0.6214920457813724,0.1807490202082382,0.3207769727211201,-1.7841297350610608
6.732000000000583,-2.7127748268063647,-0.00405061829714187,0.6196957644985608,0.1817008326645498,0.3212596977469069,-1.8077368072141224
6.733000000000583,-2.712592642193157,-0.003729076041760182,0.6178759159934009,0.18265357778824023,0.32173380922644107,-1.8312600705430737
6.7340000000005835,-2.7124095044151755,-0.003407063852567889,0.6160325840379928,0.18360700345057798,0.3221994549192289,-1.8546996194820569
6.735000000000584,-2.712225412911165,-0.0030845901200009028,0.6141658523306065,0.18456087745199698,0.32265679180346,-1.8780555054694268
6.736000000000584,-2.7120403673441533,-0.002761663079578496,0.6122758045439308,0.18551498263987995,0.3231059697746704,-1.901327726892295
6.7370000000005845,-2.7118543675885887,-0.0024382908251805364,0.6103625243819851,0.1864691125796067,0.32354711985882645,-1.9245162218315173
6.738000000000585,-2.711667413721436,-0.00211448133182588,0.6084260956429185,0.1874230680290587,0.32398034715568064,-1.9476208634945462
6.739000000000585,-2.71147950601642,-0.0017902424834420475,0.606466602285195,0.18837665419588914,0.32440572788960553,-1.9706414579273583
6.7400000000005855,-2.711290644940693,-0.0014655821019618827,0.6044841284951471,0.1893296786282737,0.3248233095752648,-1.9935777434760995
6.741000000000586,-2.711100831153364,-0.0011405079751253145,0.6024787587544119,0.19028194956252606,0.32523311327497084,-2.016429391479833
6.742000000000586,-2.7109100655055176,-0.0008150278813345051,0.6004505779062442,0.1912332745767576,0.3256351370758632,-2.0391960077601246
6.7430000000005865,-2.710718349041467,-0.0004891496106870761,0.5983996712200812,0.19218345944342752,0.3260293601274874,-2.0618771345842406
6.744000000000587,-2.7105256830010798,-0.0001628809818721823,0.5963261244540004,0.19313230711581894,0.326415746784092,-2.0844722528873634
6.745000000000587,-2.7103320688230634,0.00016377014501452517,0.5942300239148804,0.19407961681653016,0.3267942505611053,-2.106980784631664
6.7460000000005875,-2.7101375081491135,0.0004907958594542155,0.5921114565161576,0.19502518321884899,0.3271648177358836,-2.12940209525233
6.747000000000588,-2.7099420028288295,0.0008181881948779997,0.5899705098330926,0.19596879572601253,0.327527390504358,-2.151735496193913
6.748000000000588,-2.7097455549253016,0.0011459391259616538,0.587807272155441,0.1969102378611519,0.32788190965666236,-2.1739802475776395
6.7490000000005885,-2.709548166721239,0.001474040568354112,0.5856218325373637,0.1978492867842421,0.32822831676508746,-2.1961355610648
6.750000000000589,-2.7093498407255145,0.001802484380354897,0.5834142808443435,0.19878571295315192,0.3285665558940333,-2.218200602995633
6.751000000000589,-2.7091505796799695,0.002131262366070194,0.5811847077967902,0.19971927994492597,0.32889657484947005,-2.2401744978890377
6.7520000000005895,-2.7089503865663094,0.0024603662795969344,0.5789332050099286,0.20064974445133765,0.3292183259885906,-2.262056332387133
6.75300000000059,-2.708749264612914,0.002789787829805769,0.5766598650294895,0.20157685645984638,0.3295317666114489,-2.2838451597207388
6.75400000000059,-2.70854721730137,0.0031195186853161024,0.5743647813626463,0.20250035962752347,0.3298368589571224,-2.305540004757572
6.7550000000005905,-2.7083442483725317,0.0034495504792795783,0.5720480485035951,0.2034199918513373,0.33013356982835673,-2.327139869674585
6.756000000000591,-2.7081403618319166,0.0037798748136136425,0.5697097619531422,0.2043354860334371,0.3304218698713359,-2.348643740269731
6.757000000000591,-2.707935561954237,0.004110483262355406,0.567350018231665,0.20524657103479776,0.3307017325413806,-2.370050592897149
6.7580000000005915,-2.7077298532868914,0.0044413673738395165,0.5649689148848469,0.20615297280488365,0.3309731327909478,-2.39135940197439
6.759000000000592,-2.707523240652247,0.004772518671443339,0.5625665504816534,0.2070544156690282,0.33123604552297414,-2.4125691479723392
6.760000000000592,-2.707315729148565,0.005103928652689348,0.5601430246041291,0.20795062374925397,0.33149044385984683,-2.433678825760065
6.7610000000005925,-2.7071073241494505,0.005435588786548463,0.5576984378287395,0.20884132248859277,0.33173629728543186,-2.454687453140347
6.762000000000593,-2.706898031301742,0.005767490508848695,0.555232891699162,0.2097262402439762,0.33197356972384795,-2.47559407938004
6.763000000000593,-2.70668785652179,0.006099625215759492,0.5527464886906405,0.2106051099088367,0.33220221762324237,-2.4963977935154102
6.7640000000005935,-2.7064768059901176,0.006431984255391745,0.5502393321662434,0.2114776705240573,0.33242218811495505,-2.517097732198857
6.765000000000594,-2.7062648861444862,0.00676455891762351,0.5477115263256038,0.21234366883512737,0.33263341731755475,-2.537693086851945
6.766000000000594,-2.7060521036714578,0.007097340422329164,0.5451631761469458,0.21320286075449033,0.33283582885094687,-2.558183109901574
6.7670000000005945,-2.705838465496552,0.0074303199062513104,0.542594387323418,0.21405501269114954,0.333029332618037,-2.578567119901398
6.768000000000595,-2.7056239787731533,0.007763488408807087,0.5400052661949316,0.21489990271451337,0.33321382390057336,-2.59884450537813
6.769000000000595,-2.7054086508703503,0.008096836857160694,0.5373959196768385,0.2157373215259316,0.33338918280238694,-2.6190147272897306
6.7700000000005955,-2.7051924893599084,0.008430356050919807,0.5347664551868729,0.21656707321899551,0.3335552740581661,-2.6390773200364785
6.771000000000596,-2.7049755020025867,0.008764036646823892,0.5321169805718082,0.21738897581793495,0.33371194721016684,-2.6590318910226465
6.772000000000596,-2.704757696734033,0.00909786914378724,0.5294476040352577,0.21820286159180993,0.33385903713995907,-2.678878118821968
6.7730000000005965,-2.7045390816504735,0.009431843868639583,0.526758434067966,0.21900857715012997,0.333996364928443,-2.698615750050526
6.774000000000597,-2.704319664994406,0.009765950962874439,0.524049579381815,0.21980598333258808,0.334123739005782,-2.718244595093002
6.775000000000597,-2.704099455140506,0.01010018037067245,0.5213211488486038,0.2205949549114156,0.3342409565441687,-2.737764522860243
6.7760000000005975,-2.7038784605819073,0.010434521828416787,0.5185732514444734,0.22137538012923186,0.3343478050407671,-2.7571754547766676
6.777000000000598,-2.70365668991702,0.01076896485586362,0.5158059962006422,0.22214716009809318,0.3344440640357726,-2.776477358205095
6.778000000000598,-2.703434151837008,0.01110349874907555,0.5130194921609121,0.2229102080867821,0.3345295069110565,-2.7956702395149406
6.7790000000005985,-2.703210855114021,0.011438112575172734,0.5102138483462033,0.22366444872336066,0.3346039027178927,-2.81475413698893
6.780000000000599,-2.702986808590257,0.01177279516890713,0.5073891737261873,0.22440981713885502,0.33466701798724413,-2.8337291137454748
6.781000000000599,-2.702762021167903,0.01210753513102188,0.5045455771979254,0.22514625807589653,0.33471861848242396,-2.852595250830844
6.7820000000005995,-2.7025365017999707,0.01244232082832107,0.501683167571275,0.22587372498348024,0.33475847086105126,-2.871352640609313
6.7830000000006,-2.702310259482043,0.012777140395345719,0.4988020535607137,0.22659217911596666,0.3347863442205677,-2.8900013805525013
6.7840000000006,-2.702083303244909,0.013111981737529622,0.4959023437831424,0.2273015886512691,0.3348020115087365,-2.9085415675027533
6.7850000000006006,-2.7018556421480677,0.013446832535693473,0.4929841467611653,0.22800192784001763,0.33480525078717543,-2.926973292460809
6.786000000000601,-2.701627285274063,0.013781680251726757,0.49004757093130846,0.22869317619450927,0.3347958463418561,-2.945296635926059
6.787000000000601,-2.7013982417236093,0.014116512135303376,0.4870927246566164,0.2293753177235402,0.3347735896395056,-2.963511663798812
6.7880000000006016,-2.7011685206114553,0.01445131523147803,0.48411971624306777,0.2300483402168249,0.33473828013292356,-2.9816184238384595
6.789000000000602,-2.7009381310629412,0.014786076389015065,0.48112865395926196,0.23071223458066642,0.3346897259213982,-2.999616942659108
6.790000000000602,-2.7007070822111903,0.015120782269308906,0.4781196460588528,0.23136699422485132,0.3346277442747284,-3.0175072232350115
6.7910000000006026,-2.700475383194893,0.015455419355764546,0.4750928008052357,0.23201261449938695,0.33455216203093024,-3.0352892428816007
6.792000000000603,-2.700243043156627,0.015789973963517206,0.47204822649803174,0.23264909217864518,0.3344628158786284,-3.052962951673746
6.793000000000603,-2.700010071241673,0.016124432249381444,0.4689860315009522,0.2332764249896947,0.33435955253552274,-3.0705282712606667
6.794000000000604,-2.699776476597281,0.0164587802219315,0.4659063242706666,0.2338946111810501,0.3342422288342808,-3.0879850940362603
6.795000000000604,-2.6995422683723502,0.016793003751625783,0.46280921338633985,0.23450364912770613,0.3341107117268427,-3.1053332826241906
6.796000000000604,-2.6993074557174834,0.01712708858089915,0.45969480757954334,0.23510353696812072,0.333964878217519,-3.1225726696385334
6.797000000000605,-2.6990720477853984,0.01746102033415666,0.45656321576428316,0.23569427226873085,0.3338046152344938,-3.1397030576828664
6.798000000000605,-2.6988360537316534,0.017794784527611598,0.4534145470669246,0.23627585171160043,0.3336298194484743,-3.156724219553163
6.799000000000605,-2.6985994827156823,0.01812836657891898,0.45024891085582514,0.23684827080088766,0.3334403970463056,-3.173635898612551
6.800000000000606,-2.6983623439021134,0.01846175181656293,0.4470664167705193,0.2374115235839598,0.333236263466431,-3.190437809308762
6.801000000000606,-2.6981246464623583,0.018794925488962933,0.4438671747503254,0.2379656023831609,0.3330173431021579,-3.2071296378078262
6.802000000000606,-2.697886399576472,0.019127872773269286,0.440651295062271,0.2385104975344424,0.33278356897780736,-3.223711042720203
6.803000000000607,-2.697647612435266,0.0194605787838229,0.4374188883282547,0.2390461971292888,0.3325348824019901,-3.240181655897983
6.804000000000607,-2.6974082942426816,0.01979302858025837,0.4341700655513833,0.23957268675660442,0.33227123260148766,-3.2565410832840787
6.805000000000607,-2.697168454218424,0.020125207175232317,0.430904938141441,0.24008994924147473,0.33199257633851675,-3.2727889057963817
6.806000000000608,-2.696928101600856,0.020457099541604264,0.42762361793908443,0.24059796448227036,0.33169887303725204,-3.2889246952947486
6.807000000000608,-2.69668724564906,0.020788690571049005,0.4243262171121889,0.24109671075153596,0.3313900068140465,-3.304948275777141
6.808000000000608,-2.6964458956454678,0.02111996502048454,0.4210128478793535,0.2415861637525301,0.33106580374232275,-3.3208596627642932
6.809000000000609,-2.6962040608987454,0.021450907469859636,0.41768362245546936,0.24206629479879554,0.3307260978642514,-3.3366588402716273
6.810000000000609,-2.695961750748476,0.021781502335555106,0.4143386530904623,0.24253707052471798,0.33037073298083164,-3.3523457546222963
6.811000000000609,-2.6957189745700454,0.022111733882351343,0.4109780521059726,0.24299845262958972,0.3299995619850295,-3.367920316453709
6.81200000000061,-2.695475741779714,0.02244158623218991,0.4076019319300846,0.24345039760188114,0.3296124462021288,-3.38338240261005
6.81300000000061,-2.695232061839973,0.02277104337227876,0.4042104051302224,0.2438928564232519,0.3292092547365322,-3.3987318579171855
6.81400000000061,-2.694987944265268,0.023100089162774784,0.4008035844451816,0.24432577407050607,0.32878986451267744,-3.4139684929398832
6.815000000000611,-2.694743398628656,0.02342870734612633,0.39738158282803426,0.24474908836509757,0.32835416274847185,-3.429092067875474
6.816000000000611,-2.6944984345686027,0.023756881555102433,0.39394451349047105,0.24516273033484184,0.3279020436895921,-3.4441023088756393
6.817000000000611,-2.6942530617960236,0.024084595319728785,0.3904924899308444,0.24556662419859998,0.3274334066750269,-3.4589989167604225
6.818000000000612,-2.6940072901011667,0.02441183207166386,0.38702562595888623,0.2459606869922147,0.3269481555230796,-3.4737815681952315
6.819000000000612,-2.6937611293609818,0.024738575148373784,0.38354403571933365,0.24634482819053052,0.3264461979359253,-3.4884499167323137
6.820000000000612,-2.6935145895468686,0.02506480779672643,0.38004783371456047,0.24671894933519875,0.3259274449225837,-3.5030035937597375
6.821000000000613,-2.693267680732787,0.025390513176020927,0.3765371348262997,0.24708294367860106,0.3253918102479449,-3.517442209372806
6.822000000000613,-2.6930204131037137,0.025715674360483526,0.3730120543365256,0.2474366958566227,0.3248392099179104,-3.5317653531877915
6.823000000000613,-2.692772796964401,0.02604027434127206,0.36947270794754034,0.2477800816056093,0.32426956171346083,-3.5459725951235925
6.824000000000614,-2.6925248427483948,0.02636429602804567,0.36591921180128184,0.2481129675415591,0.3236827847894541,-3.560063486183298
6.825000000000614,-2.6922765610272257,0.026687722250173608,0.3623516824978347,0.24843521102228147,0.3230787993570576,-3.574037559274403
6.826000000000614,-2.6920279625196937,0.0270105357576776,0.3587702371130824,0.24874666011567384,0.3224575264716935,-3.587894330113139
6.827000000000615,-2.691779058101118,0.027332719222025115,0.35517499321539203,0.24904715369911926,0.3218188879508954,-3.6016332982643497
6.828000000000615,-2.6915298588124097,0.027654255236916392,0.35156606888116837,0.24933652171589615,0.321162806448087,-3.6152539483725974
6.829000000000615,-2.6912803758688026,0.02797512631923413,0.3479435827090575,0.24961458561394975,0.3204892057084397,-3.628755751641497
6.830000000000616,-2.6910306206680423,0.028295314910350155,0.344307653832524,0.2498811589898913,0.31979801103099353,-3.6421381676151343
6.831000000000616,-2.69078060479782,0.028614803378005284,0.3406584019304764,0.25013604845618,0.31908914995646975,-3.655400646306283
6.832000000000616,-2.6905303400422276,0.028933574018994376,0.33699594723557885,0.2503790547417234,0.3183625531920827,-3.66854263069952
6.833000000000617,-2.690279838386991,0.02925160906289412,0.33332041053986894,0.25060997402546636,0.3176181557728268,-3.6815635596323233
6.834000000000617,-2.6900291120232636,0.029568890677063215,0.3296319131973169,0.2508285994891427,0.31685589844324974,-3.6944628710237226
6.835000000000617,-2.6897781733497688,0.02988540097311962,0.32593057712301005,0.2510347230599443,0.3160757292252974,-3.7072400053794343
6.836000000000618,-2.6895270349731226,0.030201122015055343,0.3222165247887402,0.25122813729765353,0.31527760511782504,-3.7198944094575968
6.837000000000618,-2.6892757097062256,0.030516035829085138,0.3184898792149099,0.25140863736552727,0.3144614938539367,-3.7324255399350794
6.838000000000618,-2.6890242105646704,0.030830124415243264,0.3147507639588532,0.25157602301196474,0.3136273756261188,-3.7448328668770845
6.839000000000619,-2.6887725507611986,0.031143369760647178,0.31099930309987656,0.25173010048279815,0.31277524467903695,-3.7571158767892423
6.840000000000619,-2.688520743698311,0.03145575385424527,0.3072356212215505,0.25187068428356946,0.311905110668368,-3.7692740750278406
6.841000000000619,-2.6882688029592225,0.031767258702767934,0.3034598433919988,0.25199759871823696,0.31101699969268654,-3.7813069873642284
6.84200000000062,-2.6880167422974144,0.03207786634751665,0.29967209514311427,0.25211067914511653,0.3101109549242881,-3.793214160544464
6.84300000000062,-2.6877645756250885,0.03238755888156484,0.2958725024497602,0.25220977291104313,0.3091870367922998,-3.8049951617513713
6.84400000000062,-2.6875123170008512,0.03269631846691331,0.29206119171006667,0.2522947399482817,0.3082453227043445,-3.8166495769560074
6.845000000000621,-2.6872599806169672,0.03300412735114639,0.2882382897279052,0.25236545304264313,0.3072859063272368,-3.8281770082290176
6.846000000000621,-2.687007580786495,0.033310967883170894,0.28440392369851364,0.25242179780261625,0.3063088964783529,-3.839577070158802
6.847000000000621,-2.6867551319305845,0.033616822527684415,0.28055822119806495,0.252463672375773,0.30531441570372636,-3.850849385583341
6.848000000000622,-2.686502648566158,0.033921673878103735,0.27670131017774674,0.2524909869688607,0.3043025986341745,-3.861993580879719
6.849000000000622,-2.6862501452941485,0.034225504667778864,0.2728333189626655,0.2525036632316043,0.3032735902160679,-3.8730092810674743
6.850000000000622,-2.6859976367883918,0.0345282977794138,0.26895437625563723,0.2525016335620049,0.30222754390945195,-3.8838961049704657
6.851000000000623,-2.6857451377852373,0.03483003625270259,0.2650646111456962,0.25248484038422087,0.3011646199350218,-3.8946536606516364
6.852000000000623,-2.685492663073874,0.03513070329026373,0.26116415312095875,0.25245323544063036,0.3000849836354522,-3.9052815412921458
6.853000000000623,-2.68524022748735,0.03543028226201201,0.2572531320853328,0.25240677912903736,0.29898880399839584,-3.9157793216375487
6.854000000000624,-2.6849878458942142,0.03572875670814583,0.2533316783784646,0.2523454399055481,0.2978762523703571,-3.926146555084937
6.855000000000624,-2.6847355331907297,0.03602611034094859,0.24939992279826395,0.252269193764368,0.29674750137430705,-3.9363827714407043
6.856000000000624,-2.684483304293557,0.03632232704560882,0.2454579966253379,0.25217802379818605,0.2956027240303703,-3.9464874753417165
6.857000000000625,-2.684231174132848,0.03661739088025756,0.2415060316486856,0.2520719198371052,0.2944420930686233,-3.956460145304401
6.858000000000625,-2.683979157645654,0.036911286075406904,0.23754416019205218,0.25195087816017137,0.2932657804159706,-3.966300233346661
6.859000000000625,-2.683727269769597,0.03720399703295292,0.23357251514040225,0.25181490127119993,0.2920739568348696,-3.976007165115741
6.860000000000626,-2.6834755254367333,0.03749550832488325,0.2295912299660421,0.25166399772949555,0.2908667916898488,-3.98558034044988
6.861000000000626,-2.683223939567566,0.037785804691804994,0.2256004387539939,0.25149818202587665,0.2896444528177558,-3.9950191343013475
6.862000000000626,-2.682972527065157,0.038074871041385294,0.22160027622629525,0.25131747449485825,0.28840710647893414,-4.004322897951805
6.863000000000627,-2.6827213028093215,0.03836269244677498,0.21759087776496353,0.25112190125467204,0.28715491736861143,-4.013490960456581
6.864000000000627,-2.6824702816508585,0.03864925414506622,0.21357237943342572,0.250911494167821,0.2858880486703047,-4.022522630261437
6.865000000000627,-2.6822194784058278,0.038934541535818164,0.20954491799626582,0.2506862908159403,0.2846066621357343,-4.031417196942832
6.866000000000628,-2.6819689078498357,0.039218540179670615,0.20550863093718774,0.2504463344837816,0.2833109181783904,-4.040173933030124
6.867000000000628,-2.6817185847123373,0.039501235797053676,0.20146365647512987,0.2501916741480918,0.2820009759703832,-4.048792095875116
6.868000000000628,-2.6814685236709535,0.039782614266992755,0.19741013357849838,0.2499223644679992,0.2806769935344611,-4.057270929540686
6.869000000000629,-2.6812187393457894,0.04006266162600057,0.193348201977512,0.24963846577423737,0.2793391278250607,-4.065609666685807
6.870000000000629,-2.6809692462937726,0.040341364067042994,0.18927800217467133,0.24934004405513,0.27798753479395577,-4.07380753042906
6.871000000000629,-2.6807200590030043,0.04061870793856161,0.18519967545338112,0.24902717093774485,0.2766223694375085,-4.081863736176776
6.87200000000063,-2.680471191887131,0.04089467974353363,0.18111336388476673,0.24869992366300986,0.27524378582371606,-4.089777493405261
6.87300000000063,-2.680222659279748,0.04116926613854846,0.17701921033273468,0.24835838505388547,0.27385193709821704,-4.0975480073892845
6.87400000000063,-2.6799744754288337,0.04144245393287973,0.172917358457334,0.2480026434759222,0.27244697546920327,-4.105174480871142
6.875000000000631,-2.679726654491235,0.04171423008753191,0.16880795271647986,0.24763279278971032,0.27102905217180107,-4.112656115666342
6.876000000000631,-2.679479210527193,0.0419845817142416,0.16469113836610444,0.247248932294864,0.2695983174129643,-4.119992114203231
6.877000000000631,-2.6792321574949423,0.04225349607441449,0.1605670614588019,0.2468511666652866,0.2681549202982902,-4.127181680994913
6.878000000000632,-2.6789855092453676,0.04252096057798078,0.15643586884103572,0.2464396058755413,0.26669900874243724,-4.134224024042522
6.879000000000632,-2.6787392795167464,0.04278696278215371,0.15229770814897714,0.24601436511821495,0.2652307293650205,-4.141118356169459
6.880000000000632,-2.678493481929576,0.043051490390077475,0.14815272780304406,0.24557556471221142,0.2637502273739873,-4.147863896286578
6.881000000000633,-2.678248129981495,0.04331453124935318,0.14400107700120904,0.24512333000195646,0.2622576464385565,-4.154459870588573
6.882000000000633,-2.6780032370423146,0.04357607335043337,0.13984290571114524,0.24465779124753306,0.26075312855383986,-4.160905513681956
6.883000000000633,-2.6777588163491597,0.0438361048248779,0.1356783646612783,0.24417908350580567,0.2592368138992662,-4.167200069645173
6.884000000000634,-2.677514881001736,0.04409461394346607,0.13150760533081177,0.24368734650262924,0.2577088406929037,-4.1733427930214
6.885000000000634,-2.677271443957729,0.04435158911416176,0.1273307799387932,0.24318272449627773,0.2561693450437275,-4.1793329497446505
6.886000000000634,-2.6770285180283424,0.044607018879930786,0.1231480414322872,0.2426653661322692,0.254618460803813,-4.18516981799981
6.887000000000635,-2.6767861158739876,0.04486089191641106,0.11895954347372126,0.24213542428980678,0.2530563194223521,-4.190852689017241
6.888000000000635,-2.6765442500001306,0.04511319702943849,0.11476544042746915,0.2415930559201014,0.2514830498032966,-4.1963808678026115
6.889000000000635,-2.6763029327533037,0.045363923152433046,0.11056588734573701,0.24103842187688918,0.24989877816832673,-4.201753673802623
6.890000000000636,-2.6760621763172905,0.0456130593436511,0.10636103995381506,0.24047168673950536,0.24830362792672978,-4.206970441507351
6.891000000000636,-2.6758219927094933,0.045860594783311684,0.10215105463475863,0.23989301862892712,0.2466977195536532,-4.2120305209899565
6.892000000000636,-2.675582393777483,0.046106518770605794,0.09793608841356022,0.23930258901724696,0.24508117047807013,-4.216933278384583
6.893000000000637,-2.6753433911957485,0.04635082072059897,0.09371629894087441,0.23870057253108898,0.24345409498166531,-4.221678096303337
6.894000000000637,-2.675104996462644,0.046593490161038656,0.08949184447635566,0.23808714674952777,0.24181660410971498,-4.22626437419333
6.895000000000637,-2.674867220897535,0.046834516729078846,0.08526288387166865,0.23746249199711728,0.24016880559489803,-4.230691528634883
6.896000000000638,-2.674630075638162,0.047073890167935346,0.08102957655322932,0.23682679113267968,0.23851080379483913,-4.234958993582062
6.897000000000638,-2.674393571638213,0.0473116003234857,0.07679208250473368,0.2361802293345453,0.23684269964404567,-4.2390662205469045
6.898000000000638,-2.6741577196651107,0.04754763714082841,0.07255056224952992,0.2355229938829703,0.23516459062076342,-4.2430126787287525
6.899000000000639,-2.6739225302980207,0.04778199066081674,0.06830517683288795,0.23485527394049036,0.23347657072914083,-4.2467978550903
6.900000000000639,-2.6736880139260815,0.048014651016582324,0.06405608780421886,0.2341772603309945,0.23177873049695713,-4.250421254382063
6.901000000000639,-2.6734541807468517,0.04824560843006439,0.05980345719929485,0.23348914531832315,0.23007115698904096,-4.253882399117142
6.90200000000064,-2.6732210407649823,0.04847485320856024,0.055547447522518535,0.23279112238520877,0.22835393383637878,-4.25718082949825
6.90300000000064,-2.672988603791106,0.0487023757413126,0.05128822172928808,0.23208338601338474,0.22662714128079275,-4.260316103299144
6.90400000000064,-2.672756879440949,0.04892816649614935,0.04702594320850283,0.23136613146568838,0.22489085623495167,-4.263287795702693
6.905000000000641,-2.6725258771346567,0.04915221601619077,0.042760775765251544,0.23063955457097865,0.22314515235736998,-4.26609549909793
6.906000000000641,-2.672295606096333,0.04937451491663909,0.03849288360372311,0.22990385151267548,0.22139010014194865,-4.26873882283855
6.907000000000641,-2.6720660753537935,0.049595053881664616,0.03422243131037689,0.22915921862170838,0.21962576702151715,-4.271217392965395
6.908000000000642,-2.671837293738514,0.04981382366140213,0.029949583837407548,0.22840585217463585,0.21785221748475078,-4.2735308518955355
6.909000000000642,-2.6716092698857867,0.05003081506907061,0.025674506486536384,0.22764394819766476,0.21606951320575998,-4.275678858080626
6.910000000000642,-2.671382012235066,0.05024601897822853,0.021397364893158487,0.22687370227726072,0.21427771318558048,-4.2776610856372566
6.911000000000643,-2.6711555290304982,0.050459426320176255,0.01711832501087244,0.22609530937799754,0.21247687390473433,-4.279477223952031
6.912000000000643,-2.670929828321632,0.05067102808151619,0.0128375530964164,0.2253089636682451,0.21066704948598186,-4.281126977264135
6.913000000000643,-2.670704917964298,0.050880815301880315,0.008555215695031725,0.22451485835424348,0.2088482918663447,-4.2826100642281295
6.914000000000644,-2.670480805621653,0.05108877907183405,0.004271479626272536,0.22371318552305489,0.20702065097744898,-4.283926217459692
6.915000000000644,-2.670257498765368,0.05129491053096422,-1.3488029723038135e-05,0.22290413599482709,0.20518417493321484,-4.285075183066992
6.916000000000644,-2.670035004676971,0.05149920086615787,-0.004299519945486935,0.22208789918474092,0.20333891022390638,-4.286056720170312
6.917000000000645,-2.6698133304493146,0.05170164131007799,-0.008586448558990042,0.2212646629749535,0.20148490191554985,-4.28687060041249
6.918000000000645,-2.6695924829881656,0.05190222313984092,-0.012874106085917972,0.2204346135967855,0.19962219385373098,-4.287516607462641
6.919000000000645,-2.6693724690139176,0.052100937675899274,-0.017162324531448225,0.21959793552333998,0.19775082887079215,-4.287994536515564
6.920000000000646,-2.6691532950633903,0.05229777628113341,-0.021450935701525536,0.21875481137267744,0.1958708489954671,-4.2883041937890995
6.921000000000646,-2.668934967491736,0.05249273036015334,-0.0257397712136345,0.2179054218216135,0.1939822956640126,-4.288445396021631
6.922000000000646,-2.668717492474415,0.05268579135881211,-0.030028662507070626,0.21704994553014684,0.19208520993192418,-4.288417969971778
6.923000000000647,-2.6685008760092472,0.052876950763930904,-0.034317440852713,0.2161885590764706,0.19017963268535665,-4.288221751922242
6.924000000000647,-2.6682851239185217,0.05306620010323498,-0.03860593736230367,0.2153214369024683,0.18826560485140323,-4.28785658718961
6.925000000000647,-2.668070241851157,0.05325353094549898,-0.04289398299724048,0.21444875126954707,0.18634316760642936,-4.287322329641841
6.926000000000648,-2.6678562352849005,0.05343893490089937,-0.047181408576891966,0.21357067222461643,0.18441236258169524,-4.28661884122499
6.927000000000648,-2.6676431095285507,0.05362240362157075,-0.051468044786444164,0.2126873675759804,0.18247323206554608,-4.285745991500665
6.928000000000648,-2.6674308697242113,0.05380392880236241,-0.055753722184290845,0.2117990028788745,0.18052581920149147,-4.284703657195545
6.929000000000649,-2.667219520849542,0.053983502181790585,-0.06003827120897983,0.21090574143034727,0.1785701681815392,-4.283491721764204
6.930000000000649,-2.667009067720019,0.054161115543181516,-0.06432152218572924,0.21000774427315874,0.17660632443419277,-4.282110074966392
6.931000000000649,-2.6667995149911814,0.05433676071599954,-0.06860330533252872,0.20910517020834454,0.17463433480656423,-4.2805586124597985
6.93200000000065,-2.666590867160865,0.05451042957735415,-0.07288345076584155,0.20819817581607553,0.1726542477400956,-4.27883723540926
6.93300000000065,-2.66638312857141,0.0546821140536794,-0.07716178850592459,0.20728691548442754,0.17066611343942242,-4.276945850113271
6.93400000000065,-2.666176303411832,0.05485180612257854,-0.08143814848178371,0.20637154144566425,0.1686699840339509,-4.274884367648602
6.935000000000651,-2.6659703957199623,0.05501949781482648,-0.0857123605357832,0.20545220381962823,0.16666591373175663,-4.272652703533756
6.936000000000651,-2.665765409384531,0.055185181216522085,-0.08998425442792832,0.20452905066382976,0.16465395896544724,-4.270250777411903
6.937000000000651,-2.665561348147206,0.05534884847138223,-0.09425365983984087,0.20360222802982106,0.1626341785296633,-4.267678512753949
6.938000000000652,-2.6653582156045643,0.05551049178316903,-0.09852040637844799,0.20267188002544306,0.16060663370992193,-4.264935836582262
6.939000000000652,-2.6651560152100062,0.055670103418241496,-0.1027843235794054,0.20173814888253375,0.15857138840253626,-4.262022679215607
6.940000000000652,-2.6649547502755935,0.05582767570822249,-0.10704524091027626,0.2008011750296905,0.15652850922536984,-4.258938974035769
6.941000000000653,-2.6647544239738132,0.055983201052771825,-0.1113029877734878,0.19986109716968317,0.1544780656192104,-4.255684657276294
6.942000000000653,-2.664555039339268,0.056136671922455965,-0.11555739350908781,0.1989180523611197,0.15242012993957135,-4.252259667833799
6.943000000000653,-2.664356599270271,0.05628808086170458,-0.119808287397324,0.19797217610397194,0.15035477753875118,-4.248663947102202
6.944000000000654,-2.664159106530367,0.05643742049184434,-0.12405549866106914,0.1970236024285746,0.14828208683800426,-4.24489743883024
6.945000000000654,-2.6639625637497524,0.056584683514199825,-0.12829885646811548,0.19607246398771613,0.14620213938969734,-4.240960089002591
6.946000000000654,-2.6637669734266067,0.056729862713251526,-0.13253818993336228,0.195118892151445,0.14411501992934778,-4.23685184574487
6.947000000000655,-2.6635723379283283,0.05687295095984082,-0.13677332812092033,0.1941630171042195,0.14202081641746175,-4.232572659252742
6.948000000000655,-2.6633786594926683,0.05701394121441207,-0.14100410004615607,0.19320496787292296,0.1399196202538328,-4.228122480932371
6.949000000000655,-2.6631859402296505,0.05715282653254534,-0.14523033466990798,0.19224487095907036,0.13781153007879035,-4.223501246585793
6.950000000000656,-2.6629941821237733,0.057289600071517593,-0.14945186087980494,0.19128285055939043,0.13569665149000715,-4.218708877776246
6.951000000000656,-2.662803387035833,0.05742425509614649,-0.1536685074857915,0.19031903009605522,0.1335750933764633,-4.2137452981713075
6.952000000000656,-2.6626135567035654,0.057556784981878814,-0.1578801032229417,0.18935353237975844,0.13144696775356932,-4.208610434266102
6.953000000000657,-2.66242469274215,0.057687183217748975,-0.16208647675431112,0.188386479712051,0.129312389744858,-4.203304215434526
6.954000000000657,-2.6622367966446623,0.05781544340947367,-0.16628745667385314,0.18741799398755168,0.1271714775534635,-4.197826574006059
6.955000000000657,-2.6620498697824324,0.05794155928251312,-0.17048287150942434,0.18644819679565017,0.12502435242351986,-4.19217744536778
6.956000000000658,-2.661863913405301,0.05806552468508865,-0.17467254972590474,0.18547720952131835,0.12287113859164285,-4.186356768091151
6.957000000000658,-2.661678928641773,0.058187333591146896,-0.17885631972845653,0.18450515344464335,0.12071196322868966,-4.180364484082957
6.958000000000658,-2.6614949164990724,0.05830698010326098,-0.18303400986594595,0.18353214983869248,0.11854695637202352,-4.174200538759757
6.959000000000659,-2.6613118778631035,0.05842445845545934,-0.18720544843455075,0.1825583200653192,0.11637625084854189,-4.167864881245015
6.960000000000659,-2.6611298134983135,0.05853976301597309,-0.19137046368157593,0.181583785668515,0.11419998218875818,-4.161357464588008
6.961000000000659,-2.6609487240474667,0.05865288828989311,-0.1955288838094987,0.18060866846491172,0.11201828853225766,-4.154678246003455
6.96200000000066,-2.6607686100313273,0.05876382892172838,-0.1996805369802631,0.17963309063103616,0.10983131052487828,-4.147827187130708
6.96300000000066,-2.660589471848257,0.05887257969785762,-0.20382525131984294,0.1786571747869182,0.10763919120799395,-4.140804254311208
6.96400000000066,-2.660411309773732,0.058979135548866315,-0.20796285492309075,0.17768104407565424,0.10544207590030513,-4.13360941888278
6.965000000000661,-2.6602341239597838,0.05908349155176207,-0.2120931758588889,0.17670482223852765,0.10324011207256385,-4.126242657489233
6.966000000000661,-2.660057914434362,0.05918564293206122,-0.2162160421756172,0.17572863368529015,0.10103344921568161,-4.118703952403599
6.967000000000661,-2.6598826811006377,0.05928558506574058,-0.22033128190694987,0.17475260355921127,0.09882223870268603,-4.1109932918632195
6.968000000000662,-2.6597084237362347,0.05938331348104813,-0.2244387230779926,0.173776857796506,0.09660663364500556,-4.103110670414794
6.969000000000662,-2.6595351419924147,0.059478823860167444,-0.22853819371176903,0.17280152317975675,0.09438678874357201,-4.095056089267366
6.970000000000662,-2.6593628353932024,0.05957211204073082,-0.23262952183606314,0.17182672738495072,0.09216286013523634,-4.086829556651143
6.971000000000663,-2.659191503334476,0.05966317401717663,-0.2367125354906225,0.17085259902176156,0.08993500523499479,-4.078431088179914
6.972000000000663,-2.659021145083013,0.059752005941947114,-0.24078706273472475,0.16987926766671152,0.08770338257451946,-4.069860707214773
6.973000000000663,-2.6588517597755104,0.05983860412652294,-0.24485293165510752,0.16890686388885942,0.08546815163748019,-4.061118445226708
6.974000000000664,-2.6586833464175865,0.05992296504229177,-0.2489099703742593,0.1679355192676688,0.08322947269213254,-4.052204342155581
6.975000000000664,-2.6585159038827593,0.06000508532124816,-0.25295800705906635,0.16696536640272155,0.08098750662163047,-4.043118446762902
6.976000000000664,-2.6583494309114304,0.060084961756522885,-0.25699686992980825,0.16599653891495225,0.07874241475250104,-4.033860816975742
6.977000000000665,-2.6581839261098628,0.06016259130273993,-0.2610263872694918,0.16502917143909066,0.07649435868169437,-4.024431520219032
6.978000000000665,-2.658019387949179,0.06023797107620002,-0.26504638743351006,0.16406339960701175,0.07424350010259234,-4.014830633733438
6.979000000000665,-2.6578558147643716,0.06031109835488974,-0.2690566988596112,0.16309936002170475,0.07199000063032812,-4.005058244875918
6.980000000000666,-2.657693204753354,0.06038197057831581,-0.2730571500781576,0.16213719022158699,0.06973402162673224,-3.9951144514000023
6.981000000000666,-2.657531555976043,0.06045058534716415,-0.27704756972265426,0.16117702863490208,0.06747572402518369,-3.9849993617127635
6.982000000000666,-2.6573708663535,0.060516940422783966,-0.28102778654052074,0.16021901452395762,0.06521526815560373,-3.974713095105381
6.983000000000667,-2.657211133667125,0.06058103372649684,-0.28499762940407963,0.15926328791897487,0.06295281356978909,-3.9642557819541486
6.984000000000667,-2.6570523555579313,0.06064286333873149,-0.28895692732172956,0.1583099895413417,0.06068851886723887,-3.9536275638887077
6.985000000000667,-2.656894529525893,0.06070242749798462,-0.2929055094492689,0.1573592607160818,0.058422541521588114,-3.9428285939242533
6.986000000000668,-2.656737652929392,0.06075972459960846,-0.2968432051013322,0.15641124327337858,0.056155037707720575,-3.931859036554419
6.987000000000668,-2.6565817229847672,0.0608147531944259,-0.3007698437628984,0.1554660794390218,0.05388616212959589,-3.920719067801546
6.988000000000668,-2.6564267367659777,0.06086751198717369,-0.3046852551008268,0.15452391171368024,0.051616067848792926,-3.9094088752210476
6.989000000000669,-2.656272691204392,0.0609179998347746,-0.3085892689753729,0.15358488274094637,0.04934490611374373,-3.897928657856638
6.990000000000669,-2.656119583088719,0.06096621574443906,-0.3124817154516339,0.1526491351641505,0.04707282618961307,-3.8862786261433135
6.991000000000669,-2.6559674090650818,0.061012158871597104,-0.3163624248108692,0.15171681147200478,0.0447999751887693,-3.874459001755142
6.99200000000067,-2.6558161656372556,0.061055828517660886,-0.32023122756164074,0.150788053833213,0.04252649790179655,-3.8624700173952027
6.99300000000067,-2.6556658491670735,0.06109722412761862,-0.32408795445071287,0.14986300392027457,0.04025253662901854,-3.8503119165254147
6.99400000000067,-2.655516455875019,0.06113634528746019,-0.3279324364736514,0.14894180272282276,0.03797823101254533,-3.8379849530345598
6.995000000000671,-2.655367981841002,0.06117319172143516,-0.3317645048850592,0.14802459035097162,0.035703717868920036,-3.8254893908435563
6.996000000000671,-2.6552204230053436,0.06120776328914381,-0.3355839912083861,0.1471115058293068,0.03342913102253799,-3.8128255034480674
6.997000000000671,-2.655073775169968,0.061240059982462014,-0.3393907272452499,0.14620268688234636,0.031154601140142447,-3.7999935733998487
6.998000000000672,-2.654928033999812,0.06127008192230146,-0.34318454508420987,0.1452982697125239,0.028880255566873965,-3.786993891729956
6.999000000000672,-2.654783195024461,0.06129782935520692,-0.3469652771089364,0.14439838877200853,0.026606218164573234,-3.7738267573191027
7.000000000000672,-2.6546392536400174,0.061323302649793375,-0.3507327560057274,0.14350317652998115,0.024332609153314623,-3.7604924762231633
7.001000000000673,-2.654496205111198,0.06134650229302688,-0.35448681477033284,0.14261276323733277,0.022059544957488835,-3.7469913609651733
7.002000000000673,-2.6543540445736733,0.06136742888635442,-0.35822728671406034,0.14172727669113983,0.019787138058161235,-3.7333237298092046
7.003000000000673,-2.6542127670366353,0.06138608314169032,-0.36195400546915396,0.14084684200170045,0.017515496853913372,-3.7194899060363493
7.004000000000674,-2.6540723673856,0.06140246587726874,-0.36566680499346055,0.13997158136537777,0.015244725532928237,-3.705490217248665
7.005000000000674,-2.6539328403854308,0.06141657801337547,-0.36936551957442704,0.13910161384698005,0.012974923959699904,-3.6913249947334066
7.006000000000674,-2.653794180683574,0.06142842056797529,-0.37304998383250854,0.13823705517589413,0.010706187580424185,-3.6769945729270406
7.007000000000675,-2.6536563828134865,0.0614379946522562,-0.37672003272410926,0.1373780175606526,0.008438607351835358,-3.662499289026258
7.008000000000675,-2.653519441198241,0.06144530146611642,-0.3803755015442309,0.13652460952702275,0.006172269698958689,-3.6478394828011096
7.009000000000675,-2.6533833501542787,0.06145034229362618,-0.384016225929061,0.13567693578500936,0.003907256507898989,-3.633015496672982
7.010000000000676,-2.653248103895275,0.06145311849850268,-0.3876420418588002,0.13483509713031422,0.0016436451603088261,-3.6180276761266277
7.011000000000676,-2.6531136965360873,0.06145363151964315,-0.3912527856610992,0.1339991903857317,-0.0006184913835130695,-3.602876370529876
7.012000000000676,-2.6529801220967397,0.06145188286676836,-0.3948482940155507,0.13316930838761892,-0.00287908444596244,-3.587561934435693
7.013000000000677,-2.6528473745063934,0.061447874116235146,-0.398428403959754,0.13234554002190704,-0.005138069431446915,-3.5720847294374343
7.014000000000677,-2.6527154476072585,0.061441606907082946,-0.40199295289753756,0.1315279703130716,-0.007395385558262418,-3.5564451266378185
7.015000000000677,-2.652584335158388,0.06143308293738375,-0.4055417786099764,0.13071668056804334,-0.00965097551934084,-3.5406435097737994
7.016000000000678,-2.6524540308393005,0.061422303960967164,-0.40907471926986927,0.12991174857524032,-0.011904785070675378,-3.524680279011872
7.017000000000678,-2.652324528253377,0.06140927178459249,-0.4125916134603388,0.12911324885681777,-0.014156762549494536,-3.5085558553908993
7.018000000000678,-2.652195820930979,0.061393988265634955,-0.41609230019817184,0.1283212529700041,-0.01640685832820883,-3.4922706858428554
7.019000000000679,-2.6520679023322495,0.061376455310345836,-0.4195766189624201,0.127535829851215,-0.0186550242145889,-3.475825248667983
7.020000000000679,-2.6519407658495435,0.061356674872732754,-0.4230444097286303,0.12675704619475428,-0.02090121281321484,-3.459220059283639
7.021000000000679,-2.651814404809471,0.0613346489540898,-0.4264955130088639,0.12598496685657046,-0.023145376867506662,-3.442455676011039
7.02200000000068,-2.651688812474532,0.061310379603185666,-0.42992976989740683,0.12521965527296372,-0.025387468605068915,-3.4255327056182674
7.02300000000068,-2.651563982044318,0.06128386891709446,-0.433347022121771,0.12446117388446942,-0.02762743911111406,-3.4084518083087554
7.02400000000068,-2.6514399066563046,0.06125511904262848,-0.4367471120982749,0.123709584556397,-0.029865237754910262,-3.3912137018388453
7.025000000000681,-2.651316579386216,0.06122413217830855,-0.4401298829911816,0.12296494898954441,-0.03210081169226139,-3.373819164470899
7.026000000000681,-2.651193993247991,0.06119091057678591,-0.4434951787741049,0.12222732911715957,-0.034334105462971665,-3.3562690365210175
7.027000000000681,-2.651072141193362,0.0611554565476139,-0.4468428442921881,0.12149678748689864,-0.03656506069638595,-3.3385642203400834
7.028000000000682,-2.6509510161110503,0.061117772460257624,-0.45017272532345104,0.12077338762892455,-0.038793615931030256,-3.320705678666311
7.029000000000682,-2.650830610825608,0.06107786074722778,-0.45348466863768944,0.1200571944130301,-0.041019706546903366,-3.3026944313963638
7.030000000000682,-2.6507109180959008,0.06103572390722956,-0.4567785220514151,0.11934827439852391,-0.043243264801955845,-3.2845315509280124
7.031000000000683,-2.6505919306132477,0.06099136450822915,-0.46005413447752247,0.11864669618051848,-0.04546421995851461,-3.2662181563184127
7.032000000000683,-2.6504736409992082,0.06094478519035643,-0.4633113559686488,0.11795253073532122,-0.047682498481432335,-3.2477554065688605
7.033000000000683,-2.6503560418030325,0.06089598866858232,-0.4665500377535271,0.11726585176610585,-0.04989802428782937,-3.229144493383655
7.034000000000684,-2.65023912549876,0.060844977735128786,-0.4697700322659822,0.11658673604826476,-0.05211071902840993,-3.2103866337563396
7.035000000000684,-2.650122884481975,0.06079175526158943,-0.4729711931665668,0.11591526377214607,-0.05432050238217557,-3.1914830627139885
7.036000000000684,-2.650007311066225,0.06073632420075481,-0.4761533753571422,0.11525151887953833,-0.05652729234945558,-3.172435026505459
7.037000000000685,-2.649892397479106,0.06067868758815023,-0.47931643498896664,0.11459558938945504,-0.058731005531987956,-3.1532437764603243
7.038000000000685,-2.6497781358580257,0.06061884854330279,-0.48246022946504774,0.11394756770855549,-0.06093155739280407,-3.133910563679546
7.039000000000685,-2.6496645182456744,0.06055681027075997,-0.4855846174376442,0.11330755092188137,-0.06312886249247525,-3.114436634653843
7.040000000000686,-2.6495515365852063,0.06049257606088385,-0.48868945880186754,0.11267564106038382,-0.06532283470157511,-3.0948232278466548
7.041000000000686,-2.649439182715175,0.0604261492904435,-0.49177461468634537,0.1120519453428138,-0.0675133873918356,-3.075071571229037
7.042000000000686,-2.6493274483642324,0.06035753342302509,-0.49483994744187565,0.11143657639079294,-0.06970043361037444,-3.055182880715466
7.043000000000687,-2.649216325145633,0.06028673200927381,-0.4978853206289354,0.11082965241712539,-0.071883886242582,-3.035158359422523
7.044000000000687,-2.6491058045515574,0.06021374868697598,-0.5009105990048208,0.1102312973885331,-0.07406365816985847,-3.0149991976558113
7.045000000000687,-2.6489958779472875,0.06013858718098336,-0.5039156485110954,0.1096416411649016,-0.0762396624284954,-2.9947065735226857
7.046000000000688,-2.6488865365652527,0.060061251302975543,-0.5069003362619208,0.10906081961774682,-0.07841181237570333,-2.9742816540674264
7.047000000000688,-2.6487777714989673,0.0599817449510504,-0.509864530533742,0.10848897473090345,-0.08058002186818196,-2.9537255968295604
7.048000000000688,-2.648669573696873,0.05990007210912797,-0.5128081007567047,0.1079262546863552,-0.0827442054577698,-2.9330395517331853
7.049000000000689,-2.6485619339561035,0.05981623684614863,-0.5157309175080903,0.10737281393763427,-0.08490427860760608,-2.9122246632238915
7.050000000000689,-2.648454842916182,0.05973024331504411,-0.5186328525079825,0.10682881327226326,-0.08706015793086253,-2.8912820725788286
7.051000000000689,-2.648348291052659,0.05964209575145836,-0.5215137786173007,0.10629441986322101,-0.08921176145236966,-2.870212920323512
7.05200000000069,-2.6482422686707077,0.059551798472196285,-0.5243735698382797,0.10576980730728726,-0.09135900889122671,-2.849018348695137
7.05300000000069,-2.648136765898691,0.05945935587338147,-0.5272121013174106,0.10525515564521108,-0.09350182195951932,-2.8276995040955817
7.05400000000069,-2.6480317726817164,0.05936477242831102,-0.5300292493508078,0.10475065135476715,-0.0956401246682506,-2.8062575394769937
7.055000000000691,-2.647927278775221,0.059268052685007094,-0.5328248913919004,0.1042564873026567,-0.09777384362605859,-2.7846936165978233
7.056000000000691,-2.647823273738637,0.059169201263488416,-0.5355989060612703,0.10377286253225389,-0.09990290804616839,-2.7630089070357235
7.057000000000691,-2.647719746930367,0.059068222855773074,-0.5383511731491909,0.10329998017043401,-0.1020272450976495,-2.741204574702574
7.058000000000692,-2.647616687503394,0.058965122226693006,-0.5410815736062053,0.10283804742580657,-0.10414678082883667,-2.719281780449969
7.059000000000692,-2.6475140844010046,0.0588599042139031,-0.5437899895508336,0.10238727674708534,-0.10626144437988282,-2.6972416998212223
7.060000000000692,-2.647411926351789,0.05875257372462864,-0.5464763042849683,0.10194788511004914,-0.10837116779124933,-2.675085523639485
7.061000000000693,-2.6473102018655927,0.05864313573295281,-0.5491404023086722,0.10152009288660327,-0.11047588523010114,-2.6528144568277163
7.062000000000693,-2.647208899230885,0.05853159527833861,-0.5517821693330754,0.10110412223981989,-0.112575531608193,-2.6304297157062826
7.063000000000693,-2.6471080065140415,0.0584179574659529,-0.5544014922895789,0.10070019489040366,-0.11467004032150678,-2.6079325231999335
7.064000000000694,-2.647007511561256,0.058302227469849574,-0.5569982593329104,0.10030852906093665,-0.11675933973981806,-2.585324101186687
7.065000000000694,-2.6469074020040164,0.05818441054050485,-0.5595723598346857,0.09992933535989727,-0.11884334794132283,-2.5626056589662776
7.066000000000694,-2.6468076652693533,0.05806451201878192,-0.5621236843629583,0.09956281132104643,-0.12092196502415602,-2.5397783765191213
7.067000000000695,-2.6467082885963578,0.05794253735915668,-0.5646521246417475,0.09920913427430127,-0.12299506215163254,-2.516843380905963
7.068000000000695,-2.6466092590607984,0.0578184921659425,-0.5671575734827611,0.09886837365705835,-0.12506206423571903,-2.493800989858908
7.069000000000695,-2.6465105641306974,0.05769238498421438,-0.5696399204594598,0.0985399313602729,-0.12711896649370116,-2.4706453690016605
7.070000000000696,-2.6464121912081966,0.05756422500253151,-0.5720990530636685,0.09822410991549033,-0.1291662928734858,-2.447378865512327
7.071000000000696,-2.6463141276159785,0.0574340218066944,-0.5745348620055521,0.09792121476099096,-0.1312050405370772,-2.4240046085329774
7.072000000000696,-2.646216360333448,0.05730178355208607,-0.5769472409252813,0.09763140976298221,-0.13323602904363221,-2.400525324193481
7.073000000000697,-2.6461188762522494,0.05716751766979155,-0.5793360859744148,0.09735470474554275,-0.135259885797456,-2.37694330238854
7.074000000000697,-2.6460216623345896,0.05703123106896359,-0.5817012953592479,0.09709094719092709,-0.13727702447815743,-2.353260355539236
7.075000000000697,-2.645924705773902,0.05689293036222865,-0.5840427688446522,0.09683982690953166,-0.1392876209314427,-2.329477784168423
7.076000000000698,-2.6458279941400074,0.056752622112166806,-0.5863604072368059,0.09660090374437924,-0.14129159614040643,-2.305596373549123
7.077000000000698,-2.6457315154835106,0.05661031308594083,-0.5886541118884708,0.09637366253353931,-0.143288618541505,-2.281616444953102
7.078000000000698,-2.645635258376206,0.056466010495211154,-0.5909237842855213,0.09615758605175015,-0.14527813272695492,-2.257537964937512
7.079000000000699,-2.645539211878969,0.0563197221970577,-0.5931693257616839,0.09595222509472602,-0.14725940923059527,-2.233360686131904
7.080000000000699,-2.6454433654488443,0.056171456841411956,-0.5953906373526576,0.09575724673417517,-0.1492316003910792,-2.2090842788564684
7.081000000000699,-2.645347708810477,0.056021223965500286,-0.5975876197645834,0.09557245494611115,-0.1511937880261336,-2.184708425464007
7.0820000000007,-2.64525223181752,0.05586903404693765,-0.5997601734153257,0.09539778976453941,-0.15314501651989412,-2.1602328723744137
7.0830000000007,-2.6451569243213076,0.055714898530330646,-0.6019081985104761,0.09523331487992152,-0.15508431209125417,-2.1356574496497696
7.0840000000007,-2.6450617760545665,0.055558829839766434,-0.604031595128216,0.09507920151281786,-0.1570106920957425,-2.1109820711567897
7.085000000000701,-2.6449667765421996,0.055400841041797724,-0.6061302636501693,0.09493567869427036,-0.15892412683427992,-2.086208288239856
7.086000000000701,-2.644871915146265,0.05524094336629695,-0.6082041090835547,0.09480286429790273,-0.16082772321401184,-2.0613427678427323
7.087000000000701,-2.644777181055365,0.05507914694571705,-0.6102530408646439,0.09468093006591162,-0.16272167984787067,-2.0363873927461085
7.088000000000702,-2.644682563299814,0.05491546118214281,-0.6122769698395227,0.0945700684869373,-0.16460589154200442,-2.0113435667854076
7.089000000000702,-2.6445880507067336,0.05474989587869058,-0.6142758082551517,0.09447047990927422,-0.16648024123326735,-1.9862126886569385
7.090000000000702,-2.6444936319009074,0.0545824609593735,-0.6162494697569179,0.09438236775609526,-0.1683446053733237,-1.960996156827163
7.091000000000703,-2.644399295303609,0.054413166473694374,-0.6181978693898641,0.09430593494050007,-0.17019885729965367,-1.9356953721513508
7.092000000000703,-2.644305029134491,0.054242022598617504,-0.6201209236017715,0.0942413812841827,-0.17204286922923548,-1.910311739082859
7.093000000000703,-2.6442108214156375,0.054069039639049916,-0.6220185502470114,0.0941889017581021,-0.17387651334001183,-1.8848466660873737
7.094000000000704,-2.6441166599770245,0.05389422802756808,-0.6238906685905895,0.09414868538473695,-0.1756996622660527,-1.8593015656663037
7.095000000000704,-2.644022532462804,0.053717598323855295,-0.6257371993121287,0.09412091466489357,-0.17751218922803774,-1.8336778542423666
7.096000000000704,-2.64392842633795,0.05353916121413321,-0.6275580645097336,0.0941057654150732,-0.1793139679460523,-1.8079769520576787
7.097000000000705,-2.6438343288948927,0.05335892751075238,-0.6293531877037972,0.09410340692269469,-0.1811048724298006,-1.7822002831678303
7.098000000000705,-2.6437402272598742,0.05317690815203055,-0.631122493840867,0.09411400234532448,-0.18288477670600237,-1.7563492755738184
7.099000000000705,-2.6436461083988037,0.052993114202381245,-0.6328659092977212,0.09413770929625279,-0.18465355451908277,-1.7304253615090937
7.100000000000706,-2.643551959122451,0.05280755685274708,-0.6345833618858101,0.09417468057231278,-0.18641107902569298,-1.7044299778855314
7.101000000000706,-2.643457766090856,0.05262024742133784,-0.636274780856223,0.09422506499097065,-0.18815722249353076,-1.6783645668957694
7.102000000000706,-2.6433635158168562,0.052431197354666184,-0.6379400969053333,0.09428900831269346,-0.18989185600856961,-1.6522305767673826
7.103000000000707,-2.6432691946686546,0.05224041822887202,-0.6395792421812718,0.094366654231729,-0.19161484919090782,-1.6260294626649996
7.104000000000707,-2.6431747888713657,0.05204792175132775,-0.6411921502913758,0.09445814542399741,-0.19332606991717532,-1.5997626877385793
7.105000000000707,-2.6430802845074926,0.05185371976251913,-0.642778756310759,0.09456362464505463,-0.19502538404622488,-1.5734317243189686
7.106000000000708,-2.6429856675162773,0.051657824238200596,-0.6443389967921531,0.09468323587425989,-0.196712655144311,-1.547038055265121
7.107000000000708,-2.642890923691886,0.05146024729182713,-0.6458728097771754,0.09481712550353477,-0.19838774420589228,-1.5205831754707206
7.108000000000708,-2.6427960386803866,0.05126100117726912,-0.6473801348091865,0.0949654435705629,-0.20005050936643456,-1.494068593541282
7.109000000000709,-2.6427009979754654,0.05106009829181966,-0.6488609129479171,0.09512834503702504,-0.20170080560406045,-1.4674958336559751
7.110000000000709,-2.6426057869128456,0.05085755117950685,-0.6503150867860552,0.09530599111252627,-0.20333848442755695,-1.4408664376313514
7.111000000000709,-2.6425103906633582,0.05065337253472554,-0.6517426004680065,0.09549855062423405,-0.2049633935491092,-1.4141819672067326
7.11200000000071,-2.6424147942246217,0.050447575206204166,-0.6531433997110603,0.0957062014308469,-0.2065753765412083,-1.3874440065730556
7.11300000000071,-2.642318982411287,0.050240172201322264,-0.654517431829215,0.09592913187723912,-0.20817427247852965,-1.3606541651682116
7.11400000000071,-2.6422229398438084,0.0500311766907925,-0.655864645759942,0.09616754228280788,-0.20975991556726886,-1.333814080761965
7.115000000000711,-2.642126650935718,0.049820602013717685,-0.6571849920941886,0.09642164645195284,-0.21133213476654647,-1.3069254228517884
7.116000000000711,-2.642030099879384,0.04960846168302726,-0.6584784231099391,0.09669167318894101,-0.21289075340916358,-1.2799898963865393
7.117000000000711,-2.641933270630262,0.0493947693912888,-0.6597448928096681,0.09697786779126585,-0.2144355888323446,-1.253009245826541
7.118000000000712,-2.6418361468896796,0.049179539016877515,-0.6609843569620198,0.09728049348501781,-0.21596645203329626,-1.2259852595344718
7.119000000000712,-2.6417387120862394,0.048962784630469304,-0.662196773148034,0.09759983275215982,-0.21748314736962188,-1.1989197744688005
7.120000000000712,-2.641640949355973,0.048744520501799775,-0.6633821008121917,0.09793618848223686,-0.2189854723310471,-1.171814681116422
7.121000000000713,-2.6415428415214706,0.04852476110660134,-0.6645403013184672,0.09828988485910337,-0.22047321741673634,-1.1446719285478912
7.122000000000713,-2.641444371070306,0.048303521133591834,-0.66567133801142,0.09866126786573153,-0.22194616616189702,-1.117493529398743
7.123000000000713,-2.641345520133213,0.04808081549133863,-0.666775176282105,0.0990507052558958,-0.22340409536854666,-1.0902815644611736
7.124000000000714,-2.641246270462638,0.047856659314761296,-0.6678517836381848,0.09945858579912344,-0.22484677560836644,-1.063038186392644
7.125000000000714,-2.64114660341251,0.047631067970960415,-0.6689011297770059,0.09988531755305546,-0.22627397208052571,-1.0357656217821767
7.126000000000714,-2.641046499920371,0.0474040570639691,-0.6699231866594605,0.10033132485309681,-0.2276854459241905,-1.0084661704147688
7.127000000000715,-2.6409459404933027,0.0471756424379149,-0.6709179285810074,0.10079704362993773,-0.2290809561040208,-0.9811421999647242
7.128000000000715,-2.640844905199593,0.0469458401779515,-0.6718853322340252,0.10128291456670076,-0.2304602620072495,-0.9537961334073765
7.129000000000715,-2.640743373668582,0.046714666608170155,-0.6728253767522744,0.10178937348192198,-0.23182312691311519,-0.9264304249607759
7.130000000000716,-2.6406413251018366,0.04648213828552765,-0.6737380437229733,0.10231683816035717,-0.2331693225203916,-0.8990475180072097
7.131000000000716,-2.6405387382997,0.0462482719886275,-0.6746233171436802,0.10286569063068883,-0.2344986347488722,-0.8716497746077463
7.132000000000716,-2.6404355917083944,0.046013084699955506,-0.6754811832878987,0.10343625357483865,-0.23581087107100604,-0.8442393599220771
7.133000000000717,-2.640331863494395,0.04577659357988585,-0.6763116304218963,0.10402875909745522,-0.23710586969084782,-0.8168180545276043
7.134000000000717,-2.6402275316548955,0.045538815930407345,-0.6771146482806283,0.10464330741883364,-0.23838351099299526,-0.7893869513084032
7.135000000000717,-2.640122574176049,0.04529976914599486,-0.6778902271562735,0.10527981211740169,-0.23964373190547622,-0.7619459706245775
7.136000000000718,-2.640016969254643,0.045059470648138325,-0.6786383563750369,0.10593792736140141,-0.24088654441704327,-0.7344931070568476
7.137000000000718,-2.639910695603999,0.04481793779793767,-0.6793590218577985,0.10661695143798662,-0.2421120614139662,-0.7070233520424848
7.138000000000718,-2.6398037328707296,0.04457518777521055,-0.680052202497388,0.10731570081899798,-0.24332053912122986,-0.6795274831300724
7.139000000000719,-2.6396960622130354,0.04433123746057333,-0.6807178655744829,0.1080322438169375,-0.24451210295006795,-0.651991342290585
7.140000000000719,-2.6395876674834096,0.044086104678322025,-0.6813559617158229,0.10876331615888997,-0.24568546378735212,-0.6243971134772539
7.141000000000719,-2.639478535573608,0.04383980613529504,-0.6819664271823055,0.10950575412538253,-0.24684304998411752,-0.5967353439239507
7.14200000000072,-2.639368657049854,0.04359235634085214,-0.6825491947298838,0.11025575958044141,-0.24798807673563583,-0.5690087721387376
7.14300000000072,-2.639258026283877,0.043343766239075404,-0.6831042057239067,0.11100938201064053,-0.24912382053186696,-0.541230951917573
7.14400000000072,-2.63914664141932,0.04309404371077761,-0.6836314174248319,0.11176312275276004,-0.25025305472788245,-0.5134188294254657
7.145000000000721,-2.639034503766541,0.0428431942323783,-0.6841308030580295,0.11251422393927824,-0.2513777392080948,-0.48558676453686245
7.146000000000721,-2.6389216170386436,0.042591221720597754,-0.6846023480226058,0.11326066065334978,-0.25249900598220143,-0.45774470581131654
7.147000000000721,-2.638807986662723,0.04233812931713849,-0.6850460456465799,0.11400101686151902,-0.25361728342173734,-0.4298987348730231
7.148000000000722,-2.6386936192298727,0.042083920024578225,-0.6854618938769819,0.11473435902544081,-0.25473244448791604,-0.40205219221200317
7.149000000000722,-2.6385785220631064,0.04182859719620164,-0.685849893053893,0.11546013850415156,-0.255843937736282,-0.3742066638865676
7.1500000000007224,-2.6384627028710685,0.04157216490540318,-0.6862100445325452,0.11617811911742987,-0.25695089350525435,-0.34636268914738616
7.151000000000723,-2.638346169466317,0.04131462822291143,-0.6865423498810775,0.11688831913626829,-0.2580522022131015,-0.31852021096392946
7.152000000000723,-2.6382289294484784,0.04105599282852421,-0.686846810755077,0.11759115156374877,-0.2591478835554085,-0.29067994134688574
7.1530000000007234,-2.6381109898295927,0.040796263605835284,-0.6871234304557634,0.11828738503555832,-0.26023957657842134,-0.26284383697145974
7.154000000000724,-2.6379923569342143,0.04053544468693064,-0.6873722134251581,0.11897759494463184,-0.26132710584851027,-0.23501234870471152
7.155000000000724,-2.637873036467928,0.04027354029791611,-0.6875931644755606,0.1196623958127669,-0.26241012000081293,-0.20718586269219158
7.1560000000007244,-2.6377530335200348,0.04001055514949792,-0.6877862888351628,0.12034243432246157,-0.2634882205745471,-0.17936482951414887
7.157000000000725,-2.637632352524559,0.03974649436606163,-0.68795159222534,0.12101837101824058,-0.26456098224554686,-0.15154978742570005
7.158000000000725,-2.637510997253928,0.03948136350400044,-0.6880890809545693,0.12169086591657391,-0.26562796936399447,-0.12374137314320366
7.1590000000007254,-2.63738897082536,0.0392151685552957,-0.6881987620186225,0.12236056737638111,-0.2666887488505775,-0.09594032417165861
7.160000000000726,-2.6372662757169594,0.038947915939843154,-0.6882806432001038,0.12302810370016705,-0.2677428998379711,-0.06814747557418335
7.161000000000726,-2.63714291379104,0.038679612489545205,-0.6883347331628785,0.12369407701219985,-0.2687900205672119,-0.040363753277199085
7.1620000000007265,-2.6370188863225925,0.03841026542666216,-0.6883610415387164,0.12435905901748749,-0.26982973305656854,-0.012590165401649176
7.163000000000727,-2.6368941940311976,0.0381398823383333,-0.6883595790050562,0.12502358828744886,-0.2708616879731483,0.015172191268993787
7.164000000000727,-2.6367688371151066,0.0378684711260272,-0.688330357497053,0.12568816860363027,-0.2718856030306706,0.042921839272337725
7.1650000000007275,-2.6366428152864567,0.03759603994871236,-0.68827339061944,0.1263532682392867,-0.27290125679887656,0.07065698622547603
7.166000000000728,-2.6365161278067095,0.037322597168969844,-0.6881886937965471,0.12701932026004017,-0.2739084563823165,0.098375797622854
7.167000000000728,-2.636388773521502,0.037048151327685436,-0.6880762842994836,0.12768672338274575,-0.27490703536552985,0.1260764159752811
7.1680000000007285,-2.6362607508944,0.036772711119408746,-0.6879361812651805,0.12835584324111318,-0.27589685268975567,0.15375696856010593
7.169000000000729,-2.636132058039233,0.03649628536765042,-0.6877684057080792,0.1290270139384715,-0.27687779129462076,0.1814155743774241
7.170000000000729,-2.6360026927507754,0.03621888300161657,-0.6875729805252542,0.12970053979052507,-0.2778497566207179,0.20905035033100774
7.1710000000007295,-2.6358726525336156,0.035940513034481536,-0.6873499304957265,0.13037669718159217,-0.2788126750443143,0.23665941667555318
7.17200000000073,-2.6357419346291406,0.03566118454323903,-0.6870992822746734,0.131055736475004,-0.2797664922961159,0.26424090178464066
7.17300000000073,-2.635610536040603,0.03538090665012777,-0.6868210643831859,0.13173788393246103,-0.2807111719010534,0.29179294629965596
7.1740000000007305,-2.6354784535562694,0.03509968850559673,-0.6865153071941599,0.132423343608598,-0.2816466936645905,0.31931370672116494
7.175000000000731,-2.6353456837707068,0.03481753927275413,-0.6861820429148506,0.13311229919619036,-0.2825730522223699,0.3468013585025237
7.176000000000731,-2.6352122231042485,0.034534468113231215,-0.6858213055665587,0.13380491580470777,-0.2834902556635072,0.37425409870202797
7.1770000000007315,-2.635078067820721,0.034250484174383686,-0.6854331309618624,0.13450134166061042,-0.284398324233042,0.401670148245457
7.178000000000732,-2.634943214043514,0.03396559657775062,-0.6850175566797627,0.13520170972217532,-0.2852972891155665,0.42904775384602456
7.179000000000732,-2.634807657770078,0.03367981440868935,-0.6845746220390619,0.1359061392049801,-0.2861871912995736,0.4563851896238476
7.1800000000007325,-2.634671394884942,0.033393146707106657,-0.6841043680702575,0.13661473701666405,-0.28706808052035016,0.4836807584623312
7.181000000000733,-2.6345344211713435,0.033105602459209287,-0.6836068374861968,0.13732759910140413,-0.287940014278103,0.5109327931344761
7.182000000000733,-2.634396732321555,0.032817190590200405,-0.683082074651708,0.13804481169582666,-0.28880305692729136,0.538139657228105
7.1830000000007335,-2.634258323945999,0.03252791995785299,-0.6825301255523969,0.1387664524989383,-0.2896572788327417,0.5652997458954157
7.184000000000734,-2.6341191915812363,0.03223779934689564,-0.6819510377627709,0.13949259175919368,-0.2905027555879472,0.5924114864490971
7.185000000000734,-2.6339793306969055,0.03194683746415099,-0.6813448604138367,0.14022329328209485,-0.2913395672909365,0.6194733388244684
7.1860000000007345,-2.633838736701694,0.03165504293437127,-0.680711644160295,0.14095861536179521,-0.29216779787318925,0.6464837959247021
7.187000000000735,-2.6336974049484136,0.03136242429672031,-0.6800514411474422,0.14169861164010408,-0.29298753447723014,0.6734413838641422
7.188000000000735,-2.633555330738251,0.031068990001855323,-0.6793643049778745,0.14244333189608652,-0.293798866878729,0.7003446621229775
7.1890000000007355,-2.633412509324265,0.03077474840956599,-0.678650290678076,0.14319282276915515,-0.2946018869491396,0.7271922236250706
7.190000000000736,-2.63326893591419,0.030479707786932198,-0.6779094546649638,0.14394712841817014,-0.29539668815511116,0.7539826947495365
7.191000000000736,-2.633124605672613,0.030183876306965476,-0.6771418547124495,0.14470629111861227,-0.2961833650910864,0.7807147352856719
7.1920000000007365,-2.632979513722584,0.02988726204770266,-0.6763475499180717,0.14547035179937973,-0.2969620130416448,0.807387038340066
7.193000000000737,-2.6328336551467175,0.029589872991723762,-0.6755266006697407,0.14623935052018083,-0.2977327275702495,0.8339983302041195
7.194000000000737,-2.632687024987849,0.029291717026069225,-0.6746790686126329,0.14701332688985355,-0.29849560413109416,0.8605473701897765
7.1950000000007375,-2.6325396182493,0.02899280194253521,-0.6738050166162622,0.14779232042523216,-0.2992507377007176,0.8870329504409924
7.196000000000738,-2.6323914298948177,0.028693135438328812,-0.6729045087417485,0.1485763708493953,-0.2999982224259312,0.9134538957283329
7.197000000000738,-2.632242454848243,0.028392725117068723,-0.671977610209297,0.14936551832725783,-0.30073815128438813,0.9398090632340879
7.1980000000007385,-2.63209268799298,0.02809157849012074,-0.6710243873658953,0.15015980363550066,-0.3014706157537761,0.9660973423354046
7.199000000000739,-2.63194212417133,0.02778970297826161,-0.670044907653223,0.15095926826275372,-0.3021957054851314,0.9923176543931697
7.200000000000739,-2.6317907581837563,0.027487105913669697,-0.6690392395757679,0.15176395443474386,-0.30291350797510874,1.0184689525546868
7.2010000000007395,-2.631638584788174,0.027183794542246495,-0.6680074526691286,0.15257390505777577,-0.30362410823118036,1.0445502215786127
7.20200000000074,-2.63148559869933,0.02687977602627943,-0.666949617468477,0.15338916357241356,-0.3043275884226357,1.0705604776910873
7.20300000000074,-2.631331794588389,0.026575057447464415,-0.6658658054771457,0.1542097737075615,-0.3050240275088695,1.0964987684825211
7.2040000000007405,-2.6311771670828112,0.026269645810315774,-0.6647560891352938,0.15503577912328975,-0.30571350083474286,1.1223641728550422
7.205000000000741,-2.6310217107666527,0.02596354804600249,-0.6636205417885958,0.15586722292871283,-0.3063960796807303,1.1481558010311332
7.206000000000741,-2.630865420181418,0.025656771016663187,-0.6624592376568862,0.156704147059011,-0.3070718307530932,1.1738727946344547
7.2070000000007415,-2.630708289827612,0.02534932152026839,-0.6612722518026832,0.15754659149331388,-0.3077408155964238,1.1995143268541706
7.208000000000742,-2.6305503141671616,0.025041206296117932,-0.6600596600995012,0.15839459329270505,-0.3084030899076014,1.2250796027042292
7.209000000000742,-2.630391487626902,0.024732432031084158,-0.6588215391998515,0.15924818543517347,-0.3090587027265771,1.250567859388857
7.2100000000007425,-2.6302318046033375,0.02442300536673785,-0.6575579665028205,0.1601073954221389,-0.3097076954756552,1.275978366784891
7.211000000000743,-2.630071259468922,0.024112932907524115,-0.6562690201211029,0.16097224362957036,-0.31035010081547487,1.3013104280503325
7.212000000000743,-2.629909846580129,0.02380222123018832,-0.6549547788473602,0.1618427413762699,-0.3109859412834439,1.3265633803664356
7.2130000000007435,-2.629747560287603,0.02349087689468685,-0.6536153221197681,0.16271888868352433,-0.31161522768019234,1.3517365958175127
7.214000000000744,-2.629584394948717,0.02317890645684992,-0.6522507299866159,0.16360067170544296,-0.31223795717374725,1.3768294824081346
7.215000000000744,-2.629420344942865,0.022866316483088806,-0.6508610830698214,0.16448805982000428,-0.31285411110279304,1.4018414852112298
7.2160000000007445,-2.62925540468983,0.022553113567447228,-0.6494464625272386,0.16538100239015083,-0.3134636524843811,1.42677208763244
7.217000000000745,-2.62908956867154,0.022239304351271062,-0.6480069500136527,0.1662794252362882,-0.3140665232745656,1.4516208127658017
7.218000000000745,-2.62892283145745,0.021924895545688442,-0.6465426276403891,0.16718322691132803,-0.31466264150142753,1.4763872248034573
7.2190000000007455,-2.6287551877336837,0.021609893956921297,-0.6450535779335052,0.1680922749422936,-0.31525189849851615,1.5010709304481418
7.220000000000746,-2.6285866323358276,0.021294306514147758,-0.6435398837905967,0.16900640230211925,-0.3158341566203476,1.5256715802626453
7.221000000000746,-2.6284171602849806,0.02097814029915825,-0.6420016284363176,0.16992540449958968,-0.3164092480183259,1.5501888698766737
7.2220000000007465,-2.628246766826174,0.02066140257636381,-0.6404388953768028,0.17084903781005364,-0.31697697527147056,1.5746225409592836
7.223000000000747,-2.6280754474677206,0.02034410082083326,-0.6388517683532776,0.17177701927955435,-0.3175371148388191,1.598972381852658
7.224000000000747,-2.6279031980194,0.020026242741053944,-0.6372403312952544,0.17270902915850866,-0.31808942431335313,1.6232382277431623
7.2250000000007475,-2.6277300146267812,0.019707836292265656,-0.6356046682738546,0.17364471627545544,-0.3186336541498665,1.6474199602039854
7.226000000000748,-2.62755589379867,0.01938888967590216,-0.6339448634560018,0.1745837064744795,-0.31916956376496103,1.6715175058629952
7.227000000000748,-2.6273808324248185,0.019069411321364152,-0.6322610010605308,0.175525613610879,-0.3196969406610422,1.6955308338262598
7.2280000000007485,-2.6272048277819207,0.01874940984838777,-0.6305531653177017,0.17647005186493767,-0.32021561979172014,1.7194599513591895
7.229000000000749,-2.6270278775274076,0.01842889401157087,-0.6288214404341291,0.1774166475737341,-0.32072549936804806,1.7433048972870113
7.230000000000749,-2.6268499796824516,0.018107872632431504,-0.6270659105656232,0.17836504870553507,-0.3212265493901269,1.7670657327429622
7.2310000000007495,-2.626671132607262,0.01778635452782013,-0.6252866597996846,0.17931493041479535,-0.3217188091754417,1.790742534695847
7.23200000000075,-2.626491334973645,0.01746434845113913,-0.6234837721279247,0.1802659952207931,-0.32220236667139185,1.8143354195712533
7.23300000000075,-2.6263105857372815,0.01714186304596021,-0.6216573314205205,0.1812179724494951,-0.3226773483453196,1.8378445040795213
7.2340000000007505,-2.6261288841126493,0.01681890681715227,-0.6198074214463205,0.1821706151718232,-0.32314390474505594,1.8612698718253093
7.235000000000751,-2.6259462295513574,0.01649548811492933,-0.6179341259124358,0.18312369538454323,-0.3236021915812239,1.8846115609803502
7.236000000000751,-2.6257626217255448,0.016171615137510788,-0.6160375285146373,0.18407699925323376,-0.32405235426217704,1.9078695548199505
7.2370000000007515,-2.625578060515802,0.0158472959471326,-0.6141177129957973,0.18503032298197658,-0.3244945171410224,1.9310437750974065
7.238000000000752,-2.625392546002856,0.015522538494524113,-0.6121747632096086,0.18598346948501152,-0.32492877744931786,1.9541340780534813
7.239000000000752,-2.625206078462216,0.015197350647459047,-0.6102087631871631,0.18693624580031584,-0.3253552031591681,1.9771402526013193
7.2400000000007525,-2.62501865836111,0.01487174021992586,-0.6082197972044845,0.18788846108495763,-0.32577383373684893,2.0000620201417987
7.241000000000753,-2.6248302863572013,0.014545714999518521,-0.6062079498496472,0.1888399250212436,-0.32618468277837115,2.0228990354985017
7.242000000000753,-2.624640963298756,0.014219282771589353,-0.6041733060885781,0.18979044649496749,-0.3265877416952861,2.0456508885574745
7.2430000000007535,-2.6244506902260305,0.013892451339436705,-0.6021159513289956,0.19073983245115575,-0.3269829838371992,2.068317106311152
7.244000000000754,-2.624259468373732,0.0135652285403156,-0.600035971482188,0.19168788687260274,-0.3273703686361172,2.090897155112851
7.245000000000754,-2.6240672991744587,0.013237622257393805,-0.5979334530224785,0.19263440985658645,-0.3277498455139443,2.11339044303706
7.2460000000007545,-2.623874184262999,0.012909640427974997,-0.5958084830442943,0.1935791967853019,-0.3281213574060359,2.135796322309045
7.247000000000755,-2.6236801254814273,0.012581291048417409,-0.5936611493167685,0.1945220375976867,-0.32848484382770154,2.1581140918170294
7.248000000000755,-2.623485124884856,0.012252582176223749,-0.5914915403357682,0.19546271617674302,-0.3288402434563421,2.1803429997546084
7.2490000000007555,-2.623289184747745,0.011923521929790357,-0.5892997453731884,0.19640100986911424,-0.32918749622818794,2.2024822464633593
7.250000000000756,-2.623092307570615,0.011594118486296361,-0.5870858545232673,0.19733668915393607,-0.3295265449623046,2.2245309875582344
7.251000000000756,-2.6228944960870093,0.011264380078197033,-0.5848499587456,0.19826951747673763,-0.3298573365307156,2.24648833742299
7.2520000000007565,-2.6226957532705377,0.010934314988765046,-0.5825921499044348,0.19919925126192922,-0.3301798225956951,2.2683533731605907
7.253000000000757,-2.6224960823418084,0.01060393154710181,-0.5803125208037604,0.20012564011443762,-0.33049395993588504,2.2901251390747377
7.254000000000757,-2.6222954867750685,0.010273238123019,-0.578011165217619,0.20104842721744326,-0.3307997103834184,2.3118026517436556
7.2550000000007575,-2.622093970304341,0.009942243122167588,-0.575688177915032,0.20196734992897042,-0.33109704039562954,2.333384905726215
7.256000000000758,-2.62189153692887,0.009610954981766819,-0.5733436546788969,0.20288214057529932,-0.3313859202876993,2.3548708799136797
7.257000000000758,-2.6216881909176775,0.009279382167257133,-0.5709776923182149,0.20379252743385334,-0.3316663231568845,2.3762595445085
7.2580000000007585,-2.621483936813047,0.008947533170167749,-0.5685903886730488,0.2046982358924681,-0.33193822353471186,2.397549868575681
7.259000000000759,-2.621278779432769,0.00861541650744982,-0.5661818426116787,0.205598989765949,-0.3322015958103269,2.4187408280739278
7.260000000000759,-2.6210727238710008,0.008283040722479365,-0.563752154019541,0.20649451274482467,-0.33245641247553975,2.439831414235125
7.2610000000007595,-2.620865775497624,0.007950414387880009,-0.5613014237796818,0.20738452994553477,-0.3327026422493044,2.4608206421242484
7.26200000000076,-2.62065793995602,0.007617546110254668,-0.558829753744642,0.2082687695263281,-0.3329402481456099,2.4817075591804567
7.26300000000076,-2.620449223159209,0.007284444536848985,-0.5563372466999029,0.20914696432928398,-0.33316918555324143,2.5024912535166277
7.2640000000007605,-2.6202396312843517,0.006951118364099697,-0.5538240063192511,0.2100188535064761,-0.3333894003978385,2.523170861741653
7.265000000000761,-2.620029170765654,0.006617576347950997,-0.5512901371126583,0.21088418408766674,-0.3336008274555585,2.5437455760693037
7.266000000000761,-2.6198178482857486,0.006283827315754673,-0.5487357443675032,0.21174271244823192,-0.3338033888831139,2.564214650490521
7.2670000000007615,-2.6196056707656723,0.005949880179508715,-0.5461609340841725,0.2125942056393049,-0.3339969930209637,2.5845774058124755
7.268000000000762,-2.619392645353597,0.005615743950137599,-0.5435658129072574,0.21343844254725605,-0.33418153351532726,2.604833233406379
7.269000000000762,-2.6191787794125005,0.005281427752478357,-0.5409504880536955,0.21427521485630666,-0.33435688879106834,2.6249815975544157
7.2700000000007625,-2.6189640805069736,0.0049469408406119355,-0.5383150672392923,0.2151043277958767,-0.33452292189226923,2.645022036340883
7.271000000000763,-2.6187485563893973,0.004612292613170344,-0.5356596586050804,0.21592560066267655,-0.3346794806915143,2.6649541610898067
7.272000000000763,-2.6185322149857084,0.004277492628256703,-0.5329843706449455,0.21673886711601373,-0.3348263984536233,2.684777654406873
7.2730000000007635,-2.6183150643809796,0.003942550617636529,-0.5302893121358668,0.2175439752527715,-0.3349634947258157,2.70449226693374
7.274000000000764,-2.6180971128050317,0.0036074764998924886,-0.5275745920719843,0.218340787475565,-0.33509057651487917,2.7240978129645943
7.275000000000764,-2.617878368618268,0.0032722803922787366,-0.5248403196035448,0.21912918017335217,-0.3352074397034143,2.743594165106119
7.2760000000007645,-2.617658840297917,0.002936972621061814,-0.5220866039815831,0.21990904323805757,-0.3353138706519193,2.7629812481817457
7.277000000000765,-2.6174385364248254,0.0026015637301896296,-0.5193135545089895,0.2206802794434876,-0.3354096479313387,2.7822590325892143
7.278000000000765,-2.617217465670934,0.002266064488185315,-0.516521280498407,0.22144280371402453,-0.33549454413148183,2.8014275273179314
7.2790000000007655,-2.6169956367875225,0.001930485893215925,-0.5137098912371987,0.2221965423104413,-0.3355683276939658,2.8204867728210403
7.280000000000766,-2.616773058594305,0.0015948391763349126,-0.5108794959595426,0.22294143195889732,-0.33563076472349823,2.8394368339184464
7.281000000000766,-2.616549739969412,0.0012591358029403871,-0.5080302038255421,0.2236774189470223,-0.33568162073778335,2.8582777928835155
7.2820000000007665,-2.6163256898402842,0.000923387472527383,-0.5051621239071041,0.22440445820823604,-0.3357206623235202,2.877009742839865
7.283000000000767,-2.6161009171754817,0.0005876061168412288,-0.502275365180224,0.22512251241234008,-0.3357476586733522,2.8956327815675293
7.284000000000767,-2.6158754309773915,0.00025180389656068316,-0.49937003652322676,0.22583155107717823,-0.33576238298577876,2.91414700579134
7.2850000000007675,-2.615649240275813,-8.400680334585563e-05,-0.49644624672045873,0.22653154971297126,-0.3357646137166444,2.932552505999828
7.286000000000768,-2.6154223541223685,-0.00041981337943933656,-0.4935041044708827,0.22722248900792819,-0.33575413567664925,2.9508493618211222
7.287000000000768,-2.6151947815857213,-0.0007556030166495001,-0.49054371840101474,0.22790435406101223,-0.3357307409742653,2.969037637963652
7.2880000000007685,-2.6149665317475206,-0.0010913626959815023,-0.4875651970816406,0.22857713366535037,-0.3356942298074488,2.9871173807141287
7.289000000000769,-2.6147376136990443,-0.0014270792029414598,-0.48456864904776314,0.22924081964374246,-0.33564441111063603,3.0050886149732023
7.290000000000769,-2.6145080365384845,-0.001762739136540347,-0.48155418282125695,0.22989540623605045,-0.3355811030657655,3.0229513418001703
7.2910000000007695,-2.6142778093688097,-0.0020983289187452396,-0.47852190693573793,0.2305408895369087,-0.3355041334875737,3.040705536431804
7.29200000000077,-2.6140469412961744,-0.002433834804257633,-0.4754719299631933,0.23117726698116306,-0.3354133400942795,3.058351146736373
7.29300000000077,-2.613815441428817,-0.0027692428905099075,-0.47240436054195695,0.2318045368736829,-0.3353085706751108,3.075888092061898
7.2940000000007705,-2.6135833188764073,-0.0031045391277824607,-0.4693193074056564,0.2324226979596571,-0.3351896831660487,3.093316262437158
7.295000000000771,-2.613350582749809,-0.003439709329355233,-0.4662168794128,0.2330317490311411,-0.3350565456447659,3.1106355180846528
7.296000000000771,-2.613117242161209,-0.003774739181618037,-0.463097185576711,0.23363168856543692,-0.33490903625510565,3.127845689206278
7.2970000000007715,-2.612883306224612,-0.004109614254074078,-0.45996033509555573,0.23422251439082079,-0.3347470430706597,3.144946576004608
7.298000000000772,-2.6126487840566366,-0.004444320009180174,-0.4568064373822469,0.23480422337516407,-0.33457046390611916,3.161937948905222
7.299000000000772,-2.61241368477763,-0.0047788418119753834,-0.45363560209403736,0.23537681113309272,-0.3343792060841396,3.178819548948229
7.3000000000007725,-2.6121780175130596,-0.005113164939457059,-0.4504479391616501,0.23594027174748117,-0.3341731861645201,3.1955910883199357
7.301000000000773,-2.6119417913951812,-0.005447274589669628,-0.44724355881781763,0.2364945975012652,-0.3339523296415717,3.2122522509983393
7.302000000000773,-2.6117050155649677,-0.005781155890476892,-0.4440225716251289,0.23703977861577077,-0.3337165706146687,3.2288026934887646
7.3030000000007735,-2.6114676991743018,-0.0061147939079931705,-0.4407850885031044,0.2375758029919861,-0.33346585143614615,3.245242045628409
7.304000000000774,-2.6112298513884244,-0.006448173654652385,-0.4375312207544401,0.23810265595144697,-0.333200122339943,3.2615699114408296
7.305000000000774,-2.610991481388649,-0.006781280096897276,-0.4342610800903797,0.2386203199738241,-0.33291934104739435,3.2777858700446916
7.3060000000007745,-2.610752598375041,-0.007114098151859528,-0.430974778631332,0.23912877512910255,-0.3326234445427681,3.293889570105772
7.307000000000775,-2.6105132115679286,-0.007446612622149453,-0.4276724286847706,0.23962800051412683,-0.33231227333361196,3.3098809827890983
7.308000000000775,-2.610273330210682,-0.007778808153306926,-0.42435414254421167,0.24011797160875406,-0.3319856538636921,3.3257601223185485
7.3090000000007755,-2.610032963573069,-0.008110669212668849,-0.4210200325087418,0.24059865937806163,-0.33164342284755993,3.3415269637496867
7.310000000000776,-2.6097921209562362,-0.008442180109138437,-0.41767021092113654,0.24107003003241706,-0.33128542659695537,3.3571814450518187
7.311000000000776,-2.609550811697601,-0.008773325002448774,-0.4143047902039508,0.24153204476860576,-0.33091152035473376,3.372723469080282
7.3120000000007765,-2.609309045175997,-0.009104087911763757,-0.4109238828936941,0.24198465949103967,-0.33052156763553614,3.3881529054342656
7.313000000000777,-2.6090668308171123,-0.009434452723622764,-0.40752760167320695,0.24242782450742356,-0.3301154395921278,3.4034695920854254
7.314000000000777,-2.608824178099445,-0.009764403199976986,-0.4041160594052882,0.24286148378167827,-0.3296930159628146,3.4186733279532326
7.3150000000007775,-2.608581096561093,-0.010093922987542395,-0.4006893691794831,0.2432855740646513,-0.329254186455221,3.4337638629206393
7.316000000000778,-2.6083375958066517,-0.010422995625649537,-0.39724764435095483,0.24370002544245442,-0.32879884681294624,3.4487409179246677
7.317000000000778,-2.6080936855141177,-0.010751604552163578,-0.39379099856653194,0.2441047611013356,-0.3283268977081039,3.4636041889548594
7.3180000000007785,-2.607849375441896,-0.011079733107830315,-0.39031954578909045,0.24449969695251092,-0.32783824413314044,3.478353348166284
7.319000000000779,-2.6076046754362623,-0.011407364540298419,-0.38683340032087427,0.24488474125624907,-0.32733279480651467,3.4929880448912947
7.320000000000779,-2.6073595954392013,-0.011734482007556864,-0.3833326768258499,0.24525979425383285,-0.3268104615982846,3.50750790656162
7.3210000000007796,-2.6071141454965976,-0.0120610685808114,-0.37981749035117757,0.24562474781821925,-0.3262711589838129,3.521912539556758
7.32200000000078,-2.6068683357667672,-0.012387107246833335,-0.37628795634786183,0.24597948513666085,-0.3257148035363173,3.536201529999777
7.32300000000078,-2.60662217652928,-0.012712580909826026,-0.3727441906906222,0.24632388044118092,-0.32514131347181996,3.5503744445275474
7.3240000000007806,-2.6063756781940226,-0.013037472392869565,-0.36918630969699223,0.24665779880551017,-0.3245506082631003,3.5644308310689254
7.325000000000781,-2.606128851310418,-0.013361764439022221,-0.36561443014562023,0.24698109602972768,-0.3239426083423699,3.5783702196712515
7.326000000000781,-2.605881706576714,-0.01368543971217849,-0.36202866929369965,0.24729361863616314,-0.32331723491531245,3.592192123422168
7.3270000000007816,-2.605634254849201,-0.014008480797807355,-0.35842914489340855,0.24759520400178417,-0.3226744099115082,3.6058960395194584
7.328000000000782,-2.6053865071512248,-0.014330870203720257,-0.35481597520718144,0.24788568065290018,-0.3220140560976093,3.619481450545371
7.329000000000782,-2.6051384746818096,-0.014652590361044493,-0.35118927902158115,0.24816486874708446,-0.32133609737936464,3.6329478260023405
7.330000000000783,-2.6048901688236983,-0.014973623625602851,-0.3475491756594814,0.24843258076423716,-0.3206404593160408,3.6462946241626835
7.331000000000783,-2.6046416011505906,-0.015293952279921235,-0.34389578499022516,0.2486886224232143,-0.31992706986529296,3.6595212942741537
7.332000000000783,-2.6043927834333456,-0.015613558536099942,-0.3402292274373884,0.24893279383209663,-0.3191958603675522,3.6726272791447467
7.333000000000784,-2.6041437276449226,-0.015932424539787157,-0.3365496239837696,0.24916489086889615,-0.31844676676625233,3.6856120181031433
7.334000000000784,-2.6038944459638325,-0.01625053237548176,-0.33285709617324544,0.2493847067756157,-0.31767973104391006,3.698474950295821
7.335000000000784,-2.6036449507759007,-0.016567864073363282,-0.32915176610919306,0.24959203393290885,-0.3168947028350365,3.711215518239834
7.336000000000785,-2.603395254674189,-0.016884401617797785,-0.32543375644928235,0.24978666576648595,-0.3160916411566626,3.7238331715050137
7.337000000000785,-2.6031453704569705,-0.017200126957599805,-0.32170319039659007,0.24996839872170187,-0.31527051617819657,3.7363273703560442
7.338000000000785,-2.6028953111237243,-0.017515022018044245,-0.3179601916871765,0.25013703423152106,-0.3144313109371723,3.748697589149993
7.339000000000786,-2.6026450898692084,-0.017829068714524176,-0.31420488457447954,0.2502923805972826,-0.31357402289904235,3.760943319265331
7.340000000000786,-2.6023947200757194,-0.01814224896764819,-0.3104373938111077,0.25043425470288205,-0.3126986652598708,3.773064071340029
7.341000000000786,-2.602144215303753,-0.018454544719474594,-0.30665784462882395,0.2505624834917474,-0.3118052679018437,3.7850593766224607
7.342000000000787,-2.6018935892813335,-0.018765937950499446,-0.3028663627176859,0.25067690515177016,-0.31089387793263557,3.796928787289175
7.343000000000787,-2.601642855892311,-0.019076410696960207,-0.2990630742054198,0.2507773699744434,-0.30996455976884324,3.808671875653761
7.344000000000787,-2.601392029163967,-0.019385945067993515,-0.29524810563814086,0.25086374087825153,-0.3090173947574655,3.820288232272787
7.345000000000788,-2.6011411232542656,-0.019694523262196336,-0.291421583963486,0.250935893609829,-0.30805248036346766,3.8317774630378167
7.346000000000788,-2.6008901524390375,-0.020002127583183007,-0.28758363651709573,0.2509937166567186,-0.3070699289815357,3.8431391854160553
7.347000000000788,-2.600639131099384,-0.02030874045380062,-0.28373439101319237,0.25103711092057573,-0.30606986645271445,3.8543730240574705
7.348000000000789,-2.600388073709501,-0.02061434442875311,-0.2798739755397645,0.25106598920826695,-0.3050524303796883,3.8654786060178017
7.349000000000789,-2.600136994825074,-0.020918922205480448,-0.2760025185586134,0.2510802756004827,-0.30401776833757044,3.8764555558533145
7.350000000000789,-2.5998859090723485,-0.021222456633234223,-0.2721201489102677,0.2510799047541087,-0.3029660360712749,3.88730349082687
7.35100000000079,-2.599634831137906,-0.021524930720376208,-0.2682269958235488,0.2510648211871578,-0.3018973957579594,3.898022016430996
7.35200000000079,-2.5993837757591534,-0.021826327639997013,-0.26432318892938567,0.25103497858523943,-0.30081201439623395,3.908610722388731
7.35300000000079,-2.599132757715475,-0.022126630734004782,-0.26040885827834137,0.25099033915791485,-0.299710062365412,3.919069179243625
7.354000000000791,-2.598881791820005,-0.022425823515868085,-0.25648413436122675,0.250930873063119,-0.2985917121801792,3.929396935602141
7.355000000000791,-2.5986308929119337,-0.022723889672214642,-0.2525491481321352,0.2508565579089684,-0.2974571374502372,3.9395935160488613
7.356000000000791,-2.598380075849272,-0.023020813063490315,-0.24860403103323098,0.25076737833516805,-0.296306512041621,3.949658419719897
7.357000000000792,-2.5981293555019978,-0.023316577723874576,-0.24464891502065095,0.25066332567099003,-0.29514000942682467,3.959591119493624
7.358000000000792,-2.5978787467455096,-0.023611167860632238,-0.2406839325909308,0.2505443976632947,-0.29395780220447354,3.9693910617401365
7.359000000000792,-2.5976282644543156,-0.02390456785305995,-0.236709216807431,0.250410598266047,-0.2927600617656707,3.979057666560658
7.360000000000793,-2.5973779234959165,-0.024196762251162247,-0.23272490132630858,0.250261937481919,-0.2915469580827852,3.9885903284441526
7.361000000000793,-2.597127738724812,-0.024487735774167636,-0.22873112042165375,0.25009843124655357,-0.2903186595967777,3.99798841726911
7.362000000000793,-2.596877724976617,-0.02477747330897199,-0.22472800900948092,0.24992010134660742,-0.28907533318065887,4.0072512795824595
7.363000000000794,-2.5966278970622385,-0.02506595990857514,-0.22071570267032822,0.249726975363565,-0.2878171441588918,4.016378240093654
7.364000000000794,-2.5963782697621003,-0.02535318079055757,-0.21669433767027854,0.24951908663634603,-0.2865442563651426,4.025368603329081
7.365000000000794,-2.5961288578204034,-0.02563912133562794,-0.21266405098026603,0.24929647423679102,-0.2852568322234807,4.034221655399515
7.366000000000795,-2.595879675939396,-0.025923767086258518,-0.2086249802935756,0.2490591829531251,-0.28395503284076057,4.042936665840611
7.367000000000795,-2.5956307387736706,-0.026207103745414535,-0.20457726404147938,0.24880726327742003,-0.28263901810035785,4.051512889493356
7.368000000000795,-2.59538206092446,-0.02648911717537491,-0.20052104140698437,0.2485407713938779,-0.28130894674963114,4.059949568397508
7.369000000000796,-2.595133656933956,-0.02676979339663492,-0.19645645233668915,0.24825976916543865,-0.27996497647539603,4.068245933676502
7.370000000000796,-2.5948855412796363,-0.02704911858687677,-0.19238363755076734,0.24796432411677588,-0.2786072639633424,4.076401207396869
7.371000000000796,-2.594637728368616,-0.02732707907999043,-0.18830273855110982,0.2476545094121977,-0.27723596493870223,4.084414604389132
7.372000000000797,-2.594390232532019,-0.027603661365125213,-0.18421389762766968,0.24733040382733057,-0.2758512341866139,4.092285334020283
7.373000000000797,-2.5941430680193864,-0.027878852085751252,-0.18011725786306193,0.2469920917137452,-0.27445322555155255,4.100012601910547
7.374000000000797,-2.593896248993119,-0.02815263803871011,-0.1760129631354765,0.24663966295590029,-0.2730420919159372,4.107595611589188
7.375000000000798,-2.5936497895229707,-0.028425006173233822,-0.17190115811996776,0.24627321291994675,-0.2716179851586077,4.115033566085702
7.376000000000798,-2.593403703580597,-0.028695943589912887,-0.16778198828818577,0.24589284239406065,-0.2701810560943151,4.122325669453989
7.377000000000798,-2.5931580050341627,-0.02896543753959485,-0.16365559990661793,0.2454986575200693,-0.2687314543957106,4.129471128228035
7.378000000000799,-2.592912707643032,-0.029233475422196908,-0.1595221400334092,0.24509076971620988,-0.26726932849956714,4.136469152808314
7.379000000000799,-2.5926678250525286,-0.029500044785417578,-0.15538175651383093,0.24466929559091777,-0.2657948254991451,4.143318958778627
7.380000000000799,-2.5924233707887963,-0.029765133323334744,-0.15123459797446745,0.24423435684759195,-0.264308091024728,4.150019768153431
7.3810000000008,-2.5921793582537536,-0.03002872887487913,-0.14708081381619,0.24378608018032605,-0.26280926911441965,4.156570810555983
7.3820000000008,-2.59193580072016,-0.03029081942217461,-0.14292055420598698,0.24332459716063382,-0.26129850207732197,4.162971324327728
7.3830000000008,-2.5916927113267985,-0.030551393088738783,-0.13875397006771886,0.24285004411523559,-0.2597759303512046,4.169220557569509
7.384000000000801,-2.591450103073784,-0.03081043813753929,-0.1345812130718658,0.24236256199501172,-0.2582416923567448,4.175317769115185
7.385000000000801,-2.591207988818011,-0.03106794296890354,-0.130402435624335,0.24186229623526845,-0.25669592435036276,4.181262229438311
7.386000000000801,-2.59096638126874,-0.03132389611828134,-0.1262177908543949,0.2413493966075051,-0.25513876027760357,4.187053221492541
7.387000000000802,-2.5907252929833406,-0.031578286253861984,-0.12202743260180136,0.24082401706291443,-0.25357033162893244,4.192690041486415
7.388000000000802,-2.5904847363631927,-0.03183110217404909,-0.11783151540318197,0.24028631556789604,-0.25199076729970954,4.198171999593237
7.389000000000802,-2.5902447236497563,-0.032082332804798115,-0.1136301944777424,0.2397364539319098,-0.25040019345600406,4.203498420596764
7.390000000000803,-2.5900052669208202,-0.03233196719682335,-0.10942362571235895,0.23917459762804602,-0.24879873340778957,4.208668644473463
7.391000000000803,-2.5897663780869262,-0.032579994522682294,-0.10521196564612009,0.2386009156067399,-0.2471865074909414,4.213682026912145
7.392000000000803,-2.589528068887992,-0.032826404073747005,-0.10099537145437947,0.23801558010310633,-0.24556363295932768,4.218537939771862
7.393000000000804,-2.5892903508901224,-0.03307118525707306,-0.0967740009323813,0.23741876643842247,-0.2439302238881545,4.2232357714790165
7.394000000000804,-2.589053235482628,-0.033314327592177916,-0.09254801247851877,0.23681065281633165,-0.24228639108959066,4.227774927364739
7.395000000000804,-2.588816733875243,-0.03355582070774136,-0.08831756507728435,0.23619142011438862,-0.24063224204156078,4.232154829943682
7.396000000000805,-2.5885808570955584,-0.03379565433824172,-0.08408281828197006,0.23556125167160852,-0.23896788083045792,4.236374919135504
7.397000000000805,-2.588345615986669,-0.034033818320541906,-0.07984393219717442,0.23492033307272076,-0.2372934081083897,4.240434652430437
7.398000000000805,-2.5881110212050373,-0.03427030259044022,-0.075601067461171,0.2342688519298635,-0.2356089210654346,4.24433350500046
7.399000000000806,-2.587877083218573,-0.03450509717920105,-0.07135438522819246,0.2336069976624837,-0.23391451341725097,4.248070969757729
7.400000000000806,-2.5876438123049397,-0.03473819221008089,-0.06710404715068166,0.23293496127623206,-0.2322102754082494,4.251646557362056
7.401000000000806,-2.587411218550076,-0.03496957789486543,-0.06285021536156005,0.23225293514165987,-0.23049629383040995,4.255059796179373
7.402000000000807,-2.5871793118469446,-0.03519924453043315,-0.05859305245656116,0.23156111277353647,-0.22877265205770328,4.258310232193208
7.403000000000807,-2.586948101894495,-0.03542718249536114,-0.054332721476675304,0.23085968861161119,-0.22703943009595406,4.261397428871369
7.404000000000807,-2.5867175981968487,-0.03565338224658838,-0.05006938589074893,0.2301488578036423,-0.22529670464787488,4.2643209669901365
7.405000000000808,-2.5864878100626965,-0.03587783431615141,-0.04580320957828006,0.22942881599150644,-0.22354454919289074,4.267080444418335
7.406000000000808,-2.586258746604912,-0.03610052930800712,-0.04153435681244872,0.22869975910118745,-0.22178303408127686,4.269675475863805
7.407000000000808,-2.586030416740371,-0.036321457894956485,-0.037262992243418544,0.22796188313742133,-0.22001222664204173,4.272105692584837
7.408000000000809,-2.5858028291899693,-0.03654061081568284,-0.03298928088194339,0.22721538398374627,-0.21823219130390425,4.274370742069213
7.409000000000809,-2.585575992478847,-0.03675797887191738,-0.028713388083309997,0.22646045720867194,-0.21644298972864148,4.276470287683541
7.410000000000809,-2.5853499149367916,-0.036973552925743794,-0.024435479531645012,0.2256972978786434,-0.2146446809560173,4.278404008295618
7.41100000000081,-2.5851246046988354,-0.03718732389705332,-0.02015572122461196,0.22492610037842906,-0.21283732155944854,4.2801715978725685
7.41200000000081,-2.5849000697060216,-0.03739928276116045,-0.015874279458521056,0.22414705823951392,-0.21102096581151744,4.281772765057496
7.41300000000081,-2.5846763177063394,-0.037609420546588675,-0.011591320813871972,0.22336036397702502,-0.20919566585840382,4.283207232727386
7.414000000000811,-2.5844533562558194,-0.037817728333034685,-0.0073070121413469115,0.2225662089356605,-0.207361471902281,4.284474737534969
7.415000000000811,-2.584231192719777,-0.038024197249518596,-0.0030215205482687505,0.22176478314503392,-0.20551843239070208,4.285575029437191
7.416000000000811,-2.5840098342741937,-0.03822881847272661,0.001264986614463704,0.22095627518478578,-0.20366659421199143,4.286507871212884
7.417000000000812,-2.5837892879072344,-0.038431583225551666,0.005552341764953787,0.22014087205975144,-0.20180600289565426,4.287273037972181
7.418000000000812,-2.583569560420877,-0.03863248277583657,0.00984037710239135,0.21931875908541335,-0.19993670281682277,4.287870316660081
7.419000000000812,-2.5833506584326553,-0.038831508435323216,0.014128924618638787,0.21849011978380348,-0.1980587374037688,4.288299505556543
7.420000000000813,-2.5831325883775023,-0.03902865155881047,0.018417816109316337,0.21765513578996182,-0.19617214934753152,4.288560413775317
7.421000000000813,-2.5829153565096763,-0.03922390354352228,0.022706883184386507,0.21681398676899713,-0.19427698081273317,4.288652860763658
7.422000000000813,-2.5826989689047704,-0.039417255828686895,0.02699595727823948,0.2159668503437405,-0.19237327364868492,4.288576675804936
7.423000000000814,-2.582483431461787,-0.03960869989532692,0.03128486965928341,0.21511390203292804,-0.19046106959991752,4.28833169752603
7.424000000000814,-2.582268749905266,-0.03979822726625933,0.03557345143904523,0.21425531519979862,-0.188540410515309,4.287917773411279
7.425000000000814,-2.5820549297874633,-0.03998582950630348,0.03986153358078938,0.21339126101094563,-0.18661133855502077,4.287334759324652
7.426000000000815,-2.581841976490565,-0.040171498222694745,0.04414894690766352,0.21252190840521912,-0.1846738963944946,4.28658251904166
7.427000000000815,-2.581629895228925,-0.04035522506570035,0.04843552211038156,0.21164742407243545,-0.18272812742480604,4.285660923792441
7.428000000000815,-2.581418691051322,-0.04053700172943344,0.05272108975445595,0.21076797244161716,-0.1807740759487134,4.284569851817299
7.429000000000816,-2.581208368843221,-0.040716819952860805,0.05700548028699225,0.20988371567845573,-0.17881178737178438,4.283309187935931
7.430000000000816,-2.5809989333290355,-0.04089467152099904,0.061288524043060226,0.2089948136916635,-0.176841308388026,4.281878823131406
7.431000000000816,-2.5807903890743784,-0.041070548266293354,0.06557005125165674,0.20810142414785976,-0.17486268715948522,4.280278654149921
7.432000000000817,-2.580582740488291,-0.04124444207017275,0.06984989204127666,0.20720370249461792,-0.17287597348932857,4.278508583117241
7.433000000000817,-2.580375991825449,-0.04141634486477485,0.0741278764451089,0.20630180199128698,-0.17088121898794897,4.276568517172672
7.434000000000817,-2.5801701471883343,-0.04158624863483315,0.0784038344058756,0.20539587374719032,-0.16887847723168398,4.274458368121314
7.435000000000818,-2.5799652105293593,-0.041754145419719155,0.0826775957803329,0.20448606676679726,-0.16686780391376674,4.27217805210532
7.436000000000818,-2.5797611856529485,-0.04192002731563145,0.08694899034345277,0.20357252800145947,-0.16484925698716338,4.269727489294784
7.437000000000818,-2.5795580762175643,-0.04208388647792337,0.0912178477923059,0.20265540240730176,-0.1628228967989821,4.2671066035988625
7.438000000000819,-2.5793558857376677,-0.042245715123560776,0.09548399774966593,0.20173483300885817,-0.16078878621616874,4.264315322397679
7.439000000000819,-2.579154617585621,-0.04240550553370109,0.09974726976735623,0.2008109609680459,-0.15874699074223148,4.2613535762955035
7.440000000000819,-2.5789542749935084,-0.04256325005638441,0.10400749332936078,0.19988392565807375,-0.15669757862476244,4.258221298895697
7.44100000000082,-2.5787548610548905,-0.04271894110932749,0.10826449785472096,0.19895386474188595,-0.15464062095354955,4.254918426597841
7.44200000000082,-2.5785563787264723,-0.04287257118281107,0.11251811270024077,0.19802091425474777,-0.15257619174909434,4.251444898417457
7.44300000000082,-2.5783588308296865,-0.04302413284265081,0.11676816716302325,0.19708520869058502,-0.15050436804137418,4.2478006558287
7.444000000000821,-2.5781622200521923,-0.04317361873324209,0.1210144904828612,0.19614688109169476,-0.1484252299387099,4.243985642630335
7.445000000000821,-2.5779665489492807,-0.04332102158066864,0.12525691184450563,0.1952060631414498,-0.1463388606866205,4.239999804835334
7.446000000000821,-2.5777718199451867,-0.04346633419586502,0.1294952603798358,0.19426288525962485,-0.14424534671656875,4.235843090584323
7.447000000000822,-2.5775780353343025,-0.04360954947782271,0.13372936516995465,0.19331747669997534,-0.14214477768452344,4.231515450083129
7.448000000000822,-2.5773851972823714,-0.043750660417022864,0.13795905524665394,0.19236996537176715,-0.14003724720512312,4.227016832420903
7.449000000000822,-2.577193307828815,-0.043889660102024004,0.1421841595813724,0.19142047619945668,-0.13792285729758005,4.222347165863233
7.450000000000823,-2.5770023688886976,-0.04402654172543161,0.14640450706843203,0.19046913244484476,-0.1358017153061988,4.217506371665997
7.451000000000823,-2.576812382254389,-0.04416129858933896,0.15061992652476563,0.18951605666768023,-0.13367393172080316,4.212494373802469
7.452000000000823,-2.576623349596001,-0.04429392410792615,0.1548302466927552,0.18856137083706911,-0.1315396201420519,4.207311099102221
7.453000000000824,-2.576435272461917,-0.04442441181053709,0.15903529624311677,0.18760519643377085,-0.12939889726009168,4.201956477310596
7.454000000000824,-2.576248152279228,-0.0445527553447542,0.1632349037778578,0.18664765455228988,-0.12725188282307823,4.196430441173566
7.455000000000824,-2.5760619903540714,-0.04467894847943644,0.1674288978333315,0.18568886600238124,-0.12509869959570794,4.190732926547549
7.456000000000825,-2.575876787871862,-0.04480298510771116,0.17161710688341372,0.1847289514095869,-0.12293947330793367,4.184863872533712
7.457000000000825,-2.575692545897429,-0.044924859249909695,0.17579935934282567,0.18376803131441713,-0.12077433259406935,4.178823221636135
7.458000000000825,-2.575509265375053,-0.04504456505643739,0.17997548357062687,0.1828062262697885,-0.1186034089225202,4.172610919943123
7.459000000000826,-2.575326947128402,-0.04516209681056881,0.18414530787390032,0.18184365693632756,-0.11642683651640653,4.166226917330843
7.460000000000826,-2.575145591860382,-0.045277448931159134,0.18830866051165226,0.18088044417514695,-0.11424475226538043,4.159671167688313
7.461000000000826,-2.5749652001528895,-0.04539061597526304,0.19246536969894718,0.179916709137699,-0.11205729562896465,4.152943629162677
7.462000000000827,-2.574785772466477,-0.04550159264065295,0.19661526361129747,0.17895257335231016,-0.10986460853177189,4.14604426442356
7.463000000000827,-2.574607309139934,-0.045610373768228483,0.20075817038932683,0.1779881588069991,-0.10766683525099006,4.138973040945188
7.464000000000827,-2.574429810389791,-0.04571695434430976,0.20489391814372376,0.17702358802818213,-0.10546412229654333,4.131729931304803
7.465000000000828,-2.574253276309741,-0.045821329502807394,0.20902233496050113,0.1760589841548694,-0.10325661828436235,4.124314913495832
7.466000000000828,-2.574077706869993,-0.045923494527262416,0.21314324890657546,0.1750944710079592,-0.10104447380321564,4.116727971254094
7.467000000000828,-2.573903101916558,-0.04602344485275011,0.21725648803567837,0.1741301731542392,-0.09882784127557072,4.108969094395258
7.468000000000829,-2.573729461170472,-0.04612117606764186,0.22136188039461016,0.1731662159647093,-0.09660687481296591,4.101038279161622
7.469000000000829,-2.5735567842269687,-0.04621668391521981,0.22545925402984401,0.1722027256668446,-0.09438173006638254,4.092935528576196
7.470000000000829,-2.5733850705545955,-0.046309964295139686,0.22954843699448713,0.17123982939042476,-0.09215256407211168,4.08466085280195
7.47100000000083,-2.573214319494295,-0.046401013264737334,0.23362925735560264,0.17027765520656193,-0.08991953509360968,4.076214269504008
7.47200000000083,-2.5730445302584455,-0.04648982704017537,0.2377015432018944,0.16931633215956912,-0.0876828024598324,4.0675958042124485
7.47300000000083,-2.5728757019298745,-0.046576401997426596,0.24176512265175365,0.16835599029131845,-0.08544252640052946,4.05880549068332
7.474000000000831,-2.5727078334608544,-0.04666073467309138,0.24581982386166495,0.1673967606577499,-0.08319886787896616,4.04984337125535
7.475000000000831,-2.572540923672083,-0.04674282176504662,0.24986547503496553,0.16643877533720033,-0.08095198842252349,4.040709497199781
7.476000000000831,-2.5723749712516586,-0.046822660132924486,0.2539019044309499,0.16548216743023492,-0.07870204995160425,4.031403929060667
7.477000000000832,-2.572209974754065,-0.04690024679841935,0.2579289403743089,0.1645270710506737,-0.07644921460724749,4.021926736982904
7.478000000000832,-2.572045932599165,-0.04697557894542183,0.2619464112648895,0.16357362130751912,-0.0741936445778237,4.012278001025172
7.479000000000832,-2.5718828430712177,-0.047048653919979214,0.26595414558775854,0.16262195427750256,-0.07193550192514987,4.0024578114549225
7.480000000000833,-2.5717207043179293,-0.04711946923008186,0.26995197192355186,0.16167220696798226,-0.06967494841032758,3.992466269022459
7.481000000000833,-2.5715595143495475,-0.04718802254527534,0.273939718959085,0.16072451726993886,-0.0674121453195682,3.9823034852110935
7.482000000000833,-2.571399271038001,-0.04725431169609859,0.2779172154982014,0.15977902390083099,-0.06514725329022956,3.9719695824603076
7.483000000000834,-2.5712399721161106,-0.047318334673348124,0.2818842904728289,0.15883586633709063,-0.06288043213724598,3.9614646943587735
7.484000000000834,-2.5710816151768654,-0.04738008962716911,0.28584077295421245,0.15789518473605724,-0.06061184068009195,3.9507889658040467
7.485000000000834,-2.570924197672789,-0.04743957486597357,0.2897864921642889,0.15695711984717178,-0.058341636570378476,3.9399425531256975
7.486000000000835,-2.5707677169153924,-0.047496788855186586,0.29372127748716537,0.1560218129122774,-0.056069976120141175,3.928925624168616
7.487000000000835,-2.570612170074739,-0.047551730215821125,0.297644958480659,0.15508940555490425,-0.053797014130842216,3.917738358333215
7.488000000000835,-2.570457554179123,-0.04760439772288218,0.30155736488785484,0.15416003965845115,-0.05152290372307662,3.9063809465692874
7.489000000000836,-2.5703038661148727,-0.04765479030360104,0.3054583266486323,0.1532338572332213,-0.049247796166946446,3.8948535913203166
7.490000000000836,-2.570151102626299,-0.04770290703550017,0.30934767391111057,0.15231100027232075,-0.04697184071304949,3.8831565064151774
7.491000000000836,-2.569999260315786,-0.04774874714428933,0.3132252370429575,0.15139161059649311,-0.044695184424021164,3.8712899169043373
7.492000000000837,-2.5698483356440462,-0.047792310001593584,0.3170908466425065,0.15047582968804052,-0.042417972006575856,3.859254058837973
7.493000000000837,-2.569698324930549,-0.04783359512251352,0.32094433354962093,0.14956379851407517,-0.04014034564401637,3.847049178983825
7.494000000000837,-2.569549224354125,-0.04787260216301819,0.3247855288562463,0.14865565733945926,-0.03786244482922543,3.8346755344831935
7.495000000000838,-2.5694010299537693,-0.047909330917171415,0.3286142639165862,0.14775154552992673,-0.03558440619822269,3.8221333924442775
7.496000000000838,-2.569253737629641,-0.047943781314191886,0.33243037035684125,0.14685160134604391,-0.03330636336447092,3.8094230294730935
7.497000000000838,-2.5691073431442764,-0.04797595341534814,0.3362336800844475,0.14595596172885858,-0.031028446754252585,3.7965447311435896
7.498000000000839,-2.5689618421240175,-0.04800584741068968,0.34002402529675646,0.14506476207831537,-0.028750783443616822,3.7834987914103166
7.499000000000839,-2.5688172300606675,-0.04803346361561609,0.34380123848910105,0.14417813602577967,-0.0264734969976269,3.7702855119692558
7.500000000000839,-2.5686735023133744,-0.04805880246728697,0.34756515246219977,0.14329621520231814,-0.024196707312923508,3.756905201575165
7.50100000000084,-2.5685306541107495,-0.04808186452087668,0.35131560032886133,0.14241912900473158,-0.021920530464968304,3.7433581753272285
7.50200000000084,-2.5683886805532157,-0.048102650445679435,0.3550524155199653,0.14154700436172402,-0.019645078561749692,3.7296447539389086
7.50300000000084,-2.5682475766155957,-0.04812116102107227,0.35877543178971344,0.14067996550302017,-0.017370459606221807,3.7157652630128215
7.504000000000841,-2.568107337149921,-0.04813739713234598,0.362484483220169,0.13981813373470073,-0.015096777370309043,3.7017200323471706
7.505000000000841,-2.567967956888463,-0.04815135976641736,0.3661794042251317,0.13896162722450262,-0.012824131283935562,3.6875093953068006
7.506000000000841,-2.567829430446977,-0.04816305000743966,0.36986002955343256,0.13811056080130824,-0.010552616343218777,3.673133688299164
7.507000000000842,-2.5676917523281277,-0.0481724690323329,0.373526194291777,0.13726504577349757,-0.008282323042674998,3.658593250403227
7.508000000000842,-2.567554916925097,-0.048179618106260716,0.37717773386731607,0.13642518977122572,-0.006013337336984699,3.64388842320721
7.509000000000842,-2.5674189185253233,-0.04818449857808633,0.3808144840501858,0.13559109661796925,-0.0037457406385022983,3.6290195509185437
7.510000000000843,-2.5672837513143616,-0.04818711187584673,0.38443628095632204,0.13476286623680656,-0.0014796098571965206,3.613986980815699
7.511000000000843,-2.5671494093798115,-0.04818745950229095,0.38804296105092806,0.1339405945968003,0.0007849825100200427,3.5987910641156406
7.512000000000843,-2.5670158867152817,-0.04818554303053516,0.3916343611530487,0.13312437370447458,0.0030479682336799273,3.5834321573311887
7.513000000000844,-2.566883177224335,-0.0481813640998943,0.39521031844177673,0.13231429164466968,0.005309283143505213,3.5679106241881207
7.514000000000844,-2.5667512747243673,-0.04817492441195535,0.39877067046468057,0.13151043267397905,0.007568866852260454,3.552226838160726
7.515000000000844,-2.5666201729503673,-0.048166225726962185,0.40231525514909505,0.13071287736851256,0.009826662408277882,3.5363811856652445
7.516000000000845,-2.5664898655584993,-0.048155269860583834,0.40584391081694027,0.12992170282592377,0.012082615875793963,3.520374069922008
7.517000000000845,-2.5663603461294615,-0.04814205868113745,0.4093564762037272,0.12913698291957054,0.014336675845575,3.5042059154587064
7.518000000000845,-2.5662316081715613,-0.04812659410733267,0.4128527904823586,0.12835878860049263,0.016588792882315,3.48787717317978
7.519000000000846,-2.56610364512347,-0.04810887810659556,0.4163326932922303,0.12758718824078913,0.01883891891974203,3.471388325872674
7.520000000000846,-2.5659764503566165,-0.04808891269401699,0.41979602477398265,0.1268222480101969,0.021087006618921995,3.4547398939646246
7.521000000000846,-2.565850017177193,-0.04806669993195284,0.42324262561003495,0.12606403227645824,0.023333008709433608,3.43793244128947
7.522000000000847,-2.56572433882775,-0.04804224193028183,0.42667233707077545,0.12531260401962505,0.025576877336369267,3.420966580579751
7.523000000000847,-2.5655994084883766,-0.04801554084730308,0.43008500106597586,0.12456802525090369,0.027818563437956058,3.4038429783725483
7.524000000000847,-2.5654752192774586,-0.04798659889123032,0.43348046020068715,0.12383035742799295,0.03005801617855018,3.386562359014768
7.525000000000848,-2.565351764252034,-0.04795541832221602,0.4368585578345682,0.12309966186095449,0.032295182459596714,3.3691255074794775
7.526000000000848,-2.5652290364077377,-0.047922001454817995,0.4402191381433357,0.12237600010519135,0.034530006526898534,3.3515332707602976
7.527000000000848,-2.5651070286783693,-0.047886350660805585,0.44356204618083056,0.12165943434070985,0.036762429686548394,3.333786557692612
7.528000000000849,-2.5649857339350834,-0.04784846837219347,0.44688712794009305,0.12095002773909856,0.038992390134768115,3.315886337150891
7.529000000000849,-2.564865144985217,-0.04780835708438984,0.45019423041184264,0.12024784482123171,0.04121982289947733,3.2978336346800807
7.530000000000849,-2.5647452545707656,-0.04776601935935113,0.45348320163887007,0.11955295180938061,0.04344465988453679,3.2796295277234764
7.53100000000085,-2.5646260553665052,-0.04772145782864736,0.45675389076505696,0.11886541697716158,0.045666830002034454,3.26127513969812
7.53200000000085,-2.5645075399777664,-0.047674675196359054,0.46000614807802387,0.11818531099969504,0.04788625937423514,3.242771633232436
7.53300000000085,-2.5643897009378582,-0.047625674241745734,0.4632398250447419,0.1175127073047669,0.05010287158512951,3.2241202029143423
7.534000000000851,-2.5642725307051393,-0.047574457821646376,0.46645477433979465,0.11684768242400358,0.05231658796182538,3.2053220679007293
7.535000000000851,-2.564156021659739,-0.04752102887259093,0.4696508498663176,0.1161903163414209,0.05452732786800371,3.186378464714267
7.536000000000851,-2.564040166099935,-0.04746539041261837,0.47282790676994746,0.11554069283544655,0.05673500899483336,3.1672906405072285
7.537000000000852,-2.5639249562381927,-0.04740754554280948,0.47598580144636315,0.11489889980980199,0.0589395476385686,3.148059847012148
7.538000000000852,-2.5638103841968816,-0.04734749744855144,0.47912439154318776,0.1142650296085119,0.06114085895803932,3.1286873353335616
7.539000000000852,-2.5636964420036836,-0.04728524940055614,0.48224353595714314,0.1136391793107375,0.06333885720897964,3.1091743516706623
7.540000000000853,-2.563583121586725,-0.047220804755655585,0.48534309482740784,0.11302145100198992,0.06553345595535018,3.089522134002675
7.541000000000853,-2.5634704147694434,-0.047154166957396305,0.4884229295261367,0.11241195201941773,0.06772456826033944,3.0697319097204234
7.542000000000853,-2.5633583132652227,-0.047085339536450936,0.4914829026470641,0.11181079517012232,0.06991210686154044,3.049804894150413
7.543000000000854,-2.563246808671831,-0.04701432611086019,0.49452287799304506,0.1112180989226902,0.0720959843359292,3.0297422898918325
7.544000000000854,-2.5631358924656684,-0.04694113038611237,0.4975427205633002,0.11063398757322412,0.074276113260806,3.009545286871198
7.545000000000854,-2.56302555599587,-0.04686575615506128,0.5005422965410321,0.11005859138801484,0.07645240637690426,2.9892150630122134
7.546000000000855,-2.5629157904782716,-0.04678820729767763,0.5035214732819757,0.109492046725556,0.07862477675952627,2.9687527854179776
7.547000000000855,-2.5628065869892653,-0.04670848778062302,0.5064801193043458,0.10893449614081722,0.08079313800290691,2.9481596119669167
7.548000000000855,-2.562697936459556,-0.04662660165663125,0.5094181042805487,0.10838608847451449,0.08295740442208425,2.9274366932310296
7.549000000000856,-2.562589829667838,-0.04654255306367777,0.5123352990309387,0.10784697892950754,0.08511749127537412,2.9065851746336073
7.550000000000856,-2.562482257234397,-0.046456346223915645,0.5152315755198202,0.10731732913535466,0.08727331500906171,2.8856061987722224
7.551000000000856,-2.56237520961466,-0.046367985442356,0.5181068068538284,0.10679730720038476,0.08942479352403984,2.8645009078403403
7.552000000000857,-2.562268677092697,-0.04627747510527198,0.5209608672827534,0.10628708774829228,0.09157184646167198,2.8432704460864073
7.553000000000857,-2.5621626497746925,-0.04618481967830996,0.5237936322028196,0.10578685193306638,0.09371439550289211,2.8219159622517918
7.554000000000857,-2.562057117582427,-0.04609002370429946,0.5266049781623668,0.10529678742182222,0.09585236467010975,2.8004386119275138
7.555000000000858,-2.561952070246792,-0.045993091800766966,0.5293947828698199,0.10481708832954008,0.09798568061536457,2.7788395597631554
7.556000000000858,-2.561847497301524,-0.045894028657485646,0.5321629252029412,0.10434795467968586,0.10011427184962138,2.757119977398831
7.557000000000858,-2.561743388078678,-0.04579283903773325,0.5349092852055399,0.10388959002877361,0.10223806350081269,2.735281023619579
7.558000000000859,-2.5616397317040285,-0.045689527778493895,0.5376337440806156,0.10344220272053378,0.10435698149752352,2.7133238619622575
7.559000000000859,-2.5615365170926636,-0.04558409978997005,0.540336184202294,0.10300600625628786,0.10647095485519882,2.6912496709479576
7.560000000000859,-2.561433732943983,-0.04547656005203481,0.5430164891307799,0.10258121841681203,0.10857991521720242,2.669059643775824
7.56100000000086,-2.561331367738018,-0.04536691361202546,0.5456745436263556,0.10216805998841612,0.11068379591139349,2.6467549867258744
7.56200000000086,-2.561229409733288,-0.04525516558382332,0.5483102336609865,0.10176675296902904,0.11278253032615418,2.624336915882332
7.56300000000086,-2.5611278469667793,-0.0451413211490251,0.5509234464255606,0.10137751808831198,0.11487604930974127,2.601806651556391
7.564000000000861,-2.561026667256833,-0.04502538556137741,0.5535140703300613,0.10100057143503667,0.11696427718685401,2.579165409573774
7.565000000000861,-2.5609258582099637,-0.04490736415612097,0.5560819949930147,0.10063611993958711,0.1190471258452686,2.556414388323742
7.566000000000861,-2.5608254072328913,-0.044787262366519365,0.5586271112152885,0.10028435541402754,0.12112448617787855,2.5335547501535385
7.567000000000862,-2.560725301551396,-0.044665085750644436,0.5611493109317534,0.09994544681874,0.12319621600035362,2.510587595392871
7.568000000000862,-2.5606255283711494,-0.04454084069143883,0.563648486357752,0.09961923674046116,0.12526065452371563,2.4875112820028384
7.569000000000862,-2.560526075173314,-0.04441453591282062,0.566124525838876,0.09930534000245968,0.1273148661891628,2.4643219136691386
7.570000000000863,-2.5604269294664035,-0.04428618117943955,0.5685773175974091,0.09900410862387692,0.12935972030225462,2.441022441792824
7.571000000000863,-2.5603280784908233,-0.044155785616485775,0.5710067530659566,0.09871581279227276,0.13139616394963713,2.4176158809971464
7.572000000000863,-2.5602295092361746,-0.044023357237563024,0.5734127264885147,0.09844057685162015,0.13342496344296503,2.394104834071904
7.573000000000864,-2.560131208645645,-0.04388890338771009,0.5757951344913801,0.09817836746678772,0.13544668763374826,2.370491455778002
7.574000000000864,-2.5600331637766787,-0.0437524309517465,0.5781538756144884,0.0979289881601993,0.13746168506460774,2.3467774119799367
7.575000000000864,-2.5599353619597465,-0.04361394658589312,0.580488849806531,0.0976920897512853,0.1394700608238927,2.322963851858961
7.576000000000865,-2.559837790934813,-0.0434734569678928,0.582799957909383,0.09746720587696564,0.1414716638782745,2.299051418598586
7.577000000000865,-2.559740438939764,-0.04333096904959236,0.5850871011813816,0.09725381444412556,0.14346609647393324,2.27504031803644
7.578000000000865,-2.5596432947307615,-0.04318649028782594,0.5873501809173699,0.09705141173033842,0.14545274951812964,2.2509304400883736
7.579000000000866,-2.5595463475317493,-0.04304002883127096,0.5895890982035202,0.09685957747249234,0.14743085526008456,2.2267215001020935
7.580000000000866,-2.559449586929634,-0.04289159365293391,0.5918037538067141,0.09667801522579285,0.149399541591101,2.202413161137018
7.581000000000866,-2.5593530027414477,-0.04274119463245311,0.5939940481667599,0.09650656618226218,0.15135787569098053,2.1780051157729385
7.582000000000867,-2.5592565848771462,-0.04258884260132736,0.5961598814496919,0.09634520437419364,0.1533048929546214,2.15349712780347
7.583000000000867,-2.5591603232124442,-0.04243454936544993,0.5983011536273822,0.09619402285003877,0.15523961315878448,2.1288890453701566
7.584000000000867,-2.5590642074773085,-0.04227832771609079,0.600417764561309,0.09605321762049047,0.1571610478740668,2.1041807979705327
7.585000000000868,-2.5589682271947627,-0.042120190320083274,0.6025096152638021,0.09592299570516734,0.1590704632317068,2.0793760653296167
7.586000000000868,-2.55887237171299,-0.0419601483783883,0.6045766124220184,0.09580349213049821,0.1609701760913989,2.0544802058271987
7.587000000000868,-2.558776630218955,-0.041798211391717945,0.6066186657017674,0.09569489017894828,0.1628601469541721,2.029494718197014
7.588000000000869,-2.558680991714124,-0.04163438910186566,0.6086356861736854,0.09559738669315178,0.16474026497089175,2.0044210025043476
7.589000000000869,-2.5585854449981404,-0.04146869142208566,0.6106275863064129,0.095511185112312,0.16661040896567608,1.97926045533038
7.590000000000869,-2.5584899786656914,-0.04130112839010847,0.6125942799654276,0.09543649107780142,0.16847045222026755,1.954014473987831
7.59100000000087,-2.5583945811060396,-0.04113171017201368,0.6145356824150052,0.09537350916826288,0.17032026543665751,1.928684458717869
7.59200000000087,-2.5582992405053373,-0.040960447063816095,0.616451710321713,0.09532244057622129,0.17215971846136288,1.9032718136672075
7.59300000000087,-2.5582039448508587,-0.04078734949177871,0.6183422817585065,0.0952834815539901,0.17398868119346578,1.877777947194417
7.594000000000871,-2.558108681936468,-0.04061242801210946,0.6202073162089534,0.09525682247775562,0.1758070239702979,1.8522042718628962
7.595000000000871,-2.5580134393687666,-0.04043569331045505,0.6220467345713905,0.09524264740136822,0.17761461762973468,1.826552204342131
7.596000000000871,-2.5579182045734825,-0.04025715620144276,0.6238604591629919,0.09524113399338266,0.1794113333805779,1.8008231653474647
7.597000000000872,-2.557822964801767,-0.0400768276284146,0.6256484137238293,0.0952524537710684,0.18119704256575428,1.7750185796896847
7.598000000000872,-2.5577277071361415,-0.039894718663431514,0.6274105234210511,0.09527677256288469,0.18297161637129397,1.7491398764693762
7.599000000000872,-2.5576324184958787,-0.03971084050758343,0.629146714853335,0.09531425114610868,0.18473492551282997,1.7231884894298084
7.600000000000873,-2.557537085641685,-0.039525204491617325,0.6308569160557743,0.09536504601898714,0.18648683991741416,1.6971658574708184
7.601000000000873,-2.557441695179551,-0.03933782207688263,0.6325410565053574,0.09542931027715952,0.18822722840945533,1.6710734253211161
7.602000000000873,-2.557346233563683,-0.039148704856587564,0.6341990671271966,0.09550719457244143,0.1899559584039296,1.6449126443652446
7.603000000000874,-2.55725068709844,-0.03895786455735899,0.6358308803016612,0.09559884813864701,0.1916728956065795,1.618684973622516
7.604000000000874,-2.5571550419392155,-0.03876531304109951,0.6374364298725641,0.09570441987423704,0.19337790371885438,1.5923918808776025
7.605000000000874,-2.5570592840922113,-0.03857106230713876,0.6390156511565565,0.09582405947544093,0.19507084414434595,1.566034843965495
7.606000000000875,-2.5569633994130543,-0.038375124494679,0.6405684809538866,0.09595791861631096,0.19675157569311474,1.5396153522168308
7.607000000000875,-2.5568673736042093,-0.03817751188553893,0.6420948575606885,0.09610615217407341,0.1984199542803783,1.5131349080729575
7.608000000000875,-2.556771192211147,-0.03797823690720293,0.6435947207829746,0.09626891949924395,0.20007583261641723,1.486595028883343
7.609000000000876,-2.5566748406172124,-0.03777731213618581,0.6450680119525245,0.0964463857303281,0.2017190598851919,1.459997248900974
7.610000000000876,-2.556578304037166,-0.0375747503017253,0.6465146739448747,0.09663872315253533,0.20334948141002918,1.4333431214940682
7.611000000000876,-2.556481567509339,-0.03737056428981543,0.6479346511996376,0.09684611259875575,0.20496693830585247,1.4066342215945713
7.612000000000877,-2.556384615886366,-0.03716476714759406,0.6493278897433955,0.09706874488898418,0.2065712671188323,1.3798721484052963
7.613000000000877,-2.55628743382447,-0.03695737208809592,0.650694337215441,0.09730682230127816,0.20816229945609585,1.353058528387769
7.614000000000877,-2.556190005771258,-0.036748392495378764,0.652033942896654,0.09756056006298951,0.2097398616103437,1.3261950185513336
7.615000000000878,-2.556092315952026,-0.03653784193002428,0.6533466577418252,0.09783018784513148,0.21130377418699622,1.2992833100599899
7.616000000000878,-2.555994348354578,-0.03632573413500583,0.6546324344157505,0.09811595123497138,0.21285385174496657,1.2723251321655593
7.617000000000878,-2.555896086712597,-0.03611208304190207,0.6558912273334188,0.09841811315181886,0.2143899024664972,1.2453222564623334
7.618000000000879,-2.5557975144876517,-0.03589690277741737,0.657122992704607,0.09873695515795407,0.2159117278768849,1.2182765014367454
7.619000000000879,-2.5556986148499714,-0.03568020767014598,0.6583276885831478,0.09907277860003341,0.2174191226415606,1.1911897372520628
7.620000000000879,-2.5555993706581956,-0.03546201225748533,0.6595052749210574,0.09942590549531401,0.21891187447609864,1.1640638906570786
7.62100000000088,-2.555499764438423,-0.035242331292563746,0.6606557136275586,0.09979667905068754,0.22038976421452583,1.1369009498311362
7.62200000000088,-2.555399778362974,-0.03502117975099653,0.6617789686327985,0.10018546366966555,0.22185256609298334,1.1097029688633433
7.62300000000088,-2.5552993942294915,-0.03479857283722092,0.6628750059556744,0.10059264426172854,0.2233000483195379,1.0824720713930538
7.624000000000881,-2.555198593441175,-0.03457452599008148,0.6639437937745912,0.10101862461813126,0.22473197401686543,1.055210452683139
7.625000000000881,-2.5550973569892337,-0.034349054887242235,0.6649853024990662,0.10146382455611436,0.22614810264271445,1.027920379012529
7.626000000000881,-2.5549956654389714,-0.03412217544788662,0.6659995048387098,0.10192867545639489,0.2275481920135542,1.0006041826883199
7.627000000000882,-2.5548934989213317,-0.0338939038330298,0.6669863758639949,0.1024136137221196,0.22893200107976483,0.9732642500731272
7.628000000000882,-2.5547908371322854,-0.033664256442606844,0.6679458930499644,0.1029190715636994,0.23029929362658588,0.9459029986049531
7.629000000000882,-2.554687659343079,-0.033433249908311403,0.6688780362889676,0.10344546435075547,0.23164984310498102,0.918522836524525
7.630000000000883,-2.554583944425274,-0.03320090108093769,0.669782787850542,0.10399317354922293,0.23298343883320502,0.8911260953597804
7.631000000000883,-2.5544796708955984,-0.032967227010714306,0.6706601322538625,0.10456252394498303,0.23429989385831,0.8637149192180963
7.632000000000883,-2.554374816987184,-0.0327322449187959,0.6715100559977221,0.10515375339396803,0.23559905483695612,0.8362910851510401
7.633000000000884,-2.5542693607558142,-0.03249597215766615,0.6723325470601069,0.10576697266413902,0.2368808144079334,0.8088557134338821
7.634000000000884,-2.5541632802327365,-0.032258426157632546,0.6731275940278346,0.1064021119855617,0.23814512674506136,0.7814088049418759
7.635000000000884,-2.554056553639515,-0.0320196243556627,0.6738951846429165,0.10705884973780348,0.2393920275144152,0.7539485232372595
7.636000000000885,-2.5539491596855517,-0.031779584100846796,0.6746353034752871,0.10773651765725613,0.24062166110568664,0.7264701657480831
7.637000000000885,-2.55384107797447,-0.03153832252554599,0.675347928459227,0.10843397729741955,0.241834323160913,0.6989649900698144
7.638000000000885,-2.553732289548516,-0.03129585635731633,0.6760330265033424,0.10914946789590556,0.24303053881461892,0.6714197824960578
7.639000000000886,-2.5536227777388127,-0.03105220209809717,0.676690549556191,0.10988013481280234,0.24421019437066102,0.6438182186859686
7.640000000000886,-2.553512529161667,-0.030807376199049986,0.6773204342892778,0.11062221686707062,0.24537343533140238,0.6161482826050679
7.641000000000886,-2.5534015342037284,-0.030561393620897048,0.6779226121671845,0.11137205299570063,0.24652340416856638,0.5884118979602907
7.642000000000887,-2.553289787019644,-0.030314266106030423,0.6784970226345395,0.1121258376625356,0.24766347707757452,0.5606221621405465
7.643000000000887,-2.553177285373439,-0.030066002074920134,0.6790436208840088,0.11288016118209432,0.24879658141494287,0.532796185145946
7.644000000000887,-2.553064030130436,-0.02981660737284839,0.6795623784609623,0.11363230599275037,0.24992486465672709,0.5049488771973704
7.645000000000888,-2.5529500245372185,-0.02956608609212949,0.6800532796819818,0.1143802517170546,0.2510496537883213,0.47709078874668687
7.646000000000888,-2.552835273564976,-0.029314441358554797,0.6805163173438343,0.11512255823451635,0.25217156159395615,0.4492284877438548
7.647000000000888,-2.552719783385479,-0.02906167598380216,0.6809514892723318,0.11585824374049672,0.25329062433768545,0.4213656483960032
7.648000000000889,-2.552603560960333,-0.028807792979519502,0.6813587959499043,0.11658669271459932,0.25440642744352016,0.39350405484691015
7.649000000000889,-2.5524866137099287,-0.028552795954071886,0.6817382390173983,0.11730759057863804,0.25551821076334524,0.3656443408594094
7.650000000000889,-2.5523689492390416,-0.028296689413733398,0.6820898203912936,0.11802087406897029,0.2566249536339533,0.3377864886430988
7.65100000000089,-2.552250575108337,-0.028039478991839596,0.6824135417744897,0.11872670502663156,0.2577255477404656,0.3099302202648451
7.65200000000089,-2.5521314984271455,-0.027781170142384917,0.6827094053334561,0.11942576197484482,0.2588211336615593,0.28207706996419385
7.65300000000089,-2.55201172569293,-0.02752176785514247,0.6829774149806603,0.1201187444639345,0.2599125364234957,0.25422827278706195
7.654000000000891,-2.5518912626496926,-0.02726127621821113,0.6832175752507571,0.12080624264363168,0.2609994425717632,0.22638418442654804
7.655000000000891,-2.5517701144717773,-0.026999699908948346,0.6834298910604245,0.12148888464750499,0.2620814818295499,0.19854521866376654
7.656000000000891,-2.551648285694185,-0.026737043994738228,0.6836143677807509,0.12216731757910196,0.26315824793798664,0.17071187345194286
7.657000000000892,-2.55152578020149,-0.026473313959879726,0.6837710113289241,0.12284219244552043,0.26422931651521825,0.14288474417365646
7.658000000000892,-2.5514026012301194,-0.02620851571624757,0.6838998282684164,0.12351415237894009,0.26529425946925067,0.11506452792725949
7.659000000000892,-2.5512787513809814,-0.025942655601183244,0.6840008259102089,0.12418382362072715,0.2663526560850898,0.08725202173143534
7.660000000000893,-2.5511542326399113,-0.025675740365782313,0.6840740124101011,0.12485180882429427,0.2674041011815604,0.05944811679735948
7.661000000000893,-2.551029046403812,-0.02540777715628214,0.6841193968590029,0.12551868228951152,0.2684482108235945,0.031653790441331195
7.662000000000893,-2.550903193510745,-0.02513877349075908,0.6841369893644443,0.1261849867874808,0.26948462606956836,0.003870096763815077
7.663000000000894,-2.55077667427251,-0.02486873723016651,0.6841268011365614,0.12685123168181553,0.2705130232667145,-0.023901776836312158
7.664000000000894,-2.5506494885086166,-0.02459767651852704,0.6840888447904125,0.12751789199630612,0.271533155865895,-0.05166018544020895
7.665000000000894,-2.5505216355808376,-0.02432559973035171,0.6840231347103506,0.12818540812206533,0.27254482242277384,-0.07940330058504244
7.666000000000895,-2.55039311442761,-0.024052515422660736,0.6839296871243691,0.12885418637118703,0.2735478482024076,-0.10712926607063113
7.667000000000895,-2.550263923597652,-0.02377843231420367,0.6838085201267402,0.12952460004837735,0.274542084124725,-0.13483620702643298
7.668000000000895,-2.5501340612822965,-0.023503359260511465,0.6836596536929765,0.1301969908495079,0.2755274055371464,-0.16252223719602513
7.669000000000896,-2.550003525346317,-0.02322730523015478,0.6834831096878986,0.13087167048417125,0.276503710802267,-0.19018546544588555
7.670000000000896,-2.549872313357044,-0.022950279282473854,0.6832789118675684,0.131548922440546,0.277470919783148,-0.2178240015302001
7.671000000000896,-2.5497404226116753,-0.022672290546849858,0.6830470858758109,0.13222900382851627,0.2784289722870081,-0.2454359611598484
7.672000000000897,-2.5496078501627233,-0.022393348203535883,0.6827876592359906,0.13291214725162523,0.27937782651117776,-0.27301947043223207
7.673000000000897,-2.549474592841589,-0.022113461466028512,0.682500661338654,0.13359856267043005,0.2803174575221342,-0.3005726696817316
7.674000000000897,-2.5493406472802933,-0.021832639564935617,0.6821861234255846,0.13428843922952527,0.28124785578849654,-0.3280937168101758
7.675000000000898,-2.549206009931398,-0.021550891733278905,0.6818440785707658,0.13498194702825891,0.28216902578137154,-0.3555807901540918
7.676000000000898,-2.5490706770862026,-0.021268227193159458,0.681474561658684,0.13567923882129324,0.283080984649869,-0.3830320909416103
7.677000000000898,-2.5489346448912675,-0.020984655143708807,0.6810776093603612,0.13638045163994292,0.2839837609755206,-0.41044584538736795
7.678000000000899,-2.5487979093633637,-0.020700184750245966,0.680653260107454,0.13708570832890185,0.28487739360639647,-0.43782030646900977
7.679000000000899,-2.5486604664029286,-0.020414825134561103,0.6802015540647197,0.13779511899575247,0.28576193056964705,-0.4651537554242267
7.680000000000899,-2.5485223118061144,-0.020128585366248675,0.6797225331011106,0.13850878237271685,0.28663742805978865,-0.4924445030028401
7.6810000000009,-2.548383441275516,-0.019841474455015953,0.6792162407597252,0.13922678709159922,0.28750394949913893,-0.5196908905043633
7.6820000000009,-2.548243850429676,-0.01955350134389679,0.6786827222268182,0.13994921287390674,0.2883615646662583,-0.5468912906277756
7.6830000000009,-2.548103534811426,-0.01926467490330481,0.6781220243000452,0.140676131638814,0.2892103488879692,-0.5740441081569554
7.684000000000901,-2.5479624898951743,-0.018975003925864705,0.6775341953560943,0.14140760853203482,0.29005038229043023,-0.6011477805023192
7.685000000000901,-2.547820711093194,-0.018684497121964787,0.6769192853178414,0.14214370287884343,0.2908817491047764,-0.6282007781166948
7.6860000000009014,-2.547678193760995,-0.018393163115978457,0.6762773456211456,0.14288446906449448,0.2917045370229576,-0.6552016048012793
7.687000000000902,-2.547534933201857,-0.018101010443106462,0.6756084291813872,0.14362995734516185,0.29251883659957945,-0.6821487979156778
7.688000000000902,-2.5473909246705757,-0.01780804754679601,0.6749125903598391,0.1443802145922792,0.2933247406957451,-0.7090409285044488
7.6890000000009024,-2.5472461633765073,-0.017514282776696578,0.6741898849299479,0.14513528497283995,0.2941223439611003,-0.7358766013512711
7.690000000000903,-2.547100644485953,-0.017219724387116102,0.6734403700435937,0.1458952105678128,0.29491174235046874,-0.7626544549707717
7.691000000000903,-2.546954363123966,-0.016924380535944673,0.6726641041973848,0.14666003193036073,0.2956930326716266,-0.7893731615471853
7.6920000000009034,-2.54680731437562,-0.01662825928401626,0.6718611471990368,0.1474297885850196,0.29646631216088765,-0.8160314268283402
7.693000000000904,-2.546659493286816,-0.01633136859488231,0.671031560133877,0.1482045194683972,0.29723167808323825,-0.8426279899829572
7.694000000000904,-2.546510894864672,-0.016033716334974288,0.6701754053315064,0.14898426331129141,0.2979892273537696,-0.8691616234289015
7.6950000000009044,-2.546361514077564,-0.015735310274135543,0.669292746332645,0.14976905896139212,0.29873905617708124,-0.8956311326398202
7.696000000000905,-2.5462113458548723,-0.015436158086506226,0.6683836478561781,0.1505589456449158,0.29948125970116823,-0.9220353559375306
7.697000000000905,-2.5460603850864985,-0.01513626735174867,0.6674481757664144,0.15135396316461538,0.30021593168202826,-0.9483731642775705
7.6980000000009055,-2.545908626622218,-0.014835645556604563,0.6664863970405583,0.15215415203059776,0.3009431641548214,-0.9746434610354913
7.699000000000906,-2.5457560652709383,-0.014534300096779666,0.6654983797363937,0.15295955351925322,0.30166304710685404,-1.000845181801741
7.700000000000906,-2.5456026957999356,-0.014232238279156966,0.6644841929601631,0.15377020965434113,0.30237566814691397,-1.0269772941933395
7.7010000000009065,-2.5454485129341515,-0.013929467324345024,0.6634439068346251,0.1545861631028675,0.3030811121645211,-1.0530387976909892
7.702000000000907,-2.5452935113556423,-0.013625994369575362,0.6623775924672565,0.1554074569768178,0.3037794609714414,-1.079028723510752
7.703000000000907,-2.545137685703275,-0.013321826471971101,0.6612853219185634,0.1562341345300607,0.304470792916297,-1.104946134519955
7.7040000000009075,-2.5449810305727913,-0.013016970612219096,0.660167168170448,0.15706623873780412,0.3051551824612521,-1.1307901252075139
7.705000000000908,-2.544823540517347,-0.01271143369868997,0.6590232050945749,0.15790381174386678,0.3058326997075206,-1.1565598217193565
7.706000000000908,-2.5446652100486835,-0.01240522257206499,0.6578535074206645,0.1587468941587397,0.30650340985379754,-1.1822543819700237
7.7070000000009085,-2.544506033639086,-0.01209834401054606,0.6566581507046314,0.1595955241889964,0.30716737256865967,-1.207872995841763
7.708000000000909,-2.5443460057242993,-0.01179080473574583,0.6554372112964759,0.16044973657615186,0.3078246412545489,-1.23341488548241
7.709000000000909,-2.544185120707617,-0.01148261141937906,0.6541907663078237,0.1613095613207256,0.30847526217728594,-1.2588793057129686
7.7100000000009095,-2.544023372965359,-0.011173770690904238,0.6529188935789983,0.16217502216530386,0.30911927343143486,-1.284265544554895
7.71100000000091,-2.543860756854003,-0.01086428914629574,0.6516216716455034,0.1630461348092653,0.309756703708797,-1.30957292388549
7.71200000000091,-2.543697266719243,-0.01055417335816031,0.6502991797037827,0.16392290482825514,0.3103875708357922,-1.3348008002272707
7.7130000000009105,-2.543532896907289,-0.010243429887445348,0.6489514975761227,0.1648053252745883,0.3110118800470672,-1.3599485656734638
7.714000000000911,-2.5433676417787288,-0.009932065297015926,0.6475787056745628,0.16569337394224695,0.31162962196987387,-1.3850156489465328
7.715000000000911,-2.543201495725297,-0.00962008616739515,0.6461808849636841,0.16658701029451742,0.31224077031045455,-1.4100015165796043
7.7160000000009115,-2.54303445318987,-0.00930749911495644,0.644758116922163,0.16748617207709815,0.3128452792654852,-1.4349056742015525
7.717000000000912,-2.5428665086899818,-0.00899431081280745,0.6433104835030004,0.1683907716792778,0.31344308073620447,-1.4597276678952462
7.718000000000912,-2.542697656845048,-0.008680528014486703,0.6418380670923728,0.16930069236584128,0.3140340815094851,-1.484467085585293
7.7190000000009125,-2.5425278924073362,-0.008366157580368789,0.6403409504671057,0.17021578458755737,0.3146181606978547,-1.5091235583972513
7.720000000000913,-2.5423572102964425,-0.008051206506298824,0.6388192167508305,0.17113586269000985,0.3151951679034465,-1.533696761915918
7.721000000000913,-2.542185605636674,-0.007735681953410956,0.6372729493689695,0.17206070247229382,0.3157649227787949,-1.558186417257188
7.7220000000009135,-2.542013073796189,-0.007419591277311814,0.6357022320027816,0.17299004017573066,0.31632721686087356,-1.5825922918560724
7.723000000000914,-2.541839610426166,-0.007102942053872437,0.6341071485428087,0.17392357356107524,0.3168818186683089,-1.6069141998589438
7.724000000000914,-2.5416652114975826,-0.006785742097926794,0.6324877830421826,0.17486096568743031,0.31742848293704196,-1.6311520019805972
7.7250000000009145,-2.5414898733327322,-0.006467999470528565,0.630844219670422,0.17580185175404514,0.31796696436389,-1.6553056046297572
7.726000000000915,-2.541313592628443,-0.006149722470512622,0.629176542668588,0.17674584885971847,0.31849703523242434,-1.679374958006757
7.727000000000915,-2.541136366468465,-0.005830919607386721,0.6274848363070277,0.1776925678300859,0.31901850492328604,-1.703360052746036
7.7280000000009155,-2.5409581923236813,-0.005511599555220866,0.6257691848474227,0.17864162556889124,0.31953123799696376,-1.7272609145759463
7.729000000000916,-2.540779068040518,-0.005191771090829002,0.6240296725113798,0.1795926560206979,0.320035166961016,-1.7510775965100014
7.730000000000916,-2.5405989918197958,-0.004871443023138898,0.6222663834581668,0.18054531804041332,0.3205302965381945,-1.7748101684342523
7.7310000000009165,-2.5404179621898804,-0.004550624124666239,0.6204794017698577,0.18149929859963287,0.32101669409896866,-1.7984587193776704
7.732000000000917,-2.5402359779789507,-0.004229323079621156,0.6186688114201141,0.18245431155175565,0.3214944679039534,-1.822023372358862
7.733000000000917,-2.540053038288282,-0.003907548445441842,0.6168346962652443,0.1834100964060299,0.3219637589531134,-1.8455042322742505
7.7340000000009175,-2.5398691424687856,-0.0035853086304084595,0.614977140075431,0.18436641413384672,0.3224247235018515,-1.868901364555769
7.735000000000918,-2.539684290101768,-0.0032626118861385353,0.613096226579886,0.18532304220354015,0.3228775155332652,-1.8922147842181127
7.736000000000918,-2.5394984809847188,-0.0029394663167761326,0.6111920395216036,0.18627977000982823,0.323322273429307,-1.9154444476584318
7.7370000000009185,-2.539311715121327,-0.0026158798992310366,0.6092646627189116,0.18723639506764206,0.323759111429512,-1.9385902472289052
7.738000000000919,-2.5391239927149285,-0.002291860509784148,0.6073141801311934,0.18819272001997642,0.3241881154673355,-1.961652008247491
7.739000000000919,-2.5389353141645836,-0.0019674159530765427,0.6053406759265904,0.18914855033757053,0.3246093424622662,-1.9846294879382171
7.7400000000009195,-2.5387456800632,-0.0016425539905195112,0.6033442345500217,0.19010369253380346,0.3250228220242068,-2.0075223757676355
7.74100000000092,-2.5385550911972388,-0.001317282366178702,0.60132494079037,0.1910579527317644,0.325428559635742,-2.030330294711276
7.74200000000092,-2.538363548547732,-0.0009916088290324275,0.5992828798460884,0.1920111354614924,0.32582654058142546,-2.0530528030910418
7.7430000000009205,-2.5381710532924178,-0.0006655411511337587,0.5972181373887929,0.19296304260958821,0.3262167341052073,-2.075689396736568
7.744000000000921,-2.537977606808864,-0.00033908714163440696,0.5951307996245966,0.19391347247992782,0.32659909745655596,-2.0982395113224173
7.745000000000921,-2.537783210678482,-1.2254656897206127e-05,0.5930209533530499,0.19486221895031416,0.3269735796207379,-2.1207025248120464
7.7460000000009215,-2.5375878666913314,0.0003149483929216824,0.5908886860235902,0.19580907072664128,0.32734012462200346,-2.143077759998753
7.747000000000922,-2.53739157685162,0.0006425140403616902,0.5887340857893889,0.1967538107057631,0.3276986743485731,-2.1653644871759
7.748000000000922,-2.537194343383782,0.0009704342597281399,0.5865572415584402,0.1976962154629564,0.328049170884535,-2.1875619269969047
7.7490000000009225,-2.536996168738989,0.0012987009682510627,0.5843582430416631,0.1986360548813565,0.32839155835393313,-2.2096692536025833
7.750000000000923,-2.5367970556019657,0.0016273060288511318,0.5821371807977057,0.19957309194019257,0.32872578429247834,-2.231685598101473
7.751000000000923,-2.536597006897926,0.0019562412540496455,0.5798941462740584,0.20050708267677944,0.3290518005667816,-2.2536100524890874
7.7520000000009235,-2.5363960257994536,0.002285498410580617,0.5776292318439935,0.20143777633442791,0.3293695638627439,-2.275441674085378
7.753000000000924,-2.53619411573314,0.0026150692242852937,0.5753425308387805,0.20236491570491374,0.32967903576570573,-2.2971794905563727
7.754000000000924,-2.535991280385785,0.002944945384892774,0.5730341375745677,0.2032882376699751,0.3299801824563856,-2.3188225055663154
7.7550000000009245,-2.535787523709949,0.003275118550315626,0.5707041473732857,0.20420747394152844,0.33027297404922396,-2.3403697050808994
7.756000000000925,-2.535582849928676,0.0036055803501179734,0.5683526565769261,0.20512235199495343,0.33055738360380754,-2.361820064311023
7.757000000000925,-2.5353772635391847,0.00393632238784681,0.5659797625545734,0.20603259618399364,0.330833385845566,-2.383172555250855
7.7580000000009255,-2.5351707693153664,0.004267336241956744,0.5635855637016347,0.20693792901971267,0.33110095563863123,-2.4044261547253916
7.759000000000926,-2.53496337230893,0.004598613465104883,0.5611701594308185,0.20783807258978257,0.33136006626114006,-2.4255798528231747
7.760000000000926,-2.5347550778490713,0.004930145581646526,0.5587336501545535,0.2087327500884754,0.33161068754065837,-2.4466326615519325
7.7610000000009265,-2.534545891540569,0.005261924083223343,0.5562761372587202,0.20962168742245646,0.33185278391402656,-2.4675836235214628
7.762000000000927,-2.534335819260258,0.005593940422402643,0.5537977230677789,0.21050461485323746,0.3320863124809297,-2.488431820432065
7.763000000000927,-2.5341248671518537,0.0059261860043970825,0.5512985108016036,0.21138126863432272,0.3323112211230976,-2.5091763811309824
7.7640000000009275,-2.533913041619166,0.006258652176966109,0.5487786045245774,0.21225139259999126,0.3325274467605978,-2.5298164889958317
7.765000000000928,-2.5337003493177614,0.0065913302186702,0.5462381090877365,0.2131147396635155,0.3327349138127934,-2.550351388414179
7.766000000000928,-2.5334867971451906,0.006924211325713112,0.543677130064976,0.21397107318548841,0.33293353292410055,-2.570780390152497
7.7670000000009285,-2.5332723922299274,0.007257286597662414,0.5410957736845129,0.21482016817772032,0.33312320000394413,-2.5911028754446077
7.768000000000929,-2.533057141919194,0.007590547022381489,0.5384941467569555,0.21566181231460538,0.33330379561685336,-2.6113182986771544
7.769000000000929,-2.5328410537658854,0.007923983460534667,0.5358723566014187,0.2164958067315444,0.3334751847433246,-2.6314261886043746
7.7700000000009295,-2.5326241355148005,0.00825758663003985,0.5332305109711669,0.21732196659842898,0.3336372169159546,-2.651426148082542
7.77100000000093,-2.5324063950884166,0.008591347090839542,0.5305687179802447,0.21814012146478556,0.3337897267195263,-2.6713178523717276
7.77200000000093,-2.532187840572429,0.008925255230342682,0.5278870860324828,0.21895011538139805,0.333932534629276,-2.691101046105108
7.7730000000009305,-2.5319684802012783,0.00925930124985753,0.5251857237541421,0.2197518068105886,0.33406544814936706,-2.7107755390705726
7.774000000000931,-2.5317483223438604,0.009593475152293118,0.5224647399312964,0.22054506834346388,0.3341882632042833,-2.7303412009835135
7.775000000000931,-2.5315273754896106,0.009927766731356135,0.5197242434528639,0.22132978624708569,0.33430076572977757,-2.7497979554520997
7.7760000000009315,-2.5313056482351124,0.01026216556241508,0.5169643432599889,0.22210585986759737,0.3344027334072035,-2.7691457733468714
7.777000000000932,-2.531083149271363,0.010596660995147205,0.5141851483022629,0.22287320091686386,0.3344939374853086,-2.7883846657858746
7.778000000000932,-2.530859887371801,0.010931242148029083,0.5113867675010699,0.22363173267029654,0.33457414463644247,-2.807514676936326
7.7790000000009325,-2.5306358713811683,0.011265897904680786,0.5085693097201426,0.22438138910245237,0.334643118799079,-2.826535876815961
7.780000000000933,-2.5304111102052564,0.011600616912028676,0.5057328837432512,0.22512211398497733,0.33470062296494923,-2.845448354253964
7.781000000000933,-2.530185612801568,0.011935387580213635,0.5028775982587942,0.22585385996878066,0.33474642087632384,-2.864252210144954
7.7820000000009335,-2.5299593881708935,0.012270198084140729,0.5000035618509432,0.22657658766923983,0.33478027860651877,-2.8829475511018536
7.783000000000934,-2.529732445349793,0.012605036366543197,0.4971108829969017,0.22729026476997807,0.334801966004069,-2.9015344835863113
7.784000000000934,-2.5295047934039676,0.012939890142417414,0.4941996700697718,0.22799486515751882,0.3348112579878687,-2.9200131085699312
7.7850000000009345,-2.5292764414224673,0.013274746904675989,0.4912700313464799,0.22869036809604942,0.33480793568667466,-2.93838351675682
7.786000000000935,-2.5290473985127075,0.013609593930862163,0.4883220750201948,0.229376757448723,0.3347917874215666,-2.956645784378365
7.787000000000935,-2.5288176737962393,0.013944418290769485,0.4853559092166659,0.23005402094945399,0.33476260953421094,-2.9747999695549754
7.7880000000009355,-2.528587276405219,0.01427920685481534,0.4823716420139232,0.2307221495270483,0.3347202070670815,-2.9928461092066923
7.789000000000936,-2.5283562154795307,0.01461394630302433,0.47936938146480407,0.23138113668175547,0.3346643943042305,-3.010784216484891
7.790000000000936,-2.528124500164503,0.014948623134487027,0.4763492356218014,0.23203097791292146,0.3345949951828536,-3.0286142786904695
7.7910000000009365,-2.527892139609178,0.015283223677170367,0.47331131256376674,0.23267167019532708,0.33451184358687625,-3.0463362556395093
7.792000000000937,-2.5276591429650774,0.01561773409796751,0.47025572042404085,0.23330321150098157,0.3344147835342133,-3.0639500784350426
7.793000000000937,-2.5274255193854263,0.01595214041288661,0.46718256741962766,0.2339256003625647,0.33430366926933486,-3.0814556486028293
7.7940000000009375,-2.527191278024797,0.016286428497289476,0.4640919618810671,0.2345388354743344,0.33417836527241007,-3.0988528375495825
7.795000000000938,-2.526956428039132,0.016620584096102075,0.46098401228270564,0.23514291532610157,0.3340387461956911,-3.116141486303567
7.796000000000938,-2.526720978586119,0.016954592833929083,0.45785882727310084,0.23573783786578864,0.33388469673701804,-3.133321405499603
7.7970000000009385,-2.5264849388258925,0.017288440225014256,0.4547165157053337,0.23632360018610116,0.33371611145943586,-3.1503923755730567
7.798000000000939,-2.526248317922037,0.01762211168299672,0.4515571866670362,0.23690019823092995,0.3335328945649721,-3.167354147130167
7.799000000000939,-2.5260111250428756,0.017955592530421075,0.44838094950997254,0.23746762651724343,0.3333349596296628,-3.1842064414648936
7.8000000000009395,-2.5257733693630318,0.01828886800796564,0.44518791387904233,0.23802587786841012,0.3331222293059727,-3.2009489511952953
7.80100000000094,-2.5255350600652537,0.018621923283358967,0.4419781897405972,0.2385749431550988,0.3328946349978476,-3.217581340995144
7.80200000000094,-2.5252962063424915,0.01895474345995953,0.4387518874099879,0.23911481104012744,0.3326521165127864,-3.2341032483990135
7.8030000000009405,-2.5250568174002375,0.01928731358497743,0.43550911757827715,0.23964546772386944,0.33239462169452944,-3.2505142846614214
7.804000000000941,-2.5248169024591123,0.019619618657320315,0.43224999133807435,0.24016689668707245,0.3321221060392432,-3.2668140356527253
7.805000000000941,-2.524576470757718,0.019951643635048085,0.4289746202084618,0.24067907847146897,0.33183453036466726,-3.2830020692837234
7.8060000000009415,-2.5243355315550327,0.020283373410033324,0.42568311607786036,0.24118199159529638,0.3315318007105404,-3.2990781369101025
7.807000000000942,-2.524094094132702,0.02061479274535013,0.4223755909276213,0.241675612499852,0.33121374450426777,-3.3150422510906474
7.808000000000942,-2.5238521677979975,0.02094588623275326,0.4190521567286409,0.2421599133565707,0.3308801939569381,-3.3308944036061665
7.8090000000009425,-2.5236097618881503,0.021276638296239707,0.41571292547934396,0.24263486171537418,0.33053099119324125,-3.3466345480321125
7.810000000000943,-2.5233668857752454,0.02160703320660644,0.41235800924286153,0.24310042025535375,0.3301659875830634,-3.362262601775193
7.811000000000943,-2.523123548871228,0.021937055090364657,0.40898752018222845,0.24355654651567651,0.3297850430808102,-3.3777784479961412
7.8120000000009435,-2.522879760633187,0.02226668793799687,0.4056015705937165,0.24400319260609502,0.3293880255716022,-3.3931819374149383
7.813000000000944,-2.522635530568934,0.022595915611563763,0.4022002729384242,0.24444030486236507,0.3289748103543646,-3.408472889255851
7.814000000000944,-2.5223908682433454,0.022924721853308967,0.3987837398793884,0.24486782280101385,0.32854528222407464,-3.4236510773851534
7.8150000000009445,-2.5221457832851897,0.023253090294296383,0.39535208432901714,0.2452856788498947,0.3280993346063035,-3.4387162330636687
7.816000000000945,-2.5219002853941994,0.023581004461953856,0.39190541948203755,0.24569379869746305,0.32763686627606586,-3.4536680613102035
7.817000000000945,-2.5216543843479466,0.02390844778496329,0.3884438588404928,0.24609210094977174,0.3271577806334452,-3.468506242722799
7.8180000000009455,-2.5214080900090883,0.02423540359746777,0.38496751623762193,0.24648049675274913,0.3266619851057287,-3.483230434544058
7.819000000000946,-2.521161412333009,0.02456185514280707,0.38147650586072246,0.24685888941780942,0.3261493905662491,-3.4978402716308037
7.820000000000946,-2.5209143613758362,0.024887785576683294,0.3779709422730864,0.24722717406054429,0.32561991077696156,-3.512335367341841
7.8210000000009465,-2.5206669473028103,0.025213177969785013,0.3744509404350816,0.24758523726457904,0.3250734618641172,-3.526715314362333
7.822000000000947,-2.520419180396962,0.025538015309908634,0.37091661572443035,0.247932956785232,0.3245099618390628,-3.540979685488805
7.823000000000947,-2.5201710710680665,0.025862280503629556,0.3673680839557111,0.24827020131031596,0.3239293301791372,-3.555128034405007
7.8240000000009475,-2.5199226298618,0.026185956377591864,0.363805461399073,0.24859683029813057,0.323331487486723,-3.569159896485539
7.825000000000948,-2.5196738674690033,0.02650902567950503,0.3602288647981156,0.24891269391521192,0.3227163552475491,-3.583074789670916
7.826000000000948,-2.519424794734955,0.026831471078958617,0.3566384113868369,0.24921763309844497,0.3220838557120211,-3.5968722154640025
7.8270000000009485,-2.5191754226685052,0.027153275168190542,0.35303421890550146,0.24951147976733334,0.3214339119252616,-3.610551660102545
7.828000000000949,-2.5189257624509134,0.0274744204629708,0.3494164056152247,0.24979405721211098,0.3207664479321411,-3.624112595964775
7.829000000000949,-2.5186758254441983,0.027794889403788058,0.34578509031101123,0.25006518068146244,0.32008138918224166,-3.6375544832632403
7.8300000000009495,-2.518425623198794,0.028114664357549866,0.3421403923329352,0.25032465818939564,0.31937866315574953,-3.6508767720746524
7.83100000000095,-2.5181751674602832,0.028433727620024787,0.3384824315751079,0.2505722915538615,0.3186582002241,-3.6640789047390405
7.83200000000095,-2.517924470174976,0.028752061419263508,0.33481132849205597,0.25080787766982265,0.31791993474837804,-3.6771603186388018
7.8330000000009505,-2.517673543494105,0.029069647920231964,0.3311272041021378,0.25103121000674805,0.3171638064039519,-3.6901204493369537
7.834000000000951,-2.5174223997764154,0.029386469230869475,0.3274301799876648,0.25124208030551853,0.31638976170208843,-3.7029587340149677
7.835000000000951,-2.517171051588983,0.02970250740974591,0.3237203782914766,0.2514402804335636,0.31559775565955484,-3.7156746151065008
7.8360000000009515,-2.516919511706119,0.030017744475433088,0.31999792170984437,0.25162560434133197,0.3147877535473992,-3.7282675439785002
7.837000000000952,-2.5166677931062953,0.03033216241762798,0.3162629334817467,0.2517978500499191,0.31395973263276844,-3.7407369844714307
7.838000000000952,-2.5164159089671063,0.03064574320997289,0.31251553737476495,0.25195682159093646,0.31311368381563426,-3.7530824160825524
7.8390000000009525,-2.5161638726583426,0.03095846882441699,0.3087558576680677,0.25210233081731165,0.31224961305830484,-3.7653033365667925
7.840000000000953,-2.515911697733352,0.031270321246863714,0.3049840191331755,0.2522341990087562,0.311367542511462,-3.77739926374353
7.841000000000953,-2.515659397918925,0.0315812824937596,0.3012001470133902,0.2523522582081621,0.31046751125667765,-3.7893697363362033
7.8420000000009535,-2.5154069871039946,0.03189133462921178,0.29740436700291767,0.2524563522440407,0.3095495756107731,-3.8012143137326553
7.843000000000954,-2.515154479327483,0.032200459782182465,0.2935968052267886,0.2525463374170693,0.30861380896920826,-3.812932574631133
7.844000000000954,-2.514901888765623,0.03250864016330214,0.2897775882226733,0.25262208285295895,0.3076603011999695,-3.824524114620364
7.8450000000009545,-2.5146492297190854,0.03281585808087139,0.28594684292559946,0.25268347054619206,0.30668915763179155,-3.8359885428213905
7.846000000000955,-2.514396516600198,0.0331220959556784,0.2821046966564189,0.252730395137129,0.3057004977070466,-3.8473254777838894
7.847000000000955,-2.5141437639204955,0.03342733633433911,0.2782512771146535,0.25276276347690957,0.30469445338747336,-3.85853454287333
7.8480000000009555,-2.513890986278794,0.0337315619009599,0.27438671237610207,0.25278049403990166,0.3036711674088644,-3.8696153614040787
7.849000000000956,-2.5136381983498906,0.034034755487018904,0.2705111308953368,0.25278351624266265,0.302630791479245,-3.880567551768064
7.850000000000956,-2.513385414873981,0.03433690007945234,0.2666246615129777,0.25277176972270177,0.3015734845055932,-3.8913907227827726
7.8510000000009565,-2.513132650646796,0.034637978827010606,0.2627274334674315,0.25274520362141356,0.3004994109191807,-3.9020844694421872
7.852000000000957,-2.512879920510437,0.034937975045010214,0.2588195764106191,0.25270377590505916,0.29940873915177796,-3.9126483692064427
7.853000000000957,-2.512627239344865,0.03523687221865076,0.2549012204271059,0.25264745274705935,0.29830164029665346,-3.9230819789167533
7.8540000000009575,-2.512374622059971,0.03553465400509194,0.2509724960559859,0.25257620798519353,0.2971782869713637,-3.9333848323763894
7.855000000000958,-2.512122083588148,0.03583130423449472,0.2470335343148498,0.2524900226592217,0.29603885238498423,-3.9435564385994772
7.856000000000958,-2.511869638877288,0.03612680691022806,0.24308446672518078,0.25238888462822695,0.29488350960126214,-3.953596280698814
7.8570000000009586,-2.5116173028841224,0.03642114620842963,0.23912542533856398,0.25227278826259986,0.2937124309812627,-3.963503815362042
7.858000000000959,-2.511365090567838,0.03671430647708984,0.2351565427631518,0.252141734202844,0.2925257877841602,-3.9732784728517823
7.859000000000959,-2.511113016883902,0.03700627223480573,0.2311779521898965,0.2519957291759739,0.29132374990241894,-3.9829196574584604
7.8600000000009596,-2.510861096778049,0.037297028169327076,0.22718978741813445,0.251834785859877,0.29010648570716524,-3.9924267483331226
7.86100000000096,-2.510609345180381,0.03758655913599345,0.22319218288017642,0.2516589227863143,0.2888741619805223,-4.001799100630054
7.86200000000096,-2.5103577769995518,0.037874850156138146,0.21918527366462817,0.2514681642739782,0.2876269439135797,-4.011036046894174
7.8630000000009606,-2.510106407117001,0.03816188641551513,0.21516919553822567,0.2512625403840111,0.2863649951511031,-4.020136898634879
7.864000000000961,-2.509855250381232,0.03844765326278742,0.21114408496602477,0.2510420868914601,0.2850884778667529,-4.0291009480354
7.865000000000961,-2.5096043216021036,0.03873213620810039,0.20711007912983234,0.2508068452672065,0.2837975528552524,-4.037927469754192
7.866000000000962,-2.5093536355451427,0.03901532092175115,0.20306731594480518,0.2505568626658899,0.28249237963048596,-4.046615722782017
7.867000000000962,-2.509103206925867,0.0392971932329555,0.19901593407417695,0.2502921919162267,0.28117311652082555,-4.055164952324877
7.868000000000962,-2.508853050404114,0.039577739128706116,0.19495607294209927,0.2500128915108697,0.2798399207550357,-4.063574391688725
7.869000000000963,-2.5086031805783846,0.03985694475270992,0.19088787274460547,0.24971902559358652,0.2784929485338847,-4.0718432641469215
7.870000000000963,-2.5083536119801995,0.04013479640438863,0.18681147445872184,0.24941066394204642,0.27713235508409073,-4.079970784775577
7.871000000000963,-2.5081043590684757,0.04041128053792353,0.18272701984976433,0.24908788194491507,0.2757582946924886,-4.087956162245473
7.872000000000964,-2.5078554362239327,0.04068638376132413,0.1786346514768688,0.2487507605722816,0.27437092071932445,-4.095798600562096
7.873000000000964,-2.507606857743526,0.04096009283549957,0.1745345126968097,0.24839938633869102,0.27297038559041875,-4.103497300747627
7.874000000000964,-2.507358637834926,0.04123239467331187,0.17042674766616772,0.24803385125824917,0.2715568407685938,-4.111051462460533
7.875000000000965,-2.507110790611043,0.041503276338590585,0.16631150134191036,0.24765425279141165,0.27013043670527825,-4.118460285549827
7.876000000000965,-2.506863330084612,0.04177272504508972,0.16218891948045158,0.24726069378317966,0.2686913227735939,-4.125722971542118
7.877000000000965,-2.5066162701628434,0.04204072815536917,0.1580591486352586,0.24685328239250975,0.26723964718452803,-4.132838725060386
7.878000000000966,-2.5063696246421463,0.04230727317958465,0.15392233615307419,0.24643213201281,0.26577555688800436,-4.1398067551739945
7.879000000000966,-2.5061234072029404,0.042572347774171924,0.14977863016882337,0.24599736118344692,0.26429919746081476,-4.146626276679863
7.880000000000966,-2.5058776314045543,0.04283593974041329,0.1456281795992734,0.24554909349223236,0.26281071298346403,-4.153296511315029
7.881000000000967,-2.505632310680233,0.04309803702287625,0.14147113413551513,0.24508745746889807,0.26131024590802926,-4.159816688900962
7.882000000000967,-2.5053874583322506,0.04335862770771638,0.1373076442343341,0.24461258646960352,0.2597979369191449,-4.166186048420191
7.883000000000967,-2.5051430875271476,0.0436177000208387,0.1331378611085385,0.24412461855255913,0.2582739247902093,-4.172403839025778
7.884000000000968,-2.504899211291092,0.04387524232591364,0.12896193671631118,0.2436236963448851,0.25673834623686576,-4.178469320984291
7.885000000000968,-2.5046558425053838,0.04413124312224598,0.12478002374965129,0.24310996690086625,0.25519133576975006,-4.184381766552895
7.886000000000968,-2.5044129939020987,0.04438569104249697,0.1205922756219719,0.24258358155180487,0.25363302554842043,-4.190140460791199
7.887000000000969,-2.504170678059893,0.04463857485026177,0.11639884645491784,0.2420446957477181,0.2520635452382952,-4.195744702308536
7.888000000000969,-2.5039289073999638,0.04488988343750596,0.11219989106446833,0.24149346889117315,0.2504830218723225,-4.201193803947319
7.889000000000969,-2.503687694182187,0.04513960582186679,0.10799556494638797,0.24093006416360058,0.24889157971899623,-4.206487093403196
7.89000000000097,-2.5034470505014244,0.045387731143826285,0.10378602426108881,0.2403546483444766,0.24728934015821613,-4.211623913782727
7.89100000000097,-2.5032069882840204,0.04563424866376465,0.09957142581796564,0.23976739162381377,0.24567642156636527,-4.216603624099377
7.89200000000097,-2.502967519284489,0.045879147758903865,0.09535192705926582,0.23916846740844971,0.24405293921185078,-4.221425599708689
7.893000000000971,-2.502728655082394,0.04612241792015255,0.09112768604355385,0.23855805212267187,0.24241900516222264,-4.226089232683574
7.894000000000971,-2.502490407079434,0.046364048748864135,0.08689886142883031,0.23793632500376355,0.24077472820384954,-4.230593932130757
7.895000000000971,-2.502252786496735,0.04660402995352128,0.0826656124553631,0.23730346789310056,0.23912021377499637,-4.234939124449528
7.896000000000972,-2.5020158043723515,0.04684235134636044,0.07842809892828836,0.23665966502346963,0.23745556391301034,-4.239124253534048
7.897000000000972,-2.501779471558981,0.047079002839950826,0.07418648120003683,0.2360051028033168,0.23578087721618662,-4.243148780920621
7.898000000000972,-2.501543798721901,0.047313974443742794,0.06994092015263956,0.23533996959866757,0.23409624882074906,-4.247012185881425
7.899000000000973,-2.501308796337116,0.0475472562606009,0.06569157717996614,0.23466445551348775,0.23240177039324847,-4.250713965466378
7.900000000000973,-2.501074474689735,0.047778838483337034,0.06143861416994627,0.23397875216927685,0.23069753013855035,-4.254253634494917
7.901000000000973,-2.5008408438725604,0.048008711391259506,0.057182193486823685,0.2332830524847019,0.228983612823458,-4.257630725499613
7.902000000000974,-2.5006079137849033,0.04823686534675341,0.05292247795348976,0.23257755045608944,0.22726009981589398,-4.260844788623678
7.903000000000974,-2.5003756941316118,0.04846329079190785,0.04865963083394172,0.23186244093959665,0.2255270691394476,-4.2638953914745406
7.904000000000974,-2.5001441944223224,0.04868797824520539,0.04439381581590828,0.23113791943587966,0.22378459554298452,-4.266782118935775
7.905000000000975,-2.49991342397092,0.04891091829828833,0.04012519699368322,0.23040418187806613,0.222032750584912,-4.269504572939791
7.906000000000975,-2.4996833918952097,0.04913210161281646,0.035853938851204775,0.2296614244238231,0.2202716027315961,-4.272062372203754
7.907000000000975,-2.4994541071167946,0.049351518917429976,0.031580206245416485,0.2289098432522871,0.21850121746933962,-4.274455151931324
7.908000000000976,-2.4992255783611546,0.04956916100483092,0.027304164389942254,0.22814963436659433,0.21672165742924962,-4.276682563482827
7.909000000000976,-2.4989978141579163,0.0497850187289956,0.02302597883910591,0.22738099340271267,0.214932982524252,-4.278744274016549
7.910000000000976,-2.4987708228413137,0.049999083002529775,0.018745815472322756,0.22660411544523681,0.21313525009744874,-4.280639966103863
7.911000000000977,-2.4985446125508304,0.050211344794177444,0.01446384047888797,0.22581919485076155,0.21132851508096082,-4.28236933732092
7.912000000000977,-2.49831919123201,0.05042179512649345,0.010180220343183843,0.22502642507939793,0.20951283016435548,-4.283932099819616
7.913000000000977,-2.498094566637435,0.0506304250736888,0.005895121830325305,0.22422599853494354,0.2076882459717232,-4.285327979880574
7.914000000000978,-2.497870746327858,0.05083722575965704,0.0016087119722603196,0.22341810641416018,0.20585481124644273,-4.286556717450792
7.915000000000978,-2.4976477376734803,0.05104218835618881,-0.002678841945660801,0.2226029385655542,0.2040125730426575,-4.287618065668603
7.916000000000978,-2.4974255478553697,0.05124530408138084,-0.006967372397635777,0.22178068335799267,0.2021615769224768,-4.2885117903785
7.917000000000979,-2.497204183866996,0.05144656419824457,-0.011256711629871557,0.22095152755942793,0.20030186715791623,-4.289237669638339
7.918000000000979,-2.496983652515893,0.051645960013518656,-0.01554669167254991,0.22011565622594007,0.19843348693659757,-4.289795493221305
7.919000000000979,-2.4967639604254206,0.051843482876688725,-0.019837144351293343,0.21927325260124694,0.19655647857024314,-4.290185062114966
7.92000000000098,-2.496545114036622,0.052039124179216516,-0.02412790129812955,0.2184244980267701,0.1946708837050188,-4.290406188019613
7.92100000000098,-2.496327119610166,0.05223287535397998,-0.02841879396195473,0.21756957186228779,0.19277674353280627,-4.290458692847992
7.92200000000098,-2.4961099832283673,0.052424727874924755,-0.03270965361849816,0.21670865141714968,0.1908740990025142,-4.290342408228391
7.923000000000981,-2.4958937107972634,0.05261467325692652,-0.03700031137979234,0.21584191189197588,0.18896299103057337,-4.2900571750129615
7.924000000000981,-2.49567830804875,0.05280270305586322,-0.04129059820315477,0.21496952633071265,0.18704346070979702,-4.289602842793001
7.925000000000981,-2.4954637805427575,0.05298880886889492,-0.045580344899689255,0.21409166558287177,0.18511554951582884,-4.288979269422836
7.926000000000982,-2.4952501336694595,0.0531729823349486,-0.04986938214231595,0.21320849827573882,0.18317929951044207,-4.288186320553791
7.927000000000982,-2.495037372651506,0.05335521513540443,-0.05415754047334104,0.21232019079629755,0.18123475354099597,-4.287223869179645
7.928000000000982,-2.494825502546268,0.053535498994979266,-0.05844465031157819,0.21142690728258437,0.17928195543540018,-4.286091795194856
7.929000000000983,-2.4946145282480874,0.05371382568280265,-0.06273054195903507,0.2105288096241581,0.17732095019197994,-4.284789984966725
7.930000000000983,-2.494404454490522,0.05389018701367983,-0.06701504560717947,0.20962605747134466,0.17535178416367822,-4.2833183309225795
7.931000000000983,-2.494195285848576,0.05406457484953598,-0.07129799134280056,0.20871880825289654,0.17337450523607273,-4.281676731152954
7.932000000000984,-2.4939870267409106,0.05423698110103518,-0.07557920915348165,0.2078072172016893,0.17138916299872617,-4.279865089031684
7.933000000000984,-2.4937796814320228,0.05440739772936708,-0.07985852893270197,0.2068914373880653,0.16939580890942607,-4.277883312853722
7.934000000000984,-2.493573254034389,0.05457581674819427,-0.08413578048458531,0.20597161976042488,0.16739449645090876,-4.275731315491437
7.935000000000985,-2.493367748510564,0.05474223022575232,-0.08841079352831459,0.2050479131926587,0.16538528127969518,-4.273409014070097
7.936000000000985,-2.4931631686752285,0.054906630287094624,-0.09268339770223173,0.20412046453801216,0.16336822136670068,-4.270916329663157
7.937000000000985,-2.492959518197182,0.0550690091164736,-0.09695342256764301,0.2031894186889713,0.16134337712931032,-4.268253187007952
7.938000000000986,-2.4927568006012684,0.05522935895984959,-0.10122069761235053,0.20225491864276016,0.15931081155464094,-4.265419514242334
7.939000000000986,-2.492555019270241,0.05538767212751851,-0.10548505225393093,0.2013171055720431,0.15727059031373786,-4.2624152426627555
7.940000000000986,-2.4923541774465443,0.055543940996849034,-0.10974631584278328,0.20037611890042895,0.15522278186647964,-4.259240306504275
7.941000000000987,-2.49215427823403,0.05569815801512,-0.11400431766496796,0.19943209638237813,0.15316745755698843,-4.255894642742911
7.942000000000987,-2.4919553245995782,0.05585031570244839,-0.11825888694485932,0.1984851741871204,0.1511046916993663,-4.252378190920743
7.943000000000987,-2.4917573193746447,0.05600040665479808,-0.12250985284763496,0.19753548698619516,0.14903456165360038,-4.248690892994151
7.944000000000988,-2.4915602652567097,0.05614842354705964,-0.12675704448162498,0.19658316804423243,0.14695714789150147,-4.244832693205495
7.945000000000988,-2.49136416481064,0.056294359136190936,-0.1310002909005447,0.1956283493125972,0.144872534052562,-4.240803537978563
7.946000000000988,-2.4911690204699557,0.05643820626440854,-0.13523942110563494,0.19467116152552472,0.14278080698964152,-4.236603375838032
7.947000000000989,-2.4909748345379965,0.056579957862419754,-0.13947426404773372,0.1937117342930217,0.14068205681818885,-4.2322321572918735
7.948000000000989,-2.490781609189318,0.056719606953526104,-0.14370464862672128,0.19275019544584518,0.13857637888562094,-4.227689826159187
7.949000000000989,-2.4905893464721354,0.056857146660703364,-0.14793040367498791,0.19178666987930318,0.1364638770321975,-4.2229763051765445
7.95000000000099,-2.4903980483101815,0.05699257021246941,-0.15215135794611048,0.1908212814109892,0.13434465908568044,-4.218091516101719
7.95100000000099,-2.490207716503853,0.057125870947167826,-0.15636734011688175,0.18985415321302881,0.13221883600728598,-4.213035383511719
7.95200000000099,-2.490018352730643,0.057257042315680705,-0.16057817879014907,0.18888540791424516,0.13008652187721173,-4.207807834843776
7.953000000000991,-2.4898299585456307,0.057386077884536126,-0.16478370249770688,0.18791516770235314,0.127947833869896,-4.202408800462052
7.954000000000991,-2.4896425353818765,0.05751297133898583,-0.16898373970326863,0.1869435544258012,0.12580289221912908,-4.196838213749737
7.955000000000991,-2.4894560845507048,0.05763771648604301,-0.1731781188055434,0.1859706896948763,0.12365182017316714,-4.1910960112261115
7.956000000000992,-2.489270607241899,0.05776030725747027,-0.1773666681414418,0.18499669498168636,0.12149474394003104,-4.185182132688066
7.957000000000992,-2.4890861045237838,0.05788073771270805,-0.1815492159894354,0.1840216917186318,0.11933179262320324,-4.1790965213754045
7.958000000000992,-2.4889025773432225,0.05799900204173408,-0.18572559057309299,0.1830458013949744,0.11716309814796963,-4.172839124159212
7.959000000000993,-2.4887200265255074,0.058115094567844625,-0.18989562006481636,0.18206914565111004,0.11498879517868334,-4.166409891752395
7.960000000000993,-2.4885384527741676,0.05822900975034849,-0.19405913258979743,0.1810918463701492,0.11280902102725984,-4.159808778941398
7.961000000000993,-2.4883578566706803,0.058340742187165416,-0.1982159562302171,0.18011402576640712,0.11062391555324214,-4.153035744837992
7.962000000000994,-2.488178238674095,0.05845028661732037,-0.20236591902970547,0.17913580647040508,0.1084336210558042,-4.146090753149866
7.963000000000994,-2.48799959912058,0.058557637923326016,-0.20650884899808147,0.17815731160998283,0.10623828215808727,-4.138973772468674
7.964000000000994,-2.487821938222883,0.05866279113344583,-0.21064457411638862,0.1771786648871234,0.1040380456842885,-4.131684776574025
7.965000000000995,-2.487645256069724,0.05876574142383093,-0.2147729223422421,0.1761999906500929,0.10183306052994334,-4.124223744751804
7.966000000000995,-2.4874695526251127,0.05886648412052391,-0.21889372161550066,0.17522141396050006,0.09962347752586188,-4.116590662125074
7.967000000000995,-2.487294827727605,0.05896501470132363,-0.22300679986427477,0.1742430606548838,0.09740944929619487,-4.108785519995726
7.968000000000996,-2.4871210810895006,0.05906132879750541,-0.22711198501128121,0.173265057400442,0.09519113011111677,-4.100808316194872
7.969000000000996,-2.4869483122959855,0.059155422195391376,-0.2312091049805514,0.1722875317445203,0.09296867573462095,-4.092659055439938
7.970000000000996,-2.4867765208042316,0.059247290837766295,-0.23529798770449922,0.17131061215748566,0.09074224326792527,-4.084337749696244
7.971000000000997,-2.4866057059424556,0.05933693082513497,-0.239378461131352,0.17033442806861843,0.08851199098898546,-4.075844418540802
7.972000000000997,-2.486435866908942,0.059424338416817296,-0.243450353232945,0.16935910989466363,0.08627807818860832,-4.067179089525954
7.973000000000997,-2.4862670027710507,0.05950951003187796,-0.24751349201287878,0.16838478906069268,0.08404066500364633,-4.058341798540381
7.974000000000998,-2.4860991124641965,0.05959244224988808,-0.251567705515035,0.16741159801293642,0.08179991224774097,-4.049332590164917
7.975000000000998,-2.485932194790826,0.05967313181151651,-0.25561282183244444,0.16643967022326087,0.07955598124006284,-4.04015151802055
7.976000000000998,-2.485766248419396,0.059751575618949115,-0.259648669116498,0.16546914018496872,0.07730903363247363,-4.030798645105879
7.977000000000999,-2.485601271883357,0.05982777073613452,-0.26367507558648845,0.1645001433996221,0.07505923123550733,-4.021274044121237
7.978000000000999,-2.4854372635801543,0.05990171438885544,-0.26769186953946894,0.16353281635459338,0.07280673584353788,-4.0115777977766225
7.979000000000999,-2.4852742217702577,0.0599734039646249,-0.2716988793604097,0.16256729649106585,0.07055170905946523,-4.00170999908049
7.980000000001,-2.48511214457623,0.060042837012407,-0.27569593353263283,0.16160372216221902,0.06829431211921573,-3.9916707516064114
7.981000000001,-2.484951029981839,0.06011001124216221,-0.27968286064850145,0.16064223258134896,0.06603470571631255,-3.9814601697345116
7.982000000001,-2.4847908758312265,0.060174924524217355,-0.2836594894203364,0.15968296775969118,0.06377304982673153,-3.971078378864574
7.983000000001001,-2.484631679828148,0.06023757488846064,-0.2876256486915305,0.15872606843373108,0.06150950353421576,-3.960525515597602
7.984000000001001,-2.4844734395352868,0.06029796052336234,-0.291581167447827,0.15777167598180902,0.059244224856180375,-3.9498017278826127
7.985000000001001,-2.484316152373662,0.0603560797748216,-0.2955258748287267,0.15681993232985025,0.05697737057029815,-3.9389071751253786
7.986000000001002,-2.4841598156221267,0.06041193114484034,-0.2994596001389827,0.15587097984607828,0.054709096041818416,-3.9278420282558306
7.987000000001002,-2.4840044264169894,0.06046551329002469,-0.3033821728601409,0.15492496122460409,0.052439555051636055,-3.916606469750831
7.988000000001002,-2.483849981751746,0.060516825019914976,-0.3072934226620797,0.15398201935782263,0.05016889962509821,-3.9052006936090713
7.989000000001003,-2.483696478476955,0.06056586529514478,-0.3111931794144989,0.15304229719759715,0.04789727986151337,-3.8936249052749394
7.990000000001003,-2.4835439133002484,0.06061263322542991,-0.3150812731983062,0.1521059376052694,0.04562484376431434,-3.881879321508352
7.991000000001003,-2.483392282786503,0.06065712806738781,-0.3189575343168448,0.1511730831906052,0.04335173707182548,-3.8699641701977927
7.992000000001004,-2.483241583358179,0.060699349222187934,-0.3228217933069052,0.15024387613987072,0.04107810308859819,-3.8578796901141432
7.993000000001004,-2.4830918112958313,0.06073929623303391,-0.32667388094945987,0.14931845803333793,0.038804082517311586,-3.845626130603398
7.994000000001004,-2.4829429627388135,0.06077696878247776,-0.33051362828006,0.14839696965264426,0.03652981329129103,-3.833203751217035
7.995000000001005,-2.4827950336861755,0.06081236668956701,-0.3343408665988306,0.1474795507785806,0.034255430407780174,-3.820612821279721
7.996000000001005,-2.4826480199977694,0.06084548990682568,-0.33815542748000327,0.14656633998006097,0.03198106576221969,-3.807853619395249
7.997000000001005,-2.482501917395571,0.06087633851707008,-0.3419571427809238,0.14565747439523888,0.029706847983941367,-3.7949264328931505
7.998000000001006,-2.482356721465223,0.06090491273006134,-0.34574584465047953,0.1447530895059827,0.027432902273888917,-3.78183155722041
7.999000000001006,-2.4822124276578053,0.06093121287899701,-0.34952136553689284,0.14385331890720965,0.02515935024523172,-3.768569295285215
8.000000000001005,-2.4820690312918394,0.06095523941684522,-0.35328353819483915,0.14295829407290703,0.022886309768052383,-3.755139956762739
