time,x,y,yaw,vx,vy,yaw_rate
2.0009999999998906,-3.5250397429173783,0.052003599027440395,-0.5327675755701455,0.08887086745902492,-0.1688705267392653,-2.0834819243478253
2.0019999999998905,-3.5249510175379197,0.05183379716856414,-0.5348389294898266,0.08859767104895593,-0.17068965930934693,-2.059094501192329
2.0029999999998904,-3.5248625584316353,0.05166218153030284,-0.5368858428049448,0.0883382295818309,-0.17249761494310956,-2.03460710706505
2.0039999999998903,-3.5247743517256467,0.051488763340801484,-0.5389082162935932,0.08809277678107488,-0.17429429206162025,-2.01002124413077
2.00499999999989,-3.5246863833143998,0.05131355393157058,-0.5409059522371864,0.08786154351100128,-0.17607958626284467,-1.9853384168204686
2.00599999999989,-3.5245986388639867,0.05113656473927467,-0.5428789544233498,0.08764475507661011,-0.17785339208228348,-1.9605601328993136
2.00699999999989,-3.5245111038186745,0.05095780730626451,-0.5448271281494435,0.08744262945945445,-0.17961560385280395,-1.9356879037575714
2.00799999999989,-3.524423763408817,0.05077729328056182,-0.5467503802261747,0.08725537628372754,-0.18136611601429076,-1.9107232443532336
2.0089999999998898,-3.524336602659505,0.05059503441571982,-0.5486486189810916,0.08708319634262603,-0.18310482310246295,-1.8856676730624922
2.0099999999998897,-3.5242496063994624,0.05041104257079855,-0.5505217542619437,0.08692628154805987,-0.1848316195627463,-1.8605227115816407
2.0109999999998895,-3.5241627592698292,0.050225329710579046,-0.5523696974400032,0.0867848151957258,-0.1865463994792212,-1.8352898849538921
2.0119999999998894,-3.52407604573255,0.050037907906070475,-0.55419236141349,0.08665897246209933,-0.18824905627206234,-1.8099707217530023
2.0129999999998893,-3.5239894500781808,0.04984878933532442,-0.5559896606112629,0.08654892107016564,-0.18993948239337183,-1.7845667544324446
2.013999999999889,-3.5239029564329587,0.0496579862845484,-0.557761510996941,0.08645482207709758,-0.19161756903651792,-1.759079519837298
2.014999999999889,-3.523816548765041,0.049465511149501366,-0.5595078300736172,0.08637683075011017,-0.1932832058650259,-1.7335105598714398
2.015999999999889,-3.523730210889831,0.04927137643715048,-0.5612285368893106,0.08631509750690979,-0.19493628076169833,-1.7078614223121462
2.016999999999889,-3.523643926474337,0.04907559476756975,-0.5629235520433075,0.0862697689050226,-0.1965766795956268,-1.6821336617659721
2.0179999999998888,-3.5235576790405245,0.048878178876064465,-0.5645927976935243,0.08624098867027977,-0.1982042860032135,-1.656328840762713
2.0189999999998887,-3.5234714519676196,0.04867914161550951,-0.5662361975650362,0.08622889875924068,-0.19981898117867888,-1.630448530987678
2.0199999999998886,-3.5233852284933307,0.04847849595889432,-0.5678536769599065,0.08623364045365985,-0.20142064366943094,-1.60449431465609
2.0209999999998884,-3.5232989917139683,0.04827625500207198,-0.5694451627684659,0.08625535548749311,-0.20300914917188803,-1.5784677860369754
2.0219999999998883,-3.523212724583411,0.048072431966713805,-0.5710105834821937,0.08629418720857743,-0.20458437032374854,-1.5523705531373269
2.022999999999888,-3.523126409910896,0.04786704020347495,-0.5725498692083695,0.08635028177813282,-0.20614617648921255,-1.5262042395605828
2.023999999999888,-3.5230400303575897,0.04766009319537948,-0.5740629516866775,0.08642378941170571,-0.20769443353425046,-1.49997048655653
2.024999999999888,-3.5229535684318942,0.047451604561436087,-0.5755497643079646,0.08651486566513328,-0.20922900358967397,-1.4736709552825682
2.025999999999888,-3.5228670064834415,0.047241588060497414,-0.5770102421353741,0.08662367276855139,-0.21074974480050662,-1.4473073292988108
2.026999999999888,-3.5227803266957354,0.04703005759537711,-0.5784443219281029,0.08675038101034468,-0.21225651106100238,-1.4208813173216008
2.0279999999998877,-3.522693511077378,0.04681702721723889,-0.5798519421680509,0.08689517017115393,-0.2137491517356566,-1.3943946562615137
2.0289999999998876,-3.52260654145184,0.04660251113027092,-0.5812330430896624,0.08705823100547377,-0.21522751136774254,-1.3678491145724798
2.0299999999998875,-3.5225193994457316,0.04638652369665657,-0.5825875667132828,0.08723976676480219,-0.21669142937834618,-1.3412464959378405
2.0309999999998873,-3.5224320664755298,0.04616907944184898,-0.58391545688238,0.08743999475149093,-0.2181407397606246,-1.3145886433162914
2.0319999999998872,-3.522344523732746,0.045950193060150725,-0.5852166593049986,0.08765914788607676,-0.2195752707761559,-1.2878774433648028
2.032999999999887,-3.52225675216753,0.04572987942059218,-0.5864911215998289,0.08789747626254975,-0.22099484466285277,-1.261114831245398
2.033999999999887,-3.5221687324707402,0.04550815357309076,-0.5877387933472722,0.08815524865525626,-0.22239927736705906,-1.2343027958061736
2.034999999999887,-3.5220804450545526,0.04528503075485914,-0.5889596261458607,0.08843275392736091,-0.22378837831620502,-1.2074433851014248
2.035999999999887,-3.5219918700317385,0.045060526397011726,-0.590153573674338,0.08873030227332175,-0.22516195025280877,-1.1805387121772861
2.0369999999998867,-3.5219029871938226,0.04483465613129563,-0.591320591759607,0.08904822620587774,-0.22651978915568477,-1.1535909609923443
2.0379999999998866,-3.521813775988429,0.04460743579684344,-0.5924606384505821,0.0893868811707128,-0.22786168427988696,-1.126602392259113
2.0389999999998865,-3.5217242154962647,0.044378881446811076,-0.5935736740977077,0.08974664563825431,-0.22918741835299603,-1.099575348870317
2.0399999999998863,-3.5216342844083526,0.044149009354722726,-0.5946596614374934,0.0901279204809069,-0.23049676797150928,-1.0725122603960686
2.0409999999998862,-3.521543961004348,0.04391783602029873,-0.5957185656807711,0.0905311273942518,-0.23178950424672323,-1.0454156458778088
2.041999999999886,-3.521453223133039,0.043685378174490586,-0.5967503546024345,0.09095670606109627,-0.2330653937537104,-1.0182881137615254
2.042999999999886,-3.521362048196469,0.04345165278339263,-0.597754998628992,0.0914051096863009,-0.23432419983847616,-0.9911323572419583
2.043999999999886,-3.521270413139532,0.04321667705064617,-0.5987324709181373,0.09187679844624927,-0.23556568433536856,-0.963951142427562
2.044999999999886,-3.521178294447396,0.04298046841790427,-0.59968274742134,0.0923722302971143,-0.23678960973706292,-0.9367472854121486
2.0459999999998857,-3.521085668153727,0.04274304456289167,-0.6006058069155831,0.09289184846678228,-0.23799574184038746,-0.9095236122672824
2.0469999999998856,-3.5209925098634187,0.04250442339458605,-0.6015016309828733,0.09343606481010297,-0.23918385286044436,-0.882282892666179
2.0479999999998855,-3.5208987947944674,0.0422646230450748,-0.6023702039044005,0.09400523802626114,-0.24035372496170695,-0.8550277325032813
2.0489999999998854,-3.52080449784471,0.04202366185771915,-0.6032115124175905,0.09459964550669434,-0.24150515410112774,-0.8277604021724672
2.0499999999998852,-3.5207095936905493,0.04178155837138579,-0.6040255452545151,0.09521944728534007,-0.24263795403169633,-0.8004825632322148
2.050999999999885,-3.52061405692648,0.041538331300650065,-0.6048122923330014,0.09586464018143606,-0.24375196034025723,-0.7731948353226862
2.051999999999885,-3.520517862256398,0.041293999511855715,-0.6055717434010068,0.09653499971624176,-0.24484703473147537,-0.745896120244565
2.052999999999885,-3.5204209847504897,0.041048581994033155,-0.6063038858452039,0.09722993093588823,-0.24592277525368253,-0.7185823189418953
2.053999999999885,-3.52032340067172,0.04080209976721236,-0.6070086997659688,0.09794787893128855,-0.24697649544429567,-0.6912431619664926
2.0549999999998847,-3.520225087411897,0.040554573913370195,-0.6076861540622523,0.09868771559093549,-0.24800917097759517,-0.6638665996253912
2.0559999999998846,-3.5201260240208945,0.04030602509804518,-0.6083362034724622,0.09944765418486591,-0.2490223533353883,-0.6364364351258042
2.0569999999998845,-3.520026191718655,0.04005647186705398,-0.6089587861602247,0.10022490677217376,-0.25001798576736495,-0.6089369659164989
2.0579999999998844,-3.5199255750561846,0.03980593053781794,-0.6095538283775285,0.1010155824661091,-0.25099860629392895,-0.5813613710311534
2.0589999999998843,-3.519824162857664,0.039554414678076494,-0.6101212561520337,0.10181504257875543,-0.2519671810497385,-0.5537159416081873
2.059999999999884,-3.519721948611715,0.039301934941675574,-0.6106610066765643,0.10261867749402123,-0.25292652160593854,-0.5260154383571276
2.060999999999884,-3.5196189301267666,0.03904849947657998,-0.611173032838635,0.10342257810790599,-0.25387873626910884,-0.49827541919205803
2.061999999999884,-3.519515108682996,0.03879411473074814,-0.6116573015400605,0.10422378935481615,-0.25482505007357037,-0.4705080130994541
2.062999999999884,-3.519410488073401,0.03853878632242793,-0.6121137897452694,0.10502025640268711,-0.2557658910390416,-0.44272128905525193
2.0639999999998837,-3.519305073765637,0.03828251976524772,-0.6125424807990554,0.10581066550448189,-0.25670106272224463,-0.4149201192015055
2.0649999999998836,-3.5191988722368293,0.03802532101321027,-0.6129433617672904,0.10659428486960579,-0.2576299092412384,-0.387107233559206
2.0659999999998835,-3.5190918904583697,0.037767196853336016,-0.6133164217314316,0.10737083464249716,-0.2585514498045406,-0.35928405097795696
2.0669999999998834,-3.518984135416824,0.03750815406794063,-0.6136616513207188,0.10814053884497384,-0.2594666724038117,-0.33145286543690516
2.0679999999998833,-3.518875613784205,0.03724819855179678,-0.6139790439405849,0.10890385343845849,-0.26037714637227494,-0.3036160036139973
2.068999999999883,-3.518766331707682,0.036987334910490985,-0.6142685943263727,0.10966123943544236,-0.2612826006656091,-0.27577424774439085
2.069999999999883,-3.5186562948416436,0.036725568338280556,-0.6145302979397319,0.11041326618245537,-0.2621826697721548,-0.2479282868644841
2.070999999999883,-3.518545508231931,0.03646290442865559,-0.6147641509241432,0.11116057470193413,-0.2630769267300498,-0.2200788068395663
2.071999999999883,-3.5184339762593098,0.036199349222145016,-0.6149701501308986,0.1119038488392149,-0.26396490929091593,-0.19222654376042228
2.0729999999998827,-3.5183217026085534,0.03593490923099368,-0.6151482931855502,0.11264379258271894,-0.2648461400985455,-0.1643723131594792
2.0739999999998826,-3.5182086902575866,0.03566959144622953,-0.615298578575091,0.11338111238847567,-0.2657201418716786,-0.13651702339204644
2.0749999999998825,-3.518094941482171,0.03540340333165147,-0.6154210057430364,0.11411650361660788,-0.2665864485340191,-0.10866167881849001
2.0759999999998824,-3.5179804578723908,0.03513635280837104,-0.6155155751842389,0.11485064036083727,-0.2674446131201317,-0.08080737661105564
2.0769999999998823,-3.5178652403578594,0.0348684482327741,-0.6155822885344442,0.11558416807040368,-0.2682942131546516,-0.0529552997797625
2.077999999999882,-3.5177492892391213,0.03459969837013242,-0.6156211486517382,0.11631769845302929,-0.2691348540776587,-0.02510670816747252
2.078999999999882,-3.517632604223188,0.03433011236557791,-0.6156321596884798,0.11705180621916213,-0.26996617124115185,0.0027370709217409
2.079999999999882,-3.517515184461787,0.03405969970640649,-0.6156153271921638,0.11778702677516549,-0.27078784753021035,0.030574516532952616
2.080999999999882,-3.517397028591727,0.033788470156487074,-0.6155706584661741,0.11852385443465702,-0.2715996459902453,0.058403659903283056
2.0819999999998817,-3.517278134775235,0.033516433701283085,-0.6154981628546456,0.11926274378986318,-0.2724013675487552,0.08622243205985919
2.0829999999998816,-3.517158500739392,0.03324360050699568,-0.6153978517803956,0.12000411093840405,-0.27319284085208145,0.11402874614566186
2.0839999999998815,-3.517038123813826,0.03296998089788162,-0.6152697387590057,0.12074833492851131,-0.2739739209512636,0.14182050487640802
2.0849999999998814,-3.5169170009669077,0.03269558533057071,-0.6151138394058788,0.12149575953792606,-0.2747444878211596,0.16959560713877403
2.0859999999998813,-3.516795128840041,0.03242042436991562,-0.6149301714371133,0.12224669527228949,-0.27550444479151154,0.19735195376635906
2.086999999999881,-3.5166725037798896,0.03214450866643145,-0.614718754664988,0.12300142149366847,-0.2762537169480174,0.22508745255029544
2.087999999999881,-3.516549121868432,0.031867848935332316,-0.6144796109887933,0.12376018861038957,-0.27699224954538276,0.2528000225516794
2.088999999999881,-3.5164249789508184,0.03159045593713722,-0.6142127643816676,0.12452322027611154,-0.2777200064618827,0.2804875977864606
2.089999999999881,-3.5163000706610403,0.03131234045979255,-0.6139182408740345,0.12529071555957316,-0.27843696871543894,0.3081481303525559
2.0909999999998807,-3.5161743924454565,0.031033513302242858,-0.6135960685341638,0.1260628510572034,-0.27914313305399413,0.33577959306544164
2.0919999999998806,-3.516047939584241,0.03075398525937118,-0.6132462774463171,0.12683978292922835,-0.2798385106275627,0.36337998166350777
2.0929999999998805,-3.5159207072108387,0.030473767108225285,-0.6128688996868792,0.1276216488464544,-0.2805231257453449,0.3909473166388244
2.0939999999998804,-3.515792690329524,0.030192869595444236,-0.6124639692988251,0.12840856983989965,-0.2811970147183951,0.4184796447431993
2.0949999999998803,-3.5156638838311576,0.029911303425800166,-0.6120315222648253,0.1292006520491773,-0.28186022478627415,0.4459750402138148
2.09599999999988,-3.515534282507245,0.029629079251772848,-0.6115715964792483,0.12999798836825746,-0.28251281312468624,0.47343160575752874
2.09699999999988,-3.5154038810624044,0.02934620766407774,-0.6110842317192855,0.13080065998914464,-0.28315484593014245,0.5008474733282149
2.09799999999988,-3.5152726741253373,0.029062699183072842,-0.6105694696153892,0.13160873784527588,-0.28378639757707813,0.5282208047273348
2.09899999999988,-3.515140656258406,0.02877856425097429,-0.6100273536211875,0.13242228395719577,-0.28440754984247707,0.5555497920543069
2.0999999999998797,-3.5150078219659133,0.02849381322481573,-0.609457928983014,0.13324135268340534,-0.28501839119284567,0.582832658030132
2.1009999999998796,-3.514874165701178,0.028208456370091752,-0.608861242709168,0.13406599187928783,-0.28561901612826757,0.6100676562151296
2.1019999999998795,-3.5147396818724936,0.027922503855030964,-0.6082373435390026,0.13489624396674543,-0.28620952457820426,0.6372530711395025
2.1029999999998794,-3.514604364848066,0.02763596574544966,-0.6075862819119187,0.13573214691667987,-0.28679002134364484,0.6643872183637328
2.1039999999998793,-3.514468208960006,0.027348852000142424,-0.6069081099363263,0.13657373514574228,-0.2873606155801092,0.6914684444844926
2.104999999999879,-3.5143312085074743,0.02706117246677174,-0.6062028813586222,0.13742104032788235,-0.2879214203158391,0.7184951271007829
2.105999999999879,-3.5141933577590496,0.026772936878224244,-0.6054706515322147,0.13827409212014835,-0.28847255199923494,0.7454656747543731
2.106999999999879,-3.514054650954422,0.026484154849407634,-0.6047114773866149,0.13913291880092749,-0.28901413006917503,0.7723785268582609
2.107999999999879,-3.5139150823054917,0.026194835874468737,-0.6039254173966007,0.13999754781735993,-0.28954627654124804,0.799232153626781
2.1089999999998787,-3.5137746459969623,0.025904989324420667,-0.603112531551443,0.14086800623699522,-0.29006911560209314,0.8260250560211385
2.1099999999998786,-3.513633336186541,0.02561462444517539,-0.602272881324174,0.14174432109686624,-0.2905827732029211,0.8527557657244917
2.1109999999998785,-3.513491147004841,0.02532375035598753,-0.6014065296408588,0.14262651964100873,-0.29108737664182055,0.8794228451612285
2.1119999999998784,-3.5133480725551056,0.02503237604832673,-0.6005135408498193,0.1435146294350268,-0.29158305412256574,0.9060248875757273
2.1129999999998783,-3.5132041069128888,0.02474051038520913,-0.5995939806907433,0.14440867834356955,-0.29206993427524947,0.932560517186631
2.113999999999878,-3.5130592441258317,0.024448162101034822,-0.5986479162635944,0.14530869435351804,-0.2925481456210787,0.9590283894334086
2.114999999999878,-3.512913478213702,0.024155339801997466,-0.5976754159972217,0.1462147052222694,-0.2930178159599942,0.9854271913326833
2.115999999999878,-3.5127668031688843,0.02386205196715584,-0.5966765496175519,0.14712673792675493,-0.29347907165532405,1.0117556419623464
2.116999999999878,-3.5126192129575315,0.023568306950285382,-0.595651388115224,0.1480448178847846,-0.2939320367844052,1.0380124930917478
2.1179999999998778,-3.5124707015216226,0.0232741129826619,-0.5946000037125148,0.14896896791608752,-0.2943768321180274,1.0641965299760894
2.1189999999998776,-3.5123212627822062,0.022979478176970016,-0.5935224698293796,0.14989920690625416,-0.2948135738848633,1.0903065723323637
2.1199999999998775,-3.5121708906441453,0.022684410532576135,-0.5924188610484205,0.15083554813312286,-0.2952423722702214,1.116341475512542
2.1209999999998774,-3.512019579002721,0.022388917942459424,-0.5912892530785762,0.1517779972127799,-0.29566332959250563,1.142300131886952
2.1219999999998773,-3.5118673217525016,0.022093008202152657,-0.5901337227173205,0.15272654962260104,-0.2960765380975956,1.1681814724466109
2.122999999999877,-3.511714112798911,0.02179668902110341,-0.5889523478111467,0.15368118776386977,-0.29648207731435405,1.1939844686274024
2.123999999999877,-3.5115599460729796,0.0214999680369163,-0.5877452072141195,0.15464187753999448,-0.2968800109293275,1.2197081343512304
2.124999999999877,-3.511404815549751,0.02120285283296228,-0.5865123807442817,0.15560856445359322,-0.297270383174531,1.2453515282697103
2.125999999999877,-3.511248715270814,0.020905350959814245,-0.5852539491377269,0.15658116927445342,-0.29765321479265167,1.2709137561851103
2.1269999999998768,-3.5110916393713194,0.020607469960845563,-0.5839699940001767,0.1575595834107288,-0.2980284987677175,1.2963939736125203
2.1279999999998767,-3.510933582111666,0.020309217402045925,-0.5826605977559438,0.15854366423890698,-0.2983961962079631,1.32179138843895
2.1289999999998765,-3.510774537913685,0.020010600905583386,-0.5813258435942069,0.15953323082199575,-0.2987562330582015,1.347105263632347
2.1299999999998764,-3.510614501400639,0.019711628185782877,-0.5799658154125698,0.16052806066495529,-0.2991084986946828,1.3723349199580142
2.1309999999998763,-3.510453467439561,0.019412307084944312,-0.5785805977579148,0.1615278883868173,-0.2994528478508489,1.3974797386668243
2.131999999999876,-3.510291431183527,0.019112645604846178,-0.5771702757646006,0.16253240734492896,-0.2997891075675147,1.422539164108573
2.132999999999876,-3.510128388110419,0.018812651928166533,-0.5757349350901271,0.1635412751833938,-0.3001170906545201,1.447512706150132
2.133999999999876,-3.509964334053975,0.018512334423030612,-0.574274661848601,0.16455412382461576,-0.3004366161261651,1.4723999420789062
2.134999999999876,-3.5097992652228385,0.01821170162438008,-0.5727895425428202,0.16557057349464036,-0.30074753504200336,1.497200517311187
2.1359999999998758,-3.5096331782043153,0.01791076218869259,-0.5712796639966997,0.16659024913511414,-0.30104975753202334,1.5219141437822372
2.1369999999998757,-3.509466069951701,0.01760952482383879,-0.5697451132910446,0.1676127965051218,-0.30134327469388283,1.546540594637148
2.1379999999998756,-3.5092979377569122,0.017307998202260026,-0.5681859777069669,0.1686378950068837,-0.3016281687550262,1.5710796952118884
2.1389999999998754,-3.509128779213339,0.01700619087560251,-0.5666023446689141,0.16966526406935947,-0.30190459973420264,1.5955313396172017
2.1399999999998753,-3.5089585921744657,0.01670411120568207,-0.5649943016712411,0.17069466478585102,-0.3021727842239564,1.619895483081048
2.1409999999998752,-3.5087873747123064,0.016401767315297758,-0.5633619362506286,0.17172589913445288,-0.30243298057960255,1.6441720802377349
2.141999999999875,-3.5086151250787423,0.01609916706036532,-0.5617053359983227,0.17275880503963395,-0.3026854610596598,1.6683610647814107
2.142999999999875,-3.50844184167224,0.015796318027796498,-0.560024588588335,0.17379325054309816,-0.3029304869547171,1.6924623356894917
2.143999999999875,-3.5082675230104403,0.015493227555907279,-0.5583197818170837,0.17482912833761532,-0.3031682905344561,1.7164757481687727
2.144999999999875,-3.508092167707872,0.015189902769365823,-0.5565910036497688,0.17586635113788301,-0.30339906436034436,1.7404011091422105
2.1459999999998747,-3.5079157744578806,0.01488635062167147,-0.5548383422693339,0.17690484790932484,-0.3036229568910457,1.7642381764130834
2.1469999999998746,-3.507738342017996,0.01458257793962961,-0.5530618861248885,0.17794456077033002,-0.30384007266169344,1.7879866603955394
2.1479999999998745,-3.5075598691981487,0.01427859146606493,-0.551261723977562,0.1789854423468464,-0.30405047534354607,1.8116462273569764
2.1489999999998743,-3.5073803548513784,0.013974397898581839,-0.5494379449427252,0.18002745340045714,-0.30425419233259016,1.8352165033212748
2.1499999999998742,-3.5071997978668272,0.01367000392334428,-0.5475906385282429,0.18107056061231122,-0.3044512199269518,1.8586970780180263
2.150999999999874,-3.5070181971648897,0.013365416243609986,-0.5457198946689306,0.18211473445762588,-0.3046415285101664,1.8820875084712414
2.151999999999874,-3.506835551694461,0.01306064160319885,-0.5438258037577123,0.18315994714122552,-0.3048250674220202,1.905387321980845
2.152999999999874,-3.506651860432215,0.012755686805297492,-0.5419084566741584,0.1842061705852742,-0.3050017693752749,1.928596018362309
2.153999999999874,-3.5064671223838713,0.012450558727083116,-0.5399679448111837,0.18525337447029522,-0.3051715543847184,1.9517130713832973
2.1549999999998737,-3.5062813365873926,0.01214526433064806,-0.5380043601007173,0.1863015243338721,-0.30533433323550296,1.974737929381856
2.1559999999998736,-3.506094502118051,0.011839810670661297,-0.5360177950391599,0.18735057973116578,-0.30549001054755326,1.9976700150777142
2.1569999999998735,-3.5059066180953042,0.011534204899138594,-0.5340083427134228,0.1884004924595718,-0.30563848750401623,2.020508724603668
2.1579999999998734,-3.5057176836914112,0.011228454267623622,-0.5319760968283096,0.1894512048476834,-0.30577966431221715,2.0432534257927926
2.1589999999998732,-3.505527698141733,0.01092256612701571,-0.5299211517359672,0.19050264810689788,-0.30591344246029256,2.065903455762814
2.159999999999873,-3.5053366607566483,0.010616547925220588,-0.5278436024680839,0.191554740742859,-0.30603972682444996,2.08845811784385
2.160999999999873,-3.505144570935027,0.010310407202750053,-0.5257435447714671,0.1926073870236464,-0.3061584276721977,2.1109166779015798
2.161999999999873,-3.504951428179215,0.010004151586356229,-0.5236210751475753,0.1936604755022951,-0.30626946259661764,2.133278360116213
2.162999999999873,-3.504757232111463,0.00969778878075631,-0.5214762908965137,0.19471387759290584,-0.30637275840604655,2.1555423422894453
2.1639999999998727,-3.5045619824917535,0.009391326558484903,-0.5193092901659231,0.19576744620233485,-0.30646825298233155,2.1777077507680773
2.1649999999998726,-3.504365679236968,0.00908477274790375,-0.5171201720050912,0.1968210144232654,-0.30655589710892034,2.199773655095
2.1659999999998725,-3.5041683224413225,0.008778135219403804,-0.5149090364244934,0.1978743942994014,-0.3066356562571686,2.2217390625266726
2.1669999999998724,-3.503969912397996,0.008471421869853125,-0.5126759844608113,0.19892737567959246,-0.30670751230514554,2.2436029125916273
2.1679999999998723,-3.503770449621852,0.008164640605377518,-0.5104211182472841,0.1999797251848733,-0.3067714651477379,2.265364071907075
2.168999999999872,-3.503569934873118,0.00785779932261021,-0.5081445410890053,0.20103118532055544,-0.3068275341400194,2.287021329519871
2.169999999999872,-3.50336836918187,0.007550905888613853,-0.5058463575424852,0.20208147377440855,-0.306875759297978,2.308573393092414
2.170999999999872,-3.5031657538730947,0.007243968119763065,-0.5035266734984506,0.20313028295118163,-0.3069162021624879,2.3300188863105538
2.171999999999872,-3.502962090592085,0.00693699375997846,-0.5011855962664474,0.2041772798025773,-0.30694894621512164,2.3513563479445563
2.1729999999998717,-3.502757381329823,0.0066299904588220365,-0.4988232346593596,0.20522210601935262,-0.306974096719892,2.3725842330386113
2.1739999999998716,-3.5025516284479594,0.006322965750094552,-0.4964396990754658,0.20626437865721628,-0.3069917798558595,2.39370091672997
2.1749999999998715,-3.5023448347029227,0.006015927031711516,-0.49403510157515346,0.2073036912690764,-0.307002141004946,2.4147047011940663
2.1759999999998714,-3.502137003268614,0.005708881547765129,-0.4916095559489351,0.20833961561124026,-0.3070053420708782,2.435593826164053
2.1769999999998713,-3.5019281377570866,0.0054018363737911145,-0.4891631777730075,0.20937170397866867,-0.30700155773253146,2.4563664833694987
2.177999999999871,-3.501718242236559,0.0050947984063344975,-0.486696084448331,0.21039949220298043,-0.30699097058088376,2.4770208350697875
2.178999999999871,-3.5015073212461036,0.004787774357927976,-0.48420839521914166,0.21142250331597448,-0.30697376515445207,2.4975550366193935
2.179999999999871,-3.501295379806353,0.004480770758541271,-0.48170023116702004,0.2124402518415964,-0.30695012097184343,2.5179672627008
2.180999999999871,-3.5010824234256366,0.004173793964414165,-0.47917171517717416,0.21345224863273146,-0.30692020475666326,2.538255736515322
2.1819999999998707,-3.500868458101067,0.0038668501749412236,-0.476622971874482,0.21445800611994092,-0.30688416215023223,2.5584187608653153
2.1829999999998706,-3.5006534903142468,0.0035599454579349796,-0.47405412752807385,0.2154570437928432,-0.30684210929863565,2.5784547497382078
2.1839999999998705,-3.500437527021471,0.003253085783172779,-0.4714653099247512,0.21644889369776352,-0.30679412476795437,2.5983622587647384
2.1849999999998704,-3.5002205756385227,0.002946277063661288,-0.4688566482132322,0.21743310571386218,-0.30674024227126395,2.618140012819075
2.1859999999998703,-3.500002644020402,0.0026395252035744526,-0.466228272722929,0.21840925236901834,-0.3066804446732285,2.6377869290915137
2.18699999999987,-3.499783740436563,0.002332836151385065,-0.4635803147625267,0.2193769329783816,-0.30661465966975726,2.6573021342056524
2.18799999999987,-3.499563873542417,0.002026215956365482,-0.46091290640487104,0.22033577693129353,-0.3065427574265417,2.6766849743524035
2.18899999999987,-3.4993430523480233,0.001719670826418831,-0.45822618026545203,0.2212854460113479,-0.306464550314729,2.6959350179258714
2.18999999999987,-3.49912128618496,0.001413207185141086,-0.45552026928200606,0.2222256357022048,-0.3063797947235643,2.715052050704311
2.1909999999998697,-3.498898584672384,0.001106831726109517,-0.4527953065024457,0.22315607549978286,-0.30628819477943026,2.7340360641501276
2.1919999999998696,-3.4986749576832388,0.0008005514626269058,-0.450051424887523,0.22407652831156952,-0.306189407676807,2.7528872378416382
2.1929999999998695,-3.4984504153114657,0.000494373771490421,-0.4472887571334558,0.2249867890699651,-0.30608305024198884,2.7716059173515624
2.1939999999998694,-3.498224967840929,0.0001883064297567834,-0.44450743551834493,0.22588668271558143,-0.30596870631017564,2.7901925890344534
2.1949999999998693,-3.4979986257166003,-0.00011764235610275405,-0.44170759177473706,0.2267760617179475,-0.3058459344987564,2.8086478531843118
2.195999999999869,-3.497771399518386,-0.0004234639288621288,-0.43888935698927917,0.22765480329723092,-0.3057142759965675,2.82697239690069
2.196999999999869,-3.4975432999378255,-0.0007291491668671849,-0.43605286152917144,0.22852280649498838,-0.3055732620498623,2.845166967793969
2.197999999999869,-3.4973143377577354,-0.0010346884775975932,-0.4331982349941182,0.22937998921882438,-0.3054224208992255,2.863232349407671
2.198999999999869,-3.49708452383479,-0.0013400717978237094,-0.43032560619173094,0.2302262853591724,-0.3052612839975603,2.8811693389729807
2.1999999999998687,-3.496853869084916,-0.0016452885995836193,-0.4274351031338472,0.23106164204951338,-0.30508939140983976,2.898978727864911
2.2009999999998686,-3.4966223844713364,-0.001950327901137105,-0.42452685305096866,0.23188601711656678,-0.3049062963556089,2.9166612849182014
2.2019999999998685,-3.496390080995117,-0.0022551782822618806,-0.42160098242277205,0.23269937658703135,-0.30471156958881274,2.9342177387254416
2.2029999999998684,-3.4961569696884935,-0.0025598279052793096,-0.4186576170340533,0.233501691809584,-0.304504805627648,2.951648747656639
2.2039999999998683,-3.4959230616100205,-0.002864264537889307,-0.4156968820441624,0.23429293821106253,-0.30428562216427,2.968954906653417
2.204999999999868,-3.4956883678414177,-0.0031684755773866893,-0.4127189020479133,0.23507309395165774,-0.30405366010160967,2.9861367490630495
2.205999999999868,-3.495452899485494,-0.0034724480739414974,-0.40972380113954426,0.23584213842248739,-0.3038085844798944,3.003194742157076
2.206999999999868,-3.4952166676656025,-0.0037761687549923454,-0.4067117029803567,0.23660005090193645,-0.30355008491666174,3.0201292842565235
2.207999999999868,-3.4949796835263687,-0.004079624049873387,-0.40368273086851736,0.2373468093737037,-0.3032778743813993,3.0369407074057473
2.2089999999998677,-3.4947419582349033,-0.004382800082335399,-0.4006370077333544,0.23808239063558564,-0.30299162387540585,3.0536294936893444
2.2099999999998676,-3.494503502982221,-0.004685682598130932,-0.3975746558224963,0.23880677008777543,-0.3026909023599481,3.0701964718878463
2.2109999999998675,-3.494264328986397,-0.004988256922731032,-0.3944957965628101,0.23951991824628505,-0.3023752937997778,3.0866424236437267
2.2119999999998674,-3.49402444749764,-0.005290507970458858,-0.3914005506440441,0.24022179966543472,-0.30204440913747105,3.102968042247811
2.2129999999998673,-3.4937838698049055,-0.0055924202794302765,-0.3882890381052869,0.240912372156001,-0.30169788477609066,3.1191739364407334
2.213999999999867,-3.4935426072430267,-0.005893978036232234,-0.3851613784175929,0.24159158601265596,-0.3013353810030424,3.1352606342609155
2.214999999999867,-3.493300671200618,-0.006195165099004132,-0.38201769056277673,0.24225938323742924,-0.3009565803762865,3.1512285868456864
2.215999999999867,-3.4930580731287617,-0.006495965018893074,-0.37885809310846036,0.24291569674956848,-0.30056118608899074,3.1670781721142016
2.216999999999867,-3.492814824550494,-0.006796361059868127,-0.3756827042795191,0.24356044957606598,-0.3001489203253134,3.18280969827997
2.2179999999998667,-3.4925709370711115,-0.007096336216890418,-0.3724916420261154,0.24419355402142978,-0.2997195226182728,3.1984234071579754
2.2189999999998666,-3.492326422389313,-0.007395873232446686,-0.3692850240885367,0.24481491082019588,-0.2992727482206422,3.2139194772474675
2.2199999999998665,-3.4920812923091997,-0.007694954611465585,-0.3660629680590648,0.24542440828141324,-0.29880836650156917,3.22929802658754
2.2209999999998664,-3.4918355587531207,-0.007993562634650401,-0.3628255914410981,0.24602192144107798,-0.29832615938526186,3.244559115399484
2.2219999999998663,-3.4915892337753576,-0.008291679370280821,-0.35957301170572525,0.24660731124640112,-0.2978259198536978,3.259702748548537
2.222999999999866,-3.491342329576593,-0.008589286684562016,-0.3563053463459061,0.2471804238049173,-0.29730745054291724,3.2747288778786556
2.223999999999866,-3.4910948585190775,-0.008886366250633411,-0.3530227129283502,0.2477410897416594,-0.29677056247193306,3.2896374044976326
2.224999999999866,-3.4908468331423657,-0.009182899556393901,-0.34972522914309295,0.24828912371852785,-0.2962150739542116,3.3044281811158496
2.225999999999866,-3.49059826617942,-0.009478867911355904,-0.3464130128506534,0.24882432418076952,-0.29564080975319884,3.319101014568802
2.2269999999998658,-3.4903491705728293,-0.009774252452807457,-0.3430861821265135,0.24934647340480198,-0.29504760055400603,3.333655668678334
2.2279999999998656,-3.4900995594907873,-0.01006903415163764,-0.33974485530249543,0.24985533792751266,-0.29443528283087383,3.34809186762557
2.2289999999998655,-3.489849446342426,-0.010363193818261276,-0.33638915100443584,0.25035066943705525,-0.29380369919131427,3.3624093000129855
2.2299999999998654,-3.4895988447919906,-0.010656712109156074,-0.333019188185385,0.2508322061960827,-0.2931526992691353,3.376607623775378
2.2309999999998653,-3.4893477687713106,-0.010949569534587351,-0.3296350861534216,0.2512996750474175,-0.29248214121599686,3.390686472050548
2.231999999999865,-3.489096232489964,-0.011241746468126635,-0.3262369645931019,0.25175279401740736,-0.2917918938017079,3.404645460032742
2.232999999999865,-3.4888442504425594,-0.01153322315855349,-0.3228249435796027,0.2521912754837188,-0.2910818390764247,3.4184841927030476
2.233999999999865,-3.488591837412604,-0.011823979744648647,-0.3193991435847985,0.2526148298153062,-0.2903518754764439,3.4322022731676802
2.234999999999865,-3.4883390084725656,-0.012113996273230131,-0.31595968547487724,0.2530231693298083,-0.2896019211777051,3.445799311156545
2.2359999999998648,-3.4880857789799067,-0.0124032527205529,-0.3125066904996247,0.25341601235820893,-0.28883191743082787,3.4592749310723643
2.2369999999998647,-3.487832164569107,-0.012691729016901786,-0.30904028027418107,0.2537930871704779,-0.28804183156501345,3.47262877887503
2.2379999999998645,-3.487578181139931,-0.012979405073888613,-0.3055605767548011,0.25415413550983706,-0.28723165934098166,3.485860527075185
2.2389999999998644,-3.487323844842456,-0.013266260813661798,-0.30206770221083107,0.2544989155128892,-0.2864014263746337,3.4989698772193494
2.2399999999998643,-3.4870691720595435,-0.01355227619899894,-0.2985617791956313,0.25482720385581475,-0.28555118844202776,3.511956559474087
2.240999999999864,-3.4868141793875864,-0.013837431263121815,-0.2950429305194134,0.2551387970526156,-0.2846810305991234,3.5248203292261513
2.241999999999864,-3.486558883616366,-0.014121706138071764,-0.2915112792268773,0.2554335119236564,-0.28379106518386915,3.537560960952441
2.242999999999864,-3.486303301708814,-0.014405081080611249,-0.2879669485821236,0.25571118533414966,-0.2828814288878715,3.550178239912574
2.243999999999864,-3.4860474507813306,-0.014687536494848457,-0.2844100620626508,0.255971673359287,-0.2819522791688761,3.5626719524230785
2.2449999999998638,-3.4857913480851472,-0.014969052951075116,-0.28084074336343606,0.25621485005911426,-0.2810037903124228,3.575041875556187
2.2459999999998637,-3.4855350109890373,-0.01524961120061522,-0.27725911641126494,0.25644060604336605,-0.28003614944185684,3.5872877670688097
2.2469999999998636,-3.4852784569634965,-0.015529192186762172,-0.27366530538872874,0.256648846981426,-0.27904955273044735,3.599409356234613
2.2479999999998634,-3.4850217035664017,-0.015807777052104642,-0.270059434766728,0.2568394921750683,-0.2780442020026932,3.6114063360638085
2.2489999999998633,-3.4847647684300282,-0.01608534714269324,-0.2664416293439365,0.2570124732709393,-0.277020301839191,3.6232783571919343
2.249999999999863,-3.4845076692492714,-0.016361884009581093,-0.2628120142914954,0.2571677331527844,-0.2759780572326515,3.6350250235328576
2.250999999999863,-3.484250423770885,-0.01663736940829144,-0.25917071520119,0.25730522502412895,-0.27491767178904397,3.6466458896423006
2.251999999999863,-3.4839930497835447,-0.016911785296739198,-0.25551785813546973,0.25742491167171466,-0.2738393464301536,3.6581404596340152
2.252999999999863,-3.483735565108566,-0.017185113832077315,-0.251853569677866,0.25752676488783877,-0.27274327853141606,3.6695081874296114
2.253999999999863,-3.483477987591135,-0.017457337366866575,-0.24817797698259444,0.2576107650242074,-0.27162966141914,3.680748478097816
2.2549999999998627,-3.4832203350919295,-0.01772843844489046,-0.2444912078223755,0.2576769006490861,-0.2704986841507924,3.6918606900402344
2.2559999999998626,-3.4829626254790416,-0.01799839979686251,-0.24079339063374003,0.2577251682816377,-0.26935053150764277,3.702844137799309
2.2569999999998624,-3.48270487662014,-0.01826720433620714,-0.2370846545592994,0.2577555721809809,-0.26818538413802634,3.7136980952923806
2.2579999999998623,-3.482447106374819,-0.018534835155037965,-0.23336512948663773,0.2577681241716876,-0.26700341879977135,3.724421799307739
2.2589999999998622,-3.4821893325871094,-0.018801275520411297,-0.22963494608363408,0.2577628434915293,-0.2658048086605852,3.7350144531303604
2.259999999999862,-3.481931573078142,-0.019066508870896157,-0.2258942358301375,0.2577397566509384,-0.264589723624606,3.7454752301942897
2.260999999999862,-3.4816738456389404,-0.019330518813474355,-0.22214313104601022,0.2576988972967166,-0.2633583306614974,3.7558032776841506
2.261999999999862,-3.481416168023352,-0.019593289120764225,-0.2183817649156184,0.25764030607497346,-0.26211079412126825,3.7659977200296377
2.262999999999862,-3.4811585579411215,-0.01985480372854746,-0.2146102715088991,0.25756403049016313,-0.26084727602348007,3.7760576622541797
2.2639999999998617,-3.4809010330511048,-0.02011504673356963,-0.2108287857991623,0.2574701247584786,-0.25956793631379316,3.7859821931526483
2.2649999999998616,-3.4806436109546315,-0.02037400239157945,-0.20703744367780705,0.2573586496548568,-0.25827293308407184,3.7957703882834983
2.2659999999998615,-3.480386309189027,-0.020631655115569456,-0.20323638196614138,0.257229672353524,-0.2569624227546942,3.8054213127686336
2.2669999999998613,-3.4801291452212944,-0.020887989474180333,-0.19942573842449915,0.25708326626244776,-0.255636560219464,3.8149340239000677
2.2679999999998612,-3.479872136441966,-0.021142990190232164,-0.19560565175884548,0.25691951085232106,-0.25429549895473974,3.8243075735565406
2.268999999999861,-3.4796153001591286,-0.021396642139348002,-0.19177626162505831,0.25673849148083705,-0.25293939109521235,3.833541010436066
2.269999999999861,-3.479358653592624,-0.02164893034863773,-0.18793770863106618,0.25654029921305754,-0.2515683874792663,3.8426333821121887
2.270999999999861,-3.479102213868435,-0.021899839995413478,-0.18409013433701418,0.25632503063866624,-0.250182637667139,3.851583736922808
2.271999999999861,-3.4788459980132513,-0.02214935640591097,-0.18023368125362102,0.25609278768684823,-0.2487822899352056,3.8603911257009647
2.2729999999998607,-3.478590022949223,-0.02239746505399459,-0.17636849283888018,0.2558436774394703,-0.2473674912497128,3.869054603357133
2.2739999999998606,-3.4783343054889038,-0.02264415155982728,-0.17249471349324916,0.2555778119431575,-0.24593838722319952,3.8775732303224375
2.2749999999998605,-3.478078862330377,-0.02288940168848949,-0.16861248855346125,0.25529530802078493,-0.2444951220567021,3.885946073861917
2.2759999999998604,-3.477823710052577,-0.02313320134853441,-0.16472196428508523,0.2549962870828276,-0.2430378384706673,3.8941722092665376
2.2769999999998602,-3.4775688651107934,-0.02337553659046961,-0.16082328787395037,0.2546808749389443,-0.24156667762730225,3.9022507209321704
2.27799999999986,-3.477314343832367,-0.023616393605157823,-0.1569166074165456,0.25434920161011176,-0.24008177904688505,3.9101807033332334
2.27899999999986,-3.4770601624125703,-0.023855758722131932,-0.15300207190949475,0.25400140114157593,-0.23858328052035338,3.9179612618981756
2.27999999999986,-3.476806336910678,-0.02409361840782159,-0.14907983123820262,0.25363761141684554,-0.23707131802028247,3.9255915137934574
2.28099999999986,-3.4765528832462214,-0.024329959263690793,-0.1451500361647601,0.253257973972922,-0.23554602561216548,3.933070588622199
2.2819999999998597,-3.476299817195424,-0.024564768024287583,-0.14121283831519102,0.25286263381693513,-0.23400753536771562,3.9403976290431904
2.2829999999998596,-3.476047154387825,-0.024798031555208707,-0.13726839016611747,0.252451739244339,-0.23245597728172754,3.947571791315536
2.2839999999998595,-3.475794910303081,-0.025029736850983485,-0.1333168450309157,0.25202544165880975,-0.23089147919385972,3.954592245773797
2.2849999999998594,-3.475543100267944,-0.025259871032882394,-0.12935835704542972,0.2515838953939851,-0.22931416671653637,3.961458177238135
2.2859999999998593,-3.4752917394534237,-0.025488421346657072,-0.1253930811533054,0.25112725753718296,-0.22772416317001118,3.9681687853636367
2.286999999999859,-3.475040842872118,-0.025715375160219288,-0.12142117309100416,0.2506556877552406,-0.22612158952548922,3.97472328493269
2.287999999999859,-3.474790425375721,-0.02594071996126742,-0.11744278937255098,0.25016934812262187,-0.22450656435706645,3.981120906094029
2.288999999999859,-3.4745405016527,-0.026164443354869515,-0.11345808727406897,0.24966840295194712,-0.22287920380311757,3.9873608945518186
2.289999999999859,-3.47429108622614,-0.026386533061012664,-0.10946722481814818,0.2491530186271098,-0.22123962153764146,3.993442511707942
2.2909999999998587,-3.474042193451757,-0.02660697691212887,-0.10547036075809436,0.24862336343915334,-0.21958792875196204,3.999365034760467
2.2919999999998586,-3.4737938375160686,-0.026825762850607913,-0.1014676545621001,0.24807960742509097,-0.21792423414707535,4.005127756761097
2.2929999999998585,-3.473546032434729,-0.027042878926307957,-0.09745926639737768,0.24752192220986052,-0.21624864393683615,4.010729986634277
2.2939999999998584,-3.4732987920510183,-0.027258313294074778,-0.09344535711429106,0.2469504808516137,-0.21456126186208574,4.016171049160473
2.2949999999998583,-3.473052130034486,-0.027472054211280652,-0.08942608823052148,0.24636545769054646,-0.21286218921573655,4.021450284926053
2.295999999999858,-3.472806059879741,-0.027684090035393693,-0.08540162191529883,0.2457670282014824,-0.21115152487875147,4.026567050242072
2.296999999999858,-3.4725605949053904,-0.027894409221588642,-0.08137212097372891,0.24515536885042358,-0.20942936536688211,4.031520717034183
2.297999999999858,-3.4723157482531173,-0.028103000320409605,-0.07733774883124422,0.2445306569552855,-0.20769580488796377,4.036310672705812
2.298999999999858,-3.4720715328868987,-0.028309851975495307,-0.07329866951820421,0.24389307055103165,-0.2059509354095037,4.040936319976651
2.2999999999998577,-3.4718279615923504,-0.028514952921376926,-0.06925504765466839,0.2432427882594204,-0.20419484673624344,4.045397076698454
2.3009999999998576,-3.4715850469762066,-0.028718291981358304,-0.06520704843536425,0.24257998916357176,-0.20242762659732597,4.049692375650067
2.3019999999998575,-3.471342801465917,-0.02891985806548797,-0.061154837614869756,0.24190485268755496,-0.20064936074265413,4.05382166431354
2.3029999999998574,-3.4711012373093655,-0.029119640168631927,-0.057098581493028405,0.24121755848118753,-0.19886013304798578,4.057784404633128
2.3039999999998573,-3.4708603665746973,-0.02931762736865566,-0.05303844690061309,0.24051828631022681,-0.19706002562827787,4.061580072758913
2.304999999999857,-3.4706202011502585,-0.029513808824723445,-0.04897460118525331,0.23980721595212026,-0.19524911895876107,4.065208158776748
2.305999999999857,-3.4703807527446315,-0.02970817377572232,-0.04490721219763864,0.23908452709746764,-0.1934274920032011,4.06866816642613
2.306999999999857,-3.470142032886771,-0.029900711538817713,-0.0408364482780096,0.23835039925733115,-0.19159522234878323,4.07195961280759
2.307999999999857,-3.469904052926225,-0.030091411508146974,-0.0367624782429458,0.23760501167651224,-0.18975238634703864,4.075082028081113
2.3089999999998567,-3.4696668240334434,-0.030280263153656662,-0.032685471372459515,0.23684854325289562,-0.18789905926022063,4.078034955157043
2.3099999999998566,-3.4694303572001624,-0.030467256020088623,-0.028605597397401514,0.2360811724629411,-0.18603531541252846,4.080817949380888
2.3109999999998565,-3.46919466323986,-0.0306523797261195,-0.024523026487184525,0.2353030772933844,-0.18416122834557347,4.083430578213366
2.3119999999998564,-3.4689597527882774,-0.030835623963657542,-0.020437929237828518,0.23451443517918677,-0.18227687097747902,4.085872420906982
2.3129999999998563,-3.4687256363040007,-0.03101697849730012,-0.016350476660330605,0.23371542294775366,-0.18038231576500877,4.088143068180387
2.313999999999856,-3.468492324069091,-0.03119643316395457,-0.012260840169361199,0.23290621676942094,-0.17847763486812104,4.090242121891679
2.314999999999856,-3.4682598261897652,-0.031373977872624616,-0.008169191572286884,0.23208699211418762,-0.17656290031635485,4.092169194711784
2.315999999999856,-3.468028152597116,-0.0315496026043638,-0.004075703058519437,0.23125792371465342,-0.1746381841764615,4.093923909798991
2.316999999999856,-3.467797313047864,-0.03172329741239695,1.945281081071077e-05,0.23041918553510038,-0.17270355872070736,4.095505900475648
2.3179999999998557,-3.4675673171251393,-0.031895052422410024,0.004116103112859205,0.22957095074663914,-0.1707590965952857,4.0969148099079975
2.3189999999998556,-3.467338174239284,-0.03206485783300825,0.008214074572754299,0.22871339170832233,-0.16880487098828917,4.098150290790061
2.3199999999998555,-3.467109893628674,-0.032232703916341705,0.012313193572969672,0.22784667995411123,-0.16684095579671065,4.099212005032453
2.3209999999998554,-3.4668824843605432,-0.03239858101889728,0.016413286162388872,0.22697098618556547,-0.16486742579195487,4.100099623456948
2.3219999999998553,-3.466655955331823,-0.032562479562455116,0.020514178065067563,0.2260864802701117,-0.1628843567833599,4.100812825497579
2.322999999999855,-3.466430315269971,-0.03272439004520744,0.024615694688700434,0.22519333124473317,-0.16089182577924496,4.101351298909037
2.323999999999855,-3.4662055727337977,-0.03288430304303695,0.02871766113280048,0.22429170732491008,-0.15888991114501658,4.101714739483058
2.324999999999855,-3.4659817361142853,-0.033042209210951703,0.032819902196598964,0.2233817759186295,-0.15687869275788285,4.101902850773501
2.325999999999855,-3.46575881363538,-0.033198099284672794,0.036922242386675075,0.22246370364527387,-0.1548582521577412,4.101915343830761
2.3269999999998547,-3.4655368133547753,-0.03335196408237085,0.04102450592432493,0.22153765635918765,-0.15282867269382122,4.10175193694614
2.3279999999998546,-3.465315743164658,-0.033503794506546856,0.04512651675268022,0.22060379917771428,-0.15079003966667975,4.101412355406796
2.3289999999998545,-3.465095610792435,-0.03365358154605253,0.04922809854358732,0.21966229651348831,-0.14874244046516014,4.100896331261842
2.3299999999998544,-3.464876423801415,-0.033801316278244946,0.05332907470425831,0.2187133120951396,-0.1466859647432932,4.1002036029028535
2.3309999999998543,-3.4646581895918938,-0.03394698987252655,0.05742926837980257,0.21775700811359772,-0.14462070714553918,4.099333903556022
2.331999999999854,-3.464440915403131,-0.034090593596752886,0.061528502438938135,0.2167935443725134,-0.14254677003861702,4.098286949776731
2.332999999999854,-3.464224608314846,-0.034232118822492615,0.06562659946822785,0.2158230800068644,-0.14046425877924573,4.09706246236794
2.333999999999854,-3.464009275247944,-0.03437155702830137,0.06972338177839082,0.21484577373358602,-0.1383732812350079,4.095660168740179
2.334999999999854,-3.4637949229647798,-0.034508899801918284,0.07381867141081772,0.21386178390259078,-0.13627394788616676,4.094079802727343
2.3359999999998537,-3.4635815580694995,-0.03464413884292659,0.07791229014391005,0.21287126855053998,-0.1341663719199656,4.092321104418866
2.3369999999998536,-3.463369187008326,-0.03477726596550457,0.08200405949926007,0.21187438545709278,-0.1320506693171187,4.090383820008721
2.3379999999998535,-3.463157816069786,-0.034908273101259,0.08609380074768816,0.2108712922033521,-0.1299269589302167,4.088267701661669
2.3389999999998534,-3.4629474513848786,-0.03503715230213285,0.09018133491515534,0.20986214623222182,-0.1277953625537816,4.08597250739715
2.3399999999998533,-3.462738098927185,-0.03516389574337872,0.09426648278856865,0.20884710491038272,-0.12565600498572047,4.083498000991168
2.340999999999853,-3.4625297645129107,-0.0352884957265894,0.0983490649214975,0.20782632559158767,-0.12350901407993964,4.080843951896517
2.341999999999853,-3.462322453800867,-0.03541094468277642,0.10242890163981959,0.20679996568096812,-0.1213545207898964,4.078010135181616
2.342999999999853,-3.4621161722923883,-0.03553123517548761,0.10650581304731506,0.20576818270003466,-0.11919265920287982,4.0749963314881965
2.343999999999853,-3.461910925331182,-0.03564935990395425,0.11057961903122789,0.20473113435204449,-0.1170235665648279,4.071802327008016
2.3449999999998528,-3.4617067181031143,-0.0357653117062581,0.11465013926781345,0.20368897858739676,-0.11484738329550594,4.06842791347872
2.3459999999998526,-3.4615035556359315,-0.035879083562508865,0.11871719322789168,0.20264187366870473,-0.11266425299388749,4.0648728881988845
2.3469999999998525,-3.461301442798914,-0.03599066859802199,0.12278060018242473,0.2015899782351799,-0.11047432243359985,4.061137054062196
2.3479999999998524,-3.461100384302471,-0.03610006008648689,0.12684017920813845,0.20053345136594924,-0.10827774154831434,4.0572202196106355
2.3489999999998523,-3.4609003846976654,-0.03620725145311559,0.13089574919320637,0.19947245264191069,-0.106074663406984,4.053122199106412
2.349999999999852,-3.4607014483756853,-0.03631223627776131,0.13494712884301485,0.19840714220571662,-0.10386524417885205,4.048842812622299
2.350999999999852,-3.460503579567252,-0.03641500829799712,0.13899413668602767,0.1973376808194577,-0.10164964308817814,4.044381886149874
2.351999999999852,-3.460306782341974,-0.036515561412144015,0.14303659107976743,0.19626422991960227,-0.09942802235865207,4.039739251725047
2.352999999999852,-3.460111060607645,-0.03661388968223834,0.14707431021693096,0.19518695166872857,-0.09720054714748888,4.034914747570092
2.3539999999998518,-3.4599164181094944,-0.036709987336928075,0.1511071121316544,0.19410600900356964,-0.09496738546922312,4.029908218251244
2.3549999999998517,-3.4597228584293918,-0.036803848774287856,0.1551348147059435,0.19302156567887196,-0.09272870810924413,4.024719514850757
2.3559999999998515,-3.4595303849850074,-0.036895468564542344,0.1591572356762825,0.1919337863065519,-0.09048468852713794,4.019348495152116
2.3569999999998514,-3.4593390010289387,-0.036984841452687954,0.16317419264043415,0.19084283638961622,-0.0882355027499245,4.013795023836912
2.3579999999998513,-3.4591487096478057,-0.03707196236100278,0.16718550306444185,0.18974888235029658,-0.08598132925530079,4.008058972691685
2.358999999999851,-3.458959513761318,-0.0371568263914348,0.1711909842898428,0.18865209155183196,-0.08372234884502201,4.002140220822799
2.359999999999851,-3.458771416121329,-0.03723942882785857,0.17519045354109913,0.18755263231331878,-0.08145874450857149,3.9960386548772227
2.360999999999851,-3.4585844193108732,-0.037319765138190915,0.17918372793325177,0.18645067391703518,-0.07919070127728829,3.989754169266811
2.361999999999851,-3.4583985257432044,-0.03739783097635591,0.18317062447979934,0.1853463866076356,-0.07691840606913647,3.9832866663934645
2.3629999999998508,-3.4582137376608366,-0.03747362218409011,0.18715096010080137,0.18423994158260232,-0.07464204752431346,3.9766360568722794
2.3639999999998507,-3.4580300571346014,-0.037547134792578866,0.19112455163120237,0.1831315109733352,-0.07236181583190561,3.969802259749533
2.3649999999998506,-3.457847486062726,-0.03761836502391495,0.19509121582936995,0.1820212678162586,-0.07007790254780762,3.9627852027120976
2.3659999999998504,-3.4576660261699494,-0.03768730929237073,0.19905076938583643,0.1809093860133254,-0.06779050040412829,3.9555848222845937
2.3669999999998503,-3.457485679006679,-0.037753964205475665,0.2030030289322301,0.1797960402813044,-0.06549980311030944,3.948201064010338
2.3679999999998502,-3.457306445948208,-0.03781832656489087,0.20694781105037713,0.1786814060892501,-0.06320600514618646,3.940633882611866
2.36899999999985,-3.457128328193999,-0.037880393367072725,0.21088493228155245,0.17756565958357187,-0.06090930154722071,3.9328832421265707
2.36999999999985,-3.45695132676705,-0.037940161803717995,0.21481420913585142,0.17644897750014685,-0.05860988768213435,3.924949116012753
2.37099999999985,-3.456775442513354,-0.0379976292619828,0.2187354581016511,0.17533153706295837,-0.056307959023180115,3.9168314872211814
2.37199999999985,-3.456600676101469,-0.03805279332446832,0.22264849565512343,0.17421351586879014,-0.05400371090928282,3.9085303482270892
2.3729999999998497,-3.4564270280222065,-0.03810565176896612,0.22655313826975867,0.17309509175756954,-0.05169733830229803,3.9000457010174374
2.3739999999998496,-3.4562544985884633,-0.03815620256795647,0.23044920242585143,0.1719764426680341,-0.04938903553664894,3.89137755702823
2.3749999999998495,-3.4560830879351965,-0.038204443887853046,0.2343365046198969,0.17085774647849564,-0.04707899606262811,3.882525937026767
2.3759999999998493,-3.4559127960195744,-0.038250374087987905,0.23821486137383996,0.16973918083260184,-0.04476741218369076,3.873490870933929
2.3769999999998492,-3.455743622621301,-0.03829399171933096,0.24208408924411431,0.16862092295015002,-0.042454474788123885,3.8642723975819937
2.377999999999849,-3.455575567343144,-0.038335295522938434,0.2459440048304059,0.16750314942319564,-0.04014037307555883,3.8548705644041528
2.378999999999849,-3.4554086296116684,-0.0383742844281255,0.24979442478407024,0.16638603599792767,-0.03782529427890753,3.8452854270528256
2.379999999999849,-3.455242808678198,-0.038410957550358935,0.2536351658161318,0.16526975734305852,-0.035509423382455316,3.8355170489452317
2.380999999999849,-3.4550781036200133,-0.038445314188866236,0.2574660447047926,0.16415448680580463,-0.0331929428370422,3.8255655007364964
2.3819999999998487,-3.454914513341801,-0.038477353823959046,0.2612868783023786,0.1630403961569244,-0.03087603227352171,3.8154308597229796
2.3829999999998486,-3.454752036577361,-0.03850707611406975,0.2650974835416571,0.1619276553267348,-0.02855886821601088,3.8051132091816515
2.3839999999998485,-3.4545906718915824,-0.038534480892502034,0.26889767744146476,0.1608164321345579,-0.026241623796848645,3.794612637655307
2.3849999999998484,-3.45443041768269,-0.038559568163898286,0.2726872771116005,0.1597068920146502,-0.02392446847567234,3.7839292381983802
2.3859999999998482,-3.4542712721847675,-0.03858233810042937,0.2764660997569523,0.1585991977423469,-0.021607567765612304,3.77306310760418
2.386999999999848,-3.4541132334705513,-0.038602791037715696,0.2802339626808533,0.15749350916489818,-0.019291082970297302,3.762014345641669
2.387999999999848,-3.4539562994544895,-0.03862092747049262,0.2839906832876949,0.15638998294227494,-0.016975170936157222,3.750783054338439
2.388999999999848,-3.453800467896051,-0.038636748048037996,0.2877360790848639,0.15528877230405144,-0.014659983825394268,3.7393693373563095
2.389999999999848,-3.45364573640327,-0.03865025356938574,0.29146996768412603,0.1541900268292932,-0.012345668915943627,3.727773299516766
2.3909999999998477,-3.453492102436491,-0.038661444978355865,0.2951921668026368,0.15309389225713604,-0.010032368435718819,3.7159950465448865
2.3919999999998476,-3.4533395633122894,-0.038670323358439396,0.2989024942638394,0.15200051033636533,-0.0077202194393661055,3.704034685111833
2.3929999999998475,-3.453188116207516,-0.03867688992758506,0.302600767998591,0.15091001872269724,-0.005409353736543842,3.6918923232663747
2.3939999999998474,-3.4530377581634184,-0.03868114603294401,0.30628680604695613,0.14982255093252306,-0.003099897881267607,3.6795680713538834
2.3949999999998473,-3.4528884860897766,-0.03868309314563842,0.30996042656120576,0.14873823636147698,-0.0007919732319648727,3.6670620435249495
2.395999999999847,-3.452740296768984,-0.038682732855629426,0.31362144781066087,0.1476572003752165,0.0015143039086211946,3.6543743599329823
2.396999999999847,-3.452593186859999,-0.03868006686676802,0.3172696881891159,0.14657956447815573,0.003818822065840843,3.6415051497084066
2.397999999999847,-3.452447152902089,-0.03867509699211971,0.32090496622565295,0.1455054465635138,0.0061214742722995805,3.6284545547738714
2.398999999999847,-3.452302191318282,-0.03866782514965756,0.32452710059970513,0.1444349612449462,0.008422157651592006,3.6152227345282486
2.3999999999998467,-3.4521582984184485,-0.03865825335841802,0.32813591016123117,0.1433682202663262,0.01072077290893442,3.6018098713761195
2.4009999999998466,-3.4520154704019363,-0.03864638373520942,0.3317312139568089,0.14230533298217307,0.013017223736540122,3.588216177014688
2.4019999999998465,-3.4518737033596967,-0.03863221849195159,0.3353128312623293,0.14124640689713178,0.015311416147798344,3.5744418993146847
2.4029999999998464,-3.4517329932758454,-0.038615759933708325,0.3388805816227708,0.14019154824924843,0.017603257760717788,3.5604873295517727
2.4039999999998463,-3.4515933360286284,-0.03859701045745048,0.3424342848992494,0.13914086261905154,0.01989265705697544,3.5463528096688433
2.404999999999846,-3.4514547273907725,-0.03857597255155935,0.34597376132319013,0.13809445554509647,0.022179522647449667,3.5320387391881503
2.405999999999846,-3.451317163029226,-0.03855264879604711,0.34949883155706224,0.13705243312697224,0.024463762577501984,3.5175455813567686
2.406999999999846,-3.451180638504307,-0.03852704186343854,0.35300931676070163,0.13601490259889212,0.026745283704860564,3.502873868109201
2.407999999999846,-3.451045149268304,-0.03849915452022621,0.3565050386618456,0.1349819728606847,0.029023991179435667,3.488024203473144
2.4089999999998457,-3.4509106906635623,-0.03846898962878556,0.3599858196291694,0.13395375495778494,0.03129978804789953,3.472997265128645
2.4099999999998456,-3.450777257920125,-0.038436550149617395,0.36345148274588207,0.13293036250700216,0.033572574997009795,3.457793803950635
2.4109999999998455,-3.4506448461529677,-0.038401839143776255,0.36690185188183766,0.1319119120696515,0.03584225023947359,3.4424146415072387
2.4119999999998454,-3.4505134503588906,-0.0383648597753447,0.37033675176216785,0.1308985234774036,0.038108709535897414,3.426860665634332
2.4129999999998453,-3.4503830654130994,-0.03832561531382429,0.37375600803062803,0.12989032011848756,0.04037184633730263,3.411132824342242
2.413999999999845,-3.4502536860655186,-0.038284109136333316,0.3771594473061642,0.12888742919253557,0.04263155202582311,3.3952321184173346
2.414999999999845,-3.4501253069368634,-0.038240344729525914,0.3805468972316064,0.12788998194155088,0.04488771622715246,3.37915959314863
2.415999999999845,-3.4499979225144903,-0.038194325691174355,0.3839181865138409,0.12689811386261465,0.04714022716720664,3.362916329633222
2.416999999999845,-3.4498715271480402,-0.038146055731383445,0.3872731449552606,0.12591196490554096,0.049388972047013466,3.3465034360965733
2.4179999999998447,-3.4497461150448943,-0.03809553867343019,0.39061160347670654,0.12493167965625693,0.051633837413418565,3.3299220396122644
2.4189999999998446,-3.4496216802654516,-0.038042778454241984,0.3939333941324617,0.12395740750463888,0.053874709508040075,3.3131732785312993
2.4199999999998445,-3.449498216718252,-0.03798777912454176,0.39723835011812636,0.12298930279413368,0.056111474582245954,3.296258295845208
2.4209999999998444,-3.4493757181549536,-0.037930544848697866,0.4005263057723839,0.12202752494983107,0.05834401917111956,3.2791782336204216
2.4219999999998443,-3.4492541781651997,-0.037871079904321474,0.40379709657376445,0.1210722385816856,0.06057223032395648,3.261934228561962
2.422999999999844,-3.449133590171394,-0.03780938868165449,0.4070505591335351,0.12012361356018253,0.06279599579253001,3.2445274086976807
2.423999999999844,-3.449013947423416,-0.03774547568278863,0.4102865311858115,0.11918182506272201,0.06501520418108286,3.226958891122733
2.424999999999844,-3.4488952429933004,-0.03767934552075123,0.413504851575905,0.11824705359017927,0.06722974506378855,3.209229780707967
2.425999999999844,-3.4487774697699214,-0.037611002918486944,0.4167053602478115,0.11731948495432686,0.06943950907640446,3.1913411696541645
2.4269999999998437,-3.4486606204536976,-0.03754045270775777,0.41988789823162403,0.11639931023795894,0.07164438798917729,3.1732941377643744
2.4279999999998436,-3.448544687551353,-0.03746769982797667,0.4230523076315235,0.11548672573055711,0.07384427476793542,3.155089753306237
2.4289999999998435,-3.4484296633707485,-0.03739274932498325,0.4261984316148753,0.11458193284314058,0.07603906362987305,3.136729074342684
2.4299999999998434,-3.4483155400158148,-0.037315606349763934,0.42932611440284424,0.11368513800653647,0.078228650099932,3.1182131504202992
2.4309999999998433,-3.4482023093815832,-0.037236276157113155,0.4324352012628354,0.11279655255769495,0.08041293107302173,3.099543024518048
2.431999999999843,-3.4480899631493447,-0.03715476410422769,0.4355255385029789,0.11191639261887552,0.08259180488665639,3.0807197351735
2.432999999999843,-3.4479784927819206,-0.037071075649221345,0.4385969734688001,0.11104487897456454,0.08476517140797687,3.0617443187180213
2.433999999999843,-3.447867889519067,-0.03698521634954413,0.44164935454215637,0.11018223695086943,0.08693293213858168,3.042617811565911
2.434999999999843,-3.447758144372986,-0.036897191860286414,0.44468253114247125,0.10932869630188168,0.08909499034011605,3.023341252514666
2.4359999999998427,-3.447649248123951,-0.036807007932346064,0.447696353730261,0.10848449110711005,0.09125125118314428,3.003915685024207
2.4369999999998426,-3.44754119131603,-0.03671467041043426,0.45069067381291955,0.1076498596835452,0.09340162192142198,2.9843421594518196
2.4379999999998425,-3.44743396425288,-0.03662018523089356,0.45366534395270924,0.10682504451519792,0.09554601209324,2.9646217352267423
2.4389999999998424,-3.4473275569936113,-0.03652355841930074,0.45662021777689155,0.10601029220200642,0.09768433375095603,2.944755482953672
2.4399999999998423,-3.447221959348686,-0.0364247960878258,0.4595551499899224,0.10520585342743562,0.09981650171521891,2.9247444864231738
2.440999999999842,-3.447117160876141,-0.0363239044331808,0.46246999638539527,0.1044119822001883,0.10194243169569514,2.9045898362394444
2.441999999999842,-3.447013150879255,-0.03622088973847145,0.46536461384181366,0.10362893414832748,0.10406203562801036,2.884292612571517
2.442999999999842,-3.4469099184036596,-0.036115758373138206,0.46823886032321554,0.10285696855626258,0.10617522785631879,2.8638539093498947
2.443999999999842,-3.446807452233826,-0.036008516790819366,0.471092594898152,0.10209634889334541,0.10828192697335849,2.843274841609591
2.4449999999998417,-3.446705740888667,-0.035899171524305204,0.47392567776152716,0.10134734280926942,0.11038205615949663,2.8225565469332055
2.4459999999998416,-3.446604772617375,-0.03578772918079182,0.47673797025779097,0.10061022209152956,0.11247554349686342,2.8017001867025786
2.4469999999998415,-3.446504535395338,-0.03567419643684796,0.47952933490525884,0.09988526255378082,0.11456232222479223,2.780706947087973
2.4479999999998414,-3.4464050169202136,-0.035558580033177384,0.48229963542124726,0.09917274381208574,0.11664233088610061,2.7595780396680603
2.4489999999998413,-3.4463062046083173,-0.03544088676932166,0.48504873674758153,0.09847294889069268,0.11871551328985545,2.7383147015237053
2.449999999999841,-3.446208085591516,-0.0353211234985385,0.48777650507584325,0.0977861635793153,0.12078181818221591,2.7169181945782364
2.450999999999841,-3.4461106467149354,-0.03519929712322264,0.4904828078714507,0.09711267543898877,0.12284119846866763,2.6953898038593183
2.451999999999841,-3.4460138745358946,-0.03507541459142547,0.4931675138952776,0.09645277232255027,0.12489360976292511,2.6737308342228925
2.452999999999841,-3.445917755324636,-0.03494948289529983,0.4958304932209674,0.09580674023786619,0.1269390079427626,2.651942604895558
2.4539999999998408,-3.4458222750676124,-0.03482150907267926,0.4984716172453406,0.09517486033680791,0.12897734526235788,2.6300264409436465
2.4549999999998406,-3.4457274194743395,-0.034691500213535224,0.5010907586882424,0.0945574047615685,0.1310085643960561,2.6079836604519477
2.4559999999998405,-3.4456331739891057,-0.03455946347378806,0.5036877915767672,0.09395463102601635,0.13303258956803812,2.585815555792272
2.4569999999998404,-3.445539523809196,-0.03442540609991255,0.5062625912069569,0.09336671812973495,0.13504895321474758,2.563522731898385
2.4579999999998403,-3.4454464543053844,-0.034289338072645906,0.5088150301999417,0.09279332628205685,0.1370538314555783,2.5410999117785393
2.45899999999984,-3.445353950688944,-0.03415127008470231,0.5113449790839238,0.09223478736835074,0.13904753153681798,2.518549133289385
2.45999999999984,-3.445261998002913,-0.03401121331132081,0.5138523115632175,0.09169146620489145,0.14103109269962064,2.4958736723572117
2.46099999999984,-3.445170580899665,-0.033869177444248735,0.516336904436867,0.0911635990004024,0.1430053832410238,2.473076438749886
2.46199999999984,-3.445079683865914,-0.03372517139766501,0.5187986372195078,0.09065127884620544,0.14497108884314297,2.4501599475473954
2.4629999999998398,-3.444989291372622,-0.03357920350022409,0.521237391726536,0.09015444199929429,0.14692869243223,2.4271262771711366
2.4639999999998397,-3.444899388034606,-0.033431281710212354,0.5236530516144419,0.08967286311326314,0.1488784482931964,2.4039770244084906
2.4649999999998395,-3.4448099587650747,-0.033281413855572865,0.5260455018837502,0.08920617160252894,0.1508203590375113,2.380713279417048
2.4659999999998394,-3.4447209888990082,-0.03312960788921706,0.5284146283798917,0.08875389922088503,0.15275416965554328,2.357335651351734
2.4669999999998393,-3.444632464255489,-0.03297587213663533,0.5307603173535451,0.08831555534911248,0.15467939086998772,2.3338443619891533
2.467999999999839,-3.4445443711210664,-0.03282021550678992,0.5330824551425769,0.08789070823558194,0.15659535046078227,2.31023938917674
2.468999999999839,-3.444456696160355,-0.03266264764551445,0.5353809280031903,0.08747904562164259,0.15850125601839507,2.2865206135374487
2.469999999999839,-3.444369426280656,-0.0325031790286249,0.5376556220714572,0.08708040240079448,0.16039624991242182,2.2626879279674275
2.470999999999839,-3.4442825484822004,-0.03234182100747897,0.5399064234096138,0.08669476063879698,0.16227944671649291,2.2387412979452423
2.4719999999998388,-3.4441960497165853,-0.032178585825133485,0.5421332180918351,0.08632223452643978,0.16414995356381712,2.214680782745176
2.4729999999998387,-3.4441099167635807,-0.03201348661835456,0.5443358922984203,0.08596305071286969,0.16600687848179166,2.1905065335586826
2.4739999999998386,-3.444024136127761,-0.0318465374151783,0.5465143324020362,0.08561752975408499,0.16784933182477701,2.1662187811586455
2.4749999999998384,-3.4439386940392556,-0.0316777522253783,0.5486684259851562,0.08528588274532763,0.1696783176723854,2.1418208566496557
2.4759999999998383,-3.443853576597556,-0.031507143513383025,0.5507980660672785,0.08496813627554951,0.17149628176384935,2.1173183727813707
2.476999999999838,-3.4437687697891124,-0.031334722206101374,0.5529031490206763,0.0846645114550567,0.1733032488573497,2.0927130283170063
2.477999999999838,-3.443684259382433,-0.03116049923956363,0.5549835727460127,0.08437524476205954,0.1750991287556541,2.068006349583165
2.478999999999838,-3.443600030899573,-0.030984485749441223,0.5570392366701366,0.08410057355111088,0.17688382533514269,2.0431998628750505
2.479999999999838,-3.443516069626362,-0.030806692969328472,0.5590700417474316,0.08384073214914266,0.1786572395985793,2.018295096907182
2.480999999999838,-3.4434323606168924,-0.030627132232632054,0.5610758904628353,0.08359594915822316,0.18041927134081642,1.9932935838385901
2.4819999999998377,-3.443348888700212,-0.030445814973284566,0.5630566868354631,0.08336644571117356,0.18216981994187617,1.9681968595476027
2.4829999999998376,-3.443265638488363,-0.030262752725965767,0.5650123364223153,0.08315243446621855,0.18390878463239047,1.9430064635794797
2.4839999999998374,-3.443182594385136,-0.030077957126234612,0.5669427463218802,0.0829541191655935,0.18563606445556266,1.9177239390179466
2.4849999999998373,-3.4430997405950365,-0.029891439910796107,0.5688478251776302,0.0827716946180457,0.1873515580671431,1.8923508324200735
2.4859999999998372,-3.4430170611321005,-0.02970321291801581,0.5707274831815163,0.08260534699547338,0.1890551634598919,1.8668886938848601
2.486999999999837,-3.4429345398282925,-0.029513288088728284,0.5725816320776123,0.08245525435937942,0.19074677766318182,1.8413390772852245
2.487999999999837,-3.4428521603412876,-0.029321677467347908,0.5744101851660749,0.08232158735364783,0.1924262964455506,1.8157035406707056
2.488999999999837,-3.442769906161493,-0.0291283932032707,0.5762130573075918,0.08220451001687773,0.19409361403377093,1.7899836468372108
2.489999999999837,-3.4426877606182167,-0.02893344755254722,0.5779901649284791,0.08210418068071576,0.1957486228533753,1.7641809640560238
2.4909999999998367,-3.4426057068848976,-0.028736852879804462,0.5797414260265844,0.08202075293090196,0.19739121329054277,1.7382970669541407
2.4919999999998366,-3.4425237279833536,-0.028538621660396567,0.5814667601781429,0.08195437661562843,0.1990212734724995,1.7123335375400173
2.4929999999998365,-3.442441806787,-0.028338766482767667,0.5831660885457308,0.08190519889178205,0.20063868906224022,1.6862919663719171
2.4939999999998363,-3.4423599260230042,-0.028137300051014832,0.5848393338874589,0.08187336530409627,0.2022433430628876,1.6601739538696074
2.4949999999998362,-3.442278068273346,-0.0279342351876438,0.5864864205675502,0.08185902089549689,0.20383511562702614,1.633981111773811
2.495999999999836,-3.4421962159747506,-0.027729584836514696,0.5881072745684551,0.08186231134923677,0.20541388386665677,1.6077150647614302
2.496999999999836,-3.4421143514174637,-0.02752336206597904,0.5897018235046639,0.08188338416496363,0.2069795216599017,1.581377452227993
2.497999999999836,-3.4420324567428326,-0.02731558007221312,0.5912699966383912,0.08192238987177725,0.20853189945117037,1.5549699302520241
2.498999999999836,-3.4419505139396516,-0.027106252182755412,0.5928117248973229,0.08197948328168711,0.21007088404215668,1.52849417375905
2.4999999999998357,-3.4418685048392357,-0.026895391860258494,0.5943269408946357,0.08205482478670734,0.21159633837176595,1.5019518789056898
2.5009999999998356,-3.4417864111091716,-0.026683012706466887,0.5958155789515197,0.08214858170211228,0.21310812128388784,1.4753447657066365
2.5019999999998355,-3.4417042142457057,-0.026469128466433293,0.5972775751224605,0.08226092965706674,0.21460608728286398,1.4486745809291972
2.5029999999998354,-3.4416218955647127,-0.026253753032985088,0.5987128672235589,0.0823920540318415,0.21609008627759044,1.4219431012811556
2.5039999999998352,-3.4415394361912086,-0.02603690045145142,0.6001213948641971,0.08254215143798013,0.21755996331649236,1.3951521369177344
2.504999999999835,-3.441456817047367,-0.025818584924658272,0.6015030994823816,0.08271143123389858,0.2190155583171717,1.3683035352918171
2.505999999999835,-3.441374018839004,-0.025598820818194135,0.6028579243841155,0.08290011706321516,0.2204567057964267,1.341399185367617
2.506999999999835,-3.4412910220405215,-0.02537762266594207,0.6041858147871729,0.08310844839629981,0.22188323460864376,1.314441022210553
2.507999999999835,-3.441207806878325,-0.02515500517586462,0.6054867178696524,0.08333668204669421,0.22329496770335036,1.2874310319537063
2.5089999999998347,-3.441124353312747,-0.02493098323601564,0.6067605828236771,0.08358509362269961,0.22469172191606107,1.2603712571217223
2.5099999999998346,-3.4410406410185788,-0.024705571920737,0.6080073609145797,0.08385397885997614,0.22607330781051388,1.2332638022633033
2.5109999999998345,-3.4409566493643595,-0.02447878649697773,0.609227005545838,0.08414365476276453,0.22743952959501995,1.2061108397991753
2.5119999999998344,-3.4408723573906603,-0.024250642430648037,0.6104194723299025,0.08445446045854742,0.2287901851409233,1.1789146159273034
2.5129999999998343,-3.4407877437877055,-0.024021155392889543,0.6115847191648587,0.08478675764273635,0.23012506613700684,1.1516774563321301
2.513999999999834,-3.4407027868728277,-0.023790341266106334,0.6127227063165445,0.08514093045533572,0.2314439584198743,1.1244017713063812
2.514999999999834,-3.4406174645684096,-0.023558216149558317,0.6138333965052593,0.08551738458945163,0.23274664252650198,1.0970900596927
2.515999999999834,-3.4405317543812117,-0.02332479636426932,0.614916754995471,0.08591654538086238,0.2340328945206495,1.0697449107578674
2.516999999999834,-3.4404456333842472,-0.02309009845694877,0.6159727496858372,0.086338854567419,0.23530248714867164,1.0423690026779076
2.5179999999998337,-3.44035907820273,-0.022854139202569557,0.6170013511952299,0.08678476533537817,0.2365551913810714,1.0149650956638423
2.5189999999998336,-3.4402720650060266,-0.022616935605190222,0.6180025329380329,0.08725473518504731,0.2377907783919408,0.9875360167751396
2.5199999999998335,-3.440184569508075,-0.022378504896562672,0.6189762711783173,0.08774921604768192,0.23900902201671545,0.960084631952668
2.5209999999998334,-3.44009656697935,-0.022138864532036805,0.6199225450469439,0.08826864096525733,0.240209701706292,0.9326137984229783
2.5219999999998333,-3.4400080322742257,-0.021898032183272506,0.6208413364970335,0.08881340649797476,0.2413926059589747,0.9051262868225411
2.522999999999833,-3.4399189398784857,-0.02165602572731383,0.6217326301597762,0.0893838498413386,0.24255753615771647,0.8776246562401452
2.523999999999833,-3.439829263982901,-0.021412863231686997,0.6225964130411646,0.08998021940221584,0.24370431066875603,0.8501110554367004
2.524999999999833,-3.439738978590146,-0.021168562935364243,0.6234326739662464,0.0906026372860082,0.2448327689843367,0.8225869079003264
2.525999999999833,-3.4396480576640944,-0.020923143225657075,0.6242414026245227,0.09125105176243609,0.24594277569569772,0.7950524162301799
2.5269999999998327,-3.4395564753327035,-0.020676622611143575,0.625022587993731,0.09192517721967187,0.24703422449116333,0.7675057993301492
2.5279999999998326,-3.439464206158753,-0.02042901968964958,0.6257762158339581,0.092624369455387,0.2481068418942418,0.7399420030199484
2.5289999999998325,-3.4393712258787033,-0.020180354735764107,0.6265022636952565,0.09334707853988393,0.24915824408078951,0.7123495842778054
2.5299999999998324,-3.439277511533398,-0.019930648305286652,0.6272006961248381,0.0940918992394409,0.2501889030672058,0.6847145034435603
2.5309999999998323,-3.4391830420421448,-0.019679920725530462,0.6278714622093421,0.09485685370579908,0.25120049069034694,0.6570200423564605
2.531999999999832,-3.439087798712832,-0.019428190034353286,0.6285144949389936,0.09563890840049746,0.252195127974319,0.6292521020253028
2.532999999999832,-3.43899176642204,-0.019175471865429384,0.6291297180187164,0.0964339468741102,0.2531755242952092,0.6014072390112923
2.533999999999832,-3.4388949344790385,-0.018921778988054177,0.6297170582364292,0.09723724890783327,0.25414469313543125,0.57349457975256
2.534999999999832,-3.4387972968629237,-0.01866712128056369,0.6302764553937068,0.09804429085011762,0.2551053395718667,0.5455297016527689
2.5359999999998317,-3.438698851744248,-0.018411506253668396,0.6308078650115971,0.09885133055983834,0.25605940192388205,0.5175275900476077
2.5369999999998316,-3.438599600592716,-0.018154939889997963,0.6313112558163407,0.09965557645920643,0.2570079489652256,0.48949945739985856
2.5379999999998315,-3.4384995472400957,-0.01789742748386105,0.6317866057355912,0.10045510115439306,0.25795128983621546,0.46145260730390864
2.5389999999998314,-3.4383986970819116,-0.017638974326915937,0.6322338984359238,0.1012486829470101,0.2588891448715798,0.43339139284662637
2.5399999999998313,-3.4382970564445037,-0.01737958622056932,0.632653120891311,0.1020356564016581,0.25982080158045767,0.4053182248381192
2.540999999999831,-3.4381946320912538,-0.017119269845867133,0.633044261844885,0.10281579098733673,0.26074523607870825,0.377234335117465
2.541999999999831,-3.438091430781433,-0.016858032043638567,0.6334073113810633,0.10358930482072015,0.26166319892176015,0.34914176622214105
2.542999999999831,-3.43798745895152,-0.016595878731557864,0.6337422622311004,0.10435665335285653,0.2625763731229927,0.3210429084982875
2.543999999999831,-3.4378827225261235,-0.01633281462617436,0.634049108542901,0.10511831252403371,0.26348452408669926,0.2929385746224279
2.5449999999998307,-3.4377772269129285,-0.01606884488924095,0.6343278452079747,0.10587486188983704,0.2643872944809498,0.26482947992171346
2.5459999999998306,-3.437670976903926,-0.01580397510473303,0.6345784678322804,0.10662695088918854,0.26528426753488243,0.2367163481723529
2.5469999999998305,-3.437563976618287,-0.015538211292806164,0.6348009727711582,0.10737527056422207,0.26617499234605513,0.20859996005598538
2.5479999999998304,-3.4374562294724518,-0.015271559933629532,0.6349953572008107,0.10812053125192023,0.2670590035042011,0.18048117932553256
2.5489999999998303,-3.4373477381699926,-0.015004027974059364,0.635161619208095,0.10886344515278329,0.26793583590079917,0.15236096429868023
2.54999999999983,-3.4372385047068112,-0.014735622821540164,0.6352997578867166,0.10960471292756402,0.26880503560274005,0.12424036987609031
2.55099999999983,-3.4371285303880117,-0.014466352328771803,0.6354097734322379,0.11034501362986499,0.2696661675823183,0.09612054363935585
2.55199999999983,-3.437017815853414,-0.014196224771940848,0.6354916672312737,0.11108499739156193,0.27051882097901475,0.06800271845579324
2.55299999999983,-3.436906361109211,-0.013925248824695896,0.6355454419422553,0.11182528036196976,0.2713626124513495,0.03988820323442911
2.5539999999998297,-3.4367941655637346,-0.013653433529541341,0.6355711015665015,0.11256644147180338,0.27219718807163534,0.011778372930757383
2.5549999999998296,-3.436681228065708,-0.013380788267723993,0.6355686515100921,0.11330902053933882,0.27302222652356417,-0.016325322020118677
2.5559999999998295,-3.4365675469448926,-0.013107322703975494,0.635538098792859,0.1140535157018446,0.2738374783421283,-0.04442104706744761
2.5569999999998294,-3.4364531200531907,-0.012833046728215673,0.6354794524492409,0.1148003839492752,0.2746427547908687,-0.07250667904125946
2.5579999999998293,-3.4363379448051474,-0.012557970400699347,0.635392723655204,0.11555004349858373,0.2754378955561885,-0.1005800688203271
2.558999999999829,-3.436222018215904,-0.012282103927745019,0.6352779257411706,0.1163028752930789,0.27622276632638315,-0.1286390579971178
2.559999999999829,-3.4361053369375583,-0.01200545763759426,0.6351350741979489,0.11705922478482102,0.27699725734480257,-0.1566814854457717
2.560999999999829,-3.435987897293678,-0.011728041956612738,0.6349641866765119,0.11781940393898577,0.2777612818766015,-0.18470519306763872
2.561999999999829,-3.435869695311733,-0.01144986738704493,0.6347652829824175,0.11858369337107522,0.27851477464574104,-0.21270803077277056
2.5629999999998287,-3.4357507267533545,-0.01117094448633029,0.6345383850656011,0.11935234454813558,0.27925769028321973,-0.24068786076532458
2.5639999999998286,-3.435630987142378,-0.010891283847954075,0.634283517006201,0.12012558200173067,0.2799900018153881,-0.26864256120387997
2.5649999999998285,-3.435510471790687,-0.010610896083782047,0.6340007049970073,0.12090360551382169,0.28071169921191536,-0.2965700293065483
2.5659999999998284,-3.4353891758218937,-0.01032979180781248,0.6336899773230551,0.12168659224739602,0.2814227880059368,-0.3244681839671211
2.5669999999998283,-3.435267094192926,-0.01004798162126913,0.6333513643388203,0.12247469880210914,0.2821232879936338,-0.35233496794347025
2.567999999999828,-3.4351442217135975,-0.009765476098953708,0.6329848984434178,0.12326806318174499,0.28281323201660036,-0.3801683496737719
2.568999999999828,-3.4350205530642635,-0.009482285776774489,0.6325906140541477,0.12406680666529972,0.2834926648275094,-0.4079663247703633
2.569999999999828,-3.43489608281165,-0.009198421140368345,0.6321685475786919,0.12487103557724102,0.28416164203756566,-0.4357269172354817
2.570999999999828,-3.43477080542297,-0.008913892614735726,0.6317187373862153,0.12568084295523216,0.284820229142818,-0.46344818043796643
2.5719999999998278,-3.434644715278413,-0.008628710554811552,0.6312412237775971,0.12649631011553428,0.28546850062544493,-0.49112819788533657
2.5729999999998276,-3.434517806682132,-0.008342885236899272,0.6307360489549787,0.1273175081175752,0.2861065391254985,-0.518765083821521
2.5739999999998275,-3.4343900738718034,-0.008056426850900005,0.6302032569907902,0.12814449912992568,0.2867344346781959,-0.5463569836769355
2.5749999999998274,-3.434261511026881,-0.00776934549327379,0.6296428937963898,0.12897733770025585,0.287352284011605,-0.5739020743945473
2.5759999999998273,-3.434132112275615,-0.007481651160675174,0.6290550070904319,0.12981607193183325,0.2879601898994157,-0.6013985646530173
2.576999999999827,-3.434001871700949,-0.0071933537442107585,0.6284396463670537,0.13066074456882626,0.288558260563375,-0.6288446950059279
2.577999999999827,-3.433870783345374,-0.0069044630242718,0.6277968628639587,0.13151139399213482,0.28914660911983664,-0.656238737954456
2.578999999999827,-3.4337388412148293,-0.006614988665900608,0.6271267095304531,0.13236805512670935,0.28972535306470465,-0.6835789979695934
2.579999999999827,-3.4336060392817407,-0.00632494021465529,0.6264292409954794,0.13323076026035613,0.29029461379079163,-0.7108638114791237
2.5809999999998268,-3.4334723714872895,-0.006034327092943633,0.6257045135356739,0.13409953977286618,0.29085451613122465,-0.7380915468339944
2.5819999999998267,-3.4333378317429895,-0.005743158596803431,0.6249525850434635,0.13497442277294358,0.29140518792198244,-0.7652606042684579
2.5829999999998265,-3.4332024139316832,-0.005451443893113978,0.6241735149951977,0.13585543763883598,0.2919467595758808,-0.7923694158683435
2.5839999999998264,-3.433066111908045,-0.005159192017231505,0.6233673644193033,0.1367426124567694,0.2924793636592931,-0.8194164455620582
2.5849999999998263,-3.4329289194986963,-0.004866411871050801,0.6225341958644306,0.1376359753492401,0.2930031344615369,-0.8464001891493451
2.585999999999826,-3.4327908305020602,-0.004573112221506108,0.6216740733675449,0.1385355546828904,0.2935182075451023,-0.873319174383427
2.586999999999826,-3.432651838688067,-0.0042793016995373336,0.6207870624219025,0.139441379143071,0.29402471926266593,-0.9001719611228759
2.587999999999826,-3.4325119377978606,-0.003984988799562994,0.6198732299448335,0.1403534776592387,0.29452280622402965,-0.9269571415703319
2.588999999999826,-3.4323711215436647,-0.003690181879519899,0.6189326442452342,0.14127187916203982,0.29501260469265067,-0.9536733406159614
2.5899999999998258,-3.432229383608981,-0.003394889161551923,0.6179653749906563,0.14219661214928142,0.29549424988719125,-0.9803192163042208
2.5909999999998257,-3.4320867176493324,-0.003099118733457312,0.6169714931738601,0.14312770403401795,0.29596787515844025,-1.006893460442947
2.5919999999998256,-3.431943117293779,-0.002802878551036478,0.6159510710786791,0.14406518024376117,0.29643361100602184,-1.0333947993739023
2.5929999999998254,-3.431798576147473,-0.002506176441521126,0.6149041822450253,0.14500906303552968,0.29689158389261555,-1.0598219949234648
2.5939999999998253,-3.431653087795558,-0.0022090201083113294,0.613830901432847,0.1459593699874302,0.29734191480629796,-1.086173845550955
2.5949999999998252,-3.4315066458087577,-0.0019114171372999684,0.6127313045848327,0.14691611212432046,0.29778471751483854,-1.1124491877098717
2.595999999999825,-3.431359243751037,-0.0016133750051226731,0.6116054687876418,0.14787929163391145,0.29822009645083614,-1.1386468974337514
2.596999999999825,-3.431210875189774,-0.0013149010897330017,0.6104534722314349,0.14884889913221452,0.29864814416620244,-1.164765892153161
2.597999999999825,-3.431061533708897,-0.0010160026837602234,0.6092753941674709,0.14982491044642965,0.2990689383033988,-1.190805132743195
2.598999999999825,-3.430911212925494,-0.0007166870111478102,0.6080713148635454,0.15080728290372783,0.2994825380567554,-1.2167636257916674
2.5999999999998247,-3.430759906510359,-0.00041696124757187336,0.6068413155570583,0.15179595115260214,0.2998889801521272,-1.242640426067187
2.6009999999998246,-3.4306076082129153,-0.00011683254506304926,0.6055854784055272,0.1527908226087543,0.30028827447425904,-1.2684346391543997
2.6019999999998245,-3.430454311890793,0.00018369193895396117,0.6043038864343989,0.15379177272099476,0.3006803996403304,-1.2941454242127346
2.6029999999998243,-3.4303000115440803,0.0004846050084105491,0.6029966234820622,0.1547986404046711,0.30106529907674945,-1.319771996807845
2.6039999999998242,-3.430144701353818,0.0007858993920690199,0.6016637741420139,0.15581122419301394,0.30144287851160223,-1.345313631764312
2.604999999999824,-3.429988375723646,0.0010875677057719205,0.6003054237021818,0.15682927989098752,0.30181300621128426,-1.3707696659930162
2.605999999999824,-3.4298310293226213,0.001389602417021588,0.5989216580814514,0.1578525207202365,0.3021755176424049,-1.396139501244502
2.606999999999824,-3.4296726571262055,0.001691995817158919,0.597512563763511,0.15888062099666092,0.3025302262729268,-1.421422606696818
2.607999999999824,-3.4295132544514897,0.0019947400078335806,0.596078227728279,0.1599132241147661,0.30287694156738065,-1.446618521144421
2.6089999999998237,-3.4293528169822936,0.0022978269087406303,0.5946187373815461,0.16094995488431518,0.3032154935603987,-1.4717268542571413
2.6099999999998236,-3.429191340780268,0.0026012482917625547,0.5931341804842073,0.16199043511548045,0.30354576081043755,-1.4967472859449114
2.6109999999998235,-3.4290288222798098,0.0029049958421943087,0.591624645083628,0.16303430014293566,0.30386769593284063,-1.5216795624864046
2.6119999999998234,-3.428865258267266,0.0032090612412865446,0.5900902194509021,0.16408121323926417,0.3041813410376157,-1.5465234910070131
2.6129999999998232,-3.428700645848601,0.003513436250771233,0.5885309920076615,0.16513087413122238,0.30448681769728103,-1.571278968178001
2.613999999999823,-3.4285349824097944,0.0038181127909255284,0.5869470512435963,0.16618302395107024,0.30478431746077694,-1.5959459489116647
2.614999999999823,-3.428368265575096,0.004123083001073313,0.585338485688281,0.16723744575316993,0.30507408631678035,-1.620524394287977
2.615999999999823,-3.4282004931666146,0.004428339281123011,0.5837053839157575,0.16829396053055662,0.3053563956903469,-1.645014251440694
2.616999999999823,-3.4280316631688783,0.004733874303755845,0.5820478345667561,0.1693524217136857,0.305631515008177,-1.669415437691278
2.6179999999998227,-3.427861773699112,0.00503968100146797,0.580365926384546,0.1704127095856098,0.3058996903705955,-1.6937278292814977
2.6189999999998226,-3.427690822982881,0.00534575253581985,0.5786597482596323,0.17147472632748328,0.3061611308149054,-1.717951254897233
2.6199999999998225,-3.4275188093343276,0.0056520822563972594,0.5769293892787943,0.17253839186994124,0.30641600158138604,-1.742085493302449
2.6209999999998224,-3.4273457311402087,0.005958663655816252,0.5751749387748839,0.17360364043729018,0.30666442276621186,-1.7661302739904128
2.6219999999998223,-3.4271715868471375,0.0062654903253127545,0.5733964863749411,0.17467041758230623,0.3069064715553542,-1.7900852797203348
2.622999999999822,-3.426996374951619,0.006572555913728287,0.5715941220452414,0.17573867752789843,0.30714218650138625,-1.8139501499777193
2.623999999999822,-3.42682009399264,0.006879854091347318,0.5697679361327308,0.176808380686746,0.30737157272408794,-1.8377244846372263
2.624999999999822,-3.4266427425466794,0.007187378519114902,0.5679180194029105,0.1778794912835531,0.3075946073130006,-1.8614078473357463
2.625999999999822,-3.4264643192250603,0.007495122823200072,0.5660444630746285,0.17895197504350668,0.30781124451881153,-1.8849997682466337
2.6269999999998217,-3.4262848226735816,0.007803080574571483,0.5641473588524738,0.1800257969341048,0.3080214205332872,-1.9084997460783217
2.6279999999998216,-3.426104251574385,0.008111245273125848,0.5622267989575993,0.18110091895944153,0.3082250577914206,-1.931907249209471
2.6289999999998215,-3.425922604649995,0.008419610335887789,0.5602828761578564,0.18217729801052074,0.308422068806684,-1.955221715929513
2.6299999999998214,-3.425739880669482,0.008728169088834486,0.5583156837981355,0.1832548837755756,0.30861235959004013,-1.9784425537882928
2.6309999999998213,-3.425556078456684,0.009036914761960018,0.5563253158317919,0.18433361671296572,0.3087958327198965,-2.001569138079724
2.631999999999821,-3.4253711969004237,0.00934584048726451,0.5543118668540072,0.18541342608741235,0.30897239013303357,-2.024600809497907
2.632999999999821,-3.425185234966655,0.00965493929942168,0.5522754321378868,0.18649422806892518,0.3091419357017059,-2.0475368710143607
2.633999999999821,-3.4249981917124854,0.00996420413893964,0.550216107674046,0.1875759238932192,0.30930437765311786,-2.0703765840349195
2.634999999999821,-3.424810066302003,0.010273627857680637,0.548133990214372,0.1886583980829717,0.3094596308762329,-2.093119163906773
2.6359999999998207,-3.4246208580238515,0.01058320322664424,0.5460291773205667,0.18974151673106995,0.3096076191482861,-2.1157637748618936
2.6369999999998206,-3.4244305663104933,0.010892922945944164,0.5439017674179851,0.19082512585015235,0.30974827729973375,-2.1383095245042654
2.6379999999998205,-3.4242391907590806,0.011202779656920328,0.5417518598551605,0.19190904979732326,0.30988155332164236,-2.160755457976235
2.6389999999998204,-3.4240467311538616,0.011512765956323884,0.5395795549692523,0.1929930897889807,0.3100074104034847,-2.1831005519750315
2.6399999999998203,-3.4238531874900153,0.011822874412492232,0.5373849541574662,0.19407702252824777,0.31012582887174817,-2.205343708834803
2.64099999999982,-3.42365855999879,0.012133097583391969,0.53516815995425,0.19516059897648602,0.3102368079805408,-2.2274837509425
2.64199999999982,-3.4234628491737795,0.012443428036348627,0.5329292761137712,0.19624354331060812,0.3103403674846188,-2.249519415816745
2.64299999999982,-3.423266055798128,0.012753858369201732,0.5306684076968234,0.19732555211902575,0.3104365489034519,-2.271449352245222
2.64399999999982,-3.423068180972391,0.013064381232521401,0.5283856611608756,0.19840629390043069,0.3105254163631338,-2.293272117943877
2.6449999999998197,-3.422869226142717,0.01337498935239944,0.5260811444514841,0.19948540894023453,0.310607056882889,-2.314986179263544
2.6459999999998196,-3.422669193128925,0.013685675553186472,0.5237549670927374,0.20056250964801162,0.3106815799572203,-2.3365899135168857
2.6469999999998195,-3.4224680841519795,0.013996432779393284,0.5214072402738161,0.2016371814439085,0.3107491162768546,-2.3580816145179644
2.6479999999998194,-3.42226590186027,0.0143072541158189,0.5190380769281685,0.20270898428056872,0.3108098154357905,-2.3794595019031357
2.6489999999998193,-3.4220626493540154,0.014618132804824411,0.5166475918012657,0.20377745487737917,0.3108638424924958,-2.4007217347188914
2.649999999999819,-3.4218583302070575,0.014929062259558864,0.5142359015024907,0.2048421097236612,0.31091137329483404,-2.4218664296049828
2.650999999999819,-3.421652948485257,0.015240036071883768,0.5118031245364965,0.2059024488753773,0.31095258854335944,-2.4428916836601413
2.651999999999819,-3.421446508760706,0.015551048013759821,0.5093493813094416,0.2069579605258602,0.3109876666561831,-2.4637956017534925
2.652999999999819,-3.4212390161210164,0.015862092030974898,0.5068747941059347,0.20800812627675871,0.31101677560656815,-2.484576327652481
2.6539999999998187,-3.4210304761730432,0.01617316222832144,0.5043794870333654,0.20905242697490106,0.31104006402269846,-2.5052320779104966
2.6549999999998186,-3.4208208950405736,0.016484252845677966,0.5018635859315645,0.21009034892049833,0.31105765195370055,-2.5257611770444304
2.6559999999998185,-3.420610279355727,0.016795358224901167,0.4993272182473837,0.21112139020014506,0.31106962179953696,-2.5461620921961834
2.6569999999998184,-3.420398636244079,0.017106472767962535,0.4967705128757019,0.21214506686298762,0.311076009956786,-2.566433465276634
2.6579999999998183,-3.4201859733038082,0.01741759088731936,0.4941935999703884,0.2131609186475052,0.31107679973289465,-2.5865741405874765
2.658999999999818,-3.419972298579458,0.017728706950037035,0.4915966107306655,0.21416851398377634,0.3110719160209382,-2.6065831861311715
2.659999999999818,-3.41975762053115,0.018039815217617147,0.48897967716991003,0.2151674540416541,0.31106122210815573,-2.626459907241365
2.660999999999818,-3.419541948000293,0.018350909783781632,0.4863429318750194,0.21615737566392743,0.3110445188281474,-2.646203851747181
2.661999999999818,-3.4193252901729414,0.018661984512582983,0.48368650776492667,0.21713795310632403,0.31102154608062893,-2.6658148065469964
2.6629999999998177,-3.419107656542009,0.018973032979143892,0.48101053785664255,0.2181088985920025,0.3109919865598515,-2.68529278611937
2.6639999999998176,-3.418889056869478,0.019284048415091917,0.47831515504638594,0.21906996176606972,0.31095547137735974,-2.704638014055549
2.6649999999998175,-3.4186695011496395,0.019595023660382346,0.47560049191206455,0.22002092819701513,0.31091158715435746,-2.723850899096725
2.6659999999998174,-3.418448999574232,0.01990595112274511,0.4728666805417639,0.22096161711179088,0.31085988410201915,-2.742932007369891
2.6669999999998173,-3.4182275625001406,0.02021682274550336,0.4701138523911812,0.22189187856856452,0.31079988460360086,-2.7618820325417497
2.667999999999817,-3.4180052004201205,0.020527629984040705,0.4673421381712751,0.22281159026829142,0.3107310918515472,-2.7807017654804183
2.668999999999817,-3.4177819239368152,0.02083836379077938,0.464551667765925,0.2237206541877824,0.3106529981628942,-2.7993920647750845
2.669999999999817,-3.4175577437401676,0.02114901460819591,0.46174257017819054,0.22461899318838577,0.3105650926828729,-2.817953829164082
2.670999999999817,-3.4173326705881855,0.021459572369155244,0.45891497350286975,0.22550654772108017,0.3104668682769017,-2.8363879726070196
2.6719999999998167,-3.417106715290919,0.021770026503686563,0.4560690049224676,0.22638327271506467,0.31035782749531393,-2.854695402441139
2.6729999999998166,-3.416879888697435,0.02208036595124493,0.4532047907233794,0.22724913470595812,0.31023748756693265,-2.872877000808265
2.6739999999998165,-3.416652201685534,0.022390579177488528,0.45032245632901097,0.22810410923331997,0.310105384434013,-2.890933609337335
2.6749999999998164,-3.416423665153931,0.02270065419463528,0.4474221263466516,0.2289481785161461,0.3099610758817586,-2.908866016920249
2.6759999999998163,-3.4161942900166244,0.023010578584530445,0.44450392462512955,0.22978132939896975,0.30980414384307553,-2.926674950314879
2.676999999999816,-3.4159640871993124,0.023320339524122147,0.441567974322353,0.23060355125636278,0.30963419715833246,-2.944361060546056
2.677999999999816,-3.415733067638076,0.023629923814551975,0.438614397993617,0.2314148337167697,0.30945087538712934,-2.9619249019322025
2.678999999999816,-3.4155012422792894,0.023939317910002023,0.43564331768144815,0.23221516613349236,0.30925384587496485,-2.979366948119213
2.679999999999816,-3.4152686220805895,0.024248507945794123,0.43265485499318057,0.2330045366048673,0.30904280282564256,-2.9966875958005175
2.6809999999998158,-3.4150352180125783,0.024557479764702368,0.4296491311780801,0.2337829309437422,0.3088174657668767,-3.013887168395493
2.6819999999998156,-3.414801041060626,0.02486621891181171,0.42662626712935314,0.23455033364675326,0.30857751438441205,-3.030966132523106
2.6829999999998155,-3.4145661022259324,0.025174710561392123,0.42358638307032226,0.23530672860173726,0.3083225240769699,-3.0479253098418186
2.6839999999998154,-3.414330412528591,0.025482939474423393,0.4205295984098191,0.23605209431223634,0.308052085093503,-3.064765474854481
2.6849999999998153,-3.4140939830130144,0.025790890007000005,0.4174560318282304,0.23678640277142665,0.307765815358066,-3.0814873107635936
2.685999999999815,-3.413856824755142,0.0260985461462699,0.4143658013665687,0.23750961881010663,0.30746335878340125,-3.098091413928699
2.686999999999815,-3.4136189488699316,0.026405891535570342,0.4112590245111051,0.23822169944577315,0.3071443835595397,-3.1145782982715406
2.687999999999815,-3.4133803665195,0.02671290949784624,0.4081358182736554,0.2389225932194256,0.3068085804331603,-3.1309483995507223
2.688999999999815,-3.4131410889219436,0.027019583057347554,0.40499629926768316,0.2396122395101808,0.3064556609886918,-3.147202079447613
2.6899999999998148,-3.4129011273608514,0.02732589495961182,0.40184058378042786,0.24029056782133498,0.30608535593898567,-3.1633396294220955
2.6909999999998147,-3.412660493195554,0.02763182768974468,0.3986687878413052,0.24095749703534605,0.3056974134317817,-3.1793612743114115
2.6919999999998145,-3.412419197872127,0.027937363489017302,0.39548102728684237,0.24161293463952108,0.30529159737814315,-3.195267175658757
2.6929999999998144,-3.4121772529351815,0.028242484369806507,0.3922774178224208,0.24225677592919226,0.3048676858105975,-3.2110574347714085
2.6939999999998143,-3.41193467004046,0.0285471721289126,0.38905807508109125,0.24288890320105538,0.30442546928198777,-3.226732095521939
2.694999999999814,-3.4116914609682323,0.028851408359303245,0.38582311467970415,0.24350918495631632,0.30396474932112794,-3.2422911469214304
2.695999999999814,-3.4114476376374716,0.029155174460351332,0.3825726522725629,0.24411747514146337,0.3034853369683492,-3.2577345255112387
2.696999999999814,-3.411203212120758,0.029458451646661894,0.37930680360274854,0.24471361246385429,0.30298705142291865,-3.273062117640367
2.697999999999814,-3.4109581966598057,0.029761220955620567,0.3760256845511881,0.2452974198296593,0.30246971884489127,-3.2882737617188154
2.6989999999998138,-3.410712603681468,0.03006346325384416,0.37272941118343406,0.24586870396249738,0.30193317136566844,-3.3033692505627017
2.6999999999998137,-3.4104664458140053,0.030365159242774102,0.36941809979399504,0.2464272552713521,0.3013772463733079,-3.3183483339725006
2.7009999999998136,-3.4102197359033237,0.030666289463724777,0.3660918669479045,0.2469728480444949,0.3008017861486882,-3.333210721707869
2.7019999999998134,-3.4099724870288304,0.030966834302777864,0.3627508295190427,0.24750524104999577,0.3002066379343769,-3.347956087035735
2.7029999999998133,-3.4097247125184444,0.031266773995995305,0.3593951047245506,0.2480241786202234,0.2995916545160822,-3.3625840710250756
2.703999999999813,-3.4094764259622625,0.03156608863549735,0.35602481015451365,0.24852939228454998,0.2989566953829459,-3.377094287733144
2.704999999999813,-3.4092276412242954,0.03186475817700499,0.3526400637959754,0.24902060298865933,0.2983016285039378,-3.391486330365066
2.705999999999813,-3.4089783724517,0.03216276244946151,0.3492409840503082,0.2494975238991037,0.2976263327108712,-3.405759778385657
2.706999999999813,-3.408728634080934,0.0324600811673075,0.34582768974305705,0.24995986373919715,0.2969307006146676,-3.4199142054196665
2.707999999999813,-3.4084784408403612,0.032756693945873785,0.3424003001256215,0.2504073305415665,0.2962146419055619,-3.4339491876054953
2.7089999999998127,-3.40822780774897,0.03305258032016896,0.33895893486856254,0.2508396356420967,0.29547808681039645,-3.4478643118916676
2.7099999999998126,-3.4079767501110747,0.03334771976707882,0.33550371404691076,0.25125649769095143,0.29472098941611047,-3.46165918362046
2.7109999999998124,-3.4077252835070997,0.033642091730685254,0.3320347581185507,0.25165764643078065,0.29394333053488003,-3.4753334326697636
2.7119999999998123,-3.4074734237808064,0.03393567565009013,0.3285521878974794,0.25204282599926764,0.29314511979707425,-3.4888867174568894
2.7129999999998122,-3.407221187023538,0.03422845098884248,0.3250561245243659,0.2524117975556199,0.292326396719055,-3.502318726261823
2.713999999999812,-3.4069685895562207,0.03452039726486269,0.32154668943725806,0.2527643411030047,0.2914872305978796,-3.5156291755888236
2.714999999999812,-3.406715647909967,0.03481149407967304,0.3180240043454046,0.2531002564682291,0.2906277192165052,-3.528817805611393
2.715999999999812,-3.4064623788060886,0.03510172114579244,0.31448819120894694,0.25341936348904065,0.28974798647617045,-3.541884373074551
2.716999999999812,-3.4062087991362655,0.035391058311325954,0.31093937222672074,0.25372150153205175,0.2888481791821282,-3.5548286422967093
2.7179999999998117,-3.405954925943463,0.035679485581042156,0.30737766983367465,0.2540065285095736,0.2879284632767274,-3.5676503750748294
2.7189999999998116,-3.4057007764040024,0.03596698313353902,0.30380320670857963,0.2542743195783195,0.2869890198331804,-3.5803493203329873
2.7199999999998115,-3.4054463678110216,0.0362535313344036,0.30021610579189467,0.25452476569081334,0.286030041098797,-3.5929252042773063
2.7209999999998113,-3.4051917175594006,0.03653911074553478,0.29661649031296394,0.2547577721398117,0.28505172682065927,-3.6053777216620437
2.7219999999998112,-3.4049368431321065,0.036823702130997726,0.29300448382521416,0.25497325719684005,0.28405428101540375,-3.6177065285736676
2.722999999999811,-3.4046817620878285,0.037107286459904604,0.28938021024771476,0.2551711509065075,0.28303790927238937,-3.6299112369402216
2.723999999999811,-3.404426492049727,0.0373898449068736,0.2857437939113454,0.25535139406432883,0.28200281661644033,-3.6419914107999287
2.724999999999811,-3.4041710506951186,0.037671358850619445,0.28209535960785215,0.25551393738014366,0.2809492059080844,-3.6539465642308335
2.725999999999811,-3.403915455745909,0.037951809871188985,0.27843503264021807,0.25565874081229256,0.2798772767270892,-3.6657761607560246
2.7269999999998107,-3.403659724959615,0.038231179746291394,0.2747629388729868,0.25578577304839084,0.2787872246675773,-3.6774796139924475
2.7279999999998106,-3.40340387612085,0.038509450447096596,0.2710792047814179,0.2558950111050502,0.27767924096704427,-3.689056289297213
2.7289999999998105,-3.4031479270331526,0.03878660413379831,0.26738395749859684,0.2559864400193565,0.27655351239377796,-3.7005055061741223
2.7299999999998104,-3.4028918955110976,0.0390626231511654,0.26367732485984924,0.25606005260770043,0.2754102213243794,-3.711826541226128
2.7309999999998102,-3.4026357993726166,0.039337490024241833,0.2599594354440072,0.25611584927144193,0.27424954595281115,-3.7230186314696465
2.73199999999981,-3.402379656431497,0.03961118745430175,0.2562304186112455,0.25615383783303247,0.273071660582883,-3.734080977858867
2.73299999999981,-3.4021234844900374,0.03988369831512326,0.2524904045373398,0.25617403339011247,0.2718767359661768,-3.7450127488992675
2.73399999999981,-3.401867301331842,0.04015500564961124,0.24873952424430645,0.2561764581784875,0.27066493965646615,-3.755813084257463
2.73499999999981,-3.401611124714748,0.04042509266677412,0.24497790962746416,0.25616114143767005,0.2694364363594207,-3.766481098298483
2.7359999999998097,-3.401354972363891,0.040693942739042185,0.24120569347901544,0.25612811927486123,0.2681913882627402,-3.777015883501394
2.7369999999998096,-3.4010988619649094,0.040961539399902304,0.23742300950828799,0.25607743452490084,0.2669299553369275,-3.7874165137200886
2.7379999999998095,-3.4008428111572826,0.041227866341816403,0.2336299923588016,0.2560091366049174,0.26565229560083475,-3.797682047268489
2.7389999999998094,-3.4005868375278316,0.041492907414386854,0.2298267776223428,0.2559232813632517,0.26435856534907887,-3.8078115298188857
2.7399999999998093,-3.400330958604359,0.04175664662272994,0.2260135018502363,0.2558199309227853,0.2630489193406018,-3.817803997109181
2.740999999999809,-3.4000751918494574,0.04201906812601888,0.22219030256200495,0.2556991535191563,0.26172351094920543,-3.8276584774599005
2.741999999999809,-3.399819554654482,0.04228015623615924,0.21835731825160573,0.25556102333453556,0.2603824922779599,-3.837373994105402
2.742999999999809,-3.3995640643336817,0.04253989541656172,0.21451468839142476,0.25540562032772557,0.25902601424008387,-3.846949567346112
2.743999999999809,-3.3993087381185165,0.042798270280980426,0.21066255343420623,0.25523303006135284,0.2576542266093159,-3.856384216530115
2.7449999999998087,-3.3990535931521344,0.043055265592387565,0.206801054813081,0.2550433435268915,0.25626727804301525,-3.865676961873276
2.7459999999998086,-3.398798646484034,0.04331086626185898,0.2029303349398521,0.2548366569681908,0.25486531608130053,-3.8748268261274363
2.7469999999998085,-3.3985439150648995,0.04356505734744828,0.1990505372016838,0.25461307170410175,0.2534484871255037,-3.883832836106257
2.7479999999998084,-3.3982894157416155,0.0438178240530303,0.19516180595633215,0.25437269395071493,0.25201693639911293,-3.8926940240780654
2.7489999999998083,-3.3980351652524563,0.04406915172709806,0.19126428652604538,0.25411563464364,0.25057080789422886,-3.9014094290347066
2.749999999999808,-3.3977811802224576,0.04431902586150017,0.1873581251902539,0.25384200926068173,0.24911024430638185,-3.909978097844935
2.750999999999808,-3.3975274771589605,0.04456743209010818,0.18344346917716126,0.2535519376452,0.24763538696036347,-3.918399086300369
2.751999999999808,-3.3972740724473347,0.044814356187406486,0.17952046665433954,0.2532455438303829,0.2461463757295252,-3.926671460061496
2.752999999999808,-3.3970209823468767,0.04505978406699901,0.17558926671842612,0.25292295586461294,0.24464334895079662,-3.934794295510673
2.7539999999998077,-3.396768222986879,0.04530370178002972,0.1716500193840109,0.25258430563806866,0.24312644333747815,-3.942766680518553
2.7549999999998076,-3.3965158103628776,0.0455460955135156,0.16770287557179803,0.25222972871067295,0.24159579389167268,-3.9505877151298567
2.7559999999998075,-3.3962637603330648,0.045786951588592466,0.16374798709612,0.25185936414147897,0.2400515338180372,-3.9582565121739552
2.7569999999998074,-3.3960120886148757,0.04602625645867596,0.1597855066518764,0.2514733543195697,0.2384937944403624,-3.9657721978052756
2.7579999999998073,-3.3957608107817427,0.046263996707540965,0.1558155878009655,0.25107184479654043,0.2369227051223234,-3.973133911978161
2.758999999999807,-3.3955099422600146,0.0465001590473244,0.15183838495827198,0.2506549841206312,0.23533839319358937,-3.9803408088604346
2.759999999999807,-3.3952594983260433,0.046734730316457265,0.1478540533772701,0.25022292367257853,0.2337409838823338,-3.9873920571895995
2.760999999999807,-3.395009494103432,0.04696769747753266,0.1438627491352977,0.24977581750326333,0.2321306002550506,-3.994286840575303
2.761999999999807,-3.394759944560445,0.047199047615117756,0.13986462911855332,0.24931382217323944,0.23050736316445128,-4.001024357751427
2.7629999999998067,-3.3945108645075783,0.04742876793351777,0.13585985100686493,0.24883709659424022,0.22887139120609815,-4.007603822780937
2.7639999999998066,-3.3942622685952855,0.04765684575450134,0.1318485732582763,0.24834580187277236,0.2272228006843152,-4.0140244652164006
2.7649999999998065,-3.3940141713118614,0.04788326851499654,0.127830955093494,0.24784010115591984,0.22556170558781133,-4.020285530218901
2.7659999999998064,-3.3937665869814775,0.0481080237647675,0.12380715648023474,0.24732015947949457,0.22388821757535207,-4.026386278637927
2.7669999999998063,-3.3935195297623673,0.04833109916408184,0.11977733811751194,0.24678614361868356,0.22220244597172129,-4.032325987054641
2.767999999999806,-3.3932730136451594,0.04855248248137931,0.11574166141989581,0.24623822194135522,0.22050449777412864,-4.0381039477908205
2.768999999999806,-3.3930270524513606,0.048772161590952,0.11170028850178106,0.24567656426419807,0.2187944776691364,-4.043719468885673
2.769999999999806,-3.3927816598319733,0.04899012447064678,0.10765338216169282,0.24510134171187625,0.21707248806010332,-4.049171874042574
2.770999999999806,-3.39253684926626,0.04920635919960044,0.10360110586666012,0.24451272657939338,0.21533862910507348,-4.054460502547746
2.7719999999998057,-3.392292634060638,0.0494208539560178,0.09954362373668381,0.24391089219786305,0.21359299876497212,-4.059584709162785
2.7729999999998056,-3.3920490273477095,0.04963359701500316,0.09548110052932429,0.2432960128038891,0.21183569286191078,-4.064543863992873
2.7739999999998055,-3.3918060420854212,0.049844576746454955,0.09141370162443244,0.24266826341275977,0.21006680514734846,-4.0693373523324805
2.7749999999998054,-3.391563691056345,0.05005378161303337,0.08734159300904533,0.24202781969566095,0.20828642737980516,-4.073964574490257
2.7759999999998053,-3.3913219868670827,0.05026120016821033,0.08326494126246678,0.2413748578611109,0.2064946494117785,-4.078424945594806
2.776999999999805,-3.391080941947787,0.050466821054410756,0.07918391354155098,0.24070955454081433,0.20469155928547256,-4.082717895382948
2.777999999999805,-3.3908405685517917,0.05067063300125393,0.07509867756620593,0.24003208668012754,0.20287724333691182,-4.086842867972062
2.778999999999805,-3.3906008787553517,0.05087262482390277,0.07100940160513186,0.23934263143331722,0.20105178630798037,-4.090799321618023
2.779999999999805,-3.390361884457484,0.05107278542152909,0.06691625446180828,0.2386413660637857,0.19921527146589826,-4.094586728460229
2.7809999999998047,-3.3901235973799073,0.0512711037759017,0.06281940546074187,0.23792846784942231,0.19736778072962355,-4.098204574255145
2.7819999999998046,-3.389886029067071,0.05146756895010422,0.058719024433985904,0.23720411399322777,0.1955093948026477,-4.101652358099783
2.7829999999998045,-3.389649190886274,0.05166217008738863,0.054615281707940715,0.23646848153934208,0.19364019331163637,-4.1049295921464495
2.7839999999998044,-3.389413094027861,0.05185489641017014,0.050508348090443196,0.2357217472945911,0.19176025495035465,-4.108035801310079
2.7849999999998043,-3.3891777495055,0.052045737219168386,0.04639839485815212,0.2349640877556488,0.1898696576283067,-4.11097052296942
2.785999999999804,-3.3889431681565236,0.05223468189269944,0.042285593744234844,0.23419567904189423,0.18796847862351426,-4.113733306663291
2.786999999999804,-3.3887093606423377,0.05242171988612231,0.038170116926359694,0.2334166968340236,0.18605679473885472,-4.116323713783086
2.787999999999804,-3.3884763374488918,0.05260684073144341,0.0340521370149973,0.23262731631845876,0.1841346824613804,-4.1187413172626535
2.788999999999804,-3.3882441088871924,0.05279003403708155,0.029931827042032788,0.23182771213757355,0.18220221812404247,-4.120985701266644
2.7899999999998037,-3.388012685093876,0.052971289487795635,0.025809360449690056,0.23101805834574154,0.18025947806924755,-4.123056460878369
2.7909999999998036,-3.3877820760318125,0.053150596844776576,0.021684911079767933,0.23019852837118807,0.17830653881368286,-4.124953201788166
2.7919999999998035,-3.387552291490749,0.053327945945904454,0.01755865316318734,0.22936929498361272,0.17634347721385302,-4.126675539983232
2.7929999999998034,-3.3873233410879835,0.0535033267061713,0.013430761309847463,0.228530530267529,0.17437037063178265,-4.1282231014398425
2.7939999999998033,-3.387095234269059,0.053676729118269505,0.00930141049878817,0.22768240560125164,0.17238729710035028,-4.129595521818839
2.794999999999803,-3.386867980308479,0.05384814325334508,0.005170776068654913,0.22682509164144488,0.17039433548773056,-4.13079244616522
2.795999999999803,-3.3866415883104337,0.05401755926191476,0.0010390337084616513,0.22595875831313045,0.16839156566043623,-4.131813528612648
2.796999999999803,-3.386416067209537,0.054184967374945193,-0.003093640551353519,0.22508357480503827,0.16637906864446356,-4.132658432093648
2.797999999999803,-3.38619142577156,0.05435035790509219,-0.007227070347586123,0.22419970957017024,0.1643569267840603,-4.133326828056244
2.7989999999998028,-3.3859676725941643,0.05451372124809726,-0.0113610789926432,0.22330733033143474,0.16232522389764806,-4.133818396187749
2.7999999999998026,-3.3857448161076307,0.05467504788433854,-0.015495489482648898,0.22240660409219773,0.16028404543044625,-4.134132824146407
2.8009999999998025,-3.3855228645755675,0.054834328380532454,-0.019630124505285902,0.2214976971515859,0.15823347860335754,-4.134269807301567
2.8019999999998024,-3.3853018260956076,0.05499155339158226,-0.023764806447381596,0.22058077512436813,0.1561736125576892,-4.134229048483029
2.8029999999998023,-3.38508170860008,0.05514671366256902,-0.027899357402248432,0.2196560029652317,0.15410453849529734,-4.134010257740221
2.803999999999802,-3.384862519856657,0.05529980003088026,-0.03203359917678866,0.21872354499726288,0.1520263498137543,-4.133613152111818
2.804999999999802,-3.3846442674689827,0.05545080342851109,-0.03616735329825545,0.2177835648187085,0.14993914258338528,-4.13303745388809
2.805999999999802,-3.384426958878324,0.05559971488739824,-0.0403004410105337,0.21683622371170028,0.14784302017612833,-4.1322828707325545
2.806999999999802,-3.3842106013652367,0.05574652554507162,-0.044432683259485906,0.21588168131203034,0.14573809166021034,-4.131349103077956
2.8079999999998018,-3.3839952020510187,0.05589122664991266,-0.04856390069456655,0.21492009681564908,0.14362446870028514,-4.13023585798662
2.8089999999998017,-3.383780767897971,0.05603380956337762,-0.05269391367576123,0.213951629056764,0.14150226557116538,-4.128942849360334
2.8099999999998015,-3.383567305709701,0.056174265762563014,-0.05682254228033414,0.21297643655516546,0.13937159925784734,-4.127469797756613
2.8109999999998014,-3.3833548221314107,0.05631258684296272,-0.060949606309399884,0.21199467756638288,0.13723258954794387,-4.125816430221024
2.8119999999998013,-3.383143323650139,0.05644876452131365,-0.0650749252943358,0.21100651013440877,0.13508535911621283,-4.123982480136059
2.812999999999801,-3.382932816594941,0.056582790638521806,-0.06919831850305164,0.21001209214672217,0.13293003360088,-4.121967687087049
2.813999999999801,-3.3827233071370193,0.05671465716266046,-0.07331960494613396,0.20901158139133444,0.13076674167146915,-4.119771796745545
2.814999999999801,-3.382514801289794,0.05684435619203181,-0.07743860338288268,0.20800513561557238,0.12859561508786418,-4.117394560770599
2.815999999999801,-3.3823073049089127,0.056971879958283185,-0.08155513232725815,0.2069929125863045,0.1264167887503418,-4.114835736728302
2.8169999999998008,-3.3821008236922006,0.057097220829568654,-0.08566901005375696,0.2059750701513055,0.12423040074032887,-4.112095088029925
2.8179999999998007,-3.381895363179549,0.05722037131374669,-0.08978005460323533,0.20495176630144296,0.12203659235165305,-4.109172383888917
2.8189999999998006,-3.3816909287527412,0.05734132406160419,-0.09388808378869908,0.20392315923335808,0.11983550811207216,-4.10606739929699
2.8199999999998004,-3.381487525635214,0.057460071870097155,-0.09799291520107914,0.20288940741229866,0.11762729579488557,-4.102779915019411
2.8209999999998003,-3.38128515889176,0.05757660768559783,-0.10209436621501221,0.20185066963474796,0.1154121064204497,-4.099309717609577
2.8219999999998002,-3.381083833428163,0.057690924607138344,-0.10619225399464545,0.20080710509047772,0.11319009424743977,-4.095656599442817
2.8229999999998,-3.3808835539907776,0.057803015889640375,-0.11028639549948462,0.19975887342363777,0.11096141675372108,-4.091820358769303
2.8239999999998,-3.3806843251660395,0.05791287494712047,-0.11437660749030454,0.19870613479247637,0.10872623460671607,-4.0878007997857955
2.8249999999998,-3.380486151379929,0.05802049535586041,-0.11846270653514065,0.1976490499272689,0.10648471162317623,-4.083597732725854
2.8259999999998,-3.3802890368973655,0.05812587085753203,-0.12254450901537971,0.19658778018601275,0.10423701471829287,-4.079210973967997
2.8269999999997997,-3.3800929858215563,0.058228995362265806,-0.1266218311319674,0.19552248760742888,0.10198331384410571,-4.074640346161122
2.8279999999997996,-3.37989800209329,0.05832986295165249,-0.13069448891174967,0.19445333496079018,0.09972378191719387,-4.069885678366372
2.8289999999997995,-3.379704089490182,0.058428467881667064,-0.13476229821396374,0.19338048579207892,0.09745859473566008,-4.064946806214434
2.8299999999997993,-3.3795112516258783,0.05852480458550434,-0.13882507473689357,0.19230410446595608,0.09518793088544451,-4.059823572077063
2.8309999999997992,-3.3793194919492153,0.0586188676763156,-0.14288263402470355,0.19122435620300773,0.09291197163603084,-4.05451582525146
2.831999999999799,-3.3791288137433497,0.058710651949835595,-0.14693479147446215,0.19014140711171584,0.09063090082563172,-4.049023422155879
2.832999999999799,-3.3789392201248574,0.05880015238688961,-0.15098136234336618,0.18905542421458435,0.08834490473596548,-4.043346226534654
2.833999999999799,-3.3787507140428077,0.05888736415577006,-0.15502216175617392,0.1879665754678369,0.08605417195675855,-4.037484109670586
2.834999999999799,-3.3785632982778226,0.058972282614472585,-0.1590570047128533,0.18687502977408868,0.08375889324012942,-4.031436950602393
2.8359999999997987,-3.3783769754411304,0.05905490331278149,-0.16308570609644912,0.18578095698738362,0.08145926134503019,-4.02520463634469
2.8369999999997986,-3.3781917479736117,0.05913522199419478,-0.16710808068117028,0.18468452790997986,0.07915547087193844,-4.018787062107687
2.8379999999997985,-3.378007618144858,0.059213234597679056,-0.17112394314069526,0.18358591428026014,0.07684771808800847,-4.012184131513539
2.8389999999997984,-3.3778245880522473,0.05928893725924489,-0.1751331080566911,0.18248528875114153,0.07453620074290379,-4.005395756806045
2.8399999999997982,-3.3776426596200424,0.05936232631333349,-0.17913538992753705,0.18138282485836127,0.07222111787554358,-3.998421859050064
2.840999999999798,-3.3774618345985297,0.05943339829400564,-0.18313060317724097,0.18027869697802143,0.06990266961200538,-3.9912623683168
2.841999999999798,-3.3772821145632044,0.05950214993592422,-0.18711856216453226,0.17917308027278883,0.06758105695483306,-3.9839172238508374
2.842999999999798,-3.377103500914017,0.059568578175121865,-0.19109908119211091,0.17806615062616513,0.06525648156400564,-3.9763863742145293
2.843999999999798,-3.37692599487469,0.05963268014954552,-0.19507197451602765,0.17695808456427056,0.06292914552982833,-3.968669777405151
2.8449999999997977,-3.37674959749212,0.059694453199369925,-0.19903705635516555,0.1758490591646216,0.060599251138013656,-3.960767400939994
2.8459999999997976,-3.376574309635877,0.059753894867072437,-0.2029941409007889,0.17473925195143206,0.05826700062722933,-3.952679221904431
2.8469999999997975,-3.3764001319978183,0.05981100289726169,-0.2069430423261192,0.17362884077703025,0.05593259593940265,-3.9444052269578798
2.8479999999997974,-3.376227065091823,0.05986577523625313,-0.21088357479589412,0.17251800368906303,0.05359623846308997,-3.935945412292537
2.8489999999997973,-3.3760551092536706,0.05991821003138454,-0.21481555247585937,0.17140691878325728,0.05125812877024885,-3.9272997835398678
2.849999999999797,-3.3758842646410727,0.0599683056300652,-0.21873878954213907,0.17029576404163008,0.048918466346791804,-3.91846835562001
2.850999999999797,-3.3757145312338745,0.060016060578552695,-0.22265310019042486,0.16918471715618819,0.04657744931735959,-3.9094511525296602
2.851999999999797,-3.375545908834438,0.060061473620451784,-0.22655829864492075,0.1680739553383384,0.04423527416483356,-3.9002482070646063
2.852999999999797,-3.3753783970682245,0.06010454369493044,-0.23045419916697632,0.16696365511444772,0.04189213544521699,-3.890859560473991
2.8539999999997967,-3.3752119953845865,0.06014526993464878,-0.23434061606333956,0.16585399210825394,0.039548225498661965,-3.881285262044633
2.8549999999997966,-3.3750467030577855,0.06018365166339744,-0.23821736369395866,0.1647451408111372,0.03720373415760881,-3.8715253686154663
2.8559999999997965,-3.374882519188244,0.060219688393443216,-0.24208425647926446,0.16363727434162761,0.03485884845324954,-3.8615799440244016
2.8569999999997964,-3.3747194427040412,0.060253379822580964,-0.24594110890686777,0.16253056419595094,0.03251375232183419,-3.851449058492863
2.8579999999997963,-3.374557472362665,0.06028472583089244,-0.24978773553761371,0.16142517999190417,0.030168626312719132,-3.841132787956941
2.858999999999796,-3.3743966067530167,0.06031372647721517,-0.253623951010946,0.16032128920891314,0.027823647300520258,-3.8306312133587492
2.859999999999796,-3.3742368442976844,0.060340381995326625,-0.2574495700495501,0.15921905692774904,0.025478988204287404,-3.819944419917215
2.860999999999796,-3.3740781832554663,0.060364692789852674,-0.2612644074632681,0.15811864557406846,0.023134817717265548,-3.8090724964043168
2.861999999999796,-3.373920621724152,0.06038665943191284,-0.26506827815230544,0.1570202146706767,0.020791300051551463,-3.79801553446074
2.8629999999997957,-3.3737641576435444,0.06040628265451984,-0.2688609971097911,0.15592392060417637,0.018448594702781655,-3.786773627994003
2.8639999999997956,-3.373608788798702,0.06042356334775632,-0.2726423794237988,0.15482991641241634,0.01610685624087826,-3.775346872712196
2.8649999999997955,-3.3734545128233826,0.060438502553758384,-0.2764122402789957,0.15373835159985513,0.013766234133793088,-3.7637353658571797
2.8659999999997954,-3.3733013272036563,0.06045110146154247,-0.28017039495815466,0.15264937198852865,0.01142687261206883,-3.751939206211881
2.8669999999997953,-3.373149229281642,0.06046136140172099,-0.2839166588438461,0.15156311961268715,0.009088910582793135,-3.739958494466284
2.867999999999795,-3.372998216259327,0.06046928384116024,-0.2876508474207129,0.15047973266524153,0.0067524816020432255,-3.727793334034615
2.868999999999795,-3.3728482852024095,0.060474870377644006,-0.291372776278829,0.14939934550382894,0.004417713915061852,-3.7154438324204175
2.869999999999795,-3.3726994330441062,0.060478122734614885,-0.29508226111873653,0.1483220887234656,0.002084730573005097,-3.702910103224699
2.870999999999795,-3.372551656588844,0.06047904275607373,-0.29877911775884913,0.14724808930130984,-0.0002463503660192889,-3.69019226888288
2.8719999999997947,-3.372404952515777,0.06047763240172481,-0.30246316214598545,0.1461774708169541,-0.0025754155459144093,-3.67729046419653
2.8729999999997946,-3.372259317382042,0.060473893742457915,-0.30613421036984784,0.14511035374890788,-0.004902355928871219,-3.6642048406939756
2.8739999999997945,-3.3721147476256794,0.06046782895626001,-0.30979207868227326,0.14404685584461197,-0.007227066320350761,-3.6509355718086
2.8749999999997944,-3.371971239568153,0.06045944032464463,-0.3134365835220459,0.142987092557632,-0.009549444809208697,-3.637482858805404
2.8759999999997943,-3.3718287894164027,0.06044873022967848,-0.31706754154595546,0.14193117754191983,-0.011869392135162072,-3.6238469373175373
2.876999999999794,-3.3716873932643754,0.060435701151669054,-0.32068476966661186,0.140879223189594,-0.01418681100183791,-3.6100280842798522
2.877999999999794,-3.371547047094011,0.06042035566755636,-0.3242880850972753,0.13983134119602417,-0.016501605359340688,-3.5960266249735335
2.878999999999794,-3.371407746775652,0.060402696450025176,-0.32787730540364385,0.1387876431345228,-0.018813679684890804,-3.5818429398339893
2.879999999999794,-3.371269488067882,0.06038272626732453,-0.33145224856216954,0.13774824102296748,-0.021122938292857656,-3.567477470633855
2.8809999999997937,-3.371132266616808,0.06036044798374916,-0.33501273302407863,0.136713247866315,-0.023429284705797613,-3.552930725643734
2.8819999999997936,-3.370996077954819,0.06033586456070738,-0.3385585777838854,0.13568277816209254,-0.025732621115536695,-3.538203283401787
2.8829999999997935,-3.3708609174988595,0.060308979058273045,-0.3420896024508501,0.1346569483601727,-0.028032847957924767,-3.523295794791283
2.8839999999997934,-3.370726780548269,0.06027979463709946,-0.3456056273215816,0.13363587727286258,-0.03032986361709231,-3.508208983228488
2.8849999999997933,-3.370593662282235,0.06024831456056186,-0.34910647345184714,0.13261968643587685,-0.032623564265718163,-3.492943642891597
2.885999999999793,-3.3704615577569066,0.06021454219699309,-0.3525919627256552,0.1316085004244795,-0.03491384383808675,-3.477500635060047
2.886999999999793,-3.370330461902216,0.06017848102188528,-0.35606191791981173,0.1306024471315057,-0.037200594123756,-3.4618808827658065
2.887999999999793,-3.3702003695184315,0.06014013461994568,-0.3595161627624096,0.129601658014916,-0.03948370496249242,-3.4460853640684705
2.888999999999793,-3.3700712752724793,0.06009950668691727,-0.3629545219840648,0.12860626832207173,-0.041763064516446555,-3.430115104342458
2.8899999999997927,-3.369943173694049,0.0600566010310993,-0.3663768213611227,0.12761641729637535,-0.044038559593603165,-3.4139711680013205
2.8909999999997926,-3.369816059171502,0.060011421574529406,-0.36978288775048435,0.1266322483697424,-0.046310075997191766,-3.39765465008114
2.8919999999997925,-3.3696899259475908,0.059963972353812726,-0.3731725491161083,0.12565390934205195,-0.04857749887850051,-3.381166668067727
2.8929999999997924,-3.369564768115006,0.059914257520603975,-0.37654563454759943,0.12468155254666725,-0.0508407130747264,-3.3645083542897964
2.8939999999997923,-3.3694405796117706,0.059862281341764655,-0.3799019742715789,0.12371533499961224,-0.05309960341839703,-3.3476808491231007
2.894999999999792,-3.369317354216489,0.05980804819922853,-0.383241399656736,0.1227554185291645,-0.05535405500986935,-3.330685295168743
2.895999999999792,-3.3691950855434807,0.05975156258961453,-0.38656374321358344,0.12180196988247709,-0.057603953448953464,-3.3135228324911368
2.896999999999792,-3.3690737670378175,0.05969282912362844,-0.3898688385899908,0.12085516080626969,-0.059849185025509365,-3.296194594933184
2.897999999999792,-3.368953391970299,0.05963185252529321,-0.3931565205635577,0.1199151680994769,-0.062089636871777584,-3.2787017074717246
2.8989999999997917,-3.368833953432384,0.059568637631044155,-0.3964266250318325,0.11898217363683782,-0.06432519708122361,-3.2610452845362112
2.8999999999997916,-3.3687154443311167,0.05950318938871936,-0.3996789890012881,0.11805636436359886,-0.06655575479989093,-3.2432264291873474
2.9009999999997915,-3.3685978573840685,0.059435512856469815,-0.40291345057585853,0.11713793226265572,-0.06878120029681004,-3.225246233038354
2.9019999999997914,-3.36848118511433,0.05936561320160679,-0.4061298489457167,0.11622707429649276,-0.07100142502006393,-3.2071057767972944
2.9029999999997913,-3.3683654198455706,0.059293495699397764,-0.4093280243768559,0.11532399232713787,-0.073216321644819,-3.1888061313121043
2.903999999999791,-3.3682505536971816,0.059219165731815855,-0.412507818201921,0.11442889301801525,-0.0754257841191317,-3.170348359008309
2.904999999999791,-3.3681365785795365,0.05914262878624246,-0.41566907281263227,0.11354198772204868,-0.07762970771274286,-3.1517335156209545
2.905999999999791,-3.3680234861893568,0.05906389045411763,-0.4188116316540517,0.112663492360657,-0.07982798907345458,-3.1329626521354235
2.906999999999791,-3.367911268005207,0.05898295642952869,-0.42193533922086485,0.11179362729841101,-0.08202052629510094,-3.114036816865375
2.9079999999997908,-3.3677999152831157,0.058899832507723605,-0.42504004105578314,0.11093261721810836,-0.08420721900060545,-3.094957057609214
2.9089999999997906,-3.3676894190523163,0.058814524583532465,-0.4281255837501231,0.11008069100088427,-0.08638796844317415,-3.0757244238386794
2.9099999999997905,-3.3675797701111057,0.0587270386496777,-0.4311918149465742,0.10923808161572184,-0.08856267762829924,-3.0563399688840343
2.9109999999997904,-3.3674709590228042,0.058637380794950775,-0.4342385833441394,0.10840502602235198,-0.09073125145892359,-3.0368047520897368
2.9119999999997903,-3.3673629761118105,0.058545557202231355,-0.43726573870520835,0.10758176509102639,-0.09289359690580729,-3.0171198409223225
2.91299999999979,-3.367255811459719,0.05845157414632287,-0.44027313186470973,0.1067685435419745,-0.09504962320479357,-2.997286313018442
2.91399999999979,-3.3671494549014946,0.058355437991576775,-0.443260614741278,0.10596560990646825,-0.09719924208222261,-2.9773052581656176
2.91499999999979,-3.36704389602167,0.05825715518927707,-0.4462280403503654,0.10517321646929235,-0.09934236789597281,-2.9571777797742733
2.91599999999979,-3.3669391241512963,0.05815673227681699,-0.44917526281332826,0.1043916178612823,-0.10147891401485364,-2.9369049816421158
2.9169999999997898,-3.3668351283658904,0.058054175879375704,-0.4521021373506157,0.10362107035147596,-0.10360879108815645,-2.9164879618291937
2.9179999999997897,-3.366731897482818,0.057949492709826585,-0.4550085202891981,0.10286183398897913,-0.10573191318255501,-2.895927836714097
2.9189999999997895,-3.366629420057538,0.057842689565266385,-0.45789426908325825,0.10211417280550752,-0.10784819858119873,-2.8752257442697378
2.9199999999997894,-3.366527684379478,0.05773377332226628,-0.46075924233649473,0.10137835484122439,-0.1099575701296753,-2.85438284545547
2.9209999999997893,-3.3664266784680246,0.05762275093214485,-0.4636032998257357,0.10065465213718303,-0.11205995556313195,-2.8334003254380167
2.921999999999789,-3.366326390068558,0.05750962941593697,-0.4664263025256616,0.09994334066369459,-0.11415528778306003,-2.812279394573569
2.922999999999789,-3.3662268066486027,0.05739441585913165,-0.46922811263434916,0.09924470014196124,-0.11624350503620968,-2.791021289048476
2.923999999999789,-3.366127915394239,0.057277117406310155,-0.472008593599225,0.09855901370067047,-0.1183245509249925,-2.7696272710265095
2.924999999999789,-3.3660297032069715,0.05715774125590274,-0.47476761014283064,0.0978865672890315,-0.12039837414560473,-2.7480986280813124
2.9259999999997888,-3.3659321567013523,0.05703629465540843,-0.47750502828753544,0.09722764874192599,-0.1224649278028624,-2.7264366715959016
2.9269999999997887,-3.36583526220377,0.05691278489760526,-0.48022071537795036,0.09658254636036921,-0.12452416808376568,-2.7046427336770265
2.9279999999997885,-3.3657390057529795,0.056787219318541915,-0.4829145400992582,0.09595154683034302,-0.12657605197766322,-2.68271816194788
2.9289999999997884,-3.365643373103136,0.05665960529847626,-0.4855863724889184,0.09533493225467353,-0.12862053360039014,-2.6606643113326207
2.9299999999997883,-3.365548349730362,0.05652995026745376,-0.48823608393816104,0.09473297601649659,-0.13065755850349955,-2.638482531615291
2.930999999999788,-3.3654539208441836,0.056398261717947304,-0.4908635471782658,0.094145937132305,-0.13268705512372128,-2.6161741491398325
2.931999999999788,-3.365360071405533,0.05626454722795051,-0.4934686362447554,0.0935739868724633,-0.13470853998616453,-2.5937397650214336
2.932999999999788,-3.365266786600109,0.05612881717648601,-0.4960512223869135,0.0930167200456306,-0.13671813569058183,-2.5711740158998238
2.933999999999788,-3.36517405145027,0.05599108258879884,-0.4986111749235931,0.09247450013955265,-0.13871628140876527,-2.5484792041150364
2.934999999999788,-3.365081850802552,0.05585135490838542,-0.5011483664666362,0.09194771073415998,-0.14070401160472162,-2.5256586294909935
2.9359999999997877,-3.364990169088113,0.05570964410481335,-0.5036626727471704,0.0914366045637048,-0.14268219262285647,-2.5027152270323354
2.9369999999997876,-3.3648989905573155,0.055565959370449655,-0.5061539722378235,0.09094128840490849,-0.1446515114276126,-2.479651538346474
2.9379999999997874,-3.364808299432986,0.05542030930916011,-0.5086221457389171,0.09046170826592398,-0.14661245566324696,-2.456469669017032
2.9389999999997873,-3.3647180800746685,0.055272702148140986,-0.5110670759187764,0.08999764313068227,-0.14856528749680203,-2.4331712421895406
2.9399999999997872,-3.3646283171392315,0.055123145975199246,-0.5134886468149322,0.08954872000688203,-0.15051001966807823,-2.409757371714516
2.940999999999787,-3.3645389957110963,0.05497164899244561,-0.5158867433316698,0.08911446136723698,-0.15244640820293565,-2.3862286867319304
2.941999999999787,-3.364450101370691,0.05481821976352739,-0.5182612507970351,0.0886943621396174,-0.15437397467298114,-2.3625854264513673
2.942999999999787,-3.3643616201816817,0.05466286742490326,-0.5206120546437069,0.08828797382591748,-0.15629205718973593,-2.338827586772273
2.943999999999787,-3.3642735386026725,0.05450560183969138,-0.5229390402424606,0.08789496761485416,-0.15819987341262257,-2.314955070205604
2.9449999999997867,-3.3641858433510086,0.05434643369092815,-0.5252420928684726,0.08751516318199216,-0.16009657581767392,-2.2909677969117306
2.9459999999997866,-3.36409852125158,0.054185374527055664,-0.5275210977529874,0.08714852868977735,-0.16198128918026578,-2.266865764767763
2.9469999999997865,-3.3640115590941444,0.054022436778034304,-0.529775940173683,0.08679516519736721,-0.1638531307894248,-2.2426490694118546
2.9479999999997863,-3.3639249435096277,0.053857633757488886,-0.5320065055521532,0.08645528639241945,-0.16571121857687257,-2.2183179010454555
2.9489999999997862,-3.3638386608668296,0.05369097966061146,-0.5342126795422233,0.0861291995670247,-0.16755467236408614,-2.193872530997683
2.949999999999786,-3.3637526972473633,0.05352248883431646,-0.5363943488569036,0.08581715163162203,-0.16938420214055905,-2.1693158410720064
2.950999999999786,-3.3636670385873315,0.053352173999159695,-0.5385514054213542,0.08551918896122318,-0.1712024239445039,-2.1446537382029427
2.951999999999786,-3.363581670679497,0.053180046482329164,-0.540683744848019,0.0852355273529117,-0.1730094139136563,-2.1198880253104315
2.952999999999786,-3.363496579117194,0.0530061174018429,-0.5427912642986462,0.08496639964727877,-0.17480508170128456,-2.095020249773389
2.9539999999997857,-3.3634117492488502,0.052830398128305256,-0.5448738624822768,0.08471203872498302,-0.17658933140387922,-2.0700519590111024
2.9549999999997856,-3.363327166191535,0.05265290012986487,-0.5469314396565669,0.08447267366922473,-0.17836206455027429,-2.0449847027449386
2.9559999999997855,-3.363242814836185,0.05247363497382582,-0.5489638976306167,0.0842485271297639,-0.1801231817122436,-2.0198200338852064
2.9569999999997854,-3.3631586798549735,0.05229261432713264,-0.5509711397682879,0.08403981363311541,-0.18187258325464453,-1.994559508712406
2.9579999999997852,-3.3630747457099863,0.052109849956400243,-0.5529530709915312,0.08384673862392157,-0.18361016956990264,-1.9692046867666326
2.958999999999785,-3.3629909966625577,0.05192535372788011,-0.5549095977835629,0.08366949806166597,-0.18533584101929768,-1.9437571306864654
2.959999999999785,-3.362907416782793,0.05173913760757804,-0.5568406281919122,0.08350827843232704,-0.1870494977204669,-1.9182184061282985
2.960999999999785,-3.362823989958914,0.051551213661628445,-0.5587460718314577,0.08336325706523519,-0.18875103926565429,-1.8925900818296648
2.961999999999785,-3.362740699906169,0.05136159405696654,-0.5606258398876097,0.08323460267109803,-0.19044036441973575,-1.8668737298410354
2.9629999999997847,-3.3626575301751216,0.051170291062302496,-0.5624798451198101,0.08312247603816049,-0.19211737082456118,-1.8410709259295717
2.9639999999997846,-3.3625744641591777,0.05097731704938368,-0.5643080018655204,0.08302703084028275,-0.19378195472223353,-1.8151832501483947
2.9649999999997845,-3.3624914851012684,0.05078268449452268,-0.5661102260448574,0.08294841452395177,-0.19543401070157526,-1.789212287561611
2.9659999999997844,-3.3624085760996105,0.050586405980367795,-0.5678864351660273,0.08288676925150198,-0.19707343146720205,-1.7631596291157439
2.9669999999997843,-3.362325720112502,0.05038849419789465,-0.5696365483317023,0.08284223288566979,-0.1987001076280124,-1.7370268726505953
2.967999999999784,-3.3622428999621174,0.05018896194860146,-0.571360486246475,0.08281494000653587,-0.2003139275006534,-1.710815624045898
2.968999999999784,-3.362160098337272,0.049987822146895476,-0.573058171225528,0.08280502295633028,-0.20191477692309134,-1.684527498503791
2.969999999999784,-3.3620772977951243,0.04978508782266276,-0.5747295272046553,0.08281261291081687,-0.20350253907345936,-1.658164121970875
2.970999999999784,-3.3619944807617976,0.049580772124018416,-0.5763744797517778,0.08283784097829591,-0.20507709428966384,-1.6317271327072136
2.9719999999997837,-3.3619116295318845,0.04937488832023841,-0.5779929560801061,0.08288083932885851,-0.20663831988568537,-1.6052181830130876
2.9729999999997836,-3.3618287262668067,0.04916744980487832,-0.5795848850631148,0.08294174235753099,-0.2081860899610417,-1.5786389411275488
2.9739999999997835,-3.361745752991992,0.04895847009908715,-0.5811501972515075,0.08302068788544938,-0.2097202752004605,-1.5519910933158774
2.9749999999997834,-3.3616626915928314,0.0487479628551274,-0.5826888248923731,0.08311781840324717,-0.21124074266143295,-1.5252763461658634
2.9759999999997833,-3.361579523809368,0.048535941860114215,-0.5842007019507505,0.08323328236042755,-0.2127473555479966,-1.4984964291153973
2.976999999999783,-3.361496231229673,0.04832242103998809,-0.5856857641338482,0.0833672355035886,-0.21423997296984865,-1.471653097236041
2.977999999999783,-3.3614127952818587,0.0481074144637357,-0.5871439489181857,0.08351984226490225,-0.21571844968675347,-1.4447481342989266
2.978999999999783,-3.3613291972246784,0.04789093634787332,-0.5885751955799527,0.08369127720009945,-0.2171826358392183,-1.417783356150208
2.979999999999783,-3.3612454181366656,0.04767300106120545,-0.5899794452289113,0.08388172647222013,-0.21863237666761748,-1.3907606144230322
2.9809999999997827,-3.361161438903767,0.04745362312986852,-0.5913566408461874,0.0840913893733348,-0.22006751222340015,-1.3636818006109943
2.9819999999997826,-3.361077240205446,0.047232817242665134,-0.5927067273263263,0.08432047987105724,-0.22148787707777964,-1.3365488505235572
2.9829999999997825,-3.3609928024992297,0.04701059825668764,-0.5940296515239993,0.08456922815960277,-0.22289330003543253,-1.3093637491357721
2.9839999999997824,-3.3609081060037207,0.0467869812032212,-0.5953253623057586,0.08483788218598008,-0.2242836038632954,-1.2821285358312662
2.9849999999997823,-3.360823130680108,0.04656198129390511,-0.5965938106072227,0.08512670911013123,-0.22565860504758337,-1.2548453100166093
2.985999999999782,-3.360737856212278,0.046335613927115785,-0.5978349494960422,0.08543599664284934,-0.2270181135957,-1.2275162370536656
2.986999999999782,-3.3606522619856785,0.046107894694516836,-0.5990487342409172,0.08576605418641263,-0.2283619329037524,-1.2001435544098742
2.987999999999782,-3.3605663270651855,0.04587883938769817,-0.600235122386808,0.0861172136792846,-0.22968985971485478,-1.1727295778581877
2.988999999999782,-3.3604800301723223,0.045648464004798855,-0.6013940738362638,0.08648983001707287,-0.23100168419812364,-1.145276707459387
2.9899999999997817,-3.360393349662346,0.045416784756976226,-0.6025255509364622,0.0868842808862812,-0.23229719018290482,-1.1177874329161919
2.9909999999997816,-3.360306263501874,0.04518381807454709,-0.6036295185710421,0.08730096580426931,-0.23357615558677958,-1.0902643376810135
2.9919999999997815,-3.3602187492479834,0.044949580612586935,-0.6047059442550532,0.08774030410729554,-0.23483835307841242,-1.0627101008970814
2.9929999999997814,-3.3601307840299794,0.044714089255732205,-0.6057547982302205,0.0882027315676294,-0.23608355101607337,-1.0351274958092502
2.9939999999997813,-3.3600423445353975,0.04447736112189151,-0.6067760535560468,0.08868869524958428,-0.23731151469793896,-1.007519382622112
2.994999999999781,-3.359953407002233,0.044239413564541266,-0.6077696861897959,0.08919864613198518,-0.23852200794874726,-0.9798886927894677
2.995999999999781,-3.3598639472199032,0.04400026417326623,-0.6087356750446736,0.08973302892990959,-0.23971479504624776,-0.9522384001932517
2.996999999999781,-3.359773940542069,0.04375993077221823,-0.6096740020098801,0.09029226843995124,-0.24088964295713128,-0.9245714722806107
2.997999999999781,-3.359683361915197,0.043518431416219645,-0.6105846519075209,0.09087675160863896,-0.24204632380336008,-0.8968907904169962
2.9989999999997807,-3.3595921859275784,0.04327578438434816,-0.6114676123477902,0.0914868043807879,-0.24318461741642053,-0.8691990225522168
2.9999999999997806,-3.3595003868845845,0.043032008171015185,-0.6123228734223466,0.09212266222297086,-0.24430431376773393,-0.8414984213189094
3.0009999999997805,-3.3594079389170903,0.04278712147478477,-0.6131504271416011,0.09278443304086305,-0.24540521502209617,-0.8137905049186902
3.0019999999997804,-3.3593148161314055,0.04254114318539174,-0.6139502664681352,0.09347205101827251,-0.2464871370623544,-0.7860755553810718
3.0029999999997803,-3.359220992810639,0.04229409236929114,-0.6147223837203576,0.09418517553493112,-0.24754973870900723,-0.7583516830641086
3.00399999999978,-3.3591264440639192,0.042045989791498595,-0.6154667668711388,0.0949226413684822,-0.24859056863440473,-0.7306119027171738
3.00499999999978,-3.3590311458529354,0.04179685677020927,-0.6161833956289064,0.09568356335549581,-0.2496096854856045,-0.7028470826820096
3.00599999999978,-3.358935075367408,0.041546714788154825,-0.6168722386292854,0.09646678329597959,-0.2506083891293878,-0.6750436542294065
3.00699999999978,-3.3588382112287776,0.04129558352614774,-0.6175332486043423,0.0972703426729635,-0.2515881710069092,-0.647183997494233
3.0079999999997797,-3.3587405345363,0.04104348095837207,-0.618166361037485,0.09809121374365046,-0.2525509805774483,-0.6192526352991822
3.0089999999997796,-3.358642029983774,0.040790422805152764,-0.6187715006502238,0.09892521690480985,-0.2534994009079637,-0.5912446400912373
3.0099999999997795,-3.358542686801022,0.04053642202512428,-0.6193485939343549,0.09976748290292949,-0.2544363720345687,-0.5631680623214378
3.0109999999997794,-3.3584424990500863,0.04028148874020407,-0.6198975796162403,0.10061331292394274,-0.2553645617442636,-0.5350379868411489
3.0119999999997793,-3.358341465144001,0.04002563073996382,-0.6204184118551476,0.10145883228027244,-0.25628587275292325,-0.5068692686790242
3.012999999999779,-3.3582395868976054,0.03976885432681976,-0.6209110579627929,0.10230118535821442,-0.25720132197952245,-0.47867312158609254
3.013999999999779,-3.3581368685223123,0.039511165170636325,-0.621375494482123,0.10313844159362713,-0.25811115795883866,-0.45045690108529424
3.014999999999779,-3.358033315775073,0.03925256899971615,-0.6218117037627006,0.10396941651470065,-0.25901504112693285,-0.4222250420782763
3.015999999999779,-3.35792893529421,0.038993072109953786,-0.6222196715551279,0.10479350293723876,-0.2599122045315293,-0.3939800598364416
3.0169999999997787,-3.3578237340553607,0.03873268122088627,-0.6225993857347714,0.10561061747721795,-0.2608027649851703,-0.36572418768086096
3.0179999999997786,-3.357717718890151,0.03847140180521881,-0.6229508371306255,0.10642110470550421,-0.2616889383250903,-0.33746062254291764
3.0189999999997785,-3.357610896271787,0.03820923844185387,-0.6232740187372072,0.1072253297040184,-0.2625706934552128,-0.3091905501166281
3.0199999999997784,-3.357503272214339,0.03794619552724979,-0.6235689244962599,0.10802378977091415,-0.2634477107564358,-0.2809148324964398
3.0209999999997783,-3.357394852193925,0.03768227799272891,-0.6238355491700752,0.10881708202002122,-0.2643195890186017,-0.25263426531378697
3.021999999999778,-3.357285641054093,0.037417491198920114,-0.6240738883182465,0.10960586795255715,-0.26518587664661686,-0.22434965731822523
3.022999999999778,-3.357175642956001,0.03715184097347992,-0.6242839383359821,0.11039084575852184,-0.26604609573269444,-0.1960618762810854
3.023999999999778,-3.3570648613530905,0.03688533362776806,-0.6244656965265394,0.1111727287088075,-0.26689976027097856,-0.16777187290205786
3.024999999999778,-3.3569532989847977,0.03661797595775986,-0.6246191611899321,0.11195222845551463,-0.26774638966178177,-0.13948069049623768
3.0259999999997778,-3.356840957884886,0.036349775233407815,-0.6247443317164673,0.11273004233712107,-0.2685855184805801,-0.11118946567436269
3.0269999999997776,-3.356727839400759,0.03608073917977205,-0.6248412086779762,0.11350684396453024,-0.2694167033165235,-0.08289942352323204
3.0279999999997775,-3.3566139442208005,0.0358108759525105,-0.624909793912495,0.11428327648842589,-0.27023952733414225,-0.05461186964312209
3.0289999999997774,-3.3564992724073095,0.03554019410973132,-0.6249500906000912,0.11505994804245807,-0.2710536030843719,-0.026328180614054248
3.0299999999997773,-3.356383823433083,0.03526870258173829,-0.6249621033288193,0.11583742893243636,-0.2718585740169198,0.001950205823613417
3.030999999999777,-3.3562675962203303,0.03499641063299234,-0.6249458381865904,0.11661624963276124,-0.27265413107243436,0.03022167003264219
3.031999999999777,-3.3561505891815573,0.034723327794968846,-0.6249013031185023,0.11739689903392014,-0.2734400476932428,0.05848413451393495
3.032999999999777,-3.356032800260122,0.034449463810134355,-0.6248285082234373,0.11817982625340645,-0.2742161367146882,0.08673541718005082
3.033999999999777,-3.3559142269696585,0.0341748285893596,-0.6247274657891814,0.11896544212240413,-0.2749822388196229,0.11497332378375491
3.0349999999997768,-3.3557948664314585,0.03389943218949866,-0.6245981903009612,0.11975412076267827,-0.2757382211513088,0.1431956550142808
3.0359999999997767,-3.355674715410272,0.03362328478767582,-0.6244406984433224,0.12054620146380458,-0.2764839757876052,0.17140021272364867
3.0369999999997765,-3.3555537703481266,0.03334639665713929,-0.6242550090961971,0.12134199075366416,-0.2772194181469568,0.19958480533296283
3.0379999999997764,-3.35543202739601,0.03306877814472216,-0.6240411433259482,0.12214176457876388,-0.2779444853781404,0.22774725248461847
3.0389999999997763,-3.3553094824433463,0.0327904396499066,-0.6237991243721075,0.12294577053038865,-0.27865913477123927,0.2558853890133574
3.039999999999776,-3.3551861311452416,0.03251139160545615,-0.6235289776304531,0.12375423006839364,-0.27936334221608683,0.2839970683102684
3.040999999999776,-3.3550619689475187,0.03223164445955878,-0.6232307306329959,0.12456734070713085,-0.28005710072581236,0.31208016515132647
3.041999999999776,-3.3549369911095996,0.03195120865940949,-0.6229044130253775,0.12538527813805958,-0.2807404190365844,0.3401325780574556
3.042999999999776,-3.3548111927253013,0.031670094636152786,-0.6225500565421159,0.12620819827145854,-0.28141332028974647,0.36815223124739693
3.0439999999997758,-3.3546845687416345,0.031388312791100874,-0.6221676949800794,0.12703623918572143,-0.2820758407989131,0.3961370762385859
3.0449999999997757,-3.3545571139757024,0.03110587348314238,-0.6217573641705144,0.12786952297730997,-0.28272802890195475,0.4240850931452065
3.0459999999997756,-3.354428823129803,0.030822787017257623,-0.6213191019499082,0.12870815750784034,-0.2833699438959121,0.45199429171689365
3.0469999999997754,-3.354299690804831,0.030539063634058932,-0.6208529481299272,0.12955223804721874,-0.2840016550515637,0.47986271215634246
3.0479999999997753,-3.3541697115120925,0.030254713500278294,-0.6203589444666328,0.13040184881341235,-0.28462324070347084,0.5076884257494289
3.0489999999997752,-3.3540388796836296,0.029969746700129328,-0.6198371346291496,0.1312570644104927,-0.2852347874107277,0.5354695353373866
3.049999999999775,-3.3539071896811565,0.029684173227475248,-0.619287564167929,0.13211795116714056,-0.28583638918325766,0.5632041756571078
3.050999999999775,-3.3537746358037057,0.0293980029787401,-0.6187102804827279,0.13298456837794675,-0.2864281467682379,0.5908905135727109
3.051999999999775,-3.3536412122940815,0.029111245746505816,-0.618105332790403,0.13385696944965292,-0.2870101669910482,0.6185267482191206
3.052999999999775,-3.353506913344213,0.028823911213743503,-0.6174727720925963,0.13473520295399913,-0.28758256214496547,0.6461111110764922
3.0539999999997747,-3.353371733099501,0.028536008948633156,-0.6168126511433739,0.1356193135881161,-0.28814544942362413,0.6736418659928374
3.0549999999997746,-3.353235665662253,0.028247548399932165,-0.6161250244168616,0.13650934304244,-0.2886989503899798,0.70111730917114
3.0559999999997745,-3.3530987050942915,0.02795853889285939,-0.6154099480749039,0.13740533077494432,-0.2892431904751176,0.7285357691365532
3.0569999999997743,-3.352960845418842,0.027668989625468543,-0.6146674799347605,0.1383073146890778,-0.28977829849968156,0.7558956066988914
3.0579999999997742,-3.3528220806217903,0.02737890966549224,-0.6138976794368349,0.1392153317111578,-0.29030440620992537,0.7831952149255721
3.058999999999774,-3.352682404652415,0.027088307947646443,-0.6131006076124202,0.14012941826107986,-0.29082164781933545,0.8104330191403414
3.059999999999774,-3.3525418114237064,0.026797193271394945,-0.6122763270514249,0.14104961060804433,-0.29133015954539465,0.8376074769635471
3.060999999999774,-3.352400294812394,0.0265055742991847,-0.6114249018700322,0.14197594510054123,-0.2918300791292583,0.8647170784103212
3.061999999999774,-3.3522578486588075,0.026213459555176136,-0.6105463976782248,0.14290845825704807,-0.2923215453238214,0.8917603460637749
3.0629999999997737,-3.3521144667667304,0.025920857424508646,-0.6096408815470914,0.14384718670075225,-0.292804697332767,0.9187358353411292
3.0639999999997736,-3.351970142903401,0.02562777615316039,-0.6087084219758124,0.14479216691808958,-0.2932796741795958,0.9456421348715174
3.0649999999997735,-3.3518248707998524,0.025334223848484886,-0.607749088858205,0.1457434348169847,-0.29374661398124363,0.9724778670049132
3.0659999999997734,-3.351678644151811,0.02504020848053472,-0.6067629534486844,0.1467010250564176,-0.29420565309562013,0.9992416884721458
3.0669999999997732,-3.35153145662139,0.024745737884316353,-0.6057500883274817,0.14766497011440044,-0.294656925106218,1.0259322912160815
3.067999999999773,-3.3513833018398627,0.024450819763160422,-0.6047105673649367,0.1486352990568262,-0.2951005595999682,1.052548403413621
3.068999999999773,-3.3512341734118323,0.024155461693439236,-0.6036444656846655,0.1496120359653077,-0.2955366806870968,1.0790887907069033
3.069999999999773,-3.351084064921168,0.023859671130918116,-0.6025518596253854,0.1505951979787424,-0.29596540520469383,1.1055522576597736
3.070999999999773,-3.350932969939109,0.02356345541908799,-0.6014328267011655,0.15158479290209328,-0.2963868405406442,1.1319376494517965
3.0719999999997727,-3.3507808820349916,0.023266821799890546,-0.6002874455598616,0.1525808163387539,-0.296801082014442,1.1582438538165583
3.0729999999997726,-3.3506277947901033,0.02296977742730621,-0.59911579593949,0.15358324831310338,-0.2972082097613243,1.1844698032233745
3.0739999999997725,-3.3504737018151647,0.022672329384315994,-0.597917958622303,0.15459204937250187,-0.29760828509450254,1.2106144772916703
3.0749999999997724,-3.3503185967719613,0.022374484703745576,-0.5966940153863413,0.15560715620051538,-0.2980013463800346,1.23667690541549
3.0759999999997722,-3.3501624733995556,0.02207625039341388,-0.5954440489542718,0.15662847684584857,-0.2983874045686205,1.2626561695627625
3.076999999999772,-3.35000532554537,0.021777633465777685,-0.5941681429393584,0.15765588578660114,-0.29876643871162284,1.2885514072021143
3.077999999999772,-3.349847147201117,0.021478640971803804,-0.5928663817884635,0.15868921921802745,-0.29913839206714327,1.314361814302178
3.078999999999772,-3.349687932543063,0.021179280038012466,-0.5915388507220393,0.15972827117513558,-0.29950316978107444,1.340086648347137
3.079999999999772,-3.3495276759753843,0.02087955790443874,-0.5901856356711157,0.16077279135444514,-0.29986063956279185,1.365725231315778
3.0809999999997717,-3.3493663721743885,0.02057948195966378,-0.5888068232113528,0.1618224857084636,-0.30021063712109014,1.39127695256471
3.0819999999997716,-3.349204016130291,0.02027905976729853,-0.587402500494299,0.16287702091185538,-0.30055297809554526,1.4167412715010066
3.0829999999997715,-3.349040603182288,0.0199782990769268,-0.5859727551761894,0.16393603345159244,-0.30088747741134925,1.4421177197621513
3.0839999999997714,-3.3488761290423055,0.019677207812463016,-0.5845176753450485,0.164999143234532,-0.30121397509589143,1.4674059022876582
3.0849999999997713,-3.348710589803523,0.019375794033154745,-0.5830373494477045,0.16606597032048143,-0.3015323648234543,1.4926054962083988
3.085999999999771,-3.348543981931777,0.019074065867456365,-0.5815318662195934,0.16713615205585636,-0.3018426183487992,1.5177162479825643
3.086999999999771,-3.348376302241799,0.018772031433227893,-0.5800013146037862,0.16820935604756795,-0.3021447890108883,1.5427380023746977
3.087999999999771,-3.3482075478616853,0.018469698753667156,-0.578445783652393,0.16928528965999795,-0.30243901157474434,1.5676706848733855
3.088999999999771,-3.3480377161905848,0.018167075679504246,-0.5768653624775878,0.1703637048178033,-0.30272549664396,1.5925142449884302
3.0899999999997707,-3.3478668048545215,0.01786416982487294,-0.5752601402394666,0.17144439620333704,-0.3030045043899172,1.617268634094036
3.0909999999997706,-3.347694811665723,0.017560988531702227,-0.5736302061540071,0.17252719623342,-0.3032763144343897,1.6419337862244539
3.0919999999997705,-3.3475217345877826,0.017257538863742934,-0.5719756495185312,0.17361196887423244,-0.3035411987593543,1.6665096025797117
3.0929999999997704,-3.3473475717070507,0.016953827624707082,-0.5702965597502608,0.17469860366530152,-0.3037994014639034,1.6909959409220585
3.0939999999997703,-3.3471723212096682,0.01664986139294528,-0.5685930264330054,0.17578701057754828,-0.3040511263782553,1.7153926098298073
3.09499999999977,-3.3469959813633214,0.01634564656506513,-0.5668651393674996,0.17687711579084725,-0.30429653160353226,1.7396993669603507
3.09599999999977,-3.3468185505028414,0.016041189402331922,-0.5651129886219642,0.17796885821387579,-0.3045357291931225,1.7639159201414838
3.09699999999977,-3.346640027019019,0.015736496075587136,-0.5633366645806497,0.17906218650753608,-0.30476878813438923,1.7880419301349446
3.09799999999977,-3.3464604093502213,0.015431572706144403,-0.5615362579891857,0.18015705641114377,-0.30499573912986033,1.8120770141234606
3.0989999999997697,-3.34627969597659,0.015126425401423779,-0.559711859996382,0.18125342823627455,-0.30521658012151076,1.8360207492282847
3.0999999999997696,-3.3460978854166847,0.014821060284946752,-0.5578635621926961,0.18235126445169106,-0.30543128189805435,1.8598726755948425
3.1009999999997695,-3.3459149762265126,0.014515483520819897,-0.5559914566459564,0.18345052732354444,-0.3056397934221592,1.8836322987629326
3.1019999999997694,-3.345730967000894,0.014209701333090428,-0.5540956359351418,0.18455117659903694,-0.30584204671363735,1.9072990911641978
3.1029999999997693,-3.34554585637712,0.013903720020452304,-0.5521761931831333,0.18565316723357259,-0.3060379612467259,1.9308724926731455
3.103999999999769,-3.3453596430408585,0.013597545966783888,-0.5502332220893986,0.18675644716576162,-0.30622744788773953,1.9543519101908897
3.104999999999769,-3.3451723257342656,0.013291185647951348,-0.5482668169635724,0.1878609551450084,-0.30641041243265305,1.977736716273568
3.105999999999769,-3.3449839032662325,0.012984645635244079,-0.5462770727608723,0.18896661861513706,-0.3065867588161376,2.0010262468382214
3.106999999999769,-3.344794374524727,0.01267793259573575,-0.5442640851202525,0.19007335165602318,-0.3067563920631258,2.024219797993777
3.1079999999997687,-3.344603738491161,0.012371053289796236,-0.542227950406137,0.19118105298433116,-0.30691922104654085,2.04731662205792
3.1089999999997686,-3.3444119942567285,0.01206401456592143,-0.5401687657545142,0.1922896040146802,-0.30707516110348787,2.070315922835255
3.1099999999997685,-3.3442191410406488,0.011756823353002082,-0.5380866291240833,0.19339886698414915,-0.30722413654855585,2.093216850250693
3.1109999999997684,-3.3440251782102544,0.011449486650121648,-0.5359816393530423,0.1945086831461566,-0.30736608310757685,2.1160184944565095
3.1119999999997683,-3.3438301053028407,0.01114201151395812,-0.5338538962219704,0.19561887104453687,-0.307500950278362,2.1387198795636624
3.112999999999768,-3.3436339220492015,0.010834405043867346,-0.5317035005230895,0.19672922488515268,-0.30762870360643546,2.1613199571892143
3.113999999999768,-3.343436628398724,0.010526674364747399,-0.529530554135971,0.1978395130306672,-0.3077493268434029,2.1838176000629392
3.114999999999768,-3.3432382245459196,0.010218826607826961,-0.5273351601094832,0.1989494766540752,-0.3078628239331986,2.206211595997642
3.115999999999768,-3.3430387109581985,0.00991086888958738,-0.5251174227494319,0.2000588285980473,-0.3079692207472181,2.2285006425983824
3.1169999999997677,-3.3428380884046582,0.009602808289119674,-0.5228774477109384,0.20116725249963108,-0.30806856646387853,2.2506833431629127
3.1179999999997676,-3.342636357985582,0.009294651824334922,-0.5206153420941035,0.20227440225260962,-0.3081609344627583,2.2727582043040666
3.1189999999997675,-3.342433521162271,0.008986406427587907,-0.5183312145409393,0.2033799018916702,-0.30824642258032703,2.2947236358962426
3.1199999999997674,-3.3422295797867454,0.00867807892143616,-0.516025175330921,0.20448334599182466,-0.30832515255660464,2.3165779540006244
3.1209999999997673,-3.3420245361307424,0.008369675995431734,-0.5136973364718435,0.2055843006811025,-0.30839726849416815,2.3383193874416905
3.121999999999767,-3.341818392913359,0.008061204185019202,-0.5113478117820075,0.2066823053618641,-0.30846293415793063,2.3599460886723276
3.122999999999767,-3.341611153326583,0.007752669853772685,-0.5089767169591678,0.20777687522346056,-0.30852232897154147,2.3814561494568225
3.123999999999767,-3.3414028210578905,0.007444079180324401,-0.5065841696312408,0.2088675046040017,-0.3085756426189883,2.4028476217030437
3.124999999999767,-3.3411934003090584,0.007135438151390373,-0.5041702893835758,0.20995367122021025,-0.3086230682408452,2.424118543477502
3.1259999999997667,-3.340982895810317,0.006826752562257695,-0.5017351977577515,0.21103484123194632,-0.308664794322743,2.4452669698433667
3.1269999999997666,-3.3407713128290752,0.00651802802593752,-0.49927901821744597,0.21211047504458191,-0.3087009955028508,2.466291007694365
3.1279999999997665,-3.3405586571725383,0.006209269991893314,-0.4968018760780057,0.21318003368340163,-0.3087318226630855,2.48718885326121
3.1289999999997664,-3.3403449351837686,0.005900483774824974,-0.4943038983978992,0.2142429855076729,-0.3087573927972771,2.507958830506287
3.1299999999997663,-3.340130153730983,0.005591674593445698,-0.4917852138322099,0.21529881297776352,-0.308777779246967,2.528599428273445
3.130999999999766,-3.339914320190191,0.005282847618571854,-0.4892459524505586,0.2163470191564931,-0.3087930029408479,2.549109333897091
3.131999999999766,-3.3396974424216026,0.004974008029216267,-0.48668624552412104,0.21738713362341128,-0.30880302525164743,2.5694874610524785
3.132999999999766,-3.3394795287405272,0.004665161074803235,-0.48410622528848113,0.218418717511257,-0.3088077429895309,2.589732969964213
3.133999999999766,-3.3392605878837776,0.004356312141178431,-0.48150602469067433,0.21944136743526604,-0.3088069858919432,2.6098452786536948
3.1349999999997658,-3.3390406289727474,0.00404746681782398,-0.478885777129747,0.22045471817055512,-0.3088005167668132,2.6298240646257445
3.1359999999997656,-3.3388196614744605,0.003738630963638428,-0.4762456162003693,0.2214584440288033,-0.30878803422822215,2.6496692571677722
3.1369999999997655,-3.338597695161864,0.0034298107688030027,-0.47358567544849817,0.2224522589796821,-0.3087691777620476,2.669381021152258
3.1379999999997654,-3.3383747400745767,0.0031210128105998523,-0.47090608814689644,0.22343591564307527,-0.3087435347000727,2.688959733802263
3.1389999999997653,-3.338150806481128,0.0028122441015235424,-0.46820698709665504,0.22440920333673997,-0.3087106485811886,2.7084059562415432
3.139999999999765,-3.337925904843529,0.002503512128571532,-0.46548850445895645,0.22537194539699748,-0.30867002834235546,2.7277204017883885
3.140999999999765,-3.337700045784793,0.002194824883150809,-0.46275077161937606,0.22632399599809705,-0.3086211578038969,2.7469039028860145
3.141999999999765,-3.3374732400597997,0.001886190881544512,-0.4599939190852267,0.2272652366832738,-0.3085635049799141,2.7659573783391154
3.142999999999765,-3.3372454985296933,0.0015776191763078376,-0.4572180764149367,0.22819557279327574,-0.308496530838204,2.784881802204843
3.1439999999997648,-3.3370168321398452,0.0012691193592875994,-0.45442337217728335,0.22911492994268567,-0.3084196972384942,2.8036781753247033
3.1449999999997647,-3.3367872519012702,0.0009607015571805222,-0.4516099339374963,0.23002325065637538,-0.30833247387951807,2.822347500129125
3.1459999999997645,-3.336556768875296,0.0006523764206694293,-0.44877788826677695,0.23092049124218797,-0.30823434417508594,2.840890759031744
3.1469999999997644,-3.336325394161225,0.0003441551082188635,-0.44592736077159345,0.23180661894419544,-0.30812481005177345,2.859308896473957
3.1479999999997643,-3.336093138886695,3.6049265590682334e-05,-0.44305847613915517,0.23268160939498,-0.30800339571460694,2.877602804487868
3.148999999999764,-3.3358600142004424,-0.00027192899792579094,-0.4401713581956705,0.23354544436562147,-0.30786965046318576,2.895773311514366
3.149999999999764,-3.335626031267169,-0.0005797671356687331,-0.43726612997429914,0.23439810979801437,-0.30772315066153266,2.913821174134395
3.150999999999764,-3.3353912012642497,-0.000887452191352426,-0.434342913790074,0.2352395940944508,-0.30756350097592716,2.931747071322621
3.151999999999764,-3.335155535380154,-0.0011949708282432544,-0.43140183132136334,0.23606988634292078,-0.3073903362400034,2.9495515937997423
3.1529999999997638,-3.3349190448147916,-0.0015023093610401779,-0.42844300370918126,0.23688897438206102,-0.3072033243719863,2.967235226309058
3.1539999999997637,-3.334681740780832,-0.0018094537867203789,-0.42546655165476044,0.2376968444891236,-0.30700216266561453,2.984798366383767
3.1549999999997635,-3.334443634505805,-0.002116389811354028,-0.42247259549700966,0.23849348077033117,-0.3067865634946719,3.0022413728502055
3.1559999999997634,-3.3342047372336663,-0.0024231027954038885,-0.41946125506390547,0.2392788656508861,-0.3065561359749338,3.019564960341327
3.1569999999997633,-3.333965060228244,-0.0027295777059447622,-0.41643264935811586,0.24005297776244586,-0.3063104489522518,3.036769983602126
3.157999999999763,-3.3337246147771107,-0.0030357990792850074,-0.4133868965719563,0.24081579018059976,-0.30604909983430184,3.0538572046851398
3.158999999999763,-3.333483412197772,-0.0033417510619340196,-0.41032411418244574,0.24156726977782284,-0.3057717142650774,3.070827293014228
3.159999999999763,-3.3332414638442147,-0.003647417439419414,-0.407244419041516,0.242307376606448,-0.30547794435154135,3.087680830210752
3.160999999999763,-3.332998781114038,-0.003952781661861804,-0.4041479274614451,0.2430360632763845,-0.3051674668850051,3.104418314806848
3.161999999999763,-3.3327553754562134,-0.004257826867773337,-0.401034755295663,0.24375327431473282,-0.304839981569888,3.121040166777302
3.1629999999997627,-3.3325112583795033,-0.00456253590609189,-0.39790501801513745,0.2444589454976764,-0.3044952092679661,3.1375467318401715
3.1639999999997626,-3.3322664414615555,-0.004866891356469264,-0.39475883078059015,0.24515300314834443,-0.3041328902632276,3.1539382854917015
3.1649999999997624,-3.332020936358725,-0.00517087554783598,-0.39159630851082,0.24583536339791076,-0.3037527825509416,3.170215036754251
3.1659999999997623,-3.33177475481665,-0.005474470575268736,-0.3884175659474264,0.2465059314112184,-0.3033546601544976,3.1863771316278307
3.1669999999997622,-3.331527908681615,-0.00577765831519071,-0.38522271771622874,0.24716460058290687,-0.3029383114750332,3.202424656247424
3.167999999999762,-3.3312804099127336,-0.006080420438941368,-0.38201187838567047,0.24781125171559049,-0.30250353768192767,3.2183576397604488
3.168999999999762,-3.331032270594946,-0.006382738424762718,-0.3787851625224743,0.24844575219829013,-0.3020501511570169,3.234176056952418
3.169999999999762,-3.3307835029528343,-0.006684593568264974,-0.3755426847447801,0.24906795521121233,-0.30157797401200076,3.2498798306648915
3.170999999999762,-3.3305341193652023,-0.006985966991458193,-0.3722845597729435,0.24967769899214343,-0.3010868367070044,3.2654688340687126
3.1719999999997617,-3.3302841323803354,-0.007286839650469327,-0.3690109024780991,0.2502748062100436,-0.3005765768085002,3.280942892877566
3.1729999999997616,-3.3300335547318145,-0.0075871923421080645,-0.36572182792849517,0.2508590835024489,-0.3000470379363786,3.2963017876114784
3.1739999999997615,-3.329782399354679,-0.007887005709500555,-0.3624174514334849,0.2514303212441596,-0.29949806896199616,3.311545256045556
3.1749999999997613,-3.3295306794016737,-0.008186260247077463,-0.3590978885849107,0.2519882936239924,-0.2989295235299928,3.326672996002891
3.1759999999997612,-3.3292784082592313,-0.008484936305279597,-0.35576325529545055,0.2525327591120442,-0.29834125998423455,3.341684668667271
3.176999999999761,-3.3290255995627565,-0.008783014095425642,-0.35241366783331723,0.2530634613992735,-0.2977331417792162,3.3565799025940573
3.177999999999761,-3.3287722672107045,-0.00908047369526383,-0.34904924285252975,0.25358013088117687,-0.2971050384488206,3.3713582985776473
3.178999999999761,-3.328518425376887,-0.009377295055790503,-0.34567009741784116,0.254082486734988,-0.296456827180547,3.3860194354820505
3.179999999999761,-3.3282640885203953,-0.009673458009947278,-0.3422763490233431,0.2545702396032278,-0.2957883950022246,3.400562877049935
3.1809999999997607,-3.328009271392559,-0.00996894228378756,-0.3388681156038139,0.2550430948458373,-0.29509964152929374,3.414988179573163
3.1819999999997606,-3.327753989040406,-0.01026372751061587,-0.335445515538076,0.255500756262086,-0.2943904821475426,3.4292949001418243
3.1829999999997605,-3.327498256806243,-0.010557793248439697,-0.33200866764400006,0.25594293011949676,-0.293660851427558,3.4434826050093204
3.1839999999997604,-3.3272420903231383,-0.01085111900083464,-0.32855769116534045,0.25636932927121425,-0.292910706497043,3.4575508774509283
3.1849999999997602,-3.32698550550636,-0.011143684241025862,-0.32509270575126487,0.2567796771081653,-0.2921400300524543,3.471499324393142
3.18599999999976,-3.3267285185410445,-0.011435468438665799,-0.32161383143017436,0.25717371108884324,-0.2913488326876619,3.4853275810892193
3.18699999999976,-3.326471145866642,-0.011726451088485072,-0.31812118858008565,0.25755118562284257,-0.29053715426335547,3.499035313235247
3.18799999999976,-3.3262134041588673,-0.012016611739760109,-0.31461489789834424,0.2579118741513458,-0.28970506413445546,3.51262221615622
3.18899999999976,-3.3259553103099906,-0.01230593002541837,-0.31109508037365347,0.2582555703571376,-0.2888526601792886,3.5260880110078627
3.1899999999997597,-3.325696881408344,-0.01259438568961204,-0.30756185726328894,0.2585820885312898,-0.28798006671012827,3.5394324382784204
3.1909999999997596,-3.3254381347178326,-0.012881958612730568,-0.3040153500779298,0.2588912632056628,-0.28708743146381277,3.552655249169523
3.1919999999997595,-3.325179087658107,-0.013168628833064133,-0.3004556805758507,0.25918294821641646,-0.28617492195262484,3.565756195632831
3.1929999999997594,-3.324919757785879,-0.013454376564630478,-0.2968829707673947,0.25945701538799554,-0.28524272148905194,3.5787350199122705
3.1939999999997593,-3.324660162777666,-0.013739182210988536,-0.29329734292981197,0.2597133530215819,-0.2842910251849784,3.5915914443937638
3.194999999999759,-3.3244003204140804,-0.014023026375141768,-0.2896989196318115,0.2599518643445052,-0.2833200361771559,3.604325162423571
3.195999999999759,-3.324140248565639,-0.01430588986585386,-0.2860878237666068,0.2601724660376793,-0.2823299622619489,3.6169358305633383
3.196999999999759,-3.3238799651799824,-0.014587753700846565,-0.2824641785918698,0.26037508691620637,-0.281321013048635,3.629423062545316
3.197999999999759,-3.323619488270316,-0.014868599107425247,-0.2788281077748397,0.26055966680075654,-0.28029339767373135,3.6417864250065235
3.1989999999997587,-3.3233588359048873,-0.015148407521092826,-0.2751797354408316,0.2607261555879472,-0.2792473230658431,3.654025434934765
3.1999999999997586,-3.323098026197295,-0.015427160582682675,-0.27151918622350985,0.26087451250776855,-0.27818299271379643,3.6661395586588883
3.2009999999997585,-3.3228370772974607,-0.015704840134481847,-0.26784658531549155,0.261004705544328,-0.27710060586941887,3.6781282121581724
3.2019999999997584,-3.3225760073831108,-0.0159814282157417,-0.26416205851808383,0.2611167109910755,-0.27600035710749526,3.6899907624435695
3.2029999999997583,-3.3223148346516433,-0.016256907057894916,-0.2604657322892064,0.2612105131112341,-0.2748824361657198,3.7017265297671558
3.203999999999758,-3.3220535773122988,-0.01653125907972305,-0.2567577337887846,0.26128610387659745,-0.2737470279936168,3.713334790436392
3.204999999999758,-3.3217922535785585,-0.016804466882652105,-0.25303819092110824,0.2613434827617572,-0.2725943129487086,3.7248147800389773
3.205999999999758,-3.32153088166073,-0.01707651324629693,-0.2493072323738289,0.26138265657519816,-0.27142446708869356,3.7361656969165637
3.206999999999758,-3.321269479758689,-0.017347381124329136,-0.24556498765341458,0.26140363931292754,-0.2702376625187378,3.7473867057575534
3.2079999999997577,-3.3210080660547607,-0.01761705364070712,-0.241811587116995,0.26140645202404905,-0.2690340677624177,3.7584769412083894
3.2089999999997576,-3.320746658706731,-0.017885514086279412,-0.2380471620006185,0.2613911226808191,-0.2678138481329962,3.769435511428068
3.2099999999997575,-3.32048527584099,-0.01815274591575286,-0.2342718444440066,0.2613576860482081,-0.2665771660884786,3.7802615015317147
3.2109999999997574,-3.320223935545805,-0.0184187327450033,-0.2304857675119359,0.26130618354989144,-0.26532418155931636,3.790953976886109
3.2119999999997573,-3.319962655864731,-0.018683458348697543,-0.22668906521240942,0.26123666312899724,-0.26405505224186554,3.8015119862334665
3.212999999999757,-3.3197014547901635,-0.018946906658190318,-0.22288187251179553,0.2611491791029289,-0.26276993385392206,3.8119345646300546
3.213999999999757,-3.319440350257039,-0.019209061759657312,-0.21906432534712375,0.26104379201225403,-0.26146898035104144,3.822220736193901
3.214999999999757,-3.3191793601366903,-0.019469907892425167,-0.2152365606357284,0.26092056846408,-0.2601523441040644,3.832369516661461
3.215999999999757,-3.318918502230859,-0.01972942944746034,-0.21139871628242965,0.26077958097058657,-0.258820176039463,3.842379915757048
3.2169999999997567,-3.3186577942658735,-0.019987610965980764,-0.20755093118443615,0.2606209077835075,-0.25747262574491314,3.852250939381509
3.2179999999997566,-3.318397253886993,-0.020244437138156875,-0.20369334523414603,0.26044463272538887,-0.256109841542992,3.861981591628344
3.2189999999997565,-3.318136898652922,-0.02049989280187179,-0.1998260993200141,0.26025084501842577,-0.2547319705361649,3.8715708766364494
3.2199999999997564,-3.3178767460304965,-0.020753962941513455,-0.1959493353256442,0.26003963911162126,-0.2533391586263369,3.8810178002891447
3.2209999999997563,-3.3176168133895456,-0.021006632686774974,-0.19206319612725506,0.25981111450693156,-0.2519315505122353,3.8903213717692187
3.221999999999756,-3.317357117997923,-0.021257887311442614,-0.18816782558965922,0.2595653755849741,-0.2505092896678072,3.899480604979572
3.222999999999756,-3.3170976770167164,-0.021507712232153923,-0.18426336856088463,0.25930253143078663,-0.2490725183046769,3.9084945198386802
3.223999999999756,-3.316838507495631,-0.021756093007111562,-0.18034997086555965,0.259022695660042,-0.24762137732154088,3.9173621434596555
3.224999999999756,-3.3165796263685436,-0.022003015334741114,-0.17642777929717376,0.25872598624604687,-0.24615600624318895,3.926082511221147
3.2259999999997557,-3.3163210504492318,-0.022248465052283745,-0.17249694160931817,0.2584125253477854,-0.244676543151643,3.9346546677377976
3.2269999999997556,-3.3160627964272744,-0.022492428134317014,-0.16855760650600313,0.2580824391392118,-0.24318312461170793,3.9430776677374
3.2279999999997555,-3.315804880864119,-0.02273489069119932,-0.1646099236311421,0.2577358576399486,-0.24167588559303205,3.951350576851355
3.2289999999997554,-3.3155473201893217,-0.022975838967435457,-0.1606540435572861,0.25737291454750993,-0.24015495939058573,3.959472472324522
3.2299999999997553,-3.3152901306969533,-0.023215259339962522,-0.15669011777368616,0.2569937470711408,-0.23862047754528487,3.9674424436500555
3.230999999999755,-3.315033328542168,-0.023453138316357227,-0.15271829867375636,0.25659849576734245,-0.23707256976631264,3.9752595931343606
3.231999999999755,-3.3147769297379366,-0.02368946253296691,-0.14873873954200473,0.25618730437714143,-0.23551136385653004,3.982923036396883
3.232999999999755,-3.3145209501519477,-0.023924218752968032,-0.14475159454049527,0.2557603196651529,-0.23393698564221035,3.990431902809059
3.233999999999755,-3.314265405503657,-0.02415739386435699,-0.14075701869489962,0.2553176912604865,-0.23234955890818887,3.997785335876407
3.2349999999997547,-3.314010311361506,-0.024388974877879218,-0.1367551678801936,0.25485957149954724,-0.23074920533938184,4.004982493567409
3.2359999999997546,-3.3137556831402915,-0.0246189489249033,-0.13274619880604996,0.25438611527078925,-0.22913604446950203,4.012022548592569
3.2369999999997545,-3.313501536098689,-0.024847303255247706,-0.12873026900197576,0.2538974798614891,-0.2275101936376771,4.018904688636757
3.2379999999997544,-3.313247885336931,-0.02507402523496832,-0.12470753680223948,0.253393824806618,-0.22587176795356614,4.025628116547746
3.2389999999997543,-3.312994745794632,-0.025299102344115556,-0.12067816133063033,0.25287531173990285,-0.2242208802714633,4.032192050483615
3.239999999999754,-3.3127421322487662,-0.025522522174470215,-0.11664230248508972,0.25234210424718057,-0.2225576411737795,4.038595724021557
3.240999999999754,-3.312490059311785,-0.025744272427267623,-0.11260012092225218,0.25179436772216207,-0.2208821589642003,4.044838386230433
3.241999999999754,-3.3122385414298807,-0.02596434091091987,-0.10855177804193086,0.251232269224737,-0.21919453967073238,4.050919301709299
3.242999999999754,-3.3119875928813904,-0.026182715538746078,-0.10449743597158079,0.2506559773419612,-0.21749488705876877,4.056837750594012
3.2439999999997537,-3.3117372277753376,-0.026399384326720766,-0.1004372575507704,0.25006566205188036,-0.21578330265422888,4.0625930285339
3.2449999999997536,-3.311487460050106,-0.026614335391250365,-0.09637140631569076,0.24946149459035383,-0.21405988577675822,4.06818444664041
3.2459999999997535,-3.31123830347225,-0.026827556946987952,-0.09230004648372925,0.2488436473210505,-0.21232473358290715,4.073611331409535
3.2469999999997534,-3.3109897716354264,-0.02703903730469608,-0.08822334293813326,0.2482122936087942,-0.2105779411191475,4.078873024619792
3.2479999999997533,-3.3107418779594595,-0.02724876486916743,-0.0841414612127874,0.24756760769644276,-0.20881960138452987,4.083968883207408
3.248999999999753,-3.3104946356895186,-0.02745672813721289,-0.08005456747712617,0.2469097645854851,-0.20704980540273274,4.0888982791203565
3.249999999999753,-3.3102480578954214,-0.02766291569572617,-0.07596282852120256,0.24623893992054308,-0.20526864230320704,4.093660599152812
3.250999999999753,-3.3100021574710445,-0.027867316219834064,-0.07186641174093139,0.2455553098779618,-0.20347619941107792,4.098255244761539
3.251999999999753,-3.309756947133845,-0.028069918471140733,-0.0677654851235245,0.24485905105866984,-0.20167256234542535,4.102681631865711
3.2529999999997528,-3.309512439424489,-0.028270711296074356,-0.06366021723313392,0.24415034038548372,-0.1998578151255324,4.106939190631581
3.2539999999997526,-3.30926864670658,-0.028469683624343784,-0.05955077719671734,0.24342935500502472,-0.1980320402846576,4.111027365243409
3.2549999999997525,-3.3090255811664795,-0.02866682446751254,-0.0554373346901389,0.2426962721944059,-0.196195318990863,4.114945613662007
3.2559999999997524,-3.308783254813222,-0.028862122917696974,-0.05132005992451706,0.24195126927283647,-0.19434773117440546,4.11869340737222
3.2569999999997523,-3.308541679478517,-0.029055568146394876,-0.04719912363283001,0.24119452351827825,-0.19248935566118017,4.12227023112062
3.257999999999752,-3.308300866816826,-0.029247149403450294,-0.04307469705678775,0.2404262120892747,-0.1906202703116894,4.12567558264467
3.258999999999752,-3.308060828305522,-0.02943685601615994,-0.03894695193397868,0.2396465119520584,-0.18874055216499755,4.1289089723945525
3.259999999999752,-3.3078215752451148,-0.029624677388525707,-0.034816060485297624,0.23885559981302643,-0.18685027758712422,4.131969923248847
3.260999999999752,-3.3075831187595415,-0.029810603000657666,-0.030682195402660713,0.23805365205665657,-0.18494952242332122,4.1348579702251715
3.2619999999997518,-3.3073454697965188,-0.029994622408330972,-0.026545529837011674,0.23724084468892026,-0.18303836215367572,4.137572660186903
3.2629999999997517,-3.307108639127945,-0.030176725242699824,-0.022406237386622924,0.23641735328622937,-0.18111687205148172,4.140113551547014
3.2639999999997515,-3.3068726373503567,-0.03035690121017097,-0.018264492085693827,0.23558335294993765,-0.1791851273438232,4.142480213970058
3.2649999999997514,-3.3066374748854197,-0.030535140092438632,-0.01412046839324746,0.23473901826639834,-0.17724320337381616,4.144672228073283
3.2659999999997513,-3.306403161980465,-0.030711431746682293,-0.00997434118232629,0.2338845232725627,-0.17529117576396333,4.146689185127817
3.266999999999751,-3.3061697087090516,-0.030885766105928154,-0.005826285729486266,0.23302004142708657,-0.17332912058008107,4.14853068676084
3.267999999999751,-3.305937124971557,-0.031058133179574586,-0.0016764777045878308,0.2321457455868951,-0.17135711449526886,4.1501963446596175
3.268999999999751,-3.305705420495788,-0.031228523054081372,0.0024749068391183753,0.23126180798914006,-0.16937523495340004,4.151685780278245
3.269999999999751,-3.3054746048376105,-0.03139692589382194,0.0066276914746142635,0.23036840023846786,-0.16738356033162433,4.152998624547917
3.2709999999997508,-3.305244687381581,-0.03156333194209743,0.010781699410449423,0.2294656932995025,-0.16538217010138426,4.154134517591504
3.2719999999997507,-3.3050156773415917,-0.031727731522310836,0.014936753499793308,0.2285538574944334,-0.16337114498745914,4.155093108443209
3.2729999999997506,-3.3047875837615117,-0.031890115039298964,0.01909267624920993,0.22763306250558518,-0.16135056712456378,4.155874054774025
3.2739999999997504,-3.304560415515823,-0.032050472980819616,0.023249289827161224,0.22670347738283417,-0.1593205202110404,4.156477022623726
3.2749999999997503,-3.3043341813102467,-0.03220879591919079,0.027406416072245983,0.22576527055572607,-0.1572810896591963,4.156901686140075
3.2759999999997502,-3.304108889682357,-0.03236507451307838,0.03156387650118188,0.22481860985013757,-0.15523236274185082,4.157147727325945
3.27699999999975,-3.303884549002173,-0.032519299509428314,0.03572149231653888,0.22386366250931664,-0.15317442873466833,4.157214835795006
3.27799999999975,-3.303661167472731,-0.03267146174553879,0.03987908441423289,0.222900595219126,-0.15110737905386556,4.157102708536638
3.27899999999975,-3.3034387531306266,-0.03282155215126771,0.04403647339078923,0.22192957413730743,-0.1490313073888929,4.156811049690723
3.27999999999975,-3.303217313846592,-0.032969561751564354,0.04819347954981914,0.22095076467558997,-0.14694631055376492,4.156339567183762
3.2809999999997497,-3.302996857327197,-0.03311548167245183,0.05234992289543,0.2199643299000161,-0.14485249333860434,4.155687951981177
3.2819999999997496,-3.3027773911162717,-0.03325930314648035,0.05650562311918881,0.21897043169639463,-0.14274996539647997,4.1548558919931065
3.2829999999997495,-3.3025589225961047,-0.03340101751775411,0.0606603996041065,0.21796923163739285,-0.14063883897677623,4.153843082223
3.2839999999997493,-3.3023414589875357,-0.03354061624400154,0.06481407143175537,0.2169608910365456,-0.1385192290016461,4.152649224693447
3.2849999999997492,-3.3021250073501798,-0.03367809089926876,0.06896645738919749,0.2159455709954463,-0.1363912531632547,4.151274028264734
3.285999999999749,-3.3019095745826137,-0.03381343317673501,0.07311737597573947,0.2149234324536253,-0.13425503201335015,4.149717208469086
3.286999999999749,-3.301695167422513,-0.03394663489161391,0.07726664540952952,0.21389463624085703,-0.13211068904484372,4.147978487361149
3.287999999999749,-3.301481792446735,-0.03407768798413194,0.08141408363401331,0.21285934313163088,-0.12995835076509296,4.146057593385185
3.288999999999749,-3.3012694560713447,-0.0342065845225761,0.08555950832426569,0.21181771390151133,-0.12779814676059478,4.143954261259494
3.2899999999997487,-3.3010581645515886,-0.034333316706401766,0.08970273689321553,0.21076990938510443,-0.12563020975280803,4.141668231878481
3.2909999999997486,-3.300847923981801,-0.034457876869391856,0.09384358649778168,0.20971609053533707,-0.12345467564483963,4.139199252232784
3.2919999999997485,-3.300638740295259,-0.03458025748285795,0.09798187404493824,0.20865641848374492,-0.12127168355874333,4.136547075347812
3.2929999999997484,-3.3004306192639743,-0.034700451158873984,0.10211741619772768,0.20759105460145252,-0.11908137586319617,4.1337114602409955
3.2939999999997482,-3.300223566498419,-0.034818450653532694,0.10625002938124072,0.20652016056051642,-0.11688389819133498,4.130692171897976
3.294999999999748,-3.3000175874471993,-0.03493424887021484,0.11037952978858188,0.2054438983952877,-0.11467939944855407,4.127488981267896
3.295999999999748,-3.2998126873966585,-0.03504783886286119,0.11450573338684,0.2043624305634359,-0.11246803181008483,4.1241016652778635
3.296999999999748,-3.2996088714704257,-0.03515921383923689,0.11862845592308272,0.20327592000625958,-0.11024995070819955,4.120530006866558
3.297999999999748,-3.2994061446289016,-0.0352683671641778,0.1227475129303941,0.20218453020789331,-0.10802531480890391,4.116773795036854
3.2989999999997477,-3.2992045116686883,-0.03537529236280815,0.12686271973397437,0.2010884252530021,-0.10579428597800682,4.112832824927213
3.2999999999997476,-3.299003977221959,-0.035479983123719035,0.13097389145732022,0.19998776988253736,-0.10355702923648086,4.108706897901443
3.3009999999997475,-3.2988045457557753,-0.03558243330209677,0.13508084302850382,0.1988827295471095,-0.10131371270505256,4.104395821656327
3.3019999999997474,-3.2986062215713545,-0.03568263692279052,0.13918338918656817,0.19777347045751403,-0.09906450753798858,4.099899410346424
3.3029999999997472,-3.298409008803281,-0.03578058818330824,0.14328134448805552,0.19666015963192895,-0.09680958784607102,4.095217484725188
3.303999999999747,-3.2982129114186827,-0.03587628145673025,0.14737452331368453,0.195542964939283,-0.09454913060878302,4.0903498723013945
3.304999999999747,-3.298017933216355,-0.03596971129452957,0.1514627398751912,0.1944220551382765,-0.09228331557575262,4.085296407509643
3.305999999999747,-3.297824077825858,-0.0360608724292884,0.15554580822234662,0.1932975999115185,-0.09001232515753156,4.080056931893523
3.306999999999747,-3.2976313487065756,-0.036149759777300054,0.15962354225016348,0.1921697698942279,-0.08773634430581127,4.074631294299796
3.3079999999997467,-3.297439749146752,-0.03623636844104589,0.1636957557063018,0.1910387366969316,-0.08545556038320469,4.069019351081753
3.3089999999997466,-3.2972492822625066,-0.03632069371153686,0.16776226219868137,0.18990467292157748,-0.08317016302274755,4.063220966309642
3.3099999999997465,-3.2970599509968403,-0.0364027310705095,0.17182287520330752,0.18876775217047023,-0.08088034397729499,4.05723601198584
3.3109999999997464,-3.2968717581186318,-0.036482476192466376,0.17587740807231317,0.18762814904742756,-0.0785862969590117,4.051064368262176
3.3119999999997463,-3.2966847062216393,-0.03655992494655106,0.17992567404221813,0.18648603915054762,-0.07628821746917226,4.044705923656574
3.312999999999746,-3.296498797723516,-0.036635073398248265,0.18396748624240353,0.1853415990559759,-0.07398630261850601,4.038160575265916
3.313999999999746,-3.2963140348648405,-0.036707917810899625,0.18800265770379573,0.1841950062920592,-0.07168075093833567,4.031428228971745
3.314999999999746,-3.296130419708186,-0.03677845464702614,0.19203100136775084,0.18304643930328066,-0.06937176218277126,4.024508799635193
3.315999999999746,-3.2959479541372234,-0.03684668056944848,0.19605233009512724,0.18189607740337813,-0.06705953712223252,4.017402211277241
3.3169999999997457,-3.2957666398558834,-0.03691259244219652,0.2000664566755293,0.1807441007170665,-0.06474427732858129,4.010108397240167
3.3179999999997456,-3.295586478387577,-0.03697618733120002,0.2040731938367013,0.17959069010980677,-0.06242618495215433,4.0026273003258055
3.3189999999997455,-3.2954074710744967,-0.0370374625047523,0.2080723542540461,0.1784360271050977,-0.06010546249099436,3.99495887290603
3.3199999999997454,-3.2952296190770074,-0.03709641543373952,0.21206375056023838,0.1772802937888082,-0.057782312552586486,3.9871030770006772
3.3209999999997453,-3.2950529233731327,-0.037153043791627885,0.2160471953548976,0.17612367270012308,-0.05545693760841802,3.9790598843180076
3.321999999999745,-3.2948773847581663,-0.03720734545420215,0.2200225012142806,0.17496634670874353,-0.053129539741695576,3.9708292762527138
3.322999999999745,-3.2947030038444067,-0.03725931849904841,0.22398948070094868,0.1738084988780695,-0.050800320388575224,3.9624112438365025
3.323999999999745,-3.2945297810610406,-0.03730896120477515,0.22794794637335977,0.17265031231419703,-0.04846948007329344,3.953805787636397
3.324999999999745,-3.294357716654177,-0.03735627204996645,0.2318977107953308,0.1714919700006924,-0.04613721813763143,3.945012917596169
3.3259999999997447,-3.294186810687064,-0.03740124971186212,0.23583858654531117,0.17033365461926261,-0.04380373246520827,3.936032652816762
3.3269999999997446,-3.2940170630404815,-0.03744389306475974,0.23977038622540472,0.16917554835663,-0.04146921920118329,3.926865021272259
3.3279999999997445,-3.293848473413343,-0.037484201178134315,0.24369292247007443,0.1680178326981465,-0.039133872468062374,3.917510059458933
3.3289999999997444,-3.2936810413234996,-0.03752217331447233,0.24760600795446214,0.1668606882089511,-0.036797884078453164,3.907967811976281
3.3299999999997443,-3.293514766108782,-0.03755780892681725,0.2515094554022554,0.16570429430379346,-0.0344614432458072,3.8982383310407607
3.330999999999744,-3.293349646928262,-0.03759110765602546,0.25540307759303577,0.16454882900701623,-0.032124736294433555,3.888321675935327
3.331999999999744,-3.293185682763775,-0.037622069327732405,0.2592866873690467,0.16339446870462124,-0.0297879463703757,3.8782179124009137
3.332999999999744,-3.2930228724216772,-0.037650693949030895,0.26316009764132814,0.16224138789083592,-0.02745125315512112,3.867927111979816
3.333999999999744,-3.2928612145348697,-0.037676981704865616,0.26702312139517603,0.16108975891215235,-0.02511483258457008,3.8574493513256716
3.3349999999997437,-3.2927007075650723,-0.037700932954150376,0.27087557169490356,0.15993975171242894,-0.022778856576231774,3.846784711500443
3.3359999999997436,-3.2925413498053517,-0.037722548225618255,0.2747172616879037,0.15879153358331383,-0.020443492768245267,3.8359332772856116
3.3369999999997435,-3.2923831393828955,-0.03774182821341843,0.2785480046080447,0.15764526892495762,-0.018108904274536815,3.82489513654269
3.3379999999997434,-3.292226074262014,-0.037758773772478396,0.282367613778468,0.15650111902270472,-0.015775249461211636,3.8136703796670894
3.3389999999997433,-3.292070152247361,-0.03777338591365573,0.2861759026139093,0.15535924184615155,-0.013442681750111946,3.8022590991891354
3.339999999999743,-3.2919153709873346,-0.03778566579870972,0.28997268462272024,0.1542197918775859,-0.011111349456314746,3.7906613895862677
3.340999999999743,-3.291761727977637,-0.03779561473513077,0.29375777340883835,0.15308291997730988,-0.00878139566712927,3.7788773473805066
3.341999999999743,-3.2916092205649443,-0.03780323417087285,0.2975309826740313,0.15194877329361697,-0.006452958170800739,3.766907071604268
3.342999999999743,-3.2914578459506414,-0.03780852568904325,0.30129212622082835,0.15081749522514937,-0.0041261694435217175,3.7547506647242614
3.3439999999997427,-3.291307601194567,-0.037811491002611955,0.30504101795664373,0.14968922544290583,-0.0018011567033579148,3.742408234115905
3.3449999999997426,-3.2911584832187013,-0.03781213194921189,0.30877747189968663,0.14856409997820327,0.0005219579608432019,3.729879894177514
3.3459999999997425,-3.291010488810734,-0.03781045048610832,0.31250130218733885,0.147442251381344,0.0028430573787373544,3.717165769162329
3.3469999999997424,-3.290863614627433,-0.037806448685421844,0.31621232308774855,0.14632380895356456,0.005162029001234705,3.7042659967851814
3.3479999999997423,-3.290717857197749,-0.037800128729692524,0.3199103490154293,0.14520889905206685,0.007478764515036375,3.6911807326275823
3.348999999999742,-3.2905732129255783,-0.037791492907872565,0.32359519455165686,0.1440976454646653,0.009793159371285887,3.677910155319486
3.349999999999742,-3.290429678092118,-0.03778054361183019,0.32726667447040597,0.14299016984703228,0.012105112235531472,3.6644544724186368
3.350999999999742,-3.290287248857759,-0.03776728333343747,0.3309246037704574,0.14188659221199132,0.01441452437164835,3.6508139268419066
3.351999999999742,-3.290145921263468,-0.03775171466229951,0.33456879771412523,0.1407870314571789,0.01672129897797426,3.636988803632378
3.3529999999997417,-3.290005691231631,-0.037733840284161504,0.3381990718728036,0.13969160591508256,0.0190253404990732,3.622979436778417
3.3539999999997416,-3.2898665545663404,-0.03771366298000461,0.3418152421792189,0.1386004339083458,0.021326553940573856,3.608786215745644
3.3549999999997415,-3.2897285069531343,-0.037691185625812994,0.3454171249859152,0.13751363429356767,0.02362484421674626,3.5944095913491547
3.3559999999997414,-3.2895915439582013,-0.03766641119296461,0.34900453712912516,0.13643132697868543,0.025920115560329294,3.579850080590057
3.3569999999997413,-3.2894556610270866,-0.03763934274916986,0.35257729599681337,0.13535363340224388,0.028212271021313007,3.5651082701128733
3.357999999999741,-3.289320853482942,-0.03760998345985819,0.3561352195993694,0.13428067696701917,0.030501212075988632,3.550184818009458
3.358999999999741,-3.2891871165243654,-0.037578336589894984,0.35967812664120047,0.13321258342500197,0.032786838360079534,3.5350804537959974
3.359999999999741,-3.2890544452228783,-0.03754440550550126,0.363205836591361,0.13214948121500683,0.03506904753098071,3.519795976512368
3.360999999999741,-3.288922834520089,-0.03750819367624861,0.36671816975137056,0.13109150175757917,0.03734773525510239,3.5043322510236132
3.3619999999997408,-3.2887922792245776,-0.03746970467700941,0.37021494731851345,0.1300387797140139,0.03962279530810409,3.488690202726107
3.3629999999997406,-3.288662774008538,-0.03742894218975847,0.37369599144317067,0.12899145321702576,0.0418941197693269,3.4728708109620126
3.3639999999997405,-3.2885343134042007,-0.0373859100051427,0.37716112527907325,0.12794966408002972,0.044161599287576785,3.456875101514497
3.3649999999997404,-3.2884068918000535,-0.03734061202375968,0.3806101730257597,0.12691355799041465,0.046425123393790006,3.4407041385878085
3.3659999999997403,-3.2882805034368747,-0.03729305225710995,0.38404295996292337,0.1258832846900621,0.04868458083685541,3.424359016671222
3.36699999999974,-3.288155142403597,-0.037243234828210695,0.387459312476719,0.12485899814412331,0.050939859921522376,3.4078408526493353
3.36799999999974,-3.2880308026330027,-0.037191163971877474,0.3908590580784324,0.12384085669710372,0.05319084883126811,3.391150778461668
3.36899999999974,-3.287907477897274,-0.037136844034695755,0.3942420254161833,0.12282902321387193,0.05543743592357732,3.3742899345417388
3.36999999999974,-3.2877851618034084,-0.03708027947471412,0.3976080442805242,0.12182366520242657,0.057679509989716535,3.3572594641890907
3.3709999999997398,-3.287663847788527,-0.03702147486089691,0.40095694560491457,0.12082495491511432,0.05991696047531756,3.3400605089548345
3.3719999999997397,-3.287543529115087,-0.036960434872375776,0.4042885614620964,0.11983306942539693,0.062149677661631035,3.3226942050576427
3.3729999999997395,-3.287424198866035,-0.03689716429753852,0.40760272505738865,0.11884819067807012,0.0643775528100436,3.3051616807958615
3.3739999999997394,-3.2873058499399215,-0.03683166803298985,0.41089927071986293,0.11787050551187919,0.06660047827435969,3.287464054883599
3.3749999999997393,-3.287188475046009,-0.036763951082413565,0.4141780338922776,0.11690020565461058,0.06881834758651367,3.269602435613701
3.375999999999739,-3.287072066699396,-0.03669401855535967,0.41743885112054224,0.11593748769184548,0.07103105552192837,3.2515779207369486
3.376999999999739,-3.286956617216185,-0.03662187566597374,0.4206815600433718,0.11498255301155735,0.07323849815081702,3.233391597942464
3.377999999999739,-3.286842118708716,-0.036547527731679436,0.4239059993826742,0.11403560772757095,0.07544057288148355,3.2150445458269794
3.378999999999739,-3.2867285630808882,-0.03647098017181937,0.42711200893510776,0.11309686258555289,0.07763717850123346,3.196537835248195
3.3799999999997388,-3.286615942023581,-0.036392238506254226,0.43029942956514416,0.11216653285567357,0.0798282152199671,3.177872530968108
3.3809999999997387,-3.286504247010186,-0.036311308353914995,0.43346810319988527,0.11124483821637594,0.08201358472096268,3.159049693504452
3.3819999999997385,-3.286393469292257,-0.036228195431299286,0.43661787282580566,0.11033200263383063,0.08419319022282008,3.1400703811211312
3.3829999999997384,-3.2862835998952877,-0.03614290555089853,0.4397485824875313,0.10942825424166228,0.08636693655605582,3.1209356519009654
3.3839999999997383,-3.2861746296145973,-0.036055444619540127,0.44286007728871263,0.10853382522541942,0.08853473025742756,3.1016465658556407
3.384999999999738,-3.2860665490113363,-0.0359658186366252,0.4459522033950114,0.10764895171603248,0.09069647968471718,3.082204187038157
3.385999999999738,-3.285959348408588,-0.03587403369224031,0.4490248080391901,0.10677387369616452,0.0928520951543985,3.0626095856320914
3.386999999999738,-3.2858530178875553,-0.03578009596511928,0.4520777395282712,0.10590883492288966,0.09500148910432459,3.0428638399995687
3.387999999999738,-3.2857475472838216,-0.03568401172042892,0.4551108472527184,0.1050540828695078,0.09714457628324691,3.0229680386758995
3.3889999999997378,-3.285642926183649,-0.035585787307351374,0.4581239816975828,0.10420986868847347,0.09928127396855338,3.002923282303363
3.3899999999997377,-3.285539143920315,-0.035485429156434295,0.46111699445555004,0.10337644712820043,0.10141150201639382,2.9827306847437995
3.3909999999997376,-3.2854361895713757,-0.035382943779373906,0.46408973823390104,0.10255407492138251,0.10353517846613598,2.9623913569308433
3.3919999999997374,-3.2853340519565624,-0.03527833777037216,0.46704206684729227,0.1017430106667622,0.10565221940855496,2.941906406920507
3.3929999999997373,-3.2852327196352373,-0.03517161780602119,0.46997383522742625,0.10094351668910137,0.10776254455969421,2.921276961673892
3.3939999999997372,-3.285132180902602,-0.03506279064138066,0.4728848994437124,0.10015585917101856,0.10986607786235641,2.9005041695664007
3.394999999999737,-3.2850324237857347,-0.03495186310532012,0.4757751167253881,0.09938030818498877,0.11196274783104955,2.8795892017778217
3.395999999999737,-3.284933436039696,-0.03483884209578171,0.47864434548495455,0.0986171376958193,0.11405248788164174,2.8585332535238677
3.396999999999737,-3.2848352051436622,-0.03472373457473384,0.4814924453427402,0.09786662550484723,0.11613523661578205,2.837337545065419
3.397999999999737,-3.2847377182971615,-0.03460654756288252,0.48431927715232304,0.09712905309579942,0.11821093801477636,2.816003322398514
3.3989999999997367,-3.284640962416531,-0.034487288134263175,0.4871247030264256,0.09640470532749423,0.12027954147545945,2.794531857481055
3.3999999999997366,-3.284544924131797,-0.03436596341091829,0.4899085863627211,0.09569386989949492,0.12234100158885336,2.7729244477860613
3.4009999999997365,-3.2844495897842405,-0.034242580557987186,0.49267079186873497,0.09499683649248769,0.12439527751711134,2.751182414878952
3.4019999999997363,-3.28435494542504,-0.034117146779709485,0.4954111855846621,0.09431389545455511,0.12644233176001057,2.7293071015882053
3.4029999999997362,-3.2842609768155278,-0.03398966931709599,0.4981296349024079,0.09364533586672769,0.12848212801186618,2.7072998671622344
3.403999999999736,-3.2841676694297828,-0.033860155448380044,0.5008260085784383,0.09299144277566283,0.13051462768416786,2.6851620795652154
3.404999999999736,-3.2840750084605177,-0.0337286124938693,0.503500176737024,0.09235249332843583,0.13253978449883852,2.6628951037451554
3.405999999999736,-3.283982978829518,-0.03359504782751948,0.5061520108591031,0.09172875148704332,0.13455753633627016,2.640500284301538
3.406999999999736,-3.283891565204237,-0.03345946889849378,0.5087813837501809,0.09112041870433811,0.13656752768038355,2.6179784519157794
3.4079999999997357,-3.2838007523704085,-0.03332188553331385,0.5113881662174475,0.09052720116740136,0.13856625273711196,2.595324907729852
3.4089999999997356,-3.2837105249852017,-0.033182308502864674,0.5139722265154281,0.08994935715110433,0.14055349116217036,2.57254079270678
3.4099999999997355,-3.283620867564249,-0.0330407492915498,0.5165334357800873,0.08938727399229723,0.1425303092139882,2.5496294714413814
3.4109999999997354,-3.2835317642046347,-0.032897217858391455,0.5190716683321444,0.08884121240477794,0.14449760367654785,2.526593945495037
3.4119999999997352,-3.2834431988123667,-0.03275172335500584,0.5215868013022472,0.08831129183364819,0.14645609164082704,2.5034368271322744
3.412999999999735,-3.2833551552510087,-0.03260427431412543,0.5240787142221874,0.08779747544962715,0.1484062915453124,2.480160298317592
3.413999999999735,-3.2832676175021573,-0.0324548788605308,0.5265472885709044,0.08729956230614576,0.1503484974348495,2.456766063710775
3.414999999999735,-3.283180569824772,-0.032303544947640116,0.5289924072788889,0.08681719889940225,0.1522827540934521,2.4332553191783104
3.415999999999735,-3.283093996888175,-0.032150280612242496,0.5314139542220822,0.08634992199542997,0.1542088471341916,2.409628767571978
3.4169999999997347,-3.2830078838473065,-0.031995094225740206,0.5338118137657367,0.08589723236342435,0.1561263219513901,2.385886704238353
3.4179999999997346,-3.2829222163383767,-0.03183799471210709,0.5361858704250811,0.08545867925907184,0.15803453286271119,2.362029159575037
3.4189999999997345,-3.2828369803971977,-0.031678991709097534,0.538536008678214,0.08503392701880852,0.15993270691510666,2.3380560521336373
3.4199999999997344,-3.2827521623257803,-0.031518095667235554,0.5408621129174005,0.08462278786340867,0.16182000172653543,2.3139673068208704
3.4209999999997343,-3.2826677485404283,-0.03135531789830226,0.5431640674929924,0.08422522450514613,0.16369554566633013,2.2897629217543494
3.421999999999734,-3.282583725426433,-0.031190670592035688,0.5454417568017036,0.08384133553668112,0.1655584599515273,2.2654429927140782
3.422999999999734,-3.2825000792112977,-0.031024166817379798,0.5476950653852224,0.08347133512198368,0.16740786775663896,2.2410077120892296
3.423999999999734,-3.282416795858664,-0.030855820518829853,0.549923878021008,0.08311553350888432,0.16924289581195168,2.2164573561356273
3.424999999999734,-3.2823338610167028,-0.030685646136254813,0.5521280801799685,0.08277422025340642,0.17106367090084695,2.191793870607187
3.4259999999997337,-3.2822512602213614,-0.030513656308861277,0.5543075620949872,0.08244738135457552,0.17287317270279245,2.1670237672243835
3.4269999999997336,-3.2821689788558253,-0.030339862553347134,0.5564622183499427,0.08213522320437772,0.1746715881798408,2.1421490320994447
3.4279999999997335,-3.282087002143567,-0.030164275732740067,0.5585919450914376,0.08183798149766494,0.1764588323175019,2.1171712257085136
3.4289999999997334,-3.282005315048715,-0.0299869070643545,0.5606966400262667,0.08155589270480797,0.17823481393830265,2.092091908225382
3.4299999999997333,-3.2819239023001705,-0.029807767858561682,0.5627762024225357,0.08128919000595514,0.17999943885722963,2.0669126420376758
3.430999999999733,-3.2818427483964188,-0.029626869520783913,0.5648305331124809,0.08103810048958336,0.18175261159177267,2.0416349927795605
3.431999999999733,-3.281761837612619,-0.02944422355228689,0.5668595344958889,0.08080284334533139,0.18349423616895413,2.0162605295918703
3.432999999999733,-3.2816811540091,-0.029259841550474504,0.5688631105435825,0.08058362882435913,0.18522421639100212,1.9907908250519846
3.433999999999733,-3.2816006814405814,-0.029073735209097576,0.5708411668007858,0.08038065778219605,0.18694245579313196,1.9652274550331972
3.4349999999997327,-3.2815204035656267,-0.02888591631860197,0.5727936103903754,0.08019412165658873,0.1886488574397128,1.93957199863586
3.4359999999997326,-3.281440303855944,-0.028696396766727257,0.5747203500161306,0.08002420276522058,0.1903433236474499,1.9138260382604928
3.4369999999997325,-3.2813603656052646,-0.02850518853939909,0.5766212959661405,0.07987107483521266,0.19202575568694977,1.8879911598510501
3.4379999999997324,-3.2812805719376037,-0.028312303721920395,0.5784963601165416,0.0797349036983561,0.19369605349045868,1.8620689533137353
3.4389999999997323,-3.281200905814762,-0.02811775450044696,0.5803454559357606,0.07961584810363946,0.19535411537899822,1.8360610131058235
3.439999999999732,-3.2811213500429686,-0.02792155316372474,0.5821684984894269,0.07951406061247147,0.19699983781338604,1.8099689389850637
3.440999999999732,-3.2810418872786,-0.0277237121050647,0.5839654044461107,0.07942968855270982,0.19863311516860813,1.7837943369103777
3.441999999999732,-3.280962500032919,-0.027524243824533088,0.5857360920840345,0.07936287501578691,0.20025383952831077,1.757538820086847
3.442999999999732,-3.280883170675798,-0.02732316093133909,0.5874804812989003,0.07931375988739024,0.20186190049490596,1.7312040101513064
3.4439999999997317,-3.2808038814384,-0.027120476146406683,0.5891984936129715,0.07928248090673982,0.20345718501036192,1.704791538498576
3.4449999999997316,-3.280724614414784,-0.026916202305122372,0.5908900521855543,0.0792691747528548,0.2050395771828219,1.678303047752138
3.4459999999997315,-3.28064535156241,-0.026710352360255245,0.5925550818250239,0.07927397815858497,0.20660895811454333,1.6517401933867404
3.4469999999997314,-3.2805660747015164,-0.02650293938505011,0.5941935090025536,0.07929702905480278,0.20816520572714764,1.625104645513885
3.4479999999997313,-3.2804867655133356,-0.02629397657649811,0.5958052618677173,0.07933846774814927,0.20970819458075277,1.5983980908444382
3.448999999999731,-3.280407405537115,-0.026083477258792433,0.59739027026615,0.0793984381361941,0.21123779568419396,1.5716222348456461
3.449999999999731,-3.2803279761658994,-0.02587145488697909,0.5989484657594702,0.0794770889638501,0.21275387629422132,1.5447788041126231
3.450999999999731,-3.280248458641039,-0.025657923050814567,0.6004797816476913,0.07957457512438072,0.21425629970230575,1.5178695489768552
3.451999999999731,-3.28016883404537,-0.025442895478843066,0.601984152994369,0.07969105900731523,0.21574492500851447,1.4908962463762971
3.4529999999997307,-3.2800890832950236,-0.025226386042706148,0.6034615166547617,0.07982671189396534,0.21721960688286704,1.4638607030130733
3.4539999999997306,-3.28000918712982,-0.02500840876169659,0.6049118113073021,0.07998171539889708,0.21868019531569718,1.436764758825308
3.4549999999997305,-3.2799291261021946,-0.024788977807566174,0.6063349774887097,0.08015626295248275,0.220126535359873,1.409610290798823
3.4559999999997304,-3.2798488805646304,-0.024568107509593432,0.6077309576330937,0.08035056131532191,0.2215584668693274,1.382399217141687
3.4569999999997303,-3.2797684306555634,-0.024345812359911984,0.6090996961154204,0.0805648321095914,0.22297582424028295,1.3551335018390522
3.45799999999973,-3.279687756283758,-0.024122107019092634,0.6104411392997281,0.08079931334491475,0.22437843616388656,1.3278151595960765
3.45899999999973,-3.2796068371111717,-0.023897006321962254,0.6117552355924785,0.08105426090670077,0.2257661254017609,1.3004462611612766
3.45999999999973,-3.279525652534375,-0.023670525283629406,0.6130419355014076,0.08132994996257707,0.22713870859928897,1.2730289389988951
3.46099999999973,-3.2794441816646227,-0.023442679105669946,0.6143011917001998,0.08162667622693248,0.22849599615530344,1.245565393243287
3.4619999999997297,-3.2793624033067728,-0.02321348318240502,0.6155329590992084,0.0819447570039874,0.22983779217125108,1.2180578978159562
3.4629999999997296,-3.2792802959373115,-0.022982953107178437,0.6167371949222983,0.08228453190544707,0.2311638945077676,1.1905088065095837
3.4639999999997295,-3.279197837681886,-0.02275110467850984,0.6179138587896345,0.08264636310880208,0.23247409498175298,1.1629205587328517
3.4649999999997294,-3.2791150062928756,-0.022517953905964595,0.6190629128058593,0.08303063498580576,0.2337681797421464,1.1352956844499416
3.4659999999997293,-3.2790317791277426,-0.022283517015540714,0.6201843216525292,0.08343775288663641,0.23504592986710054,1.107636807616653
3.466999999999729,-3.278948133129135,-0.022047810454328912,0.6212780526828213,0.08386814081279538,0.23630712222827657,1.0799466470766905
3.467999999999729,-3.2788640448080093,-0.02181085089415584,0.6223440760152544,0.0843222376499558,0.23755153066823126,1.0522280133831778
3.468999999999729,-3.278779490231413,-0.02157265523387646,0.6233823646212858,0.08480049155978284,0.23877892753253385,1.024483799266489
3.469999999999729,-3.2786944450169964,-0.02133324059994506,0.6243928943988413,0.08530335204606468,0.23998908558688467,0.9967169603412124
3.4709999999997287,-3.278608884336872,-0.021092624344874238,0.6253756442196247,0.08583125911381444,0.24118178032797497,0.9689304809024707
3.4719999999997286,-3.2785227829340577,-0.020850824043199098,0.6263305959316354,0.08638462882813293,0.2423567926613742,0.9411273169195253
3.4729999999997285,-3.2784361151555093,-0.020607857484616073,0.6272577342884138,0.08696383444949864,0.24351391186639598,0.9133103039468907
3.4739999999997284,-3.278348855006639,-0.02036374266408113,0.628157046760992,0.08756918217027056,0.2446529386940294,0.8854820105840634
3.4749999999997283,-3.278260976233287,-0.020118497768849802,0.6290285231639076,0.08820088030118567,0.2457736883537118,0.8576445067280415
3.475999999999728,-3.2781724524383415,-0.019872141162724365,0.6298721549876728,0.08885900055561873,0.24687599306921018,0.8297989983071712
3.476999999999728,-3.278083257241704,-0.019624691368066962,0.6306879342702623,0.08954342983244497,0.24795970395914294,0.8019452565146962
3.477999999999728,-3.2779933644940815,-0.01937616704605915,0.6314758517572611,0.09025380867014178,0.2490246855207793,0.7740807444054082
3.478999999999728,-3.2779027487866297,-0.01912658794399641,0.6322358934195661,0.09098903431461276,0.2500690146716316,0.7461977345625688
3.4799999999997278,-3.2778113857636546,-0.018875974772630696,0.6329680350663605,0.09174787442263987,0.2510918277787919,0.7182846620395814
3.4809999999997276,-3.277719252536536,-0.018624348797546857,0.6336722395945873,0.09252901260812837,0.252094534089909,0.6903266367081615
3.4819999999997275,-3.277626327837803,-0.018371729310829917,0.634348453237542,0.09333025945430858,0.2530787960479536,0.6623060819450151
3.4829999999997274,-3.2775325931388117,-0.018118133696161488,0.6349966062334742,0.09414829732087851,0.254046795965591,0.6342100391291067
3.4839999999997273,-3.277438033767993,-0.017863576868887454,0.6356166215096708,0.0949787185684264,0.25500130839982477,0.6060375783920802
3.484999999999727,-3.277342639724343,-0.01760807086696858,0.6362084273698091,0.09581663052952256,0.25594529758728823,0.5777995855719402
3.485999999999727,-3.2772464057742754,-0.01735162494078687,0.6367719660504172,0.0966575029294956,0.25688129585213276,0.5495117404248343
3.486999999999727,-3.2771493308284043,-0.017094246175402387,0.6373071950483912,0.09749769594127992,0.25781101453990185,0.5211881670565954
3.487999999999727,-3.2770514169677187,-0.01683594035742344,0.6378140840873657,0.09833456210949151,0.2587353011774703,0.49283908388645437
3.4889999999997268,-3.276952668483373,-0.016576712792423825,0.6382926112044408,0.09916632517116898,0.2596542793249503,0.4644710395262037
3.4899999999997267,-3.2768530910808003,-0.01631656895017399,0.6387427595661821,0.0999919075119948,0.26056752404747885,0.4360879175127458
3.4909999999997265,-3.276752691257674,-0.016055514938127208,0.6391645152952684,0.1008107752773686,0.261474212117668,0.4076918832682089
3.4919999999997264,-3.276651475812964,-0.015793557653833667,0.6395578662046731,0.10162285041129446,0.26237387801754286,0.37928455368073594
3.4929999999997263,-3.2765494513744904,-0.015530702664960436,0.6399228026827205,0.10242849805901619,0.2632689829227198,0.3508692254484361
3.493999999999726,-3.276446624216395,-0.015266954926700863,0.6402593174576922,0.10322810745920818,0.26415958617388957,0.32244710253662495
3.494999999999726,-3.2763430001170066,-0.01500231882549797,0.6405674041735587,0.10402219046192702,0.2650453751862291,0.29401903036247257
3.495999999999726,-3.276238584308175,-0.014736799364407513,0.6408470572886796,0.10481135483502013,0.2659259587299316,0.2655858072412622
3.496999999999726,-3.276133381379982,-0.014470401964847567,0.6410982720676208,0.10559627007196608,0.2668008968247124,0.23714825603460296
3.4979999999997258,-3.2760273952331347,-0.014203132503136564,0.6413210446282921,0.10637764050382224,0.26766972403520684,0.20870726524309516
3.4989999999997257,-3.27592062905519,-0.013934997326587182,0.6415153720194172,0.10715618423469406,0.2685319672015592,0.18026380999375802
3.4999999999997256,-3.2758130853153746,-0.013666003254222589,0.6416812523119823,0.10793261681254554,0.26938715862602164,0.15181895996253905
3.5009999999997254,-3.2757047657737086,-0.013396157566200984,0.6418186846941336,0.10870763878936521,0.2702348456254513,0.1233738789996042
3.5019999999997253,-3.275595671500913,-0.013125467985188067,0.6419276695629501,0.10948192648284978,0.2710745972201642,0.094929819692424
3.5029999999997252,-3.2754858029061857,-0.012853942652212865,0.6420082086091933,0.11025612536381026,0.27190600859372915,0.06648811505515864
3.503999999999725,-3.2753751597704808,-0.012581590098968466,0.6420603048929454,0.11103084558017028,0.27272870383809655,0.038050168810993844
3.504999999999725,-3.275263741283369,-0.0123084192180569,0.6420839629092444,0.11180665920046418,0.2735423373967378,0.00961744523302429
3.505999999999725,-3.2751515460819722,-0.012034439231660476,0.6420791886467535,0.11258409863441698,0.2743465982063351,-0.018808510995514265
3.506999999999725,-3.275038572292183,-0.011759659632349494,0.6420459898208866,0.11336365407208401,0.2751412518882962,-0.04722573975407482
3.5079999999997247,-3.2749248175698713,-0.011484090125320092,0.6419843762710352,0.11414577470555444,0.2759261212709938,-0.07563202737102283
3.5089999999997246,-3.27481027914129,-0.011207740573743274,0.6418943600630032,0.1149308712307421,0.27670105727457117,-0.10402514232709394
3.5099999999997245,-3.2746949538406067,-0.010930620976010896,0.6417759554970753,0.11571931747036619,0.2774659367934869,-0.1324028484992485
3.5109999999997243,-3.274578838145827,-0.010652741441263658,0.6416291791094442,0.11651145225851091,0.27822066120277555,-0.16076291137314228
3.5119999999997242,-3.274461928212763,-0.010374112165681822,0.6414540496678361,0.11730758151827762,0.2789651547985637,-0.18910310343924608
3.512999999999724,-3.274344219906866,-0.010094743410347953,0.6412505881621237,0.11810798044977283,0.279699363223433,-0.21742120883891655
3.513999999999724,-3.2742257088328364,-0.00981464548067728,0.6410188177906353,0.11891289576482161,0.2804232519130653,-0.24571502733321224
3.514999999999724,-3.2741063903619967,-0.009533828707380631,0.6407587639428053,0.11972254792038514,0.28113680458965773,-0.2739823776681387
3.515999999999724,-3.27398625965745,-0.009252303428903782,0.6404704541787296,0.12053713331519907,0.2818400218192051,-0.30222110040741
3.5169999999997237,-3.273865311697064,-0.008970079975273416,0.6401539182061279,0.12135682642410874,0.2825329196433837,-0.3304290602991893
3.5179999999997236,-3.2737435412943636,-0.008687168653271609,0.6398091878551454,0.12218178185238242,0.28321552829200136,-0.3586041482376179
3.5189999999997235,-3.273620943117412,-0.008403579732856733,0.6394362970513737,0.12301213629831254,0.28388789097844863,-0.3867442828739266
3.5199999999997234,-3.273497511705777,-0.008119323434747592,0.6390352817874146,0.12384801041698873,0.2845500627780148,-0.4148474119259738
3.5209999999997232,-3.2733732414856873,-0.007834409919088701,0.6386061800932669,0.12468951058151942,0.2852021095870941,-0.44291151322943645
3.521999999999723,-3.273248126783474,-0.007548849275117365,0.638149032005775,0.12553673054041767,0.2858441071600147,-0.4709345955687431
3.522999999999723,-3.2731221618374136,-0.007262651511756871,0.6376638795373432,0.12638975297153754,0.2864761402193404,-0.4989146993212593
3.523999999999723,-3.2729953408080608,-0.006975826549064672,0.6371507666440858,0.12724865093399895,0.28709830163489786,-0.5268498969442409
3.524999999999723,-3.272867657787186,-0.006688384210469334,0.636609739193559,0.12811348922008942,0.28771069166638524,-0.5547382933306485
3.5259999999997227,-3.2727391068054037,-0.0064003342157353755,0.6360408449321916,0.12898432560927198,0.2883134172641442,-0.5825780260570549
3.5269999999997226,-3.2726096818386017,-0.006111686174600604,0.6354441334525137,0.12986121202622908,0.2889065914224605,-0.6103672655445246
3.5279999999997225,-3.2724793768132523,-0.005822449581036344,0.6348196561602599,0.13074419560438041,0.28949033257955226,-0.6381042151514832
3.5289999999997224,-3.2723481856107144,-0.005532633808086885,0.6341674662414062,0.13163331965556405,0.29006476405815657,-0.6657871112161652
3.5299999999997222,-3.2722161020706064,-0.005242248103250732,0.6334876186291827,0.1325286245455833,0.29063001354029167,-0.6934142230652077
3.530999999999722,-3.272083119993358,-0.0049513015843729085,0.6327801699710882,0.1334301484741061,0.2911862125693077,-0.7209838530043045
3.531999999999722,-3.2719492331420237,-0.00465980323602473,0.6320451785959162,0.1343379281559559,0.2917334960716983,-0.7484943363065073
3.532999999999722,-3.271814435243472,-0.00436776190635542,0.6312827044807879,0.13525199939914787,0.29227200189027197,-0.7759440412137413
3.533999999999722,-3.2716787199890494,-0.004075186304408923,0.6304928092181699,0.13617239757307736,0.2928018703191218,-0.8033313689673309
3.5349999999997217,-3.2715420810348346,-0.0037820849979095243,0.6296755559828403,0.1370991579580462,0.2933232436293099,-0.8306547538838018
3.5359999999997216,-3.2714045120016064,-0.0034884664115319547,0.62883100949875,0.13803231596478047,0.29383626557222475,-0.8579126634928588
3.5369999999997215,-3.271266006474665,-0.0031943388256858835,0.6279592360057067,0.13897190720973016,0.29434108084508076,-0.8851035987552163
3.5379999999997214,-3.2711265580036564,-0.0028997103758617473,0.6270603032257936,0.13991796742871593,0.2948378344999096,-0.9122260943787905
3.5389999999997213,-3.2709861601025736,-0.0026045890526053966,0.6261342803294156,0.14087053220788534,0.29532667127353474,-0.9392787192525827
3.539999999999721,-3.2708448062501283,-0.0023089827022138186,0.6251812379008433,0.1418296365069594,0.29580773481132316,-0.9662600770182815
3.540999999999721,-3.270702489890713,-0.002012899028274153,0.6242012479031087,0.142795313945429,0.29628116675190097,-0.9931688068000633
3.541999999999721,-3.2705592044362177,-0.0017163455942041936,0.6231943836420831,0.14376759581780232,0.29674710563350315,-1.0200035841130983
3.542999999999721,-3.270414943268973,-0.0014193298269954892,0.6221607197295494,0.1447465097994335,0.2972056855753607,-1.0467631219706826
3.5439999999997207,-3.270269699746166,-0.001121859022410479,0.6211003320450595,0.14573207830030482,0.2976570346799651,-1.0734461722084379
3.5449999999997206,-3.2701234672061,-0.0008239403519427334,0.6200132976963524,0.146724316421162,0.2981012730951762,-1.1000515270413642
3.5459999999997205,-3.269976238976707,-0.0005255808719126787,0.6188996949780939,0.14772322946594316,0.2985385106708706,-1.1265780208653307
3.5469999999997204,-3.2698280083867965,-0.00022678753513597443,0.6177596033286906,0.14872880996872373,0.29896884414662,-1.1530245323084878
3.5479999999997203,-3.269678768780527,7.243279434089421e-05,0.6165931032849268,0.14974103420599819,0.29939235382064744,-1.1793899865297832
3.54899999999972,-3.269528513535624,0.00037207332290973427,0.6154002764341859,0.15075985819157262,0.29980909968561226,-1.205673357751139
3.54999999999972,-3.2693772360858397,0.0006721273049652733,0.6141812053640325,0.15178521319970642,0.30021911708820553,-1.231873671997273
3.55099999999972,-3.2692249299480727,0.0009725880159732383,0.6129359736089665,0.15281700094318593,0.300622412097419,-1.2579900100037245
3.55199999999972,-3.2690715887543678,0.0012734487209335199,0.6116646655942063,0.15385508865901806,0.30101895697503184,-1.2840215102416257
3.5529999999997197,-3.268917206288691,0.0015747026386714515,0.6103673665764139,0.1548993045348837,0.3014086864517979,-1.3099673720001799
3.5539999999997196,-3.2687617765278194,0.0018763429032900823,0.6090441625813328,0.15594943414101856,0.30179149592046967,-1.3358268584667625
3.5549999999997195,-3.2686052936849004,0.0021783625254429683,0.6076951403383716,0.15700521878066928,0.30216724309638826,-1.3615992997459463
3.5559999999997194,-3.2684477522532416,0.002480754357788792,0.6063203872122287,0.1580663568498351,0.30253575498717505,-1.387284095742877
3.5569999999997193,-3.268289147046792,0.0027835110707616255,0.6049199911317582,0.1591325092498401,0.30289684182513693,-1.412880718758053
3.557999999999719,-3.2681294732329573,0.0030866251459561586,0.6034940405165221,0.16020330943835565,0.3032503185364059,-1.438388715433935
3.558999999999719,-3.2679687263532493,0.003390088893975949,0.6020426242020072,0.1612783777354976,0.3035960321223194,-1.463807707319129
3.559999999999719,-3.267806902328269,0.00369389450058097,0.60056583136545,0.1623573381879341,0.3039338904070271,-1.4891373888923232
3.560999999999719,-3.267643997446032,0.003998034097377007,0.5990637514509793,0.16343983456131458,0.30426388056435494,-1.5143775384446423
3.5619999999997187,-3.2674800083362565,0.004302499841156112,0.5975364740670667,0.16452554230422053,0.3045860694843843,-1.5395280446926376
3.5629999999997186,-3.267314931933364,0.004607284000157325,0.5959840889045089,0.1656141781057345,0.30490061148484365,-1.5645888452585628
3.5639999999997185,-3.2671487654338955,0.004912379031944318,0.5944066857059229,0.16670550232537376,0.30520773181316846,-1.5895598955327315
3.5649999999997184,-3.266981506253514,0.005217777642416353,0.5928043542583965,0.1677993164089255,0.30550769807747147,-1.6144411479402405
3.5659999999997183,-3.2668131519882038,0.005523472813580083,0.5911771844060695,0.16889545769361608,0.30580079008287564,-1.639232533257013
3.566999999999718,-3.2666437003812185,0.0058294578027720196,0.5895252660794417,0.16999379341402077,0.3060872740118786,-1.6639339460901943
3.567999999999718,-3.266473149295984,0.006135726119382012,0.5878486893367147,0.17109421504938602,0.306367384043248,-1.6885452353645458
3.568999999999718,-3.266301496694325,0.006442271486950898,0.586147544412236,0.17219663346838926,0.30664131181538395,-1.713066199512329
3.569999999999718,-3.2661287406191684,0.006749087798044068,0.5844219217677986,0.17330097487907312,0.306909202467814,-1.7374965853744488
3.5709999999997177,-3.265954879180977,0.0070561690676423285,0.5826719121436921,0.17440717739786699,0.30717115538050677,-1.7618360895975629
3.5719999999997176,-3.2657799105474026,0.007363509388876922,0.5808976066075858,0.1755151880240311,0.30742722781570464,-1.786084361402453
3.5729999999997175,-3.2656038329358195,0.007671102893293048,0.5790990966003406,0.17662495985177185,0.3076774400624469,-1.8102410058320233
3.5739999999997174,-3.2654266446085773,0.007978943716633272,0.5772764739786067,0.1777364494130354,0.30792178113111535,-1.8343055868436888
3.5749999999997173,-3.265248343870864,0.008287025970368022,0.5754298310545881,0.1788496140937977,0.3081602144219318,-1.8582776298311718
3.575999999999717,-3.2650689290711203,0.008595343718767846,0.5735592606336797,0.17996440959946453,0.30839268306404155,-1.8821566233268265
3.576999999999717,-3.264888398603974,0.008903890961106132,0.5716648560508706,0.18108078746321682,0.3086191147998904,-1.9059420197509926
3.577999999999717,-3.2647067509156367,0.0092126616185159,0.5697467112069013,0.18219869259941313,0.30883942639594425,-1.929633235150793
3.578999999999717,-3.2645239845117233,0.009521649525039201,0.5678049206051927,0.1833180609066654,0.30905352761810206,-1.9532296479193392
3.5799999999997167,-3.2643400979674464,0.00983084842246234,0.5658395793905565,0.18443881692495603,0.309261324836198,-1.9767305965177084
3.5809999999997166,-3.2641550899401195,0.010140251958600357,0.5638507833906659,0.18556087155011367,0.3094627243290886,-2.0001353762441103
3.5819999999997165,-3.2639689591839187,0.01044985368876489,0.5618386291612067,0.18668411980829372,0.30965763535785845,-2.023443235113098
3.5829999999997164,-3.2637817045668394,0.010759647080212764,0.5598032140355625,0.18780843869351888,0.30984597306433853,-2.046653368926747
3.5839999999997163,-3.26359332508978,0.011069625519423117,0.5577446361797886,0.18893368507323546,0.3100276612379823,-2.0697649156426388
3.584999999999716,-3.263403819907684,0.011379782322085866,0.5556629946535161,0.19005969367049844,0.31020263497741785,-2.0927769491728854
3.585999999999716,-3.263213188352653,0.011690110745701438,0.5535583894772711,0.19118627513698505,0.3103708432541255,-2.1156884727863825
3.586999999999716,-3.2630214299589357,0.012000604004688754,0.551430921706501,0.19231321423866451,0.3105322513646992,-2.138498412334719
3.587999999999716,-3.2628285444896585,0.012311255287873532,0.5492806935123488,0.19344026818564664,0.31068684323491774,-2.161205609581697
3.5889999999997158,-3.2626345319651358,0.012622057778179624,0.5471078082689033,0.1945671651493993,0.3108346235133548,-2.1838088159872924
3.5899999999997156,-3.262439392692547,0.012933004674270238,0.5449123706462621,0.19569360302386346,0.3109756193647956,-2.206306687377697
3.5909999999997155,-3.2622431272966996,0.013244089213782076,0.5426944867082687,0.1968192485014068,0.31110988184517857,-2.22869778002012
3.5919999999997154,-3.262045736751521,0.013555304697663063,0.5404542640132243,0.1979437365490376,0.3112374867118228,-2.2509805487076453
3.5929999999997153,-3.2618472224118373,0.01386664451496574,0.5381918117152276,0.19906667038331446,0.31135853449810386,-2.2731533475351418
3.593999999999715,-3.261647586044874,0.014178102167268333,0.5359072406630905,0.20018762205182364,0.31147314966445677,-2.2952144340971814
3.594999999999715,-3.261446829860836,0.014489671291704262,0.5336006634930363,0.20130613373225234,0.31158147863280644,-2.3171619778441737
3.595999999999715,-3.261244956541776,0.01480134568139347,0.5312721947106764,0.20242171985385837,0.31168368652529965,-2.3389940732714503
3.596999999999715,-3.2610419692679034,0.015113119301907297,0.5289219507571543,0.20353387012736507,0.3117799524667095,-2.3607087584657442
3.5979999999997148,-3.260837871740382,0.015424986302289919,0.526550050053938,0.20464205353540968,0.31187046337808233,-2.38230403927672
3.5989999999997146,-3.260632668199663,0.015736941019134296,0.5241566130206531,0.20574572328545873,0.31195540628912877,-2.4037779190111603
3.5999999999997145,-3.260426363438407,0.016048977972300114,0.5217417620606776,0.20684432266172398,0.31203495932559333,-2.4251284330751277
3.6009999999997144,-3.2602189628081746,0.016361091851089433,0.5193056215100613,0.20793729163633484,0.31210928167586743,-2.4463536874495966
3.6019999999997143,-3.2600104722192103,0.01667327749007456,0.5168483175467237,0.20902407402052534,0.31217850299174726,-2.467451899337791
3.602999999999714,-3.259800898132939,0.01698552983429356,0.514369978058792,0.21010412486443858,0.3122427128089283,-2.48842143784866
3.603999999999714,-3.259590247547078,0.01729784389416002,0.5118707324732514,0.21117691776124875,0.312301950658628,-2.50926086226954
3.604999999999714,-3.259378527973653,0.01761021469111905,0.5093507115485808,0.21224195168851437,0.3123561975607161,-2.5299689554100073
3.605999999999714,-3.2591657474105418,0.017922637195747486,0.5068100471374867,0.2132987570340942,0.31240536952801395,-2.5505447497137808
3.6069999999997138,-3.2589519143075343,0.018235106260562624,0.5042488719279216,0.2143469005066759,0.31244931357183847,-2.5709875443329415
3.6079999999997137,-3.2587370375281166,0.01854761655019849,0.5016673191720326,0.21538598871619963,0.3124878064965114,-2.5912969120812988
3.6089999999997135,-3.2585211263083855,0.018860162471782314,0.499065522413353,0.21641567031544443,0.3125205565341461,-2.6114726960293293
3.6099999999997134,-3.2583041902145324,0.019172738108278912,0.4964436152223588,0.21743563670557764,0.31254720763561067,-2.631514996347329
3.6109999999997133,-3.2580862391002943,0.019485337157284777,0.49380173094952795,0.21844562141028276,0.31256734603257613,-2.651424148727512
3.611999999999713,-3.257867283065612,0.019797952877293887,0.49114000250343426,0.21944539830302895,0.31258050854363767,-2.6712006962320056
3.612999999999713,-3.2576473324175375,0.020110578042889335,0.48845856215940364,0.2204347789231408,0.31258619202635035,-2.690845356679852
3.613999999999713,-3.2574263976341724,0.020423204909709874,0.4857575414021197,0.22141360913726135,0.3125838633749769,-2.710358987707245
3.614999999999713,-3.2572044893321643,0.020735825189462393,0.4830370708035067,0.2223817653970511,0.3125729695185817,-2.7297425514536235
3.6159999999997128,-3.2569816182380613,0.021048430034748662,0.48029727993541776,0.22333915081806677,0.3125529469676417,-2.748997080505347
3.6169999999997127,-3.256757795163594,0.02136101003307681,0.4775382973152166,0.2242856912663845,0.3125232305701623,-2.768123646336719
3.6179999999997126,-3.2565330309848135,0.021673555209145465,0.47476025038130476,0.22522133159589056,0.31248326125339093,-2.7871233310848877
3.6189999999997124,-3.2563073366248774,0.021986055034317463,0.4719632654949987,0.22614603213602172,0.3124324926320935,-2.8059972031251195
3.6199999999997123,-3.2560807230401956,0.02229849844212549,0.46914746796485424,0.2270597654910112,0.312370396451499,-2.8247462966029757
3.6209999999997122,-3.2558532012096144,0.02261087384865522,0.46631298208950756,0.22796251367951953,0.31229646689938106,-2.8433715948413756
3.621999999999712,-3.255624782126287,0.022923169176710372,0.4634599312152695,0.228854265618601,0.31221022386763786,-2.8618740173728816
3.622999999999712,-3.2553954767918976,0.02323537188276025,0.4605884378050201,0.2297350149379707,0.3121112152715657,-2.8802544102429057
3.623999999999712,-3.255165296212913,0.023547468985786378,0.45769862351533314,0.23060475809860706,0.3119990185482355,-2.8985135391762156
3.624999999999712,-3.2549342513985837,0.02385944709726852,0.4547906092791784,0.23146349278270795,0.31187324145763284,-2.916652085184562
3.6259999999997117,-3.254702353360427,0.024171292451672207,0.4518645153919678,0.23231121651863523,0.3117335223053319,-2.9346706422033395
3.6269999999997116,-3.2544696131131037,0.024482990937361098,0.4489204616007726,0.2331479252211591,0.3115795308281738,-2.9525697099580372
3.6279999999997115,-3.2542360416769713,0.02479452812946115,0.4459585672084639,0.23397361145177328,0.311410970522519,-2.970349677848427
3.6289999999997113,-3.2540016500812783,0.025105889318522923,0.4429789511694128,0.2347882647097949,0.3112275616150751,-2.98801088833627
3.6299999999997112,-3.25376644936589,0.025417059457405942,0.4399817319427528,0.23559187370740275,0.3110289204520832,-3.005554041999102
3.630999999999711,-3.253530450584382,0.025728023112646117,0.4369670271750015,0.2363844235659517,0.31081462247185837,-3.022979981372777
3.631999999999711,-3.253293664807709,0.02603876442658179,0.4339349537150802,0.2371658932738027,0.31058427178492665,-3.0402894551653135
3.632999999999711,-3.2530561031310863,0.026349267158451102,0.4308856277104177,0.2379362551131595,0.3103375007722247,-3.0574831185954956
3.633999999999711,-3.252817776681016,0.026659514713230224,0.4278191646978576,0.2386954741282525,0.3100739682281867,-3.0745615385350615
3.6349999999997107,-3.2525786966227974,0.02696949016712487,0.4247356796895025,0.23944350758212618,0.3097933575181437,-3.091525198478457
3.6359999999997106,-3.252338874168591,0.027279176291229917,0.4216352872537008,0.24018030438963647,0.3094953747590456,-3.1083745032827776
3.6369999999997105,-3.25209832058606,0.027588555573383244,0.4185181015914251,0.24090580451736837,0.30917974702842593,-3.125109783637388
3.6379999999997104,-3.2518570472076407,0.027897610238243574,0.415384236608328,0.24161993834431267,0.30884622060390937,-3.141731300236406
3.6389999999997102,-3.2516150654404603,0.028206322265623467,0.4122338059827811,0.2423226259804714,0.3084945592343317,-3.1582392476387575
3.63999999999971,-3.2513723867769695,0.028514673407109743,0.4090669232302122,0.24301377654428563,0.308124542443672,-3.174633757810798
3.64099999999971,-3.251129022806307,0.02882264520100542,0.4058837017640576,0.243693287404105,0.30773596387053154,-3.1909149033564805
3.64199999999971,-3.2508849852264374,0.029130218985631458,0.4026842549536336,0.24436104339406436,0.30732862964892593,-3.2070827004506315
3.64299999999971,-3.2506402858570853,0.0294373759110344,0.39946869617921305,0.2450169160209017,0.30690235684081235,-3.223137111502958
3.6439999999997097,-3.2503949366534473,0.029744096949159683,0.39623713888455536,0.24566076268561576,0.30645697193719174,-3.2390780475947336
3.6449999999997096,-3.250148949720667,0.03005036290257107,0.3929896966270896,0.24629242595249895,0.30599230945287903,-3.25490537074735
3.6459999999997095,-3.2499023373290004,0.030356154411826715,0.38972648312588093,0.24691173290791463,0.30550821065007333,-3.2706188961023357
3.6469999999997094,-3.24965511192955,0.03066145196166301,0.38644761230741953,0.24751849466188316,0.30500452243736703,-3.286218394115794
3.6479999999997093,-3.2494072861704035,0.030966235886190206,0.38315319834915557,0.2481125060563786,0.3044810965030771,-3.3017035928952443
3.648999999999709,-3.249158872912928,0.031270486373368385,0.3798433557205635,0.24869354565399127,0.30393778875343125,-3.317074180830994
3.649999999999709,-3.2489098852479,0.0315741834691076,0.37651819922135704,0.2492613760874358,0.3033744591350953,-3.332329809693115
3.650999999999709,-3.2486603365110747,0.031877307081417464,0.37317784401630005,0.2498157448518023,0.3027909719248209,-3.347470098372403
3.651999999999709,-3.248410240297707,0.032179836985111884,0.36982240566588354,0.2503563856145066,0.30218719656291854,-3.362494637431154
3.6529999999997087,-3.248159610475482,0.03248175282764258,0.366452000151993,0.250883020099593,0.3015630090878074,-3.3774029945879263
3.6539999999997086,-3.2479084611952667,0.03278303413667541,0.3630667438976002,0.25139536057109924,0.300918294192665,-3.392194721181581
3.6549999999997085,-3.2476568068990854,0.03308366033001862,0.3596667537795266,0.25189311289411237,0.3002529478707943,-3.406869359539858
3.6559999999997084,-3.2474046623247816,0.03338361072844517,0.3562521471334747,0.25237598009439915,0.2995668805460017,-3.421426451020995
3.6569999999997083,-3.247152042506935,0.03368286457180896,0.3528230417508441,0.2528436662743485,0.2988600205053411,-3.435865544319605
3.657999999999708,-3.246898962773767,0.033981401038634444,0.3493795558673444,0.25329588068441233,0.29813231737671214,-3.4501862034593715
3.658999999999708,-3.2466454387400017,0.03427919926907404,0.34592180814406,0.25373234170750486,0.2973837453395045,-3.4643880147740873
3.659999999999708,-3.2463914862958942,0.034576238390804266,0.34244991764234634,0.2541527805004575,0.29661430573933045,-3.478470592145071
3.660999999999708,-3.246137121592884,0.034872497547115286,0.33896400379463876,0.2545569440587169,0.29582402880927666,-3.492433579845387
3.6619999999997077,-3.2458823610265455,0.03516795592618737,0.335464186373811,0.2549445975275587,0.2950129742813087,-3.50627665254378
3.6629999999997076,-3.245627221217641,0.035462592790387854,0.3319505854640272,0.2553155256661312,0.29418123079132363,-3.519999512317487
3.6639999999997075,-3.245371718992126,0.03575638750439198,0.32842332143601327,0.2556695334640173,0.2933289141181868,-3.5336018828602143
3.6649999999997074,-3.245115871360928,0.03604931956103486,0.32488251492932524,0.2560064459958839,0.2924561644245896,-3.547083501384149
3.6659999999997073,-3.244859695500183,0.036341368604018584,0.32132828684357234,0.2563261076633494,0.2915631427624471,-3.560444108944131
3.666999999999707,-3.2446032087324608,0.03663251444688894,0.31776075833975603,0.2566283810063803,0.29065002715390614,-3.5736834400223354
3.667999999999707,-3.2443464285093144,0.03692273708801091,0.314180050852047,0.2569131452691963,0.289717008558968,-3.586801212197651
3.668999999999707,-3.244089372395323,0.037212016721566744,0.3105862861095484,0.257180294884076,0.288764287000844,-3.599797116607169
3.669999999999707,-3.243832058053635,0.037500333744841935,0.306979586166974,0.25742973800018754,0.28779206805520297,-3.612670809725973
3.6709999999997067,-3.243574503232933,0.037787668762234584,0.30336007344274407,0.2576613951433193,0.28680055983529656,-3.625421906787241
3.6719999999997066,-3.243316725755646,0.03807400258652078,0.29972787076278024,0.2578751980537664,0.28578997053468636,-3.638049976972293
3.6729999999997065,-3.2430587435072376,0.038359316237941,0.2960831014082316,0.2580710887182224,0.28476050653138435,-3.650554540342205
3.6739999999997064,-3.242800574426364,0.03864359094165369,0.29242588916545387,0.2582490185890779,0.2837123710153314,-3.6629350663689406
3.6749999999997063,-3.2425422364957304,0.03892680812405041,0.2887563583767444,0.258408947970689,0.2826457630752098,-3.675190973854514
3.675999999999706,-3.242283747733487,0.03920894940835498,0.2850746339905643,0.25855084554542823,0.2815608771682413,-3.687321631995046
3.676999999999706,-3.242025126185045,0.039489996609851266,0.28138084161022775,0.25867468801073695,0.28045790289451245,-3.699326362343516
3.677999999999706,-3.241766389915207,0.03976993173100678,0.2776751075402755,0.2587804598001054,0.2793370250020822,-3.711204441441119
3.678999999999706,-3.241507557000545,0.04004873695669014,0.2739575588299692,0.25886815286441806,0.27819842355776664,-3.7229551039142184
3.6799999999997057,-3.2412486455219804,0.04032639464961958,0.27022832331352825,0.25893776649431693,0.27704227422883676,-3.734577545865773
3.6809999999997056,-3.240989673557517,0.04060288734613062,0.2664875296468875,0.2589893071684568,0.2758687486314044,-3.746070928422418
3.6819999999997055,-3.2407306591751284,0.040878197752311496,0.2627353073408761,0.2590227884163452,0.274678014711082,-3.7574343813284767
3.6829999999997054,-3.240471620425767,0.04115230874052492,0.2589717867908144,0.25903823068769627,0.2734702371300994,-3.768667006504646
3.6839999999997053,-3.240212575336516,0.04142520334631274,0.2551970993025958,0.25903566122283306,0.27224557764227864,-3.7797678815114213
3.684999999999705,-3.239953541903858,0.0416968647656644,0.2514113771153704,0.2590151139206855,0.27100419544311405,-3.7907360628755224
3.685999999999705,-3.2396945380870896,0.04196727635261978,0.24761475342098288,0.25897662920243003,0.26974624748680603,-3.801570589251999
3.686999999999705,-3.2394355818018647,0.0422364216171708,0.24380736238033757,0.2589202538698851,0.2684718887656238,-3.812270484405839
3.687999999999705,-3.239176690913891,0.042504284223422804,0.23998933913687562,0.2588460409585118,0.2671812725496043,-3.8228347600052954
3.6889999999997047,-3.2389178832327676,0.04277084798797587,0.23616081982735382,0.2587540495853419,0.265874550586507,-3.833262418225318
3.6899999999997046,-3.238659176505986,0.043036096878486696,0.23232194159011402,0.25864434479243836,0.26455187326328966,-3.843552454163863
3.6909999999997045,-3.23840058841308,0.043300015012373815,0.22847284257102732,0.25851699738663847,0.2632133897312791,-3.8537038580768805
3.6919999999997044,-3.2381421365599454,0.043562586655630876,0.22461366192729085,0.2583720837763772,0.2618592479977894,-3.863715617439754
3.6929999999997043,-3.2378838384733193,0.043823796221716116,0.22074453982924616,0.2582096858063735,0.260489594987273,-3.8735867188441344
3.693999999999704,-3.237625711595428,0.04408362827048909,0.21686561746037905,0.2580298905909064,0.2591045765752439,-3.8833161497397373
3.694999999999704,-3.237367773278799,0.044342067507169104,0.2129770370156511,0.25783279034633066,0.2577043375982414,-3.8929029000308435
3.695999999999704,-3.2371100407812445,0.044599098781292944,0.2090789416983033,0.2576184822233912,0.256289021843039,-3.9023459635371482
3.696999999999704,-3.236852531261011,0.04485470708565273,0.20517147571526262,0.2573870681398067,0.2548587720181843,-3.9116443393282974
3.6979999999997037,-3.2365952617720923,0.04510887755519765,0.20125478427127372,0.25713865461350505,0.2534137297107976,-3.92079703294102
3.6989999999997036,-3.236338249259717,0.04536159546588635,0.19732901356186838,0.2568733525968123,0.2519540353313744,-3.9298030574872556
3.6999999999997035,-3.2360815105559917,0.04561284623347908,0.19339431076527822,0.2565912773118285,0.25047982804914676,-3.9386614346611273
3.7009999999997034,-3.235825062375717,0.045862615412261554,0.18945082403338778,0.2562925480871601,0.24899124572036263,-3.947371195652056
3.7019999999997033,-3.2355689213123595,0.04611088869369435,0.1854987024818188,0.25597728819613075,0.2474884248116474,-3.9559313819707476
3.702999999999703,-3.2353131038341867,0.04635765190498413,0.1815380961792292,0.25564562469655006,0.24597150032042525,-3.9643410461942628
3.703999999999703,-3.2350576262805637,0.046602891007574455,0.17756915613590524,0.2552976882720903,0.24444060569419565,-3.9725992526358596
3.704999999999703,-3.234802504858405,0.046846592095556056,0.1735920342917191,0.2549336130752976,0.2428958727502883,-3.9807050779448296
3.705999999999703,-3.234547755638783,0.04708874139399764,0.16960688350351968,0.25455353657225044,0.24133743159755738,-3.9886576116411114
3.7069999999997028,-3.2342933945536934,0.04732932525719994,0.16561385753201963,0.2541575993888702,0.2397654105613214,-3.996455956589054
3.7079999999997026,-3.2340394373929677,0.047568330166876796,0.16161311102823708,0.2537459451588862,0.23817993611271088,-4.0040992294143365
3.7089999999997025,-3.233785899801344,0.04780574273026817,0.15760479951954762,0.25331872037346115,0.23658113280345097,-4.011586560867723
3.7099999999997024,-3.2335327972756813,0.04804154967819112,0.15358907939539748,0.2528760742324897,0.2349691232069781,-4.018917096139022
3.7109999999997023,-3.233280145162328,0.04827573786303525,0.14956610789272642,0.25241815849759336,0.23334402786667158,-4.026089995124355
3.711999999999702,-3.2330279586546298,0.04850829425671036,0.14553604308114543,0.25194512734684643,0.2317059652518685,-4.033104432649601
3.712999999999702,-3.2327762527905843,0.04873920594855415,0.14149904384791173,0.2514571372312841,0.23005505172222643,-4.039959598652672
3.713999999999702,-3.232525042450643,0.048968460143208645,0.13745526988274123,0.2509543467332573,0.22839140150089898,-4.046654698327068
3.714999999999702,-3.2322743423556446,0.0491960441584744,0.1334048816624956,0.2504369164267161,0.22671512665689877,-4.053188952229034
3.7159999999997018,-3.232024167064899,0.04942194542315172,0.12934804043577947,0.2499050087395197,0.22502633709693415,-4.059561596350442
3.7169999999997017,-3.2317745309743935,0.049646151474878615,0.12528490820748128,0.24935878781788487,0.22332514056692582,-4.06577188215945
3.7179999999997015,-3.231525448315148,0.04986864995797507,0.12121564772328848,0.24879841939310238,0.22161164266333375,-4.07181907661083
3.7189999999997014,-3.2312769331516913,0.05008942862130362,0.11714042245420687,0.248224070650662,0.21988594685435264,-4.077702462127791
3.7199999999997013,-3.231028999380673,0.050308475316156065,0.11305939658111173,0.24763591010194047,0.21814815451096858,-4.083421336557028
3.720999999999701,-3.2307816607296003,0.050525777994176055,0.1089727349793565,0.24703410745861681,0.21639836494780637,-4.088975013098653
3.721999999999701,-3.230534930755698,0.050741324705327474,0.1048806032034634,0.24641883350998797,0.21463667547364038,-4.094362820212601
3.722999999999701,-3.2302888228448934,0.05095510359591799,0.10078316747191882,0.24579026000336535,0.21286318145138716,-4.099584101503046
3.723999999999701,-3.2300433502109143,0.051167102906687294,0.09668059465209454,0.2451485595277363,0.211077976367349,-4.104638215582313
3.7249999999997008,-3.2297985258945046,0.05137731097096906,0.09257305224531483,0.24449390540087831,0.20928115190943183,-4.109524535915733
3.7259999999997007,-3.2295543627627517,0.05158571621293549,0.08846070837208744,0.24382647156011347,0.20747279805401944,-4.114242450648824
3.7269999999997006,-3.229310873508518,0.05179230714593292,0.08434373175751587,0.24314643245688905,0.2056530031611482,-4.118791362418188
3.7279999999997004,-3.229068070649979,0.05199707237091653,0.08022229171690812,0.24245396295536664,0.20382185407759218,-4.123170688147418
3.7289999999997003,-3.228825966530258,0.052200000574991995,0.0760965581415966,0.2417492382351963,0.20197943624743858,-4.127379858829341
3.7299999999997,-3.228584573317161,0.05240108053007119,0.07196670148498209,0.2410324336986445,0.20012583382970667,-4.131418319295839
3.7309999999997,-3.228343903002993,0.05260030109164891,0.06783289274881345,0.24030372488223506,0.19826112982253982,-4.135285527976482
3.7319999999997,-3.2281039674044716,0.05279765119770678,0.06369530346971392,0.23956328737305185,0.19638540619348116,-4.13898095664719
3.7329999999997,-3.2278647781627114,0.05299311986775034,0.05955410570596312,0.2388112967298387,0.19449874401532619,-4.142504090170075
3.7339999999997,-3.227626346743294,0.05318669620198452,0.055409472024543244,0.23804792840901873,0.19260122360703297,-4.145854426225604
3.7349999999996997,-3.2273886844364013,0.053378369380632305,0.05126157548845635,0.2372733576957405,0.1906929246791599,-4.149031475038212
3.7359999999996996,-3.2271518023570227,0.05356812866340093,0.0471105896443189,0.2364877596400423,0.1887739264832939,-4.152034759096415
3.7369999999996995,-3.226915711445216,0.05375596338909923,0.0429566885102385,0.23569130899820945,0.18684430796492663,-4.154863812868486
3.7379999999996993,-3.2266804224664325,0.05394186297540935,0.0388000465639767,0.2348841801793834,0.18490414791923462,-4.157518182514713
3.7389999999996992,-3.226445946011885,0.054125816918815524,0.0346408387314009,0.23406654719746253,0.1829535251492194,-4.1599974255972025
3.739999999999699,-3.2262122924989667,0.05430781479469184,0.030479240375227146,0.23323858362831912,0.18099251862566468,-4.162301110788202
3.740999999999699,-3.225979472171708,0.05448784625755074,0.026315427284055087,0.23240046257233804,0.1790212076483733,-4.16442881757786
3.741999999999699,-3.22574749510127,0.05466590104145311,0.02214957566169496,0.23155235662226678,0.17703967200815068,-4.166380135982304
3.742999999999699,-3.225516371186462,0.054841968960580564,0.01798186211678602,0.23069443783634908,0.17504799214900993,-4.1681546662529225
3.7439999999996987,-3.225286110154291,0.05501603990996974,0.013812463652704709,0.2298268777166982,0.17304624933008042,-4.169752018587673
3.7449999999996986,-3.2250567215605264,0.055188103866408225,0.009641557657760156,0.2289498471928511,0.17103452578671274,-4.171171812845235
3.7459999999996985,-3.2248282147902745,0.055358150889490934,0.00546932189567375,0.2280635166104285,0.1690129048902809,-4.1724136782628
3.7469999999996983,-3.224600599058572,0.05552617112283541,0.001295934496338789,0.2271680557248131,0.16698147130619456,-4.173477253178267
3.7479999999996982,-3.2243738834109736,0.05569215479545408,-0.0028784260531446023,0.2262636336997439,0.16494031114964408,-4.174362184757578
3.748999999999698,-3.224148076724142,0.055856092223280945,-0.0070535809171647776,0.22535041911071224,0.16288951213861275,-4.175068128727951
3.749999999999698,-3.2239231877064345,0.05601797381084965,-0.011229350920030362,0.22442857995303403,0.1608291637437011,-4.175594749117707
3.750999999999698,-3.2236992248984766,0.05617779005311964,-0.015405556554145465,0.2234982836544608,0.1587593573343198,-4.17594171800339
3.751999999999698,-3.2234761966737207,0.05633553153744651,-0.01958201798793598,0.2225596970921829,0.15668018632081795,-4.176108715264903
3.7529999999996977,-3.2232541112389876,0.056491188945692286,-0.0237585550735353,0.22161298661406775,0.15459174629212433,-4.176095428349303
3.7539999999996976,-3.223032976634982,0.05664475305647087,-0.027934987354238463,0.22065831806396802,0.15249413514849,-4.175901552043967
3.7549999999996975,-3.222812800736898,0.056796214747837026,-0.032111134070817504,0.21969585645558648,0.15038745420784758,-4.17552678398145
3.7559999999996974,-3.2225935912562216,0.05694556500349352,-0.03628681415360578,0.2187257643377019,0.14827181293090902,-4.174970804345434
3.7569999999996972,-3.222375355742152,0.05709279491818588,-0.0404618462107555,0.21774820320980154,0.14614732525426644,-4.174233292263236
3.757999999999697,-3.222158101582738,0.057237895702510685,-0.044636048533250615,0.21676333427613367,0.14401410773198858,-4.17331393421642
3.758999999999697,-3.221941836004935,0.05738085868499506,-0.04880923910220273,0.21577131848990547,0.14187227963113636,-4.172212423882198
3.759999999999697,-3.2217265660748295,0.05752167531484943,-0.052981235595953975,0.21477231659708307,0.1397219630295295,-4.170928461947882
3.760999999999697,-3.2215122986978284,0.05766033716482413,-0.05715185539700204,0.2137664891830263,0.1375632829058577,-4.1694617559407945
3.7619999999996967,-3.221299040618789,0.05779683593415205,-0.06132091559876307,0.2127539967217103,0.13539636722179954,-4.167812020074201
3.7629999999996966,-3.2210867984221094,0.05793116345156935,-0.06548823301218878,0.2117349996272772,0.1332213469958245,-4.165978975109806
3.7639999999996965,-3.2208755785317593,0.0580633116784056,-0.06965362417225451,0.21070965830765176,0.13103835636836542,-4.16396234823735
3.7649999999996964,-3.2206653872112607,0.058193272711734745,-0.07381690534433569,0.20967813321994458,0.1288475326580621,-4.161761872971758
3.7659999999996963,-3.2204562305636086,0.058321038787577634,-0.0779778925304904,0.2086405849273551,0.12664901640879042,-4.159377289068322
3.766999999999696,-3.220248114531137,0.058446602284146915,-0.0821364014756663,0.2075971741572746,0.12444295142720652,-4.156808342456268
3.767999999999696,-3.220041044895325,0.058569955725124585,-0.08629224767385049,0.20654806186027597,0.12222948481055189,-4.154054785191061
3.768999999999696,-3.2198350272765444,0.05869109178296244,-0.09044524637418115,0.20549340926966306,0.12000876696448244,-4.151116375425714
3.769999999999696,-3.219630067133747,0.058810003282195156,-0.09459521258704003,0.20443337796123726,0.11778095161070384,-4.1479928774012675
3.7709999999996957,-3.219426169764092,0.058926683202755945,-0.09874196109014512,0.2033681299129223,0.11554619578421528,-4.1446840614565605
3.7719999999996956,-3.2192233403025154,0.05904112468328408,-0.10288530643466273,0.20229782756387182,0.11330465981998608,-4.141189704057268
3.7729999999996955,-3.219021583721239,0.05915332102441385,-0.10702506295135822,0.20122263387266598,0.11105650732891219,-4.137509587844101
3.7739999999996954,-3.2188209048292213,0.05926326569203394,-0.11116104475680433,0.2001427123741849,0.10880190516292446,-4.133643501699931
3.7749999999996953,-3.2186213082715556,0.05937095232050655,-0.11529306575966607,0.19905822723472782,0.10654102336914623,-4.129591240835453
3.775999999999695,-3.218422798528812,0.0594763747158351,-0.11942093966708026,0.1979693433049271,0.10427403513302454,-4.125352606892882
3.776999999999695,-3.218225379916326,0.05957952685876955,-0.12354447999114752,0.19687622616998693,0.10200111671038702,-4.120927408066968
3.777999999999695,-3.2180290565834415,0.05968040290783823,-0.12766350005555366,0.1957790421967568,0.09972244734840505,-4.116315459242503
3.778999999999695,-3.2178338325127083,0.0597789972022951,-0.1317778130023362,0.19467795857713052,0.09743820919547248,-4.111516582147256
3.7799999999996947,-3.217639711519035,0.059875304264971306,-0.13588723179881138,0.19357314336724332,0.09514858720003809,-4.106530605519093
3.7809999999996946,-3.2174466972488083,0.05996931880502017,-0.13999156924467435,0.19246476552192054,0.09285376899845897,-4.101357365285846
3.7819999999996945,-3.21725479317898,0.06006103572054445,-0.1440906379792853,0.19135299492381627,0.09055394479197007,-4.095996704756242
3.7829999999996944,-3.2170640026161266,0.06015045010109531,-0.1481842504891511,0.19023800240666336,0.08824930721289254,-4.09044847482
3.7839999999996943,-3.216874328695489,0.06023755723003205,-0.15227221911561067,0.1891199597720439,0.08594005118023015,-4.084712534154952
3.784999999999694,-3.2166857743800006,0.06032235258673234,-0.15635435606273018,0.18799903979907726,0.08362637374482729,-4.078788749438802
3.785999999999694,-3.2164983424593077,0.060404831848642315,-0.16043047340541108,0.18687541624641416,0.0813084739242857,-4.072676995562869
3.786999999999694,-3.216312035548791,0.06048499089315667,-0.16450038309771178,0.18574926384592003,0.07898655252785816,-4.066377155844915
3.787999999999694,-3.2161268560886023,0.06056282579931868,-0.16856389698138033,0.1846207582874281,0.0766608119715565,-4.059889122237886
3.7889999999996937,-3.2159428063427162,0.06063833284933057,-0.1726208267945923,0.1834900761939456,0.0743314560837283,-4.053212795531125
3.7899999999996936,-3.2157598883980154,0.06071150852986474,-0.17667098418088484,0.18235739508670304,0.07199868990137222,-4.0463480855403615
3.7909999999996935,-3.2155781041634115,0.06078234953316692,-0.1807141806982731,0.18122289333944963,0.06966271945747479,-4.039294911282515
3.7919999999996934,-3.215397455369024,0.060850852757942116,-0.1847502278285325,0.18008675012141764,0.06732375155966419,-4.032053201131108
3.7929999999996933,-3.215217943565417,0.060917015310015143,-0.18877893698662454,0.1789491453284057,0.0649819935604871,-4.024622892947857
3.793999999999693,-3.2150395701229106,0.0609808345027573,-0.19280011953024062,0.17781025950146784,0.06263765311962771,-4.017003934185808
3.794999999999693,-3.2148623362309845,0.06104230785727137,-0.19681358676943264,0.17667027373274322,0.06029093795839953,-4.009196281959213
3.795999999999693,-3.2146862428977783,0.06110143310232744,-0.20081914997629488,0.17552936955802137,0.05794205560685832,-4.001199903075248
3.796999999999693,-3.2145112909497082,0.06115820817404224,-0.2048166203946563,0.17438772883571385,0.055591213143904854,-3.993014774022617
3.7979999999996927,-3.21433748103121,0.06121263121529525,-0.20880580924973813,0.1732455336119963,0.053238616930775785,-3.9846408809121514
3.7989999999996926,-3.214164813604625,0.06126470057487521,-0.21278652775772566,0.17210296597199964,0.0508844723383604,-3.976078219364689
3.7999999999996925,-3.213993288950241,0.061314414806351,-0.2167585871352001,0.17096020787706787,0.04852898346883598,-3.9673267943418487
3.8009999999996924,-3.2138229071665054,0.0613617726666616,-0.22072179860837085,0.16981744098826693,0.046172352872187815,-3.958386619915862
3.8019999999996923,-3.213653668170417,0.0614067731144203,-0.22467597342204573,0.1686748464765306,0.04381478125827883,-3.9492577189754097
3.802999999999692,-3.213485571698118,0.06144941530792895,-0.22862092284827437,0.16753260482006693,0.04145646720526287,-3.939940122865532
3.803999999999692,-3.2133186173056925,0.06148969860289942,-0.23255645819459814,0.16639089558993106,0.03909760686530329,-3.9304338709612017
3.804999999999692,-3.2131528043701847,0.061527622549879674,-0.23648239081184108,0.16524989722500028,0.03673839366877206,-3.9207390101761317
3.805999999999692,-3.21298813209085,0.0615631868913841,-0.2403985321013789,0.16410978679797045,0.03437901802837263,-3.9108555944109815
3.8069999999996917,-3.212824599490639,0.06159639155872849,-0.2443046935218288,0.1629707397744331,0.03201966704496134,-3.9007836839483963
3.8079999999996916,-3.212662205417927,0.06162723666857274,-0.24820068659511219,0.16183292976759237,0.0296605242172453,-3.8905233448063887
3.8089999999996915,-3.2125009485484917,0.06165572251917622,-0.25208632291185684,0.1606965282917392,0.027301769158017172,-3.880074648066551
3.8099999999996914,-3.212340827387732,0.06168184958637399,-0.25596141413612356,0.15956170451821297,0.024943577320152812,-3.8694376691995758
3.8109999999996913,-3.212181840273132,0.06170561851928556,-0.25982577200946905,0.1584286250382366,0.022586119736247145,-3.858612487417589
3.811999999999691,-3.2120239853769537,0.06172703013577207,-0.26367920835438974,0.15729745363769335,0.02022956277649036,-3.8475991850908726
3.812999999999691,-3.2118672607091483,0.06174608541766258,-0.2675215350772337,0.15616835108959315,0.017874067930172637,-3.8363978472755584
3.813999999999691,-3.2117116641204637,0.06176278550577646,-0.2713525641707185,0.15504147497061357,0.0155197916170231,-3.825008561408541
3.814999999999691,-3.2115571933057168,0.06177713169477487,-0.27517210771625494,0.15391697950864222,0.013166885035387184,-3.8134314172357646
3.8159999999996908,-3.2114038458072063,0.06178912542788203,-0.2789799778863467,0.1527950154686252,0.01081549405496086,-3.801666507049453
3.8169999999996906,-3.2112516190182108,0.06179876829152512,-0.2827759869474166,0.15167573008415952,0.008465759162333074,-3.7897139263177952
3.8179999999996905,-3.2111005101865335,0.0618060620099495,-0.2865599472634951,0.15055926704206407,0.006117815467825691,-3.7775737747957088
3.8189999999996904,-3.2109505164180323,0.061811008439875,-0.29033167130129767,0.14944576652653244,0.003771792781920569,-3.7652461582059398
3.8199999999996903,-3.2108016346800725,0.061813609565266464,-0.29409097163730397,0.14833536532832492,0.0014278157687737754,-3.752731190573949
3.82099999999969,-3.210653861804837,0.06181386749229894,-0.2978376609675282,0.14722819702274145,-0.0009139958172130051,-3.740028997285777
3.82199999999969,-3.2105071944924246,0.0618117844446023,-0.3015715521207287,0.1461243922178144,-0.0032535268081901746,-3.7271397189134805
3.82299999999969,-3.2103616293136623,0.06180736275887249,-0.3052924580758328,0.14502407887132904,-0.005590666212782317,-3.714063515816463
3.82399999999969,-3.210217162712574,0.061800604880934536,-0.30900019198433576,0.1439273826720529,-0.007925306723122355,-3.700800573478833
3.8249999999996898,-3.2100737910084334,0.06179151336233612,-0.3126945671983677,0.14283442747716915,-0.010257344147961256,-3.6873511084840653
3.8259999999996896,-3.209931510397358,0.061780090857538876,-0.31637539730498726,0.14174533579467788,-0.012586676786217922,-3.673715374962102
3.8269999999996895,-3.2097903169534066,0.06176634012175758,-0.32004249616706504,0.14066022929683303,-0.014913204760681916,-3.6598936712760977
3.8279999999996894,-3.209650206629151,0.06175026400947524,-0.32369567797085225,0.13957922934889969,-0.017236829336266694,-3.6458863466539833
3.8289999999996893,-3.209511175255721,0.06173186547363598,-0.32733475728001277,0.13850245753697055,-0.019557452250564742,-3.6316938074227694
3.829999999999689,-3.2093732185423254,0.061711147565488976,-0.3309595490955383,0.13743003617945146,-0.02187497508585086,-3.617316522480073
3.830999999999689,-3.2092363320752777,0.06168811343502793,-0.33456986892060325,0.13636208880909656,-0.02418929871066443,-3.602755027645036
3.831999999999689,-3.2091005113165574,0.06166276633194396,-0.33816553282907574,0.13529874061590091,-0.026500322815510537,-3.588009928573532
3.832999999999689,-3.2089657516019496,0.061635109606988064,-0.34174635753612276,0.13424011884529335,-0.028807945561254718,-3.5730819019994953
3.8339999999996888,-3.208832048138813,0.061605146713624596,-0.3453121604691588,0.1331863531503359,-0.031112063351023234,-3.5579716951690874
3.8349999999996887,-3.2086993960035097,0.0615728812098503,-0.3488627598373149,0.13213757590042746,-0.033412570727731905,-3.5426801234563223
3.8359999999996885,-3.208567790138554,0.06153831676005595,-0.35239797469765627,0.13109392245182971,-0.0357093603907765,-3.527208066273714
3.8369999999996884,-3.2084372253495026,0.061501457136817775,-0.3559176250165484,0.13005553138687806,-0.03800232331791836,-3.511556461504842
3.8379999999996883,-3.2083076963016177,0.06146230622252269,-0.35942153172484526,0.12902254472895394,-0.040291348972777544,-3.495726298774896
3.838999999999688,-3.208179197516329,0.06142086801075291,-0.3629095167659215,0.1279951081393512,-0.04257632557505933,-3.479718611931718
3.839999999999688,-3.208051723367499,0.061377146607378905,-0.3663814031359542,0.12697337110041926,-0.044857140409775814,-3.463534471130325
3.840999999999688,-3.2079252680775197,0.06133114623133297,-0.369837014916251,0.12595748708723423,-0.047133680153027685,-3.4471749749001934
3.841999999999688,-3.2077998257132356,0.0612828712150568,-0.37327617729777984,0.12494761372795152,-0.049405831194890594,-3.430641242532773
3.8429999999996878,-3.207675390181717,0.061232326004633936,-0.37669871659836446,0.12394391295125673,-0.051673479943987646,-3.4139344070652626
3.8439999999996877,-3.207551955225895,0.061179515159631284,-0.3801044602732499,0.12294655111815696,-0.05393651310281093,-3.397055609064932
3.8449999999996876,-3.207429514420067,0.061124443352682495,-0.3834932369199105,0.12195569913481497,-0.05619481790725064,-3.380005991344811
3.8459999999996874,-3.2073080611653086,0.06106711536885074,-0.38686487627806787,0.12097153254318636,-0.058448282327714,-3.362786694673194
3.8469999999996873,-3.2071875886848025,0.0610075361048092,-0.3902192092259191,0.1199942315867627,-0.06069679523243631,-3.3453988544808184
3.8479999999996872,-3.207068090019114,0.06094571056787583,-0.39355606777355445,0.11902398124960445,-0.06294024651600917,-3.3278435985231933
3.848999999999687,-3.2069495580214444,0.06088164387493498,-0.3968752850544851,0.11806097126791339,-0.06517852719779715,-3.31012204542202
3.849999999999687,-3.206831985352884,0.060815341251273275,-0.40017669531611105,0.1171053961145111,-0.06741152949587301,-3.292235303988183
3.850999999999687,-3.2067153644776947,0.0607468080293513,-0.4034601339098581,0.11615745495765302,-0.06963914688250497,-3.2741844732177534
3.851999999999687,-3.206599687658645,0.0606760496475264,-0.40672543728160077,0.11521735159654702,-0.07186127412721736,-3.2559706428498285
3.8529999999996867,-3.206484946952419,0.060603071648736434,-0.40997244296287894,0.114285294376721,-0.07407780733315447,-3.237594894378667
3.8539999999996866,-3.2063711342051215,0.06052787967914809,-0.4132009895633117,0.11336149608898156,-0.07628864397201944,-3.21905830242058
3.8549999999996865,-3.2062582410478866,0.060450479486769224,-0.416410916764518,0.1124461738561288,-0.07849368292232917,-3.2003619363466553
3.8559999999996863,-3.2061462588926064,0.06037087692001941,-0.4196020653157703,0.11153954901185516,-0.08069282451518756,-3.181506862104367
3.8569999999996862,-3.2060351789277837,0.06028907792624946,-0.4227742770315366,0.11064184697637765,-0.08288597059127917,-3.162494144163385
3.857999999999686,-3.2059249921145048,0.06020508855019703,-0.42592739479100794,0.10975329713335194,-0.08507302457234754,-3.1433248475327793
3.858999999999686,-3.2058156891825376,0.060118914932362225,-0.4290612625396613,0.10887413271250798,-0.08725389155005693,-3.124000039807841
3.859999999999686,-3.2057072606265375,0.060030563307284616,-0.43217572529286974,0.10800459068223867,-0.08942847839483717,-3.1045207932145877
3.860999999999686,-3.205599696702361,0.059940040001700494,-0.43527062914154635,0.10714491165606312,-0.09159669388706354,-3.0848881866286004
3.8619999999996857,-3.2054929874234563,0.05984735143255676,-0.4383458212597868,0.10629533981646269,-0.09375844887269594,-3.065103307552025
3.8629999999996856,-3.205387122557325,0.05975250410485634,-0.4414011499144639,0.10545612285902153,-0.09591365644525301,-3.0451672540383474
3.8639999999996855,-3.2052820916220317,0.059655504609307644,-0.4444364644767174,0.1046275119590513,-0.09806223215566709,-3.025081136558918
3.8649999999996854,-3.2051778838827243,0.059556359619749956,-0.4474516154352807,0.10380976169266048,-0.10020409406018646,-3.0048460790705014
3.8659999999996852,-3.2050744883491227,0.05945507589296647,-0.45044645440378345,0.10300312838413458,-0.1023391583921346,-2.984463203005733
3.866999999999685,-3.2049718937736578,0.059351660270108166,-0.45342083411378853,0.10220786996505105,-0.10446733935329262,-2.963933626992667
3.867999999999685,-3.204870088649143,0.059246119676642964,-0.4563746084245124,0.10142424792703214,-0.10658855466793019,-2.943258488641839
3.868999999999685,-3.2047690612051394,0.05913846111854997,-0.4593076323435643,0.10065252747718878,-0.10870272618676735,-2.922438947046198
3.869999999999685,-3.2046687994041227,0.05902869167775841,-0.4622197620491281,0.09989297759392306,-0.11080978023607396,-2.901476184158986
3.8709999999996847,-3.2045692909376924,0.058916818507501,-0.4651108549134567,0.09914587106053087,-0.11290964795948003,-2.880371406034557
3.8719999999996846,-3.204470523222771,0.05880284882734043,-0.4679807695275164,0.09841148444981768,-0.11500226562628744,-2.8591258438754243
3.8729999999996845,-3.204372483397861,0.05868678991792164,-0.4708293657265466,0.09769009802203946,-0.11708757486612321,-2.8377407547980904
3.8739999999996844,-3.2042751583194695,0.05856864911555224,-0.4736565046161924,0.09698199548413243,-0.11916552276954738,-2.816217422186438
3.8749999999996843,-3.2041785345588716,0.058448433806788005,-0.47646204859870694,0.09628746353950046,-0.12123606176506728,-2.7945571554396906
3.875999999999684,-3.20408259839947,0.05832615142330957,-0.4792458613984869,0.09560679113354961,-0.12329914914118004,-2.772761288835331
3.876999999999684,-3.2039873358351167,0.05820180943753685,-0.48200780808586796,0.09494026826956337,-0.12535474602239227,-2.7508311791065823
3.877999999999684,-3.203892732569899,0.05807541535965906,-0.4847477550976267,0.09428818423127357,-0.1274028155236393,-2.728768201166871
3.878999999999684,-3.203798774020096,0.057946976737090455,-0.48746557025196025,0.0936508250017091,-0.1294433196891112,-2.706573741184521
3.8799999999996837,-3.203705445319226,0.05781650115783462,-0.4901611227547705,0.09302846961246337,-0.13147621465883774,-2.6842491859027646
3.8809999999996836,-3.2036127313274223,0.05768399625989988,-0.4928342831927829,0.09242138509527775,-0.13350144329134134,-2.661795906700832
3.8819999999996835,-3.20352061664672,0.05754946974980825,-0.49548492350729223,0.09182979382870586,-0.13551877760647965,-2.6392149768128865
3.8829999999996834,-3.203429085956981,0.0574129312720208,-0.49811291445236827,0.09125341478967407,-0.13752510736089016,-2.6165023909890213
3.8839999999996833,-3.2033381238718492,0.057274391712583035,-0.5007181236232606,0.09069239296206111,-0.13951954587105192,-2.5936581315887515
3.884999999999683,-3.2032477149179592,0.05713386296683849,-0.5033004210870359,0.09014715225771805,-0.141503178577413,-2.5706856315163247
3.885999999999683,-3.203157843153704,0.056991355368053054,-0.5058596801659345,0.08961799019480683,-0.1434769251663933,-2.5475879653221134
3.886999999999683,-3.2030684924094674,0.056846878416571864,-0.508395777068594,0.08910506332755194,-0.1454415311119415,-2.524367825625233
3.887999999999683,-3.2029796464364333,0.05670044096202272,-0.5109085904896478,0.0886083711406125,-0.14739755040198654,-2.50102748386213
3.8889999999996827,-3.202891289069288,0.056552051406669086,-0.5133980011646508,0.08812774511317911,-0.1493453205415019,-2.4775687422265937
3.8899999999996826,-3.202803404391988,0.05640171793474311,-0.5158638913799848,0.08766285487264144,-0.15128493614821423,-2.453992896109544
3.8909999999996825,-3.202715976883042,0.056249448762950204,-0.5183061444634558,0.08721324480846453,-0.15321623437206774,-2.4303007386879214
3.8919999999996824,-3.2026289915079875,0.05609525239307267,-0.5207246443128754,0.08677840443786046,-0.1551388073134331,-2.4064926348224502
3.8929999999996823,-3.2025424337330044,0.0559391378372115,-0.5231192750327204,0.08635785529495679,-0.15705204612055867,-2.3825686587779384
3.893999999999682,-3.202456289456702,0.05578111478959567,-0.5254899207229424,0.08595122441065114,-0.15895520369818353,-2.3585287517667473
3.894999999999682,-3.2023705448829998,0.05562119373575618,-0.5278364654135574,0.08555828424920622,-0.1608474547503263,-2.334372849420307
3.895999999999682,-3.202285186369375,0.055459386008393716,-0.5301587931010352,0.0851789597799913,-0.16272793917044667,-2.310100956991938
3.896999999999682,-3.2022002002784964,0.055295703808366625,-0.5324567878357638,0.08481331549259984,-0.16459578675178943,-2.2857131787912
3.8979999999996817,-3.2021155728476494,0.055130160208014825,-0.5347303338232664,0.08446153499464992,-0.16645012791091043,-2.2612097191585634
3.8989999999996816,-3.202031290079399,0.05496276914835346,-0.5369793155186611,0.08412390074165879,-0.16829009610125634,-2.2365908700073924
3.8999999999996815,-3.201947337651367,0.05479354543632336,-0.5392036177060389,0.08380074736214428,-0.17011516002926624,-2.21185752950177
3.9009999999996814,-3.201863701098683,0.05462250208749002,-0.5414031290678766,0.08349210655139748,-0.17192839466546667,-2.1870163850888282
3.9019999999996813,-3.2017803657646726,0.05444965129171527,-0.5435777434330594,0.08319815583027984,-0.1737303586689519,-2.1620700338048757
3.902999999999681,-3.201697316869678,0.05427500397514871,-0.5457273563794489,0.08291912681176497,-0.17552096752166102,-2.13702004883214
3.903999999999681,-3.2016145393745665,0.05409857153882986,-0.5478518650574951,0.08265525200039642,-0.17730013015415574,-2.11186800247183
3.904999999999681,-3.201532018008957,0.053920365476838227,-0.5499511681908752,0.08240676055535996,-0.17906775236646008,-2.086615468833656
3.905999999999681,-3.2014497372761532,0.053740397378320016,-0.5520251660789475,0.08217387535706705,-0.1808237386958406,-2.0612640249333043
3.9069999999996807,-3.2013676814604755,0.053558678928193354,-0.5540737605998359,0.08195681110082786,-0.18256799331347637,-2.0358152509581577
3.9079999999996806,-3.2012858346360797,0.05337522190728994,-0.5560968552135717,0.08175577318397084,-0.18430042033819796,-2.0102707301736573
3.9089999999996805,-3.2012041806765685,0.05319003819237665,-0.5580943549650816,0.08157095719490727,-0.18602092381784727,-1.9846320487469427
3.9099999999996804,-3.201122703264878,0.05300313975630113,-0.5600661664870266,0.08140254885104012,-0.18772940753524586,-1.9589007956386453
3.9109999999996803,-3.2010413859030495,0.05281453866838233,-0.5620121980025976,0.08125072426576915,-0.1894257747339631,-1.9330785626367033
3.91199999999968,-3.2009602119216023,0.052624247095094404,-0.5639323593284312,0.08111565045284251,-0.19110992781917766,-1.907166944561335
3.91299999999968,-3.200879164488318,0.05243227730105086,-0.5658265618778169,0.0809974859991962,-0.1927817680637076,-1.8811675396460859
3.91399999999968,-3.200798226616283,0.052238641650274746,-0.567694718664372,0.08089638185574331,-0.19444119533371265,-1.855081950088268
3.91499999999968,-3.2007173811710983,0.05204335260773178,-0.5695367443063469,0.08081248220997582,-0.19608810783923025,-1.8289117827579766
3.9159999999996797,-3.200636610877182,0.05184642274110072,-0.5713525550317139,0.08074592541538989,-0.19772240190932536,-1.8026586500549573
3.9169999999996796,-3.200555898323126,0.05164786472275782,-0.5731420686841829,0.08069684496125928,-0.19934397178872562,-1.7763241709049202
3.9179999999996795,-3.200475225966062,0.05144769133195591,-0.5749052047302822,0.08066537047270159,-0.2009527094514151,-1.749909971890279
3.9189999999996794,-3.200394576135015,0.05124591545718341,-0.5766418842676344,0.08065162873576362,-0.20254850442616393,-1.7234176885140648
3.9199999999996793,-3.2003139310332225,0.05104255009869406,-0.5783520300345659,0.08065574474576241,-0.20413124362899204,-1.6968489665995845
3.920999999999679,-3.20023327273939,0.05083760837120255,-0.5800355664211848,0.08067784277964443,-0.20570081119787328,-1.670205463832085
3.921999999999679,-3.2001525832078617,0.050631103506746204,-0.5816924194820761,0.08071804749488747,-0.20725708832544096,-1.643488851452185
3.922999999999679,-3.2000718442676805,0.05042304885771637,-0.5833225169507712,0.08077648505862388,-0.20879995308598487,-1.6167008161141396
3.923999999999679,-3.1999910376204963,0.050213457900067024,-0.5849257882561654,0.0808532843113174,-0.21032928025359593,-1.5898430619250863
3.9249999999996787,-3.1999101448372977,0.05000234423671066,-0.5865021645410716,0.08094857796954032,-0.21184494110890628,-1.5629173126843245
3.9259999999996786,-3.1998291473539133,0.049789721601113994,-0.5880515786831237,0.08106250387219416,-0.21334680323249916,-1.5359253143443259
3.9269999999996785,-3.1997480264652496,0.049575603861107286,-0.5895739653182605,0.08119520627387934,-0.21483473028373942,-1.5088688377175388
3.9279999999996784,-3.1996667633182057,0.04936000502292248,-0.5910692608670508,0.0813468371879946,-0.21630858176453102,-1.4817496814549955
3.9289999999996783,-3.1995853389032227,0.04914293923547482,-0.5925374035641447,0.08151755778044313,-0.21776821276837577,-1.4545696753240618
3.929999999999678,-3.1995037340444146,0.048924420794902154,-0.5939783334911627,0.08170753981240664,-0.21921347371612687,-1.4273306838130928
3.930999999999678,-3.199421929388233,0.048704464149374134,-0.595391992613365,0.08191696712734056,-0.2206442100810494,-1.400034610089833
3.931999999999678,-3.199339905390627,0.04848308390417981,-0.5967783248204658,0.08214603717290964,-0.2220602621072644,-1.372683400337484
3.932999999999678,-3.19925764230267,0.04826029482709775,-0.5981372759719811,0.08239496254272832,-0.22346146452741922,-1.3452790484865544
3.9339999999996778,-3.199175120154646,0.04803611185404541,-0.5994687939475092,0.0826639725151291,-0.22484764628754225,-1.3178236013506541
3.9349999999996776,-3.199092318738611,0.04781055009499571,-0.6007728287023472,0.0829533145563101,-0.2262186302895529,-1.2903191641584593
3.9359999999996775,-3.199009217589487,0.04758362484013659,-0.6020493323288254,0.08326325574258146,-0.2275742331648332,-1.2627679064497135
3.9369999999996774,-3.1989257959648056,0.04735535156623442,-0.6032982591236934,0.08359408404041475,-0.22891426509562465,-1.2351720682667475
3.9379999999996773,-3.198842032823271,0.04712574594314349,-0.6045195656617967,0.08394610936289268,-0.23023852970473999,-1.2075339665196427
3.938999999999677,-3.198757906802427,0.04689482384038141,-0.6057132108761272,0.08431966429616179,-0.2315468240380302,-1.1798560013257064
3.939999999999677,-3.19867339619582,0.04666260133366379,-0.6068791561440767,0.08471510435875536,-0.2328389386679644,-1.1521406620121308
3.940999999999677,-3.1985884789302115,0.04642909471126151,-0.6080173653793357,0.0851328076192906,-0.2341146579501015,-1.1243905323096122
3.941999999999677,-3.1985031325435838,0.04619432048001107,-0.6091278051283006,0.08557317345318653,-0.23537376046644679,-1.0966082940320958
3.9429999999996768,-3.1984173341649385,0.04595829537077411,-0.6102104446689874,0.08603662016589785,-0.23661601968961615,-1.0687967281999868
3.9439999999996767,-3.1983310604971775,0.04572103634311033,-0.6112652561091767,0.08652358114805356,-0.23784120489784355,-1.0409587120688781
3.9449999999996765,-3.1982442878047372,0.04548256058890211,-0.6122922144786321,0.08703449915634284,-0.23904908236108396,-1.0130972097902047
3.9459999999996764,-3.198156991908082,0.045242885534657835,-0.613291297807448,0.08756981823273098,-0.240239416800133,-0.9852152533196904
3.9469999999996763,-3.1980691481877073,0.04500202884223288,-0.6142624871784024,0.08812997268358362,-0.24141197309072582,-0.9573159084813311
3.947999999999676,-3.1979807316009183,0.04476000840775653,-0.6152057667348668,0.08871537243988538,-0.24256651814002236,-0.9294022184154161
3.948999999999676,-3.1978917167153895,0.04451684235865483,-0.6161211236160793,0.08932638401131034,-0.24370282280228314,-0.9014771123604469
3.949999999999676,-3.197802077764352,0.044272549048827915,-0.6170085477763619,0.08996330613452128,-0.24482066362739427,-0.8735432608039323
3.950999999999676,-3.1977117887292077,0.044027147052280696,-0.6178680316207574,0.09062633911009146,-0.24591982416741798,-0.8456028468851543
3.9519999999996758,-3.1976208234564147,0.04378065515578823,-0.6186995693513409,0.09131554674196331,-0.24700009555822514,-0.8176572065424339
3.9529999999996757,-3.197529155816604,0.04353309235136327,-0.6195031558592886,0.09203080974422742,-0.24806127631918018,-0.7897062657126851
3.9539999999996756,-3.197436760085029,0.04328447849939744,-0.6202787845039284,0.09277142668170547,-0.24910180779273405,-0.7617464096103176
3.9549999999996754,-3.19734361132675,0.043034834890538255,-0.6210264428921224,0.09353642053756768,-0.25012007473019543,-0.7337705458835834
3.9559999999996753,-3.197249685541128,0.04278418343293503,-0.6217461106808418,0.09432508014656785,-0.25111715785931626,-0.705769157709319
3.956999999999675,-3.1971549596898283,0.04253254480835453,-0.6224377552368878,0.09513611570235177,-0.2520942999517513,-0.6777271436263176
3.957999999999675,-3.197059412401445,0.04227993823593629,-0.623101326762194,0.09596739377604778,-0.25305297530881526,-0.6496260745775103
3.958999999999675,-3.1969630249892154,0.04202638121682744,-0.6237367581950158,0.09681564609875914,-0.25399517481736184,-0.6214513335713696
3.959999999999675,-3.1968657826067544,0.04177188895311654,-0.6243439733167273,0.09767644337123153,-0.25492353051227773,-0.59320012064617
3.960999999999675,-3.1967676751412926,0.04151647386922109,-0.6249228997142039,0.09854478089107074,-0.25584095564613374,-0.564882145732716
3.9619999999996747,-3.196668697378505,0.041260145629414685,-0.6254734781599626,0.09941597930347189,-0.25674998250576475,-0.5365127271822104
3.9629999999996746,-3.1965688483867614,0.04100291172655629,-0.6259956645743302,0.10028628114434018,-0.2576523263530041,-0.5081060572386833
3.9639999999996745,-3.1964681304977027,0.04074477835516498,-0.6264894272473305,0.10115297982300746,-0.25854882462192225,-0.47967253833086654
3.9649999999996743,-3.1963665482876573,0.04048575124400965,-0.6269547429698256,0.10201429096900462,-0.2594395791562423,-0.4512189012766304
3.9659999999996742,-3.19626410773785,0.04022583631084662,-0.6273915938332407,0.10286916154488997,-0.2603241381142488,-0.42274918947085094
3.966999999999674,-3.1961608155874424,0.03996504013911454,-0.6277999650356118,0.10371711011387935,-0.2612018157164584,-0.3942658342476494
3.967999999999674,-3.196056678727724,0.03970336846944246,-0.628179844573909,0.10455824850127536,-0.26207449790924525,-0.365772312662676
3.968999999999674,-3.195951703890139,0.039440826274205934,-0.6285312236168331,0.10539285914233497,-0.2629431749384728,-0.3372708634850694
3.969999999999674,-3.195845897399794,0.03917741736801813,-0.628854094798873,0.10622133288830227,-0.2638076038392619,-0.3087625547006324
3.9709999999996737,-3.1957392651434717,0.03891314616542706,-0.6291484517289682,0.10704419618531764,-0.264667432301351,-0.28024829172450216
3.9719999999996736,-3.195631812431571,0.03864801747253949,-0.6294142888917539,0.10786206720586132,-0.26552223654698537,-0.25172893538793617
3.9729999999996735,-3.1955235439243213,0.03838203654308786,-0.6296516016414413,0.10867562183863716,-0.2663715506185582,-0.22320537256193798
3.9739999999996733,-3.195414463588005,0.03811520910883161,-0.6298603862497681,0.10948556721272773,-0.2672148886694251,-0.1946785558754098
3.9749999999996732,-3.195304574674533,0.0378475413905849,-0.6300406399829173,0.11029262115392965,-0.26805176165646005,-0.16614952338844532
3.975999999999673,-3.195193879719069,0.037579040094869724,-0.630192361191204,0.11109749640934724,-0.26888168960316855,-0.13761940542904932
3.976999999999673,-3.1950823805514093,0.03730971240013048,-0.6303155494012649,0.11190088874818817,-0.26970421038584064,-0.10908942340633469
3.977999999999673,-3.1949700783176156,0.0370395659355879,-0.6304102054044404,0.11270346822420982,-0.27051888580955064,-0.08056088382302631
3.978999999999673,-3.1948569735090473,0.03676860875512181,-0.6304763313377028,0.11350587301000294,-0.27132530558787127,-0.052035169639866374
3.9799999999996727,-3.1947430659964775,0.03649684930802269,-0.6305139307552402,0.11430870530828328,-0.27212308971623916,-0.023513730415883668
3.9809999999996726,-3.1946283550674313,0.036224296408014556,-0.630523008689971,0.11511252891500066,-0.2729118898342733,0.00500192618223776
3.9819999999996725,-3.194512839465647,0.03595095919175756,-0.6305035717589078,0.11591786727945545,-0.27369141047679013,0.0335100737266803
3.9829999999996724,-3.194396517432254,0.03567684705082732,-0.6304556285469081,0.11672520209292503,-0.27446143794955546,0.06200853922775063
3.9839999999996722,-3.194279386746378,0.035401969574865876,-0.6303791898683504,0.11753497552085147,-0.2752217947895338,0.09049507517460861
3.984999999999672,-3.1941614447642213,0.035126336512938,-0.6302742687899264,0.1183475917457514,-0.2759723313226008,0.11896742587465499
3.985999999999672,-3.1940426884561024,0.03484995775049743,-0.6301408806353445,0.11916341864793811,-0.27671292422668103,0.14742333425788626
3.986999999999672,-3.193923114441805,0.034572843283798685,-0.6299790429836696,0.11998278975772382,-0.2774434749771432,0.17586054780993915
3.987999999999672,-3.19380271902389,0.03429500319589627,-0.6297887756621414,0.12080600637820023,-0.2781639082390695,0.20427682369276193
3.9889999999996717,-3.1936814982188206,0.034016447634259095,-0.6295701007342485,0.12163333980028145,-0.27887417025388667,0.2326699331245546
3.9899999999996716,-3.193559447785862,0.033737186789987474,-0.629323042483761,0.12246503355019905,-0.27957422725446435,0.26103766509530335
3.9909999999996715,-3.193436563253725,0.03345723087859127,-0.6290476273953487,0.12330130562461954,-0.2802640639324193,0.2893778294937655
3.9919999999996714,-3.1933128399450013,0.03317659012226841,-0.6287438841323353,0.12414235068053553,-0.28094368197341213,0.31768825971817566
3.9929999999996713,-3.1931882729984356,0.032895274733610404,-0.6284118435120728,0.12498834215654232,-0.28161309867018497,0.34596681483760755
3.993999999999671,-3.1930628573891218,0.0326132949006538,-0.6280515384793531,0.12583943430948027,-0.28227234561856357,0.374211381364793
3.994999999999671,-3.1929365879467047,0.0323306607731937,-0.6276630040782182,0.12669576415607348,-0.28292146749829417,0.4024198746948619
3.995999999999671,-3.1928094593716927,0.03204738245027424,-0.6272462774224782,0.12755745331344304,-0.2835605209381446,0.4305902402583285
3.996999999999671,-3.192681466249981,0.03176346996877301,-0.6268013976652016,0.12842460973548686,-0.2841895734629503,0.4587204544309378
3.9979999999996707,-3.19255260306569,0.03147893329299886,-0.6263284059674011,0.1292973293443149,-0.28480870251905616,0.48680852523782037
3.9989999999996706,-3.192422864212425,0.031193782305227097,-0.6258273454661045,0.1301756975573895,-0.2854179945737564,0.5148524928848517
3.9999999999996705,-3.192292244003059,0.030908026797100183,-0.6252982612419682,0.13105979071188478,-0.28601754428375686,0.542850430146183
4.000999999999671,-3.192160736678147,0.030621676461827882,-0.6247412002865642,0.13194967738815896,-0.28660745372728397,0.5708004426335789
4.001999999999671,-3.1920283364130553,0.03033474088712575,-0.6241562114694479,0.1328454196342138,-0.28718783169417034,0.5987006689704472
4.0029999999996715,-3.1918950373239285,0.030047229548837075,-0.6235433455050898,0.13374707409265865,-0.2877587930279968,0.6265492808912219
4.003999999999672,-3.1917608334725687,0.02975915180518924,-0.6229026549197383,0.1346546930310449,-0.2883204580141064,0.6543444832850359
4.004999999999672,-3.191625718870336,0.029470516891641853,-0.6222341940182582,0.13556832527552184,-0.28887295180698264,0.6820845142013425
4.0059999999996725,-3.191489687481163,0.029181333916290766,-0.6215380188509765,0.13648801704659563,-0.28941640389004686,0.7097676448342739
4.006999999999673,-3.1913527332237877,0.028891611855799207,-0.6208141871805472,0.13741381269435907,-0.28995094756033507,0.7373921795020307
4.007999999999673,-3.1912148499732957,0.028601359551835362,-0.6200627584488325,0.1383457553288881,-0.29047671942970255,0.764956455637432
4.0089999999996735,-3.191076031562095,0.02831058570800445,-0.6192837937437813,0.13928388733956187,-0.2909938589331185,0.7924588438058846
4.009999999999674,-3.1909362717804255,0.02801929888727354,-0.6184773557662689,0.14022825079483095,-0.29150250783318216,0.8198977477674224
4.010999999999674,-3.1907955643765353,0.02772750750989916,-0.6176435087968458,0.1411788877114083,-0.29200280970813464,0.8472716046000547
4.0119999999996745,-3.1906539030566585,0.027435219851881493,-0.6167823186623246,0.1421358401789595,-0.2924949094082705,0.874578884902427
4.012999999999675,-3.1905112814849472,0.027142444043985695,-0.6158938527021169,0.14309915032309192,-0.2929789524626571,0.90181809309464
4.013999999999675,-3.190367693283533,0.02684918807139054,-0.6149781797342128,0.14406886008576514,-0.29345508441434776,0.9289877678369396
4.0149999999996755,-3.190223132032904,0.026555459774048825,-0.6140353700206728,0.14504501079815874,-0.29392345005770765,0.956086482586761
4.015999999999676,-3.190077591272835,0.026261266847872923,-0.6130654952324865,0.14602764251656294,-0.29438419254597853,0.9831128463151722
4.016999999999676,-3.189931064504103,0.02596661684689393,-0.6120686284136252,0.14701679308708973,-0.2948374523307599,1.0100655044039364
4.0179999999996765,-3.189783545191299,0.025671517186584683,-0.6110448439440982,0.1480124969001309,-0.29528336588779297,1.0369431397440052
4.018999999999677,-3.189635026767055,0.025375975148586513,-0.6099942175018027,0.14901478329090226,-0.2957220641756655,1.0637444740550004
4.019999999999677,-3.189485502638069,0.0250799978871365,-0.6089168260229358,0.15002367453881893,-0.2961536707666707,1.090468269442835
4.0209999999996775,-3.1893349661933494,0.024783592437555714,-0.6078127476607239,0.15103918341709135,-0.29657829958374843,1.1171133302087146
4.021999999999678,-3.189183410815156,0.024486765727225173,-0.6066820617422146,0.15206131024692057,-0.2969960521773428,1.1436785049169398
4.022999999999678,-3.189030829893148,0.02418952458953797,-0.6055248487228708,0.1530900394214447,-0.29740701448656626,1.1701626887208685
4.0239999999996785,-3.1888772168422745,0.023891875781357787,-0.6043411901387143,0.15412533538853063,-0.2978112530592144,1.1965648259358983
4.024999999999679,-3.1887225651249427,0.023593826004509762,-0.6031311685557817,0.155167138126614,-0.29820881076881867,1.2228839128355953
4.025999999999679,-3.1885668682779085,0.023295381931736726,-0.6018948675166885,0.156215358225021,-0.29859970218389364,1.249119000633086
4.0269999999996795,-3.1884101199441837,0.0229965502373063,-0.6006323714841395,0.1572698718026457,-0.29898390893964105,1.2752691985965525
4.02799999999968,-3.1882523139099277,0.02269733763196286,-0.5993437657812819,0.15833051567797288,-0.2993613757588899,1.3013336772381998
4.02899999999968,-3.1880934441457622,0.02239775090107867,-0.5980291365288593,0.1593970834396925,-0.29973200817082,1.3273116715129816
4.0299999999996805,-3.187933504851166,0.02209779694358763,-0.5966885705791877,0.16046932333228722,-0.30009567343134175,1.3532024839643015
4.030999999999681,-3.1877724904996008,0.021797482807604084,-0.5953221554470426,0.16154693908330997,-0.30045220649689897,1.3790054877422997
4.031999999999681,-3.1876103958808564,0.021496815716793193,-0.5939299792376433,0.16262959480566874,-0.3008014228291905,1.4047201293544838
4.0329999999996815,-3.187447216136166,0.021195803080195242,-0.5925121305721452,0.16371692470871965,-0.30114313888508953,1.4303459308220445
4.033999999999682,-3.187282946781328,0.02089445247831431,-0.5910686985115386,0.16480854740895245,-0.30147719907420795,1.4558824905566063
4.034999999999682,-3.187117583713946,0.020592771620895275,-0.5895997724807759,0.1659040832134189,-0.30180350467733474,1.481329483039947
4.0359999999996825,-3.1869511232038388,0.020290768282543482,-0.5881054421820371,0.16700317026277617,-0.30212202917137854,1.5066866872399671
4.036999999999683,-3.1867835618679377,0.019988450223717865,-0.5865857974820202,0.16810547863927575,-0.302432828962952,1.5319539847760422
4.037999999999683,-3.1866148966328867,0.0196858251032771,-0.5850409283413777,0.16921072096261094,-0.30273605260025166,1.557131300820661
4.0389999999996835,-3.1864451246907306,0.01938290039417066,-0.5834709247833642,0.1703186550625701,-0.3030319231862421,1.5822185815995173
4.039999999999684,-3.1862742434543945,0.019079683321285238,-0.5818758768834187,0.17142908146368382,-0.3033207100811048,1.60721577316342
4.040999999999684,-3.1861022505173855,0.018776180830022013,-0.5802558747793336,0.17254183788778998,-0.3036026980775329,1.6321228019146743
4.0419999999996845,-3.1859291436196493,0.01847239958435068,-0.5786110086990033,0.17365679278690152,-0.3038781604313863,1.6569395592056377
4.042999999999685,-3.185754920619865,0.01816834598857106,-0.576941369001057,0.1747738392212931,-0.30414733928708454,1.6816658910314934
4.043999999999685,-3.1855795794734973,0.017864026224808028,-0.575247046223297,0.17589288963415356,-0.30441043418297703,1.7063015926150837
4.0449999999996855,-3.185403118215639,0.017559446298540032,-0.5735281311344944,0.17701387155323492,-0.30466759746606015,1.7308464069101268
4.045999999999686,-3.1852255349477847,0.017254612086088184,-0.5717847147862419,0.178136724014242,-0.30491893470992154,1.755300025773497
4.046999999999686,-3.1850468278279247,0.01694952937996412,-0.5700168885628005,0.17926139445939918,-0.30516450826399033,1.7796620926274043
4.0479999999996865,-3.184866995063583,0.016644203929701396,-0.5682247442279437,0.18038783591295898,-0.3054043424534691,1.8039322056663911
4.048999999999687,-3.184686034907592,0.016338641477063556,-0.5664083739686152,0.18151600430442913,-0.30563842941300107,1.8281099209310983
4.049999999999687,-3.184503945656497,0.016032847785341295,-0.5645678704357737,0.18264585586849547,-0.3058667349344175,1.8521947548034612
4.0509999999996875,-3.1843207256515322,0.01572682866291862,-0.5627033267831486,0.18377734458982048,-0.3060892039990964,1.876186185654787
4.051999999999688,-3.1841363732821364,0.01542058998151339,-0.5608148367048365,0.18491041968331637,-0.30630576585591923,1.9000836545014632
4.052999999999688,-3.1839508869919633,0.015114137689572139,-0.5589024944727662,0.18604502311122853,-0.30651633861996075,1.9238865646044547
4.0539999999996885,-3.18376426528736,0.014807477821287586,-0.5569663949751003,0.18718108714217788,-0.30672083342878437,1.9475942800010355
4.054999999999689,-3.1835765067482615,0.014500616501652517,-0.5550066337566288,0.18831853195769352,-0.3069191582214432,1.9712061229913231
4.055999999999689,-3.183387610041448,0.014193559947892512,-0.553023307062182,0.1894572633110083,-0.30711122121314505,1.9947213706265292
4.0569999999996895,-3.183197573936125,0.013886314467547576,-0.5510165118840249,0.19059717024238676,-0.3072969341344362,2.018139250266623
4.05799999999969,-3.1830063973217486,0.013578886453408677,-0.5489863460141251,0.19173812285584366,-0.30747621529269037,2.041458934296926
4.05899999999969,-3.182814079228046,0.013271282375464568,-0.5469329081020762,0.19287997016428568,-0.30764899249837113,2.0646795341195627
4.0599999999996905,-3.182620618847149,0.012963508769980583,-0.5448562977193318,0.19402253801418654,-0.30781520588026834,2.0878000935695575
4.060999999999691,-3.18242601555776,0.012655572225817127,-0.5427566154302333,0.19516562710708527,-0.30797481059313336,2.11081958194896
4.061999999999691,-3.1822302689512294,0.012347479368103504,-0.5406339628700932,0.19630901114360147,-0.30812777939788044,2.133736886927546
4.0629999999996915,-3.1820333788594204,0.01203923683941531,-0.5384884428303158,0.19745243512630153,-0.3082741050686816,2.1565508076263127
4.063999999999692,-3.1818353453841652,0.011730851278663272,-0.5363201593501815,0.19859561387048474,-0.3084138025529141,2.1792600482799687
4.064999999999692,-3.1816361689280814,0.011422329297990428,-0.5341292178144812,0.1997382307863987,-0.30854691077949786,2.201863212964849
4.0659999999996925,-3.181435850226438,0.01111367745809463,-0.5319157250556505,0.2008799370117938,-0.3086734939798605,2.224358801974328
4.066999999999693,-3.181234390379671,0.010804902242544085,-0.5296797894584282,0.20202035098885676,-0.30879364235576984,2.2467452105164845
4.067999999999693,-3.1810317908860575,0.010496010031832327,-0.5274215210643441,0.20315905859260028,-0.30890747190300166,2.2690207304855847
4.0689999999996935,-3.180828053673934,0.010187007078118543,-0.5251410316725692,0.20429561392624412,-0.30901512318410457,2.2911835561020553
4.069999999999694,-3.1806231811327432,0.009877899481806953,-0.5228384349328616,0.20542954089992188,-0.30911675884351275,2.313231794202734
4.070999999999694,-3.1804171761420577,0.009568693171315997,-0.5205138464256054,0.2065603356987364,-0.3092125596808767,2.3351634798693506
4.0719999999996945,-3.180210042097665,0.009259393887548378,-0.5181673837233348,0.2076874702214405,-0.3093027191504137,2.35697659788462
4.072999999999695,-3.1800017829337124,0.008950007174664813,-0.5157991664278022,0.20881039652940073,-0.3093874362400836,2.3786691101853896
4.073999999999695,-3.1797924031399023,0.008640538378752931,-0.5134093161766856,0.20992855228644075,-0.3094669068051572,2.4002389890391
4.0749999999996955,-3.1795819077728034,0.008330992655835836,-0.5109979566145754,0.21104136709596463,-0.3095413135806479,2.421684255124062
4.075999999999696,-3.179370302460445,0.008021374990359346,-0.508565213323994,0.21214826955835475,-0.3096108152626317,2.4430030190944243
4.076999999999696,-3.179157593399611,0.007711690224827399,-0.5061112137139194,0.2132486947885933,-0.3096755352083416,2.464193524633611
4.0779999999996965,-3.1789437873455224,0.007401943100639924,-0.5036360868655191,0.21434209206361673,-0.30973555043226014,2.4852541905409358
4.078999999999697,-3.178728891593973,0.007092138309472868,-0.5011399633374032,0.21542793222390283,-0.30979088164285534,2.5061836491522014
4.079999999999697,-3.1785129139563395,0.00678228055379655,-0.4986229749354067,0.21650571444471525,-0.3098414850508345,2.5269807784414637
4.0809999999996975,-3.178295862728289,0.006472374614442504,-0.49608525445440527,0.2175749720245864,-0.3098872465761899,2.547644725517918
4.081999999999698,-3.178077746653298,0.006162425422587313,-0.49352693540164977,0.21863527691011514,-0.30992797889604,2.568174919889845
4.082999999999698,-3.1778585748823507,0.005852438133195314,-0.49094815171231204,0.2196862427777545,-0.3099634215330312,2.5885710757291194
4.0839999999996985,-3.1776383569313014,0.005542418196890411,-0.48834903746823366,0.22072752661020265,-0.309993243921134,2.6088331833066674
4.084999999999699,-3.1774171026373805,0.00523237142741224,-0.4857297266302515,0.22175882882035117,-0.31001705114152556,2.6289614906419136
4.085999999999699,-3.177194822116239,0.004922304062217877,-0.4830903527930675,0.22277989207414986,-0.31003439182953674,2.6489564770986718
4.0869999999996995,-3.1769715257207265,0.004612222814353536,-0.480431048969658,0.22379049903451595,-0.31004476763537414,2.6688188210914365
4.0879999999997,-3.176747224002347,0.004302134914363879,-0.4777519474099553,0.2247904692869594,-0.31004764358211795,2.6885493642189586
4.0889999999997,-3.1765219276760948,0.003992048141653579,-0.47505317945624753,0.22577965571521316,-0.3100424586960556,2.7081490740445724
4.0899999999997005,-3.176295647589081,0.0036819708453036224,-0.4723348754356532,0.22675794057750184,-0.3100286363690019,2.7276190074565183
4.090999999999701,-3.176068394693146,0.003371911954830844,-0.4695971645882885,0.22772523149906881,-0.31000559402823497,2.7469602761419294
4.091999999999701,-3.175840180021452,0.003061880981742058,-0.466840175028429,0.22868145755240252,-0.3099727518163784,2.766174015267623
4.0929999999997015,-3.1756110146689007,0.002751888012971592,-0.4640640337350924,0.22962656555029498,-0.30992954010453344,2.785261356037208
4.093999999999702,-3.1753809097761225,0.002441943697414653,-0.4612688665679864,0.2305605166335806,-0.3098754057663382,2.8042234024258934
4.094999999999702,-3.175149876516707,0.0021320592267985005,-0.45845479830461916,0.23148328319827247,-0.3098098172229618,2.823061212101416
4.0959999999997025,-3.17491792608734,0.0018222463120918756,-0.45562195269447464,0.2323948461772151,-0.30973226832824957,2.841775781326131
4.096999999999703,-3.1746850697004776,0.0015125171565630673,-0.4527704525264344,0.23329519266938878,-0.30964228120120774,2.860368033495546
4.097999999999703,-3.174451318579232,0.0012028844264780343,-0.44990041970601696,0.234184313894894,-0.3095394081332553,2.8788388108906475
4.0989999999997035,-3.1742166839541515,0.0008933612202979321,-0.4470119753394464,0.23506220344426518,-0.30942323270425715,2.8971888691913703
4.099999999999704,-3.1739811770616178,0.0005839610371019684,-0.44410523982201444,0.23592885578584857,-0.309293370238226,2.9154188743029747
4.100999999999704,-3.1737448091436264,0.0002746977448346437,-0.44118033292863673,0.23678426499333347,-0.30914946772015023,2.933529401074113
4.1019999999997045,-3.173507591448783,-3.4414451320842867e-05,-0.43823737390557677,0.2376284235141268,-0.30899120388375656,2.9515209301293543
4.102999999999705,-3.1732695352348905,-0.0003433610423106741,-0.43527648157388765,0.23846132046420962,-0.30881828910150044,2.9693938390297077
4.103999999999705,-3.173030651771724,-0.0006521272018948118,-0.4322977743230076,0.23928294217830828,-0.3086303785444079,2.9871486985136766
4.1049999999997056,-3.17279095234456,-0.0009606977199110076,-0.4293013697791891,0.2400932717711315,-0.308427035613653,3.0047863949825477
4.105999999999706,-3.1725504482581375,-0.0012690569599887595,-0.4262873847086421,0.2408922870231012,-0.308207847366157,3.022307739173292
4.106999999999706,-3.1723091508422017,-0.0015771888809544981,-0.4232559351162436,0.2416799597540017,-0.30797243080612524,3.0397134439997116
4.1079999999997066,-3.1720670714578727,-0.0018850770728149329,-0.42020713634064816,0.2424562552945544,-0.30772043098224533,3.0570041299589117
4.108999999999707,-3.1718242215044032,-0.002192704783856918,-0.4171411031440611,0.24322113195432185,-0.30745151909962903,3.074180330386959
4.109999999999707,-3.171580612426472,-0.002500054945871114,-0.41405794979685995,0.24397454047165595,-0.3071653906579096,3.0912424964970966
4.1109999999997076,-3.171336255722042,-0.00280711019752926,-0.41095779015730693,0.24471642343445413,-0.30686176362180184,3.1081910021529096
4.111999999999708,-3.171091162950818,-0.0031138529059492434,-0.4078407377466351,0.24544671466344875,-0.30654037662687733,3.1250261483439523
4.112999999999708,-3.1708453457433365,-0.0034202651864837287,-0.40470690581981617,0.246165338552791,-0.3062009872211618,3.1417481673436147
4.113999999999709,-3.170598815810744,-0.0037263289207681754,-0.40155640743233434,0.24687220936597898,-0.305843370142342,3.158357226539329
4.114999999999709,-3.170351584955295,-0.004032025773064005,-0.39838935550329385,0.24756723048892113,-0.30546731563087354,3.174853431934632
4.115999999999709,-3.1701036650816183,-0.004337337204933797,-0.3952058628751857,0.24825029364633167,-0.30507262778115024,3.191236831331916
4.11699999999971,-3.169855068208779,-0.004642244488289085,-0.3920060423706236,0.24892127809294579,-0.3046591229362418,3.207507417214892
4.11799999999971,-3.169605806483159,-0.00494672871685922,-0.3887900068463352,0.24958004979742512,-0.30422662813666507,3.22366512936167
4.11899999999971,-3.1693558921921356,-0.005250770816143405,-0.3855578692446571,0.25022646064446546,-0.30377497964035816,3.239709857233706
4.119999999999711,-3.1691053377785483,-0.005554351551929312,-0.38230974264272755,0.25086034768958476,-0.30330402153955743,3.2556414422033013
4.120999999999711,-3.1688541558558523,-0.005857451537492401,-0.3790457402994982,0.25148153251125693,-0.3028136045105551,3.2714596797030433
4.121999999999711,-3.1686023592238577,-0.00616005123963172,-0.37576597570059256,0.25208982071607855,-0.3023035847439961,3.287164321404238
4.122999999999712,-3.1683499608848527,-0.0064621309837517285,-0.3724705626009168,0.25268500166372193,-0.3017738231156622,3.302755077556523
4.123999999999712,-3.1680969740598623,-0.006763670958265404,-0.369159615064787,0.2532668484881952,-0.30122418466917944,3.3182316196447714
4.124999999999712,-3.167843412204701,-0.007064651218669716,-0.3658332475031678,0.253835118498423,-0.30065453849056084,3.333593583537358
4.125999999999713,-3.167589289025403,-0.007365051691726111,-0.36249157470744275,0.25438955404174013,-0.3000647580568927,3.348840573305193
4.126999999999713,-3.1673346184925233,-0.007664852180257866,-0.35913471187896034,0.25492988390547505,-0.29945472213399643,3.3639721658750696
4.127999999999713,-3.167079414853746,-0.007964032369141337,-0.3557627746534576,0.2554558253113207,-0.2988243162765437,3.3789879166344314
4.128999999999714,-3.1668236926441997,-0.008262571833103643,-0.3523758791193853,0.25596708652245465,-0.2981734349456219,3.393887366019812
4.129999999999714,-3.1665674666938632,-0.00856045004692742,-0.3489741418291851,0.25646337003417846,-0.29750198420210483,3.4086700469947586
4.130999999999714,-3.1663107521315403,-0.008857646398586935,-0.3455576798027442,0.2569443762582206,-0.2968098848622278,3.423335493160914
4.131999999999715,-3.1660535643849608,-0.009154140205687536,-0.3421266105225957,0.257409807545781,-0.2960970759225398,3.4378832470661975
4.132999999999715,-3.1657959191767855,-0.009449910735350904,-0.3386810519209577,0.2578593723356596,-0.2953635179882859,3.4523128681078874
4.133999999999715,-3.165537832516507,-0.009744937227396324,-0.3352211223593677,0.25829278917416043,-0.2946091963890915,3.4666239393160834
4.134999999999716,-3.1652793206885033,-0.010039198920343955,-0.33174694060240073,0.25870979034445724,-0.29383412365484424,3.4808160722841377
4.135999999999716,-3.1650204002367572,-0.010332675079454692,-0.32825862578765586,0.2591101248711828,-0.2930383410632097,3.4948889096131937
4.136999999999716,-3.16476108794695,-0.010625345025772481,-0.3247562973947247,0.2594935607294769,-0.29222191905788547,3.5088421244580545
4.137999999999717,-3.164501400826776,-0.010917188164992644,-0.3212400752161217,0.25985988617610273,-0.2913849564606058,3.5226754170702748
4.138999999999717,-3.164241356085356,-0.011208184014969463,-0.3177100793330874,0.26020891021669573,-0.29052757853719113,3.5363885085751754
4.139999999999717,-3.163980971112569,-0.01149831223079869,-0.31416643009878276,0.26054046230940814,-0.28964993410212897,3.549981132525956
4.140999999999718,-3.1637202634589947,-0.01178755262664156,-0.31060924813072943,0.26085439146659045,-0.28875219193492285,3.5634530249932537
4.141999999999718,-3.1634592508169703,-0.012075885193753957,-0.3070386543135398,0.26115056494554606,-0.28783453682248417,3.576803914040553
4.142999999999718,-3.1631979510030863,-0.012363290114499211,-0.3034547698121322,0.26142886671777754,-0.28689716553500727,3.590033509403933
4.143999999999719,-3.162936381942256,-0.012649747772411464,-0.2998577160948703,0.2616891958807389,-0.28594028299793656,3.6031414930641232
4.144999999999719,-3.162674561653347,-0.012935238758607907,-0.2962476149654677,0.26193146513705623,-0.2849640988551001,3.6161275112096782
4.145999999999719,-3.162412508236275,-0.013219743875007175,-0.29262458860210366,0.2621555994233454,-0.28396882454357325,3.6289911678838123
4.14699999999972,-3.162150239860371,-0.013503244134897334,-0.28898875960199977,0.2623615347315953,-0.28295467093188503,3.64173202041756
4.14799999999972,-3.1618877747538288,-0.013785720761419883,-0.2853402510296862,0.26254921713487767,-0.2819218465175029,3.654349576599182
4.14899999999972,-3.1616251311940307,-0.014067155184511215,-0.28167918646729295,0.2627186020073105,-0.2808705561401478,3.6668432934224082
4.149999999999721,-3.161362327498567,-0.014347529036786412,-0.2780056900653937,0.2628696534151303,-0.27980100014386555,3.6792125771927684
4.150999999999721,-3.161099382016787,-0.014626824148776706,-0.2743198865931671,0.263002343649725,-0.27871337391029943,3.6914567847447293
4.151999999999721,-3.1608363131217665,-0.01490502254385312,-0.2706219014868886,0.26311665287251973,-0.2776078676848291,3.7035752255231107
4.152999999999722,-3.160573139202576,-0.01518210643309252,-0.26691186089600527,0.26321256884380717,-0.2764846666228079,3.715567164300897
4.153999999999722,-3.160309878656796,-0.015458058210273743,-0.2631898917262587,0.2632900867114805,-0.27534395099221404,3.7274318243341207
4.154999999999722,-3.1600465498832193,-0.015732860447132818,-0.25945612167950527,0.2633492088400839,-0.27418589647953523,3.7391683907870124
4.155999999999723,-3.159783171274708,-0.016006495888958274,-0.255710679290034,0.2633899446649685,-0.2730106745562139,3.7507760142929922
4.156999999999723,-3.1595197612111923,-0.016278947450569795,-0.2519536939572995,0.26341231056025494,-0.2718184528726463,3.7622538145469107
4.157999999999723,-3.159256338052793,-0.01655019821269469,-0.24818529597508124,0.26341632971258594,-0.2706093956551323,3.7736008838499444
4.158999999999724,-3.1589929201330733,-0.01682023141873576,-0.24440561655714604,0.2634020319952849,-0.2693836640881795,3.7848162905503417
4.159999999999724,-3.1587295257524177,-0.017089030471909326,-0.24061478785953866,0.26336945383955535,-0.26814141667020813,3.7958990823408687
4.160999999999724,-3.1584661731715373,-0.01735657893272275,-0.2368129429996577,0.2633186381008531,-0.2668828095351288,3.806848289387735
4.161999999999725,-3.1582028806051174,-0.017622860516754817,-0.23300021607229318,0.26324963391962686,-0.2656079967356325,3.8176629272764724
4.162999999999725,-3.1579396662156025,-0.017887859092699698,-0.22917674216281286,0.26316249657635005,-0.2643171304865436,3.8283419997682744
4.163999999999725,-3.157676548107133,-0.018151558680634436,-0.22534265735768721,0.26305728734123124,-0.26301036136839273,3.838884501366156
4.164999999999726,-3.15741354431963,-0.01841394345047074,-0.22149809875254223,0.26293407331926727,-0.2616878384926372,3.849289419694448
4.165999999999726,-3.15715067282304,-0.018674997720553834,-0.21764320445792337,0.2627929272914396,-0.2603497096308011,3.8595557376979635
4.166999999999726,-3.156887951511741,-0.018934705956373567,-0.21377811360294718,0.26263392755289644,-0.25899612131034205,3.8696824356689903
4.167999999999727,-3.1566253981991093,-0.01919305276935608,-0.20990296633700817,0.2624571577489438,-0.2576272188803505,3.879668493111329
4.168999999999727,-3.1563630306122503,-0.019450022915707455,-0.206017903829699,0.2622627067096064,-0.2562431465503177,3.8895128904511234
4.169999999999727,-3.1561008663868977,-0.019705601295283974,-0.20212306826909257,0.26205066828343865,-0.2548440474052194,3.89921461060433
4.170999999999728,-3.15583892306248,-0.019959772950467004,-0.19821860285852388,0.26182114117117194,-0.2534300634000889,3.9087726404105467
4.171999999999728,-3.1555772180773465,-0.020212523065023427,-0.19430465181200127,0.2615742287596918,-0.25200133533712765,3.9181859719425507
4.172999999999728,-3.1553157687641686,-0.02046383696293564,-0.19038136034836625,0.2613100389567467,-0.250558002828236,3.9274536037004633
4.173999999999729,-3.1550545923454987,-0.020713700107187955,-0.18644887468431368,0.2610286840267093,-0.24910020424566734,3.9365745416989193
4.174999999999729,-3.154793705929495,-0.020962098098498718,-0.1825073420263745,0.2607302804276355,-0.2476280766633154,3.945547800455054
4.175999999999729,-3.154533126505809,-0.021209016673989996,-0.17855691056195755,0.26041494864980447,-0.24614175579094946,3.9543724038845625
4.17699999999973,-3.1542728709416332,-0.02145444170578888,-0.17459772944953794,0.2600828130558703,-0.24464137590352192,3.963047386112513
4.17799999999973,-3.1540129559779073,-0.02169835919955639,-0.17062994880807503,0.25973400172271205,-0.24312706976748552,3.9715717922050677
4.17899999999973,-3.1537533982256836,-0.021940755292941955,-0.1666537197057357,0.2593686462850374,-0.24159896856588015,3.9799446788277426
4.179999999999731,-3.153494214162645,-0.022181616253963025,-0.1626691941479939,0.2589868817807689,-0.24005720182377874,3.9881651148353705
4.180999999999731,-3.1532354201297785,-0.022420928479310875,-0.1586765250651724,0.25858884649822717,-0.23850189733552335,3.996232181798484
4.181999999999731,-3.152977032328202,-0.022658678492585096,-0.1546758662994881,0.25817468182511477,-0.23693318109503078,4.0041449744704325
4.182999999999732,-3.152719066816137,-0.02289485294246037,-0.15066737259165824,0.25774453209930076,-0.23535117723030588,4.011902601199172
4.183999999999732,-3.152461539506034,-0.02312943860079029,-0.14665119956712094,0.2572985444614076,-0.23375600794316934,4.019504184287347
4.184999999999732,-3.1522044661618422,-0.023362422360653872,-0.1426275037219201,0.2568368687092077,-0.2321477934550812,4.026948860303956
4.185999999999733,-3.1519478623964248,-0.023593791234351263,-0.13859644240830143,0.2563596571538455,-0.23052665195982616,4.034235780350662
4.186999999999733,-3.1516917436691148,-0.023823532351355814,-0.13455817382006396,0.25586706447791224,-0.22889269958371755,4.041364110285518
4.187999999999733,-3.1514361252834164,-0.02405163295623035,-0.13051285697770768,0.255359247595414,-0.22724605035387452,4.048333030906717
4.188999999999734,-3.15118102238484,-0.024278080406515967,-0.12646065171341658,0.25483636551368866,-0.22558681617503187,4.055141738098742
4.189999999999734,-3.150926449958879,-0.024502862170602,-0.12240171865591343,0.2542985791973411,-0.2239151068152518,4.061789442943159
4.190999999999734,-3.1506724228291194,-0.024725965825586334,-0.1183362192152204,0.25374605143428347,-0.22223102990082289,4.068275371796119
4.191999999999735,-3.15041895565548,-0.02494737905513521,-0.11426431556735817,0.2531789467039794,-0.2205346909205524,4.07459876633454
4.192999999999735,-3.1501660629325894,-0.025167089647352172,-0.11018617063901354,0.2525974310480089,-0.21882619323958463,4.080758883572796
4.193999999999735,-3.1499137589882844,-0.025385085492665497,-0.10610194809220456,0.2520016719430811,-0.2171056381228078,4.086754995851671
4.194999999999736,-3.1496620579822405,-0.025601354581743944,-0.10201181230896973,0.2513918381766351,-0.21537312476784762,4.0925863908012285
4.195999999999736,-3.1494109739047174,-0.025815885003450154,-0.09791592837610666,0.2507680997251804,-0.21362875034758527,4.098252371279182
4.196999999999736,-3.1491605205754354,-0.02602866494284135,-0.09381446206998412,0.250130627635536,-0.21187261006208077,4.103752255286302
4.197999999999737,-3.1489107116425563,-0.02623968267922655,-0.08970757984144938,0.24947959390913502,-0.21010479719973027,4.1090853758603085
4.198999999999737,-3.148661560581793,-0.026448926584289455,-0.0855954488008519,0.24881517138956574,-0.20832540320743753,4.11425108094967
4.199999999999737,-3.1484130806956143,-0.02665638512028595,-0.08147823670320269,0.2481375336535245,-0.20653451776953563,4.119248733268694
4.200999999999738,-3.148165285112571,-0.026862046838324702,-0.07735611193348725,0.24744685490535515,-0.204732228895153,4.124077710135217
4.201999999999738,-3.147918186786715,-0.027065900376739244,-0.0732292434921491,0.24674330987534948,-0.20291862301368183,4.128737403292221
4.202999999999738,-3.1476717984971256,-0.027267934459559415,-0.06909780098075911,0.24602707372198004,-0.20109378507797282,4.133227218714609
4.203999999999739,-3.1474261328475266,-0.027468137895089666,-0.06496195458788499,0.24529832193823123,-0.19925779867485033,4.137546576402396
4.204999999999739,-3.1471812022659966,-0.027666499574601378,-0.06082187507517383,0.244557230262188,-0.19741074614251536,4.141694910161514
4.205999999999739,-3.146937019004769,-0.02786300847114581,-0.05667773376365952,0.24380397459203298,-0.19555270869438124,4.145671667373391
4.20699999999974,-3.1466935951401096,-0.028057653638493933,-0.052529702520305775,0.2430387309055923,-0.19368376654886596,4.149476308754472
4.20799999999974,-3.146450942572277,-0.028250424210208774,-0.04837795374479412,0.24226167518455946,-0.19180399906464976,4.153108308106786
4.20899999999974,-3.1462090730255534,-0.028441309398855603,-0.04422266035656532,0.24147298334351264,-0.18991348488089171,4.15656715206066
4.209999999999741,-3.145967998048347,-0.02863029849535453,-0.04006399578212164,0.2406728311638285,-0.1880123020618895,4.159852339810629
4.210999999999741,-3.145727729013353,-0.028817380868479806,-0.035902133942596046,0.23986139423257896,-0.18610052824565768,4.162963382845601
4.211999999999741,-3.1454882771177806,-0.029002545964509425,-0.031737249241593754,0.23903884788648333,-0.18417824079589495,4.16589980467426
4.212999999999742,-3.145249653383625,-0.02918578330702815,-0.027569516553310316,0.23820536716097115,-0.18224551695680832,4.168661140546706
4.213999999999742,-3.145011868657994,-0.029367082496886594,-0.02339911121092952,0.2373611267443954,-0.18030243401026044,4.171246937173274
4.214999999999742,-3.144774933613477,-0.02954643321231836,-0.019226208995303515,0.23650630093741856,-0.17834906943470874,4.173656752441464
4.215999999999743,-3.144538858748547,-0.029723825209216796,-0.015050986123916529,0.23564106361757786,-0.1763855010654076,4.17589015513187
4.216999999999743,-3.144303654388004,-0.02989924832157238,-0.010873619240132807,0.2347655882090197,-0.17441180725534988,4.177946724633997
4.217999999999743,-3.144069330683438,-0.030072692462071175,-0.006694285402728411,0.23388004765737674,-0.17242806703643024,4.179826050662793
4.218999999999744,-3.1438358976137186,-0.030244147622854357,-0.0025131620757057735,0.2329846144097461,-0.17043436028031964,4.181527732976743
4.219999999999744,-3.143603364985503,-0.030413603876438256,0.0016695728816109572,0.23207946039971128,-0.16843076785854966,4.183051381098301
4.220999999999744,-3.143371742433752,-0.030581051376793872,0.005853741224202529,0.2311647570373368,-0.1664173718013134,4.184396614037464
4.221999999999745,-3.1431410394222596,-0.030746480360584364,0.010039164330706656,0.2302406752040501,-0.16439425545449993,4.185563060019234
4.222999999999745,-3.142911265244181,-0.030909881148558464,0.014225663212499833,0.2293073852523124,-0.16236150363448892,4.186550356215727
4.223999999999745,-3.1426824290225586,-0.031071244147097395,0.018413058522513875,0.22836505700996812,-0.1603192027802431,4.187358148483645
4.224999999999746,-3.1424545397108448,-0.031230559849912312,0.02260117056379295,0.2274138597891505,-0.15826744110224536,4.187986091107843
4.225999999999746,-3.1422276060934085,-0.031387818839888955,0.0267898192977975,0.22645396239961058,-0.15620630872783886,4.1884338465516935
4.226999999999746,-3.142001636786032,-0.0315430117910756,0.030978824352462263,0.22548553316632666,-0.15413589784253762,4.188701085214943
4.227999999999747,-3.141776640236384,-0.03169612947081019,0.03516800503001615,0.2245087399512413,-0.15205630282688587,4.188787485199756
4.228999999999747,-3.1415526247244703,-0.031847162741981884,0.03935718031457261,0.22352375017896425,-0.1499676203884539,4.188692732085643
4.229999999999747,-3.1413295983631055,-0.03199610256556576,0.04354616887907883,0.22253073065387724,-0.14786995029844535,4.188416516060801
4.230999999999748,-3.1411075690994887,-0.032142940006530674,0.047734789079835485,0.2215298459513735,-0.1457634002364717,4.187958511195352
4.231999999999748,-3.140886544716567,-0.03228766623939868,0.05192285894334702,0.2205212594669116,-0.14364808301560028,4.187318387875592
4.232999999999748,-3.1406665328341967,-0.03243027255342084,0.05611019617014373,0.21950513435532928,-0.1415241141091175,4.186495823850756
4.233999999999749,-3.140447540909169,-0.03257075035473536,0.06029661814222335,0.21848163358583794,-0.13939161171393197,4.185490504210978
4.234999999999749,-3.140229576235357,-0.032709091169098536,0.06448194193029869,0.21745091998567184,-0.13725069684785085,4.1843021212005995
4.235999999999749,-3.1400126459438384,-0.03284528664475121,0.06866598430086604,0.2164131562864927,-0.13510149343922012,4.182930374046579
4.23699999999975,-3.139796757002965,-0.032979328555370904,0.07284856172310977,0.21536850517330414,-0.1329441284085897,4.181374968802567
4.23799999999975,-3.1395819162183827,-0.03311120880310151,0.07702949037565915,0.21431712933562172,-0.13077873174207555,4.179635618209237
4.23899999999975,-3.1393681302330037,-0.03324091942165201,0.0812085861532138,0.21325919152063552,-0.1286054365561035,4.177712041571407
4.239999999999751,-3.139155405526919,-0.03336845257945552,0.08538566467305492,0.21219485458809018,-0.1264243791532328,4.175603964652452
4.240999999999751,-3.1389437484172587,-0.033493800582879624,0.08956054128145972,0.211124281566598,-0.12423569906877102,4.173311119586476
4.241999999999751,-3.138733165057995,-0.033616955879478515,0.09373303106003722,0.2100476357110867,-0.12203953910790695,4.170833244808659
4.242999999999752,-3.1385236614396876,-0.0337379110612775,0.09790294883200344,0.20896508056107152,-0.11983604537310534,4.168170085004132
4.243999999999752,-3.138315243389167,-0.03385665886807984,0.10207010916841502,0.20787677999942644,-0.1176253672815242,4.165321391075675
4.244999999999752,-3.1381079165691643,-0.03397319219078603,0.10623432639438002,0.20678289831131458,-0.11540765757223503,4.162286920130446
4.245999999999753,-3.13790168647788,-0.03408750407471499,0.11039541459526492,0.2056836002429216,-0.11318307230304697,4.159066435485871
4.246999999999753,-3.137696558448491,-0.034199587722916924,0.11455318762291726,0.2045790510596191,-0.11095177083675761,4.155659706694704
4.247999999999753,-3.137492537648607,-0.034309436499466994,0.11870745910192283,0.20346941660316753,-0.10871391581667757,4.1520665095892
4.248999999999754,-3.1372896290796612,-0.03441704393272916,0.12285804243591648,0.2023548633475494,-0.1064696731313004,4.148286626344163
4.249999999999754,-3.1370878375762565,-0.03452240371857913,0.12700475081396534,0.20123555845300545,-0.10421921186801604,4.144319845558542
4.250999999999754,-3.1368871678054484,-0.03462550972357563,0.13114739721704263,0.20011166981782694,-0.10196270425579317,4.140165962355073
4.251999999999755,-3.1366876242659854,-0.0347263559880687,0.13528579442461006,0.1989833661274381,-0.09970032559678531,4.1358247784973265
4.252999999999755,-3.136489211287497,-0.03482493672923413,0.1394197550213254,0.19785081690028403,-0.09743225418684345,4.131296102523326
4.253999999999755,-3.136291933029641,-0.03492124634402287,0.14354909140389174,0.1967141925300198,-0.09515867122494866,4.126579749894726
4.254999999999756,-3.1360957934812084,-0.03501527941201422,0.14767361578806312,0.1955736643234795,-0.09287976071160785,4.1216755431603636
4.255999999999756,-3.1359007964591923,-0.035107030698162116,0.15179314021582033,0.19442940453388563,-0.09059570933628545,4.1165833121327395
4.256999999999756,-3.135706945607828,-0.03519649515542328,0.15590747656272902,0.1932815863887435,-0.08830670635397345,4.111302894075829
4.257999999999757,-3.1355142443976085,-0.03528366792725657,0.16001643654549055,0.19213038411185082,-0.08601294345103062,4.105834133902339
4.258999999999757,-3.1353226961242786,-0.0353685443499829,0.16411983172969383,0.19097597293883972,-0.08371461460044949,4.100176884378331
4.259999999999757,-3.135132303907819,-0.035451119954995204,0.16821747353777466,0.18981852912565725,-0.0814119159067353,4.094331006332847
4.260999999999758,-3.1349430706914245,-0.03553139047080819,0.172309173257186,0.18865822994938367,-0.07910504544060638,4.088296368869964
4.261999999999758,-3.134754999240487,-0.035609351824937734,0.17639474204878045,0.1874952537007814,-0.07679420306374704,4.082072849580405
4.262999999999758,-3.134568092141588,-0.03568500014560022,0.18047399095540265,0.1863297796679674,-0.07447959024386502,4.0756603347496
4.263999999999759,-3.1343823518015155,-0.0357583317632222,0.1845467309106868,0.18516198811060383,-0.0721614098603244,4.069058719558809
4.264999999999759,-3.134197780446308,-0.035829343211751026,0.1886127727480502,0.1839920602240099,-0.06983986600064028,4.062267908275689
4.265999999999759,-3.1340143801203415,-0.03589803122975759,0.1926719272098704,0.1828201780926114,-0.0675151637481369,4.055287814430383
4.26699999999976,-3.1338321526854704,-0.035964392761322427,0.19672400495682968,0.18164652463216385,-0.06518750896108377,4.048118360973027
4.26799999999976,-3.133651099820228,-0.036028424956696795,0.2007688165774057,0.18047128352021397,-0.06285710804363644,4.04075948040829
4.26899999999976,-3.133471223019105,-0.03609012517273074,0.20480617259748354,0.17929463911429988,-0.060524167708920995,4.033211114902409
4.269999999999761,-3.1332925235919173,-0.03614949097306053,0.20883588349005894,0.17811677635743897,-0.05818889473461476,4.025473216357998
4.270999999999761,-3.133115002663272,-0.03620652012804792,0.21285775968499815,0.17693788067051178,-0.055851495711391405,4.017545746451793
4.271999999999761,-3.1329386611721497,-0.036261210614464655,0.21687161157881518,0.175758137831225,-0.0535121767846194,4.009428676630483
4.272999999999762,-3.132763499871614,-0.036313560614915245,0.2208772495444217,0.17457773383942876,-0.05117114338973026,4.001121988059799
4.273999999999762,-3.132589519328663,-0.03636356851699232,0.22487448394080084,0.17339685476867553,-0.04882859998171002,3.9926256715222146
4.274999999999762,-3.132416719924235,-0.03641123291215862,0.22886312512255108,0.17221568660404354,-0.046484749759218534,3.9839397272589285
4.275999999999763,-3.1322451018533837,-0.036456552594350725,0.23284298344924267,0.17103441506641118,-0.04413979438390968,3.9750641647523173
4.276999999999763,-3.1320746651256375,-0.03649952655829991,0.2368138692945255,0.16985322542356404,-0.04179393369561681,3.9659990024458045
4.277999999999763,-3.1319054095655505,-0.03654015399756654,0.24077559305492446,0.16867230228874788,-0.03944736542418809,3.956744267399159
4.278999999999764,-3.1317373348134643,-0.03657843430228492,0.2447279651582578,0.16749182940755403,-0.03710028489891193,3.9472999948786827
4.279999999999764,-3.131570440326486,-0.03661436705661687,0.24867079607161324,0.16631198943434305,-0.03475288475667138,3.9376662278836543
4.280999999999764,-3.131404725379695,-0.03664795203591345,0.2526038963088205,0.1651329636997838,-0.032405354650215164,3.9278430166128566
4.281999999999765,-3.131240189067586,-0.036679189203585615,0.2565270764373628,0.16395493197150904,-0.03005788095824227,3.9178304178781387
4.282999999999765,-3.131076830305755,-0.036708078707686824,0.26044014708467983,0.16277807221037222,-0.027710646499372594,3.9076284944758424
4.283999999999765,-3.1309146478328262,-0.036734620877212576,0.26434291894382766,0.16160256032532763,-0.025363830252525716,3.897237314531679
4.284999999999766,-3.1307536402126277,-0.03675881621812483,0.26823520277847834,0.16042856993054735,-0.023017607086759,3.8866569508403335
4.285999999999766,-3.130593805836605,-0.03678066540911245,0.2721168094272681,0.15925627210902182,-0.02067214750422336,3.875887480227789
4.286999999999766,-3.130435142926464,-0.03680016929710309,0.2759875498075338,0.1580858351875501,-0.01832761740057675,3.864928982972064
4.287999999999767,-3.130277649537035,-0.03681732889254629,0.2798472349185172,0.15691742452868396,-0.01598417784793561,3.8537815423266664
4.288999999999767,-3.130121323559329,-0.03683214536449326,0.28369567584416605,0.15575120234581197,-0.013641984906216742,3.8424452442003574
4.289999999999767,-3.12996616272377,-0.036844620035504934,0.28753268375571905,0.15458732754810176,-0.011301189469483781,3.8309201770563686
4.290999999999768,-3.129812164603558,-0.03685475437642702,0.2913580699143295,0.1534259556224004,-0.008961937154600624,3.819206432103395
4.291999999999768,-3.1296593266181354,-0.03686255000107806,0.295171645674059,0.15226723855934524,-0.006624368240025023,3.807304103858569
4.292999999999768,-3.1295076460366955,-0.03686800866090477,0.29897322248565555,0.1511113248307743,-0.00428861766283993,3.7952132911679626
4.293999999999769,-3.129357119981691,-0.03687113223966685,0.30276261190161724,0.14995835942495936,-0.001954815081990677,3.7829340987714297
4.294999999999769,-3.1292077454322715,-0.03687192274822121,0.30653962558312786,0.1488084839451292,0.0003769149849724837,3.7704666394939435
4.295999999999769,-3.129059519227595,-0.036870382319482094,0.3103040753095266,0.14766183677515085,0.0027064529456964875,3.757811037133104
4.29699999999977,-3.1289124380699302,-0.03686651320363872,0.31405577299103443,0.14651855331407024,0.005033683833576379,3.7449674300903295
4.29799999999977,-3.1287664985275017,-0.03686031776371429,0.31779453068549174,0.14537876627852306,0.0073584969242907194,3.7319359757600696
4.29899999999977,-3.1286216970369907,-0.036851798471548985,0.32152016061985306,0.1442426060689357,0.009680785271455305,3.718716855646722
4.299999999999771,-3.1284780299056476,-0.03684095790428457,0.32523247521713017,0.14311020119214926,0.012000445169164905,3.7053102811237943
4.300999999999771,-3.128335493312953,-0.03682779874141739,0.3289312871293563,0.14198167872991596,0.0143173755542924,3.691716499687032
4.301999999999771,-3.1281940833117976,-0.03681232376247156,0.332616409276964,0.1408571648399898,0.016631477366554404,3.6779358014876875
4.302999999999772,-3.128053795829148,-0.0367945358453238,0.33628765489472395,0.13973678527463257,0.018942652888975158,3.6639685258707635
4.303999999999772,-3.1279146266661932,-0.036774437965186375,0.3399448375840911,0.13862066590060731,0.021250805094862327,3.64981506759427
4.304999999999772,-3.127776571497976,-0.036752033194228276,0.34358777137146435,0.1375089332053354,0.02355583702914177,3.6354758823779485
4.305999999999773,-3.1276396258725305,-0.036727324701786385,0.3472162707715125,0.13640171477587218,0.02585765125141712,3.620951491430924
4.306999999999773,-3.127503785209562,-0.03670031575509254,0.35083015085438296,0.13529913974051772,0.028156149365204997,3.6062424846418555
4.307999999999773,-3.1273690447986997,-0.03667100972042038,0.3544292273153241,0.13420133916682467,0.030451231652563762,3.5913495221824983
4.308999999999774,-3.1272353997973807,-0.0366394100645399,0.3580133165450494,0.13310844641395578,0.032742796826250725,3.5762733343713857
4.309999999999774,-3.127102845228399,-0.036605520356359667,0.3615822356990737,0.1320205974411949,0.03503074190337936,3.561014719758951
4.310999999999774,-3.1269713759771682,-0.03656934426863661,0.36513580276427454,0.1309379310774161,0.03731496219624889,3.5455745415161166
4.311999999999775,-3.1268409867887303,-0.03653088557964153,0.36867383662107067,0.1298605892581251,0.03959535140854162,3.5299537223211304
4.312999999999775,-3.126711672264543,-0.036490148174683205,0.37219615709985293,0.12878871723719396,0.04187180181922718,3.5141532380316622
4.313999999999775,-3.12658342685906,-0.0364471360474139,0.3757025850306239,0.12772246377973426,0.04414420453279253,3.498174110491747
4.314999999999776,-3.126456244876132,-0.03640185330086087,0.3791929422851695,0.12666198134099824,0.046412449773001525,3.482017399851639
4.315999999999776,-3.12633012046523,-0.036354304148151696,0.38266705181146293,0.12560742623416182,0.04867642719811742,3.465684196773659
4.316999999999776,-3.1262050476175114,-0.036304492912921725,0.3861247376603619,0.12455895878773954,0.0509360262179803,3.449175614863452
4.317999999999777,-3.126081020161725,-0.036252424029410084,0.38956582500497067,0.12351674349155031,0.05319113629696155,3.4324927836113495
4.318999999999777,-3.125958031759988,-0.036198102042264646,0.39299014015329237,0.12248094912882565,0.05544164723102765,3.4156368420615664
4.319999999999777,-3.1258360759034343,-0.03614153160608582,0.396397510554979,0.12145174889133097,0.05768744939141177,3.3986089333561216
4.320999999999778,-3.125715145907752,-0.03608271748474483,0.3997877648030983,0.12042932047424912,0.05992843393130499,3.381410200232758
4.321999999999778,-3.1255952349086473,-0.036021664550513796,0.4031607326318857,0.11941384614796216,0.06216449295527917,3.364041781496736
4.322999999999778,-3.1254763358572433,-0.035958377783043984,0.4065162449114454,0.11840551280462913,0.06439551965371547,3.3465048094381156
4.323999999999779,-3.125358441515445,-0.035892862268225356,0.40985413364031553,0.1174045119784456,0.0666214084063235,3.3288004081301414
4.324999999999779,-3.1252415444512995,-0.035825123196955924,0.41317423193673614,0.11641103983954874,0.0688420548599643,3.3109296925201543
4.325999999999779,-3.1251256370343747,-0.035755165863843585,0.41647637402936183,0.11542529716259002,0.07105735598654847,3.2928937682108206
4.32699999999978,-3.125010711431179,-0.03568299566585766,0.4197603952480565,0.11444748927195679,0.07326721012690056,3.274693731824481
4.32799999999978,-3.1248967596006483,-0.03560861810094115,0.4230261320152992,0.11347782596643699,0.0754715170262925,3.2563306718451006
4.32899999999978,-3.1247837732897175,-0.03553203876658942,0.42627342183862965,0.1125165214267652,0.07767017786696756,3.2378056698387296
4.329999999999781,-3.1246717440289893,-0.03545326335839585,0.42950210330446514,0.11156379410996224,0.07986309530249561,3.2191198019628553
4.330999999999781,-3.1245606631285154,-0.035372297668560454,0.43271201607353826,0.11061986663469336,0.08205017349829231,3.200274140686169
4.331999999999781,-3.124450521673695,-0.03528914758435325,0.4359030008781311,0.10968496566203931,0.08423131818214818,3.18126975665206
4.332999999999782,-3.1243413105212903,-0.03520381908652076,0.43907489952122153,0.1087593217761176,0.08640643670817741,3.1621077206307335
4.333999999999782,-3.1242330202955637,-0.03511631824762046,0.44222755487760695,0.10784316936892444,0.08857543813722644,3.1427891055158024
4.334999999999782,-3.124125641384522,-0.03502665123026562,0.44536081089703206,0.10693674653359812,0.09073823333647481,3.123314988331102
4.335999999999783,-3.1240191639362664,-0.034934824285259784,0.44847451260931787,0.10604029497003736,0.0928947351007058,3.103686452222202
4.336999999999783,-3.1239135778554235,-0.03484084374959829,0.4515685061314663,0.10515405990642876,0.09504485829749551,3.0839045884144936
4.337999999999783,-3.123808872799651,-0.03474471604431178,0.45464263867670135,0.10427829003972847,0.09718852003832767,3.063970498125798
4.338999999999784,-3.1237050381761886,-0.034646447672124915,0.45769675856539643,0.10341323749746156,0.09932563987733461,3.043885294426118
4.339999999999784,-3.123602063138438,-0.034546045214902045,0.4607307152378336,0.10255915779331594,0.10145613995558785,3.023650103719972
4.340999999999784,-3.123499936583171,-0.0344435153326509,0.46374435926368107,0.10171630859678896,0.10357994169707124,3.0032660538004645
4.341999999999785,-3.1233986471488033,-0.03433886476537609,0.4667375423352099,0.10088494884891458,0.10569696345047644,2.9827342653631117
4.342999999999785,-3.1232981832130937,-0.034232100333101985,0.4697101172732153,0.1000653408722559,0.1078071267229946,2.962055876360467
4.343999999999785,-3.123198532889802,-0.034123228932752395,0.4726619380469639,0.09925775062714269,0.10991035708658663,2.9412320457030243
4.344999999999786,-3.123099684024886,-0.034012257533512155,0.47559285979586274,0.09846244776830444,0.1120065845236378,2.920263954663175
4.345999999999786,-3.1230016241927867,-0.033899193172245,0.47850273885247474,0.09767970568530297,0.11409574377081905,2.899152808156346
4.346999999999786,-3.12290434069269,-0.03378404294857841,0.48139143276673313,0.09690980150304021,0.11617777463788627,2.87789983584962
4.347999999999787,-3.122807820544825,-0.03366681401969782,0.48425880033114826,0.09615301600879807,0.11825262226557334,2.856506293020636
4.348999999999787,-3.1227120504868875,-0.033547513594936525,0.48710470160670166,0.09540963345933635,0.1203202372684942,2.834973461050282
4.349999999999787,-3.1226170169707497,-0.033426148930314856,0.4899289979489808,0.09467994120471351,0.12238057568266864,2.81330264737713
4.350999999999788,-3.122522706159669,-0.03330272732328043,0.4927315520338992,0.0939642290437584,0.124433598599556,2.791495184663558
4.351999999999788,-3.1224291039263252,-0.03317725610804498,0.495512227882044,0.09326278819847444,0.1264792713146354,2.7695524288145754
4.352999999999788,-3.1223361958521387,-0.033049742652122266,0.49827089088026466,0.09257590976005511,0.12851756174221765,2.7474757553392726
4.353999999999789,-3.122243967228484,-0.03292019435497096,0.5010074077985048,0.09190388241676303,0.1305484377409245,2.7252665533370983
4.354999999999789,-3.1221524030606433,-0.032788618650073355,0.5037216467990314,0.09124698922338005,0.13257186284606814,2.702926216109969
4.355999999999789,-3.1220614880755875,-0.0326550230123802,0.5064134774340359,0.09060550311446844,0.13458778970661567,2.680456127031841
4.35699999999979,-3.1219712067350356,-0.03251941497387532,0.5090827706259945,0.08997968080413955,0.13659615027496602,2.6578576388521635
4.35799999999979,-3.121881543403972,-0.03238180308280382,0.511729397546312,0.08936945407251536,0.13859493092782127,2.635128677996723
4.35899999999979,-3.121792482487556,-0.032242197885695545,0.5143532256882871,0.08877473511759093,0.14058173596592555,2.6122665533413043
4.359999999999791,-3.121704008305716,-0.03210061107623216,0.5169541234284937,0.08819594604179926,0.14255756437718028,2.589274556467326
4.360999999999791,-3.1216161047788233,-0.031957053278199456,0.5195319625175226,0.08763341280542931,0.14452339467319364,2.5661558828084674
4.361999999999791,-3.1215287555427027,-0.03181153407382202,0.5220866177170629,0.08708732767962687,0.14648003251650918,2.5429133543754743
4.362999999999792,-3.121441944114545,-0.03166406233262387,0.5246179664104963,0.08655773341153741,0.1484280960635478,2.519549385235106
4.363999999999792,-3.121355654049047,-0.03151464640981433,0.5271258881722717,0.08604451004370048,0.15036799289578787,2.4960659350054675
4.364999999999792,-3.121269869101849,-0.03136329436988653,0.5296102642904145,0.08554737465536866,0.15229989303734384,2.472464465288968
4.365999999999793,-3.121184573380816,-0.031210014234043112,0.5320709772584358,0.08506590762011071,0.15422370939986155,2.448745927607174
4.366999999999793,-3.121099751454758,-0.03105481423654914,0.5345079102845934,0.08459961307615084,0.15613910137891254,2.4249108142278053
4.367999999999793,-3.1210153883900063,-0.030897703062340038,0.5369209468881111,0.08414800297879485,0.1580455107681479,2.4009592790321794
4.368999999999794,-3.1209314697038772,-0.03073869003692273,0.5393099706385245,0.08371067683922324,0.15994222190328208,2.3768912946003526
4.369999999999794,-3.120847981250896,-0.03057778525346865,0.5416748650479486,0.08328737211915017,0.16182842524549607,2.3527067930199173
4.370999999999794,-3.1207649090744187,-0.030414999641698633,0.5440155135810457,0.08287797988513518,0.1637032669237148,2.3284057578510273
4.371999999999795,-3.1206822392547204,-0.030250344995790487,0.5463317997311845,0.08248253624922426,0.1655658788873303,2.3039882663185964
4.372999999999795,-3.1205999577719945,-0.030083833979917516,0.5486236071202831,0.08210120310858282,0.1674153931532517,2.2794544974778796
4.373999999999795,-3.1205180503904018,-0.02991548012493142,0.5508908195968593,0.08173424732139997,0.16925094603955274,2.2548047228042187
4.374999999999796,-3.120436502562206,-0.029745297823870084,0.5531333213207316,0.08138201425289365,0.17107176224461007,2.230039427052231
4.375999999999796,-3.12035529951764,-0.029573300732720808,0.5553509986889291,0.08104461974147285,0.17287980307161713,2.2051635259148825
4.376999999999796,-3.120274426337656,-0.02939950127705182,0.5575437438038165,0.08072213755291842,0.1746767480248521,2.1801814288171197
4.377999999999797,-3.1201938680191876,-0.02922391022850786,0.5597114512580571,0.08041480081582464,0.1764625190955292,2.155094716523968
4.378999999999797,-3.1201136092978015,-0.029046538804208568,0.5618540172237749,0.08012284545283284,0.17823703011949557,2.1299049676560116
4.379999999999797,-3.120033634673659,-0.028867398309979003,0.5639713394523362,0.07984650541692336,0.1800001907878065,2.104613762126796
4.380999999999798,-3.1199539284152906,-0.028686500143181217,0.5660633172765243,0.07958600934984501,0.1817519088896337,2.0792226826719085
4.381999999999798,-3.1198744745661235,-0.028503855793928508,0.568129851613667,0.07934157836541163,0.18349209143819545,2.053733315341291
4.382999999999798,-3.1197952569527634,-0.028319476845559403,0.57017084496898,0.07911342470495153,0.18522064511878683,2.02814724950728
4.383999999999799,-3.1197162591942775,-0.02813337497489091,0.5721862014388185,0.07890175105692519,0.18693747634471122,2.002466077718664
4.384999999999799,-3.119637464711884,-0.027945561952541775,0.5741758267137895,0.07870675037382205,0.18864249110153877,1.976691395585802
4.385999999999799,-3.119558856738637,-0.027756049643474712,0.5761396280818054,0.07852860605532028,0.1903355946900117,1.9508248017914778
4.3869999999998,-3.1194804183287794,-0.027564850007821676,0.5780775144312303,0.07836749239692209,0.19201669143240316,1.9248678982686813
4.3879999999998,-3.11940213236655,-0.02737197510200745,0.5799893962542932,0.07822357522807467,0.19368568437822756,1.8988222905567733
4.3889999999998,-3.119323981574278,-0.027177437080161283,0.5818751856509455,0.07809701268369339,0.1953424750272576,1.872689588332518
4.389999999999801,-3.1192459485196524,-0.02698124819579444,0.5837347963333327,0.07798795606869437,0.19698696307696945,1.8464714061063887
4.390999999999801,-3.1191680156220984,-0.02678342080371801,0.5855681436310408,0.07789655078732055,0.19861904619524173,1.8201693640735503
4.391999999999801,-3.1190901651581924,-0.02658396736217676,0.5873751444972672,0.07782293731836358,0.20023861981567956,1.7937850891107119
4.392999999999802,-3.1190123792660884,-0.026382900435178155,0.5891557175160589,0.07776725222442475,0.20184557695122715,1.7673202159131889
4.393999999999802,-3.1189346399489186,-0.026180232695000787,0.5909097829107565,0.07772962918860804,0.20343980802107242,1.7407763882702452
4.394999999999802,-3.1188569290771437,-0.02597597692487139,0.5926372625537841,0.07771020007589663,0.20502120068579335,1.7141552604806425
4.395999999999803,-3.1187792283898315,-0.025770146021804517,0.5943380799779263,0.07770909601924143,0.20658963968598307,1.6874584989140962
4.396999999999803,-3.118701519494834,-0.025562752999603665,0.5960121603892435,0.07772644853232774,0.20814500668005764,1.660687783727927
4.397999999999803,-3.1186237838678386,-0.025353810992026507,0.5976594306817868,0.07776239065225474,0.20968718007750944,1.633844810751576
4.398999999999804,-3.11854600285026,-0.025143333256120476,0.5992798194542879,0.0778170581160825,0.21121603486447793,1.6069312935547981
4.399999999999804,-3.1184681576459337,-0.024931333175737563,0.600873257029016,0.07789059057544245,0.21273144241915223,1.5799489657182706
4.400999999999804,-3.1183902293165793,-0.024717824265239607,0.6024396754730161,0.07798313285319632,0.2142332703152037,1.5528995833279982
4.401999999999805,-3.1183121987759814,-0.024502820173406485,0.6039790086219632,0.07809483624545459,0.21572138211218952,1.525784927717207
4.402999999999805,-3.1182340467828444,-0.02428633468756054,0.6054911921068922,0.07822585987107686,0.21719563713269763,1.4986068084812627
4.403999999999805,-3.1181557539322755,-0.024068381737920114,0.6069761633840909,0.07837637206898251,0.21865589022695733,1.4713670667922973
4.404999999999806,-3.11807730064585,-0.023848975402193995,0.6084338617684685,0.0785465518410689,0.22010199152676063,1.4440675790404025
4.405999999999806,-3.1179986671602054,-0.023628129910425878,0.6098642284707392,0.07873659033508275,0.2215337861918759,1.416710260826923
4.406999999999806,-3.1179198335141467,-0.023405859650094167,0.6112672066387846,0.07894669235718706,0.22295111415374447,1.3892970713319408
4.407999999999807,-3.1178407795342236,-0.023182179171466567,0.612642741403578,0.07917707789791247,0.22435380986318784,1.3618300180714662
4.408999999999807,-3.117761484818791,-0.022957103193201146,0.613990779930062,0.07942798364731474,0.22574170205117772,1.3343111620488404
4.409999999999807,-3.11768192872057,-0.022730646608175094,0.6153112714733718,0.07969966446503561,0.22711461351448708,1.3067426232874548
4.410999999999808,-3.117602090327783,-0.022502824489509073,0.6166041674407657,0.07999239475805507,0.2284723609412846,1.279126586705462
4.411999999999808,-3.117521948443987,-0.02227365209673805,0.6178694214595712,0.08030646970261338,0.22981475479546878,1.2514653082538931
4.412999999999808,-3.117441481566794,-0.022043144882058763,0.6191069894513472,0.08064220622636808,0.23114159928272346,1.2237611211821586
4.413999999999809,-3.117360667865777,-0.021811318496558763,0.6203168297122887,0.08099994364155136,0.2324526924257917,1.1960164422116257
4.414999999999809,-3.117279485159981,-0.02157818879630209,0.6214989029996236,0.08138004378886463,0.23374782628107224,1.1682337772777494
4.415999999999809,-3.1171979108956025,-0.02134377184811251,0.6226531726233316,0.0817828905142146,0.2350267873329151,1.140415726327807
4.41699999999981,-3.1171159221246265,-0.0211080839348571,0.6237796045418842,0.08220888825528964,0.2362893571052535,1.112564986410294
4.41799999999981,-3.1170334954854386,-0.020871141559992677,0.6248781674597682,0.08265845946158136,0.23753531303142633,1.0846843519263478
4.41899999999981,-3.1169506071867406,-0.0206329614510975,0.625948832923177,0.08313204050903772,0.23876442962071984,1.0567767103752381
4.419999999999811,-3.11686723299648,-0.020393560562075978,0.6269915754082076,0.08363007569845111,0.23997647995222007,1.0288450311225616
4.420999999999811,-3.1167833482379494,-0.020152956073700778,0.6280063723928679,0.08415300884434598,0.2411712375102547,1.0008923435006494
4.421999999999811,-3.1166989277957455,-0.019911165392156045,0.6289932043996339,0.08470127186792287,0.24234847834755646,0.9729216986659894
4.422999999999812,-3.11661394613493,-0.019668206145279876,0.6299520549883505,0.08527526970288973,0.24350798351829267,0.9449361066693859
4.423999999999812,-3.116528377337464,-0.01942409617629253,0.6308829106685419,0.08587536070644619,0.24464954165943686,0.9169384354412892
4.424999999999812,-3.1164421951608756,-0.01917885353495913,0.6317857606833649,0.08650183164062791,0.24577295151420905,0.8889312507213739
4.425999999999813,-3.116355373125106,-0.01893249646638913,0.632660596590803,0.08715486615719165,0.24687802409420814,0.8609165636867923
4.426999999999813,-3.116267884634622,-0.018685043398012066,0.6335074115256755,0.08783450559061379,0.2479645841135962,0.832895434335254
4.427999999999813,-3.116179703144142,-0.018436512925574734,0.634326198962134,0.08854060071202606,0.24903247048300906,0.8048673543706018
4.428999999999814,-3.116090802377869,-0.018186923798761915,0.6351169507101344,0.08927268785392711,0.25008126264955705,0.776829062378281
4.429999999999814,-3.116001157050179,-0.017936296792897523,0.6358796523117,0.0900294556925619,0.25110823833631896,0.7487714050483081
4.430999999999814,-3.1159107427902417,-0.01768465291679054,0.6366142791576795,0.09081000379921596,0.2521141042230301,0.7206833333241272
4.431999999999815,-3.1158195365704664,-0.017432012998207437,0.6373207932652651,0.0916129246711284,0.2531002297781685,0.6925489500612755
4.432999999999815,-3.115727517110133,-0.01717839596771417,0.6379991392498316,0.09243590252794745,0.25406827070388627,0.6643503315236738
4.433999999999815,-3.115634666015609,-0.01692381883599011,0.6386492459601537,0.09327544824174269,0.2550204395440532,0.6360753286540793
4.434999999999816,-3.115540968920223,-0.016668296120262566,0.6392710361257256,0.09412698757046255,0.2559595304954674,0.6077244050806129
4.435999999999816,-3.1154464162562663,-0.016411839465267013,0.639864439049172,0.09498554579527978,0.2568884699151511,0.579309294869652
4.436999999999816,-3.115351003262016,-0.016154457797448504,0.640429398340476,0.0958466075027806,0.2578096849883204,0.5508456106246488
4.437999999999817,-3.1152547292754376,-0.015896157996686505,0.6409658725278369,0.09670660519257741,0.25872475581675425,0.5223469510822895
4.438999999999817,-3.1151575967191727,-0.015636945774574862,0.6414738318077305,0.0975629837205905,0.2596344077817864,0.4938229919386885
4.439999999999817,-3.1150596101309223,-0.015376826474618504,0.6419532542167348,0.09841406003951333,0.2605386648893548,0.46527988800948056
4.440999999999818,-3.114960775371718,-0.015115805693129059,0.6424041226079593,0.09925884315873996,0.26143702565569754,0.4367212862087419
4.441999999999818,-3.1148610990123764,-0.014853889731100339,0.6428264226170958,0.10009687673421969,0.26232860905788297,0.4081492345374713
4.442999999999818,-3.1147605878115656,-0.014591084934171283,0.643220141884588,0.10092821532725679,0.26321425978890484,0.3795663065596337
4.443999999999819,-3.11465924834188,-0.01432739662863051,0.6435852711406119,0.10175319752973272,0.26409575141933794,0.3509752622714411
4.444999999999819,-3.114557086760671,-0.01406282888466675,0.6439218028338146,0.10257222505411648,0.2649728897251017,0.3223771533961967
4.445999999999819,-3.1144541087670117,-0.01379738617889894,0.6442297303555291,0.10338583039101525,0.2658453375158191,0.29377286262020347
4.44699999999982,-3.1143503194805464,-0.01353107339999732,0.6445090479563603,0.10419463632488904,0.2667126861151416,0.26516323963023103
4.44799999999982,-3.114245723366564,-0.013263895869388875,0.644759750749065,0.10499932266985808,0.26757448403415685,0.23654916700876594
4.44899999999982,-3.114140324192663,-0.012995859372451693,0.6449818347618888,0.10580060020736463,0.2684302590453455,0.207931597266669
4.449999999999821,-3.1140341250084735,-0.012726970170437075,0.6451752970188254,0.10659919035596017,0.2692795348327382,0.17931157100332829
4.450999999999821,-3.11392712814328,-0.012457234998010953,0.6453401356314992,0.10739580948923284,0.2701218432818017,0.15069022289963213
4.451999999999821,-3.11381933521735,-0.012186661050312344,0.6454763498929107,0.10819115705868235,0.2709567333153099,0.1220687800662427
4.452999999999822,-3.1137107471635153,-0.011915255962596365,0.6455839403670292,0.10898590683735689,0.27178377702364503,0.09344855580179776
4.453999999999822,-3.113601364256185,-0.011643027784851618,0.6456629089707367,0.10978070071360144,0.2726025736972833,0.06483094081635168
4.454999999999822,-3.1134911861454895,-0.011369984953234855,0.6457132590463216,0.11057614455227939,0.2734127522501413,0.03621739328820077
4.455999999999823,-3.1133802118946967,-0.011096136259728025,0.6457349954238321,0.11137280571376394,0.27421397242405193,0.007609428646891309
4.456999999999823,-3.11326844001949,-0.010821490819788232,0.64572812447976,0.11217121160979177,0.2750059302748054,-0.020991348147618712
4.457999999999823,-3.113155868529494,-0.010546058010338998,0.6456926543926581,0.11297184715090079,0.2757884017951433,-0.04958289463641739
4.458999999999824,-3.1130424949694544,-0.010269847412555926,0.64562859553194,0.11377515648183853,0.27656121682103496,-0.0781629457683772
4.459999999999824,-3.112928316459485,-0.009992868758140946,0.6455359605410169,0.11458154547983912,0.27732423300555353,-0.10672922389297658
4.460999999999824,-3.1128133297322806,-0.00971513190758271,0.6454147643425276,0.11539138344189248,0.278077333946521,-0.13527944948863105
4.461999999999825,-3.112697531168731,-0.00943664682543909,0.6452650241371385,0.11620500502580666,0.27882042766952075,-0.16381134716103848
4.462999999999825,-3.1125809168315186,-0.009157423556687961,0.6450867593967572,0.11702271236781711,0.2795534450561242,-0.19232265083025601
4.463999999999825,-3.112463482496546,-0.008877472204658123,0.6448799918529355,0.1178447772976627,0.28027633826468856,-0.22081110817702473
4.464999999999826,-3.1123452236821216,-0.00859680291052952,0.6446447454811651,0.11867144359053197,0.28098907917773724,-0.24927448442368044
4.465999999999826,-3.1122261356758933,-0.008315425834363364,0.6443810464816933,0.11950292921029014,0.28169165789960815,-0.2777105655247125
4.466999999999826,-3.1121062135595574,-0.008033351137603242,0.6440889232574133,0.12033942851043261,0.282384081320142,-0.30611716083863616
4.467999999999827,-3.1119854522313997,-0.0077505889669756975,0.643768406389315,0.12118111436874303,0.28306637175417665,-0.3344921053476918
4.468999999999827,-3.1118638464267345,-0.007467149439711437,0.6434195286099152,0.12202814023908078,0.2837385656621125,-0.36283326148590206
4.4699999999998274,-3.1117413907363467,-0.007183042630004771,0.643042324775034,0.12288064210945077,0.28440071245347803,-0.39113852062981064
4.470999999999828,-3.11161807962302,-0.0068982785566283145,0.6426368318342275,0.12373874035983175,0.2850528733729973,-0.4194058043001895
4.471999999999828,-3.111493907436256,-0.006612867171621386,0.6422030888001466,0.12460254151642158,0.2856951204669134,-0.4476330651173608
4.4729999999998284,-3.1113688684253007,-0.006326818349973467,0.6417411367170471,0.12547213990121803,0.2863275356260961,-0.4758182875476804
4.473999999999829,-3.1112429567505604,-0.006040141880228014,0.6412510186286436,0.12634761917736848,0.28695020970160673,-0.5039594884742121
4.474999999999829,-3.1111161664935367,-0.005752847455936541,0.6407327795454689,0.12722905379163482,0.28756324168781033,-0.532054717620719
4.4759999999998294,-3.1109884916653607,-0.005464944667898075,0.6401864664118717,0.12811651031574162,0.28816673796771336,-0.5601020578547877
4.47699999999983,-3.1108599262140384,-0.005176442997124518,0.6396121280727618,0.1290100486883916,0.28876081161490075,-0.5880996253931563
4.47799999999983,-3.110730464030505,-0.004887351808478247,0.6390098152401901,0.1299097233594078,0.2893455817461808,-0.616045569930098
4.4789999999998305,-3.1106000989535816,-0.004597680344934301,0.6383795804598307,0.13081558433683796,0.28992117291876746,-0.6439380747079877
4.479999999999831,-3.1104688247739336,-0.004307437722425853,0.637721478077414,0.13172767813696643,0.2904877145654879,-0.6717753565478946
4.480999999999831,-3.110336635237129,-0.004016632925238388,0.637035564205142,0.13264604863603524,0.2910453404610493,-0.6995556658571723
4.4819999999998315,-3.110203524045892,-0.003725274801925269,0.6363218966881005,0.13357073782108264,0.2915941882117815,-0.7272772866305159
4.482999999999832,-3.1100694848616652,-0.0034333720617253797,0.6355805350706669,0.1345017864356619,0.2921343987604401,-0.754938536460783
4.483999999999832,-3.109934511305574,-0.003140933271472443,0.6348115405628958,0.13543923451428805,0.29266611589654384,-0.782537766576005
4.4849999999998325,-3.1097985969589175,-0.002847966852995882,0.6340149760068463,0.13638312179725687,0.2931894857612633,-0.8100733619193929
4.485999999999833,-3.109661735363314,-0.0025544810810249627,0.6331909058428024,0.13733348801496356,0.29370465633399495,-0.83754374128974
4.486999999999833,-3.1095239200206244,-0.002260484081621983,0.6323393960753135,0.13829037302798738,0.2942117768853507,-0.8649473575603731
4.4879999999998335,-3.1093851443928244,-0.0019659838311870295,0.6314605142389703,0.13925381680597737,0.2947109973782691,-0.892282697995659
4.488999999999834,-3.109245401901979,-0.0016709881560969136,0.6305543293638061,0.14022385922474986,0.29520246779519377,-0.9195482846849333
4.489999999999834,-3.1091046859305265,-0.001375504733065211,0.6296209119401971,0.14120053965698354,0.2956863373646626,-0.9467426751145099
4.4909999999998345,-3.1089629898220856,-0.0010795410903396696,0.6286603338831136,0.14218389632749937,0.2961627536551174,-0.9738644628989908
4.491999999999835,-3.1088203068830382,-0.0007831046098886144,0.6276726684955503,0.14317396539942392,0.29663186149725196,-1.0009122786932985
4.492999999999835,-3.1086766303851787,-0.0004862025307702569,0.6266579904309456,0.14417077975274703,0.29709380168887833,-1.0278847913064617
4.4939999999998355,-3.1085319535697553,-0.00018884195392869496,0.625616375654379,0.14517436741227585,0.29754870942847184,-1.0547807090369639
4.494999999999836,-3.1083862696532787,0.00010897015128204023,0.6245479014023131,0.14618474957844665,0.2979967124161085,-1.0815987812470913
4.495999999999836,-3.1082395718355187,0.0004072269384804504,0.6234526461406378,0.14720193821309366,0.2984379285551301,-1.1083378001898403
4.4969999999998365,-3.108091853310157,0.000705921673114028,0.6223306895207562,0.14822593313513624,0.2988724631876811,-1.1349966030961527
4.497999999999837,-3.1079431072786017,0.0010050477182948607,0.6211821123334542,0.1492567185915653,0.29930040580767453,-1.1615740745222003
4.498999999999837,-3.1077933269674993,0.0013045985170768006,0.6200069964602956,0.15029425929230927,0.29972182622469795,-1.1880691489459017
4.4999999999998375,-3.107642505650462,0.0016045675706395988,0.618805424822306,0.1513384959412937,0.3001367702157157,-1.2144808135889988
4.500999999999838,-3.1074906366744734,0.001904948411936993,0.6175774813257374,0.152389340370909,0.3005452548180005,-1.240808111426737
4.501999999999838,-3.107337713491251,0.002205734574611225,0.616323250804749,0.15344667050590602,0.30094726361141716,-1.2670501443334048
4.5029999999998385,-3.107183729693567,0.002506919557465696,0.615042818960902,0.15451032555671657,0.3013427426345532,-1.2932060763016817
4.503999999999839,-3.1070286790559747,0.0028084967856254013,0.613736272299424,0.15558010207216408,0.3017315979818414,-1.3192751366695417
4.504999999999839,-3.1068725555786836,0.003110459570785692,0.6124036980622714,0.1566557517408213,0.3021136965875903,-1.3452566232882084
4.5059999999998395,-3.106715353532276,0.003412801074636866,0.6110451841580838,0.1577369820408565,0.302488872059079,-1.3711499055525846
4.50699999999984,-3.1065570674998844,0.0037155142814057356,0.6096608190892316,0.15882346085297824,0.3028569373619902,-1.3969544271512304
4.50799999999984,-3.106397692412479,0.0040185919868553546,0.6082506918763761,0.15991482577557148,0.30321770525941993,-1.4226697082112327
4.5089999999998405,-3.1062372235725912,0.004322026811031647,0.6068148919814512,0.16101069797825546,0.3035710153512734,-1.4482953461620065
4.509999999999841,-3.106075656662599,0.004625811239494523,0.6053535092308795,0.16211069904014958,0.30391676310722304,-1.4738310159783778
4.510999999999841,-3.1059129877366383,0.004929937685926225,0.6038666337244482,0.16321446675339865,0.3042549143128994,-1.499276503415179
4.5119999999998415,-3.105749213196879,0.005234398571627861,0.602354355721256,0.16432166958231312,0.3045855192787448,-1.5246316929752832
4.512999999999842,-3.1055843297575776,0.005539186413462162,0.6008167655717046,0.165432017127987,0.30490872150448806,-1.5498965128898252
4.513999999999842,-3.1054183344019384,0.005844293909883252,0.599253953685246,0.16654526312372736,0.30522474025498886,-1.5750709134185346
4.5149999999998425,-3.1052512243384953,0.0061497140042129335,0.5976660105190392,0.16766120335541873,0.30553384238555686,-1.6001548455052075
4.515999999999843,-3.105082996961259,0.006455439917353109,0.5960530265873564,0.16877967056615584,0.30583631138697964,-1.6251482410987794
4.516999999999843,-3.1049136498156544,0.006761465150808665,0.5944150924888089,0.1699005282901304,0.30613242012863756,-1.6500509974822197
4.5179999999998435,-3.1047431805706616,0.007067783465684362,0.5927522989467449,0.17102366490878512,0.30642241095147954,-1.6748629666656911
4.518999999999844,-3.1045715869965833,0.007374388845626757,0.5910647368577544,0.17214898849118587,0.3067064838792695,-1.699583949669806
4.519999999999844,-3.1043988669475833,0.00768127545147219,0.5893524973438281,0.17327642247457373,0.3069847918176904,-1.7242136947394764
4.5209999999998445,-3.104225018348214,0.0079884375737588,0.5876156718048557,0.17440590200730172,0.3072574408414213,-1.7487518982404164
4.521999999999845,-3.1040500391833588,0.008295869587285358,0.5858543519693897,0.17553737073044795,0.3075244936852272,-1.7731982070525523
4.522999999999845,-3.1038739274912515,0.008603565910157141,0.5840686299426754,0.17667077781628635,0.30778597494075244,-1.7975522215054802
4.5239999999998455,-3.1036966813593727,0.008911520968472766,0.5822585982517723,0.17780607514495497,0.30804187692573987,-1.8218134981681195
4.524999999999846,-3.103518298923128,0.009219729166971828,0.5804243498881557,0.17894321455442502,0.30829216559361955,-1.84598155203898
4.525999999999846,-3.1033387783672435,0.009528184865485257,0.5785659783485483,0.1800821451350802,0.3085367861456423,-1.870055857862368
4.5269999999998465,-3.1031581179298557,0.009836882360798006,0.5766835776749379,0.1812228105608123,0.308775668201361,-1.8940358504214208
4.527999999999847,-3.1029763159092427,0.01014581587345517,0.5747772424948451,0.1823651464583154,0.30900873049949806,-1.9179209237425314
4.528999999999847,-3.1027933706731687,0.01045497953905168,0.5728470680629348,0.18350907781972328,0.309235885164101,-1.9417104292004725
4.5299999999998475,-3.1026092806707934,0.010764367403598624,0.5708931503050652,0.18465451646420522,0.3094570415994649,-1.965403672550442
4.530999999999848,-3.102424044447088,0.01107397342262893,0.5689155858658175,0.18580135855379368,0.30967211008489104,-1.9889999099410218
4.531999999999848,-3.10223766065971,0.011383791463775161,0.5669144721604917,0.1869494821689162,0.3098810051354634,-2.01249834298711
4.5329999999998485,-3.102050128098271,0.011693815312613062,0.5648899074324564,0.18809874495065723,0.3100836486827021,-2.0358981130091367
4.533999999999849,-3.101861445705917,0.01200403868161037,0.5628419908166188,0.18924898182018746,0.31027997311192473,-2.0591982945780716
4.534999999999849,-3.1016716126031545,0.012314455222047374,0.5607708224096244,0.19040000279139113,0.31046992417271135,-2.082397888547921
4.5359999999998495,-3.101480628113798,0.01262505853878064,0.5586765033471842,0.19155159090070073,0.3106534637554808,-2.1054958148109164
4.53699999999985,-3.101288491792918,0.01293584220770147,0.5565591358886635,0.19270350028860211,0.31083057250093216,-2.1284909050770797
4.53799999999985,-3.101095203456614,0.013246799795693138,0.5544188235087227,0.19385545448014405,0.3110012521800294,-2.151381896059717
4.5389999999998505,-3.1009007632133745,0.013557924882812981,0.5522556709953779,0.19500714492677504,0.31116552775063877,-2.1741674235404473
4.539999999999851,-3.1007051714967377,0.013869211086315203,0.5500697845533203,0.19615822988829867,0.31132344896380854,-2.196846017887781
4.540999999999851,-3.1005084290988556,0.014180652085986829,0.5478612719107144,0.19730833375055276,0.31147509135987406,-2.2194161017046516
4.5419999999998515,-3.100310537204477,0.014492241650094592,0.5456302424269667,0.19845704688982876,0.31162055646519754,-2.2418759903708216
4.542999999999852,-3.1001114974247392,0.014803973661040134,0.5433768071981621,0.19960392620657635,0.311759970978998,-2.2642238963084966
4.543999999999852,-3.0999113118300445,0.015115842139605819,0.5411010791560207,0.20074849645538603,0.31189348473246997,-2.2864579378114245
4.5449999999998525,-3.0997099829811487,0.015427841266461212,0.5388031731554159,0.2018902524918698,0.31202126721644596,-2.308576153212928
4.545999999999853,-3.099507513957511,0.015739965399415825,0.5364832060447909,0.20302866253602223,0.3121435025166559,-2.3305765209999083
4.546999999999853,-3.099303908381844,0.01605220908477902,0.5341412967133419,0.20416317251275054,0.3122603825732782,-2.352456986186157
4.5479999999998535,-3.09909917043979,0.016364567061159248,0.5317775661087242,0.20529321147200968,0.3123720987964982,-2.374215492830711
4.548999999999854,-3.0988933048936667,0.016677034254138065,0.5293921372194184,0.20641819801472955,0.31247883221873135,-2.395850022038558
4.549999999999854,-3.0986863170893564,0.016989605760518476,0.5269851350168638,0.20753754756168064,0.3125807425354766,-2.4173586341539335
4.5509999999998545,-3.0984782129556185,0.017302276821284848,0.5245566863540797,0.20865068021001013,0.31267795656014435,-2.4387395132240894
4.551999999999855,-3.098268998995391,0.01761504278301191,0.5221069198196938,0.20975702883930367,0.31277055676629073,-2.459991011272095
4.552999999999855,-3.098058682269035,0.017927899048183624,0.5196359655489552,0.21085604707011027,0.3128585706835811,-2.481111689577977
4.5539999999998555,-3.0978472703698654,0.018240841015660467,0.5171439549961551,0.21194721665576546,0.3129419619259102,-2.502100354119561
4.554999999999856,-3.0976347713927415,0.01855386401327798,0.5146310206756145,0.21303005391094082,0.3130206235475678,-2.522956082616884
4.555999999999856,-3.0974211938968437,0.018866963225176024,0.512097295880666,0.2141041148478985,0.31309437424957903,-2.5436782412444923
4.5569999999998565,-3.097206546864051,0.019180133616865474,0.5095429143915744,0.21516899879574086,0.3131629577152895,-2.5642664899460788
4.557999999999857,-3.0969908396544894,0.019493369861184325,0.5069680101839151,0.21622435040383903,0.3132260450782799,-2.584720776276116
4.558999999999857,-3.0967740819608744,0.019806666268166354,0.5043727171485155,0.21726986005938986,0.313283240259203,-2.605041318652398
4.5599999999998575,-3.0965562837631566,0.02012001672147053,0.5017571688327673,0.2183052628627339,0.3133340876896619,-2.6252285806944444
4.560999999999858,-3.096337455284816,0.02043341462346052,0.4991214982111533,0.21933033638925248,0.31337808179709264,-2.6452832388513565
4.561999999999858,-3.0961176069518865,0.020746852850361104,0.4964658374904892,0.22034489751661632,0.31341467756472197,-2.665206145752664
4.5629999999998585,-3.0958967493554903,0.021060323718234967,0.49379031795295114,0.22134879861100037,0.31344330149919253,-2.6849982916664845
4.563999999999859,-3.095674893218398,0.02137381895988967,0.49109506983769347,0.22234192335110922,0.3134633624180606,-2.7046607661811946
4.564999999999859,-3.095452049365842,0.021687329712291654,0.48838022225994204,0.22332418243302957,0.31347426158723485,-2.7241947218198974
4.5659999999998595,-3.095228228700605,0.02200084651365843,0.48564590316496825,0.22429550935131473,0.31347540187177914,-2.7436013408313684
4.56699999999986,-3.095003442182235,0.02231435930912801,0.4828922393133384,0.22525585640052725,0.313466195693619,-2.7628818059432634
4.56799999999986,-3.0947777008101056,0.022627857463756017,0.480119356293255,0.22620519099289188,0.31344607170374733,-2.7820372754588827
4.5689999999998605,-3.0945510156099862,0.022941329781545637,0.47732737855559476,0.22714349234561543,0.31341448016769313,-2.8010688627525373
4.569999999999861,-3.094323397623727,0.023254764529249582,0.47451642946732203,0.2280707485576282,0.3133708971294546,-2.819977619977808
4.570999999999861,-3.0940948579016814,0.023568149463772184,0.47168663137922606,0.2289869540702566,0.3133148274624155,-2.8387645256427834
4.5719999999998615,-3.093865407497482,0.023881471862121854,0.4688381057043302,0.22989210748890765,0.3132458069395544,-2.857430475614642
4.572999999999862,-3.0936350574648306,0.024194718553002325,0.4659709730037793,0.23078620973197217,0.31316340346387034,-2.875976277077853
4.573999999999862,-3.093403818855994,0.024507875949271916,0.46308535307749105,0.23166926246740605,0.3130672175976798,-2.894402644970973
4.5749999999998625,-3.0931717027217327,0.024820930080634896,0.4601813650573193,0.23254126679546797,0.3129568825200425,-2.9127102004534837
4.575999999999863,-3.0929387201124445,0.025133866626051823,0.4572591275009078,0.23340222213669934,0.31283206352806486,-2.930899470995806
4.576999999999863,-3.0927048820803353,0.0254466709454785,0.4543187584848436,0.23425212523608743,0.312692457382335,-2.948970890601937
4.5779999999998635,-3.092470199682908,0.02575932810997159,0.45136037569890264,0.2350909688645355,0.3125377812005102,-2.9669248285056606
4.578999999999864,-3.092234683985393,0.02607182284979167,0.44838409631863363,0.23591874383284692,0.312367650084955,-2.9847620009788183
4.579999999999864,-3.0919983460648357,0.026384139508489206,0.44539003669170696,0.2367354370549451,0.31218163879249644,-3.0024832648033866
4.5809999999998645,-3.091761197013931,0.026696262005060402,0.44237831235541997,0.23754102930587337,0.3119793516323379,-3.0200893800917656
4.581999999999865,-3.0915232479478276,0.0270081738760007,0.4393490381354008,0.2383354947221775,0.3117604219466849,-3.0375810110816985
4.582999999999865,-3.0912845100110458,0.027319858304849724,0.43630232823870396,0.23911880033625468,0.31152451016551097,-3.0549587316633033
4.5839999999998655,-3.0910449943848213,0.027631298148320264,0.43323829634148253,0.23989090559653814,0.31127130189353713,-3.072223030688273
4.584999999999866,-3.0908047122949416,0.027942475960532905,0.4301570556714823,0.2406517618609267,0.3110005060361173,-3.0893743170105195
4.585999999999866,-3.0905636750201033,0.028253374015396942,0.4270587190856446,0.2414013118537944,0.31071185296664366,-3.106412924223551
4.5869999999998665,-3.0903218939008372,0.028563974327179324,0.42394339914313256,0.2421394890797825,0.3104050927354266,-3.1233391150725467
4.587999999999867,-3.0900793803490387,0.028874258669302624,0.42081120817411394,0.24286621719055715,0.31007999331864544,-3.1401530855293562
4.588999999999867,-3.0898361458581576,0.029184208591411298,0.4176622583446385,0.24358140930399422,0.3097363389058609,-3.1568549685275147
4.5899999999998675,-3.0895922020140905,0.029493805434744693,0.4144966617179487,0.24428496727902993,0.3093739282257376,-3.1734448373626543
4.590999999999868,-3.089347560506816,0.029803030345855845,0.41131453031255194,0.24497678095390657,0.3089925729121292,-3.189922708772344
4.591999999999868,-3.089102233142808,0.03011186428871921,0.40811597615736356,0.24565672736096042,0.30859209591664666,-3.20628854571922
4.5929999999998685,-3.088856231858232,0.03042028805527933,0.4049011113442008,0.24632466993764224,0.3081723299794192,-3.2225422599130846
4.593999999999869,-3.088609568732925,0.030728282274507496,0.4016700480778652,0.24698045776127125,0.3077331161770972,-3.2386837141222213
4.594999999999869,-3.088362256005111,0.03103582742005714,0.3984228987239912,0.24762392484413395,0.3072743025762888,-3.2547127243419096
4.5959999999998695,-3.0881143060867715,0.03134290381664203,0.39515977585476186,0.24825488953578512,0.3067957430314478,-3.270629061909217
4.59699999999987,-3.0878657315795386,0.0316494916453063,0.39188079229249023,0.2488731540903255,0.3062972961782899,-3.2864324556769087
4.59799999999987,-3.0876165452909037,0.03195557094781258,0.38858606115094146,0.2494785044671151,0.3057788246861818,-3.302122594384114
4.5989999999998705,-3.0873667602504806,0.032261121630443555,0.3852756958741194,0.25007071044237184,0.305240194844021,-3.3176991293840024
4.599999999999871,-3.0871163897259666,0.03256612346759062,0.3819498102720744,0.25064952611429187,0.3046812765614719,-3.333161677904031
4.600999999999871,-3.086865447238366,0.03287055610558588,0.37860851855311034,0.25121469088299275,0.3041019438677645,-3.348509827015209
4.6019999999998715,-3.086613946575966,0.03317439906731143,0.3752519353516019,0.25176593097564764,0.30350207597967543,-3.363743138464397
4.602999999999872,-3.0863619018065016,0.03347763175817974,0.37188017575050347,0.2523029615637642,0.30288155898485597,-3.3788611544688556
4.603999999999872,-3.086109327286897,0.033780233474105,0.36849335529757493,0.2528254894818863,0.30224028814348547,-3.3938634044779548
4.6049999999998725,-3.0858562376700136,0.03408218341205888,0.36509159001440955,0.2533332165055387,0.30157817075007837,-3.408749412771932
4.605999999999873,-3.085602647907879,0.03438346068371006,0.3616749963975612,0.2538258430848575,0.3008951294221887,-3.423518706600268
4.606999999999873,-3.085348573251034,0.03468404433247404,0.3582436914114543,0.2543030723668879,0.3001911056031699,-3.4381708243838465
4.6079999999998735,-3.085094029243802,0.03498391335405222,0.35479779247331805,0.2547646142852066,0.2994660629965643,-3.452705323349188
4.608999999999874,-3.0848390317155436,0.03528304672023365,0.35133741743107083,0.2552101894629011,0.2987199906073169,-3.4671217858704746
4.609999999999874,-3.0845835967682103,0.03558142340540559,0.347862684535811,0.2556395326744446,0.2979529050652193,-3.481419823803144
4.6109999999998745,-3.0843277407607443,0.03587902241491586,0.3443737124112317,0.25605239564826304,0.2971648519569246,-3.4955990802220787
4.611999999999875,-3.0840714802910676,0.0361758228142018,0.3408706200227514,0.25644854906101205,0.2963559059911767,-3.5096592282208228
4.612999999999875,-3.0838148321764978,0.03647180375748681,0.33735352664933893,0.2568277836647044,0.2955261699518632,-3.523599966748178
4.6139999999998755,-3.0835578134334596,0.03676694451486747,0.3338225518608659,0.2571899105815437,0.29467577253066884,-3.537421013795013
4.614999999999876,-3.083300441257259,0.03706122449676532,0.33027781550335705,0.25753476088113136,0.2938048652492325,-3.5511220975317195
4.615999999999876,-3.0830427330025723,0.03735462327496927,0.32671943769380357,0.2578621846078464,0.2929136187593336,-3.564702946183685
4.6169999999998765,-3.082784706165099,0.037647120599801236,0.3231475388253772,0.2581720494475731,0.29200221883927713,-3.578163277493892
4.617999999999877,-3.0825263783646575,0.03793869641325158,0.31956223958305335,0.25846423921519096,0.29107086238780683,-3.5915027885642767
4.618999999999877,-3.082267767329813,0.03822933085820949,0.3159636609689263,0.25873865231539267,0.2901197536651779,-3.604721146720457
4.6199999999998775,-3.0820088908840217,0.03851900428412994,0.31235192433595277,0.2589952002895668,0.28914910096031216,-3.6178179818489418
4.620999999999878,-3.081749766933148,0.03880769724962165,0.30872715142851104,0.2592338065199003,0.2881591137885195,-3.630792880452095
4.621999999999878,-3.081490413454192,0.039095390522511216,0.30508946442801355,0.2594544051251111,0.2871500006576222,-3.643645381484403
4.6229999999998785,-3.081230848485022,0.03938206507794953,0.3014389860018202,0.25965694005379525,0.28612196738806156,-3.6563749738917157
4.623999999999879,-3.0809710901149217,0.03966770209509292,0.2977758393538311,0.25984136436210725,0.28507521593678076,-3.668981095678715
4.624999999999879,-3.080711156475777,0.039952282952829835,0.2941001482753418,0.2600076396514688,0.2840099436542313,-3.6814631342759414
4.6259999999998795,-3.080451065733759,0.04023578922494795,0.29041203719498493,0.26015573563743455,0.2829263428958336,-3.693820427958294
4.62699999999988,-3.080190836081382,0.04051820267505753,0.28671163122682936,0.2602856298207536,0.28182460091014305,-3.7060522680724697
4.62799999999988,-3.0799304857298546,0.0407995052515119,0.2829990562159412,0.2603973072342891,0.2807048999325585,-3.7181579018521806
4.6289999999998805,-3.0796700329016504,0.04107967908249908,0.2792744387809161,0.26049076024342976,0.2795674174229892,-3.730136535629729
4.629999999999881,-3.079409495823262,0.04135870647142219,0.27553790635307035,0.2605659883819926,0.278412326396523,-3.741987338285138
4.630999999999881,-3.079148892718106,0.041636569892640564,0.27178958721211705,0.2606229982097932,0.2772397958065368,-3.7537094448058417
4.6319999999998815,-3.0788882417995627,0.04191325198760751,0.26802961051827034,0.2606618031817331,0.27604999094912025,-3.7653019598588506
4.632999999999882,-3.0786275612641467,0.04218873556141389,0.2642581063408021,0.26068242352129894,0.2748430738658022,-3.776763961302275
4.633999999999882,-3.0783668692847987,0.04246300357972706,0.26047520568314003,0.26068488609378165,0.27361920372827614,-3.788094503583833
4.6349999999998825,-3.0781061840043122,0.04273603916610116,0.25668104050463947,0.26066922427635814,0.27237853719419924,-3.7992926209907
4.635999999999883,-3.0778455235288846,0.04300782559962607,0.2528757437391891,0.2606354778235233,0.2711212287273199,-3.8103573307281575
4.636999999999883,-3.077584905921813,0.04327834631287736,0.2490594493108295,0.26058369272730525,0.26984743087836405,-3.8212876358145307
4.6379999999998835,-3.0773243491973243,0.043547584890127014,0.2452322921465709,0.26051392107233096,0.26855729452545524,-3.832082527787384
4.638999999999884,-3.0770638713145613,0.04381552506577464,0.24139440818659902,0.26042622088620954,0.26725096907452717,-3.8427409892213635
4.639999999999884,-3.076803490171713,0.04408215072295976,0.23754593439205557,0.2603206559859245,0.2659286026213554,-3.853261996061907
4.6409999999998846,-3.076543223600304,0.044347445892318094,0.23368700875057452,0.26019729582103074,0.26459034207760934,-3.8636445197815905
4.641999999999885,-3.0762830893596416,0.044611394750846974,0.22981777027974706,0.2600562153144699,0.26323633326380164,-3.8738875293675408
4.642999999999885,-3.076023105131423,0.044873981620848574,0.2259383590286799,0.2598974947017823,0.26186672097227437,-3.883989993149241
4.6439999999998856,-3.0757632885145005,0.045135190968922455,0.22204891607780125,0.25972121936942405,0.26048164900346055,-3.8939508804765044
4.644999999999886,-3.075503657019816,0.045395007404982424,0.21814958353705996,0.2595274796928093,0.25908126017865296,-3.9037691632574125
4.645999999999886,-3.0752442280654892,0.04565341568127563,0.2142405045426524,0.25931637087460513,0.2576656963324261,-3.9134438173658435
4.6469999999998866,-3.0749850189720713,0.04591040069138521,0.2103218232524033,0.25908799278371053,0.25623509828772256,-3.922973823927825
4.647999999999887,-3.0747260469579594,0.04616594746920056,0.20639368483991719,0.2588424497952634,0.2547896058164486,-3.932358170495475
4.648999999999887,-3.074467329134971,0.046420041187842,0.20245623548760835,0.25857985063193745,0.2533293575882402,-3.9415958521167616
4.649999999999888,-3.0742088825040716,0.04667266715852938,0.1985096223787103,0.25830030820672156,0.2518544911098697,-3.9506858723087404
4.650999999999888,-3.0739507239512656,0.046923810829386244,0.19455399368835694,0.25800393946731226,0.25036514265757026,-3.959627243941358
4.651999999999888,-3.0736928702436366,0.04717345778417383,0.19058949857382196,0.2576908652422008,0.2488614472043681,-3.968418990038358
4.652999999999889,-3.073435338025543,0.04742159374095047,0.18661628716399645,0.25736121008849683,0.24734353834432746,-3.9770601445012828
4.653999999999889,-3.073178143814966,0.04766820455065459,0.18263451054817834,0.25701510214149975,0.24581154821544202,-3.9855497527620627
4.654999999999889,-3.072921304000004,0.047913276195610456,0.178644320764243,0.2566526729660076,0.24426560742273876,-3.99388687236921
4.65599999999989,-3.0726648348355177,0.048156794787957785,0.17464587078625893,0.2562740574093395,0.24270584496300646,-4.002070573512201
4.65699999999989,-3.07240875243992,0.04839874656800737,0.17063931451160808,0.2558793934560407,0.24113238815241328,-4.010099939488224
4.65799999999989,-3.0721530727921103,0.048639117902526244,0.1666248067476667,0.2554688220842373,0.23954536255814138,-4.017974067115118
4.658999999999891,-3.0718978117285527,0.04887789528295693,0.1626025031980987,0.2550424871236126,0.2379448919350381,-4.025692067093969
4.659999999999891,-3.0716429849404947,0.04911506532357617,0.1585725604488102,0.2546005351149837,0.23633109816816208,-4.033253064324587
4.660999999999891,-3.071388607971324,0.04935061475959947,0.15453513595361082,0.25414311517146904,0.2347041012219914,-4.040656198176751
4.661999999999892,-3.071134696214068,0.04958453044523845,0.15049038801962492,0.25367037884125004,0.2330640190969535,-4.047900622719936
4.662999999999892,-3.0708812649090222,0.04981679935171869,0.14643847579249258,0.2531824799719464,0.23141096779383954,-4.054985506913984
4.663999999999892,-3.070628329141522,0.05004740856526597,0.14237955924139867,0.2526795745766406,0.22974506128657124,-4.061910034763011
4.664999999999893,-3.070375903839842,0.05027634528506975,0.13831379914396533,0.25216182070160476,0.22806641150370272,-4.06867340543469
4.665999999999893,-3.0701240037732256,0.050503596821232614,0.1342413570710417,0.25162937829580007,0.22637512831895637,-4.07527483334687
4.666999999999893,-3.0698726435500507,0.050729150592714746,0.1301623953714226,0.2510824090822364,0.22467131955101644,-4.081713548223415
4.667999999999894,-3.0696218376161175,0.05095299412528302,0.12607707715652594,0.25052107643129606,0.22295509097273025,-4.087988795120994
4.668999999999894,-3.069371600253062,0.051175115049474,0.1219855662850572,0.24994554523614146,0.22122654632980032,-4.094099834428491
4.669999999999894,-3.0691219455768977,0.05139550109858029,0.11788802734768757,0.2493559817903393,0.21948578736898627,-4.100045941840597
4.670999999999895,-3.068872887536671,0.05161414010666993,0.11378462565177058,0.24875255366784826,0.21773291387577606,-4.105826408307103
4.671999999999895,-3.0686244399132443,0.0518310200066481,0.10967552720612125,0.2481354296055266,0.2159680237214303,-4.111440539959318
4.672999999999895,-3.068376616318188,0.05204612882837048,0.10556089870587941,0.24750477938832563,0.21419121291925158,-4.116887658015019
4.673999999999896,-3.068129430192788,0.05225945469681746,0.10144090751747836,0.24686077373734205,0.21240257568988205,-4.1221670986632635
4.674999999999896,-3.067882894807166,0.052470985830337984,0.0973157216637382,0.24620358420090646,0.21060220453538864,-4.127278212930384
4.675999999999896,-3.067637023259506,0.0526807105389718,0.093185509809102,0.2455333830488891,0.20879019032185311,-4.13222036652841
4.676999999999897,-3.06739182847538,0.052888617222858425,0.08905044124503188,0.24485034317040358,0.2069666223701477,-4.136992939687176
4.677999999999897,-3.067147323207183,0.05309469437074076,0.08491068587558057,0.2441546379750886,0.2051315885545418,-4.141595326971314
4.678999999999897,-3.066903520033658,0.05329893055857114,0.08076641420315298,0.2434464412981441,0.20328517540875507,-4.1460269370833
4.679999999999898,-3.066660431359515,0.053501314448226964,0.0766177973144713,0.24272592730929288,0.20142746823904473,-4.150287192653734
4.680999999999898,-3.0664180694151444,0.0537018347863427,0.07246500686675567,0.24199327042583138,0.19955855124388994,-4.154375530019965
4.681999999999898,-3.0661764462564056,0.05390048040326473,0.06830821507413157,0.24124864522992528,0.19767850763981615,-4.1582913989941686
4.682999999999899,-3.065935573764507,0.05409724021213486,0.06414759469427396,0.24049222639029388,0.195787419792883,-4.162034262621978
4.683999999999899,-3.065695463645952,0.05429210320810797,0.05998331901529703,0.2397241885884167,0.19388536935534534,-4.165603596932706
4.684999999999899,-3.0654561274325642,0.054485058467708646,0.05581556184289751,0.23894470644938184,0.1919724374069842,-4.168998890682216
4.6859999999999,-3.0652175764815763,0.05467609514833131,0.051644497487758345,0.2381539544774821,0.19004870460059511,-4.17221964508944
4.6869999999999,-3.064979821975778,0.05486520248788771,0.0474703007532186,0.2373521069966499,0.18811425131111445,-4.175265373567534
4.6879999999999,-3.064742874923728,0.05505236980460504,0.04329314692321447,0.2365393380958061,0.18616915778785945,-4.178135601450654
4.688999999999901,-3.0645067461600117,0.05523758649697775,0.0391132117504953,0.23571582157918256,0.18421350430935615,-4.180829865717268
4.689999999999901,-3.064271446345549,0.05542084204387517,0.03493067144511764,0.2348817309216612,0.18224737134022828,-4.18334771471094
4.690999999999901,-3.064036985967946,0.055602126004806914,0.030745702663219392,0.23403723922915648,0.18027083968962235,-4.185688707859473
4.691999999999902,-3.0638033753418776,0.05578142802034714,0.02655848249607523,0.2331825192040515,0.17828399067064735,-4.187852415393287
4.692999999999902,-3.0635706246095102,0.05595873781271867,0.0223691884594337,0.2323177431156819,0.17628690626031204,-4.189838418063872
4.693999999999902,-3.0633387437409443,0.05613404518653695,0.01817799848313545,0.23144308277584583,0.17427966925944877,-4.191646306863155
4.694999999999903,-3.063107742534685,0.056307340029713854,0.013985090901011278,0.230558709519303,0.17226236345212,-4.193275682744583
4.695999999999903,-3.0628776306181233,0.05647861231452027,0.009790644441057926,0.22966479418921093,0.170235073764011,-4.194726156346721
4.696999999999903,-3.062648417448037,0.05664785209880652,0.0055948382158886555,0.22876150712743193,0.1681978864193211,-4.195997347720119
4.697999999999904,-3.062420112311092,0.05681504952737859,0.0013978517134550054,0.2278490181696314,0.16615088909567458,-4.1970888860582365
4.698999999999904,-3.0621927243243494,0.05698019483352818,-0.002800135211964723,0.2269274966450749,0.16409417107658164,-4.198000409433148
4.699999999999904,-3.061966262435771,0.0571432783407137,-0.006998942348515396,0.22599711138101894,0.1620278234009888,-4.19873156453677
4.700999999999905,-3.061740735424716,0.05730429046438926,-0.011198389135259284,0.22505803071157984,0.1599519390094681,-4.199282006428341
4.701999999999905,-3.0615161519024303,0.057463221713977934,-0.015398294670421211,0.2241104224909533,0.15786661288660364,-4.199651398288873
4.702999999999905,-3.0612925203125143,0.0576200626949853,-0.019598477719391945,0.22315445411084772,0.1557719421991426,-4.199839411183283
4.703999999999906,-3.061069848931379,0.05777480411124894,-0.023798756722497868,0.22219029252198436,0.1536680264294879,-4.1998457238309115
4.704999999999906,-3.0608481458686763,0.057927436767330955,-0.027998949802508416,0.22121810416599225,0.15155496776106764,-4.199670021261573
4.705999999999906,-3.060627419068677,0.05807795157370823,-0.0321988747627263,0.22023805344846803,0.14943287548669482,-4.199311975893173
4.706999999999907,-3.0604076763118293,0.05822633955268196,-0.036398349072758074,0.21925030316098193,0.14730186507191478,-4.19877125199631
4.707999999999907,-3.0601889252160586,0.058372591843797283,-0.04059718986982446,0.21825501580621728,0.1451620547250819,-4.198047520990059
4.708999999999907,-3.0599711732369217,0.05851669970630904,-0.04479521396636156,0.21725235368133064,0.14301356537699242,-4.197140461790485
4.709999999999908,-3.0597544276677415,0.05865865452182483,-0.04899223785742096,0.2162424789182,0.14085652078064498,-4.19604976061675
4.710999999999908,-3.0595386956397523,0.05879844779717409,-0.05318807772788333,0.2152255535266209,0.13869104760347623,-4.194775110812033
4.711999999999908,-3.059323984122199,0.05893607116736542,-0.05738254945950061,0.21420173944021476,0.13651727551171622,-4.193316212679877
4.712999999999909,-3.0591102999223887,0.0590715163986243,-0.06157546863778251,0.21317119856480515,0.13433533724651917,-4.1916727733365695
4.713999999999909,-3.0588976496856963,0.05920477539150252,-0.06576665055874367,0.21213409282900647,0.13214536869153726,-4.189844506580136
4.714999999999909,-3.0586860398955102,0.0593358401840509,-0.06995591023552836,0.21109058423675953,0.12994750893161774,-4.187831132776472
4.71599999999991,-3.0584754768731366,0.0594647029550461,-0.07414306240493002,0.21004083492153597,0.12774190030231694,-4.185632378763131
4.71699999999991,-3.058265966777637,0.05959135602726217,-0.07832792153382377,0.20898500720192098,0.12552868842993986,-4.183247977771211
4.71799999999991,-3.058057515605618,0.05971579187077737,-0.08251030182552989,0.20792326363826977,0.12330802226183013,-4.1806776693657355
4.718999999999911,-3.0578501291909603,0.05983800310630624,-0.08669001722612708,0.2068557670901188,0.12108005408665183,-4.177921199404855
4.719999999999911,-3.057643813204489,0.059957982508546864,-0.09086688143073458,0.20578268077401654,0.11884493954442471,-4.17497832001813
4.720999999999911,-3.057438573153591,0.06007572300953295,-0.09504070788978204,0.20470416832142246,0.11660283762609361,-4.171848789604044
4.721999999999912,-3.0572344143817687,0.06019121770198015,-0.09921130981528661,0.2036203938363045,0.11435391066243568,-4.16853237284683
4.722999999999912,-3.05703134206814,0.06030445984261589,-0.10337850018715654,0.20253152195204788,0.1120983243021324,-4.165028840752545
4.723999999999912,-3.056829361226881,0.060415442855481796,-0.10754209175954035,0.20143771788726822,0.10983624747885806,-4.16133797070424
4.724999999999913,-3.0566284767066128,0.06052416033519764,-0.1117018970672407,0.2003391475001031,0.1075678523672636,-4.157459546535904
4.725999999999913,-3.056428693189738,0.060630606050175714,-0.11585772843221126,0.19923597734053558,0.10529331432776179,-4.153393358624745
4.726999999999913,-3.0562300151917214,0.060734773945774305,-0.12000939797015496,0.19812837470028405,0.10301281184004904,-4.149139204001182
4.727999999999914,-3.0560324470603257,0.060836658147379104,-0.12415671759724065,0.19701650765977194,0.10072652642532855,-4.1446968864757565
4.728999999999914,-3.0558359929748007,0.06093625296340114,-0.12829949903695476,0.19590054513167215,0.09843464255723018,-4.140066216782003
4.729999999999914,-3.055640656945031,0.061033552888179986,-0.13243755382710334,0.19478065690050114,0.09613734756145291,-4.135247012734094
4.730999999999915,-3.0554464428106467,0.06112855260478105,-0.13657069332697866,0.19365701365772023,0.09383483150418656,-4.130239099397876
4.731999999999915,-3.0552533542401004,0.06122124698767563,-0.14069872872470263,0.1925297870317844,0.09152728706939987,-4.1250423092737
4.732999999999915,-3.055061394729719,0.06131163110529277,-0.14482147104475854,0.19139914961256357,0.08921490942511182,-4.119656482489207
4.733999999999916,-3.0548705676027312,0.06139970022243201,-0.1489387311557194,0.19026527496954793,0.08689789607879196,-4.1140814669999966
4.734999999999916,-3.0546808760082835,0.061485449802525995,-0.15305031977818015,0.18912833766323717,0.08457644672206324,-4.108317118795854
4.735999999999916,-3.0544923229204444,0.0615688755097427,-0.1571560474928977,0.187988513249106,0.0822507630649065,-4.102363302109951
4.736999999999917,-3.054304911137213,0.061649973210916614,-0.16125572474914046,0.18684597827353197,0.07992104865959045,-4.096219889628192
4.737999999999917,-3.0541186432795335,0.06172873897729881,-0.16534916187324625,0.18570091026107025,0.07758750871457343,-4.089886762695591
4.738999999999917,-3.053933521790327,0.061805169086116045,-0.1694361690773833,0.18455348769246355,0.07525034989864327,-4.083363811516321
4.739999999999918,-3.0537495489335504,0.06187926002192919,-0.17351655646850697,0.18340388997278168,0.07290978013558035,-4.076650935343796
4.740999999999918,-3.053566726793293,0.061951008477781774,-0.17759013405749985,0.18225229738910018,0.0705660083896459,-4.069748042656906
4.741999999999918,-3.0533850572729206,0.062020411356129505,-0.18165671176847945,0.18109889105714674,0.06821924444221267,-4.062655051318281
4.742999999999919,-3.053204542094277,0.062087465769542105,-0.1857160994482533,0.17994385285637315,0.0658696986598702,-4.055371888710222
4.743999999999919,-3.053025182796961,0.06215216904116923,-0.18976810687589712,0.17878736535294704,0.06351758175435138,-4.047898491843761
4.744999999999919,-3.0528469807376797,0.062214518704962245,-0.19381254377242646,0.17762961171020672,0.06116310453464344,-4.040234807436137
4.74599999999992,-3.0526699370897052,0.062274512505644475,-0.19784921981052805,0.1764707755861826,0.058806477651664975,-4.032380791951869
4.74699999999992,-3.052494052842435,0.06233214839842249,-0.20187794462431213,0.17531104101786388,0.056447911335914286,-4.024336411602588
4.74799999999992,-3.0523193288010764,0.062387424548431776,-0.2058985278190418,0.17415059229198251,0.05408761512852473,-4.016101642300827
4.748999999999921,-3.0521457655864683,0.06244033932991026,-0.20991077898079136,0.1729896138021987,0.0517257976062038,-4.00767646956314
4.749999999999921,-3.0519733636350512,0.06249089132509408,-0.2139145076859805,0.17182828989270862,0.049362666100586254,-3.999060888358284
4.750999999999921,-3.0518021231990007,0.06253907932283001,-0.21790952351072765,0.17066680468845857,0.04699842641260451,-3.990254902896656
4.751999999999922,-3.051632044346536,0.06258490231690016,-0.22189563603996215,0.1695053419123447,0.044633282522574425,-3.9812585263580287
4.752999999999922,-3.0514631269624206,0.06262835950405489,-0.22587265487623234,0.1683440846900081,0.042267436296819,-3.9720717805556345
4.753999999999922,-3.0512953707486616,0.06266945028175111,-0.2298403896481457,0.16718321534310673,0.03990108719181187,-3.9626946955361424
4.754999999999923,-3.05112877522542,0.06270817424559383,-0.23379865001837744,0.16602291517226203,0.03753443195702586,-3.9531273091169727
4.755999999999923,-3.050963339732147,0.06274453118648068,-0.23774724569118647,0.16486336423124515,0.03516766433792482,-3.943369666364862
4.756999999999923,-3.0507990634289435,0.06277852108745012,-0.2416859864193834,0.163704741094386,0.03280097478084992,-3.9334218190227137
4.757999999999924,-3.05063594529816,0.06281014412023639,-0.24561468201070397,0.1625472226196636,0.0304345501419308,-3.9232838248956363
4.758999999999924,-3.050473984146231,0.06283940064153642,-0.24953314233355417,0.1613909837104635,0.02806857340260486,-3.9129557472118073
4.759999999999924,-3.050313178605749,0.06286629118899704,-0.25344117732211247,0.16023619707956657,0.025703223394857748,-3.902437653979463
4.760999999999925,-3.0501535271377698,0.06289081647693362,-0.25733859698079825,0.15908303301954935,0.02333867453990617,-3.891729617367961
4.761999999999925,-3.049995028034342,0.06291297739179608,-0.2612252113881479,0.15793165918441732,0.020975096604722684,-3.8808317131484973
4.762999999999925,-3.049837679421251,0.06293277498740253,-0.2651008307001795,0.15678224038792704,0.01861265448153725,-3.8697440202385485
4.763999999999926,-3.049681479260946,0.06295021047996627,-0.26896526515337527,0.15563493842464943,0.016251507996213083,-3.858466620403263
4.764999999999926,-3.0495264253556416,0.06296528524294848,-0.27281832506747017,0.1544899119203317,0.013891811752142377,-3.8469995981763887
4.765999999999926,-3.049372515350542,0.06297800080177554,-0.2766598208482999,0.1533473162184688,0.011533715016977171,-3.8353430410722966
4.766999999999927,-3.0492197467371662,0.06298835882846793,-0.28048956299103983,0.15220730331012128,0.009177361660017432,-3.82349704016829
4.767999999999927,-3.0490681168567093,0.06299636113623495,-0.2843073620842462,0.15107002181383278,0.006822890148315289,-3.8114616911414836
4.768999999999927,-3.048917622903408,0.06300200967409855,-0.28811302881519685,0.1499356170119207,0.0044704336093925965,-3.7992370958455464
4.769999999999928,-3.048768261927827,0.06300530652161586,-0.29190637397711333,0.14880423094835948,0.002120119967769076,-3.7868233645077605
4.770999999999928,-3.0486200308400258,0.06300625388377773,-0.2956872084789184,0.14767600259189487,-0.00022792783888133002,-3.7742206186142524
4.771999999999928,-3.048472926412522,0.06300485408616475,-0.2994553433582438,0.14655106806590282,-0.002573591560303978,-3.761428994529162
4.772999999999929,-3.0483269452829966,0.0630011095704444,-0.3032105897984312,0.145429560943883,-0.004916757250365965,-3.7484486478605907
4.773999999999929,-3.048182083956668,0.06299502289029209,-0.3069527591502613,0.14431161260647893,-0.007257314803175685,-3.735279758542067
4.774999999999929,-3.048038338808287,0.06298659670781298,-0.3106816629590898,0.14319735265274589,-0.009595157416512215,-3.721922536543947
4.77599999999993,-3.047895706083692,0.06297583379053118,-0.3143971129979499,0.1420869093553352,-0.011930180995501981,-3.7083772280674636
4.77699999999993,-3.047754181900898,0.06296273700899745,-0.3180989213070063,0.14098041014666882,-0.014262283514542345,-3.6946441220099313
4.77799999999993,-3.0476137622506863,0.0629473093350465,-0.3217869002394974,0.13987798212139813,-0.01659136436000356,-3.680723556429643
4.778999999999931,-3.0474744429966902,0.06292955384071014,-0.3254608625140123,0.1387797525397805,-0.018917323679627184,-3.66661592469151
4.779999999999931,-3.0473362198749854,0.06290947369776616,-0.3291206212726088,0.1376858493172537,-0.02124006176619051,-3.6523216809478125
4.780999999999931,-3.047199088493202,0.06288707217787509,-0.3327659901439362,0.13659640148745303,-0.02355947850247077,-3.637841344609791
4.781999999999932,-3.047063044329188,0.06286235265323134,-0.33639678331019235,0.13551153962900483,-0.025875472891614962,-3.6231755034995086
4.782999999999932,-3.0469280827292726,0.0628353185976335,-0.3400128155764677,0.13443139625025177,-0.02818794269182237,-3.608324815437592
4.783999999999932,-3.046794198906159,0.06280597358786284,-0.3436139024408271,0.13335610613010007,-0.03049678416724426,-3.5932900081163366
4.784999999999933,-3.0466613879365028,0.06277432130525161,-0.34719986016338694,0.13228580661686304,-0.032801891958956234,-3.5780718772199585
4.785999999999933,-3.04652964475821,0.06274036553732208,-0.3507705058326636,0.1312206378898233,-0.035103159071691745,-3.5626712828719915
4.786999999999933,-3.046398964167486,0.06270411017938621,-0.3543256574276089,0.1301607431899245,-0.03740047696467503,-3.547089144600337
4.787999999999934,-3.046269340815669,0.06266555923600975,-0.35786513387398283,0.12910626902643524,-0.039693735729139805,-3.531326435101049
4.788999999999934,-3.046140769205868,0.06262471682226445,-0.3613887550940309,0.12805736536572346,-0.04198282433146704,-3.515384173143571
4.789999999999934,-3.0460132436894143,0.06258158716471364,-0.364896342048792,0.12701418580673574,-0.04426763089948447,-3.499263415988558
4.790999999999935,-3.045886758462147,0.06253617460209918,-0.368387716772734,0.12597688774578347,-0.04654804303018435,-3.482965251685069
4.791999999999935,-3.0457613075605376,0.06248848358571777,-0.371862702400768,0.12494563253119073,-0.04882394809952749,-3.4664907915814847
4.792999999999935,-3.0456368848576654,0.06243851867949314,-0.37532112318800015,0.1239205856065884,-0.05109523355856229,-3.449841163331317
4.793999999999936,-3.0455134840590565,0.06238628455976351,-0.37876280452282957,0.12290191664036576,-0.05336178720422302,-3.433017504609698
4.794999999999936,-3.045391098698403,0.062331786014814025,-0.38218757293418226,0.12188979963811092,-0.05562349741736188,-3.4160209576870026
4.795999999999936,-3.0452697221331775,0.062275027944188946,-0.3855952560937832,0.12088441303477734,-0.05788025336441865,-3.3988526649396484
4.796999999999937,-3.0451493475401663,0.0622160153578203,-0.38898568281441875,0.11988593976371469,-0.060131945162379755,-3.381513765319601
4.797999999999937,-3.04502996791095,0.06215475337500907,-0.39235868304513905,0.11889456730046692,-0.06237846400920297,-3.3640053917564114
4.798999999999937,-3.0449115760473493,0.06209124722329144,-0.3957140878643039,0.11791048768022518,-0.06461970228367118,-3.346328669429836
4.799999999999938,-3.044794164556869,0.06202550223721835,-0.39905172947130135,0.1169338974888929,-0.06685555361975336,-3.3284847148269208
4.800999999999938,-3.0446777258481608,0.06195752385707106,-0.4023714411776743,0.11596499782877008,-0.06908591296110438,-3.3104746354835983
4.801999999999938,-3.044562252126536,0.06188731762752972,-0.4056730573982871,0.1150039942608144,-0.07131067660145646,-3.292299530305589
4.802999999999939,-3.044447735389544,0.06181488919630635,-0.40895641364305896,0.11405109672624383,-0.07352974221647067,-3.2739604903647224
4.803999999999939,-3.0443341674226376,0.06174024431274797,-0.4122213465096907,0.1131065194508867,-0.07574300889224245,-3.2554586000728722
4.804999999999939,-3.0442215397949446,0.06166338882641102,-0.41546769367771647,0.11217048083615913,-0.07795037715518179,-3.236794938644836
4.80599999999994,-3.044109843855148,0.06158432868560345,-0.4186952939041297,0.11124320334086778,-0.08015174900748856,-3.2179705817723425
4.80699999999994,-3.0439990707274927,0.06150306993588696,-0.4219039870207609,0.11032491335821412,-0.08234702797196533,-3.198986603442898
4.80799999999994,-3.0438892113079086,0.061419618718528406,-0.4250936139335232,0.10941584109243377,-0.08453611914948467,-3.17984407784859
4.808999999999941,-3.043780256260265,0.06133398126888617,-0.4282640166235927,0.108516220439458,-0.08671892929207035,-3.160544081340768
4.809999999999941,-3.0436721960127318,0.06124616391471456,-0.4314150381505519,0.10762628887584405,-0.08889536689426329,-3.14108769439635
4.810999999999941,-3.043565020754251,0.061156173074366625,-0.434546522657494,0.1067462873599907,-0.09106534230521311,-3.1214760035701845
4.811999999999942,-3.0434587204310963,0.06106401525487366,-0.4376583153780653,0.10587646024932877,-0.09322876786374501,-3.1017101034153454
4.812999999999942,-3.04335328474351,0.06096969704987728,-0.4407502626454059,0.10501705523673427,-0.09538555805846544,-3.081791098359384
4.813999999999942,-3.0432487031423876,0.06087322513738799,-0.4438222119029419,0.10416832330882102,-0.09753562971474321,-3.061720104529417
4.814999999999943,-3.043144964825998,0.06077460627734295,-0.4468740117169755,0.1033305187271266,-0.09967890220772649,-3.041498251513358
4.815999999999943,-3.0430420587369946,0.060673847309731604,-0.44990551178893684,0.10250389829492469,-0.10181529566865165,-3.021126676199279
4.816999999999943,-3.042939973560908,0.060570955156595455,-0.4529165629517002,0.10168871959588216,-0.10394472631089907,-3.000606505316967
4.817999999999944,-3.042838697724034,0.06046593682219978,-0.45590701717000015,0.10088524310695177,-0.10606711239562537,-2.9799388788933707
4.818999999999944,-3.0427382193906674,0.06035879939125742,-0.4588767275589885,0.10009373282074163,-0.10818237608824323,-2.9591249576548524
4.819999999999944,-3.0426385264593208,0.06024955002422964,-0.4618255484056461,0.09931445631821628,-0.11029044380227969,-2.9381659244366687
4.820999999999945,-3.0425396065591066,0.06013819595290349,-0.4647533351915559,0.09854768483413065,-0.11239124654984343,-2.9170629854906336
4.821999999999945,-3.042441447046061,0.06002474447562364,-0.46765994461691707,0.09779369329453932,-0.11448472027992002,-2.8958173716504523
4.822999999999945,-3.0423440349994606,0.059909202952204574,-0.47054523462562703,0.09705276029675286,-0.11657080617502522,-2.8744303392903614
4.823999999999946,-3.042247357218206,0.05979157879858649,-0.4734090644311802,0.09632516799020092,-0.11864945086113834,-2.85290317097838
4.824999999999946,-3.042151400217394,0.05967187948135378,-0.47625129454300774,0.0956112018009872,-0.12072060646319176,-2.8312371756766797
4.825999999999946,-3.042056150225282,0.05955011251231848,-0.47907178679270496,0.09491114992251391,-0.1227842304057174,-2.8094336882727142
4.826999999999947,-3.041961593180921,0.05942628544349387,-0.48187040435932954,0.09422530246830689,-0.12484028481134744,-2.787494068128136
4.827999999999947,-3.0418677147328603,0.05930040586296287,-0.48464701179257813,0.09355395014989852,-0.1268887352829222,-2.7654196961978053
4.828999999999947,-3.041774500239497,0.0591724813924055,-0.48740147503211206,0.0928973823011847,-0.12892954876016033,-2.74321197008469
4.829999999999948,-3.041681934771814,0.05904251968742234,-0.4901336614205482,0.09225588402026548,-0.13096269000930394,-2.7208722961413616
4.830999999999948,-3.0415900031195484,0.05891052844231962,-0.4928434397065785,0.09162973214062986,-0.13298811612310832,-2.6984020773875455
4.831999999999948,-3.0414986898021246,0.05877651540175837,-0.4955306800332411,0.09101918967852586,-0.13500576817250137,-2.675802695577127
4.832999999999949,-3.0414079791054354,0.058640488491498076,-0.4981952537905607,0.09042439755387946,-0.13701497614964864,-2.6530744545836495
4.833999999999949,-3.0413178555320255,0.05850245843297761,-0.5008370292878858,0.08984496947498624,-0.13901191664627738,-2.6302121202410143
4.834999999999949,-3.041228303417551,0.05836243659283136,-0.5034558734822271,0.08928132276452964,-0.1409973253941729,-2.6072185549488047
4.83599999999995,-3.0411393068630836,0.058220434441177756,-0.5060516568276149,0.08873384021980125,-0.14297222957217245,-2.5840970798162877
4.83699999999995,-3.0410508495663335,0.058076462039812,-0.5086242529194366,0.08820277405823779,-0.1449374893505255,-2.5608506526370096
4.83799999999995,-3.0409629150448905,0.05793052867897986,-0.5111735381178772,0.08768823014412935,-0.14689378656461263,-2.5374818386603994
4.838999999999951,-3.0408754867903296,0.057782643065169045,-0.5136993911343831,0.08719015223242212,-0.14884160447262454,-2.513992766698047
4.839999999999951,-3.040788548434273,0.057632813532451914,-0.5162016925707296,0.086708314763046,-0.15078120106015194,-2.490385081046011
4.840999999999951,-3.0407020839114334,0.057481048279792446,-0.5186803244175197,0.08624233767337362,-0.1527125846181675,-2.466659913631659
4.841999999999952,-3.040616077591781,0.05732735562489347,-0.5211351695491192,0.08579173515206982,-0.15463550673258378,-2.4428179100516574
4.842999999999952,-3.040530514348954,0.057171744250718956,-0.5235661112811575,0.08535599536966683,-0.1565494860792886,-2.4188593290301488
4.843999999999952,-3.040445379544753,0.05701422341417742,-0.5259730330574215,0.08493466716305664,-0.15845386167938813,-2.3947841948530817
4.844999999999953,-3.0403606589363252,0.05685480309536814,-0.5283558182942241,0.08452742389092867,-0.16034785755440914,-2.370592450760025
4.845999999999953,-3.0402763385355396,0.056693494085197055,-0.5307143503592017,0.08413409110921477,-0.16223063823217596,-2.3462840697215936
4.846999999999953,-3.0401924044548867,0.05653030802550339,-0.5330485126338379,0.08375464471157049,-0.16410134534892099,-2.3218591118208702
4.847999999999954,-3.0401088427637295,0.05636525742093169,-0.5353581886116047,0.08338919371531316,-0.16595911658211426,-2.2973177410899943
4.848999999999954,-3.0400256393649414,0.05619835563812513,-0.5376432620002414,0.0830379589354991,-0.16780309259669357,-2.2726602196599313
4.849999999999954,-3.0399427798927645,0.05602961690175123,-0.5399036168126207,0.08270125340688524,-0.16963241738695894,-2.2478868924849302
4.850999999999955,-3.0398602496771243,0.055859055744281766,-0.5421391380030035,0.0823793478164329,-0.1714475179075276,-2.2230002207651167
4.851999999999955,-3.0397780339123153,0.055686684994887624,-0.5443497155210923,0.08207226711621976,-0.17325116607613214,-2.198006395108368
4.852999999999955,-3.039696117642257,0.05551251623423748,-0.5465352433374268,0.08178022267087966,-0.17504349220604193,-2.1729073365686604
4.853999999999956,-3.039614485730126,0.0553365606171436,-0.5486956170102364,0.08150344645985297,-0.17682441108848923,-2.147704631253466
4.854999999999956,-3.0395331227908553,0.05515882959649178,-0.5508307336839592,0.08124216936806392,-0.17859383251484484,-2.1223998656140926
4.855999999999956,-3.0394520132105343,0.0549793347168417,-0.552940492090694,0.0809966174547489,-0.1803516640087856,-2.0969946283819136
4.856999999999957,-3.0393711411526114,0.05479808761583778,-0.5550247925528933,0.08076700943254066,-0.18209781224979568,-2.0714905112460094
4.857999999999957,-3.039290490566119,0.05461510002465113,-0.5570835369863846,0.08055355509012739,-0.18383218369447546,-2.04588910891612
4.858999999999957,-3.039210045195099,0.05443038376807148,-0.5591166289033174,0.08035645443652518,-0.18555468472767328,-2.0201920189599356
4.859999999999958,-3.03912978858859,0.05424395076460091,-0.5611239734149314,0.08017589738732551,-0.18726522155441347,-1.9944008416352796
4.860999999999958,-3.03904970411072,0.05405581302673497,-0.5631054772342055,0.08001206385091188,-0.18896369996262533,-1.9685171798321
4.861999999999958,-3.038969774950554,0.05386598266151613,-0.5650610486785269,0.07986512410475267,-0.1906500250338983,-1.9425426391760672
4.862999999999959,-3.038889984131458,0.05367447187138593,-0.5669905976725527,0.07973523937845886,-0.19232410084583354,-1.916478828310058
4.863999999999959,-3.0388103145197927,0.05348129295533053,-0.5688940357514405,0.07962256258177335,-0.1939858301885697,-1.890327359351485
4.864999999999959,-3.0387307488328354,0.05328645831029932,-0.5707712760646215,0.07952723913267114,-0.19563511430530164,-1.8640898485155062
4.86599999999996,-3.038651269645829,0.05308998043287034,-0.5726222333802738,0.07944940785400052,-0.1972718526591128,-1.8377679168922043
4.86699999999996,-3.0385718593981097,0.052891871921136674,-0.5744468240906456,0.07938920191726648,-0.19889594272425234,-1.8113631913671746
4.86799999999996,-3.038492500398275,0.052692145476791255,-0.5762449662183675,0.07934674981986448,-0.2005072797978355,-1.7848773056779463
4.868999999999961,-3.0384131748283583,0.05249081390739175,-0.5780165794238875,0.07932217638784003,-0.20210575682701903,-1.758311901602366
4.869999999999961,-3.0383338647469915,0.052287890128792786,-0.5797615850141595,0.07931560380051124,-0.20369126424649464,-1.7316686302789546
4.870999999999961,-3.0382545520915287,0.05208338716773752,-0.5814799059527205,0.07932715263639305,-0.20526368982133134,-1.7049491536630772
4.871999999999962,-3.0381752186791173,0.05187731816460564,-0.5831714668712938,0.07935694294206999,-0.20682291849059986,-1.6781551461263993
4.872999999999962,-3.0380958462066827,0.05166969637631899,-0.584836194083069,0.07940509532717901,-0.20836883220771488,-1.6512882962105326
4.873999999999962,-3.0380164162498065,0.05146053517940997,-0.5864740155978169,0.07947173208962591,-0.2099013097739802,-1.6243503085489919
4.874999999999963,-3.037936910260461,0.05124984807326094,-0.588084861139019,0.07955697837566196,-0.21142022666239305,-1.5973429059745965
4.875999999999963,-3.0378573095635626,0.05103764868352574,-0.5896686621632043,0.0796609633795412,-0.21292545482935277,-1.570267831832259
4.876999999999963,-3.037777595352309,0.05082395076574615,-0.5912253518817114,0.07978382158717336,-0.2144168625125372,-1.5431268525196795
4.877999999999964,-3.037697748682243,0.05060876820917789,-0.592754865285115,0.07992569406746103,-0.2158943140138786,-1.515921760280732
4.878999999999964,-3.0376177504640043,0.05039211504084119,-0.5942571391705836,0.08008672981379951,-0.21735766946731636,-1.4886543762781566
4.879999999999964,-3.037537581454712,0.050174005429810986,-0.5957321121724611,0.08026708713642615,-0.21880678459186087,-1.4613265539733589
4.880999999999965,-3.037457222247933,0.04995445369176063,-0.5971797247963929,0.08046693510379387,-0.22024151043151066,-1.4339401828413343
4.881999999999965,-3.0373766532621835,0.04973347429377128,-0.5985999194573463,0.08068645502772351,-0.2216616930847661,-1.406497192447519
4.882999999999965,-3.0372958547279314,0.049511081859414996,-0.5999926405218983,0.08092584198252169,-0.2230671734279254,-1.3789995569100642
4.883999999999966,-3.037214806673065,0.04928729117411529,-0.6013578343551865,0.08118530634223266,-0.22445778683807857,-1.3514492997646717
4.884999999999966,-3.0371334889068278,0.049062117190781386,-0.602695449372929,0.08146507531235292,-0.2258333629237776,-1.3238484992384
4.885999999999966,-3.037051881002241,0.04883557503570362,-0.6040054360989183,0.08176539442222316,-0.22719372527379117,-1.2961992939218956
4.886999999999967,-3.0369699622770687,0.04860768001468544,-0.605287747228375,0.0820865289313882,-0.2285386912371645,-1.2685038888036921
4.887999999999967,-3.03688771177345,0.048378447619372884,-0.6065423376974853,0.08242876508685612,-0.22986807175097804,-1.2407645615919265
4.888999999999967,-3.0368051082363827,0.04814789353372401,-0.6077691647593546,0.08279241114768016,-0.23118167123565234,-1.2129836691928386
4.889999999999968,-3.036722130091343,0.047916033640539535,-0.6089681880664326,0.08317779806784413,-0.23247928758120665,-1.1851636541344435
4.890999999999968,-3.036638755421459,0.047682884027950546,-0.6101393697592051,0.08358527969721685,-0.23376071225122963,-1.1573070506071907
4.891999999999968,-3.036554961944791,0.04744846099573121,-0.611282674560537,0.08401523232250037,-0.23502573053394676,-1.1294164896258598
4.892999999999969,-3.0364707269925035,0.047212781061274196,-0.6123980698744429,0.08446805332482554,-0.23627412197086547,-1.101494702575465
4.893999999999969,-3.0363860274889336,0.04697586096503704,-0.6134855258871628,0.08494415867725184,-0.23750566099186596,-1.0735445220538489
4.894999999999969,-3.036300839934888,0.04673771767524099,-0.6145450156670882,0.08544397894341202,-0.23872011777961388,-1.0455688784111041
4.89599999999997,-3.0362151403958633,0.046498368391587455,-0.6155765152581358,0.08596795336769801,-0.2399172593735708,-1.0175707896255153
4.89699999999997,-3.0361289044973363,0.04625783054775662,-0.6165800037582663,0.08651652156789001,-0.24109685100186826,-0.9895533410086946
4.89799999999997,-3.0360421074298065,0.046016121812481436,-0.6175554633705259,0.08709011225372064,-0.24225865759474488,-0.961519649469393
4.898999999999971,-3.035954723966887,0.04577326008906008,-0.6185028794074406,0.08768912830122368,-0.2434024453833279,-0.9334728043011508
4.899999999999971,-3.0358667285004683,0.04552926351329777,-0.6194222402195261,0.08831392741654703,-0.24452798342163273,-0.9054157720467654
4.900999999999971,-3.0357780950977804,0.04528415045006817,-0.6203135370029536,0.08896479753243376,-0.24563504479353895,-0.8773512458679246
4.901999999999972,-3.035688797586084,0.045037939488954744,-0.6211767634165548,0.08964192601301404,-0.2467234072028587,-0.8492814083780222
4.902999999999972,-3.0355988096716375,0.04479064943973074,-0.6220119148989918,0.09034536172645119,-0.24779285266152454,-0.8212075590773803
4.903999999999972,-3.0355081051005266,0.044542299328590974,-0.6228189875161902,0.0910749496659866,-0.24884309036860874,-0.793129461399416
4.904999999999973,-3.0354166581740643,0.044292909615912854,-0.6235979752389877,0.09182981002792451,-0.2498718604899172,-0.7650427035155373
4.905999999999973,-3.035324443856018,0.04404250168471432,-0.624348866240469,0.09260921543733487,-0.25087852700648855,-0.7369408671168223
4.906999999999973,-3.035231438039426,0.04379109750241614,-0.6250716410043599,0.09341245627844005,-0.2518642386106005,-0.7088141060563695
4.907999999999974,-3.0351376174984495,0.04353871743020363,-0.6257662672482078,0.09423821925222918,-0.2528301916240744,-0.6806468230781834
4.908999999999974,-3.0350429607303617,0.04328538052558624,-0.6264326950722144,0.09508434071513315,-0.2537778185349737,-0.6524202170232433
4.909999999999974,-3.0349474489581216,0.04303110416521441,-0.6270708570912993,0.09594749953350926,-0.2547090799626702,-0.6241196240010688
4.910999999999975,-3.0348510673050906,0.04277590344702819,-0.6276806768839063,0.09682319752030383,-0.2556265962205348,-0.5957424863578086
4.911999999999975,-3.0347538056934678,0.042519790707325256,-0.6282620820654308,0.09770637060210091,-0.2565332616953032,-0.5672986808816536
4.912999999999975,-3.034655658990334,0.04226277554721758,-0.6288150134882485,0.09859230975391164,-0.25743157358535756,-0.538803465325049
4.913999999999976,-3.034556626361865,0.04200486543518721,-0.62933942702152,0.09947725644454593,-0.25832320434836414,-0.5102708559237545
4.914999999999976,-3.0344567102288584,0.041746066583873975,-0.6298352907263871,0.10035852153328832,-0.25920895086443674,-0.48171108978398824
4.915999999999976,-3.034355915233752,0.04148638477800885,-0.630302581026887,0.10123434770912089,-0.26008888112178885,-0.4531307895788135
4.916999999999977,-3.034254247394315,0.04122582602184743,-0.6307412795683408,0.10210371278968995,-0.2609625164662685,-0.42453394630984137
4.917999999999977,-3.034151713454805,0.04096439700922112,-0.63115137107214,0.10296617638247692,-0.26182931590666286,-0.39592310258396557
4.918999999999977,-3.0340483202471216,0.040702102872429265,-0.6315328435780503,0.1038219079853066,-0.26269195551170804,-0.36730232063011214
4.919999999999978,-3.0339440744488693,0.040438948209922325,-0.6318856881827826,0.10467114797941536,-0.26355072625558157,-0.3386733332644819
4.920999999999978,-3.0338389823442107,0.04017493668086636,-0.6322098972550164,0.10551429730173638,-0.26440537031997186,-0.31003723407410366
4.921999999999978,-3.033733049769524,0.03991007258418273,-0.6325054641680324,0.10635189043898063,-0.2652555243644567,-0.28139496258405705
4.922999999999979,-3.033626281977717,0.03964436061969201,-0.6327723832078455,0.10718455171774686,-0.26610075692192864,-0.2527474191529697
4.923999999999979,-3.0335186835662267,0.03937780594111734,-0.6330106495712983,0.10801296150442209,-0.26694059708262907,-0.22409553330527207
4.924999999999979,-3.0334102584348033,0.03911041418403441,-0.633220259416256,0.10883782996380714,-0.2677745562030347,-0.19544030177313773
4.92599999999998,-3.0333010097664106,0.038842191474999295,-0.6334012099393371,0.10965987675411912,-0.26860214409503985,-0.16678280696361578
4.92699999999998,-3.03319094002594,0.03857314442676207,-0.6335534994653947,0.11047981548037102,-0.2694228808781034,-0.13812422294654148
4.92799999999998,-3.0330800509724565,0.03830328012340988,-0.6336771275387911,0.11129834200521327,-0.27023630544157007,-0.10946581368913064
4.928999999999981,-3.0329683436815045,0.03803260609843498,-0.6337720950103948,0.1121161258979141,-0.2710419812716818,-0.08080892669279713
4.929999999999981,-3.0328558185746326,0.037761130308048944,-0.6338384041168251,0.11293380442989803,-0.27183950024348846,-0.05215498413288033
4.930999999999981,-3.0327424754538566,0.03748886110152824,-0.6338760585501886,0.11375197862231828,-0.27262848485495317,-0.02350547288526738
4.931999999999982,-3.0326283135392194,0.037215807189950344,-0.6338850635176722,0.11457121092127254,-0.2734085894990594,0.005138063904673126
4.932999999999982,-3.032513331508402,0.03694197760428746,-0.6338654258462396,0.11539202329645033,-0.27417952200921125,0.03377386307836433
4.933999999999982,-3.0323975275380137,0.0366673816269379,-0.6338171543685285,0.1162148958488292,-0.27494107246277083,0.062399713668185225
4.934999999999983,-3.03228089934423,0.036392028734538555,-0.6337402601835332,0.11704026919926334,-0.27569306718784875,0.09101333244144875
4.935999999999983,-3.03216344422181,0.036115928559326695,-0.6336347566773731,0.11786854608815973,-0.27643536034487953,0.11961242978432657
4.936999999999983,-3.032045159081005,0.03583909086607791,-0.6335006595262505,0.11870009309100775,-0.27716783247533133,0.14819471639506882
4.937999999999984,-3.031926040482759,0.035561525526493644,-0.6333379866931581,0.11953524259695121,-0.27789038893884915,0.1767579091026896
4.938999999999984,-3.031806084671842,0.03528324249518212,-0.6331467584191792,0.12037429495128539,-0.2786029583015771,0.2052997358737406
4.939999999999984,-3.031685287607791,0.0350042517872568,-0.6329269972101563,0.1212175206850507,-0.2793054907217605,0.23381794008137463
4.940999999999985,-3.031563644993598,0.03472456345753739,-0.6326787278194271,0.122065162773128,-0.27999795636571395,0.26231028411473767
4.941999999999985,-3.031441152302148,0.03444418758131046,-0.6324019772272487,0.12291743887697852,-0.2806803438771553,0.29077455240564964
4.942999999999985,-3.031317804800429,0.034163134236588115,-0.6320967746174558,0.1237745435399412,-0.2813526589151598,0.319208553945509
4.943999999999986,-3.031193597571588,0.03388141348779071,-0.631763151351829,0.12463665031227968,-0.28201492277010726,0.34761012435971617
4.944999999999986,-3.031068525534891,0.033599035370772724,-0.6314011409425835,0.12550391379038628,-0.2826671710625761,0.3759771276005627
4.945999999999986,-3.030942583463706,0.03331600987910775,-0.631010779023333,0.1263764715600698,-0.28330945252686607,0.40430745731307177
4.946999999999987,-3.0308157660015773,0.03303234695154807,-0.6305921033188316,0.12725444603798958,-0.2839418278784397,0.4325990379220508
4.947999999999987,-3.030688067676523,0.03274805646057584,-0.6301451536137492,0.12813794620831592,-0.28456436876285546,0.46084982548287345
4.948999999999987,-3.030559482913641,0.03246314820196629,-0.6296699717206986,0.1290270692538065,-0.28517715678254973,0.48905780833333634
4.949999999999988,-3.0304300060461378,0.03217763188528705,-0.6291666014476971,0.12992190208187124,-0.28578028259697746,0.5172210075794074
4.950999999999988,-3.030299631324887,0.031891517125262836,-0.6286350885652122,0.13082252274698541,-0.286373845091031,0.545337477443785
4.951999999999988,-3.03016835292661,0.031604813433939914,-0.6280754807729176,0.13172900177111602,-0.28695795060623364,0.5734053055029147
4.952999999999989,-3.030036164960793,0.03131753021359035,-0.6274878276662572,0.13264140336372798,-0.28753271222887655,0.6014226128354175
4.953999999999989,-3.0299030614754296,0.03102967675030238,-0.626872180702897,0.13355978654249595,-0.2880982491289683,0.6293875541027452
4.954999999999989,-3.0297690364616923,0.030741262208208955,-0.6262285931691219,0.13448420615510348,-0.28865468594354265,0.6572983175812237
4.95599999999999,-3.0296340838576357,0.030452295624313837,-0.6255571201462178,0.1354147138014917,-0.28920215219746637,0.6851531251634684
4.95699999999999,-3.0294981975510225,0.03016278590388112,-0.6248578184768587,0.13635135865463313,-0.2897407817543543,0.7129502323463747
4.95799999999999,-3.029361371381386,0.02987274181636228,-0.6241307467315081,0.13729418817635575,-0.2902707122894794,0.7406879282224964
4.958999999999991,-3.0292235991414285,0.02958217199184312,-0.6233759651748182,0.13824324872291674,-0.29079208477559976,0.7683645354915603
4.959999999999991,-3.029084874577874,0.029291084918002766,-0.6225935357320013,0.13919858603290702,-0.29130504297134635,0.7959784105090961
4.960999999999991,-3.0289451913918946,0.02899948893758815,-0.6217835219551269,0.14016024558763338,-0.2918097329001485,0.8235279433896494
4.961999999999992,-3.0288045432392474,0.028707392246420237,-0.6209459889892806,0.14112827283134424,-0.29230630230552535,0.8510115581827203
4.962999999999992,-3.0286629237302654,0.028414802891963985,-0.6200810035385026,0.14210271323550824,-0.2927949000658467,0.878427713140402
4.963999999999992,-3.0285203264298737,0.028121728772512376,-0.6191886338314051,0.14308361218779336,-0.2932756755482461,0.9057749010965744
4.964999999999993,-3.0283767448578125,0.027828177637057434,-0.6182689495863453,0.1440710146824102,-0.2937487778771413,0.9330516499783725
4.965999999999993,-3.0282321724892785,0.027534157085947975,-0.6173220219760127,0.14506496478408268,-0.29421435508767696,0.9602565234713666
4.966999999999993,-3.0280866027562343,0.02723967457246667,-0.6163479235912648,0.14606550483314282,-0.29467255312827945,0.9873881218603058
4.967999999999994,-3.0279400290496534,0.026944737405498194,-0.6153467284040252,0.14707267435425195,-0.2951235146694433,1.0144450830672151
4.968999999999994,-3.027792444723026,0.026649352753506956,-0.6143185117290363,0.14808650862631023,-0.29556737766806485,1.041426083907838
4.969999999999994,-3.027643843097482,0.026353527650097564,-0.6132633501842383,0.14910703686677826,-0.2960042736287093,1.0683298415856073
4.970999999999995,-3.0274942174689423,0.02605726900149319,-0.6121813216495284,0.15013427998086962,-0.2964343254963973,1.0951551154391452
4.971999999999995,-3.0273435611177626,0.025760583596334267,-0.6110725052236412,0.15116824782657134,-0.2968576451122407,1.1219007089543358
4.972999999999995,-3.0271918673213687,0.025463478118266887,-0.6099369811788823,0.15220893595301369,-0.2972743301678595,1.1485654720448955
4.973999999999996,-3.027039129370428,0.02516595916184525,-0.6087748309134495,0.15325632178683898,-0.2976844606142799,1.1751483035957377
4.974999999999996,-3.0268853405891054,0.024868033252295505,-0.607586136901086,0.15431036027579734,-0.2980880945276577,1.2016481542512671
4.975999999999996,-3.0267304943599154,0.02456970686964315,-0.6063709826378351,0.15537097906068004,-0.2984852635251912,1.2280640294165273
4.976999999999997,-3.0265745841535603,0.024270986477538073,-0.6051294525857067,0.15643807334862125,-0.29887596798357036,1.2543949924243438
4.977999999999997,-3.0264176035639045,0.023971878556738734,-0.6038616321131186,0.1575115008161859,-0.29926017256547843,1.2806401678088708
4.978999999999997,-3.0262595463477906,0.023672389642537317,-0.6025676074320374,0.15859107708706174,-0.2996378029237838,1.3067987446184315
4.979999999999998,-3.0261004064687427,0.023372526364318358,-0.601247465531817,0.1596765725940993,-0.30000874490742907,1.3328699796990386
4.980999999999998,-3.025940178142658,0.02307229548390203,-0.5999012941097966,0.16076771189330327,-0.3003728480308643,1.3588532008757115
4.981999999999998,-3.025778855882444,0.02277170392746392,-0.5985291814988121,0.16186417662457447,-0.3007299351402826,1.3847478099221266
4.982999999999999,-3.0256164345374676,0.022470758804102837,-0.5971312165919307,0.16296561311796895,-0.3010798197107464,1.4105532850822695
4.983999999999999,-3.025452909322974,0.022169467403421822,-0.5957074887650907,0.16407164493270507,-0.3014223306227614,1.4362691826227756
4.984999999999999,-3.025288275834962,0.02186783716591498,-0.5942580877990559,0.16518188930786554,-0.3017573411449546,1.4618951379005187
4.986,-3.025122530048473,0.021565875630028878,-0.5927831037876669,0.16629597379309363,-0.30208478699121244,1.4874308975523691
4.987,-3.0249556682990266,0.02126359035931878,-0.5912826270190452,0.16741355246170403,-0.3024046842225426,1.5128763159812093
4.988,-3.024787687249433,0.020960988854637302,-0.5897567478986473,0.1685343192043094,-0.30271714531611,1.5382312993244687
4.989000000000001,-3.0246185838468858,0.020658078462421053,-0.5882055569088096,0.16965801304093028,-0.30302236742511507,1.5634957843577946
4.990000000000001,-3.0244483552775634,0.02035486630083348,-0.5866291445887608,0.17078441748179135,-0.30332060706258984,1.5886697170139006
4.991000000000001,-3.0242769989240297,0.020051359215131397,-0.5850276015361129,0.1719133559011665,-0.3036121489881019,1.613753031426681
4.992000000000002,-3.0241045123283175,0.019747563763979188,-0.5834010184278456,0.17304468512754212,-0.303897276610098,1.6387456322798992
4.993000000000002,-3.0239308931616415,0.019443486232670892,-0.581749486056562,0.1741782889268725,-0.30417624882143585,1.6636473820700315
4.994000000000002,-3.0237561392003602,0.01913913266569918,-0.5800730953768671,0.17531407224498607,-0.3044492850810008,1.6884580935402753
4.995000000000003,-3.023580248307262,0.01883450891047474,-0.5783719375570128,0.17645195642054387,-0.3047165581716585,1.713177526540473
4.996000000000003,-3.023403218417224,0.018529620665242354,-0.5766461040319699,0.17759187522611733,-0.304978192871446,1.737805388092018
4.997000000000003,-3.023225047526534,0.01822447352620998,-0.5748956865553689,0.1787337714860273,-0.3052342685465068,1.7623413343906906
4.998000000000004,-3.02304573368539,0.017919073030814848,-0.5731207772489256,0.1798775940431374,-0.3054848239735553,1.786784973673914
4.999000000000004,-3.022865274993332,0.01761342469553915,-0.5713214686489134,0.1810232949147622,-0.3057298631703272,1.8111358691514101
5.000000000000004,-3.02268366959745,0.0173075340476948,-0.5694978537499089,0.18217082654380445,-0.3059693614557519,1.8353935414556817
5.001000000000005,-3.0225009156933176,0.017001406651199463,-0.5676500260464749,0.18332013909912254,-0.30620327130254826,1.8595574702733413
5.002000000000005,-3.0223170115285987,0.01669504812667853,-0.5657780795737063,0.18447117780827532,-0.306431527776939,1.8836270949653633
5.003000000000005,-3.0221319554093133,0.01638846416635291,-0.5638821089477036,0.18562388032091684,-0.3066540535036697,1.9076018140836457
5.004000000000006,-3.0219457457087167,0.016081660544187512,-0.5619622094070947,0.18677817410747882,-0.3068707631750666,1.9314809837562792
5.005000000000006,-3.0217583808787607,0.015774643121732653,-0.5600184768567317,0.187933973899538,-0.30708156766214734,1.9552639149570281
5.0060000000000064,-3.0215698594640927,0.015467417850022681,-0.5580510079146586,0.18909117917824173,-0.30728637779948836,1.9789498697055916
5.007000000000007,-3.0213801801185394,0.0151599907678237,-0.5560598999633837,0.19024967171713988,-0.30748510791391376,2.002538056271628
5.008000000000007,-3.021189341624014,0.014852367996456336,-0.5540452512064056,0.19140931318682444,-0.3076776791563256,2.0260276234829053
5.0090000000000074,-3.020997342911789,0.014544555731367884,-0.5520071607308248,0.1925699428315691,-0.30786402267961566,2.0494176542705134
5.010000000000008,-3.020804183086045,0.01423656023059485,-0.549945728576722,0.19373137523310197,-0.3080440826852915,2.0727071586252994
5.011000000000008,-3.0206098614496053,0.01392838780024585,-0.5478610558137811,0.19489339818399806,-0.3082178193378991,2.0958950661922238
5.0120000000000084,-3.0204143775317283,0.013620044777148715,-0.5457532446253816,0.1960557707030854,-0.3083852115196765,2.118980218795184
5.013000000000009,-3.0202177311177927,0.013311537508847879,-0.5436223984000484,0.19721822123770982,-0.3085462593681545,2.1419613632649197
5.014000000000009,-3.0200199222806643,0.01300287233121142,-0.5414686218297329,0.19838044611247396,-0.3087009865068669,2.1648371450361137
5.0150000000000095,-3.0198209514134553,0.01269405554401408,-0.5392920210138784,0.1995421083005992,-0.30884944184473906,2.1876061030835956
5.01600000000001,-3.0196208192633134,0.012385093385004391,-0.5370927035676036,0.20070283661133098,-0.3089917007847931,2.210266666874894
5.01700000000001,-3.0194195269657693,0.012075992003139689,-0.534870778731604,0.20186222540317883,-0.30912786565050177,2.232817156115979
5.0180000000000105,-3.019217076079054,0.011766757431877441,-0.5326263574805585,0.2030198349458754,-0.30925806511294485,2.255255784142075
5.019000000000011,-3.0190134686176786,0.01145739556363505,-0.5303595526259554,0.20417519256060912,-0.3093824523899987,2.2775806658333777
5.020000000000011,-3.018808707084429,0.011147912126756023,-0.5280704789083879,0.2053277946645541,-0.3095012019976161,2.2997898308891904
5.0210000000000115,-3.018602794499821,0.010838312666523603,-0.5257592530736024,0.20647710982796244,-0.3096145048708607,2.3218812431444658
5.022000000000012,-3.0183957344279633,0.010528602531911256,-0.5234259939260234,0.20762258291654584,-0.3097225617457831,2.3438528263351186
5.023000000000012,-3.0181875309977286,0.01021878686981485,-0.5210708223532725,0.20876364033649128,-0.30982557480626577,2.3657024962995474
5.0240000000000125,-3.0179781889181565,0.009908870628435072,-0.5186938613154769,0.2098996963248999,-0.3099237377505106,2.387428199051863
5.025000000000013,-3.017767713487108,0.009598858571237713,-0.516295235794045,0.2110301601391962,-0.3100172246094839,2.4090279535152987
5.026000000000013,-3.017556110592384,0.009288755302496128,-0.5138750726961356,0.21215444390401683,-0.3101061778344853,2.4304998970337355
5.0270000000000135,-3.01734338670481,0.008978565304820342,-0.511433500713238,0.21327197078603594,-0.31019069633500146,2.4518423311856723
5.028000000000014,-3.017129548863151,0.00866829298833762,-0.5089706501349764,0.2143821831009863,-0.31027082425916047,2.473053765022231
5.029000000000014,-3.016914604651135,0.00835794275037684,-0.5064866526222147,0.21548454992668567,-0.3103465413385876,2.494132952741191
5.0300000000000145,-3.016698562167273,0.008047519043714695,-0.5039816409464323,0.21657857381051732,-0.31041775554971807,2.51507892305461
5.031000000000015,-3.01648142998858,0.00773702645076602,-0.5014557487048124,0.21766379622132098,-0.31048429867491795,2.535890998106955
5.032000000000015,-3.016263217129562,0.007426469760633568,-0.4989091100222054,0.21873980149697736,-0.31054592509945095,2.5565688006813923
5.0330000000000155,-3.0160439329980564,0.007115854045735814,-0.4963418592518832,0.21980621916539228,-0.3106023138913729,2.5771122494629046
5.034000000000016,-3.0158235873495594,0.006805184734825444,-0.4937541306867112,0.22086272464903142,-0.31065307392590563,2.597521543148527
5.035000000000016,-3.0156021902415873,0.006494467679571175,-0.49114605829112895,0.221909038482668,-0.31069775157614515,2.6177971350568936
5.0360000000000165,-3.015379751989478,0.006183709212440443,-0.48851777546235076,0.22294492426584417,-0.31073584032841106,2.6379397004837197
5.037000000000017,-3.015156283124748,0.005872916194306108,-0.4858694148267892,0.22397018562773907,-0.31076679160613735,2.657950099329902
5.038000000000017,-3.014931794356852,0.005562096050918499,-0.48320110807516103,0.22498466250191204,-0.31079002609661893,2.677829336508714
5.0390000000000175,-3.014706296538903,0.005251256798057268,-0.48051298583734514,0.2259882269968388,-0.31080494495278205,2.697578522378253
5.040000000000018,-3.0144798006376075,0.004940407055749511,-0.4778051775960123,0.22698077911385275,-0.31081094036337126,2.71719883502888
5.041000000000018,-3.014252317707489,0.0046295560523798955,-0.47507781163646007,0.22796224251662964,-0.31080740512496613,2.736691485768917
5.0420000000000185,-3.014023858869245,0.004318713619816824,-0.4723310150289849,0.22893256050436522,-0.3107937409874962,2.75605768866789
5.043000000000019,-3.0137944352919956,0.004007890180845187,-0.469564913639488,0.2298916922909,-0.31076936566708085,2.7752986345857655
5.044000000000019,-3.013564058179073,0.0036970967302516924,-0.4667796321637637,0.23083960964846306,-0.31073371851827764,2.7944154697672126
5.0450000000000195,-3.013332738756978,0.0033863448108785096,-0.4639752941809777,0.23177629393949412,-0.31068626492982016,2.8134092788208376
5.04600000000002,-3.013100488267116,0.0030756464858711675,-0.461152022222115,0.23270173353355014,-0.31062649955518745,2.8322810717300766
5.04700000000002,-3.0128673179599277,0.0027650143082201747,-0.45830993784958807,0.23361592158791963,-0.31055394851559726,2.8510317744424762
5.0480000000000205,-3.012633239091075,0.0024544612885517465,-0.4554491617446723,0.23451885415898746,-0.3104681707228897,2.869662222541712
5.049000000000021,-3.0123982629193673,0.0021440008619753002,-0.45256981379993566,0.2354105286051559,-0.3103687584678699,2.888173157506045
5.050000000000021,-3.012162400706153,0.00183364685465379,-0.4496720132143136,0.23629094223982544,-0.3102553374100512,2.906565225084011
5.0510000000000215,-3.011925663715956,0.0015234134506335458,-0.4467558785889297,0.2371600911933523,-0.31012756609063974,2.924838975361639
5.052000000000022,-3.011688063218155,0.0012133151593562443,-0.44382152802216085,0.2380179694401727,-0.30998513509489567,2.9429948640314674
5.053000000000022,-3.0114496104896915,0.0009033667897765435,-0.4408690791914951,0.23886456774319562,-0.3098277459452101,2.9610333182022117
5.0540000000000225,-3.0112103168183344,0.0005935835105035692,-0.4378986491809781,0.23969987317187033,-0.3096549912819999,2.978955132515629
5.055000000000023,-3.010970193507431,0.00028398089098852897,-0.4349103542014664,0.2405238680804326,-0.3094664409315857,2.9967611826423712
5.056000000000023,-3.010729251880537,-2.5425069566136415e-05,-0.43190430963856674,0.2413365291444548,-0.30926169589723884,3.0144522428812843
5.0570000000000235,-3.01048750328756,-0.00033461798746970746,-0.42888063015268374,0.24213782687561355,-0.3090403868375026,3.032028990368881
5.058000000000024,-3.010244959111173,-0.0006435811236937803,-0.4258394297733458,0.24292772514419744,-0.30880217209874894,3.049492010720848
5.059000000000024,-3.0100016307737,-0.0009522974105911979,-0.422780821987994,0.2437061806892127,-0.3085467357822786,3.0668418034546727
5.0600000000000245,-3.009757529744502,-0.001260749476702093,-0.4197049198254799,0.24447314260307934,-0.30827378585310067,3.0840787871411535
5.061000000000025,-3.0095126675478987,-0.0015689196696905472,-0.41661183593456347,0.245228551780781,-0.307983052293176,3.1012033042490876
5.062000000000025,-3.0092670557716548,-0.0018767900774565682,-0.41350168265772913,0.24597234032612397,-0.30767428529900237,3.1182156256603415
5.0630000000000255,-3.0090207060760927,-0.0021843425474670467,-0.4103745721006576,0.24670443091064015,-0.30734725352181563,3.1351159548428904
5.064000000000026,-3.0087736302038612,-0.00249155870434734,-0.40723061619769724,0.2474247360838174,-0.30700174234831495,3.151904431678155
5.065000000000026,-3.008525839990424,-0.002798419965773363,-0.40406992677367964,0.2481331575369562,-0.3066375522206867,3.168581135947011
5.0660000000000265,-3.0082773473753006,-0.0031049075567038233,-0.4008926156024149,0.24882958532724894,-0.306254496996868,3.1851460904870432
5.067000000000027,-3.0080281644141005,-0.003411002521994847,-0.39769879446218537,0.24951389707387606,-0.3058524023555667,3.2015992640428457
5.068000000000027,-3.0077783032913645,-0.0037166857374462048,-0.3944885751885295,0.2501859571442205,-0.3054311042556974,3.217940573842242
5.0690000000000275,-3.0075277763342187,-0.004021937919341302,-0.3912620697245676,0.25084561585588505,-0.30499044746673754,3.2341698879449705
5.070000000000028,-3.007276596026798,-0.00432673963256377,-0.38801939016906756,0.25149270872912854,-0.30453028419515354,3.2502870274272126
5.071000000000028,-3.007024775025378,-0.004631071297403694,-0.3847606488223733,0.252127055834512,-0.3040504728424248,3.2662917684856105
5.0720000000000285,-3.006772326174083,-0.004934913195207815,-0.3814859582302271,0.2527484612915918,-0.3035508769419701,3.28218384456766
5.073000000000029,-3.0065192625209978,-0.005238245473081469,-0.3781954312253933,0.2533567129856218,-0.3030313643346858,3.297962948660304
5.074000000000029,-3.006265597334415,-0.005541048147915578,-0.3748891809668514,0.25395158257909956,-0.3024918066544366,3.313628735892341
5.0750000000000295,-3.006011344118892,-0.005843301110087868,-0.37156732097615724,0.2545328259016347,-0.3019320792035075,3.3291808266243357
5.07600000000003,-3.0057565166306945,-0.0061449841272692126,-0.36822996517039547,0.2551001838023875,-0.3013520613006718,3.344618810205385
5.07700000000003,-3.0055011288921185,-0.0064460768488457405,-0.3648772278909726,0.25565338354112216,-0.30075163717735315,3.359942249560762
5.0780000000000305,-3.005245195204139,-0.0067465588115333324,-0.3615092239273539,0.25619214077363306,-0.3001306974763371,3.37515068672884
5.079000000000031,-3.0049887301567586,-0.007046409446797731,-0.3581260685347703,0.25671616215269183,-0.29948914136931404,3.390243649381708
5.080000000000031,-3.004731748636468,-0.0073456080906830175,-0.35472787744494383,0.25722514851644973,-0.29882687925309603,3.4052206582383104
5.0810000000000315,-3.0044742658302597,-0.007644133996576378,-0.3513147668690519,0.2577187985753751,-0.2981438359123938,3.4200812351173244
5.082000000000032,-3.0042162972257724,-0.007941966351286047,-0.3478868534924913,0.25819681294326136,-0.29743995395752365,3.4348249111972
5.083000000000032,-3.003957858607326,-0.00823908429458083,-0.34444425446152294,0.25865889829839334,-0.29671519727166734,3.449451234883816
5.0840000000000325,-3.003698966047837,-0.008535466942047388,-0.34098708736253946,0.25910477142046523,-0.2959695541512153,3.4639597785722156
5.085000000000033,-3.0034396358968687,-0.008831093410796487,-0.3375154701954333,0.25953416283902975,-0.295203039810709,3.4783501435677735
5.086000000000033,-3.0031798847653293,-0.009125942847236059,-0.3340295213432365,0.25994681985677925,-0.2944156979615105,3.492621962530418
5.0870000000000335,-3.002919729507524,-0.009419994455877729,-0.3305293595407408,0.2603425087742988,-0.29360760126044294,3.5067748990238368
5.088000000000034,-3.0026591872014188,-0.009713227527998138,-0.3270151038450769,0.26072101623167404,-0.29277885054855063,3.5208086440596027
5.089000000000034,-3.002398275127992,-0.010005621468963525,-0.3234868736111695,0.26108214967959087,-0.29192957293798827,3.5347229098675457
5.0900000000000345,-3.0021370107505065,-0.010297155823146636,-0.3199447884745943,0.26142573707979916,-0.2910599189302507,3.548517421431887
5.091000000000035,-3.001875411694396,-0.01058781029559517,-0.31638896834370694,0.2617516259972142,-0.2901700588388841,3.562191906550133
5.092000000000035,-3.0016134957282814,-0.010877564769908558,-0.31281953340209695,0.26205968227611115,-0.2892601788319193,3.57574608526606
5.0930000000000355,-3.0013512807464418,-0.011166399322095982,-0.30923660412157483,0.26234978849167745,-0.28833047690316504,3.5891796594979666
5.094000000000036,-3.0010887847528718,-0.011454294230478944,-0.30564030128513786,0.2626218423428319,-0.28738115903698414,3.6024923035537633
5.095000000000036,-3.0008260258469317,-0.01174122998193499,-0.3020307460187591,0.2628757551129246,-0.28641243576357295,3.615683656035436
5.0960000000000365,-3.0005630222104633,-0.012027187274940102,-0.29840805983044555,0.2631114502816797,-0.2854245192269167,3.6287533134286374
5.097000000000037,-3.0002997920962065,-0.012312147019954672,-0.2947723646548128,0.26332886233211705,-0.284417620818173,3.6417008254824297
5.098000000000037,-3.000036353817303,-0.012596090337721993,-0.29112378290140084,0.2635279357645553,-0.2833919493710734,3.6545256923305267
5.0990000000000375,-2.999772725737694,-0.012878998556023568,-0.28746243750505895,0.2637086243076349,-0.2823477098761313,3.66722736319722
5.100000000000038,-2.999508926263209,-0.013160853205379078,-0.28378845197692354,0.26387089030300287,-0.28128510264650464,3.679805236467184
5.101000000000038,-2.9992449738332057,-0.013441636014105158,-0.2801019504547467,0.264014704234174,-0.28020432285767494,3.692258660871412
5.1020000000000385,-2.9989808869126158,-0.01372132890306787,-0.2764030577515843,0.26414004436907745,-0.27910556038221596,3.7045869375420635
5.103000000000039,-2.998716683984305,-0.013999913980387165,-0.2726918994020919,0.2642468964880043,-0.2779889998464523,3.7167893227075663
5.104000000000039,-2.9984523835416717,-0.014277373536282565,-0.26896860170588915,0.2643352536725779,-0.27685482084490337,3.728865030827914
5.1050000000000395,-2.9981880040814337,-0.014553690038190237,-0.2652332917676408,0.2644051161358788,-0.2757031982589502,3.7408132380026933
5.10600000000004,-2.9979235640965727,-0.01482884612623332,-0.2614860975336505,0.26445649107828956,-0.274534302636722,3.752633085516884
5.10700000000004,-2.9976590820694136,-0.015102824609089243,-0.2577271478248845,0.26448939255758835,-0.2733483006009197,3.7643236834194043
5.1080000000000405,-2.9973945764648287,-0.015375608460268796,-0.2539565723664352,0.2645038413651549,-0.2721453552597491,3.775884114055499
5.109000000000041,-2.9971300657235664,-0.01564718081480055,-0.25017450181349915,0.2644998649028192,-0.27092562660318803,3.7873134354959452
5.110000000000041,-2.9968655682557026,-0.015917524966299404,-0.24638106777399463,0.2644774970569351,-0.26968927187249414,3.7986106848237866
5.1110000000000415,-2.996601102434223,-0.016186624364388214,-0.24257640282797488,0.2644367780677812,-0.2684364458953135,3.8097748812532855
5.112000000000042,-2.9963366865887346,-0.016454462612435716,-0.2387606405440127,0.26437775439347033,-0.26716730138214634,3.8208050290665443
5.113000000000042,-2.9960723389993182,-0.01672102346557098,-0.23493391549274245,0.26430047856828726,-0.26588198918245115,3.831700120361299
5.1140000000000425,-2.9958080778905276,-0.016986290828933874,-0.23109636325774918,0.26420500905584826,-0.2645806585004948,3.842459137609267
5.115000000000043,-2.995543921425532,-0.017250248756121914,-0.22724812044399278,0.2640914100977537,-0.2632634570723318,3.853081056028611
5.116000000000043,-2.9952798877004168,-0.017512881447795593,-0.22338932468394995,0.2639597515585446,-0.2619305313061538,3.8635648457769016
5.1170000000000435,-2.9950159947386403,-0.017774173250406953,-0.21952011464164975,0.2638101087678166,-0.26058202638878786,3.8739094739727924
5.118000000000044,-2.9947522604856456,-0.018034108655019022,-0.21564063001476902,0.2636425623603218,-0.2592180863614273,3.8841139065556884
5.119000000000044,-2.994488702803638,-0.018292672296186925,-0.21175101153494524,0.2634571981148274,-0.2578388541678122,3.8941771099932025
5.1200000000000445,-2.994225339466521,-0.018549848950874772,-0.20785140096645388,0.2632541067924137,-0.2564444716780909,3.9040980528463183
5.121000000000045,-2.9939621881549936,-0.018805623537385567,-0.2039419411033875,0.26303338397480003,-0.2550350796915227,3.9138757072020067
5.122000000000045,-2.9936992664518116,-0.019059981114284485,-0.20002277576546476,0.2627951299031886,-0.25361081792105866,3.923509049982719
5.1230000000000455,-2.993436591837208,-0.01931290687929886,-0.1960940497925875,0.2625394493180237,-0.2521718249626745,3.9329970641416896
5.124000000000046,-2.9931741816844726,-0.019564386168181028,-0.19215590903825625,0.26226645129997733,-0.25071823825215195,3.9423387397524685
5.125000000000046,-2.9929120532556914,-0.01981440445352269,-0.18820850036194578,0.2619762491123962,-0.24925019401181372,3.9515330750005258
5.1260000000000465,-2.99265022369764,-0.020062947343511935,-0.18425197162053486,0.2616689600453784,-0.24776782718952425,3.9605790770841875
5.127000000000047,-2.9923887100378366,-0.02031000058062631,-0.18028647165887757,0.2613447052615931,-0.24627127139208108,3.9694757630316078
5.128000000000047,-2.9921275291807445,-0.020555550040257248,-0.17631215029959718,0.2610036096439121,-0.24476065881493633,3.978222160439919
5.1290000000000475,-2.991866697904126,-0.020799581729263116,-0.1723291583321772,0.2606458016448851,-0.24323612017001273,3.9868173081421956
5.130000000000048,-2.991606232855549,-0.021042081784449804,-0.16833764750141963,0.2602714131380663,-0.24169778461321206,3.995260256807374
5.131000000000048,-2.9913461505490395,-0.021283036470979233,-0.16433777049533455,0.2598805792711813,-0.24014577967305634,4.003550069477824
5.1320000000000485,-2.9910864673618773,-0.021522432180707644,-0.16032968093252165,0.2594734383211114,-0.23858023118175437,4.011685822048858
5.133000000000049,-2.990827199531542,-0.021760255430456604,-0.1563135333490997,0.25905013155066914,-0.23700126320984766,4.0196666036940725
5.134000000000049,-2.9905683631527955,-0.021996492860220873,-0.15228948318523608,0.2586108030671384,-0.23540899800546006,4.027491517240097
5.1350000000000495,-2.9903099741749086,-0.022231131231318226,-0.1482576867713256,0.2581555996825585,-0.23380355593905372,4.035159679494002
5.13600000000005,-2.9900520483990247,-0.022464157424487076,-0.1442183013138642,0.25768467077573953,-0.23218505545448084,4.0426702215263335
5.13700000000005,-2.989794601475661,-0.02269555843793859,-0.14017148488106082,0.25719816815600777,-0.23055361302701388,4.050022288912526
5.1380000000000505,-2.9895376489023473,-0.022925321385370546,-0.13611739638822737,0.2566962459286945,-0.22890934312893774,4.057215041935189
5.139000000000051,-2.9892812060213925,-0.023153433493950795,-0.13205619558298523,0.25617906036239535,-0.22725235820319298,4.064247655749589
5.140000000000051,-2.9890252880177908,-0.02337988210227852,-0.12798804303032352,0.25564676975804446,-0.22558276864547303,4.071119320514477
5.1410000000000515,-2.9887699099172527,-0.02360465465833197,-0.12391310009754322,0.2550995343198633,-0.22390068279509448,4.077829241490258
5.142000000000052,-2.9885150865843633,-0.023827738717411548,-0.11983152893911855,0.254537516028261,-0.2222062069348835,4.084376639106363
5.143000000000052,-2.988260832720872,-0.024049121940087338,-0.11574349248150562,0.2539608785147785,-0.22049944530024765,4.090760748999572
5.1440000000000525,-2.988007162864101,-0.024268792090160352,-0.11164915440792658,0.25336978693918344,-0.21878050009753566,4.096980822024951
5.145000000000053,-2.9877540913854777,-0.02448673703264681,-0.10754867914315597,0.25276440786883836,-0.2170494715317222,4.103036124240952
5.146000000000053,-2.9875016324891854,-0.024702944731794706,-0.10344223183833406,0.25214490916047466,-0.2153064578433961,4.10892593687018
5.1470000000000535,-2.987249800210936,-0.02491740324914202,-0.09932997835583118,0.25151145984451784,-0.21355155535497383,4.114649556237242
5.148000000000054,-2.9869986084168465,-0.02513010074162569,-0.09521208525418486,0.25086423001211816,-0.21178485852600745,4.120206293685057
5.149000000000054,-2.986748070802439,-0.025341025459750338,-0.09108871977313103,0.2502033907050475,-0.21000646001740858,4.125595475470946
5.1500000000000545,-2.9864982008917416,-0.025550165745825592,-0.08696004981874868,0.24952911380862927,-0.20821645076436396,4.130816442643778
5.151000000000055,-2.9862490120364966,-0.02575751003228059,-0.0828262439487362,0.24884157194787154,-0.20641492005767717,4.135868550903425
5.152000000000055,-2.986000517415472,-0.02596304684006383,-0.07868747135783669,0.24814093838697424,-0.2046019556332328,4.140751170443732
5.1530000000000555,-2.9857527300338704,-0.026166764777136496,-0.07454390186342799,0.24742738693238156,-0.20277764376924443,4.145463685780173
5.154000000000056,-2.9855056627228347,-0.02636865253706668,-0.07039570589129228,0.24670109183954697,-0.2009420693909168,4.150005495563372
5.155000000000056,-2.985259328139043,-0.026568698897731856,-0.06624305446157862,0.2459622277235746,-0.1990953161821241,4.154376012379589
5.1560000000000565,-2.9850137387643927,-0.026766892720136354,-0.06208611917497116,0.24521096947389387,-0.19723746670368156,4.158574662539305
5.157000000000057,-2.9847689069057655,-0.026963222947350186,-0.05792507219907421,0.24444749217311634,-0.19536860251776544,4.162600885854964
5.158000000000057,-2.9845248446948753,-0.0271576786035752,-0.05376008625502453,0.24367197102021446,-0.19348880431801793,4.16645413540895
5.1590000000000575,-2.9842815640881866,-0.027350248793343968,-0.04959133460434008,0.2428845812581502,-0.19159815206485772,4.170133877312824
5.160000000000058,-2.9840390768669045,-0.027540922700856355,-0.04541899103601347,0.24208549810607058,-0.18969672512550392,4.173639590458851
5.161000000000058,-2.983797394637032,-0.027729689589458314,-0.0412432298538573,0.24127489669617216,-0.18778460241821038,4.176970766264797
5.1620000000000585,-2.9835565288294856,-0.02791653880126674,-0.03706422586410766,0.2404529520153245,-0.18586186256020035,4.180126908412976
5.163000000000059,-2.9833164907002674,-0.02810145975694393,-0.03288215436329107,0.23961983885152524,-0.18392858401878565,4.183107532584493
5.164000000000059,-2.983077291330689,-0.02828444195562451,-0.028697191126359104,0.23877573174524705,-0.18198484526515118,4.185912166189608
5.1650000000000595,-2.9828389416276426,-0.028465474974997296,-0.02450951239509431,0.2379208049457179,-0.18003072493028563,4.188540348095136
5.16600000000006,-2.982601452323909,-0.02864454847154389,-0.020319294866789725,0.23705523237216286,-0.17806630196253848,4.1909916283497495
5.16700000000006,-2.9823648339785067,-0.02882165218093547,-0.016126715683203847,0.23617918758001788,-0.17609165578628758,4.193265567908052
5.1680000000000605,-2.9821290969770726,-0.028996775918588565,-0.011931952419791721,0.2352928437321115,-0.17410686646120432,4.1953617383542765
5.169000000000061,-2.981894251532262,-0.02916990958038018,-0.00773518307521221,0.23439637357479415,-0.17211201484160935,4.197279721626404
5.170000000000061,-2.98166030768418,-0.029341043143522122,-0.0035365860611105493,0.2334899494189797,-0.17010718273541806,4.19901910974153
5.1710000000000615,-2.9814272753008213,-0.029510166667593835,0.0006636598078253999,0.2325737431260502,-0.16809245306218196,4.200579504523253
5.172000000000062,-2.9811951640785246,-0.029677270295732652,0.00486537532353764,0.23164792609855928,-0.1660679100097405,4.201960517331851
5.173000000000062,-2.980963983542436,-0.029842344255979765,0.009068380894002432,0.23071266927565723,-0.16403363918900613,4.20316176879802
5.1740000000000625,-2.980733743046972,-0.03000537886277987,0.013272496552370519,0.229768143133148,-0.16198972778641363,4.204182888560897
5.175000000000063,-2.9805044517762806,-0.030166364518631906,0.017477541965847845,0.22881451768807579,-0.15993626471357505,4.205023515011128
5.176000000000063,-2.9802761187446962,-0.030325291715887832,0.021683336444322153,0.22785196250772782,-0.15787334075368908,4.205683295039678
5.1770000000000636,-2.9800487527971824,-0.03048215103869604,0.02588969894874161,0.22688064672292912,-0.15580104870426412,4.206161883793134
5.178000000000064,-2.979822362609762,-0.030636933165085412,0.03009644809925227,0.2259007390454946,-0.15371948351572254,4.206458944436189
5.179000000000064,-2.9795969566899227,-0.030789628869185817,0.03430340218310191,0.2249124077896946,-0.15162874242546245,4.20657414792204
5.1800000000000646,-2.9793725433770057,-0.03094022902358015,0.03851037916231856,0.2239158208860294,-0.14952892512000612,4.206507172627547
5.181000000000065,-2.979149130842954,-0.031088724602907618,0.04271719667771795,0.22291114506864662,-0.14742013627010903,4.2062576936557265
5.182000000000065,-2.9789267270940396,-0.031235106690479526,0.046923672036041295,0.22189854489705588,-0.14530248855810055,4.205825370027098
5.1830000000000656,-2.978705339972101,-0.031379366483719404,0.05112962220456002,0.22087818449039734,-0.14317609793870148,4.205209865628195
5.184000000000066,-2.9784849771550572,-0.03152149529775455,0.05533486381829722,0.21985022780353766,-0.14104108306277421,4.204410851981103
5.185000000000066,-2.9782656461569172,-0.031661484567772236,0.05953921318756459,0.21881483866698326,-0.1388975653784314,4.2034280080459965
5.186000000000067,-2.978047354327881,-0.031799325851864575,0.06374248630530906,0.21777218082971075,-0.1367456692247286,4.202261020038059
5.187000000000067,-2.9778301088544,-0.031935010833963114,0.06794449885428377,0.21672241800468212,-0.13458552191758433,4.200909581259418
5.188000000000067,-2.9776139167591884,-0.032068531326855415,0.07214506621405885,0.21566571391680245,-0.13241725382758082,4.199373391946708
5.189000000000068,-2.977398784901187,-0.03219987927527516,0.07634400346788767,0.21460223235306944,-0.13024099844931167,4.197652159134867
5.190000000000068,-2.977184719975476,-0.03232904675905726,0.08054112540944544,0.2135321372146515,-0.12805689246195404,4.195745596537713
5.191000000000068,-2.976971728513132,-0.03245602599634908,0.08473624654945686,0.21245559257062127,-0.12586507578075704,4.193653424445828
5.192000000000069,-2.9767598168810343,-0.03258080934686838,0.08892918112223056,0.21137276271305797,-0.12366569159915224,4.191375369642231
5.193000000000069,-2.9765489912816143,-0.0327033893151986,0.09311974309211829,0.21028381221321923,-0.1214588864212081,4.18891116533626
5.194000000000069,-2.9763392577525476,-0.03282375855411172,0.09730774615991732,0.2091889059784687,-0.11924481008416722,4.1862605511160265
5.19500000000007,-2.976130622166388,-0.03294190986790848,0.10149300376923458,0.20808820930963007,-0.11702361577082421,4.1834232729197245
5.19600000000007,-2.975923090230148,-0.03305783621576591,0.10567532911283174,0.20698188795842257,-0.1147954600115218,4.180399083026009
5.19700000000007,-2.9757166674848174,-0.033171530715081485,0.10985453513897023,0.2058701081846157,-0.11256050267556512,4.177187740063545
5.198000000000071,-2.975511359304827,-0.033282986644803406,0.11403043455777538,0.2047530368125229,-0.11031890695187721,4.1737890090397345
5.199000000000071,-2.975307170897458,-0.03339219744873606,0.11820283984763887,0.2036308412864359,-0.1080708393187438,4.170202661388505
5.200000000000071,-2.9751041073021933,-0.033499156738809675,0.12237156326167836,0.20250368972458235,-0.10581646950252199,4.166428475036912
5.201000000000072,-2.9749021733900185,-0.03360385829830319,0.1265364168342731,0.2013717509711698,-0.10355597042521529,4.1624662344901715
5.202000000000072,-2.9747013738626706,-0.03370629608500905,0.13069721238769338,0.20023519464605974,-0.10128951814084629,4.1583157309345715
5.203000000000072,-2.974501713251839,-0.033806464234328794,0.1348537615388417,0.19909419119159624,-0.09901729176058824,4.1539767623575505
5.204000000000073,-2.974303195918321,-0.03390435706228809,0.1390058757061222,0.19794891191609412,-0.09673947336664794,4.1494491336840476
5.205000000000073,-2.9741058260511357,-0.0339999690684601,0.14315336611645407,0.19679952903347336,-0.09445624791492267,4.144732656928037
5.206000000000073,-2.973909607666601,-0.03409329493878588,0.14729604381244368,0.19564621569850832,-0.09216780312648597,4.139827151357958
5.207000000000074,-2.9737145446073767,-0.03418432954828069,0.15143371965972838,0.1944891460371442,-0.0898743293679877,4.134732443674523
5.208000000000074,-2.973520640541481,-0.034273067963615275,0.15556620435450358,0.19332849517131717,-0.08757601952108496,4.1294483681991885
5.209000000000074,-2.9733278989612844,-0.03435950544556105,0.15969330843124288,0.1921644392377019,-0.08527306884104925,4.123974767071292
5.210000000000075,-2.9731363231824885,-0.03444363745128863,0.16381484227061874,0.1909971553997984,-0.08296567480472496,4.118311490451676
5.211000000000075,-2.972945916343098,-0.034525459636509076,0.167930616107629,0.18982682185276137,-0.080654036948041,4.112458396730309
5.212000000000075,-2.9727566814023874,-0.03460496785744745,0.17204044003993188,0.18865361782037005,-0.0783383566933023,4.106415352735199
5.213000000000076,-2.9725686211398785,-0.03468215817263872,0.17614412403638935,0.18747772354353334,-0.07601883716651239,4.1001822339396155
5.214000000000076,-2.9723817381543345,-0.03475702684453613,0.18024147794581546,0.18629932025972765,-0.07369568300499925,4.093758924664375
5.215000000000076,-2.9721960348627756,-0.034829570340922364,0.18433231150592316,0.1851185901727711,-0.07136910015563619,4.087145318271699
5.216000000000077,-2.9720115134995337,-0.034899785336114444,0.1884164343524591,0.18393571641234976,-0.0690392956639674,4.080341317346886
5.217000000000077,-2.971828176115351,-0.034967668711953344,0.19249365602851243,0.18275088298272985,-0.06670647745456396,4.073346833863789
5.218000000000077,-2.971646024576536,-0.03503321755856964,0.19656378599397914,0.18156427470011566,-0.06437085410295061,4.066161789329884
5.219000000000078,-2.9714650605641877,-0.03509642917491708,0.2006266336351595,0.18037607711814743,-0.062032634599458666,4.0587861149065025
5.220000000000078,-2.9712852855735012,-0.03515730106906609,0.20468200827446142,0.179186476441077,-0.059692028105375425,4.0512197514996044
5.221000000000078,-2.971106700913166,-0.03521583095824975,0.20872971918017771,0.17799565942421589,-0.057349243701777235,4.043462649816393
5.222000000000079,-2.9709293077048695,-0.035272016768655115,0.2127695755763012,0.1768038132613196,-0.055004490131454475,4.0355147703829655
5.223000000000079,-2.9707531068829223,-0.03532585663495317,0.21680138665233564,0.17561112545865754,-0.05265797553436248,4.027376083518244
5.224000000000079,-2.970578099194012,-0.03537734889956118,0.2208249615730571,0.17441778369562227,-0.05030990717706765,4.019046569259534
5.22500000000008,-2.9704042851971075,-0.03542649211163174,0.22484010948817462,0.1732239756718584,-0.047960491176703895,4.010526217235346
5.22600000000008,-2.9702316652635217,-0.03547328502576322,0.22884663954183582,0.1720298889410419,-0.04560993222001636,4.001815026481529
5.22700000000008,-2.9700602395771423,-0.03551772660042708,0.23284436088191873,0.17083571073162207,-0.04325843327815126,3.9929130051974435
5.228000000000081,-2.9698900081348563,-0.03555981599610823,0.236833082669049,0.16964162775505207,-0.04090619531795761,3.9838201704398335
5.229000000000081,-2.9697209707471663,-0.035599552573155196,0.2408126140852791,0.16844782600228617,-0.03855341701070554,3.9745365477533205
5.230000000000081,-2.969553127039017,-0.03563693588933829,0.2447827643423666,0.1672544905296168,-0.036200294439302325,3.965062170738161
5.231000000000082,-2.9693864764508406,-0.03567196569711472,0.24874334268958986,0.16606180523526587,-0.03384702080531075,3.9553970805580825
5.232000000000082,-2.969221018239832,-0.03570464194060125,0.252694158421044,0.1648699526285377,-0.03149378613735012,3.9455413253938225
5.233000000000082,-2.9690567514814523,-0.03573496475225684,0.25663502088236634,0.1636791135937865,-0.02914077700279786,3.93549495985148
5.234000000000083,-2.9688936750711763,-0.035762934449279526,0.2605657394768537,0.1624894671519495,-0.02678817622511537,3.9252580443390706
5.235000000000083,-2.968731787726472,-0.03578855152972467,0.2644861236709472,0.16130119022294737,-0.02443616260960033,3.914830644429857
5.236000000000083,-2.968571087989021,-0.035811816668354535,0.26839598299908424,0.160114457392845,-0.022084910680921666,3.904212830237123
5.237000000000084,-2.9684115742271624,-0.03583273071223299,0.2722951270679434,0.1589294406902875,-0.019734590436418703,3.89340467583215
5.238000000000084,-2.9682532446385586,-0.03585129467608331,0.2761833655601456,0.15774630937735554,-0.017385367119832865,3.882406258745118
5.239000000000084,-2.968096097253057,-0.03586750973743224,0.2800605082375171,0.15656522976058856,-0.015037401020866644,3.8712176595973653
5.240000000000085,-2.9679401299357284,-0.03588137723156906,0.28392636494407403,0.15538636502846181,-0.012690847306696507,3.8598389619225784
5.241000000000085,-2.967785340390055,-0.035892898646355004,0.2877807456089502,0.15420987512201756,-0.010345855892250198,3.8482702522434584
5.242000000000085,-2.9676317261612217,-0.03590207561692541,0.29162346024955976,0.15303591664557356,-0.008002571356625172,3.8365116204785785
5.243000000000086,-2.967479284639483,-0.03590890992033464,0.2954543189753658,0.15186464282438492,-0.005661132913377094,3.8245631607602983
5.244000000000086,-2.967328013063537,-0.035913403470201416,0.2992731319927069,0.15069620351573534,-0.003321674442432837,3.8124249727475137
5.245000000000086,-2.967177908523865,-0.03591555831141997,0.3030797096112184,0.14953074527910015,-0.000984324590950153,3.800097163514961
5.246000000000087,-2.967028967965967,-0.0359153766150091,0.30687386225246227,0.14836841150969018,0.0013507930505813207,3.787579850092046
5.247000000000087,-2.966881188193434,-0.03591286067317687,0.31065540046144474,0.14720934263782098,0.0036835596924498617,3.774873162706845
5.248000000000087,-2.9667345658707824,-0.035908012894681846,0.3144241349217438,0.14605367639417166,0.0060138610080516615,3.7619772487636296
5.249000000000088,-2.9665890975259983,-0.03590083580057225,0.3181798764749791,0.14490154813818568,0.00834158671584255,3.748892277544073
5.250000000000088,-2.9664447795527185,-0.035891332020381,0.3219224361453223,0.14375309124378807,0.010666630086467267,3.735618445573586
5.251000000000088,-2.966301608212005,-0.03587950428884656,0.3256516251696614,0.14260843753349553,0.012988887385338923,3.7221559825368815
5.252000000000089,-2.9661595796336626,-0.035865355443217055,0.3293672550338831,0.1414677177491923,0.01530825726588017,3.708505157564653
5.253000000000089,-2.9660186898170777,-0.03584888842117749,0.3330691375155303,0.1403310620456847,0.017624640133325063,3.694666285651952
5.254000000000089,-2.9658789346315535,-0.03583010625941771,0.3367570847328237,0.13919860049195876,0.019937937502847815,3.680639733915846
5.25500000000009,-2.9657403098161508,-0.03580901209283413,0.3404309091997244,0.13807046356509467,0.022248051378242362,3.666425927363399
5.25600000000009,-2.96560281097904,-0.03578560915433128,0.3440904238863774,0.13694678262313567,0.024554883677915078,3.652025353828634
5.25700000000009,-2.9654664335964,-0.03575990077516328,0.34773544228393916,0.13582769034577347,0.026858335733249018,3.6374385677546126
5.258000000000091,-2.9653311730108918,-0.035731890385731935,0.35136577847249295,0.13471332113520354,0.02915830788040938,3.622666192546225
5.259000000000091,-2.965197024429755,-0.03570158151674026,0.35498124719051644,0.13360381147346315,0.03145469916067524,3.6077089212985154
5.260000000000091,-2.9650639829225662,-0.03566897780058823,0.3585816639042218,0.1324993002364473,0.033747407136998926,3.5925675158073087
5.261000000000092,-2.964932043418707,-0.035634082972894277,0.3621668448750511,0.13139992896808048,0.03603632782653927,3.5772428038828616
5.262000000000092,-2.964801200704571,-0.035596900874029606,0.3657366072236881,0.13030584212039517,0.038321355741300925,3.561735675100287
5.263000000000092,-2.964671449420549,-0.03555743545056405,0.36929076898913266,0.12921718726632617,0.04060238402258077,3.546047075219826
5.264000000000093,-2.9645427840578074,-0.03551569075653858,0.3728291491816558,0.1281341152918825,0.04287930465030238,3.530177999585224
5.265000000000093,-2.96441519895489,-0.035471670954500004,0.3763515678287888,0.12705678057321806,0.04515200870583773,3.5141294858529233
5.266000000000093,-2.9642886882941406,-0.03542538031625525,0.37985784601385936,0.12598534114233204,0.0474203866665743,3.4979026064167162
5.267000000000094,-2.9641632460979683,-0.03537682322332362,0.38334780590694556,0.12491995884308628,0.04968432871200972,3.481498460874397
5.268000000000094,-2.964038866224964,-0.03532600416708426,0.38682127078844736,0.12386079947729028,0.05194372502407852,3.46491816884079
5.269000000000094,-2.963915542365875,-0.03527292774863182,0.3902780650657493,0.1228080329390541,0.05419846606818655,3.4481628633531325
5.270000000000095,-2.9637932680394483,-0.03521759867836452,0.3937180142836627,0.12176183333460407,0.05644844284551327,3.4312336850484195
5.271000000000095,-2.963672036588171,-0.035160021775336496,0.39714094512948067,0.12072237908434022,0.05869354711109156,3.4141317772254385
5.272000000000095,-2.9635518411739104,-0.03510020196640985,0.40054668543356164,0.11968985300404068,0.060933671555667625,3.396858281842618
5.273000000000096,-2.9634326747734905,-0.035038144285242594,0.40393506416637964,0.11866444236267737,0.06316870995219181,3.3794143364504055
5.274000000000096,-2.9633145301742196,-0.03497385387114642,0.4073059114329581,0.1176463389151616,0.06539855726992591,3.361801072015645
5.275000000000096,-2.9631973999694,-0.03490733596784469,0.41065905846554485,0.11663573890935026,0.06762310976059834,3.3440196115657264
5.276000000000097,-2.9630812765538415,-0.03483859592215602,0.4139943376153037,0.11563284306769209,0.06984226502187951,3.326071069561385
5.277000000000097,-2.962966152119407,-0.03476763918262336,0.4173115823437011,0.1146378565448885,0.07205592204380203,3.3079565518974254
5.278000000000097,-2.962852018650611,-0.03469447129810283,0.42061062721416487,0.11365098886382068,0.07426398124373834,3.2896771564285356
5.279000000000098,-2.96273886792029,-0.03461909791632111,0.4238913078844893,0.11267245383272062,0.07646634449529113,3.2712339739208227
5.280000000000098,-2.9626266914853674,-0.03454152478240484,0.42715346110036595,0.11170246944712678,0.07866291515604815,3.2526280893370654
5.281000000000098,-2.9625154806827187,-0.034461757737381055,0.43039692469033175,0.11074125778056694,0.08085359809868534,3.233860583373405
5.282000000000099,-2.9624052266251515,-0.03437980271664319,0.43362153756234945,0.10978904486816635,0.08303829974942901,3.2149325341761377
5.283000000000099,-2.9622959201975037,-0.034295665748373345,0.43682713970216913,0.10884606058750437,0.08521692813744729,3.195845019178521
5.284000000000099,-2.96218755205286,-0.03420935295190851,0.4400135721735657,0.1079125385410551,0.08738939295835856,3.1765991170084193
5.2850000000001,-2.962080112608884,-0.03412087053603494,0.44318067712050263,0.10698871594445983,0.08955560565472621,3.1571959094277604
5.2860000000001,-2.9619735920442563,-0.03403022479719254,0.44632829777123845,0.106074833524699,0.09171547951615078,3.137636483273912
5.2870000000001,-2.961867980295209,-0.033937422117568235,0.44945627844436575,0.10517113543195661,0.09386892980135803,3.1179219323810536
5.288000000000101,-2.961763267052139,-0.03384246896305546,0.4525644645567555,0.1042778691685883,0.09601587388448792,3.0980533594663338
5.289000000000101,-2.961659441756285,-0.03374537188105441,0.4556527026333648,0.10339528553809095,0.09815623142757363,3.078031877971058
5.290000000000101,-2.9615564935964396,-0.03364613749808593,0.45872084031886196,0.10252363861628222,0.10028992458090812,3.0578586138512818
5.291000000000102,-2.96145441150571,-0.03354477251726236,0.46176872639082456,0.10166318557263411,0.10241687771512079,3.037534705401618
5.292000000000102,-2.961353184159566,-0.033441283719240135,0.4647962107628833,0.10081418470693863,0.10453701199111594,3.0170612830609267
5.293000000000102,-2.9612527999738747,-0.0333356779629538,0.46780314447851884,0.09997689636845,0.10665024815017754,2.996439480649085
5.294000000000103,-2.961153247102659,-0.03322796218540859,0.4707893797246307,0.09915158433703646,0.10875651062148897,2.9756704514837637
5.295000000000103,-2.9610545134344375,-0.033118143397256765,0.4737547698521416,0.09833851592407498,0.11085572795449619,2.9547553702043903
5.296000000000103,-2.9609565865886234,-0.03300622867840574,0.47669916939800816,0.09753796203839211,0.11294783316597273,2.9336954341321078
5.297000000000104,-2.9608594539119055,-0.03289222517337885,0.47962243410853445,0.09675019723414686,0.11503276408390778,2.9124918645081026
5.298000000000104,-2.9607631024745946,-0.032776140086344455,0.4825244209638417,0.09597549971580673,0.11711046366377514,2.8911459075577053
5.299000000000104,-2.9606675190670084,-0.032657980675858816,0.485404988203283,0.0952141512651211,0.11918088023950794,2.8696588352986834
5.300000000000105,-2.9605726901959843,-0.03253775424941514,0.488263995351489,0.09446643704149141,0.12124396765229022,2.8480319459707832
5.301000000000105,-2.9604786020816847,-0.032415468157961425,0.49110130324458123,0.0937326451895174,0.12329968517254211,2.8262665639050635
5.302000000000105,-2.9603852406549303,-0.0322911297906532,0.49391677405586903,0.09301306616478003,0.125347997090643,2.8043640385693176
5.303000000000106,-2.9602925915553984,-0.032164746570259306,0.496710271320028,0.0923079916600284,0.127388871795036,2.782325742411001
5.304000000000106,-2.9602006401311587,-0.03203632594985861,0.49948165995430405,0.0916177129778005,0.1294222800756077,2.7601530669595586
5.305000000000106,-2.9601093714402027,-0.03190587541178227,0.5022308062746451,0.09094251865125873,0.13144819227678517,2.7378474164307463
5.306000000000107,-2.9600187702548295,-0.031773402470206887,0.5049575780037633,0.09028269106245877,0.1334665737681607,2.7154101977788936
5.307000000000107,-2.9599288210700516,-0.03163891467943709,0.5076618442668913,0.08963850174787995,0.13547737799135157,2.6928428057547777
5.308000000000107,-2.959839508117506,-0.031502419650783355,0.5103434755693218,0.08901019929540037,0.1374805011812508,2.6701465393290524
5.309000000000108,-2.9597508156136674,-0.03136392652148506,0.5130023419940107,0.08839760147025115,0.1394731995919653,2.647318050020448
5.310000000000108,-2.959662727735658,-0.031223445948477438,0.5156383098942726,0.08780076670696117,0.1414539631314343,2.6243562260469724
5.311000000000108,-2.9595752285998653,-0.03108098987379523,0.5182512477068686,0.08722012220152012,0.14342390572005,2.6012645621664094
5.312000000000109,-2.959488301852027,-0.030936568631895405,0.5208410271866257,0.08665597305666581,0.14538397469267722,2.578046197254871
5.313000000000109,-2.959401930899915,-0.0307901916966185,0.523407523041348,0.08610848824586542,0.14733494342572817,2.554703893158925
5.314000000000109,-2.9593160990572915,-0.03064186786258411,0.5259506125374036,0.08557768449176116,0.1492773951826,2.5312399974595157
5.31500000000011,-2.959230789702365,-0.03049160544679725,0.528470175061909,0.08506341404024385,0.15121169883251392,2.507656395635625
5.31600000000011,-2.9591459864415475,-0.030339412516076688,0.5309660916383813,0.08456536755608965,0.15313798196527112,2.4839544699418847
5.31700000000011,-2.9590616732567674,-0.030185297137015097,0.5334382444171103,0.08408310586889628,0.15505611397658192,2.4601350956987327
5.318000000000111,-2.9589778346045756,-0.0300292676309831,0.5358865161938167,0.08361612616015292,0.1569657148989699,2.4361987049279037
5.319000000000111,-2.958894455438958,-0.029871332804977925,0.5383107900276758,0.08316394823047486,0.15886619681521316,2.412145417910079
5.320000000000111,-2.958811521151187,-0.029711502130525282,0.5407109490091707,0.08272619123049328,0.1607568265974295,2.387975202357348
5.321000000000112,-2.9587290174468466,-0.029549785858868152,0.5430868761784351,0.08230261811263052,0.1626367882825086,2.3636880078972946
5.322000000000112,-2.9586469301941283,-0.029386195080186868,0.5454384545529828,0.08189314594183014,0.16450522931759615,2.339283848711046
5.323000000000112,-2.9585652452730553,-0.029220741745315606,0.5477655672128513,0.08149783424975358,0.16636128738149147,2.3147628379936362
5.324000000000113,-2.9584839484417955,-0.029053438668102463,0.5500680974031817,0.08111686468205376,0.16820410222715085,2.29012519137413
5.325000000000113,-2.958403025224499,-0.028884299520880667,0.5523459286315572,0.08075052021997291,0.17003281848814097,2.265371215203106
5.326000000000113,-2.95832246081887,-0.028713338829831726,0.5545989447505149,0.0803991481667027,0.17184677515465127,2.240501596926615
5.327000000000114,-2.9582422402434734,-0.02854056992994932,0.5568270325797681,0.08006281017452122,0.1736484073911486,2.215522017245294
5.328000000000114,-2.9581623483545894,-0.028366005099853087,0.5590300844039754,0.07974161964624234,0.1754389104003422,2.190436110427594
5.329000000000114,-2.9580827699165724,-0.02818965513601435,0.5612079946891912,0.07943581017874081,0.17721820576926578,2.1652454665060343
5.330000000000115,-2.9580034894296294,-0.02801153128912469,0.5633606594906885,0.07914561693281373,0.17898620793403014,2.139951674242973
5.331000000000115,-2.9579244911598197,-0.027831644897646383,0.5654879764533444,0.07887127215632742,0.18074282776530753,2.114556324069915
5.332000000000115,-2.9578457591436518,-0.02765000739021933,0.567589844814031,0.07861300208084988,0.1824879745303489,2.089061009323481
5.333000000000116,-2.9577672771952144,-0.02746663028667646,0.56966616540474,0.07837102489800837,0.18422155684068783,2.063467326583486
5.334000000000116,-2.957689028914894,-0.027281525198458986,0.5717168406558153,0.07814554956813306,0.18594348299206306,2.0377768756155534
5.335000000000116,-2.9576109976989473,-0.02709470382889337,0.5737417745990601,0.07793677525903368,0.1876536609586897,2.0119912592135485
5.336000000000117,-2.957533166749391,-0.02690617797358322,0.5757408728707073,0.07774489125374498,0.1893519982057933,1.9861120831036294
5.337000000000117,-2.9574555190837897,-0.026715959521041454,0.5777140427143612,0.0775700772014849,0.19103840141952405,1.9601409559898284
5.338000000000117,-2.9573780375446725,-0.026524060453611904,0.5796611929840696,0.07741250361566307,0.19271277621162,1.9340794897733735
5.339000000000118,-2.957300704808347,-0.02633049284868727,0.5815822341477052,0.07727233254688608,0.19437502682987748,1.9079292999520483
5.340000000000118,-2.957223503392978,-0.026135268880208326,0.5834770782908346,0.07714971837814127,0.19602505588930239,1.8816920061933673
5.341000000000118,-2.957146415665826,-0.02593840082041989,0.5853456391212428,0.07704480870441861,0.19766276412915257,1.8553692330707672
5.342000000000119,-2.9570694238495707,-0.02573990104185727,0.5871878319742703,0.07695774527067135,0.19928805019555357,1.828962610951921
5.343000000000119,-2.956992510027678,-0.02553978201953881,0.5890035738191113,0.07688866495088235,0.20090081044641078,1.8024737770305737
5.344000000000119,-2.9569156561487686,-0.025338056333344388,0.5907927832662131,0.0768377007576695,0.20250093877394867,1.775904376496717
5.34500000000012,-2.9568388440299653,-0.025134736670564754,0.5925553805759141,0.0768049828768128,0.20408832643974079,1.7492560638437678
5.34600000000012,-2.9567620553591922,-0.024929835828611687,0.5942912876684578,0.07679063972470285,0.20566286191715868,1.7225305043153003
5.34700000000012,-2.9566852716964065,-0.024723366717883964,0.5960004281355272,0.07679479902930142,0.2072244307365211,1.6957293754976532
5.348000000000121,-2.9566084744737378,-0.024515342364788563,0.5976827272534468,0.07681758893699558,0.2087729153287277,1.6688543690682789
5.349000000000121,-2.9565316449945005,-0.024305775914920506,0.5993381119982178,0.07685913914888612,0.2103081948637354,1.6419071927130384
5.350000000000121,-2.95645476443106,-0.024094680636407993,0.6009665110625608,0.07691958209068736,0.21183014508084785,1.6148895722287533
5.351000000000122,-2.9563778138215064,-0.023882069923432378,0.602567854875162,0.07699905412059632,0.21333863810842657,1.587803253830192
5.352000000000122,-2.9563007740650993,-0.02366795729993438,0.6041420756223368,0.07709769677923477,0.214833542271307,1.5606500066832831
5.353000000000122,-2.9562236259164436,-0.02345235642351942,0.6056891072723514,0.07721565808506538,0.2163147218849324,1.533431625688608
5.354000000000123,-2.9561463499783422,-0.023235281089575528,0.6072088856026613,0.07735309387747774,0.21778203703603208,1.5061499345410256
5.355000000000123,-2.9560689266932862,-0.023016745235616917,0.6087013482303608,0.07751016920793993,0.21923534335060424,1.478806789092396
5.356000000000123,-2.9559913363335255,-0.022796762945865183,0.6101664346461569,0.07768705977708307,0.22067449175106008,1.4514040810444746
5.357000000000124,-2.955913558989685,-0.022575348456077386,0.6116040862522124,0.07788395341214786,0.22209932820569211,1.4239437419976815
5.358000000000124,-2.9558355745578893,-0.02235251615862649,0.6130142464042251,0.07810105157464102,0.22350969347519867,1.3964277478779163
5.359000000000124,-2.9557573627253664,-0.022128280607833978,0.6143968604581296,0.07833857088202899,0.22490542286288248,1.3688581237569497
5.360000000000125,-2.9556789029545385,-0.021902656525546644,0.6157518758218189,0.07859674461947552,0.22628634597739936,1.3412369490707885
5.361000000000125,-2.9556001744656157,-0.02167565880693951,0.6170792420122789,0.07887582420756588,0.22765228651960967,1.3135663632229209
5.362000000000125,-2.9555211562177672,-0.021447302526513636,0.618378910718503,0.07917608057913189,0.2290030621082134,1.2858485715327952
5.363000000000126,-2.9554418268889875,-0.02121760294424125,0.6196508358704979,0.07949780540208719,0.2303384841624297,1.2580858514505366
5.364000000000126,-2.95536216485485,-0.02098657551179027,0.6208949737145821,0.0798413120649066,0.23165835786396471,1.2302805589014256
5.365000000000126,-2.955282148166443,-0.020754235878736163,0.6221112828950086,0.0802069363162663,0.23296248222476096,1.2024351345404682
5.366000000000127,-2.955201754527897,-0.020520599898640243,0.62329972454166,0.08059503641957674,0.23425065029128014,1.1745521095775016
5.367000000000127,-2.955120961274071,-0.02028568363484101,0.6244602623631514,0.08100599264584343,0.2355226495198894,1.1466341106606293
5.368000000000127,-2.95503974534918,-0.020049503365769106,0.6255928627440409,0.08144020588365371,0.23677826236058833,1.1186838630563933
5.369000000000128,-2.9549580832873574,-0.019812075589558782,0.6266974948439201,0.08189809509236991,0.23801726708675688,1.0907041910024373
5.370000000000128,-2.954875951196498,-0.019573417027692705,0.6277741306947825,0.08238009326319287,0.2392394389052768,1.062698013575649
5.371000000000128,-2.954793324747046,-0.019333544627386547,0.6288227452910393,0.08288664148220454,0.2404445513721347,1.034668333625355
5.372000000000129,-2.954710179167883,-0.019092475562403365,0.629843316663547,0.0834181806095527,0.241632378120622,1.0066182161197372
5.373000000000129,-2.954626489251966,-0.018850227231994646,0.6308358259244974,0.0839751399995663,0.2428026948789577,0.9785507504002089
5.374000000000129,-2.9545422293750123,-0.018606817257710465,0.6318002572631741,0.08455792258811376,0.24395528170753475,0.950468987924307
5.37500000000013,-2.954457373531242,-0.018362263477922622,0.6327365978620136,0.08516688556725721,0.24508992531928264,0.9223758424195317
5.37600000000013,-2.954371895391026,-0.018116583940083506,0.6336448376858764,0.08580231575725132,0.2462064212588795,0.894273931857124
5.37700000000013,-2.954285768386227,-0.017869796891015914,0.6345249690712874,0.08646439868194425,0.24730457561744443,0.8661653296281069
5.378000000000131,-2.95419896583007,-0.01762192076588627,0.635376986001171,0.08715318027021302,0.24838420589635055,0.8380511739079956
5.379000000000131,-2.9541114610794716,-0.01737297417683837,0.6362008828876987,0.08786852002442878,0.24944514078878133,0.8099310599227297
5.380000000000131,-2.954023227780846,-0.01712297603350574,0.6369966525250461,0.08860991500148808,0.25048671693692165,0.7818016541469165
5.381000000000132,-2.953934240532943,-0.01687194723684804,0.6377642814520595,0.0893761164193195,0.2515063165646518,0.7536541139262636
5.382000000000132,-2.953844474825962,-0.01661990897674153,0.6385037465525746,0.0901663196801687,0.25250487037602226,0.7254778183420052
5.383000000000132,-2.9537539073689443,-0.016366881974575052,0.6392150115527987,0.09097916961727533,0.2534837006063931,0.6972569290288397
5.384000000000133,-2.953662516572191,-0.016112885175408983,0.6398980226627347,0.09181242312765295,0.25444439806790076,0.6689731855508638
5.385000000000133,-2.9535702836608726,-0.015857935676492338,0.6405527097011793,0.09266266130312113,0.2553890978851224,0.640613539491816
5.386000000000133,-2.9534771938374815,-0.015602048144967365,0.6411789953316311,0.0935253343821708,0.2563205448754578,0.6121773864480123
5.387000000000134,-2.953383237112484,-0.015345234403033389,0.6417768078935776,0.09439542011320289,0.25724166676088844,0.5836758018574718
5.388000000000134,-2.95328840837224,-0.015087503535039681,0.6423460896562362,0.09526830914203117,0.25815492947470314,0.5551242792825865
5.389000000000134,-2.953192706701309,-0.014828862533705427,0.642886797857174,0.09614033668403492,0.2590619612192558,0.5265365890914979
5.390000000000135,-2.95309613435904,-0.014569317177063484,0.6433989016173052,0.09700887068309344,0.25996352799701367,0.497922639310571
5.391000000000135,-2.9529986957858454,-0.01430887283920684,0.643882378116508,0.0978721753172698,0.26085968315391433,0.469288782974069
5.392000000000135,-2.9529003967883996,-0.014047535122430538,0.6443372095240858,0.09872922632394614,0.2617499449863911,0.44063881499988555
5.393000000000136,-2.9528012439091254,-0.013785310317617672,0.6447633809183908,0.09957954857436242,0.26263345917571607,0.4119749008422624
5.394000000000136,-2.952701243885158,-0.013522204561325739,0.6451608795794995,0.1004231960076909,0.26351136212909376,0.38329989752231713
5.395000000000136,-2.952600403286127,-0.013258223025932762,0.6455296960159652,0.10126048258117572,0.26438527079394875,0.35461649134046075
5.396000000000137,-2.9524987282732362,-0.01299336953489937,0.645869822384268,0.10209180146044304,0.265254955238047,0.3259257476280848
5.397000000000137,-2.952396224562856,-0.012727648472172523,0.6461812518199392,0.10291768141595228,0.26612007674986077,0.29722858245940753
5.398000000000137,-2.952292897292476,-0.012461064599714916,0.6464639783491042,0.10373874340261266,0.26698022479416167,0.26852587512141207
5.399000000000138,-2.9521887509463403,-0.012193623114181379,0.6467179968884393,0.10455566672361001,0.26783494593406554,0.23981853559041252
5.400000000000138,-2.952083789311015,-0.011925329678129076,0.6469433032967887,0.10536916257603114,0.26868376601618577,0.21110754244843086
5.401000000000138,-2.9519780154543254,-0.011656190431884565,0.6471398944543629,0.10617995344627676,0.26952620687007517,0.1823939615155729
5.402000000000139,-2.9518714317224397,-0.011386211990998252,0.6473077683539016,0.10698875723195586,0.2703617986222185,0.15367895207600196
5.403000000000139,-2.951764039750812,-0.011115401433198337,0.6474469241938591,0.1077962752221743,0.27119008854726256,0.12496376532335723
5.404000000000139,-2.95165584048551,-0.010843766277916082,0.6475573624674926,0.10860318323609662,0.2720106472113755,0.0962497381422326
5.40500000000014,-2.9515468342120617,-0.010571314460772937,0.6476390850443043,0.10941012533873247,0.27282307251737076,0.06753828431807185
5.40600000000014,-2.9514370205894953,-0.010298054304872553,0.6476920952420105,0.11021770964434412,0.27362699214029934,0.03883088456550271
5.40700000000014,-2.9513263986877103,-0.010023994490303377,0.6477163978883409,0.11102650579295069,0.27442206474322967,0.010129076280485587
5.408000000000141,-2.951214967026701,-0.009749144022352494,0.6477119993753835,0.11183704356291829,0.27520798376578387,-0.01856552807404297
5.409000000000141,-2.951102723617973,-0.00947351217186782,0.6476789078878982,0.11264981033673402,0.27598451996741385,-0.04725090166238975
5.410000000000141,-2.950989666005844,-0.009197108416424292,0.6476171338056923,0.11346525243182383,0.27675150290158673,-0.07592475677212142
5.411000000000142,-2.950875791307827,-0.008919942384744379,0.6475266898078537,0.11428377783100425,0.27750879048347055,-0.10458479082934345
5.412000000000142,-2.950761096251957,-0.008642023833613371,0.647407590877262,0.1151057578863345,0.2782562667521782,-0.13322870010413626
5.413000000000142,-2.9506455772124323,-0.008363362623355257,0.6472598542986799,0.11593152926093665,0.2789938403529916,-0.1618541856966102
5.414000000000143,-2.950529230243265,-0.008083968694006089,0.6470834996512724,0.11676139605004571,0.2797214429633359,-0.19045895870606488
5.415000000000143,-2.9504120511097467,-0.007803852043070377,0.6468785487963354,0.1175956320015674,0.2804390277101152,-0.21904074465502113
5.416000000000143,-2.9502940353176745,-0.007523022704850752,0.6466450258609415,0.11843448277502719,0.28114656761266904,-0.24759728724463093
5.417000000000144,-2.9501751781403165,-0.007241490731312332,0.6463829572181327,0.11927816819289856,0.28184405407526164,-0.27612635151757914
5.418000000000144,-2.9500554746431376,-0.006959266174423506,0.6460923714642154,0.12012688445041278,0.28253149544507444,-0.3046257265010646
5.419000000000144,-2.9499349197063554,-0.006676359069902123,0.6457732993936454,0.1209808062595463,0.2832089156456354,-0.33309322739716757
5.420000000000145,-2.949813508045384,-0.006392779422288454,0.6454257739719215,0.1218400889103767,0.28387635289108504,-0.361526697381806
5.421000000000145,-2.949691234229265,-0.006108537191262798,0.645049830306854,0.12270487023876232,0.28453385848331353,-0.38992400906717245
5.422000000000145,-2.9495680926971812,-0.005823642279124797,0.644645505618518,0.12357527249364894,0.2851814956915422,-0.4182830656764155
5.423000000000146,-2.9494440777731525,-0.005538104519352942,0.6442128392081571,0.12445140410050474,0.28581933871215004,-0.4466018019736174
5.424000000000146,-2.949319183679022,-0.005251933666165653,0.6437518724262647,0.12533336131965164,0.28644747170528845,-0.4748781849869605
5.425000000000146,-2.9491934045458352,-0.004965139385009183,0.6432626486400306,0.1262212297997742,0.28706598790394916,-0.5031102145584202
5.426000000000147,-2.9490667344237185,-0.004677731243902332,0.6427452132003123,0.12711508602779115,0.2876749887905353,-0.5312959237493903
5.427000000000147,-2.9489391672903595,-0.004389718705573113,0.6421996134082623,0.12801499867667773,0.288274583335549,-0.5594333791283218
5.428000000000147,-2.948810697058187,-0.004101111120328074,0.6416258984817161,0.12892102985281906,0.28886488729267046,-0.5875206809637132
5.429000000000148,-2.948681317580355,-0.003811917719600878,0.6410241195214269,0.1298332362441139,0.28944602254420415,-0.6155559633435778
5.430000000000148,-2.948551022655631,-0.0035221476101329097,0.6403943294772076,0.13075167016938255,0.2900181164905467,-0.6435373942408111
5.431000000000148,-2.9484198060322786,-0.0032318097687452406,0.6397365831140289,0.1316763805286887,0.2905813014769406,-0.6714631755426264
5.432000000000149,-2.9482876614110456,-0.002940913037668239,0.639050936978097,0.13260741365297593,0.29113571425026463,-0.6993315430613891
5.433000000000149,-2.948154582447349,-0.0026494661204027174,0.6383374493629238,0.13354481404995175,0.29168149543792066,-0.7271407665437258
5.434000000000149,-2.9480205627527734,-0.0023574775780948725,0.6375961802753818,0.1344886250414153,0.2922187890399558,-0.7548891496946584
5.43500000000015,-2.9478855958959835,-0.0020649558264167534,0.6368271914017194,0.13543888928520526,0.2927477419243352,-0.7825750302336915
5.43600000000015,-2.9477496754031827,-0.0017719091329548085,0.6360305460734982,0.13639564917262081,0.29326850331368837,-0.8101967800002202
5.43700000000015,-2.947612794758235,-0.0014783456151217704,0.6352063092333918,0.13735894708951182,0.2937812242497978,-0.8377528051262614
5.438000000000151,-2.9474749474026063,-0.001184273238622101,0.634354547400771,0.13832882552621856,0.294286057019491,-0.8652415462953125
5.439000000000151,-2.9473361267352733,-0.0008896998165191612,0.6334753286369786,0.1393053270181344,0.2947831545223204,-0.8926614791070193
5.440000000000151,-2.947196326112791,-0.000594633008973852,0.6325687225101781,0.14028849389485176,0.29527266955636117,-0.9200111145682063
5.441000000000152,-2.947055538849715,-0.0002990803237505443,0.6316348000596398,0.1412783678116297,0.2957547539935111,-0.9472889997315862
5.442000000000152,-2.946913758219614,-3.049117617612946e-06,0.6306736337593043,0.14227498903232927,0.29622955780976296,-0.9744937185039669
5.443000000000152,-2.946770977456942,0.0002934534011922143,0.6296852974804453,0.14327839542811496,0.2966972279290424,-1.0016238926458427
5.444000000000153,-2.946627189760065,0.0005904201692513133,0.6286698664532269,0.14428862115135072,0.2971579068315286,-1.028678182983665
5.445000000000153,-2.946482388295803,0.0008878442626730075,0.6276274172269346,0.14530569493969306,0.29761173086939563,-1.0556552908545596
5.446000000000153,-2.946336566205866,0.001185718889989687,0.6265580276286382,0.14632963800223397,0.29805882822569885,-1.0825539598004439
5.447000000000154,-2.9461897166156366,0.0014840373827824716,0.6254617767200303,0.14736046143912124,0.2984993164477735,-1.1093729775240293
5.448000000000154,-2.946041832645786,0.0017827931836037767,0.624338744752175,0.14839816315081406,0.29893329948878516,-1.1361111781126394
5.449000000000154,-2.9458929074272424,0.0020819798306746353,0.6231890131178995,0.14944272420693694,0.29936086420644886,-1.1627674445267862
5.450000000000155,-2.9457429341200676,0.002381590938805583,0.6220126643015712,0.15049410467364255,0.2997820763069144,-1.1893407113388597
5.451000000000155,-2.9455919059367477,0.00268162017601459,0.6208097818260211,0.15155223895132067,0.3001969758003839,-1.215829967693431
5.452000000000155,-2.9454398161703295,0.0029820612354480983,0.6195804501964145,0.15261703076313812,0.3006055721753447,-1.242234260445671
5.453000000000156,-2.945286658227626,0.0032829078025262506,0.6183247548409173,0.15368834807246667,0.3010078397265477,-1.2685526974205605
5.454000000000156,-2.945132425667329,0.003584153517829353,0.6170427820480701,0.15476601840334792,0.30140371380887204,-1.2947844507260218
5.455000000000156,-2.944977112242289,0.0038857919372259375,0.6157346189008517,0.15584982528713423,0.3017930892271677,-1.3209287600496633
5.456000000000157,-2.944820711944361,0.004187816492178514,0.6144003532074843,0.1569395068192255,0.3021758224311857,-1.3469849358661625
5.457000000000157,-2.944663219049147,0.004490220454975191,0.6130400734291135,0.15803475748084467,0.30255173945532093,-1.3729523624575994
5.458000000000157,-2.944504628156839,0.004792996915460783,0.6116538686046351,0.15913523428995277,0.30292065125546747,-1.3988305005521662
5.459000000000158,-2.9443449342245485,0.005096138776909934,0.6102418282732402,0.1602405677954466,0.30328237681216547,-1.4246188891490787
5.460000000000158,-2.944184132585513,0.005399638777902382,0.6088040423958722,0.1613503773270631,0.3036367718284256,-1.4503171459667303
5.461000000000158,-2.9440222189521923,0.0057034895405432455,0.6073406012704735,0.1624642876940271,0.3039837515669002,-1.4759249876222518
5.462000000000159,-2.943859189403063,0.006007683636827312,0.6058515954142494,0.16358194490201522,0.3043233048583812,-1.5014422524516682
5.463000000000159,-2.9436950403538282,0.0063122136747515425,0.6043371154719455,0.16470303083747515,0.3046555162333708,-1.5268688400033612
5.464000000000159,-2.9435297685177737,0.0066170723904101034,0.6027972521690835,0.16582727049147508,0.30498055988851835,-1.55220468598026
5.46500000000016,-2.943363370861533,0.006922252728831607,0.6012320962861994,0.1669544329514287,0.3052986772238352,-1.577449741137845
5.46600000000016,-2.94319584456228,0.00722774789699179,0.599641738654599,0.16808432794905434,0.3056101465283555,-1.6026039498756344
5.46700000000016,-2.9430271869696703,0.007533551385804966,0.5980262701724165,0.16921680008095316,0.3059152523875769,-1.6276672314677487
5.468000000000161,-2.9428573955740087,0.007839656963665502,0.5963857818372548,0.17035172249067387,0.30621426050449946,-1.652639465881179
5.469000000000161,-2.9426864679805975,0.008146058648451748,0.5947203647904149,0.17148899105381177,0.3065074005447191,-1.677520484773504
5.470000000000161,-2.942514401889536,0.008452750666238554,0.5930301103677244,0.17262851942222307,0.30679485696410047,-1.7023100671435845
5.471000000000162,-2.942341195080094,0.008759727404110665,0.5913151101528512,0.17377023487011925,0.30707676627245845,-1.7270079384987365
5.472000000000162,-2.942166845398929,0.0090669833626061,0.5895754560302285,0.17491407472730133,0.30735321874084365,-1.7516137722590683
5.473000000000162,-2.9419913507516715,0.009374513111349679,0.5878112402359396,0.17605998318063767,0.30762426275652816,-1.7761271922654762
5.474000000000163,-2.9418147090975912,0.00968231124982493,0.5860225554059167,0.17720790828128966,0.3078899104778136,-1.8005477755188444
5.475000000000163,-2.9416369184471858,0.009990372374102436,0.58420949462155,0.1783577990583455,0.3081501439009832,-1.8248750545432668
5.476000000000163,-2.9414579768626274,0.010298691049642688,0.5823721514532887,0.17950960268813437,0.3084049208216174,-1.8491085189852696
5.477000000000164,-2.9412778824610166,0.010607261789911832,0.580510620003125,0.1806632616992095,0.3086541804317631,-1.8732476162226386
5.478000000000164,-2.941096633420413,0.010916079040380932,0.5786249949470168,0.18181871120949833,0.30889784845887985,-1.8972917508677158
5.479000000000164,-2.9409142279886114,0.011225137167439876,0.5767153715783779,0.18297587619945846,0.30913584184735543,-1.921240283124015
5.480000000000165,-2.9407306644946263,0.011534430451786816,0.5747818458537843,0.18413466882747398,0.3093680730316697,-1.9450925260045917
5.481000000000165,-2.9405459413628328,0.01184395308591588,0.5728245144420131,0.1852949857941446,0.30959445386918893,-1.9688477414564525
5.482000000000165,-2.940360057129721,0.0121536991753964,0.5708434747774749,0.18645670576246257,0.3098148993016258,-1.9925051354655048
5.483000000000166,-2.940173010463194,0.01246366274370233,0.5688388251190083,0.1876196868423196,0.31002933080453243,-2.0160638522473024
5.484000000000166,-2.939984800184347,0.012773837740402456,0.5668106646148836,0.18878376415106085,0.31023767966785964,-2.0395229676648388
5.485000000000166,-2.93979542529164,0.013084218052555115,0.5647590933747,0.18994874746736376,0.3104398901297007,-2.062881482059595
5.486000000000167,-2.9396048849873586,0.013394797519161216,0.5626842125486461,0.19111441900385948,0.3106359223607383,-2.0861383127388797
5.487000000000167,-2.9394131787062276,0.013705569948513257,0.5605861244143184,0.19228053133477577,0.31082575526892775,-2.1092922864332078
5.488000000000167,-2.939220306145998,0.014016529138232214,0.5584649324709344,0.193446805528442,0.31100938906271686,-2.1323421321228815
5.489000000000168,-2.939026267299772,0.014327668897705613,0.5563207415403316,0.19461292955047185,0.3111868474769955,-2.155286474731966
5.490000000000168,-2.938831062489751,0.014638983072526557,0.5541536578735908,0.19577855702116878,0.3113581795299697,-2.1781238302966686
5.491000000000168,-2.9386346924020126,0.014950465570383691,0.5519637892614593,0.1969433064289868,0.311523460643238,-2.2008526033260294
5.492000000000169,-2.9384371581217854,0.015262110387668042,0.549751245145979,0.1981067609188351,0.31168279292485246,-2.223471087173046
5.493000000000169,-2.938238461168603,0.015573911635849796,0.5475161367298705,0.1992684687869441,0.31183630439104054,-2.245977468305281
5.494000000000169,-2.938038603530547,0.015885863566448274,0.5452585770793179,0.20042794481939005,0.3119841468931982,-2.2683698353810393
5.49500000000017,-2.937837587696674,0.016197960593190355,0.5429786812149175,0.20158467260505494,0.312126492530703,-2.2906461939712996
5.49600000000017,-2.937635416686603,0.01651019730975349,0.5406765661847968,0.20273810793147629,0.31226352837531585,-2.312804487588753
5.49700000000017,-2.9374320940761347,0.01682256850135406,0.5383523511133876,0.20388768333011292,0.312395449416292,-2.3348426253691335
5.498000000000171,-2.937227624017752,0.017135069148409978,0.53600615721922,0.205032813774284,0.3125224497597419,-2.356758516286456
5.499000000000171,-2.9370220112548875,0.0174476944206176,0.5336381077955012,0.20617290344990039,0.31264471227749574,-2.378550109187067
5.500000000000171,-2.9368152611289533,0.017760439660068968,0.5312483281483066,0.20730735342191045,0.312762397086888,-2.4002154372445657
5.501000000000172,-2.936607379578385,0.018073300352509692,0.5288369454889452,0.20843556991867265,0.3128756294308363,-2.4217526647505783
5.502000000000172,-2.936398373129246,0.018386272086487947,0.5264040887794598,0.20955697286671127,0.3129844876868111,-2.4431601335750224
5.503000000000172,-2.93618824887735,0.0186993505009259,0.5239498885330841,0.21067100424558774,0.3130889923306259,-2.4644364062726773
5.504000000000173,-2.935977014462317,0.019012531222480724,0.5214744765745535,0.2117771358110817,0.3131890966884272,-2.485580302780636
5.505000000000173,-2.9357646780343902,0.01932580979485517,0.5189779857680767,0.21287487576289366,0.3132846802134378,-2.506590927994662
5.506000000000173,-2.9355512482152606,0.01963918160286456,0.5164605497231685,0.2139637740103034,0.31337554482814156,-2.5274676882127043
5.507000000000174,-2.935336734054411,0.01995264179448038,0.5139223024900861,0.21504342580580235,0.31346141460355076,-2.548210295398365
5.508000000000174,-2.9351211449826815,0.020266185204196364,0.5113633782571244,0.21611347365521258,0.31354193874639463,-2.5688187592982756
5.509000000000174,-2.9349044907647586,0.020579806280891882,0.5087839110614615,0.21717360755222426,0.31361669757966426,-2.5892933684768944
5.510000000000175,-2.934686781452187,0.020893499022936118,0.5061840345237497,0.21822356370600765,0.3136852109735542,-2.6096346621616324
5.511000000000175,-2.9344680273383044,0.021207256922655463,0.5035638816144591,0.21926312201847048,0.31374694853954727,-2.629843395323172
5.512000000000175,-2.9342482389161884,0.02152107292156641,0.5009235844574279,0.2202921026164025,0.3138013408487011,-2.649920499618896
5.513000000000176,-2.934027426840415,0.02183493937704586,0.4982632741734727,0.22131036175432003,0.31384779096738413,-2.669867042731058
5.514000000000176,-2.9338056018931047,0.022148848040445607,0.49558308076452384,0.22231778738314034,0.3138856856991272,-2.6896841883078118
5.515000000000176,-2.9335827749544645,0.022462790046108384,0.49288313303676967,0.22331429463772087,0.31391440605414644,-2.7093731582548677
5.516000000000177,-2.933358956977802,0.022776755910335234,0.4901635585597963,0.22429982144303465,0.3139333366137398,-2.7289351986157
5.517000000000177,-2.9331341589688176,0.02309073553909002,0.4874244836577221,0.22527432438310205,0.3139418735955185,-2.7483715497886103
5.518000000000177,-2.9329083919688554,0.02340471824309356,0.48466603342779546,0.22623777492512134,0.31393943154445497,-2.767683421405592
5.519000000000178,-2.9326816670417415,0.023718692758933183,0.4818883317817754,0.22719015604732357,0.3139254486677406,-2.7868719718638832
5.520000000000178,-2.93245399526378,0.02403264727486677,0.4790915015055507,0.22813145928450496,0.31389939089741226,-2.8059382922608096
5.521000000000178,-2.9322253877165094,0.024346569460107156,0.47627566433278545,0.22906168217993134,0.31386075480608383,-2.824883394328188
5.522000000000179,-2.9319958554818064,0.024660446496510568,0.4734409410288324,0.22998082611535026,0.3138090695222135,-2.843708201879574
5.523000000000179,-2.931765409638997,0.02497426511174352,0.47058745148165626,0.23088889448069935,0.31374389779704315,-2.8624135452552513
5.524000000000179,-2.9315340612636382,0.02528801161315342,0.46771531479702555,0.2317858911401711,0.3136648363703068,-2.881000158259988
5.52500000000018,-2.9313018214277085,0.02560167192170999,0.46482464939571744,0.23267181915011415,0.31357151576997655,-2.899468677123398
5.52600000000018,-2.9310687012009726,0.025915231605512554,0.4619155731109292,0.2335466796855801,0.31346359966579596,-2.917819641061444
5.52700000000018,-2.9308347116533278,0.026228675912469808,0.4589882032844826,0.23441047113519056,0.3133407838794035,-2.936053494072137
5.528000000000181,-2.930599863857956,0.026541989798951216,0.45604265685433343,0.23526318850887387,0.3132027814779952,-2.954170632701466
5.529000000000181,-2.9303641688940543,0.026855157876925162,0.45307905021404876,0.236104824177064,0.31304920337502334,-2.972171798388295
5.530000000000181,-2.930127637851162,0.02716816436883793,0.45009749891427303,0.23693536594039527,0.31287962408678344,-2.990057856002599
5.531000000000182,-2.9298902818337007,0.027480993072663613,0.44709811768858904,0.23775479545066702,0.312693648312993,-3.0078295716137573
5.532000000000182,-2.9296521119676626,0.027793627404644982,0.4440810205536049,0.2385630877628934,0.31249091018935443,-3.0254876141517344
5.533000000000182,-2.9294131394074596,0.02810605042904367,0.4410463209032058,0.2393602109069464,0.312271071293036,-3.043032561146171
5.534000000000183,-2.929173375343166,0.02841824488460243,0.4379941315971845,0.24014612544351005,0.3120338186906692,-3.0604649042214915
5.535000000000183,-2.928932831008225,0.02873019320907869,0.43492456504451815,0.24092078399172176,0.3117788630342297,-3.0777850543013483
5.536000000000183,-2.92869151768764,0.029041877561898313,0.43183773328160036,0.2416841307187063,0.31150593670612753,-3.0949933464912456
5.537000000000184,-2.9284494467267015,0.029353279844978424,0.42873374804575926,0.24243610078393826,0.31121479201218305,-3.112090044620252
5.538000000000184,-2.9282066295402926,0.029664381721765953,0.42561272084440893,0.24317661973416488,0.3109051994197663,-3.129075345432302
5.539000000000184,-2.9279630776228265,0.029975164634535704,0.4224747630201858,0.24390560284766538,0.31057694583817075,-3.1459493824256572
5.540000000000185,-2.9277188025588607,0.030285609819989096,0.41931998581241886,0.24462295443010937,0.31022983293927403,-3.1627122293465098
5.541000000000185,-2.9274738160344396,0.030595698323193955,0.4161485004152746,0.24532856706841566,0.30986367551877714,-3.1793639033503194
5.5420000000001854,-2.9272281298491984,0.030905411009907558,0.4129604180328972,0.24602232085402173,0.3094782999019259,-3.195904367853121
5.543000000000186,-2.9269817559292517,0.031214728577331607,0.4097558499318395,0.24670408259305554,0.30907354240276014,-3.2123335351055116
5.544000000000186,-2.9267347063408677,0.03152363156336004,0.40653490749104065,0.2473737050282277,0.30864924785275727,-3.228651268535094
5.5450000000001864,-2.9264869933049003,0.03183210035440073,0.40329770224955136,0.2480310261059085,0.3082052682233398,-3.2448573849193485
5.546000000000187,-2.9262386292119134,0.032140115191881445,0.4000443459521385,0.24867586833174116,0.30774146137705416,-3.2609516564705436
5.547000000000187,-2.925989626637882,0.032447656177591176,0.39677495059280604,0.24930803826892384,0.3072576899939995,-3.27693381293698
5.5480000000001874,-2.925739998360297,0.03275470327806066,0.39348962845615404,0.24992732624423503,0.30675382073255747,-3.292803543849405
5.549000000000188,-2.925489757374428,0.03306123632825073,0.3901884921563559,0.2505335063367266,0.3062297236953071,-3.308560501065177
5.550000000000188,-2.9252389169094206,0.033367235034892986,0.386871654673372,0.25112633673087964,0.30568527228008413,-3.324204301781314
5.5510000000001885,-2.924987490443825,0.033672678979909,0.3835392293858408,0.2517055605173829,0.3051203434994696,-3.33973453219452
5.552000000000189,-2.9247354917200687,0.03397754762441541,0.3801913300999171,0.25227090701753724,0.3045348188458186,-3.355150751973259
5.553000000000189,-2.924482934757318,0.03428182031389022,0.3768280710731777,0.2528220936885509,0.30392858575922677,-3.370452499664745
5.5540000000001895,-2.9242298338621344,0.03458547628511603,0.37344956703262977,0.2533588286343563,0.3033015397191554,-3.3856392990801054
5.55500000000019,-2.923976203636332,0.034888494675510764,0.370055933185872,0.2538808136995605,0.3026535869254213,-3.400710666580156
5.55600000000019,-2.923722058981478,0.03519085453538753,0.3666472852246092,0.2543877480653032,0.30198464746323145,-3.4156661190267337
5.5570000000001905,-2.9234674150996187,0.035492534843541576,0.363223739320048,0.2548793322015707,0.3012946587673649,-3.4305051819867893
5.558000000000191,-2.923212287489954,0.035793514526339554,0.35978541211019777,0.255355271971142,0.30058357912535544,-3.445227397608018
5.559000000000191,-2.9229566919414425,0.036093772480197954,0.3563324206797499,0.2558152826383191,0.2998513909053096,-3.45983233146487
5.5600000000001915,-2.9227006445215533,0.036393287597012575,0.3528648825339329,0.2562590925226486,0.29909810317751395,-3.4743195776424605
5.561000000000192,-2.9224441615616374,0.03669203879178288,0.3493829155684413,0.2566864460611003,0.2983237534316024,-3.488688761411278
5.562000000000192,-2.9221872596396095,0.03699000503141407,0.3458866380380904,0.2570971061010088,0.297528408173838,-3.502939539051297
5.5630000000001925,-2.9219299555607527,0.037287165363521786,0.34237616852714525,0.25749085533111477,0.29671216231049946,-3.517071594683071
5.564000000000193,-2.92167226633752,0.03758349894403665,0.33885162592424806,0.2578674968532063,0.29587513736137455,-3.5310846343018785
5.565000000000193,-2.9214142091691557,0.03787898506251426,0.3353131294045085,0.2582268539839714,0.29501747867535627,-3.544978377523231
5.5660000000001935,-2.9211558014218286,0.038173603164276884,0.3317607984206932,0.2585687694406975,0.294139351914739,-3.558752547775238
5.567000000000194,-2.9208970606098106,0.03846733286880685,0.3281947527046487,0.2588931040973553,0.2932409391222613,-3.5724068617803346
5.568000000000194,-2.920638004378037,0.03876015398412903,0.32461511227925066,0.25919973549943687,0.2923224346836228,-3.585941019151105
5.5690000000001945,-2.9203786504862013,0.03905204651721541,0.3210219974803992,0.2594885563032236,0.29138404145703983,-3.599354692805004
5.570000000000195,-2.9201190167943976,0.03934299068068602,0.3174155289879643,0.2597594727677599,0.290425967275387,-3.6126475207192863
5.571000000000195,-2.91985912125021,0.03963296689625001,0.31379582786416566,0.26001240338560927,0.28944842195159903,-3.6258190993421984
5.5720000000001955,-2.919598981877086,0.03992195579542597,0.3101630155976545,0.260247277699154,0.2884516148474109,-3.6388689787840147
5.573000000000196,-2.919338616763792,0.040209938218111446,0.30651721415152344,0.2604640353173825,0.28743575300757274,-3.651796659754193
5.574000000000196,-2.919078044054759,0.04049689520955117,0.3028585460135631,0.2606626251254752,0.2864010398199665,-3.6646015920983688
5.5750000000001965,-2.9188172819411293,0.04078280801620021,0.29918713424726984,0.2608430046656527,0.28534767413639933,-3.6772831747207
5.576000000000197,-2.9185563486523542,0.041067658080905484,0.2955031025423399,0.261005139661094,0.2842758497768108,-3.6898407566466096
5.577000000000197,-2.9182952624482,0.04135142703775015,0.29180657526363424,0.26114900365329,0.2831857553377977,-3.7022736389788626
5.5780000000001975,-2.9180340416110786,0.04163409670682799,0.2880976774978373,0.26127457772507107,0.28207757423130725,-3.7145810775167587
5.579000000000198,-2.9177727044386206,0.04191564908914452,0.2843765350972514,0.26138185028521677,0.28095148488815774,-3.726762285835806
5.580000000000198,-2.917511269236437,0.042196066361781685,0.28064327472035294,0.26147081689491464,0.2798076610715093,-3.7388164386574263
5.5810000000001985,-2.9172497543110465,0.04247533087341286,0.2768980238688932,0.26154148012066913,0.2786462722560219,-3.750742675370695
5.582000000000199,-2.916988177962936,0.0427534251402159,0.27314091092144704,0.2615938494021758,0.2774674840382906,-3.762540103598268
5.583000000000199,-2.91672655847975,0.04303033184220186,0.26937206516340917,0.26162794092697983,0.27627145855276714,-3.774207802725085
5.5840000000001995,-2.916464914129608,0.043306033819954876,0.265591616813505,0.2616437775063977,0.27505835487459857,-3.7857448273307
5.5850000000002,-2.9162032631545403,0.0435805140717633,0.26179969704693584,0.2616413884492285,0.2738283293966559,-3.7971502104841965
5.5860000000002,-2.915941623764057,0.04385375575111171,0.2579964380153087,0.26162080943130545,0.27258153617261976,-3.808422966874979
5.5870000000002005,-2.915680014128848,0.044125742164497266,0.2541819728635252,0.2615820823600224,0.27131812722150406,-3.8195620957637857
5.588000000000201,-2.915418452374621,0.04439645676953057,0.2503564357438117,0.26152525523371395,0.27003825279162214,-3.8305665837465783
5.589000000000201,-2.9151569565760838,0.044665883173280255,0.2465199618270809,0.2614503819962442,0.26874206158390185,-3.8414354073300663
5.5900000000002015,-2.9148955447510714,0.04493400513082111,0.24267268731180985,0.2613575223874432,0.26742970093579355,-3.852167535321948
5.591000000000202,-2.914634234854826,0.04520080654394739,0.23881474943061862,0.2612467417901716,0.2661013169679179,-3.8627619310419306
5.592000000000202,-2.914373044774434,0.04546627146001525,0.23494628645472412,0.261118111074838,0.2647570546961737,-3.873217554361502
5.5930000000002025,-2.914111992323413,0.04573038407088133,0.23106743769643595,0.26097170644217355,0.2633970581123565,-3.8835333635815963
5.594000000000203,-2.913851095236464,0.04599312871190755,0.2271783435098515,0.26080760926500574,0.2620214702364906,-3.893708317157845
5.595000000000203,-2.913590371164375,0.04625448986100544,0.22327914528989806,0.2606259059296896,0.26063043314410606,-3.9037413752832855
5.5960000000002035,-2.9133298376690897,0.046514452137696574,0.2193699854698593,0.26042668767775795,0.2592240879716298,-3.9136315013382617
5.597000000000204,-2.9130695122189287,0.04677300030216865,0.2154510075175143,0.26021005044825685,0.2578025749029428,-3.923377663216932
5.598000000000204,-2.9128094121839716,0.04703011925430997,0.21152235593000807,0.2599760947211367,0.2563660331399986,-3.9329788345393477
5.5990000000002045,-2.912549554831593,0.04728579403270768,0.20758417622756353,0.25972492536198477,0.2549146008602231,-3.942433995757537
5.600000000000205,-2.9122899573221543,0.04754000981359787,0.20363661494613727,0.2594566514683076,0.25344841516322447,-3.951742135163473
5.601000000000205,-2.912030636704847,0.047792751909757944,0.19967981962911313,0.2591713862175051,0.2519676120091543,-3.960902249806218
5.6020000000002055,-2.911771609913689,0.04804400576933413,0.1957139388181213,0.2588692467166235,0.2504723261508707,-3.9699133463249736
5.603000000000206,-2.9115128937636694,0.04829375697459889,0.19173912204306381,0.2585503538539282,0.24896269106187163,-3.9787744417042163
5.604000000000206,-2.911254504947038,0.04854199124063475,0.18775551981142144,0.25821483215230323,0.247438838861791,-3.9874845639565693
5.6050000000002065,-2.9109964600297467,0.048788694413943276,0.1837632835969117,0.2578628096244567,0.24590090024108496,-3.9960427527385805
5.606000000000207,-2.910738775448029,0.04903385247097877,0.1797625658275625,0.25749441762989606,0.24434900438637702,-4.004448059904114
5.607000000000207,-2.910481467505125,0.04927745151660829,0.1757535198732621,0.25710979073362433,0.24278327890778464,-4.012699549999648
5.6080000000002075,-2.9102245523681454,0.04951947778250042,0.17173630003284068,0.2567090665665052,0.24120384976941095,-4.020796300705391
5.609000000000208,-2.909968046065073,0.04975991762544658,0.16771106152073678,0.25629238568724677,0.2396108412240561,-4.028737403225773
5.610000000000208,-2.9097119644819074,0.04999875752561949,0.16367796045329705,0.2558598914459589,0.23800437575308173,-4.036521962632572
5.6110000000002085,-2.909456323359936,0.05023598408477453,0.15963715383475519,0.2554117298492489,0.23638457401224858,-4.044149098163627
5.612000000000209,-2.909201138293148,0.05047158402440006,0.15558879954293334,0.2549480494268342,0.23475155478424184,-4.051617943479875
5.613000000000209,-2.9089464247257757,0.05070554418382396,0.1515330563147062,0.25446900109966253,0.23310543493849856,-4.058927646883182
5.6140000000002095,-2.9086921979499687,0.050937851518283846,0.14747008373126597,0.25397473804955123,0.23144632939885965,-4.066077371497287
5.61500000000021,-2.9084384731035966,0.05116849309696904,0.14340004220322375,0.25346541559037017,0.22977435111948,-4.073066295413954
5.61600000000021,-2.908185265168183,0.05139745610104264,0.13932309295558148,0.25294119104081414,0.22808961106934977,-4.079893611806319
5.6170000000002105,-2.907932588966961,0.05162472782165267,0.13523939801260618,0.2524022235988273,0.22639221822570124,-4.086558529011261
5.618000000000211,-2.907680459163058,0.05185029565794101,0.13114912018263636,0.25184867421775997,0.22468227957650394,-4.0930602705825
5.619000000000211,-2.9074288902577994,0.05207414711505951,0.12705242304284953,0.25128070548435555,0.2229599001321821,-4.09939807531606
5.6200000000002115,-2.9071778965891357,0.05229626980220244,0.12294947092401726,0.2506984814986804,0.22122518294662405,-4.105571197249607
5.621000000000212,-2.906927492330191,0.0525166514306646,0.11884042889527341,0.2501021677561253,0.21947822914749351,-4.111578905637128
5.622000000000212,-2.9066776914879213,0.05273527981193429,0.11472546274891936,0.24949193103161846,0.21771913797579523,-4.117420484900335
5.6230000000002125,-2.9064285079018957,0.052952142855830574,0.11060473898528894,0.24886793926620257,0.21594800683459506,-4.123095234558133
5.624000000000213,-2.9061799552431835,0.05316722856869366,0.1064784247976943,0.24823036145613755,0.2141649313467451,-4.128602469135429
5.625000000000213,-2.9059320470133536,0.05338052505163744,0.10234668805747275,0.2475793675446972,0.21237000542141818,-4.133941518052543
5.6260000000002135,-2.905684796543581,0.053592020498872926,0.09820969729915341,0.24691512831683407,0.21056332132921324,-4.13911172549642
5.627000000000214,-2.905438216993856,0.053801703196110835,0.09406762170576116,0.24623781529689,0.20874496978555415,-4.144112450274828
5.628000000000214,-2.9051923213522954,0.05400956151905178,0.08992063109427453,0.24554760064953057,0.20691504004206823,-4.148943065654693
5.6290000000002145,-2.9049471224345487,0.054215583931971435,0.08576889590125256,0.2448446570840809,0.20507361998559745,-4.153602959185705
5.630000000000215,-2.9047026328833,0.054419758986408606,0.08161258716864504,0.2441291577624379,0.20322079624446646,-4.158091532510287
5.631000000000215,-2.9044588651678622,0.05462207531996285,0.07745187652979915,0.2434012762107282,0.20135665430160382,-4.162408201161029
5.6320000000002155,-2.9042158315838518,0.05482252165520853,0.07328693619567433,0.24266118623487537,0.1994812786140902,-4.166552394346634
5.633000000000216,-2.9039735442529517,0.05502108679873148,0.0691179389412767,0.24190906184023128,0.19759475273868632,-4.170523554727434
5.634000000000216,-2.90373201512275,0.05521775964029392,0.06494505809232255,0.24114507715541666,0.19569715946287558,-4.174321138181497
5.6350000000002165,-2.9034912559666517,0.05541252915213299,0.06076846751214016,0.24036940636050474,0.19378858094094212,-4.177944613562326
5.636000000000217,-2.9032512783838635,0.05560538438839769,0.056588341588817585,0.23958222361966955,0.19186909883459194,-4.181393462449146
5.637000000000217,-2.903012093799439,0.055796314484728486,0.052404855222603464,0.2387837030184067,0.18993879445761608,-4.184667178890732
5.6380000000002175,-2.9027737134643887,0.055985308657983394,0.04821818381356687,0.23797401850542077,0.1879977489240869,-4.187765269143751
5.639000000000218,-2.902536148455842,0.05617235620611377,0.04402850324952112,0.2371533438392575,0.18604604329957444,-4.190687251406508
5.640000000000218,-2.9022994096772634,0.056357446508192695,0.03983598989421573,0.2363218525397448,0.18408375875486627,-4.19343265554904
5.6410000000002185,-2.9020635078587143,0.05654056902459802,0.03564082057579978,0.23547971784428925,0.1821109767216744,-4.196001022840425
5.642000000000219,-2.901828453557152,0.056721713297351914,0.03144317257555891,0.2346271126690606,0.18012777904981275,-4.198391905674174
5.643000000000219,-2.9015942571567717,0.056900868950618175,0.027243223616927603,0.2337642095750793,0.17813424816533222,-4.200604867292565
5.6440000000002195,-2.9013609288693747,0.05707802569135784,0.023041151854777214,0.2328911807392072,0.1761304672291036,-4.20263948151075
5.64500000000022,-2.9011284787347646,0.057253173310143464,0.018837135864979725,0.23200819793002633,0.17411652029534425,-4.204495332441437
5.64600000000022,-2.9008969166211687,0.05742630168213167,0.014631354634246144,0.23111543248857458,0.17209249246958977,-4.2061720142209555
5.6470000000002205,-2.900666252225668,0.05759740076819314,0.010423987550237828,0.23021305531389363,0.17005847006561983,-4.207669130737495
5.648000000000221,-2.9004364950746493,0.05776646061619885,0.0062152143919481425,0.22930123685333006,0.16801454076085398,-4.208986295362265
5.649000000000221,-2.9002076545242574,0.057933471362460735,0.002005215320351161,0.22838014709751692,0.1659607937497413,-4.210123130684367
5.6500000000002215,-2.8999797397608527,0.058098423233324537,-0.002205829130686665,0.22744995557995082,0.16389731989467665,-4.2110792682501
5.651000000000222,-2.8997527598014665,0.058261306546912084,-0.006417738063236696,0.22651083138106717,0.16182421187398402,-4.21185434830746
5.652000000000222,-2.8995267234942514,0.058422111715009994,-0.010630330223885702,0.22556294313670505,0.15974156432651593,-4.212448019556559
5.6530000000002225,-2.899301639518919,0.05858082924510102,-0.014843424012067157,0.22460645905084173,0.15764947399242682,-4.212859938906705
5.654000000000223,-2.8990775163871625,0.058737449742534094,-0.01905683748815325,0.22364154691246765,0.15554803984968632,-4.213089771240857
5.655000000000223,-2.898854362443064,0.05889196391282858,-0.023270388381315364,0.22266837411646143,0.15343736324590634,-4.213137189188195
5.6560000000002235,-2.8986321858635513,0.05904436256431634,-0.027483894096549603,0.22168710741403633,0.15131754877912013,-4.213001869610266
5.657000000000224,-2.8984109946600354,0.05919463661422684,-0.03169717170848874,0.22069791123949728,0.14918870910584264,-4.212683472939319
5.658000000000224,-2.89819079667976,0.05934277709419882,-0.035910037949161165,0.21970094894774236,0.14705096175856444,-4.212181657447879
5.6590000000002245,-2.8979715996069144,0.059488775155348714,-0.04012230921270652,0.21869638368556188,0.1449044269569902,-4.211496089098453
5.660000000000225,-2.897753410962613,0.059632622070432004,-0.04433380156306972,0.21768437843680646,0.14274922768855242,-4.210626441443939
5.661000000000225,-2.897536238105031,0.05977430923663556,-0.048544330741494994,0.21666509606176454,0.14058548980624638,-4.2095723954347575
5.6620000000002255,-2.8973200882295043,0.059913828178489045,-0.052753712173834386,0.21563869933945637,0.13841334211887574,-4.208333639240666
5.663000000000226,-2.8971049683685903,0.06005117055086261,-0.056961760977685655,0.21460535101261333,0.13623291647334637,-4.206909868087885
5.664000000000226,-2.89689088539208,0.06018632814204283,-0.06116829196937526,0.2135652138351007,0.13404434782865873,-4.205300784112176
5.6650000000002265,-2.8966778460069644,0.06031929287687822,-0.06537311967080264,0.21251845062153119,0.13184777432125955,-4.2035060962284625
5.666000000000227,-2.8964658567573442,0.060450056819985755,-0.06957605831616262,0.21146522429880538,0.12964333732142674,-4.201525520017533
5.667000000000227,-2.8962549240242947,0.060578612179009096,-0.07377692185856327,0.21040569795930184,0.12743118148037608,-4.199358777630378
5.6680000000002275,-2.8960450540256724,0.06070495130791914,-0.07797552397655722,0.20934003491542663,0.12521145476779177,-4.197005597710596
5.669000000000228,-2.895836252815866,0.06082906671034728,-0.08217167808060441,0.20826839875521766,0.12298430849950084,-4.1944657153352845
5.670000000000228,-2.8956285262854937,0.0609509510429412,-0.08636519731948535,0.20719095339868288,0.12074989735502835,-4.191738871974763
5.6710000000002285,-2.895421880161044,0.06107059711873308,-0.09055589458668341,0.2061078631545361,0.11850837938479038,-4.1888248154713645
5.672000000000229,-2.895216320004456,0.0611879979105098,-0.0947435825267557,0.20501929277697592,0.11625991600670298,-4.185723300037482
5.673000000000229,-2.895011851212649,0.06130314655417424,-0.09892807354171154,0.2039254075221354,0.1140046719920073,-4.1824340862729095
5.6740000000002295,-2.89480847901699,0.06141603635208706,-0.10310917979741796,0.20282637320381128,0.1117428154401366,-4.178956941201441
5.67500000000023,-2.8946062084827107,0.06152666077637774,-0.10728671323005136,0.20172235624806192,0.10947451774247609,-4.175291638326542
5.67600000000023,-2.894405044508267,0.061635013472213764,-0.11146048555261422,0.20061352374624294,0.10719995353489425,-4.171437957705768
5.6770000000002305,-2.8942049918246506,0.06174108826101671,-0.11563030826153545,0.19950004350603,0.10491930063895308,-4.1673956860434505
5.678000000000231,-2.8940060549946445,0.06184487914361386,-0.11979599264337232,0.19838208409995717,0.10263273999173464,-4.163164616801026
5.679000000000231,-2.89380823841204,0.06194638030331392,-0.12395734978163116,0.19725981491097988,0.10034045556425183,-4.1587445503241725
5.6800000000002315,-2.8936115463007996,0.06204558610889538,-0.1281141905637232,0.19613340617455172,0.09804263426844316,-4.154135293985738
5.681000000000232,-2.893415982714191,0.06214249111749632,-0.13226632568807078,0.1950030290166852,0.09573946585278266,-4.149336662343274
5.682000000000232,-2.893221551533876,0.062237090077394,-0.13641356567137783,0.19386885548744948,0.09343114278656814,-4.144348477309709
5.6830000000002325,-2.893028256468971,0.0623293779306632,-0.14055572085607673,0.19273105858934086,0.09111786013298237,-4.139170568335537
5.684000000000233,-2.8928361010550874,0.062419349815702026,-0.14469260141796264,0.19158981229994815,0.08879981541105264,-4.133802772600614
5.685000000000233,-2.8926450886533432,0.06250700106961422,-0.14882401737402334,0.19044529158832096,0.08647720844666403,-4.128244935213443
5.6860000000002335,-2.8924552224493687,0.06259232723043705,-0.15294977859047115,0.18929767242444065,0.08415024121281028,-4.12249690941555
5.687000000000234,-2.8922665054523042,0.06267532403920416,-0.15706969479098074,0.18814713178118475,0.08181911765929359,-4.116558556788318
5.688000000000234,-2.8920789404937994,0.06275598744183292,-0.16118357556513374,0.18699384762817345,0.07948404353210917,-4.110429747459375
5.6890000000002345,-2.8918925302270226,0.0628343135908262,-0.16529123037706833,0.1858379989168859,0.07714522618277517,-4.104110360305359
5.690000000000235,-2.8917072771256915,0.06291029884677843,-0.16939246857432816,0.18467976555643972,0.07480287436788874,-4.097600283147645
5.691000000000235,-2.891523183483132,0.06298393977967659,-0.17348709939690213,0.18351932837943724,0.07245719803920977,-4.09089941293733
5.6920000000002355,-2.8913402514113757,0.06305523316998649,-0.17757493198644209,0.1823568690972982,0.07010840812459157,-4.084007655925552
5.693000000000236,-2.8911584828403076,0.06312417600951575,-0.18165577539564176,0.1811925702445228,0.06775671630009468,-4.076924927814961
5.694000000000236,-2.8909778795168775,0.06319076550204454,-0.18572943859775595,0.18002661511136067,0.06540233475363702,-4.069651153887965
5.6950000000002365,-2.8907984430043823,0.06325499906371579,-0.18979573049623444,0.17885918766440354,0.06304547594054978,-4.062186269107188
5.696000000000237,-2.8906201746818345,0.06331687432317723,-0.19385445993444056,0.1776904724546716,0.06068635233142764,-4.05453021818343
5.697000000000237,-2.8904430757434305,0.06337638912146754,-0.19790543570541938,0.17652065451283114,0.058325176152683546,-4.04668295560637
5.6980000000002375,-2.8902671471981263,0.06343354151163948,-0.20194846656167606,0.1753499192312615,0.05596215912024529,-4.0386444456332065
5.699000000000238,-2.8900923898693436,0.06348832975811365,-0.2059833612249198,0.17417845223278972,0.05359751216686608,-4.030414662230578
5.700000000000238,-2.889918804394809,0.06354075233575653,-0.21000992839572455,0.17300643922603154,0.05123144516356757,-4.0219935889653025
5.7010000000002385,-2.8897463912265473,0.06359080792867706,-0.214027976763053,0.1718340658474227,0.048864166635793495,-4.013381218839874
5.702000000000239,-2.8895751506310363,0.0636384954287374,-0.21803731501358717,0.1706615174901966,0.046495883474932644,-4.004577554069288
5.703000000000239,-2.8894050826895437,0.06368381393377281,-0.2220377518408052,0.1694889791207701,0.044126800645972866,-3.995582605796584
5.7040000000002395,-2.8892361872986485,0.06372676274551793,-0.22602909595374251,0.1683166350832402,0.04175712089218258,-3.9863963937457427
5.70500000000024,-2.8890684641709674,0.06376734136723644,-0.23001115608537442,0.16714466889297722,0.03938704443788663,-3.9770189458121137
5.70600000000024,-2.88890191283609,0.0638055495010533,-0.23398374100055888,0.16597326302062684,0.0370167686906191,-3.9674502975926615
5.7070000000002405,-2.888736532641735,0.06384138704498932,-0.23794665950348126,0.16480259866821176,0.034646487944202095,-3.957690491860927
5.708000000000241,-2.8885723227551336,0.06387485408970014,-0.24189972044454966,0.16363285553944953,0.032276393084626626,-3.947739577994933
5.709000000000241,-2.888409282164645,0.06390595091492343,-0.24584273272669957,0.162464211606886,0.029906671301004405,-3.9375976113703346
5.7100000000002415,-2.888247409681602,0.06393467798564065,-0.24977550531108128,0.1612968428789724,0.02753750580432504,-3.927264652736047
5.711000000000242,-2.888086703942393,0.0639610359479629,-0.25369784722212335,0.16013092317078936,0.025169075557292395,-3.9167407675954586
5.712000000000242,-2.8879271634107635,0.06398502562475382,-0.2576095675519924,0.15896662388272645,0.022801555019126313,-3.906026025623134
5.7130000000002426,-2.8877687863803394,0.06400664801100658,-0.2615104754645025,0.1578041137920422,0.020435113909891396,-3.8951205001546523
5.714000000000243,-2.887611570977344,0.06402590426899725,-0.26540038019857015,0.15664355886283146,0.01806991699963427,-3.8840242677957164
5.715000000000243,-2.887455515163499,0.06404279572324219,-0.26927909107136,0.15548512208046794,0.015706123928343245,-3.87273740820566
5.7160000000002436,-2.8873006167390702,0.06405732385529367,-0.2731464174813282,0.15432896331702553,0.013343889063441056,-3.861260004119478
5.717000000000244,-2.887146873346035,0.06406949029841472,-0.2770021689114366,0.15317523923444154,0.010983361402114544,-3.849592141680831
5.718000000000244,-2.8869942824713197,0.0640792968321821,-0.28084615493288834,0.1520241032321982,0.008624684526186636,-3.8377339111651105
5.7190000000002446,-2.8868428414500698,0.06408674537707353,-0.28467818520981597,0.15087570544598297,0.006267996617334403,-3.8256854081753553
5.720000000000245,-2.886692547468889,0.06409183798910345,-0.2884980695054361,0.14973019280306296,0.003913430540126829,-3.8134467353929926
5.721000000000245,-2.8865433975689947,0.0640945768545786,-0.2923056176902643,0.14858770913890842,0.0015611139994599049,-3.8010180049583115
5.722000000000246,-2.8863953886492255,0.06409496428505015,-0.29610063975305084,0.14744839537788376,-0.000788830222622603,-3.7883993415404453
5.723000000000246,-2.886248517468835,0.06409300271254338,-0.29988294581514746,0.14631238977859745,-0.003136283948115965,-3.775590886131881
5.724000000000246,-2.8861027806500084,0.06408869468514695,-0.30365234614903225,0.14517982824183245,-0.005481133202857185,-3.762592800567114
5.725000000000247,-2.8859581746800433,0.0640820428630411,-0.3074086512016986,0.14405084467601018,-0.007823267739549023,-3.749405272719083
5.726000000000247,-2.8858146959131377,0.06407305001503705,-0.31115167162353924,0.1429255714120982,-0.01016258049322137,-3.736028522271878
5.727000000000247,-2.8856723405717473,0.06406171901568898,-0.3148812183032267,0.1418041396570506,-0.012498966983259982,-3.72246280690729
5.728000000000248,-2.8855311047474697,0.06404805284302256,-0.31859710240889566,0.14068667997260476,-0.014832324680905541,-3.7087084286812915
5.729000000000248,-2.8853909844014467,0.06403205457690352,-0.3222991354356833,0.13957332276488021,-0.017162552365208385,-3.694765740311456
5.730000000000248,-2.885251975364279,0.06401372739804526,-0.3259871292593796,0.13846419876999402,-0.019489549493227298,-3.6806351510557236
5.731000000000249,-2.8851140733354597,0.06399307458762782,-0.32966089619561195,0.13735943952195184,-0.021813215611252004,-3.666317131844517
5.732000000000249,-2.8849772738823565,0.06397009952747464,-0.33332024906364977,0.1362591777913445,-0.02413344983263777,-3.6518122193383045
5.733000000000249,-2.8848415724387704,0.06394480570070864,-0.33696500125360773,0.13516354798662739,-0.02645015040435997,-3.637121018624313
5.73400000000025,-2.884706964303116,0.06391719669279097,-0.3405949667955719,0.13407268651356694,-0.02876321437883791,-3.6222442043380356
5.73500000000025,-2.8845734446362616,0.06388727619283124,-0.344209960429006,0.1329867320922826,-0.031072537400472503,-3.6071825200916394
5.73600000000025,-2.8844410084590746,0.06385504799505352,-0.34780979767073156,0.1319058260346693,-0.03337801360847321,-3.5919367762024526
5.737000000000251,-2.884309650649703,0.06382051600030403,-0.35139429487982643,0.13083011248742585,-0.035679535649815707,-3.576507845828014
5.738000000000251,-2.884179365940634,0.06378368421749646,-0.3549632693179448,0.12975973864719098,-0.03797699478943989,-3.5608966597168075
5.739000000000251,-2.8840501489155406,0.06374455676490602,-0.3585165392038143,0.12869485495436667,-0.040270281099748735,-3.5451041998647455
5.740000000000252,-2.883921994005954,0.06370313787124324,-0.3620539237609833,0.12763561527125855,-0.042559283708499526,-3.5291314924192285
5.741000000000252,-2.883794895487752,0.06365943187645957,-0.3655752432582469,0.12658217704850133,-0.04484389108336395,-3.51297960019218
5.742000000000252,-2.8836688474774936,0.06361344323225908,-0.3690803190425382,0.1255347014817473,-0.04712399133255514,-3.4966496151324216
5.743000000000253,-2.8835438439286007,0.06356517650230842,-0.3725689735644037,0.12449335365864578,-0.04939947250354885,-3.4801426510712132
5.744000000000253,-2.8834198786273975,0.06351463636215536,-0.3760410303964727,0.12345830269452518,-0.051670222865526076,-3.4634598370002094
5.745000000000253,-2.8832969451890196,0.06346182759887699,-0.3794963142455538,0.12242972185408713,-0.05393613116519282,-3.446602311076615
5.746000000000254,-2.883175037053213,0.06340675511048806,-0.3829346509591574,0.12140778865590278,-0.056197086849619854,-3.429571215483636
5.747000000000254,-2.8830541474800357,0.06334942390514398,-0.38635586752733525,0.12039268495653252,-0.05845298025334044,-3.412367692211586
5.748000000000254,-2.8829342695454887,0.0632898391001744,-0.38975979208076844,0.11938459701157539,-0.060703702749929735,-3.3949928797705726
5.749000000000255,-2.8828153961370964,0.063228005920982,-0.39314625388602153,0.11838371551176038,-0.0629491468705728,-3.377447910801938
5.750000000000255,-2.882697519949466,0.06316392969983725,-0.3965150833388315,0.11739023559318064,-0.06518920639371426,-3.3597339105233384
5.751000000000255,-2.8825806334798445,0.06309761587459597,-0.39986611195622296,0.11640435682181964,-0.06742377641084382,-3.3418519959210022
5.752000000000256,-2.882464729023713,0.06302906998736076,-0.4031991723681489,0.11542628315352904,-0.06965275337391921,-3.3238032755909837
5.753000000000256,-2.882349798670421,0.06295829768310167,-0.40651409830925417,0.114456222871522,-0.0718760351299844,-3.3055888501273767
5.754000000000256,-2.8822358342989007,0.06288530470824676,-0.4098107246112592,0.11349438850420529,-0.07409352094832786,-3.287209812957628
5.755000000000257,-2.882122827573472,0.06281009690924674,-0.4130888871963629,0.11254099672677181,-0.07630511154514602,-3.2686672515315003
5.756000000000257,-2.882010769939747,0.06273268023111477,-0.41634842307197584,0.11159626825041331,-0.0785107091102178,-3.2499622487793753
5.757000000000257,-2.881899652620655,0.0626530607159365,-0.41958917032701537,0.11066042770330334,-0.08071021733962032,-3.231095884766213
5.758000000000258,-2.8817894666125863,0.06257124450134326,-0.42281096812992564,0.1097337035076596,-0.0829035414780681,-3.212069238478604
5.759000000000258,-2.8816802026816597,0.06248723781893645,-0.4260136567285296,0.10881632775724162,-0.08509058837406529,-3.1928833896933084
5.760000000000258,-2.8815718513601114,0.062401046992649395,-0.4291970774517722,0.10790853609958838,-0.08727126655073468,-3.173539420885987
5.761000000000259,-2.881464402942794,0.06231267843702941,-0.43236107271337915,0.10701056762716238,-0.0894454862949288,-3.154038419148185
5.762000000000259,-2.8813578474837835,0.06222213865542053,-0.43550548601742617,0.10612266478134334,-0.09161315976702665,-3.1343814780888914
5.763000000000259,-2.8812521747930715,0.06212943423802525,-0.4386301619657952,0.1052450732728986,-0.09377420113365383,-3.1145696997040497
5.76400000000026,-2.8811473744333247,0.06203457185982123,-0.4417349462674792,0.10437804202212984,-0.09592852672540104,-3.094604196203236
5.76500000000026,-2.8810434357166996,0.06193755827830693,-0.44481968574968955,0.10352182312132308,-0.09807605522141283,-3.074486091787299
5.76600000000026,-2.8809403477016784,0.0618384003310486,-0.44788422837071507,0.10267667180705739,-0.10021670782301507,-3.054216524221829
5.767000000000261,-2.8808380991903997,0.061737104934361194,-0.45092842323075677,0.1018428454039975,-0.10235040555351807,-3.0337966351417665
5.768000000000261,-2.880736678727274,0.06163367908533608,-0.4539521205661422,0.101020602047402,-0.10447706589742449,-3.0132275576335448
5.769000000000261,-2.8806360745969637,0.06152812986197832,-0.4569551717532709,0.10021020290980842,-0.10659660906511974,-2.9925104408164875
5.770000000000262,-2.880536274821427,0.06142046442064627,-0.45993742932810433,0.09941191258472973,-0.10870895917339023,-2.9716464546088184
5.771000000000262,-2.880437267156287,0.06131068999149427,-0.4628987470076655,0.098625999166776,-0.11081404458898815,-2.9506367911140114
5.772000000000262,-2.8803390390872905,0.061198813874047894,-0.46583897971287885,0.09785273432546014,-0.11291179827986782,-2.9294826659108457
5.773000000000263,-2.88024157782671,0.06108484343243209,-0.4687579835926369,0.09709239335223396,-0.11500215815565579,-2.9081853192072264
5.774000000000263,-2.8801448703097234,0.060968786090276776,-0.4716556160489266,0.09634525515135936,-0.11708506736830496,-2.8867460167940884
5.775000000000263,-2.8800489031908483,0.06085064932536093,-0.47453173576277125,0.09561160213332276,-0.11916047452835932,-2.865166050701501
5.776000000000264,-2.8799536628405558,0.06073044066411153,-0.47738620272062066,0.09489171995382234,-0.1212283337696998,-2.8434467394104206
5.777000000000264,-2.8798591353422562,0.06060816767615642,-0.48021887824064463,0.0941858970209107,-0.12328860456304726,-2.821589427404751
5.778000000000264,-2.8797653064899373,0.060483837969252434,-0.483029624998124,0.09349442366653742,-0.12534125113164263,-2.7995954837517605
5.779000000000265,-2.879672161786859,0.060357459185088655,-0.48581830704875684,0.09281759084529327,-0.1273862412555513,-2.7774662992639696
5.780000000000265,-2.8795796864458607,0.060229038996723785,-0.48858478984816217,0.09215568818143993,-0.12942354415604754,-2.755203281608569
5.781000000000265,-2.8794878653920453,0.06009858510878912,-0.4913289402651095,0.09150900113447505,-0.1314531270184771,-2.732807847474111
5.782000000000266,-2.879396683268865,0.059966105262117674,-0.494050626584946,0.09087780699369882,-0.13347494952982977,-2.7102814105605826
5.783000000000266,-2.879306124448944,0.059831607245199085,-0.49674971849824834,0.09026236934629758,-0.13548895556894236,-2.687625363718411
5.784000000000266,-2.879216173085445,0.05969509910777473,-0.49942608685612216,0.08966280642517169,-0.1374943445639021,-2.664839785815838
5.785000000000267,-2.8791268135303105,0.05955659160652294,-0.502079599388144,0.08907876229142604,-0.13948744695768223,-2.641919722368878
5.786000000000267,-2.8790380299762823,0.05941609619019537,-0.5047101227146433,0.08851065851452455,-0.1414690257644182,-2.6188680900078474
5.787000000000267,-2.878949806360043,0.059273624290164646,-0.5073175269507594,0.0879588763631636,-0.14344010388306974,-2.595688208159405
5.788000000000268,-2.8788621262225083,0.05912918596626933,-0.5099016853517833,0.08742366673826821,-0.14540153772241407,-2.572383033859754
5.789000000000268,-2.8787749729257497,0.05898279051032556,-0.512462473937422,0.0869051342428987,-0.1473540058178408,-2.548955132304527
5.790000000000268,-2.8786883298071446,0.05883444663350275,-0.5149997710788106,0.08640322122798284,-0.14929798849287185,-2.5254066326332043
5.791000000000269,-2.8786021803456627,0.05868416267735788,-0.5175134570377874,0.08591770042423075,-0.15123374104658432,-2.501739179516984
5.792000000000269,-2.8785165083251982,0.05853194685091969,-0.520003413465367,0.08544818979403136,-0.15316126928529744,-2.47795390523685
5.793000000000269,-2.8784312979668307,0.05837780748425252,-0.5224695228968781,0.08499420167921688,-0.15508032269432365,-2.4540514562985543
5.79400000000027,-2.8783465339968064,0.058221753274375246,-0.5249116683106088,0.08455522317032127,-0.1569904187075722,-2.430032094145333
5.79500000000027,-2.8782622016300445,0.05806379349282496,-0.5273297328171863,0.0841308032529002,-0.15889089651993657,-2.405895848869368
5.79600000000027,-2.8781782864760945,0.05790393813333763,-0.5297235995073608,0.0837206166219759,-0.16078098203946223,-2.381642673093547
5.797000000000271,-2.878094774397504,0.05774219799777299,-0.5320931514342204,0.08332449091416046,-0.16265984329976327,-2.357272552304184
5.798000000000271,-2.8780116513552105,0.05757858473476373,-0.5344382716784061,0.08294240432338738,-0.16452662672046026,-2.3327855613181323
5.799000000000271,-2.8779289032647717,0.057413110850489564,-0.5367588434480072,0.08257446799303692,-0.1663804756511356,-2.308181880219745
5.800000000000272,-2.8778465158733013,0.05724578970714328,-0.5390547501818028,0.0822209044669456,-0.16822053699480036,-2.283461787840537
5.801000000000272,-2.8777644746577837,0.057076635518512185,-0.5413258756405436,0.08188202801687318,-0.1700459613195943,-2.2586256460558514
5.802000000000272,-2.8776827647865355,0.05690566284569295,-0.5435721044943262,0.08155811550870434,-0.17185710342399604,-2.233675806373666
5.803000000000273,-2.8776013712952717,0.05673288452770917,-0.54579332634973,0.08124918575550816,-0.17365677364906995,-2.208618527111067
5.804000000000273,-2.8775202790676353,0.05655831219250044,-0.5479894349154237,0.0809554486698878,-0.17544511591757742,-2.183455756638698
5.805000000000273,-2.8774394728118833,0.05638195698733747,-0.5501603254949278,0.08067713579623592,-0.17722204622924423,-2.158189088303119
5.806000000000274,-2.8773589369872847,0.056203830369158644,-0.5523058949852478,0.08041447731664639,-0.1789874757180637,-2.1328201158549436
5.807000000000274,-2.87727865582509,0.05602394388519265,-0.5544260418783463,0.08016769835243344,-0.18074131331895132,-2.107350435306046
5.808000000000274,-2.877198613334947,0.05584230917432546,-0.5565206662637893,0.0799370164756321,-0.1824834671451795,-2.0817816455583547
5.809000000000275,-2.8771187933133238,0.055658937967536674,-0.5585896698316857,0.07972264016160839,-0.18421384507900848,-2.0561153484404278
5.810000000000275,-2.8770391793530794,0.05547384208801019,-0.5606329558755334,0.07952476795961025,-0.18593235490369645,-2.030353148534044
5.811000000000275,-2.8769597548535994,0.05528703345126143,-0.5626504292948824,0.07934358820109588,-0.18763890418466847,-2.0044966530059987
5.812000000000276,-2.8768805030309954,0.05509852406545954,-0.5646419965978808,0.07917927910375955,-0.18933340002735893,-1.9785474715560387
5.813000000000276,-2.8768014069280565,0.05490832603202464,-0.5666075659038495,0.07903200916156485,-0.19101574878708935,-1.9525072165299429
5.814000000000276,-2.8767224494236956,0.05471645154652303,-0.5685470469460594,0.07890193773782857,-0.19268585577320163,-1.9263775032121275
5.815000000000277,-2.876643613241729,0.0545229128998533,-0.5704603510748893,0.07878921579994011,-0.19434362496907032,-1.9001599502945186
5.816000000000277,-2.8765648809588664,0.05432772247970124,-0.5723473912615378,0.07869398675132266,-0.1959889587771562,-1.8738561805109621
5.817000000000277,-2.8764862350118348,0.054130892772236705,-0.5742080821024456,0.07861638732946691,-0.1976217577909822,-1.8474678214248357
5.818000000000278,-2.876407657703575,0.05393243636402621,-0.5760423398245785,0.07855654854899648,-0.19924192059187784,-1.8209965063590647
5.819000000000278,-2.8763291312084838,0.05373236594413828,-0.5778500822917081,0.07851459667638047,-0.20084934356629378,-1.794443875460878
5.820000000000278,-2.876250637576663,0.05353069430642321,-0.5796312290118222,0.07849065422862549,-0.20244392073863796,-1.7678115768973994
5.821000000000279,-2.8761721587371643,0.053327434351954625,-0.5813857011457967,0.07848484099249535,-0.20402554361442324,-1.7411012681821123
5.822000000000279,-2.876093676500198,0.053122599091624645,-0.5831134215174606,0.07849727506386898,-0.20559410102873876,-1.714314617636055
5.823000000000279,-2.8760151725582994,0.05291620164888985,-0.5848143146251926,0.0785280739090232,-0.20714947899547773,-1.687453305991258
5.82400000000028,-2.8759366284864147,0.05270825526266934,-0.5864883066551965,0.07857735545111984,-0.20869156055326774,-1.6605190281473408
5.82500000000028,-2.87585802574089,0.052498773290399946,-0.5881353254966154,0.07864523918612512,-0.21022022560460205,-1.6335134950954044
5.82600000000028,-2.875779345657325,0.05228776921125687,-0.5897553007586611,0.07873184733288956,-0.21173535074523844,-1.606438436026346
5.827000000000281,-2.875700569447261,0.05207525662955077,-0.5913481637899514,0.07883730602221804,-0.21323680908151338,-1.5792956006435324
5.828000000000281,-2.875621678193654,0.05186124927831434,-0.592913847700272,0.07896174652947598,-0.21472447003382494,-1.5520867617023428
5.829000000000281,-2.8755426528450947,0.05164576102309268,-0.5944522873850017,0.07910530655458525,-0.21619819912518756,-1.5248137178013725
5.830000000000282,-2.8754634742087255,0.05142880586595271,-0.5959634195524649,0.07926813155210707,-0.21765785775448226,-1.4974782964519524
5.831000000000282,-2.875384122941796,0.051210397949726906,-0.5974471827545055,0.07945037611239086,-0.21910330295485128,-1.4700823574538882
5.832000000000282,-2.875304579541818,0.05099055156250525,-0.5989035174206006,0.07965220539235597,-0.22053438713865092,-1.4426277966056444
5.833000000000283,-2.8752248243352647,0.05076928114238806,-0.6003323658958629,0.07987379659118457,-0.2219509578315263,-1.41511654977615
5.834000000000283,-2.875144837464777,0.05054660128250835,-0.601733672483307,0.08011534046180672,-0.2233528573995455,-1.387550597362342
5.835000000000283,-2.875064598874844,0.050322526736328255,-0.6031073834907728,0.08037704284325897,-0.2247399227749782,-1.3599319691505947
5.836000000000284,-2.874984088295954,0.05009707242320716,-0.6044534472829166,0.08065912619143425,-0.22611198518826292,-1.3322627495899944
5.837000000000284,-2.8749032852272265,0.04987025343423057,-0.6057718143386797,0.08096183107597345,-0.22746886991601079,-1.304545083469291
5.838000000000284,-2.874822168917584,0.04964208503827776,-0.6070624373146216,0.0812854175985548,-0.2288103960575539,-1.2767811819647223
5.839000000000285,-2.8747407183455715,0.049412582688291996,-0.6083252711144618,0.08163016667200586,-0.23013637635553846,-1.2489733289893268
5.840000000000285,-2.874658912198001,0.04918176202770041,-0.6095602729650712,0.08199638107979655,-0.23144661707930553,-1.2211238877208868
5.841000000000285,-2.8745767288476873,0.04894963889690975,-0.6107674024990031,0.08238438621080159,-0.23274091799312138,-1.19323530710829
5.842000000000286,-2.874494146330674,0.04871622933978107,-0.6119466218433947,0.08279453033392363,-0.23401907243440453,-1.165310128044876
5.843000000000286,-2.8744111423234866,0.048481549609959755,-0.6130978957146885,0.08322718424041216,-0.23528086752943717,-1.1373509887376716
5.844000000000286,-2.8743276941211455,0.04824561617690941,-0.6142211915180409,0.08368274003771142,-0.23652608457485694,-1.1093606285717919
5.845000000000287,-2.874243778616934,0.04800844573147067,-0.6153164794494296,0.08416160882676046,-0.23775449961133763,-1.0813418894372124
5.846000000000287,-2.8741593722851753,0.04777005519074234,-0.6163837325972142,0.0846642169344043,-0.23896588420964168,-1.0532977130004173
5.847000000000287,-2.874074451168675,0.04753046170206789,-0.617422927038048,0.08519100030384343,-0.24016000647646132,-1.0252311316868807
5.848000000000288,-2.873988990872892,0.04728968264591372,-0.6184340419193078,0.08574239656919679,-0.24133663226537916,-0.9971452500637841
5.849000000000288,-2.873902966569427,0.04704773563745606,-0.6194170595161336,0.0863188342563202,-0.24249552654372913,-0.969043211664479
5.850000000000288,-2.8738163530120233,0.04680463852676704,-0.6203719652450196,0.0869207184631998,-0.24363645481629356,-0.9409281437232611
5.851000000000289,-2.873729124568955,0.04656040939762057,-0.6212987476064873,0.08754841228402731,-0.24475918444086261,-0.912803068196603
5.852000000000289,-2.8736412552764623,0.046315066565141366,-0.6221973980147089,0.08820221316084595,-0.2458634855941083,-0.8846707608514783
5.853000000000289,-2.8735527189187344,0.046068628572794715,-0.6230679104488351,0.08888232329443653,-0.24694913158030557,-0.8565335295673048
5.85400000000029,-2.873463489140811,0.045821114189522734,-0.6239102808241725,0.08958881325434366,-0.24801589818262365,-0.8283928663253595
5.85500000000029,-2.8733735396015807,0.04557254240802076,-0.6247245059244814,0.09032156330339176,-0.24906350445413025,-0.8002488493447787
5.85600000000029,-2.873282844463619,0.04532293360457967,-0.6255105808699931,0.0910797479160159,-0.25008972718352535,-0.7720975645532876
5.857000000000291,-2.8731913785164993,0.04507230914847627,-0.6262684954733042,0.09186266846827834,-0.2510937980966709,-0.7439331519073134
5.858000000000291,-2.8730991174241534,0.044820691071933615,-0.6269982325909743,0.0926696977917682,-0.2520768399373381,-0.7157466288822341
5.859000000000291,-2.873006037629917,0.044568099833319136,-0.6276997631747224,0.09349964276712511,-0.2530399998042305,-0.687523173401729
5.860000000000292,-2.8729121171531764,0.04431455465962831,-0.6283730409963622,0.09435051513167853,-0.2539846129227298,-0.6592439310908266
5.861000000000292,-2.87281733654203,0.04406007321810611,-0.629018001535651,0.09521921081036079,-0.25491249397704835,-0.6308926365820737
5.862000000000292,-2.8727216800513573,0.043804671034939575,-0.629634569025709,0.09610139618156925,-0.2558261380981702,-0.6024641465665235
5.863000000000293,-2.87262513664433,0.043548360948493986,-0.6302226693711923,0.09699200976625207,-0.25672842712340976,-0.5739664449285233
5.864000000000293,-2.87252770029737,0.04329115302159453,-0.6307822405533988,0.09788619152254052,-0.2576219622638521,-0.5454143505379331
5.865000000000293,-2.8724293694696375,0.04303305505515843,-0.6313132356505541,0.0987799740657576,-0.2585085662207638,-0.51682234598895
5.866000000000294,-2.8723301460831134,0.04277407344383019,-0.6318156205465635,0.09967047606734651,-0.259389174905644,-0.48820134432771933
5.867000000000294,-2.872230034456977,0.042514214027441224,-0.632289370122221,0.10055578986506675,-0.26026396435732657,-0.45955853496890336
5.868000000000294,-2.8721290404168327,0.042253482771545635,-0.6327344649614645,0.1014347831465503,-0.26113253407920384,-0.4308983068365517
5.869000000000295,-2.872027170608741,0.04199188626504632,-0.6331508890491598,0.10230693334067835,-0.26199434787729065,-0.40222342423993546
5.870000000000295,-2.871924431846944,0.041729429710082096,-0.6335386297399084,0.1031723396433041,-0.26285188063019643,-0.37353794087927433
5.871000000000295,-2.871820830832153,0.041466117673579515,-0.6338976776180053,0.10403121932694712,-0.2637056608872537,-0.3448438524688366
5.872000000000296,-2.8717163738981686,0.041201953695932964,-0.6342280246863847,0.10488394704641615,-0.26455544793342267,-0.3161423152282184
5.873000000000296,-2.871611066952281,0.04093694193652266,-0.6345296640020104,0.10573103972073473,-0.26540088937606593,-0.28743430690602695
5.874000000000296,-2.8715049153324053,0.040671086947104945,-0.6348025895648108,0.10657311062017158,-0.2662415601596744,-0.25872075137248224
5.875000000000297,-2.871397923729427,0.04040439372871682,-0.6350467963043741,0.10741083397430888,-0.2670769924338947,-0.23000259310898294
5.876000000000297,-2.8712900961407053,0.04013686776250717,-0.6352622801236785,0.10824491754423403,-0.2679066981451111,-0.20128083913305098
5.877000000000297,-2.8711814358477192,0.039868515020978317,-0.6354490379734591,0.10907608140878092,-0.2687301858955717,-0.17255657988619993
5.878000000000298,-2.8710719454123312,0.03959934196472661,-0.6356070679402395,0.10990504170748502,-0.2695469733110907,-0.14383099669861618
5.879000000000298,-2.8709616266872175,0.0393293555286584,-0.635736369337305,0.11073249838899532,-0.2703565959035518,-0.11510536088975007
5.880000000000298,-2.870850480836852,0.03905856310077784,-0.6358369427920543,0.11155912621238664,-0.2711586132095458,-0.08638102787704995
5.881000000000299,-2.8707385083661183,0.03878697249594573,-0.6359087903259337,0.11238556838664647,-0.27195261282447863,-0.05765942853602543
5.882000000000299,-2.870625709154171,0.03851459192645649,-0.6359519154249998,0.11321243233671033,-0.27273821282364896,-0.028942059290084202
5.883000000000299,-2.8705120824916435,0.0382414299708419,-0.6359663231003505,0.11404028716691782,-0.2735150629603872,-0.00023047188643754088
5.8840000000003,-2.8703976271199156,0.037967495536669275,-0.6359520199659524,0.1148696619030651,-0.2742828583450642,0.028473627669096162
5.8850000000003,-2.870282341272392,0.03769279779236738,-0.6359090145773055,0.11570104353176296,-0.275041379061736,0.057168063899025165
5.8860000000003,-2.870166222715235,0.037417346110237046,-0.6358373177570285,0.11653487914167247,-0.275790448172287,0.08585053575671125
5.887000000000301,-2.8700492687868846,0.037141150019903243,-0.6357369426328614,0.11737157771834442,-0.27652991684682837,0.11451873546976124
5.888000000000301,-2.8699314764351573,0.03686421918637246,-0.635607904640911,0.11821151181564751,-0.27725966293468773,0.14317035534526545
5.889000000000301,-2.8698128422527276,0.036586563384115575,-0.6354502215225406,0.11905501950728282,-0.27797958941352297,0.1718030936850233
5.890000000000302,-2.869693362510565,0.036308192472735874,-0.6352639133157637,0.11990240651552271,-0.2786896227814595,0.20041465987571844
5.891000000000302,-2.869573033189182,0.03602911637425412,-0.6350490023419292,0.12075394843726146,-0.27938971144043184,0.229002778728268
5.892000000000302,-2.8694518500076356,0.035749345052000746,-0.6348055131884095,0.12160989300627624,-0.28007982410547344,0.2575651941451474
5.893000000000303,-2.869329808450265,0.035468888491076066,-0.6345334726879251,0.12247046234582443,-0.28075994826426093,0.2860996721938222
5.894000000000303,-2.8692069037911945,0.03518775668031938,-0.6342329098950614,0.12333585517788224,-0.28143008870318637,0.3146040036605703
5.895000000000303,-2.8690831311166614,0.0349059595957148,-0.6339038560604624,0.12420624896494716,-0.2820902661101146,0.3430760061533871
5.896000000000304,-2.868958485345239,0.03462350718515385,-0.6335463446031208,0.12508180196781812,-0.2827405157593737,0.3715135258162706
5.897000000000304,-2.8688329612460484,0.034340409354471226,-0.6331604110811246,0.1259626552085101,-0.28338088628110225,0.3999144387106286
5.898000000000304,-2.8687065534550626,0.034056675954669303,-0.6327460931611686,0.12684893433177333,-0.28401143851456434,0.428276651913209
5.899000000000305,-2.8685792564895918,0.033772316770248376,-0.6323034305870896,0.12774075136184468,-0.284632244443227,0.45659810437408554
5.900000000000305,-2.868451064761074,0.03348734150856242,-0.6318324651476496,0.12863820635327736,-0.28524338620810463,0.48487676757293546
5.901000000000305,-2.86832197258626,0.0332017597901243,-0.6313332406437477,0.12954138893615819,-0.2858449551949642,0.5131106460072072
5.902000000000306,-2.868191974196911,0.032915581139788944,-0.6308058028552166,0.13045037975686963,-0.28643705119034674,0.5412977775417729
5.903000000000306,-2.868061063748104,0.03262881497874844,-0.6302501995073265,0.13136525181589986,-0.28701978160089703,0.5694362336463077
5.904000000000306,-2.867929235325252,0.03234147061727862,-0.6296664802370993,0.13228607170413112,-0.28759326073013164,0.5975241195438682
5.905000000000307,-2.867796482949935,0.0320535572481827,-0.6290546965595079,0.13321290073860775,-0.2881576091064465,0.6255595742919461
5.906000000000307,-2.8676628005846503,0.03176508394088412,-0.6284149018336218,0.13414579599804297,-0.288712952855813,0.6535407708155814
5.907000000000307,-2.867528182136573,0.03147605963612726,-0.6277471512287349,0.13508481125729258,-0.2892594231121795,0.6814659159108993
5.908000000000308,-2.8673926214604375,0.03118649314125202,-0.6270515016904972,0.13602999781871894,-0.28979715545803114,0.709333250236646
5.909000000000308,-2.8672561123606384,0.030896393126016317,-0.6263280119070539,0.13698140523678828,-0.2903262893868052,0.7371410483108857
5.910000000000308,-2.8671186485926605,0.03060576811894915,-0.6255767422751786,0.13793908193038137,-0.29084696777785396,0.7648876185299672
5.911000000000309,-2.8669802238639637,0.030314626504226914,-0.6247977548663682,0.13890307567513124,-0.29135933637331823,0.7925713032270951
5.912000000000309,-2.8668408318344296,0.0300229765190771,-0.6239911133928534,0.1398734339656107,-0.29186354324454694,0.8201904787883442
5.913000000000309,-2.8667004661165243,0.02973082625172702,-0.6231568831734552,0.140850204234344,-0.2923597382334746,0.8477435558446476
5.91400000000031,-2.866559120275317,0.029438183639930997,-0.6222951310992046,0.14183343391138303,-0.29284807235155014,0.8752289795591307
5.91500000000031,-2.8664167878285287,0.0291450564701288,-0.6214059255986187,0.1428231703045389,-0.2933286971152767,0.9026452300300627
5.91600000000031,-2.8662734622468,0.02885145237731092,-0.6204893366025065,0.1438194602762792,-0.29380176379306006,0.9299908228305673
5.917000000000311,-2.8661291369543953,0.028557378845694342,-0.6195454355081585,0.14482234968879795,-0.2942674225327623,0.9572643097069485
5.918000000000311,-2.865983805330593,0.028262843210346108,-0.6185742951427491,0.1458318825838958,-0.29472582133305786,0.9844642794578828
5.919000000000311,-2.8658374607120427,0.027967852659932315,-0.6175759897257596,0.14684810005922325,-0.29517710481443304,1.0115893590166243
5.920000000000312,-2.8656900963964196,0.02767241424081843,-0.6165505948302092,0.1478710387974454,-0.29562141273770826,1.0386382147574855
5.921000000000312,-2.86554170564774,0.02737653486280276,-0.6154981873424594,0.14890072920056896,-0.29605887820995325,1.065609554045931
5.922000000000312,-2.8653922817037643,0.02708022130682855,-0.6144188454203388,0.14993719307907805,-0.29648962551097546,1.0925021270482373
5.923000000000313,-2.8652418177859498,0.026783480235088572,-0.6133126484493242,0.150980440846457,-0.2969137674707954,1.119314728811461
5.924000000000313,-2.865090307112478,0.026486318204003295,-0.6121796769965053,0.15203046817713411,-0.29733140233432076,1.1460462016169783
5.925000000000313,-2.8649377429148997,0.026188741680607516,-0.6110200127620607,0.15308725210464644,-0.2977426100716091,1.1726954376007888
5.926000000000314,-2.864784118458953,0.025890757062898256,-0.6098337385279881,0.15415074657419953,-0.2981474481431447,1.1992613816210957
5.927000000000314,-2.8646294270700685,0.025592370704641324,-0.6086209381038563,0.1552208775301454,-0.29854594682793995,1.225743034338942
5.928000000000314,-2.8644736621639337,0.02529358894494573,-0.6073816962693919,0.15629753772743016,-0.29893810439258894,1.252139455462459
5.929000000000315,-2.8643168172822318,0.02499441814250952,-0.6061160987137626,0.15738058162024074,-0.29932388264815124,1.278449767092335
5.930000000000315,-2.864158886133201,0.02469486471371075,-0.6048242319714963,0.1584698209072441,-0.2997032038235845,1.3046731570985215
5.931000000000315,-2.863999862635952,0.02439493517256253,-0.6035061833550355,0.15956502158467226,-0.30007595015131955,1.330808882456155
5.932000000000316,-2.8638397409665073,0.024094636168941436,-0.6021620408840099,0.16066590361276137,-0.3004419679898917,1.3568562724615556
5.933000000000316,-2.8636785156023477,0.023793974519600164,-0.6007918932113997,0.16177214440291,-0.300801078426326,1.3828147317039716
5.934000000000316,-2.8635161813611747,0.023492957224801696,-0.5993958295469507,0.16288338708081146,-0.30115309568231985,1.408683742523956
5.935000000000317,-2.863352733428984,0.023191591462897763,-0.5979739395786131,0.16399925368873183,-0.3014978528898743,1.4344628663790513
5.936000000000317,-2.8631881673731137,0.02288988455768942,-0.5965263133918126,0.16511936181735626,-0.301835229509349,1.4601517517757705
5.937000000000317,-2.863022479138915,0.02258784392603698,-0.5950530413602961,0.166243340942553,-0.3021651660703293,1.4857501760412004
5.938000000000318,-2.862855665028724,0.022285476999885277,-0.5935542140331646,0.16737084993386145,-0.30248769188495833,1.5112580004392975
5.939000000000318,-2.8626877216668563,0.021982791136066954,-0.5920299220727613,0.1685015887480089,-0.30280293301237043,1.5366751342574496
5.940000000000318,-2.862518645955628,0.021679793523887502,-0.5904802562163147,0.1696353028221636,-0.30311109777230033,1.5620015150165028
5.941000000000319,-2.8623484350300332,0.02137649111499627,-0.5889053072585686,0.17077178173438648,-0.303412449967924,1.5872370866350252
5.942000000000319,-2.862177086215724,0.021072890582916348,-0.5873051660560248,0.17191085414394885,-0.3037072773343545,1.6123817785567378
5.943000000000319,-2.86200459699299,0.0207689983135268,-0.585679923550414,0.17305238120619434,-0.30399586239415444,1.637435488522147
5.94400000000032,-2.8618309649674503,0.0204648204217254,-0.5840296708069189,0.1741962500477473,-0.30427846025734434,1.6623980704108916
5.94500000000032,-2.861656187846961,0.020160362786379598,-0.5823544990619405,0.17534236806843972,-0.3045552847921185,1.6872693272357677
5.94600000000032,-2.8614802634237826,0.019855631095375914,-0.5806544997756281,0.17649065821383544,-0.30482650234178493,1.712049008428205
5.947000000000321,-2.8613031895610725,0.01955063089400862,-0.5789297646855033,0.17764105504570937,-0.3050922311195425,1.7367368101471754
5.948000000000321,-2.8611249641830194,0.019245367631971197,-0.5771803858587976,0.17879350135407676,-0.3053525442878287,1.7613323773454936
5.949000000000321,-2.8609455852681878,0.01893984670609494,-0.575406455742294,0.17994794508940617,-0.3056074750775189,1.785835306544869
5.950000000000322,-2.860765050845826,0.018634073497410027,-0.5736080672093707,0.1811043364642066,-0.30585702278452415,1.810245148549792
5.951000000000322,-2.860583358995023,0.018328053402053558,-0.5717853136045862,0.18226262513769223,-0.3061011589174727,1.834561410584801
5.952000000000322,-2.8604005078466552,0.01802179185610506,-0.5699382887865528,0.18342275744264908,-0.3063398330980134,1.8587835575381833
5.953000000000323,-2.860216495588085,0.01771529435470991,-0.5680670871700924,0.18458467364063655,-0.30657297853455723,1.882911012136341
5.954000000000323,-2.8600313204705943,0.01740856646595507,-0.566171803768788,0.18574830520536403,-0.3068005170236731,1.9069431539681059
5.955000000000323,-2.859844980819516,0.017101613839964752,-0.5642525342390963,0.18691357213973153,-0.30702236350660367,1.9308793173410497
5.956000000000324,-2.859657475047027,0.01679444221363466,-0.5623093749271783,0.18808038033363175,-0.3072384302425614,1.9547187879946686
5.957000000000324,-2.859468801667564,0.01648705741135406,-0.560342422919566,0.18924861896987608,-0.3074486306705368,1.9784607987279739
5.958000000000324,-2.8592789593158017,0.016179465341993923,-0.5583517760987096,0.19041815798622233,-0.30765288302692967,2.00210452402886
5.959000000000325,-2.8590879467671386,0.015871671992377396,-0.5563375332043446,0.1915888456034854,-0.30785111377312885,2.025649073825238
5.960000000000325,-2.858895762960617,0.015563683417403796,-0.5542997939014843,0.1927605059337444,-0.3080432608683321,2.049093486517655
5.961000000000325,-2.858702407024184,0.015255505726972932,-0.5522386588556519,0.1939329366891258,-0.3082292768999051,2.072436721503429
5.962000000000326,-2.8585078783021816,0.014947145069857337,-0.5501542298157333,0.19510590702078812,-0.3084091320569773,2.0956776514658593
5.963000000000326,-2.8583121763849144,0.014638607614698927,-0.5480466097045142,0.1962791555296516,-0.30858281690291944,2.118815054780476
5.964000000000326,-2.858115301140097,0.014329899528367471,-0.5459159027165724,0.19745238850499325,-0.30875034486900566,2.1418476084837454
5.965000000000327,-2.85791725274592,0.01402102695201363,-0.5437622144226932,0.19862527846384626,-0.30891175435550844,2.164773882356069
5.966000000000327,-2.857718031725383,0.01371199597528172,-0.5415856518793739,0.19979746308234692,-0.30906711028907663,2.1875923347849118
5.967000000000327,-2.8575176389814585,0.013402812609316497,-0.539386323741254,0.20096854462829,-0.30921650494907327,2.2103013111856105
5.968000000000328,-2.8573160758325167,0.013093482759401422,-0.5371643403734865,0.20213809001996902,-0.30936005784472853,2.232899045851275
5.969000000000328,-2.8571133440473235,0.012784012198294387,-0.5349198139601598,0.20330563164681761,-0.3094979144053794,2.2553836681574633
5.970000000000328,-2.856909445878778,0.01247440654156636,-0.5326528586039533,0.20447066908858036,-0.3096302432452884,2.277753214034283
5.971000000000329,-2.8567043840954303,0.012164671226475486,-0.5303635904113462,0.20563267185738535,-0.3097572317911577,2.3000056435072036
5.972000000000329,-2.8564981620097103,0.011854811496092492,-0.5280521275570024,0.20679108325697762,-0.3098790801227812,2.322138864868448
5.973000000000329,-2.856290783501717,0.011544832390494057,-0.5257185903205757,0.20794532540247068,-0.30999599298111014,2.3441507656529232
5.97400000000033,-2.8560822530374272,0.01123473874681697,-0.5233631010892618,0.2090948053717071,-0.3101081700438723,2.3660392500551137
5.97500000000033,-2.855872575680238,0.010924535209778688,-0.5209857843201096,0.210238922368888,-0.31021579474911454,2.3878022817642788
5.97600000000033,-2.8556617570949374,0.010614226253893173,-0.5185867664574823,0.21137707568042957,-0.31031902214390067,2.409437930478968
5.977000000000331,-2.855449803543457,0.010303816218040879,-0.5161661758031455,0.21250867310455063,-0.3104179664213361,2.430944419687059
5.978000000000331,-2.8552367218721293,0.009993309352315724,-0.5137241423391474,0.21363313945556678,-0.31051268895026957,2.4523201727852446
5.979000000000331,-2.8550225194905954,0.009682709876231033,-0.5112607975067253,0.2147499246971521,-0.31060318766511846,2.4735638543807097
5.980000000000332,-2.8548072043429444,0.009372022046511238,-0.508776273947595,0.2158585112581437,-0.31068938864430223,2.494674403752613
5.981000000000332,-2.8545907848721157,0.009061250231932811,-0.5062707052167728,0.21695842013467712,-0.3107711405582404,2.515651057974713
5.982000000000332,-2.8543732699789235,0.008750398992109094,-0.5037442254781703,0.21804921547891998,-0.3108482124270322,2.5364933630585513
5.983000000000333,-2.8541546689773165,0.008439473156816757,-0.501196969195323,0.21913050750370583,-0.31092029482899036,2.557201172543961
5.984000000000333,-2.8539349915475802,0.008128477902472253,-0.4986290708296244,0.22020195367417092,-0.3109870043914475,2.5777746340724907
5.985000000000333,-2.8537142476891546,0.00781741882267241,-0.4960406645574001,0.22126325829093235,-0.3110478911225713,2.598214165459706
5.986000000000334,-2.853492447674581,0.007506301990258182,-0.4934318840152492,0.222314170676736,-0.31110244794459846,2.618520422501641
5.987000000000334,-2.853269602005839,0.007195134009059221,-0.49080286208062607,0.22335448224902502,-0.3111501216843561,2.638694261139181
5.988000000000334,-2.8530457213740323,0.006883922054234256,-0.48815373069195617,0.22438402279169264,-0.31119032476619024,2.6587366966605566
5.989000000000335,-2.852820816623082,0.006572673900850711,-0.48548462070999054,0.22540265623449426,-0.31122244691969997,2.678648862400794
5.990000000000335,-2.8525948987177667,0.006261397940980005,-0.48279566181983885,0.2264102762168385,-0.311245866335073,2.698431969984797
5.991000000000335,-2.852367978716214,0.005950103190082315,-0.4800869824713242,0.22740680166432625,-0.3112599598453661,2.7180872726522534
5.992000000000336,-2.8521400677467437,0.005638799283802037,-0.47735870985402756,0.22839217255124264,-0.31126411186419856,2.737616032680769
5.993000000000336,-2.8519111769888035,0.005327496466498932,-0.4746109699026163,0.229366345967963,-0.3112577219419406,2.757019493449177
5.994000000000336,-2.85168131765766,0.005016205572920179,-0.47184388732771276,0.23032929256405144,-0.31124021091365983,2.776298856291386
5.995000000000337,-2.8514505009924456,0.004704938004402072,-0.469057585667564,0.2312809933983883,-0.31121102569421294,2.79545526199606
5.996000000000337,-2.8512187382471557,0.004393705700904792,-0.466252187356027,0.23222143719769228,-0.3111696428308883,2.814489776606369
5.997000000000337,-2.850986040684189,0.004082521110055416,-0.4634278138027949,0.23315061800372913,-0.31111557095562403,2.8334033810546315
5.998000000000338,-2.850752419570063,0.0037713971542238807,-0.46058458548228637,0.2340685331760219,-0.31104835229197164,2.852196964112223
5.999000000000338,-2.8505178861729634,0.0034603471965002686,-0.4577226220281479,0.23497518170942064,-0.31096756337168757,2.870871318128292
6.000000000000338,-2.850282451761839,0.0031493850062905403,-0.4548420423308333,0.23587056282290217,-0.3108728151066093,2.8894271370560367
6.001000000000339,-2.8500461276067908,0.002838524725108848,-0.4519429646362056,0.23675467477608564,-0.31076375234698356,2.9078650163098216
6.002000000000339,-2.849808924980547,0.0025277808330215422,-0.4490255066435366,0.2376275138720635,-0.310640053040414,2.9261854540505206
6.003000000000339,-2.849570855160856,0.002217168116092491,-0.44608978560165347,0.23848907364404387,-0.31050142270972253,2.944388868296506
6.00400000000034,-2.849331929433359,0.001906701692597049,-0.4431359182548741,0.23933934431775072,-0.3103474955311342,2.962475924835936
6.00500000000034,-2.84909215909611,0.0015963970720531742,-0.4401640205215205,0.2401783112253349,-0.31017783288721923,2.9804475327172346
6.00600000000034,-2.848851555464425,0.0012862701948874308,-0.4371742074501918,0.24100595408401923,-0.30999202445380214,2.9983045085498117
6.007000000000341,-2.8486101298768336,0.0009763374011189079,-0.4341665933235689,0.24182224663032584,-0.3097896906138635,3.016047568630792
6.008000000000341,-2.848367893701303,0.0006666153958755483,-0.43114129175577376,0.2426271561728064,-0.3095704804384742,3.0336773348203554
6.009000000000341,-2.8481248583418886,0.00035712122169893,-0.42809841578395613,0.2434206431369077,-0.3093340697065371,3.051194340201231
6.010000000000342,-2.84788103524586,4.787223280677697e-05,-0.42503807795435256,0.24420266058784226,-0.3090801589714601,3.068599034466136
6.011000000000342,-2.847636435911311,-0.0002611139287358295,-0.4219603904031108,0.2449731537202194,-0.30880847167799,3.0858917889947075
6.012000000000342,-2.8473910718953017,-0.0005698193549869628,-0.4188654649322035,0.24573205930590966,-0.30851875232904385,3.1030729015952034
6.013000000000343,-2.8471449548225785,-0.0008782258922891818,-0.4157534130807738,0.24647930509432228,-0.3082107647002913,3.1201426008969566
6.014000000000343,-2.8468980963949173,-0.0011863151596679985,-0.41262434619226585,0.24721480916214508,-0.30788429009937984,3.1371010503882726
6.015000000000343,-2.8466505084011415,-0.0014940685655107356,-0.4094783754776938,0.2479384792128145,-0.30753912566699876,3.1539483521020126
6.016000000000344,-2.846402202727864,-0.0018014673225668883,-0.4063156120753981,0.24865021182975747,-0.30717508271849625,3.1706845499584495
6.017000000000344,-2.846153191370997,-0.0021084924613111147,-0.4031361671076231,0.2493498916919912,-0.30679198512757216,3.1873096327828763
6.018000000000344,-2.845903486448056,-0.0024151248417135078,-0.399940151734229,0.2500373907662005,-0.3063896677578139,3.203823537024794
6.019000000000345,-2.8456531002112784,-0.0027213451634703627,-0.3967276772038183,0.250712567496132,-0.3059679749536795,3.220226149217047
6.020000000000345,-2.8454020450615367,-0.00302713397476391,-0.39349885490251224,0.25137526601819166,-0.3055267591100995,3.2365173082277128
6.021000000000345,-2.845150333563013,-0.003332471679643173,-0.3902537964005499,0.25202531544152523,-0.30506587934922147,3.25269680737536
6.022000000000346,-2.8448979784585346,-0.003637338544152008,-0.3869926134968034,0.25266252924141436,-0.30458520034381525,3.268764396499498
6.023000000000346,-2.844644992685437,-0.003941714701375882,-0.3837154182611977,0.2532867048260239,-0.30408459133903104,3.2847197841019393
6.024000000000346,-2.8443913893917445,-0.004245580155636761,-0.3804223230748961,0.25389762334742316,-0.3035639254365795,3.300562639699611
6.025000000000347,-2.844137181952381,-0.004548914786135117,-0.3771134406679601,0.254495049836812,-0.30302307921632177,3.3162925965516448
6.026000000000347,-2.8438823839850507,-0.004851698350416746,-0.3737888841540215,0.2550787337487853,-0.3024619327772148,3.3319092549380547
6.027000000000347,-2.843627009365333,-0.005153910488124354,-0.37044876706132546,0.25564840999742094,-0.30188037027919623,3.3474121861665265
6.028000000000348,-2.843371072240468,-0.005455530725570456,-0.36709320335933804,0.25620380055477693,-0.30127828105594606,3.362800937458802
6.029000000000348,-2.843114587041244,-0.005756538481725692,-0.3637223074799848,0.25674461665711984,-0.3006555613416144,3.3780750378096474
6.030000000000348,-2.8428575684913726,-0.006056913076238746,-0.36033619433254155,0.2572705616241704,-0.3000121166098378,3.3932340048126317
6.031000000000349,-2.842600031613761,-0.006356633740072537,-0.3569349793112694,0.2577813342425957,-0.29934786446074574,3.408277352307383
6.032000000000349,-2.842341991733169,-0.006655679629240175,-0.3535187782951157,0.25827663260123657,-0.298662737915682,3.4232045985321755
6.033000000000349,-2.8420834644748796,-0.006954029841944895,-0.35008770763920943,0.2587561582005769,-0.29795668889999066,3.438015274286391
6.03400000000035,-2.841824465759222,-0.007251663439174137,-0.3466418841584543,0.2592196201045921,-0.29722969162639995,3.4527089304544956
6.03500000000035,-2.8415650117920346,-0.007548559468489299,-0.343181425104222,0.25966673887229197,-0.29648174555259815,3.46728514415821
6.03600000000035,-2.8413051190514125,-0.00784469699042577,-0.33970644813588097,0.26009725000940864,-0.2957128775915427,3.4817435228231814
6.037000000000351,-2.841044804271334,-0.008140055106620567,-0.3362170712895485,0.2605109067217901,-0.2949231433090791,3.4960837055892027
6.038000000000351,-2.8407840844229444,-0.00843461298856684,-0.3327134129469056,0.2609074818263604,-0.29411262694595985,3.510305361748539
6.039000000000351,-2.8405229766943583,-0.008728349905794618,-0.3291955918070694,0.2612867687697813,-0.2932814402334553,3.5244081862243544
6.040000000000352,-2.8402614984698773,-0.009021245252313344,-0.325663726864334,0.26164858180101275,-0.29242972010833684,3.538391892438422
6.041000000000352,-2.8399996673093932,-0.009313278570315787,-0.3221179373940958,0.2619927554239754,-0.2915576255479691,3.5522562031985996
6.042000000000352,-2.8397375009286288,-0.009604429570403,-0.3185583429485494,0.26231914330796463,-0.29066533381999604,3.5660008404120536
6.043000000000353,-2.839475017180653,-0.009894678147900467,-0.3149850633628996,0.2626276168519622,-0.2897530364654124,3.579625514478447
6.044000000000353,-2.8392122340389285,-0.010184004395147397,-0.31139821877200796,0.2629180635880028,-0.2888209353123737,3.593129914147419
6.045000000000353,-2.8389491695819746,-0.010472388609914424,-0.30779792963667946,0.2631903855770206,-0.287869238763308,3.606513697468678
6.046000000000354,-2.838685841979593,-0.01075981130031344,-0.30418431677826563,0.26344449790863567,-0.2868981585258368,3.6197764842629376
6.047000000000354,-2.838422269480512,-0.011046253186697589,-0.3005575014199349,0.26368032737349356,-0.2859079068837512,3.6329178503375257
6.048000000000354,-2.8381584704012655,-0.011331695201112558,-0.29691760523283,0.26389781133951606,-0.2848986945388701,3.64593732349128
6.049000000000355,-2.83789446311609,-0.011616118484865018,-0.2932647503853599,0.26409689683502996,-0.2838707290040906,3.658834381215591
6.050000000000355,-2.8376302660476425,-0.011899504384735969,-0.2895990595940172,0.2642775398228356,-0.2828242134939763,3.671608449906727
6.051000000000355,-2.837365897658362,-0.012181834448302488,-0.2859206561743245,0.2644397046387498,-0.28175934624039395,3.6842589053549375
6.052000000000356,-2.837101376442323,-0.012463090418754295,-0.2822296640907569,0.2645833635641016,-0.28067632015394045,3.696785074259949
6.053000000000356,-2.83683672091746,-0.0127432542295124,-0.2785262080047385,0.26470849650202355,-0.2795753227536991,3.709186236530563
6.054000000000356,-2.8365719496180763,-0.013022307998882586,-0.2748104133200391,0.2648150907303761,-0.2784565362949788,3.7214616281491204
6.055000000000357,-2.8363070810875737,-0.013300234024910786,-0.27108240622510454,0.26490314070839643,-0.27732013803453104,3.733610444412249
6.056000000000357,-2.8360421338713513,-0.013577014780552019,-0.267342313732024,0.2649726479187344,-0.2761663005834391,3.7456318433922946
6.057000000000357,-2.8357771265098526,-0.013852632909220026,-0.26359026371197836,0.2650236207308601,-0.27499519230822056,3.7575249494956493
6.058000000000358,-2.8355120775317433,-0.014127071220749873,-0.25982638492712296,0.26505607427559646,-0.27380697774999824,3.7692888570228718
6.059000000000358,-2.8352470054472114,-0.014400312687779842,-0.25605080705893896,0.26507003032364046,-0.27260181803956063,3.780922633660104
6.060000000000358,-2.834981928741387,-0.014672340442540028,-0.2522636607331498,0.2650655171633878,-0.27137987129269076,3.7924253238516514
6.061000000000359,-2.8347168658678896,-0.014943137774022315,-0.24846507754133895,0.2650425694752357,-0.27014129297537315,3.8037959520199416
6.062000000000359,-2.8344518352424974,-0.015212688125497966,-0.2446551900594331,0.2650012282008955,-0.2688862362325438,3.81503352561181
6.063000000000359,-2.8341868552369576,-0.015480975092344525,-0.2408341318632312,0.2649415404071982,-0.2676148521771163,3.826137037959804
6.06400000000036,-2.8339219441729275,-0.015747982420141537,-0.2370020375411664,0.26486355914451365,-0.2663272901382735,3.837105470954387
6.06500000000036,-2.8336571203160674,-0.016013694002994495,-0.23315904270449017,0.26476734330030094,-0.2650236978696293,3.8479377975281635
6.06600000000036,-2.8333924018702747,-0.016278093882047685,-0.22930528399506436,0.26465295744853123,-0.26370422171897884,3.858632983956865
6.067000000000361,-2.8331278069720773,-0.016541166244148562,-0.22544089909094067,0.26452047169582416,-0.26236900676208785,3.8691899919842827
6.068000000000361,-2.8328633536851755,-0.016802895420629235,-0.22156602670990003,0.2643699615251533,-0.26101819690341965,3.879607780779853
6.069000000000361,-2.8325990599951467,-0.017063265886173407,-0.21768080661111372,0.2642015076379366,-0.2596519349469353,3.889885308738444
6.070000000000362,-2.832334943804306,-0.017322262257740535,-0.2137853795950798,0.26401519579525295,-0.25827036264018854,3.9000215351322476
6.071000000000362,-2.8320710229267236,-0.017579869293522055,-0.20987988750197709,0.26381111665883555,-0.2568736206949198,3.910015421624676
6.072000000000362,-2.831807315083406,-0.017836071891907737,-0.2059644732085706,0.2635893656323929,-0.25546184878725886,3.919865933655941
6.073000000000363,-2.831543837897631,-0.0180908550904433,-0.20203928062379123,0.2633500427037112,-0.25403518554050974,3.9295720417095743
6.074000000000363,-2.831280608890445,-0.018344204064763264,-0.19810445468310517,0.2630932522878991,-0.2525937684933229,3.939132722468666
6.075000000000363,-2.8310176454763085,-0.018596104127485732,-0.19416014134177842,0.26281910307205025,-0.25113773405587464,3.9485469598700345
6.076000000000364,-2.830754964958905,-0.018846540727058388,-0.19020648756713515,0.26252770786152685,-0.24966721745648618,3.9578137460639677
6.077000000000364,-2.830492584527097,-0.01909549944654726,-0.1862436413299005,0.26221918342800177,-0.24818235268092237,3.966932082286596
6.0780000000003644,-2.8302305212510355,-0.019342966002361947,-0.18227175159471193,0.2618936503593449,-0.2466832724064249,3.9759009796513833
6.079000000000365,-2.829968792078418,-0.01958892624291305,-0.17829096830987703,0.26155123291139687,-0.2451701079323555,3.9847194598656968
6.080000000000365,-2.829707413830893,-0.01983336614719923,-0.1743014423964499,0.26119205886163954,-0.24364298910915308,3.993386555877888
6.0810000000003654,-2.8294464032006106,-0.020076271823323045,-0.17030332573669313,0.26081625936474984,-0.24210204426714765,4.001901312459849
6.082000000000366,-2.8291857767469177,-0.02031762950693608,-0.1662967711619875,0.26042396881000585,-0.24054740014662115,4.010262786729576
6.083000000000366,-2.8289255508931936,-0.020557425559615282,-0.1622819324402474,0.2600153246805061,-0.2389791818303629,4.018470048617836
6.0840000000003664,-2.8286657419238246,-0.020795646467173558,-0.1582589642628961,0.2595904674141592,-0.23739751267983353,4.026522181282721
6.085000000000367,-2.828406365981319,-0.02103227883790875,-0.15422802223145063,0.2591495402664033,-0.23580251427592602,4.034418281475478
6.086000000000367,-2.8281474390635566,-0.021267309400796037,-0.15018926284376447,0.25869268917462057,-0.2341943063651961,4.042157459860745
6.0870000000003675,-2.8278889770211757,-0.02150072500362957,-0.14614284347997103,0.2582200626242223,-0.23257300681232376,4.0497388412940385
6.088000000000368,-2.8276309955550887,-0.02173251261112003,-0.1420889223881703,0.257731811516392,-0.23093873155946723,4.0571615650591095
6.089000000000368,-2.827373510214133,-0.021962659302955143,-0.13802765866989702,0.25722808903748856,-0.22929159459307244,4.064424785067546
6.0900000000003685,-2.8271165363928494,-0.022191152271830973,-0.13395921226540716,0.2567090505301278,-0.22763170791861295,4.071527670022847
6.091000000000369,-2.826860089329392,-0.022417978821462067,-0.1298837439388173,0.25617485336597684,-0.22595918154364986,4.078469403550997
6.092000000000369,-2.8266041841035587,-0.022643126364578922,-0.12580141526312932,0.2556256568203124,-0.2242741234695225,4.085249184299445
6.0930000000003695,-2.826348835634951,-0.022866582420921586,-0.1217123886051712,0.25506162194841303,-0.22257663969190566,4.091866226006248
6.09400000000037,-2.8260940586812553,-0.023088334615238296,-0.11761682711048281,0.25448291146386876,-0.22086683421039943,4.0983197575410495
6.09500000000037,-2.825839867836644,-0.023308370675298257,-0.11351489468817429,0.25388968961890995,-0.2191448090472515,4.104609022919444
6.0960000000003705,-2.825586277530296,-0.023526678429927735,-0.10940675599578249,0.25328212208687,-0.21741066427525058,4.110733281292219
6.097000000000371,-2.8253333020250326,-0.023743245807078598,-0.10529257642415038,0.2526603758469103,-0.21566449805477048,4.116691806910875
6.098000000000371,-2.825080955416069,-0.023958060831938466,-0.10117252208235206,0.25202461907114737,-0.21390640667989116,4.122483889070787
6.0990000000003715,-2.8248292516298767,-0.024171111625091436,-0.09704675978268527,0.2513750210143311,-0.2121364846334715,4.128108832033281
6.100000000000372,-2.8245782044231538,-0.02438238640073831,-0.0929154570257519,0.25071175190623257,-0.21035482465100136,4.133565954927902
6.101000000000372,-2.824327827381904,-0.024591873464984936,-0.08877878198564544,0.2500349828469038,-0.2085615177930168,4.1388545916360755
6.1020000000003725,-2.8240781339206165,-0.02479956121420717,-0.08463690349526384,0.2493448857049778,-0.20675665352582134,4.143974090657332
6.103000000000373,-2.823829137281546,-0.025005438133500563,-0.08048999103176407,0.24864163301917785,-0.20494031981021918,4.148923814959267
6.104000000000373,-2.8235808505340927,-0.025209492795222648,-0.07633821470217461,0.24792539790320536,-0.2031126031979314,4.153703141812335
6.1050000000003735,-2.8233332865742713,-0.025411713857635337,-0.07218174522918007,0.24719635395417366,-0.20127358893533628,4.158311462610595
6.106000000000374,-2.8230864581242727,-0.02561209006365457,-0.06802075393709177,0.24645467516475153,-0.19942336107414635,4.162748182679471
6.107000000000374,-2.82284037773211,-0.025810610239713896,-0.06385541273801654,0.24570053583917392,-0.19756200258860962,4.167012721071605
6.1080000000003745,-2.822595057771347,-0.02600726329474836,-0.05968589411823514,0.2449341105132704,-0.19568959549880188,4.171104510351803
6.109000000000375,-2.822350510440908,-0.026202038219304547,-0.05551237112480083,0.24415557387865283,-0.19380622099955658,4.175022996372135
6.110000000000375,-2.822106747764953,-0.02639492408478214,-0.05133501735236724,0.24336510071119352,-0.1919119595945641,4.178767638038151
6.1110000000003755,-2.82186378159283,-0.02658591004281198,-0.047154006930254136,0.2425628658039133,-0.19000689123515807,4.182337907067215
6.112000000000376,-2.8216216235990914,-0.026774985324775052,-0.042969514509758285,0.2417490439043865,-0.18809109546329592,4.185733287739906
6.113000000000376,-2.8213802852835643,-0.02696213924146632,-0.03878171525171607,0.24092380965675594,-0.18616465155823267,4.188953276645433
6.1140000000003765,-2.821139777971485,-0.02714736118290688,-0.034590784814323226,0.24008733754843728,-0.1842276386863813,4.191997382421984
6.115000000000377,-2.820900112813678,-0.027330640618307336,-0.03039689934121639,0.23923980186157642,-0.18228013605384866,4.194865125492905
6.116000000000377,-2.8206613007867842,-0.027511967096184867,-0.026200235449820176,0.23838137662930908,-0.18032222306113493,4.19755603779961
6.1170000000003775,-2.8204233526935294,-0.027691330244635808,-0.0220009702199626,0.23751223559685558,-0.17835397945948456,4.200069662532065
6.118000000000378,-2.8201862791630306,-0.027868719771765228,-0.017799281182760855,0.23663255218746881,-0.176375485508378,4.2024055538577105
6.119000000000378,-2.8199500906511323,-0.028044125466274356,-0.013595346309778624,0.23574249947323792,-0.17438682213365728,4.204563276649641
6.1200000000003785,-2.81971479744077,-0.028217537198206206,-0.009389344002455183,0.2348422501507341,-0.1723880710857826,4.206542406214857
6.121000000000379,-2.819480409642356,-0.02838894491984936,-0.00518145308180591,0.23393197652147157,-0.1703793150977233,4.208342528023383
6.122000000000379,-2.819246937194183,-0.028558338666799188,-0.0009718527783928862,0.23301185047714082,-0.16836063804199164,4.209963237439042
6.1230000000003795,-2.8190143898628373,-0.028725708559175545,0.0032392772774364276,0.2320820434895581,-0.166332125086337,4.211404139452643
6.12400000000038,-2.8187827772436247,-0.02889104480299523,0.007451757065045246,0.2311427266052619,-0.16429386284762346,4.212664848418351
6.12500000000038,-2.8185521087609944,-0.02905433769169724,0.011665406182741787,0.23019407044467338,-0.16224593954342384,4.213744987793976
6.1260000000003805,-2.8183223936689643,-0.029215577607818274,0.01588004385675618,0.22923624520572722,-0.16018844514087005,4.2146441898859335
6.127000000000381,-2.818093641051539,-0.02937475502481555,0.020095488949964983,0.22826942067186604,-0.15812147150230857,4.215362095599604
6.128000000000381,-2.8178658598231214,-0.02953186050903344,0.02431155997036906,0.22729376622428216,-0.1560451125273183,4.215898354195813
6.1290000000003815,-2.8176390587289033,-0.029686884721810164,0.028528075079331333,0.22630945085827922,-0.15395946429065632,4.21625262305418
6.130000000000382,-2.817413246345244,-0.029839818421720204,0.03274485209958162,0.22531664320361652,-0.15186462517570465,4.216424567444025
6.131000000000382,-2.817188431080024,-0.02999065246694773,0.03696170852299646,0.22431551153224427,-0.14976069604994283,4.216413860099231
6.1320000000003825,-2.8169646211734145,-0.030139377819052765,0.041178461514215295,0.22330622287281865,-0.14764778299963832,4.216220169649709
6.133000000000383,-2.8167418246995686,-0.030285985549574353,0.04539492789751234,0.22228894215184675,-0.14552600000619356,4.215843149337487
6.134000000000383,-2.816520049567827,-0.03043046684548435,0.04961092415230424,0.22126383392102286,-0.1433954642325918,4.215282457850843
6.1350000000003835,-2.816299303523156,-0.03057281301264571,0.0538262664206106,0.2202310625940134,-0.14125629555689573,4.214537761613141
6.136000000000384,-2.8160795941461396,-0.030713015478217958,0.05804077051468991,0.2191907924851934,-0.13910861667292984,4.213608734584236
6.137000000000384,-2.8158609288530574,-0.030851065793520295,0.06225425192448392,0.21814318785131026,-0.1369525531835556,4.212495058076044
6.1380000000003845,-2.8156433148959197,-0.030986955636984156,0.06646652582488496,0.21708841293584677,-0.1347882336861764,4.211196420582955
6.139000000000385,-2.8154267593624596,-0.0311206768171872,0.0706774070828414,0.21602663201584635,-0.13261578985011968,4.209712517627703
6.140000000000385,-2.8152112691760727,-0.031252221275960494,0.07488671026431684,0.21495800945095195,-0.13043535648555543,4.208043051623314
6.1410000000003855,-2.8149968510957124,-0.031381581091560244,0.07909424964111973,0.21388270973440027,-0.1282470716036227,4.206187731751716
6.142000000000386,-2.814783511715727,-0.03150874848189514,0.08329983919762,0.21280089754570003,-0.12605107646744845,4.204146273859542
6.143000000000386,-2.814571257465648,-0.03163371580779995,0.0875032926373704,0.21171273780471084,-0.12384751563375912,4.201918400371628
6.1440000000003865,-2.8143600946099223,-0.03175647557634605,0.09170442338965036,0.2106183957268251,-0.12163653698479912,4.199503840222653
6.145000000000387,-2.814150029247589,-0.03187702044417875,0.0959030446159507,0.209518036878941,-0.11941829175028978,4.196902328807287
6.146000000000387,-2.8139410673118994,-0.031995343220871615,0.1000989692164179,0.20841182723589866,-0.11719293451917984,4.194113607949158
6.1470000000003875,-2.813733214569881,-0.03211143687228727,0.10429200983627684,0.20729993323703533,-0.11496062324095956,4.191137425888865
6.148000000000388,-2.8135264766218455,-0.03222529452393422,0.10848197887225121,0.20618252184249788,-0.11272151921633276,4.187973537291136
6.149000000000388,-2.8133208589008385,-0.03233690946430894,0.11266868847900048,0.20505976058893283,-0.11047578707706475,4.184621703271182
6.1500000000003885,-2.8131163666720376,-0.032446275148212404,0.116851950575593,0.20393181764415533,-0.10822359475484934,4.181081691440104
6.151000000000389,-2.812913005032094,-0.03255338520002979,0.12103157685203383,0.20279886186037946,-0.10596511343906573,4.1773532759691525
6.152000000000389,-2.812710778908422,-0.03265823341696245,0.12520737877586613,0.2016610628255724,-0.10370051752332367,4.173436237672425
6.1530000000003895,-2.812509693058438,-0.0327608137722008,0.12937916759886423,0.20051859091247545,-0.1014299845407253,4.169330364107486
6.15400000000039,-2.812309752068755,-0.03286112041802671,0.13354675436383603,0.1993716173248155,-0.09915369508780277,4.165035449693179
6.15500000000039,-2.8121109603543273,-0.03295914768883424,0.13770994991155153,0.19822031414021102,-0.09687183273712176,4.160551295843758
6.1560000000003905,-2.811913322157558,-0.03305489010405732,0.14186856488781294,0.1970648543492581,-0.09458458393857333,4.15587771111823
6.157000000000391,-2.8117168415473692,-0.03314834237099307,0.1460224097506815,0.19590541189026484,-0.09229213790940827,4.151014511383627
6.158000000000391,-2.8115215224182366,-0.03323949938750949,0.15017129477787386,0.19474216167908462,-0.0899946865131003,4.1459615199906885
6.1590000000003915,-2.8113273684892026,-0.03332835624462662,0.15431503007433944,0.1935752796334856,-0.08769242412715589,4.140718567960225
6.160000000000392,-2.811134383302863,-0.03341490822895992,0.15845342558002892,0.19240494269147862,-0.08538554750001902,4.13528549417817
6.161000000000392,-2.8109425702243405,-0.03349915082501522,0.16258629107786107,0.19123132882301652,-0.08307425559724887,4.129662145597117
6.1620000000003925,-2.810751932440251,-0.033581079717324575,0.16671343620189344,0.1900546170344685,-0.08075874943717667,4.123848377441859
6.163000000000393,-2.8105624729576677,-0.033660690792412566,0.17083467044569936,0.18887498736526867,-0.0784392319162739,4.117844053416199
6.164000000000393,-2.8103741946030927,-0.03373798014058299,0.1749498031709512,0.1876926208761363,-0.07611590762448937,4.111649045908058
6.1650000000003935,-2.8101871000214476,-0.03381294405751595,0.17905864361620663,0.18650769962826794,-0.07378898265083485,4.1052632361896055
6.166000000000394,-2.8100011916750853,-0.03388557904566576,0.18316100090589085,0.18532040665290916,-0.07145866437951953,4.098686514608931
6.167000000000394,-2.809816471842842,-0.03395588181545046,0.18725668405946502,0.18413092591072744,-0.06912516127695296,4.091918780769481
6.1680000000003945,-2.809632942619128,-0.03402384928622378,0.191345502000766,0.18293944224042624,-0.06678868266995297,4.08495994369326
6.169000000000395,-2.8094506059130886,-0.03408947858702122,0.1954272635674997,0.18174614129606936,-0.06444943851551167,4.077809921963592
6.170000000000395,-2.8092694634478157,-0.034152767057071695,0.19950177752086506,0.18055120947261868,-0.062107639162488466,4.0704686438429984
6.1710000000003955,-2.809089516759656,-0.034213712246067014,0.20356885255528143,0.17935483381923656,-0.059763495105615676,4.06293604736163
6.172000000000396,-2.8089107671976032,-0.03427231191418176,0.20762829730818785,0.17815720193996054,-0.05741721673222133,4.055212080371549
6.173000000000396,-2.8087332159227985,-0.03432856403183634,0.2116799203698776,0.17695850188143133,-0.055069014062095606,4.047296700562122
6.1740000000003965,-2.8085568639081497,-0.03438246677919672,0.21572353029332647,0.175758922007442,-0.052719096480956115,4.039189875431819
6.175000000000397,-2.8083817119380825,-0.03443401854540457,0.2197589356039695,0.17455865086018396,-0.05036767246800391,4.030891582211845
6.176000000000397,-2.808207760608439,-0.0344832179275323,0.22378594480937508,0.1733578770081938,-0.048014949318110386,4.022401807737353
6.1770000000003975,-2.8080350103265284,-0.03453006372925775,0.22780436640876267,0.17215678888115915,-0.045661132859240054,4.013720548262402
6.178000000000398,-2.8078634613113604,-0.03457455495925433,0.23181400890230602,0.17095557459192517,-0.04330642716579768,4.004847809215566
6.179000000000398,-2.807693113594051,-0.03461669082929268,0.23581468080016124,0.1697544217462596,-0.040951034268699074,3.9957836048940316
6.1800000000003985,-2.8075239670184313,-0.03465647075205123,0.23980619063115785,0.16855351724118897,-0.038595153863105754,3.9865279580953517
6.181000000000399,-2.807356021241864,-0.034693894338633756,0.24378834695109072,0.16735304705301463,-0.03623898301494338,3.9770808996877753
6.182000000000399,-2.807189275736268,-0.034728961395793415,0.24776095835055287,0.16615319601645995,-0.03388271586754934,3.967442468122276
6.1830000000003995,-2.807023729789382,-0.03476167192286416,0.2517238334622533,0.16495414759679153,-0.03152654335007306,3.95761270889228
6.1840000000004,-2.806859382506242,-0.034792026108402284,0.2556767809677724,0.16375608365720115,-0.02917065288959102,3.9475916739505905
6.1850000000004,-2.8066962328109053,-0.03482002432654286,0.2596196096037184,0.16255918422422874,-0.02681522812930397,3.937379421097352
6.1860000000004005,-2.806534279448402,-0.03484566713307871,0.2635521281672647,0.16136362725454934,-0.024460448655660275,3.9269760133580633
6.187000000000401,-2.8063735209869205,-0.03486895526127224,0.26747414552107085,0.1601695884070273,-0.022106489737798163,3.916381518376768
6.188000000000401,-2.8062139558202155,-0.0348898896174147,0.2713854705976171,0.1589772408245474,-0.019753522083316398,3.9055960078565906
6.1890000000004015,-2.806055582170226,-0.03490847127615125,0.2752859124030194,0.15778675493073993,-0.017401711615056596,3.894619557087675
6.190000000000402,-2.8058983980898877,-0.0349247014755956,0.27917528002043634,0.15659829824729535,-0.015051219274286988,3.8834522446111666
6.191000000000402,-2.8057424014661163,-0.03493858161226359,0.28305338261323126,0.15541203523806782,-0.012702200856383426,3.872094152076768
6.1920000000004025,-2.8055875900229283,-0.034950113235861516,0.28692002942811606,0.15422812718654239,-0.010354806885753569,3.8605453643601337
6.193000000000403,-2.8054339613246664,-0.03495929804397208,0.29077502979857317,0.15304673211341874,-0.008009182537273594,3.848805970014069
6.194000000000403,-2.8052815127792847,-0.03496613787668813,0.29461819314892823,0.15186800474097079,-0.005665467611809567,3.8368760621332108
6.1950000000004035,-2.805130241641642,-0.034970634711252196,0.29844932899952864,0.15069209651039306,-0.0033237965733654787,3.824755739714135
6.196000000000404,-2.8049801450167493,-0.03497279065676686,0.3022682469735633,0.1495191556574683,-0.0009842986549086306,3.8124451095901692
6.197000000000404,-2.804831219862914,-0.03497260794904782,0.30607475680613416,0.14834932735052597,0.0013529019611591819,3.7999442890107162
6.1980000000004045,-2.80468346299471,-0.03497008894569643,0.309868668356252,0.1471827538927821,0.003687685883708243,3.7872534089170253
6.199000000000405,-2.804536871085713,-0.034965236121471566,0.3136497916224679,0.14601957498878101,0.00601993817317108,3.774372617938582
6.200000000000405,-2.804391440670946,-0.03495805206404063,0.3174179367628576,0.14485992807189163,0.008349547923208174,3.761302087096005
6.2010000000004055,-2.804247168148958,-0.03494853947018562,0.32117291412003784,0.14370394868681072,0.010676407769649262,3.748042015147952
6.202000000000406,-2.8041040497835077,-0.034936701142532174,0.3249145342518051,0.14255177091804208,0.013000413337232671,3.7345926344630684
6.203000000000406,-2.803962081704793,-0.03492253998685642,0.32864260796783634,0.14140352785266083,0.015321462639460227,3.720954217237303
6.2040000000004065,-2.803821259910209,-0.0349060590100071,0.3323569463726824,0.14025935206367235,0.01763945545138504,3.7071270818177133
6.205000000000407,-2.8036815802646187,-0.034887261318458485,0.33605736091501975,0.13911937609924624,0.01995429267880134,3.693111598843401
6.206000000000407,-2.803543038500138,-0.0348661501174851,0.33974366344281753,0.1379837329632703,0.022265875749544844,3.6789081968803705
6.2070000000004075,-2.8034056302154493,-0.03484272871092323,0.34341566626374753,0.13685255657410436,0.024574106052959913,3.664517367217187
6.208000000000408,-2.8032693508746704,-0.03481700050145875,0.3470731822098372,0.1357259821910083,0.02687888445175478,3.6499396675075992
6.209000000000408,-2.8031341958058187,-0.03478896899135848,0.35071602470507596,0.13460414680117241,0.02918011088643313,3.6351757239965665
6.2100000000004085,-2.8030001601989074,-0.034758637783545106,0.35434400783445824,0.1334871894641389,0.031477684086560015,3.6202262321448546
6.211000000000409,-2.802867239103718,-0.03472601058290453,0.3579569464128102,0.13237525161414176,0.03377150139588821,3.6050919555675507
6.212000000000409,-2.802735427427292,-0.03469109119771174,0.3615546560517178,0.13126847732401184,0.03606145871064278,3.5897737233128995
6.2130000000004095,-2.802604719931172,-0.034653883541065265,0.365136953222957,0.1301670135364101,0.03834745052291712,3.5742724256173153
6.21400000000041,-2.8024751112284307,-0.03461439163223182,0.3687036553170086,0.12907101026908563,0.0406293700549723,3.5585890083680174
6.21500000000041,-2.8023465957804965,-0.03457261959781905,0.3722545806955153,0.12798062080062567,0.042907109465846645,3.5427244665765505
6.2160000000004105,-2.80221916789381,-0.03452857167271439,0.37578954873685944,0.12689600184199362,0.04518056010936941,3.5266798372083894
6.217000000000411,-2.802092821716308,-0.034482252200748915,0.3793083798743977,0.12581731369737106,0.04744961282242332,3.510456191724282
6.218000000000411,-2.801967551233755,-0.03443366563506609,0.38281089562723514,0.12474472041581688,0.049714158223837485,3.4940546286705643
6.2190000000004115,-2.801843350265926,-0.03438281653819316,0.3862969186237393,0.12367838993337658,0.05197408700716355,3.477476266614177
6.220000000000412,-2.801720212462654,-0.03432970958182823,0.3897662726182643,0.12261849420378076,0.054229290214261844,3.4607222376611175
6.221000000000412,-2.8015981312997544,-0.034274349546367024,0.39321878250176007,0.12156520931491367,0.056479659480588654,3.4437936817325285
6.2220000000004125,-2.8014771000748366,-0.0342167413202006,0.3966542743070853,0.12051871558784881,0.05872508724690138,3.426691741707697
6.223000000000413,-2.8013571119030343,-0.0341568898988189,0.40007257520991923,0.11947919765539047,0.0609654669354784,3.409417559483474
6.224000000000413,-2.8012381597126623,-0.03409480038375534,0.403473513526193,0.11844684451761983,0.0632006930917063,3.3919722729487924
6.2250000000004135,-2.8011202362408327,-0.034030477981405884,0.40685691870693647,0.11742184957278856,0.0654306614939534,3.374357013832893
6.226000000000414,-2.8010033340290525,-0.033963928001752235,0.41022262133138243,0.11640441062289808,0.06765526923605045,3.356572906357004
6.227000000000414,-2.8008874454188266,-0.03389515585701407,0.4135704530990873,0.1153947298543326,0.06987441478751626,3.33862106660078
6.2280000000004145,-2.8007725625472957,-0.033824167060249904,0.4169002468217351,0.11439301379489013,0.07208799803701144,3.3205026024853788
6.229000000000415,-2.8006586773429225,-0.03375096722392059,0.4202118364151908,0.11339947324941713,0.07429592032449664,3.302218614272897
6.230000000000415,-2.800545781521257,-0.033675562058424084,0.4235050568922706,0.11241432321696695,0.0764980844673259,3.2837701954851592
6.2310000000004155,-2.80043386658079,-0.0335979573706052,0.426779744356603,0.1114377827929572,0.07869439478511908,3.265158434151919
6.232000000000416,-2.80032292379891,-0.03351815906223925,0.4300357359978684,0.11047007506020051,0.08088475712780738,3.246384414307938
6.233000000000416,-2.8002129442279724,-0.0334361731284844,0.43327287008863063,0.1095114269729397,0.08306907891078949,3.2274492176690197
6.2340000000004165,-2.8001039186914904,-0.033352005656293926,0.43649098598290925,0.10856206923814818,0.08524726916071347,3.2083539254279945
6.235000000000417,-2.7999958377804384,-0.03326566282277595,0.4396899241165867,0.10762223619837742,0.08741923857503106,3.1890996201223034
6.236000000000417,-2.7998886918496737,-0.033177150893485684,0.44286952600970286,0.10669216572035745,0.08958489959816741,3.1696873875347347
6.2370000000004175,-2.7997824710144643,-0.03308647622063203,0.4460296342706539,0.10577209909339207,0.09174416651690569,3.1501183185978157
6.238000000000418,-2.799677165147112,-0.03299364524117824,0.4491700926022881,0.10486228094133618,0.09389695557738881,3.130393511280191
6.239000000000418,-2.7995727638736536,-0.03289866447481378,0.4522907458098726,0.10396295915158696,0.09604318512596577,3.1105140724399454
6.2400000000004185,-2.7994692565706263,-0.032801540521772636,0.4553914398108928,0.10307438482404048,0.09818277577591925,3.090481119635246
6.241000000000419,-2.799366632361871,-0.032702280060471205,0.45847202164663814,0.10219681224231986,0.10031565060185307,3.070295782886802
6.242000000000419,-2.7992648801153717,-0.03260088984498961,0.4615323394953862,0.1013304987142498,0.10244173492063124,3.049959204687025
6.2430000000004195,-2.7991639884413493,-0.03249737670593374,0.4645722426759723,0.10047570263772428,0.10456095094763433,3.0294725201330253
6.24400000000042,-2.7990639456904085,-0.03239174755126232,0.4675915816413806,0.09963268431550149,0.10667322027409996,3.0088368669654493
6.24500000000042,-2.798964739951388,-0.03228400936615376,0.4705902079918149,0.0988017073923659,0.10877846811548608,2.9880534022345056
6.2460000000004205,-2.7988663590478016,-0.03217416920868776,0.473567974495164,0.0979830389655491,0.11087662375458456,2.9671233041689224
6.247000000000421,-2.7987687905343104,-0.032062234205492465,0.4765247351088677,0.09717694965786192,0.11296762088764176,2.946047773534236
6.248000000000421,-2.7986720216931653,-0.03194821154715816,0.47946034500308843,0.09638371367651064,0.11505139797098876,2.9248280348797513
6.2490000000004216,-2.798576039530613,-0.03183210848331364,0.4823746605850549,0.09560360883418319,0.1171278985456083,2.9034653376255113
6.250000000000422,-2.79848083077331,-0.03171393231740424,0.48526753952438295,0.09483691649917617,0.11919707150461792,2.881960956913237
6.251000000000422,-2.798386381864841,-0.031593690401253885,0.48813884077908254,0.09408392142835896,0.12125887125053793,2.8603161941060398
6.2520000000004226,-2.798292678962496,-0.03147139012955897,0.4909884246218213,0.09334491141979531,0.12331325766301555,2.838532376766195
6.253000000000423,-2.798199707934515,-0.03134703893455986,0.4938161526658047,0.09262017669988325,0.1253601957599841,2.816610857862085
6.254000000000423,-2.798107454358128,-0.031220644281278,0.4966218878893342,0.09191000893185013,0.1273996548812847,2.794553013846012
6.2550000000004236,-2.798015903518844,-0.031092213663914747,0.49940549465767387,0.09121469969724542,0.12943160714703755,2.7723602410923456
6.256000000000424,-2.7979250404115965,-0.030961754604307563,0.5021668387402453,0.09053453825876558,0.1314560248348958,2.750033949975549
6.257000000000424,-2.7978348497445964,-0.03082927465376717,0.504905787320316,0.08986980836093458,0.13347287617026843,2.72757555558238
6.258000000000425,-2.797745315946988,-0.030694781400222363,0.5076222089931595,0.08922078376593152,0.13548211882155842,2.7049864636760397
6.259000000000425,-2.7976564231817647,-0.030558282483431322,0.510315973747055,0.08858772215990443,0.13748369013668757,2.6822680500625724
6.260000000000425,-2.797568155542363,-0.030419786728534022,0.5129869516373762,0.08797051113429383,0.1394753016098426,2.659417768878065
6.261000000000426,-2.7974804971311107,-0.030279304770801502,0.5156350089577921,0.08736911705844816,0.1414548835242293,2.636433519815454
6.262000000000426,-2.7973934319807157,-0.030136848491184132,0.5182600133971776,0.0867839703952151,0.1434234914870637,2.613318707492342
6.263000000000426,-2.7973069436839717,-0.029992428446668315,0.5208618360123705,0.0862153944483981,0.14538209394339338,2.590076522199341
6.264000000000427,-2.79722101556317,-0.029846054231470916,0.5234403508669047,0.08566357875040162,0.14733148754537628,2.5667097821900127
6.265000000000427,-2.7971356308249122,-0.029697734735681023,0.525995434642673,0.08512856284757202,0.14927228228630168,2.543220898491989
6.266000000000427,-2.797050772716892,-0.029547478342931373,0.5285269662096345,0.08461022275634396,0.15120487815750838,2.519611827642808
6.267000000000428,-2.7969664246922052,-0.029395293153531284,0.5310348261480148,0.08410827063560547,0.153129437953311,2.4958840277032395
6.268000000000428,-2.7968825705612543,-0.02924118723147158,0.5335188962399857,0.0836222816506381,0.15504586786624985,2.4720384469144316
6.269000000000428,-2.7967991946001307,-0.029085168859896263,0.5359790589802645,0.08315175579357943,0.1569538218921475,2.4480755769437597
6.270000000000429,-2.7967162815854603,-0.028927246776785615,0.5384151971766787,0.082696203353231,0.15885273904427044,2.4239955770838253
6.271000000000429,-2.796633816745123,-0.028767430361731176,0.5408271936968219,0.08225522515165738,0.160741904554362,2.3997984336039515
6.272000000000429,-2.7965517856417548,-0.028605729759221512,0.543214931368764,0.08182856226121497,0.16262051364831157,2.3754841005032064
6.27300000000043,-2.7964701740226072,-0.028442155943891982,0.5455782929984169,0.08141611042172832,0.16448772047933902,2.3510525896377765
6.27400000000043,-2.796388967667097,-0.028276720745583492,0.5479171614509164,0.08101791037678187,0.16634266735169445,2.326504010605209
6.27500000000043,-2.7963081522502193,-0.02810943685296427,0.5502314197535386,0.08063412791744144,0.1681844981118624,2.3018385770000567
6.276000000000431,-2.796227713227531,-0.02794031780906676,0.5525209511952233,0.080265032728785,0.17001236174805304,2.2770565957196403
6.277000000000431,-2.7961476357404242,-0.027769378006182448,0.5547856394117432,0.0799109739118598,0.1718254737680878,2.2521585511749107
6.278000000000431,-2.7960679046988828,-0.02759663119038475,0.5570253701524382,0.0795720761478189,0.173625690460438,2.227149203321984
6.279000000000432,-2.795988504867451,-0.027422089846720375,0.5592400349097089,0.0792484028068194,0.175414778952281,2.202033114618173
6.280000000000432,-2.7959094209312036,-0.02724576478247324,0.5614295277388082,0.07894018646048931,0.17719266303832912,2.1768118808381787
6.281000000000432,-2.7958306373146877,-0.02706766724421779,0.5635937442896478,0.0786476618192491,0.17895925878485247,2.1514870959399337
6.282000000000433,-2.795752138208548,-0.02688780856486043,0.5657325818067832,0.07837106105154482,0.18071447836447946,2.126060355270048
6.283000000000433,-2.7956739075738364,-0.02670620016628769,0.5678459391316025,0.07811061052373262,0.1824582321722002,2.1005332569410937
6.284000000000433,-2.7955959291489902,-0.02652285356050348,0.5699337167053493,0.0778665286584398,0.18419042986432865,2.074907402234279
6.285000000000434,-2.7955181864584997,-0.026337780350097022,0.5719958165722931,0.0776390246560185,0.1859109807500589,2.0491843955625724
6.286000000000434,-2.795440662822508,-0.026150992228534658,0.5740321423827832,0.07742829786997382,0.1876197938132133,2.023365844310202
6.287000000000434,-2.7953633413667758,-0.025962500980547303,0.5760425993961549,0.07723453766936145,0.18931677753808493,1.9974533587226426
6.288000000000435,-2.79528620503259,-0.025772318482749433,0.5780270944835914,0.07705792365765622,0.1910018396447633,1.9714485519339349
6.289000000000435,-2.795209236586321,-0.025580456704544653,0.5799855361310968,0.0768986261481715,0.1926748867951507,1.9453530401671117
6.290000000000435,-2.795132418628402,-0.025386927709327368,0.5819178344427612,0.07675680682106108,0.19433582430301094,1.9191684431156197
6.291000000000436,-2.7950557336015844,-0.025191743655966516,0.5838239011444943,0.07663261950686279,0.19598455586423286,1.8928963844999644
6.292000000000436,-2.7949791637983625,-0.02499491680054694,0.5857036495883994,0.07652621105717619,0.19762098331323336,1.8665384927886302
6.293000000000436,-2.794902691367491,-0.0247964594983416,0.5875569947579458,0.07643772227514097,0.19924500640553772,1.8400964020719344
6.294000000000437,-2.794826298319555,-0.024596384205989575,0.5893838532740873,0.07636728888758239,0.20085652262340964,1.8135717530796442
6.295000000000437,-2.794749966531547,-0.024394703483858908,0.5911841434024676,0.07631504254760917,0.20245542699989383,1.7869661943365729
6.296000000000437,-2.7946736777504313,-0.024191429998578432,0.5929577850618496,0.0762811118615879,0.20404161195610515,1.7602813834542264
6.297000000000438,-2.7945974135956657,-0.02398657652572777,0.5947046998339045,0.076265623438179,0.20561496714663258,1.7335189885604974
6.298000000000438,-2.794521155560668,-0.023780155952679904,0.5964248109745023,0.0762687029598187,0.2071753793082655,1.7066806898731917
6.299000000000438,-2.7944448850131964,-0.023572181281595127,0.5981180434266513,0.07629047627890982,0.20872273210774545,1.6797681814267589
6.300000000000439,-2.7943685831946175,-0.023362665632569227,0.5997843238352462,0.076331070542216,0.21025690598481775,1.6527831729649587
6.301000000000439,-2.79429223121804,-0.023151622246942297,0.6014235805637981,0.07639061534765962,0.21177777798746256,1.6257273920153243
6.302000000000439,-2.7942158100652668,-0.02293906449077719,0.6030357437133378,0.07646924393797355,0.21328522159681387,1.5986025861641886
6.30300000000044,-2.794139300582536,-0.022725005858518995,0.604620745143703,0.07656709443548293,0.21477910653993348,1.5714105255536868
6.30400000000044,-2.794062683475008,-0.022509459976848247,0.6061785184974436,0.07668431112168574,0.21625929858931262,1.544153005624487
6.30500000000044,-2.7939859392999455,-0.02229244060874138,0.6077089992266027,0.07682104576421536,0.21772565934875424,1.5168318501299014
6.306000000000441,-2.7939090484585427,-0.022073961657751866,0.6092121246226591,0.07697745899212056,0.2191780460261784,1.48944891444831
6.307000000000441,-2.7938319911863583,-0.021854037172524418,0.6106878338499422,0.07715372171806469,0.22061631119493108,1.4620060892211943
6.308000000000441,-2.7937547475423026,-0.021632681351552385,0.6121360679828596,0.07735001660285769,0.22204030254640958,1.4345053043430867
6.309000000000442,-2.793677297396144,-0.021409908548185103,0.6135567700472996,0.07756653955347084,0.22344986263829542,1.4069485333267844
6.310000000000442,-2.793599620414506,-0.021185733275886597,0.6149498850665948,0.07780350124006677,0.22484482864445976,1.379337798061352
6.311000000000442,-2.7935216960453477,-0.020960170213740057,0.6163153601124436,0.07806112861026175,0.22622503211473172,1.3516751739705126
6.312000000000443,-2.7934435035009453,-0.020733234212183167,0.6176531443611879,0.0783396663694041,0.22759029875524098,1.323962795563248
6.313000000000443,-2.793365021739425,-0.020504940298946978,0.6189631891558252,0.07863937838360047,0.22894044824299783,1.2962028623443391
6.314000000000443,-2.7932862294449627,-0.020275303685155927,0.6202454480740844,0.07896054894696633,0.23027529409176015,1.2683976450167431
6.315000000000444,-2.793207105006811,-0.020044339771527597,0.6214998770028038,0.07930348383544607,0.23159464359001716,1.240549491855256
6.316000000000444,-2.793127626497429,-0.019812064154587996,0.6227264342186888,0.07966851104579456,0.23289829783597643,1.2126608350549293
6.317000000000444,-2.7930477716500777,-0.01957849263279119,0.6239250804752847,0.08005598108913241,0.23418605189853636,1.1847341967482583
6.318000000000445,-2.7929675178364204,-0.019343641212401345,0.6250957790956168,0.08046626667304758,0.23545769513695552,1.1567721942277278
6.319000000000445,-2.7928868420448376,-0.019107526112961015,0.626238496069379,0.08089976156370798,0.23671301171463488,1.12877754368338
6.320000000000445,-2.7928057208603914,-0.01887016377213371,0.6273532001527115,0.08135687836913721,0.2379517813431131,1.1007530614361087
6.321000000000446,-2.792724130447689,-0.018631570849673783,0.6284398629673598,0.08183804492610035,0.23917378028959072,1.0727016611660618
6.322000000000446,-2.792642046538214,-0.01839176423024718,0.6294984590941768,0.08234369890555969,0.2403787826730215,1.0446263449222035
6.323000000000446,-2.7925594444241435,-0.018150761024809198,0.6305289661532136,0.08287428017526459,0.24156656205733923,1.0165301846249684
6.324000000000447,-2.792476298961149,-0.01790857857025003,0.6315313648585961,0.08343022037292368,0.24273689332230364,0.988416289126673
6.325000000000447,-2.792392584583296,-0.017665234427059202,0.6325056390302565,0.08401192905026714,0.24388955474877305,0.9602877493191516
6.326000000000447,-2.792308275333818,-0.017420746374853174,0.6334517755351945,0.0846197756489347,0.24502433019204556,0.9321475496806413
6.327000000000448,-2.792223344916361,-0.01717513240577742,0.634369764116297,0.085254066468016,0.24614101113244372,0.903998428056722
6.328000000000448,-2.7921377667721443,-0.016928410716053364,0.6352595970436519,0.08591501569050393,0.24723939829288208,0.8758426548646188
6.329000000000448,-2.7920515141894944,-0.01668059969629174,0.6361212684867854,0.08660270946960434,0.24831930243315697,0.8476816863872757
6.330000000000449,-2.7919645604531835,-0.01643171792155924,0.6369547734497842,0.08731706203875333,0.249380544002057,0.8195156236792643
6.331000000000449,-2.791876879042139,-0.016181784142203025,0.6377601060307473,0.08805770435768535,0.25042270644696846,0.7913421568799409
6.332000000000449,-2.7917884443018592,-0.01593081907317981,0.6385372552738164,0.08882345995104242,0.2514431005184492,0.7631535240172166
6.33300000000045,-2.7916992313688525,-0.01567884380049585,0.639286201484116,0.08961355745292256,0.2524421904645171,0.7349401732621278
6.33400000000045,-2.7916092165351114,-0.01542587940277382,0.6400069131411635,0.09042684283624394,0.2534212424654931,0.7066875841381621
6.33500000000045,-2.791518377531097,-0.01517194519950736,0.6406993419522667,0.09126136033809303,0.25438171940959464,0.6783774245037477
6.336000000000451,-2.791426694582121,-0.014917058826672226,0.6413634219458646,0.0921140418562513,0.25532555528731965,0.6499940948972533
6.337000000000451,-2.7913341515774768,-0.014661235676162059,0.6419990765274862,0.09298060431623892,0.25625532891007197,0.6215329950604063
6.338000000000451,-2.7912407370615195,-0.014404488382283654,0.6426062311936541,0.09385604301730806,0.25717397572431555,0.5930024048757527
6.339000000000452,-2.791146444545796,-0.01414682675478403,0.6431848237263552,0.09473553094951759,0.2580841429127238,0.564417289628166
6.340000000000452,-2.791051272009992,-0.013888258293866999,0.6437348071291854,0.09561509244916687,0.2589877059123528,0.5357922458111003
6.341000000000452,-2.7909552209221387,-0.013628789039038216,0.6442561473201828,0.09649180190117417,0.2598856580576123,0.5071382882685979
6.342000000000453,-2.7908582952029946,-0.013368424418290996,0.6447488193025575,0.09736368648466726,0.2607782304982535,0.4784626785073466
6.343000000000453,-2.79076050034965,-0.013107169932911123,0.6452128038355834,0.09822954167714587,0.26166507144495355,0.4497698389633731
6.344000000000453,-2.790661842751848,-0.012845031662116287,0.6456480850948544,0.09908875684274905,0.26254540527576425,0.4210623235595861
6.345000000000454,-2.790562329133241,-0.012582015928552803,0.6460546495266498,0.09994125131251276,0.26341966330820993,0.3923426674830878
6.346000000000454,-2.7904619661129706,-0.01231812786383467,0.6464324867367237,0.10078730739479462,0.2642899233984485,0.3636140339498389
6.347000000000454,-2.790360759969303,-0.012053371541298374,0.6467815884418119,0.10162727947166042,0.26515610576232757,0.33487766151267323
6.348000000000455,-2.7902587165448667,-0.011787751066910355,0.6471019474007718,0.1024616647107033,0.2660178938891466,0.30613451033360095
6.349000000000455,-2.790155841136456,-0.011521271026295934,0.6473935572934588,0.1032910633064634,0.2668748909186429,0.27738547854983653
6.350000000000455,-2.7900521384039676,-0.011253936429531347,0.6476564127010284,0.10411614216948062,0.26772665058810474,0.2486314801650012
6.351000000000456,-2.789947612318592,-0.010985752748014367,0.6478905091463396,0.10493760657967977,0.26857270102710185,0.21987348969512327
6.352000000000456,-2.7898422661360716,-0.010716725930557081,0.6480958431673769,0.10575617809555242,0.26941256272781383,0.1911125651080102
6.353000000000456,-2.7897361023894054,-0.010446862403936392,0.6482724124060868,0.10657257748694735,0.27024576185832105,0.16234985675525657
6.354000000000457,-2.7896291228965033,-0.010176169062057736,0.6484202157013766,0.10738751175437407,0.2710718398966659,0.13358660746186274
6.355000000000457,-2.7895213287790743,-0.009904653246997481,0.6485392531792838,0.10820166448872158,0.27189036038457276,0.10482414724816178
6.356000000000457,-2.789412720489743,-0.009632322724468808,0.6486295263361921,0.10901568895760726,0.2727009134452871,0.07606388501708036
6.357000000000458,-2.789303297844924,-0.009359185655677333,0.6486910381128905,0.10983020340375725,0.27350311858188275,0.04730729875995082
6.358000000000458,-2.789193060061473,-0.009085250567070548,0.648723792958539,0.1106457881206567,0.27429662616787476,0.018555925297372707
6.359000000000458,-2.7890820057955255,-0.008810526319117495,0.6487277968844226,0.11146298389259447,0.27508111880838465,-0.010188642870676296
6.360000000000459,-2.788970133183156,-0.008535022058641114,0.6487030576034911,0.11228228994597103,0.27585634102052997,-0.03892452403116298
6.361000000000459,-2.7888574398821415,-0.00825874715295797,0.6486495849389637,0.11310416339408552,0.2766221129157888,-0.06764943970998986
6.362000000000459,-2.7887439231126407,-0.007981711133072831,0.6485673910230291,0.11392902252848677,0.27737828587210267,-0.09636107490467806
6.36300000000046,-2.7886295796953435,-0.007703923662427748,0.6484564903047005,0.11475724856135364,0.278124737849144,-0.12505711228208322
6.36400000000046,-2.7885144060874887,-0.007425394513845217,0.6483168995489805,0.11558918750788855,0.2788613718936183,-0.15373523836584535
6.36500000000046,-2.788398398417046,-0.007146133545215226,0.6481486378302599,0.11642515227234002,0.2795881145732767,-0.18239314888763059
6.366000000000461,-2.788281552514732,-0.006866150676763174,0.6479517265207554,0.11726542485242111,0.28030491439121236,-0.21102855337241738
6.367000000000461,-2.7881638639438013,-0.006585455869898384,0.6477261892747135,0.11811025859650263,0.2810117402178164,-0.23963917903443063
6.368000000000461,-2.788045328027563,-0.006304059107611308,0.6474720520090304,0.11895988046392685,0.281708579766734,-0.2682227740609138
6.369000000000462,-2.7879259398746594,-0.006021970376365704,0.6471893428808629,0.1198144932516322,0.2823954381326662,-0.2967771103579442
6.370000000000462,-2.7878056944021385,-0.00573919964941764,0.6468780922627343,0.12067427776048324,0.283072336402381,-0.32529998582747
6.371000000000462,-2.787684586356402,-0.005455756871484384,0.6465383327155695,0.12153939488269946,0.2837393103454105,-0.3537892262387059
6.372000000000463,-2.7875626103321105,-0.005171651944681753,0.6461700989600394,0.12240998759795314,0.2843964091872667,-0.3822426867506569
6.373000000000463,-2.7874397607891357,-0.004886894715647037,0.6457734278465348,0.1232861828703888,0.2850436944653303,-0.4106582531362839
6.374000000000463,-2.787316032067676,-0.004601494963765536,0.6453483583240467,0.12416809344228331,0.2856812389656239,-0.4390338427529558
6.375000000000464,-2.78719141840162,-0.004315462390421273,0.6448949314081864,0.12505581952254613,0.2863091257372982,-0.46736740529849063
6.376000000000464,-2.7870659139302845,-0.0040288066091961425,0.6444131901485426,0.1259494503699416,0.28692744718067864,-0.4956569233873598
6.377000000000464,-2.7869395127086136,-0.0037415371369462877,0.6439031795955384,0.12684906577195157,0.287536304204038,-0.5239004129775297
6.378000000000465,-2.786812208715954,-0.0034536633856895897,0.6433649467669263,0.12775473742070395,0.2881358054437678,-0.5520959236749333
6.379000000000465,-2.7866839958635046,-0.003165194655243681,0.6427985406140281,0.12866653018746366,0.2887260665422481,-0.5802415389396791
6.380000000000465,-2.786554868000543,-0.0028761401265597754,0.6422040119878094,0.12958450329688515,0.28930720947738986,-0.6083353762157756
6.381000000000466,-2.7864248189195244,-0.0025865088557037843,0.6415814136048547,0.13050871140160603,0.28987936193749175,-0.6363755870043325
6.382000000000466,-2.786293842360159,-0.0022963097684427615,0.6409308000132885,0.13143920555685407,0.29044265673465464,-0.6643603568988569
6.383000000000466,-2.7861619320125666,-0.002005551655401705,0.6402522275586743,0.13237603409355836,0.2909972312494849,-0.6922879056003486
6.384000000000467,-2.7860290815196027,-0.0017142431677633608,0.6395457543498996,0.13331924338700807,0.2915432268991349,-0.7201564869293773
6.385000000000467,-2.7858952844784803,-0.0014223928134920513,0.6388114402250449,0.1342688785163808,0.29208078861981723,-0.7479643888521491
6.386000000000467,-2.785760534441783,-0.0011300089540720053,0.6380493467172113,0.135224983808455,0.2926100643537249,-0.7757099335377098
6.387000000000468,-2.785624824917998,-0.0008370998017614833,0.6372595370202688,0.13618760325650442,0.2931312045287162,-0.8033914774638369
6.388000000000468,-2.7854881493716954,-0.0005436734173766231,0.6364420759544668,0.13715678080272195,0.2936443615170958,-0.831007411589799
6.389000000000468,-2.7853505012235065,-0.00024973770863384115,0.6355970299318296,0.13813256046950417,0.2941496890572419,-0.8585561616149455
6.390000000000469,-2.7852118738500433,4.4699570902551674e-05,0.6347244669212438,0.13911498632152056,0.2946473416185893,-0.8860361883429784
6.391000000000469,-2.7850722605839597,0.00033963082219941613,0.6338244564131185,0.14010410223666953,0.2951374736864522,-0.91344598817264
6.392000000000469,-2.7849316547143435,0.0006350486003665299,0.6328970693834832,0.14109995145978646,0.2956202389382618,-0.9407840937363456
6.39300000000047,-2.7847900494876754,0.0009309456133757108,0.6319423782573644,0.1421025759083496,0.29609578927690144,-0.9680490747088238
6.39400000000047,-2.7846474381096264,0.0012273147197243465,0.6309604568712587,0.14311201519453526,0.2965642736799557,-0.99523953880796
6.39500000000047,-2.7845038137479854,0.0015241489248353952,0.6299513804344997,0.14412830532302834,0.29702583681598604,-1.022354133009507
6.396000000000471,-2.7843591695370766,0.0018214413759330428,0.6289152254892957,0.14515147701944514,0.2974806173708783,-1.0493915449958862
6.397000000000471,-2.784213498584048,0.0021191853550725204,0.6278520698691932,0.14618155364087618,0.29792874601988995,-1.0763505048565858
6.398000000000471,-2.784066793977484,0.0024173742699356896,0.6267619926557089,0.14721854861931769,0.29837034297627985,-1.1032297870532997
6.399000000000472,-2.7839190487988223,0.0027160016419352753,0.6256450741328609,0.14826246239299576,0.29880551504897573,-1.130028212656498
6.400000000000472,-2.783770256137113,0.00301506109110939,0.6245013957393284,0.1493132787936373,0.2992343521559409,-1.1567446518512179
6.401000000000472,-2.7836204091076566,0.0033145463172516948,0.623331040017976,0.15037096088556895,0.2996569232770075,-1.1833780266982925
6.402000000000473,-2.783469500875065,0.003614451076741653,0.6221340905624998,0.1514354463038703,0.3000732719057016,-1.2099273141232756
6.403000000000473,-2.7833175246811663,0.003914769154663002,0.6209106319609883,0.15250664222539217,0.30048341119601313,-1.2363915490900026
6.404000000000473,-2.783164473878009,0.004215494332100373,0.6196607497362407,0.15358442024168223,0.30088731922360845,-1.2627698279012787
6.405000000000474,-2.783010341965843,0.004516620349082176,0.6183845302827495,0.1546686115970286,0.30128493511370497,-1.2890613115586977
6.406000000000474,-2.7828551226353673,0.004818140864600673,0.6170820608003229,0.1557590035038681,0.30167615722495333,-1.3152652291091085
6.407000000000474,-2.7826988098127035,0.005120049416558768,0.615753429224399,0.15685533751323225,0.3020608450459347,-1.3413808809021834
6.408000000000475,-2.7825413977044784,0.005422339386304011,0.6143987241531857,0.15795731110138767,0.3024388267562346,-1.3674076416604326
6.409000000000475,-2.7823828808392523,0.005725003974269531,0.6130180347718965,0.1590645835648233,0.3028099141624915,-1.3933449631712158
6.410000000000475,-2.7822232541006775,0.006028036194396879,0.6116114507746434,0.1601767867926181,0.30317392549537336,-1.4191923761810064
6.411000000000476,-2.7820625127477037,0.006331428894370082,0.6101790622851576,0.1612935403786038,0.30353071388382474,-1.4449494915493124
6.412000000000476,-2.7819006524189254,0.006635174800733977,0.6087209597665981,0.16241446808300097,0.3038801883615982,-1.4706160282986496
6.413000000000476,-2.7817376691202247,0.006939266584663327,0.607237233899843,0.16353921429704518,0.30422233242665986,-1.4961918229168696
6.414000000000477,-2.7815735591965822,0.007243696947882795,0.6057279754971011,0.16466745900338095,0.3045572265585304,-1.5216767708276018
6.415000000000477,-2.7814083192924888,0.007548458716944971,0.6041932754547928,0.16579892521519948,0.3048850419925054,-1.5470708049879975
6.416000000000477,-2.7812419463076994,0.007853544925097584,0.6026332247264345,0.16693338022308804,0.3052060187217239,-1.5723738747089742
6.417000000000478,-2.781074437354169,0.008158948866897034,0.6010479143171984,0.1680706322594925,0.3055204352134482,-1.597585924012333
6.418000000000478,-2.7809057897176985,0.008464664121663064,0.5994374352990688,0.1692105247144258,0.3058285775072478,-1.622706872520584
6.419000000000478,-2.78073600082583,0.008770684548084913,0.5978018788429434,0.17035292973979635,0.30613071356926086,-1.6477366009021515
6.420000000000479,-2.7805650682220344,0.00907700425681247,0.5961413362626854,0.17149774233074563,0.30642707567845584,-1.6726749415257052
6.421000000000479,-2.7803929895454447,0.009383617569337482,0.5944558990660883,0.17264487526897393,0.30671785089915043,-1.6975216738289483
6.422000000000479,-2.7802197625152654,0.009690518970680434,0.5927456590085765,0.1737942548817731,0.30700317812069144,-1.7222765232685098
6.42300000000048,-2.780045384919105,0.009997703061540932,0.5910107081467056,0.1749458174019936,0.307283149657517,-1.7469391625573458
6.42400000000048,-2.779869854604743,0.010305164513576147,0.5892511388897745,0.17609950570570398,0.3075578155835579,-1.7715092140356636
6.42500000000048,-2.7796931694750384,0.010612898029827914,0.5874670440488816,0.1772552662603108,0.3078271894231987,-1.7959862522833814
6.426000000000481,-2.7795153274858255,0.0109208983111615,0.5856585168835179,0.17841304618020415,0.3080912542880082,-1.8203698063514364
6.427000000000481,-2.7793363266467166,0.01122916002885943,0.5838256511462936,0.17957279033696535,0.30834996892604777,-1.8446593612129785
6.428000000000481,-2.7791561650247765,0.011537677803121761,0.5819685411267058,0.18073443850297533,0.3086032734160858,-1.868854358201123
6.429000000000482,-2.77897484075104,0.011846446187049617,0.5800872816950283,0.18189792252451842,0.3088510944077584,-1.8929541943144255
6.430000000000482,-2.778792352029834,0.012155459655645824,0.5781819683474823,0.1830631635283144,0.3090933499061455,-1.9169582203478566
6.431000000000482,-2.7786086971508777,0.012464712599394684,0.5762526972538606,0.18423006916817608,0.3093299536487952,-1.9408657378590213
6.432000000000483,-2.778423874504112,0.012774199322044018,0.5742995653087501,0.18539853091924616,0.309560819142508,-1.9646759950176331
6.433000000000483,-2.7782378825972067,0.013083914042282405,0.5723226701874302,0.18656842142799754,0.30978586342799336,-1.988388181419284
6.434000000000483,-2.7780507200756857,0.013393850899068676,0.5703221104074289,0.1877395919281184,0.31000501063010416,-2.012001421978733
6.435000000000484,-2.777862385745597,0.013704003960420525,0.5682979853965833,0.18891186973631197,0.3102181953338981,-2.035514770058226
6.436000000000484,-2.7776728785986426,0.014014367235498657,0.5662503955682711,0.190085055848406,0.31042536580437047,-2.058927200036633
6.437000000000484,-2.777482197839641,0.014324934689827866,0.5641794424042427,0.19125892266528677,0.31062648704128404,-2.0822375995884146
6.438000000000485,-2.7772903429161895,0.014635700263473207,0.5620852285451797,0.19243321189018384,0.31082154363042314,-2.1054447620195886
6.439000000000485,-2.777097313550314,0.014946657891934187,0.5599678578887088,0.19360763265365366,0.31101054231905534,-2.1285473791013874
6.440000000000485,-2.776903109771852,0.015257801529429793,0.5578274356941099,0.19478185993986594,0.3111935142069551,-2.151544034949473
6.441000000000486,-2.776707731953218,0.015569125174119671,0.5556640686923504,0.1959555334066498,0.31137051640632285,-2.1744332016123917
6.442000000000486,-2.7765111808451035,0.0158806228946415,0.5534778651993575,0.19712825671076162,0.311541632986776,-2.1972132371479214
6.443000000000486,-2.776313457612547,0.016192288857144445,0.5512689352296063,0.19829959746675987,0.3117069749892934,-2.219882387064949
6.444000000000487,-2.77611456387067,0.016504117351770837,0.5490373906061943,0.19946908797959692,0.3118666792713358,-2.2424387900699085
6.445000000000487,-2.77591450171923,0.01681610281729768,0.5467833450626239,0.20063622689359487,0.31202090594187354,-2.2648804890529326
6.446000000000487,-2.7757132737750148,0.01712823986241787,0.5445069143306248,0.20180048188933186,0.3121698341684052,-2.2872054481480157
6.447000000000488,-2.775510883200975,0.017440523281950147,0.5422082162076118,0.202961293530657,0.3123136561968295,-2.309411576472742
6.448000000000488,-2.7753073337309115,0.01775294806615464,0.5398873705969496,0.20411808031319728,0.31245256952553996,-2.331496758774055
6.449000000000488,-2.7751026296885284,0.01806550940134054,0.5375444995142192,0.20527024489237464,0.31258676731858615,-2.353458892673334
6.450000000000489,-2.7748967759997187,0.01837820266012405,0.5351797270533142,0.20641718137602577,0.31271642732235105,-2.375295931542031
6.451000000000489,-2.7746897781971196,0.018691023380056106,0.5327931793075215,0.20755828346201283,0.3128416997489235,-2.3970059313103187
6.452000000000489,-2.774481642416252,0.019003967229897768,0.5303849842427996,0.20869295309747937,0.3129626947800164,-2.4185870988137887
6.45300000000049,-2.774272375382906,0.01931702996355107,0.5279552715231492,0.20982060924994386,0.31307947049379664,-2.4400378387399395
6.45400000000049,-2.7740619843919028,0.01963020736249643,0.5255041722910715,0.21094069632809076,0.3131920220890158,-2.4613567959700515
6.45500000000049,-2.773850477277804,0.01994349516845418,0.5230318189092944,0.21205269178527594,0.3133002732507357,-2.4825428902145834
6.456000000000491,-2.773637862378594,0.020256889008770495,0.5205383446728324,0.21315611248729038,0.3134040703613163,-2.5035953403412745
6.457000000000491,-2.773424148493751,0.020570384317621208,0.5180238835026446,0.21425051952377225,0.3135031800228309,-2.524513676645708
6.458000000000491,-2.7732093448383495,0.02088397625645007,0.5154885696333789,0.2153355212760253,0.31359729005711834,-2.545297740391184
6.459000000000492,-2.7729934609949822,0.02119765963707001,0.5129325373077964,0.21641077470235628,0.31368601383487943,-2.5659476710784923
6.460000000000492,-2.7727765068652346,0.021511428850566637,0.510355920489483,0.21747598494302564,0.31376889750472337,-2.5864638829210898
6.461000000000492,-2.7725584926223013,0.021825277804606323,0.5077588526035743,0.21853090346149046,0.3138454294859622,-2.6068470327573143
6.462000000000493,-2.7723394286660694,0.022139199871051878,0.5051414663127552,0.21957532501485758,0.3139150514764421,-2.627097982052039
6.463000000000493,-2.772119325581676,0.022453187845023988,0.5025038933330674,0.2206090837808577,0.3139771702100804,-2.6472177557194874
6.464000000000493,-2.7718981941022234,0.022767233915805835,0.4998462642914189,0.22163204896517505,0.31403116926285357,-2.667207500289366
6.465000000000494,-2.771676045076035,0.02308132964934113,0.4971687086243544,0.22264412018056537,0.31407642032572847,-2.687068443527588
6.466000000000494,-2.771452889438537,0.023395465981564605,0.49447135451579066,0.2236452228388031,0.31411229351091247,-2.7068018571077928
6.467000000000494,-2.771228738188678,0.023709633221444763,0.49175432887008913,0.22463530373853632,0.31413816640947284,-2.726409023396691
6.468000000000495,-2.7710036023696056,0.0240238210624059,0.48901775731602914,0.2256143269748919,0.31415343175601873,-2.7458912069286496
6.469000000000495,-2.770777493053248,0.024338018600710287,0.48626176423687584,0.2265822702457128,0.3141575036692657,-2.7652496307406578
6.470000000000495,-2.7705504213283763,0.024652214359394697,0.48348647282172874,0.22753912158754808,0.3141498225219321,-2.7844854574329707
6.471000000000496,-2.770322398291719,0.024966396316439834,0.4806920051335838,0.22848487654277858,0.31412985855034525,-2.803599774611334
6.472000000000496,-2.770093435041702,0.025280551935980153,0.4778784821899549,0.22941953573696766,0.31409711434705884,-2.8225935842415404
6.473000000000496,-2.769863542674421,0.02559466820151371,0.475046024052403,0.23034310283130016,0.3140511263936983,-2.841467795389088
6.474000000000497,-2.769632732281493,0.025908731650230367,0.47219474992185717,0.23125558280714653,0.3139914657913132,-2.8602232198081263
6.475000000000497,-2.7694010149494783,0.026222728407730232,0.46932477823713664,0.23215698053670447,0.31391773833634384,-2.878860569868646
6.476000000000497,-2.769168401760603,0.02653664422254574,0.46643622677457275,0.23304729959387468,0.3138295840756767,-2.8973804583557725
6.477000000000498,-2.7689349037945723,0.026850464500005923,0.46352921274706965,0.23392654126184087,0.31372667645701263,-2.915783399730054
6.478000000000498,-2.7687005321312954,0.02716417433508888,0.4606038529013236,0.23479470369917047,0.3136087210817655,-2.9340698128038265
6.479000000000498,-2.768465297854,0.027477758525876663,0.45766026357112366,0.23565178201392528,0.3134754094974651,-2.9522401746782942
6.480000000000499,-2.7682292120521392,0.02779120150214184,0.4546985604110641,0.236497768414136,0.31332632007838535,-2.970295344415739
6.481000000000499,-2.767992285826093,0.028104487285835353,0.4517188582013448,0.23733264922449865,0.31316103647764765,-2.988236161603778
6.482000000000499,-2.7677545302927298,0.028417599485614488,0.4487212709345219,0.23815640445879263,0.31297917347316984,-3.006063363481165
6.4830000000005,-2.7675159565922343,0.028730521339660794,0.4457059119143949,0.2389690074348963,0.31278037483962984,-3.023777591382518
6.4840000000005,-2.767276575894991,0.0290432357435892,0.44267289384900044,0.23977042436368243,0.31256431134170587,-3.041379396516728
6.4850000000005,-2.7670363994089033,0.029355725276455847,0.4396223289379615,0.24056061391704392,0.31233067877769183,-3.0588692454705093
6.486000000000501,-2.7667954383871614,0.02966797222483588,0.4365543289544874,0.2413395267633442,0.3120791960766591,-3.0762475253981165
6.487000000000501,-2.7665537041364976,0.02997995860502487,0.4334690053223519,0.24210710506130578,0.31180960344878517,-3.0935145488722338
6.488000000000501,-2.766311208025968,0.030291666183415986,0.4303664691881957,0.2428632819059982,0.3115216605862378,-3.110670558381866
6.489000000000502,-2.7660679614963133,0.030603076495101782,0.427246831489511,0.24360798072333195,0.3112151449109676,-3.1277157304716545
6.490000000000502,-2.765823976069955,0.030914170860745757,0.4241102030186647,0.2443411146124888,0.310889849865868,-3.1446501795243615
6.491000000000502,-2.7655792633616656,0.031224930401765848,0.42095669448331524,0.2450625856392197,0.3105455832470311,-3.1614739611951332
6.492000000000503,-2.7653338350899803,0.031535336053870947,0.417786416563562,0.24577228408712856,0.3101821655773298,-3.178187075513411
6.493000000000503,-2.7650877030893573,0.03184536857899348,0.41459947996615,0.24647008767914927,0.3097994285254303,-3.1947894696768135
6.494000000000503,-2.7648408793231365,0.03215500857566783,0.41139599547602024,0.24715586078761853,0.30939721337973336,-3.2112810405717704
6.495000000000504,-2.7645933758972774,0.03246423648791742,0.40817607400545725,0.24782945365880707,0.308975369593823,-3.227661637068825
6.496000000000504,-2.7643452050748483,0.03277303261273382,0.40493982664102735,0.24849070168656343,0.30853375342884803,-3.243931062156939
6.497000000000504,-2.764096379291205,0.03308137710626208,0.4016873646884295,0.24913942477973935,0.30807222672882256,-3.2600890750009452
6.498000000000505,-2.7638469111697237,0.03338924998884827,0.39841879971528327,0.24977542687892224,0.3075906558767564,-3.2761353930291777
6.499000000000505,-2.7635968135379216,0.03369663114915921,0.39513424359176036,0.2503984956889095,0.30708891099203184,-3.292069694182783
6.500000000000505,-2.763346099443701,0.03400350034765069,0.3918338085288223,0.25100840270299946,0.30656686544111256,-3.3078916194815626
6.501000000000506,-2.7630947821713887,0.03430983721973718,0.38851760711366284,0.251604903601577,0.3060243957422819,-3.3236007760787465
6.502000000000506,-2.762842875257156,0.0346156212790981,0.38518575234177627,0.25218773910803927,0.3054613819475802,-3.3391967409822096
6.503000000000506,-2.7625903925033235,0.03492083192163617,0.3818383576449031,0.25275663637677814,0.3048777085776276,-3.3546790656038072
6.504000000000507,-2.7623373479909876,0.035225448430669076,0.37847553691396074,0.25331131096768067,0.3042732661635474,-3.3700472812524627
6.505000000000507,-2.762083756090374,0.03552944998397186,0.3750974045159915,0.25385146942724696,0.3036479534114775,-3.385300905602524
6.506000000000507,-2.76182963146832,0.03583281566327593,0.3717040753041871,0.2543768124477575,0.3030016799481211,-3.400439450043608
6.507000000000508,-2.761574989092346,0.03613552446675411,0.36829566462022145,0.25488703851591593,0.3023343695332981,-3.415462427657416
6.508000000000508,-2.761319844230903,0.03643755532486781,0.36487228828846596,0.25538184789796625,0.3016459635455961,-3.43036936138872
6.509000000000508,-2.7610642124495515,0.03673888711972189,0.3614340626021799,0.255860946750065,0.30093642447343133,-3.445159791812812
6.510000000000509,-2.760808109603081,0.03703949870777823,0.3579811043024287,0.25632405110330597,0.3002057390930623,-3.4598332837899823
6.511000000000509,-2.760551551823811,0.03733936894545224,0.3545135305512101,0.25677089046368906,0.2994539210037407,-3.4743894312785093
6.512000000000509,-2.760294555506581,0.03763847671680263,0.3510314589009583,0.2572012107949037,0.2986810122286725,-3.488827859677036
6.51300000000051,-2.7600371372911376,0.03793680096227304,0.34753500726312386,0.25761477671443234,0.2978870836784765,-3.503148225285431
6.51400000000051,-2.759779314042748,0.03823432070730021,0.3440242938787917,0.25801137282083486,0.2970722343984649,-3.5173502117797155
6.51500000000051,-2.7595211028319113,0.038531015089591364,0.3404994372942332,0.25839080416553,0.296236589659366,-3.5314335239354198
6.516000000000511,-2.7592625209139845,0.03882686338399618,0.3369605563438966,0.25875289596779694,0.2953802980764111,-3.545397879138835
6.517000000000511,-2.759003585709397,0.03912184502413024,0.3334077701426834,0.25909749273263977,0.2945035280314659,-3.559242997440245
6.518000000000511,-2.7587443147849697,0.03941593962020612,0.3298411980885484,0.2594244569604479,0.29360646371464927,-3.572968590995561
6.519000000000512,-2.7584847258366514,0.03970912697284496,0.3262609598756193,0.25973366763596656,0.29268930109540053,-3.5865743537117316
6.520000000000512,-2.758224836673806,0.040001387082932965,0.3226671755172761,0.26002501865907796,0.2917522440881024,-3.600059951781918
6.521000000000512,-2.7579646652050496,0.04029270015782049,0.31905996537803377,0.260298417341314,0.29079550110950425,-3.613425015608375
6.522000000000513,-2.757704229425527,0.04058304661432256,0.3154394502126782,0.26055378304964427,0.28981928215017166,-3.626669133405622
6.523000000000513,-2.757443547405451,0.040872407079067245,0.31180575121090853,0.2607910460403016,0.28882379641266204,-3.6397918465871872
6.524000000000513,-2.7571826372797137,0.04116076238676177,0.30815899004571623,0.2610101464944828,0.2878092505129091,-3.652792646886777
6.525000000000514,-2.7569215172383625,0.041448093576922106,0.3044992889238379,0.2612110337461079,0.28677584720146715,-3.6656709750574663
6.526000000000514,-2.756660205517763,0.04173438188955469,0.30082677063680957,0.26139366567884736,0.2857237845373136,-3.6784262209290914
6.527000000000514,-2.756398720392294,0.0420196087602052,0.2971415586113874,0.2615580082636563,0.2846532554362167,-3.6910577245773326
6.528000000000515,-2.7561370801664467,0.04230375581471015,0.2934437769583461,0.2617040352070868,0.28356444751478715,-3.7035647783585564
6.529000000000515,-2.7558753031672287,0.042586804863909915,0.2897335505189057,0.26183172768281787,0.28245754315686544,-3.715946629582962
6.530000000000515,-2.7556134077368117,0.04286873789851284,0.28601100490825027,0.26194107412266315,0.2813327197379986,-3.7282024836269883
6.531000000000516,-2.755351412225355,0.04314953708424098,0.2822762665557856,0.26203207004772483,0.2801901499543135,-3.740331507318354
6.532000000000516,-2.755089334983997,0.04342918475733921,0.2785294627419326,0.2621047179246905,0.2790300022126647,-3.752332832459399
6.533000000000516,-2.7548271943579725,0.043707663420491684,0.2747707216313728,0.26215902703613986,0.27785244104866863,-3.7642055593841786
6.534000000000517,-2.75456500867986,0.04398495573916012,0.2710001723027541,0.26219501335697626,0.2766576275477045,-3.7759487604707203
6.535000000000517,-2.7543027962629507,0.044261044538337416,0.2672179447749305,0.2622126994316978,0.2754457197510257,-3.7875614835516407
6.536000000000517,-2.7540405753947415,0.04453591279969509,0.2634241700298596,0.2622121142492193,0.27421687303481973,-3.799042755183952
6.537000000000518,-2.7537783643305547,0.044809543659093225,0.25961898003231104,0.2621932931134307,0.27297124045451826,-3.8103915837528195
6.538000000000518,-2.7535161812872913,0.04508192040441566,0.2558025077465614,0.2621562775087259,0.2717089730500636,-3.8216069623947435
6.539000000000518,-2.753254044437316,0.045353026473690314,0.2519748871502584,0.2621011149604479,0.2704302201103711,-3.8326878717336537
6.540000000000519,-2.7529919719024916,0.045622845453453686,0.24813625324564362,0.2620278588906516,0.26913512939705836,-3.84363328242929
6.541000000000519,-2.752729981748354,0.04589136107731927,0.2442867420683189,0.2619365684698497,0.2678238473287942,-3.8544421575413788
6.542000000000519,-2.7524680919784394,0.04615855722471166,0.24042649069373845,0.2618273084655376,0.26649651912848277,-3.86511345471596
6.54300000000052,-2.752206320528765,0.04642441791973037,0.2365556372415999,0.26170014908832784,0.2651532889360381,-3.8756461282020327
6.54400000000052,-2.751944685262461,0.046688927330110576,0.23267432087829998,0.2615551658364979,0.2637942998898149,-3.8860391307077577
6.54500000000052,-2.7516832039645625,0.0469520697662509,0.2287826818176099,0.2613924393396884,0.2624196941798954,-3.8962914151059773
6.546000000000521,-2.751421894336956,0.04721382968028177,0.22488086131971663,0.2612120552024019,0.26102961307645123,-3.9064019359989226
6.547000000000521,-2.751160773993484,0.047474191665151,0.22096900168876557,0.261014103847855,0.2596241969363283,-3.9163696511518338
6.548000000000521,-2.7508998604551995,0.047733140453706344,0.21704724626903152,0.26079868036263826,0.25820358519088354,-3.9261935228048688
6.549000000000522,-2.7506391711457843,0.04799066091775765,0.21311573943983453,0.26056588434254363,0.25676791631794094,-3.93587251887221
6.550000000000522,-2.7503787233871146,0.0482467380671042,0.20917462660930974,0.2603158197398332,0.2553173278005591,-3.945405614036748
6.551000000000522,-2.750118534394979,0.04850135704851522,0.20522405420713136,0.26004859471214586,0.25385195607511346,-3.954791790748158
6.552000000000523,-2.7498586212749485,0.04875450314465411,0.20126416967628372,0.2597643214731722,0.2523719364710067,-3.9640300401315858
6.553000000000523,-2.749599001018396,0.04900616177293907,0.19729512146396583,0.2594631161451722,0.25087740314413476,-3.97311936281362
6.554000000000523,-2.7493396904986565,0.0492563184843349,0.1933170590117084,0.25914509861336643,0.249368489006054,-3.9820587696716454
6.555000000000524,-2.749080706467341,0.04950495896207248,0.18933013274477767,0.25881039238219444,0.24784532565062226,-3.9908472825121764
6.556000000000524,-2.748822065550785,0.049752069020294394,0.18533449406093414,0.25845912443341007,0.24630804327972294,-3.9994839346832656
6.557000000000524,-2.748563784246641,0.04999763460262633,0.18133029531860997,0.25809142508596467,0.2447567706295257,-4.007967771625635
6.558000000000525,-2.7483058789206134,0.05024164178067558,0.17731768982456408,0.2577074278576188,0.2431916348985931,-4.016297851366758
6.559000000000525,-2.748048365803326,0.05048407675245911,0.17329683182106995,0.25730726932822,0.2416127616790065,-4.024473244961745
6.560000000000525,-2.747791260987327,0.050724925840764566,0.1692678764726878,0.2568910890045844,0.24002027489155664,-4.032493036884525
6.561000000000526,-2.7475345804242317,0.05096417549144902,0.16523097985266902,0.2564590291869271,0.23841429672592665,-4.04035632537253
6.562000000000526,-2.7472783399219907,0.05120181227168066,0.16118629892903794,0.25601123483679544,0.23679494758668312,-4.0480622227277685
6.563000000000526,-2.7470225551422986,0.051437822868129666,0.1571339915503931,0.255547853446473,0.23516234604578748,-4.055609855576977
6.564000000000527,-2.746767241598125,0.05167219408511512,0.15307421643146796,0.25506903490983596,0.2335166088022422,-4.0629983650932555
6.565000000000527,-2.746512414651377,0.05190491284271538,0.14900713313848818,0.2545749313946615,0.23185785064939515,-4.0702269071814525
6.566000000000527,-2.7462580895106887,0.05213596617484969,0.14493290207436074,0.2540656972164054,0.23018618445033945,-4.077294652629344
6.567000000000528,-2.7460042812293386,0.052365341227339456,0.14085168446372823,0.2535414887134843,0.22850172112176587,-4.084200787226529
6.568000000000528,-2.7457510047032834,0.052593025255957646,0.13676364233791957,0.2530024641241167,0.2268045696265488,-4.090944511852831
6.569000000000528,-2.7454982746693224,0.0528190056244753,0.13266893851982695,0.25244878346479455,0.22509483697527538,-4.097525042537837
6.570000000000529,-2.7452461057033775,0.05304326980271402,0.12856773660873685,0.251880608410476,0.22337262823686047,-4.103941610493185
6.571000000000529,-2.7449945122188963,0.053265805364613714,0.12446020096514195,0.25129810217660425,0.22163804655832667,-4.110193462119026
6.572000000000529,-2.7447435084653664,0.05348659998632465,0.12034649669555864,0.2507014294030746,0.21989119319376924,-4.116279858986111
6.57300000000053,-2.74449310852695,0.05370564144433308,0.11622678963737433,0.2500907560402842,0.21813216754247008,-4.122200077794805
6.57400000000053,-2.7442433263212296,0.053922917613629544,0.11210124634374659,0.2494662492374112,0.21636106719607212,-4.127953410312339
6.57500000000053,-2.743994175598062,0.05413841646592871,0.10797003406857532,0.2488280772330802,0.21457798799467706,-4.133539163289533
6.576000000000531,-2.743745669938546,0.054352126067949806,0.1038333207515681,0.24817640924857895,0.21278302409168315,-4.138956658358177
6.577000000000531,-2.7434978227540876,0.05456403457976614,0.09969127500341728,0.24751141538379712,0.2109762680271376,-4.144205231910261
6.578000000000531,-2.7432506472855755,0.05477413025323203,0.09554406609110626,0.2468332665160625,0.20915781080933882,-4.14928423496017
6.579000000000532,-2.743004156602651,0.054982401430495445,0.09139186392336193,0.2461421342020511,0.2073277420043877,-4.1541930329909675
6.580000000000532,-2.742758363603077,0.05518883654260397,0.08723483903626804,0.24543819058294838,0.20548614983335378,-4.158931005785851
6.581000000000532,-2.7425132810122,0.055393424108211575,0.08307316257905419,0.24472160829303616,0.20363312127669264,-4.163497547245851
6.582000000000533,-2.7422689213824993,0.05559615273239333,0.07890700630007351,0.24399256037187592,0.2017687421855237,-4.1678920651948195
6.583000000000533,-2.7420252970932273,0.05579701110557454,0.07473654253298133,0.24325122018025358,0.19989309739935346,-4.172113981172746
6.584000000000533,-2.7417824203501246,0.05599598800258077,0.07056194418312582,0.24249776132004275,0.1980062708698086,-4.176162730218406
6.585000000000534,-2.7415403031852197,0.05619307228181431,0.066383384714161,0.2417323575581348,0.19610834578992492,-4.180037760642346
6.586000000000534,-2.7412989574566993,0.05638825288456256,0.06220103813489108,0.24095518275457353,0.19419940472852215,-4.183738533791182
6.587000000000534,-2.7410583948488507,0.05658151883444313,0.05801507898635451,0.24016641079502027,0.19227952976918292,-4.18726452380418
6.588000000000535,-2.7408186268720662,0.05677285923698997,0.05382568232915485,0.23936621552766216,0.19034880265334264,-4.190615217363055
6.589000000000535,-2.7405796648629117,0.05696226327938449,0.049633023731044834,0.23855477070466347,0.18840730492699012,-4.193790113435925
6.590000000000535,-2.7403415199842476,0.05714972023033492,0.04543727925476904,0.23773224992824404,0.18645511809047263,-4.196788723016326
6.591000000000536,-2.7401042032254077,0.057335219440106854,0.04123862544616959,0.23689882660145511,0.18449232375089566,-4.199610568858189
6.592000000000536,-2.7398677254024166,0.057518750340707255,0.03703723932255853,0.2360546738837065,0.18251900377660604,-4.202255185207644
6.593000000000536,-2.739632097158257,0.05770030244622374,0.03283329836135965,0.235199964651084,0.18053524045324743,-4.2047221175325165
6.594000000000537,-2.739397328963169,0.057879865353320556,0.028626980489021542,0.23433487146148022,0.17854111664087882,-4.20701092225036
6.595000000000537,-2.739163431114984,0.05805742874189194,0.02441846407020306,0.23345956652454578,0.17653671593164952,-4.209121166455846
6.596000000000537,-2.738930413739488,0.058232982375873224,0.020207927897231304,0.23257422167645384,0.17452212280752905,-4.211052427648322
6.597000000000538,-2.7386982867907994,0.05840651610420953,0.015995551179831664,0.23167900835945446,0.17249742279759542,-4.212804293460337
6.598000000000538,-2.738467060051781,0.058578019861981245,0.011781513535128484,0.23077409760618195,0.17046270263439106,-4.214376361387919
6.599000000000538,-2.738236743134445,0.05874748367168528,0.007565994977914262,0.22985966002866362,0.16841805040886315,-4.215768238523373
6.600000000000539,-2.738007345480387,0.05891489764467027,0.0033491759111844493,0.22893586581196532,0.16636355572341208,-4.216979541291361
6.601000000000539,-2.7377788763612063,0.05908025198272375,-0.0008687628830657979,0.22800288471239608,0.16429930984257926,-4.21800989518903
6.602000000000539,-2.737551344878937,0.05924353697980855,-0.00508764025278733,0.22706088606018218,0.16222540584091358,-4.218858934530914
6.60300000000054,-2.737324759966473,0.0594047430239456,-0.00930727468457034,0.2261100387665091,0.16014193874756374,-4.219526302199379
6.60400000000054,-2.737099130387977,0.05956386059923933,-0.013527484312091224,0.22515051133481903,0.1580490056871514,-4.2200116494013304
6.60500000000054,-2.7368744647392855,0.05972088028804203,-0.017748086924319596,0.22418247187624096,0.15594670601648808,-4.220314635431921
6.606000000000541,-2.736650771448289,0.0598757927732526,-0.02196889997349284,0.22320608812902037,0.15383514145670663,-4.220434927446014
6.607000000000541,-2.736428058775319,0.06002858884081362,-0.026189740582662893,0.2222215273269635,0.15171441664595958,-4.220372198378066
6.608000000000541,-2.7362063348146126,0.06017925938536384,-0.030410425542089635,0.2212289545590116,0.14958464385293088,-4.220126106689544
6.609000000000542,-2.7359856074957163,0.06032779541595073,-0.03463077129582999,0.22022853358950015,0.14744594093805016,-4.21969630564227
6.610000000000542,-2.7357658845846884,0.06047418806137447,-0.038850593944888094,0.2192204279732011,0.14529842849288035,-4.2190824560902325
6.611000000000542,-2.735547173684113,0.06061842857249333,-0.04306970925501844,0.21820480111644655,0.14314222987372086,-4.218284226585428
6.612000000000543,-2.7353294822332046,0.060760508324964706,-0.04728793266432593,0.21718181631515449,0.14097747130029248,-4.217301293181662
6.613000000000543,-2.7351128175078987,0.06090041882215485,-0.051505079290676874,0.21615163679581337,0.13880428194689853,-4.216133339252774
6.6140000000005434,-2.7348971866208984,0.061038151698135854,-0.05572096393893572,0.21511442575919879,0.13662279402569405,-4.214780055325932
6.615000000000544,-2.7346825965216786,0.06117369872076178,-0.059935401108042866,0.21407034642658535,0.13443314286170624,-4.213241138930656
6.616000000000544,-2.734469053996439,0.06130705179481558,-0.06414820499794967,0.2130195620882057,0.1322354669592606,-4.211516294464164
6.6170000000005444,-2.734256565668014,0.06143820296521794,-0.06835918951642714,0.21196223615369694,0.1300299080594799,-4.2096052330736295
6.618000000000545,-2.7340451379957242,0.06156714442028906,-0.07256816828576568,0.21089853220426183,0.12781661118853654,-4.207507672555901
6.619000000000545,-2.733834777275179,0.061693868495053955,-0.07677495464938339,0.20982861404625827,0.1255957246963544,-4.205223337275148
6.6200000000005454,-2.7336254896380265,0.06181836767458152,-0.08097936167836121,0.20875264576591665,0.12336740028547141,-4.202751958098881
6.621000000000546,-2.7334172810516417,0.06194063459734742,-0.0851812021779235,0.20767079178486797,0.12113179302979314,-4.200093272352703
6.622000000000546,-2.7332101573187666,0.062060662058610605,-0.08938028869388273,0.20658321691615003,0.11888906138298642,-4.19724702379407
6.6230000000005464,-2.733004124077091,0.0621784430137929,-0.0935764335190676,0.205490086420341,0.1166393671762831,-4.194212962605261
6.624000000000547,-2.7327991867987746,0.06229397058185106,-0.09776944869975379,0.20439156606145134,0.1143828756054871,-4.190990845405637
6.625000000000547,-2.732595350789918,0.06240723804863029,-0.10195914604211664,0.20328782216218635,0.11211975520700229,-4.187580435283173
6.6260000000005475,-2.7323926211899763,0.06251823887018833,-0.10614533711872483,0.20217902165817173,0.1098501778227248,-4.183981501845102
6.627000000000548,-2.732191002971119,0.06262696667607869,-0.11032783327509424,0.20106533215071437,0.10757431855367092,-4.180193821287394
6.628000000000548,-2.731990500937541,0.06273341527258189,-0.11450644563632058,0.19994692195765074,0.10529235570224088,-4.176217176482614
6.6290000000005485,-2.7317911197247193,0.06283757864587336,-0.11868098511380869,0.19882396016181436,0.10300447070304902,-4.172051357085549
6.630000000000549,-2.7315928637986255,0.0629394509651162,-0.12285126241211614,0.19769661665663402,0.10071084804228185,-4.167696159655832
6.631000000000549,-2.7313957374548967,0.06303902658546778,-0.1270170880359275,0.19656506218835476,0.09841167516557772,-4.163151387796563
6.6320000000005495,-2.7311997448179595,0.06313630005098832,-0.13117827229717485,0.19542946839435457,0.09610714237445372,-4.158416852307767
6.63300000000055,-2.7310048898401242,0.06323126609744034,-0.13533462532231838,0.19429000783701178,0.09379744271133843,-4.153492371353286
6.63400000000055,-2.730811176300644,0.06332391965496735,-0.1394859570598002,0.19314685403256193,0.09148277183330071,-4.148377770639478
6.6350000000005505,-2.730618607804749,0.06341425585064075,-0.1436320772876818,0.1920001814743678,0.08916332787459705,-4.143072883603894
6.636000000000551,-2.730427187782662,0.06350227001086373,-0.14777279562147447,0.19085016565001373,0.08683931129819007,-4.137577551611803
6.637000000000551,-2.730236919488596,0.06358795766362121,-0.151907921522169,0.18969698305162538,0.08451092473642119,-4.131891624158244
6.6380000000005515,-2.7300478059997495,0.06367131454056517,-0.15603726430446935,0.1885408111788083,0.0821783728210476,-4.1260149590729895
6.639000000000552,-2.7298598502153,0.0637523365789247,-0.16016063314523132,0.18738182853359556,0.07984186200288121,-4.119947422725553
6.640000000000552,-2.729673054855411,0.0638310199232308,-0.16427783709210522,0.1862202146067944,0.07750160036129095,-4.1136888902271105
6.6410000000005525,-2.729487422460248,0.06390736092684544,-0.16838868507237728,0.18505614985512742,0.07515779740385306,-4.107239245625954
6.642000000000553,-2.7293029553890342,0.06398135615328569,-0.1724929859020019,0.18388981566857301,0.07281066385645475,-4.100598382092816
6.643000000000553,-2.7291196558191344,0.06405300237733329,-0.17659054829481252,0.18272139432732734,0.07046041144417595,-4.093766202092174
6.6440000000005535,-2.7289375257451924,0.06412229658592047,-0.18068118087189505,0.1815510689478326,0.06810725266329225,-4.086742617535405
6.645000000000554,-2.728756566978328,0.06418923597878372,-0.1847646921711036,0.18037902341734904,0.06575140054475928,-4.07952754991145
6.646000000000554,-2.7285767811454003,0.0642538179688767,-0.18884089065669377,0.17920544231658922,0.06339306840955712,-4.072120930390455
6.6470000000005545,-2.7283981696883615,0.0643160401825348,-0.19290958472904401,0.17803051082998528,0.06103246961629255,-4.064522699895748
6.648000000000555,-2.7282207338637035,0.06437590045938339,-0.19697058273443135,0.1768544146432262,0.058669817301479375,-4.056732809139392
6.649000000000555,-2.7280444747420116,0.06443339685198311,-0.20102369297482228,0.17567733982778266,0.056305324112944526,-4.04875121861659
6.6500000000005555,-2.727869393207643,0.0644885276252051,-0.20506872371763574,0.1744994727122345,0.05393920193684281,-4.040577898554273
6.651000000000556,-2.72769548995854,0.06454129125533038,-0.20910548320542963,0.1733209997403364,0.05157166161880818,-4.032212828809464
6.652000000000556,-2.7275227655061927,0.06459168642886776,-0.21313377966545916,0.17214210731589794,0.04920291267982928,-4.023655998713361
6.6530000000005565,-2.727351220175758,0.06463971204108503,-0.21715342131905052,0.1709629816347256,0.04683316302751479,-4.014907406857684
6.654000000000557,-2.7271808541063622,0.06468536719424972,-0.22116421639073086,0.16978380850407487,0.04446261866351518,-4.005967060820691
6.655000000000557,-2.7270116672515803,0.06472865119557554,-0.2251659731170535,0.1686047731502971,0.04209148338799859,-3.9968349768313822
6.6560000000005575,-2.7268436593801217,0.06476956355487223,-0.22915849975505642,0.16742606001564284,0.039719958502243885,-3.9875111793720324
6.657000000000558,-2.726676830076718,0.06480810398189775,-0.2331416045902932,0.16624785254550364,0.03734824251062355,-3.977995700721121
6.658000000000558,-2.726511178743229,0.06484427238341273,-0.2371150959443789,0.16507033296774254,0.034976530823507865,-3.9682885804413717
6.6590000000005585,-2.726346704599975,0.06487806885993891,-0.24107878218199963,0.1638936820661815,0.03260501546293854,-3.958389864820791
6.660000000000559,-2.7261834066872943,0.06490949370222585,-0.24503247171734444,0.16271807895078333,0.030233884773301564,-3.948299606278589
6.661000000000559,-2.7260212838673326,0.06493854738743161,-0.24897597301993232,0.16154370082758332,0.027863323139679815,-3.9380178627526568
6.6620000000005595,-2.725860334826062,0.06496523057502727,-0.25290909461982647,0.16037072277198525,0.02549351071709011,-3.927544697090976
6.66300000000056,-2.725700558075519,0.06498954410243749,-0.25683164511225365,0.15919931750962865,0.023124623174403225,-3.916880176475996
6.66400000000056,-2.725541951956261,0.06501148898043427,-0.26074343316167936,0.15802965520963594,0.020756831457402137,-3.906024371918506
6.6650000000005605,-2.7253845146400204,0.0650310663883056,-0.26464426750543013,0.15686190329563598,0.018390301576134055,-3.894977357865866
6.666000000000561,-2.7252282441325297,0.06504827766882589,-0.26853395695700266,0.15569622628049332,0.016025194422426794,-3.883739211978215
6.667000000000561,-2.725073138276507,0.0650631243230619,-0.27241231040925945,0.1545327856311015,0.013661665624122165,-3.8723100151351364
6.6680000000005615,-2.724919194754754,0.06507560800505413,-0.276279136837775,0.15337173966986245,0.01129986544316559,-3.8606898517434804
6.669000000000562,-2.7247664110933285,0.0650857305164215,-0.2801342453046726,0.15221324351949858,0.008939938725095496,-3.8488788104236784
6.670000000000562,-2.7246147846647544,0.06509349380094427,-0.2839774449633707,0.15105744909755475,0.00658202490759318,-3.8368769851557807
6.6710000000005625,-2.7244643126912056,0.06509889993918833,-0.2878085450647385,0.14990450516626164,0.004226258095461736,-3.8246844769660213
6.672000000000563,-2.72431499224761,0.06510195114324013,-0.2916273549652406,0.14875455744228888,0.0018727672085684368,-3.812301396228319
6.673000000000563,-2.7241668202646165,0.06510264975162844,-0.29543368413771587,0.1476077487692704,-0.00047832379221572846,-3.7997278656410023
6.6740000000005635,-2.724019793531354,0.06510099822451183,-0.29922734218548785,0.14646421935384135,-0.0028268955983125764,-3.7869640239156155
6.675000000000564,-2.723873908697925,0.06509699913921328,-0.3030081388605229,0.14532410706334406,-0.005172833166280118,-3.7740100301809303
6.676000000000564,-2.723729162277573,0.06509065518618029,-0.30677588408633505,0.144187547780477,-0.0075160252543614615,-3.7608660690611244
6.6770000000005645,-2.723585550648468,0.06508196916544289,-0.3105303879862692,0.14305467580718514,-0.009856363891361753,-3.747532356333851
6.678000000000565,-2.723443070055074,0.0650709439836309,-0.31427146091767105,0.1419256243073073,-0.012193743791266696,-3.7340091450146202
6.679000000000565,-2.723301716609048,0.06505758265159618,-0.31799891351226806,0.14080052577522734,-0.014528061731715659,-3.720296731653505
6.6800000000005655,-2.7231614862896785,0.06504188828266476,-0.3217125567228427,0.13967951251634858,-0.016859215918521245,-3.7063954625753275
6.681000000000566,-2.723022374943831,0.06502386409152126,-0.32541220187598996,0.13856271712487922,-0.019187105361317413,-3.692305739752861
6.682000000000566,-2.722884378285428,0.0650035133937009,-0.32909766073042623,0.13745027294532772,-0.021511629286590107,-3.6780280259819356
6.6830000000005665,-2.7227474918944834,0.06498083960563913,-0.33276874553998814,0.1363423145062221,-0.023832686613419012,-3.6635628490338945
6.684000000000567,-2.7226117112157127,0.06495584624520516,-0.3364252691201498,0.13523897791766826,-0.02615017551410053,-3.648910804498018
6.685000000000567,-2.722477031556774,0.06492853693262525,-0.34006704491663214,0.134140401228053,-0.028463993076601316,-3.6340725570936487
6.6860000000005675,-2.722343448086166,0.06489891539168867,-0.34369388707450116,0.13304672473898008,-0.030774035078991523,-3.619048840323674
6.687000000000568,-2.7222109558308354,0.0648669854511223,-0.34730561050607683,0.13195809128088323,-0.033080195878362834,-3.603840454448526
6.688000000000568,-2.7220795496735244,0.06483275104602138,-0.3509020309560092,0.13087464645426206,-0.03538236840911652,-3.5884482628711347
6.6890000000005685,-2.721949224349893,0.06479621621923251,-0.35448296506202137,0.1297965388428648,-0.03768044427876393,-3.572873187125687
6.690000000000569,-2.7218199744454346,0.06475738512259915,-0.35804823041005546,0.1287239202053458,-0.03997431394420654,-3.5571162007455586
6.691000000000569,-2.7216917943922168,0.06471626201799933,-0.36159764558286167,0.1276569456510933,-0.04226386694827918,-3.5411783223406075
6.6920000000005695,-2.7215646784654446,0.06467285127812554,-0.36513103020141735,0.1265957738043549,-0.04454899219526232,-3.5250606082375753
6.69300000000057,-2.7214386207798666,0.06462715738697801,-0.36864820495891326,0.12554056695884802,-0.04682957824492034,-3.5087641450306295
6.69400000000057,-2.7213136152860358,0.06457918494006243,-0.37214899164737886,0.12449149122310343,-0.049105513607009516,-3.492290042356594
6.6950000000005705,-2.721189655766425,0.06452893864429872,-0.37563321317730747,0.12344871665514096,-0.05137668702161036,-3.475639426158212
6.696000000000571,-2.721066735831414,0.06447642331766114,-0.3791006935908752,0.12241241738391818,-0.05364298771454125,-3.458813432636733
6.697000000000571,-2.7209448489151695,0.06442164388857795,-0.38255125806951723,0.12138277171440073,-0.05590430562103681,-3.441813203029809
6.6980000000005715,-2.7208239882714205,0.06436460539512474,-0.3859847329367268,0.12035996221306042,-0.05816053157446221,-3.424639879288412
6.699000000000572,-2.7207041469691666,0.06430531298404646,-0.3894009456569917,0.11934417577102711,-0.060411557459855755,-3.4072946006717015
6.700000000000572,-2.7205853178883324,0.06424377190964235,-0.39279972483177467,0.11833560364287493,-0.06265727633443614,-3.389778501234193
6.7010000000005725,-2.720467493715393,0.06417998753254561,-0.3961809001934041,0.1173344414599776,-0.0648975825188704,-3.372092708146065
6.702000000000573,-2.720350666939005,0.06411396531842402,-0.39954430259766766,0.11634088921839908,-0.06713237166413509,-3.3542383407648146
6.703000000000573,-2.7202348298456562,0.06404571083662387,-0.4028897640158146,0.11535515124229202,-0.06936154079931936,-3.336216510363432
6.7040000000005735,-2.7201199745153657,0.06397522975877325,-0.40621711752657236,0.11437743612468929,-0.07158498836583375,-3.318028320415253
6.705000000000574,-2.7200060928174534,0.06390252785735573,-0.4095261973086852,0.11340795664834898,-0.07380261424332092,-3.2996748673368117
6.706000000000574,-2.7198931764063987,0.06382761100426022,-0.41281683863438584,0.11244692968993207,-0.07601431977221881,-3.281157241595617
6.7070000000005745,-2.719781216717797,0.06375048516930806,-0.4160888778641211,0.11149457611125312,-0.0782200077774894,-3.2624765290983286
6.708000000000575,-2.7196702049644363,0.06367115641875414,-0.4193421524427747,0.11055112064165791,-0.08041958259756345,-3.2436338127849713
6.709000000000575,-2.7195601321324876,0.06358963091375497,-0.4225765008975606,0.10961679175576516,-0.08261295012211002,-3.2246301743656853
6.7100000000005755,-2.719450988977823,0.06350591490879319,-0.42579176283770154,0.1086918215508783,-0.0848000178418475,-3.2054666961473024
6.711000000000576,-2.719342766022452,0.06342001475004509,-0.42898777895596096,0.10777644562834643,-0.08698069491328692,-3.1861444629072757
6.712000000000576,-2.7192354535510743,0.06333193687367489,-0.43216439103205845,0.10687090298303976,-0.08915489224103837,-3.16666456378188
6.7130000000005765,-2.719129041607735,0.0632416878040367,-0.43532144193796996,0.10597543590490917,-0.09132252258011202,-3.1470280941439137
6.714000000000577,-2.719023519992576,0.06314927415176352,-0.43845877564509267,0.10509028989631772,-0.09348350066048625,-3.1272361574523106
6.715000000000577,-2.718918878258652,0.06305470261171947,-0.44157623723324035,0.10421571360844711,-0.09563774333607049,-3.107289867062072
6.7160000000005775,-2.71881510570881,0.06295797996079006,-0.4446736729014259,0.10335195879956459,-0.09778516976001643,-3.087190347987697
6.717000000000578,-2.7187121913925876,0.06285911305548333,-0.4477509299803825,0.1024992803170716,-0.09992570158760955,-3.0669387386150393
6.718000000000578,-2.718610124103386,0.06275810883002396,-0.45080785694492703,0.10165793542542113,-0.10205926133598298,-3.0465361851284745
6.7190000000005785,-2.718508892377119,0.0626549742983539,-0.45384430341075166,0.10082818199433598,-0.10418576755307007,-3.0259838234453156
6.720000000000579,-2.7184084844902765,0.06254971655436549,-0.4568601201341401,0.10001028055740298,-0.10630514061615325,-3.005282802030816
6.721000000000579,-2.718308888457387,0.06244234277034933,-0.4598551590301051,0.09920449498934267,-0.1084173047139635,-2.9844342897915555
6.7220000000005795,-2.718210092027398,0.06233286019236949,-0.46282927319353334,0.09841109258931291,-0.11052218818536387,-2.963439477469663
6.72300000000058,-2.7181120826802108,0.062221276135939134,-0.4657823169216845,0.09763034416293598,-0.11261972387008383,-2.942299578952043
6.72400000000058,-2.718014847623145,0.06210759798134624,-0.4687141457379432,0.09686252408482042,-0.11470984945560159,-2.921015832460264
6.7250000000005805,-2.7179183737873567,0.0619918331686454,-0.47162461641667947,0.09610791031513902,-0.11679250779480434,-2.899589501565505
6.726000000000581,-2.7178226478242835,0.061873989192363414,-0.4745135870090019,0.09536678433286358,-0.11886764715516725,-2.8780218759421503
6.727000000000581,-2.7177276561022143,0.06175407359601569,-0.477380916869082,0.09463943093375707,-0.12093522133995455,-2.8563142717296754
6.7280000000005815,-2.7176333847031664,0.061632093966603546,-0.48022646668056707,0.09392613782223586,-0.12299518959263364,-2.8344680313101476
6.729000000000582,-2.717539819420309,0.061508057929372084,-0.4830500984823665,0.09322719490164365,-0.12504751615345677,-2.812484522220956
6.730000000000582,-2.7174469457563033,0.06138197314326768,-0.4858516756927566,0.0925428931361156,-0.12709216927663805,-2.7903651347995653
6.7310000000005825,-2.7173547489230683,0.06125384729776766,-0.48863106313026544,0.09187352281783649,-0.12912911943040986,-2.7681112779862684
6.732000000000583,-2.7172632138436636,0.06112368811209004,-0.49138812702911433,0.09121937102511113,-0.13115833628093776,-2.745724372475684
6.733000000000583,-2.71717232515724,0.06099150333827124,-0.4941227350460312,0.09058071799901019,-0.13317978389343965,-2.7232058400895314
6.7340000000005835,-2.7170820672282945,0.060857300770273834,-0.49683475625392426,0.0899578321011652,-0.13519341336052756,-2.70055708782782
6.735000000000584,-2.71699242416185,0.06072108826221002,-0.49952406111611575,0.0893509171605998,-0.13719888911516387,-2.6777790193141326
6.736000000000584,-2.716903380205568,0.06058287600672436,-0.5021905181888673,0.08875964009395944,-0.1391927523850208,-2.6548670372757437
6.7370000000005845,-2.716814919482869,0.06044267512481964,-0.5048339935524685,0.08818426520893391,-0.14117478682550186,-2.631822333460812
6.738000000000585,-2.71672702597445,0.06030049743813398,-0.5074543562171316,0.08762520702298153,-0.1431460583092964,-2.608648323912752
6.739000000000585,-2.7166396832077164,0.06015635324631749,-0.5100514784325464,0.08708275384594685,-0.1451074683194684,-2.5853480684653762
6.7400000000005855,-2.7165528744914327,0.06001025203382542,-0.5126252353206467,0.08655705262055982,-0.1470597450153454,-2.561924245909102
6.741000000000586,-2.7164665830652224,0.05986220265153336,-0.5151755044753544,0.08604809223682774,-0.14900342533794686,-2.538379113239186
6.742000000000586,-2.716380792263369,0.059712213520122764,-0.5177021655162239,0.08555569240089096,-0.15093882940750541,-2.5147144563956005
6.7430000000005865,-2.7162954856813952,0.05956029285982592,-0.5202050995965248,0.08507951062540181,-0.1528660340111718,-2.4909315530841307
6.744000000000587,-2.716210647320608,0.05940644894088128,-0.5226841888938609,0.08461908116486722,-0.15478485912841022,-2.4670311808584784
6.745000000000587,-2.7161262616771413,0.05925069033429444,-0.5251393161438993,0.08417388848341575,-0.15669488290238634,-2.4430136975026313
6.7460000000005875,-2.71604231374953,0.059093026132477265,-0.527570364288926,0.08374345606949944,-0.1585954886868713,-2.4188791850570923
6.747000000000588,-2.715958788963694,0.05893346611406923,-0.5299772162830698,0.08332741927576702,-0.16048592939036282,-2.3946276096450756
6.748000000000588,-2.71587567304052,0.05877202084537256,-0.5323597550431395,0.08292556271031203,-0.1623653871480395,-2.3702589465429877
6.7490000000005885,-2.7157929518415593,0.05860870172947437,-0.5347178634974777,0.08253782454050174,-0.1642330150487122,-2.345773250703571
6.750000000000589,-2.7157106112205973,0.05844352102234384,-0.5370514246811674,0.08216428156800329,-0.16608795994463568,-2.321170681730074
6.751000000000589,-2.7156286368945297,0.058276491833063965,-0.539360321841137,0.08180512783509654,-0.1679293716329667,-2.2964515016703246
6.7520000000005895,-2.7155470143361455,0.05810762811926741,-0.541644438531987,0.08146065402231019,-0.16975640421267818,-2.271616060649525
6.75300000000059,-2.7154657286861417,0.05793694468348802,-0.543903658695313,0.08113120078815869,-0.17156852910280415,-2.2466652843888006
6.75400000000059,-2.715384764942347,0.05776445460964259,-0.5461378700862347,0.0808167947647871,-0.17336872944082446,-2.221605730907406
6.7550000000005905,-2.715304107915509,0.057590170134708685,-0.5483469656271079,0.08051760556936004,-0.17515762695802767,-2.1964401177931236
6.756000000000591,-2.7152237423009296,0.05741410222069662,-0.5505308400551638,0.08023386395242796,-0.17693514052088521,-2.17117004255254
6.757000000000591,-2.7151436525344383,0.05723626229548892,-0.5526893897048121,0.07996580045689068,-0.1787011831319612,-2.1457971022632853
6.7580000000005915,-2.715063822823062,0.05705666187571475,-0.5548225125085321,0.07971364134001373,-0.18045566504315813,-2.120322895891698
6.759000000000592,-2.714984237150822,0.05687531256851275,-0.5569301079992814,0.0794776057901542,-0.18219849540894556,-2.094749025159573
6.760000000000592,-2.714904879286789,0.056692226072149146,-0.5590120773133592,0.07925790415496073,-0.1839295830404159,-2.06907709468259
6.7610000000005925,-2.7148257327944965,0.05650741417618697,-0.5610683231932369,0.07905473694419476,-0.18564883662934678,-2.0433087118206057
6.762000000000593,-2.7147467810420474,0.05632088876160445,-0.5630987499902049,0.07886829441485552,-0.1873561646775219,-2.0174454864916243
6.763000000000593,-2.7146680072123974,0.056132661801075366,-0.5651032636668752,0.07869875658619827,-0.18905147527667718,-1.991489031082344
6.7640000000005935,-2.7145893943134647,0.055942745359510763,-0.5670817717996688,0.0785462935664508,-0.1907346758257603,-1.9654409605167336
6.765000000000594,-2.714510925187791,0.05575115159489616,-0.5690341835814617,0.07841106610144065,-0.19240567273474074,-1.939302892503521
6.766000000000594,-2.714432582521564,0.055557892759421953,-0.570960409824568,0.07829322627834598,-0.19406437114083375,-1.9130764479622697
6.7670000000005945,-2.714354348852888,0.05536298120088729,-0.5728603629642339,0.0781929183360224,-0.1957106746487768,-1.8867632516181945
6.768000000000595,-2.7142762065791937,0.05516642936435074,-0.5747339570628062,0.07811027954757392,-0.1973444850984202,-1.8603649327531266
6.769000000000595,-2.7141981379637476,0.05496824979400046,-0.5765811078147245,0.07804544115175015,-0.19896570235818972,-1.8338831261010324
6.7700000000005955,-2.714120125141207,0.0547684551352198,-0.5784017325524777,0.07799852931802084,-0.20057422414053894,-1.807319472879355
6.771000000000596,-2.714042150122195,0.05456705813682854,-0.5801957502536571,0.07796966613636655,-0.20216994583442904,-1.7806756219511586
6.772000000000596,-2.7139641947968807,0.054364071653485384,-0.5819630815492369,0.0779589706273979,-0.2037527603495881,-1.7539532311169932
6.7730000000005965,-2.713886240937531,0.05415950864824232,-0.583703648733212,0.07796655977175021,-0.2053225579674599,-1.7271539685392807
6.774000000000597,-2.713808270200034,0.053953382195246834,-0.585417375773729,0.0779925495600846,-0.2068792261941427,-1.7002795143057292
6.775000000000597,-2.713730264124349,0.05374570548259166,-0.5871041883258546,0.07803705606668124,-0.20842264961111984,-1.673331562141754
6.7760000000005975,-2.713652204133876,0.05353649181531665,-0.588764013746136,0.0781001965506931,-0.20995270972013147,-1.6463118212851404
6.777000000000598,-2.7135740715337087,0.05332575461856979,-0.5903967811091231,0.07818209058974522,-0.21146928477910032,-1.6192220185392396
6.778000000000598,-2.7134958475077307,0.053113507440937874,-0.5920024212260423,0.07828286125077959,-0.21297224962659722,-1.5920639005238335
6.7790000000005985,-2.713417513114526,0.052899763957959235,-0.593580866665828,0.07840263630288212,-0.21446147549292213,-1.564839236145458
6.780000000000599,-2.71333904928205,0.05268453797583256,-0.5951320517787444,0.07854154947627551,-0.21593682979650045,-1.5375498193113482
6.781000000000599,-2.7132604368010176,0.05246784343533689,-0.5966559127228538,0.07869974177067317,-0.2173981759249788,-1.5101974719131848
6.7820000000005995,-2.7131816563169595,0.052249694415978196,-0.5981523874936151,0.07887736281468384,-0.21884537300117715,-1.4827840471083038
6.7830000000006,-2.7131026883208924,0.05203010514037692,-0.5996214159569242,0.07907457227581309,-0.2202782756349531,-1.455311432926706
6.7840000000006,-2.7130235131385563,0.051809089978909956,-0.6010629398859356,0.07929154131766292,-0.22169673366309633,-1.4277815562316933
6.7850000000006006,-2.712944110918171,0.05158666345461723,-0.6024769030020325,0.07952845409697139,-0.22310059188063963,-1.4001963870596812
6.786000000000601,-2.712864461616687,0.051362840248379144,-0.6038632510203351,0.07978550928788983,-0.2244896897684922,-1.3725579433599109
6.787000000000601,-2.7127845449845,0.05113763520436542,-0.6052219317001541,0.0800629216140299,-0.22586386122410812,-1.344868296146257
6.7880000000006016,-2.7127043405486484,0.050911063335748054,-0.6065528949008027,0.08036092335991807,-0.22722293430403653,-1.3171295750595449
6.789000000000602,-2.71262382759452,0.05068313983066096,-0.6078560926431664,0.08067976582207854,-0.22856673098967337,-1.2893439743175232
6.790000000000602,-2.7125429851461664,0.05045388005837636,-0.6091314791773975,0.08101972064545143,-0.22989506699033446,-1.2615137589978147
6.7910000000006026,-2.7124617919453664,0.05022329957565223,-0.6103790110570178,0.08138108097257651,-0.23120775160083556,-1.2336412715524472
6.792000000000603,-2.7123802264296732,0.049991414133186377,-0.6115986472195848,0.08176416231019396,-0.23250458763394954,-1.2057289383848293
6.793000000000603,-2.712298266709793,0.04975823968209085,-0.6127903490738614,0.08216930298982984,-0.2337853714511525,-1.1777792762225396
6.794000000000604,-2.712215890546768,0.04952379238027572,-0.6139540805930931,0.08259686406472244,-0.2350498931175271,-1.1497948978794448
6.795000000000604,-2.712133075329633,0.049288088598604715,-0.6150898084134999,0.08304722844430842,-0.23629793670786975,-1.1217785167998993
6.796000000000604,-2.712049798054419,0.04905114492665858,-0.6161975019363461,0.08352079901873259,-0.23752928078991556,-1.09373294948842
6.797000000000605,-2.711966035305673,0.04881297817791833,-0.6172771334308553,0.08401799546897465,-0.2387436991056721,-1.0656611145078536
6.798000000000605,-2.711881763241973,0.048573605394164505,-0.618328678133636,0.08453924939301596,-0.2399409614611194,-1.0375660261113238
6.799000000000605,-2.711796957587355,0.04833304384888736,-0.6193521143379163,0.08508499730527005,-0.24112083481538857,-1.0094507796518295
6.800000000000606,-2.7117115936310148,0.04809131104952627,-0.6203474234623817,0.08565567098620705,-0.24228308452990266,-0.9813185245142118
6.801000000000606,-2.7116256462382546,0.047848424738417564,-0.6213145900841528,0.08625168457372205,-0.24342747569280565,-0.9531724181474514
6.802000000000606,-2.7115390898762475,0.04760440289244423,-0.6222536019124377,0.08687341770133156,-0.24455377437263143,-0.9250155513539426
6.803000000000607,-2.7114518986589746,0.04735926372156313,-0.6231644496670297,0.08752119390884426,-0.24566174858040238,-0.8968508295033554
6.804000000000607,-2.7113640464164597,0.04711302566664245,-0.6240471268064046,0.08819525349515245,-0.24675116864587696,-0.8686807854738363
6.805000000000607,-2.711275506794276,0.04686570739735246,-0.6249016290194466,0.08889571998041051,-0.24782180668591114,-0.8405072860068441
6.806000000000608,-2.711186253390091,0.04661732781111484,-0.6257279533465538,0.08962255943411632,-0.2488734349841435,-0.8123310720460296
6.807000000000608,-2.711096260080037,0.046367906609871584,-0.6265260963716485,0.0903752281589534,-0.24990460749743104,-0.7841499119407725
6.808000000000608,-2.711005501420833,0.04611746509649182,-0.6272960504632817,0.0911528598347001,-0.2509134416924579,-0.7559583520658136
6.809000000000609,-2.7109139526956634,0.045866025215146974,-0.6280378020451023,0.09195496541773768,-0.2519009014917284,-0.7277493099948246
6.810000000000609,-2.710821589907569,0.045613607943343695,-0.6287513278215051,0.09278059196968605,-0.252868093650811,-0.6995101522682731
6.811000000000609,-2.710728390302856,0.04536023295080512,-0.6294365890499815,0.093628099916356,-0.25381622953661065,-0.671222983258729
6.81200000000061,-2.7106343332457943,0.0451059185325665,-0.6300935281901917,0.09449485865639425,-0.25474687518873246,-0.6428693270623467
6.81300000000061,-2.7105394013387842,0.04485068110805017,-0.6307220725610694,0.09537699045441289,-0.2556622454119345,-0.6144388178470894
6.81400000000061,-2.7104435815676577,0.0445945346036835,-0.631322145815609,0.09626960370116197,-0.2565651302427899,-0.5859346357833056
6.815000000000611,-2.7103468659320757,0.04433749013914866,-0.6318936803395306,0.0971676336852321,-0.25745831340427605,-0.5573698608473387
6.816000000000611,-2.710249251223363,0.044079556315559286,-0.6324366232402382,0.09806670066517237,-0.2583439502954839,-0.5287596938912442
6.817000000000611,-2.710150738132748,0.043820739981599396,-0.6329509356626271,0.09896349311140402,-0.2592233123424058,-0.5001165609654773
6.818000000000612,-2.7100513301561797,0.04356104711786133,-0.633436589229935,0.09985574289098992,-0.2600968475948479,-0.4714490160644852
6.819000000000612,-2.7099510326189344,0.04330048359100851,-0.6338935624411318,0.10074204036418595,-0.26096435692228165,-0.4427624217281932
6.820000000000612,-2.709849851908927,0.0430390557186806,-0.6343218379875548,0.10162164070104718,-0.26182521264058456,-0.4140599919167818
6.821000000000613,-2.709747794817675,0.0427767693569723,-0.6347214016847408,0.10249443696054593,-0.26268084680537657,-0.38534534119274616
6.822000000000613,-2.7096448681147116,0.04251362932930703,-0.6350922430615404,0.10336062301477308,-0.26353283368428554,-0.3566214414045113
6.823000000000613,-2.709541078255436,0.04224963907964239,-0.6354343535483762,0.10422050385435568,-0.2643809855573894,-0.3278895780313682
6.824000000000614,-2.7094364313265014,0.04198480258968933,-0.6357477257232212,0.10507454823653696,-0.26522498570762615,-0.29915079185914345
6.825000000000614,-2.7093309328846793,0.04171912420483842,-0.6360323531481,0.10592333759469769,-0.2660644315440624,-0.27040602930666807
6.826000000000614,-2.7092245878649246,0.04145260870259203,-0.6362882303242313,0.10676752685318834,-0.2668988676822734,-0.24165623358227956
6.827000000000615,-2.709117400522871,0.041185261332080045,-0.6365153527177031,0.1076078141266297,-0.2677278110367358,-0.21290239735038152
6.828000000000615,-2.7090093744040002,0.040917087831775674,-0.6367137168244512,0.10844491726760698,-0.26855076962563246,-0.1841455904875605
6.829000000000615,-2.7089005123334244,0.04064809443099101,-0.6368833202544107,0.10927955582966142,-0.26936725645298865,-0.15538697186949724
6.830000000000616,-2.7087908164214163,0.040378287839510335,-0.637024161822033,0.1101124373838102,-0.2701767995495332,-0.12662779111181352
6.831000000000616,-2.7086802880807967,0.04010767522875537,-0.6371362416352259,0.11094424736324557,-0.2709789490261038,-0.09786938420655947
6.832000000000616,-2.7085689280529754,0.03983626420711602,-0.6372195611780134,0.11177564177034793,-0.27177328181444205,-0.06911316567781697
6.833000000000617,-2.7084567364400836,0.03956406279147916,-0.6372741233843632,0.11260724219585969,-0.2725594046299268,-0.04036061899149899
6.834000000000617,-2.708343712741123,0.0392910793765111,-0.6372999327020407,0.1134396326902525,-0.27333695558021676,-0.011613286349878616
6.835000000000617,-2.7082298558904836,0.039017322702603996,-0.6372969951474888,0.11427335798698007,-0.2741056074628711,0.01712721939255395
6.836000000000618,-2.7081151642986665,0.03874280179719629,-0.6372653185199478,0.11510892117080397,-0.2748651091931127,0.045858886439031424
6.837000000000618,-2.7079996358933185,0.038467525913921816,-0.6372049128112574,0.11594678433648728,-0.27561527248406165,0.07457941657028065
6.838000000000618,-2.7078832681595717,0.03819150447525864,-0.6371157903257523,0.11678737091075972,-0.27635593878067766,0.10328649349083498
6.839000000000619,-2.707766058177853,0.03791474704738242,-0.6369979656856974,0.11763106723378236,-0.27708697679261,0.1319777989572345
6.840000000000619,-2.7076480026600267,0.03763726331476559,-0.6368514558300492,0.11847822442150162,-0.2778082809811882,0.16065101900125375
6.841000000000619,-2.707529097983598,0.037359063055212055,-0.6366762800074256,0.11932916044092516,-0.27851976996722116,0.18930384930122085
6.84200000000062,-2.7074093402237835,0.03708015611650203,-0.6364724597641016,0.12018416231029373,-0.2792213849136238,0.21793399977272582
6.84300000000062,-2.707288725183333,0.036800552394650986,-0.6362400189277712,0.12104348835643108,-0.27991308792219943,0.24653919845714367
6.84400000000062,-2.7071672484200957,0.03652026181375361,-0.6359789835877393,0.12190737047806313,-0.28059486047245313,0.2751171947872983
6.845000000000621,-2.707044905272329,0.03623929430736044,-0.6356893820721273,0.12277601637715763,-0.28126670192146275,0.3036657623066452
6.846000000000621,-2.7069216908818086,0.03595765980131917,-0.6353712449226023,0.12364961173085762,-0.2819286280770613,0.3321827009132002
6.847000000000621,-2.7067976002147978,0.03567536819800346,-0.6350246048670734,0.124528322284819,-0.2825806698514621,0.36066583869319124
6.848000000000622,-2.706672628080975,0.035392429361846695,-0.634649496790734,0.12541229585511515,-0.28322287199862295,0.38911303340280856
6.849000000000622,-2.7065467691503997,0.0351088531060964,-0.6342459577057776,0.12630166423068165,-0.28385529193582076,0.41752217364993205
6.850000000000622,-2.7064200179686364,0.03482464918070571,-0.6338140267200616,0.1271965449718287,-0.2844779986478454,0.44589117982161836
6.851000000000623,-2.706292368970125,0.03453982726128082,-0.6333537450049539,0.12809704310288914,-0.28509107167075,0.47421800479759146
6.852000000000623,-2.7061638164899158,0.034254396939006476,-0.6328651557625583,0.12900325269878715,-0.2856946001510464,0.5025006344850786
6.853000000000623,-2.7060343547738706,0.033968367711476814,-0.6323483041924814,0.12991525836636614,-0.28628868197549806,0.5307370882060903
6.854000000000624,-2.7059039779874325,0.0336817489743632,-0.6318032374582744,0.13083313662182225,-0.2868734229661304,0.5589254189646449
6.855000000000624,-2.7057726802230686,0.033394550013857,-0.6312300046536564,0.13175695716565086,-0.2874489361346755,0.5870637136184674
6.856000000000624,-2.7056404555064946,0.033106779999830714,-0.6306286567686064,0.13268678405619122,-0.28801534099031634,0.6151500929772938
6.857000000000625,-2.7055072978017676,0.03281844797966747,-0.6299992466553832,0.13362267678220327,-0.2885727628942391,0.6431827118480463
6.858000000000625,-2.705373201015366,0.03252956287271546,-0.6293418289945202,0.13456469123395845,-0.289121332454084,0.6711597590457818
6.859000000000625,-2.705238158999342,0.03224013346533106,-0.6286564602608178,0.1355128805710914,-0.2896611849508457,0.6990794573883828
6.860000000000626,-2.705102165553666,0.03195016840648234,-0.627943198689343,0.13646729598394572,-0.2901924597900629,0.7269400636924402
6.861000000000626,-2.7049652144278573,0.03165967620389302,-0.6272021042414244,0.1374279873433477,-0.29071529996818685,0.7547398687876157
6.862000000000626,-2.7048272993220333,0.03136866522071686,-0.626433238570617,0.1383950037316417,-0.29122985154376546,0.7824771975669275
6.863000000000627,-2.7046884138874834,0.031077143672743533,-0.6256366649885906,0.13936839384539645,-0.29173626310144324,0.810150409090836
6.864000000000627,-2.704548551726914,0.030785119626150083,-0.6248124484308807,0.140348206257415,-0.2922346851946674,0.8377578967636525
6.865000000000627,-2.7044077063945053,0.03049260099582739,-0.6239606554224177,0.1413344895225203,-0.2927252697503063,0.8652980886016117
6.866000000000628,-2.7042658713959518,0.03019959554432968,-0.6230813540427343,0.14232729210801554,-0.29320816941501193,0.892769447612848
6.867000000000628,-2.7041230401886667,0.02990611088151708,-0.6221746138907283,0.14332666212571082,-0.29368353681897474,0.9201704723104095
6.868000000000628,-2.7039792061823675,0.029612154464988247,-0.621240506048836,0.14433264683796862,-0.2941515237276151,0.9474996973802179
6.869000000000629,-2.7038343627402828,0.02931773360143243,-0.6202791030464525,0.14534529190538956,-0.29461228004564927,0.9747556945263823
6.870000000000629,-2.7036885031812514,0.029022855449069393,-0.6192904788224068,0.14636464033866453,-0.2950659526308732,1.0019370735163127
6.871000000000629,-2.7035416207830423,0.028727527021392113,-0.618274708686284,0.14739073111201684,-0.29551268386711255,1.0290424834474152
6.87200000000063,-2.7033937087872455,0.028431755192481836,-0.6172318692783607,0.14842359739106406,-0.29595260993763084,1.0560706142554939
6.87300000000063,-2.703244760406152,0.02813554670422737,-0.6161620385279046,0.14946326432476206,-0.29638585873304796,1.083020198481973
6.87400000000063,-2.7030947688320786,0.02783890817584867,-0.6150652956095719,0.1505097463509612,-0.2968125473237639,1.1098900133122718
6.875000000000631,-2.7029437272496484,0.02754184611619367,-0.6139417208976276,0.15156304397069695,-0.297232778930122,1.1366788828907
6.876000000000631,-2.7027916288515788,0.02724436693933611,-0.6127913959177143,0.15262313996200222,-0.29764663934109997,1.1633856809077001
6.877000000000631,-2.702638466858528,0.0269464769840315,-0.6116144032959044,0.15368999503647407,-0.29805419277554296,1.1900093334430355
6.878000000000632,-2.7024842345435403,0.026648182537554042,-0.6104108267047926,0.15476354300077635,-0.2984554772660406,1.2165488220339598
6.879000000000632,-2.7023289252615,0.02634948986428555,-0.6091807508064264,0.1558436855834939,-0.29885049979805,1.2430031869218352
6.880000000000632,-2.7021725324838,0.026050405239077985,-0.6079242611919266,0.15693028723924893,-0.2992392316828837,1.2693715304165292
6.881000000000633,-2.7020150498379776,0.025750934984761317,-0.6066414443177122,0.15802317045584746,-0.2996216050022807,1.2956530203084657
6.882000000000633,-2.7018564711514585,0.025451085512109478,-0.605332387438321,0.15912211235711268,-0.299997511419866,1.3218468932547331
6.883000000000633,-2.7016967904975875,0.02515086335905526,-0.6039971785358883,0.16022684366333606,-0.30036680511419755,1.3479524580609439
6.884000000000634,-2.701536002241003,0.024850275224068574,-0.6026359062464398,0.1613370512245262,-0.30072931181070456,1.3739690987475055
6.885000000000634,-2.7013741010782533,0.024549327986809134,-0.6012486597833115,0.1624523851868983,-0.3010848454738182,1.3998962771717618
6.886000000000634,-2.7012110820687885,0.02424802870828688,-0.5998355288583628,0.16357247118619425,-0.30143323272548794,1.4257335347060587
6.887000000000635,-2.7010469406517235,0.023946384604461433,-0.5983966036011322,0.16469692644882167,-0.30177434043523277,1.4514804989724843
6.888000000000635,-2.7008816726464824,0.023644402999469825,-0.5969319744507492,0.16582537618162801,-0.3021080915705938,1.4771369270720904
6.889000000000635,-2.7007152742353844,0.02334209125185031,-0.5954417320388039,0.16695747174082423,-0.3024344945830482,1.5027026660450786
6.890000000000636,-2.700547741931218,0.023039456665512513,-0.5939259671222626,0.16809290378724012,-0.30275365588795944,1.5281776151483633
6.891000000000636,-2.700379072534367,0.022736506394514047,-0.5923847705406597,0.1692314080960418,-0.30306576876107777,1.553561706638803
6.892000000000636,-2.7002092630873027,0.02243324736725295,-0.5908182331938632,0.17037276529795295,-0.3033710885132128,1.5788548840166765
6.893000000000637,-2.7000383108315313,0.022129686239207542,-0.5892264460417181,0.17151679639394612,-0.3036699011677183,1.6040570805615126
6.894000000000637,-2.6998662131701794,0.02182582937707025,-0.5876095001237653,0.1726633562963317,-0.30396249319127056,1.629168201045758
6.895000000000637,-2.6996929676373114,0.021521682870555406,-0.5859674865948774,0.17381232715879777,-0.30424912751314354,1.6541881083576544
6.896000000000638,-2.699518571873674,0.021217252564345312,-0.5843004967716235,0.1749636124335189,-0.3045300278885715,1.6791166153753683
6.897000000000638,-2.699343023607953,0.020912544101814676,-0.5826086221844039,0.17611713190655057,-0.3048053711510085,1.7039534813781207
6.898000000000638,-2.6991663206425702,0.020607562973351364,-0.58089195463141,0.1772728175817119,-0.3050752856017812,1.72869841176182
6.899000000000639,-2.698988460843289,0.020302314564079573,-0.5791505862317647,0.17843061015945993,-0.3053398535039845,1.753351059759072
6.900000000000639,-2.6988094421321414,0.01999680419775139,-0.5773846094764145,0.17959045587593517,-0.3055991159331663,1.7779110290526732
6.901000000000639,-2.698629262483399,0.019691037175115746,-0.5755941172763192,0.18075230353559474,-0.3058530787152614,1.8023778764492142
6.90200000000064,-2.69844791992245,0.019385018806122884,-0.5737792030081861,0.1819161016387641,-0.3061017186392942,1.8267511140450048
6.90300000000064,-2.698265412527528,0.01907875443595335,-0.5719399605584459,0.1830817955552973,-0.3063449894862708,1.851030210529052
6.90400000000064,-2.6980817384342393,0.01877224946518914,-0.5700764843664461,0.1842493247261585,-0.30658282765724226,1.8752145914214295
6.905000000000641,-2.6978968958428826,0.018465509364578348,-0.5681888694679831,0.18541861989085334,-0.30681515733310066,1.8993036381498898
6.906000000000641,-2.697710883028524,0.01815853968486336,-0.5662772115403512,0.18658960034569938,-0.3070418951825396,1.923296685937001
6.907000000000641,-2.6975236983537916,0.017851346062101255,-0.5643416069500929,0.18776217124026698,-0.3072629546752393,1.9471930205174313
6.908000000000642,-2.6973353402843574,0.01754393421883826,-0.5623821528045962,0.18893622091993156,-0.30747825007100155,1.9709918737407213
6.909000000000642,-2.6971458074070442,0.017236309961428702,-0.5603989470086096,0.1901116183232437,-0.3076877001529046,1.994692418146992
6.910000000000642,-2.6969550984505073,0.01692847917372619,-0.5583920883266468,0.19128821044491817,-0.3078912317599957,2.018293760637514
6.911000000000643,-2.6967632123084107,0.016620447807327757,-0.5563616764521073,0.19246581987938854,-0.30808878315614296,2.0417949354036966
6.912000000000643,-2.696570148065014,0.016312221868526575,-0.5543078120837511,0.1936442424665254,-0.3082803072481581,2.0651948963304734
6.913000000000643,-2.6963759050230456,0.01600380740212896,-0.5522305970099186,0.19482324507055254,-0.30846577463888525,2.0884925091561737
6.914000000000644,-2.696180482733714,0.01569521047232093,-0.5501301342005647,0.1960025635355209,-0.30864517646984296,2.1116865437524783
6.915000000000644,-2.69598388102865,0.01538643714083208,-0.5480065279067652,0.19718190087580162,-0.30881852697343637,2.134775666985212
6.916000000000644,-2.69578610005351,0.015077493442742874,-0.5458598837668396,0.19836092577750075,-0.3089858656173499,2.157758436727284
6.917000000000645,-2.6955871403028766,0.014768385360418114,-0.5436903089176016,0.19953927150556725,-0.3091472586849545,2.180633297713395
6.918000000000645,-2.69538700265601,0.014459118796224218,-0.5414979121085038,0.2007165353301142,-0.30930280009814576,2.203398580041708
6.919000000000645,-2.6951856884128507,0.014149699544897759,-0.5392828038155841,0.2018922786017443,-0.30945261125732887,2.226052501224122
6.920000000000646,-2.6949831993295694,0.01384013326666853,-0.5370450963511898,0.20306602761622225,-0.309596839653505,2.2485931727410935
6.921000000000646,-2.6947795376527917,0.013530425462486853,-0.5347849039645002,0.20423727540959732,-0.30973565600755076,2.271018612039981
6.922000000000646,-2.694574706151518,0.013220581452937105,-0.5325023429269794,0.20540548461129438,-0.30986924972082747,2.2933267607950905
6.923000000000647,-2.694368708145616,0.012910606362604918,-0.530197531596189,0.2065700914503924,-0.30999782248781604,2.3155155099921187
6.924000000000647,-2.694161547529716,0.012600505111763,-0.5278705904510184,0.2077305109562202,-0.3101215800314063,2.33758273198898
6.925000000000647,-2.693953228791332,0.012290282417206772,-0.5255216420915119,0.20888614331809502,-0.31024072207490827,2.359526319139193
6.926000000000648,-2.6937437570220917,0.011979942803865893,-0.5231508111972185,0.21003638127414961,-0.3103554308531958,2.3813442278748145
6.927000000000648,-2.6935331379211727,0.01166949062841536,-0.5207582244394684,0.21118061829433712,-0.3104658586693749,2.4030345264029074
6.928000000000648,-2.693321377790303,0.011358930115508419,-0.5183440103451776,0.21231825722129902,-0.3105721151935862,2.424595443478464
6.929000000000649,-2.6931084835200623,0.011048265406483921,-0.5159082991125985,0.21344871895139533,-0.3106742553413899,2.446025415204762
6.930000000000649,-2.692894462567688,0.01073750061952947,-0.5134512223826152,0.21457145069332928,-0.31077226862626806,2.467323126601881
6.931000000000649,-2.6926793229270176,0.01042663991940458,-0.510972912972391,0.21568593334573424,-0.310866070830316,2.488487544859854
6.93200000000065,-2.6924630730916608,0.010115687594056602,-0.5084735045809978,0.2167916875920965,-0.31095549867433153,2.509517941771667
6.93300000000065,-2.6922457220128404,0.009804648134900997,-0.5059531314787301,0.21788827841565206,-0.31104030791133014,2.5304139037584394
6.93400000000065,-2.692027279053569,0.009493526317263742,-0.503411928192842,0.2189753178732378,-0.31112017495451677,2.5511753290177936
6.935000000000651,-2.6918077539409175,0.009182327277529252,-0.5008500292023392,0.22005246611437054,-0.31119470183198933,2.571802412468915
6.936000000000651,-2.6915871567180916,0.00887105658388384,-0.4982675686532687,0.2211194307680907,-0.31126342398527873,2.5922956201587843
6.937000000000651,-2.6913654976978325,0.008559720298129764,-0.4956646801039029,0.2221759649274893,-0.31132582023436656,2.612655655501335
6.938000000000652,-2.691142787418406,0.008248325026777534,-0.49304149630663674,0.22322186402996905,-0.31138132413593617,2.6328834200804123
6.939000000000652,-2.6909190366031317,0.007936877960405321,-0.49039814903064655,0.22425696195818548,-0.31142933596200406,2.6529799717651805
6.940000000000652,-2.690694256124063,0.007625386901015197,-0.48773476892672385,0.2252811266773424,-0.31146923460463327,2.672946482625661
6.941000000000653,-2.6904684569701534,0.007313860277750762,-0.48505148543342125,0.22629425568853043,-0.31150038884244075,2.6927841986896994
6.942000000000653,-2.690241650219962,0.007002307151831591,-0.4823484267218692,0.22729627152601142,-0.3115221675580833,2.7124944030491327
6.943000000000653,-2.6900138470187787,0.006690737211895174,-0.47962571967538586,0.22828711746878153,-0.31153394864904926,2.7320783832861513
6.944000000000654,-2.6897850585598775,0.006379160761126087,-0.47688348989927865,0.2292667535811147,-0.31153512651011667,2.7515374037104743
6.945000000000654,-2.6895552960695457,0.006067588697617098,-0.47412186175594695,0.23023515314807294,-0.3115251180754971,2.7708726825073864
6.946000000000654,-2.689324570795468,0.0057560324893764225,-0.4713409584204514,0.23119229953261367,-0.31150336748903396,2.7900853736071194
6.947000000000655,-2.689092893998045,0.005444504145298196,-0.4685409019520067,0.23213818345143175,-0.31146934952345834,2.809176552892795
6.948000000000655,-2.6888602769442382,0.005133016183275571,-0.4657218133773001,0.23307280064627206,-0.3114225718988047,2.8281472082531938
6.949000000000655,-2.6886267309035587,0.004821581596478471,-0.46288381278205926,0.23399614991469747,-0.31136257666088835,2.8469982329401207
6.950000000000656,-2.6883922671458693,0.004510213818657057,-0.4600270194078362,0.23490823145752882,-0.3112889407784549,2.865730421690183
6.951000000000656,-2.6881568969406917,0.00419892668917772,-0.4571515517515018,0.23580904549778844,-0.311201276106793,2.8843444691015683
6.952000000000656,-2.687920631557787,0.003887734418357993,-0.4542575276654301,0.23669859112658942,-0.31109922884990715,2.9028409698051494
6.953000000000657,-2.687683482268783,0.0035766515535432678,-0.45134506445678496,0.2375768653339139,-0.31098247863549894,2.9212204200263945
6.954000000000657,-2.687445460349704,0.003265692946451272,-0.44841427898424785,0.23844386223953862,-0.31085073113341705,2.9394832410319536
6.955000000000657,-2.6872065770837668,0.0029548737894522035,-0.4454652875735486,0.23929957280468683,-0.31070360762858196,2.9576301481033185
6.956000000000658,-2.6869668437661236,0.002644209669056328,-0.442498205693276,0.24014398279965066,-0.3105406694442359,2.975662055949555
6.957000000000658,-2.6867262717087446,0.0023337166053277294,-0.43951314794455093,0.2409770721189484,-0.31036150847651234,2.9935797771628136
6.958000000000658,-2.686484872246715,0.002023411014157097,-0.4365102281667024,0.24179881464962863,-0.3101657473676525,3.0113840238474636
6.959000000000659,-2.686242656744411,0.001713309674270938,-0.4334895595347329,0.24260917784230657,-0.3099530374616205,3.029075413604069
6.960000000000659,-2.6859996366021575,0.0014034296995358228,-0.4304512546509384,0.24340812227156952,-0.3097230568088689,3.0466544752532685
6.961000000000659,-2.6857558232633325,0.0010937885132279235,-0.42739542563094335,0.24419560117301517,-0.3094755082224536,3.064121654274665
6.96200000000066,-2.6855112282219507,0.0007844038242199374,-0.4243221841844545,0.24497155994583245,-0.30921011738791504,3.081477317924934
6.96300000000066,-2.6852658630307693,0.0004752936050317249,-0.4212316416910674,0.24573593561249737,-0.30892663102605433,3.098721760012613
6.96400000000066,-2.6850197393099524,0.00016647607169299153,-0.41812390927147514,0.2464886562298001,-0.3086248151057345,3.115855205317327
6.965000000000661,-2.6847728687563532,-0.00014203033463028542,-0.4149990978544371,0.24722964024821528,-0.30830445310302435,3.132877813649465
6.966000000000661,-2.6845252631534637,-0.0004502069642903625,-0.41185731823986765,0.24795879581976266,-0.30796534430333283,3.1497896835535273
6.967000000000661,-2.6842769343820763,-0.0007580349741351526,-0.4086986811583948,0.24867602005818049,-0.30760730214468623,3.16659085566527
6.968000000000662,-2.6840278944317078,-0.001065495340849978,-0.40552329732772857,0.24938119825966595,-0.3072301526030708,3.18328131574029
6.969000000000662,-2.683778155412819,-0.0013725688727079688,-0.402331277506154,0.2500742030978435,-0.30683373262493263,3.19986099738061
6.970000000000662,-2.683527729569839,-0.001679236219781248,-0.39912273254343367,0.25075489381320326,-0.30641788861765995,3.2163297844969065
6.971000000000663,-2.683276629294993,-0.0019854778826794662,-0.39589777342935906,0.2514231154251553,-0.30598247501631576,3.232687513557996
6.972000000000663,-2.683024867142893,-0.0022912742199049743,-0.39265651134013124,0.25207869800410576,-0.3055273529541081,3.24893397569652
6.973000000000663,-2.6827724558458015,-0.0025966054539467145,-0.38939905768267113,0.25272145605141605,-0.305052389074966,3.2650689187605497
6.974000000000664,-2.6825194083294397,-0.0029014516762792338,-0.38612552413685897,0.25335118804627915,-0.3045574545387067,3.2810920494244313
6.975000000000664,-2.682265737729135,-0.0032057928514898654,-0.38283602269557704,0.25396767622952654,-0.30404242428171735,3.297003035496948
6.976000000000664,-2.6820114574060323,-0.0035096088208256978,-0.37953066570227917,0.25457068670365446,-0.30350717660724497,3.3128015085875417
6.977000000000665,-2.681756580963013,-0.0038128793055300213,-0.3762095658856419,0.2551599699337729,-0.30295159318686915,3.3284870673068023
6.978000000000665,-2.6815011222598732,-0.004115583910420225,-0.37287283639067365,0.25573526173292915,-0.30237555955524503,3.344059281178456
6.979000000000665,-2.681245095427254,-0.004417702128236793,-0.3695205908054896,0.25629628480415784,-0.30177896616981653,3.3595176954177712
6.980000000000666,-2.6809885148787185,-0.004719213345353176,-0.36615294318283015,0.2568427508876711,-0.30116171008194703,3.374861836676384
6.981000000000666,-2.680731395320389,-0.0050200968494626096,-0.36277000805534376,0.25737436352295756,-0.30052369722289884,3.3900912197588786
6.982000000000666,-2.6804737517575257,-0.0053203318398322656,-0.3593719004437148,0.257890821382664,-0.29986484524704166,3.4052053551806423
6.983000000000667,-2.6802155994975365,-0.005619897440621228,-0.35595873585692994,0.25839182207195177,-0.2991850867995943,3.420203757268087
6.984000000000667,-2.679956954149028,-0.005918772717586915,-0.35253063028436543,0.2588770662216185,-0.29848437299654085,3.4350859523226194
6.985000000000667,-2.6796978316167106,-0.006216936698257031,-0.3490877001799382,0.2593462616472722,-0.29776267683466995,3.4498514862127236
6.986000000000668,-2.679438248092228,-0.006514368395339314,-0.34563006243925315,0.25979912731322774,-0.2970199962072539,3.4644999306654345
6.987000000000668,-2.6791782200412255,-0.00681104683281406,-0.34215783437141367,0.26023539683940633,-0.2962563562011738,3.4790308875370326
6.988000000000668,-2.678917764187231,-0.007106951073852092,-0.33867113366782564,0.2606548213271288,-0.29547181040249065,3.4934439904737333
6.989000000000669,-2.678656897493119,-0.007402060249473169,-0.3351700783708025,0.26105717135138407,-0.2946664410361452,3.5077389036191553
6.990000000000669,-2.678395637141011,-0.007696353586747627,-0.3316547868449621,0.26144223806039024,-0.29384035789581503,3.5219153173482507
6.991000000000669,-2.6781340005115117,-0.007989810435367182,-0.3281253777542569,0.26180983342009456,-0.2929936961573457,3.535972941346374
6.99200000000067,-2.6778720051630684,-0.008282410291563885,-0.32458197004700917,0.26215978972353615,-0.29212661328722356,3.5499114956411066
6.99300000000067,-2.677609668812119,-0.008574132818609172,-0.32102468295061104,0.2624919585395336,-0.29123928533579735,3.563730700381261
6.99400000000067,-2.6773470093144858,-0.008864957863432846,-0.31745363597671455,0.2628062092967522,-0.2903319029339735,3.5774302652177328
6.995000000000671,-2.6770840446482884,-0.009154865469215649,-0.3138689489369037,0.26310242769066255,-0.28940466729456155,3.591009879081047
6.996000000000671,-2.6768207928984777,-0.009443835884087428,-0.31027074196811333,0.26338051407062557,-0.2884577864671184,3.604469201000853
6.997000000000671,-2.676557272242942,-0.009731849566278336,-0.30665913556651236,0.2636403819228358,-0.2874914720239917,3.6178078524149324
6.998000000000672,-2.676293500940057,-0.010018887186211823,-0.3030342506282242,0.26388195652168916,-0.2865059362806263,3.6310254112099156
6.999000000000672,-2.6760294973174834,-0.010304929626097673,-0.29939620849510873,0.26410517378410875,-0.28550139008657077,3.644121407553463
7.000000000000672,-2.675765279762013,-0.010589957977592846,-0.29574513100384625,0.2643099793320274,-0.2844780411715432,3.6570953214357256
7.001000000000673,-2.675500866710249,-0.010873953538063197,-0.2920811405366964,0.2644963277484239,-0.2834360929953946,3.66994658174194
7.002000000000673,-2.675236276639949,-0.01115689780591655,-0.28840436007251474,0.2646641820010527,-0.2823757440306466,3.6826745666247698
7.003000000000673,-2.6749715280618735,-0.011438772475401305,-0.28471491323685044,0.2648135130034263,-0.2812971873985232,3.695278604926374
7.004000000000674,-2.6747066395120145,-0.011719559431185363,-0.2810129243502002,0.2649442992826468,-0.28020061078052766,3.7077579784064505
7.005000000000674,-2.6744416295441145,-0.011999240742954916,-0.27729851847372433,0.26505652672650204,-0.27908619653435535,3.7201119245544945
7.006000000000674,-2.6741765167224125,-0.012277798660206068,-0.27357182145193953,0.26515018838643734,-0.2779541219526122,3.7323396397947066
7.007000000000675,-2.6739113196145645,-0.012555215607345741,-0.26983295995207845,0.26522528431759546,-0.27680455961349065,3.744440282924928
7.008000000000675,-2.673646056784705,-0.012831474179172802,-0.2660820614999468,0.2652818214414892,-0.27563767778297776,3.756412978662996
7.009000000000675,-2.673380746786653,-0.013106557136774583,-0.2623192545122224,0.2653198134207099,-0.2744536408376011,3.768256821202936
7.010000000000676,-2.6731154081572237,-0.013380447403847189,-0.25854466832522427,0.2653392805382543,-0.27325260968482074,3.7799708777084104
7.011000000000676,-2.6728500594096753,-0.013653128063428515,-0.2547584332202421,0.26534024957657104,-0.27203474216486784,3.7915541916916013
7.012000000000676,-2.6725847190272662,-0.01392458235501952,-0.2509606804455591,0.2653227536933438,-0.2708001934231809,3.8030057862423887
7.013000000000677,-2.672319405456947,-0.014194793672060588,-0.24715154223533034,0.2652868322924303,-0.2695491162467525,3.814324667085757
7.014000000000677,-2.6720541371031787,-0.01446374555972486,-0.243331151825495,0.2652325308893672,-0.2682816613608528,3.825509825455333
7.015000000000677,-2.671788932321893,-0.014731421712988057,-0.239499643466909,0.2651599009715132,-0.26699797768492334,3.836560240778385
7.016000000000678,-2.67152380941459,-0.014997805974934029,-0.23565715243588692,0.2650689998533206,-0.26569821254810494,3.8474748831729966
7.017000000000678,-2.6712587866225874,-0.015262882335256396,-0.23180381504233888,0.2649598905274654,-0.2643825118660187,3.8582527157618824
7.018000000000678,-2.6709938821214148,-0.015526634928918594,-0.22793976863568244,0.2648326415126719,-0.2630510202811861,3.8688926968098714
7.019000000000679,-2.6707291140153666,-0.015789048034937397,-0.22406515160870155,0.26468732669909273,-0.2617038812699432,3.879393781693651
7.020000000000679,-2.6704645003322085,-0.01605010607525788,-0.22018010339951577,0.26452402519206497,-0.2603412372189607,3.8897549247132783
7.021000000000679,-2.6702000590180406,-0.01630979361369108,-0.2162847644918129,0.26434282115499314,-0.25896322947458017,3.899975080755355
7.02200000000068,-2.6699358079323154,-0.016568095354888714,-0.21237927641348847,0.26414380365201817,-0.25756999836816735,3.9100532068177807
7.02300000000068,-2.6696717648430206,-0.016824996143332556,-0.2084637817338257,0.26392706649103126,-0.2561616832205969,3.9199882634058003
7.02400000000068,-2.669407947422008,-0.017080480962319122,-0.2045384240593397,0.26369270806749384,-0.25473842232885,3.9297792158086464
7.025000000000681,-2.669144373240486,-0.017334534932923158,-0.20060334802840102,0.2634408312094289,-0.2533003529375402,3.939425035265606
7.026000000000681,-2.668881059764664,-0.017587143312926212,-0.19665869930474514,0.2631715430238649,-0.25184761119800164,3.9489247000297807
7.027000000000681,-2.6686180243515496,-0.01783829149569911,-0.1927046245699659,0.26288495474493534,-0.25038033211738503,3.958277196337233
7.028000000000682,-2.6683552842448934,-0.018087965009029434,-0.1887412715150842,0.2625811815837729,-0.24889864950001672,3.967481519288623
7.029000000000682,-2.668092856571291,-0.01833614951388736,-0.18476878883127607,0.2622603425802825,-0.24740269588309077,3.9765366736498837
7.030000000000682,-2.6678307583364234,-0.018582830803125148,-0.18078732619983776,0.2619225604568323,-0.2458926024685847,3.9854416745779213
7.031000000000683,-2.6675690064214495,-0.018827994800107353,-0.17679703428146076,0.2615679614738683,-0.24436849905311867,3.994195548276822
7.032000000000683,-2.6673076175795387,-0.019071627557270515,-0.17279806470488282,0.2611966752874325,-0.2428305139573164,4.002797332589561
7.033000000000683,-2.6670466084325426,-0.01931371525461255,-0.16879057005497783,0.26080883480854733,-0.24127877395607392,4.011246077529765
7.034000000000684,-2.6667859954678157,-0.01955424419811337,-0.16477470386034204,0.26040457606441814,-0.23971340421099943,4.019540845757656
7.035000000000684,-2.6665257950351604,-0.019793200818089517,-0.1607506205804307,0.25998403806140324,-0.2381345282061543,4.027680713003971
7.036000000000684,-2.6662660233439226,-0.020030571667486563,-0.1567184755922953,0.25954736264969996,-0.23654226768810044,4.035664768445251
7.037000000000685,-2.66600669646021,-0.02026634342011411,-0.15267842517696853,0.25909469438970334,-0.23493674261114217,4.043492115033655
7.038000000000685,-2.665747830304248,-0.020500502868828947,-0.14863062650554104,0.2586261804200015,-0.233318071088542,4.051161869784125
7.039000000000685,-2.665489440647872,-0.02073303692367267,-0.144575237624971,0.25814197032698527,-0.2316863693503877,4.058673164021523
7.040000000000686,-2.665231543112135,-0.020963932609970745,-0.14051241744366577,0.25764221601606285,-0.23004175170869182,4.0660251435901245
7.041000000000686,-2.664974153165063,-0.02119317706640048,-0.13644232571687193,0.2571270715844879,-0.22838433053021598,4.073216969027653
7.042000000000686,-2.6647172861195147,-0.021420757543035858,-0.13236512303190795,0.256596693195824,-0.22671421621742757,4.080247815705909
7.043000000000687,-2.6644609571311877,-0.021646661399377508,-0.12828097079327233,0.25605123895608844,-0.22503151719791742,4.087116873939839
7.044000000000687,-2.6642051811967296,-0.021870876102376466,-0.12419003120765766,0.25549086879163324,-0.2233363399225331,4.0938233490668265
7.045000000000687,-2.663949973151982,-0.022093389224460434,-0.1200924672688995,0.25491574432883984,-0.221628788872412,4.100366461497817
7.046000000000688,-2.6636953476703358,-0.022314188441571646,-0.11598844274288764,0.2543260287757199,-0.21990896657503292,4.106745446741828
7.047000000000688,-2.6634413192612136,-0.02253326153122524,-0.11187812215246551,0.2537218868055289,-0.21817697362934338,4.112959555405299
7.048000000000688,-2.663187902268657,-0.02275059637059734,-0.10776167076234218,0.25310348444251435,-0.21643290873996077,4.119008053167662
7.049000000000689,-2.6629351108700328,-0.022966180934651827,-0.10363925456404022,0.25247098894993214,-0.2146768687603923,4.12489022073446
7.050000000000689,-2.66268295907485,-0.023180003294314817,-0.09951104026090099,0.2518245687204748,-0.21290894874516653,4.130605353769264
7.051000000000689,-2.6624314607236834,-0.023392051614705606,-0.09537719525316822,0.2511643931692656,-0.21112924201072222,4.136152762805643
7.05200000000069,-2.662180629487202,-0.02360231415343286,-0.09123788762316894,0.2504906326295776,-0.20933784020485602,4.141531773140344
7.05300000000069,-2.6619304788653055,-0.023810779258964365,-0.08709328612061028,0.24980345825144404,-0.2075348333844888,4.146741724708846
7.05400000000069,-2.6616810221863516,-0.02401743536907864,-0.08294356014800897,0.2491030419033261,-0.20572031010147324,4.151781971944406
7.055000000000691,-2.6614322726064903,-0.024222271009406205,-0.07878887974626951,0.248389556077009,-0.20389435749613002,4.156651883621695
7.056000000000691,-2.6611842431090835,-0.024425274792068116,-0.07462941558042611,0.24766317379589278,-0.2020570613981688,4.161350842686105
7.057000000000691,-2.6609369465042194,-0.02462643541441896,-0.07046533892556192,0.2469240685268437,-0.20020850643462063,4.165878246069764
7.058000000000692,-2.6606903954283103,-0.024825741657901107,-0.0662968216529184,0.24617241409576596,-0.19834877614438395,4.170233504495309
7.059000000000692,-2.660444602343775,-0.025023182387016646,-0.062124036216206775,0.2454083846070477,-0.19647795309896315,4.174416042268424
7.060000000000692,-2.6601995795387983,-0.025218746548422953,-0.05794715563813196,0.24463215436702693,-0.1945961190289583,4.178425297060141
7.061000000000693,-2.659955339127165,-0.025412423170157447,-0.05376635349713897,0.24384389781161328,-0.192703354955849,4.18226071967989
7.062000000000693,-2.6597118930481667,-0.02560420136099658,-0.0495818039143905,0.243043789438191,-0.19079974132859945,4.185921773840261
7.063000000000693,-2.659469253066571,-0.0257940703099536,-0.04539368154098343,0.2422320037419163,-0.18888535816460159,4.189407935914414
7.064000000000694,-2.6592274307726527,-0.02598201928591927,-0.04120216154541122,0.24140871515650933,-0.1869602851944625,4.192718694687081
7.065000000000694,-2.6589864375822847,-0.02616803763744905,-0.0370074196012781,0.2405740979996267,-0.18502460201013687,4.195853551100066
7.066000000000694,-2.65874628473708,-0.026352114792699877,-0.03280963187527019,0.23972832642288722,-0.18307838821589917,4.198812017993126
7.067000000000695,-2.6585069833045774,-0.026534240259519136,-0.02860897501538753,0.23887157436660708,-0.18112172358164869,4.201593619841137
7.068000000000695,-2.658268544178477,-0.02671440362568785,-0.024405626139440594,0.23800401551928693,-0.17915468819803884,4.204197892488368
7.069000000000695,-2.6580309780789078,-0.02689259455931975,-0.020199762823813493,0.23712582328187667,-0.1771773626329239,4.206624382880739
7.070000000000696,-2.6577942955527325,-0.027068802809417192,-0.015991563092495623,0.23623717073682962,-0.17518982808861794,4.208872648796871
7.071000000000696,-2.6575585069738796,-0.027243018206584563,-0.011781205406382503,0.2353382306219418,-0.17319216655946457,4.210942258578743
7.072000000000696,-2.657323622543698,-0.027415230663899153,-0.007568868652845819,0.2344291753089573,-0.1711844609892217,4.212832790862757
7.073000000000697,-2.6570896522913316,-0.027585430177939164,-0.003354732135571835,0.23351017678690655,-0.16916679542776955,4.214543834311991
7.074000000000697,-2.6568566060741103,-0.027753606829967865,0.0008610244353333451,0.23258140665012988,-0.16713925518665868,4.216074987350405
7.075000000000697,-2.6566244935779477,-0.02791975078727249,0.005078220952974048,0.23164303609092535,-0.16510192699301995,4.217425857899776
7.076000000000698,-2.6563933243177438,-0.028083852304656057,0.00929667692303392,0.23069523589674706,-0.16305489914136737,4.218596063120102
7.077000000000698,-2.6561631076377905,-0.028245901726079718,0.013516211472887276,0.22973817645186767,-0.16099826164283124,4.219585229154223
7.078000000000698,-2.655933852712172,-0.0284058894864529,0.017736643360457497,0.22877202774340696,-0.158932106371368,4.2203929908774
7.079000000000699,-2.6557055685451587,-0.028563806113567906,0.021957790982827796,0.22779695937161776,-0.15685652720650037,4.221018991652585
7.080000000000699,-2.6554782639715833,-0.028719642230175375,0.026179472384610436,0.22681314056430885,-0.1547716201721497,4.221462883092116
7.081000000000699,-2.6552519476572085,-0.02887338855619641,0.030401505266081142,0.22582074019527565,-0.1526774835711305,4.2217243248265675
7.0820000000007,-2.655026628099068,-0.029025035911066886,0.03462370699108628,0.22481992680659862,-0.15057421811488414,4.221802984281484
7.0830000000007,-2.65480231362595,-0.02917457521667567,0.038845894593372746,0.2238108681807628,-0.1484619283430969,4.221698530828353
7.0840000000007,-2.654579012400043,-0.02932199750382681,0.04306788476763806,0.22279372984523382,-0.14634072710387738,4.221410616639212
7.085000000000701,-2.654356732418145,-0.029467293917683254,0.04728949385970703,0.22176867660129548,-0.1442107314156027,4.220938895040251
7.086000000000701,-2.654135481512501,-0.02961045572234905,0.05151053787270289,0.22073587311526272,-0.14207206098929345,4.220283027211238
7.087000000000701,-2.6539152673507207,-0.029751474303047733,0.0557308324748023,0.21969548395578065,-0.139924838330565,4.219442681985039
7.088000000000702,-2.653696097435853,-0.029890341168964628,0.05995019300679374,0.2186476736338815,-0.13776918883499387,4.218417535657942
7.089000000000702,-2.6534779791064267,-0.030027047956181385,0.0641684344894534,0.21759260664582136,-0.1356052408758329,4.217207271814479
7.090000000000702,-2.6532609195364394,-0.03016158643069429,0.06838537163075352,0.21653044751846554,-0.13343312588371528,4.215811581167421
7.091000000000703,-2.653044925735305,-0.030293948491508103,0.07260081883291843,0.2154613608569797,-0.13125297841799974,4.2142301614135595
7.092000000000703,-2.6528300045477504,-0.030424126173796924,0.07681459019934464,0.21438551139457437,-0.12906493622942064,4.212462717105875
7.093000000000703,-2.6526161626536617,-0.030552111652123216,0.08102649954140154,0.21330306404403696,-0.12686914031371982,4.210508959542672
7.094000000000704,-2.6524034065678794,-0.03067789724370584,0.08523636038512984,0.21221418395077415,-0.1246657349559514,4.208368606674191
7.095000000000704,-2.6521917426399364,-0.03080147541172757,0.08944398597785572,0.21111903654707273,-0.12245486776516583,4.206041383027169
7.096000000000704,-2.651981177053747,-0.0309228387686724,0.0936491892947385,0.21001778760727285,-0.12023668969919678,4.20352701964776
7.097000000000705,-2.651771715827233,-0.031041980079682552,0.0978517830452708,0.20891060330353226,-0.11801135507929292,4.200825254063152
7.098000000000705,-2.651563364811903,-0.031158892265924935,0.10205157967974952,0.20779765026184305,-0.11577902159435648,4.1979358302621375
7.099000000000705,-2.6513561296923656,-0.03127356840795659,0.10624839139573719,0.20667909561794556,-0.11353985029457264,4.194858498694798
7.100000000000706,-2.651150015985796,-0.0313860017490783,0.1104420301445324,0.20555510707276614,-0.11129400557423702,4.191593016291366
7.101000000000706,-2.6509450290413414,-0.03149618569866566,0.11463230763766878,0.20442585294698604,-0.1090416551436137,4.188139146500192
7.102000000000706,-2.650741174039475,-0.03160411383546636,0.11881903535346143,0.20329150223433032,-0.1067829699896832,4.184496659344654
7.103000000000707,-2.6505384559912972,-0.03170977991085264,0.12300202454361953,0.2021522246531453,-0.10451812432566784,4.180665331498647
7.104000000000707,-2.650336879737786,-0.03181317785201768,0.1271810862399436,0.20100819069581402,-0.10224729552925149,4.1766449463801925
7.105000000000707,-2.650136449949,-0.031914301765104416,0.13135603126112513,0.19985957167553858,-0.09997066406944145,4.172435294262506
7.106000000000708,-2.6499371711232365,-0.032013145938255674,0.13552667021966577,0.19870653976999994,-0.09768841342205184,4.168036172401682
7.107000000000708,-2.6497390475861438,-0.032109704844573955,0.13969281352893193,0.19754926806138598,-0.09540072997381971,4.16344738517999
7.108000000000708,-2.6495420834898016,-0.03220397314497976,0.1438542714103601,0.19638793057226103,-0.09310780291519806,4.158668744263531
7.109000000000709,-2.649346282811763,-0.032295945690957055,0.14801085390082644,0.19522270229673322,-0.0908098241219021,4.153700068772834
7.110000000000709,-2.6491516493540708,-0.032385617527174684,0.1521623708601926,0.19405375922636045,-0.08850698802531724,4.148541185464703
7.111000000000709,-2.6489581867422487,-0.0324729838939727,0.15630863197903846,0.1928812783702222,-0.08619949147190901,4.1431919289234225
7.11200000000071,-2.6487658984242777,-0.03255804022970264,0.16044944678658965,0.19170543776857332,-0.0838875335718052,4.137652141759179
7.11300000000071,-2.6485747876695593,-0.03264078217291111,0.16458462465884624,0.19052641649948637,-0.08157131553675004,4.131921674811288
7.11400000000071,-2.6483848575678803,-0.03272120556435604,0.16871397482691594,0.18934439467788428,-0.07925104050765751,4.12600038735359
7.115000000000711,-2.6481961110283776,-0.03279930644884539,0.17283730638555259,0.18815955344636187,-0.07692691337201692,4.119888147299098
7.116000000000711,-2.6480085507785205,-0.0328750810768884,0.17695442830189756,0.18697207495719764,-0.07459914057142751,4.113584831400718
7.117000000000711,-2.6478221793631125,-0.03294852590614943,0.18106514942441854,0.18578214234496285,-0.07226792989956109,4.107090325444638
7.118000000000712,-2.64763699914333,-0.03301963760269518,0.18516927849203657,0.1845899396891477,-0.06993349029087145,4.100404524432668
7.119000000000712,-2.647453012295797,-0.033088413042026144,0.18926662414342815,0.18339565196624244,-0.06759603160038824,4.093527332749646
7.120000000000712,-2.6472702208117194,-0.03315484930988345,0.19335699492648561,0.18219946499073683,-0.0652557643749498,4.08645866431173
7.121000000000713,-2.64708862649608,-0.03321894370282295,0.19744019930791445,0.18100156534453557,-0.06291289961624676,4.079198442691238
7.122000000000713,-2.646908230966913,-0.03328069372854828,0.20151604568294193,0.1798021402943312,-0.060567648536064986,4.071746601213515
7.123000000000713,-2.646729035654664,-0.033340097105995496,0.20558434238510645,0.1786013776965312,-0.05822022230413555,4.064103083021177
7.124000000000714,-2.646551041801656,-0.03339715176516206,0.2096448976960931,0.17739946588940447,-0.05587083178902107,4.056267841101029
7.125000000000714,-2.6463742504616645,-0.03345185584667334,0.2136975198555754,0.17619659357219666,-0.053519687292495684,4.048240838268954
7.126000000000714,-2.646198662499623,-0.033504207701080514,0.21774201707101898,0.17499294967106552,-0.051166998277909985,4.040022047108212
7.127000000000715,-2.6460242785914714,-0.033554205887884006,0.2217781975273985,0.1737887231918105,-0.04881297309307881,4.031611449856818
7.128000000000715,-2.645851099224152,-0.033601849174277346,0.2258058693967748,0.17258410305951807,-0.046457818688289236,4.023009038240091
7.129000000000715,-2.6456791246957776,-0.03364713653360684,0.22982484084767574,0.17137927794541905,-0.04410174033010553,4.01421481324511
7.130000000000716,-2.6455083551159793,-0.03369006714354329,0.23383492005422152,0.170174436081461,-0.04174494131175029,4.005228784834692
7.131000000000716,-2.6453387904064387,-0.0337306403839628,0.2378359152049331,0.16896976506334216,-0.0393876226609732,3.9960509715997294
7.132000000000716,-2.645170430301632,-0.03376885583453453,0.24182763451116224,0.16776545164303588,-0.03702998284648714,3.9866814003503466
7.133000000000717,-2.645003274349778,-0.033804713272014834,0.24580988621508307,0.16656168151216277,-0.034672217484263024,3.9771201056484267
7.134000000000717,-2.6448373219140118,-0.03383821266724815,0.24978247859718897,0.1653586390779429,-0.03231451904523558,3.967367129286715
7.135000000000717,-2.644672572173784,-0.03386935418187723,0.2537452199832451,0.1641565072338857,-0.029957076566292436,3.9574225197230324
7.136000000000718,-2.6445090241264877,-0.03389813816476677,0.25769791875065784,0.16295546712785072,-0.027600075366801414,3.9472863314822053
7.137000000000718,-2.6443466765893238,-0.0339245651481476,0.26164038333423706,0.1617556979306357,-0.025243696773383693,3.9369586245432298
7.138000000000718,-2.6441855282013886,-0.03394863584349105,0.26557242223134764,0.16055737660881092,-0.02288811785616319,3.9264394637349946
7.139000000000719,-2.6440255774259915,-0.033970351137126965,0.26949384400647314,0.15936067770611048,-0.020533511180314292,3.915728918170625
7.140000000000719,-2.6438668225531776,-0.033989712085622695,0.27340445729524837,0.15816577313828917,-0.01818004457737927,3.9048270607580835
7.141000000000719,-2.643709261702454,-0.03400671991094559,0.2773040708080598,0.15697283200692977,-0.015827880941515833,3.8937339678329876
7.14200000000072,-2.643552892825686,-0.03402137599543649,0.2811924933333619,0.1557820204382005,-0.01347717805653156,3.882449718968322
7.14300000000072,-2.6433977137101383,-0.03403368187662855,0.28506953374091787,0.15459350145296283,-0.011128088460217686,3.870974397024414
7.14400000000072,-2.6432437219816327,-0.034043639241951834,0.2889350009852401,0.1534074348748541,-0.008780759353044426,3.8593080885104496
7.145000000000721,-2.6430909151077686,-0.03405124992337203,0.2927887041095796,0.15222397728294382,-0.0064353325586362625,3.8474508843350055
7.146000000000721,-2.6429392904011744,-0.034056515892018566,0.29663045225089424,0.15104328201520897,-0.00409194454350361,3.835402881026279
7.147000000000721,-2.6427888450227197,-0.0340594392528651,0.30046005464630565,0.14986549922831657,-0.0017507265031442365,3.8231641825014004
7.148000000000722,-2.642639575984645,-0.03406002223953184,0.3042773206416301,0.14869077601797837,0.0005881954792840136,3.8107349024567476
7.149000000000722,-2.6424914801535326,-0.03405826720928475,0.3080820597026349,0.14751925660241832,0.0029247001970991587,3.7981151674357916
7.1500000000007224,-2.64234455425307,-0.03405417663831015,0.311874081429716,0.14635108256927884,0.005258671004759619,3.7853051206062793
7.151000000000723,-2.6421987948665286,-0.034047753117343905,0.31565319557670796,0.14518639318365884,0.0075899954239111184,3.772304926243531
7.152000000000723,-2.642054198438911,-0.0340389993477319,0.31941921207451207,0.1440253257520705,0.009918564675539643,3.7591147748715055
7.1530000000007234,-2.641910761278706,-0.034027918137991366,0.32317194106015484,0.1428680160341455,0.012244273147393523,3.745734888959518
7.154000000000724,-2.641768479559218,-0.03401451240093124,0.3269111929117559,0.14171459869120415,0.014567017810544432,3.732165529013421
7.155000000000724,-2.6416273493194278,-0.03399878515137366,0.3306367782896953,0.1405652077586467,0.016886697603503552,3.718406999840807
7.1560000000007244,-2.641487366464382,-0.03398073950449807,0.3343485081840206,0.1394199771278513,0.019203212806171606,3.7044596567171153
7.157000000000725,-2.6413485267650962,-0.03396037867480608,0.33804619396784213,0.13827904102311234,0.0215164644285228,3.6903239111410557
7.158000000000725,-2.6412108258579945,-0.03393770597567941,0.34172964745614104,0.13714253446024277,0.023826353639801713,3.676000235850986
7.1590000000007254,-2.6410742592438985,-0.033912724819478116,0.3453986809690906,0.1360105936757373,0.02613278126280697,3.6614891687846036
7.160000000000726,-2.6409388222866106,-0.03388543871810326,0.3490531073986908,0.1348833565185993,0.02843564735445006,3.6467913157053307
7.161000000000726,-2.640804510211121,-0.03385585128392929,0.35269274027727265,0.13376096280066985,0.03073485088842187,3.6319073512888473
7.1620000000007265,-2.6406713181014903,-0.03382396623099913,0.35631739384626787,0.13264355460505112,0.03303028954898061,3.616838018556663
7.163000000000727,-2.6405392408984376,-0.0337897873763695,0.3599268831235776,0.13153127655548658,0.03532185963733511,3.601584126650934
7.164000000000727,-2.6404082733966803,-0.033753318641496145,0.3635210239679261,0.13042427605193302,0.03760945608469002,3.5861465470540552
7.1650000000007275,-2.6402784102420522,-0.03371456405355808,0.36709963313873656,0.12932270347879884,0.03989297255956418,3.5705262084555907
7.166000000000728,-2.640149645928424,-0.03367352774663469,0.37066252835031205,0.1282267123923958,0.0421723016521375,3.554724090547353
7.167000000000728,-2.6400219747944424,-0.03363021396266845,0.37420952831941257,0.12713645969322315,0.04444733511550211,3.538741217077695
7.1680000000007285,-2.6398953910201053,-0.03358462705216671,0.377740452805662,0.12605210578707843,0.046717964142868745,3.522578648515482
7.169000000000729,-2.6397698886231806,-0.03353677147461663,0.38125512264456685,0.12497381473703753,0.0489840796608065,3.506237474664174
7.170000000000729,-2.6396454614554763,-0.03348665179860605,0.38475335977325403,0.12390175440642621,0.05124557262107273,3.4897188075318057
7.1710000000007295,-2.6395221031989737,-0.033434272701658975,0.3882349872493145,0.12283609659130065,0.05350233427701396,3.4730237747104886
7.17200000000073,-2.6393998073618326,-0.03337963896980662,0.3916998292633641,0.1217770171398463,0.05575425643437293,3.4561535134571186
7.17300000000073,-2.6392785672742898,-0.033322755496922846,0.3951477111460914,0.12072469605556038,0.05800123167017338,3.4391091656026482
7.1740000000007305,-2.639158376084459,-0.033263627283857886,0.39857845937065917,0.11967931758107866,0.060243153516832466,3.4218918733564907
7.175000000000731,-2.639039226754056,-0.033202259437405165,0.40199190155136577,0.11864107025995022,0.06247991661156032,3.404502776019614
7.176000000000731,-2.638921112054085,-0.0331386571691351,0.40538786643946284,0.11761014697442747,0.06471141681334941,3.3869430075770466
7.1770000000007315,-2.6388040245604842,-0.03307282579412639,0.4087661839169811,0.11658674495829086,0.06693755129143411,3.369213695108648
7.178000000000732,-2.6386879566497834,-0.03300477072962114,0.41212668498934213,0.11557106578474584,0.06915821859007638,3.351315957935674
7.179000000000732,-2.638572900494778,-0.03293449749362471,0.4154692017774456,0.11456331533041997,0.0713733186750098,3.3332509074087007
7.1800000000007325,-2.6384588480602567,-0.03286201170346609,0.4187935675098238,0.11356370371738063,0.07358275296696837,3.315019647238186
7.181000000000733,-2.6383457910987875,-0.032787319074328955,0.42209961651535743,0.11257244523584964,0.07578642436755154,3.296623274270572
7.182000000000733,-2.6382337211466016,-0.03271042541775868,0.4253871842169518,0.11158975825089178,0.07798423728233522,3.2780628796187066
7.1830000000007335,-2.6381226295195663,-0.032631336640145774,0.42865610712648605,0.11061586509679985,0.08017609764571157,3.2593395500639595
7.184000000000734,-2.6380125073092744,-0.03255005874118188,0.431906222841269,0.10965099196319882,0.08236191295149183,3.2404543696575385
7.185000000000734,-2.6379033453792458,-0.03246659781228085,0.43513737004217035,0.1086953687770621,0.08454159229287944,3.22140842145923
7.1860000000007345,-2.6377951343612516,-0.0323809600349538,0.43834938849353705,0.10774922908489143,0.08671504641504266,3.202202789362402
7.187000000000735,-2.63768786465175,-0.03229315167912407,0.4415421190449606,0.10681280993927196,0.08888218778320003,3.1828385599641296
7.188000000000735,-2.6375815264084355,-0.03220317910136529,0.44471540363492307,0.10588635179388609,0.09104293066887806,3.1633168244484766
7.1890000000007355,-2.637476109546882,-0.032111048743043005,0.44786908529632274,0.10497009841085561,0.09319719125679955,3.1436386804590493
7.190000000000736,-2.6373716037372787,-0.032016767128338175,0.45100300816385963,0.10406429678397461,0.09534488777469231,3.1238052339439104
7.191000000000736,-2.6372679984012253,-0.03192034086212854,0.4541170174832474,0.10316919708097624,0.09748594064814,3.1038176009616993
7.1920000000007365,-2.6371652827085805,-0.031821776627701824,0.45721095962220865,0.10228505260741286,0.09962027268238448,3.0836769094423455
7.193000000000737,-2.6370634455743316,-0.031721081184272935,0.46028468208320705,0.10141211976385094,0.10174780918654047,3.0633843005676034
7.194000000000737,-2.636962475656099,-0.03161826136608951,0.46333803351275904,0.10055065681029958,0.10386847464630067,3.042940916709699
7.1950000000007375,-2.6368623613526845,-0.031513324084333834,0.466370863694622,0.09970092301871422,0.10598219045341843,3.022347893266229
7.196000000000738,-2.63676309080204,-0.031406276327230344,0.46938302355570877,0.09886318077797904,0.10808888105243541,3.001606382693265
7.197000000000738,-2.636664651878176,-0.03129712515702395,0.47237436518574805,0.09803769585730047,0.1101884748137578,2.9807175580788092
7.1980000000007385,-2.636567032187617,-0.031185877705493106,0.4753447418586154,0.09722473748369022,0.1122809043748986,2.959682614526273
7.199000000000739,-2.636470219065899,-0.03107254116950912,0.4782940080550027,0.0964245784128949,0.11436610698931672,2.9385027704432174
7.200000000000739,-2.6363741995740235,-0.030957122806250837,0.4812220194863134,0.09563749497372215,0.11644402486432585,2.917179268695561
7.2010000000007395,-2.6362789604948844,-0.030839629928099434,0.48412863311961934,0.09486376705698862,0.11851460545893394,2.8957133775639536
7.20200000000074,-2.6361844883297536,-0.030720069897274688,0.4870137072034367,0.09410367800873329,0.12057780169697753,2.8741063914052467
7.20300000000074,-2.6360907692949462,-0.030598450120329357,0.4898771012939574,0.09335751437210603,0.12263357202843331,2.852359630873867
7.2040000000007405,-2.6359977893188473,-0.030474778042701055,0.4927186762811972,0.09262556540252463,0.1246818802393502,2.8304744424899844
7.205000000000741,-2.6359055340395887,-0.030349061143642747,0.495538294414261,0.0919081222552356,0.1267226948642821,2.8084521972459804
7.206000000000741,-2.635813988803747,-0.03022130693203107,0.49833581932455706,0.09120547671219378,0.12875598798863913,2.7862942878095964
7.2070000000007415,-2.6357231386666315,-0.030091522943809283,0.5011111160452609,0.0905179192751343,0.13078173313423497,2.7640021236976917
7.208000000000742,-2.6356329683948805,-0.029959716742191715,0.5038640510245853,0.08984573640313949,0.13279990178959664,2.741577123541892
7.209000000000742,-2.6355434624723726,-0.02982589592228153,0.5065944921293704,0.08918920661618773,0.1348104579664383,2.71902070322879
7.2100000000007425,-2.635454605110746,-0.02969006812248623,0.509302308634084,0.08854859512389737,0.13681334992805952,2.696334258263001
7.211000000000743,-2.6353663802806127,-0.02955224113334762,0.5119873711000255,0.08792405884880489,0.13880794988929288,2.6735181705166267
7.212000000000743,-2.63527877213584,-0.029412425555718744,0.51464954704442,0.08731525514661095,0.1407904030703652,2.650567162869722
7.2130000000007435,-2.635191764650904,-0.029270632616189667,0.5172887025899203,0.08672259348069891,0.14276144412546657,2.627484095260943
7.214000000000744,-2.6351053415666494,-0.029126873670403113,0.5199047073672827,0.08614644722231331,0.1447221063962501,2.604272300535689
7.215000000000744,-2.6350194862329803,-0.028981158651600634,0.5224974341611809,0.08558706210988558,0.1466732554044068,2.580934749958945
7.2160000000007445,-2.634934181824612,-0.028833496716481662,0.5250667585356484,0.08504454064904275,0.148615577635563,2.5574740245114564
7.217000000000745,-2.634849411492019,-0.02868389643364215,0.5276125584230058,0.08451882642465508,0.1505495604050289,2.53389227135169
7.218000000000745,-2.6347651585244103,-0.028532365995478596,0.5301347136655186,0.08400969666173753,0.1524754652229858,2.510191155561133
7.2190000000007455,-2.6346814065101363,-0.02837891345604367,0.53263310551587,0.0835167763399795,0.15439330333267398,2.4863718311942997
7.220000000000746,-2.6345981394670943,-0.028223546985506415,0.5351076161325141,0.08303958590944058,0.156302828610456,2.4624349653884887
7.221000000000746,-2.634515341910336,-0.02806627511728814,0.5375581281356236,0.08257762014535087,0.1582035614620225,2.438380836018464
7.2220000000007465,-2.634432998836379,-0.027907106957064276,0.5399845242912037,0.08213043455945641,0.16009484259843923,2.4142094836145462
7.223000000000747,-2.6343510956302616,-0.027746052331670677,0.5423866873529153,0.08169770946907981,0.16197589851040636,2.3899208656514377
7.224000000000747,-2.6342696179245344,-0.027583121875592472,0.5447645000395643,0.08127927792919452,0.1638458976995045,2.365514968725877
7.2250000000007475,-2.6341885514445904,-0.02741832706938627,0.5471178450975931,0.08087512392554586,0.16570398765015684,2.340991867001281
7.226000000000748,-2.634107881864363,-0.02725168024963404,0.549446605399971,0.08048536504484001,0.16754931379056123,2.316351739551093
7.227000000000748,-2.6340275946825606,-0.02708319460629505,0.5517506640495126,0.08011023098128145,0.1693810262686196,2.291594864614314
7.2280000000007485,-2.633947675120285,-0.02691288417710724,0.5540299044707725,0.07975004381192714,0.17119828005350793,2.2667216042268596
7.229000000000749,-2.6338681080779387,-0.026740763438231823,0.556284210897054,0.07940509171487223,0.17300127328314976,2.24173405433882
7.230000000000749,-2.6337888783460546,-0.026566845095553487,0.5585134723752784,0.0790753542745385,0.17479291503510927,2.216638637865002
7.2310000000007495,-2.633709970568295,-0.026391140716598642,0.5607175822350238,0.07876103828790698,0.1765733809704273,2.191437352843102
7.23200000000075,-2.633631369228059,-0.026213661266020743,0.5628964354041691,0.07846237788591577,0.17834259018819698,2.166131796000573
7.23300000000075,-2.633553058551755,-0.0260344180440649,0.5650499284074403,0.07817960626153905,0.1801004566382109,2.140723564451114
7.2340000000007505,-2.6334750225345838,-0.025853422438579795,0.5671779593679205,0.07791295188455134,0.18184689182037503,2.115214257659066
7.235000000000751,-2.6333972449466545,-0.025670685926624155,0.5692804280098245,0.07766263595170807,0.18358180618224984,2.089605478138376
7.236000000000751,-2.6333197093411442,-0.02548622007512686,0.5713572356616216,0.07742887079692523,0.18530510972163028,2.0638988315349858
7.2370000000007515,-2.6332423990636626,-0.025300036541212306,0.5734082852591037,0.07721185903347724,0.1870167121256439,2.0380959264843557
7.238000000000752,-2.633165297262182,-0.025112147072536745,0.5754334813482965,0.07701179324454269,0.18871652265632702,2.0121983744659993
7.239000000000752,-2.633088386897062,-0.024922563507816083,0.5774327300882743,0.07682885607746302,0.19040444991152458,1.9862077897704646
7.2400000000007525,-2.633011650750819,-0.024731297777625907,0.5794059392540217,0.07666322063015868,0.1920804015372303,1.9601257896307362
7.241000000000753,-2.632935071437405,-0.024538361905497408,0.581353018239517,0.0765150510453804,0.19374428393396903,1.9339539945343565
7.242000000000753,-2.6328586314108042,-0.024343768009301783,0.5832738780612168,0.07638450325038305,0.1953960019790076,1.9076940287142345
7.2430000000007535,-2.632782312972841,-0.02414752830290135,0.5851684313621176,0.0762717257968997,0.1970354587735947,1.8813475208082289
7.244000000000754,-2.632706098280109,-0.023949655098040486,0.5870365924165559,0.07617686076971722,0.19866255541708921,1.8549161046757119
7.245000000000754,-2.632629969349966,-0.02375016080645011,0.588878277135899,0.07610004474242889,0.20027719080578063,1.8284014203607497
7.2460000000007545,-2.632553908065553,-0.02354905794214289,0.5906934030752693,0.0760414097666989,0.20187926145216195,1.8018051151945862
7.247000000000755,-2.632477896179812,-0.023346359123881107,0.5924818894414386,0.0760010843871629,0.20346866131957964,1.775128845033889
7.248000000000755,-2.632401915318477,-0.023142077077804375,0.5942436571020292,0.07597919467834828,0.20504528166704655,1.748374275635151
7.2490000000007555,-2.632325946982016,-0.022936224640209505,0.5959786285961582,0.07597586530308115,0.2066090108992542,1.7215430841695116
7.250000000000756,-2.632249972546509,-0.022728814760479662,0.5976867281466709,0.07599122059402266,0.20815973441727167,1.6946369608859266
7.251000000000756,-2.632173973263419,-0.022519860504164078,0.5993678816741154,0.07602538566144776,0.209697334465969,1.667657610934074
7.2520000000007565,-2.6320979302582526,-0.02230937505621337,0.6010220168126262,0.0760784875312845,0.2112216899747958,1.6406067563615891
7.253000000000757,-2.6320218245280613,-0.02209737172437854,0.6026490629279,0.07615065631786379,0.21273267638916346,1.6134861383032246
7.254000000000757,-2.631945636937748,-0.02188386394278413,0.6042489511374634,0.0762420264358345,0.21423016549031823,1.586297519382281
7.2550000000007575,-2.6318693482151447,-0.02166886527568784,0.605821614333459,0.07635273785528587,0.21571402520226865,1.5590426863471332
7.256000000000758,-2.631792938944809,-0.021452389421439986,0.607366987208196,0.07648293740325778,0.21718411938506713,1.5317234529677903
7.257000000000758,-2.6317163895604967,-0.02123445021665638,0.6088850062827369,0.07663278011344517,0.21864030761457218,1.5043416632190052
7.2580000000007585,-2.631639680336262,-0.021015061640617772,0.6103756099388231,0.07680243062390936,0.22008244494977328,1.4768991947772796
7.259000000000759,-2.6315627913761324,-0.02079423781990721,0.6118387384544658,0.07699206461984948,0.22151038168988602,1.449397962858799
7.260000000000759,-2.631485702602327,-0.020571993033293937,0.6132743340435554,0.07720187031476629,0.22292396312477036,1.4218399244233677
7.2610000000007595,-2.6314083937419763,-0.020348341716867956,0.6146823408998667,0.07743204995841847,0.22432302928383827,1.394227082765047
7.26200000000076,-2.6313308443123296,-0.020123298469423526,0.6160627052458547,0.07768282135351548,0.2257074146905516,1.3665614925023535
7.26300000000076,-2.63125303360445,-0.019896878058081314,0.6174153753866397,0.07795441935472959,0.2270769481319174,1.3388452649680738
7.2640000000007605,-2.6311749406654386,-0.019669095424128473,0.6187403017695764,0.07824709731288144,0.2284314524551,1.3110805739788944
7.265000000000761,-2.631096544279262,-0.01943996568904215,0.6200374370497623,0.07856112841351459,0.22977074440641232,1.2832696619352106
7.266000000000761,-2.6310178229463226,-0.01920950416064483,0.621306736161775,0.07889680684189605,0.2310946345314946,1.2554148461575403
7.2670000000007615,-2.630938754861989,-0.018977726339319476,0.6225481563978017,0.07925444868505217,0.23240292715936298,1.2275185253020864
7.268000000000762,-2.630859317894404,-0.018744647924187407,0.6237616574921249,0.07963439245499522,0.23369542049702868,1.1995831856058325
7.269000000000762,-2.630779489562025,-0.018510284819123587,0.6249472017116158,0.08003699908499957,0.23497190686522543,1.1716114065790348
7.2700000000007625,-2.630699247011507,-0.018274653138451558,0.6261047539514152,0.08046265121183133,0.23623217310890285,1.14360586557236
7.271000000000763,-2.6306185669967608,-0.01803776921212596,0.6272342818342805,0.08091175151045919,0.23747600121770807,1.1155693403706237
7.272000000000763,-2.6305374258602736,-0.01779964959017565,0.6283357558110412,0.08138471979334094,0.23870316919045365,1.0875047085645013
7.2730000000007635,-2.6304557995180953,-0.017560311046149003,0.6294091492580804,0.08188198852344263,0.23991345217179808,1.0594149418621197
7.274000000000764,-2.6303736634502837,-0.01731977057928081,0.6304544385655151,0.08240399631852846,0.2411066238766526,1.0313030926224305
7.275000000000764,-2.630290992699061,-0.017078045415095097,0.6314716032064039,0.08295117894411341,0.24228245829506553,1.0031722685555127
7.2760000000007645,-2.6302077618774886,-0.016835153004182996,0.632460625772305,0.08352395720443583,0.2434407316337492,0.975025589465417
7.277000000000765,-2.6301239451920786,-0.016591111018964325,0.6334214919528701,0.08412272104641008,0.24458122439595115,0.9468661166462253
7.278000000000765,-2.6300395164835395,-0.01634593734837614,0.6343541904253703,0.08474780909431305,0.2457037234259312,0.9186967403113314
7.2790000000007655,-2.6299544492906257,-0.01609965009065088,0.6352587126015433,0.08539948274107065,0.24680802364941287,0.8905200020027128
7.280000000000766,-2.6298687169430197,-0.015852267544663352,0.6361350521498937,0.08607789385158741,0.24789392914455757,0.8623378155154909
7.281000000000766,-2.6297822926901095,-0.015603808200709099,0.6369832041656467,0.0867830451035214,0.24896125315100742,0.8341510297895561
7.2820000000007665,-2.629695149873515,-0.015354290731842158,0.6378031637916238,0.0875147419567241,0.2500098169271754,0.8059587524995502
7.283000000000767,-2.6296072623631854,-0.015103734877555416,0.6385949234592299,0.08827213223904315,0.2510377315190413,0.7777557499651411
7.284000000000767,-2.62951860483809,-0.014852161541066448,0.6393584682056643,0.08905425650498106,0.2520438296478836,0.7495334404340612
7.2850000000007675,-2.629429153057474,-0.014599592331389289,0.6400937732975438,0.08986025749368294,0.2530293098717665,0.7212800126130064
7.286000000000768,-2.6293388838609575,-0.014346047239226974,0.640800799428983,0.09068861245180611,0.25399549470827526,0.6929784162921412
7.287000000000768,-2.629247776067315,-0.014091544754658328,0.6414794891455999,0.09153683934881726,0.25494403493257684,0.6646105281272028
7.2880000000007685,-2.629155811574092,-0.01383610143188845,0.6421297697556448,0.09240123096644424,0.25587718144614835,0.6361654399277307
7.289000000000769,-2.6290629765092475,-0.013579731296283239,0.6427515640984781,0.09327702728296529,0.2567977578290822,0.6076454188818033
7.290000000000769,-2.6289692619313234,-0.0133224455118063,0.6433448030254043,0.09415918927031722,0.257708631267268,0.5790631133028697
7.2910000000007695,-2.6288746637137184,-0.01306425261843492,0.6439094320169,0.09504325779150073,0.25861209034898813,0.5504339341403827
7.29200000000077,-2.62877918174013,-0.012805159262056269,0.6444454109735199,0.09592578335392059,0.2595095540433444,0.5217707967308034
7.29300000000077,-2.6286828188490836,-0.012545171077004728,0.6449527107662877,0.09680434314688537,0.2604016040785543,0.4930827171421815
7.2940000000007705,-2.6285855798626216,-0.012284293460349819,0.6454313095389475,0.0976773791943414,0.2612881509726389,0.4643753837793391
7.295000000000771,-2.628487470807041,-0.012022532161684443,0.6458811898835274,0.09854401138321349,0.2621686081338697,0.4356521668507266
7.296000000000771,-2.628388498314877,-0.011759893708919753,0.6463023369725187,0.09940389251596313,0.2630422909579591,0.40691517107127895
7.2970000000007715,-2.628288669065603,-0.01149638344431399,0.646694738773297,0.1002572060423575,0.26391148388137325,0.37816798727353573
7.298000000000772,-2.6281879895331848,-0.011232006110674977,0.6470583862033971,0.10110424910395444,0.26477675718855914,0.34941246215366417
7.299000000000772,-2.6280864657683267,-0.010966765434528488,0.6473932714659815,0.10194545282456798,0.2656378449302564,0.3206496379538289
7.3000000000007725,-2.6279841033446925,-0.010700665774728346,0.647699387737732,0.10278137262572769,0.2664943831717561,0.29188044024083726
7.301000000000773,-2.62788090723512,-0.010433711888830207,0.6479767291062468,0.10361264713266381,0.2673459449223143,0.26310577774647526
7.302000000000773,-2.627776881745275,-0.01016590898193313,0.6482252905854201,0.10443996617526397,0.2681920671831353,0.23432660134520975
7.3030000000007735,-2.6276720304755714,-0.009897262731814287,0.6484450681754768,0.10526404582601075,0.2690322715262976,0.20554393628465983
7.304000000000774,-2.627566356305133,-0.009627779296189807,0.6486360589459265,0.10608560902884154,0.2698660794756237,0.17675889705649603
7.305000000000774,-2.627459861392751,-0.009357465306749886,0.6487982611274229,0.10690537074814485,0.2706930237664015,0.14797269118455583
7.3060000000007745,-2.6273525471907844,-0.009086327853632378,0.6489316742036921,0.10772402680417859,0.2715126563684692,0.11918661614547883
7.307000000000775,-2.6272444144686515,-0.008814374463199565,0.6490362989981731,0.10854224571965378,0.27232455398784217,0.09040205225446103
7.308000000000775,-2.6271354633432016,-0.00854161307134019,0.6491121377523457,0.10936066301637032,0.2731283216205825,0.06162045340987295
7.3090000000007755,-2.627025693313761,-0.008268051994004958,0.649159194194275,0.11017987748955023,0.2739235946170255,0.032843336946836776
7.310000000000776,-2.626915103300079,-0.007993699896274405,0.6491774735969144,0.11100044906088447,0.27471003962081125,0.0040722734062507565
7.311000000000776,-2.6268036916819253,-0.007718565758035793,0.6491669828412285,0.1118228974070846,0.27548736331280715,-0.024691052977767743
7.3120000000007765,-2.626691456340844,-0.0074426588083833034,0.6491277307109774,0.11264769953653457,0.27625535587508315,-0.053444496169403104
7.313000000000777,-2.626578394701152,-0.007165988469092149,0.649059728256601,0.11347529222462512,0.2770138555547384,-0.08218573836366366
7.314000000000777,-2.6264645037697445,-0.006888564303876861,0.6489629888507887,0.11430607438460366,0.27776272803214164,-0.11091245535781369
7.3150000000007775,-2.6263497801728137,-0.006610395997593768,0.6488375281903982,0.11514040882367303,0.27850186484723144,-0.1396223242527175
7.316000000000778,-2.6262342201909785,-0.006331493331277609,0.6486833642922163,0.11597862424449414,0.27923118185962764,-0.1683130291811444
7.317000000000778,-2.626117819792321,-0.0060518661586069404,0.6485005174833995,0.11682101740320093,0.27995061766626456,-0.19698226623438336
7.3180000000007785,-2.6260005746632267,-0.005771524383955583,0.6482890103873572,0.11766785534942002,0.28066013202024237,-0.2256277476620705
7.319000000000779,-2.6258824802369634,-0.005490477942012115,0.6480488679057657,0.11851937769142797,0.2813597042821565,-0.2542472054230697
7.320000000000779,-2.625763531719997,-0.005208736778923182,0.6477801171973244,0.11937579884385023,0.2820493319255379,-0.28283839416367057
7.3210000000007796,-2.6256437241160837,-0.004926310834898697,0.6474827876537901,0.12023731022671065,0.2827290291106593,-0.31139909369510294
7.32200000000078,-2.625523052248198,-0.004643210028205671,0.6471569108737549,0.12110408239363817,0.2833988253353625,-0.3399271110366545
7.32300000000078,-2.625401510778368,-0.00435944424047106,0.6468025206345751,0.12197626707403698,0.28405876416736126,-0.36842028208436034
7.3240000000007806,-2.6252790942255224,-0.004075023303211134,0.6464196528627939,0.12285399911938034,0.28470890205936344,-0.3968764729588452
7.325000000000781,-2.625155796981434,-0.0037899569855048103,0.6460083456033578,0.12373739834779962,0.2853493072460818,-0.4252935810798022
7.326000000000781,-2.6250316133248797,-0.003504254982730193,0.6455686389878779,0.1246265712840603,0.2859800587205674,-0.4536695360089616
7.3270000000007816,-2.624906537434103,-0.0032179269062867126,0.6451005752021467,0.12552161279405305,0.28660124528613645,-0.4820023000983698
7.328000000000782,-2.624780563397704,-0.0029309822742294963,0.6446041984530928,0.126422607614249,0.28721296467934243,-0.5102898689763883
7.329000000000782,-2.624653685224043,-0.0026434305027474006,0.6440795549353164,0.12732963177730588,0.2878153227588647,-0.5385302719000477
7.330000000000783,-2.624525896849277,-0.0023552808984215476,0.6435266927973301,0.12824275393527185,0.288408432754754,-0.5667215719992301
7.331000000000783,-2.6243971921441194,-0.0020665426512069193,0.6429456621075987,0.12916203658169115,0.2889924145721249,-0.5948618664355668
7.332000000000783,-2.6242675649194314,-0.0017772248280856573,0.6423365148204555,0.130087537173431,0.28956739414304883,-0.6229492864968924
7.333000000000784,-2.624137008930736,-0.0014873363673471528,0.6416993047419467,0.13101930915225796,0.29013350282002653,-0.6509819976465451
7.334000000000784,-2.624005517881767,-0.0011968860734568514,0.6410340874956426,0.1319574028651189,0.2906908768039483,-0.6789581995457011
7.335000000000784,-2.623873085427147,-0.0009058826124830972,0.6403409204884324,0.13290186638073653,0.29123965659883316,-0.7068761260662467
7.336000000000785,-2.6237397051743008,-0.0006143345080594435,0.639619862876303,0.13385274619851117,0.2917799864848156,-0.7347340453113708
7.337000000000785,-2.623605370684719,-0.0003222501378689117,0.6388709755300875,0.1348100878438173,0.2923120139997562,-0.7625302596610768
7.338000000000785,-2.6234700754746845,-2.96377306469982e-05,0.6380943210011472,0.13577393634157883,0.2928358894184235,-0.7902631058601135
7.339000000000786,-2.623333813015593,0.0002634946362878258,0.6372899634869374,0.13674433655747426,0.29335176521634126,-0.8179309551663718
7.340000000000786,-2.6231965767340024,0.0005571390389533255,0.6364579687963876,0.1377213333932336,0.29385979550302693,-0.8455322135785244
7.341000000000786,-2.623058360011566,0.0008512877080329032,0.6355984043150047,0.13870497181921548,0.29436013540635586,-0.8730653221625492
7.342000000000787,-2.6229191561850262,0.0011459330295555958,0.6347113389695933,0.1396952967237667,0.29485294038605603,-0.9005287574976774
7.343000000000787,-2.6227789585464603,0.0014410675448428517,0.6337968431924604,0.1406923525547605,0.2953383654497532,-0.9279210322631545
7.344000000000787,-2.6226377603439976,0.001736683949608995,0.6328549888849543,0.14169618272419807,0.2958165642394466,-0.9552406959878664
7.345000000000788,-2.62249555478327,0.0020327750920669705,0.6318858493801628,0.14270682874191618,0.296287687949756,-0.9824863359851925
7.346000000000788,-2.6223523350298747,0.0023293339698486587,0.6308894994045752,0.14372432903944457,0.2967518840318246,-1.0096565784952043
7.347000000000788,-2.6222080942131942,0.0026263537254989536,0.6298660150384888,0.14474871744024972,0.29720929462870005,-1.0367500900552657
7.348000000000789,-2.622062825431934,0.0029238276402446988,0.6288154736749237,0.14578002122864103,0.29766005468014306,-1.063765579117896
7.349000000000789,-2.621916521761821,0.0032217491256743697,0.6277379539767883,0.14681825876765237,0.29810428962869706,-1.090701797931041
7.350000000000789,-2.621769176265924,0.0035201117128952496,0.6266335358320303,0.1478634366182175,0.298542112657467,-1.1175575446902557
7.35100000000079,-2.6216207820081214,0.0038189090386689375,0.6255023003064977,0.14891554612117075,0.29897362139859873,-1.144331665964297
7.35200000000079,-2.621471332070265,0.004118134827977382,0.624344329594241,0.14997455942514956,0.2993988940785976,-1.1710230593849769
7.35300000000079,-2.6213208195735773,0.004417782872465348,0.6231597069650029,0.1510404249850507,0.29981798512600766,-1.1976306765788678
7.354000000000791,-2.6211692377047733,0.004717847004283006,0.6219485167086689,0.15211306262803284,0.30023092037842086,-1.2241535263032763
7.355000000000791,-2.621016579747239,0.005018321065078571,0.6207108440765026,0.15319235840036804,0.3006376922148114,-1.2505906777335702
7.356000000000791,-2.6208628391173043,0.005319198870355879,0.6194467752190441,0.15427815958117952,0.3010382552313976,-1.2769412638363153
7.357000000000792,-2.6207080094051527,0.005620474170224025,0.6181563971206231,0.1553702704814077,0.30143252348368405,-1.303204484755613
7.358000000000792,-2.6205520844191508,0.005922140608819482,0.6168397975305093,0.15646844991518857,0.3018203707915295,-1.3293796111373364
7.359000000000792,-2.6203950582313995,0.006224191686376914,0.6154970648908058,0.1575724114621954,0.3022016359988928,-1.3554659873037844
7.360000000000793,-2.6202369252211266,0.006526620729839446,0.6141282882612978,0.15868182768743783,0.3025761350875814,-1.3814630341315406
7.361000000000793,-2.620077680111545,0.006829420879434332,0.612733557241694,0.15979633914744867,0.30294368122336524,-1.4073702513133017
7.362000000000793,-2.619917317995376,0.007132585098790128,0.6113129618921708,0.1609155681269888,0.30330411178392785,-1.4331872184282177
7.363000000000794,-2.619755834345203,0.007436106211604399,0.609866592648609,0.16203913500206102,0.30365731318549344,-1.4589136124758284
7.364000000000794,-2.6195932250074754,0.007739976958077198,0.6083945402035681,0.16316667460442263,0.30400323719785416,-1.4845492388304655
7.365000000000794,-2.619429486179423,0.008044190076340505,0.6068968954049222,0.16429785300001482,0.304341929318526,-1.5100939737117969
7.366000000000795,-2.6192646143728506,0.008348738395762532,0.6053737492004895,0.16543237745117403,0.3046735304953579,-1.5355477380405427
7.367000000000795,-2.6190986063706285,0.008653614926363047,0.6038251926032402,0.16656999974353465,0.3049982598295145,-1.5609104770995115
7.368000000000795,-2.6189314591826696,0.008958812923981162,0.6022513166779031,0.16771051423879763,0.30531638629793023,-1.5861821385917456
7.369000000000796,-2.6187631700055727,0.009264325925009613,0.6006522125489954,0.1688537526874047,0.3056281971654228,-1.6113626522291968
7.370000000000796,-2.61859373618823,0.009570147750684417,0.5990279714274209,0.16999957784029848,0.30593396988976834,-1.6364519133161595
7.371000000000796,-2.618423155203879,0.009876272486523351,0.5973786846509516,0.17114787724095087,0.3062339514536946,-1.6614497714763854
7.372000000000797,-2.618251424628047,0.010182694445042896,0.595704443733425,0.17229855781197367,0.3065283460425548,-1.6863560243856417
7.373000000000797,-2.6180785421215216,0.010489408119766813,0.5940053404180933,0.17345154130998455,0.3068173099649699,-1.7111704155366416
7.374000000000797,-2.6179045054175045,0.010796408136926826,0.5922814667317258,0.17460676046822107,0.3071009518741981,-1.7358926347479489
7.375000000000798,-2.6177293123123913,0.011103689209223335,0.5905329150373532,0.1757641555932135,0.30737933634274484,-1.760522320184525
7.376000000000798,-2.6175529606597943,0.01141124609420803,0.5887597780846618,0.17692367142384677,0.30765248923516464,-1.7850590608944306
7.377000000000798,-2.6173754483676315,0.011719073558513735,0.5869621490579033,0.17808525412704435,0.30792040380547797,-1.8095023991434056
7.378000000000799,-2.617196773398178,0.012027166348289977,0.5851401216217764,0.1792488483609344,0.30818304686280956,-1.8338518320733674
7.379000000000799,-2.6170169337710245,0.01233551916570656,0.5832937899661148,0.18041439437472512,0.30844036465489033,-1.8581068123980518
7.380000000000799,-2.616835927568929,0.012644126651146712,0.5814232488504286,0.18158182513656218,0.3086922883200384,-1.8822667479811634
7.3810000000008,-2.616653752946517,0.01295298337062982,0.579528593649457,0.1827510634914215,0.3089387388782666,-1.9063310002317
7.3820000000008,-2.616470408141814,0.013262083808012363,0.5776099204009207,0.1839220193553875,0.30917963179631347,-1.9302988813113533
7.3830000000008,-2.616285891490555,0.013571422361568455,0.5756673258566473,0.18509458695403835,0.30941488118951926,-1.9541696501921013
7.384000000000801,-2.616100201443234,0.013880993344619714,0.5737009075381835,0.18626864211345884,0.30964440372935087,-1.97794250763768
7.385000000000801,-2.615913336584832,0.014190790989950726,0.5717107637979213,0.18744403961411235,0.3098681223177468,-2.0016165902177705
7.386000000000801,-2.6157252956571515,0.014500809457800459,0.5696969938866331,0.18862061062134883,0.31008596957341644,-2.0251909635039533
7.387000000000802,-2.615536077583677,0.014811042847254857,0.5676596980281393,0.18979816021228402,0.31029789115349243,-2.0486646146460754
7.388000000000802,-2.6153456814968443,0.015121485210876555,0.5655989775016041,0.19097646502752252,0.3105038489077652,-2.0720364445899913
7.389000000000802,-2.615154106767583,0.015432130572390245,0.5635149347316554,0.19215527108789646,0.310703823832623,-2.095305260274944
7.390000000000803,-2.6149613530369322,0.0157429729471927,0.5614076733861417,0.19333429183103132,0.3108978187580489,-2.1184697672420483
7.391000000000803,-2.614767420249481,0.0160540063653717,0.5592772984808564,0.19451320643980627,0.31108586066409694,-2.141528563193114
7.392000000000803,-2.614572308688298,0.016365224896795212,0.5571239164899575,0.19569165855389362,0.31126800248436115,-2.1644801331570043
7.393000000000804,-2.614376019010905,0.016676622677670457,0.5549476354601002,0.1968692554751697,0.3114443242153545,-2.1873228470399764
7.394000000000804,-2.61417855228575,0.01698819393777402,0.5527485651254618,0.19804556799573866,0.3116149331162595,-2.2100549604425077
7.395000000000804,-2.613979910028478,0.017299933027325614,0.5505268170199215,0.19922013099053754,0.3117799627588386,-2.2326746196967973
7.396000000000805,-2.613780094237166,0.01761183444223306,0.5482825045816879,0.20039244492103098,0.3119395706798909,-2.255179872088841
7.397000000000805,-2.6135791074255392,0.017923892846196054,0.5460157432447396,0.20156197838772974,0.3120939344073601,-2.277568682144338
7.398000000000805,-2.6133769526530726,0.018236103087951726,0.5437266505106559,0.2027281718424832,0.3122432456850485,-2.299838954646128
7.399000000000806,-2.6131736335507636,0.01854846021181479,0.5414153459939192,0.20389044252293148,0.3123877028169554,-2.3219885646871004
7.400000000000806,-2.6129691543413793,0.01886095945965302,0.5390819514337101,0.2050481905996786,0.3125275011928578,-2.344015394538747
7.401000000000806,-2.612763519852984,0.019173596262586672,0.5367265906657656,0.2062008064339698,0.31266282223629455,-2.3659173764527455
7.402000000000807,-2.612556735524755,0.01948636622104053,0.5343493895491129,0.20734767873718424,0.3127938212186798,-2.3876925397691497
7.403000000000807,-2.6123488074043193,0.019799265072319702,0.5319504758444968,0.20848820331577442,0.3129206145822043,-2.409339059976543
7.404000000000807,-2.6121397421362267,0.020112288645604916,0.5295299790439779,0.20962179199287606,0.31304326757491147,-2.430855306781221
7.405000000000808,-2.6119295469416155,0.02042543280511439,0.5270880301543135,0.21074788123827526,0.3131617830878907,-2.4522398879232976
7.406000000000808,-2.6117182295895907,0.02073869338306832,0.52462476144,0.21186594002632814,0.31327609256861855,-2.4734916855286593
7.407000000000808,-2.6115057983613132,0.02105206610491006,0.5221403061348717,0.2129754764841012,0.31338604975462364,-2.4946098822477603
7.408000000000809,-2.6112922620081864,0.021365546509874527,0.5196347981335085,0.21407604298664235,0.31349142773892275,-2.515593975265593
7.409000000000809,-2.6110776297058034,0.021679129870362,0.5171083716750938,0.2151672394897981,0.313591919576242,-2.536443777353194
7.410000000000809,-2.610861911005464,0.021992811113626252,0.5145611610326066,0.216248715042736,0.3136871423150199,-2.5571594052979716
7.41100000000081,-2.6106451157850388,0.02230658474902384,0.5119933002193486,0.21732016756911915,0.3137766440458617,-2.577741257114836
7.41200000000081,-2.610427254200834,0.022620444803546687,0.509404922722973,0.21838134212739715,0.31385991333461155,-2.5981899802517447
7.41300000000081,-2.610208336641823,0.022934384767658373,0.506796161274701,0.21943202794361819,0.3139363902817392,-2.6185064334744963
7.414000000000811,-2.609988373687317,0.0232483975526746,0.5041671476586429,0.22047205454996596,0.31400547842281284,-2.6386916452324463
7.415000000000811,-2.6097673760688167,0.023562475460164545,0.5015180125634098,0.22150128736227948,0.31406655674323936,-2.6587467711181736
7.416000000000811,-2.6095453546364262,0.023876610163176097,0.4988488854757771,0.2225196229989867,0.31411899119903164,-2.6786730526281683
7.417000000000812,-2.609322320329987,0.0241907926985509,0.4961598946142128,0.22352698459341314,0.3141621452855907,-2.6984717789087664
7.418000000000812,-2.609098284154819,0.02450501346921349,0.49345116689867063,0.22452331729222522,0.31419538935271063,-2.718144252622693
7.419000000000812,-2.60887325716182,0.024819262255088743,0.49072282795217625,0.22550858407366,0.31421810850711246,-2.7376917605647932
7.420000000000813,-2.6086472504315528,0.02513352823120411,0.4879750021293214,0.22648276196617304,0.31422970906229997,-2.7571155492323385
7.421000000000813,-2.6084202750619028,0.02544779999153955,0.48520781256674894,0.22744583870443766,0.3142296235847844,-2.7764168052329454
7.422000000000813,-2.608192342158859,0.025762065577270035,0.48242138125094575,0.2283978098262584,0.31421731464624647,-2.7955966401908667
7.423000000000814,-2.607963462829989,0.026076312508174954,0.47961582909907335,0.22933867619040266,0.31419227742664135,-2.8146560796781244
7.424000000000814,-2.607733648180197,0.026390527816143428,0.47679127604907806,0.23026844188022988,0.31415404132872454,-2.8335960556332025
7.425000000000814,-2.60750290930941,0.026704698079866925,0.4739478411558679,0.231187112449586,0.3141021707653247,-2.852417401718429
7.426000000000815,-2.60727125731186,0.0270188094599685,0.47108564269088316,0.2320946934640121,0.3140362652717454,-2.87112085109091
7.427000000000815,-2.607038703276701,0.027332847733963547,0.4682047982428915,0.2329911892903697,0.31395595908089596,-2.8897070361071338
7.428000000000815,-2.6068052582897288,0.027646798330576167,0.4653054248182909,0.23387660209027222,0.31386092028113294,-2.9081764895375524
7.429000000000816,-2.606570933436024,0.027960646363046272,0.46238763893959667,0.23475093097628777,0.31375084965844957,-2.9265296469270603
7.430000000000816,-2.6063357398031686,0.028274376650939136,0.45945155671809884,0.23561417182691866,0.3136254495861046,-2.944766950123035
7.431000000000816,-2.606099688483786,0.02858797365245624,0.4564972936318235,0.23646631809238158,0.3134843072216572,-2.9628892348403517
7.432000000000817,-2.6058627905804768,0.028901421425292423,0.45352496427635175,0.23730735730597718,0.313327001107007,-2.980897361089608
7.433000000000817,-2.605625057210947,0.0292147036062289,0.4505346824416694,0.23813727064747206,0.31315314173181286,-2.998792082818959
7.434000000000817,-2.6053864995150646,0.029527803457622796,0.44752656121291917,0.23895603268865126,0.3129623690000251,-3.01657405684261
7.435000000000818,-2.605147128661593,0.029840703895593998,0.4445007130645754,0.2397636109958161,0.31275435020233094,-3.034243848717956
7.436000000000818,-2.604906955855403,0.030153387516420306,0.44145724994887486,0.2405599657130191,0.31252877804130164,-3.05180193834734
7.437000000000818,-2.6046659923451148,0.03046583662098535,0.43839628337880127,0.24134504911390975,0.31228536871266344,-3.069248725264315
7.438000000000819,-2.604424249431212,0.03077803323733553,0.4353179245059522,0.24211880511277423,0.3120238600423671,-3.0865845335786846
7.439000000000819,-2.6041817384746633,0.03108995914140073,0.43222228419363834,0.24288116872795398,0.31174400967671606,-3.1038096165656293
7.440000000000819,-2.603938470906109,0.03140159587592996,0.4291094730855743,0.24363206549348607,0.3114455933215902,-3.1209241608928706
7.44100000000082,-2.6036944582356614,0.03171292476768914,0.42597960167052307,0.2443714108177011,0.31112840302670636,-3.13792829048705
7.44200000000082,-2.6034497120633713,0.032023926942964354,0.4228327803432516,0.24509910929083437,0.31079224551188683,-3.1548220700470795
7.44300000000082,-2.6032042440904113,0.03233458334141222,0.4196691194621436,0.24581505394765923,0.31043694053453197,-3.1716055082190517
7.444000000000821,-2.6029580661310137,0.032644874728299515,0.4164887294037977,0.24651912549595498,0.3100623193010259,-3.188278560455138
7.445000000000821,-2.6027111901251887,0.0329547817051796,0.4132917206149123,0.24721119152748033,0.3096682229298103,-3.204841131588566
7.446000000000821,-2.6024636281522335,0.03326428471906401,0.41007820366171877,0.2478911057352178,0.3092545009804947,-3.2212930781689746
7.447000000000822,-2.602215392445001,0.03357336407016587,0.40684828927717565,0.24855870716907702,0.3088210100717569,-3.2376342106178013
7.448000000000822,-2.601966495404885,0.03388199991831975,0.40360208840606526,0.24921381957194927,0.30836761262091184,-3.2538642952821575
7.449000000000822,-2.6017169496173977,0.03419017228822082,0.40033971224804643,0.24985625084869134,0.30789417574964556,-3.2699830564876895
7.450000000000823,-2.601466767868191,0.034497861073677104,0.39706127229860405,0.2504857927316237,0.3074005704128737,-3.2859901787150996
7.451000000000823,-2.6012159631592797,0.03480504604113132,0.39376688038769914,0.251102220716287,0.30688667081976884,-3.301885309048965
7.452000000000823,-2.600964548725162,0.0351117068327832,0.39045664871576424,0.25170529434872757,0.30635235422572105,-3.31766806006715
7.453000000000824,-2.6007125380484397,0.035417822969724184,0.38713068988651556,0.25229475794803674,0.30579750117850607,-3.3333380133483708
7.454000000000824,-2.6004599448744665,0.0357233738555783,0.3837891169358765,0.25287034184228174,0.30522199629758373,-3.3488947237662603
7.455000000000824,-2.600206783224479,0.036028338781214246,0.38043204335615693,0.25343176417922314,0.30462572964819656,-3.36433772470142
7.456000000000825,-2.599953067406618,0.036332696931139594,0.3770595831145331,0.2539787333428031,0.3040085987381764,-3.3796665342298695
7.457000000000825,-2.5996988120242337,0.03663642739219144,0.37367185066486724,0.2545109509614407,0.3033705111132733,-3.3948806622322527
7.458000000000825,-2.5994440319809264,0.03693950916508041,0.37026896095203793,0.25502811543668635,0.3027113874580233,-3.4099796182160276
7.459000000000826,-2.5991887424818474,0.03724192117921385,0.3668510294082432,0.25552992585657613,0.3020311650302384,-3.4249629194669997
7.460000000000826,-2.5989329590309875,0.0375436423110134,0.3634181719412133,0.25601608609682597,0.3013298011801952,-3.4398300989744706
7.461000000000826,-2.5986766974243696,0.03784465140566333,0.3599705049148934,0.2564863088671646,0.3006072766468203,-3.4545807124440033
7.462000000000827,-2.598419973739329,0.038144927301904046,0.35650814512387713,0.25694031944179146,0.29986359829966525,-3.4692143436640976
7.463000000000827,-2.5981628043203293,0.03844444885916289,0.35303120976358077,0.25737785883031544,0.2990988010198288,-3.4837306075588015
7.464000000000827,-2.597905205761961,0.03874319498604117,0.34953981639873316,0.2577986861993448,0.29831294848819195,-3.4981291504456657
7.465000000000828,-2.5976471948899356,0.03904114466899911,0.3460340829331001,0.25820258043707606,0.29750613276586046,-3.5124096473053164
7.466000000000828,-2.5973887887409424,0.03933827700003184,0.34251412758338784,0.2585893408484463,0.29667847268884734,-3.5265717962051117
7.467000000000828,-2.597130004542215,0.03963457120221613,0.3389800688599646,0.25895878705837205,0.29583011123037817,-3.540615310339773
7.468000000000829,-2.5968708596915233,0.03993000665221369,0.33543202555644624,0.25931075826935635,0.2949612120853636,-3.554539908395412
7.469000000000829,-2.596611371738152,0.040224562899101556,0.33187011674941,0.2596451120579579,0.29407195578697,-3.5683453040703994
7.470000000000829,-2.5963515583652317,0.040518219679217524,0.32829446180865823,0.25996172290108177,0.2931625356712877,-3.582031195587553
7.47100000000083,-2.5960914373736124,0.0408109569270099,0.3247051804176639,0.26026048060350004,0.2922331539703421,-3.59559725592608
7.47200000000083,-2.5958310266673,0.041102754782132676,0.32110239260318535,0.2605412887620333,0.2912840182505007,-3.6090431243255177
7.47300000000083,-2.5955703442403744,0.04139359359320847,0.317486218772588,0.26080406335954076,0.29031533833884915,-3.6223683994096305
7.474000000000831,-2.5953094081652277,0.04168345391878844,0.31385677975716075,0.2610487315414698,0.28932732380811294,-3.6355726340820262
7.475000000000831,-2.595048236581928,0.04197231652607843,0.31021419685965074,0.261275230594333,0.2883201820303765,-3.648655332181555
7.476000000000831,-2.594786847688508,0.04226016238798713,0.30655859190431345,0.2614835071212409,0.28729411676548167,-3.6616159467658425
7.477000000000832,-2.5945252597319852,0.042546972679003064,0.3028900872879497,0.2616735163943818,0.28624932722190033,-3.674453879816503
7.478000000000832,-2.594263490999957,0.04283272877033627,0.2992088060306265,0.2618452218566423,0.2851860075138945,-3.6871684831237967
7.479000000000832,-2.5940015598126314,0.04311741222468206,0.29551487182502767,0.26199859474242404,0.28410434643556015,-3.6997590601026094
7.480000000000833,-2.5937394845151838,0.043401004790886,0.291808409083621,0.26213361378919714,0.28300452747644,-3.712224868306084
7.481000000000833,-2.5934772834703783,0.04368348839871769,0.2880895429830505,0.2622502650148328,0.2818867290117561,-3.7245651224296115
7.482000000000833,-2.5932149750513735,0.04396484515389883,0.2843583995053545,0.26234854154010323,0.2807511246106369,-3.7367789976296715
7.483000000000834,-2.5929525776347013,0.04424505733347979,0.28061510547576773,0.2624284434401467,0.2795978834163828,-3.7488656330146344
7.484000000000834,-2.5926901095933776,0.04452410738161786,0.276859788596995,0.2624899776127259,0.278427170562832,-3.76082413519526
7.485000000000834,-2.5924275892901454,0.04480197790577891,0.2730925774799411,0.2625331576545446,0.2772391475997244,-3.772653581809685
7.486000000000835,-2.592165035070833,0.04507865167336103,0.26931360167095486,0.262558003739671,0.2760339729074095,-3.784353024960619
7.487000000000835,-2.5919024652578417,0.04535411160872213,0.26552299167569915,0.26256454249627525,0.27481180208729994,-3.7959214945211817
7.488000000000835,-2.591639898143752,0.045628340790582346,0.261720878979793,0.26255280687950405,0.2735727883192561,-3.8073580012807176
7.489000000000836,-2.591377351985064,0.04590132244976531,0.2579073960663955,0.26252283603947213,0.27231708268076155,-3.818661539913445
7.490000000000836,-2.591114844996069,0.04617303996723857,0.2540826764309133,0.26247467518415135,0.2710448344255031,-3.8298310917614913
7.491000000000836,-2.590852395342865,0.0464434768724123,0.2502468545930192,0.26240837543745515,0.26975619122097505,-3.840865627430277
7.492000000000837,-2.5905900211375092,0.046712616841655494,0.2464000661061681,0.26232399369313064,0.26845129934614903,-3.8517641091987964
7.493000000000837,-2.590327740432325,0.046980443696990816,0.2425424475647928,0.2622215924652317,0.26713030385121284,-3.86252549325048
7.494000000000837,-2.5900655712143577,0.04724694140493135,0.23867413660935577,0.26210123973600447,0.2657933486820046,-3.8731487317324076
7.495000000000838,-2.5898035313999817,0.047512094075425344,0.23479527192942357,0.2619630088020041,0.26444057677213334,-3.8836327746518884
7.496000000000838,-2.5895416388296626,0.04777588596087829,0.23090599326492203,0.26180697811920295,0.2630721301059551,-3.893976571620063
7.497000000000838,-2.589279911262879,0.04803830145522471,0.2270064414057203,0.2616332311477678,0.26168814975561944,-3.9041790734524167
7.498000000000839,-2.5890183663731907,0.04829932509302541,0.22309675818968158,0.2614418561970872,0.260288775895355,-3.914239233635976
7.499000000000839,-2.5887570217434703,0.04855894154856883,0.21917708649930964,0.26123294627153,0.25887414779605145,-3.9241560096726893
7.500000000000839,-2.588495894861283,0.048817135634958396,0.2152475702571098,0.26100659891732075,0.25744440380304806,-3.9339283643080236
7.50100000000084,-2.5882350031144203,0.04907389230317037,0.21130835441977527,0.26076291607082724,0.25599968129986406,-3.9435552666533162
7.50200000000084,-2.5879743637865875,0.04932919664106945,0.20735958497130083,0.26050200390847456,0.25454011666042253,-3.953035693209841
7.50300000000084,-2.5877139940532343,0.04958303387237187,0.20340140891511851,0.260223972698432,0.25306584519212966,-3.962368628801972
7.504000000000841,-2.5874539109775383,0.04983538935554781,0.1994339742653427,0.2599289366541578,0.25157700107198405,-3.97155306742626
7.505000000000841,-2.587194131506532,0.050086248582657374,0.19545743003720548,0.2596170137898396,0.2500737172777094,-3.9805880130226674
7.506000000000841,-2.5869346724673736,0.05033559717811586,0.19147192623675735,0.2592883257777302,0.2485561255157275,-3.9894724801736876
7.507000000000842,-2.586675550563758,0.05058342089738616,0.1874776138499026,0.25894299780734836,0.24702435614762547,-3.998205494736567
7.508000000000842,-2.5864167823724706,0.05082970562559753,0.18347464483083398,0.2585811584464955,0.2454785381166114,-4.006786094413388
7.509000000000842,-2.5861583843400773,0.051074437376091214,0.17946317208992632,0.25820293950402506,0.2439187988753091,-4.015213329263345
7.510000000000843,-2.58590037277975,0.05131760228889524,0.17544334948114546,0.25780847589429684,0.24234526431610204,-4.0234862621611365
7.511000000000843,-2.585642763868231,0.051559186629131094,0.1714153317890238,0.2573979055032464,0.24075805870511027,-4.031603969205074
7.512000000000843,-2.5853855736429248,0.05179917678535674,0.16737927471525182,0.2569713690560068,0.23915730462076232,-4.039565540078147
7.513000000000844,-2.5851288179991245,0.052037559267850725,0.16333533486493068,0.2565290099860265,0.23754312289781224,-4.047370078365016
7.514000000000844,-2.5848725126873715,0.05227432070684341,0.15928366973252864,0.2560709743056407,0.23591563257754697,-4.055016701827645
7.515000000000844,-2.584616673310937,0.05250944785070175,0.15522443768758154,0.2555974104780667,0.23427495086483013,-4.062504542642046
7.516000000000845,-2.584361315323435,0.05274292756407475,0.1511577979601751,0.25510846929081255,0.23262119309253693,-4.069832747598397
7.517000000000845,-2.5841064540265624,0.052974746826007266,0.1470839106262443,0.2546043037305022,0.2309544726938472,-4.077000478266645
7.518000000000845,-2.5838521045679608,0.05320489272803015,0.14300293659272387,0.2540850688591436,0.22927490118278346,-4.084006911129492
7.519000000000846,-2.5835982819392025,0.05343335247223521,0.13891503758258109,0.2535509216918806,0.22758258814330296,-4.090851237684591
7.520000000000846,-2.5833450009738965,0.05366011336934364,0.1348203761197612,0.2530020210762906,0.22587764122718157,-4.097532664517586
7.521000000000846,-2.5830922763459174,0.05388516283677676,0.13071911551407367,0.25243852757330776,0.22416016616085951,-4.104050413347592
7.522000000000847,-2.58284012256775,0.054108488396738125,0.12661141984604612,0.2518606033398669,0.2224302667613541,-4.1104037210465645
7.523000000000847,-2.582588553988952,0.054330077674316156,0.12249745395177133,0.25126841201338146,0.2206880449612857,-4.11659183963398
7.524000000000847,-2.582337584794727,0.05454991839561628,0.1183773834077713,0.25066211859818216,0.2189336008430055,-4.122614036248131
7.525000000000848,-2.58208722900462,0.05476799838593174,0.11425137451590126,0.2500418893540551,0.21716703268176132,-4.128469593095341
7.526000000000848,-2.581837500471309,0.05498430556796205,0.11011959428831486,0.24940789168703142,0.215388436997787,-4.134157807378294
7.527000000000848,-2.5815884128795177,0.055198827960087876,0.10598221043251109,0.2487602940425879,0.21359790861715558,-4.139677991204695
7.528000000000849,-2.5813399797450267,0.05541155367471118,0.10183939133648176,0.24809926580142524,0.21179554074119164,-4.145029471477387
7.529000000000849,-2.581092214413789,0.0556224709166688,0.09769130605397772,0.24742497717799722,0.20998142502419911,-4.1502115897670615
7.530000000000849,-2.580845130061144,0.05583156798172792,0.0935381242899106,0.24673759912196555,0.2081556516592231,-4.155223702168655
7.53100000000085,-2.580598739691135,0.056038833255171124,0.0893800163859058,0.24603730322275735,0.20631830947153024,-4.160065179142498
7.53200000000085,-2.58035305613591,0.056244255210478634,0.0852171533060216,0.24532426161740045,0.2044694860194613,-4.164735405341275
7.53300000000085,-2.580108092055223,0.05644782240811495,0.08104970662264782,0.24459864690180932,0.20260926770228116,-4.169233779423835
7.534000000000851,-2.5798638599360153,0.056649523494426694,0.07687784850259692,0.24386063204568934,0.20073773987462645,-4.173559713856857
7.535000000000851,-2.5796203720920845,0.05684934720065792,0.07270175169339906,0.2431103903112208,0.19885498696712897,-4.177712634705386
7.536000000000851,-2.5793776406638287,0.057047282342089105,0.06852158950981169,0.24234809517567565,0.1969610926127728,-4.18169198141321
7.537000000000852,-2.5791356776180714,0.057243317817305,0.0643375358205535,0.24157392025811025,0.19505613977852754,-4.1854972065740705
7.538000000000852,-2.578894494747951,0.05743744260759668,0.060149765035271315,0.24078803925026693,0.19314021090178432,-4.189127775694636
7.539000000000852,-2.578654103672885,0.05762964577650217,0.05595845209174771,0.23999062585180433,0.19121338803111143,-4.192583166950191
7.540000000000853,-2.5784145158385887,0.05781991646948978,0.0517637724433562,0.2391818537099637,0.1892757529708359,-4.195862870933971
7.541000000000853,-2.5781757425171574,0.05800824391378773,0.047565902046769845,0.23836189636376426,0.18732738742895136,-4.198966390401024
7.542000000000853,-2.5779377948072013,0.05819461741836313,0.04336501734992841,0.23753092719280633,0.1853683731678475,-4.201893240007519
7.543000000000854,-2.5777006836340277,0.05837902637405289,0.039161295280268064,0.2366891193707454,0.18339879215735366,-4.204642946046358
7.544000000000854,-2.5774644197498686,0.058561460253848625,0.03495491323321694,0.2358366458234855,0.18141872672958878,-4.207215046179956
7.545000000000854,-2.577229013734146,0.058741908613337036,0.030746049060959027,0.23497367919212425,0.17942825973510954,-4.209609089171019
7.546000000000855,-2.576994475993776,0.058920361091297,0.02653488106146783,0.23410039180066675,0.17742747469985237,-4.211824634612176
7.547000000000855,-2.576760816763497,0.059096807410453644,0.02232158796781073,0.23321695562851025,0.17541645598236702,-4.213861252655242
7.548000000000855,-2.5765280461062288,0.05927123737838967,0.018106348937723834,0.23232354228768623,0.17339528893084463,-4.215718523740941
7.549000000000856,-2.5762961739134465,0.05944364088861341,0.01388934354345657,0.23142032300483184,0.17136406003944907,-4.217396038329858
7.550000000000856,-2.5760652099055754,0.0596140079217826,0.00967075176188438,0.230507468607849,0.16932285710346567,-4.218893396635407
7.551000000000856,-2.5758351636323944,0.059782328547082535,0.0054507539648870965,0.22958514951719494,0.16727176937278912,-4.220210208359569
7.552000000000857,-2.575606044473443,0.0599485929237567,0.0012295309099898625,0.22865353574173602,0.16521088770327869,-4.2213460924321815
7.553000000000857,-2.5753778616384366,0.060112791302787474,-0.0029927362687373156,0.22771279687908258,0.1631403047055171,-4.222300676754501
7.554000000000857,-2.575150624167674,0.0602749140287241,-0.007215866069526062,0.22676310212031253,0.1610601148905165,-4.223073597947816
7.555000000000858,-2.57492434093244,0.06043495154165463,-0.011439676631507568,0.22580462025897874,0.15897041481192253,-4.2236645011078355
7.556000000000858,-2.5746990206353972,0.060592894379318196,-0.01566398574306813,0.2248375197042848,0.15687130320427584,-4.224073039565599
7.557000000000858,-2.574474671810961,0.06074873317935331,-0.01988861084996918,0.2238619684983039,0.15476288111689668,-4.224298874655659
7.558000000000859,-2.574251302825658,0.060902458681677714,-0.024113369063239447,0.22287813431973771,0.15264525209070437,-4.224341675283569
7.559000000000859,-2.574028921878922,0.061054061732264554,-0.02833807716287034,0.22188618356051557,0.1505185248929089,-4.22420110630975
7.560000000000859,-2.5738075370048312,0.06120353328972839,-0.03256255158480092,0.2208862804439599,0.14838281615442395,-4.2238768173894945
7.56100000000086,-2.5735871560733674,0.0613508644307715,-0.03678660841660185,0.21987858880339994,0.14623824568708427,-4.223368463759929
7.56200000000086,-2.5733677867908638,0.06149604635363749,-0.041010063405043935,0.21886327232020547,0.1440849360284215,-4.222675708489817
7.56300000000086,-2.5731494367000125,0.06163907038053203,-0.04523273196382848,0.21784049455993162,0.14192301254332448,-4.221798222276677
7.564000000000861,-2.572932113179959,0.06177992796049803,-0.04945442918112172,0.21681041901152037,0.13975260351834837,-4.220735683257912
7.565000000000861,-2.5727158234463587,0.061918610672381434,-0.05367496982690769,0.21577320912933826,0.13757384024829858,-4.219487776836638
7.566000000000861,-2.5725005745513894,0.06205511022787942,-0.05789416836017454,0.21472902837781996,0.1353868571147243,-4.218054195522854
7.567000000000862,-2.572286373383718,0.062189418474663,-0.06211183893594999,0.21367804027847664,0.13319179165596903,-4.216434638790617
7.568000000000862,-2.5720732266684196,0.06232152739956523,-0.06632779541220218,0.21262040845901597,0.13098878462843655,-4.2146288129517915
7.569000000000862,-2.5718611409668446,0.062451429131826226,-0.0705418513566229,0.2115562967043083,0.12877798005874466,-4.212636431046967
7.570000000000863,-2.5716501226764374,0.0625791159463856,-0.07475382005331037,0.21048586900892036,0.12655952528645265,-4.210457212754053
7.571000000000863,-2.5714401780304987,0.06270458026721278,-0.07896351450936986,0.209409289630923,0.12433357099706453,-4.208090884315015
7.572000000000863,-2.571231313097895,0.06282781467066535,-0.08317074746145015,0.2083267231466648,0.12210027124502751,-4.205537178481153
7.573000000000864,-2.571023533782713,0.06294881188886534,-0.08737533138223472,0.20723833450618623,0.11985978346646306,-4.202795834477249
7.574000000000864,-2.5708168458238574,0.06306756481308286,-0.0915770784869067,0.20614428908893243,0.11761226848138957,-4.199866597984829
7.575000000000864,-2.5706112547945956,0.06318406649711676,-0.0957758007396066,0.20504475275940484,0.11535789048521665,-4.19674922114467
7.576000000000865,-2.570406766102042,0.06329831016066133,-0.09997130985990227,0.20393989192237202,0.1130968170293159,-4.1934434625786
7.577000000000865,-2.570203384986595,0.06341028919264782,-0.10416341732929026,0.20282987357724158,0.11082921899049789,-4.189949087430489
7.578000000000865,-2.5700011165213104,0.06351999715455015,-0.10835193439774765,0.20171486537117464,0.1085552705292527,-4.186265867426219
7.579000000000866,-2.5697999656112334,0.06362742778364293,-0.11253667209035328,0.200595035650504,0.10627514903663984,-4.182393580952256
7.580000000000866,-2.5695999369926703,0.0637325749962008,-0.11671744121399656,0.19947055350999685,0.1039890350697431,-4.1783320131522945
7.581000000000866,-2.569401035232419,0.06383543289062742,-0.12089405236419169,0.1983415888394827,0.10169711227563756,-4.174080956041274
7.582000000000867,-2.5692032647269514,0.06393599575050268,-0.12506631593201428,0.1972083123673467,0.09939956730384734,-4.169640208635871
7.583000000000867,-2.5690066297015552,0.06403425804753665,-0.12923404211117623,0.19607089570037042,0.09709658970730511,-4.1650095771003866
7.584000000000867,-2.568811134209437,0.06413021444441871,-0.13339704090525356,0.19492951135938216,0.09478837183185791,-4.160188874906729
7.585000000000868,-2.5686167821307926,0.06422385979755053,-0.13755512213508092,0.1937843328101637,0.0924751086943956,-4.1551779230069705
7.586000000000868,-2.568423577171848,0.06431518915965147,-0.14170809544632387,0.192635534489043,0.09015699784971123,-4.149976550016734
7.587000000000868,-2.568231522863882,0.06440419778222531,-0.14585577031723945,0.1914832918225906,0.08783423924623407,-4.144584592407421
7.588000000000869,-2.568040622562224,0.06449088111787725,-0.14999795606663235,0.190327781240825,0.08550703507080634,-4.139001894705039
7.589000000000869,-2.567850879445251,0.06457523482247023,-0.15413446186201213,0.18916918018332443,0.08317558958270449,-4.133228309693147
7.590000000000869,-2.5676622965133764,0.06465725475710996,-0.1582650967279544,0.18800766709763797,0.08084010893713285,-4.127263698617149
7.59100000000087,-2.567474876588048,0.0647369369899484,-0.16238966955466577,0.18684342142938648,0.07850080099844403,-4.121107931386953
7.59200000000087,-2.567288622310758,0.06481427779779532,-0.16650798910674902,0.18567662360344797,0.0761578751433641,-4.114760886774679
7.59300000000087,-2.567103536142075,0.06488927366752827,-0.17061986403216245,0.18450745499562993,0.07381154205452282,-4.108222452603924
7.594000000000871,-2.566919620360716,0.06496192129729131,-0.17472510287136234,0.18333609789424482,0.07146201350461012,-4.101492525926764
7.595000000000871,-2.566736877062654,0.06503221759747345,-0.17882351406661479,0.18216273545102668,0.0691095021314985,-4.09457101318449
7.596000000000871,-2.5665553081602868,0.06510015969145773,-0.18291490597145843,0.18098755162085425,0.06675422120469027,-4.087457830347822
7.597000000000872,-2.566374915381665,0.06516574491613263,-0.18699908686029512,0.17981073108978488,0.06439638438346591,-4.080152903032166
7.598000000000872,-2.566195700269807,0.06522897082215759,-0.1910758649380816,0.17863245919095072,0.062036205467129645,-4.072656166583329
7.599000000000872,-2.5660176641820964,0.06528983517397506,-0.19514504835009006,0.17745292180792996,0.059673898137769604,-4.064967566128987
7.600000000000873,-2.565840808289787,0.0653483359495617,-0.19920644519170122,0.1762723052652796,0.05730967569597594,-4.057087056591195
7.601000000000873,-2.5656651335776184,0.06540447133991198,-0.2032598635181883,0.1750907962060081,0.05494375078999188,-4.049014602655249
7.602000000000873,-2.5654906408435703,0.06545823974824784,-0.20730511135444632,0.17390858145587615,0.05257633513881425,-4.040750178690404
7.603000000000874,-2.5653173306987487,0.06550963978894873,-0.21134199670461606,0.1727258478745465,0.05020763924981356,-4.0322937686182625
7.604000000000874,-2.5651452035674334,0.06555867028619672,-0.21537032756154892,0.17154278219376193,0.04783787213151349,-4.023645365725142
7.605000000000874,-2.5649742596872938,0.06560533027233226,-0.21938991191605473,0.17035957084291792,0.04546724100226106,-4.014804972415481
7.606000000000875,-2.5648044991097807,0.06564961898591701,-0.2234005577658726,0.16917639976261808,0.04309595099563626,-4.0057725999043505
7.607000000000875,-2.564635921700716,0.06569153586950076,-0.22740207312430355,0.16799345420705888,0.0407242048636002,-3.9965482678485325
7.608000000000875,-2.5644685271410808,0.06573108056709083,-0.23139426602844407,0.16681091853639085,0.0383522026785702,-3.9871320039174316
7.609000000000876,-2.5643023149280157,0.06576825292132382,-0.23537694454696165,0.16562897600055013,0.03598014153584707,-3.977523843307411
7.610000000000876,-2.5641372843760455,0.06580305297034038,-0.23934991678735912,0.16444780851644852,0.03360821525810941,-3.967723828206082
7.611000000000876,-2.5639734346185223,0.06583548094436655,-0.2433129909026822,0.1632675964408554,0.031236614104041518,-3.9577320072167024
7.612000000000877,-2.563810764609303,0.06586553726200686,-0.24726597509763742,0.16208851834179802,0.02886552448357945,-3.947548434757285
7.613000000000877,-2.563649273124647,0.0658932225262571,-0.2512086776341045,0.16091075077184547,0.026495128682748965,-3.9371731704542845
7.614000000000877,-2.5634889587653493,0.0659185375202483,-0.2551409068360502,0.15973446804721433,0.024125604601628745,-3.9266062785569624
7.615000000000878,-2.563329819959077,0.06594148320273692,-0.2590624710938806,0.1585598420372272,0.021757125509596874,-3.91584782740563
7.616000000000878,-2.563171854962918,0.06596206070336103,-0.2629731788683051,0.1573870419692433,0.01938985982269529,-3.9048978889948964
7.617000000000878,-2.5630150618661123,0.06598027131768712,-0.26687283869383177,0.1562162342547315,0.01702397090864901,-3.893756538681586
7.618000000000879,-2.562859438592941,0.06599611650207846,-0.2707612591820664,0.15504758234262306,0.014659616925768426,-3.882423855095773
7.619000000000879,-2.562704982905753,0.06600959786842217,-0.2746382490250524,0.1538812466064108,0.012296950702584648,-3.8708999203218193
7.620000000000879,-2.562551692408073,0.06602071717875926,-0.27850361699895687,0.15271738427158413,0.009936119665546559,-3.8591848204236237
7.62100000000088,-2.562399564547774,0.06602947633986973,-0.2823571719684871,0.15155614938983025,0.007577265822346619,-3.8472786463933413
7.62200000000088,-2.562248596620236,0.06603587739787174,-0.28619872289250126,0.15039769286591573,0.00522052580832605,-3.8351814956042896
7.62300000000088,-2.5620987857714583,0.06603992253290168,-0.2900280788313567,0.14924216254221417,0.00286603100281257,-3.8228934738449962
7.624000000000881,-2.5619501290010547,0.06604161405394791,-0.2938450489566106,0.14808970334441948,0.0005139077210361406,-3.8104146980006317
7.625000000000881,-2.56180262316507,0.06604095439391569,-0.2976494425637474,0.14694045749005794,-0.0018357225146585178,-3.79774529942878
7.626000000000881,-2.5616562649785584,0.06603794610500323,-0.301441069088637,0.14579456475902589,-0.00418274262329958,-3.7848854280473603
7.627000000000882,-2.5615110510178623,0.06603259185446857,-0.30521973812843084,0.1446521628226335,-0.006527039535974339,-3.7718352571130005
7.628000000000882,-2.5613669777225345,0.06602489442086153,-0.30898525946755395,0.14351338762470817,-0.008868503695394946,-3.758594988618998
7.629000000000882,-2.5612240413968577,0.06601485669078694,-0.31273744310935436,0.1423783738054561,-0.01120702849566179,-3.7451648591854174
7.630000000000883,-2.5610822382109233,0.06600248165625126,-0.316476099313813,0.14124725515630263,-0.013542509678269645,-3.731545146253996
7.631000000000883,-2.560941564201248,0.06598777241262639,-0.3202010386415012,0.14012016509215594,-0.015874844704741306,-3.717736174343255
7.632000000000883,-2.5608020152709097,0.06597073215724249,-0.32391207200370337,0.1389972371267529,-0.01820393212967221,-3.7037383210717763
7.633000000000884,-2.5606635871892207,0.06595136418859682,-0.32760901071831333,0.1378786053371414,-0.02052967099988018,-3.6895520226277934
7.634000000000884,-2.560526275590937,0.06592967190613958,-0.33129166657078635,0.13676440480497384,-0.022851960305332906,-3.675177778357885
7.635000000000884,-2.5603900759750537,0.0659056588105732,-0.33495985187911104,0.13565477202498544,-0.025170698505327133,-3.660616154171442
7.636000000000885,-2.5602549837031976,0.0658793285045799,-0.3386133795614865,0.13454984527449074,-0.02748578314905796,-3.6458677845116987
7.637000000000885,-2.5601209939976823,0.06585068469387617,-0.34225206320517987,0.13344976494148844,-0.02979711060359216,-3.630933372725382
7.638000000000885,-2.5599881019392483,0.06581973118848326,-0.34587571713491944,0.13235467381251073,-0.03210457589497551,-3.6158136897638755
7.639000000000886,-2.559856302464537,0.06578647190410113,-0.3494841564791686,0.13126471732421446,-0.03440807266057512,-3.6005095712585327
7.640000000000886,-2.5597255903633247,0.06575091086347828,-0.35307719723271924,0.13018004378455456,-0.036707493203645754,-3.585021913119023
7.641000000000886,-2.559595960275556,0.06571305219768227,-0.35665465631424226,0.12910080457005949,-0.03900272863527582,-3.569351665894649
7.642000000000887,-2.559467406688179,0.0656729001471925,-0.3602163516177064,0.1280271543053074,-0.041293669084852054,-3.5534998282051595
7.643000000000887,-2.5593399239318146,0.06563045906275722,-0.363762102056905,0.12695925102941505,-0.0435802039582259,-3.5374674395843835
7.644000000000887,-2.5592135061772643,0.06558573340597697,-0.3672917276026796,0.12589725635254212,-0.04586222222281308,-3.521255573086071
7.645000000000888,-2.559088147431864,0.06553872774959754,-0.3708050493127676,0.12484133560345183,-0.048139612700605884,-3.5048653279797124
7.646000000000888,-2.5589638415356957,0.06548944677751248,-0.37430188935451303,0.12379165796738231,-0.05041226435306177,-3.488297822820793
7.647000000000888,-2.558840582157666,0.06543789528448984,-0.3777820710209311,0.12274839661211065,-0.05268006654552657,-3.4715541891225272
7.648000000000889,-2.5587183627914696,0.06538407817564823,-0.3812454187408164,0.12171172879925728,-0.054942909282760986,-3.4546355657922554
7.649000000000889,-2.558597176751447,0.06532800046571353,-0.38469175808371425,0.12068183597760647,-0.05720068341085984,-3.437543094432288
7.650000000000889,-2.558477017168359,0.06526966727809115,-0.38812091576064434,0.1196589038554465,-0.05945328078410094,-3.4202779155471865
7.65100000000089,-2.5583578769850996,0.06520908384378829,-0.3915327196214843,0.11864312244955103,-0.06170059439787741,-3.4028411656507562
7.65200000000089,-2.5582397489523796,0.06514625550021902,-0.39492699864989245,0.1176346861092965,-0.06394251849080336,-3.3852339752279943
7.65300000000089,-2.558122625624385,0.06508118768992059,-0.39830358295659124,0.1166337935154125,-0.066178948620373,-3.367457467480132
7.654000000000891,-2.5580064993544642,0.06501388595920544,-0.4016623037717501,0.11564064765387996,-0.06840978171728086,-3.349512757763899
7.655000000000891,-2.55789136229084,0.06494435595676702,-0.4050029934371149,0.11465545576644615,-0.07063491612379247,-3.3314009536277815
7.656000000000891,-2.5577772063723927,0.06487260343225319,-0.4083254853984303,0.11367842928005881,-0.07285425162150293,-3.313123155346587
7.657000000000892,-2.557664023324514,0.06479863423481493,-0.4116296141986065,0.1127097837182074,-0.07506768945355145,-3.294680456859339
7.658000000000892,-2.5575518046550627,0.0647224543116337,-0.41491521547198823,0.11174973859768812,-0.07727513234596203,-3.276073947022774
7.659000000000892,-2.55744054165043,0.06464406970642621,-0.41818212594000187,0.1107985173146869,-0.07947648453233092,-3.257304711102126
7.660000000000893,-2.5573302253717145,0.06456348655792116,-0.4214301834083836,0.10985634702431532,-0.08167165178563336,-3.238373832431379
7.661000000000893,-2.55722084665103,0.0644807110982993,-0.42465922676612794,0.10892345851785495,-0.08386054146051296,-3.2192823941859285
7.662000000000893,-2.5571123960879287,0.06439574965158466,-0.42786909598624523,0.10800008610198479,-0.08604306254906588,-3.200031481220992
7.663000000000894,-2.5570048640459406,0.06430860863197217,-0.43105963212837506,0.10708646748419555,-0.0882191257528494,-3.180622181938814
7.664000000000894,-2.5568982406492307,0.06421929454207403,-0.4342306773432685,0.10618284366844387,-0.09038864357362458,-3.161055590156437
7.665000000000894,-2.556792515779345,0.0641278139710651,-0.43738207487912995,0.1052894588648662,-0.09255153042517474,-3.1413328069534483
7.666000000000895,-2.5566876790720467,0.06403417359270491,-0.4405136690897906,0.10440656041704838,-0.09470770276840189,-3.1214549424856055
7.667000000000895,-2.5565837199142054,0.06393838016321217,-0.4436253054446742,0.10353439874990887,-0.09685707927175806,-3.1014231177555533
7.668000000000895,-2.5564806274407363,0.06384044051896533,-0.44671683054051037,0.10267322734066446,-0.09899958099887038,-3.081238466335951
7.669000000000896,-2.5563783905315542,0.063740361574009,-0.44978809211472404,0.10182330261042584,-0.10113513133753096,-3.0609021349326895
7.670000000000896,-2.5562769978096718,0.0636381503205076,-0.45283893905084377,0.10098488207219038,-0.10326365107654062,-3.040415265042087
7.671000000000896,-2.5561764376396043,0.0635338138298906,-0.45586922137178093,0.10015822474299214,-0.1053850596745474,-3.019778998352089
7.672000000000897,-2.556076698125419,0.06342735925287225,-0.4588787902513717,0.09934359284274695,-0.10749928006073992,-2.9989944956032693
7.673000000000897,-2.555977767107355,0.06331879381546354,-0.4618674980348067,0.09854125193749794,-0.10960623913391537,-2.978062938670282
7.674000000000897,-2.5558796321583808,0.06320812481465679,-0.46483519826044695,0.09775147102647248,-0.11170586810829379,-2.9569855319107288
7.675000000000898,-2.555782280580714,0.06309535961393511,-0.46778174568294256,0.09697452262037452,-0.11379810286513037,-2.93576350341677
7.676000000000898,-2.555685699402291,0.06298050563843599,-0.47070699629753765,0.09621068278914906,-0.11588288429028373,-2.914398106126204
7.677000000000898,-2.555589875373208,0.06286357036979776,-0.47361080736538846,0.0954602311480367,-0.11796015856654857,-2.892890618724354
7.678000000000899,-2.5554947949622284,0.0627445613407569,-0.47649303743963695,0.09472345073820741,-0.12002987737295791,-2.8712423462316274
7.679000000000899,-2.5554004443534897,0.06262348612962369,-0.479353546391852,0.09400062774175683,-0.12209199791912863,-2.8494546201196966
7.680000000000899,-2.5553068094436107,0.06250035235485184,-0.4821921954382591,0.09329205094934073,-0.12414648270784087,-2.827528797725903
7.6810000000009,-2.5552138758395055,0.06237516767004908,-0.4850088471648993,0.09259801087105148,-0.12619329886888236,-2.805466260632432
7.6820000000009,-2.5551216288573215,0.062247939759966696,-0.4878033655504589,0.09191879834606469,-0.12823241683548597,-2.7832684115328723
7.6830000000009,-2.555030053523102,0.06211867633828339,-0.490575615984937,0.09125470246294244,-0.13026380803303442,-2.760936668909321
7.684000000000901,-2.5549391345759758,0.06198738514839768,-0.49332546528151355,0.09060600754951424,-0.13228744110754448,-2.738472458570272
7.685000000000901,-2.5548488564749525,0.06185407396900845,-0.49605278167785594,0.08997298892941764,-0.13430327602762285,-2.715877200735142
7.6860000000009014,-2.554759203410733,0.061718750627051275,-0.49875743482156415,0.08935590707520535,-0.13631125514259043,-2.693152290888778
7.687000000000902,-2.5546701594618,0.06158142381074418,-0.5014392948191783,0.08875471090008627,-0.13830961124520974,-2.6702961044559967
7.688000000000902,-2.55458170879212,0.061442104319583,-0.5040982282556198,0.08816924364170163,-0.14029573160300954,-2.647305577541171
7.6890000000009024,-2.554493835473147,0.06130080400425323,-0.5067341022618239,0.08759994426183146,-0.1422705677001586,-2.6241839548739545
7.690000000000903,-2.554406523184256,0.06115753384430613,-0.5093467873888843,0.08704716757993369,-0.1442351050072797,-2.6009344811957953
7.691000000000903,-2.554319755279571,0.06101230371678769,-0.5119361572521934,0.0865111356068214,-0.14619016173360622,-2.577560035949864
7.6920000000009034,-2.5542335149647086,0.06086512277007361,-0.5145020881510797,0.08599192104617248,-0.1481363756489294,-2.5540631004371748
7.693000000000904,-2.554147785453691,0.060715999614651246,-0.5170444586481846,0.08548943197020487,-0.1500741820598629,-2.530445711287654
7.694000000000904,-2.5540625501362375,0.060564942538730536,-0.5195631491003428,0.08500340745060729,-0.15200378644383644,-2.506709413360442
7.6950000000009044,-2.553977792737662,0.06041195974920823,-0.5220580411530928,0.08453343842730905,-0.15392514209410071,-2.4828552397478774
7.696000000000905,-2.5538934974409915,0.06025705962538259,-0.5245290172432966,0.08407902419486273,-0.15583794879711332,-2.458883752831057
7.697000000000905,-2.553809648938845,0.06010025095880187,-0.5269759601804646,0.08363965702476503,-0.15774168402804778,-2.4347951594107298
7.6980000000009055,-2.553726232399483,0.05994154314892504,-0.5293987528693024,0.0832149071323286,-0.15963566113675978,-2.4105894698248447
7.699000000000906,-2.553643233359721,0.059780946336594774,-0.5317972781902225,0.08280447951806566,-0.1615190939725835,-2.3862666459763813
7.700000000000906,-2.553560637577533,0.05961847147761245,-0.5341714190050845,0.08240823400408656,-0.16339114871002275,-2.3618267003638804
7.7010000000009065,-2.553478430877913,0.0594541303730712,-0.5365210582347825,0.08202617830744997,-0.1652509759480754,-2.3372697423438917
7.702000000000907,-2.5533965990128866,0.05928793567568314,-0.5388460789631009,0.08165844864173968,-0.16709772607812878,-2.312595987566096
7.703000000000907,-2.553315127543156,0.05911990088644388,-0.541146364539157,0.08130528806030385,-0.16893055397377912,-2.2878057482548857
7.7040000000009075,-2.553234001740775,0.05895004034987703,-0.543421798665825,0.08096702740260184,-0.1707486181084521,-2.2628994163885863
7.705000000000908,-2.553153206594569,0.058778368349676584,-0.5456722664072076,0.08064388570210271,-0.1725529522365226,-2.2378804397882868
7.706000000000908,-2.553072726952207,0.05860489765321396,-0.5478976582822398,0.0803359015706294,-0.1743459323345256,-2.2127543718522364
7.7070000000009085,-2.552992547544001,0.058429639508065435,-0.5500978681528675,0.08004329524348792,-0.17612757883827018,-2.1875229681454704
7.708000000000909,-2.5529126528838226,0.05825260519192651,-0.5522727914806541,0.07976629769019013,-0.17789780781341213,-2.162187827273504
7.709000000000909,-2.552833027247084,0.05807380616698442,-0.5544223253262099,0.07950513745738116,-0.17965653121572212,-2.1367505487698413
7.7100000000009095,-2.5527536546832237,0.05789325398465689,-0.5565463683509847,0.07926003725966102,-0.18140365919999218,-2.111212734583365
7.71100000000091,-2.55267451902278,0.05771096028668752,-0.5586448208199596,0.07903121172353605,-0.18313910127191121,-2.085575989512152
7.71200000000091,-2.5525956038862483,0.05752693680548706,-0.5607175846044958,0.07881886602272176,-0.1848627667425921,-2.059841921155389
7.7130000000009105,-2.5525168926939426,0.057341195364252785,-0.5627645631850422,0.0786231951893509,-0.1865745647831179,-2.0340121397209763
7.714000000000911,-2.552438368676281,0.057153747877160946,-0.5647856616536596,0.07844438392840371,-0.18827440426562234,-2.0080882578748436
7.715000000000911,-2.552360014884063,0.05696460634978121,-0.5667807867164575,0.0782826068000653,-0.18996219350415894,-1.9820718907246677
7.7160000000009115,-2.5522818141984116,0.05677378287977511,-0.5687498466960984,0.07813802866621208,-0.1916378399613676,-1.9559646559761457
7.717000000000912,-2.5522037493401815,0.05658128965789135,-0.5706927515345495,0.07801080532302151,-0.19330124995714704,-1.9297681742701158
7.718000000000912,-2.5521258028786518,0.05638713896924488,-0.5726094127962587,0.0779010842623476,-0.19495232839717808,-1.903484069694183
7.7190000000009125,-2.552047957239421,0.056191343194855185,-0.5744997436719255,0.0778090055207234,-0.1965909785281476,-1.8771139704568454
7.720000000000913,-2.551970194711412,0.055993914813416173,-0.5763636589830212,0.0777347025873881,-0.19821710172019105,-1.850659509711552
7.721000000000913,-2.551892497452951,0.05579486640327135,-0.5782010751872042,0.07767830335229071,-0.19983059727364075,-1.8241223265202493
7.7220000000009135,-2.551814847496879,0.055594210644572095,-0.5800119103847651,0.07763993108221187,-0.20143136224550126,-1.797504066949375
7.723000000000914,-2.551737226754685,0.055391960321601826,-0.5817960843262325,0.07761970541849066,-0.2030192912904524,-1.7708063852951432
7.724000000000914,-2.551659617019618,0.05518812832525409,-0.5835535184212696,0.0776177433937663,-0.20459427651115575,-1.7440309454389202
7.7250000000009145,-2.5515819999687848,0.05498272765565767,-0.5852841357489914,0.07763416046797922,-0.20615620731294004,-1.7171794223372854
7.726000000000915,-2.551504357164193,0.05477577142494676,-0.5869878610698447,0.07766907158587749,-0.20770497025840098,-1.6902535036549733
7.727000000000915,-2.551426670052728,0.05456727286017812,-0.588664620839195,0.07772259225963203,-0.2092404489179823,-1.66325489155225
7.7280000000009155,-2.551348919965034,0.054357245306401104,-0.5903143432227858,0.07779483968100934,-0.21076252371316312,-1.6361853046414323
7.729000000000916,-2.5512710881132588,0.05414570222988929,-0.5919369581142445,0.07788593386796988,-0.21227107174944215,-1.6090464801302031
7.730000000000916,-2.5511931555876446,0.0539326572215452,-0.5935323971548354,0.07799599885059756,-0.2137659666368855,-1.5818401761721388
7.7310000000009165,-2.551115103351899,0.0537181240004913,-0.5951005937556741,0.07812516390092836,-0.21524707829660325,-1.5545681744473825
7.732000000000917,-2.5510369122373215,0.053502116417861977,-0.5966414831226498,0.07827356481050746,-0.21671427275216174,-1.5272322829986316
7.733000000000917,-2.5509585629356235,0.053284648460811754,-0.5981550022843213,0.07844134521830207,-0.21816741190565128,-1.4998343393494031
7.7340000000009175,-2.550880035990395,0.05306573425675482,-0.5996410901230848,0.07862865798983325,-0.21960635329894507,-1.4723762139327066
7.735000000000918,-2.550801311787169,0.0528453880778501,-0.6010996874099369,0.07883566664592616,-0.22103094986164026,-1.4448598138584579
7.736000000000918,-2.550722370542032,0.052623624345743886,-0.6025307368431861,0.07906254683612965,-0.22244104964830785,-1.4172870870467722
7.7370000000009185,-2.5506431922887467,0.052400457636578926,-0.6039341830914905,0.07930948784738692,-0.22383649556903443,-1.38966002675099
7.738000000000919,-2.5505637568643484,0.05217590268627388,-0.6053099728416209,0.07957669413265134,-0.22521712511885955,-1.361980676488021
7.739000000000919,-2.550484043893223,0.0519499743960708,-0.6066580548513621,0.07986438683647008,-0.2265827701136335,-1.3342511353830029
7.7400000000009195,-2.550404032769661,0.05172268783833936,-0.6079783800079622,0.08017280528465993,-0.22793325644206702,-1.3064735639185687
7.74100000000092,-2.550323702638975,0.051494058262615765,-0.6092709013925204,0.08050220839254758,-0.22926840384632197,-1.2786501900536238
7.74200000000092,-2.5502430323772605,0.051264101101840424,-0.6105355743506499,0.08085287593022795,-0.23058802574636345,-1.2507833156389228
7.7430000000009205,-2.550162000570009,0.05103283197874173,-0.6117723565696553,0.08122510956321258,-0.23189192912636356,-1.2228753230018596
7.744000000000921,-2.5500805854898347,0.0508002667122934,-0.6129812081622968,0.08161923356192782,-0.23317991450451855,-1.1949286814936704
7.745000000000921,-2.5499987650737106,0.05056642132415043,-0.6141620917569548,0.0820355950429695,-0.23445177601037814,-1.166945953678487
7.7460000000009215,-2.54991651690028,0.05033131204494299,-0.6153149725936126,0.08247456356801164,-0.2357073015956397,-1.1389298006806163
7.747000000000922,-2.5498338181679747,0.050094955320282325,-0.6164398186244785,0.08293652988205258,-0.23694627340449514,-1.1108829859721354
7.748000000000922,-2.549750645674947,0.04985736781630692,-0.6175366006171936,0.08342190352065626,-0.23816846832681093,-1.0828083765444212
7.7490000000009225,-2.5496669758020936,0.049618566424578174,-0.6186052922572838,0.08393110895566049,-0.2393736587499584,-1.0547089399135774
7.750000000000923,-2.5495827845008394,0.04937856826612515,-0.6196458702446241,0.08446457988051566,-0.24056161351070485,-1.0265877346803662
7.751000000000923,-2.54949804728776,0.04913739069444818,-0.620658314375895,0.08502275116058755,-0.241732099024386,-0.9984478912699752
7.7520000000009235,-2.549412739248665,0.04889505129733165,-0.6216426076008571,0.08560604789186642,-0.2428848805314506,-0.9702925778009358
7.753000000000924,-2.5493268350553313,0.048651567897401035,-0.6225987360340132,0.0862148709265019,-0.24401972334874356,-0.9421249434163488
7.754000000000924,-2.549240308998786,0.04840695855150531,-0.623526688893642,0.08684957814122832,-0.24513639394440795,-0.9139480272505601
7.7550000000009245,-2.549153135043781,0.04816124154922419,-0.6244264583252814,0.08751046065674674,-0.2462346605780149,-0.885764614502954
7.756000000000925,-2.5490652869099186,0.04791443541108934,-0.6252980390432327,0.08819771318534227,-0.24731429318638468,-0.8575770102951611
7.757000000000925,-2.5489767381856816,0.04766655888742043,-0.626141427686477,0.0889113977283343,-0.24837506222063896,-0.8293866850952579
7.7580000000009255,-2.5488874624823477,0.04741763095883746,-0.6269566217277203,0.08965135827482106,-0.2494165712989172,-0.8011935660480858
7.759000000000926,-2.548797434012971,0.04716767237200444,-0.6277436165423596,0.09041668939898811,-0.2504362681608764,-0.7729933612199548
7.760000000000926,-2.548706627547331,0.04691670457969202,-0.6285024024276433,0.09120684729779716,-0.25143400740173244,-0.7447806625541078
7.7610000000009265,-2.5486150186594907,0.04666474941364477,-0.6292329627609646,0.09202118814466573,-0.2524108835393532,-0.7165462511593993
7.762000000000927,-2.5485225837255028,0.04641182718104842,-0.6299352687551407,0.09285850537587444,-0.2533680135569532,-0.688275030593099
7.763000000000927,-2.548429300712331,0.0461579569890465,-0.630609274181597,0.09371679429847553,-0.2543067015159832,-0.659947920661691
7.7640000000009275,-2.548335150136225,0.04590315640927627,-0.6312549143868668,0.09459292485225702,-0.2552287432536427,-0.631548633530915
7.765000000000928,-2.548240116251003,0.04564744088820795,-0.631872113547798,0.09548252780015519,-0.2561366237930597,-0.6030721759982148
7.766000000000928,-2.5481441880519844,0.04539082319564411,-0.6324607976638317,0.0963805112158466,-0.25703321125690076,-0.5745266510588803
7.7670000000009285,-2.548047359570514,0.04513331334327012,-0.6330209048599276,0.09728200232939127,-0.25792108419471327,-0.5459268549569448
7.768000000000929,-2.547949629325627,0.044874919105366964,-0.633552388285652,0.09818303786312128,-0.2588020386752825,-0.5172871638601813
7.769000000000929,-2.5478509992897207,0.044615646875924626,-0.6340552137842148,0.09908075067863824,-0.25967698627177044,-0.48861838304556243
7.7700000000009295,-2.547751473815449,0.04435550251635798,-0.634529356103487,0.09997325175596686,-0.2605460836833802,-0.45992762742435866
7.77100000000093,-2.5476510587423205,0.04409449203075,-0.6349747956379481,0.10085942854205208,-0.2614089160901711,-0.43121924632879816
7.77200000000093,-2.547549760706821,0.04383262200177614,-0.6353915161779738,0.1017387857446054,-0.2622650810336988,-0.4024960969487704
7.7730000000009305,-2.547447586491064,0.04356989738679178,-0.6357795051317734,0.10261144236439489,-0.2631173627001411,-0.3737624535424081
7.774000000000931,-2.5473445427555674,0.04330632248706804,-0.6361387530483611,0.10347759952796744,-0.26396596809170203,-0.3450200788330175
7.775000000000931,-2.5472406358065145,0.04304190078630141,-0.6364692518095515,0.10433763756637668,-0.264810648574845,-0.31627014035159906
7.7760000000009315,-2.547135871516083,0.04277663637854201,-0.6367709943653954,0.10519207773196351,-0.2656510462038035,-0.2875136325560273
7.777000000000932,-2.5470302551833504,0.04251053375474885,-0.6370439746274433,0.1060415364247289,-0.266486732368182,-0.25875149939248165
7.778000000000932,-2.546923791457774,0.04224359785788599,-0.6372881874580331,0.10688668995735512,-0.2673172372614808,-0.22998470731754617
7.7790000000009325,-2.546816484293653,0.041975834112337435,-0.6375036287153651,0.10772824728995624,-0.2681420721068287,-0.20121428617377993
7.780000000000933,-2.5467083369285843,0.04170724843407376,-0.6376902953283278,0.10856692897513082,-0.2689607457073765,-0.17244134933794125
7.781000000000933,-2.5465993518803764,0.041437847226597595,-0.6378481853843667,0.10940345104939349,-0.269772776565309,-0.1436671006755174
7.7820000000009335,-2.5464895309579862,0.041167637366586136,-0.6379772982198768,0.11023851291563813,-0.2705777015499873,-0.1148928333010171
7.783000000000934,-2.5463788752828878,0.04089662618227619,-0.6380776345066966,0.1110727884620299,-0.2713750818880507,-0.08611992347163172
7.784000000000934,-2.5462673853179565,0.040624821426949655,-0.6381491963310199,0.11190691980209701,-0.27216450708616646,-0.057349821823883124
7.7850000000009345,-2.546155060901512,0.040352231249333015,-0.6381919872628451,0.11274151312497531,-0.2729455972701763,-0.028584043406370486
7.786000000000935,-2.5460419012846334,0.040078864162293504,-0.6382060124152634,0.11357713622793605,-0.2737180043244548,0.00017584255210212688
7.787000000000935,-2.5459279051704824,0.039804729005263495,-0.6381912785228324,0.11441431676812235,-0.27448142615171334,0.02892810859505135
7.7880000000009355,-2.545813070755649,0.03952983487577657,-0.6381477942847695,0.11525354030636471,-0.27523564579011905,0.0576705575387369
7.789000000000936,-2.5456973957708744,0.039254191072354006,-0.6380755706857647,0.11609525257202079,-0.27598048871584124,0.08640087196237171
7.790000000000936,-2.5455808775205,0.03897780704852391,-0.6379746210314882,0.11693986128176154,-0.27671580848815286,0.11511672873471326
7.7910000000009365,-2.5454635129194587,0.03870069239082171,-0.6378449609508583,0.11778773783011279,-0.2774414853150732,0.14381580574517497
7.792000000000937,-2.545345298528642,0.03842285679290442,-0.6376866083920264,0.11863921925482035,-0.27815742450045033,0.17249578774755364
7.793000000000937,-2.5452262305882045,0.03814431003125119,-0.6374995836129361,0.11949461037529954,-0.27886355483665876,0.20115437137985973
7.7940000000009375,-2.545106305048681,0.03786506194247936,-0.6372839091672432,0.12035418602520416,-0.2795598269902253,0.229789269435862
7.795000000000938,-2.54498551759984,0.03758512240226468,-0.6370396098863047,0.12121819331878783,-0.28024621191448895,0.2583982144680532
7.796000000000938,-2.544863863697281,0.03730450130582597,-0.6367667128578671,0.12208685390580279,-0.2809226993131323,0.28697896180071203
7.7970000000009385,-2.544741338586787,0.037023208549914394,-0.6364652474020043,0.12296036618172562,-0.2815892961705215,0.31552929202764585
7.798000000000939,-2.5446179373265094,0.03674125401623517,-0.6361352450447871,0.12383890742960281,-0.28224602535877036,0.344047013063435
7.799000000000939,-2.54449365480704,0.03645864755622184,-0.6357767394900985,0.1247226358772027,-0.2828929243269082,0.37252996181049264
7.8000000000009395,-2.5443684857694797,0.036175398977079574,-0.6353897665899496,0.12561169265882077,-0.2835300438741533,0.40097600549762774
7.80100000000094,-2.5442424248215967,0.035891518029013504,-0.634974364313602,0.1265062036753296,-0.2841574470068176,0.4293830427394244
7.80200000000094,-2.5441154664521703,0.03560701439355933,-0.6345305727157504,0.12740628134916093,-0.28477520787657157,0.4577490043598627
7.8030000000009405,-2.5439876050436374,0.035321897672936586,-0.634058433903985,0.12831202627307395,-0.28538341079651935,0.48607185401832287
7.804000000000941,-2.543858834883143,0.035036177380348775,-0.6335579920057108,0.12922352875297868,-0.2859821493306251,0.5143495886714808
7.805000000000941,-2.543729150172097,0.03474986293115959,-0.6330292931346764,0.13014087024588578,-0.28657152545138714,0.5425802389006384
7.8060000000009415,-2.5435985450343503,0.03446296363487968,-0.63247238535723,0.1310641246943562,-0.28715164876018123,0.5707618691307035
7.807000000000942,-2.543467013523083,0.03417548868790425,-0.6318873186584026,0.13199335975870566,-0.2877226357643117,0.5988925777643135
7.808000000000942,-2.5433345496265107,0.03388744716694789,-0.6312741449078885,0.1329286379477417,-0.28828460920445237,0.6269704972524378
7.8090000000009425,-2.5432011472725176,0.03359884802312964,-0.6306329178259802,0.13387001764801626,-0.2888376974257722,0.654993794121155
7.810000000000943,-2.5430668003323023,0.03330970007666803,-0.6299636929494904,0.13481755405048743,-0.28938203378556115,0.6829606689731348
7.811000000000943,-2.5429315026231567,0.03302001201215361,-0.629266527597677,0.13577129997211307,-0.2899177560895504,0.7108693564816148
7.8120000000009435,-2.5427952479104747,0.03272979237437436,-0.6285414808381714,0.13673130656824334,-0.29044500604829215,0.7387181253943125
7.813000000000944,-2.542658029909103,0.03243904956467887,-0.6277886134528907,0.13769762392972984,-0.29096392874386945,0.766505278564705
7.814000000000944,-2.5425198422841637,0.03214779183787234,-0.6270079879038967,0.1386703015564057,-0.2914746720957652,0.7942291530284042
7.8150000000009445,-2.5423806786514604,0.03185602729965261,-0.6261996682991494,0.13964938869598703,-0.29197738631285375,0.8218881201428948
7.816000000000945,-2.542240532577625,0.03156376390460775,-0.6253637203580809,0.14063493453447337,-0.2924722233160872,0.849480585809645
7.817000000000945,-2.542099397580156,0.03127100945481337,-0.6245002113768972,0.1416269882207503,-0.2929593361134251,0.8770049907984723
7.8180000000009455,-2.541957267127518,0.030977771599088322,-0.6236092101934967,0.14262559870429575,-0.2934388781047796,0.9044598111949526
7.819000000000946,-2.541814134639515,0.0306840578329919,-0.6226907871518703,0.14363081436065112,-0.29391100229010114,0.9318435589925254
7.820000000000946,-2.541669993488152,0.030389875499675104,-0.6217450140658282,0.14464268237465552,-0.2943758603481125,0.9591547828516064
7.8210000000009465,-2.5415248369992525,0.03009523179173453,-0.6207719641818736,0.14566124784643694,-0.29483360154656196,0.9863920690483218
7.822000000000947,-2.5413786584551223,0.02980013375426,-0.6197717121410254,0.1466865525799859,-0.29528437143730274,1.013554042635203
7.823000000000947,-2.5412314510986054,0.029504588289317984,-0.6187443339393633,0.14771863350918252,-0.2957283102813458,1.0406393688350664
7.8240000000009475,-2.541083208138915,0.029208602162171537,-0.6176899068870558,0.14875752071209314,-0.2961655511410986,1.0676467546870088
7.825000000000948,-2.5409339227596774,0.028912182009603486,-0.6166085095656091,0.1498032349624284,-0.2965962175709433,1.0945749509596012
7.826000000000948,-2.540783588129675,0.028615334350779214,-0.615500221783065,0.1508557847693574,-0.29702042083622104,1.1214227543405166
7.8270000000009485,-2.540632197416824,0.028318065601151365,-0.6143651245268704,0.15191516286685333,-0.29743825660001055,1.1481890099035788
7.828000000000949,-2.54047974380594,0.028020382089956292,-0.6132032999141449,0.15298134213686762,-0.2978498010458535,1.1748726138432548
7.829000000000949,-2.540326220520855,0.027722290081854874,-0.6120148311390883,0.15405427099508684,-0.2982551064669895,1.2014725164530395
7.8300000000009495,-2.540171620851366,0.027423795803185148,-0.6107998024173046,0.15513386834520135,-0.29865419646926106,1.2279877253087401
7.83100000000095,-2.540015938185343,0.02712490547305388,-0.6095582989268619,0.15622001833138655,-0.2990470611318421,1.254417308602266
7.83200000000095,-2.539859166046015,0.026825625339006003,-0.6082904067459702,0.15731256530180565,-0.29943365277295464,1.2807603985591323
7.8330000000009505,-2.5397012981338882,0.026525961716163834,-0.6069962127872315,0.15841130964051553,-0.29981388338380505,1.30701619486631
7.834000000000951,-2.539542328372006,0.026225921027430963,-0.6056758047284864,0.15951600540431307,-0.30018762527418064,1.3331839680344675
7.835000000000951,-2.5393822509521646,0.025925509840618532,-0.6043292709403691,0.16062636093247268,-0.3005547168553213,1.3592630626043327
7.8360000000009515,-2.5392210603785244,0.025624734896426016,-0.6029567004107934,0.16174204362249522,-0.30091497544366497,1.385252900039513
7.837000000000952,-2.539058751504051,0.02532360311973538,-0.6015581826668333,0.16286268967086415,-0.30126821804921394,1.411152980959879
7.838000000000952,-2.538895319554832,0.025022121606703578,-0.6001338076949777,0.16398791856438952,-0.3016142886642112,1.436962887131708
7.8390000000009525,-2.5387307601389404,0.024720297587843394,-0.5986836658480721,0.16511734947668058,-0.3019530791731157,1.4626823129213102
7.840000000000953,-2.538565069237996,0.024418138368123714,-0.5972078477207557,0.16625061887189238,-0.30228455189018444,1.4883110709747864
7.841000000000953,-2.5383982431815957,0.024115651243801904,-0.5957064440613464,0.16738739716901727,-0.3026087657530011,1.5138490364841843
7.8420000000009535,-2.5382302786085105,0.0238128434062256,-0.5941795457199603,0.16852739788210075,-0.30292587419317046,1.539296127593201
7.843000000000954,-2.538061172421714,0.023509721854752304,-0.5926272436157193,0.16967038017340366,-0.30323610622070424,1.5646522846021216
7.844000000000954,-2.537890921743597,0.02320629333465298,-0.5910496287256608,0.1708161461465458,-0.30353973721771066,1.5899174478877993
7.8450000000009545,-2.5377195238755483,0.022902564305993668,-0.5894467920950354,0.17196453507229018,-0.30383705724706467,1.6150915376983805
7.846000000000955,-2.537546976263984,0.0225985409427459,-0.5878188248658268,0.17311541663439522,-0.3041283434959333,1.6401744381980567
7.847000000000955,-2.5373732764730885,0.022294229156031506,-0.5861658183186264,0.17426868454489675,-0.30441384046350284,1.665165986769058
7.8480000000009555,-2.5371984221635673,0.021989634633193495,-0.5844878639226461,0.17542425108183277,-0.3046937485222011,1.6900659683053616
7.849000000000956,-2.5370224110764212,0.02168476288474381,-0.5827850533893638,0.17658204256720597,-0.30496821957721393,1.714874113446721
7.850000000000956,-2.5368452410208713,0.021379619292971854,-0.5810574787265128,0.17774199556661993,-0.305237357822269,1.7395900994359605
7.8510000000009565,-2.536666909865836,0.021074209158052522,-0.5793052322904234,0.17890405355540806,-0.30550122365576104,1.7642135523720741
7.852000000000957,-2.536487415534584,0.02076853773926822,-0.5775284068358321,0.1800681638491574,-0.3057598392443429,1.7887440498843945
7.853000000000957,-2.5363067560023818,0.020462610290248585,-0.575727095563105,0.1812342746685526,-0.3060131947071668,1.8131811235339195
7.8540000000009575,-2.5361249292970305,0.020156432087953553,-0.5739013921633945,0.18240233226804672,-0.30626125430375195,1.8375242604894948
7.855000000000958,-2.535941933502257,0.01985000845558698,-0.5720513908626,0.1835722780974842,-0.30650396230392946,1.8617729042088778
7.856000000000958,-2.5357577667639264,0.01954334477984459,-0.5701771864652083,0.18474404598829533,-0.3067412484096945,1.8859264539819867
7.8570000000009586,-2.535572427299054,0.01923644652296611,-0.5682788743991872,0.18591755936675675,-0.3069730327115222,1.9099842632789346
7.858000000000959,-2.535385913407594,0.018929319230043724,-0.5663565507631302,0.18709272850106737,-0.30719923022080925,1.933945636902707
7.859000000000959,-2.535198223486949,0.018621968531981017,-0.56441031237683,0.18826944779026056,-0.30741975504498126,1.9578098269874316
7.8600000000009596,-2.53500935604918,0.01831440014442591,-0.5624402568364024,0.18944759310365009,-0.30763452427569926,1.9815760279173245
7.86100000000096,-2.534819309740835,0.01800661986293339,-0.5604464825749854,0.19062701918107955,-0.30784346165180326,2.005243370275587
7.86200000000096,-2.534628083365349,0.017698633554559907,-0.5584290889299155,0.191807557107633,-0.3080465010419313,2.0288109139721193
7.8630000000009606,-2.534435675907921,0.017390447146056625,-0.556388176217106,0.19298901188224613,-0.3082435897696397,2.0522776407481613
7.864000000000961,-2.534242086562764,0.01708206660881888,-0.5543238458131275,0.1941711601081918,-0.3084346917774374,2.0756424463181538
7.865000000000961,-2.534047314762584,0.01677349794076746,-0.5522362002451904,0.195353747844887,-0.3086197905958375,2.09890413248648
7.866000000000962,-2.533851360210111,0.01646474714538796,-0.5501253432888474,0.19653648867485748,-0.3087988920495309,2.1220613996702644
7.867000000000962,-2.533654222911416,0.016155820208240718,-0.5479913800727522,0.1977190620566954,-0.3089720265955594,2.145112840367746
7.868000000000962,-2.5334559032106987,0.015846723071378323,-0.5458344171892054,0.1989011120537089,-0.30913925114907376,2.1680569342305898
7.869000000000963,-2.533256401826116,0.015537461606271707,-0.5436545628085084,0.20008224654736115,-0.3093006502131864,2.1908920455189667
7.870000000000963,-2.533055719886092,0.015228041586046853,-0.5414519267943041,0.20126203706241447,-0.3094563360944157,2.213616423825834
7.871000000000963,-2.532853858965446,0.014918468658066087,-0.5392266208161606,0.20244001934392788,-0.30960644795997055,2.236228209030318
7.872000000000964,-2.5326508211205043,0.014608748318136598,-0.5369787584546808,0.20361569483099864,-0.3097511494852131,2.258725441451655
7.873000000000964,-2.5324466089222293,0.014298885887873217,-0.5347084552934801,0.2047885331638206,-0.3098906248580552,2.2811060780921073
7.874000000000964,-2.5322412254862883,0.013988886496951259,-0.5324158289915816,0.2059579758346022,-0.31002507296097054,2.303368015646632
7.875000000000965,-2.5320346744988633,0.013678755072119426,-0.5301009993292675,0.20712344104538438,-0.31015469964801995,2.3255091205929976
7.876000000000965,-2.5318269602370167,0.013368496334857928,-0.5277640882203625,0.20828432976529898,-0.3102797081762671,2.347527266150266
7.877000000000965,-2.531618087582436,0.013058114809420157,-0.5254052196844594,0.20944003288851148,-0.31040028803269215,2.369420375226642
7.878000000000966,-2.5314080620275647,0.012747614842654935,-0.5230245197738492,0.21058993928908112,-0.31051660260317226,2.3911864677278105
7.879000000000966,-2.531196889673361,0.012437000636459536,-0.5206221164519197,0.21173344446250714,-0.3106287763323298,2.4128237098611383
7.880000000000966,-2.530984577218294,0.01212627629298112,-0.5181981394224671,0.2128699593520577,-0.31073688218696627,2.4343304624751623
7.881000000000967,-2.530771131938618,0.01181544587182254,-0.5157527199125156,0.21399891889849737,-0.3108409303247757,2.4557053251483527
7.882000000000967,-2.53055656166043,0.011504513457607023,-0.5132859904145374,0.2151197898390167,-0.31094085885514955,2.4769471727890124
7.883000000000967,-2.53034087472449,0.011193483235425789,-0.5107980843970029,0.2162320773223711,-0.31103652744826404,2.4980551819713126
7.884000000000968,-2.5301240799451463,0.010882359571045146,-0.5082891359945779,0.21733532999982977,-0.3111277143133221,2.5190288450712925
7.885000000000968,-2.529906186565026,0.010571147092374668,-0.5057592796906852,0.2184291433826943,-0.31121411676038147,2.5398679713616814
7.886000000000968,-2.529687204207241,0.010259850768643896,-0.5032086500053996,0.21951316140657018,-0.31129535523150537,2.5605726754019864
7.887000000000969,-2.529467142826893,0.00994847598399878,-0.5006373812007564,0.22058707628738033,-0.3113709803881697,2.58114335413513
7.888000000000969,-2.529246012663484,0.009637028602759104,-0.49804560701370587,0.22165062687421339,-0.31144048261584617,2.6015806549213107
7.889000000000969,-2.5290238241955976,0.009325515024288434,-0.49543346042444764,0.22270359578630392,-0.3115033031781329,2.6218854372151887
7.89000000000097,-2.5288005880989197,0.009013942226217672,-0.49280107346508567,0.2237458056611806,-0.3115588462253146,2.642058730709884
7.89100000000097,-2.528576315208313,0.008702317795536749,-0.4901485770707941,0.22477711484157775,-0.31160649092138515,2.6621016925801166
7.89200000000097,-2.5283510164843666,0.008390649947751082,-0.48747610097324345,0.22579741279878715,-0.31164560307376654,2.682015566046441
7.893000000000971,-2.5281247029845506,0.008078947534843181,-0.48478377363407216,0.22680661554078266,-0.3116755458022292,2.701801641954495
7.894000000000971,-2.5278973858388936,0.007767220043165723,-0.4820717222147744,0.22780466119542303,-0.3116956889418099,2.721461224509351
7.895000000000971,-2.5276690762299356,0.007455477582625086,-0.47934007257849404,0.2287915059010236,-0.31170541701943844,2.7409956017942014
7.896000000000972,-2.527439785376612,0.0071437308686129655,-0.4765889493188077,0.22976712008449493,-0.31170413576389416,2.7604060212764185
7.897000000000972,-2.52720952452164,0.006831991198136751,-0.4738184758105482,0.2307314851642712,-0.31169127719895934,2.779693670179866
7.898000000000972,-2.526978304922003,0.006520270421516402,-0.4710287742779587,0.2316845906823921,-0.3116663034307602,2.7988596603791915
7.899000000000973,-2.5267461378420872,0.006208580910884396,-0.46821996587588754,0.23262643184686518,-0.31162870927600955,2.8179050173373916
7.900000000000973,-2.5265130345490885,0.005896935526568894,-0.4653921707802487,0.23355700745047317,-0.3115780238933948,2.836830672544533
7.901000000000973,-2.526279006310332,0.005585347582276194,-0.46254550828452395,0.2344763181238205,-0.3115138115811089,2.8556374589045332
7.902000000000974,-2.526044064392188,0.005273830809829015,-0.45968009689962624,0.23538436487694828,-0.311435671894403,2.8743261085413567
7.903000000000974,-2.5258082200603242,0.004962399324070123,-0.45679605445495053,0.23628114788379936,-0.3113432392220395,2.8928972525419554
7.904000000000974,-2.5255714845810653,0.0046510675884104905,-0.45389349819889324,0.2371666654659696,-0.3112361819426866,2.9113514222101355
7.905000000000975,-2.525333869223689,0.004339850381389248,-0.45097254489751737,0.2380409132442266,-0.31111420020340097,2.9296890550522083
7.906000000000975,-2.5250953852632483,0.0040287627959376205,-0.44803331085500486,0.23890388378935054,-0.3109769588833578,2.947910719395299
7.907000000000975,-2.524856043984308,0.003717820311259554,-0.4450759116012375,0.23975556550418536,-0.31082401807130766,2.9660173399699192
7.908000000000976,-2.5246158566861108,0.0034070388313643335,-0.4421004617622457,0.24059594061065714,-0.31065495887019656,2.9840097669952157
7.909000000000976,-2.5243748346884343,0.003096434672901763,-0.4391070751671004,0.2414249854038855,-0.3104693941517682,3.001888746486632
7.910000000000976,-2.5241329893379185,0.0027860245245458735,-0.4360958649477417,0.24224266989277843,-0.3102669662381379,3.019654927762577
7.911000000000977,-2.5238903320145107,0.002475825418769146,-0.43306694363272874,0.24304895737514032,-0.3100473448806532,3.0373088692973624
7.912000000000977,-2.5236468741383993,0.0021658547054019474,-0.43002042323526996,0.2438438039934181,-0.30981022529069985,3.0548510442988643
7.913000000000977,-2.5234026271774006,0.0018561300271339302,-0.4269564153358308,0.2446271582590772,-0.30955532622596366,3.0722818459708674
7.914000000000978,-2.523157602654849,0.0015466692969016709,-0.423875031159648,0.24539896053627852,-0.30928238813192205,3.0896015924343865
7.915000000000978,-2.5229118121580187,0.0012374906771083851,-0.4207763816494995,0.24615914247812437,-0.3089911713359302,3.106810531293268
7.916000000000978,-2.52266526734714,0.0009286125606248993,-0.4176605775340896,0.24690762641141928,-0.30868145429006155,3.1239088438380374
7.917000000000979,-2.522417979965053,0.0006200535535250333,-0.4145277293924107,0.24764432466883163,-0.3083530318587874,3.1408966488892305
7.918000000000979,-2.5221699618475597,0.00031183245951203276,-0.4113779477144392,0.2483691388707382,-0.30800571364864543,3.157774006288136
7.919000000000979,-2.521921224934509,3.968265994497018e-06,-0.4082113429585107,0.24908195916309728,-0.30763932237931546,3.1745409200498518
7.92000000000098,-2.5216717812816682,-0.0003035198682308547,-0.4050280256057024,0.24978266342264424,-0.3072536922991162,3.1911973412016192
7.92100000000098,-2.5214216430733924,-0.0006106126237376748,-0.4018281062115207,0.25047111644674747,-0.306848667653018,3.2077431703393398
7.92200000000098,-2.521170822636108,-0.00091729052972916,-0.3986116954551553,0.2511471691525795,-0.30642410121799046,3.224178259947741
7.923000000000981,-2.5209193324525696,-0.0012235339718762485,-0.3953789041865061,0.25181065781893464,-0.3059798529289861,3.2405024165454224
7.924000000000981,-2.520667185176844,-0.0015293231988414502,-0.3921298434711206,0.2524614034139997,-0.3055157886290788,3.256715402735269
7.925000000000981,-2.520414393649893,-0.001834638327634159,-0.38886462463308585,0.25309921106332745,-0.3050317789889556,3.272816939263182
7.926000000000982,-2.5201609709155965,-0.0021394593479946333,-0.3855833592958054,0.253723869723463,-0.3045276986534198,3.288806707212569
7.927000000000982,-2.5199069302369637,-0.0024437661260674854,-0.38228615942045213,0.25433515213689617,-0.3040034256845217,3.3046843504860477
7.928000000000982,-2.5196522851122127,-0.00274753840769998,-0.3789731373417247,0.2549328151513755,-0.30345884138034407,3.3204494787450747
7.929000000000983,-2.519397049290319,-0.0030507558217818032,-0.37564440580036107,0.2555166004885819,-0.3028938305524016,3.336101670986355
7.930000000000983,-2.5191412367855293,-0.0033533978841239318,-0.3723000779716858,0.2560862360406484,-0.30230828233937923,3.351640479922683
7.931000000000983,-2.5188848618902977,-0.003655444002443666,-0.3689402674893187,0.2566414377548637,-0.30170209161646316,3.3670654372959277
7.932000000000984,-2.518627939186029,-0.0039568734830657745,-0.36556508846307856,0.2571819121346285,-0.30107516102430437,3.382376060172813
7.933000000000984,-2.5183704835510223,-0.004257665539948372,-0.3621746554901222,0.2577073593376562,-0.30042740358808984,3.3975718581555925
7.934000000000984,-2.518112510165052,-0.004557799306579035,-0.3587690836585008,0.2582174767928719,-0.2997587458272853,3.4126523412835335
7.935000000000985,-2.5178540345101386,-0.004857253851148588,-0.35534848854263024,0.2587119631917672,-0.29906913117740413,3.4276170282228904
7.936000000000985,-2.5175950723672242,-0.005156008195193513,-0.35191298619065914,0.25919052264839176,-0.2983585234691948,3.442465454171764
7.937000000000985,-2.5173356398087154,-0.0054540413356142054,-0.3484626931043634,0.25965286877746735,-0.2976269101544781,3.4571971777809276
7.938000000000986,-2.5170757531870955,-0.005751332269653464,-0.3449977262129206,0.26009872842455156,-0.29687430494840783,3.471811786353183
7.939000000000986,-2.516815429120085,-0.006047860022100486,-0.3415182028426274,0.2605278448035371,-0.2961007495870993,3.486308898661655
7.940000000000986,-2.516554684473039,-0.006343603673720408,-0.3380242406851926,0.26093997985501727,-0.295306314479247,3.5006881649271935
7.941000000000987,-2.5162935363394094,-0.006638542389744241,-0.3345159577675552,0.26133491572509154,-0.2944910981498123,3.5149492637913977
7.942000000000987,-2.5160320020201716,-0.006932655447218628,-0.3309934724261728,0.2617124553618184,-0.29365522551153034,3.529091896461858
7.943000000000987,-2.5157700990030496,-0.007225922260114927,-0.3274569032883832,0.2620724223170043,-0.292798845129256,3.5431157785237932
7.944000000000988,-2.5155078449422748,-0.00751832240131235,-0.3239063692628253,0.2624146599085098,-0.2919221257392264,3.557020630147196
7.945000000000988,-2.5152452576394158,-0.007809835620860334,-0.32034198954010296,0.2627390299339726,-0.29102525233564974,3.5708061655335785
7.946000000000988,-2.5149823550256447,-0.008100441860242313,-0.31676388360403285,0.2630454111303612,-0.29010842213832283,3.5844720824351897
7.947000000000989,-2.51471915514559,-0.008390121262660718,-0.31317217125303015,0.2633336975515112,-0.2891718407156507,3.5980180524635483
7.948000000000989,-2.514455676142809,-0.008678854179607575,-0.3095669726305599,0.26360379699778425,-0.2882157184723269,3.6114437127218206
7.949000000000989,-2.5141919362467577,-0.008966621174158335,-0.3059484082631486,0.26385562958850783,-0.2872402676361171,3.6247486590891675
7.95000000000099,-2.513927953761108,-0.009253403021525728,-0.3023165991042229,0.26408912652700545,-0.2862456998070704,3.637932441290197
7.95100000000099,-2.5136637470531906,-0.009539180707443655,-0.2986716665819917,0.2643042290747354,-0.2852322240737256,3.650994559722269
7.95200000000099,-2.513399334544365,-0.009823935424933268,-0.295013732649678,0.2645008877272246,-0.28420004565830115,3.6639344638979034
7.953000000000991,-2.513134734701125,-0.010107648569950826,-0.2913429198365882,0.26467906156977844,-0.28314936502643967,3.676751552288946
7.954000000000991,-2.512869966026768,-0.010390301736344924,-0.2876593512987379,0.26483871778377555,-0.2820803773844541,3.6894451733269418
7.955000000000991,-2.5126050470534986,-0.010671876710471559,-0.28396315086800317,0.2649798312726677,-0.280993272484787,3.702014627311022
7.956000000000992,-2.5123399963348527,-0.010952355465737834,-0.28025444309900865,0.26510238437864225,-0.2798882346651104,3.7144591689909197
7.957000000000992,-2.512074832438379,-0.011231720157274427,-0.27653335331318124,0.2652063666646572,-0.27876544305519213,3.7267780106202024
7.958000000000992,-2.5118095739385042,-0.011509953116876097,-0.27280000763958906,0.2652917747410751,-0.2776250718960993,3.7389703253071027
7.959000000000993,-2.5115442394095666,-0.011787036848299305,-0.26905453305234023,0.26535861212063844,-0.27646729092695616,3.7510352505230613
7.960000000000993,-2.5112788474189744,-0.012062954022966175,-0.26529705740444126,0.2654068890896214,-0.2752922658043856,3.7629718916595514
7.961000000000993,-2.5110134165204974,-0.01233768747609369,-0.2615277094581097,0.26543662258646367,-0.2741001585284549,3.77477932555052
7.962000000000994,-2.5107479652476723,-0.01261122020324446,-0.2577466189116075,0.2654478360819879,-0.27289112785623443,3.786456603900336
7.963000000000994,-2.510482512107333,-0.012883535357279688,-0.2539539164227118,0.2654405594574668,-0.2716653296899878,3.7980027565754915
7.964000000000994,-2.510217075573263,-0.01315461624568433,-0.25014973362897386,0.2654148288784168,-0.2704229174316555,3.809416794732856
7.965000000000995,-2.509951674079974,-0.013424446328228036,-0.2463342031649385,0.26537068666315067,-0.26916404229885776,3.820697713768488
7.966000000000995,-2.509686326016624,-0.013693009214922084,-0.24250745867650805,0.26530818114591287,-0.26788885360029835,3.83184449607946
7.967000000000995,-2.509421049721068,-0.013960288664231402,-0.2386696348326385,0.2652273665349361,-0.26659749897038226,3.8428561136373447
7.968000000000996,-2.509155863474061,-0.014226268581501358,-0.23482086733455532,0.2651283027660654,-0.2652901245642217,3.853731530376401
7.969000000000996,-2.5088907854936027,-0.014490933017560673,-0.23096129292267129,0.2650110553527546,-0.2639668752151202,3.864469704402527
7.970000000000996,-2.508625833929436,-0.01475426616746418,-0.22709104938138172,0.2648756952332933,-0.26262789455721486,3.87506959003101
7.971000000000997,-2.5083610268576977,-0.015016252369342089,-0.22321027554190362,0.26472229861610874,-0.26127332511629286,3.8855301396622544
7.972000000000997,-2.5080963822757294,-0.01527687610332549,-0.21931911128331613,0.26455094682392527,-0.2599033083719607,3.895850305505272
7.973000000000997,-2.5078319180970383,-0.015536121990521025,-0.21541769753194948,0.26436172613748044,-0.25851798479437477,3.9060290411588814
7.974000000000998,-2.5075676521464185,-0.015793974792010904,-0.21150617625925963,0.26415472763939885,-0.2571174938586879,3.916065303060431
7.975000000000998,-2.5073036021552273,-0.01605041940785748,-0.20758469047831662,0.2639300470587248,-0.2557019740402481,3.925958051811543
7.976000000000998,-2.5070397857568127,-0.0163054408760946,-0.20365338423902477,0.2636877846165167,-0.25427156279343505,3.9357062533899145
7.977000000000999,-2.5067762204821027,-0.016559024371690725,-0.19971240262218434,0.2634280448728171,-0.25282639651684286,3.9453088802556837
7.978000000000999,-2.5065129237553387,-0.016811155205471467,-0.19576189173249647,0.2631509365752305,-0.25136661050733167,3.9547649123603
7.979000000000999,-2.506249912889963,-0.01706181882299157,-0.1918019986906047,0.2628565725092706,-0.24989233890528234,3.9640733380652455
7.980000000001,-2.505987205084656,-0.017311000803348627,-0.18783287162426007,0.2625450693505802,-0.24840371463319977,3.9732331549773843
7.981000000001,-2.5057248174195195,-0.0175586868579329,-0.1838546596586898,0.2622165475190759,-0.24690086932962982,3.9822433707071623
7.982000000001,-2.505462766852402,-0.01780486282910946,-0.1798675129062441,0.2618711310350332,-0.24538393328018046,3.991103003555337
7.983000000001001,-2.5052010702153718,-0.018049514688830533,-0.17587158245538972,0.2615089473770964,-0.24385303534727315,3.9998110831334315
7.984000000001001,-2.504939744211327,-0.018292628537177637,-0.17186702035911422,0.26113012734217844,-0.24230830290009414,4.008366650922635
7.985000000001001,-2.5046788054107485,-0.018534190600834232,-0.16785397962280016,0.26073480490720063,-0.2407498617460707,4.016768760775456
7.986000000001002,-2.5044182702485855,-0.018774187231491178,-0.1638326141916248,0.2603231170926171,-0.23917783606505885,4.025016479364034
7.987000000001002,-2.5041581550212832,-0.019012604904188126,-0.15980307893753645,0.2598952038276668,-0.23759234834730314,4.033108886578672
7.988000000001002,-2.5038984758839353,-0.01924943021559515,-0.15576552964585602,0.2594512078173008,-0.23599351933610763,4.041045075879822
7.989000000001003,-2.503639248847579,-0.019484649882239746,-0.15172012300154838,0.2589912744107391,-0.23438146797604756,4.048824154606473
7.990000000001003,-2.503380489776614,-0.019718250738685127,-0.14766701657520612,0.25851555147162375,-0.23275631136744485,4.056445244243641
7.991000000001003,-2.5031222143863507,-0.019950219735666356,-0.1436063688087852,0.2580241892497472,-0.23111816472773453,4.063907480651412
7.992000000001004,-2.5028644382406906,-0.020180543938191523,-0.1395383390011298,0.25751734025435147,-0.22946714136025612,4.071210014257804
7.993000000001004,-2.502607176749925,-0.02040921052361562,-0.13546308729332154,0.25699515912901,-0.227803352630919,4.078352010217527
7.994000000001004,-2.502350445168667,-0.020636206779695136,-0.1313807746538861,0.2564578025281205,-0.2261269079531097,4.085332648538564
7.995000000001005,-2.5020942585939006,-0.020861520102631814,-0.1272915628638886,0.2559054289950569,-0.22443791478113304,4.0921511241783515
7.996000000001005,-2.5018386319631483,-0.02108513799511424,-0.12319561450194746,0.2553381988420433,-0.22273647861240814,4.098806647111229
7.997000000001005,-2.5015835800527664,-0.02130704806436599,-0.11909309292919426,0.254756274031832,-0.2210227029985724,4.105298442368717
7.998000000001006,-2.5013291174763492,-0.021527238020209425,-0.11498416227420637,0.2541598180612822,-0.21929668956558412,4.111625750054092
7.999000000001006,-2.5010752586832545,-0.021745695673154094,-0.11086898741793733,0.25354899584695145,-0.21755853804285424,4.117787825332651
8.000000000001005,-2.5008220179572387,-0.021962408932518735,-0.10674773397866848,0.2529239736128252,-0.21580834630138263,4.123783938399001
