time,x,y,yaw
1.000000000000000021e-03,-9.000000019914085048e-01,9.112305759395589178e-07,-6.950675081827214672e-05
2.000000000000000042e-03,-9.000000287151700418e-01,3.624330502771666573e-06,-2.750774290373438286e-04
3.000000000000000062e-03,-9.000001315010943692e-01,8.106312822109273952e-06,-6.121725268147305311e-04
4.000000000000000083e-03,-9.000003968298017076e-01,1.426517838015728401e-05,-1.076399506000251700e-03
5.000000000000000104e-03,-9.000009398021305840e-01,2.196664628828504107e-05,-1.663502914722417465e-03
6.000000000000000125e-03,-9.000019007049248065e-01,3.103869285514537779e-05,-2.369354082861644360e-03
7.000000000000000146e-03,-9.000034416466804466e-01,4.127599472064646946e-05,-3.189940641379592715e-03
8.000000000000000167e-03,-9.000057433131716245e-01,5.244424437145234208e-05,-4.121356091952340338e-03
9.000000000000001055e-03,-9.000090018504725009e-01,6.428431182842198055e-05,-5.159789626780820516e-03
1.000000000000000194e-02,-9.000134258810627008e-01,7.651623009896635352e-05,-6.301516370162445896e-03
1.100000000000000283e-02,-9.000192336596243292e-01,8.884298628009101861e-05,-7.542888187548720674e-03
1.200000000000000372e-02,-9.000266503828324716e-01,1.009541034930339087e-04,-8.880325180249160760e-03
1.300000000000000461e-02,-9.000359056592267537e-01,1.125290025717484710e-04,-1.031030795747679002e-02
1.400000000000000550e-02,-9.000472311444278617e-01,1.232401357021406518e-04,-1.182937075224051171e-02
1.500000000000000638e-02,-9.000608583453451050e-01,1.327558872638578968e-04,-1.343409542409270893e-02
1.600000000000000727e-02,-9.000770165955257474e-01,1.407432399266883571e-04,-1.512110637024844523e-02
1.700000000000000816e-02,-9.000959312024134906e-01,1.468702065982041560e-04,-1.688706634731935649e-02
1.800000000000000905e-02,-9.001178217660155134e-01,1.508080311071191559e-04,-1.872867318897564193e-02
1.900000000000000994e-02,-9.001429006673250521e-01,1.522331625402051358e-04,-2.064265739030997360e-02
2.000000000000001082e-02,-9.001713717238111201e-01,1.508290099388465144e-04,-2.262578051750717412e-02
2.100000000000001171e-02,-9.002034290083665846e-01,1.462874856016371794e-04,-2.467483439154779037e-02
2.200000000000001260e-02,-9.002392558273017986e-01,1.383103465464885495e-04,-2.678664098697314949e-02
2.300000000000001349e-02,-9.002790238522916377e-01,1.266103447608024624e-04,-2.895805298106448808e-02
2.400000000000001438e-02,-9.003228924006193568e-01,1.109121977190818953e-04,-3.118595488496979720e-02
2.500000000000001527e-02,-9.003710078576223630e-01,9.095339127118684530e-05,-3.346726468617104711e-02
2.600000000000001615e-02,-9.004235032349273693e-01,6.648482740950756309e-05,-3.579893593104451627e-02
2.700000000000001704e-02,-9.004804912123519633e-01,3.728164649480225634e-05,-3.817771542282554637e-02
2.800000000000001793e-02,-9.005420563632019482e-01,3.151383229482718207e-06,-4.059967672037464309e-02
2.900000000000001882e-02,-9.006082552365870519e-01,-3.606778509174235481e-05,-4.306077003490037247e-02
3.000000000000001971e-02,-9.006791229802064702e-01,-8.051988195800774406e-05,-4.555698189020349759e-02
3.100000000000002059e-02,-9.007546726802433401e-01,-1.303293049124132352e-04,-4.808434154827703755e-02
3.200000000000002148e-02,-9.008348957278038416e-01,-1.856011110045185930e-04,-5.063892760442233187e-02
3.300000000000002237e-02,-9.009197623629439100e-01,-2.464214403221642868e-04,-5.321687466089249086e-02
3.400000000000002326e-02,-9.010092223825476587e-01,-3.128580626800547826e-04,-5.581437999600798172e-02
3.500000000000002415e-02,-9.011032059983348219e-01,-3.849610340145304122e-04,-5.842771015311867822e-02
3.600000000000002504e-02,-9.012016248318776013e-01,-4.627634505240951768e-04,-6.105320737982383034e-02
3.700000000000002592e-02,-9.013043727212290968e-01,-5.462823091347268623e-04,-6.368729544494028394e-02
3.800000000000002681e-02,-9.014113269621886193e-01,-6.355194438878997154e-04,-6.632648423785778014e-02
3.900000000000002770e-02,-9.015223501184799204e-01,-7.304624539469783961e-04,-6.896737730685552348e-02
4.000000000000002859e-02,-9.016372922292793524e-01,-8.310856672963384817e-04,-7.160667817412563751e-02
4.100000000000002948e-02,-9.017559920539213181e-01,-9.373511835724102070e-04,-7.424119511127182103e-02
4.200000000000003036e-02,-9.018782620398053673e-01,-1.049185873131353031e-03,-7.686760817455601247e-02
4.300000000000003125e-02,-9.020038914440573485e-01,-1.166487218295431116e-03,-7.948237786578325748e-02
4.400000000000003214e-02,-9.021326479168458867e-01,-1.289127300654058228e-03,-8.208204279846993690e-02
4.500000000000003303e-02,-9.022642892052344932e-01,-1.416969863513695138e-03,-8.466325361874592337e-02
4.600000000000003392e-02,-9.023985617582676033e-01,-1.549866395623544779e-03,-8.722277456506642712e-02
4.700000000000003481e-02,-9.025352019315102670e-01,-1.687654394182502848e-03,-8.975748688111970242e-02
4.800000000000003569e-02,-9.026739389181698270e-01,-1.830155944855638150e-03,-9.226438864832550713e-02
4.900000000000003658e-02,-9.028144972650004041e-01,-1.977187261308910315e-03,-9.474060714344090250e-02
5.000000000000003747e-02,-9.029565991853300000e-01,-2.128559258973872215e-03,-9.718341112792977521e-02
5.100000000000003836e-02,-9.030999660553913344e-01,-2.284081956682171288e-03,-9.959020462445694610e-02
5.200000000000003925e-02,-9.032443202872232346e-01,-2.443560662798882621e-03,-1.019585286096011262e-01
5.300000000000004013e-02,-9.033893826147622041e-01,-2.606791644540418229e-03,-1.042860200081588556e-01
5.400000000000004102e-02,-9.035348747811825509e-01,-2.773559450676532645e-03,-1.065703886671826861e-01
5.500000000000004191e-02,-9.036805209691813889e-01,-2.943639542569709278e-03,-1.088094620444610000e-01
5.600000000000004280e-02,-9.038260522796244256e-01,-3.116801790209344780e-03,-1.110011912043361165e-01
5.700000000000004369e-02,-9.039712076487809167e-01,-3.292812451376081473e-03,-1.131436528181572893e-01
5.800000000000004458e-02,-9.041157352512521062e-01,-3.471436093650470678e-03,-1.152350507110645739e-01
5.900000000000004546e-02,-9.042593937881521216e-01,-3.652437414113751668e-03,-1.172737169778196586e-01
6.000000000000004635e-02,-9.044019536619020139e-01,-3.835582952779359456e-03,-1.192581126934147556e-01
6.100000000000004724e-02,-9.045431980412395045e-01,-4.020642697718457281e-03,-1.211868282460948076e-01
6.200000000000004813e-02,-9.046829238208494717e-01,-4.207391580528851982e-03,-1.230585833210325608e-01
6.300000000000004208e-02,-9.048209424747430951e-01,-4.395610855267406691e-03,-1.248722265598808806e-01
6.400000000000004297e-02,-9.049570803102340300e-01,-4.585086984095043672e-03,-1.266267338365442419e-01
6.500000000000004385e-02,-9.050911794417334510e-01,-4.775613753265350869e-03,-1.283212054385676482e-01
6.600000000000004474e-02,-9.052230978982187537e-01,-4.966994704650617987e-03,-1.299548702749636075e-01
6.700000000000004563e-02,-9.053527094688199606e-01,-5.159049071823906818e-03,-1.315270845606716643e-01
6.800000000000004652e-02,-9.054799023423419913e-01,-5.351607947871983573e-03,-1.330373276978450148e-01
6.900000000000004741e-02,-9.056045793348171946e-01,-5.544511711775113039e-03,-1.344851931181897942e-01
7.000000000000004829e-02,-9.057266559460466215e-01,-5.737608204958277724e-03,-1.358703763986925939e-01
7.100000000000004918e-02,-9.058460591954243801e-01,-5.930758220113185875e-03,-1.371926687124098709e-01
7.200000000000005007e-02,-9.059627262975579187e-01,-6.123834558164509279e-03,-1.384519540767494006e-01
7.300000000000005096e-02,-9.060766045848346328e-01,-6.316723434263926684e-03,-1.396482042665178336e-01
7.400000000000005185e-02,-9.061876512698483488e-01,-6.509322321112509524e-03,-1.407814775044948508e-01
7.500000000000005274e-02,-9.062958330754727898e-01,-6.701540796178795389e-03,-1.418519171536353207e-01
7.600000000000005362e-02,-9.064011259649212837e-01,-6.893300694434001397e-03,-1.428597503312455108e-01
7.700000000000005451e-02,-9.065035148082918326e-01,-7.084535892278365221e-03,-1.438052865729579077e-01
7.800000000000005540e-02,-9.066029928563972273e-01,-7.275190841646961282e-03,-1.446889175790940230e-01
7.900000000000005629e-02,-9.066995624662218534e-01,-7.465222484260569669e-03,-1.455111133669355072e-01
8.000000000000005718e-02,-9.067932349179167462e-01,-7.654600689682988790e-03,-1.462724179332456631e-01
8.100000000000005806e-02,-9.068840285060765227e-01,-7.843308017866701398e-03,-1.469734482989807911e-01
8.200000000000005895e-02,-9.069719674256989661e-01,-8.031337793445170181e-03,-1.476148942041834722e-01
8.300000000000005984e-02,-9.070570822941305122e-01,-8.218692842282382394e-03,-1.481975163025362197e-01
8.400000000000006073e-02,-9.071394116634893257e-01,-8.405384507580271336e-03,-1.487221439400087664e-01
8.500000000000006162e-02,-9.072190017953548624e-01,-8.591433110732016321e-03,-1.491896729097941521e-01
8.600000000000006251e-02,-9.072959053804718899e-01,-8.776868861228304119e-03,-1.496010625199276634e-01
8.700000000000006339e-02,-9.073701807483915971e-01,-8.961731861179877967e-03,-1.499573341146698269e-01
8.800000000000006428e-02,-9.074418919399289685e-01,-9.146069362268582914e-03,-1.502595675203615699e-01
8.900000000000006517e-02,-9.075111084555606000e-01,-9.329925820481921317e-03,-1.505088731095099996e-01
9.000000000000006606e-02,-9.075779049499901330e-01,-9.513335725808091947e-03,-1.507063598349558942e-01
9.100000000000006695e-02,-9.076423609000072723e-01,-9.696318619156207852e-03,-1.508531324516936001e-01
9.200000000000006783e-02,-9.077045601972832944e-01,-9.878881392595073585e-03,-1.509502928448933634e-01
9.300000000000006872e-02,-9.077645907647001744e-01,-1.006101912784146402e-02,-1.509989415484629116e-01
9.400000000000006961e-02,-9.078225441746163860e-01,-1.024271597019582591e-02,-1.510001794041727352e-01
9.500000000000007050e-02,-9.078785152727054664e-01,-1.042394609678742867e-02,-1.509551096282910343e-01
9.600000000000007139e-02,-9.079326018049427294e-01,-1.060467473890663870e-02,-1.508648405050667940e-01
9.700000000000007228e-02,-9.079849040453060738e-01,-1.078485920594735026e-02,-1.507304874582630072e-01
9.800000000000007316e-02,-9.080355239661419553e-01,-1.096444944958002710e-02,-1.505531762348970015e-01
9.900000000000007405e-02,-9.080845654340040651e-01,-1.114338936417347270e-02,-1.503340437345508651e-01
1.000000000000000749e-01,-9.081321339200613130e-01,-1.132161776785906016e-02,-1.500742373002007801e-01
1.010000000000000758e-01,-9.081783363657826014e-01,-1.149906956152879633e-02,-1.497749162642064980e-01
1.020000000000000767e-01,-9.082232805791125019e-01,-1.167567646611483712e-02,-1.494372533213516041e-01
1.030000000000000776e-01,-9.082670748199975774e-01,-1.185136782826839985e-02,-1.490624355934887790e-01
1.040000000000000785e-01,-9.083098271725066342e-01,-1.202607142180900368e-02,-1.486516654742997268e-01
1.050000000000000794e-01,-9.083516446388102406e-01,-1.219971415121551273e-02,-1.482061617301160539e-01
1.060000000000000803e-01,-9.083926329389719889e-01,-1.237222265351378692e-02,-1.477271601828271941e-01
1.070000000000000812e-01,-9.084328965495561681e-01,-1.254352386466744962e-02,-1.472159134687190951e-01
1.080000000000000820e-01,-9.084725387442291744e-01,-1.271354561223453361e-02,-1.466736907265484835e-01
1.090000000000000829e-01,-9.085116612155955673e-01,-1.288221716372345282e-02,-1.461017771954339350e-01
1.100000000000000838e-01,-9.085503637920381292e-01,-1.304946969762454945e-02,-1.455014735992345709e-01
1.110000000000000847e-01,-9.085887442157324356e-01,-1.321523671701763103e-02,-1.448740953040936474e-01
1.120000000000000856e-01,-9.086268978925201578e-01,-1.337945444714122578e-02,-1.442209712058554194e-01
1.130000000000000865e-01,-9.086649169918488145e-01,-1.354206255780893153e-02,-1.435434415215195436e-01
1.140000000000000874e-01,-9.087028903413606473e-01,-1.370300433124721495e-02,-1.428428563465870271e-01
1.150000000000000883e-01,-9.087409031775636192e-01,-1.386222687488036787e-02,-1.421205747936391817e-01
1.160000000000000892e-01,-9.087790372575577091e-01,-1.401968111256746141e-02,-1.413779632920136586e-01
1.170000000000000900e-01,-9.088173706303392940e-01,-1.417532195586013177e-02,-1.406163937683263532e-01
1.180000000000000909e-01,-9.088559775001259222e-01,-1.432910838740497628e-02,-1.398372417266896262e-01
1.190000000000000918e-01,-9.088949281123716029e-01,-1.448100350373004996e-02,-1.390418842472849192e-01
1.200000000000000927e-01,-9.089342886621771811e-01,-1.463097452030026613e-02,-1.382316979215473252e-01
1.210000000000000936e-01,-9.089741212247010038e-01,-1.477899274183774869e-02,-1.374080567416523790e-01
1.220000000000000945e-01,-9.090144837070474049e-01,-1.492503350096763270e-02,-1.365723299612878472e-01
1.230000000000000954e-01,-9.090554298209860828e-01,-1.506907606827717627e-02,-1.357258799438672559e-01
1.240000000000000963e-01,-9.090970090757373168e-01,-1.521110353686494499e-02,-1.348700600134175309e-01
1.250000000000000833e-01,-9.091392667899531599e-01,-1.535110268448830473e-02,-1.340062123225497503e-01
1.260000000000000842e-01,-9.091822441219766793e-01,-1.548906381688291978e-02,-1.331356657531668208e-01
1.270000000000000850e-01,-9.092259781172332689e-01,-1.562498059410494244e-02,-1.322597338594985739e-01
1.280000000000000859e-01,-9.092705017716368188e-01,-1.575884984277242662e-02,-1.313797128603459985e-01
1.290000000000000868e-01,-9.093158441097882738e-01,-1.589067135633503991e-02,-1.304968796936601672e-01
1.300000000000000877e-01,-9.093620302768210539e-01,-1.602044768668819952e-02,-1.296124901426087273e-01
1.310000000000000886e-01,-9.094090816426302348e-01,-1.614818392927908075e-02,-1.287277770405972632e-01
1.320000000000000895e-01,-9.094570159172155055e-01,-1.627388750383507166e-02,-1.278439485616164883e-01
1.330000000000000904e-01,-9.095058472758621448e-01,-1.639756793267621582e-02,-1.269621866012373146e-01
1.340000000000000913e-01,-9.095555864928897005e-01,-1.651923661841209201e-02,-1.260836452525878337e-01
1.350000000000000921e-01,-9.096062410827081557e-01,-1.663890662266392928e-02,-1.252094493807299758e-01
1.360000000000000930e-01,-9.096578154469456834e-01,-1.675659244730387520e-02,-1.243406932980141155e-01
1.370000000000000939e-01,-9.097103110264455061e-01,-1.687230981956228115e-02,-1.234784395422326292e-01
1.380000000000000948e-01,-9.097637264569670146e-01,-1.698607548222691443e-02,-1.226237177587169991e-01
1.390000000000000957e-01,-9.098180577274791458e-01,-1.709790699003721492e-02,-1.217775236869241412e-01
1.400000000000000966e-01,-9.098732983399879792e-01,-1.720782251326852252e-02,-1.209408182515296359e-01
1.410000000000000975e-01,-9.099294394699084521e-01,-1.731584064939684087e-02,-1.201145267575809278e-01
1.420000000000000984e-01,-9.099864701260571564e-01,-1.742198024363711406e-02,-1.192995381888512924e-01
1.430000000000000993e-01,-9.100443773094183397e-01,-1.752626021905268061e-02,-1.184967046081684960e-01
1.440000000000001001e-01,-9.101031461699148339e-01,-1.762869941683981034e-02,-1.177068406581611437e-01
1.450000000000001010e-01,-9.101627601604898032e-01,-1.772931644729702771e-02,-1.169307231605646313e-01
1.460000000000001019e-01,-9.102232011878882423e-01,-1.782812955189722048e-02,-1.161690908119532989e-01
1.470000000000001028e-01,-9.102844497596006557e-01,-1.792515647678311064e-02,-1.154226439735123455e-01
1.480000000000001037e-01,-9.103464851265087310e-01,-1.802041435791879032e-02,-1.146920445522312954e-01
1.490000000000001046e-01,-9.104092854208417629e-01,-1.811391961803343609e-02,-1.139779159706898332e-01
1.500000000000001055e-01,-9.104728277891214194e-01,-1.820568787540710609e-02,-1.132808432224173961e-01
1.510000000000001064e-01,-9.105370885198350583e-01,-1.829573386446137206e-02,-1.126013730096401128e-01
1.520000000000001072e-01,-9.106020431656374203e-01,-1.838407136803743569e-02,-1.119400139600836008e-01
1.530000000000001081e-01,-9.106676666599328174e-01,-1.847071316116649653e-02,-1.112972369193778593e-01
1.540000000000001090e-01,-9.107339334277453347e-01,-1.855567096606830502e-02,-1.106734753155108053e-01
1.550000000000001099e-01,-9.108008174908234222e-01,-1.863895541804966305e-02,-1.100691255916997902e-01
1.560000000000001108e-01,-9.108682925669771002e-01,-1.872057604191657010e-02,-1.094845477039940590e-01
1.570000000000001117e-01,-9.109363321636767541e-01,-1.880054123846375269e-02,-1.089200656798851446e-01
1.580000000000001126e-01,-9.110049096659863510e-01,-1.887885828056096171e-02,-1.083759682341839392e-01
1.590000000000001135e-01,-9.110739984189317742e-01,-1.895553331831772992e-02,-1.078525094384222699e-01
1.600000000000001144e-01,-9.111435718044389453e-01,-1.903057139277680720e-02,-1.073499094400501286e-01
1.610000000000001152e-01,-9.112136033130018298e-01,-1.910397645756145568e-02,-1.068683552277274740e-01
1.620000000000001161e-01,-9.112840666102675069e-01,-1.917575140788152499e-02,-1.064080014390501455e-01
1.630000000000001170e-01,-9.113549355987400347e-01,-1.924589811628990565e-02,-1.059689712071040513e-01
1.640000000000001179e-01,-9.114261844748238195e-01,-1.931441747457030012e-02,-1.055513570423142339e-01
1.650000000000001188e-01,-9.114977876904547527e-01,-1.938130940429927396e-02,-1.051552225134506219e-01
1.660000000000001197e-01,-9.115697200129472266e-01,-1.944657289364232211e-02,-1.047806049105832610e-01
1.670000000000001206e-01,-9.116419565989688500e-01,-1.951020605979064682e-02,-1.044275136910188806e-01
1.680000000000001215e-01,-9.117144732269927276e-01,-1.957220628103450988e-02,-1.040959308241542203e-01
1.690000000000001223e-01,-9.117872462669730504e-01,-1.963257024778858328e-02,-1.037858118833392407e-01
1.700000000000001232e-01,-9.118602526926045115e-01,-1.969129402830738229e-02,-1.034970871467047887e-01
1.710000000000001241e-01,-9.119334700925481041e-01,-1.974837313629068669e-02,-1.032296627043611109e-01
1.720000000000001250e-01,-9.120068766794431347e-01,-1.980380259996977754e-02,-1.029834215697120192e-01
1.730000000000001259e-01,-9.120804512950304588e-01,-1.985757703232549076e-02,-1.027582247932191661e-01
1.740000000000001268e-01,-9.121541734090526932e-01,-1.990969070215509173e-02,-1.025539125779456467e-01
1.750000000000001277e-01,-9.122280231087716018e-01,-1.996013760576220708e-02,-1.023703053978460842e-01
1.760000000000001286e-01,-9.123019810752046599e-01,-2.000891153905531850e-02,-1.022072051223742589e-01
1.770000000000001295e-01,-9.123760285427455763e-01,-2.005600616966091154e-02,-1.020643961545416867e-01
1.780000000000001303e-01,-9.124501472444460637e-01,-2.010141510796087383e-02,-1.019416465916794245e-01
1.790000000000001312e-01,-9.125243193598364666e-01,-2.014513197460982008e-02,-1.018387094105044771e-01
1.800000000000001321e-01,-9.125985274952479465e-01,-2.018715046143471081e-02,-1.017553236541844097e-01
1.810000000000001330e-01,-9.126727547142299279e-01,-2.022746438463779439e-02,-1.016912155809578666e-01
1.820000000000001339e-01,-9.127469846040594526e-01,-2.026606773237232817e-02,-1.016460997521842768e-01
1.830000000000001348e-01,-9.128212013472110087e-01,-2.030295470970555627e-02,-1.016196800693879854e-01
1.840000000000001357e-01,-9.128953897774207960e-01,-2.033811978228722284e-02,-1.016116507787229589e-01
1.850000000000001366e-01,-9.129695354178213318e-01,-2.037155771571447227e-02,-1.016216974409200891e-01
1.860000000000001374e-01,-9.130436245050793653e-01,-2.040326360024152796e-02,-1.016494977801480765e-01
1.870000000000001383e-01,-9.131176440060848609e-01,-2.043323287714826630e-02,-1.016947225364341761e-01
1.880000000000001392e-01,-9.131915816305002931e-01,-2.046146136735627064e-02,-1.017570363990164956e-01
1.890000000000001401e-01,-9.132654258415007220e-01,-2.048794530521536039e-02,-1.018360989313687459e-01
1.900000000000001410e-01,-9.133391658646565769e-01,-2.051268136543249465e-02,-1.019315654680983257e-01
1.910000000000001419e-01,-9.134127916958162396e-01,-2.053566668456829891e-02,-1.020430879794311518e-01
1.920000000000001428e-01,-9.134862941083861099e-01,-2.055689887735073773e-02,-1.021703159067223615e-01
1.930000000000001437e-01,-9.135596645270612770e-01,-2.057637715676835510e-02,-1.023128984731225127e-01
1.940000000000001446e-01,-9.136328951557199929e-01,-2.059410161953706409e-02,-1.024704855346384447e-01
1.950000000000001454e-01,-9.137059787440735548e-01,-2.061007328339525824e-02,-1.026427250274454667e-01
1.960000000000001463e-01,-9.137789086946626060e-01,-2.062429320020792156e-02,-1.028292624807523453e-01
1.970000000000001472e-01,-9.138516789555538589e-01,-2.063676272322828575e-02,-1.030297433756898612e-01
1.980000000000001481e-01,-9.139242842224055696e-01,-2.064748345023276199e-02,-1.032438141105865431e-01
1.990000000000001490e-01,-9.139967198712545260e-01,-2.065645726370080038e-02,-1.034711226573475640e-01
2.000000000000001499e-01,-9.140689819347640466e-01,-2.066368634881349253e-02,-1.037113191856709055e-01
2.010000000000001508e-01,-9.141410670770415692e-01,-2.066917320597333463e-02,-1.039640566552037376e-01
2.020000000000001517e-01,-9.142129725649552618e-01,-2.067292065830400594e-02,-1.042289913761845349e-01
2.030000000000001525e-01,-9.142846962330024585e-01,-2.067493185522656374e-02,-1.045057835399982871e-01
2.040000000000001534e-01,-9.143562364378376994e-01,-2.067521027435642589e-02,-1.047940977227686948e-01
2.050000000000001543e-01,-9.144275919985128676e-01,-2.067375972584922783e-02,-1.050936033682061677e-01
2.060000000000001552e-01,-9.144987621228017893e-01,-2.067058436546309608e-02,-1.054039752604470498e-01
2.070000000000001561e-01,-9.145697463338785527e-01,-2.066568872168517146e-02,-1.057248939993659514e-01
2.080000000000001570e-01,-9.146405444274195995e-01,-2.065907773332670283e-02,-1.060560464788166124e-01
2.090000000000001579e-01,-9.147111564802619110e-01,-2.065075678249728153e-02,-1.063971263439880688e-01
2.100000000000001588e-01,-9.147815828989837028e-01,-2.064073170806374202e-02,-1.067478343987137424e-01
2.110000000000001597e-01,-9.148518244756149720e-01,-2.062900879691131895e-02,-1.071078789560064443e-01
2.120000000000001605e-01,-9.149218824272207229e-01,-2.061559476111174405e-02,-1.074769761432194798e-01
2.130000000000001614e-01,-9.149917583385158704e-01,-2.060049713017803041e-02,-1.078548504109966416e-01
2.140000000000001623e-01,-9.150614542084470893e-01,-2.058372406580810665e-02,-1.082412349227842158e-01
2.150000000000001632e-01,-9.151309724580508620e-01,-2.056528431534682122e-02,-1.086358713954751753e-01
2.160000000000001641e-01,-9.152003160101679358e-01,-2.054518673747329771e-02,-1.090385102527207245e-01
2.170000000000001650e-01,-9.152694882575505009e-01,-2.052344038249070968e-02,-1.094489108225935453e-01
2.180000000000001659e-01,-9.153384930499078864e-01,-2.050005447944031056e-02,-1.098668415215426908e-01
2.190000000000001668e-01,-9.154073346808322409e-01,-2.047503842699643917e-02,-1.102920800290980857e-01
2.200000000000001676e-01,-9.154760179135240650e-01,-2.044840256050828309e-02,-1.107244149367572067e-01
2.210000000000001685e-01,-9.155445480086432664e-01,-2.042015869039726095e-02,-1.111636507307651178e-01
2.220000000000001694e-01,-9.156129306973438409e-01,-2.039031972710897422e-02,-1.116096022175662450e-01
2.230000000000001703e-01,-9.156811720740919425e-01,-2.035889787755279512e-02,-1.120620918295578139e-01
2.240000000000001712e-01,-9.157492784508830530e-01,-2.032590442994947066e-02,-1.125209495533446014e-01
2.250000000000001721e-01,-9.158172561212530871e-01,-2.029134937686705165e-02,-1.129860116451356367e-01
2.260000000000001730e-01,-9.158851113004599087e-01,-2.025524151782387428e-02,-1.134571216771273622e-01
2.270000000000001739e-01,-9.159528502353115886e-01,-2.021758910977378143e-02,-1.139341315596578696e-01
2.280000000000001747e-01,-9.160204791640611521e-01,-2.017840007561250149e-02,-1.144169019310108254e-01
2.290000000000001756e-01,-9.160880042555865632e-01,-2.013768213226135861e-02,-1.149053026767011404e-01
2.300000000000001765e-01,-9.161554316133229126e-01,-2.009544298294790865e-02,-1.153992135085105675e-01
2.310000000000001774e-01,-9.162227674231433472e-01,-2.005169058671713023e-02,-1.158985256960107235e-01
2.320000000000001783e-01,-9.162900180830619856e-01,-2.000643332251345052e-02,-1.164031457961338945e-01
2.330000000000001792e-01,-9.163571902434605176e-01,-1.995968003528381107e-02,-1.169129914668912418e-01
2.340000000000001801e-01,-9.164242906450794646e-01,-1.991143986905380414e-02,-1.174279902407134035e-01
2.350000000000001810e-01,-9.164913261699977332e-01,-1.986172235334182634e-02,-1.179480796403814674e-01
2.360000000000001819e-01,-9.165583038341256206e-01,-1.981053745044164538e-02,-1.184732072651538820e-01
2.370000000000001827e-01,-9.166252305762253583e-01,-1.975789455768789393e-02,-1.190033288458504923e-01
2.380000000000001836e-01,-9.166921129912847244e-01,-1.970380166622809348e-02,-1.195384015060339117e-01
2.390000000000001845e-01,-9.167589570526932796e-01,-1.964826500485700178e-02,-1.200783886567383107e-01
2.400000000000001854e-01,-9.168257681497629097e-01,-1.959129094903078183e-02,-1.206232624880490684e-01
2.410000000000001863e-01,-9.168925509537556584e-01,-1.953288582984236132e-02,-1.211730046600979216e-01
2.420000000000001872e-01,-9.169593095573981278e-01,-1.947305595470139039e-02,-1.217276067136497941e-01
2.430000000000001881e-01,-9.170260477463777482e-01,-1.941180761192629056e-02,-1.222870701594710868e-01
2.440000000000001890e-01,-9.170927692338486370e-01,-1.934914706988638544e-02,-1.228514064984244092e-01
2.450000000000001898e-01,-9.171594778190513830e-01,-1.928508058415800974e-02,-1.234206373071188578e-01
2.460000000000001907e-01,-9.172261775114614046e-01,-1.921961441209701915e-02,-1.239947944189210005e-01
2.470000000000001916e-01,-9.172928720490790555e-01,-1.915275448206160691e-02,-1.245739146243478590e-01
2.480000000000001925e-01,-9.173595650023680381e-01,-1.908450646869247480e-02,-1.251580360871152597e-01
2.490000000000001934e-01,-9.174262596937042824e-01,-1.901487574352156429e-02,-1.257472033398346067e-01
2.500000000000001665e-01,-9.174929595779970359e-01,-1.894386761734895286e-02,-1.263414675903737350e-01
2.510000000000001674e-01,-9.175596681727340442e-01,-1.887148729690429905e-02,-1.269408864785945279e-01
2.520000000000001683e-01,-9.176263890572085025e-01,-1.879773989150740343e-02,-1.275455238246150091e-01
2.530000000000001692e-01,-9.176931258685859794e-01,-1.872263042066391048e-02,-1.281554493717363130e-01
2.540000000000001701e-01,-9.177598822963246583e-01,-1.864616382256228944e-02,-1.287707385255534853e-01
2.550000000000001710e-01,-9.178266620761054151e-01,-1.856834496339815344e-02,-1.293914720899929927e-01
2.560000000000001719e-01,-9.178934689841142802e-01,-1.848917864744448192e-02,-1.300177360006790905e-01
2.570000000000001728e-01,-9.179603068322590431e-01,-1.840866962778625604e-02,-1.306496210559134064e-01
2.580000000000001736e-01,-9.180271794646966965e-01,-1.832682261765211651e-02,-1.312872226455413793e-01
2.590000000000001745e-01,-9.180940907559015374e-01,-1.824364230228087136e-02,-1.319306404780152819e-01
2.600000000000001754e-01,-9.181610446103867229e-01,-1.815913335127533612e-02,-1.325799783060129244e-01
2.610000000000001763e-01,-9.182280449641285758e-01,-1.807330043140187303e-02,-1.332353436510192723e-01
2.620000000000001772e-01,-9.182950957876864218e-01,-1.798614821980082379e-02,-1.338968475273182579e-01
2.630000000000001781e-01,-9.183622010909900935e-01,-1.789768141758130149e-02,-1.345646041658722369e-01
2.640000000000001790e-01,-9.184293649297446960e-01,-1.780790476377375198e-02,-1.352387307385854998e-01
2.650000000000001799e-01,-9.184965914134024523e-01,-1.771682304962246546e-02,-1.359193470834598183e-01
2.660000000000001807e-01,-9.185638845456451929e-01,-1.762444070354363124e-02,-1.366065751941235584e-01
2.670000000000001816e-01,-9.186312482038437865e-01,-1.753076176868295644e-02,-1.373005386055891897e-01
2.680000000000001825e-01,-9.186986860983110681e-01,-1.743578982071330996e-02,-1.380013624892226509e-01
2.690000000000001834e-01,-9.187662019680994385e-01,-1.733952848848852035e-02,-1.387091734642259822e-01
2.700000000000001843e-01,-9.188337995486864918e-01,-1.724198136388704894e-02,-1.394240993231996295e-01
2.710000000000001852e-01,-9.189014825751892213e-01,-1.714315200713462106e-02,-1.401462687609697499e-01
2.720000000000001861e-01,-9.189692547859263927e-01,-1.704304395209188527e-02,-1.408758111070963215e-01
2.730000000000001870e-01,-9.190371199262838964e-01,-1.694166071151137487e-02,-1.416128560624519972e-01
2.740000000000001878e-01,-9.191050817528448880e-01,-1.683900578226793510e-02,-1.423575334402346626e-01
2.750000000000001887e-01,-9.191731440377493012e-01,-1.673508265056466993e-02,-1.431099729117498998e-01
2.760000000000001896e-01,-9.192413105732505363e-01,-1.662989479711862728e-02,-1.438703037572723331e-01
2.770000000000001905e-01,-9.193095851764415682e-01,-1.652344570232683330e-02,-1.446386546222691860e-01
2.780000000000001914e-01,-9.193779716941224978e-01,-1.641573885141595079e-02,-1.454151532792434809e-01
2.790000000000001923e-01,-9.194464740077860077e-01,-1.630677773957639465e-02,-1.461999263954313344e-01
2.800000000000001932e-01,-9.195150960386957451e-01,-1.619656587708251383e-02,-1.469930993065645952e-01
2.810000000000001941e-01,-9.195838417530359798e-01,-1.608510679439989488e-02,-1.477947957968900050e-01
2.820000000000001950e-01,-9.196527151671091138e-01,-1.597240404727956475e-02,-1.486051378856163840e-01
2.830000000000001958e-01,-9.197217203525608342e-01,-1.585846122184064733e-02,-1.494242456199444402e-01
2.840000000000001967e-01,-9.197908614416110407e-01,-1.574328193964008582e-02,-1.502522368748173687e-01
2.850000000000001976e-01,-9.198601426322711161e-01,-1.562686986272998624e-02,-1.510892271595160874e-01
2.860000000000001985e-01,-9.199295681935266700e-01,-1.550922869870074994e-02,-1.519353294312095759e-01
2.870000000000001994e-01,-9.199991424704678789e-01,-1.539036220570938474e-02,-1.527906539155583776e-01
2.880000000000002003e-01,-9.200688698893496609e-01,-1.527027419749049653e-02,-1.536553079344583628e-01
2.890000000000002012e-01,-9.201387549625635875e-01,-1.514896854834746343e-02,-1.545293957410006358e-01
2.900000000000002021e-01,-9.202088022935085432e-01,-1.502644919812090585e-02,-1.554130183617140337e-01
2.910000000000002029e-01,-9.202790165813437007e-01,-1.490272015713001164e-02,-1.563062734461462266e-01
2.920000000000002038e-01,-9.203494026256142657e-01,-1.477778551108227534e-02,-1.572092551238307989e-01
2.930000000000002047e-01,-9.204199653307365558e-01,-1.465164942594621156e-02,-1.581220538686776700e-01
2.940000000000002056e-01,-9.204907096766643537e-01,-1.452431623680872086e-02,-1.590447563368962425e-01
2.950000000000002065e-01,-9.205616406161237775e-01,-1.439579074068930709e-02,-1.599774450239718204e-01
2.960000000000002074e-01,-9.206327631593803629e-01,-1.426607802024532079e-02,-1.609201982866643177e-01
2.970000000000002083e-01,-9.207040824613039742e-01,-1.413518325554924404e-02,-1.618730904146388760e-01
2.980000000000002092e-01,-9.207756038665182441e-01,-1.400311161262607351e-02,-1.628361915305581720e-01
2.990000000000002101e-01,-9.208473328922999190e-01,-1.386986828959058116e-02,-1.638095674973704119e-01
3.000000000000002109e-01,-9.209192752270152216e-01,-1.373545852438495807e-02,-1.647932798327895187e-01
3.010000000000002118e-01,-9.209914367283850156e-01,-1.359988760260699703e-02,-1.657873856309573790e-01
3.020000000000002127e-01,-9.210638234215722253e-01,-1.346316086537474588e-02,-1.667919374912735786e-01
3.030000000000002136e-01,-9.211364414970464320e-01,-1.332528371716817928e-02,-1.678069834543726713e-01
3.040000000000002145e-01,-9.212092973081300595e-01,-1.318626163358133097e-02,-1.688325669452239997e-01
3.050000000000002154e-01,-9.212823973680491774e-01,-1.304610016891527557e-02,-1.698687267233211229e-01
3.060000000000002163e-01,-9.213557483462013753e-01,-1.290480496354445838e-02,-1.709154968399175800e-01
3.070000000000002172e-01,-9.214293570631897357e-01,-1.276238175104310590e-02,-1.719729066023308051e-01
3.080000000000002180e-01,-9.215032304841225264e-01,-1.261883636939625797e-02,-1.730409805551017255e-01
3.090000000000002189e-01,-9.215773757089882334e-01,-1.247417477260043261e-02,-1.741197384798675585e-01
3.100000000000002198e-01,-9.216517999586788523e-01,-1.232840304143462129e-02,-1.752091953860963058e-01
3.110000000000002207e-01,-9.217265105546871284e-01,-1.218152738969840998e-02,-1.763093615021089633e-01
3.120000000000002216e-01,-9.218015148909126655e-01,-1.203355417172641273e-02,-1.774202422715792649e-01
3.130000000000002225e-01,-9.218768203972798059e-01,-1.188448989231388753e-02,-1.785418383545193111e-01
3.140000000000002234e-01,-9.219524344996797849e-01,-1.173434122033628624e-02,-1.796741456314861762e-01
3.150000000000002243e-01,-9.220283645880095191e-01,-1.158311500656777904e-02,-1.808171552102009472e-01
3.160000000000002252e-01,-9.221046180060409325e-01,-1.143081830387698838e-02,-1.819708534354712581e-01
3.170000000000002260e-01,-9.221812020670747678e-01,-1.127745838614341300e-02,-1.831352219050412788e-01
3.180000000000002269e-01,-9.222581240855843854e-01,-1.112304276293707428e-02,-1.843102374936865240e-01
3.190000000000002278e-01,-9.223353914102992990e-01,-1.096757918949153865e-02,-1.854958723859838066e-01
3.200000000000002287e-01,-9.224130114499925481e-01,-1.081107567334027575e-02,-1.866920941168045966e-01
3.210000000000002296e-01,-9.224909916904875384e-01,-1.065354047919059299e-02,-1.878988656183106232e-01
3.220000000000002305e-01,-9.225693397045990896e-01,-1.049498213306221395e-02,-1.891161452724785252e-01
3.230000000000002314e-01,-9.226480631571130075e-01,-1.033540942622507286e-02,-1.903438869684780654e-01
3.240000000000002323e-01,-9.227271698065042660e-01,-1.017483141917885359e-02,-1.915820401644426074e-01
3.250000000000002331e-01,-9.228066675046439071e-01,-1.001325744575692900e-02,-1.928305499533061185e-01
3.260000000000002340e-01,-9.228865641953820642e-01,-9.850697117355367016e-03,-1.940893571324610045e-01
3.270000000000002349e-01,-9.229668679126316055e-01,-9.687160327241706170e-03,-1.953583982770376593e-01
3.280000000000002358e-01,-9.230475867783760613e-01,-9.522657254883215572e-03,-1.966376058166304786e-01
3.290000000000002367e-01,-9.231287290008807211e-01,-9.357198370228858586e-03,-1.979269081153062493e-01
3.300000000000002376e-01,-9.232103028732855377e-01,-9.190794437883897938e-03,-1.992262295547339856e-01
3.310000000000002385e-01,-9.232923167726860836e-01,-9.023456521124240126e-03,-2.005354906202735099e-01
3.320000000000002394e-01,-9.233747791597577415e-01,-8.855195985706054707e-03,-2.018546079898572987e-01
3.330000000000002403e-01,-9.234576985789504366e-01,-8.686024503435418875e-03,-2.031834946254949814e-01
3.340000000000002411e-01,-9.235410835638090399e-01,-8.515953844733692435e-03,-2.045220599545620466e-01
3.350000000000002420e-01,-9.236249425308810101e-01,-8.344995682571354489e-03,-2.058702102585237559e-01
3.360000000000002429e-01,-9.237092837472548057e-01,-8.173161556773445025e-03,-2.072278485394092873e-01
3.370000000000002438e-01,-9.237941154858329007e-01,-8.000463258856171933e-03,-2.085948745198257237e-01
3.380000000000002447e-01,-9.238794460016785948e-01,-7.826912785877548906e-03,-2.099711847446120994e-01
3.390000000000002456e-01,-9.239652835230982575e-01,-7.652522332355138346e-03,-2.113566726838220222e-01
3.400000000000002465e-01,-9.240516362451394183e-01,-7.477304286910180231e-03,-2.127512288368595406e-01
3.410000000000002474e-01,-9.241385123233143428e-01,-7.301271228663697155e-03,-2.141547408375955863e-01
3.420000000000002482e-01,-9.242259198675549792e-01,-7.124435923384020430e-03,-2.155670935602944926e-01
3.430000000000002491e-01,-9.243138669363973881e-01,-6.946811319386347883e-03,-2.169881692261823314e-01
3.440000000000002500e-01,-9.244023615314023168e-01,-6.768410543185776618e-03,-2.184178475104917860e-01
3.450000000000002509e-01,-9.244914115918123620e-01,-6.589246894906031216e-03,-2.198560056498206072e-01
3.460000000000002518e-01,-9.245810249894483857e-01,-6.409333843448272727e-03,-2.213025185496440839e-01
3.470000000000002527e-01,-9.246712095238489582e-01,-6.228685021425151014e-03,-2.227572588918250995e-01
3.480000000000002536e-01,-9.247619729176554948e-01,-6.047314219864652340e-03,-2.242200972419683969e-01
3.490000000000002545e-01,-9.248533228122433059e-01,-5.865235382692013388e-03,-2.256909021564695861e-01
3.500000000000002554e-01,-9.249452667636043346e-01,-5.682462600996640578e-03,-2.271695402891131532e-01
3.510000000000002562e-01,-9.250378122384799173e-01,-5.499010107092305866e-03,-2.286558764970773872e-01
3.520000000000002571e-01,-9.251309666107480068e-01,-5.314892268380388973e-03,-2.301497739462081693e-01
3.530000000000002580e-01,-9.252247371580648583e-01,-5.130123581025158863e-03,-2.316510942154282049e-01
3.540000000000002589e-01,-9.253191310587619567e-01,-4.944718663452252194e-03,-2.331596974001517997e-01
3.550000000000002598e-01,-9.254141553889997374e-01,-4.758692249681062414e-03,-2.346754422145804209e-01
3.560000000000002607e-01,-9.255098171201776580e-01,-4.572059182501531094e-03,-2.361981860927581944e-01
3.570000000000002616e-01,-9.256061231166000658e-01,-4.384834406508608673e-03,-2.377277852882716536e-01
3.580000000000002625e-01,-9.257030801333980818e-01,-4.197032961005542351e-03,-2.392640949724820221e-01
3.590000000000002633e-01,-9.258006948147058379e-01,-4.008669972788203584e-03,-2.408069693311837567e-01
3.600000000000002642e-01,-9.258989736920899549e-01,-3.819760648823888882e-03,-2.423562616595873465e-01
3.610000000000002651e-01,-9.259979231832294877e-01,-3.630320268836695341e-03,-2.439118244555296411e-01
3.620000000000002660e-01,-9.260975495901428989e-01,-3.440364210224922115e-03,-2.454735095786542143e-01
3.630000000000002669e-01,-9.261978590959785151e-01,-3.249908020471869996e-03,-2.470411686224522618e-01
3.640000000000002678e-01,-9.262988577620294706e-01,-3.058967465126682939e-03,-2.486146531420126982e-01
3.650000000000002687e-01,-9.264005515256110712e-01,-2.867558526999158808e-03,-2.501938147379500488e-01
3.660000000000002696e-01,-9.265029461985195836e-01,-2.675697389115327951e-03,-2.517785051363902182e-01
3.670000000000002705e-01,-9.266060474656699908e-01,-2.483400423751780384e-03,-2.533685762671228914e-01
3.680000000000002713e-01,-9.267098608839916540e-01,-2.290684181526503327e-03,-2.549638803398509013e-01
3.690000000000002722e-01,-9.268143918815792137e-01,-2.097565380564103688e-03,-2.565642699184709774e-01
3.700000000000002731e-01,-9.269196457570944014e-01,-1.904060895750236959e-03,-2.581695979933233409e-01
3.710000000000002740e-01,-9.270256276794137662e-01,-1.710187748090119531e-03,-2.597797180513524706e-01
3.720000000000002749e-01,-9.271323426875183182e-01,-1.515963094186112414e-03,-2.613944841441246392e-01
3.730000000000002758e-01,-9.272397956906197614e-01,-1.321404215847088448e-03,-2.630137509536522034e-01
3.740000000000002767e-01,-9.273479914685178738e-01,-1.126528509843016668e-03,-2.646373738559780753e-01
3.750000000000002776e-01,-9.274569346721823759e-01,-9.313534778164211936e-04,-2.662652089824784074e-01
3.760000000000002784e-01,-9.275666298245555108e-01,-7.358967163621499274e-04,-2.678971132788444676e-01
3.770000000000002793e-01,-9.276770813215660105e-01,-5.401759072864997790e-04,-2.695329445617096753e-01
3.780000000000002802e-01,-9.277882934333505638e-01,-3.442088080545802065e-04,-2.711725615728908245e-01
3.790000000000002811e-01,-9.279002703056743462e-01,-1.480132424361291221e-04,-2.728158240312167360e-01
3.800000000000002820e-01,-9.280130159615451735e-01,4.839290864228074085e-05,-2.744625926819213024e-01
3.810000000000002829e-01,-9.281265343030119519e-01,2.449917160314285525e-04,-2.761127293435816088e-01
3.820000000000002838e-01,-9.282408291131428735e-01,4.417652110720871050e-04,-2.777660969525851953e-01
3.830000000000002847e-01,-9.283559040581741417e-01,6.386953940810680130e-04,-2.794225596051150284e-01
3.840000000000002855e-01,-9.284717626898220111e-01,8.357642426103373268e-04,-2.810819825966234253e-01
3.850000000000002864e-01,-9.285884084477624700e-01,1.032953719893037192e-03,-2.827442324570387799e-01
3.860000000000002873e-01,-9.287058446622621366e-01,1.230245783073513621e-03,-2.844091769815055293e-01
3.870000000000002882e-01,-9.288240745569520396e-01,1.427622391155625170e-03,-2.860766852614332056e-01
3.880000000000002891e-01,-9.289431012517228581e-01,1.625065512228018871e-03,-2.877466277140302564e-01
3.890000000000002900e-01,-9.290629277657466156e-01,1.822557130475632725e-03,-2.894188761093539064e-01
3.900000000000002909e-01,-9.291835570206138373e-01,2.020079252955775395e-03,-2.910933035948861658e-01
3.910000000000002918e-01,-9.293049918435792867e-01,2.217613916124017148e-03,-2.927697847176477519e-01
3.920000000000002927e-01,-9.294272349709071790e-01,2.415143192110280612e-03,-2.944481954438644689e-01
3.930000000000002935e-01,-9.295502890513073213e-01,2.612649194746907710e-03,-2.961284131762020322e-01
3.940000000000002944e-01,-9.296741566494536313e-01,2.810114085351367308e-03,-2.978103167685867692e-01
3.950000000000002953e-01,-9.297988402495757088e-01,3.007520078267766905e-03,-2.994937865386309017e-01
3.960000000000002962e-01,-9.299243422591136898e-01,3.204849446170887628e-03,-3.011787042776813417e-01
3.970000000000002971e-01,-9.300506650124267249e-01,3.402084525139958959e-03,-3.028649532585109827e-01
3.980000000000002980e-01,-9.301778107745456436e-01,3.599207719509278647e-03,-3.045524182406708080e-01
3.990000000000002989e-01,-9.303057817449564837e-01,3.796201506505336720e-03,-3.062409854735192449e-01
4.000000000000002998e-01,-9.304345800614052253e-01,3.993048440681323807e-03,-3.079305426969425330e-01
4.010000000000003006e-01,-9.305642078037108522e-01,4.189731158162846025e-03,-3.096209791397768751e-01
4.020000000000003015e-01,-9.306946669975709741e-01,4.386232380720500590e-03,-3.113121855159364237e-01
4.030000000000003024e-01,-9.308259596183483531e-01,4.582534919689795760e-03,-3.130040540182458253e-01
4.040000000000003033e-01,-9.309580875948181289e-01,4.778621679760342023e-03,-3.146964783099656104e-01
4.050000000000003042e-01,-9.310910528128607533e-01,4.974475662662569686e-03,-3.163893535139877811e-01
4.060000000000003051e-01,-9.312248571190779867e-01,5.170079970785113055e-03,-3.180825761996640688e-01
4.070000000000003060e-01,-9.313595023243104176e-01,5.365417810762440620e-03,-3.197760443672111319e-01
4.080000000000003069e-01,-9.314949902070300825e-01,5.560472497081192511e-03,-3.214696574296131426e-01
4.090000000000003078e-01,-9.316313225165794298e-01,5.755227455761291466e-03,-3.231633161919141850e-01
4.100000000000003086e-01,-9.317685009762231019e-01,5.949666228183048133e-03,-3.248569228277576326e-01
4.110000000000003095e-01,-9.319065272859755611e-01,6.143772475143305378e-03,-3.265503808529848229e-01
4.120000000000003104e-01,-9.320454031251597105e-01,6.337529981241762922e-03,-3.282435950960522208e-01
4.130000000000003113e-01,-9.321851301546479895e-01,6.530922659722271373e-03,-3.299364716649594853e-01
4.140000000000003122e-01,-9.323257100187272162e-01,6.723934557916866339e-03,-3.316289179102995810e-01
4.150000000000003131e-01,-9.324671442924608034e-01,6.916549822394313374e-03,-3.333208422778757285e-01
4.160000000000003140e-01,-9.326094343377024920e-01,7.108752588403266515e-03,-3.350121536537051803e-01
4.170000000000003149e-01,-9.327525814064530074e-01,7.300527059441119793e-03,-3.367027617124853656e-01
4.180000000000003157e-01,-9.328965867671193957e-01,7.491857608623864184e-03,-3.383925773070837195e-01
4.190000000000003166e-01,-9.330414517513598849e-01,7.682728831545471149e-03,-3.400815123966722808e-01
4.200000000000003175e-01,-9.331871777272096047e-01,7.873125545325321273e-03,-3.417694799654827920e-01
4.210000000000003184e-01,-9.333337660904832411e-01,8.063032805129932701e-03,-3.434563939305299018e-01
4.220000000000003193e-01,-9.334812182549155901e-01,8.252435924355816521e-03,-3.451421690363517536e-01
4.230000000000003202e-01,-9.336295356408117474e-01,8.441320499243121223e-03,-3.468267207345107628e-01
4.240000000000003211e-01,-9.337787196619324881e-01,8.629672438793312139e-03,-3.485099650453136189e-01
4.250000000000003220e-01,-9.339287717102917608e-01,8.817478000939404925e-03,-3.501918183990182509e-01
4.260000000000003229e-01,-9.340796931384832691e-01,9.004723835934647092e-03,-3.518721974537966646e-01
4.270000000000003237e-01,-9.342314852390964930e-01,9.191397037832838013e-03,-3.535510188880919835e-01
4.280000000000003246e-01,-9.343841492207300981e-01,9.377485204636715199e-03,-3.552281991659987370e-01
4.290000000000003255e-01,-9.345376861800666068e-01,9.562976507089926415e-03,-3.569036542762685782e-01
4.300000000000003264e-01,-9.346920970694602149e-01,9.747859765019351030e-03,-3.585772994489522802e-01
4.310000000000003273e-01,-9.348473826595066205e-01,9.932124528447161538e-03,-3.602490488590069373e-01
4.320000000000003282e-01,-9.350035434961344594e-01,1.011576115827200750e-02,-3.619188153337246083e-01
4.330000000000003291e-01,-9.351605798519355695e-01,1.029876089819325991e-02,-3.635865100903114544e-01
4.340000000000003300e-01,-9.353184916720076458e-01,1.048111592602918307e-02,-3.652520425399418125e-01
4.350000000000003308e-01,-9.354772785163510962e-01,1.066281936938828778e-02,-3.669153202019891369e-01
4.360000000000003317e-01,-9.356369395052126503e-01,1.084386526905867232e-02,-3.685762487723456826e-01
4.370000000000003326e-01,-9.357974732800485862e-01,1.102424847561089827e-02,-3.702347323792683498e-01
4.380000000000003335e-01,-9.359588779944382209e-01,1.120396447296040376e-02,-3.718906740393943533e-01
4.390000000000003344e-01,-9.361211513400502504e-01,1.138300913666345782e-02,-3.735439762975170108e-01
4.400000000000003353e-01,-9.362842905986339392e-01,1.156137844942528581e-02,-3.751945419983117036e-01
4.410000000000003362e-01,-9.364482927040971294e-01,1.173906820544051710e-02,-3.768422751060975795e-01
4.420000000000003371e-01,-9.366131543021527506e-01,1.191607373595859887e-02,-3.784870814760091795e-01
4.430000000000003380e-01,-9.367788718016181182e-01,1.209238968208475873e-02,-3.801288694933731560e-01
4.440000000000003388e-01,-9.369454414156749289e-01,1.226800983016373969e-02,-3.817675505300081040e-01
4.450000000000003397e-01,-9.371128591933589602e-01,1.244292701346860763e-02,-3.834030392028856538e-01
4.460000000000003406e-01,-9.372811210425153750e-01,1.261713307438033782e-02,-3.850352534507483493e-01
4.470000000000003415e-01,-9.374502227459240444e-01,1.279061887547883192e-02,-3.866641144624983206e-01
4.480000000000003424e-01,-9.376201599723981150e-01,1.296337434599109661e-02,-3.882895464976474642e-01
4.490000000000003433e-01,-9.377909282844969496e-01,1.313538855081247680e-02,-3.899114766371536978e-01
4.500000000000003442e-01,-9.379625231441954814e-01,1.330664977156048590e-02,-3.915298344964788235e-01
4.510000000000003451e-01,-9.381349399175192838e-01,1.347714559179230553e-02,-3.931445519248074616e-01
4.520000000000003459e-01,-9.383081738788539017e-01,1.364686298100487027e-02,-3.947555627069488926e-01
4.530000000000003468e-01,-9.384822202153860760e-01,1.381578837405444959e-02,-3.963628022783690641e-01
4.540000000000003477e-01,-9.386570740319538642e-01,1.398390774413627025e-02,-3.979662074592504872e-01
4.550000000000003486e-01,-9.388327303564478754e-01,1.415120666850017139e-02,-3.995657162103060100e-01
4.560000000000003495e-01,-9.390091841458203525e-01,1.431767038675746395e-02,-4.011612674109927834e-01
4.570000000000003504e-01,-9.391864301870042064e-01,1.448328419255423549e-02,-4.027528016131927679e-01
4.580000000000003513e-01,-9.393644631292336067e-01,1.464803333385378270e-02,-4.043402610203509773e-01
4.590000000000003522e-01,-9.395432774663060593e-01,1.481190308803587152e-02,-4.059235884598119681e-01
4.600000000000003531e-01,-9.397228675908068096e-01,1.497487861064833448e-02,-4.075027272425608138e-01
4.610000000000003539e-01,-9.399032277827248372e-01,1.513694501465928655e-02,-4.090776210457878204e-01
4.620000000000003548e-01,-9.400843522103612404e-01,1.529808740010041301e-02,-4.106482138089947442e-01
4.630000000000003557e-01,-9.402662349313041235e-01,1.545829087994321505e-02,-4.122144496421193405e-01
4.640000000000003566e-01,-9.404488698934378998e-01,1.561754060266912214e-02,-4.137762727443156652e-01
4.650000000000003575e-01,-9.406322509359590356e-01,1.577582177193737056e-02,-4.153336273321852623e-01
4.660000000000003584e-01,-9.408163717903726964e-01,1.593311966370819510e-02,-4.168864575764018587e-01
4.670000000000003593e-01,-9.410012260814514251e-01,1.608941964113336232e-02,-4.184347075458062504e-01
4.680000000000003602e-01,-9.411868073281410840e-01,1.624470716748566135e-02,-4.199783211581650799e-01
4.690000000000003610e-01,-9.413731089444004052e-01,1.639896781736588371e-02,-4.215172421368932332e-01
4.700000000000003619e-01,-9.415601242399678217e-01,1.655218728639301640e-02,-4.230514139731272327e-01
4.710000000000003628e-01,-9.417478464210480293e-01,1.670435139956105708e-02,-4.245807798926165000e-01
4.720000000000003637e-01,-9.419362685909171695e-01,1.685544611841860441e-02,-4.261052828269648041e-01
4.730000000000003646e-01,-9.421253837504439677e-01,1.700545754721227709e-02,-4.276248653888127249e-01
4.740000000000003655e-01,-9.423151847985304919e-01,1.715437193811580885e-02,-4.291394698505996974e-01
4.750000000000003664e-01,-9.425056645324727533e-01,1.730217569565201119e-02,-4.306490381265881129e-01
4.760000000000003673e-01,-9.426968156482475880e-01,1.744885538040474859e-02,-4.321535117578666485e-01
4.770000000000003681e-01,-9.428886307407287060e-01,1.759439771210402625e-02,-4.336528319000828025e-01
4.780000000000003690e-01,-9.430811023038406793e-01,1.773878957215979657e-02,-4.351469393136804809e-01
4.790000000000003699e-01,-9.432742227306548655e-01,1.788201800571148636e-02,-4.366357743564428517e-01
4.800000000000003708e-01,-9.434679843134361477e-01,1.802407022325269725e-02,-4.381192769781607765e-01
4.810000000000003717e-01,-9.436623792436480418e-01,1.816493360188381478e-02,-4.395973867172647265e-01
4.820000000000003726e-01,-9.438573996119224985e-01,1.830459568624037692e-02,-4.410700426992744672e-01
4.830000000000003735e-01,-9.440530374080035036e-01,1.844304418913955690e-02,-4.425371836369333400e-01
4.840000000000003744e-01,-9.442492845206712504e-01,1.858026699198189746e-02,-4.439987478319072367e-01
4.850000000000003753e-01,-9.444461327376557636e-01,1.871625214494315737e-02,-4.454546731779382984e-01
4.860000000000003761e-01,-9.446435737455454174e-01,1.885098786698574669e-02,-4.469048971653526992e-01
4.870000000000003770e-01,-9.448415991296994498e-01,1.898446254571700686e-02,-4.483493568868310852e-01
4.880000000000003779e-01,-9.450402003741698032e-01,1.911666473711792769e-02,-4.497879890443564621e-01
4.890000000000003788e-01,-9.452393688616406164e-01,1.924758316516472778e-02,-4.512207299572620900e-01
4.900000000000003797e-01,-9.454390958733891459e-01,1.937720672136084010e-02,-4.526475155713070575e-01
4.910000000000003806e-01,-9.456393725892763280e-01,1.950552446419789865e-02,-4.540682814687125868e-01
4.920000000000003815e-01,-9.458401900877716484e-01,1.963252561855871603e-02,-4.554829628790974527e-01
4.930000000000003824e-01,-9.460415393460159805e-01,1.975819957507723990e-02,-4.568914946912538966e-01
4.940000000000003832e-01,-9.462434112399299435e-01,1.988253588946597983e-02,-4.582938114657106321e-01
4.950000000000003841e-01,-9.464457965443691112e-01,2.000552428182145182e-02,-4.596898474480315966e-01
4.960000000000003850e-01,-9.466486859333331783e-01,2.012715463591613352e-02,-4.610795365828028736e-01
4.970000000000003859e-01,-9.468520699802289720e-01,2.024741699848520149e-02,-4.624628125282628233e-01
4.980000000000003868e-01,-9.470559391581947484e-01,2.036630157851404554e-02,-4.638396086715324551e-01
4.990000000000003877e-01,-9.472602838404851067e-01,2.048379874653255550e-02,-4.652098581444061298e-01
5.000000000000003331e-01,-9.474650943009214066e-01,2.059989903392095423e-02,-4.665734938396634557e-01
5.010000000000003340e-01,-9.476703607144090213e-01,2.071459313223089627e-02,-4.679304484278662413e-01
5.020000000000003348e-01,-9.478760731575245346e-01,2.082787189252555127e-02,-4.692806543746048109e-01
5.030000000000003357e-01,-9.480822216091725485e-01,2.093972632474122575e-02,-4.706240439581606538e-01
5.040000000000003366e-01,-9.482887959513162102e-01,2.105014759707213301e-02,-4.719605492875524333e-01
5.050000000000003375e-01,-9.484957859697814575e-01,2.115912703538047612e-02,-4.732901023209344915e-01
5.060000000000003384e-01,-9.487031813551355386e-01,2.126665612263334282e-02,-4.746126348843177079e-01
5.070000000000003393e-01,-9.489109717036423586e-01,2.137272649836591265e-02,-4.759280786905835670e-01
5.080000000000003402e-01,-9.491191465182936549e-01,2.147732995817241974e-02,-4.772363653587631260e-01
5.090000000000003411e-01,-9.493276952099181099e-01,2.158045845322459355e-02,-4.785374264335537919e-01
5.100000000000003419e-01,-9.495366070983671802e-01,2.168210408981730009e-02,-4.798311934050470962e-01
5.110000000000003428e-01,-9.497458714137798630e-01,2.178225912894082850e-02,-4.811175977286417105e-01
5.120000000000003437e-01,-9.499554772979248440e-01,2.188091598587921238e-02,-4.823965708451166123e-01
5.130000000000003446e-01,-9.501654138056205845e-01,2.197806722983391969e-02,-4.836680442008394198e-01
5.140000000000003455e-01,-9.503756699062433366e-01,2.207370558362659052e-02,-4.849319492679393107e-01
5.150000000000003464e-01,-9.505862344854836277e-01,2.216782392450522554e-02,-4.861882175605574674e-01
5.160000000000003473e-01,-9.507970963471601422e-01,2.226041528478833742e-02,-4.874367806486645249e-01
5.170000000000003482e-01,-9.510082442150971094e-01,2.235147285242750081e-02,-4.886775701774565550e-01
5.180000000000003491e-01,-9.512196667349104295e-01,2.244098997050436584e-02,-4.899105178879809008e-01
5.190000000000003499e-01,-9.514313524758958307e-01,2.252896013691413346e-02,-4.911355556377604570e-01
5.200000000000003508e-01,-9.516432899329956285e-01,2.261537700407784124e-02,-4.923526154213955786e-01
5.210000000000003517e-01,-9.518554675288408706e-01,2.270023437866708349e-02,-4.935616293911232466e-01
5.220000000000003526e-01,-9.520678736158680877e-01,2.278352622133983374e-02,-4.947625298773141167e-01
5.230000000000003535e-01,-9.522804964785116510e-01,2.286524664648537097e-02,-4.959552494088875219e-01
5.240000000000003544e-01,-9.524933243354700707e-01,2.294538992197625582e-02,-4.971397207336260005e-01
5.250000000000003553e-01,-9.527063453420472339e-01,2.302395046892535824e-02,-4.983158768383708637e-01
5.260000000000003562e-01,-9.529195475925676950e-01,2.310092286144610485e-02,-4.994836509690802062e-01
5.270000000000003570e-01,-9.531329191228642417e-01,2.317630182641422509e-02,-5.006429766507327628e-01
5.280000000000003579e-01,-9.533464479128417324e-01,2.325008224322822059e-02,-5.017937877070594022e-01
5.290000000000003588e-01,-9.535601218891114339e-01,2.332225914356694796e-02,-5.029360182800863832e-01
5.300000000000003597e-01,-9.537739289277011867e-01,2.339282771114276072e-02,-5.040696028494732195e-01
5.310000000000003606e-01,-9.539878568568371797e-01,2.346178328144715719e-02,-5.051944762516296095e-01
5.320000000000003615e-01,-9.542018934598001101e-01,2.352912134148804624e-02,-5.063105736985960004e-01
5.330000000000003624e-01,-9.544160264778532854e-01,2.359483752951574420e-02,-5.074178307966719093e-01
5.340000000000003633e-01,-9.546302436132454439e-01,2.365892763473620430e-02,-5.085161835647774575e-01
5.350000000000003642e-01,-9.548445325322864052e-01,2.372138759700970212e-02,-5.096055684525337970e-01
5.360000000000003650e-01,-9.550588808684958853e-01,2.378221350653286770e-02,-5.106859223580475504e-01
5.370000000000003659e-01,-9.552732762258265842e-01,2.384140160350245452e-02,-5.117571826453857220e-01
5.380000000000003668e-01,-9.554877061819606610e-01,2.389894827775962405e-02,-5.128192871617273108e-01
5.390000000000003677e-01,-9.557021582916798152e-01,2.395485006841263642e-02,-5.138721742541774162e-01
5.400000000000003686e-01,-9.559166200903097543e-01,2.400910366343744773e-02,-5.149157827862314019e-01
5.410000000000003695e-01,-9.561310790972369356e-01,2.406170589925521464e-02,-5.159500521538747941e-01
5.420000000000003704e-01,-9.563455228194998048e-01,2.411265376028565166e-02,-5.169749223013059281e-01
5.430000000000003713e-01,-9.565599387554517552e-01,2.416194437847729581e-02,-5.179903337362677940e-01
5.440000000000003721e-01,-9.567743143984954735e-01,2.420957503281445655e-02,-5.189962275449749862e-01
5.450000000000003730e-01,-9.569886372408881181e-01,2.425554314880268292e-02,-5.199925454066209873e-01
5.460000000000003739e-01,-9.572028947776143326e-01,2.429984629793552342e-02,-5.209792296074509110e-01
5.470000000000003748e-01,-9.574170745103249835e-01,2.434248219714629791e-02,-5.219562230543824954e-01
5.480000000000003757e-01,-9.576311639513379603e-01,2.438344870825109867e-02,-5.229234692881576940e-01
5.490000000000003766e-01,-9.578451506276973726e-01,2.442274383739051480e-02,-5.238809124960029928e-01
5.500000000000003775e-01,-9.580590220852847061e-01,2.446036573448251428e-02,-5.248284975237743621e-01
5.510000000000003784e-01,-9.582727658929747205e-01,2.449631269270041711e-02,-5.257661698875581990e-01
5.520000000000003793e-01,-9.584863696468296501e-01,2.453058314799672068e-02,-5.266938757846925112e-01
5.530000000000003801e-01,-9.586998209743178290e-01,2.456317567869975571e-02,-5.276115621041639336e-01
5.540000000000003810e-01,-9.589131075385473046e-01,2.459408900521814489e-02,-5.285191764363256217e-01
5.550000000000003819e-01,-9.591262170424968980e-01,2.462332198989930498e-02,-5.294166670818650777e-01
5.560000000000003828e-01,-9.593391368622536941e-01,2.465087369935498041e-02,-5.303039821713841917e-01
5.570000000000003837e-01,-9.595518543031631431e-01,2.467674335255898299e-02,-5.311810696701264600e-01
5.580000000000003846e-01,-9.597643566612752419e-01,2.470093031133180350e-02,-5.320478785097041419e-01
5.590000000000003855e-01,-9.599766314868577455e-01,2.472343403663557204e-02,-5.329043586374275776e-01
5.600000000000003864e-01,-9.601886665038272817e-01,2.474425410888736465e-02,-5.337504609994068172e-01
5.610000000000003872e-01,-9.604004495973296196e-01,2.476339023606577427e-02,-5.345861375218656786e-01
5.620000000000003881e-01,-9.606119688020955394e-01,2.478084226264859469e-02,-5.354113410902499037e-01
5.630000000000003890e-01,-9.608232122914743822e-01,2.479661017976431125e-02,-5.362260255256715569e-01
5.640000000000003899e-01,-9.610341683669844093e-01,2.481069413706910032e-02,-5.370301455582360273e-01
5.650000000000003908e-01,-9.612448254480983056e-01,2.482309445703678730e-02,-5.378236567968841531e-01
5.660000000000003917e-01,-9.614551720617454666e-01,2.483381165259773704e-02,-5.386065156956254540e-01
5.670000000000003926e-01,-9.616651968305585108e-01,2.484284644940809583e-02,-5.393786795165442793e-01
5.680000000000003935e-01,-9.618748884580626823e-01,2.485019981451935811e-02,-5.401401062908757211e-01
5.690000000000003944e-01,-9.620842357074959050e-01,2.485587299390684679e-02,-5.408907547809512772e-01
5.700000000000003952e-01,-9.622932273684056126e-01,2.485986756221347793e-02,-5.416305844478640497e-01
5.710000000000003961e-01,-9.625018522021960843e-01,2.486218548861057753e-02,-5.423595554302617083e-01
5.720000000000003970e-01,-9.627100988620632682e-01,2.486282921902194243e-02,-5.430776285272927995e-01
5.730000000000003979e-01,-9.629179558113758475e-01,2.486180175972602102e-02,-5.437847651362442969e-01
5.740000000000003988e-01,-9.631254112885425656e-01,2.485910673509111879e-02,-5.444809270849656491e-01
5.750000000000003997e-01,-9.633324533294679304e-01,2.485474840645762740e-02,-5.451660764143595461e-01
5.760000000000004006e-01,-9.635390698007278987e-01,2.484873196623843539e-02,-5.458401748879142534e-01
5.770000000000004015e-01,-9.637452484339241732e-01,2.484106346052356029e-02,-5.465031831949822561e-01
5.780000000000004023e-01,-9.639509768536222989e-01,2.483174915638219904e-02,-5.471550633780523087e-01
5.790000000000004032e-01,-9.641562426039669287e-01,2.482079459438574220e-02,-5.477957795990739953e-01
5.800000000000004041e-01,-9.643610331254048873e-01,2.480820488342638797e-02,-5.484252976790051637e-01
5.810000000000004050e-01,-9.645653357478547463e-01,2.479398504173008222e-02,-5.490435846222997407e-01
5.820000000000004059e-01,-9.647691377042110217e-01,2.477814026709151962e-02,-5.496506081455387882e-01
5.830000000000004068e-01,-9.649724261606764664e-01,2.476067618415028759e-02,-5.502463362320976215e-01
5.840000000000004077e-01,-9.651751882500214652e-01,2.474159811385839847e-02,-5.508307379179215868e-01
5.850000000000004086e-01,-9.653774110976260925e-01,2.472091048180191653e-02,-5.514037858870797226e-01
5.860000000000004095e-01,-9.655790818438686474e-01,2.469861634498471403e-02,-5.519654552574974060e-01
5.870000000000004103e-01,-9.657801876762428517e-01,2.467471838961871056e-02,-5.525157229570479833e-01
5.880000000000004112e-01,-9.659807158580422382e-01,2.464921889244797715e-02,-5.530545675374866077e-01
5.890000000000004121e-01,-9.661806537557225960e-01,2.462211981471401634e-02,-5.535819689919373454e-01
5.900000000000004130e-01,-9.663799888643742619e-01,2.459342288651783504e-02,-5.540979085892788758e-01
5.910000000000004139e-01,-9.665787087998279903e-01,2.456312973288105050e-02,-5.546023691735757488e-01
5.920000000000004148e-01,-9.667768012785515896e-01,2.453124198116873877e-02,-5.550953362113869582e-01
5.930000000000004157e-01,-9.669742541146417736e-01,2.449776132125269790e-02,-5.555767967092267723e-01
5.940000000000004166e-01,-9.671710552668266736e-01,2.446268946425728119e-02,-5.560467388065005734e-01
5.950000000000004174e-01,-9.673671928414899757e-01,2.442602818516059759e-02,-5.565051517184560481e-01
5.960000000000004183e-01,-9.675626550991560659e-01,2.438777934546199067e-02,-5.569520256919843204e-01
5.970000000000004192e-01,-9.677574304596415766e-01,2.434794490978120507e-02,-5.573873519718707259e-01
5.980000000000004201e-01,-9.679515075060669549e-01,2.430652695759050186e-02,-5.578111227754413148e-01
5.990000000000004210e-01,-9.681448749879308924e-01,2.426352769117895436e-02,-5.582233312736378794e-01
6.000000000000004219e-01,-9.683375218238442494e-01,2.421894944253899506e-02,-5.586239715707440601e-01
6.010000000000004228e-01,-9.685294371035367833e-01,2.417279467754346323e-02,-5.590130386841734023e-01
6.020000000000004237e-01,-9.687206100892812310e-01,2.412506599803332374e-02,-5.593905285363631741e-01
6.030000000000004245e-01,-9.689110302164510857e-01,2.407576614054407482e-02,-5.597564379510183707e-01
6.040000000000004254e-01,-9.691006870938261297e-01,2.402489797423418283e-02,-5.601107646511919169e-01
6.050000000000004263e-01,-9.692895705036594922e-01,2.397246449800488621e-02,-5.604535072587178979e-01
6.060000000000004272e-01,-9.694776704015731772e-01,2.391846883700182724e-02,-5.607846652946132382e-01
6.070000000000004281e-01,-9.696649769163366850e-01,2.386291423867020756e-02,-5.611042391801405183e-01
6.080000000000004290e-01,-9.698514803495816849e-01,2.380580406849625019e-02,-5.614122302382873464e-01
6.090000000000004299e-01,-9.700371711754876003e-01,2.374714180554210463e-02,-5.617086406954699962e-01
6.100000000000004308e-01,-9.702220400404744094e-01,2.368693103785618481e-02,-5.619934736833096522e-01
6.110000000000004317e-01,-9.704060777629265333e-01,2.362517545782244488e-02,-5.622667332403623597e-01
6.120000000000004325e-01,-9.705892753329690148e-01,2.356187885749999600e-02,-5.625284243137125273e-01
6.130000000000004334e-01,-9.707716239123123092e-01,2.349704512398859135e-02,-5.627785527603577087e-01
6.140000000000004343e-01,-9.709531148341772333e-01,2.343067823484984435e-02,-5.630171253483341465e-01
6.150000000000004352e-01,-9.711337396033115077e-01,2.336278225360466365e-02,-5.632441497575424449e-01
6.160000000000004361e-01,-9.713134898961015562e-01,2.329336132532205950e-02,-5.634596345802466155e-01
6.170000000000004370e-01,-9.714923575607880002e-01,2.322241967230953552e-02,-5.636635893212258441e-01
6.180000000000004379e-01,-9.716703346177849587e-01,2.314996158991211583e-02,-5.638560243975682118e-01
6.190000000000004388e-01,-9.718474132601079285e-01,2.307599144242444833e-02,-5.640369511380978196e-01
6.200000000000004396e-01,-9.720235858539100215e-01,2.300051365911653933e-02,-5.642063817824339855e-01
6.210000000000004405e-01,-9.721988449391273379e-01,2.292353273037439632e-02,-5.643643294796815146e-01
6.220000000000004414e-01,-9.723731832302344724e-01,2.284505320395363581e-02,-5.645108082867564825e-01
6.230000000000004423e-01,-9.725465936171084902e-01,2.276507968134439119e-02,-5.646458331663508634e-01
6.240000000000004432e-01,-9.727190691660031474e-01,2.268361681424435616e-02,-5.647694199845433305e-01
6.250000000000004441e-01,-9.728906031206310256e-01,2.260066930113674433e-02,-5.648815855080623338e-01
6.260000000000004450e-01,-9.730611889033533579e-01,2.251624188396955661e-02,-5.649823474012101165e-01
6.270000000000004459e-01,-9.732308201164787675e-01,2.243033934493315895e-02,-5.650717242224546633e-01
6.280000000000004468e-01,-9.733994905436678113e-01,2.234296650333134071e-02,-5.651497354206983514e-01
6.290000000000004476e-01,-9.735671941514444372e-01,2.225412821254446616e-02,-5.652164013312320767e-01
6.300000000000004485e-01,-9.737339250908128019e-01,2.216382935708044455e-02,-5.652717431713807361e-01
6.310000000000004494e-01,-9.738996776989782278e-01,2.207207484971307476e-02,-5.653157830358496172e-01
6.320000000000004503e-01,-9.740644465011705222e-01,2.197886962870637673e-02,-5.653485438917753569e-01
6.330000000000004512e-01,-9.742282262125683268e-01,2.188421865512685249e-02,-5.653700495734882425e-01
6.340000000000004521e-01,-9.743910117403185023e-01,2.178812691024717418e-02,-5.653803247769861873e-01
6.350000000000004530e-01,-9.745527981856488831e-01,2.169059939302248052e-02,-5.653793950542393976e-01
6.360000000000004539e-01,-9.747135808459679307e-01,2.159164111376382644e-02,-5.653672868316624855e-01
6.370000000000004547e-01,-9.748733552170204542e-01,2.149125708727439577e-02,-5.653440274601280180e-01
6.380000000000004556e-01,-9.750321169951300382e-01,2.138945232668820751e-02,-5.653096452232150293e-01
6.390000000000004565e-01,-9.751898620796053407e-01,2.128623184210537422e-02,-5.652641693282077773e-01
6.400000000000004574e-01,-9.753465865751747010e-01,2.118160063932039705e-02,-5.652076298965701406e-01
6.410000000000004583e-01,-9.755022867944268539e-01,2.107556371871666112e-02,-5.651400579537426694e-01
6.420000000000004592e-01,-9.756569592602342134e-01,2.096812607463804934e-02,-5.650614854180050495e-01
6.430000000000004601e-01,-9.758106007081214228e-01,2.085929269542163844e-02,-5.649719450879833182e-01
6.440000000000004610e-01,-9.759632080885338734e-01,2.074906856435665414e-02,-5.648714706281028342e-01
6.450000000000004619e-01,-9.761147785689348044e-01,2.063745866195637602e-02,-5.647600965508222659e-01
6.460000000000004627e-01,-9.762653095356076394e-01,2.052446797011470148e-02,-5.646378581936977170e-01
6.470000000000004636e-01,-9.764147986299713811e-01,2.041010248159380591e-02,-5.645047911650711292e-01
6.480000000000004645e-01,-9.765632437654505615e-01,2.029436910533305438e-02,-5.643609305412212729e-01
6.490000000000004654e-01,-9.767106431307686076e-01,2.017727552500492294e-02,-5.642063121538799519e-01
6.500000000000004663e-01,-9.768569951239345350e-01,2.005882853482093831e-02,-5.640409728165778347e-01
6.510000000000004672e-01,-9.770022983663656513e-01,1.993903442474864729e-02,-5.638649491663547675e-01
6.520000000000004681e-01,-9.771465515410988623e-01,1.981789909148129469e-02,-5.636782778858501208e-01
6.530000000000004690e-01,-9.772897533276596604e-01,1.969542810291308177e-02,-5.634809973064085487e-01
6.540000000000004698e-01,-9.774319023353454927e-01,1.957162674870244201e-02,-5.632731473751650952e-01
6.550000000000004707e-01,-9.775729969684524567e-01,1.944650015200299897e-02,-5.630547699637873382e-01
6.560000000000004716e-01,-9.777130360580157387e-01,1.932005294817046304e-02,-5.628259071745349562e-01
6.570000000000004725e-01,-9.778520182679130146e-01,1.919228968312530759e-02,-5.625866001715038589e-01
6.580000000000004734e-01,-9.779899420726866355e-01,1.906321490258183760e-02,-5.623368902208014664e-01
6.590000000000004743e-01,-9.781268051760820814e-01,1.893283357148212165e-02,-5.620768177695946166e-01
6.600000000000004752e-01,-9.782626051068010753e-01,1.880115075599869678e-02,-5.618064233765180937e-01
6.610000000000004761e-01,-9.783973393212019865e-01,1.866817164791956252e-02,-5.615257490406180274e-01
6.620000000000004770e-01,-9.785310055115803429e-01,1.853390143616762131e-02,-5.612348369749662336e-01
6.630000000000004778e-01,-9.786636012952401042e-01,1.839834559493747079e-02,-5.609337293254736956e-01
6.640000000000004787e-01,-9.787951243181576277e-01,1.826150986728997117e-02,-5.606224680711333619e-01
6.650000000000004796e-01,-9.789255722904007806e-01,1.812340028353903731e-02,-5.603010949424741538e-01
6.660000000000004805e-01,-9.790549430145206733e-01,1.798402317365416225e-02,-5.599696513550885824e-01
6.670000000000004814e-01,-9.791832344078517103e-01,1.784338517558153869e-02,-5.596281783550062228e-01
6.680000000000004823e-01,-9.793104445198749231e-01,1.770149324077341380e-02,-5.592767165731660217e-01
6.690000000000004832e-01,-9.794365715457350463e-01,1.755835463777805083e-02,-5.589153061867399019e-01
6.700000000000004841e-01,-9.795616138376125326e-01,1.741397695754870467e-02,-5.585439868763295568e-01
6.710000000000004849e-01,-9.796855698312079141e-01,1.726836783163016031e-02,-5.581627979594188105e-01
6.720000000000004858e-01,-9.798084377661114841e-01,1.712153400610710863e-02,-5.577717795860258621e-01
6.730000000000004867e-01,-9.799302157415230585e-01,1.697348159657313671e-02,-5.573709723687287898e-01
6.740000000000004876e-01,-9.800509018373677605e-01,1.682421658065574865e-02,-5.569604166252940525e-01
6.750000000000004885e-01,-9.801704942067005488e-01,1.667374512595326541e-02,-5.565401523697274255e-01
6.760000000000004894e-01,-9.802889910416235919e-01,1.652207348626627548e-02,-5.561102193052597231e-01
6.770000000000004903e-01,-9.804063905678529478e-01,1.636920799930402515e-02,-5.556706568187339546e-01
6.780000000000004912e-01,-9.805226910391197093e-01,1.621515508397808336e-02,-5.552215039760011184e-01
6.790000000000004921e-01,-9.806378907315389526e-01,1.605992123746974309e-02,-5.547627995180415272e-01
6.800000000000004929e-01,-9.807519879380433014e-01,1.590351303219700307e-02,-5.542945818576134887e-01
6.810000000000004938e-01,-9.808649809629503835e-01,1.574593711276850438e-02,-5.538168890762892316e-01
6.820000000000004947e-01,-9.809768681167100324e-01,1.558720019298120985e-02,-5.533297589217839318e-01
6.830000000000004956e-01,-9.810876477108623206e-01,1.542730905289824150e-02,-5.528332288055172183e-01
6.840000000000004965e-01,-9.811973180532242989e-01,1.526627053603046846e-02,-5.523273358003678579e-01
6.850000000000004974e-01,-9.813058774433148779e-01,1.510409154663439057e-02,-5.518121166386013021e-01
6.860000000000004983e-01,-9.814133241680211839e-01,1.494077904713242422e-02,-5.512876077099594374e-01
6.870000000000004992e-01,-9.815196564975052773e-01,1.477634005565781061e-02,-5.507538450599104296e-01
6.880000000000005000e-01,-9.816248726813480152e-01,1.461078164372325849e-02,-5.502108643880629923e-01
6.890000000000005009e-01,-9.817289709449230628e-01,1.444411093400876922e-02,-5.496587010467490764e-01
6.900000000000005018e-01,-9.818319494859966134e-01,1.427633509826664593e-02,-5.490973900397853047e-01
6.910000000000005027e-01,-9.819338064715444903e-01,1.410746135533635925e-02,-5.485269660214195930e-01
6.920000000000005036e-01,-9.820345400347800791e-01,1.393749696926521731e-02,-5.479474632954742797e-01
6.930000000000005045e-01,-9.821341482723859873e-01,1.376644924752934429e-02,-5.473589158146917599e-01
6.940000000000005054e-01,-9.822326292419443217e-01,1.359432553934852850e-02,-5.467613571802927286e-01
6.950000000000005063e-01,-9.823299809595573695e-01,1.342113323408994363e-02,-5.461548206417530249e-01
6.960000000000005071e-01,-9.824262013976544639e-01,1.324687975975530341e-02,-5.455393390968066303e-01
6.970000000000005080e-01,-9.825212884829801485e-01,1.307157258154600932e-02,-5.449149450916791482e-01
6.980000000000005089e-01,-9.826152400947569809e-01,1.289521920050074044e-02,-5.442816708215579835e-01
6.990000000000005098e-01,-9.827080540630209748e-01,1.271782715220132198e-02,-5.436395481313032185e-01
7.000000000000005107e-01,-9.827997281671225771e-01,1.253940400554043322e-02,-5.429886085164014053e-01
7.010000000000005116e-01,-9.828902601343916245e-01,1.235995736154832381e-02,-5.423288831241671604e-01
7.020000000000005125e-01,-9.829796476389621729e-01,1.217949485227193263e-02,-5.416604027551931155e-01
7.030000000000005134e-01,-9.830678883007519797e-01,1.199802413970330051e-02,-5.409831978650506690e-01
7.040000000000005143e-01,-9.831549796845951983e-01,1.181555291475222536e-02,-5.402972985662435335e-01
7.050000000000005151e-01,-9.832409192995237301e-01,1.163208889625882980e-02,-5.396027346304134165e-01
7.060000000000005160e-01,-9.833257045981951272e-01,1.144763983004259966e-02,-5.388995354907997193e-01
7.070000000000005169e-01,-9.834093329764617142e-01,1.126221348798317479e-02,-5.381877302449525891e-01
7.080000000000005178e-01,-9.834918017730804873e-01,1.107581766712978366e-02,-5.374673476576997677e-01
7.090000000000005187e-01,-9.835731082695584604e-01,1.088846018883510292e-02,-5.367384161643659057e-01
7.100000000000005196e-01,-9.836532496901313483e-01,1.070014889791082169e-02,-5.360009638742447846e-01
7.110000000000005205e-01,-9.837322232018721468e-01,1.051089166180091405e-02,-5.352550185743221167e-01
7.120000000000005214e-01,-9.838100259149252791e-01,1.032069636977001048e-02,-5.345006077332487004e-01
7.130000000000005222e-01,-9.838866548828661962e-01,1.012957093210392623e-02,-5.337377585055617102e-01
7.140000000000005231e-01,-9.839621071031789956e-01,9.937523279319626646e-03,-5.329664977361527889e-01
7.150000000000005240e-01,-9.840363795178523887e-01,9.744561361381687270e-03,-5.321868519649808338e-01
7.160000000000005249e-01,-9.841094690140880230e-01,9.550693146924082999e-03,-5.313988474320269217e-01
7.170000000000005258e-01,-9.841813724251207152e-01,9.355926622473420551e-03,-5.306025100824897089e-01
7.180000000000005267e-01,-9.842520865311440437e-01,9.160269791673614215e-03,-5.297978655722173080e-01
7.190000000000005276e-01,-9.843216080603404139e-01,8.963730674508396667e-03,-5.289849392733744216e-01
7.200000000000005285e-01,-9.843899336900121533e-01,8.766317306521831387e-03,-5.281637562803402908e-01
7.210000000000005294e-01,-9.844570600478085298e-01,8.568037738033607020e-03,-5.273343414158345732e-01
7.220000000000005302e-01,-9.845229837130475836e-01,8.368900033349335743e-03,-5.264967192372679294e-01
7.230000000000005311e-01,-9.845877012181284416e-01,8.168912269964190287e-03,-5.256509140433131000e-01
7.240000000000005320e-01,-9.846512090500307846e-01,7.968082537758491846e-03,-5.247969498806929201e-01
7.250000000000005329e-01,-9.847135036518990248e-01,7.766418938184971310e-03,-5.239348505511808307e-01
7.260000000000005338e-01,-9.847745814247071960e-01,7.563929583446926674e-03,-5.230646396188100011e-01
7.270000000000005347e-01,-9.848344387290022262e-01,7.360622595666721502e-03,-5.221863404172861767e-01
7.280000000000005356e-01,-9.848930718867217049e-01,7.156506106043514226e-03,-5.212999760575998121e-01
7.290000000000005365e-01,-9.849504771830835947e-01,6.951588254000828915e-03,-5.204055694358330486e-01
7.300000000000005373e-01,-9.850066508685453304e-01,6.745877186322968289e-03,-5.195031432411557626e-01
7.310000000000005382e-01,-9.850615891608276442e-01,6.539381056280324511e-03,-5.185927199640062435e-01
7.320000000000005391e-01,-9.851152882470027849e-01,6.332108022743199172e-03,-5.176743219044508404e-01
7.330000000000005400e-01,-9.851677442856416889e-01,6.124066249284521035e-03,-5.167479711807176912e-01
7.340000000000005409e-01,-9.852189534095608936e-01,5.915263905973189296e-03,-5.158136897307021851e-01
7.350000000000005418e-01,-9.852689117291081322e-01,5.705709173621009711e-03,-5.148714992968732584e-01
7.360000000000005427e-01,-9.853176153352034561e-01,5.495410246635246132e-03,-5.139214214253463586e-01
7.370000000000005436e-01,-9.853650603016925746e-01,5.284375332244795054e-03,-5.129634774751870019e-01
7.380000000000005445e-01,-9.854112426876228126e-01,5.072612649093866111e-03,-5.119976886278910788e-01
7.390000000000005453e-01,-9.854561585396255374e-01,4.860130426139031012e-03,-5.110240758969993857e-01
7.400000000000005462e-01,-9.854998038943398875e-01,4.646936901531950603e-03,-5.100426601378412750e-01
7.410000000000005471e-01,-9.855421747808741362e-01,4.433040321489112312e-03,-5.090534620574020952e-01
7.420000000000005480e-01,-9.855832671995465866e-01,4.218448952336084634e-03,-5.080565022526341012e-01
7.430000000000005489e-01,-9.856230770573511935e-01,4.003171113881931475e-03,-5.070518013854161676e-01
7.440000000000005498e-01,-9.856616002240281560e-01,3.787215146523081888e-03,-5.060393800562527078e-01
7.450000000000005507e-01,-9.856988325943764062e-01,3.570589375913979513e-03,-5.050192586762293212e-01
7.460000000000005516e-01,-9.857347701151342179e-01,3.353302100602417735e-03,-5.039914574885251408e-01
7.470000000000005524e-01,-9.857694087726869281e-01,3.135361600974051477e-03,-5.029559965892688167e-01
7.480000000000005533e-01,-9.858027445914794296e-01,2.916776141931975985e-03,-5.019128959477366925e-01
7.490000000000005542e-01,-9.858347736327309763e-01,2.697553975224642464e-03,-5.008621754258927306e-01
7.500000000000005551e-01,-9.858654919934524141e-01,2.477703341432213602e-03,-4.998038547972726287e-01
7.510000000000005560e-01,-9.858948958057581757e-01,2.257232471621684056e-03,-4.987379537652171235e-01
7.520000000000005569e-01,-9.859229812364731504e-01,2.036149588683311418e-03,-4.976644919804603107e-01
7.530000000000005578e-01,-9.859497444870275462e-01,1.814462908360292559e-03,-4.965834890580811956e-01
7.540000000000005587e-01,-9.859751817936415197e-01,1.592180639987117452e-03,-4.954949645938270808e-01
7.550000000000005596e-01,-9.859992894277939124e-01,1.369310986950422748e-03,-4.943989381798175042e-01
7.560000000000005604e-01,-9.860220636969801999e-01,1.145862146890830324e-03,-4.932954294196363887e-01
7.570000000000005613e-01,-9.860435009457626521e-01,9.218423116648111204e-04,-4.921844579428172328e-01
7.580000000000005622e-01,-9.860635975571265810e-01,6.972596670895558901e-04,-4.910660434187218981e-01
7.590000000000005631e-01,-9.860823499541635506e-01,4.721223925025497259e-04,-4.899402055698071079e-01
7.600000000000005640e-01,-9.860997546021167404e-01,2.464386601764845253e-04,-4.888069641842658908e-01
7.610000000000005649e-01,-9.861158080108376467e-01,2.021663465295864270e-05,-4.876663391280290916e-01
7.620000000000005658e-01,-9.861305067377146294e-01,-2.065355279110003828e-04,-4.865183503561268941e-01
7.630000000000005667e-01,-9.861438473911131597e-01,-4.338096802432578336e-04,-4.853630179234695308e-01
7.640000000000005675e-01,-9.861558266342855816e-01,-6.615976841191639757e-04,-4.842003619952564009e-01
7.650000000000005684e-01,-9.861664411894743854e-01,-8.898914099954580159e-04,-4.830304028575244102e-01
7.660000000000005693e-01,-9.861756878414763561e-01,-1.118682736028164815e-03,-4.818531609288617679e-01
7.670000000000005702e-01,-9.861835634391553640e-01,-1.347963546696251402e-03,-4.806686567750695915e-01
7.680000000000005711e-01,-9.861900648925101542e-01,-1.577725731925161412e-03,-4.794769111292255803e-01
7.690000000000005720e-01,-9.861951891641852486e-01,-1.807961188705131672e-03,-4.782779449174663911e-01
7.700000000000005729e-01,-9.861989332660999752e-01,-2.038661826888776840e-03,-4.770717792762826925e-01
7.710000000000005738e-01,-9.862012942963745976e-01,-2.269819572785880535e-03,-4.758584355168393176e-01
7.720000000000005747e-01,-9.862022694911525278e-01,-2.501426360320135878e-03,-4.746379350573144973e-01
7.730000000000005755e-01,-9.862018562329444293e-01,-2.733474120597156887e-03,-4.734102994580401402e-01
7.740000000000005764e-01,-9.862000520198871412e-01,-2.965954777605583903e-03,-4.721755504903882850e-01
7.750000000000005773e-01,-9.861968544415705695e-01,-3.198860252739577081e-03,-4.709337101647710910e-01
7.760000000000005782e-01,-9.861922611805817862e-01,-3.432182467420330507e-03,-4.696848007432720684e-01
7.770000000000005791e-01,-9.861862700159436113e-01,-3.665913343874893648e-03,-4.684288447499809216e-01
7.780000000000005800e-01,-9.861788788259636673e-01,-3.900044805115521207e-03,-4.671658649817893028e-01
7.790000000000005809e-01,-9.861700855904559360e-01,-4.134568774419311588e-03,-4.658958845200596999e-01
7.800000000000005818e-01,-9.861598883923933245e-01,-4.369477174405500541e-03,-4.646189267431249936e-01
7.810000000000005826e-01,-9.861482854190457559e-01,-4.604761925735056938e-03,-4.633350153395320303e-01
7.820000000000005835e-01,-9.861352749626371983e-01,-4.840414945428916926e-03,-4.620441743219668718e-01
7.830000000000005844e-01,-9.861208554205338483e-01,-5.076428144789868480e-03,-4.607464280418301361e-01
7.840000000000005853e-01,-9.861050252949634665e-01,-5.312793426908601901e-03,-4.594418012044502730e-01
7.850000000000005862e-01,-9.860877831922566505e-01,-5.549502683732832065e-03,-4.581303188849351615e-01
7.860000000000005871e-01,-9.860691278215935052e-01,-5.786547792680063473e-03,-4.568120065446695799e-01
7.870000000000005880e-01,-9.860490579932368327e-01,-6.023920612772848404e-03,-4.554868900484683736e-01
7.880000000000005889e-01,-9.860275726162304188e-01,-6.261612980279218643e-03,-4.541549956823960899e-01
7.890000000000005898e-01,-9.860046706955417628e-01,-6.499616703841859522e-03,-4.528163501722627382e-01
7.900000000000005906e-01,-9.859803513286242715e-01,-6.737923559079539437e-03,-4.514709807028026711e-01
7.910000000000005915e-01,-9.859546137013804890e-01,-6.976525282649415072e-03,-4.501189149375416365e-01
7.920000000000005924e-01,-9.859274570835031559e-01,-7.215413565757999859e-03,-4.487601810393513913e-01
7.930000000000005933e-01,-9.858988808231765599e-01,-7.454580047111858399e-03,-4.473948076916890448e-01
7.940000000000005942e-01,-9.858688843411193004e-01,-7.694016305301976111e-03,-4.460228241205124733e-01
7.950000000000005951e-01,-9.858374671239544806e-01,-7.933713850616197494e-03,-4.446442601168582032e-01
7.960000000000005960e-01,-9.858046287683916997e-01,-8.173664210541109476e-03,-4.432591459701136216e-01
7.970000000000005969e-01,-9.857703690959727094e-01,-8.413859131601364449e-03,-4.418675120198951034e-01
7.980000000000005977e-01,-9.857346881470774314e-01,-8.654290559519051129e-03,-4.404693888393832468e-01
7.990000000000005986e-01,-9.856975861029385610e-01,-8.894950485825003916e-03,-4.390648074709890269e-01
8.000000000000005995e-01,-9.856590632604116387e-01,-9.135830902040675827e-03,-4.376537994337590387e-01
8.010000000000006004e-01,-9.856191200421041687e-01,-9.376923818130100674e-03,-4.362363967306069346e-01
8.020000000000006013e-01,-9.855777569969679242e-01,-9.618221263178294844e-03,-4.348126318553691694e-01
8.030000000000006022e-01,-9.855349748008218613e-01,-9.859715286044679061e-03,-4.333825377996836092e-01
8.040000000000006031e-01,-9.854907742603133958e-01,-1.010139791340286530e-02,-4.319461479483840960e-01
8.050000000000006040e-01,-9.854451563188431074e-01,-1.034326108316691029e-02,-4.305034957749964697e-01
8.060000000000006048e-01,-9.853981220607583857e-01,-1.058529659489787500e-02,-4.290546147405940314e-01
8.070000000000006057e-01,-9.853496727111225040e-01,-1.082749611206185181e-02,-4.275995383051741094e-01
8.080000000000006066e-01,-9.852998096350943369e-01,-1.106985116809389158e-02,-4.261382999387757220e-01
8.090000000000006075e-01,-9.852485343374812743e-01,-1.131235316915396583e-02,-4.246709331323413883e-01
8.100000000000006084e-01,-9.851958484621960999e-01,-1.155499339691279381e-02,-4.231974714083300837e-01
8.110000000000006093e-01,-9.851417537916209444e-01,-1.179776301136448158e-02,-4.217179483310874999e-01
8.120000000000006102e-01,-9.850862522458768700e-01,-1.204065305366408545e-02,-4.202323975169794390e-01
8.130000000000006111e-01,-9.850293458820038595e-01,-1.228365444898765757e-02,-4.187408526442952805e-01
8.140000000000006120e-01,-9.849710368930502113e-01,-1.252675800941144280e-02,-4.172433474629260175e-01
8.150000000000006128e-01,-9.849113276070735612e-01,-1.276995443680939424e-02,-4.157399158038237452e-01
8.160000000000006137e-01,-9.848502204860553055e-01,-1.301323432576539929e-02,-4.142305915882470990e-01
8.170000000000006146e-01,-9.847877181247298717e-01,-1.325658816649838423e-02,-4.127154088367984142e-01
8.180000000000006155e-01,-9.847238232493299437e-01,-1.350000634779791042e-02,-4.111944016782572153e-01
8.190000000000006164e-01,-9.846585387162499758e-01,-1.374347915996859681e-02,-4.096676043582149207e-01
8.200000000000006173e-01,-9.845918675106293261e-01,-1.398699679778014904e-02,-4.081350512475156456e-01
8.210000000000006182e-01,-9.845238127448572296e-01,-1.423054936342155186e-02,-4.065967768505071023e-01
8.220000000000006191e-01,-9.844543776570002791e-01,-1.447412686945737104e-02,-4.050528158131058709e-01
8.230000000000006199e-01,-9.843835656091556308e-01,-1.471771924178377766e-02,-4.035032029306811485e-01
8.240000000000006208e-01,-9.843113800857306028e-01,-1.496131632258212996e-02,-4.019479731557605295e-01
8.250000000000006217e-01,-9.842378246916515527e-01,-1.520490787326900239e-02,-4.003871616055616478e-01
8.260000000000006226e-01,-9.841629031505035874e-01,-1.544848357743983103e-02,-3.988208035693528997e-01
8.270000000000006235e-01,-9.840866193026021058e-01,-1.569203304380467623e-02,-3.972489345156466900e-01
8.280000000000006244e-01,-9.840089771030005039e-01,-1.593554580911443752e-02,-3.956715900992278656e-01
8.290000000000006253e-01,-9.839299806194330422e-01,-1.617901134107557759e-02,-3.940888061680207777e-01
8.300000000000006262e-01,-9.838496340301978726e-01,-1.642241904125169016e-02,-3.925006187697971383e-01
8.310000000000006271e-01,-9.837679416219804462e-01,-1.666575824795019090e-02,-3.909070641587277795e-01
8.320000000000006279e-01,-9.836849077876193004e-01,-1.690901823909307655e-02,-3.893081788017804801e-01
8.330000000000006288e-01,-9.836005370238183332e-01,-1.715218823506903245e-02,-3.877039993849661359e-01
8.340000000000006297e-01,-9.835148339288050101e-01,-1.739525740156666611e-02,-3.860945628194356050e-01
8.350000000000006306e-01,-9.834278031999383884e-01,-1.763821485238686870e-02,-3.844799062474293372e-01
8.360000000000006315e-01,-9.833394496312694022e-01,-1.788104965223236142e-02,-3.828600670480815649e-01
8.370000000000006324e-01,-9.832497781110537405e-01,-1.812375081947442679e-02,-3.812350828430807748e-01
8.380000000000006333e-01,-9.831587936192215382e-01,-1.836630732889427131e-02,-3.796049915021887378e-01
8.390000000000006342e-01,-9.830665012248045453e-01,-1.860870811439802042e-02,-3.779698311486191509e-01
8.400000000000006350e-01,-9.829729060833245491e-01,-1.885094207170512348e-02,-3.763296401642776123e-01
8.410000000000006359e-01,-9.828780134341433827e-01,-1.909299806100739350e-02,-3.746844571948642066e-01
8.420000000000006368e-01,-9.827818285977782953e-01,-1.933486490959912540e-02,-3.730343211548404758e-01
8.430000000000006377e-01,-9.826843569731845696e-01,-1.957653141447596168e-02,-3.713792712322612211e-01
8.440000000000006386e-01,-9.825856040350073872e-01,-1.981798634490228306e-02,-3.697193468934729110e-01
8.450000000000006395e-01,-9.824855753308056050e-01,-2.005921844494606976e-02,-3.680545878876793631e-01
8.460000000000006404e-01,-9.823842764782494408e-01,-2.030021643597912373e-02,-3.663850342513754743e-01
8.470000000000006413e-01,-9.822817131622955111e-01,-2.054096901914381768e-02,-3.647107263126502241e-01
8.480000000000006422e-01,-9.821778911323406636e-01,-2.078146487778298468e-02,-3.630317046953588367e-01
8.490000000000006430e-01,-9.820728161993581562e-01,-2.102169267983378109e-02,-3.613480103231656582e-01
8.500000000000006439e-01,-9.819664942330176283e-01,-2.126164108018407939e-02,-3.596596844234571932e-01
8.510000000000006448e-01,-9.818589311587946344e-01,-2.150129872298967015e-02,-3.579667685311263559e-01
8.520000000000006457e-01,-9.817501329550689659e-01,-2.174065424395221768e-02,-3.562693044922276009e-01
8.530000000000006466e-01,-9.816401056502187528e-01,-2.197969627255663694e-02,-3.545673344675036587e-01
8.540000000000006475e-01,-9.815288553197114574e-01,-2.221841343426628201e-02,-3.528609009357833726e-01
8.550000000000006484e-01,-9.814163880831971998e-01,-2.245679435267533552e-02,-3.511500466972510837e-01
8.560000000000006493e-01,-9.813027101016073006e-01,-2.269482765161662252e-02,-3.494348148765872852e-01
8.570000000000006501e-01,-9.811878275742642597e-01,-2.293250195722340568e-02,-3.477152489259809354e-01
8.580000000000006510e-01,-9.810717467360068333e-01,-2.316980589994360740e-02,-3.459913926280131502e-01
8.590000000000006519e-01,-9.809544738543767295e-01,-2.340672811669058939e-02,-3.442632900990917899e-01
8.600000000000006528e-01,-9.808360152269706145e-01,-2.364325725358323860e-02,-3.425309857971201577e-01
8.610000000000006537e-01,-9.807163771787730244e-01,-2.387938196839561877e-02,-3.407945245278281021e-01
8.620000000000006546e-01,-9.805955660594626311e-01,-2.411509093261804404e-02,-3.390539514472846183e-01
8.630000000000006555e-01,-9.804735882406846459e-01,-2.435037283308355560e-02,-3.373093120640613951e-01
8.640000000000006564e-01,-9.803504501134057136e-01,-2.458521637362726109e-02,-3.355606522412746817e-01
8.650000000000006573e-01,-9.802261580853380840e-01,-2.481961027667561881e-02,-3.338080181985095263e-01
8.660000000000006581e-01,-9.801007185784433862e-01,-2.505354328475939418e-02,-3.320514565136330476e-01
8.670000000000006590e-01,-9.799741380265306612e-01,-2.528700416194418210e-02,-3.302910141245043452e-01
8.680000000000006599e-01,-9.798464228729601988e-01,-2.551998169517105675e-02,-3.285267383305916500e-01
8.690000000000006608e-01,-9.797175795684687216e-01,-2.575246469549830053e-02,-3.267586767945099280e-01
8.700000000000006617e-01,-9.795876145691327919e-01,-2.598444199923399811e-02,-3.249868775434954227e-01
8.710000000000006626e-01,-9.794565343344869834e-01,-2.621590246894806020e-02,-3.232113889708386756e-01
8.720000000000006635e-01,-9.793243453258171360e-01,-2.644683499434979934e-02,-3.214322598373013928e-01
8.730000000000006644e-01,-9.791910540046488975e-01,-2.667722849301462640e-02,-3.196495392725492990e-01
8.740000000000006652e-01,-9.790566668314546472e-01,-2.690707191094321438e-02,-3.178632767766398359e-01
8.750000000000006661e-01,-9.789211902646026697e-01,-2.713635422293081412e-02,-3.160735222216108919e-01
8.760000000000006670e-01,-9.787846307595740036e-01,-2.736506443272423983e-02,-3.142803258532267940e-01
8.770000000000006679e-01,-9.786469947684763859e-01,-2.759319157293871339e-02,-3.124837382929474550e-01
8.780000000000006688e-01,-9.785082887398810492e-01,-2.782072470470481340e-02,-3.106838105401981687e-01
8.790000000000006697e-01,-9.783685191190164554e-01,-2.804765291701144525e-02,-3.088805939750299823e-01
8.800000000000006706e-01,-9.782276923483470554e-01,-2.827396532570747301e-02,-3.070741403612742282e-01
8.810000000000006715e-01,-9.780858148685702691e-01,-2.849965107212076854e-02,-3.052645018503073460e-01
8.820000000000006724e-01,-9.779428931200609965e-01,-2.872469932125126801e-02,-3.034517309855555012e-01
8.830000000000006732e-01,-9.777989335447959673e-01,-2.894909925949290530e-02,-3.016358807078790005e-01
8.840000000000006741e-01,-9.776539425887786905e-01,-2.917284009183851445e-02,-2.998170043619830527e-01
8.850000000000006750e-01,-9.775079267049888720e-01,-2.939591103852601250e-02,-2.979951557040007581e-01
8.860000000000006759e-01,-9.773608923568622986e-01,-2.961830133109177865e-02,-2.961703889103827203e-01
8.870000000000006768e-01,-9.772128460222997415e-01,-2.984000020780985807e-02,-2.943427585881987496e-01
8.880000000000006777e-01,-9.770637941981767938e-01,-3.006099690852009898e-02,-2.925123197869051728e-01
8.890000000000006786e-01,-9.769137434053066782e-01,-3.028128066888252645e-02,-2.906791280115466058e-01
8.900000000000006795e-01,-9.767627001937635445e-01,-3.050084071414321807e-02,-2.888432392372340951e-01
8.910000000000006803e-01,-9.766106711484370262e-01,-3.071966625256539185e-02,-2.870047099245663924e-01
8.920000000000006812e-01,-9.764576628946299852e-01,-3.093774646876251699e-02,-2.851635970354299277e-01
8.930000000000006821e-01,-9.763036821034526413e-01,-3.115507051727162136e-02,-2.833199580483295454e-01
8.940000000000006830e-01,-9.761487354967093300e-01,-3.137162751681560335e-02,-2.814738509720866033e-01
8.950000000000006839e-01,-9.759928298509189526e-01,-3.158740654580782792e-02,-2.796253343564246152e-01
8.960000000000006848e-01,-9.758359721052783931e-01,-3.180239645047266972e-02,-2.777744677440974197e-01
8.970000000000006857e-01,-9.756781692842758646e-01,-3.201658597641576787e-02,-2.759213117323173203e-01
8.980000000000006866e-01,-9.755194284641479641e-01,-3.222996383084270056e-02,-2.740659270865968833e-01
8.990000000000006875e-01,-9.753597566614753411e-01,-3.244251889080784768e-02,-2.722083746538052629e-01
9.000000000000006883e-01,-9.751991608786608756e-01,-3.265424013428869232e-02,-2.703487154060093545e-01
9.010000000000006892e-01,-9.750376481187490452e-01,-3.286511662058744232e-02,-2.684870104907621235e-01
9.020000000000006901e-01,-9.748752253982829741e-01,-3.307513747030038642e-02,-2.666233212873957426e-01
9.030000000000006910e-01,-9.747118997579025113e-01,-3.328429184519327011e-02,-2.647577094685263921e-01
9.040000000000006919e-01,-9.745476782704628471e-01,-3.349256892836993682e-02,-2.628902370656734377e-01
9.050000000000006928e-01,-9.743825680465599826e-01,-3.369995790512325673e-02,-2.610209665376844734e-01
9.060000000000006937e-01,-9.742165762374642712e-01,-3.390644794483693714e-02,-2.591499608405656851e-01
9.070000000000006946e-01,-9.740497100355740567e-01,-3.411202818424913241e-02,-2.572772834973531264e-01
9.080000000000006954e-01,-9.738819766674394751e-01,-3.431668772588353233e-02,-2.554029986397329810e-01
9.090000000000006963e-01,-9.737133832972889591e-01,-3.452041587943066592e-02,-2.535271703362080853e-01
9.100000000000006972e-01,-9.735439370417030558e-01,-3.472320212290219699e-02,-2.516498623556073788e-01
9.110000000000006981e-01,-9.733736449567869098e-01,-3.492503613934849760e-02,-2.497711386084675300e-01
9.120000000000006990e-01,-9.732025140785812711e-01,-3.512590770931239836e-02,-2.478910631597215919e-01
9.130000000000006999e-01,-9.730305514128513300e-01,-3.532580673532065285e-02,-2.460097002472531880e-01
9.140000000000007008e-01,-9.728577639351397854e-01,-3.552472324086930477e-02,-2.441271143049198455e-01
9.150000000000007017e-01,-9.726841585912996413e-01,-3.572264736914415595e-02,-2.422433699888775771e-01
9.160000000000007025e-01,-9.725097422984178008e-01,-3.591956938187962356e-02,-2.403585322063137575e-01
9.170000000000007034e-01,-9.723345219460738376e-01,-3.611547965868561194e-02,-2.384726661459732333e-01
9.180000000000007043e-01,-9.721585043979112939e-01,-3.631036869710829729e-02,-2.365858373101212275e-01
9.190000000000007052e-01,-9.719816964935217296e-01,-3.650422711363981998e-02,-2.346981115478102009e-01
9.200000000000007061e-01,-9.718041050506619483e-01,-3.669704564585402062e-02,-2.328095550895056265e-01
9.210000000000007070e-01,-9.716257368678372641e-01,-3.688881515582120851e-02,-2.309202345832773728e-01
9.220000000000007079e-01,-9.714465987272966618e-01,-3.707952663494068490e-02,-2.290302171328857106e-01
9.230000000000007088e-01,-9.712666973984898089e-01,-3.726917121032219393e-02,-2.271395703381852149e-01
9.240000000000007097e-01,-9.710860396420442076e-01,-3.745774015284719649e-02,-2.252483623383426115e-01
9.250000000000007105e-01,-9.709046322143209951e-01,-3.764522488704191705e-02,-2.233566618584146568e-01
9.260000000000007114e-01,-9.707224818726114535e-01,-3.783161700289627838e-02,-2.214645382598604550e-01
9.270000000000007123e-01,-9.705395953810315168e-01,-3.801690826975978599e-02,-2.195720615955656374e-01
9.280000000000007132e-01,-9.703559795171702307e-01,-3.820109065243743052e-02,-2.176793026699251621e-01
9.290000000000007141e-01,-9.701716410795370171e-01,-3.838415632958741552e-02,-2.157863331044587440e-01
9.300000000000007150e-01,-9.699865868958393866e-01,-3.856609771448743507e-02,-2.138932254093023622e-01
9.310000000000007159e-01,-9.698008238321029761e-01,-3.874690747817188807e-02,-2.120000530607129841e-01
9.320000000000007168e-01,-9.696143588026119309e-01,-3.892657857485515294e-02,-2.101068905844188650e-01
9.330000000000007176e-01,-9.694271987806091229e-01,-3.910510426942198636e-02,-2.082138136442200360e-01
9.340000000000007185e-01,-9.692393508096398547e-01,-3.928247816659002911e-02,-2.063208991346692778e-01
9.350000000000007194e-01,-9.690508220153501995e-01,-3.945869424111753121e-02,-2.044282252759223595e-01
9.360000000000007203e-01,-9.688616196174689721e-01,-3.963374686814269410e-02,-2.025358717079348281e-01
9.370000000000007212e-01,-9.686717509416014060e-01,-3.980763085240512922e-02,-2.006439195801187625e-01
9.380000000000007221e-01,-9.684812234303563638e-01,-3.998034145473194911e-02,-1.987524516314167766e-01
9.390000000000007230e-01,-9.682900446532265448e-01,-4.015187441380951849e-02,-1.968615522546126317e-01
9.400000000000007239e-01,-9.680982223145520038e-01,-4.032222596095474954e-02,-1.949713075377527138e-01
9.410000000000007248e-01,-9.679057642588491106e-01,-4.049139282543157137e-02,-1.930818052750329084e-01
9.420000000000007256e-01,-9.677126784727997366e-01,-4.065937222790144689e-02,-1.911931349396780999e-01
9.430000000000007265e-01,-9.675189730832844948e-01,-4.082616185994342173e-02,-1.893053876124569657e-01
9.440000000000007274e-01,-9.673246563510325968e-01,-4.099175984826869401e-02,-1.874186558616848519e-01
9.450000000000007283e-01,-9.671297366597334522e-01,-4.115616470328725685e-02,-1.855330335738433478e-01
9.460000000000007292e-01,-9.669342225007991898e-01,-4.131937525297085800e-02,-1.836486157380093354e-01
9.470000000000007301e-01,-9.667381224543354357e-01,-4.148139056433564065e-02,-1.817654981916131673e-01
9.480000000000007310e-01,-9.665414451672076357e-01,-4.164220985611821746e-02,-1.798837773389425354e-01
9.490000000000007319e-01,-9.663441993293374610e-01,-4.180183240712409543e-02,-1.780035498565812613e-01
9.500000000000007327e-01,-9.661463936494735227e-01,-4.196025746511733434e-02,-1.761249124011110279e-01
9.510000000000007336e-01,-9.659480368316497589e-01,-4.211748416093513692e-02,-1.742479613337305777e-01
9.520000000000007345e-01,-9.657491375533767686e-01,-4.227351143180729798e-02,-1.723727924741615958e-01
9.530000000000007354e-01,-9.655497044463536849e-01,-4.242833795679257225e-02,-1.704995008928081868e-01
9.540000000000007363e-01,-9.653497460801893082e-01,-4.258196210601150611e-02,-1.686281807462600701e-01
9.550000000000007372e-01,-9.651492709493240119e-01,-4.273438190415956850e-02,-1.667589251574912446e-01
9.560000000000007381e-01,-9.649482874630950224e-01,-4.288559500777133771e-02,-1.648918261389631101e-01
9.570000000000007390e-01,-9.647468039387009364e-01,-4.303559869496026424e-02,-1.630269745545412929e-01
9.580000000000007399e-01,-9.645448285967010982e-01,-4.318438986589756556e-02,-1.611644601147279032e-01
9.590000000000007407e-01,-9.643423695586287314e-01,-4.333196505208780636e-02,-1.593043713991001420e-01
9.600000000000007416e-01,-9.641394348462900554e-01,-4.347832043249727496e-02,-1.574467958998582717e-01
9.610000000000007425e-01,-9.639360323823433774e-01,-4.362345185472421560e-02,-1.555918200808271146e-01
9.620000000000007434e-01,-9.637321699918021123e-01,-4.376735485961913419e-02,-1.537395294469446894e-01
9.630000000000007443e-01,-9.635278554041564192e-01,-4.391002470801597113e-02,-1.518900086200701549e-01
9.640000000000007452e-01,-9.633230962558680943e-01,-4.405145640848967536e-02,-1.500433414177473057e-01
9.650000000000007461e-01,-9.631179000930436551e-01,-4.419164474529613251e-02,-1.481996109323078237e-01
9.660000000000007470e-01,-9.629122743741387325e-01,-4.433058430585862242e-02,-1.463588996083550475e-01
9.670000000000007478e-01,-9.627062264725880780e-01,-4.446826950734178441e-02,-1.445212893172219404e-01
9.680000000000007487e-01,-9.624997636792838041e-01,-4.460469462200000734e-02,-1.426868614274470481e-01
9.690000000000007496e-01,-9.622928932048551154e-01,-4.473985380109785082e-02,-1.408556968706677071e-01
9.700000000000007505e-01,-9.620856221817204457e-01,-4.487374109729219684e-02,-1.390278762026037340e-01
9.710000000000007514e-01,-9.618779576658980091e-01,-4.500635048542817040e-02,-1.372034796590096972e-01
9.720000000000007523e-01,-9.616699066385721029e-01,-4.513767588175127132e-02,-1.353825872066236613e-01
9.730000000000007532e-01,-9.614614760074211564e-01,-4.526771116157141117e-02,-1.335652785892456895e-01
9.740000000000007541e-01,-9.612526726077196271e-01,-4.539645017543914030e-02,-1.317516333691506336e-01
9.750000000000007550e-01,-9.610435032032267344e-01,-4.552388676390661804e-02,-1.299417309640854279e-01
9.760000000000007558e-01,-9.608339744868804599e-01,-4.565001477095803617e-02,-1.281356506801265005e-01
9.770000000000007567e-01,-9.606240930813150225e-01,-4.577482805619487172e-02,-1.263334717406852381e-01
9.780000000000007576e-01,-9.604138655392201462e-01,-4.589832050586512002e-02,-1.245352733119506616e-01
9.790000000000007585e-01,-9.602032983435615510e-01,-4.602048604282166222e-02,-1.227411345250533636e-01
9.800000000000007594e-01,-9.599923979076807612e-01,-4.614131863549353341e-02,-1.209511344952245160e-01
9.810000000000007603e-01,-9.597811705752915534e-01,-4.626081230594969451e-02,-1.191653523382108643e-01
9.820000000000007612e-01,-9.595696226205190360e-01,-4.637896113756245775e-02,-1.173838671854517818e-01
9.830000000000007621e-01,-9.593577602482226130e-01,-4.649575928313132156e-02,-1.156067582037452468e-01
9.840000000000007629e-01,-9.591455895941136678e-01,-4.661120097180693200e-02,-1.138341046102294279e-01
9.850000000000007638e-01,-9.589331167246066823e-01,-4.672528051460894671e-02,-1.120659856801490273e-01
9.860000000000007647e-01,-9.587203476364593024e-01,-4.683799230873308961e-02,-1.103024807527075435e-01
9.870000000000007656e-01,-9.585072882564535934e-01,-4.694933084149921498e-02,-1.085436692354320165e-01
9.880000000000007665e-01,-9.582939444410772944e-01,-4.705929069381020735e-02,-1.067896306072100010e-01
9.890000000000007674e-01,-9.580803219762189515e-01,-4.716786654316229566e-02,-1.050404444201473303e-01
9.900000000000007683e-01,-9.578664265768871422e-01,-4.727505316624514009e-02,-1.032961903003856430e-01
9.910000000000007692e-01,-9.576522638869665593e-01,-4.738084544116438757e-02,-1.015569479480095960e-01
9.920000000000007701e-01,-9.574378394790217239e-01,-4.748523834931872578e-02,-9.982279713616622197e-02
9.930000000000007709e-01,-9.572231588541602054e-01,-4.758822697695752613e-02,-9.809381770951250412e-02
9.940000000000007718e-01,-9.570082274419667856e-01,-4.768980651644438851e-02,-9.637008958210181719e-02
9.950000000000007727e-01,-9.567930506005196678e-01,-4.778997226724729375e-02,-9.465169273481584267e-02
9.960000000000007736e-01,-9.565776336165019433e-01,-4.788871963667495901e-02,-9.293870721244526512e-02
9.970000000000007745e-01,-9.563619817054194172e-01,-4.798604414037582755e-02,-9.123121312052084875e-02
9.980000000000007754e-01,-9.561461000119390041e-01,-4.808194140261334848e-02,-8.952929062199514731e-02
9.990000000000007763e-01,-9.559299936103594630e-01,-4.817640715632970361e-02,-8.783301993387551687e-02
1.000000000000000666e+00,-9.557136675052311237e-01,-4.826943724300780669e-02,-8.614248132390979473e-02
1.001000000000000556e+00,-9.554971266321362622e-01,-4.836102761233895819e-02,-8.445775510742790926e-02
1.002000000000000446e+00,-9.552803758586477789e-01,-4.845117432170253924e-02,-8.277892164444533574e-02
1.003000000000000336e+00,-9.550634199854823869e-01,-4.853987353546129757e-02,-8.110606133713715860e-02
1.004000000000000226e+00,-9.548462637478620785e-01,-4.862712152407433486e-02,-7.943925462779473368e-02
1.005000000000000115e+00,-9.546289118171042976e-01,-4.871291466302990480e-02,-7.777858199738002520e-02
1.006000000000000005e+00,-9.544113688024548070e-01,-4.879724943159663431e-02,-7.612412396479441290e-02
1.006999999999999895e+00,-9.541936392531793487e-01,-4.888012241139222391e-02,-7.447596108697934758e-02
1.007999999999999785e+00,-9.539757276609308612e-01,-4.896153028476890601e-02,-7.283417395996298616e-02
1.008999999999999675e+00,-9.537576384624013581e-01,-4.904146983301294060e-02,-7.119884322095987317e-02
1.009999999999999565e+00,-9.535393760422691267e-01,-4.911993793435881495e-02,-6.957004955161623372e-02
1.010999999999999455e+00,-9.533209447364430211e-01,-4.919693156181875748e-02,-6.794787368246944792e-02
1.011999999999999345e+00,-9.531023488355988560e-01,-4.927244778083339494e-02,-6.633239639865377846e-02
1.012999999999999234e+00,-9.528835925889918013e-01,-4.934648374675193461e-02,-6.472369854682986923e-02
1.013999999999999124e+00,-9.526646802085150245e-01,-4.941903670216041267e-02,-6.312186104323984359e-02
1.014999999999999014e+00,-9.524456158729561750e-01,-4.949010397408365458e-02,-6.152696488268677433e-02
1.015999999999998904e+00,-9.522264037323807662e-01,-4.955968297110036058e-02,-5.993909114810258565e-02
1.016999999999998794e+00,-9.520070479125436469e-01,-4.962777118042588365e-02,-5.835832102019904849e-02
1.017999999999998684e+00,-9.517875525192018848e-01,-4.969436616503625226e-02,-5.678473578649159692e-02
1.018999999999998574e+00,-9.515679216421648601e-01,-4.975946556092680773e-02,-5.521841684875084671e-02
1.019999999999998463e+00,-9.513481593588858365e-01,-4.982306707462158535e-02,-5.365944572768494708e-02
1.020999999999998353e+00,-9.511282697373723005e-01,-4.988516848107027446e-02,-5.210790406341148789e-02
1.021999999999998243e+00,-9.509082568381678202e-01,-4.994576762208430276e-02,-5.056387361007823322e-02
1.022999999999998133e+00,-9.506881247151595105e-01,-5.000486240547180605e-02,-4.902743622288827097e-02
1.023999999999998023e+00,-9.504678774149846188e-01,-5.006245080502447209e-02,-4.749867383583630809e-02
1.024999999999997913e+00,-9.502475189748593731e-01,-5.011853086148271297e-02,-4.597766842872837850e-02
1.025999999999997803e+00,-9.500270534187365001e-01,-5.017310068456054539e-02,-4.446450198257830000e-02
1.026999999999997693e+00,-9.498064847518135068e-01,-5.022615845604361251e-02,-4.295925642325743032e-02
1.027999999999997582e+00,-9.495858169535404958e-01,-5.027770243388890448e-02,-4.146201355427011487e-02
1.028999999999997472e+00,-9.493650539694187263e-01,-5.032773095716847056e-02,-3.997285498062615183e-02
1.029999999999997362e+00,-9.491441997019911536e-01,-5.037624245161137493e-02,-3.849186202682078339e-02
1.030999999999997252e+00,-9.489232580015077856e-01,-5.042323543544297015e-02,-3.701911565272986149e-02
1.031999999999997142e+00,-9.487022326567695618e-01,-5.046870852518886563e-02,-3.555469637162494978e-02
1.032999999999997032e+00,-9.484811273866167181e-01,-5.051266044112590059e-02,-3.409868417442245281e-02
1.033999999999996922e+00,-9.482599458324377784e-01,-5.055509001211083708e-02,-3.265115846371293568e-02
1.034999999999996811e+00,-9.480386915519526392e-01,-5.059599617959498197e-02,-3.121219800017625834e-02
1.035999999999996701e+00,-9.478173680143846536e-01,-5.063537800072437367e-02,-2.978188086284611069e-02
1.036999999999996591e+00,-9.475959785970123894e-01,-5.067323465051620790e-02,-2.836028442353071000e-02
1.037999999999996481e+00,-9.473745265829908169e-01,-5.070956542317767157e-02,-2.694748533468596663e-02
1.038999999999996371e+00,-9.471530151602650660e-01,-5.074436973269258466e-02,-2.554355952927688314e-02
1.039999999999996261e+00,-9.469314474213675892e-01,-5.077764711283411225e-02,-2.414858223069197771e-02
1.040999999999996151e+00,-9.467098263638900058e-01,-5.080939721677751875e-02,-2.276262797057909681e-02
1.041999999999996041e+00,-9.464881548914347853e-01,-5.083961981648343897e-02,-2.138577061249863007e-02
1.042999999999995930e+00,-9.462664358148896726e-01,-5.086831480201081668e-02,-2.001808337947627234e-02
1.043999999999995820e+00,-9.460446718538988442e-01,-5.089548218090111931e-02,-1.865963888381720615e-02
1.044999999999995710e+00,-9.458228656384480848e-01,-5.092112207775434385e-02,-1.731050915786320338e-02
1.045999999999995600e+00,-9.456010197105098047e-01,-5.094523473410128567e-02,-1.597076568469370239e-02
1.046999999999995490e+00,-9.453791365257276924e-01,-5.096782050865983349e-02,-1.464047942806650723e-02
1.047999999999995380e+00,-9.451572184551400024e-01,-5.098887987805295063e-02,-1.331972086114994319e-02
1.048999999999995270e+00,-9.449352677869624628e-01,-5.100841343805889716e-02,-1.200855999381153331e-02
1.049999999999995159e+00,-9.447132867284617763e-01,-5.102642190545958467e-02,-1.070706639839952984e-02
1.050999999999995049e+00,-9.444912774079630147e-01,-5.104290612055512044e-02,-9.415309234087104046e-03
1.051999999999994939e+00,-9.442692418770388674e-01,-5.105786705041270856e-02,-8.133357269950170637e-03
1.052999999999994829e+00,-9.440471821129335916e-01,-5.107130579292429307e-02,-6.861278907024070603e-03
1.053999999999994719e+00,-9.438251000212775077e-01,-5.108322358175027000e-02,-5.599142199636688785e-03
1.054999999999994609e+00,-9.436029974391443309e-01,-5.109362179223403411e-02,-4.347014876349392098e-03
1.055999999999994499e+00,-9.433808761385085173e-01,-5.110250194837268056e-02,-3.104964360854915815e-03
1.056999999999994388e+00,-9.431587378301488078e-01,-5.110986573093079244e-02,-1.873057793183366014e-03
1.057999999999994278e+00,-9.429365841680449334e-01,-5.111571498677797143e-02,-6.513620515527173381e-04
1.058999999999994168e+00,-9.427144167543002329e-01,-5.112005173951456038e-02,5.600562248346146500e-04
1.059999999999994058e+00,-9.424922371446122771e-01,-5.112287820142463746e-02,1.761130611807634142e-03
1.060999999999993948e+00,-9.422700468542924979e-01,-5.112419678674878787e-02,2.951794874906306029e-03
1.061999999999993838e+00,-9.420478473648105089e-01,-5.112401012620093610e-02,4.131982942710864422e-03
1.062999999999993728e+00,-9.418256401308013892e-01,-5.112232108255465590e-02,5.301628878994667921e-03
1.063999999999993618e+00,-9.416034265874302367e-01,-5.111913276698953901e-02,6.460666854125896204e-03
1.064999999999993507e+00,-9.413812081579487900e-01,-5.111444855571090073e-02,7.609031116467147166e-03
1.065999999999993397e+00,-9.411589862612086410e-01,-5.110827210613555494e-02,8.746655964920035248e-03
1.066999999999993287e+00,-9.409367623188231722e-01,-5.110060737168065081e-02,9.873475724223670230e-03
1.067999999999993177e+00,-9.407145377615812043e-01,-5.109145861391284349e-02,1.098942472511078676e-02
1.068999999999993067e+00,-9.404923140346516108e-01,-5.108083041055300200e-02,1.209443729189483077e-02
1.069999999999992957e+00,-9.402700926010592042e-01,-5.106872765763176281e-02,1.318844774041370155e-02
1.070999999999992847e+00,-9.400478749429093117e-01,-5.105515556402767663e-02,1.427139038936898682e-02
1.071999999999992736e+00,-9.398256625599620273e-01,-5.104011963703680710e-02,1.534319958722043034e-02
1.072999999999992626e+00,-9.396034569656976920e-01,-5.102362565945911532e-02,1.640380975033395999e-02
1.073999999999992516e+00,-9.393812596799869796e-01,-5.100567965518659763e-02,1.745315541954531660e-02
1.074999999999992406e+00,-9.391590722185363393e-01,-5.098628784397674085e-02,1.849117134205463184e-02
1.075999999999992296e+00,-9.389368960792782159e-01,-5.096545658622381181e-02,1.951779256892102049e-02
1.076999999999992186e+00,-9.387147327269476094e-01,-5.094319232239874484e-02,2.053295456229748545e-02
1.077999999999992076e+00,-9.384925835766615432e-01,-5.091950151054230878e-02,2.153659330595683596e-02
1.078999999999991966e+00,-9.382704499774856544e-01,-5.089439056589256660e-02,2.252864541206675564e-02
1.079999999999991855e+00,-9.380483331968942906e-01,-5.086786580652080669e-02,2.350904821757024421e-02
1.080999999999991745e+00,-9.378262344068414302e-01,-5.083993340811882033e-02,2.447773986482874170e-02
1.081999999999991635e+00,-9.376041546718796305e-01,-5.081059936998005844e-02,2.543465936309172518e-02
1.082999999999991525e+00,-9.373820949394806590e-01,-5.077986949299112540e-02,2.637974662946483001e-02
1.083999999999991415e+00,-9.371600560324511164e-01,-5.074774936931419900e-02,2.731294250997505502e-02
1.084999999999991305e+00,-9.369380386431485075e-01,-5.071424438256039169e-02,2.823418878280858912e-02
1.085999999999991195e+00,-9.367160433290948607e-01,-5.067935971670289863e-02,2.914342814671052467e-02
1.086999999999991084e+00,-9.364940705095422535e-01,-5.064310037174185597e-02,3.004060419790819184e-02
1.087999999999990974e+00,-9.362721204625654714e-01,-5.060547118415881229e-02,3.092566139886046214e-02
1.088999999999990864e+00,-9.360501933223019932e-01,-5.056647685039511453e-02,3.179854504178743907e-02
1.089999999999990754e+00,-9.358282890760241113e-01,-5.052612195187883293e-02,3.265920120943537064e-02
1.090999999999990644e+00,-9.356064075607979369e-01,-5.048441098044842423e-02,3.350757673498831052e-02
1.091999999999990534e+00,-9.353845484595391113e-01,-5.044134836332614391e-02,3.434361916252376412e-02
1.092999999999990424e+00,-9.351627112963287747e-01,-5.039693848706422452e-02,3.516727670896526575e-02
1.093999999999990314e+00,-9.349408954308937592e-01,-5.035118572010593985e-02,3.597849822812724391e-02
1.094999999999990203e+00,-9.347191000521841708e-01,-5.030409443377481526e-02,3.677723317717789681e-02
1.095999999999990093e+00,-9.344973241710101686e-01,-5.025566902162936778e-02,3.756343158565624701e-02
1.096999999999989983e+00,-9.342755666117232849e-01,-5.020591391720802266e-02,3.833704402705852277e-02
1.097999999999989873e+00,-9.340538260029546125e-01,-5.015483361024181130e-02,3.909802159294317042e-02
1.098999999999989763e+00,-9.338321007674568186e-01,-5.010243266144354113e-02,3.984631586948006454e-02
1.099999999999989653e+00,-9.336103891111463549e-01,-5.004871571598884517e-02,4.058187891637401318e-02
1.100999999999989543e+00,-9.333886890115130619e-01,-4.999368751579591486e-02,4.130466324810793538e-02
1.101999999999989432e+00,-9.331669982056712831e-01,-4.993735291068734927e-02,4.201462181745346108e-02
1.102999999999989322e+00,-9.329453141784798120e-01,-4.987971686847786357e-02,4.271170800114598709e-02
1.103999999999989212e+00,-9.327236341513901463e-01,-4.982078448397930792e-02,4.339587558744769508e-02
1.104999999999989102e+00,-9.325019550730239137e-01,-4.976056098684383810e-02,4.406707876489810577e-02
1.105999999999988992e+00,-9.322802736129992551e-01,-4.969905174807909276e-02,4.472527211063810626e-02
1.106999999999988882e+00,-9.320585861613324141e-01,-4.963626228495998660e-02,4.537041057483284789e-02
1.107999999999988772e+00,-9.318368888370420766e-01,-4.957219826393044482e-02,4.600244945401112118e-02
1.108999999999988662e+00,-9.316151775117922362e-01,-4.950686550092864291e-02,4.662134433875875228e-02
1.109999999999988551e+00,-9.313934478583536514e-01,-4.944026995838690652e-02,4.722705100633631248e-02
1.110999999999988441e+00,-9.311716954411042302e-01,-4.937241773795081334e-02,4.781952519831651066e-02
1.111999999999988331e+00,-9.309499158802786445e-01,-4.930331506776230999e-02,4.839872216036055635e-02
1.112999999999988221e+00,-9.307281051493585533e-01,-4.923296828296319649e-02,4.896459569616445906e-02
1.113999999999988111e+00,-9.305062601079766571e-01,-4.916138379735168762e-02,4.951709629046378153e-02
1.114999999999988001e+00,-9.302843793755517510e-01,-4.908856805800826395e-02,5.005616787769713583e-02
1.115999999999987891e+00,-9.300624647562028002e-01,-4.901452750114559942e-02,5.058174169598891878e-02
1.116999999999987780e+00,-9.298405199174446523e-01,-4.893926812061638598e-02,5.109374868765997890e-02
1.117999999999987670e+00,-9.296185505414398254e-01,-4.886279540772953123e-02,5.159212572072865988e-02
1.118999999999987560e+00,-9.293965618383792648e-01,-4.878511410871910758e-02,5.207682048622861576e-02
1.119999999999987450e+00,-9.291745586213780994e-01,-4.870622853213646408e-02,5.254780036350915895e-02
1.120999999999987340e+00,-9.289525443240950198e-01,-4.862614264766412786e-02,5.300504295600573512e-02
1.121999999999987230e+00,-9.287305220617070312e-01,-4.854486043535699569e-02,5.344853122261063877e-02
1.122999999999987120e+00,-9.285084946792182548e-01,-4.846238600764984916e-02,5.387825060810119693e-02
1.123999999999987010e+00,-9.282864648105387806e-01,-4.837872369551382556e-02,5.429418747828874264e-02
1.124999999999986899e+00,-9.280644348929177889e-01,-4.829387810389640379e-02,5.469632827670980330e-02
1.125999999999986789e+00,-9.278424071665429818e-01,-4.820785414882744480e-02,5.508465907650179211e-02
1.126999999999986679e+00,-9.276203836719950635e-01,-4.812065708243046247e-02,5.545916535647377188e-02
1.127999999999986569e+00,-9.273983662507117032e-01,-4.803229250916374315e-02,5.581983190973739684e-02
1.128999999999986459e+00,-9.271763565500330539e-01,-4.794276639507033533e-02,5.616664283320652040e-02
1.129999999999986349e+00,-9.269543560326276577e-01,-4.785208507087784779e-02,5.649958156718699193e-02
1.130999999999986239e+00,-9.267323659892292564e-01,-4.776025522913568411e-02,5.681863096595322904e-02
1.131999999999986128e+00,-9.265103875532667566e-01,-4.766728391511498852e-02,5.712377338719871328e-02
1.132999999999986018e+00,-9.262884217159164102e-01,-4.757317851091219518e-02,5.741499079266799282e-02
1.133999999999985908e+00,-9.260664693402528291e-01,-4.747794671213356743e-02,5.769226485512447128e-02
1.134999999999985798e+00,-9.258445311734526673e-01,-4.738159649673762130e-02,5.795557706857197566e-02
1.135999999999985688e+00,-9.256226078563736248e-01,-4.728413608608994512e-02,5.820490885960858535e-02
1.136999999999985578e+00,-9.254006999302483161e-01,-4.718557389899985521e-02,5.844024169815839609e-02
1.137999999999985468e+00,-9.251788078406431026e-01,-4.708591850034915538e-02,5.866155720580863708e-02
1.138999999999985357e+00,-9.249569319391923727e-01,-4.698517854671574456e-02,5.886883725979420029e-02
1.139999999999985247e+00,-9.247350724838578895e-01,-4.688336273194909642e-02,5.906206409053010864e-02
1.140999999999985137e+00,-9.245132296385630832e-01,-4.678047973581739294e-02,5.924122037065297081e-02
1.141999999999985027e+00,-9.242914034729987627e-01,-4.667653817856137755e-02,5.940628929386730650e-02
1.142999999999984917e+00,-9.240695939632261879e-01,-4.657154658351070342e-02,5.955725464247254436e-02
1.143999999999984807e+00,-9.238478009934601998e-01,-4.646551334900150820e-02,5.969410084316616877e-02
1.144999999999984697e+00,-9.236260243591724040e-01,-4.635844672986760839e-02,5.981681301143910306e-02
1.145999999999984587e+00,-9.234042637714416912e-01,-4.625035482793654618e-02,5.992537698548052599e-02
1.146999999999984476e+00,-9.231825188623358214e-01,-4.614124559035526207e-02,6.001977935091735994e-02
1.147999999999984366e+00,-9.229607891910379669e-01,-4.603112681423132679e-02,6.010000745791199001e-02
1.148999999999984256e+00,-9.227390742504146814e-01,-4.592000615598124114e-02,6.016604943215668466e-02
1.149999999999984146e+00,-9.225173734737540654e-01,-4.580789114386663030e-02,6.021789418118556059e-02
1.150999999999984036e+00,-9.222956862414514179e-01,-4.569478919239883252e-02,6.025553139722921586e-02
1.151999999999983926e+00,-9.220740118874805047e-01,-4.558070761754434708e-02,6.027895155761126000e-02
1.152999999999983816e+00,-9.218523497055418625e-01,-4.546565365192056785e-02,6.028814592346293938e-02
1.153999999999983705e+00,-9.216306989547199402e-01,-4.534963445873585464e-02,6.028310654057256884e-02
1.154999999999983595e+00,-9.214090588634689105e-01,-4.523265713703744639e-02,6.026382629473548552e-02
1.155999999999983485e+00,-9.211874286335127726e-01,-4.511472872765015518e-02,6.023029898651487135e-02
1.156999999999983375e+00,-9.209658074436585240e-01,-4.499585621930540791e-02,6.018251933556906241e-02
1.157999999999983265e+00,-9.207441944550144308e-01,-4.487604656300347994e-02,6.012048296520016571e-02
1.158999999999983155e+00,-9.205225888154455749e-01,-4.475530668283506097e-02,6.004418638726230495e-02
1.159999999999983045e+00,-9.203009896635189202e-01,-4.463364348466003495e-02,5.995362699519676125e-02
1.160999999999982935e+00,-9.200793961317921266e-01,-4.451106386197173359e-02,5.984880305773531556e-02
1.161999999999982824e+00,-9.198578073499763530e-01,-4.438757470113141590e-02,5.972971371249059802e-02
1.162999999999982714e+00,-9.196362224479083247e-01,-4.426318288568081849e-02,5.959635895941977485e-02
1.163999999999982604e+00,-9.194146405583526471e-01,-4.413789529983530580e-02,5.944873965414601558e-02
1.164999999999982494e+00,-9.191930608196570152e-01,-4.401171883125648554e-02,5.928685750112325237e-02
1.165999999999982384e+00,-9.189714823782748621e-01,-4.388466037319410651e-02,5.911071504663215764e-02
1.166999999999982274e+00,-9.187499043911698804e-01,-4.375672682608044983e-02,5.892031567159877053e-02
1.167999999999982164e+00,-9.185283260281124074e-01,-4.362792509865265345e-02,5.871566358423085941e-02
1.168999999999982053e+00,-9.183067464738758900e-01,-4.349826210866913900e-02,5.849676381247084778e-02
1.169999999999981943e+00,-9.180851649303389816e-01,-4.336774478328059290e-02,5.826362219626764899e-02
1.170999999999981833e+00,-9.178635806184989310e-01,-4.323638005910662718e-02,5.801624537967296769e-02
1.171999999999981723e+00,-9.176419927803978194e-01,-4.310417488206591541e-02,5.775464080277040169e-02
1.172999999999981613e+00,-9.174204006809648648e-01,-4.297113620699882786e-02,5.747881669344806488e-02
1.173999999999981503e+00,-9.171988036097760144e-01,-4.283727099711825970e-02,5.718878205902747786e-02
1.174999999999981393e+00,-9.169772008827311582e-01,-4.270258622331896126e-02,5.688454667776288859e-02
1.175999999999981283e+00,-9.167555918436507412e-01,-4.256708886337212672e-02,5.656612109022663565e-02
1.176999999999981172e+00,-9.165339758657904401e-01,-4.243078590102761227e-02,5.623351659059677016e-02
1.177999999999981062e+00,-9.163123523532755721e-01,-4.229368432504393427e-02,5.588674521786395760e-02
1.178999999999980952e+00,-9.160907207424560106e-01,-4.215579112816303375e-02,5.552581974697486794e-02
1.179999999999980842e+00,-9.158690805031801663e-01,-4.201711330604412931e-02,5.515075367992939431e-02
1.180999999999980732e+00,-9.156474311399903643e-01,-4.187765785616920367e-02,5.476156123684891575e-02
1.181999999999980622e+00,-9.154257721932408387e-01,-4.173743177673111537e-02,5.435825734703264578e-02
1.182999999999980512e+00,-9.152041032401376786e-01,-4.159644206551355028e-02,5.394085764001857464e-02
1.183999999999980401e+00,-9.149824238957042777e-01,-4.145469571877075099e-02,5.350937843666517951e-02
1.184999999999980291e+00,-9.147607338136733990e-01,-4.131219973011346358e-02,5.306383674026933506e-02
1.185999999999980181e+00,-9.145390326873069631e-01,-4.116896108940737431e-02,5.260425022773538434e-02
1.186999999999980071e+00,-9.143173202501477803e-01,-4.102498678168986501e-02,5.213063724080947703e-02
1.187999999999979961e+00,-9.140955962767051135e-01,-4.088028378610808478e-02,5.164301677739273344e-02
1.188999999999979851e+00,-9.138738605830765138e-01,-4.073485907488361146e-02,5.114140848294596725e-02
1.189999999999979741e+00,-9.136521130275110369e-01,-4.058871961230731129e-02,5.062583264199805450e-02
1.190999999999979631e+00,-9.134303535109166150e-01,-4.044187235376717204e-02,5.009631016976925227e-02
1.191999999999979520e+00,-9.132085819773149149e-01,-4.029432424481310671e-02,4.955286260392021552e-02
1.192999999999979410e+00,-9.129867984142499004e-01,-4.014608222026117001e-02,4.899551209643673161e-02
1.193999999999979300e+00,-9.127650028531530957e-01,-3.999715320334157331e-02,4.842428140565957495e-02
1.194999999999979190e+00,-9.125431953696720999e-01,-3.984754410489182996e-02,4.783919388846845366e-02
1.195999999999979080e+00,-9.123213760839662401e-01,-3.969726182260102654e-02,4.724027349262840264e-02
1.196999999999978970e+00,-9.120995451609757998e-01,-3.954631324030649653e-02,4.662754474930656812e-02
1.197999999999978860e+00,-9.118777028106714866e-01,-3.939470522734866975e-02,4.600103276576704425e-02
1.198999999999978749e+00,-9.116558492882884668e-01,-3.924244463798792770e-02,4.536076321825104063e-02
1.199999999999978639e+00,-9.114339848945539613e-01,-3.908953831088829434e-02,4.470676234504940977e-02
1.200999999999978529e+00,-9.112121099759136200e-01,-3.893599306867362442e-02,4.403905693977458458e-02
1.201999999999978419e+00,-9.109902249247655570e-01,-3.878181571756250667e-02,4.335767434483869115e-02
1.202999999999978309e+00,-9.107683301797077080e-01,-3.862701304708909822e-02,4.266264244514483828e-02
1.203999999999978199e+00,-9.105464262258088359e-01,-3.847159182991688464e-02,4.195398966199853641e-02
1.204999999999978089e+00,-9.103245135949105116e-01,-3.831555882175452510e-02,4.123174494724646255e-02
1.205999999999977979e+00,-9.101025928659686182e-01,-3.815892076138327482e-02,4.049593777765010671e-02
1.206999999999977868e+00,-9.098806646654440389e-01,-3.800168437080692074e-02,3.974659814950209924e-02
1.207999999999977758e+00,-9.096587296677522971e-01,-3.784385635553494387e-02,3.898375657349355955e-02
1.208999999999977648e+00,-9.094367885957810316e-01,-3.768544340501323031e-02,3.820744406984116076e-02
1.209999999999977538e+00,-9.092148422214866299e-01,-3.752645219321520953e-02,3.741769216368333317e-02
1.210999999999977428e+00,-9.089928913665785704e-01,-3.736688937940874089e-02,3.661453288075536272e-02
1.211999999999977318e+00,-9.087709369033034612e-01,-3.720676160911512431e-02,3.579799874335381354e-02
1.212999999999977208e+00,-9.085489797553376601e-01,-3.704607551527644427e-02,3.496812276660107854e-02
1.213999999999977097e+00,-9.083270208987991312e-01,-3.688483771964878866e-02,3.412493845502109768e-02
1.214999999999976987e+00,-9.081050613633868673e-01,-3.672305483443882856e-02,3.326847979943740874e-02
1.215999999999976877e+00,-9.078831022336572021e-01,-3.656073346419880243e-02,3.239878127420419557e-02
1.216999999999976767e+00,-9.076611446504425640e-01,-3.639788020799616941e-02,3.151587783478016630e-02
1.217999999999976657e+00,-9.074391898124192224e-01,-3.623450166186814592e-02,3.061980491565334528e-02
1.218999999999976547e+00,-9.072172389778239143e-01,-3.607060442156839741e-02,2.971059842862218067e-02
1.219999999999976437e+00,-9.069952934663201294e-01,-3.590619508560538575e-02,2.878829476143424451e-02
1.220999999999976326e+00,-9.067733546610056150e-01,-3.574128025856304625e-02,2.785293077677810161e-02
1.221999999999976216e+00,-9.065514240105511101e-01,-3.557586655467875891e-02,2.690454381161601349e-02
1.222999999999976106e+00,-9.063295030314496570e-01,-3.540996060164008918e-02,2.594317167683485303e-02
1.223999999999975996e+00,-9.061075933103495128e-01,-3.524356904453679329e-02,2.496885265717930374e-02
1.224999999999975886e+00,-9.058856965064328026e-01,-3.507669854988032521e-02,2.398162551141513540e-02
1.225999999999975776e+00,-9.056638143537911745e-01,-3.490935580956960882e-02,2.298152947265079057e-02
1.226999999999975666e+00,-9.054419486637383940e-01,-3.474154754464864325e-02,2.196860424872317322e-02
1.227999999999975556e+00,-9.052201013269853824e-01,-3.457328050866126379e-02,2.094289002252914395e-02
1.228999999999975445e+00,-9.049982743155979836e-01,-3.440456149037168787e-02,1.990442745215939210e-02
1.229999999999975335e+00,-9.047764696846402055e-01,-3.423539731558450372e-02,1.885325767066851552e-02
1.230999999999975225e+00,-9.045546895734105641e-01,-3.406579484777322309e-02,1.778942228529751049e-02
1.231999999999975115e+00,-9.043329362061732768e-01,-3.389576098721880371e-02,1.671296337595670062e-02
1.232999999999975005e+00,-9.041112118922973728e-01,-3.372530266837270307e-02,1.562392349278287143e-02
1.233999999999974895e+00,-9.038895190257363321e-01,-3.355442685520410029e-02,1.452234565260828066e-02
1.234999999999974785e+00,-9.036678600838032871e-01,-3.338314053436897133e-02,1.340827333422423343e-02
1.235999999999974674e+00,-9.034462376252377913e-01,-3.321145070614939243e-02,1.228175047238863268e-02
1.236999999999974564e+00,-9.032246542878739071e-01,-3.303936437505322621e-02,1.114282144666746063e-02
1.237999999999974454e+00,-9.030031127859844409e-01,-3.286688854036662333e-02,9.991531059313574561e-03
1.238999999999974344e+00,-9.027816159069664836e-01,-3.269403018419264617e-02,8.827924520138103609e-03
1.239999999999974234e+00,-9.025601665072929825e-01,-3.252079625605514002e-02,7.652047436910012872e-03
1.240999999999974124e+00,-9.023387675082057413e-01,-3.234719365666199886e-02,6.463945805615504449e-03
1.241999999999974014e+00,-9.021174218914319587e-01,-3.217322922224019610e-02,5.263666000954332277e-03
1.242999999999973904e+00,-9.018961326950345470e-01,-3.199890970984869965e-02,4.051254767477102496e-03
1.243999999999973793e+00,-9.016749030095214668e-01,-3.182424178423032268e-02,2.826759211722856997e-03
1.244999999999973683e+00,-9.014537359743026723e-01,-3.164923200663510849e-02,1.590226795642012917e-03
1.245999999999973573e+00,-9.012326347745465149e-01,-3.147388682589757902e-02,3.417053314971633601e-04
1.246999999999973463e+00,-9.010116026384501486e-01,-3.129821257188736272e-02,-9.187570216641182796e-04
1.247999999999973353e+00,-9.007906428349108374e-01,-3.112221545130816613e-02,-2.191111759963039907e-03
1.248999999999973243e+00,-9.005697586715611935e-01,-3.094590154569726304e-02,-3.475310035146875112e-03
1.249999999999973133e+00,-9.003489534931172766e-01,-3.076927681138985626e-02,-4.771302653685826657e-03
1.250999999999973022e+00,-9.001282306799848199e-01,-3.059234708115787793e-02,-6.079040074683919603e-03
1.251999999999972912e+00,-8.999075936470650738e-01,-3.041511806720997857e-02,-7.398472406797461723e-03
1.252999999999972802e+00,-8.996870458427100870e-01,-3.023759536524173175e-02,-8.729549404357621681e-03
1.253999999999972692e+00,-8.994665907477824573e-01,-3.005978445924595288e-02,-1.007222046288459676e-02
1.254999999999972582e+00,-8.992462318747819205e-01,-2.988169072682406169e-02,-1.142643461416377806e-02
1.255999999999972472e+00,-8.990259727670132373e-01,-2.970331944477982988e-02,-1.279214052103271396e-02
1.256999999999972362e+00,-8.988058169977719558e-01,-2.952467579481415916e-02,-1.416928647200446645e-02
1.257999999999972252e+00,-8.985857681695381682e-01,-2.934576486917889193e-02,-1.555782037583006844e-02
1.258999999999972141e+00,-8.983658299131660474e-01,-2.916659167618185222e-02,-1.695768975608160506e-02
1.259999999999972031e+00,-8.981460058870692764e-01,-2.898716114546462386e-02,-1.836884174581864329e-02
1.260999999999971921e+00,-8.979262997763980403e-01,-2.880747813299905369e-02,-1.979122308238469297e-02
1.261999999999971811e+00,-8.977067152922117987e-01,-2.862754742577067191e-02,-2.122478010236699547e-02
1.262999999999971701e+00,-8.974872561706478402e-01,-2.844737374613043324e-02,-2.266945873674214296e-02
1.263999999999971591e+00,-8.972679261720923893e-01,-2.826696175581033810e-02,-2.412520450622144402e-02
1.264999999999971481e+00,-8.970487290803548230e-01,-2.808631605960654198e-02,-2.559196251680335987e-02
1.265999999999971370e+00,-8.968296687018511015e-01,-2.790544120874077771e-02,-2.706967745553529731e-02
1.266999999999971260e+00,-8.966107488647995227e-01,-2.772434170391446795e-02,-2.855829358648339505e-02
1.267999999999971150e+00,-8.963919734184316868e-01,-2.754302199807384666e-02,-3.005775474690628932e-02
1.268999999999971040e+00,-8.961733462322225563e-01,-2.736148649890457474e-02,-3.156800434362708185e-02
1.269999999999970930e+00,-8.959548711951406119e-01,-2.717973957107688854e-02,-3.308898534959658216e-02
1.270999999999970820e+00,-8.957365522149212111e-01,-2.699778553826015504e-02,-3.462064030064017361e-02
1.271999999999970710e+00,-8.955183932173647054e-01,-2.681562868492731733e-02,-3.616291129238052154e-02
1.272999999999970600e+00,-8.953003981456589822e-01,-2.663327325796782663e-02,-3.771573997732811934e-02
1.273999999999970489e+00,-8.950825709597285407e-01,-2.645072346812626929e-02,-3.927906756213198763e-02
1.274999999999970379e+00,-8.948649156356096590e-01,-2.626798349128428578e-02,-4.085283480498305697e-02
1.275999999999970269e+00,-8.946474361648517615e-01,-2.608505746960065874e-02,-4.243698201316322555e-02
1.276999999999970159e+00,-8.944301365539443216e-01,-2.590194951252405842e-02,-4.403144904073339611e-02
1.277999999999970049e+00,-8.942130208237696332e-01,-2.571866369769171268e-02,-4.563617528635444814e-02
1.278999999999969939e+00,-8.939960930090793401e-01,-2.553520407172593654e-02,-4.725109969123538617e-02
1.279999999999969829e+00,-8.937793571579952800e-01,-2.535157465093962337e-02,-4.887616073720352228e-02
1.280999999999969718e+00,-8.935628173315321998e-01,-2.516777942196046780e-02,-5.051129644489191911e-02
1.281999999999969608e+00,-8.933464776031423416e-01,-2.498382234228302412e-02,-5.215644437203983963e-02
1.282999999999969498e+00,-8.931303420582800134e-01,-2.479970734075692684e-02,-5.381154161190230406e-02
1.283999999999969388e+00,-8.929144147939849230e-01,-2.461543831801815685e-02,-5.547652479176522905e-02
1.284999999999969278e+00,-8.926986999184834959e-01,-2.443101914687084708e-02,-5.715133007156313061e-02
1.285999999999969168e+00,-8.924832015508055161e-01,-2.424645367262445728e-02,-5.883589314259651121e-02
1.286999999999969058e+00,-8.922679238204165308e-01,-2.406174571339236845e-02,-6.053014922634650241e-02
1.287999999999968948e+00,-8.920528708668634676e-01,-2.387689906035700416e-02,-6.223403307338460505e-02
1.288999999999968837e+00,-8.918380468394320193e-01,-2.369191747800458714e-02,-6.394747896237555629e-02
1.289999999999968727e+00,-8.916234558968159085e-01,-2.350680470433463842e-02,-6.567042069917171376e-02
1.290999999999968617e+00,-8.914091022067943682e-01,-2.332156445104671683e-02,-6.740279161599739555e-02
1.291999999999968507e+00,-8.911949899459195024e-01,-2.313620040370811815e-02,-6.914452457072198244e-02
1.292999999999968397e+00,-8.909811232992099761e-01,-2.295071622190475447e-02,-7.089555194622067236e-02
1.293999999999968287e+00,-8.907675064598505887e-01,-2.276511553937782262e-02,-7.265580564982193623e-02
1.294999999999968177e+00,-8.905541436288975099e-01,-2.257940196414837120e-02,-7.442521711284086350e-02
1.295999999999968066e+00,-8.903410390149868459e-01,-2.239357907863204211e-02,-7.620371729019773110e-02
1.296999999999967956e+00,-8.901281968340466477e-01,-2.220765043974454178e-02,-7.799123666012129641e-02
1.297999999999967846e+00,-8.899156213090101408e-01,-2.202161957900100608e-02,-7.978770522393620335e-02
1.298999999999967736e+00,-8.897033166695303974e-01,-2.183549000260914807e-02,-8.159305250593430758e-02
1.299999999999967626e+00,-8.894912871516953423e-01,-2.164926519155802032e-02,-8.340720755332942105e-02
1.300999999999967516e+00,-8.892795369977419817e-01,-2.146294860170300245e-02,-8.523009893629535094e-02
1.301999999999967406e+00,-8.890680704557690772e-01,-2.127654366384851281e-02,-8.706165474808702509e-02
1.302999999999967295e+00,-8.888568917794480440e-01,-2.109005378382877716e-02,-8.890180260524448153e-02
1.303999999999967185e+00,-8.886460052277309618e-01,-2.090348234258698756e-02,-9.075046964787968073e-02
1.304999999999967075e+00,-8.884354150645551451e-01,-2.071683269625462787e-02,-9.260758254004598788e-02
1.305999999999966965e+00,-8.882251255585438265e-01,-2.053010817622985540e-02,-9.447306747019033890e-02
1.306999999999966855e+00,-8.880151409827027331e-01,-2.034331208925671541e-02,-9.634685015168792388e-02
1.307999999999966745e+00,-8.878054656141111112e-01,-2.015644771750507713e-02,-9.822885582345944333e-02
1.308999999999966635e+00,-8.875961037336079773e-01,-1.996951831865129146e-02,-1.001190092506708401e-01
1.309999999999966525e+00,-8.873870596254719301e-01,-1.978252712596040297e-02,-1.020172347255154099e-01
1.310999999999966414e+00,-8.871783375770955216e-01,-1.959547734836980526e-02,-1.039234560680783737e-01
1.311999999999966304e+00,-8.869699418786527456e-01,-1.940837217057450603e-02,-1.058375966272836893e-01
1.312999999999966194e+00,-8.867618768227597537e-01,-1.922121475311450167e-02,-1.077595792819231457e-01
1.313999999999966084e+00,-8.865541467041285761e-01,-1.903400823246403917e-02,-1.096893264417675012e-01
1.314999999999965974e+00,-8.863467558192139606e-01,-1.884675572112265440e-02,-1.116267600487596684e-01
1.315999999999965864e+00,-8.861397084658524381e-01,-1.865946030770926356e-02,-1.135718015782896662e-01
1.316999999999965754e+00,-8.859330089434899191e-01,-1.847212507215539867e-02,-1.155243720705431965e-01
1.317999999999965643e+00,-8.857266615550847266e-01,-1.828475314864852486e-02,-1.174843923305630700e-01
1.318999999999965533e+00,-8.855206706078999623e-01,-1.809734776794874600e-02,-1.194517830644816342e-01
1.319999999999965423e+00,-8.853150404129846995e-01,-1.790991227245025685e-02,-1.214264648818211695e-01
1.320999999999965313e+00,-8.851097752836989407e-01,-1.772245010807937948e-02,-1.234083582954087766e-01
1.321999999999965203e+00,-8.849048795345093588e-01,-1.753496482310790139e-02,-1.253973837220716536e-01
1.322999999999965093e+00,-8.847003574797867032e-01,-1.734746006682758024e-02,-1.273934614836212398e-01
1.323999999999964983e+00,-8.844962134326039838e-01,-1.715993958821293575e-02,-1.293965118081133459e-01
1.324999999999964873e+00,-8.842924517035365417e-01,-1.697240723457371647e-02,-1.314064548313709502e-01
1.325999999999964762e+00,-8.840890765994671163e-01,-1.678486695019754116e-02,-1.334232105987569472e-01
1.326999999999964652e+00,-8.838860924223940208e-01,-1.659732277498565667e-02,-1.354466990671835680e-01
1.327999999999964542e+00,-8.836835034682460899e-01,-1.640977884308114643e-02,-1.374768401073456492e-01
1.328999999999964432e+00,-8.834813140257050668e-01,-1.622223938149286449e-02,-1.395135535061645116e-01
1.329999999999964322e+00,-8.832795283750348725e-01,-1.603470870871454013e-02,-1.415567589694297357e-01
1.330999999999964212e+00,-8.830781507869213121e-01,-1.584719123334232815e-02,-1.436063761246255399e-01
1.331999999999964102e+00,-8.828771855213218833e-01,-1.565969145269030527e-02,-1.456623245239292153e-01
1.332999999999963991e+00,-8.826766368263265772e-01,-1.547221395140696565e-02,-1.477245236473684054e-01
1.333999999999963881e+00,-8.824765089370322224e-01,-1.528476340009249368e-02,-1.497928929061244085e-01
1.334999999999963771e+00,-8.822768060744295981e-01,-1.509734455391992247e-02,-1.518673516459688733e-01
1.335999999999963661e+00,-8.820775324443064225e-01,-1.490996225126012265e-02,-1.539478191508207028e-01
1.336999999999963551e+00,-8.818786922361657732e-01,-1.472262141231317489e-02,-1.560342146464106239e-01
1.337999999999963441e+00,-8.816802896221613839e-01,-1.453532703774668144e-02,-1.581264573040405408e-01
1.338999999999963331e+00,-8.814823287560523690e-01,-1.434808420734356993e-02,-1.602244662444247680e-01
1.339999999999963221e+00,-8.812848137721763786e-01,-1.416089807866011130e-02,-1.623281605416003470e-01
1.340999999999963110e+00,-8.810877487844440692e-01,-1.397377388569598367e-02,-1.644374592268937341e-01
1.341999999999963000e+00,-8.808911378853552243e-01,-1.378671693757849148e-02,-1.665522812929305096e-01
1.342999999999962890e+00,-8.806949851450386335e-01,-1.359973261726188376e-02,-1.686725456976755633e-01
1.343999999999962780e+00,-8.804992946103159523e-01,-1.341282638024432483e-02,-1.707981713684902370e-01
1.344999999999962670e+00,-8.803040703037917636e-01,-1.322600375330373890e-02,-1.729290772061933823e-01
1.345999999999962560e+00,-8.801093162229708389e-01,-1.303927033325502638e-02,-1.750651820891126753e-01
1.346999999999962450e+00,-8.799150363394045993e-01,-1.285263178573031739e-02,-1.772064048771126443e-01
1.347999999999962339e+00,-8.797212345978672188e-01,-1.266609384398459381e-02,-1.793526644155853111e-01
1.348999999999962229e+00,-8.795279149155642573e-01,-1.247966230772901142e-02,-1.815038795393893456e-01
1.349999999999962119e+00,-8.793350811813741563e-01,-1.229334304199447558e-02,-1.836599690767228288e-01
1.350999999999962009e+00,-8.791427372551259278e-01,-1.210714197602785758e-02,-1.858208518529145814e-01
1.351999999999961899e+00,-8.789508869669130364e-01,-1.192106510222357141e-02,-1.879864466941185974e-01
1.352999999999961789e+00,-8.787595341164463614e-01,-1.173511847509423056e-02,-1.901566724308949852e-01
1.353999999999961679e+00,-8.785686824724491251e-01,-1.154930821028299359e-02,-1.923314479016609291e-01
1.354999999999961569e+00,-8.783783357720927887e-01,-1.136364048362115131e-02,-1.945106919559935754e-01
1.355999999999961458e+00,-8.781884977204800213e-01,-1.117812153023522992e-02,-1.966943234577665234e-01
1.356999999999961348e+00,-8.779991719901737435e-01,-1.099275764370738484e-02,-1.988822612881004648e-01
1.357999999999961238e+00,-8.778103622207759082e-01,-1.080755517529385923e-02,-2.010744243481070448e-01
1.358999999999961128e+00,-8.776220720185585744e-01,-1.062252053320583700e-02,-2.032707315614045718e-01
1.359999999999961018e+00,-8.774343049561483809e-01,-1.043766018195929624e-02,-2.054711018763820951e-01
1.360999999999960908e+00,-8.772470645722687532e-01,-1.025298064179769320e-02,-2.076754542681877869e-01
1.361999999999960798e+00,-8.770603543715401740e-01,-1.006848848819591469e-02,-2.098837077404153428e-01
1.362999999999960687e+00,-8.768741778243425156e-01,-9.884190351449939627e-03,-2.120957813264609804e-01
1.363999999999960577e+00,-8.766885383667414322e-01,-9.700092916361868767e-03,-2.143115940905220007e-01
1.364999999999960467e+00,-8.765034394004808105e-01,-9.516202922026095745e-03,-2.165310651282058574e-01
1.365999999999960357e+00,-8.763188842930434985e-01,-9.332527161725778786e-03,-2.187541135667176451e-01
1.366999999999960247e+00,-8.761348763777826454e-01,-9.149072482949216489e-03,-2.209806585645918420e-01
1.367999999999960137e+00,-8.759514189541260931e-01,-8.965845787533177624e-03,-2.232106193109334724e-01
1.368999999999960027e+00,-8.757685152878531554e-01,-8.782854031945119822e-03,-2.254439150241321355e-01
1.369999999999959917e+00,-8.755861686114477793e-01,-8.600104227712457305e-03,-2.276804649500128730e-01
1.370999999999959806e+00,-8.754043821245264256e-01,-8.417603442009147230e-03,-2.299201883593872953e-01
1.371999999999959696e+00,-8.752231589943419987e-01,-8.235358798409031511e-03,-2.321630045449702973e-01
1.372999999999959586e+00,-8.750425023563622728e-01,-8.053377477813983276e-03,-2.344088328176302249e-01
1.373999999999959476e+00,-8.748624153149221483e-01,-7.871666719565462156e-03,-2.366575925019446525e-01
1.374999999999959366e+00,-8.746829009439462954e-01,-7.690233822743586245e-03,-2.389092029310412313e-01
1.375999999999959256e+00,-8.745039622877395225e-01,-7.509086147657717536e-03,-2.411635834407124257e-01
1.376999999999959146e+00,-8.743256023618387607e-01,-7.328231117526506910e-03,-2.434206533628067159e-01
1.377999999999959035e+00,-8.741478241539217819e-01,-7.147676220342125131e-03,-2.456803320179164196e-01
1.378999999999958925e+00,-8.739706306247635448e-01,-6.967429010905190623e-03,-2.479425387074056797e-01
1.379999999999958815e+00,-8.737940247092320645e-01,-6.787497113010410033e-03,-2.502071927048512556e-01
1.380999999999958705e+00,-8.736180093173123717e-01,-6.607888221749791402e-03,-2.524742132470043643e-01
1.381999999999958595e+00,-8.734425873351477909e-01,-6.428610105891907622e-03,-2.547435195244256989e-01
1.382999999999958485e+00,-8.732677616260844378e-01,-6.249670610277036076e-03,-2.570150306719946043e-01
1.383999999999958375e+00,-8.730935350317061694e-01,-6.071077658155288326e-03,-2.592886657595516176e-01
1.384999999999958264e+00,-8.729199103728474407e-01,-5.892839253374526631e-03,-2.615643437829929807e-01
1.385999999999958154e+00,-8.727468904505701897e-01,-5.714963482308377252e-03,-2.638419836562000964e-01
1.386999999999958044e+00,-8.725744780470956474e-01,-5.537458515396664893e-03,-2.661215042042455181e-01
1.387999999999957934e+00,-8.724026759266819697e-01,-5.360332608155993217e-03,-2.684028241583683028e-01
1.388999999999957824e+00,-8.722314868364450247e-01,-5.183594101507760232e-03,-2.706858621532439724e-01
1.389999999999957714e+00,-8.720609135071207829e-01,-5.007251421269620639e-03,-2.729705367270812144e-01
1.390999999999957604e+00,-8.718909586537763046e-01,-4.831313076663346084e-03,-2.752567663250483632e-01
1.391999999999957494e+00,-8.717216249764782043e-01,-4.655787657712462391e-03,-2.775444693064590962e-01
1.392999999999957383e+00,-8.715529151609320291e-01,-4.480683831436960141e-03,-2.798335639560239341e-01
1.393999999999957273e+00,-8.713848318791082015e-01,-4.306010336802390537e-03,-2.821239684993026575e-01
1.394999999999957163e+00,-8.712173777898699623e-01,-4.131775978438612107e-03,-2.844156011222768177e-01
1.395999999999957053e+00,-8.710505555396127475e-01,-3.957989619215174226e-03,-2.867083799947184319e-01
1.396999999999956943e+00,-8.708843677629227731e-01,-3.784660171830100950e-03,-2.890022232967798810e-01
1.397999999999956833e+00,-8.707188170832469432e-01,-3.611796589635840604e-03,-2.912970492479970974e-01
1.398999999999956723e+00,-8.705539061135612044e-01,-3.439407856980547518e-03,-2.935927761377118972e-01
1.399999999999956612e+00,-8.703896374570085914e-01,-3.267502979376613048e-03,-2.958893223558018426e-01
1.400999999999956502e+00,-8.702260137074725455e-01,-3.096090973820964098e-03,-2.981866064225734414e-01
1.401999999999956392e+00,-8.700630374500393227e-01,-2.925180859576603787e-03,-3.004845470167299415e-01
1.402999999999956282e+00,-8.699007112613050818e-01,-2.754781649689563849e-03,-3.027830630004638146e-01
1.403999999999956172e+00,-8.697390377094814662e-01,-2.584902343459372087e-03,-3.050820734409235291e-01
1.404999999999956062e+00,-8.695780193542596015e-01,-2.415551920017078302e-03,-3.073814976275442978e-01
1.405999999999955952e+00,-8.694176587464024220e-01,-2.246739333093883406e-03,-3.096812550849826762e-01
1.406999999999955842e+00,-8.692579584270463400e-01,-2.078473506998523845e-03,-3.119812655816340818e-01
1.407999999999955731e+00,-8.690989209267040438e-01,-1.910763333763054739e-03,-3.142814491339166461e-01
1.408999999999955621e+00,-8.689405487639749737e-01,-1.743617671372321709e-03,-3.165817260066678962e-01
1.409999999999955511e+00,-8.687828444439785747e-01,-1.577045342958216523e-03,-3.188820167101127923e-01
1.410999999999955401e+00,-8.686258104565334204e-01,-1.411055136823657907e-03,-3.211822419939262541e-01
1.411999999999955291e+00,-8.684694492741145133e-01,-1.245655807151302419e-03,-3.234823228389378524e-01
1.412999999999955181e+00,-8.683137633496214036e-01,-1.080856075254821302e-03,-3.257821804470144023e-01
1.413999999999955071e+00,-8.681587551139940961e-01,-9.166646312398496477e-04,-3.280817362296218898e-01
1.414999999999954960e+00,-8.680044269737110518e-01,-7.530901359542041540e-04,-3.303809117955166519e-01
1.415999999999954850e+00,-8.678507813082054767e-01,-5.901412231224534288e-04,-3.326796289379558846e-01
1.416999999999954740e+00,-8.676978204672295414e-01,-4.278265015775217783e-04,-3.349778096217549406e-01
1.417999999999954630e+00,-8.675455467681953969e-01,-2.661545575159407484e-04,-3.372753759704584797e-01
1.418999999999954520e+00,-8.673939624935181891e-01,-1.051339567214593096e-04,-3.395722502538349175e-01
1.419999999999954410e+00,-8.672430698879817212e-01,5.522675328811788020e-05,-3.418683548758547075e-01
1.420999999999954300e+00,-8.670928711561441959e-01,2.149190412227830471e-04,-3.441636123632678679e-01
1.421999999999954190e+00,-8.669433684597988021e-01,3.739343901129621450e-04,-3.464579453548610188e-01
1.422999999999954079e+00,-8.667945639155001381e-01,5.322642955478129601e-04,-3.487512765914428936e-01
1.423999999999953969e+00,-8.666464595921655745e-01,6.899002640676221709e-04,-3.510435289065841347e-01
1.424999999999953859e+00,-8.664990575087569979e-01,8.468338117130214115e-04,-3.533346252181177594e-01
1.425999999999953749e+00,-8.663523596320487075e-01,1.003056462731022336e-03,-3.556244885203928563e-01
1.426999999999953639e+00,-8.662063678744824635e-01,1.158559748433707348e-03,-3.579130418772628608e-01
1.427999999999953529e+00,-8.660610840921129094e-01,1.313335206205024086e-03,-3.602002084157827078e-01
1.428999999999953419e+00,-8.659165100826416994e-01,1.467374378648467204e-03,-3.624859113205838312e-01
1.429999999999953308e+00,-8.657726475835416657e-01,1.620668812867487318e-03,-3.647700738288928157e-01
1.430999999999953198e+00,-8.656294982702666951e-01,1.773210059871466182e-03,-3.670526192261580611e-01
1.431999999999953088e+00,-8.654870637545489798e-01,1.924989674097932202e-03,-3.693334708422483792e-01
1.432999999999952978e+00,-8.653453455827776475e-01,2.075999213043577818e-03,-3.716125520481871614e-01
1.433999999999952868e+00,-8.652043452344582164e-01,2.226230236995363487e-03,-3.738897862533878125e-01
1.434999999999952758e+00,-8.650640641207487658e-01,2.375674308853714667e-03,-3.761650969033570879e-01
1.435999999999952648e+00,-8.649245035830707140e-01,2.524322994040928414e-03,-3.784384074778342488e-01
1.436999999999952538e+00,-8.647856648917889855e-01,2.672167860487628666e-03,-3.807096414893366698e-01
1.437999999999952427e+00,-8.646475492449602340e-01,2.819200478690109257e-03,-3.829787224820844216e-01
1.438999999999952317e+00,-8.645101577671446824e-01,2.965412421832458456e-03,-3.852455740312778487e-01
1.439999999999952207e+00,-8.643734915082779136e-01,3.110795265968580026e-03,-3.875101197427050503e-01
1.440999999999952097e+00,-8.642375514426003935e-01,3.255340590257171929e-03,-3.897722832526574477e-01
1.441999999999951987e+00,-8.641023384676399521e-01,3.399039977245665867e-03,-3.920319882281343427e-01
1.442999999999951877e+00,-8.639678534032451118e-01,3.541885013198131649e-03,-3.942891583673187039e-01
1.443999999999951767e+00,-8.638340969906657119e-01,3.683867288462483458e-03,-3.965437174003085818e-01
1.444999999999951656e+00,-8.637010698916774976e-01,3.824978397872713654e-03,-3.987955890900902189e-01
1.445999999999951546e+00,-8.635687726877475656e-01,3.965209941182823439e-03,-4.010446972337406435e-01
1.446999999999951436e+00,-8.634372058792375570e-01,4.104553523527565417e-03,-4.032909656638493656e-01
1.447999999999951326e+00,-8.633063698846429324e-01,4.243000755906889410e-03,-4.055343182501500165e-01
1.448999999999951216e+00,-8.631762650398626668e-01,4.380543255690538818e-03,-4.077746789013547701e-01
1.449999999999951106e+00,-8.630468915974992550e-01,4.517172647138412156e-03,-4.100119715671858844e-01
1.450999999999950996e+00,-8.629182497261838058e-01,4.652880561934136239e-03,-4.122461202405995340e-01
1.451999999999950886e+00,-8.627903395099258965e-01,4.787658639726632970e-03,-4.144770489602003227e-01
1.452999999999950775e+00,-8.626631609474814111e-01,4.921498528676682138e-03,-4.167046818128444796e-01
1.453999999999950665e+00,-8.625367139517398085e-01,5.054391886004538925e-03,-4.189289429364330131e-01
1.454999999999950555e+00,-8.624109983491242692e-01,5.186330378532555407e-03,-4.211497565228971007e-01
1.455999999999950445e+00,-8.622860138790023887e-01,5.317305683219808454e-03,-4.233670468213802662e-01
1.456999999999950335e+00,-8.621617601931055308e-01,5.447309487682017171e-03,-4.255807381416237822e-01
1.457999999999950225e+00,-8.620382368549511787e-01,5.576333490690976724e-03,-4.277907548575642926e-01
1.458999999999950115e+00,-8.619154433392653969e-01,5.704369402647346821e-03,-4.299970214111546452e-01
1.459999999999950004e+00,-8.617933790314062925e-01,5.831408946055771647e-03,-4.321994623163216143e-01
1.460999999999949894e+00,-8.616720432269109331e-01,5.957443857098954076e-03,-4.343980021591902774e-01
1.461999999999949784e+00,-8.615514351310219476e-01,6.082465887082388889e-03,-4.365925655954634999e-01
1.462999999999949674e+00,-8.614315538581794884e-01,6.206466803671595311e-03,-4.387830773538751172e-01
1.463999999999949564e+00,-8.613123984313557635e-01,6.329438390902275557e-03,-4.409694622414723764e-01
1.464999999999949454e+00,-8.611939677813758021e-01,6.451372449246373098e-03,-4.431516451492613085e-01
1.465999999999949344e+00,-8.610762607462028040e-01,6.572260795591033933e-03,-4.453295510582553351e-01
1.466999999999949233e+00,-8.609592760701787473e-01,6.692095263092279200e-03,-4.475031050459716275e-01
1.467999999999949123e+00,-8.608430124032119268e-01,6.810867700883072029e-03,-4.496722322934249005e-01
1.468999999999949013e+00,-8.607274682999039861e-01,6.928569973615850142e-03,-4.518368580926714340e-01
1.469999999999948903e+00,-8.606126422186075597e-01,7.045193960819040591e-03,-4.539969078549555559e-01
1.470999999999948793e+00,-8.604985325204096425e-01,7.160731556048349766e-03,-4.561523071195053847e-01
1.471999999999948683e+00,-8.603851374680335784e-01,7.275174665823225251e-03,-4.583029815630070281e-01
1.472999999999948573e+00,-8.602724552246630019e-01,7.388515208347989915e-03,-4.604488570097489131e-01
1.473999999999948463e+00,-8.601604838291294630e-01,7.500745590973689758e-03,-4.625898585082503511e-01
1.474999999999948352e+00,-8.600492211823574928e-01,7.611858727219589227e-03,-4.647259080509384965e-01
1.475999999999948242e+00,-8.599386650387444986e-01,7.721848095192995753e-03,-4.668569279124734628e-01
1.476999999999948132e+00,-8.598288130533118245e-01,7.830706657013686289e-03,-4.689828415170364528e-01
1.477999999999948022e+00,-8.597196627777059508e-01,7.938427102925804668e-03,-4.711035733304160811e-01
1.478999999999947912e+00,-8.596112116628413791e-01,8.045001888423941594e-03,-4.732190487624904907e-01
1.479999999999947802e+00,-8.595034570619145553e-01,8.150423266281736634e-03,-4.753291940787908731e-01
1.480999999999947692e+00,-8.593963962343370566e-01,8.254683316569144669e-03,-4.774339363192645624e-01
1.481999999999947581e+00,-8.592900263515903525e-01,8.357773975933679989e-03,-4.795332032212427098e-01
1.482999999999947471e+00,-8.591843445065762142e-01,8.459687068295973500e-03,-4.816269231414996854e-01
1.483999999999947361e+00,-8.590793477289467850e-01,8.560414340709088243e-03,-4.837150249682959924e-01
1.484999999999947251e+00,-8.589750330099703568e-01,8.659947510693100092e-03,-4.857974380073935561e-01
1.485999999999947141e+00,-8.588713973396966406e-01,8.758278333189872811e-03,-4.878740918186746378e-01
1.486999999999947031e+00,-8.587684377501272337e-01,8.855398687843407668e-03,-4.899449159915425511e-01
1.487999999999946921e+00,-8.586661513404145740e-01,8.951300662793815199e-03,-4.920098399106463405e-01
1.488999999999946811e+00,-8.585645352609360126e-01,9.045976597830851507e-03,-4.940687926230925009e-01
1.489999999999946700e+00,-8.584635866615076827e-01,9.139419074833510237e-03,-4.961217028451192501e-01
1.490999999999946590e+00,-8.583633026327285309e-01,9.231620879116775313e-03,-4.981684990368120958e-01
1.491999999999946480e+00,-8.582636801634077051e-01,9.322574963262664216e-03,-5.002091094770423352e-01
1.492999999999946370e+00,-8.581647161150484093e-01,9.412274423991173755e-03,-5.022434623173644974e-01
1.493999999999946260e+00,-8.580664072068439063e-01,9.500712489657614501e-03,-5.042714856153639458e-01
1.494999999999946150e+00,-8.579687500065160677e-01,9.587882514901557851e-03,-5.062931073522172198e-01
1.495999999999946040e+00,-8.578717409243367120e-01,9.673777980026887491e-03,-5.083082554389608543e-01
1.496999999999945929e+00,-8.577753762087273470e-01,9.758392493411260915e-03,-5.103168577151219187e-01
1.497999999999945819e+00,-8.576796519424252363e-01,9.841719795693038009e-03,-5.123188419425778184e-01
1.498999999999945709e+00,-8.575845640385830748e-01,9.923753764826959145e-03,-5.143141357968323835e-01
1.499999999999945599e+00,-8.574901082364220217e-01,1.000448842136414385e-02,-5.163026668573048594e-01
1.500999999999945489e+00,-8.573962800962338093e-01,1.008391793352664267e-02,-5.182843625977414659e-01
1.501999999999945379e+00,-8.573030752415510269e-01,1.016203604779197800e-02,-5.202591519863637437e-01
1.502999999999945269e+00,-8.572104892563348066e-01,1.023883638137390584e-02,-5.222269659194739289e-01
1.503999999999945159e+00,-8.571185177552745893e-01,1.031431229388574122e-02,-5.241877356148127998e-01
1.504999999999945048e+00,-8.570271562204517801e-01,1.038845729696480369e-02,-5.261413925617717258e-01
1.505999999999944938e+00,-8.569364000417918348e-01,1.046126496105170833e-02,-5.280878685257520688e-01
1.506999999999944828e+00,-8.568462445193298915e-01,1.053272891746770412e-02,-5.300270955523883609e-01
1.507999999999944718e+00,-8.567566848652606870e-01,1.060284286043300384e-02,-5.319590059716704511e-01
1.508999999999944608e+00,-8.566677162058029538e-01,1.067160054902221988e-02,-5.338835324019906015e-01
1.509999999999944498e+00,-8.565793335829032795e-01,1.073899580905396389e-02,-5.358006077541361822e-01
1.510999999999944388e+00,-8.564915319558062956e-01,1.080502253491238962e-02,-5.377101652352421768e-01
1.511999999999944277e+00,-8.564043062025119557e-01,1.086967469129868080e-02,-5.396121383527110460e-01
1.512999999999944167e+00,-8.563176511211391118e-01,1.093294631491159574e-02,-5.415064609181037270e-01
1.513999999999944057e+00,-8.562315614312139278e-01,1.099483151605534781e-02,-5.433930670510001004e-01
1.514999999999943947e+00,-8.561460317748965654e-01,1.105532448017343405e-02,-5.452718911828230430e-01
1.515999999999943837e+00,-8.560610567181597963e-01,1.111441946930730174e-02,-5.471428680606145178e-01
1.516999999999943727e+00,-8.559766307519312001e-01,1.117211082347940865e-02,-5.490059327507482712e-01
1.517999999999943617e+00,-8.558927482932093822e-01,1.122839296199867887e-02,-5.508610206425580413e-01
1.518999999999943507e+00,-8.558094036861624287e-01,1.128326038468813186e-02,-5.527080674518559666e-01
1.519999999999943396e+00,-8.557265912032172572e-01,1.133670767303363025e-02,-5.545470092243088844e-01
1.520999999999943286e+00,-8.556443050461461919e-01,1.138872949125335765e-02,-5.563777823386358845e-01
1.521999999999943176e+00,-8.555625393471572027e-01,1.143932058728602819e-02,-5.582003235095839289e-01
1.522999999999943066e+00,-8.554812881699928040e-01,1.148847579369849381e-02,-5.600145697906324660e-01
1.523999999999942956e+00,-8.554005455110418321e-01,1.153619002851025144e-02,-5.618204585763704184e-01
1.524999999999942846e+00,-8.553203053004675427e-01,1.158245829593457232e-02,-5.636179276044819275e-01
1.525999999999942736e+00,-8.552405614033550263e-01,1.162727568703447734e-02,-5.654069149572703568e-01
1.526999999999942625e+00,-8.551613076208789410e-01,1.167063738029133768e-02,-5.671873590626409500e-01
1.527999999999942515e+00,-8.550825376914924503e-01,1.171253864208443574e-02,-5.689591986944529944e-01
1.528999999999942405e+00,-8.550042452921372549e-01,1.175297482707871044e-02,-5.707223729721451200e-01
1.529999999999942295e+00,-8.549264240394724990e-01,1.179194137851763413e-02,-5.724768213595250455e-01
1.530999999999942185e+00,-8.548490674911198850e-01,1.182943382841705748e-02,-5.742224836626054207e-01
1.531999999999942075e+00,-8.547721691469201133e-01,1.186544779765719149e-02,-5.759593000263575346e-01
1.532999999999941965e+00,-8.546957224501950945e-01,1.189997899596678677e-02,-5.776872109302422231e-01
1.533999999999941855e+00,-8.546197207890080527e-01,1.193302322179495834e-02,-5.794061571823683199e-01
1.534999999999941744e+00,-8.545441574974104171e-01,1.196457636206560426e-02,-5.811160799121192211e-01
1.535999999999941634e+00,-8.544690258566661756e-01,1.199463439180781243e-02,-5.828169205610801429e-01
1.536999999999941524e+00,-8.543943190964382595e-01,1.202319337365648222e-02,-5.845086208720960963e-01
1.537999999999941414e+00,-8.543200303959225250e-01,1.205024945721805407e-02,-5.861911228762904935e-01
1.538999999999941304e+00,-8.542461528849121244e-01,1.207579887829501875e-02,-5.878643688778835141e-01
1.539999999999941194e+00,-8.541726796447755010e-01,1.209983795796520933e-02,-5.895283014366675678e-01
1.540999999999941084e+00,-8.540996037093301352e-01,1.212236310151343366e-02,-5.911828633480324946e-01
1.541999999999940973e+00,-8.540269180655969405e-01,1.214337079721444779e-02,-5.928279976204835489e-01
1.542999999999940863e+00,-8.539546156544237654e-01,1.216285761497093443e-02,-5.944636474506755919e-01
1.543999999999940753e+00,-8.538826893709734467e-01,1.218082020481320304e-02,-5.960897561960946112e-01
1.544999999999940643e+00,-8.538111320650833003e-01,1.219725529527559971e-02,-5.977062673456650099e-01
1.545999999999940533e+00,-8.537399365415172525e-01,1.221215969167022131e-02,-5.993131244887536235e-01
1.546999999999940423e+00,-8.536690955601552444e-01,1.222553027428940897e-02,-6.009102712832785631e-01
1.547999999999940313e+00,-8.535986018361909622e-01,1.223736399657843199e-02,-6.024976514239168690e-01
1.548999999999940202e+00,-8.535284480404442542e-01,1.224765788333292971e-02,-6.040752086117293640e-01
1.549999999999940092e+00,-8.534586267999313414e-01,1.225640902898739171e-02,-6.056428865268601580e-01
1.550999999999939982e+00,-8.533891306988805603e-01,1.226361459607328008e-02,-6.072006288062988810e-01
1.551999999999939872e+00,-8.533199522804161274e-01,1.226927181393339117e-02,-6.087483790289514030e-01
1.552999999999939762e+00,-8.532510840491595028e-01,1.227337797778560446e-02,-6.102860807103969165e-01
1.553999999999939652e+00,-8.531825184750082558e-01,1.227593044822411494e-02,-6.118136773096354286e-01
1.554999999999939542e+00,-8.531142479983274685e-01,1.227692665123625293e-02,-6.133311122497804302e-01
1.555999999999939432e+00,-8.530462650367276467e-01,1.227636407879179048e-02,-6.148383289539898211e-01
1.556999999999939321e+00,-8.529785619935038588e-01,1.227424029002865957e-02,-6.163352708969485061e-01
1.557999999999939211e+00,-8.529111312677508661e-01,1.227055291353490452e-02,-6.178218816697029769e-01
1.558999999999939101e+00,-8.528439652661442549e-01,1.226529965204026240e-02,-6.192981050485696359e-01
1.559999999999938991e+00,-8.527770564155764399e-01,1.225847828681764229e-02,-6.207638850753463000e-01
1.560999999999938881e+00,-8.527103971760838785e-01,1.225008668144855761e-02,-6.222191661490585890e-01
1.561999999999938771e+00,-8.526439800534428848e-01,1.224012278477143445e-02,-6.236638931178799528e-01
1.562999999999938661e+00,-8.525777976110048284e-01,1.222858463414877583e-02,-6.250980113660584703e-01
1.563999999999938550e+00,-8.525118424801535477e-01,1.221547035867198705e-02,-6.265214668917394869e-01
1.564999999999938440e+00,-8.524461073689278967e-01,1.220077818220871579e-02,-6.279342063726025547e-01
1.565999999999938330e+00,-8.523805850685081120e-01,1.218450642622870284e-02,-6.293361772174779212e-01
1.566999999999938220e+00,-8.523152684574397675e-01,1.216665351237156134e-02,-6.307273276033610321e-01
1.567999999999938110e+00,-8.522501505036266245e-01,1.214721796474671489e-02,-6.321076064983460752e-01
1.568999999999938000e+00,-8.521852242642551367e-01,1.212619841197232207e-02,-6.334769636718330377e-01
1.569999999999937890e+00,-8.521204828839077372e-01,1.210359358897433735e-02,-6.348353496938988760e-01
1.570999999999937780e+00,-8.520559195911702188e-01,1.207940233856957812e-02,-6.361827159259710873e-01
1.571999999999937669e+00,-8.519915276940595028e-01,1.205362361285966522e-02,-6.375190145049571822e-01
1.572999999999937559e+00,-8.519273005745821026e-01,1.202625647445826340e-02,-6.388441983228331233e-01
1.573999999999937449e+00,-8.518632316827086104e-01,1.199730009757049576e-02,-6.401582210034391096e-01
1.574999999999937339e+00,-8.517993145300065683e-01,1.196675376893691078e-02,-6.414610368779359861e-01
1.575999999999937229e+00,-8.517355426831298981e-01,1.193461688865099513e-02,-6.427526009600718071e-01
1.576999999999937119e+00,-8.516719097573235420e-01,1.190088897085228581e-02,-6.440328689221264113e-01
1.577999999999937009e+00,-8.516084094100563329e-01,1.186556964429452687e-02,-6.453017970721601770e-01
1.578999999999936898e+00,-8.515450353348666956e-01,1.182865865278487361e-02,-6.465593423329869527e-01
1.579999999999936788e+00,-8.514817812554730247e-01,1.179015585548603973e-02,-6.478054622231340653e-01
1.580999999999936678e+00,-8.514186409201794925e-01,1.175006122707372702e-02,-6.490401148399249642e-01
1.581999999999936568e+00,-8.513556080965881678e-01,1.170837485773745801e-02,-6.502632588447341266e-01
1.582999999999936458e+00,-8.512926765666165574e-01,1.166509695301315430e-02,-6.514748534503957966e-01
1.583999999999936348e+00,-8.512298401218084676e-01,1.162022783343580334e-02,-6.526748584107093798e-01
1.584999999999936238e+00,-8.511670925589179815e-01,1.157376793399739201e-02,-6.538632340119545638e-01
1.585999999999936128e+00,-8.511044276757443461e-01,1.152571780339839425e-02,-6.550399410663169109e-01
1.586999999999936017e+00,-8.510418392671914578e-01,1.147607810307949006e-02,-6.562049409071173400e-01
1.587999999999935907e+00,-8.509793211215233022e-01,1.142484960602202504e-02,-6.573581953857362548e-01
1.588999999999935797e+00,-8.509168670167911452e-01,1.137203319530866175e-02,-6.584996668701258438e-01
1.589999999999935687e+00,-8.508544707174051647e-01,1.131762986243850522e-02,-6.596293182448020875e-01
1.590999999999935577e+00,-8.507921259708319806e-01,1.126164070539759088e-02,-6.607471129122086673e-01
1.591999999999935467e+00,-8.507298265043996555e-01,1.120406692649555946e-02,-6.618530147953339826e-01
1.592999999999935357e+00,-8.506675660222005053e-01,1.114490982999249979e-02,-6.629469883414494946e-01
1.593999999999935246e+00,-8.506053382020921649e-01,1.108417081956031280e-02,-6.640289985268063022e-01
1.594999999999935136e+00,-8.505431366928050130e-01,1.102185139565542427e-02,-6.650990108620801200e-01
1.595999999999935026e+00,-8.504809551126386591e-01,1.095795318953041164e-02,-6.661569913707652280e-01
1.596999999999934916e+00,-8.504187870795953952e-01,1.089247917701663404e-02,-6.672029045679815917e-01
1.597999999999934806e+00,-8.503566261574780905e-01,1.082543284829434738e-02,-6.682367138817564278e-01
1.598999999999934696e+00,-8.502944658355525709e-01,1.075681802799505205e-02,-6.692583838865084900e-01
1.599999999999934586e+00,-8.502322995082278734e-01,1.068663812437153915e-02,-6.702678802612723752e-01
1.600999999999934476e+00,-8.501701204941531920e-01,1.061489635770040962e-02,-6.712651697504357085e-01
1.601999999999934365e+00,-8.501079220456838614e-01,1.054159578072461079e-02,-6.722502201264092259e-01
1.602999999999934255e+00,-8.500456973587867671e-01,1.046673929863323194e-02,-6.732230001534764696e-01
1.603999999999934145e+00,-8.499834395838912204e-01,1.039032968903857990e-02,-6.741834795518047985e-01
1.604999999999934035e+00,-8.499211418382860428e-01,1.031236962259673984e-02,-6.751316289602473653e-01
1.605999999999933925e+00,-8.498587972207508612e-01,1.023286168515691319e-02,-6.760674198961074133e-01
1.606999999999933815e+00,-8.497963988291411530e-01,1.015180840263468776e-02,-6.769908247094751363e-01
1.607999999999933705e+00,-8.497339397815362183e-01,1.006921227013157782e-02,-6.779018165291893494e-01
1.608999999999933594e+00,-8.496714132410941867e-01,9.985075787027897221e-03,-6.788003691972419595e-01
1.609999999999933484e+00,-8.496088124436363964e-01,9.899401499498305945e-03,-6.796864571892854423e-01
1.610999999999933374e+00,-8.495461307249789762e-01,9.812192050577039915e-03,-6.805600555219725178e-01
1.611999999999933264e+00,-8.494833615426025109e-01,9.723450235194108782e-03,-6.814211396537335208e-01
1.612999999999933154e+00,-8.494204984850646234e-01,9.633179054347795756e-03,-6.822696853922205484e-01
1.613999999999933044e+00,-8.493575352645951204e-01,9.541381761065892420e-03,-6.831056688237104879e-01
1.614999999999932934e+00,-8.492944656933654191e-01,9.448061892885217805e-03,-6.839290662735819648e-01
1.615999999999932824e+00,-8.492312836488451477e-01,9.353223290256784672e-03,-6.847398542962721546e-01
1.616999999999932713e+00,-8.491679830353127123e-01,9.256870104368153385e-03,-6.855380096855969718e-01
1.617999999999932603e+00,-8.491045577468431249e-01,9.159006799219826522e-03,-6.863235094952266913e-01
1.618999999999932493e+00,-8.490410016342211375e-01,9.059638151849014331e-03,-6.870963310619850883e-01
1.619999999999932383e+00,-8.489773084760947608e-01,8.958769252984555287e-03,-6.878564520280827654e-01
1.620999999999932273e+00,-8.489134719536894913e-01,8.856405509155396150e-03,-6.886038503608405970e-01
1.621999999999932163e+00,-8.488494856281436629e-01,8.752552646539901726e-03,-6.893385043698185832e-01
1.622999999999932053e+00,-8.487853429195855171e-01,8.647216716485162102e-03,-6.900603927218986744e-01
1.623999999999931942e+00,-8.487210370872392273e-01,8.540404102471033099e-03,-6.907694944551104888e-01
1.624999999999931832e+00,-8.486565612100093192e-01,8.432121528248015530e-03,-6.914657889920441391e-01
1.625999999999931722e+00,-8.485919081671379205e-01,8.322376066872527733e-03,-6.921492561536619625e-01
1.626999999999931612e+00,-8.485270706186464063e-01,8.211175150388216881e-03,-6.928198761742627720e-01
1.627999999999931502e+00,-8.484620411818118990e-01,8.098526078768764069e-03,-6.934776302599758857e-01
1.628999999999931392e+00,-8.483968126708479884e-01,7.984435442822068740e-03,-6.941225027067517983e-01
1.629999999999931282e+00,-8.483313781338095438e-01,7.868909061266471383e-03,-6.947544796046661864e-01
1.630999999999931172e+00,-8.482657305110824497e-01,7.751952900309722061e-03,-6.953735480054316076e-01
1.631999999999931061e+00,-8.481998626225473181e-01,7.633573081501698887e-03,-6.959796959649413584e-01
1.632999999999930951e+00,-8.481337671765510899e-01,7.513775843393077913e-03,-6.965729125900020913e-01
1.633999999999930841e+00,-8.480674367631162447e-01,7.392567543363870453e-03,-6.971531880893463429e-01
1.634999999999930731e+00,-8.480008638467703141e-01,7.269954659429922472e-03,-6.977205138289925834e-01
1.635999999999930621e+00,-8.479340407590197914e-01,7.145943792034925579e-03,-6.982748823919500136e-01
1.636999999999930511e+00,-8.478669596905284989e-01,7.020541665814450383e-03,-6.988162876421523118e-01
1.637999999999930401e+00,-8.477996126830965595e-01,6.893755131305523420e-03,-6.993447247923191279e-01
1.638999999999930290e+00,-8.477319916215764195e-01,6.765591166558504455e-03,-6.998601904751767799e-01
1.639999999999930180e+00,-8.476640882259026677e-01,6.636056878594753794e-03,-7.003626828170856911e-01
1.640999999999930070e+00,-8.475958940434596967e-01,6.505159504644197899e-03,-7.008522015125754345e-01
1.641999999999929960e+00,-8.475274004421069485e-01,6.372906413512124946e-03,-7.013287478965115618e-01
1.642999999999929850e+00,-8.474585986044977926e-01,6.239305109470405508e-03,-7.017923250009940883e-01
1.643999999999929740e+00,-8.473894795234504507e-01,6.104363234806287064e-03,-7.022429376022819580e-01
1.644999999999929630e+00,-8.473200339986124430e-01,5.968088571095098160e-03,-7.026805922614485223e-01
1.645999999999929519e+00,-8.472502526343741458e-01,5.830489038231079224e-03,-7.031052973385401028e-01
1.646999999999929409e+00,-8.471801258391589151e-01,5.691572694011937106e-03,-7.035170629631491979e-01
1.647999999999929299e+00,-8.471096438251951577e-01,5.551347734581324467e-03,-7.039159009370208331e-01
1.648999999999929189e+00,-8.470387966067837171e-01,5.409822497215333037e-03,-7.043018245305178171e-01
1.649999999999929079e+00,-8.469675739929243274e-01,5.267005468243712851e-03,-7.046748481115138185e-01
1.650999999999928969e+00,-8.468959655662500197e-01,5.122905301239433218e-03,-7.050349865052908394e-01
1.651999999999928859e+00,-8.468239606332161884e-01,4.977530854739009580e-03,-7.053822539154140925e-01
1.652999999999928749e+00,-8.467515481188917503e-01,4.830891265490189213e-03,-7.057166621238822879e-01
1.653999999999928638e+00,-8.466787163648931136e-01,4.682996081633805652e-03,-7.060382175403651095e-01
1.654999999999928528e+00,-8.466054527897082238e-01,4.533855479205040062e-03,-7.063469166197881011e-01
1.655999999999928418e+00,-8.465317434617029013e-01,4.383480531602423902e-03,-7.066427397840250313e-01
1.656999999999928308e+00,-8.464575729430656725e-01,4.231883323671081776e-03,-7.069256463973722093e-01
1.657999999999928198e+00,-8.463829250816270466e-01,4.079076521133651045e-03,-7.071955766930971832e-01
1.658999999999928088e+00,-8.463077848756810351e-01,3.925072323980871580e-03,-7.074524636523640275e-01
1.659999999999927978e+00,-8.462321403496038119e-01,3.769881406399111512e-03,-7.076962471007276489e-01
1.660999999999927867e+00,-8.461559832656216917e-01,3.613512508332361595e-03,-7.079268803905198748e-01
1.661999999999927757e+00,-8.460793086571974930e-01,3.455973483003804692e-03,-7.081443291616090763e-01
1.662999999999927647e+00,-8.460021138322104672e-01,3.297271860596640014e-03,-7.083485670793510103e-01
1.663999999999927537e+00,-8.459243975321705244e-01,3.137415276617927518e-03,-7.085395740780885410e-01
1.664999999999927427e+00,-8.458461592339910906e-01,2.976410391856809667e-03,-7.087173345047006467e-01
1.665999999999927317e+00,-8.457673988267894183e-01,2.814263372955760900e-03,-7.088818356992916403e-01
1.666999999999927207e+00,-8.456881163916569744e-01,2.650980040113437575e-03,-7.090330671133159290e-01
1.667999999999927097e+00,-8.456083120656576746e-01,2.486565971564880240e-03,-7.091710197618696920e-01
1.668999999999926986e+00,-8.455279859601766423e-01,2.321026581904250818e-03,-7.092956858783137086e-01
1.669999999999926876e+00,-8.454471381148946918e-01,2.154367185036643040e-03,-7.094070586902992970e-01
1.670999999999926766e+00,-8.453657684752262647e-01,1.986593048680651563e-03,-7.095051322683810779e-01
1.671999999999926656e+00,-8.452838768848095485e-01,1.817709444823956133e-03,-7.095899014181186182e-01
1.672999999999926546e+00,-8.452014630867907830e-01,1.647721698688320302e-03,-7.096613615987998891e-01
1.673999999999926436e+00,-8.451185267289982317e-01,1.476635237239454224e-03,-7.097195088596351953e-01
1.674999999999926326e+00,-8.450350673692013093e-01,1.304455637006207702e-03,-7.097643397890470718e-01
1.675999999999926215e+00,-8.449510844777854413e-01,1.131188670053795420e-03,-7.097958514753262005e-01
1.676999999999926105e+00,-8.448665774364216841e-01,9.568403465490815663e-04,-7.098140414779464669e-01
1.677999999999925995e+00,-8.447815455324886313e-01,7.814169525058867194e-04,-7.098189078087748793e-01
1.678999999999925885e+00,-8.446959879502148327e-01,6.049250799881056295e-04,-7.098104489318259880e-01
1.679999999999925775e+00,-8.446099037603415072e-01,4.273716454977205537e-04,-7.097886638319050867e-01
1.680999999999925665e+00,-8.445232919081429035e-01,2.487639052310419707e-04,-7.097535520696938161e-01
1.681999999999925555e+00,-8.444361512005670312e-01,6.910946918720073384e-05,-7.097051137871046578e-01
1.682999999999925445e+00,-8.443484802930356636e-01,-1.115836845561046786e-04,-7.096433497109702060e-01
1.683999999999925334e+00,-8.442602776769693174e-01,-2.933071990764979375e-04,-7.095682611570652831e-01
1.684999999999925224e+00,-8.441715416679714812e-01,-4.760523296250540604e-04,-7.094798500337807790e-01
1.685999999999925114e+00,-8.440822703946271321e-01,-6.598099358618436661e-04,-7.093781188450745123e-01
1.686999999999925004e+00,-8.439924618733388728e-01,-8.445710103451298245e-04,-7.092630709338653139e-01
1.687999999999924894e+00,-8.439021141560880679e-01,-1.030327503504735454e-03,-7.091347115215831387e-01
1.688999999999924784e+00,-8.438112253513156968e-01,-1.217072341627101206e-03,-7.089930471392990041e-01
1.689999999999924674e+00,-8.437197934982196834e-01,-1.404798490153069679e-03,-7.088380851477855682e-01
1.690999999999924563e+00,-8.436278165515316285e-01,-1.593498848516561317e-03,-7.086698337285861626e-01
1.691999999999924453e+00,-8.435352923951041637e-01,-1.783166309897443735e-03,-7.084883018759058348e-01
1.692999999999924343e+00,-8.434422188459728131e-01,-1.973793759178388285e-03,-7.082934993891730757e-01
1.693999999999924233e+00,-8.433485936584691478e-01,-2.165374071897541164e-03,-7.080854368661418929e-01
1.694999999999924123e+00,-8.432544145283349390e-01,-2.357900113969579881e-03,-7.078641256964268713e-01
1.695999999999924013e+00,-8.431596790967961219e-01,-2.551364741989081697e-03,-7.076295780553872872e-01
1.696999999999923903e+00,-8.430643849545595980e-01,-2.745760803968877450e-03,-7.073818068982943297e-01
1.697999999999923793e+00,-8.429685296457057886e-01,-2.941081140393986271e-03,-7.071208259547294706e-01
1.698999999999923682e+00,-8.428721106714552880e-01,-3.137318585499204726e-03,-7.068466497231759016e-01
1.699999999999923572e+00,-8.427751254937915215e-01,-3.334465968698463456e-03,-7.065592934657712876e-01
1.700999999999923462e+00,-8.426775715389297483e-01,-3.532516116109329918e-03,-7.062587732031984089e-01
1.701999999999923352e+00,-8.425794462006218621e-01,-3.731461852130246726e-03,-7.059451057096958193e-01
1.702999999999923242e+00,-8.424807468432941038e-01,-3.931296001037476451e-03,-7.056183085081716433e-01
1.703999999999923132e+00,-8.423814708050139100e-01,-4.132011388577272459e-03,-7.052783998654093001e-01
1.704999999999923022e+00,-8.422816154002874534e-01,-4.333600843534957114e-03,-7.049253987873546068e-01
1.705999999999922911e+00,-8.421811779226880956e-01,-4.536057199266307904e-03,-7.045593250144741582e-01
1.706999999999922801e+00,-8.420801556473217486e-01,-4.739373295183479939e-03,-7.041801990171783210e-01
1.707999999999922691e+00,-8.419785458331300321e-01,-4.943541978185528318e-03,-7.037880419912995178e-01
1.708999999999922581e+00,-8.418763457250408866e-01,-5.148556104031531966e-03,-7.033828758536209147e-01
1.709999999999922471e+00,-8.417735525559698617e-01,-5.354408538650545779e-03,-7.029647232374470756e-01
1.710999999999922361e+00,-8.416701635486814048e-01,-5.561092159388048017e-03,-7.025336074882120307e-01
1.711999999999922251e+00,-8.415661759175157020e-01,-5.768599856185940844e-03,-7.020895526591172109e-01
1.712999999999922141e+00,-8.414615868699917289e-01,-5.976924532695937486e-03,-7.016325835067943606e-01
1.713999999999922030e+00,-8.413563936082918415e-01,-6.186059107325725392e-03,-7.011627254869873260e-01
1.714999999999921920e+00,-8.412505933306390071e-01,-6.395996514216240048e-03,-7.006800047502470541e-01
1.715999999999921810e+00,-8.411441832325753376e-01,-6.606729704150327009e-03,-7.001844481376343632e-01
1.716999999999921700e+00,-8.410371605081496948e-01,-6.818251645390405180e-03,-6.996760831764254895e-01
1.717999999999921590e+00,-8.409295223510256934e-01,-7.030555324444853760e-03,-6.991549380758144139e-01
1.718999999999921480e+00,-8.408212659555194257e-01,-7.243633746759459147e-03,-6.986210417226074165e-01
1.719999999999921370e+00,-8.407123885175756817e-01,-7.457479937332422981e-03,-6.980744236769048650e-01
1.720999999999921259e+00,-8.406028872357218518e-01,-7.672086940755717954e-03,-6.975151141666053878e-01
1.721999999999921149e+00,-8.404927593121550577e-01,-7.887447817735315780e-03,-6.969431440696595148e-01
1.722999999999921039e+00,-8.403820019537289188e-01,-8.103555642654747260e-03,-6.963585448960585289e-01
1.723999999999920929e+00,-8.402706123728517218e-01,-8.320403502115936156e-03,-6.957613487822813525e-01
1.724999999999920819e+00,-8.401585877882532527e-01,-8.537984495730011059e-03,-6.951515884870113071e-01
1.725999999999920709e+00,-8.400459254257868214e-01,-8.756291736260468639e-03,-6.945292973868036901e-01
1.726999999999920599e+00,-8.399326225192487172e-01,-8.975318349639938020e-03,-6.938945094717020590e-01
1.727999999999920488e+00,-8.398186763112304165e-01,-9.195057474847723178e-03,-6.932472593408015582e-01
1.728999999999920378e+00,-8.397040840540149764e-01,-9.415502263632080648e-03,-6.925875821977587332e-01
1.729999999999920268e+00,-8.395888430105332700e-01,-9.636645880059357960e-03,-6.919155138462477206e-01
1.730999999999920158e+00,-8.394729504553951616e-01,-9.858481499870119791e-03,-6.912310906853635917e-01
1.731999999999920048e+00,-8.393564036760079450e-01,-1.008100230961778143e-02,-6.905343497049742929e-01
1.732999999999919938e+00,-8.392391999738014752e-01,-1.030420150556476955e-02,-6.898253284810260677e-01
1.733999999999919828e+00,-8.391213366655720929e-01,-1.052807229230684483e-02,-6.891040651708049136e-01
1.734999999999919718e+00,-8.390028110849638843e-01,-1.075260788109216881e-02,-6.883705985081625123e-01
1.735999999999919607e+00,-8.388836205841015969e-01,-1.097780148780097553e-02,-6.876249677987142928e-01
1.736999999999919497e+00,-8.387637625353925319e-01,-1.120364633054604653e-02,-6.868672129150200645e-01
1.737999999999919387e+00,-8.386432343335107342e-01,-1.143013562685413209e-02,-6.860973742917610974e-01
1.738999999999919277e+00,-8.385220333975788032e-01,-1.165726259038440960e-02,-6.853154929209288593e-01
1.739999999999919167e+00,-8.384001571735599789e-01,-1.188502042714167928e-02,-6.845216103470433966e-01
1.740999999999919057e+00,-8.382776031368697200e-01,-1.211340233114183151e-02,-6.837157686624225628e-01
1.741999999999918947e+00,-8.381543687952145438e-01,-1.234240147949278166e-02,-6.828980105025242997e-01
1.742999999999918836e+00,-8.380304516916599056e-01,-1.257201102686067440e-02,-6.820683790413865077e-01
1.743999999999918726e+00,-8.379058494079234531e-01,-1.280222409930675820e-02,-6.812269179871879299e-01
1.744999999999918616e+00,-8.377805595678826656e-01,-1.303303378749837149e-02,-6.803736715779531430e-01
1.745999999999918506e+00,-8.376545798412750043e-01,-1.326443313933001189e-02,-6.795086845774194195e-01
1.746999999999918396e+00,-8.375279079475583810e-01,-1.349641515202754105e-02,-6.786320022710751187e-01
1.747999999999918286e+00,-8.374005416598837570e-01,-1.372897276386508825e-02,-6.777436704623684971e-01
1.748999999999918176e+00,-8.372724788091178150e-01,-1.396209884568755388e-02,-6.768437354690651775e-01
1.749999999999918066e+00,-8.371437172878336552e-01,-1.419578619251432583e-02,-6.759322441197105347e-01
1.750999999999917955e+00,-8.370142550541733728e-01,-1.443002751558847274e-02,-6.750092437501228337e-01
1.751999999999917845e+00,-8.368840901354671624e-01,-1.466481543532954790e-02,-6.740747821998074318e-01
1.752999999999917735e+00,-8.367532206314853838e-01,-1.490014247573784312e-02,-6.731289078081453825e-01
1.753999999999917625e+00,-8.366216447171952453e-01,-1.513600106085916108e-02,-6.721716694101780298e-01
1.754999999999917515e+00,-8.364893606448993157e-01,-1.537238351394443203e-02,-6.712031163317851989e-01
1.755999999999917405e+00,-8.363563667456560546e-01,-1.560928205989692286e-02,-6.702232983840510361e-01
1.756999999999917295e+00,-8.362226614299143046e-01,-1.584668883147583029e-02,-6.692322658566399740e-01
1.757999999999917184e+00,-8.360882431873442044e-01,-1.608459587951643899e-02,-6.682300695100624743e-01
1.758999999999917074e+00,-8.359531105858991618e-01,-1.632299518713226094e-02,-6.672167605668114509e-01
1.759999999999916964e+00,-8.358172622702044752e-01,-1.656187868752245773e-02,-6.661923907014736246e-01
1.760999999999916854e+00,-8.356806969594151591e-01,-1.680123828465679425e-02,-6.651570120300609457e-01
1.761999999999916744e+00,-8.355434134447194960e-01,-1.704106587581610821e-02,-6.641106770989356756e-01
1.762999999999916634e+00,-8.354054105866752789e-01,-1.728135337477454403e-02,-6.630534388737988616e-01
1.763999999999916524e+00,-8.352666873125560443e-01,-1.752209273436489134e-02,-6.619853507292527972e-01
1.764999999999916414e+00,-8.351272426138524052e-01,-1.776327596727017566e-02,-6.609064664394277422e-01
1.765999999999916303e+00,-8.349870755440308434e-01,-1.800489516411230007e-02,-6.598168401700863495e-01
1.766999999999916193e+00,-8.348461852166070285e-01,-1.824694250821828900e-02,-6.587165264724978986e-01
1.767999999999916083e+00,-8.347045708035506495e-01,-1.848941028677436593e-02,-6.576055802792363236e-01
1.768999999999915973e+00,-8.345622315340032182e-01,-1.873229089838446271e-02,-6.564840569019183558e-01
1.769999999999915863e+00,-8.344191666932759821e-01,-1.897557685729422960e-02,-6.553520120307838592e-01
1.770999999999915753e+00,-8.342753756220800954e-01,-1.921926079470720472e-02,-6.542095017359319531e-01
1.771999999999915643e+00,-8.341308577159446402e-01,-1.946333545770767559e-02,-6.530565824699765543e-01
1.772999999999915532e+00,-8.339856124247815305e-01,-1.970779370632919081e-02,-6.518933110718628798e-01
1.773999999999915422e+00,-8.338396392525648793e-01,-1.995262850927981280e-02,-6.507197447715873384e-01
1.774999999999915312e+00,-8.336929377570995170e-01,-2.019783293877996933e-02,-6.495359411955838880e-01
1.775999999999915202e+00,-8.335455075498642286e-01,-2.044340016489543110e-02,-6.483419583725695823e-01
1.776999999999915092e+00,-8.333973482959176060e-01,-2.068932344967189252e-02,-6.471378547396723357e-01
1.777999999999914982e+00,-8.332484597138629656e-01,-2.093559614130791058e-02,-6.459236891487004639e-01
1.778999999999914872e+00,-8.330988415758687760e-01,-2.118221166853534454e-02,-6.446995208724417559e-01
1.779999999999914762e+00,-8.329484937077463735e-01,-2.142916353532703377e-02,-6.434654096109072574e-01
1.780999999999914651e+00,-8.327974159890823014e-01,-2.167644531600465552e-02,-6.422214154974564826e-01
1.781999999999914541e+00,-8.326456083534290453e-01,-2.192405065078872894e-02,-6.409675991047589783e-01
1.782999999999914431e+00,-8.324930707885505043e-01,-2.217197324180603113e-02,-6.397040214505583799e-01
1.783999999999914321e+00,-8.323398033367248594e-01,-2.242020684955098320e-02,-6.384307440032168657e-01
1.784999999999914211e+00,-8.321858060950988456e-01,-2.266874528978563008e-02,-6.371478286870241314e-01
1.785999999999914101e+00,-8.320310792160939828e-01,-2.291758243085328939e-02,-6.358553378872566775e-01
1.786999999999913991e+00,-8.318756229078579922e-01,-2.316671219137517168e-02,-6.345533344549793009e-01
1.787999999999913880e+00,-8.317194374347587349e-01,-2.341612853829666552e-02,-6.332418817115780252e-01
1.788999999999913770e+00,-8.315625231179121224e-01,-2.366582548524842622e-02,-6.319210434530150300e-01
1.789999999999913660e+00,-8.314048803357398931e-01,-2.391579709118618613e-02,-6.305908839537943678e-01
1.790999999999913550e+00,-8.312465095245488156e-01,-2.416603745927503599e-02,-6.292514679706258107e-01
1.791999999999913440e+00,-8.310874111791234364e-01,-2.441654073598326091e-02,-6.279028607457716182e-01
1.792999999999913330e+00,-8.309275858533240466e-01,-2.466730111035414508e-02,-6.265451280100591269e-01
1.793999999999913220e+00,-8.307670341606825382e-01,-2.491831281342310467e-02,-6.251783359855396238e-01
1.794999999999913110e+00,-8.306057567749854931e-01,-2.516957011775111663e-02,-6.238025513877722972e-01
1.795999999999912999e+00,-8.304437544308366226e-01,-2.542106733704668775e-02,-6.224178414277090621e-01
1.796999999999912889e+00,-8.302810279241896740e-01,-2.567279882584799777e-02,-6.210242738131553919e-01
1.797999999999912779e+00,-8.301175781128417031e-01,-2.592475897924201300e-02,-6.196219167497809543e-01
1.798999999999912669e+00,-8.299534059168786060e-01,-2.617694223259509068e-02,-6.182108389416517413e-01
1.799999999999912559e+00,-8.297885123190643641e-01,-2.642934306127431299e-02,-6.167911095912567143e-01
1.800999999999912449e+00,-8.296228983651547928e-01,-2.668195598022582438e-02,-6.153627983986852401e-01
1.801999999999912339e+00,-8.294565651604793866e-01,-2.693477550322642688e-02,-6.139259754527954804e-01
1.802999999999912228e+00,-8.292895138652457421e-01,-2.718779609002952569e-02,-6.124807109729089039e-01
1.803999999999912118e+00,-8.291217456905713989e-01,-2.744101210501415089e-02,-6.110270752332671584e-01
1.804999999999912008e+00,-8.289532618984783996e-01,-2.769441782132142649e-02,-6.095651385662239630e-01
1.805999999999911898e+00,-8.287840638018082462e-01,-2.794800742464703669e-02,-6.080949713649245192e-01
1.806999999999911788e+00,-8.286141527638791748e-01,-2.820177501495502170e-02,-6.066166440854768860e-01
1.807999999999911678e+00,-8.284435301980735966e-01,-2.845571460817242215e-02,-6.051302272486209777e-01
1.808999999999911568e+00,-8.282721975673562609e-01,-2.870982013785716713e-02,-6.036357914409015146e-01
1.809999999999911457e+00,-8.281001563837220303e-01,-2.896408545682988001e-02,-6.021334073153536970e-01
1.810999999999911347e+00,-8.279274082075757102e-01,-2.921850433876466147e-02,-6.006231455917117046e-01
1.811999999999911237e+00,-8.277539546470440435e-01,-2.947307047973091176e-02,-5.991050770561507921e-01
1.812999999999911127e+00,-8.275797973572217581e-01,-2.972777749968352756e-02,-5.975792725605783007e-01
1.813999999999911017e+00,-8.274049380393548869e-01,-2.998261894389486759e-02,-5.960458030214885738e-01
1.814999999999910907e+00,-8.272293784399619154e-01,-3.023758828432776546e-02,-5.945047394183995415e-01
1.815999999999910797e+00,-8.270531203498983075e-01,-3.049267892094509325e-02,-5.929561527918915109e-01
1.816999999999910687e+00,-8.268761656033660756e-01,-3.074788418295532066e-02,-5.914001142412693701e-01
1.817999999999910576e+00,-8.266985160768725027e-01,-3.100319732999368139e-02,-5.898366949218729616e-01
1.818999999999910466e+00,-8.265201736881441219e-01,-3.125861155323766960e-02,-5.882659660420613834e-01
1.819999999999910356e+00,-8.263411403949982859e-01,-3.151411997645797713e-02,-5.866879988598984186e-01
1.820999999999910246e+00,-8.261614181941785429e-01,-3.176971565700664746e-02,-5.851028646795691790e-01
1.821999999999910136e+00,-8.259810091201601479e-01,-3.202539158674289066e-02,-5.835106348475581628e-01
1.822999999999910026e+00,-8.257999152439298163e-01,-3.228114069290022314e-02,-5.819113807486216983e-01
1.823999999999909916e+00,-8.256181386717458270e-01,-3.253695583889654186e-02,-5.803051738015873040e-01
1.824999999999909805e+00,-8.254356815438862460e-01,-3.279282982509013067e-02,-5.786920854550147153e-01
1.825999999999909695e+00,-8.252525460333894891e-01,-3.304875538948548463e-02,-5.770721871827525495e-01
1.826999999999909585e+00,-8.250687343447949962e-01,-3.330472520839183881e-02,-5.754455504794264709e-01
1.827999999999909475e+00,-8.248842487128894563e-01,-3.356073189703795423e-02,-5.738122468558936040e-01
1.828999999999909365e+00,-8.246990914014665774e-01,-3.381676801014676936e-02,-5.721723478346983915e-01
1.829999999999909255e+00,-8.245132647021049532e-01,-3.407282604247308111e-02,-5.705259249455643111e-01
1.830999999999909145e+00,-8.243267709329722415e-01,-3.432889842930808566e-02,-5.688730497209557591e-01
1.831999999999909035e+00,-8.241396124376599852e-01,-3.458497754695355475e-02,-5.672137936917434065e-01
1.832999999999908924e+00,-8.239517915840570694e-01,-3.484105571316820082e-02,-5.655482283830043366e-01
1.833999999999908814e+00,-8.237633107632669205e-01,-3.509712518758950628e-02,-5.638764253099887158e-01
1.834999999999908704e+00,-8.235741723885732224e-01,-3.535317817213234903e-02,-5.621984559742819743e-01
1.835999999999908594e+00,-8.233843788944610331e-01,-3.560920681136686694e-02,-5.605143918601900310e-01
1.836999999999908484e+00,-8.231939327356975200e-01,-3.586520319287606062e-02,-5.588243044313749852e-01
1.837999999999908374e+00,-8.230028363864770879e-01,-3.612115934759513314e-02,-5.571282651277638109e-01
1.838999999999908264e+00,-8.228110923396356746e-01,-3.637706725013167830e-02,-5.554263453627542590e-01
1.839999999999908153e+00,-8.226187031059374322e-01,-3.663291881906755032e-02,-5.537186165207377275e-01
1.840999999999908043e+00,-8.224256712134382363e-01,-3.688870591724136005e-02,-5.520051499549580853e-01
1.841999999999907933e+00,-8.222319992069283545e-01,-3.714442035201076520e-02,-5.502860169857225481e-01
1.842999999999907823e+00,-8.220376896474578254e-01,-3.740005387549388827e-02,-5.485612888989804814e-01
1.843999999999907713e+00,-8.218427451119454386e-01,-3.765559818478675380e-02,-5.468310369452809017e-01
1.844999999999907603e+00,-8.216471681928740889e-01,-3.791104492215630062e-02,-5.450953323391213301e-01
1.845999999999907493e+00,-8.214509614980730623e-01,-3.816638567520547198e-02,-5.433542462586943289e-01
1.846999999999907383e+00,-8.212541276505880283e-01,-3.842161197700977304e-02,-5.416078498460398238e-01
1.847999999999907272e+00,-8.210566692886380746e-01,-3.867671530622096565e-02,-5.398562142076063219e-01
1.848999999999907162e+00,-8.208585890656598938e-01,-3.893168708713812265e-02,-5.380994104152230229e-01
1.849999999999907052e+00,-8.206598896504369023e-01,-3.918651868974182273e-02,-5.363375095074821575e-01
1.850999999999906942e+00,-8.204605737273118482e-01,-3.944120142969187448e-02,-5.345705824915287785e-01
1.851999999999906832e+00,-8.202606439964810203e-01,-3.969572656829201129e-02,-5.327987003452679948e-01
1.852999999999906722e+00,-8.200601031745935465e-01,-3.995008531298493981e-02,-5.310219340225578177e-01
1.853999999999906612e+00,-8.198589539954399541e-01,-4.020426881786176576e-02,-5.292403544619649347e-01
1.854999999999906501e+00,-8.196571992106825855e-01,-4.045826818407000092e-02,-5.274540325915053618e-01
1.855999999999906391e+00,-8.194548415903729621e-01,-4.071207445951319226e-02,-5.256630393320412820e-01
1.856999999999906281e+00,-8.192518839235336525e-01,-4.096567863855921088e-02,-5.238674456009991820e-01
1.857999999999906171e+00,-8.190483290187945409e-01,-4.121907166175503567e-02,-5.220673223163823096e-01
1.858999999999906061e+00,-8.188441797050592941e-01,-4.147224441553104546e-02,-5.202627404010394807e-01
1.859999999999905951e+00,-8.186394388321948101e-01,-4.172518773190719843e-02,-5.184537707871506029e-01
1.860999999999905841e+00,-8.184341092717283273e-01,-4.197789238821325597e-02,-5.166404844208795089e-01
1.861999999999905731e+00,-8.182281939175388707e-01,-4.223034910683998167e-02,-5.148229522671382563e-01
1.862999999999905620e+00,-8.180216956865296041e-01,-4.248254855504046690e-02,-5.130012453144007223e-01
1.863999999999905510e+00,-8.178146175192628764e-01,-4.273448134480151150e-02,-5.111754345794936594e-01
1.864999999999905400e+00,-8.176069623805424236e-01,-4.298613803281048362e-02,-5.093455911122870550e-01
1.865999999999905290e+00,-8.173987332599246258e-01,-4.323750912054280526e-02,-5.075117860001980841e-01
1.866999999999905180e+00,-8.171899331721415027e-01,-4.348858505449920697e-02,-5.056740903724159519e-01
1.867999999999905070e+00,-8.169805651574163496e-01,-4.373935622662061817e-02,-5.038325754037494830e-01
1.868999999999904960e+00,-8.167706322816549180e-01,-4.398981297491350029e-02,-5.019873123179958707e-01
1.869999999999904849e+00,-8.165601376364964858e-01,-4.423994558431304513e-02,-5.001383723907270040e-01
1.870999999999904739e+00,-8.163490843392079421e-01,-4.448974428781532486e-02,-4.982858269513901206e-01
1.871999999999904629e+00,-8.161374755324086738e-01,-4.473919926790415058e-02,-4.964297473846245312e-01
1.872999999999904519e+00,-8.159253143836160405e-01,-4.498830065829606539e-02,-4.945702051307028779e-01
1.873999999999904409e+00,-8.157126040846044424e-01,-4.523703854602051377e-02,-4.927072716850172673e-01
1.874999999999904299e+00,-8.154993478505730975e-01,-4.548540297384878750e-02,-4.908410185965457750e-01
1.875999999999904189e+00,-8.152855489191261906e-01,-4.573338394307341348e-02,-4.889715174652551899e-01
1.876999999999904079e+00,-8.150712105490680592e-01,-4.598097141663581855e-02,-4.870988399384176271e-01
1.877999999999903968e+00,-8.148563360190258509e-01,-4.622815532258617299e-02,-4.852230577058458394e-01
1.878999999999903858e+00,-8.146409286259131965e-01,-4.647492555785293078e-02,-4.833442424940808113e-01
1.879999999999903748e+00,-8.144249916832539959e-01,-4.672127199228731653e-02,-4.814624660595929195e-01
1.880999999999903638e+00,-8.142085285193905175e-01,-4.696718447294034871e-02,-4.795778001810896973e-01
1.881999999999903528e+00,-8.139915424756003492e-01,-4.721265282852082912e-02,-4.776903166510491072e-01
1.882999999999903418e+00,-8.137740369041516209e-01,-4.745766687397584560e-02,-4.758000872666224290e-01
1.883999999999903308e+00,-8.135560151663263628e-01,-4.770221641513050503e-02,-4.739071838200720199e-01
1.884999999999903197e+00,-8.133374806304405347e-01,-4.794629125332178221e-02,-4.720116780889230812e-01
1.885999999999903087e+00,-8.131184366698916977e-01,-4.818988118995903847e-02,-4.701136418260184469e-01
1.886999999999902977e+00,-8.128988866612595343e-01,-4.843297603094787185e-02,-4.682131467496672417e-01
1.887999999999902867e+00,-8.126788339824860818e-01,-4.867556559091690271e-02,-4.663102645340742591e-01
1.888999999999902757e+00,-8.124582820111549974e-01,-4.891763969719387095e-02,-4.644050668002264182e-01
1.889999999999902647e+00,-8.122372341228880632e-01,-4.915918819348519264e-02,-4.624976251073973921e-01
1.890999999999902537e+00,-8.120156936898725863e-01,-4.940020094322233879e-02,-4.605880109454106308e-01
1.891999999999902426e+00,-8.117936640795284653e-01,-4.964066783254866833e-02,-4.586762957277780717e-01
1.892999999999902316e+00,-8.115711486533191410e-01,-4.988057877292900733e-02,-4.567625507858067979e-01
1.893999999999902206e+00,-8.113481507657096525e-01,-5.011992370337636782e-02,-4.548468473637389820e-01
1.894999999999902096e+00,-8.111246737632686887e-01,-5.035869259229641681e-02,-4.529292566149660804e-01
1.895999999999901986e+00,-8.109007209839084185e-01,-5.059687543896218553e-02,-4.510098495993329903e-01
1.896999999999901876e+00,-8.106762957562585470e-01,-5.083446227463528366e-02,-4.490886972815263944e-01
1.897999999999901766e+00,-8.104514013991614974e-01,-5.107144316335748835e-02,-4.471658705305227022e-01
1.898999999999901656e+00,-8.102260412212823892e-01,-5.130780820244151830e-02,-4.452414401200537331e-01
1.899999999999901545e+00,-8.100002185208194927e-01,-5.154354752269107998e-02,-4.433154767300365728e-01
1.900999999999901435e+00,-8.097739365853077187e-01,-5.177865128838482489e-02,-4.413880509489029880e-01
1.901999999999901325e+00,-8.095471986915004914e-01,-5.201310969705735809e-02,-4.394592332767582876e-01
1.902999999999901215e+00,-8.093200081053222306e-01,-5.224691297911210341e-02,-4.375290941292935276e-01
1.903999999999901105e+00,-8.090923680818792318e-01,-5.248005139729899904e-02,-4.355977038423751169e-01
1.904999999999900995e+00,-8.088642818655212841e-01,-5.271251524608916439e-02,-4.336651326772347770e-01
1.905999999999900885e+00,-8.086357526899433656e-01,-5.294429485097612575e-02,-4.317314508261846928e-01
1.906999999999900774e+00,-8.084067837783222021e-01,-5.317538056773174482e-02,-4.297967284187861892e-01
1.907999999999900664e+00,-8.081773783434783587e-01,-5.340576278164071988e-02,-4.278610355284040434e-01
1.908999999999900554e+00,-8.079475395880599820e-01,-5.363543190673808470e-02,-4.259244421790829849e-01
1.909999999999900444e+00,-8.077172707047413081e-01,-5.386437838506752396e-02,-4.239870183526878167e-01
1.910999999999900334e+00,-8.074865748764324946e-01,-5.409259268598004544e-02,-4.220488339962541469e-01
1.911999999999900224e+00,-8.072554552764974467e-01,-5.432006530548538770e-02,-4.201099590295011010e-01
1.912999999999900114e+00,-8.070239150689749730e-01,-5.454678676567115136e-02,-4.181704633524634396e-01
1.913999999999900004e+00,-8.067919574088016077e-01,-5.477274761419809179e-02,-4.162304168532041104e-01
1.914999999999899893e+00,-8.065595854420347655e-01,-5.499793842388134291e-02,-4.142898894155731537e-01
1.915999999999899783e+00,-8.063268023060724543e-01,-5.522234979236334551e-02,-4.123489509269834818e-01
1.916999999999899673e+00,-8.060936111298702134e-01,-5.544597234188364254e-02,-4.104076712861767784e-01
1.917999999999899563e+00,-8.058600150341527213e-01,-5.566879671914909400e-02,-4.084661204109568677e-01
1.918999999999899453e+00,-8.056260171316189655e-01,-5.589081359530717608e-02,-4.065243682458709595e-01
1.919999999999899343e+00,-8.053916205271419715e-01,-5.611201366602225349e-02,-4.045824847698206161e-01
1.920999999999899233e+00,-8.051568283179602048e-01,-5.633238765165649031e-02,-4.026405400035881210e-01
1.921999999999899122e+00,-8.049216435938614245e-01,-5.655192629755323441e-02,-4.006986040172649810e-01
1.922999999999899012e+00,-8.046860694373577649e-01,-5.677062037442254239e-02,-3.987567469375708495e-01
1.923999999999898902e+00,-8.044501089238523805e-01,-5.698846067882551436e-02,-3.968150389550530455e-01
1.924999999999898792e+00,-8.042137651217966532e-01,-5.720543803375621739e-02,-3.948735503311576189e-01
1.925999999999898682e+00,-8.039770410928370747e-01,-5.742154328931670104e-02,-3.929323514051640820e-01
1.926999999999898572e+00,-8.037399398919520266e-01,-5.763676732348249621e-02,-3.909915126009767539e-01
1.927999999999898462e+00,-8.035024645675785671e-01,-5.785110104295410061e-02,-3.890511044337657820e-01
1.928999999999898352e+00,-8.032646181617268955e-01,-5.806453538409123150e-02,-3.871111975164521768e-01
1.929999999999898241e+00,-8.030264037100842689e-01,-5.827706131392418332e-02,-3.851718625660308093e-01
1.930999999999898131e+00,-8.027878242421052635e-01,-5.848866983123968133e-02,-3.832331704097264313e-01
1.931999999999898021e+00,-8.025488827810911552e-01,-5.869935196773451436e-02,-3.812951919909768894e-01
1.932999999999897911e+00,-8.023095823442543129e-01,-5.890909878923389353e-02,-3.793579983752393137e-01
1.933999999999897801e+00,-8.020699259427701566e-01,-5.911790139696870838e-02,-3.774216607556135639e-01
1.934999999999897691e+00,-8.018299165818140173e-01,-5.932575092890768342e-02,-3.754862504582789362e-01
1.935999999999897581e+00,-8.015895572605834518e-01,-5.953263856113888419e-02,-3.735518389477389123e-01
1.936999999999897470e+00,-8.013488509723050157e-01,-5.973855550929596525e-02,-3.716184978318695098e-01
1.937999999999897360e+00,-8.011078007042251592e-01,-5.994349303002438623e-02,-3.696862988667666272e-01
1.938999999999897250e+00,-8.008664094375851361e-01,-6.014744242248332151e-02,-3.677553139613882194e-01
1.939999999999897140e+00,-8.006246801475783714e-01,-6.035039502987693538e-02,-3.658256151819864743e-01
1.940999999999897030e+00,-8.003826158032908422e-01,-6.055234224101263552e-02,-3.638972747563262167e-01
1.941999999999896920e+00,-8.001402193676240282e-01,-6.075327549187986564e-02,-3.619703650776850967e-01
1.942999999999896810e+00,-7.998974937971995436e-01,-6.095318626724555156e-02,-3.600449587086317904e-01
1.943999999999896700e+00,-7.996544420422454502e-01,-6.115206610226242567e-02,-3.581211283845784910e-01
1.944999999999896589e+00,-7.994110670464641411e-01,-6.134990658408490116e-02,-3.561989470171041394e-01
1.945999999999896479e+00,-7.991673717468813498e-01,-6.154669935348938692e-02,-3.542784876970449526e-01
1.946999999999896369e+00,-7.989233590736766200e-01,-6.174243610649421399e-02,-3.523598236973493614e-01
1.947999999999896259e+00,-7.986790319499945667e-01,-6.193710859597545415e-02,-3.504430284756949177e-01
1.948999999999896149e+00,-7.984343932917374875e-01,-6.213070863327585514e-02,-3.485281756768638939e-01
1.949999999999896039e+00,-7.981894460073394315e-01,-6.232322808980156337e-02,-3.466153391348766877e-01
1.950999999999895929e+00,-7.979441929975213954e-01,-6.251465889860496894e-02,-3.447045928748803667e-01
1.951999999999895818e+00,-7.976986371550288668e-01,-6.270499305594906536e-02,-3.427960111147916322e-01
1.952999999999895708e+00,-7.974527813643512708e-01,-6.289422262285088161e-02,-3.408896682666932021e-01
1.953999999999895598e+00,-7.972066285014238751e-01,-6.308233972660126643e-02,-3.389856389379830581e-01
1.954999999999895488e+00,-7.969601814333135970e-01,-6.326933656225708358e-02,-3.370839979322766133e-01
1.955999999999895378e+00,-7.967134430178879345e-01,-6.345520539410492988e-02,-3.351848202500625762e-01
1.956999999999895268e+00,-7.964664161034689105e-01,-6.363993855709176861e-02,-3.332881810891132335e-01
1.957999999999895158e+00,-7.962191035284730267e-01,-6.382352845822225618e-02,-3.313941558446506508e-01
1.958999999999895048e+00,-7.959715081210364529e-01,-6.400596757791898739e-02,-3.295028201092707332e-01
1.959999999999894937e+00,-7.957236326986285579e-01,-6.418724847134482658e-02,-3.276142496726282549e-01
1.960999999999894827e+00,-7.954754800676543391e-01,-6.436736376968399398e-02,-3.257285205208850232e-01
1.961999999999894717e+00,-7.952270530230453049e-01,-6.454630618138218479e-02,-3.238457088359255609e-01
1.962999999999894607e+00,-7.949783543478429193e-01,-6.472406849334211287e-02,-3.219658909943440839e-01
1.963999999999894497e+00,-7.947293868127741634e-01,-6.490064357207409040e-02,-3.200891435662078233e-01
1.964999999999894387e+00,-7.944801531758203250e-01,-6.507602436480031116e-02,-3.182155433136015232e-01
1.965999999999894277e+00,-7.942306561817827903e-01,-6.525020390051139429e-02,-3.163451671889597749e-01
1.966999999999894166e+00,-7.939808985618452830e-01,-6.542317529097346762e-02,-3.144780923331930156e-01
1.967999999999894056e+00,-7.937308830331355480e-01,-6.559493173168601254e-02,-3.126143960736146310e-01
1.968999999999893946e+00,-7.934806122982880350e-01,-6.576546650278847217e-02,-3.107541559216767113e-01
1.969999999999893836e+00,-7.932300890450093567e-01,-6.593477296991523406e-02,-3.088974495705233414e-01
1.970999999999893726e+00,-7.929793159456496321e-01,-6.610284458499804394e-02,-3.070443548923694754e-01
1.971999999999893616e+00,-7.927282956567800465e-01,-6.626967488701518416e-02,-3.051949499357161089e-01
1.972999999999893506e+00,-7.924770308187805146e-01,-6.643525750268702845e-02,-3.033493129224110740e-01
1.973999999999893395e+00,-7.922255240554394451e-01,-6.659958614711630753e-02,-3.015075222445673386e-01
1.974999999999893285e+00,-7.919737779735671612e-01,-6.676265462437425136e-02,-2.996696564613498537e-01
1.975999999999893175e+00,-7.917217951626271955e-01,-6.692445682803005447e-02,-2.978357942956437188e-01
1.976999999999893065e+00,-7.914695781943861252e-01,-6.708498674162460818e-02,-2.960060146306167095e-01
1.977999999999892955e+00,-7.912171296225865014e-01,-6.724423843908722276e-02,-2.941803965061901560e-01
1.978999999999892845e+00,-7.909644519826446452e-01,-6.740220608509489564e-02,-2.923590191154325502e-01
1.979999999999892735e+00,-7.907115477914438140e-01,-6.755888393551201521e-02,-2.905419618012993199e-01
1.980999999999892625e+00,-7.904584195477903918e-01,-6.771426633906502124e-02,-2.887293040589918314e-01
1.981999999999892514e+00,-7.902050697327127615e-01,-6.786834773858474446e-02,-2.869211255395164306e-01
1.982999999999892404e+00,-7.899515008096701374e-01,-6.802112267192444994e-02,-2.851175060465745426e-01
1.983999999999892294e+00,-7.896977152242696807e-01,-6.817258577173490597e-02,-2.833185255325577634e-01
1.984999999999892184e+00,-7.894437154041394900e-01,-6.832273176540559767e-02,-2.815242640945750385e-01
1.985999999999892074e+00,-7.891895037588503303e-01,-6.847155547494571115e-02,-2.797348019705315769e-01
1.986999999999891964e+00,-7.889350826798897653e-01,-6.861905181680294508e-02,-2.779502195352797078e-01
1.987999999999891854e+00,-7.886804545406884692e-01,-6.876521580161876201e-02,-2.761705972968621081e-01
1.988999999999891743e+00,-7.884256216967058251e-01,-6.891004253391969092e-02,-2.743960158928691051e-01
1.989999999999891633e+00,-7.881705864855746979e-01,-6.905352721174395914e-02,-2.726265560869307603e-01
1.990999999999891523e+00,-7.879153512273104898e-01,-6.919566512620334287e-02,-2.708622987653649394e-01
1.991999999999891413e+00,-7.876599182245855868e-01,-6.933645166097929247e-02,-2.691033249340019640e-01
1.992999999999891303e+00,-7.874042897630726401e-01,-6.947588229175394314e-02,-2.673497157152054382e-01
1.993999999999891193e+00,-7.871484681118577909e-01,-6.961395258557556698e-02,-2.656015523451074056e-01
1.994999999999891083e+00,-7.868924555239258378e-01,-6.975065820015979856e-02,-2.638589161710734876e-01
1.995999999999890973e+00,-7.866362542367173472e-01,-6.988599488312707830e-02,-2.621218886494112166e-01
1.996999999999890862e+00,-7.863798664727573717e-01,-7.001995847117820082e-02,-2.603905513433298347e-01
1.997999999999890752e+00,-7.861232944403560019e-01,-7.015254488921079945e-02,-2.586649859211556657e-01
1.998999999999890642e+00,-7.858665403343759737e-01,-7.028375014938004206e-02,-2.569452741547988972e-01
1.999999999999890532e+00,-7.856096063370644478e-01,-7.041357035010781251e-02,-2.552314979184608923e-01
2.000999999999890644e+00,-7.853524946189438527e-01,-7.054200167504759422e-02,-2.535237391875589941e-01
2.001999999999890534e+00,-7.850952073397516884e-01,-7.066904039201166166e-02,-2.518220800378347946e-01
2.002999999999890424e+00,-7.848377466494220744e-01,-7.079468285187107135e-02,-2.501266026445957968e-01
2.003999999999890314e+00,-7.845801146890932776e-01,-7.091892548743999880e-02,-2.484373892820229968e-01
2.004999999999890203e+00,-7.843223135921272293e-01,-7.104176481235935370e-02,-2.467545223224569539e-01
2.005999999999890093e+00,-7.840643454851223826e-01,-7.116319741999699300e-02,-2.450780842355519129e-01
2.006999999999889983e+00,-7.838062124888960369e-01,-7.128321998238412727e-02,-2.434081575871617220e-01
2.007999999999889873e+00,-7.835479167194129291e-01,-7.140182924921278929e-02,-2.417448250377942087e-01
2.008999999999889763e+00,-7.832894602886296687e-01,-7.151902204692045517e-02,-2.400881693404419981e-01
2.009999999999889653e+00,-7.830308453052242657e-01,-7.163479527789212709e-02,-2.384382733375685626e-01
2.010999999999889543e+00,-7.827720738751756668e-01,-7.174914591981307321e-02,-2.367952199570007854e-01
2.011999999999889432e+00,-7.825131481021593283e-01,-7.186207102520758561e-02,-2.351590922064557554e-01
2.012999999999889322e+00,-7.822540700877196329e-01,-7.197356772120161450e-02,-2.335299731664102207e-01
2.013999999999889212e+00,-7.819948419311866239e-01,-7.208363320954680464e-02,-2.319079459810128585e-01
2.014999999999889102e+00,-7.817354657293019704e-01,-7.219226476694295958e-02,-2.302930938467410149e-01
2.015999999999888992e+00,-7.814759435755272987e-01,-7.229945974569473854e-02,-2.286854999985218906e-01
2.016999999999888882e+00,-7.812162775590135722e-01,-7.240521557473239556e-02,-2.270852476930735331e-01
2.017999999999888772e+00,-7.809564697632196406e-01,-7.250952976102015279e-02,-2.254924201892773983e-01
2.018999999999888662e+00,-7.806965222641805147e-01,-7.261239989136908379e-02,-2.239071007254716528e-01
2.019999999999888551e+00,-7.804364371284385760e-01,-7.271382363465850318e-02,-2.223293724936526161e-01
2.020999999999888441e+00,-7.801762164106662567e-01,-7.281379874445892408e-02,-2.207593186106886762e-01
2.021999999999888331e+00,-7.799158621510239309e-01,-7.291232306203720981e-02,-2.191970220867804631e-01
2.022999999999888221e+00,-7.796553763723125252e-01,-7.300939451971077965e-02,-2.176425657915378453e-01
2.023999999999888111e+00,-7.793947610769916823e-01,-7.310501114450534965e-02,-2.160960324181774583e-01
2.024999999999888001e+00,-7.791340182441485185e-01,-7.319917106206125235e-02,-2.145575044464662628e-01
2.025999999999887891e+00,-7.788731498265042408e-01,-7.329187250072577431e-02,-2.130270641051351943e-01
2.026999999999887780e+00,-7.786121577475537681e-01,-7.338311379576362148e-02,-2.115047933345548248e-01
2.027999999999887670e+00,-7.783510438989281743e-01,-7.347289339362073068e-02,-2.099907737504949357e-01
2.028999999999887560e+00,-7.780898101380652188e-01,-7.356120985617792263e-02,-2.084850866097790745e-01
2.029999999999887450e+00,-7.778284582862611263e-01,-7.364806186494227136e-02,-2.069878127785933775e-01
2.030999999999887340e+00,-7.775669901271669016e-01,-7.373344822513339114e-02,-2.054990327041206211e-01
2.031999999999887230e+00,-7.773054074057722529e-01,-7.381736786963866148e-02,-2.040188263900528931e-01
2.032999999999887120e+00,-7.770437118279092115e-01,-7.389981986282539994e-02,-2.025472733763986066e-01
2.033999999999887009e+00,-7.767819050602881026e-01,-7.398080340421409051e-02,-2.010844527238519752e-01
2.034999999999886899e+00,-7.765199887310659799e-01,-7.406031783203370633e-02,-1.996304430028464916e-01
2.035999999999886789e+00,-7.762579644309358651e-01,-7.413836262669210031e-02,-1.981853222872771714e-01
2.036999999999886679e+00,-7.759958337147150331e-01,-7.421493741420576162e-02,-1.967491681527556990e-01
2.037999999999886569e+00,-7.757335981034050310e-01,-7.429004196964317241e-02,-1.953220576791640239e-01
2.038999999999886459e+00,-7.754712590866895683e-01,-7.436367622063927429e-02,-1.939040674571962664e-01
2.039999999999886349e+00,-7.752088181258391941e-01,-7.443584025104243995e-02,-1.924952735985266672e-01
2.040999999999886239e+00,-7.749462766569854555e-01,-7.450653430475323580e-02,-1.910957517492107294e-01
2.041999999999886128e+00,-7.746836360947332301e-01,-7.457575878981026474e-02,-1.897055771059134865e-01
2.042999999999886018e+00,-7.744208978360778151e-01,-7.464351428277188338e-02,-1.883248244345600564e-01
2.043999999999885908e+00,-7.741580632645951310e-01,-7.470980153343126373e-02,-1.869535680910132391e-01
2.044999999999885798e+00,-7.738951337548719556e-01,-7.477462146988916869e-02,-1.855918820433976602e-01
2.045999999999885688e+00,-7.736321106771427702e-01,-7.483797520399237957e-02,-1.842398398957038608e-01
2.046999999999885578e+00,-7.733689954020931401e-01,-7.489986403712267649e-02,-1.828975149123160671e-01
2.047999999999885468e+00,-7.731057893057839969e-01,-7.496028946629934575e-02,-1.815649800431099470e-01
2.048999999999885357e+00,-7.728424937746405377e-01,-7.501925319052465957e-02,-1.802423079487584789e-01
2.049999999999885247e+00,-7.725791102104376806e-01,-7.507675711727007650e-02,-1.789295710258638761e-01
2.050999999999885137e+00,-7.723156400351933737e-01,-7.513280336895800104e-02,-1.776268414314991217e-01
2.051999999999885027e+00,-7.720520846958671690e-01,-7.518739428925186319e-02,-1.763341911066953482e-01
2.052999999999884917e+00,-7.717884456687361672e-01,-7.524053244891476533e-02,-1.750516917983514775e-01
2.053999999999884807e+00,-7.715247244632964518e-01,-7.529222065094925975e-02,-1.737794150789744030e-01
2.054999999999884697e+00,-7.712609226255181527e-01,-7.534246193467675212e-02,-1.725174323635868812e-01
2.055999999999884587e+00,-7.709970417402596254e-01,-7.539125957837111702e-02,-1.712658149230739668e-01
2.056999999999884476e+00,-7.707330834326309166e-01,-7.543861710002330856e-02,-1.700246338931883650e-01
2.057999999999884366e+00,-7.704690493680903529e-01,-7.548453825579498622e-02,-1.687939602784130910e-01
2.058999999999884256e+00,-7.702049412510616477e-01,-7.552902703572417220e-02,-1.675738649499004806e-01
2.059999999999884146e+00,-7.699407608218827859e-01,-7.557208765628142810e-02,-1.663644186367848610e-01
2.060999999999884036e+00,-7.696765098519305903e-01,-7.561372454945208821e-02,-1.651656919103131338e-01
2.061999999999883926e+00,-7.694121901368295990e-01,-7.565394234813521690e-02,-1.639777551604605088e-01
2.062999999999883816e+00,-7.691478034877243797e-01,-7.569274586781044034e-02,-1.628006785649963317e-01
2.063999999999883705e+00,-7.688833517206900003e-01,-7.573014008461803614e-02,-1.616345320513253858e-01
2.064999999999883595e+00,-7.686188366444530740e-01,-7.576613011021415822e-02,-1.604793852518298092e-01
2.065999999999883485e+00,-7.683542600466963801e-01,-7.580072116398656190e-02,-1.593353074538407521e-01
2.066999999999883375e+00,-7.680896236793095522e-01,-7.583391854342019789e-02,-1.582023675457372713e-01
2.067999999999883265e+00,-7.678249292430134876e-01,-7.586572759356413620e-02,-1.570806339609582547e-01
2.068999999999883155e+00,-7.675601783718302151e-01,-7.589615367665336620e-02,-1.559701746218851715e-01
2.069999999999883045e+00,-7.672953726178650680e-01,-7.592520214296361036e-02,-1.548710568855856395e-01
2.070999999999882935e+00,-7.670305134368421429e-01,-7.595287830392172257e-02,-1.537833474932926714e-01
2.071999999999882824e+00,-7.667656021750235418e-01,-7.597918740889469946e-02,-1.527071125266183105e-01
2.072999999999882714e+00,-7.665006400582803359e-01,-7.600413462736638204e-02,-1.516424173778181672e-01
2.073999999999882604e+00,-7.662356281824412862e-01,-7.602772503479410249e-02,-1.505893267246515288e-01
2.074999999999882494e+00,-7.659705675048571472e-01,-7.604996360208826633e-02,-1.495479045072523883e-01
2.075999999999882384e+00,-7.657054588372445014e-01,-7.607085518890205345e-02,-1.485182139126457190e-01
2.076999999999882274e+00,-7.654403028401908227e-01,-7.609040454153598310e-02,-1.475003173668391065e-01
2.077999999999882164e+00,-7.651751000190467611e-01,-7.610861629489112934e-02,-1.464942765338517472e-01
2.078999999999882053e+00,-7.649098507209983744e-01,-7.612549497801124332e-02,-1.455001523208461212e-01
2.079999999999881943e+00,-7.646445551330869339e-01,-7.614104502268365104e-02,-1.445180048884130708e-01
2.080999999999881833e+00,-7.643792132809400508e-01,-7.615527077454925520e-02,-1.435478936650222692e-01
2.081999999999881723e+00,-7.641138250279867483e-01,-7.616817650617552227e-02,-1.425898773646697149e-01
2.082999999999881613e+00,-7.638483900749502009e-01,-7.617976643158425043e-02,-1.416440140068184750e-01
2.083999999999881503e+00,-7.635829079594353974e-01,-7.619004472177448584e-02,-1.407103609378215769e-01
2.084999999999881393e+00,-7.633173780554647347e-01,-7.619901552084201724e-02,-1.397889748531233878e-01
2.085999999999881283e+00,-7.630517995728396397e-01,-7.620668296235888484e-02,-1.388799118196485383e-01
2.086999999999881172e+00,-7.627861715562472833e-01,-7.621305118573751258e-02,-1.379832272978958330e-01
2.087999999999881062e+00,-7.625204928840594309e-01,-7.621812435236019478e-02,-1.370989761633560622e-01
2.088999999999880952e+00,-7.622547622668044420e-01,-7.622190666130268522e-02,-1.362272127269630873e-01
2.089999999999880842e+00,-7.619889782453292959e-01,-7.622440236452093787e-02,-1.353679907543689220e-01
2.090999999999880732e+00,-7.617231391887040459e-01,-7.622561578140113481e-02,-1.345213634839073913e-01
2.091999999999880622e+00,-7.614572432919598510e-01,-7.622555131259478589e-02,-1.336873836431817786e-01
2.092999999999880512e+00,-7.611912885738048029e-01,-7.622421345307217599e-02,-1.328661034642889538e-01
2.093999999999880401e+00,-7.609252728745121708e-01,-7.622160680433176516e-02,-1.320575746977860343e-01
2.094999999999880291e+00,-7.606591938542586195e-01,-7.621773608569309966e-02,-1.312618486256339756e-01
2.095999999999880181e+00,-7.603930489922815505e-01,-7.621260614458436056e-02,-1.304789760735426962e-01
2.096999999999880071e+00,-7.601268355873587179e-01,-7.620622196570459028e-02,-1.297090074234366341e-01
2.097999999999879961e+00,-7.598605507602974596e-01,-7.619858867889239828e-02,-1.289519926272242045e-01
2.098999999999879851e+00,-7.595941914593770106e-01,-7.618971156546933132e-02,-1.282079812237978400e-01
2.099999999999879741e+00,-7.593277544700660631e-01,-7.617959606273067008e-02,-1.274770223623907517e-01
2.100999999999879631e+00,-7.590612364308968463e-01,-7.616824776612352021e-02,-1.267591648373701252e-01
2.101999999999879520e+00,-7.587946338582381989e-01,-7.615567242845971974e-02,-1.260544571427571758e-01
2.102999999999879410e+00,-7.585279431840508124e-01,-7.614187595522481367e-02,-1.253629475600950838e-01
2.103999999999879300e+00,-7.582611608128486669e-01,-7.612686439461158194e-02,-1.246846843021872930e-01
2.104999999999879190e+00,-7.579942832075283743e-01,-7.611064392024080583e-02,-1.240197157500570191e-01
2.105999999999879080e+00,-7.577273070191407056e-01,-7.609322080351638151e-02,-1.233680908445471264e-01
2.106999999999878970e+00,-7.574602292836140061e-01,-7.607460137107591169e-02,-1.227298597298749072e-01
2.107999999999878860e+00,-7.571930477174509955e-01,-7.605479194094239004e-02,-1.221050747867943181e-01
2.108999999999878749e+00,-7.569257611447586243e-01,-7.603379872979637577e-02,-1.214937921864494424e-01
2.109999999999878639e+00,-7.566583700464305506e-01,-7.601162772699582293e-02,-1.208960738623316850e-01
2.110999999999878529e+00,-7.563908770773647428e-01,-7.598828454624401152e-02,-1.203119889825349786e-01
2.111999999999878419e+00,-7.561232871724129501e-01,-7.596377429597545028e-02,-1.197416126992484897e-01
2.112999999999878309e+00,-7.558556069010109457e-01,-7.593810152842001004e-02,-1.191850203001766501e-01
2.113999999999878199e+00,-7.555878433044665998e-01,-7.591127029589622710e-02,-1.186422790280098755e-01
2.114999999999878089e+00,-7.553200029142138616e-01,-7.588328428416324378e-02,-1.181134429194839880e-01
2.115999999999877978e+00,-7.550520913886447083e-01,-7.585414696631004317e-02,-1.175985527434243311e-01
2.116999999999877868e+00,-7.547841136300460496e-01,-7.582386173832922349e-02,-1.170976388490265196e-01
2.117999999999877758e+00,-7.545160740365425278e-01,-7.579243202577623517e-02,-1.166107244103178758e-01
2.118999999999877648e+00,-7.542479767065710661e-01,-7.575986136468149112e-02,-1.161378280065939184e-01
2.119999999999877538e+00,-7.539798255667033988e-01,-7.572615346233896316e-02,-1.156789654250887645e-01
2.120999999999877428e+00,-7.537116244414843180e-01,-7.569131224257619195e-02,-1.152341508613840548e-01
2.121999999999877318e+00,-7.534433770863228075e-01,-7.565534187863715010e-02,-1.148033977064891603e-01
2.122999999999877208e+00,-7.531750871982051398e-01,-7.561824681563245054e-02,-1.143867190593758493e-01
2.123999999999877097e+00,-7.529067584135236135e-01,-7.558003178374839148e-02,-1.139841280563684417e-01
2.124999999999876987e+00,-7.526383942986898390e-01,-7.554070180298527726e-02,-1.135956380758346845e-01
2.125999999999876877e+00,-7.523699983369700472e-01,-7.550026218003186296e-02,-1.132212628557783818e-01
2.126999999999876767e+00,-7.521015739136389655e-01,-7.545871849789609342e-02,-1.128610165491694822e-01
2.127999999999876657e+00,-7.518331243007434495e-01,-7.541607659903554195e-02,-1.125149137340678424e-01
2.128999999999876547e+00,-7.515646526423052087e-01,-7.537234256291702739e-02,-1.121829693908000525e-01
2.129999999999876437e+00,-7.512961619405249536e-01,-7.532752267912867783e-02,-1.118651988554107274e-01
2.130999999999876326e+00,-7.510276550434012988e-01,-7.528162341733768415e-02,-1.115616177565945250e-01
2.131999999999876216e+00,-7.507591346340937166e-01,-7.523465139548840552e-02,-1.112722419418884640e-01
2.132999999999876106e+00,-7.504906032222893320e-01,-7.518661334765558424e-02,-1.109970873978077255e-01
2.133999999999875996e+00,-7.502220631377726212e-01,-7.513751609288954469e-02,-1.107361701676991134e-01
2.134999999999875886e+00,-7.499535165263203629e-01,-7.508736650622088726e-02,-1.104895062702882930e-01
2.135999999999875776e+00,-7.496849653479547015e-01,-7.503617149275593201e-02,-1.102571116211785301e-01
2.136999999999875666e+00,-7.494164113774998137e-01,-7.498393796551011681e-02,-1.100390019589129603e-01
2.137999999999875556e+00,-7.491478562072938496e-01,-7.493067282733428813e-02,-1.098351927766452324e-01
2.138999999999875445e+00,-7.488793012518358827e-01,-7.487638295701437574e-02,-1.096456992599834646e-01
2.139999999999875335e+00,-7.486107477540895339e-01,-7.482107519939162898e-02,-1.094705362311852170e-01
2.140999999999875225e+00,-7.483421967931315200e-01,-7.476475635916973728e-02,-1.093097180995871304e-01
2.141999999999875115e+00,-7.480736492928271586e-01,-7.470743319795675186e-02,-1.091632588179462654e-01
2.142999999999875005e+00,-7.478051060312188580e-01,-7.464911243402383434e-02,-1.090311718442388972e-01
2.143999999999874895e+00,-7.475365676503457069e-01,-7.458980074424625961e-02,-1.089134701083948470e-01
2.144999999999874785e+00,-7.472680346662430306e-01,-7.452950476771019739e-02,-1.088101659834244395e-01
2.145999999999874674e+00,-7.469995074789136380e-01,-7.446823111051376065e-02,-1.087212712604089387e-01
2.146999999999874564e+00,-7.467309863821068872e-01,-7.440598635134909600e-02,-1.086467971268607197e-01
2.147999999999874454e+00,-7.464624715727756765e-01,-7.434277704751690585e-02,-1.085867541480071974e-01
2.148999999999874344e+00,-7.461939631601257616e-01,-7.427860974109057324e-02,-1.085411522506056908e-01
2.149999999999874234e+00,-7.459254611741963359e-01,-7.421349096500762244e-02,-1.085100007089495611e-01
2.150999999999874124e+00,-7.456569655739401226e-01,-7.414742724892192660e-02,-1.084933081327761617e-01
2.151999999999874014e+00,-7.453884762547909881e-01,-7.408042512469492635e-02,-1.084910824568327686e-01
2.152999999999873904e+00,-7.451199930544029071e-01,-7.401249112762731119e-02,-1.085033309099366350e-01
2.153999999999873793e+00,-7.448515157562372035e-01,-7.394363179237845030e-02,-1.085300599179402498e-01
2.154999999999873683e+00,-7.445830440933990380e-01,-7.387385365039633722e-02,-1.085712750541595883e-01
2.155999999999873573e+00,-7.443145777540220998e-01,-7.380316323254559885e-02,-1.086269810356563226e-01
2.156999999999873463e+00,-7.440461163868535843e-01,-7.373156707300260182e-02,-1.086971817210909824e-01
2.157999999999873353e+00,-7.437776596063835344e-01,-7.365907171234647999e-02,-1.087818801103126870e-01
2.158999999999873243e+00,-7.435092069986293239e-01,-7.358568370252710489e-02,-1.088810783529797765e-01
2.159999999999873133e+00,-7.432407581262490126e-01,-7.351140961057384127e-02,-1.089947777575865778e-01
2.160999999999873022e+00,-7.429723125330215394e-01,-7.343625602110065431e-02,-1.091229787930531742e-01
2.161999999999872912e+00,-7.427038697473864470e-01,-7.336022953684567804e-02,-1.092656810901940501e-01
2.162999999999872802e+00,-7.424354292859102200e-01,-7.328333677924459000e-02,-1.094228834438065179e-01
2.163999999999872692e+00,-7.421669906565441233e-01,-7.320558438869961826e-02,-1.095945838153398466e-01
2.164999999999872582e+00,-7.418985533616926364e-01,-7.312697902457615529e-02,-1.097807793361091216e-01
2.165999999999872472e+00,-7.416301169011132455e-01,-7.304752736495745413e-02,-1.099814663110201957e-01
2.166999999999872362e+00,-7.413616807746621351e-01,-7.296723610618705003e-02,-1.101966402227741587e-01
2.167999999999872252e+00,-7.410932444849015477e-01,-7.288611196222460897e-02,-1.104262957365210324e-01
2.168999999999872141e+00,-7.408248075395815757e-01,-7.280416166384207077e-02,-1.106704267049338081e-01
2.169999999999872031e+00,-7.405563694540066022e-01,-7.272139195768156927e-02,-1.109290261736746580e-01
2.170999999999871921e+00,-7.402879297532966030e-01,-7.263780960519733432e-02,-1.112020863872261039e-01
2.171999999999871811e+00,-7.400194879745525256e-01,-7.255342138150111531e-02,-1.114895987950605405e-01
2.172999999999871701e+00,-7.397510436689311852e-01,-7.246823407412800178e-02,-1.117915540581219391e-01
2.173999999999871591e+00,-7.394825964036370047e-01,-7.238225448174018251e-02,-1.121079420555943368e-01
2.174999999999871481e+00,-7.392141457638371493e-01,-7.229548941278174379e-02,-1.124387518919318651e-01
2.175999999999871370e+00,-7.389456913545024985e-01,-7.220794568409960590e-02,-1.127839719041257432e-01
2.176999999999871260e+00,-7.386772328021808942e-01,-7.211963011954070080e-02,-1.131435896691839887e-01
2.177999999999871150e+00,-7.384087697567057740e-01,-7.203054954853815861e-02,-1.135175920118001586e-01
2.178999999999871040e+00,-7.381403018928427429e-01,-7.194071080469510715e-02,-1.139059650121876655e-01
2.179999999999870930e+00,-7.378718289118796347e-01,-7.185012072437574338e-02,-1.143086940140569246e-01
2.180999999999870820e+00,-7.376033505431610626e-01,-7.175878614531105981e-02,-1.147257636327129321e-01
2.181999999999870710e+00,-7.373348665455713435e-01,-7.166671390522788565e-02,-1.151571577632513610e-01
2.182999999999870600e+00,-7.370663767089691287e-01,-7.157391084050618302e-02,-1.156028595888318605e-01
2.183999999999870489e+00,-7.367978808555768477e-01,-7.148038378487264755e-02,-1.160628515890077123e-01
2.184999999999870379e+00,-7.365293788413268539e-01,-7.138613956813533168e-02,-1.165371155480914578e-01
2.185999999999870269e+00,-7.362608705571699330e-01,-7.129118501496417570e-02,-1.170256325635369021e-01
2.186999999999870159e+00,-7.359923559303470642e-01,-7.119552694372416335e-02,-1.175283830543181057e-01
2.187999999999870049e+00,-7.357238349256307597e-01,-7.109917216536365547e-02,-1.180453467692868796e-01
2.188999999999869939e+00,-7.354553075465373180e-01,-7.100212748236500726e-02,-1.185765027954905348e-01
2.189999999999869829e+00,-7.351867738365162053e-01,-7.090439968775974489e-02,-1.191218295664324411e-01
2.190999999999869718e+00,-7.349182338801202308e-01,-7.080599556421413032e-02,-1.196813048702582011e-01
2.191999999999869608e+00,-7.346496878041611778e-01,-7.070692188318972171e-02,-1.202549058578511049e-01
2.192999999999869498e+00,-7.343811357788567751e-01,-7.060718540418287059e-02,-1.208426090508206568e-01
2.193999999999869388e+00,-7.341125780189727834e-01,-7.050679287404842954e-02,-1.214443903493687277e-01
2.194999999999869278e+00,-7.338440147849678574e-01,-7.040575102641238869e-02,-1.220602250400181360e-01
2.195999999999869168e+00,-7.335754463841458461e-01,-7.030406658117921426e-02,-1.226900878031890463e-01
2.196999999999869058e+00,-7.333068731718226374e-01,-7.020174624413866304e-02,-1.233339527206088193e-01
2.197999999999868947e+00,-7.330382955525135413e-01,-7.009879670667812368e-02,-1.239917932825415209e-01
2.198999999999868837e+00,-7.327697139811478744e-01,-6.999522464560714585e-02,-1.246635823948235022e-01
2.199999999999868727e+00,-7.325011289643188483e-01,-6.989103672309943116e-02,-1.253492923856918961e-01
2.200999999999868617e+00,-7.322325410615744268e-01,-6.978623958675950201e-02,-1.260488950123933027e-01
2.201999999999868507e+00,-7.319639508867573641e-01,-6.968083986982126499e-02,-1.267623614675602861e-01
2.202999999999868397e+00,-7.316953591094010889e-01,-6.957484419148440846e-02,-1.274896623853438715e-01
2.203999999999868287e+00,-7.314267664561872051e-01,-6.946825915739568424e-02,-1.282307678472905665e-01
2.204999999999868177e+00,-7.311581737124736025e-01,-6.936109136028206779e-02,-1.289856473879533449e-01
2.205999999999868066e+00,-7.308895817238955095e-01,-6.925334738074118146e-02,-1.297542700002268234e-01
2.206999999999867956e+00,-7.306209913980470372e-01,-6.914503378819319979e-02,-1.305366041403977495e-01
2.207999999999867846e+00,-7.303524037062453234e-01,-6.903615714199928810e-02,-1.313326177329037225e-01
2.208999999999867736e+00,-7.300838196853789430e-01,-6.892672399274624162e-02,-1.321422781747943753e-01
2.209999999999867626e+00,-7.298152404398414728e-01,-6.881674088369654774e-02,-1.329655523398919625e-01
2.210999999999867516e+00,-7.295466671435453243e-01,-6.870621435239832042e-02,-1.338024065826510234e-01
2.211999999999867406e+00,-7.292781010420108512e-01,-6.859515093244483719e-02,-1.346528067417204488e-01
2.212999999999867295e+00,-7.290095434545188491e-01,-6.848355715536746935e-02,-1.355167181432157530e-01
2.213999999999867185e+00,-7.287409957763116841e-01,-6.837143955263724759e-02,-1.363941056037152044e-01
2.214999999999867075e+00,-7.284724594808213993e-01,-6.825880465774286643e-02,-1.372849334329994120e-01
2.215999999999866965e+00,-7.282039361218973772e-01,-6.814565900830016343e-02,-1.381891654365624555e-01
2.216999999999866855e+00,-7.279354273359976979e-01,-6.803200914813695155e-02,-1.391067649179311971e-01
2.217999999999866745e+00,-7.276669348443022267e-01,-6.791786162928298287e-02,-1.400376946808392087e-01
2.218999999999866635e+00,-7.273984604546965826e-01,-6.780322301377894600e-02,-1.409819170313131032e-01
2.219999999999866525e+00,-7.271300060635682572e-01,-6.768809987520540972e-02,-1.419393937797396033e-01
2.220999999999866414e+00,-7.268615736573483810e-01,-6.757249879981519491e-02,-1.429100862429932006e-01
2.221999999999866304e+00,-7.265931653137294166e-01,-6.745642638714183237e-02,-1.438939552467137506e-01
2.222999999999866194e+00,-7.263247832024838369e-01,-6.733988924994760428e-02,-1.448909611278309251e-01
2.223999999999866084e+00,-7.260564295858076278e-01,-6.722289401336978276e-02,-1.459010637374369146e-01
2.224999999999865974e+00,-7.257881068181222251e-01,-6.710544731312978461e-02,-1.469242224441070221e-01
2.225999999999865864e+00,-7.255198173452714894e-01,-6.698755579268211857e-02,-1.479603961377613797e-01
2.226999999999865754e+00,-7.252515637030692019e-01,-6.686922609920592508e-02,-1.490095432341452808e-01
2.227999999999865643e+00,-7.249833485151737644e-01,-6.675046487837821285e-02,-1.500716216799827807e-01
2.228999999999865533e+00,-7.247151744902891046e-01,-6.663127876791635762e-02,-1.511465889588273215e-01
2.229999999999865423e+00,-7.244470444187237623e-01,-6.651167438993493830e-02,-1.522344020975946732e-01
2.230999999999865313e+00,-7.241789611683672190e-01,-6.639165834222665596e-02,-1.533350176737209858e-01
2.231999999999865203e+00,-7.239109276801769521e-01,-6.627123718863908719e-02,-1.544483918228444774e-01
2.232999999999865093e+00,-7.236429469632905676e-01,-6.615041744878213947e-02,-1.555744802468674304e-01
2.233999999999864983e+00,-7.233750220899010097e-01,-6.602920558734537426e-02,-1.567132382222200804e-01
2.234999999999864873e+00,-7.231071561900401790e-01,-6.590760800334083402e-02,-1.578646206081231462e-01
2.235999999999864762e+00,-7.228393524464209463e-01,-6.578563101959439274e-02,-1.590285818546338381e-01
2.236999999999864652e+00,-7.225716140894732353e-01,-6.566328087280176584e-02,-1.602050760102629312e-01
2.237999999999864542e+00,-7.223039443927740111e-01,-6.554056370465849435e-02,-1.613940567294287198e-01
2.238999999999864432e+00,-7.220363466699175614e-01,-6.541748555715004576e-02,-1.625954772876367083e-01
2.239999999999864322e+00,-7.217688242716175928e-01,-6.529405236840790661e-02,-1.638092905990564119e-01
2.240999999999864212e+00,-7.215013805831282934e-01,-6.517026996937219652e-02,-1.650354492224421210e-01
2.241999999999864102e+00,-7.212340190212930269e-01,-6.504614407920533692e-02,-1.662739053642132703e-01
2.242999999999863991e+00,-7.209667430322768134e-01,-6.492168030259970468e-02,-1.675246108804993583e-01
2.243999999999863881e+00,-7.206995560897802022e-01,-6.479688412842898870e-02,-1.687875172781825583e-01
2.244999999999863771e+00,-7.204324616936857995e-01,-6.467176092961779421e-02,-1.700625757150006634e-01
2.245999999999863661e+00,-7.201654633690748319e-01,-6.454631596409060590e-02,-1.713497369987941887e-01
2.246999999999863551e+00,-7.198985646655562398e-01,-6.442055437664706563e-02,-1.726489515859952750e-01
2.247999999999863441e+00,-7.196317691568444586e-01,-6.429448120160219382e-02,-1.739601695794627256e-01
2.248999999999863331e+00,-7.193650804405299359e-01,-6.416810136603490200e-02,-1.752833407257689546e-01
2.249999999999863221e+00,-7.190985021379883158e-01,-6.404141969349563812e-02,-1.766184144120407362e-01
2.250999999999863110e+00,-7.188320378943835465e-01,-6.391444090803932720e-02,-1.779653396624491235e-01
2.251999999999863000e+00,-7.185656913787258349e-01,-6.378716963846331467e-02,-1.793240651344352454e-01
2.252999999999862890e+00,-7.182994662839534694e-01,-6.365961042264917102e-02,-1.806945391147486701e-01
2.253999999999862780e+00,-7.180333663270125344e-01,-6.353176771192281524e-02,-1.820767095153646153e-01
2.254999999999862670e+00,-7.177673952489179721e-01,-6.340364587536456709e-02,-1.834705238693367657e-01
2.255999999999862560e+00,-7.175015568147797840e-01,-6.327524920401361719e-02,-1.848759293266328541e-01
2.256999999999862450e+00,-7.172358548137873768e-01,-6.314658191492655837e-02,-1.862928726499913923e-01
2.257999999999862339e+00,-7.169702930591465018e-01,-6.301764815505983552e-02,-1.877213002108309159e-01
2.258999999999862229e+00,-7.167048753879649015e-01,-6.288845200495413179e-02,-1.891611579852362224e-01
2.259999999999862119e+00,-7.164396056610877750e-01,-6.275899748220981067e-02,-1.906123915500403387e-01
2.260999999999862009e+00,-7.161744877628846151e-01,-6.262928854474536511e-02,-1.920749460790168450e-01
2.261999999999861899e+00,-7.159095256009878616e-01,-6.249932909383792978e-02,-1.935487663391926016e-01
2.262999999999861789e+00,-7.156447231059910319e-01,-6.236912297694879870e-02,-1.950337966872882633e-01
2.263999999999861679e+00,-7.153800842311052177e-01,-6.223867399033850001e-02,-1.965299810662912983e-01
2.264999999999861569e+00,-7.151156129517823867e-01,-6.210798588147981025e-02,-1.980372630021639269e-01
2.265999999999861458e+00,-7.148513132653071533e-01,-6.197706235127714569e-02,-1.995555856006872852e-01
2.266999999999861348e+00,-7.145871891903632367e-01,-6.184590705610332195e-02,-2.010848915444415630e-01
2.267999999999861238e+00,-7.143232447665766038e-01,-6.171452360966300787e-02,-2.026251230899210054e-01
2.268999999999861128e+00,-7.140594840540407384e-01,-6.158291558469547455e-02,-2.041762220647820314e-01
2.269999999999861018e+00,-7.137959111328273654e-01,-6.145108651452607651e-02,-2.057381298652223578e-01
2.270999999999860908e+00,-7.135325301024854072e-01,-6.131903989447834435e-02,-2.073107874534882433e-01
2.271999999999860798e+00,-7.132693450815307257e-01,-6.118677918315640341e-02,-2.088941353555075486e-01
2.272999999999860687e+00,-7.130063602069310891e-01,-6.105430780360859844e-02,-2.104881136586451706e-01
2.273999999999860577e+00,-7.127435796335864771e-01,-6.092162914438070676e-02,-2.120926620095784920e-01
2.274999999999860467e+00,-7.124810075338081639e-01,-6.078874656046939773e-02,-2.137077196122894318e-01
2.275999999999860357e+00,-7.122186480967975797e-01,-6.065566337418298870e-02,-2.153332252261704327e-01
2.276999999999860247e+00,-7.119565055281279475e-01,-6.052238287591871213e-02,-2.169691171642418037e-01
2.277999999999860137e+00,-7.116945840492265862e-01,-6.038890832486287774e-02,-2.186153332914773650e-01
2.278999999999860027e+00,-7.114328878968632086e-01,-6.025524294962225635e-02,-2.202718110232361193e-01
2.279999999999859916e+00,-7.111714213226416614e-01,-6.012138994879140386e-02,-2.219384873237973954e-01
2.280999999999859806e+00,-7.109101885924968833e-01,-5.998735249146386339e-02,-2.236152987049972451e-01
2.281999999999859696e+00,-7.106491939861989682e-01,-5.985313371769102053e-02,-2.253021812249638711e-01
2.282999999999859586e+00,-7.103884417968612253e-01,-5.971873673889493972e-02,-2.269990704869499776e-01
2.283999999999859476e+00,-7.101279363304563441e-01,-5.958416463823906772e-02,-2.287059016382604615e-01
2.284999999999859366e+00,-7.098676819053383324e-01,-5.944942047096168913e-02,-2.304226093692731681e-01
2.285999999999859256e+00,-7.096076828517701163e-01,-5.931450726467557555e-02,-2.321491279125515172e-01
2.286999999999859146e+00,-7.093479435114591336e-01,-5.917942801963793631e-02,-2.338853910420471971e-01
2.287999999999859035e+00,-7.090884682370969250e-01,-5.904418570899372387e-02,-2.356313320723914251e-01
2.288999999999858925e+00,-7.088292613919064955e-01,-5.890878327899506939e-02,-2.373868838582737228e-01
2.289999999999858815e+00,-7.085703273491944509e-01,-5.877322364920034570e-02,-2.391519787939066777e-01
2.290999999999858705e+00,-7.083116704919085738e-01,-5.863750971265474510e-02,-2.409265488125755805e-01
2.291999999999858595e+00,-7.080532952122005064e-01,-5.850164433605459235e-02,-2.427105253862720247e-01
2.292999999999858485e+00,-7.077952059109926530e-01,-5.836563035989839054e-02,-2.445038395254102437e-01
2.293999999999858375e+00,-7.075374069975505220e-01,-5.822947059862548791e-02,-2.463064217786253840e-01
2.294999999999858264e+00,-7.072799028890572881e-01,-5.809316784074436413e-02,-2.481182022326527403e-01
2.295999999999858154e+00,-7.070226980101930181e-01,-5.795672484895297849e-02,-2.499391105122872603e-01
2.296999999999858044e+00,-7.067657967927165608e-01,-5.782014436025095794e-02,-2.517690757804224022e-01
2.297999999999857934e+00,-7.065092036750497684e-01,-5.768342908604673358e-02,-2.536080267381676800e-01
2.298999999999857824e+00,-7.062529231018640496e-01,-5.754658171225945917e-02,-2.554558916250443956e-01
2.299999999999857714e+00,-7.059969595236694762e-01,-5.740960489941709932e-02,-2.573125982192583927e-01
2.300999999999857604e+00,-7.057413173964036668e-01,-5.727250128275274133e-02,-2.591780738380500271e-01
2.301999999999857494e+00,-7.054860011810236697e-01,-5.713527347229785391e-02,-2.610522453381198815e-01
2.302999999999857383e+00,-7.052310153430965123e-01,-5.699792405297521292e-02,-2.629350391161303646e-01
2.303999999999857273e+00,-7.049763643523918599e-01,-5.686045558469149386e-02,-2.648263811092822495e-01
2.304999999999857163e+00,-7.047220526824730102e-01,-5.672287060242997558e-02,-2.667261967959657643e-01
2.305999999999857053e+00,-7.044680848102886639e-01,-5.658517161634396553e-02,-2.686344111964857895e-01
2.306999999999856943e+00,-7.042144652157635853e-01,-5.644736111185200134e-02,-2.705509488738604973e-01
2.307999999999856833e+00,-7.039611983813880425e-01,-5.630944154973466231e-02,-2.724757339346929874e-01
2.308999999999856723e+00,-7.037082887918069130e-01,-5.617141536623360132e-02,-2.744086900301155874e-01
2.309999999999856612e+00,-7.034557409334060152e-01,-5.603328497315318568e-02,-2.763497403568059840e-01
2.310999999999856502e+00,-7.032035592938977731e-01,-5.589505275796552430e-02,-2.782988076580749093e-01
2.311999999999856392e+00,-7.029517483619046603e-01,-5.575672108391793724e-02,-2.802558142250249906e-01
2.312999999999856282e+00,-7.027003126265408683e-01,-5.561829229014492171e-02,-2.822206818977798237e-01
2.313999999999856172e+00,-7.024492565769888675e-01,-5.547976869176962644e-02,-2.841933320667380247e-01
2.314999999999856062e+00,-7.021985847019622806e-01,-5.534115257937144428e-02,-2.861736856711415977e-01
2.315999999999855952e+00,-7.019483014891665373e-01,-5.520244621845543653e-02,-2.881616631950932317e-01
2.316999999999855842e+00,-7.016984114247738491e-01,-5.506365184900363641e-02,-2.901571846678950850e-01
2.317999999999855731e+00,-7.014489189930308566e-01,-5.492477168578668856e-02,-2.921601696659207881e-01
2.318999999999855621e+00,-7.011998286841605310e-01,-5.478580795737214570e-02,-2.941705374024831121e-01
2.319999999999855511e+00,-7.009511450047526404e-01,-5.464676295826731423e-02,-2.961882069476533541e-01
2.320999999999855401e+00,-7.007028724856740887e-01,-5.450763909062467105e-02,-2.982130972972956151e-01
2.321999999999855291e+00,-7.004550156801498950e-01,-5.436843886114367530e-02,-3.002451273732611448e-01
2.322999999999855181e+00,-7.002075791618298517e-01,-5.422916487773732364e-02,-3.022842160238840559e-01
2.323999999999855071e+00,-6.999605675233321334e-01,-5.408981984837107904e-02,-3.043302820247639762e-01
2.324999999999854960e+00,-6.997139853747924576e-01,-5.395040657989269572e-02,-3.063832440798217593e-01
2.325999999999854850e+00,-6.994678373424170204e-01,-5.381092797685566032e-02,-3.084430208226145442e-01
2.326999999999854740e+00,-6.992221280670436467e-01,-5.367138704033513896e-02,-3.105095308178962288e-01
2.327999999999854630e+00,-6.989768622027109357e-01,-5.353178686673970565e-02,-3.125826925634095921e-01
2.328999999999854520e+00,-6.987320444152371746e-01,-5.339213064661835206e-02,-3.146624244918962976e-01
2.329999999999854410e+00,-6.984876793808114659e-01,-5.325242166346494388e-02,-3.167486449733106224e-01
2.330999999999854300e+00,-6.982437717845968450e-01,-5.311266329252117835e-02,-3.188412723172233121e-01
2.331999999999854190e+00,-6.980003263193488294e-01,-5.297285899957843158e-02,-3.209402247754015725e-01
2.332999999999854079e+00,-6.977573476840490674e-01,-5.283301233978127120e-02,-3.230454205445513760e-01
2.333999999999853969e+00,-6.975148405825569720e-01,-5.269312695643246780e-02,-3.251567777692082051e-01
2.334999999999853859e+00,-6.972728097222800070e-01,-5.255320657980161458e-02,-3.272742145447619655e-01
2.335999999999853749e+00,-6.970312598128649562e-01,-5.241325502593863206e-02,-3.293976489206027480e-01
2.336999999999853639e+00,-6.967901955649103973e-01,-5.227327619549326787e-02,-3.315269989033731157e-01
2.337999999999853529e+00,-6.965496216887032688e-01,-5.213327407254247925e-02,-3.336621824603127062e-01
2.338999999999853419e+00,-6.963095428929806374e-01,-5.199325272342653070e-02,-3.358031175226815490e-01
2.339999999999853308e+00,-6.960699638837177794e-01,-5.185321629559613843e-02,-3.379497219892474980e-01
2.340999999999853198e+00,-6.958308893629450154e-01,-5.171316901647166064e-02,-3.401019137298239570e-01
2.341999999999853088e+00,-6.955923240275942998e-01,-5.157311519231611019e-02,-3.422596105888430218e-01
2.342999999999852978e+00,-6.953542725683770076e-01,-5.143305920712415436e-02,-3.444227303889499381e-01
2.343999999999852868e+00,-6.951167396686961375e-01,-5.129300552152826764e-02,-3.465911909346040543e-01
2.344999999999852758e+00,-6.948797300035929325e-01,-5.115295867172453548e-02,-3.487649100156711701e-01
2.345999999999852648e+00,-6.946432482387304708e-01,-5.101292326841971869e-02,-3.509438054109922933e-01
2.346999999999852538e+00,-6.944072990294165582e-01,-5.087290399580174372e-02,-3.531277948919133713e-01
2.347999999999852427e+00,-6.941718870196665891e-01,-5.073290561053661607e-02,-3.553167962257599566e-01
2.348999999999852317e+00,-6.939370168413102613e-01,-5.059293294079297842e-02,-3.575107271792411501e-01
2.349999999999852207e+00,-6.937026931131420326e-01,-5.045299088529764386e-02,-3.597095055217652826e-01
2.350999999999852097e+00,-6.934689204401190965e-01,-5.031308441242476892e-02,-3.619130490286513457e-01
2.351999999999851987e+00,-6.932357034126083173e-01,-5.017321855932160846e-02,-3.641212754842175214e-01
2.352999999999851877e+00,-6.930030466056842364e-01,-5.003339843107368345e-02,-3.663341026847292681e-01
2.353999999999851767e+00,-6.927709545784813683e-01,-4.989362919991324752e-02,-3.685514484411873681e-01
2.354999999999851656e+00,-6.925394318736017851e-01,-4.975391610447416069e-02,-3.707732305819368412e-01
2.355999999999851546e+00,-6.923084830165819881e-01,-4.961426444909738942e-02,-3.729993669550759061e-01
2.356999999999851436e+00,-6.920781125154196189e-01,-4.947467960319151814e-02,-3.752297754306437860e-01
2.357999999999851326e+00,-6.918483248601651203e-01,-4.933516700065199156e-02,-3.774643739025650424e-01
2.358999999999851216e+00,-6.916191245225781215e-01,-4.919573213934480549e-02,-3.797030802903274549e-01
2.359999999999851106e+00,-6.913905159558531022e-01,-4.905638058065903140e-02,-3.819458125403694670e-01
2.360999999999850996e+00,-6.911625035944163331e-01,-4.891711794913417011e-02,-3.841924886271521067e-01
2.361999999999850886e+00,-6.909350918537957575e-01,-4.877794993216733044e-02,-3.864430265538897347e-01
2.362999999999850775e+00,-6.907082851305674787e-01,-4.863888227980744938e-02,-3.886973443529130878e-01
2.363999999999850665e+00,-6.904820878023807396e-01,-4.849992080464138322e-02,-3.909553600856373601e-01
2.364999999999850555e+00,-6.902565042280622842e-01,-4.836107138177964115e-02,-3.932169918421082877e-01
2.365999999999850445e+00,-6.900315387478032081e-01,-4.822233994894725706e-02,-3.954821577400987054e-01
2.366999999999850335e+00,-6.898071956834301854e-01,-4.808373250668723786e-02,-3.977507759237288165e-01
2.367999999999850225e+00,-6.895834793387595196e-01,-4.794525511868225065e-02,-4.000227645615844763e-01
2.368999999999850115e+00,-6.893603940000374575e-01,-4.780691391220059927e-02,-4.022980418443105055e-01
2.369999999999850004e+00,-6.891379439364638815e-01,-4.766871507867176394e-02,-4.045765259816581083e-01
2.370999999999849894e+00,-6.889161334008000459e-01,-4.753066487439544519e-02,-4.068581351989709050e-01
2.371999999999849784e+00,-6.886949666300566930e-01,-4.739276962138661009e-02,-4.091427877331005325e-01
2.372999999999849674e+00,-6.884744478462601069e-01,-4.725503570835676292e-02,-4.114304018277498143e-01
2.373999999999849564e+00,-6.882545812572901101e-01,-4.711746959182916417e-02,-4.137208957282546007e-01
2.374999999999849454e+00,-6.880353710577848947e-01,-4.698007779738111456e-02,-4.160141876758268742e-01
2.375999999999849344e+00,-6.878168214301025873e-01,-4.684286692100331218e-02,-4.183101959013009186e-01
2.376999999999849233e+00,-6.875989365453296642e-01,-4.670584363055901855e-02,-4.206088386184441141e-01
2.377999999999849123e+00,-6.873817205643253381e-01,-4.656901466731983019e-02,-4.229100340169203998e-01
2.378999999999849013e+00,-6.871651776387830424e-01,-4.643238684754635859e-02,-4.252137002550220313e-01
2.379999999999848903e+00,-6.869493119122958014e-01,-4.629596706407301809e-02,-4.275197554523211263e-01
2.380999999999848793e+00,-6.867341275214036145e-01,-4.615976228784568480e-02,-4.298281176824272354e-01
2.381999999999848683e+00,-6.865196285966014278e-01,-4.602377956934922132e-02,-4.321387049660791457e-01
2.382999999999848573e+00,-6.863058192632858212e-01,-4.588802603985142614e-02,-4.344514352648371491e-01
2.383999999999848463e+00,-6.860927036426160974e-01,-4.575250891237797601e-02,-4.367662264756830282e-01
2.384999999999848352e+00,-6.858802858522647927e-01,-4.561723548232293757e-02,-4.390829964268666008e-01
2.385999999999848242e+00,-6.856685700070361822e-01,-4.548221312759337387e-02,-4.414016628753630878e-01
2.386999999999848132e+00,-6.854575602193323514e-01,-4.534744930818035424e-02,-4.437221435063151698e-01
2.387999999999848022e+00,-6.852472605994481825e-01,-4.521295156505383828e-02,-4.460443559348238884e-01
2.388999999999847912e+00,-6.850376752556851523e-01,-4.507872751828440050e-02,-4.483682177104193478e-01
2.389999999999847802e+00,-6.848288082942783905e-01,-4.494478486431291442e-02,-4.506936463244802238e-01
2.390999999999847692e+00,-6.846206638191361105e-01,-4.481113137231323984e-02,-4.530205592207798837e-01
2.391999999999847581e+00,-6.844132459314024031e-01,-4.467777487962643068e-02,-4.553488738092165145e-01
2.392999999999847471e+00,-6.842065587288577166e-01,-4.454472328628472644e-02,-4.576785074826412170e-01
2.393999999999847361e+00,-6.840006063051775609e-01,-4.441198454868822143e-02,-4.600093776365380971e-01
2.394999999999847251e+00,-6.837953927490758588e-01,-4.427956667254401291e-02,-4.623414016911490121e-01
2.395999999999847141e+00,-6.835909221433592586e-01,-4.414747770521898484e-02,-4.646744971154828652e-01
2.396999999999847031e+00,-6.833871985639201618e-01,-4.401572572769796299e-02,-4.670085814525255508e-01
2.397999999999846921e+00,-6.831842260786904486e-01,-4.388431884636023739e-02,-4.693435723448799446e-01
2.398999999999846811e+00,-6.829820087465753309e-01,-4.375326518480404658e-02,-4.716793875600281405e-01
2.399999999999846700e+00,-6.827805506163795446e-01,-4.362257287594439870e-02,-4.740159450144250108e-01
2.400999999999846590e+00,-6.825798557257309884e-01,-4.349225005459322890e-02,-4.763531627956989478e-01
2.401999999999846480e+00,-6.823799280999992556e-01,-4.336230485070152740e-02,-4.786909591823469423e-01
2.402999999999846370e+00,-6.821807717512036184e-01,-4.323274538340482476e-02,-4.810292526604544316e-01
2.403999999999846260e+00,-6.819823906768981425e-01,-4.310357975596912361e-02,-4.833679619371301084e-01
2.404999999999846150e+00,-6.817847888590211625e-01,-4.297481605168795848e-02,-4.857070059505095294e-01
2.405999999999846040e+00,-6.815879702626949088e-01,-4.284646233074046462e-02,-4.880463038763337424e-01
2.406999999999845929e+00,-6.813919388349635176e-01,-4.271852662798036881e-02,-4.903857751312421520e-01
2.407999999999845819e+00,-6.811966985034587641e-01,-4.259101695159661638e-02,-4.927253393730243736e-01
2.408999999999845709e+00,-6.810022531749868602e-01,-4.246394128256292255e-02,-4.950649164981522077e-01
2.409999999999845599e+00,-6.808086067340335390e-01,-4.233730757478060269e-02,-4.974044266369609946e-01
2.410999999999845489e+00,-6.806157630411868720e-01,-4.221112375580871046e-02,-4.997437901468708699e-01
2.411999999999845379e+00,-6.804237259314818154e-01,-4.208539772807867729e-02,-5.020829276040380540e-01
2.412999999999845269e+00,-6.802324992126722591e-01,-4.196013737048992498e-02,-5.044217597938094322e-01
2.413999999999845159e+00,-6.800420866634400152e-01,-4.183535054029408062e-02,-5.067602077003238170e-01
2.414999999999845048e+00,-6.798524920315480724e-01,-4.171104507518197391e-02,-5.090981924955685356e-01
2.415999999999844938e+00,-6.796637190319514410e-01,-4.158722879549958673e-02,-5.114356355281566291e-01
2.416999999999844828e+00,-6.794757713448748015e-01,-4.146390950653044971e-02,-5.137724583120524269e-01
2.417999999999844718e+00,-6.792886526138677272e-01,-4.134109500079086175e-02,-5.161085825154297924e-01
2.418999999999844608e+00,-6.791023664438494700e-01,-4.121879306029696544e-02,-5.184439299498138087e-01
2.419999999999844498e+00,-6.789169163991509715e-01,-4.109701145876881734e-02,-5.207784225596217009e-01
2.420999999999844388e+00,-6.787323060015645337e-01,-4.097575796374669510e-02,-5.231119824121895912e-01
2.421999999999844277e+00,-6.785485387284083680e-01,-4.085504033860171136e-02,-5.254445316883480377e-01
2.422999999999844167e+00,-6.783656180106134581e-01,-4.073486634442569088e-02,-5.277759926735882123e-01
2.423999999999844057e+00,-6.781835472308378465e-01,-4.061524374179492636e-02,-5.301062877498422532e-01
2.424999999999843947e+00,-6.780023297216153377e-01,-4.049618029240137362e-02,-5.324353393878898943e-01
2.425999999999843837e+00,-6.778219687635396173e-01,-4.037768376055139719e-02,-5.347630701403903730e-01
2.426999999999843727e+00,-6.776424675834908928e-01,-4.025976191453256581e-02,-5.370894026355317319e-01
2.427999999999843617e+00,-6.774638293529041677e-01,-4.014242252785166221e-02,-5.394142595712838606e-01
2.428999999999843507e+00,-6.772860571860834789e-01,-4.002567338034929145e-02,-5.417375637102349595e-01
2.429999999999843396e+00,-6.771091541385619861e-01,-3.990952225919464080e-02,-5.440592378749909974e-01
2.430999999999843286e+00,-6.769331232055099123e-01,-3.979397695976821803e-02,-5.463792049441136278e-01
2.431999999999843176e+00,-6.767579673201886692e-01,-3.967904528643823037e-02,-5.486973878485725820e-01
2.432999999999843066e+00,-6.765836893524536100e-01,-3.956473505323720996e-02,-5.510137095686870046e-01
2.433999999999842956e+00,-6.764102921073024133e-01,-3.945105408444637973e-02,-5.533280931315314177e-01
2.434999999999842846e+00,-6.762377783234703177e-01,-3.933801021509408802e-02,-5.556404616087833315e-01
2.435999999999842736e+00,-6.760661506720704317e-01,-3.922561129137513980e-02,-5.579507381149886314e-01
2.436999999999842625e+00,-6.758954117552773422e-01,-3.911386517099812998e-02,-5.602588458062244259e-01
2.437999999999842515e+00,-6.757255641050534667e-01,-3.900277972346649635e-02,-5.625647078791385924e-01
2.438999999999842405e+00,-6.755566101819167057e-01,-3.889236283030028662e-02,-5.648682475703483696e-01
2.439999999999842295e+00,-6.753885523737469532e-01,-3.878262238520513439e-02,-5.671693881561806760e-01
2.440999999999842185e+00,-6.752213929946299098e-01,-3.867356629419310687e-02,-5.694680529527403889e-01
2.441999999999842075e+00,-6.750551342837369795e-01,-3.856520247566302961e-02,-5.717641653162920390e-01
2.442999999999841965e+00,-6.748897784042388048e-01,-3.845753886044506187e-02,-5.740576486439439297e-01
2.443999999999841855e+00,-6.747253274422498892e-01,-3.835058339181579568e-02,-5.763484263746261327e-01
2.444999999999841744e+00,-6.745617834058039719e-01,-3.824434402548937406e-02,-5.786364219903527006e-01
2.445999999999841634e+00,-6.743991482238558266e-01,-3.813882872959062365e-02,-5.809215590177633226e-01
2.446999999999841524e+00,-6.742374237453092611e-01,-3.803404548461614132e-02,-5.832037610299400932e-01
2.447999999999841414e+00,-6.740766117380680988e-01,-3.793000228338927471e-02,-5.854829516484966190e-01
2.448999999999841304e+00,-6.739167138881078101e-01,-3.782670713101526916e-02,-5.877590545459395743e-01
2.449999999999841194e+00,-6.737577317985669056e-01,-3.772416804484279851e-02,-5.900319934483035933e-01
2.450999999999841084e+00,-6.735996669888535404e-01,-3.762239305443881854e-02,-5.923016921380637179e-01
2.451999999999840973e+00,-6.734425208937672158e-01,-3.752139020158434812e-02,-5.945680744573299537e-01
2.452999999999840863e+00,-6.732862948626315847e-01,-3.742116754029722880e-02,-5.968310643113318159e-01
2.453999999999840753e+00,-6.731309901584369149e-01,-3.732173313689113314e-02,-5.990905856722024136e-01
2.454999999999840643e+00,-6.729766079569895476e-01,-3.722309507007798279e-02,-6.013465625830729522e-01
2.455999999999840533e+00,-6.728231493460654633e-01,-3.712526143112343524e-02,-6.035989191624905326e-01
2.456999999999840423e+00,-6.726706153245662900e-01,-3.702824032406298871e-02,-6.058475796091739030e-01
2.457999999999840313e+00,-6.725190068016568823e-01,-3.693203986571474973e-02,-6.080924682063636455e-01
2.458999999999840202e+00,-6.723683245958248511e-01,-3.683666818460279435e-02,-6.103335093209562023e-01
2.459999999999840092e+00,-6.722185694339636308e-01,-3.674213342039350794e-02,-6.125706274041488042e-01
2.460999999999839982e+00,-6.720697419504857439e-01,-3.664844372394454597e-02,-6.148037469973848257e-01
2.461999999999839872e+00,-6.719218426864717042e-01,-3.655560725813300493e-02,-6.170327927390381051e-01
2.462999999999839762e+00,-6.717748720887998237e-01,-3.646363219860249139e-02,-6.192576893714690778e-01
2.463999999999839652e+00,-6.716288305092675825e-01,-3.637252673459046015e-02,-6.214783617484134215e-01
2.464999999999839542e+00,-6.714837182037033392e-01,-3.628229906980950936e-02,-6.236947348426309379e-01
2.465999999999839432e+00,-6.713395353310711577e-01,-3.619295742333805688e-02,-6.259067337536826647e-01
2.466999999999839321e+00,-6.711962819525676416e-01,-3.610451003044157225e-02,-6.281142837156168390e-01
2.467999999999839211e+00,-6.710539580307121055e-01,-3.601696514319963072e-02,-6.303173101042037763e-01
2.468999999999839101e+00,-6.709125634284227591e-01,-3.593033103073450807e-02,-6.325157384431462360e-01
2.469999999999838991e+00,-6.707720977150957165e-01,-3.584461524343385275e-02,-6.347094927736187664e-01
2.470999999999838881e+00,-6.706325601996643293e-01,-3.575982479398559510e-02,-6.368984932872132632e-01
2.471999999999838771e+00,-6.704939499024432648e-01,-3.567596606965300898e-02,-6.390826606906662155e-01
2.472999999999838661e+00,-6.703562658935959817e-01,-3.559304613555624996e-02,-6.412619170943972824e-01
2.473999999999838550e+00,-6.702195072213577021e-01,-3.551107241527678982e-02,-6.434361858741031170e-01
2.474999999999838440e+00,-6.700836729092241040e-01,-3.543005264512633090e-02,-6.456053915420668643e-01
2.475999999999838330e+00,-6.699487619550287265e-01,-3.534999482970530016e-02,-6.477694596251264425e-01
2.476999999999838220e+00,-6.698147733325844344e-01,-3.527090719686765130e-02,-6.499283165449039057e-01
2.477999999999838110e+00,-6.696817059967780095e-01,-3.519279814927056549e-02,-6.520818894935553889e-01
2.478999999999838000e+00,-6.695495588930588937e-01,-3.511567620839006754e-02,-6.542301062946753731e-01
2.479999999999837890e+00,-6.694183309715496799e-01,-3.503954994596697459e-02,-6.563728952350982304e-01
2.480999999999837780e+00,-6.692880212032017440e-01,-3.496442790006115686e-02,-6.585101848549173020e-01
2.481999999999837669e+00,-6.691586285899722153e-01,-3.489031848258938862e-02,-6.606419037028110619e-01
2.482999999999837559e+00,-6.690301521576046406e-01,-3.481722989952173997e-02,-6.627679801038260932e-01
2.483999999999837449e+00,-6.689025909259119773e-01,-3.474517010724520460e-02,-6.648883420056824756e-01
2.484999999999837339e+00,-6.687759438642434384e-01,-3.467414681095642992e-02,-6.670029169274392933e-01
2.485999999999837229e+00,-6.686502098465587629e-01,-3.460416748957551025e-02,-6.691116319778258603e-01
2.486999999999837119e+00,-6.685253876156739272e-01,-3.453523942644975975e-02,-6.712144138988348496e-01
2.487999999999837009e+00,-6.684014757577427801e-01,-3.446736973466713039e-02,-6.733111891086595024e-01
2.488999999999836898e+00,-6.682784726842354583e-01,-3.440056537475982834e-02,-6.754018837348891857e-01
2.489999999999836788e+00,-6.681563766187018638e-01,-3.433483316585916878e-02,-6.774864236367225123e-01
2.490999999999836678e+00,-6.680351855864674615e-01,-3.427017979184587837e-02,-6.795647344175845816e-01
2.491999999999836568e+00,-6.679148974060769017e-01,-3.420661180385881073e-02,-6.816367414301753858e-01
2.492999999999836458e+00,-6.677955096817158598e-01,-3.414413562028023597e-02,-6.837023697759742058e-01
2.493999999999836348e+00,-6.676770197961019448e-01,-3.408275752510608880e-02,-6.857615443010228740e-01
2.494999999999836238e+00,-6.675594250251880579e-01,-3.402248388594869555e-02,-6.878141900786650664e-01
2.495999999999836128e+00,-6.674427227694517128e-01,-3.396332154784803548e-02,-6.898602348704332421e-01
2.496999999999836017e+00,-6.673269105550827529e-01,-3.390527780647101252e-02,-6.918996080241683888e-01
2.497999999999835907e+00,-6.672119858302076878e-01,-3.384836000088420338e-02,-6.939322391185500649e-01
2.498999999999835797e+00,-6.670979459038309800e-01,-3.379257539944491295e-02,-6.959580579688511293e-01
2.499999999999835687e+00,-6.669847879733352691e-01,-3.373793124349788730e-02,-6.979769946325773411e-01
2.500999999999835577e+00,-6.668725091269714911e-01,-3.368443474498206136e-02,-6.999889794149191102e-01
2.501999999999835467e+00,-6.667611063461841292e-01,-3.363209308405656905e-02,-7.019939428739983001e-01
2.502999999999835357e+00,-6.666505765077592738e-01,-3.358091340675878333e-02,-7.039918158259234060e-01
2.503999999999835246e+00,-6.665409163857990427e-01,-3.353090282270448919e-02,-7.059825293496738707e-01
2.504999999999835136e+00,-6.664321226535315779e-01,-3.348206840283879382e-02,-7.079660147918390711e-01
2.505999999999835026e+00,-6.663241918849688306e-01,-3.343441717724265905e-02,-7.099422037712358469e-01
2.506999999999834916e+00,-6.662171205564298981e-01,-3.338795613299883058e-02,-7.119110281834228893e-01
2.507999999999834806e+00,-6.661109050479425697e-01,-3.334269221211871859e-02,-7.138724202051294210e-01
2.508999999999834696e+00,-6.660055416445407328e-01,-3.329863230953133968e-02,-7.158263122986089355e-01
2.509999999999834586e+00,-6.659010265374728510e-01,-3.325578327113587473e-02,-7.177726372159266566e-01
2.510999999999834476e+00,-6.657973558253325042e-01,-3.321415189191606609e-02,-7.197113280031844917e-01
2.511999999999834365e+00,-6.656945255151269780e-01,-3.317374491411911874e-02,-7.216423180046849239e-01
2.512999999999834255e+00,-6.655925315232940065e-01,-3.313456902549710703e-02,-7.235655408670305100e-01
2.513999999999834145e+00,-6.654913696766775466e-01,-3.309663085761205270e-02,-7.254809305431527688e-01
2.514999999999834035e+00,-6.653910357134716902e-01,-3.305993698420456317e-02,-7.273884212962608009e-01
2.515999999999833925e+00,-6.652915252841431482e-01,-3.302449391962636316e-02,-7.292879477036965374e-01
2.516999999999833815e+00,-6.651928339523387468e-01,-3.299030811733694168e-02,-7.311794446606781905e-01
2.517999999999833705e+00,-6.650949571957861517e-01,-3.295738596846486956e-02,-7.330628473839113646e-01
2.518999999999833594e+00,-6.649978904071935926e-01,-3.292573380043423148e-02,-7.349380914150418498e-01
2.519999999999833484e+00,-6.649016288951552500e-01,-3.289535787565672775e-02,-7.368051126239193449e-01
2.520999999999833374e+00,-6.648061678850669676e-01,-3.286626439029055602e-02,-7.386638472116371368e-01
2.521999999999833264e+00,-6.647115025200571736e-01,-3.283845947306640589e-02,-7.405142317133072138e-01
2.522999999999833154e+00,-6.646176278619371214e-01,-3.281194918418228745e-02,-7.423562030005238510e-01
2.523999999999833044e+00,-6.645245388921737772e-01,-3.278673951426830380e-02,-7.441896982834640406e-01
2.524999999999832934e+00,-6.644322305128871342e-01,-3.276283638342319948e-02,-7.460146551125659276e-01
2.525999999999832824e+00,-6.643406975478765020e-01,-3.274024564032418372e-02,-7.478310113797178582e-01
2.526999999999832713e+00,-6.642499347436735535e-01,-3.271897306141330342e-02,-7.496387053188865446e-01
2.527999999999832603e+00,-6.641599367706254586e-01,-3.269902435016242004e-02,-7.514376755061014101e-01
2.528999999999832493e+00,-6.640706982240064393e-01,-3.268040513642023193e-02,-7.532278608587054114e-01
2.529999999999832383e+00,-6.639822136251554152e-01,-3.266312097584561647e-02,-7.550092006337735251e-01
2.530999999999832273e+00,-6.638944774226396284e-01,-3.264717734943151095e-02,-7.567816344255910987e-01
2.531999999999832163e+00,-6.638074839934366977e-01,-3.263257966312405056e-02,-7.585451021620739365e-01
2.532999999999832053e+00,-6.637212276441334380e-01,-3.261933324754284769e-02,-7.602995441000041099e-01
2.533999999999831942e+00,-6.636357026121324498e-01,-3.260744335780901837e-02,-7.620449008189477125e-01
2.534999999999831832e+00,-6.635509030668591546e-01,-3.259691517348689560e-02,-7.637811132137115600e-01
2.535999999999831722e+00,-6.634668231109588366e-01,-3.258775379864747856e-02,-7.655081224851935096e-01
2.536999999999831612e+00,-6.633834567814732575e-01,-3.257996426206000162e-02,-7.672258701294785155e-01
2.537999999999831502e+00,-6.633007980509826318e-01,-3.257355151752044931e-02,-7.689342979250365362e-01
2.538999999999831392e+00,-6.632188408287005288e-01,-3.256852044432234639e-02,-7.706333479178910650e-01
2.539999999999831282e+00,-6.631375789615064908e-01,-3.256487584787703948e-02,-7.723229624046449304e-01
2.540999999999831171e+00,-6.630570062349027127e-01,-3.256262246048713394e-02,-7.740030839132887586e-01
2.541999999999831061e+00,-6.629771163738815698e-01,-3.256176494227469576e-02,-7.756736551817660086e-01
2.542999999999830951e+00,-6.628979030436967790e-01,-3.256230788226199824e-02,-7.773346191343444289e-01
2.543999999999830841e+00,-6.628193598505335293e-01,-3.256425579959709715e-02,-7.789859188559447034e-01
2.544999999999830731e+00,-6.627414803420842437e-01,-3.256761314490858039e-02,-7.806274975647115033e-01
2.545999999999830621e+00,-6.626642580080490674e-01,-3.257238430176589983e-02,-7.822592985832814705e-01
2.546999999999830511e+00,-6.625876862805973877e-01,-3.257857358820875904e-02,-7.838812653094123784e-01
2.547999999999830401e+00,-6.625117585348485605e-01,-3.258618525829570789e-02,-7.854933411868834092e-01
2.548999999999830290e+00,-6.624364680894589963e-01,-3.259522350360771759e-02,-7.870954696778517112e-01
2.549999999999830180e+00,-6.623618082074298474e-01,-3.260569245462441312e-02,-7.886875942381355031e-01
2.550999999999830070e+00,-6.622877720972868421e-01,-3.261759618187631826e-02,-7.902696582971667771e-01
2.551999999999829960e+00,-6.622143529148085683e-01,-3.263093869676292336e-02,-7.918416052445689246e-01
2.552999999999829850e+00,-6.621415437655040481e-01,-3.264572395191850385e-02,-7.934033784254221899e-01
2.553999999999829740e+00,-6.620693377080486552e-01,-3.266195584100894944e-02,-7.949549211462183518e-01
2.554999999999829630e+00,-6.619977277588687814e-01,-3.267963819785507651e-02,-7.964961766932285858e-01
2.555999999999829519e+00,-6.619267068980242419e-01,-3.269877479480348681e-02,-7.980270883644701163e-01
2.556999999999829409e+00,-6.618562680764366046e-01,-3.271936933924979307e-02,-7.995475995127929725e-01
2.557999999999829299e+00,-6.617864042244250289e-01,-3.274142546817643273e-02,-8.010576535945999055e-01
2.558999999999829189e+00,-6.617171082614354827e-01,-3.276494674259416984e-02,-8.025571942360408828e-01
2.559999999999829079e+00,-6.616483731066953311e-01,-3.278993664289014953e-02,-8.040461653129802322e-01
2.560999999999828969e+00,-6.615801916903583102e-01,-3.281639856413021139e-02,-8.055245110362843075e-01
2.561999999999828859e+00,-6.615125569646375103e-01,-3.284433581100737465e-02,-8.069921760382534615e-01
2.562999999999828749e+00,-6.614454619144072289e-01,-3.287375159280792047e-02,-8.084491054559974632e-01
2.563999999999828638e+00,-6.613788995667747583e-01,-3.290464901859829761e-02,-8.098952450079354159e-01
2.564999999999828528e+00,-6.613128629991982255e-01,-3.293703109280493591e-02,-8.113305410603552925e-01
2.565999999999828418e+00,-6.612473453458428407e-01,-3.297090071131286715e-02,-8.127549406819611910e-01
2.566999999999828308e+00,-6.611823398020016951e-01,-3.300626065816031351e-02,-8.141683916854094427e-01
2.567999999999828198e+00,-6.611178396265438018e-01,-3.304311360285616672e-02,-8.155708426558369029e-01
2.568999999999828088e+00,-6.610538381424710952e-01,-3.308146209830770124e-02,-8.169622429672107611e-01
2.569999999999827978e+00,-6.609903287357586921e-01,-3.312130857931450123e-02,-8.183425427879197356e-01
2.570999999999827867e+00,-6.609273048527161132e-01,-3.316265536156687288e-02,-8.197116930773714616e-01
2.571999999999827757e+00,-6.608647599961341434e-01,-3.320550464107679955e-02,-8.210696455754896705e-01
2.572999999999827647e+00,-6.608026877204924432e-01,-3.324985849397105175e-02,-8.224163527869606805e-01
2.573999999999827537e+00,-6.607410816264860376e-01,-3.329571887658078211e-02,-8.237517679619199562e-01
2.574999999999827427e+00,-6.606799353551017218e-01,-3.334308762577126162e-02,-8.250758450745402373e-01
2.575999999999827317e+00,-6.606192425814454428e-01,-3.339196645946590492e-02,-8.263885388007297106e-01
2.576999999999827207e+00,-6.605589970084819740e-01,-3.344235697733105583e-02,-8.276898044958950207e-01
2.577999999999827097e+00,-6.604991923608160009e-01,-3.349426066159671977e-02,-8.289795981734930930e-01
2.578999999999826986e+00,-6.604398223786119848e-01,-3.354767887799953163e-02,-8.302578764848930204e-01
2.579999999999826876e+00,-6.603808808117209717e-01,-3.360261287683979914e-02,-8.315245967009035066e-01
2.580999999999826766e+00,-6.603223614140609765e-01,-3.365906379415323224e-02,-8.327797166951876884e-01
2.581999999999826656e+00,-6.602642579382789201e-01,-3.371703265300107777e-02,-8.340231949296837977e-01
2.582999999999826546e+00,-6.602065641307061084e-01,-3.377652036488615339e-02,-8.352549904420731863e-01
2.583999999999826436e+00,-6.601492737266090316e-01,-3.383752773130593861e-02,-8.364750628352817241e-01
2.584999999999826326e+00,-6.600923804457285993e-01,-3.390005544545332539e-02,-8.376833722689622785e-01
2.585999999999826215e+00,-6.600358779880967086e-01,-3.396410409407585318e-02,-8.388798794528786740e-01
2.586999999999826105e+00,-6.599797600301121614e-01,-3.402967415950347574e-02,-8.400645456420946511e-01
2.587999999999825995e+00,-6.599240202208616068e-01,-3.409676602185057748e-02,-8.412373326338575819e-01
2.588999999999825885e+00,-6.598686521786641945e-01,-3.416537996139240585e-02,-8.423982027660570360e-01
2.589999999999825775e+00,-6.598136494878271696e-01,-3.423551616110748208e-02,-8.435471189171251938e-01
2.590999999999825665e+00,-6.597590056955944249e-01,-3.430717470936506253e-02,-8.446840445072295589e-01
2.591999999999825555e+00,-6.597047143092801269e-01,-3.438035560271812674e-02,-8.458089435005828882e-01
2.592999999999825445e+00,-6.596507687935766473e-01,-3.445505874873583396e-02,-8.469217804086576207e-01
2.593999999999825334e+00,-6.595971625680376871e-01,-3.453128396877480633e-02,-8.480225202940343543e-01
2.594999999999825224e+00,-6.595438890047331526e-01,-3.460903100053575043e-02,-8.491111287745314318e-01
2.595999999999825114e+00,-6.594909412996110554e-01,-3.468829873726364532e-02,-8.501875710401911590e-01
2.596999999999825004e+00,-6.594383124510220240e-01,-3.476908526435507074e-02,-8.512518102541641873e-01
2.597999999999824894e+00,-6.593859952454413920e-01,-3.485138785614172452e-02,-8.523038101411769540e-01
2.598999999999824784e+00,-6.593339824662579618e-01,-3.493520429628832469e-02,-8.533435355952057044e-01
2.599999999999824674e+00,-6.592822668627533744e-01,-3.502053259601056734e-02,-8.543709526343338245e-01
2.600999999999824563e+00,-6.592308411560295900e-01,-3.510737096943306046e-02,-8.553860283576648627e-01
2.601999999999824453e+00,-6.591796980455119082e-01,-3.519571780934344085e-02,-8.563887309034944328e-01
2.602999999999824343e+00,-6.591288302164021173e-01,-3.528557166278689650e-02,-8.573790294076980567e-01
2.603999999999824233e+00,-6.590782303484961080e-01,-3.537693120576662631e-02,-8.583568939609654835e-01
2.604999999999824123e+00,-6.590278911267911655e-01,-3.546979521607912522e-02,-8.593222955630939186e-01
2.605999999999824013e+00,-6.589778052542474285e-01,-3.556416254304806124e-02,-8.602752060720624261e-01
2.606999999999823903e+00,-6.589279654668518393e-01,-3.566003207267587349e-02,-8.612155981451662390e-01
2.607999999999823793e+00,-6.588783645506176567e-01,-3.575740268669930222e-02,-8.621434451694059975e-01
2.608999999999823682e+00,-6.588289953591678350e-01,-3.585627321455309158e-02,-8.630587211792666302e-01
2.609999999999823572e+00,-6.587798508290768629e-01,-3.595664237879014902e-02,-8.639614007628643177e-01
2.610999999999823462e+00,-6.587309239886935952e-01,-3.605850873717414418e-02,-8.648514589624983762e-01
2.611999999999823352e+00,-6.586822079559053744e-01,-3.616187062751419212e-02,-8.657288711811192972e-01
2.612999999999823242e+00,-6.586336959223131338e-01,-3.626672612229980830e-02,-8.665936131080300697e-01
2.613999999999823132e+00,-6.585853811250588219e-01,-3.637307299790792925e-02,-8.674456606724152419e-01
2.614999999999823022e+00,-6.585372568108731617e-01,-3.648090871866521701e-02,-8.682849900245740438e-01
2.615999999999822911e+00,-6.584893161978181420e-01,-3.659023043217596305e-02,-8.691115775378619457e-01
2.616999999999822801e+00,-6.584415524387708940e-01,-3.670103497098858858e-02,-8.699253998224529827e-01
2.617999999999822691e+00,-6.583939585884963641e-01,-3.681331885651745184e-02,-8.707264337438235247e-01
2.618999999999822581e+00,-6.583465275745021827e-01,-3.692707830272212721e-02,-8.715146564416840214e-01
2.619999999999822471e+00,-6.582992521710628875e-01,-3.704230921837081691e-02,-8.722900453473848570e-01
2.620999999999822361e+00,-6.582521249755822756e-01,-3.715900720752740582e-02,-8.730525781992534151e-01
2.621999999999822251e+00,-6.582051383865168415e-01,-3.727716756831955802e-02,-8.738022330560799578e-01
2.622999999999822140e+00,-6.581582845822296912e-01,-3.739678529022738562e-02,-8.745389883093176442e-01
2.623999999999822030e+00,-6.581115555002928774e-01,-3.751785505019339384e-02,-8.752628226946903567e-01
2.624999999999821920e+00,-6.580649428168859894e-01,-3.764037120785868051e-02,-8.759737153039259816e-01
2.625999999999821810e+00,-6.580184379260485272e-01,-3.776432780020771984e-02,-8.766716455973043720e-01
2.626999999999821700e+00,-6.579720324261205677e-01,-3.788971936969748322e-02,-8.773565945587394888e-01
2.627999999999821590e+00,-6.579257181631623652e-01,-3.801654099896767391e-02,-8.780285463634134313e-01
2.628999999999821480e+00,-6.578794873777625840e-01,-3.814478853084518617e-02,-8.786874865245172250e-01
2.629999999999821370e+00,-6.578333320883548163e-01,-3.827445752490066244e-02,-8.793334014798578346e-01
2.630999999999821259e+00,-6.577872441976111428e-01,-3.840554345105789968e-02,-8.799662786287834049e-01
2.631999999999821149e+00,-6.577412154864420435e-01,-3.853804168894325866e-02,-8.805861063729502058e-01
2.632999999999821039e+00,-6.576952376077023210e-01,-3.867194752738517538e-02,-8.811928741610123295e-01
2.633999999999820929e+00,-6.576493020795608491e-01,-3.880725616402486144e-02,-8.817865725373271735e-01
2.634999999999820819e+00,-6.576034002785252630e-01,-3.894396270501271351e-02,-8.823671931947487668e-01
2.635999999999820709e+00,-6.575575234321385798e-01,-3.908206216478038453e-02,-8.829347290315233687e-01
2.636999999999820599e+00,-6.575116626114048124e-01,-3.922154946588612967e-02,-8.834891742122035208e-01
2.637999999999820488e+00,-6.574658087230245140e-01,-3.936241943894031037e-02,-8.840305242323407420e-01
2.638999999999820378e+00,-6.574199525015678169e-01,-3.950466682262354645e-02,-8.845587759864903532e-01
2.639999999999820268e+00,-6.573740845017452816e-01,-3.964828626381378118e-02,-8.850739278387370623e-01
2.640999999999820158e+00,-6.573281950909793947e-01,-3.979327231784063335e-02,-8.855759796944907558e-01
2.641999999999820048e+00,-6.572822744424261510e-01,-3.993961944681295728e-02,-8.860649330660044232e-01
2.642999999999819938e+00,-6.572363125287711272e-01,-4.008732201724107824e-02,-8.865407911254676865e-01
2.643999999999819828e+00,-6.571902991171365560e-01,-4.023637429843607283e-02,-8.870035587603866123e-01
2.644999999999819718e+00,-6.571442237654262497e-01,-4.038677046343974730e-02,-8.874532426203265434e-01
2.645999999999819607e+00,-6.570980758201352412e-01,-4.053850459000535311e-02,-8.878898511415412864e-01
2.646999999999819497e+00,-6.570518444154966886e-01,-4.069157066119921673e-02,-8.883133945367013284e-01
2.647999999999819387e+00,-6.570055184733680775e-01,-4.084596256531020098e-02,-8.887238847305166667e-01
2.648999999999819277e+00,-6.569590867023394898e-01,-4.100167409425486964e-02,-8.891213352117510738e-01
2.649999999999819167e+00,-6.569125375928780430e-01,-4.115869893902951437e-02,-8.895057607551160039e-01
2.650999999999819057e+00,-6.568658594023000230e-01,-4.131703067963232723e-02,-8.898771769377818996e-01
2.651999999999818947e+00,-6.568190401179585525e-01,-4.147666276491629445e-02,-8.902355993262225375e-01
2.652999999999818836e+00,-6.567720673777743823e-01,-4.163758847452692091e-02,-8.905810421274009681e-01
2.653999999999818726e+00,-6.567249283133419491e-01,-4.179980085023621283e-02,-8.909135159754901778e-01
2.654999999999818616e+00,-6.566776092689581290e-01,-4.196329258011299856e-02,-8.912330244027690807e-01
2.655999999999818506e+00,-6.566300953780104255e-01,-4.212805582962336759e-02,-8.915395586782494108e-01
2.656999999999818396e+00,-6.565823701543427315e-01,-4.229408207648110984e-02,-8.918330918741029789e-01
2.657999999999818286e+00,-6.565344156433382539e-01,-4.246136214071399850e-02,-8.921135760078442445e-01
2.658999999999818176e+00,-6.564862137519579255e-01,-4.262988662438921272e-02,-8.923809478522075622e-01
2.659999999999818066e+00,-6.564377483946068903e-01,-4.279964663520285928e-02,-8.926351425280453222e-01
2.660999999999817955e+00,-6.563890071137286064e-01,-4.297063419454233424e-02,-8.928761050814768563e-01
2.661999999999817845e+00,-6.563399811959227392e-01,-4.314284119366856851e-02,-8.931037929377499962e-01
2.662999999999817735e+00,-6.562906649231975420e-01,-4.331625991600285275e-02,-8.933181743523063156e-01
2.663999999999817625e+00,-6.562410545999001199e-01,-4.349088312985754934e-02,-8.935192261579456563e-01
2.664999999999817515e+00,-6.561911478445195955e-01,-4.366670446422760143e-02,-8.937069309739107403e-01
2.665999999999817405e+00,-6.561409430568386769e-01,-4.384371802834274856e-02,-8.938812752977227660e-01
2.666999999999817295e+00,-6.560904390863683266e-01,-4.402191827660001389e-02,-8.940422482845570284e-01
2.667999999999817184e+00,-6.560396350211659122e-01,-4.420129990989313251e-02,-8.941898409800179692e-01
2.668999999999817074e+00,-6.559885300537257047e-01,-4.438185779854636470e-02,-8.943240458352601507e-01
2.669999999999816964e+00,-6.559371233963096071e-01,-4.456358691749445766e-02,-8.944448563946900688e-01
2.670999999999816854e+00,-6.558854142279032517e-01,-4.474648228796324068e-02,-8.945522670889279881e-01
2.671999999999816744e+00,-6.558334016608988737e-01,-4.493053892238851876e-02,-8.946462730925953677e-01
2.672999999999816634e+00,-6.557810847192615533e-01,-4.511575177115068058e-02,-8.947268702231516713e-01
2.673999999999816524e+00,-6.557284623224033382e-01,-4.530211567110481452e-02,-8.947940548672219663e-01
2.674999999999816414e+00,-6.556755332709048867e-01,-4.548962529684968947e-02,-8.948478239269253010e-01
2.675999999999816303e+00,-6.556222962318432046e-01,-4.567827511611327607e-02,-8.948881747819866783e-01
2.676999999999816193e+00,-6.555687497228318561e-01,-4.586805935053483996e-02,-8.949151052648566251e-01
2.677999999999816083e+00,-6.555148920948503655e-01,-4.605897194260899496e-02,-8.949286136464696950e-01
2.678999999999815973e+00,-6.554607215144699905e-01,-4.625100652888480823e-02,-8.949286986302928959e-01
2.679999999999815863e+00,-6.554062359478930455e-01,-4.644415642354648988e-02,-8.949153593816020491e-01
2.680999999999815753e+00,-6.553514331464221909e-01,-4.663841460874995626e-02,-8.948885956138614706e-01
2.681999999999815643e+00,-6.552963106328177911e-01,-4.683377372817576489e-02,-8.948484076231353335e-01
2.682999999999815532e+00,-6.552408656866688386e-01,-4.703022607735918292e-02,-8.947947962929351240e-01
2.683999999999815422e+00,-6.551850953308145931e-01,-4.722776359579533567e-02,-8.947277630990377872e-01
2.684999999999815312e+00,-6.551289963189114163e-01,-4.742637786087489093e-02,-8.946473101137534245e-01
2.685999999999815202e+00,-6.550725652953608424e-01,-4.762606057330220910e-02,-8.945534402423774845e-01
2.686999999999815092e+00,-6.550157990951911424e-01,-4.782680436881781016e-02,-8.944461582669747113e-01
2.687999999999814982e+00,-6.549586947610070986e-01,-4.802860281287496536e-02,-8.943254703091026991e-01
2.688999999999814872e+00,-6.549012492691483889e-01,-4.823144954697311526e-02,-8.941913833349578455e-01
2.689999999999814762e+00,-6.548434594868035585e-01,-4.843533815916689633e-02,-8.940439051465101095e-01
2.690999999999814651e+00,-6.547853221979134108e-01,-4.864026224474815585e-02,-8.938830443733913889e-01
2.691999999999814541e+00,-6.547268341070986430e-01,-4.884621540296091302e-02,-8.937088104654082876e-01
2.692999999999814431e+00,-6.546679918438522705e-01,-4.905319123478313337e-02,-8.935212136855595899e-01
2.693999999999814321e+00,-6.546087919668992505e-01,-4.926118334155094036e-02,-8.933202651034608532e-01
2.694999999999814211e+00,-6.545492309686422594e-01,-4.947018532424068971e-02,-8.931059765890957403e-01
2.695999999999814101e+00,-6.544893052796263433e-01,-4.968019078325719429e-02,-8.928783608068304734e-01
2.696999999999813991e+00,-6.544290112729691522e-01,-4.989119331860725204e-02,-8.926374312096441166e-01
2.697999999999813880e+00,-6.543683452687117930e-01,-5.010318653036044401e-02,-8.923832020335361603e-01
2.698999999999813770e+00,-6.543073035380601032e-01,-5.031616401932159643e-02,-8.921156882920826536e-01
2.699999999999813660e+00,-6.542458823074877028e-01,-5.053011938785362256e-02,-8.918349057711199013e-01
2.700999999999813550e+00,-6.541840777626852788e-01,-5.074504624080455883e-02,-8.915408710235364076e-01
2.701999999999813440e+00,-6.541218860523413392e-01,-5.096093818650176965e-02,-8.912336013641619648e-01
2.702999999999813330e+00,-6.540593032917465521e-01,-5.117778883778523191e-02,-8.909131148647401188e-01
2.703999999999813220e+00,-6.539963255662176733e-01,-5.139559181305797253e-02,-8.905794303489772412e-01
2.704999999999813109e+00,-6.539329489343381763e-01,-5.161434073733783823e-02,-8.902325673876583245e-01
2.705999999999812999e+00,-6.538691694310172497e-01,-5.183402924329660877e-02,-8.898725462938235076e-01
2.706999999999812889e+00,-6.538049830703700493e-01,-5.205465097227829352e-02,-8.894993881179983353e-01
2.707999999999812779e+00,-6.537403858484227559e-01,-5.227619957528795158e-02,-8.891131146434723131e-01
2.708999999999812669e+00,-6.536753737456477698e-01,-5.249866871394665013e-02,-8.887137483816184291e-01
2.709999999999812559e+00,-6.536099427293377007e-01,-5.272205206140728739e-02,-8.883013125672499788e-01
2.710999999999812449e+00,-6.535440887558214840e-01,-5.294634330322833815e-02,-8.878758311540074777e-01
2.711999999999812339e+00,-6.534778077725349466e-01,-5.317153613820213565e-02,-8.874373288097713308e-01
2.712999999999812228e+00,-6.534110957199507075e-01,-5.339762427913569143e-02,-8.869858309120940421e-01
2.713999999999812118e+00,-6.533439485333769614e-01,-5.362460145358100005e-02,-8.865213635436474116e-01
2.714999999999812008e+00,-6.532763621446359137e-01,-5.385246140451227514e-02,-8.860439534876786150e-01
2.715999999999811898e+00,-6.532083324836281957e-01,-5.408119789094761876e-02,-8.855536282234713896e-01
2.716999999999811788e+00,-6.531398554797946954e-01,-5.431080468851123833e-02,-8.850504159218056666e-01
2.717999999999811678e+00,-6.530709270634844632e-01,-5.454127558993282499e-02,-8.845343454404117622e-01
2.718999999999811568e+00,-6.530015431672384629e-01,-5.477260440547981890e-02,-8.840054463194141343e-01
2.719999999999811457e+00,-6.529316997269993816e-01,-5.500478496331645539e-02,-8.834637487767598163e-01
2.720999999999811347e+00,-6.528613926831267067e-01,-5.523781110881315071e-02,-8.829092837012330053e-01
2.721999999999811237e+00,-6.527906179809425113e-01,-5.547167670071956325e-02,-8.823420826322143640e-01
2.722999999999811127e+00,-6.527193715713925926e-01,-5.570637560854713177e-02,-8.817621777442999909e-01
2.723999999999811017e+00,-6.526476494118960137e-01,-5.594190171162072289e-02,-8.811696018422814358e-01
2.724999999999810907e+00,-6.525754474673641781e-01,-5.617824889946437805e-02,-8.805643883566000030e-01
2.725999999999810797e+00,-6.525027617111529565e-01,-5.641541107166425650e-02,-8.799465713387527588e-01
2.726999999999810687e+00,-6.524295881260099295e-01,-5.665338213758946972e-02,-8.793161854566479141e-01
2.727999999999810576e+00,-6.523559227050295117e-01,-5.689215601595554173e-02,-8.786732659899098019e-01
2.728999999999810466e+00,-6.522817614526243979e-01,-5.713172663420973407e-02,-8.780178488251334512e-01
2.729999999999810356e+00,-6.522071003855253180e-01,-5.737208792771802957e-02,-8.773499704510887565e-01
2.730999999999810246e+00,-6.521319355338180968e-01,-5.761323383872890558e-02,-8.766696679538782400e-01
2.731999999999810136e+00,-6.520562629420302292e-01,-5.785515831508758477e-02,-8.759769790120494060e-01
2.732999999999810026e+00,-6.519800786702754092e-01,-5.809785530867106473e-02,-8.752719418916689031e-01
2.733999999999809916e+00,-6.519033787954657821e-01,-5.834131877351045325e-02,-8.745545954413622702e-01
2.734999999999809805e+00,-6.518261594126022462e-01,-5.858554266356724716e-02,-8.738249790873300338e-01
2.735999999999809695e+00,-6.517484166361494635e-01,-5.883052093012297590e-02,-8.730831328283484849e-01
2.736999999999809585e+00,-6.516701466015035749e-01,-5.907624751874435143e-02,-8.723290972307690128e-01
2.737999999999809475e+00,-6.515913454665593907e-01,-5.932271636578079210e-02,-8.715629134235298725e-01
2.738999999999809365e+00,-6.515120094133807216e-01,-5.956992139435368649e-02,-8.707846230931984843e-01
2.739999999999809255e+00,-6.514321346499762910e-01,-5.981785650979726254e-02,-8.699942684790633596e-01
2.740999999999809145e+00,-6.513517174121822295e-01,-6.006651559451525735e-02,-8.691918923682969700e-01
2.741999999999809035e+00,-6.512707539656492628e-01,-6.031589250222629817e-02,-8.683775380912130970e-01
2.742999999999808924e+00,-6.511892406079264894e-01,-6.056598105158317313e-02,-8.675512495166407545e-01
2.743999999999808814e+00,-6.511071736706366408e-01,-6.081677501917176487e-02,-8.667130710474363342e-01
2.744999999999808704e+00,-6.510245495217255041e-01,-6.106826813192112180e-02,-8.658630476161528478e-01
2.745999999999808594e+00,-6.509413645677725180e-01,-6.132045405899533286e-02,-8.650012246808757022e-01
2.746999999999808484e+00,-6.508576152563387840e-01,-6.157332640328599949e-02,-8.641276482212266741e-01
2.747999999999808374e+00,-6.507732980783296206e-01,-6.182687869268554959e-02,-8.632423647345197626e-01
2.748999999999808264e+00,-6.506884095703450166e-01,-6.208110437139513493e-02,-8.623454212320323942e-01
2.749999999999808153e+00,-6.506029463169893390e-01,-6.233599679160373164e-02,-8.614368652353285860e-01
2.750999999999808043e+00,-6.505169049531149827e-01,-6.259154920596382565e-02,-8.605167447725395879e-01
2.751999999999807933e+00,-6.504302821659773137e-01,-6.284775476137149930e-02,-8.595851083744731058e-01
2.752999999999807823e+00,-6.503430746972848064e-01,-6.310460649462362737e-02,-8.586420050703915674e-01
2.753999999999807713e+00,-6.502552793451406021e-01,-6.336209733055686577e-02,-8.576874843832742457e-01
2.754999999999807603e+00,-6.501668929658783735e-01,-6.362022008324702549e-02,-8.567215963243717258e-01
2.755999999999807493e+00,-6.500779124758115923e-01,-6.387896746075305554e-02,-8.557443913868751917e-01
2.756999999999807383e+00,-6.499883348529210680e-01,-6.413833207371388845e-02,-8.547559205385696357e-01
2.757999999999807272e+00,-6.498981571385097356e-01,-6.439830644785243807e-02,-8.537562352134210331e-01
2.758999999999807162e+00,-6.498073764388516693e-01,-6.465888304012895604e-02,-8.527453873021538788e-01
2.759999999999807052e+00,-6.497159899268474259e-01,-6.492005425795954743e-02,-8.517234291420033854e-01
2.760999999999806942e+00,-6.496239948436830502e-01,-6.518181248061333255e-02,-8.506904135059505379e-01
2.761999999999806832e+00,-6.495313885004661003e-01,-6.544415008169179870e-02,-8.496463935918510124e-01
2.762999999999806722e+00,-6.494381682797910615e-01,-6.570705945149596383e-02,-8.485914230119263602e-01
2.763999999999806612e+00,-6.493443316371750873e-01,-6.597053301813521342e-02,-8.475255557830919662e-01
2.764999999999806501e+00,-6.492498761022965637e-01,-6.623456326640075886e-02,-8.464488463185454448e-01
2.765999999999806391e+00,-6.491547992799768796e-01,-6.649914275368973282e-02,-8.453613494209428758e-01
2.766999999999806281e+00,-6.490590988508606607e-01,-6.676426412257130405e-02,-8.442631202773683841e-01
2.767999999999806171e+00,-6.489627725717712625e-01,-6.702992010988356730e-02,-8.431542144561726682e-01
2.768999999999806061e+00,-6.488658182757391923e-01,-6.729610355250892351e-02,-8.420346879056396228e-01
2.769999999999805951e+00,-6.487682338717276620e-01,-6.756280739016012893e-02,-8.409045969543440524e-01
2.770999999999805841e+00,-6.486700173440917983e-01,-6.783002466562837451e-02,-8.397639983130028574e-01
2.771999999999805731e+00,-6.485711667518234691e-01,-6.809774852299316228e-02,-8.386129490775834361e-01
2.772999999999805620e+00,-6.484716802276370151e-01,-6.836597220429091459e-02,-8.374515067334267204e-01
2.773999999999805510e+00,-6.483715559769542836e-01,-6.863468904510006130e-02,-8.362797291601495875e-01
2.774999999999805400e+00,-6.482707922768408126e-01,-6.890389246943945389e-02,-8.350976746371148174e-01
2.775999999999805290e+00,-6.481693874749423490e-01,-6.917357598430745602e-02,-8.339054018492837450e-01
2.776999999999805180e+00,-6.480673399884618879e-01,-6.944373317412089186e-02,-8.327029698932986168e-01
2.777999999999805070e+00,-6.479646483032084348e-01,-6.971435769524736425e-02,-8.314904382836706409e-01
2.778999999999804960e+00,-6.478613109727429098e-01,-6.998544327077133032e-02,-8.302678669589755867e-01
2.779999999999804849e+00,-6.477573266176384070e-01,-7.025698368558735973e-02,-8.290353162879833260e-01
2.780999999999804739e+00,-6.476526939248652415e-01,-7.052897278187769681e-02,-8.277928470756641399e-01
2.781999999999804629e+00,-6.475474116473055597e-01,-7.080140445500393565e-02,-8.265405205690311563e-01
2.782999999999804519e+00,-6.474414786033992897e-01,-7.107427264982008053e-02,-8.252783984627867220e-01
2.783999999999804409e+00,-6.473348936769185435e-01,-7.134757135740049661e-02,-8.240065429047512824e-01
2.784999999999804299e+00,-6.472276558168632565e-01,-7.162129461216526494e-02,-8.227250165010557836e-01
2.785999999999804189e+00,-6.471197640374708460e-01,-7.189543648937735121e-02,-8.214338823210830531e-01
2.786999999999804078e+00,-6.470112174183293430e-01,-7.216999110298333298e-02,-8.201332039021453912e-01
2.787999999999803968e+00,-6.469020151045824507e-01,-7.244495260376537793e-02,-8.188230452538841631e-01
2.788999999999803858e+00,-6.467921563072145386e-01,-7.272031517777233223e-02,-8.175034708623781787e-01
2.789999999999803748e+00,-6.466816403034019167e-01,-7.299607304499677873e-02,-8.161745456939456522e-01
2.790999999999803638e+00,-6.465704664369159582e-01,-7.327222045826609076e-02,-8.148363351986216419e-01
2.791999999999803528e+00,-6.464586341185655227e-01,-7.354875170231650605e-02,-8.134889053132929870e-01
2.792999999999803418e+00,-6.463461428266628062e-01,-7.382566109301963442e-02,-8.121323224644685368e-01
2.793999999999803308e+00,-6.462329921074994044e-01,-7.410294297673364339e-02,-8.107666535706616884e-01
2.794999999999803197e+00,-6.461191815758176027e-01,-7.438059172975181044e-02,-8.093919660443603670e-01
2.795999999999803087e+00,-6.460047109152631251e-01,-7.465860175782190744e-02,-8.080083277935566910e-01
2.796999999999802977e+00,-6.458895798788047982e-01,-7.493696749571382432e-02,-8.066158072228090115e-01
2.797999999999802867e+00,-6.457737882891088077e-01,-7.521568340681156206e-02,-8.052144732338075706e-01
2.798999999999802757e+00,-6.456573360388532246e-01,-7.549474398270888953e-02,-8.038043952254143587e-01
2.799999999999802647e+00,-6.455402230909709216e-01,-7.577414374278829134e-02,-8.023856430931480821e-01
2.800999999999802537e+00,-6.454224494787257349e-01,-7.605387723347012408e-02,-8.009582872272986709e-01
2.801999999999802426e+00,-6.453040152940168195e-01,-7.633393898620544071e-02,-7.995223983951726954e-01
2.802999999999802316e+00,-6.451849206733433206e-01,-7.661432346787877545e-02,-7.980780474842361638e-01
2.803999999999802206e+00,-6.450651657862666033e-01,-7.689502504121481508e-02,-7.966253054336157602e-01
2.804999999999802096e+00,-6.449447508364062331e-01,-7.717603797001304500e-02,-7.951642432366312629e-01
2.805999999999801986e+00,-6.448236760618237806e-01,-7.745735642241458052e-02,-7.936949319427871741e-01
2.806999999999801876e+00,-6.447019417348582859e-01,-7.773897447250555093e-02,-7.922174426592287766e-01
2.807999999999801766e+00,-6.445795481618834533e-01,-7.802088610190577311e-02,-7.907318465516733896e-01
2.808999999999801656e+00,-6.444564956829857971e-01,-7.830308520133544281e-02,-7.892382148448257029e-01
2.809999999999801545e+00,-6.443327846715618534e-01,-7.858556557215334859e-02,-7.877366188222905130e-01
2.810999999999801435e+00,-6.442084155338383411e-01,-7.886832092786094650e-02,-7.862271298259975172e-01
2.811999999999801325e+00,-6.440833887083128317e-01,-7.915134489556752140e-02,-7.847098192551540397e-01
2.812999999999801215e+00,-6.439577046651199232e-01,-7.943463101741227161e-02,-7.831847585647462306e-01
2.813999999999801105e+00,-6.438313639053224735e-01,-7.971817275194070795e-02,-7.816520192636089437e-01
2.814999999999800995e+00,-6.437043669601346663e-01,-8.000196347543264697e-02,-7.801116729120881610e-01
2.815999999999800885e+00,-6.435767143900765763e-01,-8.028599648318074378e-02,-7.785637911193213911e-01
2.816999999999800774e+00,-6.434484067840686716e-01,-8.057026499071789916e-02,-7.770084455401649048e-01
2.817999999999800664e+00,-6.433194447584680287e-01,-8.085476213499498410e-02,-7.754457078717958973e-01
2.818999999999800554e+00,-6.431898289560531445e-01,-8.113948097550716110e-02,-7.738756498500224401e-01
2.819999999999800444e+00,-6.430595600449638960e-01,-8.142441449537207721e-02,-7.722983432453339736e-01
2.820999999999800334e+00,-6.429286387176010864e-01,-8.170955560235976245e-02,-7.707138598587262024e-01
2.821999999999800224e+00,-6.427970656894939072e-01,-8.199489712987656498e-02,-7.691222715173372526e-01
2.822999999999800114e+00,-6.426648416981411982e-01,-8.228043183790589854e-02,-7.675236500699302855e-01
2.823999999999800004e+00,-6.425319675018347221e-01,-8.256615241390741211e-02,-7.659180673822605367e-01
2.824999999999799893e+00,-6.423984438784703377e-01,-8.285205147367774581e-02,-7.643055953323638629e-01
2.825999999999799783e+00,-6.422642716243555094e-01,-8.313812156217526006e-02,-7.626863058058043210e-01
2.826999999999799673e+00,-6.421294515530209246e-01,-8.342435515431184667e-02,-7.610602706909176396e-01
2.827999999999799563e+00,-6.419939844940416585e-01,-8.371074465571382017e-02,-7.594275618740878864e-01
2.828999999999799453e+00,-6.418578712918778795e-01,-8.399728240345510910e-02,-7.577882512350926358e-01
2.829999999999799343e+00,-6.417211128047393132e-01,-8.428396066676485665e-02,-7.561424106425518321e-01
2.830999999999799233e+00,-6.415837099034831237e-01,-8.457077164771126254e-02,-7.544901119495135422e-01
2.831999999999799122e+00,-6.414456634705490989e-01,-8.485770748186305390e-02,-7.528314269892090183e-01
2.832999999999799012e+00,-6.413069743989410210e-01,-8.514476023893158274e-02,-7.511664275710078220e-01
2.833999999999798902e+00,-6.411676435912573302e-01,-8.543192192339216229e-02,-7.494951854766009891e-01
2.834999999999798792e+00,-6.410276719587790772e-01,-8.571918447508736216e-02,-7.478177724564399886e-01
2.835999999999798682e+00,-6.408870604206189370e-01,-8.600653976981093018e-02,-7.461342602264550150e-01
2.836999999999798572e+00,-6.407458099029352816e-01,-8.629397961987284038e-02,-7.444447204650772587e-01
2.837999999999798462e+00,-6.406039213382170860e-01,-8.658149577464413493e-02,-7.427492248105833639e-01
2.838999999999798352e+00,-6.404613956646414419e-01,-8.686907992108072740e-02,-7.410478448587830558e-01
2.839999999999798241e+00,-6.403182338255083428e-01,-8.715672368422466842e-02,-7.393406521610643711e-01
2.840999999999798131e+00,-6.401744367687530746e-01,-8.744441862767998730e-02,-7.376277182228118123e-01
2.841999999999798021e+00,-6.400300054465410948e-01,-8.773215625406211027e-02,-7.359091145022090830e-01
2.842999999999797911e+00,-6.398849408149439588e-01,-8.801992800541708073e-02,-7.341849124094368406e-01
2.843999999999797801e+00,-6.397392438336991782e-01,-8.830772526360852748e-02,-7.324551833062727946e-01
2.844999999999797691e+00,-6.395929154660526805e-01,-8.859553935066916130e-02,-7.307199985061004766e-01
2.845999999999797581e+00,-6.394459566786849791e-01,-8.888336152911380239e-02,-7.289794292743307924e-01
2.846999999999797470e+00,-6.392983684417199441e-01,-8.917118300221116289e-02,-7.272335468292372429e-01
2.847999999999797360e+00,-6.391501517288131762e-01,-8.945899491421205330e-02,-7.254824223432052577e-01
2.848999999999797250e+00,-6.390013075173202051e-01,-8.974678835053101489e-02,-7.237261269443925338e-01
2.849999999999797140e+00,-6.388518367885407390e-01,-9.003455433787999063e-02,-7.219647317187956048e-01
2.850999999999797030e+00,-6.387017405280354110e-01,-9.032228384435297963e-02,-7.201983077127152022e-01
2.851999999999796920e+00,-6.385510197260126919e-01,-9.060996777946223046e-02,-7.184269259356154125e-01
2.852999999999796810e+00,-6.383996753780888378e-01,-9.089759699461108511e-02,-7.166506573657396295e-01
2.853999999999796700e+00,-6.382477084861704064e-01,-9.118516228362139042e-02,-7.148695729595352377e-01
2.854999999999796589e+00,-6.380951200593438788e-01,-9.147265438314333696e-02,-7.130837436572027288e-01
2.855999999999796479e+00,-6.379419111144284393e-01,-9.176006397242569834e-02,-7.112932403866639719e-01
2.856999999999796369e+00,-6.377880826765727207e-01,-9.204738167306070196e-02,-7.094981340678209181e-01
2.857999999999796259e+00,-6.376336357799008425e-01,-9.233459804873622723e-02,-7.076984956170719876e-01
2.858999999999796149e+00,-6.374785714681812099e-01,-9.262170360497695709e-02,-7.058943959520466160e-01
2.859999999999796039e+00,-6.373228907955093003e-01,-9.290868878888891569e-02,-7.040859059965136613e-01
2.860999999999795929e+00,-6.371665948269933377e-01,-9.319554398892282432e-02,-7.022730966854114909e-01
2.861999999999795818e+00,-6.370096846394321943e-01,-9.348225953467670379e-02,-7.004560389699415746e-01
2.862999999999795708e+00,-6.368521613219753075e-01,-9.376882569675726309e-02,-6.986348038226604107e-01
2.863999999999795598e+00,-6.366940259767512877e-01,-9.405523268672588699e-02,-6.968094622424961804e-01
2.864999999999795488e+00,-6.365352797194538947e-01,-9.434147065715514646e-02,-6.949800852596116352e-01
2.865999999999795378e+00,-6.363759236798736119e-01,-9.462752970182475298e-02,-6.931467439400260666e-01
2.866999999999795268e+00,-6.362159590023624967e-01,-9.491339985608648888e-02,-6.913095093899048749e-01
2.867999999999795158e+00,-6.360553868462202054e-01,-9.519907109743097617e-02,-6.894684527594210355e-01
2.868999999999795048e+00,-6.358942083859915329e-01,-9.548453334628609346e-02,-6.876236452460890991e-01
2.869999999999794937e+00,-6.357324248116642540e-01,-9.576977646707840464e-02,-6.857751580974725814e-01
2.870999999999794827e+00,-6.355700373287600513e-01,-9.605479026958679833e-02,-6.839230626131690416e-01
2.871999999999794717e+00,-6.354070471583107560e-01,-9.633956451061326254e-02,-6.820674301459800359e-01
2.872999999999794607e+00,-6.352434555367161284e-01,-9.662408889599166661e-02,-6.802083321021848983e-01
2.873999999999794497e+00,-6.350792637154805131e-01,-9.690835308295103756e-02,-6.783458399408482942e-01
2.874999999999794387e+00,-6.349144729608274806e-01,-9.719234668283943668e-02,-6.764800251721080349e-01
2.875999999999794277e+00,-6.347490845531981174e-01,-9.747605926421010203e-02,-6.746109593544110661e-01
2.876999999999794166e+00,-6.345830997866356293e-01,-9.775948035625892096e-02,-6.727387140906873064e-01
2.877999999999794056e+00,-6.344165199680661393e-01,-9.804259945259480302e-02,-6.708633610234772116e-01
2.878999999999793946e+00,-6.342493464164873362e-01,-9.832540601531292168e-02,-6.689849718290578062e-01
2.879999999999793836e+00,-6.340815804620760776e-01,-9.860788947933257775e-02,-6.671036182106376833e-01
2.880999999999793726e+00,-6.339132234452311554e-01,-9.889003925695094566e-02,-6.652193718907203346e-01
2.881999999999793616e+00,-6.337442767155676560e-01,-9.917184474255780202e-02,-6.633323046027601588e-01
2.882999999999793506e+00,-6.335747416308784574e-01,-9.945329531744812046e-02,-6.614424880822572517e-01
2.883999999999793395e+00,-6.334046195560802950e-01,-9.973438035466875018e-02,-6.595499940574542919e-01
2.884999999999793285e+00,-6.332339118621619356e-01,-1.000150892238300671e-01,-6.576548942398121600e-01
2.885999999999793175e+00,-6.330626199251477848e-01,-1.002954112958167054e-01,-6.557572603144458112e-01
2.886999999999793065e+00,-6.328907451250929128e-01,-1.005753359473335606e-01,-6.538571639307032557e-01
2.887999999999792955e+00,-6.327182888451197140e-01,-1.008548525652281647e-01,-6.519546766930632842e-01
2.888999999999792845e+00,-6.325452524705083013e-01,-1.011339505505381708e-01,-6.500498701525178058e-01
2.889999999999792735e+00,-6.323716373878451869e-01,-1.014126193222210093e-01,-6.481428157985861249e-01
2.890999999999792625e+00,-6.321974449842395760e-01,-1.016908483205316016e-01,-6.462335850520909419e-01
2.891999999999792514e+00,-6.320226766466072732e-01,-1.019686270100251535e-01,-6.443222492588006611e-01
2.892999999999792404e+00,-6.318473337610251983e-01,-1.022459448821710637e-01,-6.424088796840202731e-01
2.893999999999792294e+00,-6.316714177121562912e-01,-1.025227914575739807e-01,-6.404935475081873220e-01
2.894999999999792184e+00,-6.314949298827419177e-01,-1.027991562878075305e-01,-6.385763238235059314e-01
2.895999999999792074e+00,-6.313178716531590018e-01,-1.030750289568729550e-01,-6.366572796316296579e-01
2.896999999999791964e+00,-6.311402444010404400e-01,-1.033503990823029239e-01,-6.347364858423831802e-01
2.897999999999791854e+00,-6.309620495009498065e-01,-1.036252563159351658e-01,-6.328140132734962897e-01
2.898999999999791743e+00,-6.307832883241113464e-01,-1.038995903443854507e-01,-6.308899326513075501e-01
2.899999999999791633e+00,-6.306039622381853782e-01,-1.041733908892518989e-01,-6.289643146123842232e-01
2.900999999999791523e+00,-6.304240726070886591e-01,-1.044466477070842558e-01,-6.270372297059969569e-01
2.901999999999791413e+00,-6.302436207908530541e-01,-1.047193505891525767e-01,-6.251087483973797321e-01
2.902999999999791303e+00,-6.300626081455190652e-01,-1.049914893610494893e-01,-6.231789410717043509e-01
2.903999999999791193e+00,-6.298810360230608918e-01,-1.052630538821589801e-01,-6.212478780386954114e-01
2.904999999999791083e+00,-6.296989057713396898e-01,-1.055340340450232062e-01,-6.193156295378129395e-01
2.905999999999790973e+00,-6.295162187340828108e-01,-1.058044197746368653e-01,-6.173822657439326234e-01
2.906999999999790862e+00,-6.293329762508852454e-01,-1.060742010276962688e-01,-6.154478567734538164e-01
2.907999999999790752e+00,-6.291491796572330486e-01,-1.063433677918274867e-01,-6.135124726907731363e-01
2.908999999999790642e+00,-6.289648302845458616e-01,-1.066119100848160750e-01,-6.115761835150618220e-01
2.909999999999790532e+00,-6.287799294602380851e-01,-1.068798179538574256e-01,-6.096390592272931119e-01
2.910999999999790422e+00,-6.285944785077970387e-01,-1.071470814748447520e-01,-6.077011697774682419e-01
2.911999999999790312e+00,-6.284084787468774413e-01,-1.074136907517096451e-01,-6.057625850919962085e-01
2.912999999999790202e+00,-6.282219314934116561e-01,-1.076796359158267158e-01,-6.038233750811855538e-01
2.913999999999790091e+00,-6.280348380597344793e-01,-1.079449071254932613e-01,-6.018836096468126451e-01
2.914999999999789981e+00,-6.278471997547231398e-01,-1.082094945654916984e-01,-5.999433586897331416e-01
2.915999999999789871e+00,-6.276590178839505096e-01,-1.084733884467411758e-01,-5.980026921175086718e-01
2.916999999999789761e+00,-6.274702937498526367e-01,-1.087365790060439430e-01,-5.960616798520239623e-01
2.917999999999789651e+00,-6.272810286519084899e-01,-1.089990565059289207e-01,-5.941203918370715487e-01
2.918999999999789541e+00,-6.270912238868328048e-01,-1.092608112345956339e-01,-5.921788980458859708e-01
2.919999999999789431e+00,-6.269008807487808088e-01,-1.095218335059593429e-01,-5.902372684886100229e-01
2.920999999999789321e+00,-6.267100005295641596e-01,-1.097821136597974534e-01,-5.882955732196794019e-01
2.921999999999789210e+00,-6.265185845188777636e-01,-1.100416420619968472e-01,-5.863538823451115434e-01
2.922999999999789100e+00,-6.263266340045361424e-01,-1.103004091049004931e-01,-5.844122660296893201e-01
2.923999999999788990e+00,-6.261341502727193475e-01,-1.105584052077520363e-01,-5.824707945040281665e-01
2.924999999999788880e+00,-6.259411346082268679e-01,-1.108156208172350055e-01,-5.805295380715186360e-01
2.925999999999788770e+00,-6.257475882947385326e-01,-1.110720464081045300e-01,-5.785885671151363985e-01
2.926999999999788660e+00,-6.255535126150819636e-01,-1.113276724839079301e-01,-5.766479521041125711e-01
2.927999999999788550e+00,-6.253589088515045802e-01,-1.115824895777907388e-01,-5.747077636004576107e-01
2.928999999999788439e+00,-6.251637782859498227e-01,-1.118364882533841587e-01,-5.727680722653326617e-01
2.929999999999788329e+00,-6.249681222003358183e-01,-1.120896591057701785e-01,-5.708289488652633636e-01
2.930999999999788219e+00,-6.247719418768356014e-01,-1.123419927625199377e-01,-5.688904642781895671e-01
2.931999999999788109e+00,-6.245752385981567789e-01,-1.125934798848011176e-01,-5.669526894993460742e-01
2.932999999999787999e+00,-6.243780136478200848e-01,-1.128441111685499765e-01,-5.650156956469700731e-01
2.933999999999787889e+00,-6.241802683104358263e-01,-1.130938773457032254e-01,-5.630795539678294936e-01
2.934999999999787779e+00,-6.239820038719751105e-01,-1.133427691854858865e-01,-5.611443358425675099e-01
2.935999999999787669e+00,-6.237832216200361879e-01,-1.135907774957495286e-01,-5.592101127908588598e-01
2.936999999999787558e+00,-6.235839228441041326e-01,-1.138378931243576031e-01,-5.572769564763729866e-01
2.937999999999787448e+00,-6.233841088358017535e-01,-1.140841069606119418e-01,-5.553449387115394487e-01
2.938999999999787338e+00,-6.231837808891311781e-01,-1.143294099367172245e-01,-5.534141314621109364e-01
2.939999999999787228e+00,-6.229829403007045574e-01,-1.145737930292778373e-01,-5.514846068515203426e-01
2.940999999999787118e+00,-6.227815883699624466e-01,-1.148172472608233463e-01,-5.495564371650261126e-01
2.941999999999787008e+00,-6.225797263993794184e-01,-1.150597637013581753e-01,-5.476296948536431008e-01
2.942999999999786898e+00,-6.223773556946545771e-01,-1.153013334699308223e-01,-5.457044525378543787e-01
2.943999999999786787e+00,-6.221744775648867520e-01,-1.155419477362188974e-01,-5.437807830111002216e-01
2.944999999999786677e+00,-6.219710933227331484e-01,-1.157815977221256509e-01,-5.418587592430404998e-01
2.945999999999786567e+00,-6.217672042845510116e-01,-1.160202747033840243e-01,-5.399384543825880289e-01
2.946999999999786457e+00,-6.215628117705203071e-01,-1.162579700111641967e-01,-5.380199417607085532e-01
2.947999999999786347e+00,-6.213579171047480809e-01,-1.164946750336814663e-01,-5.361032948929856934e-01
2.948999999999786237e+00,-6.211525216153526152e-01,-1.167303812177999389e-01,-5.341885874819478630e-01
2.949999999999786127e+00,-6.209466266345279317e-01,-1.169650800706293070e-01,-5.322758934191552660e-01
2.950999999999786017e+00,-6.207402334985878678e-01,-1.171987631611107750e-01,-5.303652867870453091e-01
2.951999999999785906e+00,-6.205333435479885029e-01,-1.174314221215893572e-01,-5.284568418605347651e-01
2.952999999999785796e+00,-6.203259581273308232e-01,-1.176630486493688843e-01,-5.265506331083785740e-01
2.953999999999785686e+00,-6.201180785853412925e-01,-1.178936345082474413e-01,-5.246467351942836199e-01
2.954999999999785576e+00,-6.199097062748313292e-01,-1.181231715300296581e-01,-5.227452229777791448e-01
2.955999999999785466e+00,-6.197008425526367992e-01,-1.183516516160136589e-01,-5.208461715148423599e-01
2.956999999999785356e+00,-6.194914887795364145e-01,-1.185790667384500341e-01,-5.189496560582819162e-01
2.957999999999785246e+00,-6.192816463201491484e-01,-1.188054089419700587e-01,-5.170557520578796806e-01
2.958999999999785135e+00,-6.190713165428136655e-01,-1.190306703449813541e-01,-5.151645351602929246e-01
2.959999999999785025e+00,-6.188605008194469903e-01,-1.192548431410283549e-01,-5.132760812087201474e-01
2.960999999999784915e+00,-6.186492005253858562e-01,-1.194779196001158894e-01,-5.113904662423324199e-01
2.961999999999784805e+00,-6.184374170392106240e-01,-1.196998920699936242e-01,-5.095077664954748009e-01
2.962999999999784695e+00,-6.182251517425527698e-01,-1.199207529773999026e-01,-5.076280583966414905e-01
2.963999999999784585e+00,-6.180124060198861624e-01,-1.201404948292627839e-01,-5.057514185672299378e-01
2.964999999999784475e+00,-6.177991812583060183e-01,-1.203591102138571456e-01,-5.038779238200781219e-01
2.965999999999784364e+00,-6.175854788472935342e-01,-1.205765918019162108e-01,-5.020076511577922229e-01
2.966999999999784254e+00,-6.173713001784699728e-01,-1.207929323476956418e-01,-5.001406777708703455e-01
2.967999999999784144e+00,-6.171566466453409783e-01,-1.210081246899896157e-01,-4.982770810356295654e-01
2.968999999999784034e+00,-6.169415196430327875e-01,-1.212221617530966911e-01,-4.964169385119437394e-01
2.969999999999783924e+00,-6.167259205680221124e-01,-1.214350365477351312e-01,-4.945603279408008479e-01
2.970999999999783814e+00,-6.165098508178615822e-01,-1.216467421719059083e-01,-4.927073272416885863e-01
2.971999999999783704e+00,-6.162933117909032976e-01,-1.218572718117024445e-01,-4.908580145098177527e-01
2.972999999999783594e+00,-6.160763048860211644e-01,-1.220666187420660076e-01,-4.890124680131939239e-01
2.973999999999783483e+00,-6.158588315023358906e-01,-1.222747763274856792e-01,-4.871707661895477992e-01
2.974999999999783373e+00,-6.156408930389436485e-01,-1.224817380226418950e-01,-4.853329876431369261e-01
2.975999999999783263e+00,-6.154224908946520634e-01,-1.226874973729923657e-01,-4.834992111414298521e-01
2.976999999999783153e+00,-6.152036264677239741e-01,-1.228920480152994044e-01,-4.816695156116870269e-01
2.977999999999783043e+00,-6.149843011556341832e-01,-1.230953836780976363e-01,-4.798439801374513314e-01
2.978999999999782933e+00,-6.147645163548395297e-01,-1.232974981821010618e-01,-4.780226839549635010e-01
2.979999999999782823e+00,-6.145442734606557655e-01,-1.234983854406678516e-01,-4.762057064499130576e-01
2.980999999999782712e+00,-6.143235738680131730e-01,-1.236980394613570733e-01,-4.743931271597792154e-01
2.981999999999782602e+00,-6.141024189719822557e-01,-1.238964543470947310e-01,-4.725850257774533714e-01
2.982999999999782492e+00,-6.138808101681552110e-01,-1.240936242970436254e-01,-4.707814821481771106e-01
2.983999999999782382e+00,-6.136587488523279621e-01,-1.242895436064345993e-01,-4.689825762655653318e-01
2.984999999999782272e+00,-6.134362364203655993e-01,-1.244842066665312608e-01,-4.671883882676624022e-01
2.985999999999782162e+00,-6.132132742681053461e-01,-1.246776079645280921e-01,-4.653989984330510477e-01
2.986999999999782052e+00,-6.129898637912981618e-01,-1.248697420833777272e-01,-4.636144871770335185e-01
2.987999999999781942e+00,-6.127660063855915329e-01,-1.250606037015465910e-01,-4.618349350479059034e-01
2.988999999999781831e+00,-6.125417034465572286e-01,-1.252501875926973485e-01,-4.600604227233461296e-01
2.989999999999781721e+00,-6.123169563697651308e-01,-1.254384886252973286e-01,-4.582910310069367998e-01
2.990999999999781611e+00,-6.120917665509086891e-01,-1.256255017621518144e-01,-4.565268408248432386e-01
2.991999999999781501e+00,-6.118661353859814467e-01,-1.258112220598615605e-01,-4.547679332226671756e-01
2.992999999999781391e+00,-6.116400642715088543e-01,-1.259956446682043152e-01,-4.530143893624946627e-01
2.993999999999781281e+00,-6.114135546048363734e-01,-1.261787648294397102e-01,-4.512662905201564323e-01
2.994999999999781171e+00,-6.111866077844753109e-01,-1.263605778775387101e-01,-4.495237180827149071e-01
2.995999999999781060e+00,-6.109592252105070509e-01,-1.265410792373382332e-01,-4.477867535461911852e-01
2.996999999999780950e+00,-6.107314082850459069e-01,-1.267202644236226639e-01,-4.460554785135386058e-01
2.997999999999780840e+00,-6.105031584127590394e-01,-1.268981290401358653e-01,-4.443299746928662808e-01
2.998999999999780730e+00,-6.102744770014425502e-01,-1.270746687785268281e-01,-4.426103238959079311e-01
2.999999999999780620e+00,-6.100453654626492028e-01,-1.272498794172353120e-01,-4.408966080367228701e-01
3.000999999999780510e+00,-6.098158252123637713e-01,-1.274237568203242243e-01,-4.391889091306060422e-01
3.001999999999780400e+00,-6.095858576717197996e-01,-1.275962969362680888e-01,-4.374873092931711449e-01
3.002999999999780290e+00,-6.093554642677485589e-01,-1.277674957967096236e-01,-4.357918907395555430e-01
3.003999999999780179e+00,-6.091246464341506517e-01,-1.279373495151981399e-01,-4.341027357836785838e-01
3.004999999999780069e+00,-6.088934056120767213e-01,-1.281058542859276894e-01,-4.324199268374645522e-01
3.005999999999779959e+00,-6.086617432509029424e-01,-1.282730063824950584e-01,-4.307435464099187428e-01
3.006999999999779849e+00,-6.084296608089809766e-01,-1.284388021567023364e-01,-4.290736771059202037e-01
3.007999999999779739e+00,-6.081971597543458508e-01,-1.286032380374313444e-01,-4.274104016245672266e-01
3.008999999999779629e+00,-6.079642415653540022e-01,-1.287663105296220079e-01,-4.257538027568840699e-01
3.009999999999779519e+00,-6.077309077312305075e-01,-1.289280162133898677e-01,-4.241039633826689803e-01
3.010999999999779408e+00,-6.074971597524950750e-01,-1.290883517433210614e-01,-4.224609664662365427e-01
3.011999999999779298e+00,-6.072629991412409334e-01,-1.292473138479859895e-01,-4.208248950507852970e-01
3.012999999999779188e+00,-6.070284274212371933e-01,-1.294048993297144956e-01,-4.191958322511030732e-01
3.013999999999779078e+00,-6.067934461278279290e-01,-1.295611050646757190e-01,-4.175738612443157249e-01
3.014999999999778968e+00,-6.065580568076034407e-01,-1.297159280033040041e-01,-4.159590652583873838e-01
3.015999999999778858e+00,-6.063222610178237160e-01,-1.298693651711097796e-01,-4.143515275580998414e-01
3.016999999999778748e+00,-6.060860603255793233e-01,-1.300214136699079925e-01,-4.127513314282749146e-01
3.017999999999778638e+00,-6.058494563066849636e-01,-1.301720706794883553e-01,-4.111585601540602153e-01
3.018999999999778527e+00,-6.056124505443080119e-01,-1.303213334597423667e-01,-4.095732969981761284e-01
3.019999999999778417e+00,-6.053750446273478136e-01,-1.304691993532479943e-01,-4.079956251751193919e-01
3.020999999999778307e+00,-6.051372401485934915e-01,-1.306156657882996397e-01,-4.064256278224336882e-01
3.021999999999778197e+00,-6.048990387026984550e-01,-1.307607302823551310e-01,-4.048633879692852822e-01
3.022999999999778087e+00,-6.046604418840246797e-01,-1.309043904458566665e-01,-4.033089885027153487e-01
3.023999999999777977e+00,-6.044214512844185982e-01,-1.310466439863687826e-01,-4.017625121320708703e-01
3.024999999999777867e+00,-6.041820684909882111e-01,-1.311874887129639011e-01,-4.002240413522337170e-01
3.025999999999777756e+00,-6.039422950839585802e-01,-1.313269225407790453e-01,-3.986936584063633937e-01
3.026999999999777646e+00,-6.037021326346829753e-01,-1.314649434956620677e-01,-3.971714452489342739e-01
3.027999999999777536e+00,-6.034615827038845026e-01,-1.316015497188273153e-01,-3.956574835098747300e-01
3.028999999999777426e+00,-6.032206468402004917e-01,-1.317367394714462070e-01,-3.941518544606060215e-01
3.029999999999777316e+00,-6.029793265790907020e-01,-1.318705111391078599e-01,-3.926546389827246797e-01
3.030999999999777206e+00,-6.027376234421597534e-01,-1.320028632360994991e-01,-3.911659175399870847e-01
3.031999999999777096e+00,-6.024955389369355263e-01,-1.321337944094726213e-01,-3.896857701541386332e-01
3.032999999999776986e+00,-6.022530745571268440e-01,-1.322633034428789822e-01,-3.882142763849940614e-01
3.033999999999776875e+00,-6.020102317833775363e-01,-1.323913892601790709e-01,-3.867515153150329899e-01
3.034999999999776765e+00,-6.017670120845194370e-01,-1.325180509288424180e-01,-3.852975655386295939e-01
3.035999999999776655e+00,-6.015234169193173219e-01,-1.326432876631748192e-01,-3.838525051559015799e-01
3.036999999999776545e+00,-6.012794477386962377e-01,-1.327670988274198827e-01,-3.824164117710464605e-01
3.037999999999776435e+00,-6.010351059884313507e-01,-1.328894839387910753e-01,-3.809893624949348689e-01
3.038999999999776325e+00,-6.007903931122804408e-01,-1.330104426704971088e-01,-3.795714339516567115e-01
3.039999999999776215e+00,-6.005453105555365045e-01,-1.331299748548248341e-01,-3.781627022886644984e-01
3.040999999999776104e+00,-6.002998597689801485e-01,-1.332480804863436785e-01,-3.767632431901265511e-01
3.041999999999775994e+00,-6.000540422132043528e-01,-1.333647597252901051e-01,-3.753731318930895733e-01
3.042999999999775884e+00,-5.998078593632920619e-01,-1.334800129011848580e-01,-3.739924432060498516e-01
3.043999999999775774e+00,-5.995613127138201826e-01,-1.335938405167233500e-01,-3.726212515295407868e-01
3.044999999999775664e+00,-5.993144037841595662e-01,-1.337062432519681987e-01,-3.712596308783573384e-01
3.045999999999775554e+00,-5.990671341240394465e-01,-1.338172219688543163e-01,-3.699076549050506202e-01
3.046999999999775444e+00,-5.988195053193327011e-01,-1.339267777159987571e-01,-3.685653969243340988e-01
3.047999999999775333e+00,-5.985715189980069795e-01,-1.340349117337822360e-01,-3.672329299380444612e-01
3.048999999999775223e+00,-5.983231768361720881e-01,-1.341416254596427271e-01,-3.659103266602899973e-01
3.049999999999775113e+00,-5.980744805641332595e-01,-1.342469205334886617e-01,-3.645976595423983668e-01
3.050999999999775003e+00,-5.978254319723379506e-01,-1.343507988031027167e-01,-3.632950007972406414e-01
3.051999999999774893e+00,-5.975760329170733964e-01,-1.344532623293674956e-01,-3.620024224224602238e-01
3.052999999999774783e+00,-5.973262853257450544e-01,-1.345543133910988287e-01,-3.607199962220759004e-01
3.053999999999774673e+00,-5.970761912015316586e-01,-1.346539544892287055e-01,-3.594477938258620053e-01
3.054999999999774563e+00,-5.968257526271840696e-01,-1.347521883500333029e-01,-3.581858867058377305e-01
3.055999999999774452e+00,-5.965749717677033548e-01,-1.348490179270628864e-01,-3.569343461891363867e-01
3.056999999999774342e+00,-5.963238508716188768e-01,-1.349444464013980494e-01,-3.556932434664777931e-01
3.057999999999774232e+00,-5.960723922705739586e-01,-1.350384771798430472e-01,-3.544626495954502632e-01
3.058999999999774122e+00,-5.958205983769344627e-01,-1.351311138906717557e-01,-3.532426354978367433e-01
3.059999999999774012e+00,-5.955684716791698197e-01,-1.352223603765792814e-01,-3.520332719503023178e-01
3.060999999999773902e+00,-5.953160147348048881e-01,-1.353122206845599473e-01,-3.508346295679156679e-01
3.061999999999773792e+00,-5.950632301608216324e-01,-1.354006990525409571e-01,-3.496467787802033378e-01
3.062999999999773681e+00,-5.948101206214985170e-01,-1.354877998927436489e-01,-3.484697897997371951e-01
3.063999999999773571e+00,-5.945566888137968631e-01,-1.355735277719191112e-01,-3.473037325836155209e-01
3.064999999999773461e+00,-5.943029374505446327e-01,-1.356578873887976933e-01,-3.461486767885935123e-01
3.065999999999773351e+00,-5.940488692417984495e-01,-1.357408835492892873e-01,-3.450046917210151665e-01
3.066999999999773241e+00,-5.937944868748932237e-01,-1.358225211401489774e-01,-3.438718462830562261e-01
3.067999999999773131e+00,-5.935397929937739070e-01,-1.359028051019645911e-01,-3.427502089170618715e-01
3.068999999999773021e+00,-5.932847901782597466e-01,-1.359817404024076526e-01,-3.416398475499207721e-01
3.069999999999772911e+00,-5.930294809238934040e-01,-1.360593320107067739e-01,-3.405408295394374840e-01
3.070999999999772800e+00,-5.927738676229812320e-01,-1.361355848742496211e-01,-3.394532216245396139e-01
3.071999999999772690e+00,-5.925179525476846898e-01,-1.362105038985647332e-01,-3.383770898822428541e-01
3.072999999999772580e+00,-5.922617378362351470e-01,-1.362840939322178258e-01,-3.373124996986731627e-01
3.073999999999772470e+00,-5.920052254810754810e-01,-1.363563597550757067e-01,-3.362595157447449412e-01
3.074999999999772360e+00,-5.917484173188534147e-01,-1.364273060698890372e-01,-3.352182019537438551e-01
3.075999999999772250e+00,-5.914913150223390925e-01,-1.364969374973263316e-01,-3.341886215064547860e-01
3.076999999999772140e+00,-5.912339200947958062e-01,-1.365652585751891690e-01,-3.331708368237613627e-01
3.077999999999772029e+00,-5.909762338664290571e-01,-1.366322737612966631e-01,-3.321649095660736961e-01
3.078999999999771919e+00,-5.907182574926227447e-01,-1.366979874396256622e-01,-3.311709006387505982e-01
3.079999999999771809e+00,-5.904599919536429597e-01,-1.367624039292337779e-01,-3.301888702025754241e-01
3.080999999999771699e+00,-5.902014380554760908e-01,-1.368255274954721379e-01,-3.292188776883085977e-01
3.081999999999771589e+00,-5.899425964314852777e-01,-1.368873623630014469e-01,-3.282609818143623071e-01
3.082999999999771479e+00,-5.896834675445913332e-01,-1.369479127301563015e-01,-3.273152406067073028e-01
3.083999999999771369e+00,-5.894240516897202298e-01,-1.370071827842463674e-01,-3.263817114202147152e-01
3.084999999999771259e+00,-5.891643489963009905e-01,-1.370651767174362046e-01,-3.254604509607408880e-01
3.085999999999771148e+00,-5.889043594306409002e-01,-1.371218987429002889e-01,-3.245515153073753600e-01
3.086999999999771038e+00,-5.886440827980460311e-01,-1.371773531110017652e-01,-3.236549599343778172e-01
3.087999999999770928e+00,-5.883835187446022630e-01,-1.372315441252922874e-01,-3.227708397324304257e-01
3.088999999999770818e+00,-5.881226667585661705e-01,-1.372844761581697159e-01,-3.218992090289208297e-01
3.089999999999770708e+00,-5.878615261713641127e-01,-1.373361536660635540e-01,-3.210401216070514763e-01
3.090999999999770598e+00,-5.876000961582321658e-01,-1.373865812040404033e-01,-3.201936307236443735e-01
3.091999999999770488e+00,-5.873383757385789439e-01,-1.374357634397344596e-01,-3.193597891255826604e-01
3.092999999999770377e+00,-5.870763637761995390e-01,-1.374837051665113441e-01,-3.185386490649071423e-01
3.093999999999770267e+00,-5.868140589795297624e-01,-1.375304113157636010e-01,-3.177302623126835313e-01
3.094999999999770157e+00,-5.865514599022010334e-01,-1.375758869682150443e-01,-3.169346801718875284e-01
3.095999999999770047e+00,-5.862885649442510783e-01,-1.376201373640735526e-01,-3.161519534897528350e-01
3.096999999999769937e+00,-5.860253723544719406e-01,-1.376631679118170137e-01,-3.153821326703305505e-01
3.097999999999769827e+00,-5.857618802345516684e-01,-1.377049841953146558e-01,-3.146252676884891963e-01
3.098999999999769717e+00,-5.854980865459127326e-01,-1.377455919788730387e-01,-3.138814081073518225e-01
3.099999999999769607e+00,-5.852339891205093902e-01,-1.377849972096300835e-01,-3.131506031024035019e-01
3.100999999999769496e+00,-5.849695856773888814e-01,-1.378232060164817085e-01,-3.124329014975154029e-01
3.101999999999769386e+00,-5.847048738476477991e-01,-1.378602247043700935e-01,-3.117283518214370441e-01
3.102999999999769276e+00,-5.844398512117083833e-01,-1.378960597422224654e-01,-3.110370023987896193e-01
3.103999999999769166e+00,-5.841745153549204872e-01,-1.379307177419900055e-01,-3.103589014987330197e-01
3.104999999999769056e+00,-5.839088639508098755e-01,-1.379642054249229921e-01,-3.096940975796614870e-01
3.105999999999768946e+00,-5.836428948865224342e-01,-1.379965295691862603e-01,-3.090426396927890007e-01
3.106999999999768836e+00,-5.833766064525673922e-01,-1.380276969299757683e-01,-3.084045781435837963e-01
3.107999999999768725e+00,-5.831099976272230423e-01,-1.380577141198843782e-01,-3.077799655489443231e-01
3.108999999999768615e+00,-5.828430684847549781e-01,-1.380865874364406443e-01,-3.071688584142246992e-01
3.109999999999768505e+00,-5.825758207126718879e-01,-1.381143226357202103e-01,-3.065713190995864590e-01
3.110999999999768395e+00,-5.823082580786036466e-01,-1.381409246943930413e-01,-3.059874171996225245e-01
3.111999999999768285e+00,-5.820403864770103963e-01,-1.381663976727704746e-01,-3.054172280858538091e-01
3.112999999999768175e+00,-5.817722132534741686e-01,-1.381907447956938761e-01,-3.048608268833714052e-01
3.113999999999768065e+00,-5.815037460716099282e-01,-1.382139687272681827e-01,-3.043182803658480706e-01
3.114999999999767955e+00,-5.812349920005001058e-01,-1.382360718792665366e-01,-3.037896420446448142e-01
3.115999999999767844e+00,-5.809659572136418593e-01,-1.382570566228938924e-01,-3.032749522796878150e-01
3.116999999999767734e+00,-5.806966471387762230e-01,-1.382769253964111211e-01,-3.027742411588163485e-01
3.117999999999767624e+00,-5.804270667235184034e-01,-1.382956807618686557e-01,-3.022875317075770507e-01
3.118999999999767514e+00,-5.801572206474407967e-01,-1.383133254461782202e-01,-3.018148424283914055e-01
3.119999999999767404e+00,-5.798871134561409679e-01,-1.383298623767388047e-01,-3.013561890731202841e-01
3.120999999999767294e+00,-5.796167496365849381e-01,-1.383452947125533294e-01,-3.009115858245303698e-01
3.121999999999767184e+00,-5.793461336545542295e-01,-1.383596258700173498e-01,-3.004810460720520049e-01
3.122999999999767073e+00,-5.790752699687521377e-01,-1.383728595425818275e-01,-3.000645829176448176e-01
3.123999999999766963e+00,-5.788041630307327878e-01,-1.383849997137509835e-01,-2.996622095012753118e-01
3.124999999999766853e+00,-5.785328172762741472e-01,-1.383960506631345400e-01,-2.992739392033358925e-01
3.125999999999766743e+00,-5.782612371116395700e-01,-1.384060169655257078e-01,-2.988997857609655417e-01
3.126999999999766633e+00,-5.779894268968850390e-01,-1.384149034832383718e-01,-2.985397633227380165e-01
3.127999999999766523e+00,-5.777173909276200892e-01,-1.384227153522058773e-01,-2.981938864585567672e-01
3.128999999999766413e+00,-5.774451334162133964e-01,-1.384294579626095534e-01,-2.978621701368829866e-01
3.129999999999766302e+00,-5.771726584732104204e-01,-1.384351369350427796e-01,-2.975446296784339806e-01
3.130999999999766192e+00,-5.768999700896121352e-01,-1.384397580934024763e-01,-2.972412806934986440e-01
3.131999999999766082e+00,-5.766270721205961625e-01,-1.384433274358122246e-01,-2.969521390086053425e-01
3.132999999999765972e+00,-5.763539682711922296e-01,-1.384458511049049545e-01,-2.966772205871880397e-01
3.133999999999765862e+00,-5.760806620843457182e-01,-1.384473353587236388e-01,-2.964165414479929539e-01
3.134999999999765752e+00,-5.758071569316893790e-01,-1.384477865433444421e-01,-2.961701175841731648e-01
3.135999999999765642e+00,-5.755334560072191685e-01,-1.384472110681078949e-01,-2.959379648853048828e-01
3.136999999999765532e+00,-5.752595623239216138e-01,-1.384456153840842030e-01,-2.957200990639187177e-01
3.137999999999765421e+00,-5.749854787132638867e-01,-1.384430059661322654e-01,-2.955165355875766231e-01
3.138999999999765311e+00,-5.747112078273363123e-01,-1.384393892986599539e-01,-2.953272896170524020e-01
3.139999999999765201e+00,-5.744367521433406676e-01,-1.384347718649787951e-01,-2.951523759507906353e-01
3.140999999999765091e+00,-5.741621139700541221e-01,-1.384291601399816329e-01,-2.949918089755302342e-01
3.141999999999764981e+00,-5.738872954558729145e-01,-1.384225605857587471e-01,-2.948456026227754823e-01
3.142999999999764871e+00,-5.736122985980349753e-01,-1.384149796497055884e-01,-2.947137703306683676e-01
3.143999999999764761e+00,-5.733371252526495709e-01,-1.384064237646557560e-01,-2.945963250107488940e-01
3.144999999999764650e+00,-5.730617771451933518e-01,-1.383968993505848011e-01,-2.944932790190706862e-01
3.145999999999764540e+00,-5.727862558811892546e-01,-1.383864128174670804e-01,-2.944046441311509721e-01
3.146999999999764430e+00,-5.725105629568297827e-01,-1.383749705689167886e-01,-2.943304315202695531e-01
3.147999999999764320e+00,-5.722346997693601445e-01,-1.383625790062999183e-01,-2.942706517386773912e-01
3.148999999999764210e+00,-5.719586676270844716e-01,-1.383492445330609666e-01,-2.942253147013277892e-01
3.149999999999764100e+00,-5.716824677588965287e-01,-1.383349735590603258e-01,-2.941944296717945995e-01
3.150999999999763990e+00,-5.714061013232769604e-01,-1.383197725047673465e-01,-2.941780052500916898e-01
3.151999999999763880e+00,-5.711295694167186632e-01,-1.383036478051951068e-01,-2.941760493621523032e-01
3.152999999999763769e+00,-5.708528730794781847e-01,-1.382866059098225298e-01,-2.941885692276186570e-01
3.153999999999763659e+00,-5.705760132983692667e-01,-1.382686532779346111e-01,-2.942155712623023001e-01
3.154999999999763549e+00,-5.702989910100342286e-01,-1.382497963753219483e-01,-2.942570610300263012e-01
3.155999999999763439e+00,-5.700218071067854053e-01,-1.382300416759573436e-01,-2.943130432389809426e-01
3.156999999999763329e+00,-5.697444624427838722e-01,-1.382093956647183486e-01,-2.943835217395162629e-01
3.157999999999763219e+00,-5.694669578396278631e-01,-1.381878648394196385e-01,-2.944684995236314662e-01
3.158999999999763109e+00,-5.691892940929399458e-01,-1.381654557145813311e-01,-2.945679787334148925e-01
3.159999999999762998e+00,-5.689114719780703489e-01,-1.381421748240983238e-01,-2.946819606701564509e-01
3.160999999999762888e+00,-5.686334922549821647e-01,-1.381180287228844783e-01,-2.948104457959383473e-01
3.161999999999762778e+00,-5.683553556718212718e-01,-1.380930239867189657e-01,-2.949534337350653290e-01
3.162999999999762668e+00,-5.680770629684270823e-01,-1.380671672121488724e-01,-2.951109232761179868e-01
3.163999999999762558e+00,-5.677986148795819421e-01,-1.380404650161339841e-01,-2.952829123745898121e-01
3.164999999999762448e+00,-5.675200121380251650e-01,-1.380129240354610320e-01,-2.954693981560718719e-01
3.165999999999762338e+00,-5.672412554772574556e-01,-1.379845509259537140e-01,-2.956703769199508502e-01
3.166999999999762228e+00,-5.669623456341557066e-01,-1.379553523615039967e-01,-2.958858441435889830e-01
3.167999999999762117e+00,-5.666832833514170442e-01,-1.379253350329478212e-01,-2.961157944869549086e-01
3.168999999999762007e+00,-5.664040693798511050e-01,-1.378945056468078023e-01,-2.963602217976766262e-01
3.169999999999761897e+00,-5.661247044805335360e-01,-1.378628709239229921e-01,-2.966191191164882501e-01
3.170999999999761787e+00,-5.658451894268361482e-01,-1.378304375979849672e-01,-2.968924786830428042e-01
3.171999999999761677e+00,-5.655655250063424955e-01,-1.377972124139974497e-01,-2.971802919420647449e-01
3.172999999999761567e+00,-5.652857120226637555e-01,-1.377632021266758100e-01,-2.974825495498156780e-01
3.173999999999761457e+00,-5.650057512971597973e-01,-1.377284134988004394e-01,-2.977992413808477901e-01
3.174999999999761346e+00,-5.647256436705758720e-01,-1.376928532995380927e-01,-2.981303565350195695e-01
3.175999999999761236e+00,-5.644453900046018102e-01,-1.376565283027427478e-01,-2.984758833447495596e-01
3.176999999999761126e+00,-5.641649911833592768e-01,-1.376194452852471384e-01,-2.988358093824832751e-01
3.177999999999761016e+00,-5.638844481148246324e-01,-1.375816110251551205e-01,-2.992101214683499100e-01
3.178999999999760906e+00,-5.636037617321907334e-01,-1.375430323001433641e-01,-2.995988056779853581e-01
3.179999999999760796e+00,-5.633229329951746633e-01,-1.375037158857813635e-01,-3.000018473504982852e-01
3.180999999999760686e+00,-5.630419628912728403e-01,-1.374636685538761505e-01,-3.004192310965576596e-01
3.181999999999760576e+00,-5.627608524369720477e-01,-1.374228970708493147e-01,-3.008509408065788149e-01
3.182999999999760465e+00,-5.624796026789178338e-01,-1.373814081961515499e-01,-3.012969596589875065e-01
3.183999999999760355e+00,-5.621982146950437187e-01,-1.373392086807210255e-01,-3.017572701285405889e-01
3.184999999999760245e+00,-5.619166895956690944e-01,-1.372963052654898874e-01,-3.022318539946831084e-01
3.185999999999760135e+00,-5.616350285245663709e-01,-1.372527046799441874e-01,-3.027206923499222713e-01
3.186999999999760025e+00,-5.613532326600030320e-01,-1.372084136407410171e-01,-3.032237656081984145e-01
3.187999999999759915e+00,-5.610713032157643720e-01,-1.371634388503873148e-01,-3.037410535132352152e-01
3.188999999999759805e+00,-5.607892414421589145e-01,-1.371177869959839257e-01,-3.042725351468499873e-01
3.189999999999759694e+00,-5.605070486270155028e-01,-1.370714647480385517e-01,-3.048181889372073572e-01
3.190999999999759584e+00,-5.602247260966720654e-01,-1.370244787593517810e-01,-3.053779926669986100e-01
3.191999999999759474e+00,-5.599422752169667117e-01,-1.369768356639788909e-01,-3.059519234815304412e-01
3.192999999999759364e+00,-5.596596973942339348e-01,-1.369285420762721139e-01,-3.065399578967071270e-01
3.193999999999759254e+00,-5.593769940763126947e-01,-1.368796045900061431e-01,-3.071420718068900158e-01
3.194999999999759144e+00,-5.590941667535738180e-01,-1.368300297775915941e-01,-3.077582404926198500e-01
3.195999999999759034e+00,-5.588112169599719348e-01,-1.367798241893796729e-01,-3.083884386281868228e-01
3.196999999999758924e+00,-5.585281462741313874e-01,-1.367289943530629881e-01,-3.090326402890339330e-01
3.197999999999758813e+00,-5.582449563204716636e-01,-1.366775467731765059e-01,-3.096908189589801519e-01
3.198999999999758703e+00,-5.579616487703804584e-01,-1.366254879307037262e-01,-3.103629475372493007e-01
3.199999999999758593e+00,-5.576782253434436898e-01,-1.365728242827926597e-01,-3.110489983452919271e-01
3.200999999999758483e+00,-5.573946878087386869e-01,-1.365195622625871574e-01,-3.117489431333873573e-01
3.201999999999758373e+00,-5.571110379862007633e-01,-1.364657082791785880e-01,-3.124627530870130454e-01
3.202999999999758263e+00,-5.568272777480691715e-01,-1.364112687176835814e-01,-3.131903988329701738e-01
3.203999999999758153e+00,-5.565434090204218753e-01,-1.363562499394528615e-01,-3.139318504452534020e-01
3.204999999999758042e+00,-5.562594337848061343e-01,-1.363006582824163038e-01,-3.146870774506547730e-01
3.205999999999757932e+00,-5.559753540799703408e-01,-1.362445000615690460e-01,-3.154560488340913960e-01
3.206999999999757822e+00,-5.556911720037039926e-01,-1.361877815696021232e-01,-3.162387330436491895e-01
3.207999999999757712e+00,-5.554068897147892425e-01,-1.361305090776802618e-01,-3.170350979953344139e-01
3.208999999999757602e+00,-5.551225094350646927e-01,-1.360726888363674725e-01,-3.178451110775284971e-01
3.209999999999757492e+00,-5.548380334516019863e-01,-1.360143270766985546e-01,-3.186687391551427107e-01
3.210999999999757382e+00,-5.545534641189896474e-01,-1.359554300113917646e-01,-3.195059485734729199e-01
3.211999999999757271e+00,-5.542688038617159529e-01,-1.358960038361930744e-01,-3.203567051617578487e-01
3.212999999999757161e+00,-5.539840551766367360e-01,-1.358360547313371969e-01,-3.212209742364492970e-01
3.213999999999757051e+00,-5.536992206355078050e-01,-1.357755888631046182e-01,-3.220987206042080775e-01
3.214999999999756941e+00,-5.534143028875538883e-01,-1.357146123854444941e-01,-3.229899085646463219e-01
3.215999999999756831e+00,-5.531293046620395781e-01,-1.356531314416250800e-01,-3.238945019128441904e-01
3.216999999999756721e+00,-5.528442287707940883e-01,-1.355911521658615948e-01,-3.248124639416786752e-01
3.217999999999756611e+00,-5.525590781106378691e-01,-1.355286806848596537e-01,-3.257437574440114059e-01
3.218999999999756501e+00,-5.522738556656413556e-01,-1.354657231191989941e-01,-3.266883447147935771e-01
3.219999999999756390e+00,-5.519885645091415771e-01,-1.354022855844690676e-01,-3.276461875531574419e-01
3.220999999999756280e+00,-5.517032078054300293e-01,-1.353383741920552163e-01,-3.286172472645739195e-01
3.221999999999756170e+00,-5.514177888110181058e-01,-1.352739950494624699e-01,-3.296014846631661888e-01
3.222999999999756060e+00,-5.511323108753822808e-01,-1.352091542600569185e-01,-3.305988600742759687e-01
3.223999999999755950e+00,-5.508467774410905626e-01,-1.351438579221009573e-01,-3.316093333373831831e-01
3.224999999999755840e+00,-5.505611920432191830e-01,-1.350781121269629681e-01,-3.326328638094778745e-01
3.225999999999755730e+00,-5.502755583079761426e-01,-1.350119229563941370e-01,-3.336694103689760160e-01
3.226999999999755619e+00,-5.499898799504759905e-01,-1.349452964787878351e-01,-3.347189314202548838e-01
3.227999999999755509e+00,-5.497041607716278699e-01,-1.348782387443692443e-01,-3.357813848988600025e-01
3.228999999999755399e+00,-5.494184046541423783e-01,-1.348107557793068456e-01,-3.368567282774051486e-01
3.229999999999755289e+00,-5.491326155576961021e-01,-1.347428535787878190e-01,-3.379449185721477567e-01
3.230999999999755179e+00,-5.488467975133357601e-01,-1.346745380991566376e-01,-3.390459123501798344e-01
3.231999999999755069e+00,-5.485609546172471873e-01,-1.346058152492733695e-01,-3.401596657371309118e-01
3.232999999999754959e+00,-5.482750910240463682e-01,-1.345366908813004636e-01,-3.412861344252378082e-01
3.233999999999754849e+00,-5.479892109397794808e-01,-1.344671707811704586e-01,-3.424252736816025267e-01
3.234999999999754738e+00,-5.477033186148329014e-01,-1.343972606590145558e-01,-3.435770383564348274e-01
3.235999999999754628e+00,-5.474174183369574509e-01,-1.343269661398423520e-01,-3.447413828910657063e-01
3.236999999999754518e+00,-5.471315144245989526e-01,-1.342562927547533702e-01,-3.459182613255211147e-01
3.237999999999754408e+00,-5.468456112208077702e-01,-1.341852459331220604e-01,-3.471076273058804063e-01
3.238999999999754298e+00,-5.465597130893279365e-01,-1.341138309985929478e-01,-3.483094340992000659e-01
3.239999999999754188e+00,-5.462738244110477703e-01,-1.340420531656433545e-01,-3.495236346111660897e-01
3.240999999999754078e+00,-5.459879495809257799e-01,-1.339699175369028217e-01,-3.507501813920668177e-01
3.241999999999753967e+00,-5.457020930042981721e-01,-1.338974290992745175e-01,-3.519890266398186252e-01
3.242999999999753857e+00,-5.454162590941952216e-01,-1.338245927217738551e-01,-3.532401222019607157e-01
3.243999999999753747e+00,-5.451304522693778409e-01,-1.337514131545918805e-01,-3.545034195766544882e-01
3.244999999999753637e+00,-5.448446769530137512e-01,-1.336778950292661083e-01,-3.557788699127500953e-01
3.245999999999753527e+00,-5.445589375719139813e-01,-1.336040428598329888e-01,-3.570664240090045682e-01
3.246999999999753417e+00,-5.442732385562385478e-01,-1.335298610448227286e-01,-3.583660323125488767e-01
3.247999999999753307e+00,-5.439875843395834965e-01,-1.334553538699507491e-01,-3.596776449167079504e-01
3.248999999999753197e+00,-5.437019793593651507e-01,-1.333805255113632848e-01,-3.610012115582783565e-01
3.249999999999753086e+00,-5.434164280574207417e-01,-1.333053800393018407e-01,-3.623366816143651636e-01
3.250999999999752976e+00,-5.431309348807582538e-01,-1.332299214220638017e-01,-3.636840040988720824e-01
3.251999999999752866e+00,-5.428455042823958632e-01,-1.331541535301504764e-01,-3.650431276587312035e-01
3.252999999999752756e+00,-5.425601407222415684e-01,-1.330780801405092306e-01,-3.664140005699476621e-01
3.253999999999752646e+00,-5.422748486679743740e-01,-1.330017049407918317e-01,-3.677965707335256185e-01
3.254999999999752536e+00,-5.419896325958939443e-01,-1.329250315335650801e-01,-3.691907856713311231e-01
3.255999999999752426e+00,-5.417044969917192976e-01,-1.328480634404237692e-01,-3.705965925219386059e-01
3.256999999999752315e+00,-5.414194463513171129e-01,-1.327708041059672550e-01,-3.720139380364992365e-01
3.257999999999752205e+00,-5.411344851813515433e-01,-1.326932569016118502e-01,-3.734427685746621317e-01
3.258999999999752095e+00,-5.408496179998467657e-01,-1.326154251292188113e-01,-3.748830301005722787e-01
3.259999999999751985e+00,-5.405648493366628227e-01,-1.325373120245261216e-01,-3.763346681789644377e-01
3.260999999999751875e+00,-5.402801837338822022e-01,-1.324589207603776297e-01,-3.777976279713667895e-01
3.261999999999751765e+00,-5.399956257461114850e-01,-1.323802544497471589e-01,-3.792718542324247100e-01
3.262999999999751655e+00,-5.397111799407005028e-01,-1.323013161485599443e-01,-3.807572913063521081e-01
3.263999999999751545e+00,-5.394268508978854459e-01,-1.322221088583158954e-01,-3.822538831235144374e-01
3.264999999999751434e+00,-5.391426432108598066e-01,-1.321426355285213183e-01,-3.837615731971465993e-01
3.265999999999751324e+00,-5.388585614857805961e-01,-1.320628990589369778e-01,-3.852803046202063486e-01
3.266999999999751214e+00,-5.385746103417147213e-01,-1.319829023016521052e-01,-3.868100200623633134e-01
3.267999999999751104e+00,-5.382907944105314035e-01,-1.319026480629936493e-01,-3.883506617671225181e-01
3.268999999999750994e+00,-5.380071183367480803e-01,-1.318221391052808444e-01,-3.899021715490805784e-01
3.269999999999750884e+00,-5.377235867773332290e-01,-1.317413781484352564e-01,-3.914644907913126248e-01
3.270999999999750774e+00,-5.374402044014721103e-01,-1.316603678714561854e-01,-3.930375604428871239e-01
3.271999999999750663e+00,-5.371569758903005365e-01,-1.315791109137709469e-01,-3.946213210165059326e-01
3.272999999999750553e+00,-5.368739059366113286e-01,-1.314976098764698287e-01,-3.962157125862669216e-01
3.273999999999750443e+00,-5.365909992445361265e-01,-1.314158673234341046e-01,-3.978206747855459469e-01
3.274999999999750333e+00,-5.363082605292075478e-01,-1.313338857823660999e-01,-3.994361468049955066e-01
3.275999999999750223e+00,-5.360256945164041387e-01,-1.312516677457290504e-01,-4.010620673906571954e-01
3.276999999999750113e+00,-5.357433059421824462e-01,-1.311692156716045277e-01,-4.026983748421851250e-01
3.277999999999750003e+00,-5.354610995524962114e-01,-1.310865319844742860e-01,-4.043450070111778150e-01
3.278999999999749893e+00,-5.351790801028080136e-01,-1.310036190759335251e-01,-4.060019012996157750e-01
3.279999999999749782e+00,-5.348972523576924765e-01,-1.309204793053412308e-01,-4.076689946584025614e-01
3.280999999999749672e+00,-5.346156210904353667e-01,-1.308371150004138117e-01,-4.093462235860069742e-01
3.281999999999749562e+00,-5.343341910826282515e-01,-1.307535284577670820e-01,-4.110335241272043416e-01
3.282999999999749452e+00,-5.340529671237603804e-01,-1.306697219434115598e-01,-4.127308318719145608e-01
3.283999999999749342e+00,-5.337719540108092353e-01,-1.305856976932056324e-01,-4.144380819541352845e-01
3.284999999999749232e+00,-5.334911565478309692e-01,-1.305014579132708352e-01,-4.161552090509684221e-01
3.285999999999749122e+00,-5.332105795455498454e-01,-1.304170047803730470e-01,-4.178821473817384002e-01
3.286999999999749011e+00,-5.329302278209491206e-01,-1.303323404422731535e-01,-4.196188307072001300e-01
3.287999999999748901e+00,-5.326501061968633710e-01,-1.302474670180506222e-01,-4.213651923288360135e-01
3.288999999999748791e+00,-5.323702195015709293e-01,-1.301623865984027628e-01,-4.231211650882401032e-01
3.289999999999748681e+00,-5.320905725683895415e-01,-1.300771012459224218e-01,-4.248866813665881925e-01
3.290999999999748571e+00,-5.318111702352729120e-01,-1.299916129953571087e-01,-4.266616730841929495e-01
3.291999999999748461e+00,-5.315320173444100238e-01,-1.299059238538511352e-01,-4.284460717001428165e-01
3.292999999999748351e+00,-5.312531187418254586e-01,-1.298200358011736277e-01,-4.302398082120236777e-01
3.293999999999748240e+00,-5.309744792769826027e-01,-1.297339507899337996e-01,-4.320428131557223494e-01
3.294999999999748130e+00,-5.306961038023888522e-01,-1.296476707457855371e-01,-4.338550166053111723e-01
3.295999999999748020e+00,-5.304179971732010390e-01,-1.295611975676229377e-01,-4.356763481730124288e-01
3.296999999999747910e+00,-5.301401642468350772e-01,-1.294745331277681877e-01,-4.375067370092425856e-01
3.297999999999747800e+00,-5.298626098825744979e-01,-1.293876792721530000e-01,-4.393461118027347512e-01
3.298999999999747690e+00,-5.295853389411824264e-01,-1.293006378204953621e-01,-4.411944007807392931e-01
3.299999999999747580e+00,-5.293083562845132262e-01,-1.292134105664719257e-01,-4.430515317093016714e-01
3.300999999999747470e+00,-5.290316667751255864e-01,-1.291259992778877597e-01,-4.449174318936172101e-01
3.301999999999747359e+00,-5.287552752758969410e-01,-1.290384056968440774e-01,-4.467920281784614200e-01
3.302999999999747249e+00,-5.284791866496365564e-01,-1.289506315399047698e-01,-4.486752469486964268e-01
3.303999999999747139e+00,-5.282034057587011722e-01,-1.288626784982624951e-01,-4.505670141298519504e-01
3.304999999999747029e+00,-5.279279374646088652e-01,-1.287745482379052120e-01,-4.524672551887809480e-01
3.305999999999746919e+00,-5.276527866276534695e-01,-1.286862423997834626e-01,-4.543758951343890851e-01
3.306999999999746809e+00,-5.273779581065187738e-01,-1.285977625999793483e-01,-4.562928585184376495e-01
3.307999999999746699e+00,-5.271034567578918306e-01,-1.285091104298772546e-01,-4.582180694364193507e-01
3.308999999999746588e+00,-5.268292874360755995e-01,-1.284202874563372676e-01,-4.601514515285065055e-01
3.309999999999746478e+00,-5.265554549926003691e-01,-1.283312952218711722e-01,-4.620929279805711110e-01
3.310999999999746368e+00,-5.262819642758349570e-01,-1.282421352448218921e-01,-4.640424215252762496e-01
3.311999999999746258e+00,-5.260088201305964661e-01,-1.281528090195463709e-01,-4.659998544432384926e-01
3.312999999999746148e+00,-5.257360273977573772e-01,-1.280633180166023399e-01,-4.679651485642604136e-01
3.313999999999746038e+00,-5.254635909138463123e-01,-1.279736636829204299e-01,-4.699382252685660455e-01
3.314999999999745928e+00,-5.251915155104101007e-01,-1.278838474413530879e-01,-4.719190054851961635e-01
3.315999999999745818e+00,-5.249198060133901667e-01,-1.277938706902657651e-01,-4.739074096880967479e-01
3.316999999999745707e+00,-5.246484672425268947e-01,-1.277037348032049602e-01,-4.759033578965952138e-01
3.317999999999745597e+00,-5.243775040110194574e-01,-1.276134411292491055e-01,-4.779067696771873153e-01
3.318999999999745487e+00,-5.241069211400262162e-01,-1.275229910287688229e-01,-4.799175642303227796e-01
3.319999999999745377e+00,-5.238367234787846272e-01,-1.274323859234030021e-01,-4.819356606105255070e-01
3.320999999999745267e+00,-5.235669159201191691e-01,-1.273416273356595407e-01,-4.839609777983332473e-01
3.321999999999745157e+00,-5.232975033982387725e-01,-1.272507168868279859e-01,-4.859934347004879474e-01
3.322999999999745047e+00,-5.230284908861537740e-01,-1.271596562939061037e-01,-4.880329501504271916e-01
3.323999999999744936e+00,-5.227598833940314549e-01,-1.270684473687271332e-01,-4.900794429090627458e-01
3.324999999999744826e+00,-5.224916859675514669e-01,-1.269770920170780193e-01,-4.921328316658323820e-01
3.325999999999744716e+00,-5.222239036862674766e-01,-1.268855922378090417e-01,-4.941930350400108862e-01
3.326999999999744606e+00,-5.219565416619735831e-01,-1.267939501219362275e-01,-4.962599715822667568e-01
3.327999999999744496e+00,-5.216896050370776194e-01,-1.267021678517369909e-01,-4.983335597764505520e-01
3.328999999999744386e+00,-5.214230989829852225e-01,-1.266102476998401671e-01,-5.004137180416009523e-01
3.329999999999744276e+00,-5.211570286984926748e-01,-1.265181920283107442e-01,-5.025003647341549362e-01
3.330999999999744166e+00,-5.208913994081938448e-01,-1.264260032877309314e-01,-5.045934181503477500e-01
3.331999999999744055e+00,-5.206262163609001181e-01,-1.263336840162780361e-01,-5.066927965287892910e-01
3.332999999999743945e+00,-5.203614848280775362e-01,-1.262412368388001194e-01,-5.087984180532026945e-01
3.333999999999743835e+00,-5.200972101023000338e-01,-1.261486644658906531e-01,-5.109102008553112473e-01
3.334999999999743725e+00,-5.198333974957227710e-01,-1.260559696929629270e-01,-5.130280630178597479e-01
3.335999999999743615e+00,-5.195700523385768932e-01,-1.259631553993256214e-01,-5.151519225777562161e-01
3.336999999999743505e+00,-5.193071799776862729e-01,-1.258702245472601566e-01,-5.172816975293204056e-01
3.337999999999743395e+00,-5.190447857750097871e-01,-1.257771801811013168e-01,-5.194173058276247978e-01
3.338999999999743284e+00,-5.187828751062085741e-01,-1.256840254263222878e-01,-5.215586653919136451e-01
3.339999999999743174e+00,-5.185214533592434893e-01,-1.255907634886251623e-01,-5.237056941090865170e-01
3.340999999999743064e+00,-5.182605259330013148e-01,-1.254973976530382729e-01,-5.258583098372318076e-01
3.341999999999742954e+00,-5.180000982359533879e-01,-1.254039312830217412e-01,-5.280164304091955474e-01
3.342999999999742844e+00,-5.177401756848485359e-01,-1.253103678195827131e-01,-5.301799736361718640e-01
3.343999999999742734e+00,-5.174807637034423147e-01,-1.252167107804013912e-01,-5.323488573112988842e-01
3.344999999999742624e+00,-5.172218677212634397e-01,-1.251229637589699739e-01,-5.345229992132467522e-01
3.345999999999742514e+00,-5.169634931724216287e-01,-1.250291304237456103e-01,-5.367023171097814460e-01
3.346999999999742403e+00,-5.167056454944578547e-01,-1.249352145173197037e-01,-5.388867287612894019e-01
3.347999999999742293e+00,-5.164483301272388971e-01,-1.248412198556047015e-01,-5.410761519242471840e-01
3.348999999999742183e+00,-5.161915525118998538e-01,-1.247471503270413395e-01,-5.432705043546196544e-01
3.349999999999742073e+00,-5.159353180898358371e-01,-1.246530098918274265e-01,-5.454697038111702145e-01
3.350999999999741963e+00,-5.156796323017471817e-01,-1.245588025811713850e-01,-5.476736680586661299e-01
3.351999999999741853e+00,-5.154245005867377216e-01,-1.244645324965724664e-01,-5.498823148709609532e-01
3.352999999999741743e+00,-5.151699283814730190e-01,-1.243702038091307749e-01,-5.520955620339358383e-01
3.353999999999741632e+00,-5.149159211193982122e-01,-1.242758207588893216e-01,-5.543133273482812040e-01
3.354999999999741522e+00,-5.146624842300195901e-01,-1.241813876542120221e-01,-5.565355286320982087e-01
3.355999999999741412e+00,-5.144096231382532247e-01,-1.240869088712006629e-01,-5.587620837233004956e-01
3.356999999999741302e+00,-5.141573432638444352e-01,-1.239923888531542229e-01,-5.609929104817940049e-01
3.357999999999741192e+00,-5.139056500208587508e-01,-1.238978321100751012e-01,-5.632279267914133136e-01
3.358999999999741082e+00,-5.136545488172519214e-01,-1.238032432182257225e-01,-5.654670505615910781e-01
3.359999999999740972e+00,-5.134040450545181988e-01,-1.237086268197410688e-01,-5.677101997287368196e-01
3.360999999999740862e+00,-5.131541441274238835e-01,-1.236139876223008305e-01,-5.699572922572994083e-01
3.361999999999740751e+00,-5.129048514238263579e-01,-1.235193303988674496e-01,-5.722082461404888187e-01
3.362999999999740641e+00,-5.126561723245859348e-01,-1.234246599874948003e-01,-5.744629794006292922e-01
3.363999999999740531e+00,-5.124081122035695213e-01,-1.233299812912135862e-01,-5.767214100891174811e-01
3.364999999999740421e+00,-5.121606764277528701e-01,-1.232352992779992273e-01,-5.789834562859587086e-01
3.365999999999740311e+00,-5.119138703574224181e-01,-1.231406189808287310e-01,-5.812490360988533666e-01
3.366999999999740201e+00,-5.116676993464798207e-01,-1.230459454978319322e-01,-5.835180676618071383e-01
3.367999999999740091e+00,-5.114221687428509577e-01,-1.229512839925438750e-01,-5.857904691332393998e-01
3.368999999999739980e+00,-5.111772838890018544e-01,-1.228566396942637196e-01,-5.880661586935672647e-01
3.369999999999739870e+00,-5.109330501225608501e-01,-1.227620178985249222e-01,-5.903450545422436191e-01
3.370999999999739760e+00,-5.106894727770459053e-01,-1.226674239676813771e-01,-5.926270748942357169e-01
3.371999999999739650e+00,-5.104465571826987125e-01,-1.225728633316118255e-01,-5.949121379759331196e-01
3.372999999999739540e+00,-5.102043086674170613e-01,-1.224783414885438348e-01,-5.972001620204862027e-01
3.373999999999739430e+00,-5.099627325577849035e-01,-1.223838640059950189e-01,-5.994910652625837777e-01
3.374999999999739320e+00,-5.097218341801885710e-01,-1.222894365218271662e-01,-6.017847659326955867e-01
3.375999999999739209e+00,-5.094816188620121533e-01,-1.221950647454035088e-01,-6.040811822508200812e-01
3.376999999999739099e+00,-5.092420919328952689e-01,-1.221007544588348925e-01,-6.063802324198008797e-01
3.377999999999738989e+00,-5.090032587260391317e-01,-1.220065115182936699e-01,-6.086818346182994999e-01
3.378999999999738879e+00,-5.087651245795387078e-01,-1.219123418553672566e-01,-6.109859069935418274e-01
3.379999999999738769e+00,-5.085276948377174255e-01,-1.218182514784136028e-01,-6.132923676539892011e-01
3.380999999999738659e+00,-5.082909748524340188e-01,-1.217242464738723662e-01,-6.156011346621222957e-01
3.381999999999738549e+00,-5.080549699843311950e-01,-1.216303330074733069e-01,-6.179121260275648453e-01
3.382999999999738439e+00,-5.078196856039876028e-01,-1.215365173252739850e-01,-6.202252597008154344e-01
3.383999999999738328e+00,-5.075851270929359060e-01,-1.214428057544470196e-01,-6.225404535678928930e-01
3.384999999999738218e+00,-5.073512998445043332e-01,-1.213492047037282584e-01,-6.248576254462353541e-01
3.385999999999738108e+00,-5.071182092644416217e-01,-1.212557206634291007e-01,-6.271766930822155750e-01
3.386999999999737998e+00,-5.068858607712852793e-01,-1.211623602049134163e-01,-6.294975741506447786e-01
3.387999999999737888e+00,-5.066542597964380779e-01,-1.210691299794396658e-01,-6.318201862566283911e-01
3.388999999999737778e+00,-5.064234117839229166e-01,-1.209760367162769357e-01,-6.341444469401013029e-01
3.389999999999737668e+00,-5.061933221897969570e-01,-1.208830872200191142e-01,-6.364702736833094399e-01
3.390999999999737557e+00,-5.059639964812161494e-01,-1.207902883670430860e-01,-6.387975839214119489e-01
3.391999999999737447e+00,-5.057354401351545903e-01,-1.206976471010899887e-01,-6.411262950562580665e-01
3.392999999999737337e+00,-5.055076586367980296e-01,-1.206051704279849368e-01,-6.434563244732504073e-01
3.393999999999737227e+00,-5.052806574776433912e-01,-1.205128654095539709e-01,-6.457875895610449835e-01
3.394999999999737117e+00,-5.050544421533502693e-01,-1.204207391568418717e-01,-6.481200077336791709e-01
3.395999999999737007e+00,-5.048290181613988015e-01,-1.203287988227754735e-01,-6.504534964545672926e-01
3.396999999999736897e+00,-5.046043909986150933e-01,-1.202370515944542195e-01,-6.527879732616796993e-01
3.397999999999736787e+00,-5.043805661586266975e-01,-1.201455046852746567e-01,-6.551233557931361862e-01
3.398999999999736676e+00,-5.041575491293086575e-01,-1.200541653271087750e-01,-6.574595618124091656e-01
3.399999999999736566e+00,-5.039353453902726265e-01,-1.199630407627554074e-01,-6.597965092323486713e-01
3.400999999999736456e+00,-5.037139604104435842e-01,-1.198721382388678591e-01,-6.621341161373088813e-01
3.401999999999736346e+00,-5.034933996457540140e-01,-1.197814649995335434e-01,-6.644723008027674238e-01
3.402999999999736236e+00,-5.032736685369758600e-01,-1.196910282806448178e-01,-6.668109817119718397e-01
3.403999999999736126e+00,-5.030547725076965904e-01,-1.196008353051573325e-01,-6.691500775693061120e-01
3.404999999999736016e+00,-5.028367169624345934e-01,-1.195108932792883494e-01,-6.714895073102339351e-01
3.405999999999735905e+00,-5.026195072848835821e-01,-1.194212093896656612e-01,-6.738291901078262702e-01
3.406999999999735795e+00,-5.024031488362677988e-01,-1.193317908014000506e-01,-6.761690453760136332e-01
3.407999999999735685e+00,-5.021876469537862597e-01,-1.192426446570252763e-01,-6.785089927698068069e-01
3.408999999999735575e+00,-5.019730069491257218e-01,-1.191537780762249865e-01,-6.808489521828084978e-01
3.409999999999735465e+00,-5.017592341070198358e-01,-1.190651981562533546e-01,-6.831888437423826455e-01
3.410999999999735355e+00,-5.015463336838366093e-01,-1.189769119729466029e-01,-6.855285878028710700e-01
3.411999999999735245e+00,-5.013343109061779712e-01,-1.188889265822225261e-01,-6.878681049372465939e-01
3.412999999999735135e+00,-5.011231709694791148e-01,-1.188012490219670092e-01,-6.902073159275745606e-01
3.413999999999735024e+00,-5.009129190365968487e-01,-1.187138863142143119e-01,-6.925461417546245890e-01
3.414999999999734914e+00,-5.007035602363831828e-01,-1.186268454675362682e-01,-6.948845035869398723e-01
3.415999999999734804e+00,-5.004950996622394843e-01,-1.185401334795656569e-01,-6.972223227696292547e-01
3.416999999999734694e+00,-5.002875423706502067e-01,-1.184537573395905707e-01,-6.995595208131076825e-01
3.417999999999734584e+00,-5.000808933796982991e-01,-1.183677240311655221e-01,-7.018960193819703264e-01
3.418999999999734474e+00,-4.998751576675626862e-01,-1.182820405346967918e-01,-7.042317402841488105e-01
3.419999999999734364e+00,-4.996703401710037573e-01,-1.181967138299667153e-01,-7.065666054604667901e-01
3.420999999999734253e+00,-4.994664457838386418e-01,-1.181117508985706221e-01,-7.089005369746795848e-01
3.421999999999734143e+00,-4.992634793554118211e-01,-1.180271587262468336e-01,-7.112334570040624859e-01
3.422999999999734033e+00,-4.990614456890656858e-01,-1.179429443050853121e-01,-7.135652878305875912e-01
3.423999999999733923e+00,-4.988603495406143673e-01,-1.178591146356065822e-01,-7.158959518327141502e-01
3.424999999999733813e+00,-4.986601956168260630e-01,-1.177756767287051476e-01,-7.182253714778037423e-01
3.425999999999733703e+00,-4.984609885739174628e-01,-1.176926376074559910e-01,-7.205534693151599557e-01
3.426999999999733593e+00,-4.982627330160634416e-01,-1.176100043087842384e-01,-7.228801679696845728e-01
3.427999999999733483e+00,-4.980654334939250694e-01,-1.175277838850012080e-01,-7.252053901361358301e-01
3.428999999999733372e+00,-4.978690945031995496e-01,-1.174459834052099250e-01,-7.275290585739702109e-01
3.429999999999733262e+00,-4.976737204831929162e-01,-1.173646099565858747e-01,-7.298510961027462329e-01
3.430999999999733152e+00,-4.974793158154186545e-01,-1.172836706455385736e-01,-7.321714255980658059e-01
3.431999999999733042e+00,-4.972858848222228567e-01,-1.172031725987600914e-01,-7.344899699880300670e-01
3.432999999999732932e+00,-4.970934317654373547e-01,-1.171231229641674643e-01,-7.368066522501832694e-01
3.433999999999732822e+00,-4.969019608450622183e-01,-1.170435289117456035e-01,-7.391213954089219662e-01
3.434999999999732712e+00,-4.967114761979766757e-01,-1.169643976342976399e-01,-7.414341225333445085e-01
3.435999999999732601e+00,-4.965219818966805643e-01,-1.168857363481095868e-01,-7.437447567355189859e-01
3.436999999999732491e+00,-4.963334819480648696e-01,-1.168075522935358712e-01,-7.460532211691482951e-01
3.437999999999732381e+00,-4.961459802922119633e-01,-1.167298527355127291e-01,-7.483594390286121278e-01
3.438999999999732271e+00,-4.959594808012251499e-01,-1.166526449640056806e-01,-7.506633335483681169e-01
3.439999999999732161e+00,-4.957739872780865809e-01,-1.165759362943976085e-01,-7.529648280026952634e-01
3.440999999999732051e+00,-4.955895034555434786e-01,-1.164997340678237125e-01,-7.552638457057646582e-01
3.441999999999731941e+00,-4.954060329950216168e-01,-1.164240456514597233e-01,-7.575603100120248401e-01
3.442999999999731831e+00,-4.952235794855653350e-01,-1.163488784387689268e-01,-7.598541443168901344e-01
3.443999999999731720e+00,-4.950421464428031992e-01,-1.162742398497149110e-01,-7.621452720577223117e-01
3.444999999999731610e+00,-4.948617373079384207e-01,-1.162001373309452801e-01,-7.644336167150977968e-01
3.445999999999731500e+00,-4.946823554467628670e-01,-1.161265783559529419e-01,-7.667191018143553194e-01
3.446999999999731390e+00,-4.945040041486939431e-01,-1.160535704252212696e-01,-7.690016509274183454e-01
3.447999999999731280e+00,-4.943266866258331227e-01,-1.159811210663588554e-01,-7.712811876748911777e-01
3.448999999999731170e+00,-4.941504060120451292e-01,-1.159092378342312657e-01,-7.735576357284282834e-01
3.449999999999731060e+00,-4.939751653620567673e-01,-1.158379283110957947e-01,-7.758309188133778456e-01
3.450999999999730949e+00,-4.938009676505741852e-01,-1.157672001067467649e-01,-7.781009607117034266e-01
3.451999999999730839e+00,-4.936278157714182324e-01,-1.156970608586784521e-01,-7.803676852651894036e-01
3.452999999999730729e+00,-4.934557125366760277e-01,-1.156275182322738238e-01,-7.826310163789368390e-01
3.453999999999730619e+00,-4.932846606758686803e-01,-1.155585799210266107e-01,-7.848908780251602213e-01
3.454999999999730509e+00,-4.931146628351335548e-01,-1.154902536468059848e-01,-7.871471942472955119e-01
3.455999999999730399e+00,-4.929457215764208589e-01,-1.154225471601718900e-01,-7.893998891644327109e-01
3.456999999999730289e+00,-4.927778393767037191e-01,-1.153554682407506582e-01,-7.916488869760868186e-01
3.457999999999730179e+00,-4.926110186271270286e-01,-1.152890246973920785e-01,-7.938941119664955082e-01
3.458999999999730068e+00,-4.924452616318824028e-01,-1.152232243672886847e-01,-7.961354885036545648e-01
3.459999999999729958e+00,-4.922805706072037046e-01,-1.151580751155982796e-01,-7.983729410401273485e-01
3.460999999999729848e+00,-4.921169476805111742e-01,-1.150935848356949287e-01,-8.006063941190439959e-01
3.461999999999729738e+00,-4.919543948897272534e-01,-1.150297614501402665e-01,-8.028357723807985069e-01
3.462999999999729628e+00,-4.917929141825586603e-01,-1.149666129115828050e-01,-8.050610005701130945e-01
3.463999999999729518e+00,-4.916325074157845143e-01,-1.149041472037345690e-01,-8.072820035434281616e-01
3.464999999999729408e+00,-4.914731763545452381e-01,-1.148423723423989407e-01,-8.094987062765417463e-01
3.465999999999729297e+00,-4.913149226716251872e-01,-1.147812963765028338e-01,-8.117110338723599883e-01
3.466999999999729187e+00,-4.911577479467134633e-01,-1.147209273890529846e-01,-8.139189115685305786e-01
3.467999999999729077e+00,-4.910016536656185426e-01,-1.146612734978884607e-01,-8.161222647445864897e-01
3.468999999999728967e+00,-4.908466412193926987e-01,-1.146023428560255797e-01,-8.183210189280076818e-01
3.469999999999728857e+00,-4.906927115500456793e-01,-1.145441429065317263e-01,-8.205150979621508300e-01
3.470999999999728747e+00,-4.905398652605444387e-01,-1.144866806477661536e-01,-8.227044219752353005e-01
3.471999999999728637e+00,-4.903881025713087705e-01,-1.144299625531536302e-01,-8.248889117191812170e-01
3.472999999999728526e+00,-4.902374238764118930e-01,-1.143739957502762083e-01,-8.270684893461025533e-01
3.473999999999728416e+00,-4.900878296145803059e-01,-1.143187877217968773e-01,-8.292430782700322967e-01
3.474999999999728306e+00,-4.899393202580539786e-01,-1.142643462609831129e-01,-8.314126030382388288e-01
3.475999999999728196e+00,-4.897918963035572948e-01,-1.142106794280625948e-01,-8.335769892090147959e-01
3.476999999999728086e+00,-4.896455582656993322e-01,-1.141577955053926507e-01,-8.357361632314355138e-01
3.477999999999727976e+00,-4.895003066731467567e-01,-1.141057029484454921e-01,-8.378900523201818773e-01
3.478999999999727866e+00,-4.893561420677029483e-01,-1.140544103283317456e-01,-8.400385843148472365e-01
3.479999999999727756e+00,-4.892130650054913321e-01,-1.140039262609129633e-01,-8.421816875093746102e-01
3.480999999999727645e+00,-4.890710760570104454e-01,-1.139542593205725429e-01,-8.443192904394888343e-01
3.481999999999727535e+00,-4.889301757993064212e-01,-1.139054179476471085e-01,-8.464513216369866644e-01
3.482999999999727425e+00,-4.887903647931651774e-01,-1.138574103728926257e-01,-8.485777093999031795e-01
3.483999999999727315e+00,-4.886516435451847551e-01,-1.138102445823424846e-01,-8.506983816436509693e-01
3.484999999999727205e+00,-4.885140124636956904e-01,-1.137639283256119682e-01,-8.528132658537171951e-01
3.485999999999727095e+00,-4.883774718196576270e-01,-1.137184691491267274e-01,-8.549222891056775797e-01
3.486999999999726985e+00,-4.882420217176863808e-01,-1.136738744325699879e-01,-8.570253781088537082e-01
3.487999999999726874e+00,-4.881076620759845497e-01,-1.136301514179845762e-01,-8.591224592487279876e-01
3.488999999999726764e+00,-4.879743926120865827e-01,-1.135873072301038789e-01,-8.612134586195472341e-01
3.489999999999726654e+00,-4.878422128320014095e-01,-1.135453488894813123e-01,-8.632983020460375245e-01
3.490999999999726544e+00,-4.877111220212614340e-01,-1.135042833202532797e-01,-8.653769150956470702e-01
3.491999999999726434e+00,-4.875811192369862157e-01,-1.134641173540689441e-01,-8.674492230833347195e-01
3.492999999999726324e+00,-4.874522033004254906e-01,-1.134248577314113937e-01,-8.695151510709114850e-01
3.493999999999726214e+00,-4.873243727896565125e-01,-1.133865111012824778e-01,-8.715746238627415376e-01
3.494999999999726104e+00,-4.871976262237412425e-01,-1.133490842518997122e-01,-8.736275665908651566e-01
3.495999999999725993e+00,-4.870719623168556223e-01,-1.133125843975886782e-01,-8.756739071981883837e-01
3.496999999999725883e+00,-4.869473800138131581e-01,-1.132770192006485599e-01,-8.777135750320081975e-01
3.497999999999725773e+00,-4.868238781520547453e-01,-1.132423963327581495e-01,-8.797464996704102980e-01
3.498999999999725663e+00,-4.867014554287122374e-01,-1.132087234334394066e-01,-8.817726109280258351e-01
3.499999999999725553e+00,-4.865801104262715282e-01,-1.131760081362629122e-01,-8.837918388616708976e-01
3.500999999999725443e+00,-4.864598416145725079e-01,-1.131442580660409480e-01,-8.858041137757978190e-01
3.501999999999725333e+00,-4.863406473526495910e-01,-1.131134808360693411e-01,-8.878093662277425357e-01
3.502999999999725222e+00,-4.862225258904054881e-01,-1.130836840454330083e-01,-8.898075270327800990e-01
3.503999999999725112e+00,-4.861054753701231079e-01,-1.130548752763853027e-01,-8.917985272690108767e-01
3.504999999999725002e+00,-4.859894938278250809e-01,-1.130270620918067959e-01,-8.937822982821015394e-01
3.505999999999724892e+00,-4.858745791944960035e-01,-1.130002520327466342e-01,-8.957587716899044761e-01
3.506999999999724782e+00,-4.857607292971822810e-01,-1.129744526160466334e-01,-8.977278793869751805e-01
3.507999999999724672e+00,-4.856479418599857767e-01,-1.129496713320473078e-01,-8.996895535490032625e-01
3.508999999999724562e+00,-4.855362145049664790e-01,-1.129259156423743360e-01,-9.016437266371687409e-01
3.509999999999724452e+00,-4.854255447529685075e-01,-1.129031929778028520e-01,-9.035903314024320565e-01
3.510999999999724341e+00,-4.853159300243838348e-01,-1.128815107361977044e-01,-9.055293008897611351e-01
3.511999999999724231e+00,-4.852073676398651059e-01,-1.128608762805271837e-01,-9.074605684422976104e-01
3.512999999999724121e+00,-4.850998548209999317e-01,-1.128412969369483598e-01,-9.093840677054576549e-01
3.513999999999724011e+00,-4.849933886909567615e-01,-1.128227799929620856e-01,-9.112997326309625334e-01
3.514999999999723901e+00,-4.848879662751118258e-01,-1.128053326956361402e-01,-9.132074974807885548e-01
3.515999999999723791e+00,-4.847835845016660317e-01,-1.127889622498949862e-01,-9.151072968310227651e-01
3.516999999999723681e+00,-4.846802402022595269e-01,-1.127736758168752795e-01,-9.169990655756067310e-01
3.517999999999723570e+00,-4.845779301125913707e-01,-1.127594805123460220e-01,-9.188827389299480952e-01
3.518999999999723460e+00,-4.844766508730504739e-01,-1.127463834051924685e-01,-9.207582524343723707e-01
3.519999999999723350e+00,-4.843763990293639132e-01,-1.127343915159639831e-01,-9.226255419573863303e-01
3.520999999999723240e+00,-4.842771710332681168e-01,-1.127235118154849003e-01,-9.244845436987164655e-01
3.521999999999723130e+00,-4.841789632432069168e-01,-1.127137512235289463e-01,-9.263351941920824340e-01
3.522999999999723020e+00,-4.840817719250616324e-01,-1.127051166075574706e-01,-9.281774303076590904e-01
3.523999999999722910e+00,-4.839855932529157356e-01,-1.126976147815221818e-01,-9.300111892541749192e-01
3.524999999999722800e+00,-4.838904233098578755e-01,-1.126912525047335800e-01,-9.318364085805876940e-01
3.525999999999722689e+00,-4.837962580888251485e-01,-1.126860364807967252e-01,-9.336530261772714168e-01
3.526999999999722579e+00,-4.837030934934883342e-01,-1.126819733566163106e-01,-9.354609802766415960e-01
3.527999999999722469e+00,-4.836109253391803198e-01,-1.126790697214741233e-01,-9.372602094531365946e-01
3.528999999999722359e+00,-4.835197493538673230e-01,-1.126773321061816102e-01,-9.390506526224658979e-01
3.529999999999722249e+00,-4.834295611791628589e-01,-1.126767669823123819e-01,-9.408322490400258253e-01
3.530999999999722139e+00,-4.833403563713816742e-01,-1.126773807615188694e-01,-9.426049382983748837e-01
3.531999999999722029e+00,-4.832521304026318743e-01,-1.126791797949391605e-01,-9.443686603236515209e-01
3.532999999999721918e+00,-4.831648786619403002e-01,-1.126821703727004520e-01,-9.461233553708084942e-01
3.533999999999721808e+00,-4.830785964564059398e-01,-1.126863587235262809e-01,-9.478689640175282927e-01
3.534999999999721698e+00,-4.829932790123748210e-01,-1.126917510144560819e-01,-9.496054271566796157e-01
3.535999999999721588e+00,-4.829089214766272842e-01,-1.126983533506854263e-01,-9.513326859871673591e-01
3.536999999999721478e+00,-4.828255189175688633e-01,-1.127061717755371006e-01,-9.530506820030301141e-01
3.537999999999721368e+00,-4.827430663264122845e-01,-1.127152122705714354e-01,-9.547593569806405167e-01
3.538999999999721258e+00,-4.826615586183398143e-01,-1.127254807558466521e-01,-9.564586529638775536e-01
3.539999999999721148e+00,-4.825809906336312460e-01,-1.127369830903366676e-01,-9.581485122471586902e-01
3.540999999999721037e+00,-4.825013571387457567e-01,-1.127497250725136291e-01,-9.598288773562559939e-01
3.541999999999720927e+00,-4.824226528273456993e-01,-1.127637124410987568e-01,-9.614996910268720498e-01
3.542999999999720817e+00,-4.823448723212526157e-01,-1.127789508759810544e-01,-9.631608961810240732e-01
3.543999999999720707e+00,-4.822680101713309186e-01,-1.127954459992964176e-01,-9.648124359013889872e-01
3.544999999999720597e+00,-4.821920608583038503e-01,-1.128132033766514886e-01,-9.664542534038926824e-01
3.545999999999720487e+00,-4.821170187935138740e-01,-1.128322285184646667e-01,-9.680862920089994272e-01
3.546999999999720377e+00,-4.820428783196578082e-01,-1.128525268813820037e-01,-9.697084951123645657e-01
3.547999999999720266e+00,-4.819696337115452756e-01,-1.128741038697089749e-01,-9.713208061557599970e-01
3.548999999999720156e+00,-4.818972791769517428e-01,-1.128969648367774969e-01,-9.729231685994550460e-01
3.549999999999720046e+00,-4.818258088576666820e-01,-1.129211150861477997e-01,-9.745155258975237711e-01
3.550999999999719936e+00,-4.817552168308639193e-01,-1.129465598725216124e-01,-9.760978214778172068e-01
3.551999999999719826e+00,-4.816854971109497674e-01,-1.129733044022256661e-01,-9.776699987285544236e-01
3.552999999999719716e+00,-4.816166436520636362e-01,-1.130013538331134382e-01,-9.792320009935921998e-01
3.553999999999719606e+00,-4.815486503514131988e-01,-1.130307132737312925e-01,-9.807837715783725985e-01
3.554999999999719495e+00,-4.814815110536139198e-01,-1.130613877816115387e-01,-9.823252537682692909e-01
3.555999999999719385e+00,-4.814152195561636760e-01,-1.130933823605873023e-01,-9.838563908605184594e-01
3.556999999999719275e+00,-4.813497696158905437e-01,-1.131267019560139864e-01,-9.853771262071603365e-01
3.557999999999719165e+00,-4.812851549563276765e-01,-1.131613514478429228e-01,-9.868874032636761884e-01
3.558999999999719055e+00,-4.812213692762394857e-01,-1.131973356433670641e-01,-9.883871656552252194e-01
3.559999999999718945e+00,-4.811584062592298983e-01,-1.132346592707088317e-01,-9.898763572565497659e-01
3.560999999999718835e+00,-4.810962595838186862e-01,-1.132733269721448444e-01,-9.913549222771983471e-01
3.561999999999718725e+00,-4.810349229334433541e-01,-1.133133432970895860e-01,-9.928228053479045689e-01
3.562999999999718614e+00,-4.809743900059447741e-01,-1.133547126951935935e-01,-9.942799516039271257e-01
3.563999999999718504e+00,-4.809146545220835400e-01,-1.133974395098475696e-01,-9.957263067615336194e-01
3.564999999999718394e+00,-4.808557102327029042e-01,-1.134415279723395009e-01,-9.971618171845647582e-01
3.565999999999718284e+00,-4.807975509242590206e-01,-1.134869821968466919e-01,-9.985864299390052601e-01
3.566999999999718174e+00,-4.807401704225607308e-01,-1.135338061763691286e-01,-1.000000092834558929e+00
3.567999999999718064e+00,-4.806835625946882518e-01,-1.135820037796392012e-01,-1.001402754453226684e+00
3.568999999999717954e+00,-4.806277213491661482e-01,-1.136315787489799167e-01,-1.002794364165712881e+00
3.569999999999717843e+00,-4.805726406345549040e-01,-1.136825346990366359e-01,-1.004174872137074237e+00
3.570999999999717733e+00,-4.805183144366811931e-01,-1.137348751162781668e-01,-1.005544229323373617e+00
3.571999999999717623e+00,-4.804647367747547637e-01,-1.137886033591474499e-01,-1.006902387461228399e+00
3.572999999999717513e+00,-4.804119016966278410e-01,-1.138437226587425966e-01,-1.008249299052103254e+00
3.573999999999717403e+00,-4.803598032734385237e-01,-1.139002361199155100e-01,-1.009584917343034904e+00
3.574999999999717293e+00,-4.803084355938558869e-01,-1.139581467226900291e-01,-1.010909196305252555e+00
3.575999999999717183e+00,-4.802577927581144213e-01,-1.140174573239182976e-01,-1.012222090611900605e+00
3.576999999999717073e+00,-4.802078688719910726e-01,-1.140781706591113553e-01,-1.013523555615821525e+00
3.577999999999716962e+00,-4.801586580408475080e-01,-1.141402893443965727e-01,-1.014813547328121013e+00
3.578999999999716852e+00,-4.801101543638298663e-01,-1.142038158785697588e-01,-1.016092022398040084e+00
3.579999999999716742e+00,-4.800623519282927187e-01,-1.142687526452217384e-01,-1.017358938094489407e+00
3.580999999999716632e+00,-4.800152448044929243e-01,-1.143351019149310421e-01,-1.018614252289467892e+00
3.581999999999716522e+00,-4.799688270405811363e-01,-1.144028658475210736e-01,-1.019857923443485470e+00
3.582999999999716412e+00,-4.799230926579051149e-01,-1.144720464943874416e-01,-1.021089910593032002e+00
3.583999999999716302e+00,-4.798780356466281205e-01,-1.145426458009048964e-01,-1.022310173340078787e+00
3.584999999999716191e+00,-4.798336499616583928e-01,-1.146146656089265248e-01,-1.023518671843560712e+00
3.585999999999716081e+00,-4.797899295188792212e-01,-1.146881076593873616e-01,-1.024715366812758877e+00
3.586999999999715971e+00,-4.797468681916666200e-01,-1.147629735950256025e-01,-1.025900219502488442e+00
3.587999999999715861e+00,-4.797044598076785626e-01,-1.148392649632293261e-01,-1.027073191709981126e+00
3.588999999999715751e+00,-4.796626981458973482e-01,-1.149169832190127527e-01,-1.028234245773341549e+00
3.589999999999715641e+00,-4.796215769339090551e-01,-1.149961297281164863e-01,-1.029383344571444647e+00
3.590999999999715531e+00,-4.795810898454009319e-01,-1.150767057702130058e-01,-1.030520451525124503e+00
3.591999999999715421e+00,-4.795412304978584617e-01,-1.151587125421807134e-01,-1.031645530599478278e+00
3.592999999999715310e+00,-4.795019924504433373e-01,-1.152421511613825889e-01,-1.032758546307071867e+00
3.593999999999715200e+00,-4.794633692020297544e-01,-1.153270226688499211e-01,-1.033859463711775062e+00
3.594999999999715090e+00,-4.794253541893717108e-01,-1.154133280322197364e-01,-1.034948248432873141e+00
3.595999999999714980e+00,-4.793879405168188224e-01,-1.155010674131785042e-01,-1.036024865645400972e+00
3.596999999999714870e+00,-4.793511209467749556e-01,-1.155902402207800439e-01,-1.037089278507046464e+00
3.597999999999714760e+00,-4.793148878850900796e-01,-1.156808451109379854e-01,-1.038141450745928118e+00
3.598999999999714650e+00,-4.792792338288575649e-01,-1.157728812406630114e-01,-1.039181347259592769e+00
3.599999999999714539e+00,-4.792441512838177542e-01,-1.158663479969169463e-01,-1.040208934069839275e+00
3.600999999999714429e+00,-4.792096327656339416e-01,-1.159612449712780768e-01,-1.041224178279591461e+00
3.601999999999714319e+00,-4.791756708018082289e-01,-1.160575719348842516e-01,-1.042227048031023173e+00
3.602999999999714209e+00,-4.791422579345062660e-01,-1.161553288130377504e-01,-1.043217512463888497e+00
3.603999999999714099e+00,-4.791093867245582727e-01,-1.162545156586701489e-01,-1.044195541672684246e+00
3.604999999999713989e+00,-4.790770497568763719e-01,-1.163551326236343386e-01,-1.045161106660853489e+00
3.605999999999713879e+00,-4.790452396474126906e-01,-1.164571799265378682e-01,-1.046114179289748369e+00
3.606999999999713769e+00,-4.790139490515281095e-01,-1.165606578156369033e-01,-1.047054732219629747e+00
3.607999999999713658e+00,-4.789831706731219607e-01,-1.166655665253739094e-01,-1.047982738839905226e+00
3.608999999999713548e+00,-4.789528972729995004e-01,-1.167719062258464890e-01,-1.048898173186760374e+00
3.609999999999713438e+00,-4.789231216737936392e-01,-1.168796769662889257e-01,-1.049801009849203437e+00
3.610999999999713328e+00,-4.788938367578296496e-01,-1.169888786165462213e-01,-1.050691223869607116e+00
3.611999999999713218e+00,-4.788650354546111210e-01,-1.170995108133545404e-01,-1.051568790650289742e+00
3.612999999999713108e+00,-4.788367107167754155e-01,-1.172115729188112077e-01,-1.052433685879417435e+00
3.613999999999712998e+00,-4.788088554866510305e-01,-1.173250639954505070e-01,-1.053285885484749773e+00
3.614999999999712887e+00,-4.787814626579627864e-01,-1.174399827973175714e-01,-1.054125365615028675e+00
3.615999999999712777e+00,-4.787545250373884675e-01,-1.175563277724884503e-01,-1.054952102641995459e+00
3.616999999999712667e+00,-4.787280353090121454e-01,-1.176740970714576506e-01,-1.055766073174163155e+00
3.617999999999712557e+00,-4.787019860027199036e-01,-1.177932885570579791e-01,-1.056567254075273077e+00
3.618999999999712447e+00,-4.786763694662602431e-01,-1.179138998134367233e-01,-1.057355622483186597e+00
3.619999999999712337e+00,-4.786511778401493222e-01,-1.180359281530563020e-01,-1.058131155827249037e+00
3.620999999999712227e+00,-4.786264030345394049e-01,-1.181593706215221806e-01,-1.058893831843590760e+00
3.621999999999712117e+00,-4.786020367072995052e-01,-1.182842240004378098e-01,-1.059643628588583519e+00
3.622999999999712006e+00,-4.785780702427340216e-01,-1.184104848086380279e-01,-1.060380524451016937e+00
3.623999999999711896e+00,-4.785544947305224728e-01,-1.185381493021861465e-01,-1.061104498163689458e+00
3.624999999999711786e+00,-4.785313009445933963e-01,-1.186672134734969852e-01,-1.061815528815128973e+00
3.625999999999711676e+00,-4.785084793217436183e-01,-1.187976730499089306e-01,-1.062513595862131011e+00
3.626999999999711566e+00,-4.784860206075914335e-01,-1.189295242342084113e-01,-1.063198680319318523e+00
3.627999999999711456e+00,-4.784639158853560281e-01,-1.190627637077281420e-01,-1.063870766380789146e+00
3.628999999999711346e+00,-4.784421567611279458e-01,-1.191973888197431219e-01,-1.064529839563283842e+00
3.629999999999711235e+00,-4.784207345700243752e-01,-1.193333966819054015e-01,-1.065175886308169284e+00
3.630999999999711125e+00,-4.783996405168577937e-01,-1.194707843391810409e-01,-1.065808894018348552e+00
3.631999999999711015e+00,-4.783788656701219444e-01,-1.196095487703197902e-01,-1.066428851099011643e+00
3.632999999999710905e+00,-4.783584009557173555e-01,-1.197496868885277455e-01,-1.067035747002306856e+00
3.633999999999710795e+00,-4.783382371503672736e-01,-1.198911955423100917e-01,-1.067629572276024286e+00
3.634999999999710685e+00,-4.783183648747094674e-01,-1.200340715164626704e-01,-1.068210318616365173e+00
3.635999999999710575e+00,-4.782987745860820539e-01,-1.201783115331976903e-01,-1.068777978924812633e+00
3.636999999999710464e+00,-4.782794565710535850e-01,-1.203239122533920624e-01,-1.069332547369016284e+00
3.637999999999710354e+00,-4.782604009377840470e-01,-1.204708702779490048e-01,-1.069874019447456970e+00
3.638999999999710244e+00,-4.782415976083395082e-01,-1.206191821492624272e-01,-1.070402392057420160e+00
3.639999999999710134e+00,-4.782230363111228399e-01,-1.207688443527701883e-01,-1.070917663565493338e+00
3.640999999999710024e+00,-4.782047065736237945e-01,-1.209198533185758540e-01,-1.071419833879333705e+00
3.641999999999709914e+00,-4.781865977152483516e-01,-1.210722054210743304e-01,-1.071908904513101612e+00
3.642999999999709804e+00,-4.781686988407865546e-01,-1.212258969777730011e-01,-1.072384878640552319e+00
3.643999999999709694e+00,-4.781509988351109186e-01,-1.213809242486608708e-01,-1.072847761150486745e+00
3.644999999999709583e+00,-4.781334863597573315e-01,-1.215372834378083688e-01,-1.073297558693534715e+00
3.645999999999709473e+00,-4.781161498509500229e-01,-1.216949706947325904e-01,-1.073734279706869410e+00
3.646999999999709363e+00,-4.780989775188722035e-01,-1.218539821151468916e-01,-1.074157934404094794e+00
3.647999999999709253e+00,-4.780819573475383888e-01,-1.220143137408939982e-01,-1.074568534711143997e+00
3.648999999999709143e+00,-4.780650770936337168e-01,-1.221759615585475689e-01,-1.074966094118755100e+00
3.649999999999709033e+00,-4.780483242809331901e-01,-1.223389214958475191e-01,-1.075350627405134984e+00
3.650999999999708923e+00,-4.780316861837441422e-01,-1.225031894145894862e-01,-1.075722150153756829e+00
3.651999999999708812e+00,-4.780151497871634181e-01,-1.226687610976582021e-01,-1.076080677942373276e+00
3.652999999999708702e+00,-4.779987017022550577e-01,-1.228356322263627898e-01,-1.076426224997869330e+00
3.653999999999708592e+00,-4.779823279997379992e-01,-1.230037983420440850e-01,-1.076758801989044834e+00
3.654999999999708482e+00,-4.779660139133179442e-01,-1.231732547843046865e-01,-1.077078412506636607e+00
3.655999999999708372e+00,-4.779497433929202344e-01,-1.233439966034195479e-01,-1.077385047911947780e+00
3.656999999999708262e+00,-4.779334986714527389e-01,-1.235160184733692101e-01,-1.077678681402499894e+00
3.657999999999708152e+00,-4.779172604132051472e-01,-1.236893146926143217e-01,-1.077959265121025689e+00
3.658999999999708042e+00,-4.779010090942730771e-01,-1.238638793692695417e-01,-1.078226735904758149e+00
3.659999999999707931e+00,-4.778847272431985260e-01,-1.240397067353549432e-01,-1.078481028851784540e+00
3.660999999999707821e+00,-4.778684011140195698e-01,-1.242167912429850973e-01,-1.078722088930856859e+00
3.661999999999707711e+00,-4.778520206199234899e-01,-1.243951265301383446e-01,-1.078949873484353672e+00
3.662999999999707601e+00,-4.778355786957309004e-01,-1.245747060636548942e-01,-1.079164350712479070e+00
3.663999999999707491e+00,-4.778190703621201796e-01,-1.247555234228464871e-01,-1.079365497412634989e+00
3.664999999999707381e+00,-4.778024920942863241e-01,-1.249375727881656961e-01,-1.079553296183508593e+00
3.665999999999707271e+00,-4.777858412271692168e-01,-1.251208486678593024e-01,-1.079727733511881338e+00
3.666999999999707160e+00,-4.777691156036423248e-01,-1.253053458263459208e-01,-1.079888798548343409e+00
3.667999999999707050e+00,-4.777523133480666151e-01,-1.254910592261604951e-01,-1.080036482337648929e+00
3.668999999999706940e+00,-4.777354327197969597e-01,-1.256779839769166240e-01,-1.080170777332287946e+00
3.669999999999706830e+00,-4.777184720176736454e-01,-1.258661152871864419e-01,-1.080291677079205481e+00
3.670999999999706720e+00,-4.777014295168778291e-01,-1.260554484169397749e-01,-1.080399176012143858e+00
3.671999999999706610e+00,-4.776843034258246856e-01,-1.262459786295350994e-01,-1.080493269309048321e+00
3.672999999999706500e+00,-4.776670918547106237e-01,-1.264377011433887588e-01,-1.080573952790679915e+00
3.673999999999706390e+00,-4.776497927900293372e-01,-1.266306110843710697e-01,-1.080641222846828065e+00
3.674999999999706279e+00,-4.776324040714312602e-01,-1.268247034405682871e-01,-1.080695076382594655e+00
3.675999999999706169e+00,-4.776149233689810369e-01,-1.270199730211756250e-01,-1.080735510780508335e+00
3.676999999999706059e+00,-4.775973481601690218e-01,-1.272164144209375902e-01,-1.080762523875667958e+00
3.677999999999705949e+00,-4.775796757068920262e-01,-1.274140219908689864e-01,-1.080776113941534611e+00
3.678999999999705839e+00,-4.775619030330122694e-01,-1.276127898152297213e-01,-1.080776279684010577e+00
3.679999999999705729e+00,-4.775440269055998832e-01,-1.278127116983106271e-01,-1.080763020270327113e+00
3.680999999999705619e+00,-4.775260438188851375e-01,-1.280137811576704532e-01,-1.080736335415451110e+00
3.681999999999705508e+00,-4.775079499796627824e-01,-1.282159914203310769e-01,-1.080696225416949652e+00
3.682999999999705398e+00,-4.774897412911547900e-01,-1.284193354160192979e-01,-1.080642691159850344e+00
3.683999999999705288e+00,-4.774714133382089720e-01,-1.286238057719134020e-01,-1.080575734121467235e+00
3.684999999999705178e+00,-4.774529613739673661e-01,-1.288293948089851149e-01,-1.080495356375674953e+00
3.685999999999705068e+00,-4.774343805734689861e-01,-1.290360950011708308e-01,-1.080401560835618113e+00
3.686999999999704958e+00,-4.774156664684336970e-01,-1.292438996999887013e-01,-1.080294352298662552e+00
3.687999999999704848e+00,-4.773968149713873066e-01,-1.294528031410906999e-01,-1.080173736890435610e+00
3.688999999999704738e+00,-4.773778219352791119e-01,-1.296627996323028997e-01,-1.080039721581246281e+00
3.689999999999704627e+00,-4.773586830978603923e-01,-1.298738834526892427e-01,-1.079892314177229196e+00
3.690999999999704517e+00,-4.773393941163144860e-01,-1.300860489037913570e-01,-1.079731523312241981e+00
3.691999999999704407e+00,-4.773199505705167933e-01,-1.302992903056797158e-01,-1.079557358440383030e+00
3.692999999999704297e+00,-4.773003479667503601e-01,-1.305136019940024428e-01,-1.079369829829014193e+00
3.693999999999704187e+00,-4.772805817417419272e-01,-1.307289783178303133e-01,-1.079168948552188922e+00
3.694999999999704077e+00,-4.772606472669025934e-01,-1.309454136381316691e-01,-1.078954726484405269e+00
3.695999999999703967e+00,-4.772405398526810005e-01,-1.311629023267407157e-01,-1.078727176294622891e+00
3.696999999999703856e+00,-4.772202547529523775e-01,-1.313814387657104565e-01,-1.078486311440493006e+00
3.697999999999703746e+00,-4.771997871693835491e-01,-1.316010173469622513e-01,-1.078232146162767302e+00
3.698999999999703636e+00,-4.771791322557277226e-01,-1.318216324721634969e-01,-1.077964695479853630e+00
3.699999999999703526e+00,-4.771582851220122490e-01,-1.320432785527783370e-01,-1.077683975182498921e+00
3.700999999999703416e+00,-4.771372408385933239e-01,-1.322659500102492114e-01,-1.077390001828581134e+00
3.701999999999703306e+00,-4.771159944400579223e-01,-1.324896412762753273e-01,-1.077082792737996453e+00
3.702999999999703196e+00,-4.770945409289593098e-01,-1.327143467931621024e-01,-1.076762365987631531e+00
3.703999999999703086e+00,-4.770728752793779170e-01,-1.329400610142209282e-01,-1.076428740406410567e+00
3.704999999999702975e+00,-4.770509924403026347e-01,-1.331667784042035174e-01,-1.076081935570409653e+00
3.705999999999702865e+00,-4.770288873388313089e-01,-1.333944934397580662e-01,-1.075721971798032195e+00
3.706999999999702755e+00,-4.770065548831908253e-01,-1.336232006098973524e-01,-1.075348870145237168e+00
3.707999999999702645e+00,-4.769839899655801685e-01,-1.338528944164706913e-01,-1.074962652400815122e+00
3.708999999999702535e+00,-4.769611874648405081e-01,-1.340835693746333102e-01,-1.074563341081707257e+00
3.709999999999702425e+00,-4.769381422489582523e-01,-1.343152200133078122e-01,-1.074150959428359142e+00
3.710999999999702315e+00,-4.769148491774070076e-01,-1.345478408756325683e-01,-1.073725531400106181e+00
3.711999999999702204e+00,-4.768913031033361061e-01,-1.347814265193932048e-01,-1.073287081670584175e+00
3.712999999999702094e+00,-4.768674988756133049e-01,-1.350159715174326369e-01,-1.072835635623158979e+00
3.713999999999701984e+00,-4.768434313407293179e-01,-1.352514704580359273e-01,-1.072371219346371918e+00
3.714999999999701874e+00,-4.768190953445730629e-01,-1.354879179452851690e-01,-1.071893859629393653e+00
3.715999999999701764e+00,-4.767944857340859488e-01,-1.357253085993808672e-01,-1.071403583957483141e+00
3.716999999999701654e+00,-4.767695973588033653e-01,-1.359636370569236308e-01,-1.070900420507444828e+00
3.717999999999701544e+00,-4.767444250722926435e-01,-1.362028979711515098e-01,-1.070384398143080507e+00
3.718999999999701433e+00,-4.767189637334958707e-01,-1.364430860121266798e-01,-1.069855546410631186e+00
3.719999999999701323e+00,-4.766932082079861077e-01,-1.366841958668640611e-01,-1.069313895534202752e+00
3.720999999999701213e+00,-4.766671533688372486e-01,-1.369262222384587668e-01,-1.068759476408763121e+00
3.721999999999701103e+00,-4.766407940964542678e-01,-1.371691598422232761e-01,-1.068192320579883559e+00
3.722999999999700993e+00,-4.766141252787403637e-01,-1.374130034029925618e-01,-1.067612460228382076e+00
3.723999999999700883e+00,-4.765871418117603731e-01,-1.376577476540397638e-01,-1.067019928165307219e+00
3.724999999999700773e+00,-4.765598386008136900e-01,-1.379033873372648433e-01,-1.066414757827389703e+00
3.725999999999700663e+00,-4.765322105613460923e-01,-1.381499172028820555e-01,-1.065796983272445653e+00
3.726999999999700552e+00,-4.765042526198300932e-01,-1.383973320089694203e-01,-1.065166639174730312e+00
3.727999999999700442e+00,-4.764759597146240311e-01,-1.386456265208609595e-01,-1.064523760820239806e+00
3.728999999999700332e+00,-4.764473267968142300e-01,-1.388947955103614629e-01,-1.063868384101964049e+00
3.729999999999700222e+00,-4.764183488310478887e-01,-1.391448337547605274e-01,-1.063200545515088580e+00
3.730999999999700112e+00,-4.763890207963625834e-01,-1.393957360356203878e-01,-1.062520282152149331e+00
3.731999999999700002e+00,-4.763593376870169371e-01,-1.396474971373089513e-01,-1.061827631698143648e+00
3.732999999999699892e+00,-4.763292945133270062e-01,-1.399001118452476156e-01,-1.061122632425601564e+00
3.733999999999699781e+00,-4.762988863025122144e-01,-1.401535749438393708e-01,-1.060405323189624660e+00
3.734999999999699671e+00,-4.762681080995527227e-01,-1.404078812140414634e-01,-1.059675743422899163e+00
3.735999999999699561e+00,-4.762369549680592340e-01,-1.406630254305430983e-01,-1.058933933130695504e+00
3.736999999999699451e+00,-4.762054219911559527e-01,-1.409190023585077944e-01,-1.058179932885865870e+00
3.737999999999699341e+00,-4.761735042723733158e-01,-1.411758067498383729e-01,-1.057413783823854647e+00
3.738999999999699231e+00,-4.761411969365495489e-01,-1.414334333389228038e-01,-1.056635527637739269e+00
3.739999999999699121e+00,-4.761084951307336666e-01,-1.416918768378215843e-01,-1.055845206573321038e+00
3.740999999999699011e+00,-4.760753940250859739e-01,-1.419511319308613406e-01,-1.055042863424287658e+00
3.741999999999698900e+00,-4.760418888137670224e-01,-1.422111932686085933e-01,-1.054228541527468810e+00
3.742999999999698790e+00,-4.760079747158078023e-01,-1.424720554612105561e-01,-1.053402284758210516e+00
3.743999999999698680e+00,-4.759736469759529576e-01,-1.427337130711095747e-01,-1.052564137525886512e+00
3.744999999999698570e+00,-4.759389008654696385e-01,-1.429961606051663170e-01,-1.051714144769566817e+00
3.745999999999698460e+00,-4.759037316829197728e-01,-1.432593925062631557e-01,-1.050852351953853736e+00
3.746999999999698350e+00,-4.758681347548958662e-01,-1.435234031445098146e-01,-1.049978805064885279e+00
3.747999999999698240e+00,-4.758321054367306568e-01,-1.437881868082326597e-01,-1.049093550606490455e+00
3.748999999999698129e+00,-4.757956391132007745e-01,-1.440537376950024040e-01,-1.048196635596459148e+00
3.749999999999698019e+00,-4.757587311992604873e-01,-1.443200499030373174e-01,-1.047288107562864390e+00
3.750999999999697909e+00,-4.757213771408571046e-01,-1.445871174234043266e-01,-1.046368014540340008e+00
3.751999999999697799e+00,-4.756835724159012013e-01,-1.448549341335219065e-01,-1.045436405066187513e+00
3.752999999999697689e+00,-4.756453125354813127e-01,-1.451234937925308666e-01,-1.044493328176149260e+00
3.753999999999697579e+00,-4.756065930454306256e-01,-1.453927900391269457e-01,-1.043538833399666244e+00
3.754999999999697469e+00,-4.755674095283561886e-01,-1.456628163924227615e-01,-1.042572970754426231e+00
3.755999999999697359e+00,-4.755277576062385547e-01,-1.459335662563110148e-01,-1.041595790740026617e+00
3.756999999999697248e+00,-4.754876329436820703e-01,-1.462050329276246285e-01,-1.040607344330621187e+00
3.757999999999697138e+00,-4.754470312518557229e-01,-1.464772096081402020e-01,-1.039607682966501523e+00
3.758999999999697028e+00,-4.754059482931005665e-01,-1.467500894201654582e-01,-1.038596858544669654e+00
3.759999999999696918e+00,-4.753643798861098002e-01,-1.470236654251308450e-01,-1.037574923408588257e+00
3.760999999999696808e+00,-4.753223219115133569e-01,-1.472979306443160941e-01,-1.036541930337415485e+00
3.761999999999696698e+00,-4.752797703176378508e-01,-1.475728780806361273e-01,-1.035497932535136556e+00
3.762999999999696588e+00,-4.752367211261757651e-01,-1.478485007403239071e-01,-1.034442983620060597e+00
3.763999999999696477e+00,-4.751931704374928178e-01,-1.481247916533950937e-01,-1.033377137615156593e+00
3.764999999999696367e+00,-4.751491144353277019e-01,-1.484017438919488507e-01,-1.032300448939650339e+00
3.765999999999696257e+00,-4.751045493906946304e-01,-1.486793505856157938e-01,-1.031212972402210770e+00
3.766999999999696147e+00,-4.750594716648686155e-01,-1.489576049337616725e-01,-1.030114763195929983e+00
3.767999999999696037e+00,-4.750138777114109589e-01,-1.492365002143437869e-01,-1.029005876895170868e+00
3.768999999999695927e+00,-4.749677640772608234e-01,-1.495160297895651857e-01,-1.027886369454241056e+00
3.769999999999695817e+00,-4.749211274029773722e-01,-1.497961871086507246e-01,-1.026756297207758850e+00
3.770999999999695707e+00,-4.748739644222519374e-01,-1.500769657081809649e-01,-1.025615716872508631e+00
3.771999999999695596e+00,-4.748262719608346005e-01,-1.503583592104658084e-01,-1.024464685550553256e+00
3.772999999999695486e+00,-4.747780469350195709e-01,-1.506403613204350123e-01,-1.023303260733359643e+00
3.773999999999695376e+00,-4.747292863498321913e-01,-1.509229658214849834e-01,-1.022131500306703078e+00
3.774999999999695266e+00,-4.746799872970424161e-01,-1.512061665706608271e-01,-1.020949462556137277e+00
3.775999999999695156e+00,-4.746301469531117867e-01,-1.514899574934872595e-01,-1.019757206172847264e+00
3.776999999999695046e+00,-4.745797625771620010e-01,-1.517743325786934661e-01,-1.018554790259731169e+00
3.777999999999694936e+00,-4.745288315090320230e-01,-1.520592858730178409e-01,-1.017342274337587504e+00
3.778999999999694825e+00,-4.744773511674736932e-01,-1.523448114762243344e-01,-1.016119718351310208e+00
3.779999999999694715e+00,-4.744253190485192562e-01,-1.526309035364193378e-01,-1.014887182676016408e+00
3.780999999999694605e+00,-4.743727327240438996e-01,-1.529175562457237014e-01,-1.013644728123052285e+00
3.781999999999694495e+00,-4.743195898405311861e-01,-1.532047638363267239e-01,-1.012392415945834179e+00
3.782999999999694385e+00,-4.742658881180460417e-01,-1.534925205769307743e-01,-1.011130307845493848e+00
3.783999999999694275e+00,-4.742116253494092493e-01,-1.537808207695794405e-01,-1.009858465976306130e+00
3.784999999999694165e+00,-4.741567993995654540e-01,-1.540696587468532996e-01,-1.008576952950880568e+00
3.785999999999694055e+00,-4.741014082051316914e-01,-1.543590288694103863e-01,-1.007285831845101232e+00
3.786999999999693944e+00,-4.740454497741102280e-01,-1.546489255238444882e-01,-1.005985166202803649e+00
3.787999999999693834e+00,-4.739889221857500612e-01,-1.549393431208324623e-01,-1.004675020040172395e+00
3.788999999999693724e+00,-4.739318235905377596e-01,-1.552302760935406756e-01,-1.003355457849848031e+00
3.789999999999693614e+00,-4.738741522102983272e-01,-1.555217188962610131e-01,-1.002026544604727842e+00
3.790999999999693504e+00,-4.738159063383877712e-01,-1.558136660032471699e-01,-1.000688345761440834e+00
3.791999999999693394e+00,-4.737570843399563358e-01,-1.561061119077233328e-01,-9.993409272634806717e-01
3.792999999999693284e+00,-4.736976846522640283e-01,-1.563990511210386625e-01,-9.979843555439731340e-01
3.793999999999693173e+00,-4.736377057850284511e-01,-1.566924781719416793e-01,-9.966186975280562077e-01
3.794999999999693063e+00,-4.735771463207855136e-01,-1.569863876059511554e-01,-9.952440206348459606e-01
3.795999999999692953e+00,-4.735160049152452588e-01,-1.572807739848004760e-01,-9.938603927789633197e-01
3.796999999999692843e+00,-4.734542802976245413e-01,-1.575756318859346528e-01,-9.924678823715916698e-01
3.797999999999692733e+00,-4.733919712709376282e-01,-1.578709559020398945e-01,-9.910665583210378493e-01
3.798999999999692623e+00,-4.733290767122305676e-01,-1.581667406405875831e-01,-9.896564900327669001e-01
3.799999999999692513e+00,-4.732655955727405606e-01,-1.584629807233750298e-01,-9.882377474088814839e-01
3.800999999999692402e+00,-4.732015268778298478e-01,-1.587596707857706624e-01,-9.868104008462252885e-01
3.801999999999692292e+00,-4.731368697077174001e-01,-1.590568054375687823e-01,-9.853745211185415132e-01
3.802999999999692182e+00,-4.730716231745258904e-01,-1.593543792168531925e-01,-9.839301791196335412e-01
3.803999999999692072e+00,-4.730057864036266713e-01,-1.596523865532211706e-01,-9.824774457949300155e-01
3.804999999999691962e+00,-4.729393585355904372e-01,-1.599508217727534654e-01,-9.810163921440114843e-01
3.805999999999691852e+00,-4.728723387271647760e-01,-1.602496791011505384e-01,-9.795470892225947024e-01
3.806999999999691742e+00,-4.728047261514070065e-01,-1.605489526653371690e-01,-9.780696081439816947e-01
3.807999999999691632e+00,-4.727365199977374699e-01,-1.608486364950673930e-01,-9.765840200799836834e-01
3.808999999999691521e+00,-4.726677194719102748e-01,-1.611487245245226962e-01,-9.750903962613289844e-01
3.809999999999691411e+00,-4.725983237959010541e-01,-1.614492105938964972e-01,-9.735888079775679715e-01
3.810999999999691301e+00,-4.725283322077101777e-01,-1.617500884509599501e-01,-9.720793265764904323e-01
3.811999999999691191e+00,-4.724577439610828100e-01,-1.620513517526034897e-01,-9.705620234630705223e-01
3.812999999999691081e+00,-4.723865583251458666e-01,-1.623529940663504256e-01,-9.690369700979603040e-01
3.813999999999690971e+00,-4.723147745839651468e-01,-1.626550088718389520e-01,-9.675042379955521854e-01
3.814999999999690861e+00,-4.722423920360237504e-01,-1.629573895622696278e-01,-9.659638987216339068e-01
3.815999999999690750e+00,-4.721694099936269984e-01,-1.632601294458164432e-01,-9.644160238906618332e-01
3.816999999999690640e+00,-4.720958277822364102e-01,-1.635632217469994432e-01,-9.628606851626809737e-01
3.817999999999690530e+00,-4.720216447397388992e-01,-1.638666596080184390e-01,-9.612979542399211486e-01
3.818999999999690420e+00,-4.719468602156556281e-01,-1.641704360900466952e-01,-9.597279028631001685e-01
3.819999999999690310e+00,-4.718714735702975172e-01,-1.644745441744849546e-01,-9.581506028074686654e-01
3.820999999999690200e+00,-4.717954841738726257e-01,-1.647789767641756609e-01,-9.565661258786301024e-01
3.821999999999690090e+00,-4.717188914055535642e-01,-1.650837266845786022e-01,-9.549745439081713805e-01
3.822999999999689980e+00,-4.716416946525115450e-01,-1.653887866849081678e-01,-9.533759287491416767e-01
3.823999999999689869e+00,-4.715638933089243978e-01,-1.656941494392338010e-01,-9.517703522714158204e-01
3.824999999999689759e+00,-4.714854867749665446e-01,-1.659998075475446200e-01,-9.501578863569796196e-01
3.825999999999689649e+00,-4.714064744557889819e-01,-1.663057535367797879e-01,-9.485386028951747761e-01
3.826999999999689539e+00,-4.713268557604960440e-01,-1.666119798618255765e-01,-9.469125737779411356e-01
3.827999999999689429e+00,-4.712466301011278280e-01,-1.669184789064805385e-01,-9.452798708950918005e-01
3.828999999999689319e+00,-4.711657968916551642e-01,-1.672252429843900934e-01,-9.436405661296577430e-01
3.829999999999689209e+00,-4.710843555469949595e-01,-1.675322643399511646e-01,-9.419947313533371114e-01
3.830999999999689098e+00,-4.710023054820524080e-01,-1.678395351491878129e-01,-9.403424384220814281e-01
3.831999999999688988e+00,-4.709196461107977294e-01,-1.681470475205984194e-01,-9.386837591718524276e-01
3.832999999999688878e+00,-4.708363768453827092e-01,-1.684547934959744198e-01,-9.370187654145790690e-01
3.833999999999688768e+00,-4.707524970953042565e-01,-1.687627650511907551e-01,-9.353475289343432530e-01
3.834999999999688658e+00,-4.706680062666198094e-01,-1.690709540969671243e-01,-9.336701214838217799e-01
3.835999999999688548e+00,-4.705829037612186960e-01,-1.693793524795996763e-01,-9.319866147810088597e-01
3.836999999999688438e+00,-4.704971889761558890e-01,-1.696879519816618387e-01,-9.302970805062417137e-01
3.837999999999688328e+00,-4.704108613030497654e-01,-1.699967443226725050e-01,-9.286015902995503613e-01
3.838999999999688217e+00,-4.703239201275491999e-01,-1.703057211597301113e-01,-9.269002157583496881e-01
3.839999999999688107e+00,-4.702363648288707121e-01,-1.706148740881101300e-01,-9.251930284354904499e-01
3.840999999999687997e+00,-4.701481947794093341e-01,-1.709241946418237346e-01,-9.234800998376827552e-01
3.841999999999687887e+00,-4.700594093444235844e-01,-1.712336742941349965e-01,-9.217615014243047966e-01
3.842999999999687777e+00,-4.699700078817962701e-01,-1.715433044580334521e-01,-9.200373046066067095e-01
3.843999999999687667e+00,-4.698799897418707849e-01,-1.718530764866597060e-01,-9.183075807473169982e-01
3.844999999999687557e+00,-4.697893542673627354e-01,-1.721629816736807428e-01,-9.165724011606579680e-01
3.845999999999687446e+00,-4.696981007933465069e-01,-1.724730112536120574e-01,-9.148318371127734938e-01
3.846999999999687336e+00,-4.696062286473148828e-01,-1.727831564020843869e-01,-9.130859598225707918e-01
3.847999999999687226e+00,-4.695137371493099954e-01,-1.730934082360520432e-01,-9.113348404629767474e-01
3.848999999999687116e+00,-4.694206256121231657e-01,-1.734037578139416280e-01,-9.095785501626044711e-01
3.849999999999687006e+00,-4.693268933415609134e-01,-1.737141961357391851e-01,-9.078171600078263070e-01
3.850999999999686896e+00,-4.692325396367728607e-01,-1.740247141430158739e-01,-9.060507410452458554e-01
3.851999999999686786e+00,-4.691375637906403107e-01,-1.743353027188930260e-01,-9.042793642845630142e-01
3.852999999999686676e+00,-4.690419650906113569e-01,-1.746459526883671065e-01,-9.025031007041938169e-01
3.853999999999686565e+00,-4.689457428196663891e-01,-1.749566548186663462e-01,-9.007220212607013332e-01
3.854999999999686455e+00,-4.688488962572698315e-01,-1.752673998194902993e-01,-8.989361968943524461e-01
3.855999999999686345e+00,-4.687514246798721307e-01,-1.755781783426830223e-01,-8.971456985330911182e-01
3.856999999999686235e+00,-4.686533273614496009e-01,-1.758889809818735550e-01,-8.953505970968025363e-01
3.857999999999686125e+00,-4.685546035740947302e-01,-1.761997982721139611e-01,-8.935509635018334951e-01
3.858999999999686015e+00,-4.684552525886266916e-01,-1.765106206895029062e-01,-8.917468686657317178e-01
3.859999999999685905e+00,-4.683552736752155110e-01,-1.768214386508094871e-01,-8.899383835121575936e-01
3.860999999999685794e+00,-4.682546661040133396e-01,-1.771322425131159894e-01,-8.881255789759178176e-01
3.861999999999685684e+00,-4.681534291457848940e-01,-1.774430225734993927e-01,-8.863085260080618699e-01
3.862999999999685574e+00,-4.680515620725305137e-01,-1.777537690687754357e-01,-8.844872955809761628e-01
3.863999999999685464e+00,-4.679490641580950072e-01,-1.780644721753308901e-01,-8.826619586934030259e-01
3.864999999999685354e+00,-4.678459346787544049e-01,-1.783751220090724621e-01,-8.808325863753043716e-01
3.865999999999685244e+00,-4.677421729137749007e-01,-1.786857086255229654e-01,-8.789992496924851073e-01
3.866999999999685134e+00,-4.676377781459375438e-01,-1.789962220200963516e-01,-8.771620197508829264e-01
3.867999999999685024e+00,-4.675327496620227397e-01,-1.793066521285849590e-01,-8.753209677004296640e-01
3.868999999999684913e+00,-4.674270867532502871e-01,-1.796169888278912330e-01,-8.734761647383847416e-01
3.869999999999684803e+00,-4.673207887156706763e-01,-1.799272219370367243e-01,-8.716276821120418905e-01
3.870999999999684693e+00,-4.672138548505042066e-01,-1.802373412184772317e-01,-8.697755911207127877e-01
3.871999999999684583e+00,-4.671062844644270906e-01,-1.805473363797512054e-01,-8.679199631168957874e-01
3.872999999999684473e+00,-4.669980768698027696e-01,-1.808571970754824787e-01,-8.660608695065478146e-01
3.873999999999684363e+00,-4.668892313848598263e-01,-1.811669129097527864e-01,-8.641983817483902541e-01
3.874999999999684253e+00,-4.667797473338173297e-01,-1.814764734388520373e-01,-8.623325713521952096e-01
3.875999999999684142e+00,-4.666696240469615509e-01,-1.817858681744052018e-01,-8.604635098760197165e-01
3.876999999999684032e+00,-4.665588608606766607e-01,-1.820950865868656565e-01,-8.585912689223784700e-01
3.877999999999683922e+00,-4.664474571174352380e-01,-1.824041181093543629e-01,-8.567159201333705010e-01
3.878999999999683812e+00,-4.663354121657529716e-01,-1.827129521418137670e-01,-8.548375351848044312e-01
3.879999999999683702e+00,-4.662227253601139432e-01,-1.830215780554361182e-01,-8.529561857793936941e-01
3.880999999999683592e+00,-4.661093960608713727e-01,-1.833299851973157757e-01,-8.510719436391204207e-01
3.881999999999683482e+00,-4.659954236341304346e-01,-1.836381628952681033e-01,-8.491848804968927800e-01
3.882999999999683371e+00,-4.658808074516171405e-01,-1.839461004627509777e-01,-8.472950680876413232e-01
3.883999999999683261e+00,-4.657655468905386731e-01,-1.842537872038214342e-01,-8.454025781390187566e-01
3.884999999999683151e+00,-4.656496413334384465e-01,-1.845612124180580071e-01,-8.435074823618785578e-01
3.885999999999683041e+00,-4.655330901680486133e-01,-1.848683654053803749e-01,-8.416098524407142900e-01
3.886999999999682931e+00,-4.654158927871420159e-01,-1.851752354707013049e-01,-8.397097600242425797e-01
3.887999999999682821e+00,-4.652980485883850270e-01,-1.854818119283509481e-01,-8.378072767163055046e-01
3.888999999999682711e+00,-4.651795569741907777e-01,-1.857880841062210797e-01,-8.359024740672570397e-01
3.889999999999682601e+00,-4.650604173515724971e-01,-1.860940413495858758e-01,-8.339954235659826631e-01
3.890999999999682490e+00,-4.649406291319970741e-01,-1.863996730245647548e-01,-8.320861966326794645e-01
3.891999999999682380e+00,-4.648201917312365095e-01,-1.867049685212039400e-01,-8.301748646125034492e-01
3.892999999999682270e+00,-4.646991045692167033e-01,-1.870099172561630052e-01,-8.282614987701647502e-01
3.893999999999682160e+00,-4.645773670698622460e-01,-1.873145086750025723e-01,-8.263461702855274815e-01
3.894999999999682050e+00,-4.644549786609368791e-01,-1.876187322540787961e-01,-8.244289502502479827e-01
3.895999999999681940e+00,-4.643319387738782944e-01,-1.879225775020574307e-01,-8.225099096654608921e-01
3.896999999999681830e+00,-4.642082468436278808e-01,-1.882260339610679623e-01,-8.205891194405038336e-01
3.897999999999681719e+00,-4.640839023084553649e-01,-1.885290912075227032e-01,-8.186666503926538496e-01
3.898999999999681609e+00,-4.639589046097798430e-01,-1.888317388526312979e-01,-8.167425732478331701e-01
3.899999999999681499e+00,-4.638332531919877044e-01,-1.891339665426418348e-01,-8.148169586422311372e-01
3.900999999999681389e+00,-4.637069475022501108e-01,-1.894357639588437892e-01,-8.128898771247798916e-01
3.901999999999681279e+00,-4.635799869903410864e-01,-1.897371208173663226e-01,-8.109613991604152083e-01
3.902999999999681169e+00,-4.634523711084600484e-01,-1.900380268688066920e-01,-8.090315951340514289e-01
3.903999999999681059e+00,-4.633240993110598338e-01,-1.903384718977221279e-01,-8.071005353551966577e-01
3.904999999999680949e+00,-4.631951710546838852e-01,-1.906384457220158257e-01,-8.051682900631355055e-01
3.905999999999680838e+00,-4.630655857978150935e-01,-1.909379381922476360e-01,-8.032349294326084355e-01
3.906999999999680728e+00,-4.629353430007391301e-01,-1.912369391908955163e-01,-8.013005235799197656e-01
3.907999999999680618e+00,-4.628044421254244867e-01,-1.915354386315930024e-01,-7.993651425694099366e-01
3.908999999999680508e+00,-4.626728826354221114e-01,-1.918334264583642645e-01,-7.974288564202322016e-01
3.909999999999680398e+00,-4.625406639957872490e-01,-1.921308926448762611e-01,-7.954917351133787840e-01
3.910999999999680288e+00,-4.624077856730243741e-01,-1.924278271937247820e-01,-7.935538485989059865e-01
3.911999999999680178e+00,-4.622742471350584359e-01,-1.927242201357688978e-01,-7.916152668033122897e-01
3.912999999999680067e+00,-4.621400478512330823e-01,-1.930200615295258604e-01,-7.896760596370291374e-01
3.913999999999679957e+00,-4.620051872923373604e-01,-1.933153414606365583e-01,-7.877362970019876620e-01
3.914999999999679847e+00,-4.618696649306622271e-01,-1.936100500414099368e-01,-7.857960487992288190e-01
3.915999999999679737e+00,-4.617334802400870353e-01,-1.939041774104524329e-01,-7.838553849365288428e-01
3.916999999999679627e+00,-4.615966326961969401e-01,-1.941977137323877833e-01,-7.819143753360145999e-01
3.917999999999679517e+00,-4.614591217764308917e-01,-1.944906491976701735e-01,-7.799730899417472996e-01
3.918999999999679407e+00,-4.613209469602607693e-01,-1.947829740224936990e-01,-7.780315987272549139e-01
3.919999999999679297e+00,-4.611821077294006033e-01,-1.950746784487987773e-01,-7.760899717029976497e-01
3.920999999999679186e+00,-4.610426035680462720e-01,-1.953657527443763697e-01,-7.741482789237505990e-01
3.921999999999679076e+00,-4.609024339631435097e-01,-1.956561872030689875e-01,-7.722065904958917981e-01
3.922999999999678966e+00,-4.607615984046846691e-01,-1.959459721450678982e-01,-7.702649765845844820e-01
3.923999999999678856e+00,-4.606200963860322961e-01,-1.962350979173043408e-01,-7.683235074208427662e-01
3.924999999999678746e+00,-4.604779274042680726e-01,-1.965235548939327503e-01,-7.663822533084734268e-01
3.925999999999678636e+00,-4.603350909605661845e-01,-1.968113334769032163e-01,-7.644412846308843434e-01
3.926999999999678526e+00,-4.601915865605888389e-01,-1.970984240966202894e-01,-7.625006718577538312e-01
3.927999999999678415e+00,-4.600474137149028753e-01,-1.973848172126846379e-01,-7.605604855515535334e-01
3.928999999999678305e+00,-4.599025719394148615e-01,-1.976705033147143353e-01,-7.586207963739187710e-01
3.929999999999678195e+00,-4.597570607558231770e-01,-1.979554729232415877e-01,-7.566816750918610168e-01
3.930999999999678085e+00,-4.596108796920851391e-01,-1.982397165906815695e-01,-7.547431925838166134e-01
3.931999999999677975e+00,-4.594640282828964528e-01,-1.985232249023686502e-01,-7.528054198455271795e-01
3.932999999999677865e+00,-4.593165060701817626e-01,-1.988059884776569308e-01,-7.508684279957456020e-01
3.933999999999677755e+00,-4.591683126035929208e-01,-1.990879979710797054e-01,-7.489322882817632809e-01
3.934999999999677645e+00,-4.590194474410144720e-01,-1.993692440735646831e-01,-7.469970720847544099e-01
3.935999999999677534e+00,-4.588699101490718579e-01,-1.996497175137000868e-01,-7.450628509249309639e-01
3.936999999999677424e+00,-4.587197003036428411e-01,-1.999294090590478801e-01,-7.431296964665051741e-01
3.937999999999677314e+00,-4.585688174903672087e-01,-2.002083095174992666e-01,-7.411976805224541609e-01
3.938999999999677204e+00,-4.584172613051551437e-01,-2.004864097386691579e-01,-7.392668750590826177e-01
3.939999999999677094e+00,-4.582650313546899890e-01,-2.007637006153244474e-01,-7.373373522003784375e-01
3.940999999999676984e+00,-4.581121272569251279e-01,-2.010401730848427604e-01,-7.354091842321579531e-01
3.941999999999676874e+00,-4.579585486415717610e-01,-2.013158181306973493e-01,-7.334824436059960151e-01
3.942999999999676763e+00,-4.578042951505760794e-01,-2.015906267839638610e-01,-7.315572029429370238e-01
3.943999999999676653e+00,-4.576493664385846705e-01,-2.018645901248456997e-01,-7.296335350369833606e-01
3.944999999999676543e+00,-4.574937621733948800e-01,-2.021376992842133791e-01,-7.277115128583574455e-01
3.945999999999676433e+00,-4.573374820363904081e-01,-2.024099454451549485e-01,-7.257912095565343114e-01
3.946999999999676323e+00,-4.571805257229590302e-01,-2.026813198445328312e-01,-7.238726984630411421e-01
3.947999999999676213e+00,-4.570228929428916675e-01,-2.029518137745447426e-01,-7.219560530940216658e-01
3.948999999999676103e+00,-4.568645834207619716e-01,-2.032214185842839971e-01,-7.200413471525627385e-01
3.949999999999675993e+00,-4.567055968962843160e-01,-2.034901256812966241e-01,-7.181286545307810076e-01
3.950999999999675882e+00,-4.565459331246498609e-01,-2.037579265331321277e-01,-7.162180493116674374e-01
3.951999999999675772e+00,-4.563855918768396913e-01,-2.040248126688838926e-01,-7.143096057706898039e-01
3.952999999999675662e+00,-4.562245729399140304e-01,-2.042907756807174069e-01,-7.124033983771504985e-01
3.953999999999675552e+00,-4.560628761172768053e-01,-2.045558072253821635e-01,-7.104995017953004144e-01
3.954999999999675442e+00,-4.559005012289160108e-01,-2.048198990257057150e-01,-7.085979908852086950e-01
3.955999999999675332e+00,-4.557374481116179821e-01,-2.050830428720658571e-01,-7.066989407033885673e-01
3.956999999999675222e+00,-4.555737166191569099e-01,-2.053452306238396363e-01,-7.048024265031799240e-01
3.957999999999675111e+00,-4.554093066224584874e-01,-2.056064542108256010e-01,-7.029085237348914328e-01
3.958999999999675001e+00,-4.552442180097383551e-01,-2.058667056346378810e-01,-7.010173080457023920e-01
3.959999999999674891e+00,-4.550784506866152879e-01,-2.061259769700690969e-01,-6.991288552793278877e-01
3.960999999999674781e+00,-4.549120045761994580e-01,-2.063842603664203246e-01,-6.972432414754506924e-01
3.961999999999674671e+00,-4.547448796191566056e-01,-2.066415480487961143e-01,-6.953605428689221268e-01
3.962999999999674561e+00,-4.545770757737487289e-01,-2.068978323193622071e-01,-6.934808358887373236e-01
3.963999999999674451e+00,-4.544085930158511255e-01,-2.071531055585643655e-01,-6.916041971567890023e-01
3.964999999999674341e+00,-4.542394313389483407e-01,-2.074073602263065974e-01,-6.897307034864048614e-01
3.965999999999674230e+00,-4.540695907541086318e-01,-2.076605888630866370e-01,-6.878604318806752493e-01
3.966999999999674120e+00,-4.538990712899389490e-01,-2.079127840910873493e-01,-6.859934595305767768e-01
3.967999999999674010e+00,-4.537278729925210974e-01,-2.081639386152222826e-01,-6.841298638128993082e-01
3.968999999999673900e+00,-4.535559959253310791e-01,-2.084140452241338148e-01,-6.822697222879837708e-01
3.969999999999673790e+00,-4.533834401691428928e-01,-2.086630967911424495e-01,-6.804131126972798871e-01
3.970999999999673680e+00,-4.532102058219179552e-01,-2.089110862751457076e-01,-6.785601129607313764e-01
3.971999999999673570e+00,-4.530362929986828657e-01,-2.091580067214648953e-01,-6.767108011739997320e-01
3.972999999999673459e+00,-4.528617018313966791e-01,-2.094038512626388571e-01,-6.748652556055357854e-01
3.973999999999673349e+00,-4.526864324688092966e-01,-2.096486131191626356e-01,-6.730235546935104951e-01
3.974999999999673239e+00,-4.525104850763144171e-01,-2.098922856001698423e-01,-6.711857770426163938e-01
3.975999999999673129e+00,-4.523338598357974361e-01,-2.101348621040577125e-01,-6.693520014207521296e-01
3.976999999999673019e+00,-4.521565569454821243e-01,-2.103763361190521819e-01,-6.675223067556035339e-01
3.977999999999672909e+00,-4.519785766197770838e-01,-2.106167012237127878e-01,-6.656967721311343178e-01
3.978999999999672799e+00,-4.517999190891256456e-01,-2.108559510873749820e-01,-6.638754767840017168e-01
3.979999999999672688e+00,-4.516205845999703428e-01,-2.110940794706297474e-01,-6.620585001003075343e-01
3.980999999999672578e+00,-4.514405734157831973e-01,-2.113310802267139299e-01,-6.602459216179387136e-01
3.981999999999672468e+00,-4.512598858177980232e-01,-2.115669473025588165e-01,-6.584378210301906620e-01
3.982999999999672358e+00,-4.510785221055461092e-01,-2.118016747395747024e-01,-6.566342781827055886e-01
3.983999999999672248e+00,-4.508964825965124379e-01,-2.120352566735438926e-01,-6.548353730694957964e-01
3.984999999999672138e+00,-4.507137676259969084e-01,-2.122676873346107662e-01,-6.530411858290005034e-01
3.985999999999672028e+00,-4.505303775470002603e-01,-2.124989610471995083e-01,-6.512517967401946217e-01
3.986999999999671918e+00,-4.503463127301348123e-01,-2.127290722298553483e-01,-6.494672862187702567e-01
3.987999999999671807e+00,-4.501615735635625670e-01,-2.129580153950074717e-01,-6.476877348134115753e-01
3.988999999999671697e+00,-4.499761604529630699e-01,-2.131857851486518574e-01,-6.459132232021828068e-01
3.989999999999671587e+00,-4.497900738215347416e-01,-2.134123761899527350e-01,-6.441438321890514684e-01
3.990999999999671477e+00,-4.496033141100310715e-01,-2.136377833107609425e-01,-6.423796427005667997e-01
3.991999999999671367e+00,-4.494158817768341141e-01,-2.138620013950480181e-01,-6.406207357827136128e-01
3.992999999999671257e+00,-4.492277772980682315e-01,-2.140850254182556922e-01,-6.388671925979604316e-01
3.993999999999671147e+00,-4.490390011677545257e-01,-2.143068504465594493e-01,-6.371190944225200159e-01
3.994999999999671036e+00,-4.488495538980082911e-01,-2.145274716360475731e-01,-6.353765226438370384e-01
3.995999999999670926e+00,-4.486594360192805442e-01,-2.147468842318154270e-01,-6.336395587583144584e-01
3.996999999999670816e+00,-4.484686480806424069e-01,-2.149650835669777160e-01,-6.319082843692880314e-01
3.997999999999670706e+00,-4.482771906501142878e-01,-2.151820650616010910e-01,-6.301827811852492855e-01
3.998999999999670596e+00,-4.480850643150364743e-01,-2.153978242215620342e-01,-6.284631310183147468e-01
3.999999999999670486e+00,-4.478922696824804150e-01,-2.156123566373355227e-01,-6.267494157829265333e-01
4.000999999999670820e+00,-4.476988073796968615e-01,-2.158256579827230737e-01,-6.250417174947626719e-01
4.001999999999671154e+00,-4.475046780545957614e-01,-2.160377240135296362e-01,-6.233401182698197207e-01
4.002999999999671488e+00,-4.473098823762530207e-01,-2.162485505662034846e-01,-6.216447003236172941e-01
4.003999999999671822e+00,-4.471144210354354720e-01,-2.164581335564540188e-01,-6.199555459704558791e-01
4.004999999999672156e+00,-4.469182947451347809e-01,-2.166664689778674269e-01,-6.182727376226393456e-01
4.005999999999672490e+00,-4.467215042410995207e-01,-2.168735529005433871e-01,-6.165963577895504644e-01
4.006999999999672823e+00,-4.465240502823520363e-01,-2.170793814697795088e-01,-6.149264890764420954e-01
4.007999999999673157e+00,-4.463259336516745557e-01,-2.172839509048351547e-01,-6.132632141827825123e-01
4.008999999999673491e+00,-4.461271551560485604e-01,-2.174872574978094775e-01,-6.116066158999602376e-01
4.009999999999673825e+00,-4.459277156270284870e-01,-2.176892976126736379e-01,-6.099567771081311207e-01
4.010999999999674159e+00,-4.457276159210304400e-01,-2.178900676844994222e-01,-6.083137807719594115e-01
4.011999999999674493e+00,-4.455268569195161565e-01,-2.180895642189303041e-01,-6.066777099349833779e-01
4.012999999999674827e+00,-4.453254395290517365e-01,-2.182877837919419139e-01,-6.050486477123198092e-01
4.013999999999675161e+00,-4.451233646812233768e-01,-2.184847230499395720e-01,-6.034266772814105284e-01
4.014999999999675495e+00,-4.449206333323925677e-01,-2.186803787102380159e-01,-6.018118818705218143e-01
4.015999999999675829e+00,-4.447172464632793698e-01,-2.188747475619653715e-01,-6.002043447447221736e-01
4.016999999999676163e+00,-4.445132050783649480e-01,-2.190678264674255082e-01,-5.986041491891035404e-01
4.017999999999676497e+00,-4.443085102051122504e-01,-2.192596123639446171e-01,-5.970113784890664910e-01
4.018999999999676831e+00,-4.441031628930113828e-01,-2.194501022662151413e-01,-5.954261159075666665e-01
4.019999999999677165e+00,-4.438971642124650563e-01,-2.196392932691354771e-01,-5.938484446593186306e-01
4.020999999999677499e+00,-4.436905152535372543e-01,-2.198271825511284028e-01,-5.922784478820667387e-01
4.021999999999677833e+00,-4.434832171246003707e-01,-2.200137673779030134e-01,-5.907162086051621630e-01
4.022999999999678167e+00,-4.432752709509227840e-01,-2.201990451066080656e-01,-5.891618097158168865e-01
4.023999999999678501e+00,-4.430666778732474942e-01,-2.203830131903096179e-01,-5.876153339235365980e-01
4.024999999999678835e+00,-4.428574390464188326e-01,-2.205656691827116433e-01,-5.860768637233526590e-01
4.025999999999679169e+00,-4.426475556381170295e-01,-2.207470107430302142e-01,-5.845464813585681263e-01
4.026999999999679503e+00,-4.424370288277622576e-01,-2.209270356409270275e-01,-5.830242687837979831e-01
4.027999999999679837e+00,-4.422258598056476586e-01,-2.211057417614095133e-01,-5.815103076291121553e-01
4.028999999999680171e+00,-4.420140497723574202e-01,-2.212831271096111219e-01,-5.800046791660778966e-01
4.029999999999680504e+00,-4.418015999385179193e-01,-2.214591898153765448e-01,-5.785074642764457264e-01
4.030999999999680838e+00,-4.415885115249241766e-01,-2.216339281375934722e-01,-5.770187434241371705e-01
4.031999999999681172e+00,-4.413747857630727633e-01,-2.218073404682295580e-01,-5.755385966310769819e-01
4.032999999999681506e+00,-4.411604238961251423e-01,-2.219794253360545255e-01,-5.740671034572759623e-01
4.033999999999681840e+00,-4.409454271803155412e-01,-2.221501814100472760e-01,-5.726043429854286160e-01
4.034999999999682174e+00,-4.407297968868106319e-01,-2.223196075025060670e-01,-5.711503938101444300e-01
4.035999999999682508e+00,-4.405135343040222362e-01,-2.224877025718978996e-01,-5.697053340317980163e-01
4.036999999999682842e+00,-4.402966407403687277e-01,-2.226544657254950765e-01,-5.682692412548662197e-01
4.037999999999683176e+00,-4.400791175274794687e-01,-2.228198962218584656e-01,-5.668421925905215986e-01
4.038999999999683510e+00,-4.398609660238327335e-01,-2.229839934732320006e-01,-5.654242646631788549e-01
4.039999999999683844e+00,-4.396421876188176814e-01,-2.231467570479163665e-01,-5.640155336206376102e-01
4.040999999999684178e+00,-4.394227837372097767e-01,-2.233081866726882303e-01,-5.626160751474352795e-01
4.041999999999684512e+00,-4.392027558440479984e-01,-2.234682822353274978e-01,-5.612259644810091430e-01
4.042999999999684846e+00,-4.389821054499001840e-01,-2.236270437873081607e-01,-5.598452764302666029e-01
4.043999999999685180e+00,-4.387608341164992987e-01,-2.237844715466975054e-01,-5.584740853961718265e-01
4.044999999999685514e+00,-4.385389434627277594e-01,-2.239405659012970451e-01,-5.571124653939695248e-01
4.045999999999685848e+00,-4.383164351709183393e-01,-2.240953274120419947e-01,-5.557604900766781597e-01
4.046999999999686182e+00,-4.380933109934284087e-01,-2.242487568166594281e-01,-5.544182327594951998e-01
4.047999999999686516e+00,-4.378695727594275056e-01,-2.244008550335624963e-01,-5.530857664447564881e-01
4.048999999999686850e+00,-4.376452223818182441e-01,-2.245516231659352713e-01,-5.517631638470833488e-01
4.049999999999687184e+00,-4.374202618641856999e-01,-2.247010625059337185e-01,-5.504504974183284105e-01
4.050999999999687518e+00,-4.371946933076389930e-01,-2.248491745388973284e-01,-5.491478393718974838e-01
4.051999999999687851e+00,-4.369685189173758699e-01,-2.249959609474308786e-01,-5.478552617059763152e-01
4.052999999999688185e+00,-4.367417410087618967e-01,-2.251414236151786652e-01,-5.465728362251305317e-01
4.053999999999688519e+00,-4.365143620126771262e-01,-2.252855646300736536e-01,-5.453006345596820292e-01
4.054999999999688853e+00,-4.362863844798436364e-01,-2.254283862868067811e-01,-5.440387281821950083e-01
4.055999999999689187e+00,-4.360578110838129740e-01,-2.255698910882268649e-01,-5.427871884203400166e-01
4.056999999999689521e+00,-4.358286446222667254e-01,-2.257100817453545627e-01,-5.415460864653616202e-01
4.057999999999689855e+00,-4.355988880162723897e-01,-2.258489611756811510e-01,-5.403154933753548939e-01
4.058999999999690189e+00,-4.353685443071453887e-01,-2.259865324994272950e-01,-5.390954800725853424e-01
4.059999999999690523e+00,-4.351376166506040200e-01,-2.261227990334672977e-01,-5.378861173341712432e-01
4.060999999999690857e+00,-4.349061083079688306e-01,-2.262577642826815727e-01,-5.366874757755986103e-01
4.061999999999691191e+00,-4.346740226342580837e-01,-2.263914319285919852e-01,-5.354996258267705755e-01
4.062999999999691525e+00,-4.344413630631591139e-01,-2.265238058152548861e-01,-5.343226377005904082e-01
4.063999999999691859e+00,-4.342081330890132373e-01,-2.266548899325360189e-01,-5.331565813544391075e-01
4.064999999999692193e+00,-4.339743362461198628e-01,-2.267846883970554561e-01,-5.320015264453040738e-01
4.065999999999692527e+00,-4.337399760858373088e-01,-2.269132054312582580e-01,-5.308575422797106036e-01
4.066999999999692861e+00,-4.335050561521096024e-01,-2.270404453412214196e-01,-5.297246977599666673e-01
4.067999999999693195e+00,-4.332695799561640526e-01,-2.271664124939266616e-01,-5.286030613285030988e-01
4.068999999999693529e+00,-4.330335509511914482e-01,-2.272911112948059476e-01,-5.274927009122529764e-01
4.069999999999693863e+00,-4.327969725078273933e-01,-2.274145461663804879e-01,-5.263936838690297382e-01
4.070999999999694197e+00,-4.325598478911980016e-01,-2.275367215287722178e-01,-5.253060769377411177e-01
4.071999999999694531e+00,-4.323221802406068681e-01,-2.276576417831577270e-01,-5.242299461953616735e-01
4.072999999999694865e+00,-4.320839725531988584e-01,-2.277773112994753713e-01,-5.231653570279619636e-01
4.073999999999695198e+00,-4.318452276701401638e-01,-2.278957344070856039e-01,-5.221123741063943280e-01
4.074999999999695532e+00,-4.316059482652314649e-01,-2.280129153883508342e-01,-5.210710613638824817e-01
4.075999999999695866e+00,-4.313661368360491855e-01,-2.281288584752508286e-01,-5.200414819811552958e-01
4.076999999999696200e+00,-4.311257956982704198e-01,-2.282435678496538278e-01,-5.190236983790510461e-01
4.077999999999696534e+00,-4.308849269827171313e-01,-2.283570476468093913e-01,-5.180177722179489797e-01
4.078999999999696868e+00,-4.306435326347589077e-01,-2.284693019617096421e-01,-5.170237644031940860e-01
4.079999999999697202e+00,-4.304016144156708745e-01,-2.285803348579145966e-01,-5.160417350955749383e-01
4.080999999999697536e+00,-4.301591739055304342e-01,-2.286901503784171674e-01,-5.150717437258768294e-01
4.081999999999697870e+00,-4.299162125072501506e-01,-2.287987525581293702e-01,-5.141138490125570781e-01
4.082999999999698204e+00,-4.296727314513755225e-01,-2.289061454375959648e-01,-5.131681089816513275e-01
4.083999999999698538e+00,-4.294287318013170207e-01,-2.290123330775798438e-01,-5.122345809881144740e-01
4.084999999999698872e+00,-4.291842144587399988e-01,-2.291173195742062796e-01,-5.113133217379045581e-01
4.085999999999699206e+00,-4.289391801688828831e-01,-2.292211090744002699e-01,-5.104043873102291906e-01
4.086999999999699540e+00,-4.286936295256316698e-01,-2.293237057913943278e-01,-5.095078331794814508e-01
4.087999999999699874e+00,-4.284475629762249937e-01,-2.294251140201228889e-01,-5.086237142364902208e-01
4.088999999999700208e+00,-4.282009808255155536e-01,-2.295253381523528480e-01,-5.077520848088017402e-01
4.089999999999700542e+00,-4.279538832397569159e-01,-2.296243826914219355e-01,-5.068929986797872100e-01
4.090999999999700876e+00,-4.277062702499319080e-01,-2.297222522664735811e-01,-5.060465091064465515e-01
4.091999999999701210e+00,-4.274581417546829964e-01,-2.298189516460799886e-01,-5.052126688358479223e-01
4.092999999999701544e+00,-4.272094975229560054e-01,-2.299144857511383200e-01,-5.043915301202236412e-01
4.093999999999701878e+00,-4.269603371965218219e-01,-2.300088596669067897e-01,-5.035831447308359854e-01
4.094999999999702212e+00,-4.267106602926117875e-01,-2.301020786540106111e-01,-5.027875639708622169e-01
4.095999999999702545e+00,-4.264604662069846341e-01,-2.301941481581950555e-01,-5.020048386877423718e-01
4.096999999999702879e+00,-4.262097542178592269e-01,-2.302850738185242552e-01,-5.012350192857395470e-01
4.097999999999703213e+00,-4.259585234913028651e-01,-2.303748614736131350e-01,-5.004781557399424763e-01
4.098999999999703547e+00,-4.257067730888863255e-01,-2.304635171653204861e-01,-4.997342976137065795e-01
4.099999999999703881e+00,-4.254545019787422944e-01,-2.305510471391036820e-01,-4.990034940827687837e-01
4.100999999999704215e+00,-4.252017090516473363e-01,-2.306374578398997510e-01,-4.982857939712835860e-01
4.101999999999704549e+00,-4.249483931444988372e-01,-2.307227559018960594e-01,-4.975812458083340717e-01
4.102999999999704883e+00,-4.246945530747305297e-01,-2.308069481297820857e-01,-4.968898979189553256e-01
4.103999999999705217e+00,-4.244401876910953164e-01,-2.308900414678662916e-01,-4.962117985728488057e-01
4.104999999999705551e+00,-4.241852959492669606e-01,-2.309720429515369489e-01,-4.955469962291519925e-01
4.105999999999705885e+00,-4.239298770254693594e-01,-2.310529596325824331e-01,-4.948955399401385180e-01
4.106999999999706219e+00,-4.236739304882281010e-01,-2.311327984655980328e-01,-4.942574800128229362e-01
4.107999999999706553e+00,-4.234174565558196379e-01,-2.312115661378268405e-01,-4.936328690663641106e-01
4.108999999999706887e+00,-4.231604564656387124e-01,-2.312892688242032535e-01,-4.930217636093055522e-01
4.109999999999707221e+00,-4.229029329407157922e-01,-2.313659118692713013e-01,-4.924242260058581122e-01
4.110999999999707555e+00,-4.226448906044559806e-01,-2.314414994671150638e-01,-4.918403258546205636e-01
4.111999999999707889e+00,-4.223863360009405543e-01,-2.315160345182863122e-01,-4.912701385291089462e-01
4.112999999999708223e+00,-4.221272769455310936e-01,-2.315895188343238265e-01,-4.907137391527951475e-01
4.113999999999708557e+00,-4.218677214620695781e-01,-2.316619536171752314e-01,-4.901711944948922151e-01
4.114999999999708891e+00,-4.216076769432685056e-01,-2.317333399308322550e-01,-4.896425580618213313e-01
4.115999999999709225e+00,-4.213471498942139570e-01,-2.318036789649702556e-01,-4.891278702096840125e-01
4.116999999999709559e+00,-4.210861460995822259e-01,-2.318729721129794696e-01,-4.886271610238814289e-01
4.117999999999709893e+00,-4.208246708951608461e-01,-2.319412209786257395e-01,-4.881404535285776003e-01
4.118999999999710226e+00,-4.205627293838316572e-01,-2.320084273772257122e-01,-4.876677662254798040e-01
4.119999999999710560e+00,-4.203003265738870509e-01,-2.320745933458853716e-01,-4.872091148661215065e-01
4.120999999999710894e+00,-4.200374674588093771e-01,-2.321397211601567978e-01,-4.867645136331519851e-01
4.121999999999711228e+00,-4.197741570588293669e-01,-2.322038133524608750e-01,-4.863339759159884257e-01
4.122999999999711562e+00,-4.195104004384163643e-01,-2.322668727288014767e-01,-4.859175148166191560e-01
4.123999999999711896e+00,-4.192462027086069076e-01,-2.323289023815499621e-01,-4.855151434750448192e-01
4.124999999999712230e+00,-4.189815690196410092e-01,-2.323899056969844223e-01,-4.851268752716760280e-01
4.125999999999712564e+00,-4.187165045472874825e-01,-2.324498863569204044e-01,-4.847527239436423274e-01
4.126999999999712898e+00,-4.184510144750206995e-01,-2.325088483342625800e-01,-4.843927036394744534e-01
4.127999999999713232e+00,-4.181851039735251518e-01,-2.325667958827125070e-01,-4.840468289289969750e-01
4.128999999999713566e+00,-4.179187781786444233e-01,-2.326237335212033297e-01,-4.837151147805572315e-01
4.129999999999713900e+00,-4.176520421687130447e-01,-2.326796660139088258e-01,-4.833975765147258130e-01
4.130999999999714234e+00,-4.173849009421324308e-01,-2.327345983468772084e-01,-4.830942297416159215e-01
4.131999999999714568e+00,-4.171173593959991988e-01,-2.327885357024654378e-01,-4.828050902875556938e-01
4.132999999999714902e+00,-4.168494223065383752e-01,-2.328414834327828808e-01,-4.825301741157594360e-01
4.133999999999715236e+00,-4.165810943119961918e-01,-2.328934470333016704e-01,-4.822694972447394424e-01
4.134999999999715570e+00,-4.163123798985150503e-01,-2.329444321176598054e-01,-4.820230756674058203e-01
4.135999999999715904e+00,-4.160432833893430993e-01,-2.329944443944904631e-01,-4.817909252730878111e-01
4.136999999999716238e+00,-4.157738089375421220e-01,-2.330434896468843720e-01,-4.815730617740692221e-01
4.137999999999716572e+00,-4.155039605221744203e-01,-2.330915737148548383e-01,-4.813695006376694785e-01
4.138999999999716906e+00,-4.152337419477781788e-01,-2.331387024809494779e-01,-4.811802570244270161e-01
4.139999999999717240e+00,-4.149631568468125642e-01,-2.331848818589610239e-01,-4.810053457325609294e-01
4.140999999999717573e+00,-4.146922086846594468e-01,-2.332301177855378715e-01,-4.808447811485963563e-01
4.141999999999717907e+00,-4.144209007667178923e-01,-2.332744162143905453e-01,-4.806985772038365190e-01
4.142999999999718241e+00,-4.141492362471205224e-01,-2.333177831127284385e-01,-4.805667473362358888e-01
4.143999999999718575e+00,-4.138772181386133342e-01,-2.333602244595373854e-01,-4.804493044571606641e-01
4.144999999999718909e+00,-4.136048493231875844e-01,-2.334017462453148450e-01,-4.803462609225043201e-01
4.145999999999719243e+00,-4.133321325631015841e-01,-2.334423544729037903e-01,-4.802576285076372575e-01
4.146999999999719577e+00,-4.130590705119936423e-01,-2.334820551591079985e-01,-4.801834183857049965e-01
4.147999999999719911e+00,-4.127856657258465178e-01,-2.335208543368138823e-01,-4.801236411088362077e-01
4.148999999999720245e+00,-4.125119206736196364e-01,-2.335587580573932343e-01,-4.800783065918729497e-01
4.149999999999720579e+00,-4.122378377474180677e-01,-2.335957723932040042e-01,-4.800474240982882113e-01
4.150999999999720913e+00,-4.119634192721073895e-01,-2.336319034400486105e-01,-4.800310022280044886e-01
4.151999999999721247e+00,-4.116886675143228702e-01,-2.336671573194828155e-01,-4.800290489068722022e-01
4.152999999999721581e+00,-4.114135846881041836e-01,-2.337015401776748602e-01,-4.800415713544471941e-01
4.153999999999721915e+00,-4.111381729567809007e-01,-2.337350581803098459e-01,-4.800685759864464219e-01
4.154999999999722249e+00,-4.108624344355772395e-01,-2.337677175087407577e-01,-4.801100683666036373e-01
4.155999999999722583e+00,-4.105863711976632802e-01,-2.337995243605577866e-01,-4.801660532030258000e-01
4.156999999999722917e+00,-4.103099852807299275e-01,-2.338304849511214645e-01,-4.802365343459849001e-01
4.157999999999723251e+00,-4.100332786928566620e-01,-2.338606055145269202e-01,-4.803215147874064228e-01
4.158999999999723585e+00,-4.097562534196810269e-01,-2.338898923060895585e-01,-4.804209966693077649e-01
4.159999999999723919e+00,-4.094789114304969724e-01,-2.339183516039144983e-01,-4.805349812929112230e-01
4.160999999999724253e+00,-4.092012546833598829e-01,-2.339459897096096141e-01,-4.806634691202349430e-01
4.161999999999724587e+00,-4.089232851285670711e-01,-2.339728129474745733e-01,-4.808064597755227765e-01
4.162999999999724920e+00,-4.086450047120891438e-01,-2.339988276637562370e-01,-4.809639520472970831e-01
4.163999999999725254e+00,-4.083664153786980555e-01,-2.340240402256991425e-01,-4.811359438909957320e-01
4.164999999999725588e+00,-4.080875190748213810e-01,-2.340484570204122983e-01,-4.813224324321562220e-01
4.165999999999725922e+00,-4.078083177511520052e-01,-2.340720844535749134e-01,-4.815234139701137783e-01
4.166999999999726256e+00,-4.075288133650387112e-01,-2.340949289480009354e-01,-4.817388839821807878e-01
4.167999999999726590e+00,-4.072490078826810911e-01,-2.341169969420822117e-01,-4.819688371282775385e-01
4.168999999999726924e+00,-4.069689032811493190e-01,-2.341382948881295389e-01,-4.822132672559850675e-01
4.169999999999727258e+00,-4.066885015502478273e-01,-2.341588292506276980e-01,-4.824721674059915255e-01
4.170999999999727592e+00,-4.064078046942392608e-01,-2.341786065044217380e-01,-4.827455298179049725e-01
4.171999999999727926e+00,-4.061268147334438083e-01,-2.341976331328489425e-01,-4.830333459364056226e-01
4.172999999999728260e+00,-4.058455337057267354e-01,-2.342159156258304398e-01,-4.833356064177115607e-01
4.173999999999728594e+00,-4.055639636678859961e-01,-2.342334604779348073e-01,-4.836523011363317859e-01
4.174999999999728928e+00,-4.052821066969510277e-01,-2.342502741864257998e-01,-4.839834191920820983e-01
4.175999999999729262e+00,-4.049999648914003325e-01,-2.342663632493043879e-01,-4.843289489173385198e-01
4.176999999999729596e+00,-4.047175403723083376e-01,-2.342817341633548489e-01,-4.846888778845040990e-01
4.177999999999729930e+00,-4.044348352844276406e-01,-2.342963934222034306e-01,-4.850631929136656195e-01
4.178999999999730264e+00,-4.041518517972138569e-01,-2.343103475143978320e-01,-4.854518800804163425e-01
4.179999999999730598e+00,-4.038685921057997841e-01,-2.343236029215145233e-01,-4.858549247238222457e-01
4.180999999999730932e+00,-4.035850584319243817e-01,-2.343361661162996490e-01,-4.862723114545090541e-01
4.181999999999731266e+00,-4.033012530248220040e-01,-2.343480435608505386e-01,-4.867040241628486363e-01
4.182999999999731600e+00,-4.030171781620777716e-01,-2.343592417048415422e-01,-4.871500460272226718e-01
4.183999999999731934e+00,-4.027328361504534660e-01,-2.343697669838000763e-01,-4.876103595223433840e-01
4.184999999999732267e+00,-4.024482293266895550e-01,-2.343796258174362934e-01,-4.880849464276105221e-01
4.185999999999732601e+00,-4.021633600582883439e-01,-2.343888246080303439e-01,-4.885737878354851627e-01
4.186999999999732935e+00,-4.018782307442828605e-01,-2.343973697388808120e-01,-4.890768641598608468e-01
4.187999999999733269e+00,-4.015928438159973579e-01,-2.344052675728173218e-01,-4.895941551444134565e-01
4.188999999999733603e+00,-4.013072017378042089e-01,-2.344125244507803130e-01,-4.901256398709115114e-01
4.189999999999733937e+00,-4.010213070078835207e-01,-2.344191466904703702e-01,-4.906712967674699000e-01
4.190999999999734271e+00,-4.007351621589901880e-01,-2.344251405850704406e-01,-4.912311036167290590e-01
4.191999999999734605e+00,-4.004487697592353790e-01,-2.344305124020426567e-01,-4.918050375639436700e-01
4.192999999999734939e+00,-4.001621324128890600e-01,-2.344352683820027095e-01,-4.923930751249646631e-01
4.193999999999735273e+00,-3.998752527612091656e-01,-2.344394147376744897e-01,-4.929951921940988746e-01
4.194999999999735607e+00,-3.995881334833059073e-01,-2.344429576529268588e-01,-4.936113640518312029e-01
4.195999999999735941e+00,-3.993007772970475489e-01,-2.344459032818961841e-01,-4.942415653723945534e-01
4.196999999999736275e+00,-3.990131869600168635e-01,-2.344482577481966090e-01,-4.948857702311731943e-01
4.197999999999736609e+00,-3.987253652705246010e-01,-2.344500271442219730e-01,-4.955439521119257562e-01
4.198999999999736943e+00,-3.984373150686905674e-01,-2.344512175305416002e-01,-4.962160839138141655e-01
4.199999999999737277e+00,-3.981490392375993670e-01,-2.344518349353941211e-01,-4.969021379582255760e-01
4.200999999999737611e+00,-3.978605407045408549e-01,-2.344518853542827408e-01,-4.976020859953739217e-01
4.201999999999737945e+00,-3.975718224423437364e-01,-2.344513747496753120e-01,-4.983158992106697660e-01
4.202999999999738279e+00,-3.972828874708116964e-01,-2.344503090508133769e-01,-4.990435482308452908e-01
4.203999999999738613e+00,-3.969937388582701066e-01,-2.344486941536339519e-01,-4.997850031298244344e-01
4.204999999999738947e+00,-3.967043797232323588e-01,-2.344465359208073307e-01,-5.005402334343264092e-01
4.205999999999739281e+00,-3.964148132361922650e-01,-2.344438401818949580e-01,-5.013092081291935509e-01
4.206999999999739615e+00,-3.961250426215486842e-01,-2.344406127336289836e-01,-5.020918956624347285e-01
4.207999999999739948e+00,-3.958350711596669291e-01,-2.344368593403162726e-01,-5.028882639499769880e-01
4.208999999999740282e+00,-3.955449021890791172e-01,-2.344325857343666497e-01,-5.036982803801204334e-01
4.209999999999740616e+00,-3.952545391088203575e-01,-2.344277976169437117e-01,-5.045219118176925699e-01
4.210999999999740950e+00,-3.949639853808981083e-01,-2.344225006587347671e-01,-5.053591246079032206e-01
4.211999999999741284e+00,-3.946732445328821615e-01,-2.344167005008313542e-01,-5.062098845799025693e-01
4.212999999999741618e+00,-3.943823201605999307e-01,-2.344104027557093739e-01,-5.070741570500515438e-01
4.213999999999741952e+00,-3.940912159309129525e-01,-2.344036130082911007e-01,-5.079519068249177538e-01
4.214999999999742286e+00,-3.937999355845417937e-01,-2.343963368170654538e-01,-5.088430982040176298e-01
4.215999999999742620e+00,-3.935084829388967309e-01,-2.343885797152348016e-01,-5.097476949823334103e-01
4.216999999999742954e+00,-3.932168618908609692e-01,-2.343803472118481668e-01,-5.106656604526417231e-01
4.217999999999743288e+00,-3.929250764194591183e-01,-2.343716447928694269e-01,-5.115969574077018356e-01
4.218999999999743622e+00,-3.926331305883332679e-01,-2.343624779221196719e-01,-5.125415481423607478e-01
4.219999999999743956e+00,-3.923410285479342896e-01,-2.343528520420203320e-01,-5.134993944556447421e-01
4.220999999999744290e+00,-3.920487745373251731e-01,-2.343427725740535594e-01,-5.144704576529174345e-01
4.221999999999744624e+00,-3.917563728854843164e-01,-2.343322449188462442e-01,-5.154546985481934795e-01
4.222999999999744958e+00,-3.914638280119892011e-01,-2.343212744557776617e-01,-5.164520774667056280e-01
4.223999999999745292e+00,-3.911711444269624915e-01,-2.343098665420074722e-01,-5.174625542478242801e-01
4.224999999999745626e+00,-3.908783267301660369e-01,-2.342980265108236537e-01,-5.184860882484306766e-01
4.225999999999745960e+00,-3.905853796091456887e-01,-2.342857596692198285e-01,-5.195226383468324327e-01
4.226999999999746294e+00,-3.902923078363511600e-01,-2.342730712946298477e-01,-5.205721629472997991e-01
4.227999999999746628e+00,-3.899991162651892385e-01,-2.342599666307746131e-01,-5.216346199852731624e-01
4.228999999999746962e+00,-3.897058098250102964e-01,-2.342464508826125891e-01,-5.227099669332635479e-01
4.229999999999747295e+00,-3.894123935150756166e-01,-2.342325292104274759e-01,-5.237981608074281370e-01
4.230999999999747629e+00,-3.891188723976057307e-01,-2.342182067231360909e-01,-5.248991581747616264e-01
4.231999999999747963e+00,-3.888252515900590955e-01,-2.342034884709464637e-01,-5.260129151607995102e-01
4.232999999999748297e+00,-3.885315362568362296e-01,-2.341883794375433925e-01,-5.271393874576878469e-01
4.233999999999748631e+00,-3.882377316006390688e-01,-2.341728845320137364e-01,-5.282785303324409876e-01
4.234999999999748965e+00,-3.879438428537347328e-01,-2.341570085807502533e-01,-5.294302986351840934e-01
4.235999999999749299e+00,-3.876498752693781080e-01,-2.341407563195814223e-01,-5.305946468071661704e-01
4.236999999999749633e+00,-3.873558341136335570e-01,-2.341241323863673396e-01,-5.317715288883334557e-01
4.237999999999749967e+00,-3.870617246579462489e-01,-2.341071413144449054e-01,-5.329608985246870878e-01
4.238999999999750301e+00,-3.867675521745582157e-01,-2.340897875294154495e-01,-5.341627089832040598e-01
4.239999999999750635e+00,-3.864733219323864266e-01,-2.340720753464228254e-01,-5.353769131694906536e-01
4.240999999999750969e+00,-3.861790391935068234e-01,-2.340540089680884783e-01,-5.366034636337555508e-01
4.241999999999751303e+00,-3.858847092088095176e-01,-2.340355924813824484e-01,-5.378423125738351906e-01
4.242999999999751637e+00,-3.855903372149627750e-01,-2.340168298559956450e-01,-5.390934118371878414e-01
4.243999999999751971e+00,-3.852959284323099198e-01,-2.339977249437826534e-01,-5.403567129218929121e-01
4.244999999999752305e+00,-3.850014880636013492e-01,-2.339782814791747656e-01,-5.416321669767167890e-01
4.245999999999752639e+00,-3.847070212934565192e-01,-2.339585030804538501e-01,-5.429197248003309051e-01
4.246999999999752973e+00,-3.844125332884439916e-01,-2.339383932517675180e-01,-5.442193368397786335e-01
4.247999999999753307e+00,-3.841180291976650230e-01,-2.339179553857582694e-01,-5.455309531882950314e-01
4.248999999999753641e+00,-3.838235141537297834e-01,-2.338971927666821937e-01,-5.468545235825844619e-01
4.249999999999753975e+00,-3.835289932740256758e-01,-2.338761085738995660e-01,-5.481899973996574582e-01
4.250999999999754309e+00,-3.832344716621860492e-01,-2.338547058856284555e-01,-5.495373236533208638e-01
4.251999999999754642e+00,-3.829399544096815933e-01,-2.338329876828662002e-01,-5.508964509904076268e-01
4.252999999999754976e+00,-3.826454465974689079e-01,-2.338109568533959515e-01,-5.522673276868214076e-01
4.253999999999755310e+00,-3.823509532976424596e-01,-2.337886161958087627e-01,-5.536499016434629494e-01
4.254999999999755644e+00,-3.820564795750489018e-01,-2.337659684234843216e-01,-5.550441203820924985e-01
4.255999999999755978e+00,-3.817620304888308391e-01,-2.337430161684856955e-01,-5.564499310411770150e-01
4.256999999999756312e+00,-3.814676110938782227e-01,-2.337197619853325636e-01,-5.578672803717582562e-01
4.257999999999756646e+00,-3.811732264421703875e-01,-2.336962083546276769e-01,-5.592961147333740390e-01
4.258999999999756980e+00,-3.808788815840002950e-01,-2.336723576865184504e-01,-5.607363800900565520e-01
4.259999999999757314e+00,-3.805845815690754308e-01,-2.336482123239814745e-01,-5.621880220064263689e-01
4.260999999999757648e+00,-3.802903314474949115e-01,-2.336237745459245896e-01,-5.636509856438958188e-01
4.261999999999757982e+00,-3.799961362706039680e-01,-2.335990465701029972e-01,-5.651252157569932599e-01
4.262999999999758316e+00,-3.797020010917318000e-01,-2.335740305558515195e-01,-5.666106566898143626e-01
4.263999999999758650e+00,-3.794079309668156874e-01,-2.335487286066362522e-01,-5.681072523726053980e-01
4.264999999999758984e+00,-3.791139309549208525e-01,-2.335231427724310249e-01,-5.696149463184807527e-01
4.265999999999759318e+00,-3.788200061186614009e-01,-2.334972750519256901e-01,-5.711336816202770006e-01
4.266999999999759652e+00,-3.785261615245310574e-01,-2.334711273945743182e-01,-5.726634009475417564e-01
4.267999999999759986e+00,-3.782324022431504673e-01,-2.334447017024911530e-01,-5.742040465436570873e-01
4.268999999999760320e+00,-3.779387333494394485e-01,-2.334179998322035154e-01,-5.757555602230960412e-01
4.269999999999760654e+00,-3.776451599227206857e-01,-2.333910235962706192e-01,-5.773178833688097367e-01
4.270999999999760988e+00,-3.773516870467626960e-01,-2.333637747647765992e-01,-5.788909569297419067e-01
4.271999999999761322e+00,-3.770583198097672839e-01,-2.333362550667068547e-01,-5.804747214184692305e-01
4.272999999999761656e+00,-3.767650633043090336e-01,-2.333084661912158686e-01,-5.820691169089641237e-01
4.273999999999761989e+00,-3.764719226272313368e-01,-2.332804097887946071e-01,-5.836740830344764319e-01
4.274999999999762323e+00,-3.761789028795043954e-01,-2.332520874723452708e-01,-5.852895589855325875e-01
4.275999999999762657e+00,-3.758860091660506386e-01,-2.332235008181704761e-01,-5.869154835080478971e-01
4.276999999999762991e+00,-3.755932465955403310e-01,-2.331946513668839982e-01,-5.885517949015498518e-01
4.277999999999763325e+00,-3.753006202801630886e-01,-2.331655406242494344e-01,-5.901984310175103499e-01
4.278999999999763659e+00,-3.750081353353768576e-01,-2.331361700619528909e-01,-5.918553292577832803e-01
4.279999999999763993e+00,-3.747157968796391847e-01,-2.331065411183154967e-01,-5.935224265731455784e-01
4.280999999999764327e+00,-3.744236100341219453e-01,-2.330766551989509328e-01,-5.951996594619395342e-01
4.281999999999764661e+00,-3.741315799224135819e-01,-2.330465136773728629e-01,-5.968869639688140216e-01
4.282999999999764995e+00,-3.738397116702094625e-01,-2.330161178955572066e-01,-5.985842756835626499e-01
4.283999999999765329e+00,-3.735480104049933581e-01,-2.329854691644631381e-01,-6.002915297400570616e-01
4.284999999999765663e+00,-3.732564812557111478e-01,-2.329545687645168117e-01,-6.020086608152734886e-01
4.285999999999765997e+00,-3.729651293524384736e-01,-2.329234179460620002e-01,-6.037356031284109026e-01
4.286999999999766331e+00,-3.726739598260430109e-01,-2.328920179297801762e-01,-6.054722904400992034e-01
4.287999999999766665e+00,-3.723829778078431851e-01,-2.328603699070839750e-01,-6.072186560516963372e-01
4.288999999999766999e+00,-3.720921884292640036e-01,-2.328284750404864267e-01,-6.089746328046722335e-01
4.289999999999767333e+00,-3.718015968214898881e-01,-2.327963344639488730e-01,-6.107401530800792289e-01
4.290999999999767667e+00,-3.715112081151168977e-01,-2.327639492832098145e-01,-6.125151487981070897e-01
4.291999999999768001e+00,-3.712210274398027310e-01,-2.327313205760973558e-01,-6.142995514177219674e-01
4.292999999999768335e+00,-3.709310599239171169e-01,-2.326984493928267173e-01,-6.160932919363882876e-01
4.293999999999768669e+00,-3.706413106941909286e-01,-2.326653367562853680e-01,-6.178963008898720188e-01
4.294999999999769003e+00,-3.703517848753656860e-01,-2.326319836623070847e-01,-6.197085083521255422e-01
4.295999999999769337e+00,-3.700624875898431143e-01,-2.325983910799368226e-01,-6.215298439352520132e-01
4.296999999999769670e+00,-3.697734239573347015e-01,-2.325645599516877327e-01,-6.233602367895496599e-01
4.297999999999770004e+00,-3.694845990945118674e-01,-2.325304911937915997e-01,-6.251996156036343510e-01
4.298999999999770338e+00,-3.691960181146560771e-01,-2.324961856964443407e-01,-6.270479086046401029e-01
4.299999999999770672e+00,-3.689076861273098973e-01,-2.324616443240473118e-01,-6.289050435584973009e-01
4.300999999999771006e+00,-3.686196082379278316e-01,-2.324268679154453676e-01,-6.307709477702868606e-01
4.301999999999771340e+00,-3.683317895475278214e-01,-2.323918572841632557e-01,-6.326455480846714385e-01
4.302999999999771674e+00,-3.680442351523429134e-01,-2.323566132186404287e-01,-6.345287708864012499e-01
4.303999999999772008e+00,-3.677569501434729826e-01,-2.323211364824657177e-01,-6.364205421008954922e-01
4.304999999999772342e+00,-3.674699396065367329e-01,-2.322854278146119500e-01,-6.383207871948977097e-01
4.305999999999772676e+00,-3.671832086213234203e-01,-2.322494879296718717e-01,-6.402294311772055435e-01
4.306999999999773010e+00,-3.668967622614450752e-01,-2.322133175180954301e-01,-6.421463985994735335e-01
4.307999999999773344e+00,-3.666106055939876707e-01,-2.321769172464289710e-01,-6.440716135570890843e-01
4.308999999999773678e+00,-3.663247436791625677e-01,-2.321402877575572399e-01,-6.460049996901207070e-01
4.309999999999774012e+00,-3.660391815699578499e-01,-2.321034296709482692e-01,-6.479464801843378696e-01
4.310999999999774346e+00,-3.657539243117883809e-01,-2.320663435829013466e-01,-6.498959777723027909e-01
4.311999999999774680e+00,-3.654689769421460288e-01,-2.320290300667992578e-01,-6.518534147345325103e-01
4.312999999999775014e+00,-3.651843444902493352e-01,-2.319914896733640264e-01,-6.538187129007319021e-01
4.313999999999775348e+00,-3.649000319766813050e-01,-2.319537229308998860e-01,-6.557917936510284651e-01
4.314999999999775682e+00,-3.646160444126798628e-01,-2.319157303449678464e-01,-6.577725779143662743e-01
4.315999999999776016e+00,-3.643323867994495702e-01,-2.318775123980989505e-01,-6.597609861645949980e-01
4.316999999999776350e+00,-3.640490641275145878e-01,-2.318390695495784470e-01,-6.617569384209474048e-01
4.317999999999776684e+00,-3.637660813764488354e-01,-2.318004022358532978e-01,-6.637603542498258236e-01
4.318999999999777017e+00,-3.634834435357291449e-01,-2.317615109029871889e-01,-6.657711528515583010e-01
4.319999999999777351e+00,-3.632011556337462754e-01,-2.317223960520641279e-01,-6.677892532805212999e-01
4.320999999999777685e+00,-3.629192227603649790e-01,-2.316830582752416046e-01,-6.698145745171072418e-01
4.321999999999778019e+00,-3.626376500643757050e-01,-2.316434982541119292e-01,-6.718470354679146883e-01
4.322999999999778353e+00,-3.623564427503884189e-01,-2.316037167571574629e-01,-6.738865549662399479e-01
4.323999999999778687e+00,-3.620756060770543017e-01,-2.315637146391968382e-01,-6.759330517728555643e-01
4.324999999999779021e+00,-3.617951453552873953e-01,-2.315234928408221871e-01,-6.779864445770618087e-01
4.325999999999779355e+00,-3.615150659464893557e-01,-2.314830523878267932e-01,-6.800466519979980751e-01
4.326999999999779689e+00,-3.612353732607780921e-01,-2.314423943906251946e-01,-6.821135925861993021e-01
4.327999999999780023e+00,-3.609560727552225678e-01,-2.314015200436644604e-01,-6.841871848253842092e-01
4.328999999999780357e+00,-3.606771699320855395e-01,-2.313604306248288611e-01,-6.862673471344615805e-01
4.329999999999780691e+00,-3.603986703370760658e-01,-2.313191274948371845e-01,-6.883539978697401640e-01
4.330999999999781025e+00,-3.601205795576133406e-01,-2.312776120966341109e-01,-6.904470553273287514e-01
4.331999999999781359e+00,-3.598429032211037382e-01,-2.312358859547757606e-01,-6.925464377457124510e-01
4.332999999999781693e+00,-3.595656469932336785e-01,-2.311939506748103001e-01,-6.946520633084912744e-01
4.333999999999782027e+00,-3.592888165762791464e-01,-2.311518079426541084e-01,-6.967638501472670498e-01
4.334999999999782361e+00,-3.590124177074339173e-01,-2.311094595239645000e-01,-6.988817163446644498e-01
4.335999999999782695e+00,-3.587364561571591559e-01,-2.310669072635089805e-01,-7.010055799374732555e-01
4.336999999999783029e+00,-3.584609377275558284e-01,-2.310241530845330016e-01,-7.031353589198964249e-01
4.337999999999783363e+00,-3.581858682507612635e-01,-2.309811989881255245e-01,-7.052709712468909764e-01
4.338999999999783697e+00,-3.579112535873733569e-01,-2.309380470525844720e-01,-7.074123348375872533e-01
4.339999999999784031e+00,-3.576370996249029210e-01,-2.308946994327824298e-01,-7.095593675787722487e-01
4.340999999999784364e+00,-3.573634122762572307e-01,-2.308511583595330152e-01,-7.117119873284231124e-01
4.341999999999784698e+00,-3.570901974782565991e-01,-2.308074261389598814e-01,-7.138701119192760736e-01
4.342999999999785032e+00,-3.568174611901861470e-01,-2.307635051518686087e-01,-7.160336591624165692e-01
4.343999999999785366e+00,-3.565452093923852650e-01,-2.307193978531228429e-01,-7.182025468508753674e-01
4.344999999999785700e+00,-3.562734480848765983e-01,-2.306751067710255398e-01,-7.203766927632164752e-01
4.345999999999786034e+00,-3.560021832860377766e-01,-2.306306345067074548e-01,-7.225560146671009543e-01
4.346999999999786368e+00,-3.557314210313176073e-01,-2.305859837335224594e-01,-7.247404303228112132e-01
4.347999999999786702e+00,-3.554611673719998977e-01,-2.305411571964534057e-01,-7.269298574867210094e-01
4.348999999999787036e+00,-3.551914283740172373e-01,-2.304961577115277327e-01,-7.291242139146932866e-01
4.349999999999787370e+00,-3.549222101168183485e-01,-2.304509881652462011e-01,-7.313234173653904158e-01
4.350999999999787704e+00,-3.546535186922904481e-01,-2.304056515140257833e-01,-7.335273856034796314e-01
4.351999999999788038e+00,-3.543853602037416173e-01,-2.303601507836587348e-01,-7.357360364027152322e-01
4.352999999999788372e+00,-3.541177407649448994e-01,-2.303144890687899293e-01,-7.379492875488800063e-01
4.353999999999788706e+00,-3.538506664992486228e-01,-2.302686695324152322e-01,-7.401670568425665619e-01
4.354999999999789040e+00,-3.535841435387550580e-01,-2.302226954054025776e-01,-7.423892621017790239e-01
4.355999999999789374e+00,-3.533181780235732372e-01,-2.301765699860393033e-01,-7.446158211643343350e-01
4.356999999999789708e+00,-3.530527761011472698e-01,-2.301302966396085448e-01,-7.468466518900424012e-01
4.357999999999790042e+00,-3.527879439256663141e-01,-2.300838787979972988e-01,-7.490816721626420982e-01
4.358999999999790376e+00,-3.525236876575588152e-01,-2.300373199593409579e-01,-7.513207998914707142e-01
4.359999999999790710e+00,-3.522600134630761715e-01,-2.299906236877067300e-01,-7.535639530128427355e-01
4.360999999999791044e+00,-3.519969275139696596e-01,-2.299437936128213567e-01,-7.558110494911121080e-01
4.361999999999791378e+00,-3.517344359872648929e-01,-2.298968334298465144e-01,-7.580620073193938824e-01
4.362999999999791712e+00,-3.514725450651389194e-01,-2.298497468992076465e-01,-7.603167445199173757e-01
4.363999999999792045e+00,-3.512112609349035131e-01,-2.298025378464801927e-01,-7.625751791439843164e-01
4.364999999999792379e+00,-3.509505897890992654e-01,-2.297552101623395737e-01,-7.648372292715048815e-01
4.365999999999792713e+00,-3.506905378257046402e-01,-2.297077678025793435e-01,-7.671028130100838727e-01
4.366999999999793047e+00,-3.504311112484630453e-01,-2.296602147882039757e-01,-7.693718484936310498e-01
4.367999999999793381e+00,-3.501723162673321399e-01,-2.296125552056011432e-01,-7.716442538804695328e-01
4.368999999999793715e+00,-3.499141590990562101e-01,-2.295647932067990393e-01,-7.739199473509192906e-01
4.369999999999794049e+00,-3.496566459678648320e-01,-2.295169330098138505e-01,-7.761988471043356208e-01
4.370999999999794383e+00,-3.493997831062964909e-01,-2.294689788990908474e-01,-7.784808713555874116e-01
4.371999999999794717e+00,-3.491435767561477110e-01,-2.294209352260432322e-01,-7.807659383309650813e-01
4.372999999999795051e+00,-3.488880331695426440e-01,-2.293728064096889618e-01,-7.830539662635188636e-01
4.373999999999795385e+00,-3.486331586101177882e-01,-2.293245969373859938e-01,-7.853448733878366506e-01
4.374999999999795719e+00,-3.483789593543157315e-01,-2.292763113656615670e-01,-7.876385779342863769e-01
4.375999999999796053e+00,-3.481254416927715978e-01,-2.292279543211291071e-01,-7.899349981227636874e-01
4.376999999999796387e+00,-3.478726119317812060e-01,-2.291795305014799611e-01,-7.922340521560087279e-01
4.377999999999796721e+00,-3.476204763948266274e-01,-2.291310446765337794e-01,-7.945356582125786549e-01
4.378999999999797055e+00,-3.473690414241356050e-01,-2.290825016893221489e-01,-7.968397344395944382e-01
4.379999999999797389e+00,-3.471183133822430822e-01,-2.290339064571745853e-01,-7.991461989454121673e-01
4.380999999999797723e+00,-3.468682986535190915e-01,-2.289852639727650296e-01,-8.014549697924070459e-01
4.381999999999798057e+00,-3.466190036456177070e-01,-2.289365793050689435e-01,-8.037659649900973369e-01
4.382999999999798391e+00,-3.463704347908018732e-01,-2.288878576001701637e-01,-8.060791024888768197e-01
4.383999999999798725e+00,-3.461225985470890443e-01,-2.288391040818462674e-01,-8.083943001746605184e-01
4.384999999999799059e+00,-3.458755013991602345e-01,-2.287903240518535108e-01,-8.107114758647840924e-01
4.385999999999799392e+00,-3.456291498589777467e-01,-2.287415228898233288e-01,-8.130305473055198240e-01
4.386999999999799726e+00,-3.453835504660491829e-01,-2.286927060526800226e-01,-8.153514321715811253e-01
4.387999999999800060e+00,-3.451387097872885557e-01,-2.286438790734885429e-01,-8.176740480679787204e-01
4.388999999999800394e+00,-3.448946344164280919e-01,-2.285950475596482678e-01,-8.199983125345566837e-01
4.389999999999800728e+00,-3.446513309729448693e-01,-2.285462171903613338e-01,-8.223241430534744545e-01
4.390999999999801062e+00,-3.444088061004877410e-01,-2.284973937133247257e-01,-8.246514570598094673e-01
4.391999999999801396e+00,-3.441670664648017741e-01,-2.284485829406242285e-01,-8.269801719553350194e-01
4.392999999999801730e+00,-3.439261187511736262e-01,-2.283997907438415353e-01,-8.293102051253831153e-01
4.393999999999802064e+00,-3.436859696614394943e-01,-2.283510230484275538e-01,-8.316414739585451521e-01
4.394999999999802398e+00,-3.434466259106211394e-01,-2.283022858274336153e-01,-8.339738958687997750e-01
4.395999999999802732e+00,-3.432080942232671461e-01,-2.282535850947342015e-01,-8.363073883195085712e-01
4.396999999999803066e+00,-3.429703813295974513e-01,-2.282049268979075840e-01,-8.386418688485943740e-01
4.397999999999803400e+00,-3.427334939615470644e-01,-2.281563173109661391e-01,-8.409772550941345681e-01
4.398999999999803734e+00,-3.424974388488102317e-01,-2.281077624271416193e-01,-8.433134648195638183e-01
4.399999999999804068e+00,-3.422622227149794139e-01,-2.280592683519305774e-01,-8.456504159376979635e-01
4.400999999999804402e+00,-3.420278522738552374e-01,-2.280108411965918180e-01,-8.479880265328603173e-01
4.401999999999804736e+00,-3.417943342259954775e-01,-2.279624870722628538e-01,-8.503262148805000864e-01
4.402999999999805070e+00,-3.415616752555435953e-01,-2.279142120848284270e-01,-8.526648994638379442e-01
4.403999999999805404e+00,-3.413298820273630296e-01,-2.278660223306349097e-01,-8.550039989872322277e-01
4.404999999999805738e+00,-3.410989611844840175e-01,-2.278179238931023476e-01,-8.573434323861213180e-01
4.405999999999806072e+00,-3.408689193458502853e-01,-2.277699228402467746e-01,-8.596831188335510854e-01
4.406999999999806406e+00,-3.406397631043468488e-01,-2.277220252230904851e-01,-8.620229777434262886e-01
4.407999999999806739e+00,-3.404114990250752815e-01,-2.276742370749073041e-01,-8.643629287707316200e-01
4.408999999999807073e+00,-3.401841336438417018e-01,-2.276265644112292763e-01,-8.667028918090428080e-01
4.409999999999807407e+00,-3.399576734658185106e-01,-2.275790132305264002e-01,-8.690427869856955923e-01
4.410999999999807741e+00,-3.397321249643433516e-01,-2.275315895154616519e-01,-8.713825346550027051e-01
4.411999999999808075e+00,-3.395074945798199906e-01,-2.274842992346233772e-01,-8.737220553899069930e-01
4.412999999999808409e+00,-3.392837887186895829e-01,-2.274371483446385178e-01,-8.760612699724426022e-01
4.413999999999808743e+00,-3.390610137524471268e-01,-2.273901427925756336e-01,-8.784000993833475102e-01
4.414999999999809077e+00,-3.388391760166806765e-01,-2.273432885185569519e-01,-8.807384647911322695e-01
4.415999999999809411e+00,-3.386182818101171055e-01,-2.272965914585051705e-01,-8.830762875408726398e-01
4.416999999999809745e+00,-3.383983373936600980e-01,-2.272500575469641459e-01,-8.854134891429500387e-01
4.417999999999810079e+00,-3.381793489894133753e-01,-2.272036927199393708e-01,-8.877499912619257749e-01
4.418999999999810413e+00,-3.379613227796827157e-01,-2.271575029177163030e-01,-8.900857157056976110e-01
4.419999999999810747e+00,-3.377442649059528845e-01,-2.271114940876210464e-01,-8.924205844150551181e-01
4.420999999999811081e+00,-3.375281814678405823e-01,-2.270656721866970984e-01,-8.947545194537198654e-01
4.421999999999811415e+00,-3.373130785220208594e-01,-2.270200431842776534e-01,-8.970874429989335042e-01
4.422999999999811749e+00,-3.370989620811331022e-01,-2.269746130644390014e-01,-8.994192773326349366e-01
4.423999999999812083e+00,-3.368858381126647039e-01,-2.269293878283254462e-01,-9.017499448332505496e-01
4.424999999999812417e+00,-3.366737125378189699e-01,-2.268843734963398029e-01,-9.040793679681096151e-01
4.425999999999812751e+00,-3.364625912303690347e-01,-2.268395761101969221e-01,-9.064074692864840799e-01
4.426999999999813085e+00,-3.362524800155020088e-01,-2.267950017348401015e-01,-9.087341714132446402e-01
4.427999999999813419e+00,-3.360433846686560200e-01,-2.267506564602224106e-01,-9.110593970431192234e-01
4.428999999999813753e+00,-3.358353109143548121e-01,-2.267065464029562327e-01,-9.133830689355346699e-01
4.429999999999814086e+00,-3.356282644250420111e-01,-2.266626777078355470e-01,-9.157051099100207425e-01
4.430999999999814420e+00,-3.354222508199179442e-01,-2.266190565492364195e-01,-9.180254428421514845e-01
4.431999999999814754e+00,-3.352172756637827877e-01,-2.265756891324016420e-01,-9.203439906600009435e-01
4.432999999999815088e+00,-3.350133444658870419e-01,-2.265325816946156812e-01,-9.226606763410871714e-01
4.433999999999815422e+00,-3.348104626787916649e-01,-2.264897405062766822e-01,-9.249754229097814084e-01
4.434999999999815756e+00,-3.346086356972413078e-01,-2.264471718718719384e-01,-9.272881534351575805e-01
4.435999999999816090e+00,-3.344078688570485403e-01,-2.264048821308637938e-01,-9.295987910292605738e-01
4.436999999999816424e+00,-3.342081674339951736e-01,-2.263628776584922786e-01,-9.319072588457708584e-01
4.437999999999816758e+00,-3.340095366427474621e-01,-2.263211648665012787e-01,-9.342134800790466986e-01
4.438999999999817092e+00,-3.338119816357882907e-01,-2.262797502037947051e-01,-9.365173779635254103e-01
4.439999999999817426e+00,-3.336155075023667926e-01,-2.262386401570289363e-01,-9.388188757734667877e-01
4.440999999999817760e+00,-3.334201192674656200e-01,-2.261978412511478354e-01,-9.411178968230236030e-01
4.441999999999818094e+00,-3.332258218907862002e-01,-2.261573600498667513e-01,-9.434143644666274087e-01
4.442999999999818428e+00,-3.330326202657528656e-01,-2.261172031561112794e-01,-9.457082020996764316e-01
4.443999999999818762e+00,-3.328405192185357464e-01,-2.260773772124173298e-01,-9.479993331595177875e-01
4.444999999999819096e+00,-3.326495235070920931e-01,-2.260378889012985004e-01,-9.502876811267145785e-01
4.445999999999819430e+00,-3.324596378202274716e-01,-2.259987449455865827e-01,-9.525731695265932109e-01
4.446999999999819764e+00,-3.322708667766757218e-01,-2.259599521087524432e-01,-9.548557219310662703e-01
4.447999999999820098e+00,-3.320832149241990106e-01,-2.259215171952123069e-01,-9.571352619607287338e-01
4.448999999999820432e+00,-3.318966867387067587e-01,-2.258834470506274339e-01,-9.594117132872271858e-01
4.449999999999820766e+00,-3.317112866233953294e-01,-2.258457485622032967e-01,-9.616849996359033703e-01
4.450999999999821100e+00,-3.315270189079071450e-01,-2.258084286589952805e-01,-9.639550447887161866e-01
4.451999999999821434e+00,-3.313438878475110094e-01,-2.257714943122289264e-01,-9.662217725874471252e-01
4.452999999999821767e+00,-3.311618976223031918e-01,-2.257349525356419084e-01,-9.684851069371961385e-01
4.453999999999822101e+00,-3.309810523364306034e-01,-2.256988103858565964e-01,-9.707449718101788250e-01
4.454999999999822435e+00,-3.308013560173358458e-01,-2.256630749627907273e-01,-9.730012912498340327e-01
4.455999999999822769e+00,-3.306228126150263513e-01,-2.256277534101163718e-01,-9.752539893752572020e-01
4.456999999999823103e+00,-3.304454260013669487e-01,-2.255928529157748552e-01,-9.775029903859709934e-01
4.457999999999823437e+00,-3.302691999692723979e-01,-2.255583807122883422e-01,-9.797482185662228504e-01
4.458999999999823771e+00,-3.300941382314397377e-01,-2.255243440761022233e-01,-9.819895982840191051e-01
4.459999999999824105e+00,-3.299202444192900208e-01,-2.254907503273996805e-01,-9.842270539919363292e-01
4.460999999999824439e+00,-3.297475220821750597e-01,-2.254576068305070846e-01,-9.864605102331207576e-01
4.461999999999824773e+00,-3.295759746868835993e-01,-2.254249209949749644e-01,-9.886898916479858190e-01
4.462999999999825107e+00,-3.294056056171021929e-01,-2.253927002765943044e-01,-9.909151229812762640e-01
4.463999999999825441e+00,-3.292364181728960615e-01,-2.253609521784881164e-01,-9.931361290894584748e-01
4.464999999999825775e+00,-3.290684155702002789e-01,-2.253296842522531374e-01,-9.953528349483593551e-01
4.465999999999826109e+00,-3.289016009403054053e-01,-2.252989040991061342e-01,-9.975651656609169082e-01
4.466999999999826443e+00,-3.287359773293073717e-01,-2.252686193709608209e-01,-9.997730464648130200e-01
4.467999999999826777e+00,-3.285715476974752081e-01,-2.252388377713118728e-01,-1.001976402739616523e+00
4.468999999999827111e+00,-3.284083149184530148e-01,-2.252095670557351381e-01,-1.004175160012843238e+00
4.469999999999827445e+00,-3.282462812930275753e-01,-2.251808143645714355e-01,-1.006369242125976005e+00
4.470999999999827779e+00,-3.280854487068189940e-01,-2.251525864640652741e-01,-1.008558569206634781e+00
4.471999999999828113e+00,-3.279258185727069730e-01,-2.251248896755655982e-01,-1.010743062007168014e+00
4.472999999999828447e+00,-3.277673925951025691e-01,-2.250977309311993080e-01,-1.012922642680085250e+00
4.473999999999828781e+00,-3.276101725879130289e-01,-2.250711175037961587e-01,-1.015097234639782853e+00
4.474999999999829114e+00,-3.274541604553755647e-01,-2.250450569652362454e-01,-1.017266762433860938e+00
4.475999999999829448e+00,-3.272993581751192371e-01,-2.250195571452242027e-01,-1.019431151620909803e+00
4.476999999999829782e+00,-3.271457677833957689e-01,-2.249946260884475302e-01,-1.021590328650264778e+00
4.477999999999830116e+00,-3.269933913622609101e-01,-2.249702720071086182e-01,-1.023744220736819255e+00
4.478999999999830450e+00,-3.268422310280488796e-01,-2.249465032246015794e-01,-1.025892755720316352e+00
4.479999999999830784e+00,-3.266922889194336932e-01,-2.249233281056182698e-01,-1.028035861894764480e+00
4.480999999999831118e+00,-3.265435671815455354e-01,-2.249007549713878396e-01,-1.030173467795843623e+00
4.481999999999831452e+00,-3.263960679411657129e-01,-2.248787920101520954e-01,-1.032305501955187887e+00
4.482999999999831786e+00,-3.262497932703481984e-01,-2.248574472071635244e-01,-1.034431892670574005e+00
4.483999999999832120e+00,-3.261047451426486443e-01,-2.248367283171790465e-01,-1.036552567857107032e+00
4.484999999999832454e+00,-3.259609253913420268e-01,-2.248166428807819583e-01,-1.038667454999955497e+00
4.485999999999832788e+00,-3.258183356771373607e-01,-2.247971982642671118e-01,-1.040776481174380264e+00
4.486999999999833122e+00,-3.256769774664420858e-01,-2.247784017008101765e-01,-1.042879573089392942e+00
4.487999999999833456e+00,-3.255368520170195401e-01,-2.247602603227719376e-01,-1.044976657130164632e+00
4.488999999999833790e+00,-3.253979603677361609e-01,-2.247427811843091539e-01,-1.047067659390625405e+00
4.489999999999834124e+00,-3.252603033303181901e-01,-2.247259712762816608e-01,-1.049152505695173376e+00
4.490999999999834458e+00,-3.251238814819888967e-01,-2.247098375355336686e-01,-1.051231121610914920e+00
4.491999999999834792e+00,-3.249886951583955685e-01,-2.246943868502213615e-01,-1.053303432452449728e+00
4.492999999999835126e+00,-3.248547444465245126e-01,-2.246796260624889519e-01,-1.055369363281211781e+00
4.493999999999835460e+00,-3.247220291774659540e-01,-2.246655619695077100e-01,-1.057428838901168788e+00
4.494999999999835794e+00,-3.245905491503876528e-01,-2.246522015164686692e-01,-1.059481784444923136e+00
4.495999999999836128e+00,-3.244603044347695864e-01,-2.246395520311171290e-01,-1.061528127857113590e+00
4.496999999999836461e+00,-3.243312954098100942e-01,-2.246276212390621307e-01,-1.063567798485031801e+00
4.497999999999836795e+00,-3.242035223504702302e-01,-2.246164168945927186e-01,-1.065600725906757917e+00
4.498999999999837129e+00,-3.240769853879854612e-01,-2.246059467464144033e-01,-1.067626839936917094e+00
4.499999999999837463e+00,-3.239516845398204836e-01,-2.245962185585684834e-01,-1.069646070632318979e+00
4.500999999999837797e+00,-3.238276197111158439e-01,-2.245872401073038538e-01,-1.071658348297408692e+00
4.501999999999838131e+00,-3.237047906959865662e-01,-2.245790191780265010e-01,-1.073663603489515062e+00
4.502999999999838465e+00,-3.235831971786703454e-01,-2.245715635623420359e-01,-1.075661767023905036e+00
4.503999999999838799e+00,-3.234628387345278577e-01,-2.245648810552009489e-01,-1.077652769978670655e+00
4.504999999999839133e+00,-3.233437148309100673e-01,-2.245589794521498650e-01,-1.079636543699469931e+00
4.505999999999839467e+00,-3.232258248279046287e-01,-2.245538665466894901e-01,-1.081613019804146258e+00
4.506999999999839801e+00,-3.231091679789782622e-01,-2.245495501277364192e-01,-1.083582130187245696e+00
4.507999999999840135e+00,-3.229937434315286460e-01,-2.245460379771851145e-01,-1.085543807024447860e+00
4.508999999999840469e+00,-3.228795502273632545e-01,-2.245433378675656122e-01,-1.087497982776922667e+00
4.509999999999840803e+00,-3.227665873031159149e-01,-2.245414575597919904e-01,-1.089444590195620011e+00
4.510999999999841137e+00,-3.226548534906172883e-01,-2.245404048009971565e-01,-1.091383562325497270e+00
4.511999999999841471e+00,-3.225443475172277141e-01,-2.245401873224488476e-01,-1.093314832509685086e+00
4.512999999999841805e+00,-3.224350680061468521e-01,-2.245408128375434853e-01,-1.095238334393588309e+00
4.513999999999842139e+00,-3.223270134767067807e-01,-2.245422890398736382e-01,-1.097154001928916989e+00
4.514999999999842473e+00,-3.222201823446602109e-01,-2.245446236013658170e-01,-1.099061769377635667e+00
4.515999999999842807e+00,-3.221145729224709209e-01,-2.245478241704857991e-01,-1.100961571315819398e+00
4.516999999999843141e+00,-3.220101834196134050e-01,-2.245518983705087901e-01,-1.102853342637397649e+00
4.517999999999843475e+00,-3.219070119428901755e-01,-2.245568537978523682e-01,-1.104737018557765849e+00
4.518999999999843808e+00,-3.218050564967716021e-01,-2.245626980204699086e-01,-1.106612534617236854e+00
4.519999999999844142e+00,-3.217043149837650606e-01,-2.245694385763035705e-01,-1.108479826684305003e+00
4.520999999999844476e+00,-3.216047852048171674e-01,-2.245770829717952111e-01,-1.110338830958683687e+00
4.521999999999844810e+00,-3.215064648597554253e-01,-2.245856386804544746e-01,-1.112189483974079351e+00
4.522999999999845144e+00,-3.214093515477727259e-01,-2.245951131414839208e-01,-1.114031722600653529e+00
4.523999999999845478e+00,-3.213134427679570360e-01,-2.246055137584610784e-01,-1.115865484047121159e+00
4.524999999999845812e+00,-3.212187359198718228e-01,-2.246168478980779537e-01,-1.117690705862425693e+00
4.525999999999846146e+00,-3.211252283041882150e-01,-2.246291228889393254e-01,-1.119507325936926811e+00
4.526999999999846480e+00,-3.210329171233710088e-01,-2.246423460204214073e-01,-1.121315282503025479e+00
4.527999999999846814e+00,-3.209417994824207421e-01,-2.246565245415934886e-01,-1.123114514135144848e+00
4.528999999999847148e+00,-3.208518723896711666e-01,-2.246716656602057993e-01,-1.124904959748979083e+00
4.529999999999847482e+00,-3.207631327576446756e-01,-2.246877765417477357e-01,-1.126686558599908405e+00
4.530999999999847816e+00,-3.206755774039612428e-01,-2.247048643085815534e-01,-1.128459250280475112e+00
4.531999999999848150e+00,-3.205892030523024294e-01,-2.247229360391577446e-01,-1.130222974716800888e+00
4.532999999999848484e+00,-3.205040063334251288e-01,-2.247419987673188180e-01,-1.131977672163821058e+00
4.533999999999848818e+00,-3.204199837862232725e-01,-2.247620594817003603e-01,-1.133723283199200349e+00
4.534999999999849152e+00,-3.203371318588301708e-01,-2.247831251252382645e-01,-1.135459748715788919e+00
4.535999999999849486e+00,-3.202554469097558254e-01,-2.248052025947924193e-01,-1.137187009912473012e+00
4.536999999999849820e+00,-3.201749252090519970e-01,-2.248282987408979083e-01,-1.138905008283271680e+00
4.537999999999850154e+00,-3.200955629394945934e-01,-2.248524203676554034e-01,-1.140613685604537686e+00
4.538999999999850488e+00,-3.200173561977732728e-01,-2.248775742327720761e-01,-1.142312983920129588e+00
4.539999999999850822e+00,-3.199403009956780508e-01,-2.249037670477636586e-01,-1.144002845524444423e+00
4.540999999999851156e+00,-3.198643932612698082e-01,-2.249310054783271728e-01,-1.145683212943233054e+00
4.541999999999851489e+00,-3.197896288400251530e-01,-2.249592961448895756e-01,-1.147354028912176860e+00
4.542999999999851823e+00,-3.197160034959454222e-01,-2.249886456233340659e-01,-1.149015236353271963e+00
4.543999999999852157e+00,-3.196435129126253827e-01,-2.250190604458972010e-01,-1.150666778349173747e+00
4.544999999999852491e+00,-3.195721526942802981e-01,-2.250505471022209991e-01,-1.152308598115787230e+00
4.545999999999852825e+00,-3.195019183667417995e-01,-2.250831120405302754e-01,-1.153940638973556032e+00
4.546999999999853159e+00,-3.194328053784415422e-01,-2.251167616688881934e-01,-1.155562844318115623e+00
4.547999999999853493e+00,-3.193648091014212875e-01,-2.251515023564633622e-01,-1.157175157591218806e+00
4.548999999999853827e+00,-3.192979248324239183e-01,-2.251873404347156937e-01,-1.158777522253117143e+00
4.549999999999854161e+00,-3.192321477941455488e-01,-2.252242821983836962e-01,-1.160369881757868038e+00
4.550999999999854495e+00,-3.191674731367506457e-01,-2.252623339061288477e-01,-1.161952179533307650e+00
4.551999999999854829e+00,-3.191038959397786146e-01,-2.253015017806692388e-01,-1.163524358967641614e+00
4.552999999999855163e+00,-3.190414112145821823e-01,-2.253417920082208536e-01,-1.165086363404715275e+00
4.553999999999855497e+00,-3.189800139074514540e-01,-2.253832107370618565e-01,-1.166638136149960703e+00
4.554999999999855831e+00,-3.189196989035634200e-01,-2.254257640750532699e-01,-1.168179620488743131e+00
4.555999999999856165e+00,-3.188604610318653831e-01,-2.254694580859882558e-01,-1.169710759718291415e+00
4.556999999999856499e+00,-3.188022950705294845e-01,-2.255142987837044366e-01,-1.171231497190638127e+00
4.557999999999856833e+00,-3.187451957529199298e-01,-2.255602921239140413e-01,-1.172741776361255761e+00
4.558999999999857167e+00,-3.186891577746320259e-01,-2.256074439954992017e-01,-1.174241540855293975e+00
4.559999999999857501e+00,-3.186341758017318115e-01,-2.256557602123367701e-01,-1.175730734547484779e+00
4.560999999999857835e+00,-3.185802444794249011e-01,-2.257052465048758061e-01,-1.177209301647364148e+00
4.561999999999858169e+00,-3.185273584405898806e-01,-2.257559085113942932e-01,-1.178677186785650699e+00
4.562999999999858503e+00,-3.184755123138250932e-01,-2.258077517694631053e-01,-1.180134335097585696e+00
4.563999999999858836e+00,-3.184247007306177935e-01,-2.258607817079884561e-01,-1.181580692299416535e+00
4.564999999999859170e+00,-3.183749183313043796e-01,-2.259150036401461337e-01,-1.183016204754960610e+00
4.565999999999859504e+00,-3.183261597695797862e-01,-2.259704227574375612e-01,-1.184440819530176991e+00
4.566999999999859838e+00,-3.182784197154218120e-01,-2.260270441250023798e-01,-1.185854484434741396e+00
4.567999999999860172e+00,-3.182316928564051794e-01,-2.260848726782267171e-01,-1.187257148050625100e+00
4.568999999999860506e+00,-3.181859738974763818e-01,-2.261439132206062574e-01,-1.188648759748501593e+00
4.569999999999860840e+00,-3.181412575593351999e-01,-2.262041704227601424e-01,-1.190029269693396063e+00
4.570999999999861174e+00,-3.180975385756199536e-01,-2.262656488224523144e-01,-1.191398628841339624e+00
4.571999999999861508e+00,-3.180548116891201982e-01,-2.263283528254571020e-01,-1.192756788928918343e+00
4.572999999999861842e+00,-3.180130716472426844e-01,-2.263922867071047340e-01,-1.194103702457566474e+00
4.573999999999862176e+00,-3.179723131969508509e-01,-2.264574546143504619e-01,-1.195439322674291427e+00
4.574999999999862510e+00,-3.179325310793702508e-01,-2.265238605682320938e-01,-1.196763603550294208e+00
4.575999999999862844e+00,-3.178937200242331063e-01,-2.265915084665999779e-01,-1.198076499758693458e+00
4.576999999999863178e+00,-3.178558747442961074e-01,-2.266604020870289782e-01,-1.199377966652307004e+00
4.577999999999863512e+00,-3.178189899298478061e-01,-2.267305450898433050e-01,-1.200667960242218557e+00
4.578999999999863846e+00,-3.177830602433872054e-01,-2.268019410212049614e-01,-1.201946437177648930e+00
4.579999999999864180e+00,-3.177480803145362742e-01,-2.268745933162341633e-01,-1.203213354727490580e+00
4.580999999999864514e+00,-3.177140447352315711e-01,-2.269485053021448040e-01,-1.204468670763726879e+00
4.581999999999864848e+00,-3.176809480552177378e-01,-2.270236802013881894e-01,-1.205712343746854209e+00
4.582999999999865182e+00,-3.176487847778626250e-01,-2.271001211348083193e-01,-1.206944332713351109e+00
4.583999999999865516e+00,-3.176175493562956031e-01,-2.271778311248170423e-01,-1.208164597265180218e+00
4.584999999999865850e+00,-3.175872361898689489e-01,-2.272568130986023505e-01,-1.209373097561269317e+00
4.585999999999866183e+00,-3.175578396209342014e-01,-2.273370698913839139e-01,-1.210569794310895064e+00
4.586999999999866517e+00,-3.175293539319221647e-01,-2.274186042497308713e-01,-1.211754648768870180e+00
4.587999999999866851e+00,-3.175017733427135669e-01,-2.275014188349528954e-01,-1.212927622732426380e+00
4.588999999999867185e+00,-3.174750920082829442e-01,-2.275855162265718601e-01,-1.214088678539670285e+00
4.589999999999867519e+00,-3.174493040165971003e-01,-2.276708989258710569e-01,-1.215237779069481050e+00
4.590999999999867853e+00,-3.174244033867481551e-01,-2.277575693595085271e-01,-1.216374887742699196e+00
4.591999999999868187e+00,-3.174003840672954269e-01,-2.278455298831597309e-01,-1.217499968524430320e+00
4.592999999999868521e+00,-3.173772399347856155e-01,-2.279347827851321839e-01,-1.218612985927250758e+00
4.593999999999868855e+00,-3.173549647924109873e-01,-2.280253302898569978e-01,-1.219713905015042510e+00
4.594999999999869189e+00,-3.173335523687516035e-01,-2.281171745611143553e-01,-1.220802691407104623e+00
4.595999999999869523e+00,-3.173129959167331204e-01,-2.282103170319630392e-01,-1.221879310278329855e+00
4.596999999999869857e+00,-3.172932882141703548e-01,-2.283047584590194856e-01,-1.222943724786354380e+00
4.597999999999870191e+00,-3.172744215493176201e-01,-2.284004989246582740e-01,-1.223995898659328674e+00
4.598999999999870525e+00,-3.172563883926982076e-01,-2.284975389868604823e-01,-1.225035796794833765e+00
4.599999999999870859e+00,-3.172391812658269528e-01,-2.285958794280001927e-01,-1.226063385214703594e+00
4.600999999999871193e+00,-3.172227927377818668e-01,-2.286955212297104301e-01,-1.227078631021898181e+00
4.601999999999871527e+00,-3.172072154224573337e-01,-2.287964655479032827e-01,-1.228081502358628230e+00
4.602999999999871861e+00,-3.171924419766475323e-01,-2.288987136872899786e-01,-1.229071968364684686e+00
4.603999999999872195e+00,-3.171784650990749910e-01,-2.290022670745627265e-01,-1.230049999134600336e+00
4.604999999999872529e+00,-3.171652775304101279e-01,-2.291071272291799188e-01,-1.231015565671852885e+00
4.605999999999872863e+00,-3.171528720541649804e-01,-2.292132957304667262e-01,-1.231968639837826451e+00
4.606999999999873197e+00,-3.171412414980619987e-01,-2.293207741796010890e-01,-1.232909194292810096e+00
4.607999999999873530e+00,-3.171303787349740722e-01,-2.294295641552120957e-01,-1.233837202426234070e+00
4.608999999999873864e+00,-3.171202766818105312e-01,-2.295396671621723339e-01,-1.234752638274300152e+00
4.609999999999874198e+00,-3.171109282939088558e-01,-2.296510845751427166e-01,-1.235655476426025023e+00
4.610999999999874532e+00,-3.171023265521216716e-01,-2.297638175814495920e-01,-1.236545691923782053e+00
4.611999999999874866e+00,-3.170944644405889745e-01,-2.298778671306034860e-01,-1.237423260169883354e+00
4.612999999999875200e+00,-3.170873349154340604e-01,-2.299932338979291113e-01,-1.238288156852484612e+00
4.613999999999875534e+00,-3.170809308672899451e-01,-2.301099182662511289e-01,-1.239140357899331635e+00
4.614999999999875868e+00,-3.170752450820149004e-01,-2.302279203241993089e-01,-1.239979839459151689e+00
4.615999999999876202e+00,-3.170702702033771914e-01,-2.303472398757892003e-01,-1.240806577903670993e+00
4.616999999999876536e+00,-3.170659986996704482e-01,-2.304678764552338666e-01,-1.241620549841386589e+00
4.617999999999876870e+00,-3.170624228344872675e-01,-2.305898293425325263e-01,-1.242421732136023360e+00
4.618999999999877204e+00,-3.170595346409194049e-01,-2.307130975774548953e-01,-1.243210101925425137e+00
4.619999999999877538e+00,-3.170573258981892462e-01,-2.308376799710582516e-01,-1.243985636638918146e+00
4.620999999999877872e+00,-3.170557881098083897e-01,-2.309635751147062210e-01,-1.244748314012612100e+00
4.621999999999878206e+00,-3.170549124825633447e-01,-2.310907813869248206e-01,-1.245498112102855659e+00
4.622999999999878540e+00,-3.170546899058291901e-01,-2.312192969585473157e-01,-1.246235009298413354e+00
4.623999999999878874e+00,-3.170551109308706872e-01,-2.313491197966025537e-01,-1.246958984332055875e+00
4.624999999999879208e+00,-3.170561657499182395e-01,-2.314802476673573639e-01,-1.247670016292280692e+00
4.625999999999879542e+00,-3.170578441748916898e-01,-2.316126781388636868e-01,-1.248368084635850250e+00
4.626999999999879876e+00,-3.170601364092358043e-01,-2.317464091894952394e-01,-1.249053170377679045e+00
4.627999999999880210e+00,-3.170630330765467075e-01,-2.318814392054956430e-01,-1.249725257712044124e+00
4.628999999999880544e+00,-3.170665254376531239e-01,-2.320177671328792490e-01,-1.250384332155720202e+00
4.629999999999880878e+00,-3.170706044431642612e-01,-2.321553917341998563e-01,-1.251030380150107923e+00
4.630999999999881211e+00,-3.170752609033062885e-01,-2.322943117305521776e-01,-1.251663389098143897e+00
4.631999999999881545e+00,-3.170804854820986618e-01,-2.324345258031452199e-01,-1.252283347405051650e+00
4.632999999999881879e+00,-3.170862686913120676e-01,-2.325760325951224394e-01,-1.252890244523012564e+00
4.633999999999882213e+00,-3.170926008841534749e-01,-2.327188307136068557e-01,-1.253484070999849376e+00
4.634999999999882547e+00,-3.170994722486601969e-01,-2.328629187319519178e-01,-1.254064818531795300e+00
4.635999999999882881e+00,-3.171068728008180626e-01,-2.330082951921809142e-01,-1.254632480020363872e+00
4.636999999999883215e+00,-3.171147923774507715e-01,-2.331549586075943314e-01,-1.255187049633234242e+00
4.637999999999883549e+00,-3.171232206289642530e-01,-2.333029074655194046e-01,-1.255728522868914787e+00
4.638999999999883883e+00,-3.171321470120637143e-01,-2.334521402301694692e-01,-1.256256896624717179e+00
4.639999999999884217e+00,-3.171415607826029159e-01,-2.336026553455691490e-01,-1.256772169267252659e+00
4.640999999999884551e+00,-3.171514509887577438e-01,-2.337544512384880369e-01,-1.257274340704199522e+00
4.641999999999884885e+00,-3.171618064639099011e-01,-2.339075263193972909e-01,-1.257763412449736551e+00
4.642999999999885219e+00,-3.171726158200104395e-01,-2.340618789825185675e-01,-1.258239387677633436e+00
4.643999999999885553e+00,-3.171838674422516879e-01,-2.342175076061834560e-01,-1.258702271276703755e+00
4.644999999999885887e+00,-3.171955494860032587e-01,-2.343744105550377987e-01,-1.259152069897587101e+00
4.645999999999886221e+00,-3.172076498751232876e-01,-2.345325861817482704e-01,-1.259588791977465538e+00
4.646999999999886555e+00,-3.172201563013800074e-01,-2.346920328278739309e-01,-1.260012447729952134e+00
4.647999999999886889e+00,-3.172330562243138585e-01,-2.348527488238238981e-01,-1.260423049080991342e+00
4.648999999999887223e+00,-3.172463368698388297e-01,-2.350147324876976640e-01,-1.260820609521340119e+00
4.649999999999887557e+00,-3.172599852240989282e-01,-2.351779821228131007e-01,-1.261205143829238207e+00
4.650999999999887891e+00,-3.172739880158830239e-01,-2.353424960137778799e-01,-1.261576667588218514e+00
4.651999999999888225e+00,-3.172883316751714533e-01,-2.355082724210901812e-01,-1.261935196376140711e+00
4.652999999999888558e+00,-3.173030022455897159e-01,-2.356753095745382498e-01,-1.262280744420078316e+00
4.653999999999888892e+00,-3.173179852138712231e-01,-2.358436056662012170e-01,-1.262613322389159132e+00
4.654999999999889226e+00,-3.173332652068920900e-01,-2.360131588445626982e-01,-1.262932933874673314e+00
4.655999999999889560e+00,-3.173488255364199651e-01,-2.361839672109866395e-01,-1.263239570238797960e+00
4.656999999999889894e+00,-3.173646477572573676e-01,-2.363560288143044530e-01,-1.263533204680242550e+00
4.657999999999890228e+00,-3.173807118131735105e-01,-2.365293416241562585e-01,-1.263813789342927763e+00
4.658999999999890562e+00,-3.173969974276980022e-01,-2.367039034578946044e-01,-1.264081261064700756e+00
4.659999999999890896e+00,-3.174134863642240623e-01,-2.368797118753843689e-01,-1.264335554943434969e+00
4.660999999999891230e+00,-3.174301640880575759e-01,-2.370567639643195168e-01,-1.264576615947149874e+00
4.661999999999891564e+00,-3.174470195102387926e-01,-2.372350553361630976e-01,-1.264804401417437996e+00
4.662999999999891898e+00,-3.174640444798256800e-01,-2.374145808757925913e-01,-1.265018879553978737e+00
4.663999999999892232e+00,-3.174812329166942781e-01,-2.375953351932561242e-01,-1.265220027153838078e+00
4.664999999999892566e+00,-3.174985802813046210e-01,-2.377773132205907303e-01,-1.265407826815508008e+00
4.665999999999892900e+00,-3.175160829396579398e-01,-2.379605100531097528e-01,-1.265582265025667619e+00
4.666999999999893234e+00,-3.175337378042990544e-01,-2.381449209440240633e-01,-1.265743330934863575e+00
4.667999999999893568e+00,-3.175515421010357553e-01,-2.383305412892308683e-01,-1.265891015587841784e+00
4.668999999999893902e+00,-3.175694932155325167e-01,-2.385173666042250951e-01,-1.266025311437104728e+00
4.669999999999894236e+00,-3.175875885905522500e-01,-2.387053924944563255e-01,-1.266146212029621632e+00
4.670999999999894570e+00,-3.176058256551075321e-01,-2.388946146202555187e-01,-1.266253711799164128e+00
4.671999999999894904e+00,-3.176242017732235912e-01,-2.390850286576183814e-01,-1.266347805923709213e+00
4.672999999999895238e+00,-3.176427142040944007e-01,-2.392766302565186853e-01,-1.266428490224049241e+00
4.673999999999895572e+00,-3.176613600682398619e-01,-2.394694149988340071e-01,-1.266495761090003391e+00
4.674999999999895905e+00,-3.176801363164040160e-01,-2.396633783581625932e-01,-1.266549615426702191e+00
4.675999999999896239e+00,-3.176990396996068888e-01,-2.398585156636276472e-01,-1.266590050616700713e+00
4.676999999999896573e+00,-3.177180667399804870e-01,-2.400548220691782197e-01,-1.266617064495122902e+00
4.677999999999896907e+00,-3.177372137027357768e-01,-2.402522925290683786e-01,-1.266630655335453604e+00
4.678999999999897241e+00,-3.177564765698526195e-01,-2.404509217793759090e-01,-1.266630821843618415e+00
4.679999999999897575e+00,-3.177758510192039143e-01,-2.406507043284815128e-01,-1.266617563186867024e+00
4.680999999999897909e+00,-3.177953324075336594e-01,-2.408516344533879194e-01,-1.266590879080180754e+00
4.681999999999898243e+00,-3.178149157554105431e-01,-2.410537061986782192e-01,-1.266550769821140898e+00
4.682999999999898577e+00,-3.178345957301197400e-01,-2.412569133728559301e-01,-1.266497236294789275e+00
4.683999999999898911e+00,-3.178543666301457682e-01,-2.414612495459172448e-01,-1.266430279978454587e+00
4.684999999999899245e+00,-3.178742223713941772e-01,-2.416667080482196306e-01,-1.266349902946026562e+00
4.685999999999899579e+00,-3.178941568213593527e-01,-2.418732823749799032e-01,-1.266256108110723755e+00
4.686999999999899913e+00,-3.179141643601963718e-01,-2.420809668179226826e-01,-1.266148900270057442e+00
4.687999999999900247e+00,-3.179342399057465407e-01,-2.422897564673858473e-01,-1.266028285549693599e+00
4.688999999999900581e+00,-3.179543783305316396e-01,-2.424996464955241626e-01,-1.265894270919980080e+00
4.689999999999900915e+00,-3.179745743885694642e-01,-2.427106320675427864e-01,-1.265746864187091258e+00
4.690999999999901249e+00,-3.179948227588497156e-01,-2.429227083856252412e-01,-1.265586073984924509e+00
4.691999999999901583e+00,-3.180151180478086870e-01,-2.431358706844503614e-01,-1.265411909767618859e+00
4.692999999999901917e+00,-3.180354547924355568e-01,-2.433501142276052465e-01,-1.265224381802577680e+00
4.693999999999902251e+00,-3.180558274638403127e-01,-2.435654343047217174e-01,-1.265023501163896613e+00
4.694999999999902585e+00,-3.180762304711406419e-01,-2.437818262291936433e-01,-1.264809279726116342e+00
4.695999999999902919e+00,-3.180966581655482184e-01,-2.439992853363589231e-01,-1.264581730158240047e+00
4.696999999999903253e+00,-3.181171048445636806e-01,-2.442178069820522268e-01,-1.264340865917963352e+00
4.697999999999903586e+00,-3.181375647562012521e-01,-2.444373865414542490e-01,-1.264086701246083022e+00
4.698999999999903920e+00,-3.181580321031870495e-01,-2.446580194081776627e-01,-1.263819251161052426e+00
4.699999999999904254e+00,-3.181785010470842279e-01,-2.448797009935432811e-01,-1.263538531453665348e+00
4.700999999999904588e+00,-3.181989657123113213e-01,-2.451024267260091261e-01,-1.263244558681846819e+00
4.701999999999904922e+00,-3.182194201900285790e-01,-2.453261920507230909e-01,-1.262937350165541206e+00
4.702999999999905256e+00,-3.182398585418735326e-01,-2.455509924291761070e-01,-1.262616923981684014e+00
4.703999999999905590e+00,-3.182602748035348039e-01,-2.457768233389370227e-01,-1.262283298959248512e+00
4.704999999999905924e+00,-3.182806629881550498e-01,-2.460036802734546224e-01,-1.261936494674361420e+00
4.705999999999906258e+00,-3.183010170895609336e-01,-2.462315587419145746e-01,-1.261576531445476768e+00
4.706999999999906592e+00,-3.183213310853172384e-01,-2.464604542691412881e-01,-1.261203430328604824e+00
4.707999999999906926e+00,-3.183415989396091161e-01,-2.466903623955364888e-01,-1.260817213112588542e+00
4.708999999999907260e+00,-3.183618146059520315e-01,-2.469212786770469958e-01,-1.260417902314421967e+00
4.709999999999907594e+00,-3.183819720297372813e-01,-2.471531986851558949e-01,-1.260005521174603960e+00
4.710999999999907928e+00,-3.184020651506167532e-01,-2.473861180068901988e-01,-1.259580093652523880e+00
4.711999999999908262e+00,-3.184220879047333641e-01,-2.476200322448406099e-01,-1.259141644421871931e+00
4.712999999999908596e+00,-3.184420342268039494e-01,-2.478549370171871102e-01,-1.258690198866069254e+00
4.713999999999908930e+00,-3.184618980520628195e-01,-2.480908279577250242e-01,-1.258225783073712911e+00
4.714999999999909264e+00,-3.184816733180716453e-01,-2.483277007158859739e-01,-1.257748423834029738e+00
4.715999999999909598e+00,-3.185013539664044435e-01,-2.485655509567478993e-01,-1.257258148632335093e+00
4.716999999999909932e+00,-3.185209339442153231e-01,-2.488043743610270364e-01,-1.256754985645490486e+00
4.717999999999910266e+00,-3.185404072056944313e-01,-2.490441666250455821e-01,-1.256238963737355663e+00
4.718999999999910600e+00,-3.185597677134232031e-01,-2.492849234606667741e-01,-1.255710112454229366e+00
4.719999999999910933e+00,-3.185790094396324657e-01,-2.495266405951893918e-01,-1.255168462020275655e+00
4.720999999999911267e+00,-3.185981263668954400e-01,-2.497693137703293209e-01,-1.254614043330521289e+00
4.721999999999911601e+00,-3.186171124872477778e-01,-2.500129387384546487e-01,-1.254046887930596155e+00
4.722999999999911935e+00,-3.186359618018538287e-01,-2.502575112599062512e-01,-1.253467028001377548e+00
4.723999999999912269e+00,-3.186546683214578346e-01,-2.505030271018096610e-01,-1.252874496353973077e+00
4.724999999999912603e+00,-3.186732260674738360e-01,-2.507494820380620215e-01,-1.252269326425172968e+00
4.725999999999912937e+00,-3.186916290728235568e-01,-2.509968718488568840e-01,-1.251651552272853518e+00
4.726999999999913271e+00,-3.187098713827185570e-01,-2.512451923200780257e-01,-1.251021208571329701e+00
4.727999999999913605e+00,-3.187279470553924243e-01,-2.514944392425440545e-01,-1.250378330606658706e+00
4.728999999999913939e+00,-3.187458501627828955e-01,-2.517446084110807059e-01,-1.249722954271890618e+00
4.729999999999914273e+00,-3.187635747911685691e-01,-2.519956956233980194e-01,-1.249055116062271820e+00
4.730999999999914607e+00,-3.187811150417599881e-01,-2.522476966787456920e-01,-1.248374853070399082e+00
4.731999999999914941e+00,-3.187984650312448709e-01,-2.525006073763180203e-01,-1.247682202981331256e+00
4.732999999999915275e+00,-3.188156188922867118e-01,-2.527544235133770134e-01,-1.246977204067659661e+00
4.733999999999915609e+00,-3.188325707739727566e-01,-2.530091408830602018e-01,-1.246259895184546940e+00
4.734999999999915943e+00,-3.188493148422082424e-01,-2.532647552718363393e-01,-1.245530315764741047e+00
4.735999999999916277e+00,-3.188658452800499088e-01,-2.535212624565710282e-01,-1.244788505813573920e+00
4.736999999999916611e+00,-3.188821562879714522e-01,-2.537786582011621883e-01,-1.244034505903959253e+00
4.737999999999916945e+00,-3.188982420840512644e-01,-2.540369382527039033e-01,-1.243268357171403160e+00
4.738999999999917279e+00,-3.189140969040715756e-01,-2.542960983371395645e-01,-1.242490101309044803e+00
4.739999999999917613e+00,-3.189297150015173443e-01,-2.545561341543645661e-01,-1.241699780562747435e+00
4.740999999999917947e+00,-3.189450906474614600e-01,-2.548170413727470218e-01,-1.240897437726260044e+00
4.741999999999918280e+00,-3.189602181303256012e-01,-2.550788156230407444e-01,-1.240083116136474484e+00
4.742999999999918614e+00,-3.189750917555045362e-01,-2.553414524916800543e-01,-1.239256859668798505e+00
4.743999999999918948e+00,-3.189897058448482037e-01,-2.556049475134638538e-01,-1.238418712732667348e+00
4.744999999999919282e+00,-3.190040547360015744e-01,-2.558692961636648278e-01,-1.237568720267213207e+00
4.745999999999919616e+00,-3.190181327816120627e-01,-2.561344938496348256e-01,-1.236706927737099893e+00
4.746999999999919950e+00,-3.190319343484274706e-01,-2.564005359020261055e-01,-1.235833381128527364e+00
4.747999999999920284e+00,-3.190454538163279841e-01,-2.566674175658043011e-01,-1.234948126945386360e+00
4.748999999999920618e+00,-3.190586855773603903e-01,-2.569351339913010790e-01,-1.234051212205528714e+00
4.749999999999920952e+00,-3.190716240348702160e-01,-2.572036802256297827e-01,-1.233142684437088743e+00
4.750999999999921286e+00,-3.190842636028623502e-01,-2.574730512048699627e-01,-1.232222591674762224e+00
4.751999999999921620e+00,-3.190965987057533537e-01,-2.577432417475035153e-01,-1.231290982455911953e+00
4.752999999999921954e+00,-3.191086237787106317e-01,-2.580142465496403359e-01,-1.230347905816341791e+00
4.753999999999922288e+00,-3.191203332687915228e-01,-2.582860601825993085e-01,-1.229393411285554238e+00
4.754999999999922622e+00,-3.191317216370963550e-01,-2.585586770933805401e-01,-1.228427548881297904e+00
4.755999999999922956e+00,-3.191427833621303112e-01,-2.588320916084732026e-01,-1.227450369103230798e+00
4.756999999999923290e+00,-3.191535129445055574e-01,-2.591062979412747658e-01,-1.226461922925567327e+00
4.757999999999923624e+00,-3.191639049130318151e-01,-2.593812902031598089e-01,-1.225462261788659024e+00
4.758999999999923958e+00,-3.191739538321259895e-01,-2.596570624179476705e-01,-1.224451437589567426e+00
4.759999999999924292e+00,-3.191836543103372392e-01,-2.599336085392168205e-01,-1.223429502671814051e+00
4.760999999999924626e+00,-3.191930010096662995e-01,-2.602109224696425027e-01,-1.222396509814615673e+00
4.761999999999924960e+00,-3.192019886552516228e-01,-2.604889980813431816e-01,-1.221352512222015685e+00
4.762999999999925294e+00,-3.192106120449477169e-01,-2.607678292361421124e-01,-1.220297563512380945e+00
4.763999999999925627e+00,-3.192188660583222815e-01,-2.610474098046989821e-01,-1.219231717708737728e+00
4.764999999999925961e+00,-3.192267456646571411e-01,-2.613277336836267173e-01,-1.218155029230369113e+00
4.765999999999926295e+00,-3.192342459296380053e-01,-2.616087948099521387e-01,-1.217067552886001103e+00
4.766999999999926629e+00,-3.192413620205428737e-01,-2.618905871725575318e-01,-1.215969343868782637e+00
4.767999999999926963e+00,-3.192480892098696899e-01,-2.621731048205105941e-01,-1.214860457753133449e+00
4.768999999999927297e+00,-3.192544228774536474e-01,-2.624563418684187077e-01,-1.213740950493418680e+00
4.769999999999927631e+00,-3.192603585112175901e-01,-2.627402924991127930e-01,-1.212610878424313698e+00
4.770999999999927965e+00,-3.192658917067555668e-01,-2.630249509640654182e-01,-1.211470298262660172e+00
4.771999999999928299e+00,-3.192710181659755841e-01,-2.633103115819906970e-01,-1.210319267110578911e+00
4.772999999999928633e+00,-3.192757336950380331e-01,-2.635963687360681762e-01,-1.209157842459595233e+00
4.773999999999928967e+00,-3.192800342018057291e-01,-2.638831168701961660e-01,-1.207986082195542599e+00
4.774999999999929301e+00,-3.192839156930008526e-01,-2.641705504846240116e-01,-1.206804044604033344e+00
4.775999999999929635e+00,-3.192873742712334373e-01,-2.644586641312510200e-01,-1.205611788376311555e+00
4.776999999999929969e+00,-3.192904061320289699e-01,-2.647474524088179182e-01,-1.204409372615334650e+00
4.777999999999930303e+00,-3.192930075609593521e-01,-2.650369099581598720e-01,-1.203196856841960871e+00
4.778999999999930637e+00,-3.192951749309487219e-01,-2.653270314576423039e-01,-1.201974301001143886e+00
4.779999999999930971e+00,-3.192969046998043181e-01,-2.656178116188599447e-01,-1.200741765468060995e+00
4.780999999999931305e+00,-3.192981934080025841e-01,-2.659092451826489678e-01,-1.199499311054119000e+00
4.781999999999931639e+00,-3.192990376767483873e-01,-2.662013269154374084e-01,-1.198246999012794856e+00
4.782999999999931973e+00,-3.192994342063073532e-01,-2.664940516059403630e-01,-1.196984891045281163e+00
4.783999999999932307e+00,-3.192993797746096485e-01,-2.667874140621956935e-01,-1.195713049305914266e+00
4.784999999999932641e+00,-3.192988712361096715e-01,-2.670814091089247500e-01,-1.194431536407364769e+00
4.785999999999932975e+00,-3.192979055208884365e-01,-2.673760315851985703e-01,-1.193140415425578915e+00
4.786999999999933308e+00,-3.192964796339757827e-01,-2.676712763423862440e-01,-1.191839749904453516e+00
4.787999999999933642e+00,-3.192945906548714241e-01,-2.679671382423596815e-01,-1.190529603860235319e+00
4.788999999999933976e+00,-3.192922357372416364e-01,-2.682636121559291986e-01,-1.189210041785627503e+00
4.789999999999934310e+00,-3.192894121087668236e-01,-2.685606929614843819e-01,-1.187881128653589302e+00
4.790999999999934644e+00,-3.192861170711148722e-01,-2.688583755438148648e-01,-1.186542929920812339e+00
4.791999999999934978e+00,-3.192823480000173131e-01,-2.691566547930875353e-01,-1.185195511530853008e+00
4.792999999999935312e+00,-3.192781023454233091e-01,-2.694555256039569135e-01,-1.183838939916899813e+00
4.793999999999935646e+00,-3.192733776317066008e-01,-2.697549828747883294e-01,-1.182473282004153470e+00
4.794999999999935980e+00,-3.192681714579046481e-01,-2.700550215069725257e-01,-1.181098605211792885e+00
4.795999999999936314e+00,-3.192624814979652115e-01,-2.703556364043139815e-01,-1.179714977454501934e+00
4.796999999999936648e+00,-3.192563055009801642e-01,-2.706568224724751892e-01,-1.178322467143526842e+00
4.797999999999936982e+00,-3.192496412913847781e-01,-2.709585746184605681e-01,-1.176921143187237062e+00
4.798999999999937316e+00,-3.192424867691030510e-01,-2.712608877501249127e-01,-1.175511074991160365e+00
4.799999999999937650e+00,-3.192348399096199829e-01,-2.715637567756928328e-01,-1.174092332457461696e+00
4.800999999999937984e+00,-3.192266987637767395e-01,-2.718671766030287262e-01,-1.172664985983046915e+00
4.801999999999938318e+00,-3.192180614316009191e-01,-2.721711421047265378e-01,-1.171229106341720394e+00
4.802999999999938652e+00,-3.192089260312231946e-01,-2.724756480770089695e-01,-1.169784764427345358e+00
4.803999999999938986e+00,-3.191992906737479707e-01,-2.727806892070320788e-01,-1.168332031185410402e+00
4.804999999999939320e+00,-3.191891534660885599e-01,-2.730862600774097704e-01,-1.166870977615555471e+00
4.805999999999939654e+00,-3.191785125125081723e-01,-2.733923551691146425e-01,-1.165401674773556051e+00
4.806999999999939988e+00,-3.191673659150460196e-01,-2.736989688630311335e-01,-1.163924193772772675e+00
4.807999999999940322e+00,-3.191557117738669236e-01,-2.740060954415222683e-01,-1.162438605785074186e+00
4.808999999999940655e+00,-3.191435481875276592e-01,-2.743137290900062863e-01,-1.160944982041246076e+00
4.809999999999940989e+00,-3.191308732531593639e-01,-2.746218638985343241e-01,-1.159443393830895230e+00
4.810999999999941323e+00,-3.191176850665634612e-01,-2.749304938633655437e-01,-1.157933912501866835e+00
4.811999999999941657e+00,-3.191039817222213193e-01,-2.752396128885339910e-01,-1.156416609459189671e+00
4.812999999999941991e+00,-3.190897613132174238e-01,-2.755492147874031295e-01,-1.154891556163569755e+00
4.813999999999942325e+00,-3.190750219310777291e-01,-2.758592932842042766e-01,-1.153358824129451898e+00
4.814999999999942659e+00,-3.190597616655245217e-01,-2.761698420155552780e-01,-1.151818484922675578e+00
4.815999999999942993e+00,-3.190439786041522341e-01,-2.764808545319573652e-01,-1.150270610157747564e+00
4.816999999999943327e+00,-3.190276708320268773e-01,-2.767923242992673671e-01,-1.148715271494762158e+00
4.817999999999943661e+00,-3.190108364312136402e-01,-2.771042447001431652e-01,-1.147152540635996809e+00
4.818999999999943995e+00,-3.189934734802390981e-01,-2.774166090354615588e-01,-1.145582489322216180e+00
4.819999999999944329e+00,-3.189755800534924690e-01,-2.777294105257065437e-01,-1.144005189328715977e+00
4.820999999999944663e+00,-3.189571542205729138e-01,-2.780426423123276702e-01,-1.142420712461143184e+00
4.821999999999944997e+00,-3.189381940455903175e-01,-2.783562974590678696e-01,-1.140829130551126891e+00
4.822999999999945331e+00,-3.189186975864261031e-01,-2.786703689532591954e-01,-1.139230515451757020e+00
4.823999999999945665e+00,-3.188986628939611823e-01,-2.789848497070881450e-01,-1.137624939032947369e+00
4.824999999999945999e+00,-3.188780880112810356e-01,-2.792997325588282842e-01,-1.136012473176721160e+00
4.825999999999946333e+00,-3.188569709728622525e-01,-2.796150102740413423e-01,-1.134393189772455957e+00
4.826999999999946667e+00,-3.188353098037527422e-01,-2.799306755467463881e-01,-1.132767160712125687e+00
4.827999999999947001e+00,-3.188131025187487255e-01,-2.802467210005560871e-01,-1.131134457885575983e+00
4.828999999999947335e+00,-3.187903471215806084e-01,-2.805631391897812077e-01,-1.129495153175868793e+00
4.829999999999947669e+00,-3.187670416041117338e-01,-2.808799226005014860e-01,-1.127849318454731353e+00
4.830999999999948002e+00,-3.187431839455593385e-01,-2.811970636516032407e-01,-1.126197025578142608e+00
4.831999999999948336e+00,-3.187187721117437089e-01,-2.815145546957824596e-01,-1.124538346382090159e+00
4.832999999999948670e+00,-3.186938040543708661e-01,-2.818323880205128584e-01,-1.122873352678527281e+00
4.833999999999949004e+00,-3.186682777103572173e-01,-2.821505558489769139e-01,-1.121202116251558634e+00
4.834999999999949338e+00,-3.186421910011983938e-01,-2.824690503409595377e-01,-1.119524708853882000e+00
4.835999999999949672e+00,-3.186155418323892707e-01,-2.827878635937013940e-01,-1.117841202203511131e+00
4.836999999999950006e+00,-3.185883280928976102e-01,-2.831069876427109167e-01,-1.116151667980801454e+00
4.837999999999950340e+00,-3.185605476546967685e-01,-2.834264144625322501e-01,-1.114456177825799532e+00
4.838999999999950674e+00,-3.185321983723584660e-01,-2.837461359674670058e-01,-1.112754803335935350e+00
4.839999999999951008e+00,-3.185032780827085075e-01,-2.840661440122467241e-01,-1.111047616064073651e+00
4.840999999999951342e+00,-3.184737846045473386e-01,-2.843864303926541548e-01,-1.109334687516936979e+00
4.841999999999951676e+00,-3.184437157384367723e-01,-2.847069868460894715e-01,-1.107616089153914851e+00
4.842999999999952010e+00,-3.184130692665515516e-01,-2.850278050520791417e-01,-1.105891892386267727e+00
4.843999999999952344e+00,-3.183818429525970828e-01,-2.853488766327244575e-01,-1.104162168576732883e+00
4.844999999999952678e+00,-3.183500345417924482e-01,-2.856701931530862826e-01,-1.102426989039540617e+00
4.845999999999953012e+00,-3.183176417609164810e-01,-2.859917461215049084e-01,-1.100686425040841687e+00
4.846999999999953346e+00,-3.182846623184155677e-01,-2.863135269898503532e-01,-1.098940547799549527e+00
4.847999999999953680e+00,-3.182510939045711806e-01,-2.866355271537034954e-01,-1.097189428488596130e+00
4.848999999999954014e+00,-3.182169341917232552e-01,-2.869577379524650418e-01,-1.095433138236598714e+00
4.849999999999954348e+00,-3.181821808345480784e-01,-2.872801506693921647e-01,-1.093671748129933174e+00
4.850999999999954682e+00,-3.181468314703853606e-01,-2.876027565315630308e-01,-1.091905329215206111e+00
4.851999999999955016e+00,-3.181108837196137129e-01,-2.879255467097707188e-01,-1.090133952502119641e+00
4.852999999999955349e+00,-3.180743351865307211e-01,-2.882485123186882547e-01,-1.088357688969091575e+00
4.853999999999955683e+00,-3.180371834603689107e-01,-2.885716444170407513e-01,-1.086576609572685870e+00
4.854999999999956017e+00,-3.179994261162746305e-01,-2.888949340076649164e-01,-1.084790785253169965e+00
4.855999999999956351e+00,-3.179610607157408175e-01,-2.892183720370951061e-01,-1.083000286938488266e+00
4.856999999999956685e+00,-3.179220848070718475e-01,-2.895419493951103540e-01,-1.081205185548525405e+00
4.857999999999957019e+00,-3.178824959258961247e-01,-2.898656569142694650e-01,-1.079405551999628177e+00
4.858999999999957353e+00,-3.178422915956972128e-01,-2.901894853694282905e-01,-1.077601457209343083e+00
4.859999999999957687e+00,-3.178014693283569558e-01,-2.905134254772546720e-01,-1.075792972101329736e+00
4.860999999999958021e+00,-3.177600266247104788e-01,-2.908374678957608706e-01,-1.073980167610393721e+00
4.861999999999958355e+00,-3.177179609751066280e-01,-2.911616032238739660e-01,-1.072163114687582741e+00
4.862999999999958689e+00,-3.176752698599732971e-01,-2.914858220010692058e-01,-1.070341884305281877e+00
4.863999999999959023e+00,-3.176319507503845285e-01,-2.918101147070925605e-01,-1.068516547462231348e+00
4.864999999999959357e+00,-3.175880011086276156e-01,-2.921344717618023501e-01,-1.066687175188391512e+00
4.865999999999959691e+00,-3.175434183887705375e-01,-2.924588835251603625e-01,-1.064853838549565168e+00
4.866999999999960025e+00,-3.174982000372285063e-01,-2.927833402974052146e-01,-1.063016608651687678e+00
4.867999999999960359e+00,-3.174523434933297361e-01,-2.931078323194415969e-01,-1.061175556644688767e+00
4.868999999999960693e+00,-3.174058461898834338e-01,-2.934323497734782626e-01,-1.059330753725825414e+00
4.869999999999961027e+00,-3.173587055537507862e-01,-2.937568827839472929e-01,-1.057482271142388797e+00
4.870999999999961361e+00,-3.173109190064209439e-01,-2.940814214187339459e-01,-1.055630180193687817e+00
4.871999999999961695e+00,-3.172624839645973305e-01,-2.944059556907437925e-01,-1.053774552232217943e+00
4.872999999999962029e+00,-3.172133978407948307e-01,-2.947304755598282866e-01,-1.051915458663932990e+00
4.873999999999962363e+00,-3.171636580439528563e-01,-2.950549709350835936e-01,-1.050052970947551234e+00
4.874999999999962697e+00,-3.171132619800669517e-01,-2.953794316775301687e-01,-1.048187160592841227e+00
4.875999999999963030e+00,-3.170622070528419378e-01,-2.957038476031719210e-01,-1.046318099157856230e+00
4.876999999999963364e+00,-3.170104906643677056e-01,-2.960282084864234164e-01,-1.044445858245107051e+00
4.877999999999963698e+00,-3.169581102158192110e-01,-2.963525040638849695e-01,-1.042570509496688613e+00
4.878999999999964032e+00,-3.169050631081797853e-01,-2.966767240384333149e-01,-1.040692124588405099e+00
4.879999999999964366e+00,-3.168513467429853181e-01,-2.970008580835872825e-01,-1.038810775222965166e+00
4.880999999999964700e+00,-3.167969585230872021e-01,-2.973248958480987358e-01,-1.036926533122346061e+00
4.881999999999965034e+00,-3.167418958534274909e-01,-2.976488269607096004e-01,-1.035039470019450736e+00
4.882999999999965368e+00,-3.166861561418187199e-01,-2.979726410350132526e-01,-1.033149657649204523e+00
4.883999999999965702e+00,-3.166297367997235046e-01,-2.982963276743516023e-01,-1.031257167739254355e+00
4.884999999999966036e+00,-3.165726352430213719e-01,-2.986198764766790359e-01,-1.029362072000447936e+00
4.885999999999966370e+00,-3.165148488927542747e-01,-2.989432770393268268e-01,-1.027464442117272947e+00
4.886999999999966704e+00,-3.164563751758404653e-01,-2.992665189636019019e-01,-1.025564349738440129e+00
4.887999999999967038e+00,-3.163972115257481788e-01,-2.995895918591622298e-01,-1.023661866467785453e+00
4.888999999999967372e+00,-3.163373553831163587e-01,-2.999124853481170971e-01,-1.021757063855657011e+00
4.889999999999967706e+00,-3.162768041963172072e-01,-3.002351890688086389e-01,-1.019850013390934063e+00
4.890999999999968040e+00,-3.162155554219518994e-01,-3.005576926792424830e-01,-1.017940786493807703e+00
4.891999999999968374e+00,-3.161536065252736893e-01,-3.008799858601436394e-01,-1.016029454509428387e+00
4.892999999999968708e+00,-3.160909549805360763e-01,-3.012020583176244770e-01,-1.014116088702500473e+00
4.893999999999969042e+00,-3.160275982712633658e-01,-3.015238997854620129e-01,-1.012200760252882636e+00
4.894999999999969376e+00,-3.159635338904431823e-01,-3.018455000269888999e-01,-1.010283540252226109e+00
4.895999999999969710e+00,-3.158987593406443750e-01,-3.021668488366122118e-01,-1.008364499701660533e+00
4.896999999999970044e+00,-3.158332721340627591e-01,-3.024879360409790108e-01,-1.006443709510518758e+00
4.897999999999970377e+00,-3.157670697925003545e-01,-3.028087514998138441e-01,-1.004521240496073720e+00
4.898999999999970711e+00,-3.157001498472843393e-01,-3.031292851064571470e-01,-1.002597163384243872e+00
4.899999999999971045e+00,-3.156325098391329353e-01,-3.034495267881363589e-01,-1.000671548811214784e+00
4.900999999999971379e+00,-3.155641473179762180e-01,-3.037694665060021171e-01,-9.987444673259153749e-01
4.901999999999971713e+00,-3.154950598427402886e-01,-3.040890942549636100e-01,-9.968159893932786453e-01
4.902999999999972047e+00,-3.154252449811042469e-01,-3.044084000633566767e-01,-9.948861853982164938e-01
4.903999999999972381e+00,-3.153547003092369572e-01,-3.047273739924755698e-01,-9.929551256502350265e-01
4.904999999999972715e+00,-3.152834234115242662e-01,-3.050460061360001363e-01,-9.910228803886170779e-01
4.905999999999973049e+00,-3.152114118802921139e-01,-3.053642866193458927e-01,-9.890895197881020007e-01
4.906999999999973383e+00,-3.151386633155367489e-01,-3.056822055989637521e-01,-9.871551139649930029e-01
4.907999999999973717e+00,-3.150651753246649367e-01,-3.059997532616126614e-01,-9.852197329836300810e-01
4.908999999999974051e+00,-3.149909455222550392e-01,-3.063169198236264101e-01,-9.832834468631663771e-01
4.909999999999974385e+00,-3.149159715298408546e-01,-3.066336955301930955e-01,-9.813463255845943367e-01
4.910999999999974719e+00,-3.148402509757266543e-01,-3.069500706546636204e-01,-9.794084390979707067e-01
4.911999999999975053e+00,-3.147637814948353041e-01,-3.072660354979029340e-01,-9.774698573297947446e-01
4.912999999999975387e+00,-3.146865607285945776e-01,-3.075815803876957855e-01,-9.755306501904992267e-01
4.913999999999975721e+00,-3.146085863248654357e-01,-3.078966956782161479e-01,-9.735908875820166175e-01
4.914999999999976055e+00,-3.145298559379122727e-01,-3.082113717495695293e-01,-9.716506394053896489e-01
4.915999999999976389e+00,-3.144503672284203466e-01,-3.085255990074122767e-01,-9.697099755683966649e-01
4.916999999999976723e+00,-3.143701178635589510e-01,-3.088393678826549249e-01,-9.677689659931667521e-01
4.917999999999977057e+00,-3.142891055170923265e-01,-3.091526688312509763e-01,-9.658276806237636736e-01
4.918999999999977391e+00,-3.142073278695391991e-01,-3.094654923340749431e-01,-9.638861894337182878e-01
4.919999999999977724e+00,-3.141247826083796157e-01,-3.097778288968899840e-01,-9.619445624334936884e-01
4.920999999999978058e+00,-3.140414674283091845e-01,-3.100896690504058584e-01,-9.600028696778682979e-01
4.921999999999978392e+00,-3.139573800315403895e-01,-3.104010033504273069e-01,-9.580611812732234833e-01
4.922999999999978726e+00,-3.138725181281488696e-01,-3.107118223780909183e-01,-9.561195673847261434e-01
4.923999999999979060e+00,-3.137868794364632175e-01,-3.110221167401900910e-01,-9.541780982433941682e-01
4.924999999999979394e+00,-3.137004616834981885e-01,-3.113318770695852611e-01,-9.522368441530382199e-01
4.925999999999979728e+00,-3.136132626054263239e-01,-3.116410940256977291e-01,-9.502958754970702859e-01
4.926999999999980062e+00,-3.135252799480894303e-01,-3.119497582950837011e-01,-9.483552627451730110e-01
4.927999999999980396e+00,-3.134365114675444763e-01,-3.122578605920866002e-01,-9.464150764598223686e-01
4.928999999999980730e+00,-3.133469549306429069e-01,-3.125653916595634296e-01,-9.444753873026582314e-01
4.929999999999981064e+00,-3.132566081156408222e-01,-3.128723422696828571e-01,-9.425362660406966242e-01
4.930999999999981398e+00,-3.131654688128371333e-01,-3.131787032247907443e-01,-9.405977835523786634e-01
4.931999999999981732e+00,-3.130735348252361439e-01,-3.134844653583401253e-01,-9.386600108334507420e-01
4.932999999999982066e+00,-3.129808039692330013e-01,-3.137896195358820806e-01,-9.367230190026705205e-01
4.933999999999982400e+00,-3.128872740753178006e-01,-3.140941566561131215e-01,-9.347868793073345062e-01
4.934999999999982734e+00,-3.127929429887965629e-01,-3.143980676519761985e-01,-9.328516631286217775e-01
4.935999999999983068e+00,-3.126978085705252042e-01,-3.147013434918109476e-01,-9.309174419867495276e-01
4.936999999999983402e+00,-3.126018686976539396e-01,-3.150039751805497890e-01,-9.289842875459350946e-01
4.937999999999983736e+00,-3.125051212643799037e-01,-3.153059537609561036e-01,-9.270522716191609280e-01
4.938999999999984070e+00,-3.124075641827032124e-01,-3.156072703149004899e-01,-9.251214661727367172e-01
4.939999999999984404e+00,-3.123091953831859113e-01,-3.159079159646716595e-01,-9.231919433306557954e-01
4.940999999999984738e+00,-3.122100128157092591e-01,-3.162078818743182529e-01,-9.212637753787397132e-01
4.941999999999985071e+00,-3.121100144502277907e-01,-3.165071592510180221e-01,-9.193370347685686506e-01
4.942999999999985405e+00,-3.120091982775169415e-01,-3.168057393464704385e-01,-9.174117941211923366e-01
4.943999999999985739e+00,-3.119075623099113459e-01,-3.171036134583098409e-01,-9.154881262306184819e-01
4.944999999999986073e+00,-3.118051045820331435e-01,-3.174007729315349580e-01,-9.135661040670749466e-01
4.945999999999986407e+00,-3.117018231515058524e-01,-3.176972091599522541e-01,-9.116458007800418706e-01
4.946999999999986741e+00,-3.115977160996524775e-01,-3.179929135876287116e-01,-9.097272897010518777e-01
4.947999999999987075e+00,-3.114927815321765214e-01,-3.182878777103521628e-01,-9.078106443462540254e-01
4.948999999999987409e+00,-3.113870175798232331e-01,-3.185820930770943971e-01,-9.058959384187404984e-01
4.949999999999987743e+00,-3.112804223990189856e-01,-3.188755512914756562e-01,-9.039832458106331625e-01
4.950999999999988077e+00,-3.111729941724883375e-01,-3.191682440132263543e-01,-9.020726406049283108e-01
4.951999999999988411e+00,-3.110647311098465595e-01,-3.194601629596429682e-01,-9.001641970770988266e-01
4.952999999999988745e+00,-3.109556314481656258e-01,-3.197512999070368789e-01,-8.982579896964523192e-01
4.953999999999989079e+00,-3.108456934525144488e-01,-3.200416466921710001e-01,-8.963540931272447887e-01
4.954999999999989413e+00,-3.107349154164703586e-01,-3.203311952136838059e-01,-8.944525822295507078e-01
4.955999999999989747e+00,-3.106232956626024944e-01,-3.206199374334967045e-01,-8.925535320598880773e-01
4.956999999999990081e+00,-3.105108325429251082e-01,-3.209078653782026502e-01,-8.906570178716021191e-01
4.957999999999990415e+00,-3.103975244393218924e-01,-3.211949711404343821e-01,-8.887631151150063857e-01
4.958999999999990749e+00,-3.102833697639388877e-01,-3.214812468802080714e-01,-8.868718994372850606e-01
4.959999999999991083e+00,-3.101683669595481918e-01,-3.217666848262425439e-01,-8.849834466821582257e-01
4.960999999999991417e+00,-3.100525144998803606e-01,-3.220512772772495813e-01,-8.830978328893134277e-01
4.961999999999991751e+00,-3.099358108899266107e-01,-3.223350166031950237e-01,-8.812151342936068721e-01
4.962999999999992085e+00,-3.098182546662108239e-01,-3.226178952465270644e-01,-8.793354273240384655e-01
4.963999999999992419e+00,-3.096998443970326864e-01,-3.228999057233713499e-01,-8.774587886025054795e-01
4.964999999999992752e+00,-3.095805786826801853e-01,-3.231810406246892198e-01,-8.755852949423403864e-01
4.965999999999993086e+00,-3.094604561556150157e-01,-3.234612926173985881e-01,-8.737150233466380866e-01
4.966999999999993420e+00,-3.093394754806296776e-01,-3.237406544454549118e-01,-8.718480510063797428e-01
4.967999999999993754e+00,-3.092176353549783707e-01,-3.240191189308902486e-01,-8.699844552983595491e-01
4.968999999999994088e+00,-3.090949345084819111e-01,-3.242966789748095713e-01,-8.681243137829230960e-01
4.969999999999994422e+00,-3.089713717036081109e-01,-3.245733275583411181e-01,-8.662677042015243245e-01
4.970999999999994756e+00,-3.088469457355302872e-01,-3.248490577435401705e-01,-8.644147044741112840e-01
4.971999999999995090e+00,-3.087216554321627893e-01,-3.251238626742443683e-01,-8.625653926963499085e-01
4.972999999999995424e+00,-3.085954996541772077e-01,-3.253977355768777335e-01,-8.607198471366951376e-01
4.973999999999995758e+00,-3.084684772950003762e-01,-3.256706697612029022e-01,-8.588781462333220373e-01
4.974999999999996092e+00,-3.083405872807952752e-01,-3.259426586210193988e-01,-8.570403685909273594e-01
4.975999999999996426e+00,-3.082118285704272820e-01,-3.262136956348052896e-01,-8.552065929774137487e-01
4.976999999999996760e+00,-3.080822001554180956e-01,-3.264837743663013270e-01,-8.533768983204711445e-01
4.977999999999997094e+00,-3.079517010598875615e-01,-3.267528884650355292e-01,-8.515513637040672545e-01
4.978999999999997428e+00,-3.078203303404885016e-01,-3.270210316667854222e-01,-8.497300683648633113e-01
4.979999999999997762e+00,-3.076880870864605599e-01,-3.272881977940560461e-01,-8.479130916889648928e-01
4.980999999999998096e+00,-3.075549704208987434e-01,-3.275543807572559030e-01,-8.461005132142628282e-01
4.981999999999998430e+00,-3.074209795016679125e-01,-3.278195745555924079e-01,-8.442924126340565216e-01
4.982999999999998764e+00,-3.072861135220732454e-01,-3.280837732777435178e-01,-8.424888697939917348e-01
4.983999999999999098e+00,-3.071503717105036335e-01,-3.283469711018165427e-01,-8.406899646880847676e-01
4.984999999999999432e+00,-3.070137533302924604e-01,-3.286091622953636882e-01,-8.388957774547785018e-01
4.985999999999999766e+00,-3.068762576795912578e-01,-3.288703412153225480e-01,-8.371063883730515132e-01
4.987000000000000099e+00,-3.067378840912516891e-01,-3.291305023078763825e-01,-8.353218778585996818e-01
4.988000000000000433e+00,-3.065986319327216325e-01,-3.293896401082326841e-01,-8.335423264601107274e-01
4.989000000000000767e+00,-3.064585006059544758e-01,-3.296477492403172560e-01,-8.317678148556526541e-01
4.990000000000001101e+00,-3.063174895473373960e-01,-3.299048244163824140e-01,-8.299984238491965316e-01
4.991000000000001435e+00,-3.061755982276372912e-01,-3.301608604365269262e-01,-8.282342343672953744e-01
4.992000000000001769e+00,-3.060328261519688064e-01,-3.304158521881263022e-01,-8.264753274559375473e-01
4.993000000000002103e+00,-3.058891728597855630e-01,-3.306697946451723769e-01,-8.247217842775952379e-01
4.994000000000002437e+00,-3.057446379248965895e-01,-3.309226828675211340e-01,-8.229736861084848698e-01
4.995000000000002771e+00,-3.055992209555077332e-01,-3.311745120000492149e-01,-8.212311143360545573e-01
4.996000000000003105e+00,-3.054529215942922704e-01,-3.314252772717193873e-01,-8.194941504567111457e-01
4.997000000000003439e+00,-3.053057395184877176e-01,-3.316749739945571429e-01,-8.177628760737937208e-01
4.998000000000003773e+00,-3.051576744400221752e-01,-3.319235975625409729e-01,-8.160373728957976969e-01
4.999000000000004107e+00,-3.050087261056673160e-01,-3.321711434504111549e-01,-8.143177227348430414e-01
5.000000000000004441e+00,-3.048588942972187965e-01,-3.324176072124037096e-01,-8.126040075053756473e-01
5.001000000000004775e+00,-3.047081788317017592e-01,-3.326629844809170788e-01,-8.108963092230770942e-01
5.002000000000005109e+00,-3.045565795615979843e-01,-3.329072709651235695e-01,-8.091947100039476037e-01
5.003000000000005443e+00,-3.044040963750924700e-01,-3.331504624495387201e-01,-8.074992920635103433e-01
5.004000000000005777e+00,-3.042507291963337801e-01,-3.333925547925660204e-01,-8.058101377160694634e-01
5.005000000000006111e+00,-3.040964779857034950e-01,-3.336335439250376900e-01,-8.041273293739324979e-01
5.006000000000006445e+00,-3.039413427400864398e-01,-3.338734258487766060e-01,-8.024509495464856590e-01
5.007000000000006779e+00,-3.037853234931363611e-01,-3.341121966352079142e-01,-8.007810808389855817e-01
5.008000000000007113e+00,-3.036284203155247274e-01,-3.343498524240542391e-01,-7.991178059509037590e-01
5.009000000000007446e+00,-3.034706333151653279e-01,-3.345863894221519086e-01,-7.974612076736323774e-01
5.010000000000007780e+00,-3.033119626374024547e-01,-3.348218039024307702e-01,-7.958113688873306169e-01
5.011000000000008114e+00,-3.031524084651527895e-01,-3.350560922031026734e-01,-7.941683725566659469e-01
5.012000000000008448e+00,-3.029919710189878934e-01,-3.352892507271078570e-01,-7.925323017251800772e-01
5.013000000000008782e+00,-3.028306505571475293e-01,-3.355212759418684798e-01,-7.909032395079926836e-01
5.014000000000009116e+00,-3.026684473754753801e-01,-3.357521643794001420e-01,-7.892812690825488087e-01
5.015000000000009450e+00,-3.025053618072668371e-01,-3.359819126368286391e-01,-7.876664736771173958e-01
5.016000000000009784e+00,-3.023413942230265272e-01,-3.362105173773551892e-01,-7.860589365567697273e-01
5.017000000000010118e+00,-3.021765450301326927e-01,-3.364379753317059407e-01,-7.844587410066002908e-01
5.018000000000010452e+00,-3.020108146724128639e-01,-3.366642833000907387e-01,-7.828659703120121049e-01
5.019000000000010786e+00,-3.018442036296385966e-01,-3.368894381546829186e-01,-7.812807077359631425e-01
5.020000000000011120e+00,-3.016767124169550396e-01,-3.371134368426161876e-01,-7.797030364931698543e-01
5.021000000000011454e+00,-3.015083415842638725e-01,-3.373362763894773297e-01,-7.781330397213785943e-01
5.022000000000011788e+00,-3.013390917155893689e-01,-3.375579539032527721e-01,-7.765708004499423112e-01
5.023000000000012122e+00,-3.011689634284577810e-01,-3.377784665786721097e-01,-7.750164015660744310e-01
5.024000000000012456e+00,-3.009979573733276847e-01,-3.379978117018708206e-01,-7.734699257792823079e-01
5.025000000000012790e+00,-3.008260742331123616e-01,-3.382159866552833516e-01,-7.719314555845987469e-01
5.026000000000013124e+00,-3.006533147228375169e-01,-3.384329889226674881e-01,-7.704010732253280258e-01
5.027000000000013458e+00,-3.004796795894755235e-01,-3.386488160941551473e-01,-7.688788606560865713e-01
5.028000000000013792e+00,-3.003051696119984904e-01,-3.388634658712285086e-01,-7.673648995069456413e-01
5.029000000000014126e+00,-3.001297856016903465e-01,-3.390769360715252256e-01,-7.658592710494738220e-01
5.030000000000014460e+00,-2.999535284027491366e-01,-3.392892246333910622e-01,-7.643620561654230761e-01
5.031000000000014793e+00,-2.997763988932119483e-01,-3.395003296201133391e-01,-7.628733353187165944e-01
5.032000000000015127e+00,-2.995983979862242297e-01,-3.397102492237900062e-01,-7.613931885312806846e-01
5.033000000000015461e+00,-2.994195266316750370e-01,-3.399189817688098025e-01,-7.599216953631281468e-01
5.034000000000015795e+00,-2.992397858182095360e-01,-3.401265257149402310e-01,-7.584589348969554834e-01
5.035000000000016129e+00,-2.990591765756319687e-01,-3.403328796600407768e-01,-7.570049857273744021e-01
5.036000000000016463e+00,-2.988776999777047472e-01,-3.405380423424357872e-01,-7.555599259547620683e-01
5.037000000000016797e+00,-2.986953571453495604e-01,-3.407420126429952512e-01,-7.541238331835978803e-01
5.038000000000017131e+00,-2.985121492502551543e-01,-3.409447895869833767e-01,-7.526967845250572831e-01
5.039000000000017465e+00,-2.983280775188960066e-01,-3.411463723457394681e-01,-7.512788566035579763e-01
5.040000000000017799e+00,-2.981431432369618939e-01,-3.413467602382601607e-01,-7.498701255669029120e-01
5.041000000000018133e+00,-2.979573477542042381e-01,-3.415459527327499023e-01,-7.484706670996330580e-01
5.042000000000018467e+00,-2.977706924896952323e-01,-3.417439494482037987e-01,-7.470805564391893583e-01
5.043000000000018801e+00,-2.975831789375011915e-01,-3.419407501560786655e-01,-7.456998683944829898e-01
5.044000000000019135e+00,-2.973948086727560280e-01,-3.421363547821011930e-01,-7.443286773664824496e-01
5.045000000000019469e+00,-2.972055833581238593e-01,-3.423307634082487505e-01,-7.429670573704365566e-01
5.046000000000019803e+00,-2.970155047506193302e-01,-3.425239762749260897e-01,-7.416150820593682136e-01
5.047000000000020137e+00,-2.968245747087445707e-01,-3.427159937833457182e-01,-7.402728247484795521e-01
5.048000000000020471e+00,-2.966327951998792845e-01,-3.429068164981005640e-01,-7.389403584401111891e-01
5.049000000000020805e+00,-2.964401683078378147e-01,-3.430964451499000090e-01,-7.376177558488891117e-01
5.050000000000021139e+00,-2.962466962404746162e-01,-3.432848806384138363e-01,-7.363050894266710555e-01
5.051000000000021473e+00,-2.960523813371864765e-01,-3.434721240351475413e-01,-7.350024313868679382e-01
5.052000000000021807e+00,-2.958572260761184181e-01,-3.436581765862406490e-01,-7.337098537276706134e-01
5.053000000000022141e+00,-2.956612330808350286e-01,-3.438430397150522566e-01,-7.324274282536498148e-01
5.054000000000022474e+00,-2.954644051261765547e-01,-3.440267150243666583e-01,-7.311552265951327678e-01
5.055000000000022808e+00,-2.952667451429670242e-01,-3.442092042980203215e-01,-7.298933202246886687e-01
5.056000000000023142e+00,-2.950682562212093574e-01,-3.443905095017254503e-01,-7.286417804699933942e-01
5.057000000000023476e+00,-2.948689416113665640e-01,-3.445706327828435556e-01,-7.274006785222962845e-01
5.058000000000023810e+00,-2.946688047233151364e-01,-3.447495764688510156e-01,-7.261700854396972993e-01
5.059000000000024144e+00,-2.944678491225705130e-01,-3.449273430642419980e-01,-7.249500721444666063e-01
5.060000000000024478e+00,-2.942660785234193499e-01,-3.451039352456375386e-01,-7.237407094137265906e-01
5.061000000000024812e+00,-2.940634967786730503e-01,-3.452793558549130948e-01,-7.225420678629672633e-01
5.062000000000025146e+00,-2.938601078658678034e-01,-3.454536078902291640e-01,-7.213542179220954198e-01
5.063000000000025480e+00,-2.936559158698880401e-01,-3.456266944949449305e-01,-7.201772298040174380e-01
5.064000000000025814e+00,-2.934509249621709559e-01,-3.457986189445095282e-01,-7.190111734661169818e-01
5.065000000000026148e+00,-2.932451393768458203e-01,-3.459693846315596844e-01,-7.178561185653836718e-01
5.066000000000026482e+00,-2.930385633843621829e-01,-3.461389950495823431e-01,-7.167121344083445811e-01
5.067000000000026816e+00,-2.928312012633367267e-01,-3.463074537756259397e-01,-7.155792898973087901e-01
5.068000000000027150e+00,-2.926230572714865197e-01,-3.464747644526403603e-01,-7.144576534747081320e-01
5.069000000000027484e+00,-2.924141356165967931e-01,-3.466409307720877409e-01,-7.133472930674759072e-01
5.070000000000027818e+00,-2.922044404284770414e-01,-3.468059564574801912e-01,-7.122482760334256646e-01
5.071000000000028152e+00,-2.919939757328007257e-01,-3.469698452494685004e-01,-7.111606691114651380e-01
5.072000000000028486e+00,-2.917827454280845778e-01,-3.471326008933345864e-01,-7.100845383785683307e-01
5.073000000000028820e+00,-2.915707532673621483e-01,-3.472942271299290784e-01,-7.090199492208053567e-01
5.074000000000029154e+00,-2.913580028428763846e-01,-3.474547276890463943e-01,-7.079669663090278897e-01
5.075000000000029488e+00,-2.911444975737021990e-01,-3.476141062852189378e-01,-7.069256535764590899e-01
5.076000000000029821e+00,-2.909302406964151544e-01,-3.477723666160282834e-01,-7.058960742038272729e-01
5.077000000000030155e+00,-2.907152352595641087e-01,-3.479295123634198461e-01,-7.048782906119703817e-01
5.078000000000030489e+00,-2.904994841214113555e-01,-3.480855471976820881e-01,-7.038723644612673302e-01
5.079000000000030823e+00,-2.902829899505221523e-01,-3.482404747838084291e-01,-7.028783566570629970e-01
5.080000000000031157e+00,-2.900657552287292384e-01,-3.483942987899198984e-01,-7.018963273601458441e-01
5.081000000000031491e+00,-2.898477822559873962e-01,-3.485470228974074103e-01,-7.009263360013016086e-01
5.082000000000031825e+00,-2.896290731566448784e-01,-3.486986508124579331e-01,-6.999684412989879423e-01
5.083000000000032159e+00,-2.894096298866917216e-01,-3.488491862786454734e-01,-6.990227012792410433e-01
5.084000000000032493e+00,-2.891894542415975877e-01,-3.489986330902982159e-01,-6.980891732970166963e-01
5.085000000000032827e+00,-2.889685478644069550e-01,-3.491469951063863042e-01,-6.971679140582738299e-01
5.086000000000033161e+00,-2.887469122538183219e-01,-3.492942762647102684e-01,-6.962589796422212762e-01
5.087000000000033495e+00,-2.885245487720372592e-01,-3.494404805962043059e-01,-6.953624255232533358e-01
5.088000000000033829e+00,-2.883014586522445466e-01,-3.495856122391960419e-01,-6.944783065922002230e-01
5.089000000000034163e+00,-2.880776430055805859e-01,-3.497296754534889307e-01,-6.936066771766097316e-01
5.090000000000034497e+00,-2.878531028275905790e-01,-3.498726746341472849e-01,-6.927475910598547282e-01
5.091000000000034831e+00,-2.876278390041255850e-01,-3.500146143248709096e-01,-6.919011014989366881e-01
5.092000000000035165e+00,-2.874018523167397587e-01,-3.501554992308416603e-01,-6.910672612409256566e-01
5.093000000000035499e+00,-2.871751434476721432e-01,-3.502953342309096385e-01,-6.902461225380557286e-01
5.094000000000035833e+00,-2.869477129845485752e-01,-3.504341243889556590e-01,-6.894377371615909578e-01
5.095000000000036167e+00,-2.867195614250054314e-01,-3.505718749642205978e-01,-6.886421564147106045e-01
5.096000000000036501e+00,-2.864906891815062195e-01,-3.507085914203240118e-01,-6.878594311448565923e-01
5.097000000000036835e+00,-2.862610965867216084e-01,-3.508442794325947189e-01,-6.870896117562941274e-01
5.098000000000037168e+00,-2.860307838999764929e-01,-3.509789448932000844e-01,-6.863327482241140531e-01
5.099000000000037502e+00,-2.857997513154555413e-01,-3.511125939133604157e-01,-6.855888901116738987e-01
5.100000000000037836e+00,-2.855679989731367829e-01,-3.512452328216545405e-01,-6.848580865947130336e-01
5.101000000000038170e+00,-2.853355269738360178e-01,-3.513768681569998664e-01,-6.841403864973885085e-01
5.102000000000038504e+00,-2.851023354003882071e-01,-3.515075066542608373e-01,-6.834358383487867394e-01
5.103000000000038838e+00,-2.848684243480070766e-01,-3.516371552194641481e-01,-6.827444904739465859e-01
5.104000000000039172e+00,-2.846337939684863150e-01,-3.517658208900633077e-01,-6.820663911425747239e-01
5.105000000000039506e+00,-2.843984445355297597e-01,-3.518935107732651391e-01,-6.814015888138157395e-01
5.106000000000039840e+00,-2.841623765426244397e-01,-3.520202319516386180e-01,-6.807501325399532011e-01
5.107000000000040174e+00,-2.839255908508446780e-01,-3.521459913397403940e-01,-6.801120726280164286e-01
5.108000000000040508e+00,-2.836880889104236303e-01,-3.522707954693125587e-01,-6.794874616971856573e-01
5.109000000000040842e+00,-2.834498730784974496e-01,-3.523946501802900921e-01,-6.788763562560345965e-01
5.110000000000041176e+00,-2.832109470188093336e-01,-3.525175602219906557e-01,-6.782788186688126775e-01
5.111000000000041510e+00,-2.829713160501620139e-01,-3.526395288619199042e-01,-6.776949185341564208e-01
5.112000000000041844e+00,-2.827309871399285024e-01,-3.527605577414131277e-01,-6.771247312256009065e-01
5.113000000000042178e+00,-2.824899683036304898e-01,-3.528806471966344227e-01,-6.765683318666025903e-01
5.114000000000042512e+00,-2.822482676490312148e-01,-3.529997969261334800e-01,-6.760257872263323309e-01
5.115000000000042846e+00,-2.820058926381399100e-01,-3.531180066095060965e-01,-6.754971508111644596e-01
5.116000000000043180e+00,-2.817628498838498086e-01,-3.532352762138889490e-01,-6.749824629771641327e-01
5.117000000000043514e+00,-2.815191453286963741e-01,-3.533516060397473568e-01,-6.744817538097095388e-01
5.118000000000043848e+00,-2.812747845129315305e-01,-3.534669966772478467e-01,-6.739950463329514863e-01
5.119000000000044182e+00,-2.810297727870049167e-01,-3.535814489675018768e-01,-6.735223590485904799e-01
5.120000000000044516e+00,-2.807841154493898594e-01,-3.536949639870699547e-01,-6.730637077081569331e-01
5.121000000000044849e+00,-2.805378178280661938e-01,-3.538075430495886686e-01,-6.726191064942990128e-01
5.122000000000045183e+00,-2.802908853247675358e-01,-3.539191877161970701e-01,-6.721885687964338496e-01
5.123000000000045517e+00,-2.800433234352587286e-01,-3.540298998087310633e-01,-6.717721077165499377e-01
5.124000000000045851e+00,-2.797951377539862339e-01,-3.541396814218571443e-01,-6.713697363946482533e-01
5.125000000000046185e+00,-2.795463339682352499e-01,-3.542485349318428844e-01,-6.709814682111395756e-01
5.126000000000046519e+00,-2.792969178449912215e-01,-3.543564630006860172e-01,-6.706073169031534498e-01
5.127000000000046853e+00,-2.790468952126013980e-01,-3.544634685750367442e-01,-6.702472966192201120e-01
5.128000000000047187e+00,-2.787962719387310218e-01,-3.545695548798694086e-01,-6.699014219291633543e-01
5.129000000000047521e+00,-2.785450539058151875e-01,-3.546747254072604716e-01,-6.695697078013295167e-01
5.130000000000047855e+00,-2.782932469850875057e-01,-3.547789839009302115e-01,-6.692521695562877460e-01
5.131000000000048189e+00,-2.780408570102240740e-01,-3.548823343374231110e-01,-6.689488228041496898e-01
5.132000000000048523e+00,-2.777878897516160572e-01,-3.549847809049309633e-01,-6.686596833712414867e-01
5.133000000000048857e+00,-2.775343508922319957e-01,-3.550863279808102457e-01,-6.683847672207753332e-01
5.134000000000049191e+00,-2.772802460059298202e-01,-3.551869801088076706e-01,-6.681240903712614143e-01
5.135000000000049525e+00,-2.770255805389180148e-01,-3.552867419769076274e-01,-6.678776688156073948e-01
5.136000000000049859e+00,-2.767703597948695249e-01,-3.553856183965543036e-01,-6.676455184431402401e-01
5.137000000000050193e+00,-2.765145889239611909e-01,-3.554836142838153079e-01,-6.674276549661414260e-01
5.138000000000050527e+00,-2.762582729158846728e-01,-3.555807346428533910e-01,-6.672240938519281572e-01
5.139000000000050861e+00,-2.760014165966733213e-01,-3.556769845518827355e-01,-6.670348502610365937e-01
5.140000000000051195e+00,-2.757440246290183694e-01,-3.557723691516226361e-01,-6.668599389916836095e-01
5.141000000000051529e+00,-2.754861015156342408e-01,-3.558668936361280011e-01,-6.666993744303923997e-01
5.142000000000051863e+00,-2.752276516051612720e-01,-3.559605632457847890e-01,-6.665531705084641878e-01
5.143000000000052196e+00,-2.749686791000719444e-01,-3.560533832621974870e-01,-6.664213406638517245e-01
5.144000000000052530e+00,-2.747091880660638141e-01,-3.561453590046706474e-01,-6.663038978079195429e-01
5.145000000000052864e+00,-2.744491824424584170e-01,-3.562364958279838345e-01,-6.662008542965596192e-01
5.146000000000053198e+00,-2.741886660531875908e-01,-3.563267991211748753e-01,-6.661122219051409665e-01
5.147000000000053532e+00,-2.739276426180138335e-01,-3.564162743070733441e-01,-6.660380118068078836e-01
5.148000000000053866e+00,-2.736661157636973707e-01,-3.565049268423600148e-01,-6.659782345536877646e-01
5.149000000000054200e+00,-2.734040890348899966e-01,-3.565927622179635992e-01,-6.659329000606216686e-01
5.150000000000054534e+00,-2.731415659045903777e-01,-3.566797859596392839e-01,-6.659020175910816963e-01
5.151000000000054868e+00,-2.728785497840480190e-01,-3.567660036286078307e-01,-6.658855957449894003e-01
5.152000000000055202e+00,-2.726150440320439516e-01,-3.568514208221601480e-01,-6.658836424481944238e-01
5.153000000000055536e+00,-2.723510519602171387e-01,-3.569360431714947990e-01,-6.658961649202517208e-01
5.154000000000055870e+00,-2.720865768339763013e-01,-3.570198763363616190e-01,-6.659231695768774717e-01
5.155000000000056204e+00,-2.718216218743486623e-01,-3.571029260007977935e-01,-6.659646619818045954e-01
5.156000000000056538e+00,-2.715561902640318825e-01,-3.571851978725690824e-01,-6.660206468431391080e-01
5.157000000000056872e+00,-2.712902851541388882e-01,-3.572666976834618646e-01,-6.660911280111523336e-01
5.158000000000057206e+00,-2.710239096701433370e-01,-3.573474311891460808e-01,-6.661761084777690911e-01
5.159000000000057540e+00,-2.707570669193845037e-01,-3.574274041702936167e-01,-6.662755903850060557e-01
5.160000000000057874e+00,-2.704897599973508093e-01,-3.575066224329936371e-01,-6.663895750340850244e-01
5.161000000000058208e+00,-2.702219919928288139e-01,-3.575850918085101693e-01,-6.665180628870234214e-01
5.162000000000058542e+00,-2.699537659911733778e-01,-3.576628181518417549e-01,-6.666610535680644878e-01
5.163000000000058876e+00,-2.696850850775430741e-01,-3.577398073403557088e-01,-6.668185458657300835e-01
5.164000000000059210e+00,-2.694159523397982037e-01,-3.578160652722770507e-01,-6.669905377354575782e-01
5.165000000000059543e+00,-2.691463708710972735e-01,-3.578915978650471508e-01,-6.671770263027838599e-01
5.166000000000059877e+00,-2.688763437722216931e-01,-3.579664110535696331e-01,-6.673780078670438209e-01
5.167000000000060211e+00,-2.686058741536608840e-01,-3.580405107883578575e-01,-6.675934779055492374e-01
5.168000000000060545e+00,-2.683349651374807854e-01,-3.581139030335994122e-01,-6.678234310782199534e-01
5.169000000000060879e+00,-2.680636198590030661e-01,-3.581865937651523280e-01,-6.680678612326366173e-01
5.170000000000061213e+00,-2.677918414683139181e-01,-3.582585889684857805e-01,-6.683267614094868803e-01
5.171000000000061547e+00,-2.675196331316230802e-01,-3.583298946365793824e-01,-6.686001238483784137e-01
5.172000000000061881e+00,-2.672469980324904126e-01,-3.584005167677912773e-01,-6.688879399939910986e-01
5.173000000000062215e+00,-2.669739393729356758e-01,-3.584704613637080262e-01,-6.691902005025425204e-01
5.174000000000062549e+00,-2.667004603744438374e-01,-3.585397344269852238e-01,-6.695068952485412339e-01
5.175000000000062883e+00,-2.664265642788807842e-01,-3.586083419591886701e-01,-6.698380133318027063e-01
5.176000000000063217e+00,-2.661522543493287651e-01,-3.586762899586452558e-01,-6.701835430847025155e-01
5.177000000000063551e+00,-2.658775338708515568e-01,-3.587435844183105571e-01,-6.705434720796433767e-01
5.178000000000063885e+00,-2.656024061511997880e-01,-3.588102313236612440e-01,-6.709177871367115742e-01
5.179000000000064219e+00,-2.653268745214636404e-01,-3.588762366506181301e-01,-6.713064743315000360e-01
5.180000000000064553e+00,-2.650509423366799178e-01,-3.589416063635059717e-01,-6.717095190030741847e-01
5.181000000000064887e+00,-2.647746129764014800e-01,-3.590063464130549553e-01,-6.721269057620595788e-01
5.182000000000065221e+00,-2.644978898452353677e-01,-3.590704627344488697e-01,-6.725586184988274763e-01
5.183000000000065555e+00,-2.642207763733557258e-01,-3.591339612454237940e-01,-6.730046403917592235e-01
5.184000000000065889e+00,-2.639432760169965198e-01,-3.591968478444210744e-01,-6.734649539155665998e-01
5.185000000000066223e+00,-2.636653922589314858e-01,-3.592591284087974235e-01,-6.739395408496489104e-01
5.186000000000066557e+00,-2.633871286089456420e-01,-3.593208087930954142e-01,-6.744283822864668432e-01
5.187000000000066890e+00,-2.631084886043039139e-01,-3.593818948273764802e-01,-6.749314586399134397e-01
5.188000000000067224e+00,-2.628294758102242001e-01,-3.594423923156186973e-01,-6.754487496536641933e-01
5.189000000000067558e+00,-2.625500938203587653e-01,-3.595023070341809013e-01,-6.759802344094871795e-01
5.190000000000067892e+00,-2.622703462572903987e-01,-3.595616447303352503e-01,-6.765258913354966763e-01
5.191000000000068226e+00,-2.619902367730513326e-01,-3.596204111208694543e-01,-6.770856982143327318e-01
5.192000000000068560e+00,-2.617097690496680285e-01,-3.596786118907600582e-01,-6.776596321912494725e-01
5.193000000000068894e+00,-2.614289467997420457e-01,-3.597362526919178904e-01,-6.782476697820974954e-01
5.194000000000069228e+00,-2.611477737670723220e-01,-3.597933391420072291e-01,-6.788497868811830260e-01
5.195000000000069562e+00,-2.608662537273258586e-01,-3.598498768233398537e-01,-6.794659587689904079e-01
5.196000000000069896e+00,-2.605843904887662488e-01,-3.599058712818450356e-01,-6.800961601197519357e-01
5.197000000000070230e+00,-2.603021878930477095e-01,-3.599613280261169113e-01,-6.807403650088513780e-01
5.198000000000070564e+00,-2.600196498160814995e-01,-3.600162525265406810e-01,-6.813985469200467548e-01
5.199000000000070898e+00,-2.597367801689877131e-01,-3.600706502144995769e-01,-6.820706787524994930e-01
5.200000000000071232e+00,-2.594535828991367810e-01,-3.601245264816636538e-01,-6.827567328275960801e-01
5.201000000000071566e+00,-2.591700619912941095e-01,-3.601778866793625689e-01,-6.834566808955498951e-01
5.202000000000071900e+00,-2.588862214688752994e-01,-3.602307361180446810e-01,-6.841704941417708907e-01
5.203000000000072234e+00,-2.586020653953220449e-01,-3.602830800668239131e-01,-6.848981431929905828e-01
5.204000000000072568e+00,-2.583175978756083735e-01,-3.603349237531169869e-01,-6.856395981231321324e-01
5.205000000000072902e+00,-2.580328230578843307e-01,-3.603862723623728614e-01,-6.863948284589140858e-01
5.206000000000073236e+00,-2.577477451352671034e-01,-3.604371310378963744e-01,-6.871638031851781125e-01
5.207000000000073570e+00,-2.574623683477845759e-01,-3.604875048807676952e-01,-6.879464907499323045e-01
5.208000000000073904e+00,-2.571766969844756501e-01,-3.605373989498580900e-01,-6.887428590691030417e-01
5.209000000000074238e+00,-2.568907353856495490e-01,-3.605868182619428319e-01,-6.895528755309896507e-01
5.210000000000074571e+00,-2.566044879453033278e-01,-3.606357677919088678e-01,-6.903765070004187487e-01
5.211000000000074905e+00,-2.563179591136900415e-01,-3.606842524730551891e-01,-6.912137198225993817e-01
5.212000000000075239e+00,-2.560311534000271338e-01,-3.607322771974798004e-01,-6.920644798266809561e-01
5.213000000000075573e+00,-2.557440753753266183e-01,-3.607798468165446248e-01,-6.929287523290235118e-01
5.214000000000075907e+00,-2.554567296753197381e-01,-3.608269661414064133e-01,-6.938065021361937701e-01
5.215000000000076241e+00,-2.551691210034400248e-01,-3.608736399435957254e-01,-6.946976935477071624e-01
5.216000000000076575e+00,-2.548812541338180138e-01,-3.609198729556206686e-01,-6.956022903585450390e-01
5.217000000000076909e+00,-2.545931339142247785e-01,-3.609656698715664191e-01,-6.965202558614831396e-01
5.218000000000077243e+00,-2.543047652688927851e-01,-3.610110353476521095e-01,-6.974515528492798433e-01
5.219000000000077577e+00,-2.540161532011229184e-01,-3.610559740026991205e-01,-6.983961436167810399e-01
5.220000000000077911e+00,-2.537273027955754268e-01,-3.611004904184567099e-01,-6.993539899630120127e-01
5.221000000000078245e+00,-2.534382192201277695e-01,-3.611445891397209174e-01,-7.003250531933352674e-01
5.222000000000078579e+00,-2.531489077271701360e-01,-3.611882746741766348e-01,-7.013092941217645704e-01
5.223000000000078913e+00,-2.528593736542056325e-01,-3.612315514918856829e-01,-7.023066730735315621e-01
5.224000000000079247e+00,-2.525696224236171350e-01,-3.612744240243412897e-01,-7.033171498880057548e-01
5.225000000000079581e+00,-2.522796595414718013e-01,-3.613168966630118661e-01,-7.043406839220671678e-01
5.226000000000079915e+00,-2.519894905952503317e-01,-3.613589737573030258e-01,-7.053772340540225283e-01
5.227000000000080249e+00,-2.516991212504128272e-01,-3.614006596118806147e-01,-7.064267586881409766e-01
5.228000000000080583e+00,-2.514085572457525064e-01,-3.614419584833183374e-01,-7.074892157598620113e-01
5.229000000000080917e+00,-2.511178043875353927e-01,-3.614828745760614859e-01,-7.085645627416955472e-01
5.230000000000081251e+00,-2.508268685424792643e-01,-3.615234120377314175e-01,-7.096527566497978778e-01
5.231000000000081585e+00,-2.505357556296848864e-01,-3.615635749538331223e-01,-7.107537540511628116e-01
5.232000000000081918e+00,-2.502444716116910550e-01,-3.616033673419665750e-01,-7.118675110713248433e-01
5.233000000000082252e+00,-2.499530224848776072e-01,-3.616427931456798195e-01,-7.129939834024292544e-01
5.234000000000082586e+00,-2.496614142694815186e-01,-3.616818562281300942e-01,-7.141331263114896188e-01
5.235000000000082920e+00,-2.493696529995147460e-01,-3.617205603657412949e-01,-7.152848946486302095e-01
5.236000000000083254e+00,-2.490777447128807998e-01,-3.617589092420543939e-01,-7.164492428550992553e-01
5.237000000000083588e+00,-2.487856954419683797e-01,-3.617969064419621072e-01,-7.176261249708422163e-01
5.238000000000083922e+00,-2.484935112051402939e-01,-3.618345554466395053e-01,-7.188154946418595648e-01
5.239000000000084256e+00,-2.482011980016340935e-01,-3.618718596312344160e-01,-7.200173051351275166e-01
5.240000000000084590e+00,-2.479087618070083820e-01,-3.619088222629536777e-01,-7.212315093562515766e-01
5.241000000000084924e+00,-2.476162085693062176e-01,-3.619454464996836318e-01,-7.224580598554397604e-01
5.242000000000085258e+00,-2.473235442042065468e-01,-3.619817353877178845e-01,-7.236969088305275077e-01
5.243000000000085592e+00,-2.470307745917394993e-01,-3.620176918607185268e-01,-7.249480081289726430e-01
5.244000000000085926e+00,-2.467379055741173444e-01,-3.620533187395575392e-01,-7.262113092488535759e-01
5.245000000000086260e+00,-2.464449429545637615e-01,-3.620886187329563910e-01,-7.274867633389359156e-01
5.246000000000086594e+00,-2.461518924970210742e-01,-3.621235944388379591e-01,-7.287743211978904290e-01
5.247000000000086928e+00,-2.458587599266011114e-01,-3.621582483462918445e-01,-7.300739332727594899e-01
5.248000000000087262e+00,-2.455655509306444717e-01,-3.621925828380506140e-01,-7.313855496567773784e-01
5.249000000000087596e+00,-2.452722711602566275e-01,-3.622266001933743818e-01,-7.327091200866475695e-01
5.250000000000087930e+00,-2.449789262321988570e-01,-3.622603025912466967e-01,-7.340445939393797081e-01
5.251000000000088264e+00,-2.446855217310255348e-01,-3.622936921137924204e-01,-7.353919202287797496e-01
5.252000000000088598e+00,-2.443920632113729674e-01,-3.623267707498374901e-01,-7.367510476016796428e-01
5.253000000000088932e+00,-2.440985562003198384e-01,-3.623595403985416241e-01,-7.381219243339821601e-01
5.254000000000089265e+00,-2.438050061997534268e-01,-3.623920028730461818e-01,-7.395044983265870453e-01
5.255000000000089599e+00,-2.435114186886924159e-01,-3.624241599040879391e-01,-7.408987171012535455e-01
5.256000000000089933e+00,-2.432177991255236593e-01,-3.624560131435414223e-01,-7.423045277964475108e-01
5.257000000000090267e+00,-2.429241529501250385e-01,-3.624875641678589888e-01,-7.437218771632096992e-01
5.258000000000090601e+00,-2.426304855858556486e-01,-3.625188144813869529e-01,-7.451507115610769283e-01
5.259000000000090935e+00,-2.423368024413978805e-01,-3.625497655195411562e-01,-7.465909769540803875e-01
5.260000000000091269e+00,-2.420431089124466251e-01,-3.625804186518316041e-01,-7.480426189068393183e-01
5.261000000000091603e+00,-2.417494103832423802e-01,-3.626107751847306160e-01,-7.495055825807651617e-01
5.262000000000091937e+00,-2.414557122279503698e-01,-3.626408363643806032e-01,-7.509798127303851656e-01
5.263000000000092271e+00,-2.411620198118902270e-01,-3.626706033791431971e-01,-7.524652536997937791e-01
5.264000000000092605e+00,-2.408683384926209037e-01,-3.627000773619913354e-01,-7.539618494192361631e-01
5.265000000000092939e+00,-2.405746736208909109e-01,-3.627292593927491371e-01,-7.554695434018255940e-01
5.266000000000093273e+00,-2.402810305414599945e-01,-3.627581505001838957e-01,-7.569882787403975355e-01
5.267000000000093607e+00,-2.399874145938023506e-01,-3.627867516639582957e-01,-7.585179981044982700e-01
5.268000000000093941e+00,-2.396938311127007060e-01,-3.628150638164477360e-01,-7.600586437375088655e-01
5.269000000000094275e+00,-2.394002854287384796e-01,-3.628430878444313668e-01,-7.616101574539012597e-01
5.270000000000094609e+00,-2.391067828687021279e-01,-3.628708245906639429e-01,-7.631724806366252389e-01
5.271000000000094943e+00,-2.388133287558981133e-01,-3.628982748553348237e-01,-7.647455542346233148e-01
5.272000000000095277e+00,-2.385199284103953765e-01,-3.629254393974234993e-01,-7.663293187604711676e-01
5.273000000000095611e+00,-2.382265871492003084e-01,-3.629523189359561974e-01,-7.679237142881398803e-01
5.274000000000095945e+00,-2.379333102863699922e-01,-3.629789141511728379e-01,-7.695286804508781886e-01
5.275000000000096279e+00,-2.376401031330712676e-01,-3.630052256856091675e-01,-7.711441564392113035e-01
5.276000000000096612e+00,-2.373469709975923880e-01,-3.630312541451015118e-01,-7.727700809990531994e-01
5.277000000000096946e+00,-2.370539191853097138e-01,-3.630570000997191404e-01,-7.744063924299303681e-01
5.278000000000097280e+00,-2.367609529986185457e-01,-3.630824640846311846e-01,-7.760530285833134867e-01
5.279000000000097614e+00,-2.364680777368294295e-01,-3.631076466009121040e-01,-7.777099268610552230e-01
5.280000000000097948e+00,-2.361752986960353740e-01,-3.631325481162918645e-01,-7.793770242139311799e-01
5.281000000000098282e+00,-2.358826211689528662e-01,-3.631571690658543794e-01,-7.810542571402825374e-01
5.282000000000098616e+00,-2.355900504447420163e-01,-3.631815098526900432e-01,-7.827415616847569479e-01
5.283000000000098950e+00,-2.352975918088056062e-01,-3.632055708485051326e-01,-7.844388734371469107e-01
5.284000000000099284e+00,-2.350052505425724858e-01,-3.632293523941929614e-01,-7.861461275313227359e-01
5.285000000000099618e+00,-2.347130319232669793e-01,-3.632528548003693958e-01,-7.878632586442595453e-01
5.286000000000099952e+00,-2.344209412236638590e-01,-3.632760783478772848e-01,-7.895902009951550893e-01
5.287000000000100286e+00,-2.341289837118358808e-01,-3.632990232882615245e-01,-7.913268883446381574e-01
5.288000000000100620e+00,-2.338371646508902169e-01,-3.633216898442190312e-01,-7.930732539940654746e-01
5.289000000000100954e+00,-2.335454892986982278e-01,-3.633440782100251232e-01,-7.948292307849057492e-01
5.290000000000101288e+00,-2.332539629076191279e-01,-3.633661885519393620e-01,-7.965947510982102076e-01
5.291000000000101622e+00,-2.329625907242186544e-01,-3.633880210085936313e-01,-7.983697468541673947e-01
5.292000000000101956e+00,-2.326713779889828526e-01,-3.634095756913630071e-01,-8.001541495117424629e-01
5.293000000000102290e+00,-2.323803299360293062e-01,-3.634308526847234710e-01,-8.019478900683985056e-01
5.294000000000102624e+00,-2.320894517928155931e-01,-3.634518520465967462e-01,-8.037508990599003811e-01
5.295000000000102958e+00,-2.317987487798448543e-01,-3.634725738086842517e-01,-8.055631065601993601e-01
5.296000000000103292e+00,-2.315082261103702521e-01,-3.634930179767922875e-01,-8.073844421813974881e-01
5.297000000000103626e+00,-2.312178889900987633e-01,-3.635131845311493359e-01,-8.092148350737918827e-01
5.298000000000103960e+00,-2.309277426168928615e-01,-3.635330734267170905e-01,-8.110542139259971917e-01
5.299000000000104293e+00,-2.306377921804727560e-01,-3.635526845934959894e-01,-8.129025069651464319e-01
5.300000000000104627e+00,-2.303480428621171860e-01,-3.635720179368269189e-01,-8.147596419571687676e-01
5.301000000000104961e+00,-2.300584998343649934e-01,-3.635910733376900850e-01,-8.166255462071442262e-01
5.302000000000105295e+00,-2.297691682607161390e-01,-3.636098506530012209e-01,-8.185001465597342429e-01
5.303000000000105629e+00,-2.294800532953326089e-01,-3.636283497159070177e-01,-8.203833693996881449e-01
5.304000000000105963e+00,-2.291911600827394313e-01,-3.636465703360799995e-01,-8.222751406524237971e-01
5.305000000000106297e+00,-2.289024937575262486e-01,-3.636645123000135649e-01,-8.241753857846839670e-01
5.306000000000106631e+00,-2.286140594440486673e-01,-3.636821753713180283e-01,-8.260840298052650743e-01
5.307000000000106965e+00,-2.283258622561297191e-01,-3.636995592910180486e-01,-8.280009972658208817e-01
5.308000000000107299e+00,-2.280379072967622101e-01,-3.637166637778524447e-01,-8.299262122617376836e-01
5.309000000000107633e+00,-2.277501996578104038e-01,-3.637334885285760655e-01,-8.318595984330828808e-01
5.310000000000107967e+00,-2.274627444197121484e-01,-3.637500332182651563e-01,-8.338010789656250532e-01
5.311000000000108301e+00,-2.271755466511815591e-01,-3.637662975006257793e-01,-8.357505765919255314e-01
5.312000000000108635e+00,-2.268886114089115891e-01,-3.637822810083059522e-01,-8.377080135925003557e-01
5.313000000000108969e+00,-2.266019437372764900e-01,-3.637979833532121177e-01,-8.396733117970535121e-01
5.314000000000109303e+00,-2.263155486680217265e-01,-3.638134041268147323e-01,-8.416463925857115003e-01
5.315000000000109637e+00,-2.260294312195059163e-01,-3.638285428999594728e-01,-8.436271768874175070e-01
5.316000000000109971e+00,-2.257435963959709690e-01,-3.638433992227126934e-01,-8.456155851760203124e-01
5.317000000000110305e+00,-2.254580491868674041e-01,-3.638579726242689993e-01,-8.476115374707517969e-01
5.318000000000110639e+00,-2.251727945666636144e-01,-3.638722626134012206e-01,-8.496149533380134011e-01
5.319000000000110973e+00,-2.248878375213373415e-01,-3.638862687065034796e-01,-8.516257519781320617e-01
5.320000000000111307e+00,-2.246031830852770472e-01,-3.638999904668518970e-01,-8.536438524454826871e-01
5.321000000000111640e+00,-2.243188363701156263e-01,-3.639134275358679727e-01,-8.556691737204564774e-01
5.322000000000111974e+00,-2.240348025619232075e-01,-3.639265796319792745e-01,-8.577016347096505511e-01
5.323000000000112308e+00,-2.237510869176847494e-01,-3.639394465486922026e-01,-8.597411542463599954e-01
5.324000000000112642e+00,-2.234676947634489652e-01,-3.639520281543768276e-01,-8.617876510913559107e-01
5.325000000000112976e+00,-2.231846314924772479e-01,-3.639643243920417381e-01,-8.638410439339373470e-01
5.326000000000113310e+00,-2.229019025633933726e-01,-3.639763352791003381e-01,-8.659012513932423660e-01
5.327000000000113644e+00,-2.226195134983351975e-01,-3.639880609071275419e-01,-8.679681920198045741e-01
5.328000000000113978e+00,-2.223374698811111383e-01,-3.639995014416079755e-01,-8.700417842973415805e-01
5.329000000000114312e+00,-2.220557773553634151e-01,-3.640106571216752962e-01,-8.721219466447608371e-01
5.330000000000114646e+00,-2.217744416227386273e-01,-3.640215282598428526e-01,-8.742085974183698704e-01
5.331000000000114980e+00,-2.214934684410695409e-01,-3.640321152417264061e-01,-8.763016549142763623e-01
5.332000000000115314e+00,-2.212128636225685341e-01,-3.640424185257585266e-01,-8.784010373709641994e-01
5.333000000000115648e+00,-2.209326330320348086e-01,-3.640524386428954928e-01,-8.805066629720321725e-01
5.334000000000115982e+00,-2.206527825850775892e-01,-3.640621761963165337e-01,-8.826184498490809993e-01
5.335000000000116316e+00,-2.203733182463581963e-01,-3.640716318611160740e-01,-8.847363160847342423e-01
5.336000000000116650e+00,-2.200942460278506596e-01,-3.640808063839891529e-01,-8.868601797157805722e-01
5.337000000000116984e+00,-2.198155719871255354e-01,-3.640897005829105693e-01,-8.889899587364217259e-01
5.338000000000117318e+00,-2.195373022256571494e-01,-3.640983153468076439e-01,-8.911255711016137226e-01
5.339000000000117652e+00,-2.192594428871572632e-01,-3.641066516352282068e-01,-8.932669347304857954e-01
5.340000000000117986e+00,-2.189820001559370510e-01,-3.641147104780025345e-01,-8.954139675098238271e-01
5.341000000000118320e+00,-2.187049802552996081e-01,-3.641224929749014572e-01,-8.975665872976039683e-01
5.342000000000118654e+00,-2.184283894459657649e-01,-3.641300002952899129e-01,-8.997247119265614490e-01
5.343000000000118987e+00,-2.181522340245343194e-01,-3.641372336777776719e-01,-9.018882592077805960e-01
5.344000000000119321e+00,-2.178765203219806823e-01,-3.641441944298663413e-01,-9.040571469342912891e-01
5.345000000000119655e+00,-2.176012547021952681e-01,-3.641508839275953147e-01,-9.062312928846564253e-01
5.346000000000119989e+00,-2.173264435605647416e-01,-3.641573036151853904e-01,-9.084106148265359559e-01
5.347000000000120323e+00,-2.170520933225991156e-01,-3.641634550046826124e-01,-9.105950305202115125e-01
5.348000000000120657e+00,-2.167782104426064782e-01,-3.641693396756021106e-01,-9.127844577220557420e-01
5.349000000000120991e+00,-2.165048014024198997e-01,-3.641749592745731623e-01,-9.149788141879305892e-01
5.350000000000121325e+00,-2.162318727101778526e-01,-3.641803155149874183e-01,-9.171780176764976478e-01
5.351000000000121659e+00,-2.159594308991630296e-01,-3.641854101766499041e-01,-9.193819859524231530e-01
5.352000000000121993e+00,-2.156874825267016682e-01,-3.641902451054360168e-01,-9.215906367894604045e-01
5.353000000000122327e+00,-2.154160341731281569e-01,-3.641948222129541279e-01,-9.238038879733911912e-01
5.354000000000122661e+00,-2.151450924408172538e-01,-3.641991434762171242e-01,-9.260216573048073441e-01
5.355000000000122995e+00,-2.148746639532889136e-01,-3.642032109373235516e-01,-9.282438626017118777e-01
5.356000000000123329e+00,-2.146047553543900532e-01,-3.642070267031507491e-01,-9.304704217019209578e-01
5.357000000000123663e+00,-2.143353733075564760e-01,-3.642105929450626944e-01,-9.327012524652436021e-01
5.358000000000123997e+00,-2.140665244951601709e-01,-3.642139118986337798e-01,-9.349362727754176872e-01
5.359000000000124331e+00,-2.137982156179468740e-01,-3.642169858633929613e-01,-9.371754005417797240e-01
5.360000000000124665e+00,-2.135304533945683314e-01,-3.642198172025896685e-01,-9.394185537006430886e-01
5.361000000000124999e+00,-2.132632445612142602e-01,-3.642224083429857484e-01,-9.416656502163610609e-01
5.362000000000125333e+00,-2.129965958713496699e-01,-3.642247617746764976e-01,-9.439166080820476923e-01
5.363000000000125667e+00,-2.127305140955619844e-01,-3.642268800509450566e-01,-9.461713453199313006e-01
5.364000000000126001e+00,-2.124650060215237390e-01,-3.642287657881539409e-01,-9.484297799813128371e-01
5.365000000000126334e+00,-2.122000784540759577e-01,-3.642304216656781501e-01,-9.506918301461015908e-01
5.366000000000126668e+00,-2.119357382154367642e-01,-3.642318504258847400e-01,-9.529574139219013640e-01
5.367000000000127002e+00,-2.116719921455401110e-01,-3.642330548741631313e-01,-9.552264494426211394e-01
5.368000000000127336e+00,-2.114088471025090676e-01,-3.642340378790118738e-01,-9.574988548665829269e-01
5.369000000000127670e+00,-2.111463099632659990e-01,-3.642348023721854178e-01,-9.597745483741059180e-01
5.370000000000128004e+00,-2.108843876242831872e-01,-3.642353513489067218e-01,-9.620534481645445224e-01
5.371000000000128338e+00,-2.106230870024742297e-01,-3.642356878681483612e-01,-9.643354724527666288e-01
5.372000000000128672e+00,-2.103624150362259915e-01,-3.642358150529868555e-01,-9.666205394650616567e-01
5.373000000000129006e+00,-2.101023786865671150e-01,-3.642357360910308817e-01,-9.689085674344789512e-01
5.374000000000129340e+00,-2.098429849384695345e-01,-3.642354542349247604e-01,-9.711994745956055164e-01
5.375000000000129674e+00,-2.095842408022713377e-01,-3.642349728029247169e-01,-9.734931791788081767e-01
5.376000000000130008e+00,-2.093261533152106502e-01,-3.642342951795432549e-01,-9.757895994039816889e-01
5.377000000000130342e+00,-2.090687295430498915e-01,-3.642334248162533150e-01,-9.780886534738651994e-01
5.378000000000130676e+00,-2.088119765817708640e-01,-3.642323652322377869e-01,-9.803902595670148656e-01
5.379000000000131010e+00,-2.085559015593064780e-01,-3.642311200151671091e-01,-9.826943358305507692e-01
5.380000000000131344e+00,-2.083005116372763643e-01,-3.642296928219773133e-01,-9.850008003728278894e-01
5.381000000000131678e+00,-2.080458140126818511e-01,-3.642280873796167606e-01,-9.873095712562204307e-01
5.382000000000132012e+00,-2.077918159195071279e-01,-3.642263074857186034e-01,-9.896205664902456567e-01
5.383000000000132346e+00,-2.075385246301695297e-01,-3.642243570091490690e-01,-9.919337040252963478e-01
5.384000000000132680e+00,-2.072859474567543270e-01,-3.642222398903711689e-01,-9.942489017472865287e-01
5.385000000000133014e+00,-2.070340917519609691e-01,-3.642199601415564425e-01,-9.965660774735509708e-01
5.386000000000133348e+00,-2.067829649096899480e-01,-3.642175218463694630e-01,-9.988851489503610681e-01
5.387000000000133682e+00,-2.065325743651960089e-01,-3.642149291593465010e-01,-1.001206033852429123e+00
5.388000000000134015e+00,-2.062829275947377639e-01,-3.642121863047888541e-01,-1.003528649784765081e+00
5.389000000000134349e+00,-2.060340321146660880e-01,-3.642092975750965134e-01,-1.005852914287212130e+00
5.390000000000134683e+00,-2.057858954799018925e-01,-3.642062673284783836e-01,-1.008178744841928820e+00
5.391000000000135017e+00,-2.055385252817782948e-01,-3.642030999859920404e-01,-1.010506058883991809e+00
5.392000000000135351e+00,-2.052919291452420802e-01,-3.641998000278918179e-01,-1.012834773815173728e+00
5.393000000000135685e+00,-2.050461147254393213e-01,-3.641963719892925000e-01,-1.015164807020805915e+00
5.394000000000136019e+00,-2.048010897037350064e-01,-3.641928204551919124e-01,-1.017496075889479101e+00
5.395000000000136353e+00,-2.045568617832482783e-01,-3.641891500549324645e-01,-1.019828497835171488e+00
5.396000000000136687e+00,-2.043134386840049777e-01,-3.641853654562159925e-01,-1.022161990321243996e+00
5.397000000000137021e+00,-2.040708281378322830e-01,-3.641814713588196750e-01,-1.024496470885619237e+00
5.398000000000137355e+00,-2.038290378831274507e-01,-3.641774724881827741e-01,-1.026831857166373929e+00
5.399000000000137689e+00,-2.035880756596375463e-01,-3.641733735890469448e-01,-1.029168066926942515e+00
5.400000000000138023e+00,-2.033479492033788416e-01,-3.641691794193349097e-01,-1.031505018080140612e+00
5.401000000000138357e+00,-2.031086662418094546e-01,-3.641648947444418027e-01,-1.033842628710291089e+00
5.402000000000138691e+00,-2.028702344893499321e-01,-3.641605243320907292e-01,-1.036180817092843043e+00
5.403000000000139025e+00,-2.026326616433188343e-01,-3.641560729478756087e-01,-1.038519501711016702e+00
5.404000000000139359e+00,-2.023959553803242883e-01,-3.641515453515788425e-01,-1.040858601269170292e+00
5.405000000000139693e+00,-2.021601233531282737e-01,-3.641469462943136559e-01,-1.043198034702741861e+00
5.406000000000140027e+00,-2.019251731879747602e-01,-3.641422805165055454e-01,-1.045537721184777169e+00
5.407000000000140361e+00,-2.016911124823576040e-01,-3.641375527466939044e-01,-1.047877580129180641e+00
5.408000000000140695e+00,-2.014579488031857935e-01,-3.641327677011095831e-01,-1.050217531190936748e+00
5.409000000000141029e+00,-2.012256896852991916e-01,-3.641279300839606048e-01,-1.052557494263620885e+00
5.410000000000141362e+00,-2.009943426302787106e-01,-3.641230445883472666e-01,-1.054897389474568570e+00
5.411000000000141696e+00,-2.007639151054974036e-01,-3.641181158977178645e-01,-1.057237137178092201e+00
5.412000000000142030e+00,-2.005344145433610725e-01,-3.641131486877742240e-01,-1.059576657947134404e+00
5.413000000000142364e+00,-2.003058483406875423e-01,-3.641081476287384433e-01,-1.061915872563728991e+00
5.414000000000142698e+00,-2.000782238581840788e-01,-3.641031173878965244e-01,-1.064254702008613718e+00
5.415000000000143032e+00,-1.998515484199856473e-01,-3.640980626323427893e-01,-1.066593067450298804e+00
5.416000000000143366e+00,-1.996258293132248118e-01,-3.640929880318559686e-01,-1.068930890233859676e+00
5.417000000000143700e+00,-1.994010737876076300e-01,-3.640878982618488413e-01,-1.071268091869677530e+00
5.418000000000144034e+00,-1.991772890549782238e-01,-3.640827980063403024e-01,-1.073604594022313119e+00
5.419000000000144368e+00,-1.989544822888592579e-01,-3.640776919609096662e-01,-1.075940318499664095e+00
5.420000000000144702e+00,-1.987326606239565585e-01,-3.640725848355988448e-01,-1.078275187242519584e+00
5.421000000000145036e+00,-1.985118311556239856e-01,-3.640674813577364777e-01,-1.080609122314601045e+00
5.422000000000145370e+00,-1.982920009392848959e-01,-3.640623862746641404e-01,-1.082942045893149574e+00
5.423000000000145704e+00,-1.980731769898091965e-01,-3.640573043563500311e-01,-1.085273880260103851e+00
5.424000000000146038e+00,-1.978553662808465452e-01,-3.640522403978797561e-01,-1.087604547793889820e+00
5.425000000000146372e+00,-1.976385757441181390e-01,-3.640471992218184405e-01,-1.089933970961836751e+00
5.426000000000146706e+00,-1.974228122686700893e-01,-3.640421856804408329e-01,-1.092262072313215926e+00
5.427000000000147040e+00,-1.972080827000913805e-01,-3.640372046578279619e-01,-1.094588774472897930e+00
5.428000000000147374e+00,-1.969943938397004102e-01,-3.640322610718329521e-01,-1.096914000135610578e+00
5.429000000000147708e+00,-1.967817524437043275e-01,-3.640273598759175000e-01,-1.099237672060780158e+00
5.430000000000148042e+00,-1.965701652223343920e-01,-3.640225060608631158e-01,-1.101559713067936430e+00
5.431000000000148376e+00,-1.963596388389620140e-01,-3.640177046563626284e-01,-1.103880046032652995e+00
5.432000000000148709e+00,-1.961501799091990295e-01,-3.640129607324966154e-01,-1.106198593883003456e+00
5.433000000000149043e+00,-1.959417949999850972e-01,-3.640082794011001988e-01,-1.108515279596505865e+00
5.434000000000149377e+00,-1.957344906286656583e-01,-3.640036658170273665e-01,-1.110830026197531240e+00
5.435000000000149711e+00,-1.955282732620641228e-01,-3.639991251793179838e-01,-1.113142756755153062e+00
5.436000000000150045e+00,-1.953231493155508369e-01,-3.639946627322743766e-01,-1.115453394381416219e+00
5.437000000000150379e+00,-1.951191251521093850e-01,-3.639902837664533153e-01,-1.117761862230000736e+00
5.438000000000150713e+00,-1.949162070814058900e-01,-3.639859936195802836e-01,-1.120068083495264988e+00
5.439000000000151047e+00,-1.947144013588610889e-01,-3.639817976773913055e-01,-1.122371981411645958e+00
5.440000000000151381e+00,-1.945137141847266271e-01,-3.639777013744094902e-01,-1.124673479253403219e+00
5.441000000000151715e+00,-1.943141517031697907e-01,-3.639737101946617370e-01,-1.126972500334689320e+00
5.442000000000152049e+00,-1.941157200013651218e-01,-3.639698296723417048e-01,-1.129268968009935703e+00
5.443000000000152383e+00,-1.939184251085970256e-01,-3.639660653924252087e-01,-1.131562805674540595e+00
5.444000000000152717e+00,-1.937222729953731459e-01,-3.639624229912440390e-01,-1.133853936765850667e+00
5.445000000000153051e+00,-1.935272695725507308e-01,-3.639589081570238083e-01,-1.136142284764429133e+00
5.446000000000153385e+00,-1.933334206904759878e-01,-3.639555266303924896e-01,-1.138427773195602288e+00
5.447000000000153719e+00,-1.931407321381400921e-01,-3.639522842048654172e-01,-1.140710325631282496e+00
5.448000000000154053e+00,-1.929492096423508496e-01,-3.639491867273128567e-01,-1.142989865692064733e+00
5.449000000000154387e+00,-1.927588588669220115e-01,-3.639462400984171953e-01,-1.145266317049595362e+00
5.450000000000154721e+00,-1.925696854118834622e-01,-3.639434502731260790e-01,-1.147539603429216237e+00
5.451000000000155055e+00,-1.923816948127112791e-01,-3.639408232611079375e-01,-1.149809648612886148e+00
5.452000000000155389e+00,-1.921948925395808860e-01,-3.639383651272186104e-01,-1.152076376442386474e+00
5.453000000000155723e+00,-1.920092839966456300e-01,-3.639360819919846279e-01,-1.154339710822817278e+00
5.454000000000156057e+00,-1.918248745213418927e-01,-3.639339800321131912e-01,-1.156599575726394047e+00
5.455000000000156390e+00,-1.916416693837231788e-01,-3.639320654810352940e-01,-1.158855895196555963e+00
5.456000000000156724e+00,-1.914596737858265119e-01,-3.639303446294915867e-01,-1.161108593352398133e+00
5.457000000000157058e+00,-1.912788928610724692e-01,-3.639288238261693120e-01,-1.163357594393443550e+00
5.458000000000157392e+00,-1.910993316735289937e-01,-3.639275094781577735e-01,-1.165602822603939437e+00
5.459000000000157726e+00,-1.909209952165442647e-01,-3.639264080505362764e-01,-1.167844202351892458e+00
5.460000000000158060e+00,-1.907438884116723354e-01,-3.639255260663873393e-01,-1.170081658089879406e+00
5.461000000000158394e+00,-1.905680161079681412e-01,-3.639248701073418690e-01,-1.172315114361046406e+00
5.462000000000158728e+00,-1.903933830817026163e-01,-3.639244468147325162e-01,-1.174544495805807331e+00
5.463000000000159062e+00,-1.902199940360203012e-01,-3.639242628906922961e-01,-1.176769727168907043e+00
5.464000000000159396e+00,-1.900478536006301455e-01,-3.639243250993233203e-01,-1.178990733306812144e+00
5.465000000000159730e+00,-1.898769663315179601e-01,-3.639246402679125469e-01,-1.181207439195349762e+00
5.466000000000160064e+00,-1.897073367106510977e-01,-3.639252152881539693e-01,-1.183419769937458454e+00
5.467000000000160398e+00,-1.895389691456379477e-01,-3.639260571173079106e-01,-1.185627650770820107e+00
5.468000000000160732e+00,-1.893718679692693030e-01,-3.639271727791872912e-01,-1.187831007075003997e+00
5.469000000000161066e+00,-1.892060374388272459e-01,-3.639285693647962838e-01,-1.190029764377526389e+00
5.470000000000161400e+00,-1.890414811349097057e-01,-3.639302534663516053e-01,-1.192223846519852248e+00
5.471000000000161734e+00,-1.888782021609729522e-01,-3.639322313851356405e-01,-1.194413173629595759e+00
5.472000000000162068e+00,-1.887162030736656559e-01,-3.639345090725556453e-01,-1.196597666459109810e+00
5.473000000000162402e+00,-1.885554868290104658e-01,-3.639370930264069215e-01,-1.198777247160907278e+00
5.474000000000162736e+00,-1.883960565535983678e-01,-3.639399900590868930e-01,-1.200951839149388300e+00
5.475000000000163070e+00,-1.882379155180544661e-01,-3.639432072602012957e-01,-1.203121366972155881e+00
5.476000000000163404e+00,-1.880810671127749467e-01,-3.639467519591785827e-01,-1.205285756187803425e+00
5.477000000000163737e+00,-1.879255148254942442e-01,-3.639506316858947543e-01,-1.207444933245668262e+00
5.478000000000164071e+00,-1.877712622199172454e-01,-3.639548541263918358e-01,-1.209598825360646002e+00
5.479000000000164405e+00,-1.876183129139828987e-01,-3.639594270696541733e-01,-1.211747360372481541e+00
5.480000000000164739e+00,-1.874666705552170409e-01,-3.639643583411242833e-01,-1.213890466575183513e+00
5.481000000000165073e+00,-1.873163387894586362e-01,-3.639696557223370821e-01,-1.216028072504431679e+00
5.482000000000165407e+00,-1.871673212199393976e-01,-3.639753268675205433e-01,-1.218160106691858369e+00
5.483000000000165741e+00,-1.870196213585965106e-01,-3.639813792415219074e-01,-1.220286497435237871e+00
5.484000000000166075e+00,-1.868732425779721096e-01,-3.639878201008632796e-01,-1.222407172649672802e+00
5.485000000000166409e+00,-1.867281880731669341e-01,-3.639946565175039006e-01,-1.224522059820328135e+00
5.486000000000166743e+00,-1.865844608374815916e-01,-3.640018954240037963e-01,-1.226631086022462069e+00
5.487000000000167077e+00,-1.864420636486624483e-01,-3.640095436580009780e-01,-1.228734177965082885e+00
5.488000000000167411e+00,-1.863009990607754629e-01,-3.640176079966093159e-01,-1.230831262033359241e+00
5.489000000000167745e+00,-1.861612693983083489e-01,-3.640260951805346923e-01,-1.232922264321217876e+00
5.490000000000168079e+00,-1.860228767508238512e-01,-3.640350119302486753e-01,-1.235007110653054019e+00
5.491000000000168413e+00,-1.858858229674388296e-01,-3.640443649564702455e-01,-1.237085726595970492e+00
5.492000000000168747e+00,-1.857501096508572536e-01,-3.640541609667090062e-01,-1.239158037464563655e+00
5.493000000000169081e+00,-1.856157381509022652e-01,-3.640644066692040326e-01,-1.241223968320263937e+00
5.494000000000169415e+00,-1.854827095575967144e-01,-3.640751087752821524e-01,-1.243283443967035495e+00
5.495000000000169749e+00,-1.853510249569473300e-01,-3.640862741476418307e-01,-1.245336389537486044e+00
5.496000000000170083e+00,-1.852206857713063481e-01,-3.640979099749964143e-01,-1.247382732976270558e+00
5.497000000000170417e+00,-1.850916938009335988e-01,-3.641100237798411965e-01,-1.249422403630680689e+00
5.498000000000170751e+00,-1.849640507489413999e-01,-3.641226231321164075e-01,-1.251455331078796585e+00
5.499000000000171084e+00,-1.848377581761612154e-01,-3.641357156228340886e-01,-1.253481445135243399e+00
5.500000000000171418e+00,-1.847128175344466827e-01,-3.641493088791012966e-01,-1.255500675856830561e+00
5.501000000000171752e+00,-1.845892301675176039e-01,-3.641634105607784444e-01,-1.257512953548003409e+00
5.502000000000172086e+00,-1.844669973116725981e-01,-3.641780283572413346e-01,-1.259518208766090330e+00
5.503000000000172420e+00,-1.843461200963701918e-01,-3.641931699842625436e-01,-1.261516372326358493e+00
5.504000000000172754e+00,-1.842265995446855653e-01,-3.642088431810207028e-01,-1.263507375306899716e+00
5.505000000000173088e+00,-1.841084365736540551e-01,-3.642250557072393424e-01,-1.265491149053372011e+00
5.506000000000173422e+00,-1.839916319945170686e-01,-3.642418153404519687e-01,-1.267467625183618551e+00
5.507000000000173756e+00,-1.838761865128839545e-01,-3.642591298733889871e-01,-1.269436735592185395e+00
5.508000000000174090e+00,-1.837621007288241515e-01,-3.642770071114798114e-01,-1.271398412454751936e+00
5.509000000000174424e+00,-1.836493751369050464e-01,-3.642954548704622764e-01,-1.273352588232488314e+00
5.510000000000174758e+00,-1.835380101261850916e-01,-3.643144809740930246e-01,-1.275299195676343977e+00
5.511000000000175092e+00,-1.834280059801773888e-01,-3.643340932519510411e-01,-1.277238167831276527e+00
5.512000000000175426e+00,-1.833193628767928463e-01,-3.643542995373280080e-01,-1.279169438040416162e+00
5.513000000000175760e+00,-1.832120808882725660e-01,-3.643751076651997600e-01,-1.281092939949167731e+00
5.514000000000176094e+00,-1.831061599811197871e-01,-3.643965254702723477e-01,-1.283008607509241061e+00
5.515000000000176428e+00,-1.830016000160381573e-01,-3.644185607850990993e-01,-1.284916374982600917e+00
5.516000000000176762e+00,-1.828984007478861029e-01,-3.644412214382630744e-01,-1.286816176945321910e+00
5.517000000000177096e+00,-1.827965618256515157e-01,-3.644645152526216347e-01,-1.288707948291333727e+00
5.518000000000177430e+00,-1.826960827924555275e-01,-3.644884500436092467e-01,-1.290591624236031354e+00
5.519000000000177764e+00,-1.825969630855894810e-01,-3.645130336175961272e-01,-1.292467140319727870e+00
5.520000000000178098e+00,-1.824992020365919787e-01,-3.645382737702995701e-01,-1.294334432410917168e+00
5.521000000000178431e+00,-1.824027988713694537e-01,-3.645641782852457879e-01,-1.296193436709312863e+00
5.522000000000178765e+00,-1.823077527103650342e-01,-3.645907549322816021e-01,-1.298044089748620955e+00
5.523000000000179099e+00,-1.822140625687803661e-01,-3.646180114661335403e-01,-1.299886328399002977e+00
5.524000000000179433e+00,-1.821217273568536132e-01,-3.646459556250143952e-01,-1.301720089869173647e+00
5.525000000000179767e+00,-1.820307458801962985e-01,-3.646745951292776344e-01,-1.303545311708076415e+00
5.526000000000180101e+00,-1.819411168401924295e-01,-3.647039376801193278e-01,-1.305361931806070741e+00
5.527000000000180435e+00,-1.818528388344624602e-01,-3.647339909583298123e-01,-1.307169888395557367e+00
5.528000000000180769e+00,-1.817659103573920909e-01,-3.647647626230965390e-01,-1.308969120050959667e+00
5.529000000000181103e+00,-1.816803298007310108e-01,-3.647962603108623192e-01,-1.310759565687971362e+00
5.530000000000181437e+00,-1.815960954542571448e-01,-3.648284916342416362e-01,-1.312541164561972673e+00
5.531000000000181771e+00,-1.815132055065115102e-01,-3.648614641810011272e-01,-1.314313856265505454e+00
5.532000000000182105e+00,-1.814316580456000194e-01,-3.648951855131103428e-01,-1.316077580724691387e+00
5.533000000000182439e+00,-1.813514510600616747e-01,-3.649296631658703882e-01,-1.317832278194465578e+00
5.534000000000182773e+00,-1.812725824398003782e-01,-3.649649046471290514e-01,-1.319577889252492753e+00
5.535000000000183107e+00,-1.811950499770780265e-01,-3.650009174365926867e-01,-1.321314354791622847e+00
5.536000000000183441e+00,-1.811188513675621170e-01,-3.650377089852463453e-01,-1.323041616010741883e+00
5.537000000000183775e+00,-1.810439842114255349e-01,-3.650752867148939207e-01,-1.324759614403868691e+00
5.538000000000184109e+00,-1.809704460144874183e-01,-3.651136580178319657e-01,-1.326468291747355810e+00
5.539000000000184443e+00,-1.808982341893905499e-01,-3.651528302566700579e-01,-1.328167590085061800e+00
5.540000000000184777e+00,-1.808273460568046165e-01,-3.651928107643100940e-01,-1.329857451711383254e+00
5.541000000000185111e+00,-1.807577788466452340e-01,-3.652336068440964478e-01,-1.331537819152071256e+00
5.542000000000185445e+00,-1.806895296993007438e-01,-3.652752257701433192e-01,-1.333208635142806520e+00
5.543000000000185779e+00,-1.806225956668562338e-01,-3.653176747878439379e-01,-1.334869842605585166e+00
5.544000000000186112e+00,-1.805569737143096765e-01,-3.653609611145545721e-01,-1.336521384623062358e+00
5.545000000000186446e+00,-1.804926607207758549e-01,-3.654050919404385755e-01,-1.338163204411142893e+00
5.546000000000186780e+00,-1.804296534806818508e-01,-3.654500744294397196e-01,-1.339795245290270165e+00
5.547000000000187114e+00,-1.803679487049669738e-01,-3.654959157203343523e-01,-1.341417450656079424e+00
5.548000000000187448e+00,-1.803075430223086695e-01,-3.655426229277897177e-01,-1.343029763950323474e+00
5.549000000000187782e+00,-1.802484329804142638e-01,-3.655902031433280186e-01,-1.344632128633253432e+00
5.550000000000188116e+00,-1.801906150474339441e-01,-3.656386634360653809e-01,-1.346224488158926924e+00
5.551000000000188450e+00,-1.801340856135688062e-01,-3.656880108530648488e-01,-1.347806785955179665e+00
5.552000000000188784e+00,-1.800788409929690026e-01,-3.657382524191158391e-01,-1.349378965410217290e+00
5.553000000000189118e+00,-1.800248774260275741e-01,-3.657893951357341633e-01,-1.350940969867885144e+00
5.554000000000189452e+00,-1.799721910821847626e-01,-3.658414459791738405e-01,-1.352492742633615075e+00
5.555000000000189786e+00,-1.799207780633514941e-01,-3.658944118972607407e-01,-1.354034226992772094e+00
5.556000000000190120e+00,-1.798706344080348574e-01,-3.659482998049021218e-01,-1.355565366242585057e+00
5.557000000000190454e+00,-1.798217560956091310e-01,-3.660031165772927308e-01,-1.357086103735086535e+00
5.558000000000190788e+00,-1.797741390506720771e-01,-3.660588690407826640e-01,-1.358596382925749024e+00
5.559000000000191122e+00,-1.797277791483539167e-01,-3.661155639630221392e-01,-1.360096147439721959e+00
5.560000000000191456e+00,-1.796826722209035054e-01,-3.661732080434042524e-01,-1.361585341151737127e+00
5.561000000000191790e+00,-1.796388140646525411e-01,-3.662318079031859352e-01,-1.363063908271330504e+00
5.562000000000192124e+00,-1.795962004467861473e-01,-3.662913700753180901e-01,-1.364531793429220707e+00
5.563000000000192458e+00,-1.795548271116733652e-01,-3.663519009945698235e-01,-1.365988941760648778e+00
5.564000000000192792e+00,-1.795146897864426938e-01,-3.664134069883831502e-01,-1.367435298981861891e+00
5.565000000000193126e+00,-1.794757841855341152e-01,-3.664758942688272625e-01,-1.368870811456677217e+00
5.566000000000193459e+00,-1.794381060140319839e-01,-3.665393689259242582e-01,-1.370295426251053383e+00
5.567000000000193793e+00,-1.794016509696734207e-01,-3.666038369225014248e-01,-1.371709091174666106e+00
5.568000000000194127e+00,-1.793664147435126699e-01,-3.666693040906154888e-01,-1.373111754809486440e+00
5.569000000000194461e+00,-1.793323930193049254e-01,-3.667357761294940954e-01,-1.374503366526187431e+00
5.570000000000194795e+00,-1.792995814717337488e-01,-3.668032586048655674e-01,-1.375883876489794044e+00
5.571000000000195129e+00,-1.792679757636483906e-01,-3.668717569495000275e-01,-1.377253235656336727e+00
5.572000000000195463e+00,-1.792375715425018612e-01,-3.669412764647601577e-01,-1.378611395762401770e+00
5.573000000000195797e+00,-1.792083644361808226e-01,-3.670118223229576482e-01,-1.379958309309422759e+00
5.574000000000196131e+00,-1.791803500484138167e-01,-3.670833995703220443e-01,-1.381293929544406884e+00
5.575000000000196465e+00,-1.791535239539249202e-01,-3.671560131304125174e-01,-1.382618210438555151e+00
5.576000000000196799e+00,-1.791278816934767093e-01,-3.672296678078276200e-01,-1.383931106664985755e+00
5.577000000000197133e+00,-1.791034187689241053e-01,-3.673043682920986708e-01,-1.385232573576516524e+00
5.578000000000197467e+00,-1.790801306383741354e-01,-3.673801191616772877e-01,-1.386522567184230503e+00
5.579000000000197801e+00,-1.790580127115273257e-01,-3.674569248879539507e-01,-1.387801044137348727e+00
5.580000000000198135e+00,-1.790370603452545728e-01,-3.675347898392649637e-01,-1.389067961704763432e+00
5.581000000000198469e+00,-1.790172688394500167e-01,-3.676137182848623897e-01,-1.390323277758457543e+00
5.582000000000198803e+00,-1.789986334331843398e-01,-3.676937143988362466e-01,-1.391566950758927668e+00
5.583000000000199137e+00,-1.789811493011744803e-01,-3.677747822639889641e-01,-1.392798939742652120e+00
5.584000000000199471e+00,-1.789648115505750869e-01,-3.678569258756692606e-01,-1.394019204311593318e+00
5.585000000000199805e+00,-1.789496152180932720e-01,-3.679401491455792095e-01,-1.395227704624679044e+00
5.586000000000200139e+00,-1.789355552674229966e-01,-3.680244559055694253e-01,-1.396424401391185732e+00
5.587000000000200473e+00,-1.789226265869880983e-01,-3.681098499114390799e-01,-1.397609255865926547e+00
5.588000000000200806e+00,-1.789108239879844131e-01,-3.681963348467545694e-01,-1.398782229846132985e+00
5.589000000000201140e+00,-1.789001422027062249e-01,-3.682839143266968263e-01,-1.399943285669911441e+00
5.590000000000201474e+00,-1.788905758831365045e-01,-3.683725919019378847e-01,-1.401092386216141517e+00
5.591000000000201808e+00,-1.788821195997802871e-01,-3.684623710625364312e-01,-1.402229494905663509e+00
5.592000000000202142e+00,-1.788747678407072161e-01,-3.685532552418246954e-01,-1.403354575703583240e+00
5.593000000000202476e+00,-1.788685150107662825e-01,-3.686452478202341121e-01,-1.404467593122476821e+00
5.594000000000202810e+00,-1.788633554309116969e-01,-3.687383521289746557e-01,-1.405568512226226696e+00
5.595000000000203144e+00,-1.788592833375627356e-01,-3.688325714534371191e-01,-1.406657298634132136e+00
5.596000000000203478e+00,-1.788562923646480618e-01,-3.689279084487688820e-01,-1.407733917521084344e+00
5.597000000000203812e+00,-1.788543755541699420e-01,-3.690243651931183755e-01,-1.408798332044719048e+00
5.598000000000204146e+00,-1.788535253424107241e-01,-3.691219431924683825e-01,-1.409850505933187170e+00
5.599000000000204480e+00,-1.788537344326687206e-01,-3.692206443865364562e-01,-1.410890404084069738e+00
5.600000000000204814e+00,-1.788549956198198787e-01,-3.693204709261463936e-01,-1.411917992519201137e+00
5.601000000000205148e+00,-1.788573017823051892e-01,-3.694214251491605427e-01,-1.412933238341541831e+00
5.602000000000205482e+00,-1.788606458748144279e-01,-3.695235095564371464e-01,-1.413936109693302967e+00
5.603000000000205816e+00,-1.788650209216940956e-01,-3.696267267871440887e-01,-1.414926575714275492e+00
5.604000000000206150e+00,-1.788704200110381448e-01,-3.697310795925816684e-01,-1.415904606498993079e+00
5.605000000000206484e+00,-1.788768362893072839e-01,-3.698365708074674019e-01,-1.416870173050933435e+00
5.606000000000206818e+00,-1.788842629561291364e-01,-3.699432033174378520e-01,-1.417823247231480899e+00
5.607000000000207152e+00,-1.788926932586181184e-01,-3.700509800214368261e-01,-1.418763801700924754e+00
5.608000000000207486e+00,-1.789021204840950396e-01,-3.701599037879041432e-01,-1.419691809848695696e+00
5.609000000000207820e+00,-1.789125379495292156e-01,-3.702699774046559478e-01,-1.420607245710995725e+00
5.610000000000208153e+00,-1.789239389855957763e-01,-3.703812035244380962e-01,-1.421510083876841302e+00
5.611000000000208487e+00,-1.789363169134277065e-01,-3.704935846111731546e-01,-1.422400299388606015e+00
5.612000000000208821e+00,-1.789496650134441147e-01,-3.706071228944559093e-01,-1.423277867648601758e+00
5.613000000000209155e+00,-1.789639764878639960e-01,-3.707218203395941103e-01,-1.424142764344984213e+00
5.614000000000209489e+00,-1.789792444204937327e-01,-3.708376786365346622e-01,-1.424994965405499192e+00
5.615000000000209823e+00,-1.789954617378057833e-01,-3.709546992054567061e-01,-1.425834446978873515e+00
5.616000000000210157e+00,-1.790126211740371565e-01,-3.710728832130831267e-01,-1.426661185436833401e+00
5.617000000000210491e+00,-1.790307152411160230e-01,-3.711922315934058636e-01,-1.427475157387875671e+00
5.618000000000210825e+00,-1.790497362028192763e-01,-3.713127450684071129e-01,-1.428276339695725206e+00
5.619000000000211159e+00,-1.790696760520016362e-01,-3.714344241665697988e-01,-1.429064709498225616e+00
5.620000000000211493e+00,-1.790905264897572069e-01,-3.715572692385149534e-01,-1.429840244224703127e+00
5.621000000000211827e+00,-1.791122789056208697e-01,-3.716812804699010098e-01,-1.430602921611266787e+00
5.622000000000212161e+00,-1.791349243581833450e-01,-3.718064578920448060e-01,-1.431352719714265476e+00
5.623000000000212495e+00,-1.791584535557105839e-01,-3.719328013908006492e-01,-1.432089616922463282e+00
5.624000000000212829e+00,-1.791828568365212426e-01,-3.720603107142063659e-01,-1.432813591968630673e+00
5.625000000000213163e+00,-1.792081241489842380e-01,-3.721889854793397068e-01,-1.433524623941264897e+00
5.626000000000213497e+00,-1.792342450310800972e-01,-3.723188251787535874e-01,-1.434222692297127955e+00
5.627000000000213831e+00,-1.792612094813950119e-01,-3.724498296359085581e-01,-1.434907778051137228e+00
5.628000000000214165e+00,-1.792890079867994757e-01,-3.725819989974725743e-01,-1.435579865397571320e+00
5.629000000000214499e+00,-1.793176317638598416e-01,-3.727153338424917806e-01,-1.436238939853205610e+00
5.630000000000214833e+00,-1.793470716903645679e-01,-3.728498346270356367e-01,-1.436884987859440521e+00
5.631000000000215167e+00,-1.793773184984753799e-01,-3.729855017923695559e-01,-1.437517996819213328e+00
5.632000000000215501e+00,-1.794083627692945049e-01,-3.731223357675769181e-01,-1.438137955137748003e+00
5.633000000000215834e+00,-1.794401949272639296e-01,-3.732603369724648013e-01,-1.438744852267225927e+00
5.634000000000216168e+00,-1.794728052343360636e-01,-3.733995058207403850e-01,-1.439338678755470280e+00
5.635000000000216502e+00,-1.795061837838980434e-01,-3.735398427234441487e-01,-1.439919426298714500e+00
5.636000000000216836e+00,-1.795403204944592268e-01,-3.736813480926187703e-01,-1.440487087798472343e+00
5.637000000000217170e+00,-1.795752051031446195e-01,-3.738240223451852473e-01,-1.441041657422423627e+00
5.638000000000217504e+00,-1.796108271590720618e-01,-3.739678659069864408e-01,-1.441583130669076729e+00
5.639000000000217838e+00,-1.796471760167238640e-01,-3.741128792169423622e-01,-1.442111504435743541e+00
5.640000000000218172e+00,-1.796842408294585525e-01,-3.742590627312468721e-01,-1.442626777089035528e+00
5.641000000000218506e+00,-1.797220105433452453e-01,-3.744064169275118092e-01,-1.443128948536631206e+00
5.642000000000218840e+00,-1.797604738903461064e-01,-3.745549423070223538e-01,-1.443618020292709581e+00
5.643000000000219174e+00,-1.797996193818031108e-01,-3.747046393960115629e-01,-1.444093995531040564e+00
5.644000000000219508e+00,-1.798394353032684023e-01,-3.748555087469979119e-01,-1.444556879140437511e+00
5.645000000000219842e+00,-1.798799097119005985e-01,-3.750075509415178865e-01,-1.445006677771540460e+00
5.646000000000220176e+00,-1.799210304351198664e-01,-3.751607665921155021e-01,-1.445443399861531475e+00
5.647000000000220510e+00,-1.799627850702009146e-01,-3.753151563433052007e-01,-1.445867055624023623e+00
5.648000000000220844e+00,-1.800051609841297751e-01,-3.754707208715564182e-01,-1.446277656984961579e+00
5.649000000000221178e+00,-1.800481453120142961e-01,-3.756274608844117902e-01,-1.446675217435102301e+00
5.650000000000221512e+00,-1.800917249505904483e-01,-3.757853771191931314e-01,-1.447059751752686196e+00
5.651000000000221846e+00,-1.801358865402133969e-01,-3.759444703423899803e-01,-1.447431275521246397e+00
5.652000000000222180e+00,-1.801806164231207763e-01,-3.761047413520134941e-01,-1.447789804318643681e+00
5.653000000000222514e+00,-1.802259005561743788e-01,-3.762661909872868637e-01,-1.448135352371953344e+00
5.654000000000222848e+00,-1.802717243419658111e-01,-3.764288201532794975e-01,-1.448467930350306299e+00
5.655000000000223181e+00,-1.803180723299820931e-01,-3.765926298711064213e-01,-1.448787541844998028e+00
5.656000000000223515e+00,-1.803649277685425156e-01,-3.767576213585883127e-01,-1.449094178218213846e+00
5.657000000000223849e+00,-1.804122721695511355e-01,-3.769237961065816100e-01,-1.449387812668674558e+00
5.658000000000224183e+00,-1.804600854469895488e-01,-3.770911558258123741e-01,-1.449668397340312165e+00
5.659000000000224517e+00,-1.805083472702503355e-01,-3.772597021180393306e-01,-1.449935869070979377e+00
5.660000000000224851e+00,-1.805570392658795154e-01,-3.774294359550288691e-01,-1.450190162958547857e+00
5.661000000000225185e+00,-1.806061466113316749e-01,-3.776003571604439890e-01,-1.450431223971029970e+00
5.662000000000225519e+00,-1.806556575976692169e-01,-3.777724634704145990e-01,-1.450659009450010695e+00
5.663000000000225853e+00,-1.807055632691124680e-01,-3.779457513640914756e-01,-1.450873487595164768e+00
5.664000000000226187e+00,-1.807558566542539769e-01,-3.781202166678702126e-01,-1.451074635203554841e+00
5.665000000000226521e+00,-1.808065323552392467e-01,-3.782958552399108276e-01,-1.451262434873670903e+00
5.666000000000226855e+00,-1.808575858943313186e-01,-3.784726629315059432e-01,-1.451436873092191382e+00
5.667000000000227189e+00,-1.809090133601026773e-01,-3.786506356481326718e-01,-1.451597939009662275e+00
5.668000000000227523e+00,-1.809608111753602255e-01,-3.788297693776102038e-01,-1.451745623670829488e+00
5.669000000000227857e+00,-1.810129759421149620e-01,-3.790100601957565596e-01,-1.451879919528195728e+00
5.670000000000228191e+00,-1.810655043351153681e-01,-3.791915042562442051e-01,-1.452000820128730219e+00
5.671000000000228525e+00,-1.811183930257379560e-01,-3.793740977692227623e-01,-1.452108319906205258e+00
5.672000000000228859e+00,-1.811716386243851229e-01,-3.795578369722453771e-01,-1.452202414038597844e+00
5.673000000000229193e+00,-1.812252376336257464e-01,-3.797427180966629345e-01,-1.452283098346700552e+00
5.674000000000229527e+00,-1.812791864071587877e-01,-3.799287373325277439e-01,-1.452350369220333004e+00
5.675000000000229861e+00,-1.813334811118227918e-01,-3.801158907948500310e-01,-1.452404223564625951e+00
5.676000000000230195e+00,-1.813881176914745597e-01,-3.803041744935590773e-01,-1.452444658762134688e+00
5.677000000000230528e+00,-1.814430918326552788e-01,-3.804935843087222103e-01,-1.452471672647983603e+00
5.678000000000230862e+00,-1.814983989325080760e-01,-3.806841159716263245e-01,-1.452485263495657541e+00
5.679000000000231196e+00,-1.815540340695070975e-01,-3.808757650514765225e-01,-1.452485430011082546e+00
5.680000000000231530e+00,-1.816099919811805519e-01,-3.810685269498970684e-01,-1.452472171361508080e+00
5.681000000000231864e+00,-1.816662670467031893e-01,-3.812623969004590996e-01,-1.452445487261915913e+00
5.682000000000232198e+00,-1.817228532719152856e-01,-3.814573699704371657e-01,-1.452405378009887338e+00
5.683000000000232532e+00,-1.817797442718334100e-01,-3.816534410603741323e-01,-1.452351844490464394e+00
5.684000000000232866e+00,-1.818369332549517603e-01,-3.818506049045622408e-01,-1.452284888180976008e+00
5.685000000000233200e+00,-1.818944130094921618e-01,-3.820488560724772942e-01,-1.452204511155311906e+00
5.686000000000233534e+00,-1.819521763065636843e-01,-3.822481893045617252e-01,-1.452110716326691531e+00
5.687000000000233868e+00,-1.820102165682905282e-01,-3.824486000293160215e-01,-1.452003508492627271e+00
5.688000000000234202e+00,-1.820685278927971495e-01,-3.826500843607438251e-01,-1.451882893778785766e+00
5.689000000000234536e+00,-1.821271043487868724e-01,-3.828526385016303157e-01,-1.451748879155514871e+00
5.690000000000234870e+00,-1.821859398872153202e-01,-3.830562586698289529e-01,-1.451601472428989403e+00
5.691000000000235204e+00,-1.822450283921356329e-01,-3.832609411333988136e-01,-1.451440682233107404e+00
5.692000000000235538e+00,-1.823043636823014069e-01,-3.834666822057416491e-01,-1.451266518022008123e+00
5.693000000000235872e+00,-1.823639395135571162e-01,-3.836734782415024969e-01,-1.451078990063095375e+00
5.694000000000236206e+00,-1.824237495818153976e-01,-3.838813256330961821e-01,-1.450878109430465024e+00
5.695000000000236540e+00,-1.824837875264544440e-01,-3.840902208077457414e-01,-1.450663887998658419e+00
5.696000000000236874e+00,-1.825440469339995042e-01,-3.843001602249404569e-01,-1.450436338436678962e+00
5.697000000000237208e+00,-1.826045213419765778e-01,-3.845111403742386691e-01,-1.450195474202222723e+00
5.698000000000237542e+00,-1.826652042428525968e-01,-3.847231577733558616e-01,-1.449941309536086687e+00
5.699000000000237875e+00,-1.827260890879923716e-01,-3.849362089664908337e-01,-1.449673859456725111e+00
5.700000000000238209e+00,-1.827871692915786772e-01,-3.851502905228517126e-01,-1.449393139754932003e+00
5.701000000000238543e+00,-1.828484382344565118e-01,-3.853653990353527181e-01,-1.449099166988632836e+00
5.702000000000238877e+00,-1.829098892678686639e-01,-3.855815311194562001e-01,-1.448791958477772424e+00
5.703000000000239211e+00,-1.829715157170642703e-01,-3.857986834121414077e-01,-1.448471532299286713e+00
5.704000000000239545e+00,-1.830333108847608248e-01,-3.860168525709836151e-01,-1.448137907282149639e+00
5.705000000000239879e+00,-1.830952680544531974e-01,-3.862360352733309465e-01,-1.447791103002488144e+00
5.706000000000240213e+00,-1.831573804935601180e-01,-3.864562282155664663e-01,-1.447431139778756704e+00
5.707000000000240547e+00,-1.832196414564090103e-01,-3.866774281124478740e-01,-1.447058038666966251e+00
5.708000000000240881e+00,-1.832820441870559591e-01,-3.868996316965141458e-01,-1.446671821455960183e+00
5.709000000000241215e+00,-1.833445819219439166e-01,-3.871228357175533485e-01,-1.446272510662732991e+00
5.710000000000241549e+00,-1.834072478924028138e-01,-3.873470369421234127e-01,-1.445860129527784199e+00
5.711000000000241883e+00,-1.834700353269935746e-01,-3.875722321531191450e-01,-1.445434702010503614e+00
5.712000000000242217e+00,-1.835329374537050251e-01,-3.877984181493794313e-01,-1.444996252784581880e+00
5.713000000000242551e+00,-1.835959475020051412e-01,-3.880255917453274694e-01,-1.444544807233440809e+00
5.714000000000242885e+00,-1.836590587047558509e-01,-3.882537497706372021e-01,-1.444080391445677680e+00
5.715000000000243219e+00,-1.837222642999956079e-01,-3.884828890699196235e-01,-1.443603032210519999e+00
5.716000000000243553e+00,-1.837855575325977320e-01,-3.887130065024210768e-01,-1.443112757013283787e+00
5.717000000000243887e+00,-1.838489316558087339e-01,-3.889440989417258798e-01,-1.442609594030831222e+00
5.718000000000244221e+00,-1.839123799326745079e-01,-3.891761632754552891e-01,-1.442093572127022272e+00
5.719000000000244555e+00,-1.839758956373588328e-01,-3.894091964049533616e-01,-1.441564720848156345e+00
5.720000000000244889e+00,-1.840394720563610642e-01,-3.896431952449509462e-01,-1.441023070418398166e+00
5.721000000000245223e+00,-1.841031024890091849e-01,-3.898781567224364197e-01,-1.440468651732774941e+00
5.722000000000245556e+00,-1.841667802458990533e-01,-3.901140777731184617e-01,-1.439901496336917219e+00
5.723000000000245890e+00,-1.842304986480709506e-01,-3.903509553388542774e-01,-1.439321636411702521e+00
5.724000000000246224e+00,-1.842942510272340684e-01,-3.905887863663988213e-01,-1.438729104768239342e+00
5.725000000000246558e+00,-1.843580307268348761e-01,-3.908275678071903569e-01,-1.438123934843318352e+00
5.726000000000246892e+00,-1.844218311027927548e-01,-3.910672966167284548e-01,-1.437506160694816515e+00
5.727000000000247226e+00,-1.844856455241569160e-01,-3.913079697538343060e-01,-1.436875816997049471e+00
5.728000000000247560e+00,-1.845494673736861602e-01,-3.915495841797722587e-01,-1.436232939036074630e+00
5.729000000000247894e+00,-1.846132900483475892e-01,-3.917921368572127028e-01,-1.435577562704942967e+00
5.730000000000248228e+00,-1.846771069597358261e-01,-3.920356247490105472e-01,-1.434909724498901085e+00
5.731000000000248562e+00,-1.847409115344041952e-01,-3.922800448167746423e-01,-1.434229461510546866e+00
5.732000000000248896e+00,-1.848046972141068611e-01,-3.925253940191993918e-01,-1.433536811424939161e+00
5.733000000000249230e+00,-1.848684574559410487e-01,-3.927716693101281908e-01,-1.432831812514670178e+00
5.734000000000249564e+00,-1.849321857323833473e-01,-3.930188676363159939e-01,-1.432114503634903224e+00
5.735000000000249898e+00,-1.849958755312059999e-01,-3.932669859348559838e-01,-1.431384924218386701e+00
5.736000000000250232e+00,-1.850595203552631851e-01,-3.935160211302344835e-01,-1.430643114270453209e+00
5.737000000000250566e+00,-1.851231137221294176e-01,-3.937659701309746962e-01,-1.429889114364017111e+00
5.738000000000250900e+00,-1.851866491635758560e-01,-3.940168298258325819e-01,-1.429122965634584963e+00
5.739000000000251234e+00,-1.852501202248643120e-01,-3.942685970795060113e-01,-1.428344709775296373e+00
5.740000000000251568e+00,-1.853135204638408640e-01,-3.945212687278222274e-01,-1.427554389032015258e+00
5.741000000000251902e+00,-1.853768434498113127e-01,-3.947748415723741910e-01,-1.426752046198491497e+00
5.742000000000252236e+00,-1.854400827621802694e-01,-3.950293123745824420e-01,-1.425937724611617385e+00
5.743000000000252570e+00,-1.855032319888438863e-01,-3.952846778491749258e-01,-1.425111468146800897e+00
5.744000000000252903e+00,-1.855662847243283453e-01,-3.955409346570926687e-01,-1.424273321213478383e+00
5.745000000000253237e+00,-1.856292345676835431e-01,-3.957980793978567724e-01,-1.423423328750782035e+00
5.746000000000253571e+00,-1.856920751201522890e-01,-3.960561086014651178e-01,-1.422561536223376777e+00
5.747000000000253905e+00,-1.857547999826618668e-01,-3.963150187199312446e-01,-1.421687989617463010e+00
5.748000000000254239e+00,-1.858174027532123462e-01,-3.965748061186309403e-01,-1.420802735436931918e+00
5.749000000000254573e+00,-1.858798770242735543e-01,-3.968354670676875751e-01,-1.419905820699636001e+00
5.750000000000254907e+00,-1.859422163803462480e-01,-3.970969977336958334e-01,-1.418997292933710241e+00
5.751000000000255241e+00,-1.860044143958893281e-01,-3.973593941721592082e-01,-1.418077200173850860e+00
5.752000000000255575e+00,-1.860664646338637818e-01,-3.976226523210845132e-01,-1.417145590957421319e+00
5.753000000000255909e+00,-1.861283606451833439e-01,-3.978867679962275750e-01,-1.416202514320226147e+00
5.754000000000256243e+00,-1.861900959693872926e-01,-3.981517368885051922e-01,-1.415248019791768064e+00
5.755000000000256577e+00,-1.862516641368439085e-01,-3.984175545640611382e-01,-1.414282157389796790e+00
5.756000000000256911e+00,-1.863130586727576032e-01,-3.986842164673876088e-01,-1.413304977613970559e+00
5.757000000000257245e+00,-1.863742731031611255e-01,-3.989517179277476400e-01,-1.412316531438504441e+00
5.758000000000257579e+00,-1.864353009629470259e-01,-3.992200541689277515e-01,-1.411316870303750415e+00
5.759000000000257913e+00,-1.864961358058222496e-01,-3.994892203220873350e-01,-1.410306046106770683e+00
5.760000000000258247e+00,-1.865567712158872071e-01,-3.997592114411994690e-01,-1.409284111191087430e+00
5.761000000000258581e+00,-1.866172008203668131e-01,-4.000300225203335946e-01,-1.408251118335917873e+00
5.762000000000258915e+00,-1.866774183028895306e-01,-4.003016485118615631e-01,-1.407207120745306073e+00
5.763000000000259249e+00,-1.867374174166458456e-01,-4.005740843446004007e-01,-1.406152172037619330e+00
5.764000000000259583e+00,-1.867971919967645889e-01,-4.008473249409519878e-01,-1.405086326235884586e+00
5.765000000000259917e+00,-1.868567359713397824e-01,-4.011213652322462297e-01,-1.404009637759385143e+00
5.766000000000260250e+00,-1.869160433706770208e-01,-4.013962001717172323e-01,-1.402922161416847890e+00
5.767000000000260584e+00,-1.869751083345068121e-01,-4.016718247447884638e-01,-1.401823952401421991e+00
5.768000000000260918e+00,-1.870339251170889394e-01,-4.019482339765889645e-01,-1.400715066287528066e+00
5.769000000000261252e+00,-1.870924880902830045e-01,-4.022254229368246170e-01,-1.399595559029531477e+00
5.770000000000261586e+00,-1.871507917447817748e-01,-4.025033867422765921e-01,-1.398465486962108262e+00
5.771000000000261920e+00,-1.872088306897783383e-01,-4.027821205572894581e-01,-1.397324906802100752e+00
5.772000000000262254e+00,-1.872665996513750430e-01,-4.030616195926459699e-01,-1.396173875651630425e+00
5.773000000000262588e+00,-1.873240934700428628e-01,-4.033418791032197248e-01,-1.395012451002222598e+00
5.774000000000262922e+00,-1.873813070974243988e-01,-4.036228943847642858e-01,-1.393840690739711619e+00
5.775000000000263256e+00,-1.874382355927316501e-01,-4.039046607701455849e-01,-1.392658653149710490e+00
5.776000000000263590e+00,-1.874948741189572665e-01,-4.041871736252717340e-01,-1.391466396923463744e+00
5.777000000000263924e+00,-1.875512179390652623e-01,-4.044704283449157001e-01,-1.390263981163929463e+00
5.778000000000264258e+00,-1.876072624122937516e-01,-4.047544203485807790e-01,-1.389051465391966333e+00
5.779000000000264592e+00,-1.876630029906635189e-01,-4.050391450765126189e-01,-1.387828909552528467e+00
5.780000000000264926e+00,-1.877184352157572622e-01,-4.053245979859287362e-01,-1.386596374020794054e+00
5.781000000000265260e+00,-1.877735547158067009e-01,-4.056107745475083237e-01,-1.385353919608170337e+00
5.782000000000265594e+00,-1.878283572031103077e-01,-4.058976702421640548e-01,-1.384101607568134717e+00
5.783000000000265928e+00,-1.878828384717849964e-01,-4.061852805581027681e-01,-1.382839499601880462e+00
5.784000000000266262e+00,-1.879369943958442146e-01,-4.064736009881698142e-01,-1.381567657863744580e+00
5.785000000000266596e+00,-1.879908209275915620e-01,-4.067626270274659062e-01,-1.380286144966398121e+00
5.786000000000266930e+00,-1.880443140963060644e-01,-4.070523541712198212e-01,-1.378995023985787993e+00
5.787000000000267264e+00,-1.880974700071975647e-01,-4.073427779128969139e-01,-1.377694358465811675e+00
5.788000000000267597e+00,-1.881502848406041428e-01,-4.076338937425234565e-01,-1.376384212422716358e+00
5.789000000000267931e+00,-1.882027548514045856e-01,-4.079256971452052682e-01,-1.375064650349205664e+00
5.790000000000268265e+00,-1.882548763686178184e-01,-4.082181835998201502e-01,-1.373735737218239716e+00
5.791000000000268599e+00,-1.883066457951589889e-01,-4.085113485778636977e-01,-1.372397538486510804e+00
5.792000000000268933e+00,-1.883580596077248925e-01,-4.088051875424302262e-01,-1.371050120097575542e+00
5.793000000000269267e+00,-1.884091143567810933e-01,-4.090996959473102157e-01,-1.369693548484623102e+00
5.794000000000269601e+00,-1.884598066666216543e-01,-4.093948692361880637e-01,-1.368327890572855088e+00
5.795000000000269935e+00,-1.885101332354778281e-01,-4.096907028419247698e-01,-1.366953213781450849e+00
5.796000000000270269e+00,-1.885600908356469541e-01,-4.099871921859111756e-01,-1.365569586025094706e+00
5.797000000000270603e+00,-1.886096763136198007e-01,-4.102843326774784916e-01,-1.364177075715033549e+00
5.798000000000270937e+00,-1.886588865901809298e-01,-4.105821197133541212e-01,-1.362775751759637499e+00
5.799000000000271271e+00,-1.887077186604608769e-01,-4.108805486771521798e-01,-1.361365683564434992e+00
5.800000000000271605e+00,-1.887561695939182771e-01,-4.111796149388873278e-01,-1.359946941031591416e+00
5.801000000000271939e+00,-1.888042365340033557e-01,-4.114793138542955919e-01,-1.358519594558013299e+00
5.802000000000272273e+00,-1.888519166659887727e-01,-4.117796407353607746e-01,-1.357083714917505679e+00
5.803000000000272607e+00,-1.888992071788255789e-01,-4.120805908156655595e-01,-1.355639373003932224e+00
5.804000000000272941e+00,-1.889461052344053593e-01,-4.123821592229028332e-01,-1.354186639762781974e+00
5.805000000000273275e+00,-1.889926079711838902e-01,-4.126843409827976594e-01,-1.352725586193695761e+00
5.806000000000273609e+00,-1.890387125062291673e-01,-4.129871310216743918e-01,-1.351256283352449294e+00
5.807000000000273943e+00,-1.890844159359296173e-01,-4.132905241679033503e-01,-1.349778802352403773e+00
5.808000000000274277e+00,-1.891297153366254813e-01,-4.135945151533769182e-01,-1.348293214365428705e+00
5.809000000000274611e+00,-1.891746077651628166e-01,-4.138990986150090645e-01,-1.346799590622310028e+00
5.810000000000274945e+00,-1.892190902593641200e-01,-4.142042690962525198e-01,-1.345298002412655292e+00
5.811000000000275278e+00,-1.892631598384133529e-01,-4.145100210486289960e-01,-1.343788521084309906e+00
5.812000000000275612e+00,-1.893068135031553689e-01,-4.148163488332671789e-01,-1.342271218042303538e+00
5.813000000000275946e+00,-1.893500482363075221e-01,-4.151232467224449385e-01,-1.340746164747342428e+00
5.814000000000276280e+00,-1.893928610025846782e-01,-4.154307089011308185e-01,-1.339213432713872054e+00
5.815000000000276614e+00,-1.894352487487399594e-01,-4.157387294685219725e-01,-1.337673093507732336e+00
5.816000000000276948e+00,-1.894772084035215576e-01,-4.160473024395753283e-01,-1.336125218743430487e+00
5.817000000000277282e+00,-1.895187368775517189e-01,-4.163564217465282047e-01,-1.334569880081061255e+00
5.818000000000277616e+00,-1.895598310631299022e-01,-4.166660812404062719e-01,-1.333007149222902754e+00
5.819000000000277950e+00,-1.896004878339653255e-01,-4.169762746925164132e-01,-1.331437097909719869e+00
5.820000000000278284e+00,-1.896407040448460091e-01,-4.172869957959217668e-01,-1.329859797916808750e+00
5.821000000000278618e+00,-1.896804765312476437e-01,-4.175982381668971177e-01,-1.328275321049816826e+00
5.822000000000278952e+00,-1.897198021088920550e-01,-4.179099953463631389e-01,-1.326683739140373630e+00
5.823000000000279286e+00,-1.897586775732600373e-01,-4.182222608012968190e-01,-1.325085124041569307e+00
5.824000000000279620e+00,-1.897970996990671066e-01,-4.185350279261167983e-01,-1.323479547623318320e+00
5.825000000000279954e+00,-1.898350652397087224e-01,-4.188482900440425039e-01,-1.321867081767644114e+00
5.826000000000280288e+00,-1.898725709266844142e-01,-4.191620404084243634e-01,-1.320247798363924474e+00
5.827000000000280622e+00,-1.899096134690064774e-01,-4.194762722040444869e-01,-1.318621769304133773e+00
5.828000000000280956e+00,-1.899461895526023403e-01,-4.197909785483856515e-01,-1.316989066478117865e+00
5.829000000000281290e+00,-1.899822958397179296e-01,-4.201061524928667024e-01,-1.315349761768939141e+00
5.830000000000281624e+00,-1.900179289683284756e-01,-4.204217870240436472e-01,-1.313703927048324838e+00
5.831000000000281958e+00,-1.900530855515644157e-01,-4.207378750647727816e-01,-1.312051634172254344e+00
5.832000000000282292e+00,-1.900877621771583925e-01,-4.210544094753357891e-01,-1.310392954976715707e+00
5.833000000000282625e+00,-1.901219554069205619e-01,-4.213713830545231520e-01,-1.308727961273662199e+00
5.834000000000282959e+00,-1.901556617762453216e-01,-4.216887885406745973e-01,-1.307056724847198481e+00
5.835000000000283293e+00,-1.901888777936571184e-01,-4.220066186126731900e-01,-1.305379317450023002e+00
5.836000000000283627e+00,-1.902215999403975566e-01,-4.223248658908918540e-01,-1.303695810800149291e+00
5.837000000000283961e+00,-1.902538246700589131e-01,-4.226435229380882674e-01,-1.302006276577932997e+00
5.838000000000284295e+00,-1.902855484082660587e-01,-4.229625822602460783e-01,-1.300310786423421128e+00
5.839000000000284629e+00,-1.903167675524098934e-01,-4.232820363073593328e-01,-1.298609411934043667e+00
5.840000000000284963e+00,-1.903474784714331847e-01,-4.236018774741573401e-01,-1.296902224662665359e+00
5.841000000000285297e+00,-1.903776775056712500e-01,-4.239220981007663092e-01,-1.295189296116008970e+00
5.842000000000285631e+00,-1.904073609667460421e-01,-4.242426904733057613e-01,-1.293470697753464238e+00
5.843000000000285965e+00,-1.904365251375150780e-01,-4.245636468244159412e-01,-1.291746500986291624e+00
5.844000000000286299e+00,-1.904651662720732164e-01,-4.248849593337133412e-01,-1.290016777177228402e+00
5.845000000000286633e+00,-1.904932805958069464e-01,-4.252066201281728408e-01,-1.288281597640505094e+00
5.846000000000286967e+00,-1.905208643054989714e-01,-4.255286212824326841e-01,-1.286541033642272458e+00
5.847000000000287301e+00,-1.905479135694800874e-01,-4.258509548190211325e-01,-1.284795156401443927e+00
5.848000000000287635e+00,-1.905744245278276905e-01,-4.261736127085032910e-01,-1.283044037090951495e+00
5.849000000000287969e+00,-1.906003932926054745e-01,-4.264965868695468343e-01,-1.281287746839412600e+00
5.850000000000288303e+00,-1.906258159481427628e-01,-4.268198691689069069e-01,-1.279526356733203363e+00
5.851000000000288637e+00,-1.906506885513499228e-01,-4.271434514213305333e-01,-1.277759937818929936e+00
5.852000000000288971e+00,-1.906750071320673090e-01,-4.274673253893832570e-01,-1.275988561106294661e+00
5.853000000000289305e+00,-1.906987676939616572e-01,-4.277914827834484734e-01,-1.274212297573715347e+00
5.854000000000289639e+00,-1.907219662155549278e-01,-4.281159152617091124e-01,-1.272431218177755952e+00
5.855000000000289972e+00,-1.907445986511983049e-01,-4.284406144300250685e-01,-1.270645393858684136e+00
5.856000000000290306e+00,-1.907666609314210282e-01,-4.287655718414463690e-01,-1.268854895544443862e+00
5.857000000000290640e+00,-1.907881489633028727e-01,-4.290907789956822649e-01,-1.267059794154920205e+00
5.858000000000290974e+00,-1.908090586308927028e-01,-4.294162273385494499e-01,-1.265260160606459738e+00
5.859000000000291308e+00,-1.908293857956407935e-01,-4.297419082613997410e-01,-1.263456065816609186e+00
5.860000000000291642e+00,-1.908491262968432522e-01,-4.300678131005427063e-01,-1.261647580709027938e+00
5.861000000000291976e+00,-1.908682759521009853e-01,-4.303939331366838372e-01,-1.259834776218521357e+00
5.862000000000292310e+00,-1.908868305577908764e-01,-4.307202595943986911e-01,-1.258017723296137369e+00
5.863000000000292644e+00,-1.909047858895539518e-01,-4.310467836416678744e-01,-1.256196492914261054e+00
5.864000000000292978e+00,-1.909221377028011979e-01,-4.313734963895001773e-01,-1.254371156071632631e+00
5.865000000000293312e+00,-1.909388817332419164e-01,-4.317003888916714494e-01,-1.252541783798212460e+00
5.866000000000293646e+00,-1.909550136974396128e-01,-4.320274521446114679e-01,-1.250708447159803116e+00
5.867000000000293980e+00,-1.909705292934005261e-01,-4.323546770874693856e-01,-1.248871217262340183e+00
5.868000000000294314e+00,-1.909854242012017922e-01,-4.326820546023918967e-01,-1.247030165255753165e+00
5.869000000000294648e+00,-1.909996940836680146e-01,-4.330095755150452641e-01,-1.245185362337299040e+00
5.870000000000294982e+00,-1.910133345871012356e-01,-4.333372305954130144e-01,-1.243336879754268987e+00
5.871000000000295316e+00,-1.910263413420757450e-01,-4.336650105588984450e-01,-1.241484788805971906e+00
5.872000000000295650e+00,-1.910387099643021669e-01,-4.339929060677563122e-01,-1.239629160844903266e+00
5.873000000000295984e+00,-1.910504360555715930e-01,-4.343209077328749057e-01,-1.237770067277017105e+00
5.874000000000296318e+00,-1.910615152047819842e-01,-4.346490061159219431e-01,-1.235907579561031255e+00
5.875000000000296652e+00,-1.910719429890544996e-01,-4.349771917318615011e-01,-1.234041769206714489e+00
5.876000000000296986e+00,-1.910817149749408639e-01,-4.353054550518394294e-01,-1.232172707772120068e+00
5.877000000000297320e+00,-1.910908267197201083e-01,-4.356337865064270343e-01,-1.230300466859758579e+00
5.878000000000297653e+00,-1.910992737727846835e-01,-4.359621764892017137e-01,-1.228425118111724945e+00
5.879000000000297987e+00,-1.911070516771070649e-01,-4.362906153606331827e-01,-1.226546733203823347e+00
5.880000000000298321e+00,-1.911141559707778548e-01,-4.366190934522370948e-01,-1.224665383838762445e+00
5.881000000000298655e+00,-1.911205821886040601e-01,-4.369476010709451574e-01,-1.222781141738519262e+00
5.882000000000298989e+00,-1.911263258637491136e-01,-4.372761285036378398e-01,-1.220894078635996749e+00
5.883000000000299323e+00,-1.911313825293992075e-01,-4.376046660217773332e-01,-1.219004266266120240e+00
5.884000000000299657e+00,-1.911357477204328470e-01,-4.379332038860761500e-01,-1.217111776356536668e+00
5.885000000000299991e+00,-1.911394169750738614e-01,-4.382617323511364127e-01,-1.215216680618093736e+00
5.886000000000300325e+00,-1.911423858365043360e-01,-4.385902416699934969e-01,-1.213319050735278903e+00
5.887000000000300659e+00,-1.911446498544168149e-01,-4.389187220985041327e-01,-1.211418958356802911e+00
5.888000000000300993e+00,-1.911462045864833481e-01,-4.392471638995222860e-01,-1.209516475086501730e+00
5.889000000000301327e+00,-1.911470455997243967e-01,-4.395755573468133615e-01,-1.207611672474723230e+00
5.890000000000301661e+00,-1.911471684717602759e-01,-4.399038927286672007e-01,-1.205704622010346672e+00
5.891000000000301995e+00,-1.911465687919317036e-01,-4.402321603511780701e-01,-1.203795395113563371e+00
5.892000000000302329e+00,-1.911452421622810149e-01,-4.405603505411692655e-01,-1.201884063129523339e+00
5.893000000000302663e+00,-1.911431841983871616e-01,-4.408884536487512884e-01,-1.199970697322930935e+00
5.894000000000302997e+00,-1.911403905300518291e-01,-4.412164600495097622e-01,-1.198055368873645055e+00
5.895000000000303331e+00,-1.911368568018388947e-01,-4.415443601463282519e-01,-1.196138148873316709e+00
5.896000000000303665e+00,-1.911325786734706655e-01,-4.418721443708590879e-01,-1.194219108323075318e+00
5.897000000000303999e+00,-1.911275518200876711e-01,-4.421998031846604560e-01,-1.192298318132254176e+00
5.898000000000304333e+00,-1.911217719323839992e-01,-4.425273270800232916e-01,-1.190375849118125773e+00
5.899000000000304667e+00,-1.911152347166265031e-01,-4.428547065805154004e-01,-1.188451772006608564e+00
5.900000000000305000e+00,-1.911079358945728668e-01,-4.431819322412726692e-01,-1.186526157433888340e+00
5.901000000000305334e+00,-1.910998712033028513e-01,-4.435089946490676782e-01,-1.184599075948893576e+00
5.902000000000305668e+00,-1.910910363949755997e-01,-4.438358844221880761e-01,-1.182670598016557495e+00
5.903000000000306002e+00,-1.910814272365288780e-01,-4.441625922101547497e-01,-1.180740794021791995e+00
5.904000000000306336e+00,-1.910710395093346836e-01,-4.444891086933108748e-01,-1.178809734274103072e+00
5.905000000000306670e+00,-1.910598690088245455e-01,-4.448154245823089936e-01,-1.176877489012773781e+00
5.906000000000307004e+00,-1.910479115440981701e-01,-4.451415306175235953e-01,-1.174944128412543032e+00
5.907000000000307338e+00,-1.910351629375276472e-01,-4.454674175684127935e-01,-1.173009722589714476e+00
5.908000000000307672e+00,-1.910216190243693157e-01,-4.457930762328512486e-01,-1.171074341608627778e+00
5.909000000000308006e+00,-1.910072756523920612e-01,-4.461184974364541533e-01,-1.169138055488436079e+00
5.910000000000308340e+00,-1.909921286815325914e-01,-4.464436720319086005e-01,-1.167200934210131935e+00
5.911000000000308674e+00,-1.909761739835853511e-01,-4.467685908983286547e-01,-1.165263047723772205e+00
5.912000000000309008e+00,-1.909594074419339593e-01,-4.470932449406453402e-01,-1.163324465955856146e+00
5.913000000000309342e+00,-1.909418249513289423e-01,-4.474176250890439244e-01,-1.161385258816816313e+00
5.914000000000309676e+00,-1.909234224177199790e-01,-4.477417222984558243e-01,-1.159445496208585391e+00
5.915000000000310010e+00,-1.909041957581414373e-01,-4.480655275481139621e-01,-1.157505248032206113e+00
5.916000000000310344e+00,-1.908841409006596379e-01,-4.483890318411756781e-01,-1.155564584195456712e+00
5.917000000000310678e+00,-1.908632537843795163e-01,-4.487122262044193621e-01,-1.153623574620466385e+00
5.918000000000311012e+00,-1.908415303595155654e-01,-4.490351016880165802e-01,-1.151682289251299007e+00
5.919000000000311346e+00,-1.908189665875250629e-01,-4.493576493653824722e-01,-1.149740798061485325e+00
5.920000000000311680e+00,-1.907955584413058014e-01,-4.496798603331058630e-01,-1.147799171061488543e+00
5.921000000000312014e+00,-1.907713019054571024e-01,-4.500017257109593105e-01,-1.145857478306086863e+00
5.922000000000312347e+00,-1.907461929766024467e-01,-4.503232366419890331e-01,-1.143915789901662095e+00
5.923000000000312681e+00,-1.907202276637740557e-01,-4.506443842926839416e-01,-1.141974176013380804e+00
5.924000000000313015e+00,-1.906934019888566478e-01,-4.509651598532229411e-01,-1.140032706872261103e+00
5.925000000000313349e+00,-1.906657119870874828e-01,-4.512855545377977839e-01,-1.138091452782113766e+00
5.926000000000313683e+00,-1.906371537076126943e-01,-4.516055595850115845e-01,-1.136150484126350779e+00
5.927000000000314017e+00,-1.906077232140949151e-01,-4.519251662583483320e-01,-1.134209871374654677e+00
5.928000000000314351e+00,-1.905774165853707514e-01,-4.522443658467130145e-01,-1.132269685089501543e+00
5.929000000000314685e+00,-1.905462299161543305e-01,-4.525631496650385222e-01,-1.130329995932531251e+00
5.930000000000315019e+00,-1.905141593177847037e-01,-4.528815090549570543e-01,-1.128390874670760047e+00
5.931000000000315353e+00,-1.904812009190125499e-01,-4.531994353855331448e-01,-1.126452392182629048e+00
5.932000000000315687e+00,-1.904473508668230730e-01,-4.535169200540549728e-01,-1.124514619463884424e+00
5.933000000000316021e+00,-1.904126053272932051e-01,-4.538339544868815190e-01,-1.122577627633284170e+00
5.934000000000316355e+00,-1.903769604864768983e-01,-4.541505301403417905e-01,-1.120641487938124792e+00
5.935000000000316689e+00,-1.903404125513170619e-01,-4.544666385016837840e-01,-1.118706271759585480e+00
5.936000000000317023e+00,-1.903029577505797043e-01,-4.547822710900690790e-01,-1.116772050617883316e+00
5.937000000000317357e+00,-1.902645923358063929e-01,-4.550974194576110077e-01,-1.114838896177235750e+00
5.938000000000317691e+00,-1.902253125822825908e-01,-4.554120751904521813e-01,-1.112906880250625230e+00
5.939000000000318025e+00,-1.901851147900165406e-01,-4.557262299098793212e-01,-1.110976074804361557e+00
5.940000000000318359e+00,-1.901439952847276960e-01,-4.560398752734712291e-01,-1.109046551962438176e+00
5.941000000000318693e+00,-1.901019504188384834e-01,-4.563530029762775109e-01,-1.107118384010676637e+00
5.942000000000319027e+00,-1.900589765724689517e-01,-4.566656047520247785e-01,-1.105191643400657009e+00
5.943000000000319361e+00,-1.900150701544278675e-01,-4.569776723743473323e-01,-1.103266402753429354e+00
5.944000000000319694e+00,-1.899702276032007031e-01,-4.572891976580393814e-01,-1.101342734863001160e+00
5.945000000000320028e+00,-1.899244453879286310e-01,-4.576001724603254717e-01,-1.099420712699600511e+00
5.946000000000320362e+00,-1.898777200093769713e-01,-4.579105886821469573e-01,-1.097500409412707434e+00
5.947000000000320696e+00,-1.898300480008900948e-01,-4.582204382694608502e-01,-1.095581898333854776e+00
5.948000000000321030e+00,-1.897814259293303385e-01,-4.585297132145489951e-01,-1.093665252979191704e+00
5.949000000000321364e+00,-1.897318503959978253e-01,-4.588384055573341835e-01,-1.091750547051810294e+00
5.950000000000321698e+00,-1.896813180375304109e-01,-4.591465073867008195e-01,-1.089837854443832299e+00
5.951000000000322032e+00,-1.896298255267793165e-01,-4.594540108418175839e-01,-1.087927249238254346e+00
5.952000000000322366e+00,-1.895773695736607811e-01,-4.597609081134590436e-01,-1.086018805710549318e+00
5.953000000000322700e+00,-1.895239469259800691e-01,-4.600671914453244304e-01,-1.084112598330024824e+00
5.954000000000323034e+00,-1.894695543702279439e-01,-4.603728531353503128e-01,-1.082208701760936975e+00
5.955000000000323368e+00,-1.894141887323465001e-01,-4.606778855370150527e-01,-1.080307190863360134e+00
5.956000000000323702e+00,-1.893578468784640201e-01,-4.609822810606329369e-01,-1.078408140693812634e+00
5.957000000000324036e+00,-1.893005257155973009e-01,-4.612860321746349856e-01,-1.076511626505639585e+00
5.958000000000324370e+00,-1.892422221923214520e-01,-4.615891314068351625e-01,-1.074617723749154541e+00
5.959000000000324704e+00,-1.891829332994043877e-01,-4.618915713456784866e-01,-1.072726508071541796e+00
5.960000000000325038e+00,-1.891226560704079018e-01,-4.621933446414701052e-01,-1.070838055316521542e+00
5.961000000000325372e+00,-1.890613875822528822e-01,-4.624944440075821617e-01,-1.068952441523781216e+00
5.962000000000325706e+00,-1.889991249557492203e-01,-4.627948622216370156e-01,-1.067069742928177245e+00
5.963000000000326040e+00,-1.889358653560904155e-01,-4.630945921266645948e-01,-1.065190035958709425e+00
5.964000000000326374e+00,-1.888716059933129854e-01,-4.633936266322315478e-01,-1.063313397237275026e+00
5.965000000000326708e+00,-1.888063441227193495e-01,-4.636919587155404199e-01,-1.061439903577206634e+00
5.966000000000327042e+00,-1.887400770452676291e-01,-4.639895814224970771e-01,-1.059569631981599258e+00
5.967000000000327375e+00,-1.886728021079254747e-01,-4.642864878687438801e-01,-1.057702659641434062e+00
5.968000000000327709e+00,-1.886045167039903658e-01,-4.645826712406568859e-01,-1.055839063933505351e+00
5.969000000000328043e+00,-1.885352182733772697e-01,-4.648781247963051366e-01,-1.053978922418158604e+00
5.970000000000328377e+00,-1.884649043028735482e-01,-4.651728418663703679e-01,-1.052122312836847762e+00
5.971000000000328711e+00,-1.883935723263624462e-01,-4.654668158550241963e-01,-1.050269313109521319e+00
5.972000000000329045e+00,-1.883212199250170471e-01,-4.657600402407618967e-01,-1.048420001331844764e+00
5.973000000000329379e+00,-1.882478447274643640e-01,-4.660525085771897724e-01,-1.046574455772273371e+00
5.974000000000329713e+00,-1.881734444099223413e-01,-4.663442144937651745e-01,-1.044732754868982205e+00
5.975000000000330047e+00,-1.880980166963103217e-01,-4.666351516964854507e-01,-1.042894977226668018e+00
5.976000000000330381e+00,-1.880215593583339784e-01,-4.669253139685254905e-01,-1.041061201613233456e+00
5.977000000000330715e+00,-1.879440702155487086e-01,-4.672146951708201490e-01,-1.039231506956368456e+00
5.978000000000331049e+00,-1.878655471353990469e-01,-4.675032892425903253e-01,-1.037405972340040838e+00
5.979000000000331383e+00,-1.877859880332397591e-01,-4.677910902018094785e-01,-1.035584677000911835e+00
5.980000000000331717e+00,-1.877053908724769515e-01,-4.680780921456634824e-01,-1.033767700325087135e+00
5.981000000000332051e+00,-1.876237536660332328e-01,-4.683642892514718326e-01,-1.031955121850457679e+00
5.982000000000332385e+00,-1.875410744774103078e-01,-4.686496757773986332e-01,-1.030147021270322760e+00
5.983000000000332719e+00,-1.874573514214739056e-01,-4.689342460629889464e-01,-1.028343478430328251e+00
5.984000000000333053e+00,-1.873725826640931791e-01,-4.692179945291939380e-01,-1.026544573324490450e+00
5.985000000000333387e+00,-1.872867664220095874e-01,-4.695009156784122339e-01,-1.024750386091252130e+00
5.986000000000333721e+00,-1.871999009626992283e-01,-4.697830040944545038e-01,-1.022960997009592088e+00
5.987000000000334055e+00,-1.871119846042328394e-01,-4.700642544424279423e-01,-1.021176486495206204e+00
5.988000000000334389e+00,-1.870230157151318018e-01,-4.703446614685380944e-01,-1.019396935096782197e+00
5.989000000000334722e+00,-1.869329927142228120e-01,-4.706242199998047493e-01,-1.017622423492388073e+00
5.990000000000335056e+00,-1.868419140704948855e-01,-4.709029249436902376e-01,-1.015853032485995122e+00
5.991000000000335390e+00,-1.867497783029573588e-01,-4.711807712876376342e-01,-1.014088843004156137e+00
5.992000000000335724e+00,-1.866565839805034432e-01,-4.714577540985166459e-01,-1.012329936092859706e+00
5.993000000000336058e+00,-1.865623297217798848e-01,-4.717338685219762406e-01,-1.010576392914577903e+00
5.994000000000336392e+00,-1.864670141950629523e-01,-4.720091097817026848e-01,-1.008828294745527376e+00
5.995000000000336726e+00,-1.863706361181448612e-01,-4.722834731785823248e-01,-1.007085722973156239e+00
5.996000000000337060e+00,-1.862731942582290801e-01,-4.725569540897707754e-01,-1.005348759093871225e+00
5.997000000000337394e+00,-1.861746874318372935e-01,-4.728295479676686286e-01,-1.003617484711011532e+00
5.998000000000337728e+00,-1.860751145047278010e-01,-4.731012503388079549e-01,-1.001891981533072684e+00
5.999000000000338062e+00,-1.859744743918264609e-01,-4.733720568026531517e-01,-1.000172331372174650e+00
6.000000000000338396e+00,-1.858727660571698470e-01,-4.736419630303232986e-01,-9.984586161427632112e-01
6.001000000000338730e+00,-1.857699885138599516e-01,-4.739109647632440692e-01,-9.967509178605201692e-01
6.002000000000339064e+00,-1.856661408240320998e-01,-4.741790578117407451e-01,-9.950493186414456348e-01
6.003000000000339398e+00,-1.855612220988324124e-01,-4.744462380535869328e-01,-9.933539007010628863e-01
6.004000000000339732e+00,-1.854552314984045935e-01,-4.747125014325261905e-01,-9.916647463536760743e-01
6.005000000000340066e+00,-1.853481682318851576e-01,-4.749778439567882149e-01,-9.899819380115928436e-01
6.006000000000340400e+00,-1.852400315574037615e-01,-4.752422616976252900e-01,-9.883055581841994064e-01
6.007000000000340734e+00,-1.851308207820866469e-01,-4.755057507878990286e-01,-9.866356894767522867e-01
6.008000000000341068e+00,-1.850205352620614141e-01,-4.757683074207519347e-01,-9.849724145887231996e-01
6.009000000000341402e+00,-1.849091744024575767e-01,-4.760299278484028118e-01,-9.833158163115043315e-01
6.010000000000341736e+00,-1.847967376574047860e-01,-4.762906083811085933e-01,-9.816659775252548625e-01
6.011000000000342069e+00,-1.846832245300202846e-01,-4.765503453863415562e-01,-9.800229811946422620e-01
6.012000000000342403e+00,-1.845686345723890343e-01,-4.768091352882293799e-01,-9.783869103632082398e-01
6.013000000000342737e+00,-1.844529673855311858e-01,-4.770669745673106199e-01,-9.767578481460725826e-01
6.014000000000343071e+00,-1.843362226193585585e-01,-4.773238597606562217e-01,-9.751358777206803330e-01
6.015000000000343405e+00,-1.842183999726217936e-01,-4.775797874624054806e-01,-9.735210823153005455e-01
6.016000000000343739e+00,-1.840994991928496249e-01,-4.778347543247594142e-01,-9.719135451950043914e-01
6.017000000000344073e+00,-1.839795200762869287e-01,-4.780887570594674063e-01,-9.703133496448865802e-01
6.018000000000344407e+00,-1.838584624678401003e-01,-4.783417924398304377e-01,-9.687205789503499087e-01
6.019000000000344741e+00,-1.837363262610383075e-01,-4.785938573032319510e-01,-9.671353163743524606e-01
6.020000000000345075e+00,-1.836131113980264962e-01,-4.788449485541882433e-01,-9.655576451316106867e-01
6.021000000000345409e+00,-1.834888178696050254e-01,-4.790950631678947413e-01,-9.639876483598710522e-01
6.022000000000345743e+00,-1.833634457153358044e-01,-4.793441981942225816e-01,-9.624254090884863944e-01
6.023000000000346077e+00,-1.832369950237339173e-01,-4.795923507621012161e-01,-9.608710102046703616e-01
6.024000000000346411e+00,-1.831094659325708252e-01,-4.798395180842064955e-01,-9.593245344179301970e-01
6.025000000000346745e+00,-1.829808586293085737e-01,-4.800856974618576967e-01,-9.577860642232985944e-01
6.026000000000347079e+00,-1.828511733516915427e-01,-4.803308862900184106e-01,-9.562556818640800538e-01
6.027000000000347413e+00,-1.827204103885170516e-01,-4.805750820622913810e-01,-9.547334692948908907e-01
6.028000000000347747e+00,-1.825885700806073597e-01,-4.808182823757986002e-01,-9.532195081458023633e-01
6.029000000000348081e+00,-1.824556528220039331e-01,-4.810604849358467439e-01,-9.517138796883831686e-01
6.030000000000348415e+00,-1.823216590614007426e-01,-4.813016875602894595e-01,-9.502166648043851582e-01
6.031000000000348749e+00,-1.821865893038354667e-01,-4.815418881835175080e-01,-9.487279439577316342e-01
6.032000000000349083e+00,-1.820504441126522543e-01,-4.817810848600263540e-01,-9.472477971703490152e-01
6.033000000000349416e+00,-1.819132241117514814e-01,-4.820192757675342832e-01,-9.457763040022498791e-01
6.034000000000349750e+00,-1.817749299881384895e-01,-4.822564592096453273e-01,-9.443135435361309504e-01
6.035000000000350084e+00,-1.816355624947862957e-01,-4.824926336180718200e-01,-9.428595943666038259e-01
6.036000000000350418e+00,-1.814951224538248198e-01,-4.827277975544490562e-01,-9.414145345940456711e-01
6.037000000000350752e+00,-1.813536107600720593e-01,-4.829619497117887406e-01,-9.399784418229359950e-01
6.038000000000351086e+00,-1.812110283849209802e-01,-4.831950889156289564e-01,-9.385513931644502428e-01
6.039000000000351420e+00,-1.810673763805989989e-01,-4.834272141249438826e-01,-9.371334652430062251e-01
6.040000000000351754e+00,-1.809226558848144872e-01,-4.836583244328797604e-01,-9.357247342064067830e-01
6.041000000000352088e+00,-1.807768681258057342e-01,-4.838884190673835572e-01,-9.343252757391929952e-01
6.042000000000352422e+00,-1.806300144278022435e-01,-4.841174973917862223e-01,-9.329351650788058059e-01
6.043000000000352756e+00,-1.804820962169084719e-01,-4.843455589053972110e-01,-9.315544770341566139e-01
6.044000000000353090e+00,-1.803331150274082306e-01,-4.845726032441589615e-01,-9.301832860062136943e-01
6.045000000000353424e+00,-1.801830725084804241e-01,-4.847986301813991261e-01,-9.288216660102260880e-01
6.046000000000353758e+00,-1.800319704313053659e-01,-4.850236396287097573e-01,-9.274696906992166978e-01
6.047000000000354092e+00,-1.798798106965177057e-01,-4.852476316369679910e-01,-9.261274333883876553e-01
6.048000000000354426e+00,-1.797265953419455720e-01,-4.854706063974985608e-01,-9.247949670800795774e-01
6.049000000000354760e+00,-1.795723265505426713e-01,-4.856925642433662649e-01,-9.234723644889185623e-01
6.050000000000355094e+00,-1.794170066583878898e-01,-4.859135056507657979e-01,-9.221596980667623455e-01
6.051000000000355428e+00,-1.792606381625906353e-01,-4.861334312404609892e-01,-9.208570400270219558e-01
6.052000000000355762e+00,-1.791032237288884277e-01,-4.863523417792035008e-01,-9.195644623678882468e-01
6.053000000000356096e+00,-1.789447661986826033e-01,-4.865702381810409483e-01,-9.182820368939320632e-01
6.054000000000356430e+00,-1.787852685951993870e-01,-4.867871215084028091e-01,-9.170098352354806304e-01
6.055000000000356764e+00,-1.786247341284193935e-01,-4.870029929728287299e-01,-9.157479288651032556e-01
6.056000000000357097e+00,-1.784631661983688833e-01,-4.872178539351880167e-01,-9.144963891104757048e-01
6.057000000000357431e+00,-1.783005683963366783e-01,-4.874317059052201695e-01,-9.132552871628475399e-01
6.058000000000357765e+00,-1.781369445035630994e-01,-4.876445505402202674e-01,-9.120246940803186098e-01
6.059000000000358099e+00,-1.779722984869572810e-01,-4.878563896426927338e-01,-9.108046807851593041e-01
6.060000000000358433e+00,-1.778066344914447372e-01,-4.880672251568136666e-01,-9.095953180544918970e-01
6.061000000000358767e+00,-1.776399568286264330e-01,-4.882770591635702262e-01,-9.083966765038066216e-01
6.062000000000359101e+00,-1.774722699615597366e-01,-4.884858938744958134e-01,-9.072088265630101622e-01
6.063000000000359435e+00,-1.773035784856322739e-01,-4.886937316239852169e-01,-9.060318384450088969e-01
6.064000000000359769e+00,-1.771338871057024367e-01,-4.889005748602548995e-01,-9.048657821071866003e-01
6.065000000000360103e+00,-1.769632006098958987e-01,-4.891064261351060760e-01,-9.037107272065328933e-01
6.066000000000360437e+00,-1.767915238406683187e-01,-4.893112880927418251e-01,-9.025667430495748489e-01
6.067000000000360771e+00,-1.766188616639432496e-01,-4.895151634579786304e-01,-9.014338985386215475e-01
6.068000000000361105e+00,-1.764452189372823776e-01,-4.897180550242613561e-01,-9.003122621161048222e-01
6.069000000000361439e+00,-1.762706004781396940e-01,-4.899199656419385152e-01,-8.992019017089579735e-01
6.070000000000361773e+00,-1.760950110332586416e-01,-4.901208982072653986e-01,-8.981028846749946615e-01
6.071000000000362107e+00,-1.759184552502069954e-01,-4.903208556525837647e-01,-8.970152777531225086e-01
6.072000000000362441e+00,-1.757409376524412536e-01,-4.905198409382838243e-01,-8.959391470203155183e-01
6.073000000000362775e+00,-1.755624626196217175e-01,-4.907178570472837675e-01,-8.948745578626438046e-01
6.074000000000363109e+00,-1.753830343713438378e-01,-4.909149069813482091e-01,-8.938215749509590413e-01
6.075000000000363443e+00,-1.752026569541967893e-01,-4.911109937592415542e-01,-8.927802622184843884e-01
6.076000000000363777e+00,-1.750213342322811672e-01,-4.913061204167926688e-01,-8.917506828459482726e-01
6.077000000000364111e+00,-1.748390698820195821e-01,-4.915002900092085847e-01,-8.907328992541885260e-01
6.078000000000364444e+00,-1.746558673906711823e-01,-4.916935056154020378e-01,-8.897269731035839513e-01
6.079000000000364778e+00,-1.744717300580862496e-01,-4.918857703441359974e-01,-8.887329652994795381e-01
6.080000000000365112e+00,-1.742866610011761797e-01,-4.920770873417522062e-01,-8.877509360026638596e-01
6.081000000000365446e+00,-1.741006631605589439e-01,-4.922674598012427571e-01,-8.867809446439224308e-01
6.082000000000365780e+00,-1.739137393088520112e-01,-4.924568909724182930e-01,-8.858230499417130144e-01
6.083000000000366114e+00,-1.737258920601224554e-01,-4.926453841729431793e-01,-8.848773099220719196e-01
6.084000000000366448e+00,-1.735371238800602622e-01,-4.928329428000236545e-01,-8.839437819399547092e-01
6.085000000000366782e+00,-1.733474370965000233e-01,-4.930195703425609421e-01,-8.830225227013205336e-01
6.086000000000367116e+00,-1.731568339099832654e-01,-4.932052703936022908e-01,-8.821135882853781141e-01
6.087000000000367450e+00,-1.729653164041183855e-01,-4.933900466629467796e-01,-8.812170341665217510e-01
6.088000000000367784e+00,-1.727728865555565596e-01,-4.935739029897794339e-01,-8.803329152355817699e-01
6.089000000000368118e+00,-1.725795462434568384e-01,-4.937568433552205205e-01,-8.794612858201059646e-01
6.090000000000368452e+00,-1.723852972583684862e-01,-4.939388718946823298e-01,-8.786021997034672015e-01
6.091000000000368786e+00,-1.721901413105009215e-01,-4.941199929099229782e-01,-8.777557101426669561e-01
6.092000000000369120e+00,-1.719940800374035739e-01,-4.943002108806742179e-01,-8.769218698847752735e-01
6.093000000000369454e+00,-1.717971150111116119e-01,-4.944795304756974819e-01,-8.761007311820261378e-01
6.094000000000369788e+00,-1.715992477448681219e-01,-4.946579565630815911e-01,-8.752923458056839356e-01
6.095000000000370122e+00,-1.714004796995760582e-01,-4.948354942195398731e-01,-8.744967650589277053e-01
6.096000000000370456e+00,-1.712008122901991225e-01,-4.950121487383835617e-01,-8.737140397891994814e-01
6.097000000000370790e+00,-1.710002468924028962e-01,-4.951879256357318848e-01,-8.729442204007644701e-01
6.098000000000371124e+00,-1.707987848498391248e-01,-4.953628306543615967e-01,-8.721873568687134037e-01
6.099000000000371458e+00,-1.705964274826194949e-01,-4.955368697643671716e-01,-8.714434987564039226e-01
6.100000000000371791e+00,-1.703931760977474008e-01,-4.957100491594748082e-01,-8.707126952395755071e-01
6.101000000000372125e+00,-1.701890320026057113e-01,-4.958823752473640045e-01,-8.699949951423852079e-01
6.102000000000372459e+00,-1.699839965231153549e-01,-4.960538546316090036e-01,-8.692904469939194412e-01
6.103000000000372793e+00,-1.697780710289904516e-01,-4.962244940817117089e-01,-8.685990991192171773e-01
6.104000000000373127e+00,-1.695712569698368810e-01,-4.963943004858819563e-01,-8.679209997879849814e-01
6.105000000000373461e+00,-1.693635559279608183e-01,-4.965632807783542657e-01,-8.672561974593675505e-01
6.106000000000373795e+00,-1.691549696971141881e-01,-4.967314418285367905e-01,-8.666047411856486749e-01
6.107000000000374129e+00,-1.689455004012588857e-01,-4.968987902727937112e-01,-8.659666812738576747e-01
6.108000000000374463e+00,-1.687351506726311179e-01,-4.970653322623981296e-01,-8.653420703431751182e-01
6.109000000000374797e+00,-1.685239239069149519e-01,-4.972310731011469476e-01,-8.647309649021749367e-01
6.110000000000375131e+00,-1.683118245823690406e-01,-4.973960167795579146e-01,-8.641334273151067835e-01
6.111000000000375465e+00,-1.680988585299902915e-01,-4.975601655260230016e-01,-8.635495271806077344e-01
6.112000000000375799e+00,-1.678850329004610842e-01,-4.977235196661349281e-01,-8.629793398722129805e-01
6.113000000000376133e+00,-1.676703556333839495e-01,-4.978860780491086158e-01,-8.624229405133788662e-01
6.114000000000376467e+00,-1.674548346411920408e-01,-4.980478388804798762e-01,-8.618803958732758064e-01
6.115000000000376801e+00,-1.672384771981821894e-01,-4.982088004664837477e-01,-8.613517594582776882e-01
6.116000000000377135e+00,-1.670212897972926935e-01,-4.983689615528496542e-01,-8.608370716244493348e-01
6.117000000000377469e+00,-1.668032783342423553e-01,-4.985283213367681654e-01,-8.603363624571687129e-01
6.118000000000377803e+00,-1.665844483629275175e-01,-4.986868793744786421e-01,-8.598496549805865197e-01
6.119000000000378137e+00,-1.663648052970825297e-01,-4.988446355039167224e-01,-8.593769676964031490e-01
6.120000000000378471e+00,-1.661443545428673563e-01,-4.990015898040167652e-01,-8.589183163561490142e-01
6.121000000000378805e+00,-1.659231015792494990e-01,-4.991577425812542268e-01,-8.584737151424722823e-01
6.122000000000379138e+00,-1.657010520034152279e-01,-4.993130943717158376e-01,-8.580431774447900839e-01
6.123000000000379472e+00,-1.654782115531355791e-01,-4.994676459503200050e-01,-8.576267163650909131e-01
6.124000000000379806e+00,-1.652545861135795713e-01,-4.996213983418821836e-01,-8.572243450433757461e-01
6.125000000000380140e+00,-1.650301817131919480e-01,-4.997743528308140060e-01,-8.568360768600554733e-01
6.126000000000380474e+00,-1.648050045115443396e-01,-4.999265109676092056e-01,-8.564619255522594177e-01
6.127000000000380808e+00,-1.645790607811132844e-01,-5.000778745711728090e-01,-8.561019052685179265e-01
6.128000000000381142e+00,-1.643523568844470484e-01,-5.002284457266756856e-01,-8.557560305786549026e-01
6.129000000000381476e+00,-1.641248992479659163e-01,-5.003782267790615190e-01,-8.554243164510164643e-01
6.130000000000381810e+00,-1.638966943335821158e-01,-5.005272203226543981e-01,-8.551067782061718692e-01
6.131000000000382144e+00,-1.636677486093198741e-01,-5.006754291875326057e-01,-8.548034314542326539e-01
6.132000000000382478e+00,-1.634380685201179961e-01,-5.008228564234717961e-01,-8.545142920215250681e-01
6.133000000000382812e+00,-1.632076604599531633e-01,-5.009695052823084360e-01,-8.542393758712611973e-01
6.134000000000383146e+00,-1.629765307463171276e-01,-5.011153791995666129e-01,-8.539786990219512264e-01
6.135000000000383480e+00,-1.627446855979035600e-01,-5.012604817761114884e-01,-8.537322774665028202e-01
6.136000000000383814e+00,-1.625121311161393800e-01,-5.014048167604808759e-01,-8.535001270942429441e-01
6.137000000000384148e+00,-1.622788732709313786e-01,-5.015483880323980959e-01,-8.532822636174529629e-01
6.138000000000384482e+00,-1.620449178907438226e-01,-5.016911995878200470e-01,-8.530787025034500815e-01
6.139000000000384816e+00,-1.618102706568848026e-01,-5.018332555257216665e-01,-8.528894589127704595e-01
6.140000000000385150e+00,-1.615749371016834690e-01,-5.019745600366898319e-01,-8.527145476436309712e-01
6.141000000000385484e+00,-1.613389226101028529e-01,-5.021151173932902889e-01,-8.525539830825547005e-01
6.142000000000385818e+00,-1.611022324242462611e-01,-5.022549319420928082e-01,-8.524077791608430932e-01
6.143000000000386152e+00,-1.608648716501834830e-01,-5.023940080971853739e-01,-8.522759493164486777e-01
6.144000000000386486e+00,-1.606268452665309265e-01,-5.025323503349812260e-01,-8.521585064607359872e-01
6.145000000000386819e+00,-1.603881581342607721e-01,-5.026699631901102583e-01,-8.520554629495969978e-01
6.146000000000387153e+00,-1.601488150072730710e-01,-5.028068512521929323e-01,-8.519668305584007229e-01
6.147000000000387487e+00,-1.599088205433368826e-01,-5.029430191633087466e-01,-8.518926204602914609e-01
6.148000000000387821e+00,-1.596681793150758200e-01,-5.030784716159910630e-01,-8.518328432073966061e-01
6.149000000000388155e+00,-1.594268958207475384e-01,-5.032132133516037387e-01,-8.517875087145572177e-01
6.150000000000388489e+00,-1.591849744946258749e-01,-5.033472491589781050e-01,-8.517566262452452852e-01
6.151000000000388823e+00,-1.589424197168527453e-01,-5.034805838732103744e-01,-8.517402043993823613e-01
6.152000000000389157e+00,-1.586992358226702038e-01,-5.036132223745415359e-01,-8.517382511028182002e-01
6.153000000000389491e+00,-1.584554271072561304e-01,-5.037451695852475098e-01,-8.517507735751077558e-01
6.154000000000389825e+00,-1.582109978256297511e-01,-5.038764304642060488e-01,-8.517777782319670976e-01
6.155000000000390159e+00,-1.579659521936812583e-01,-5.040070100023659183e-01,-8.518192706371291445e-01
6.156000000000390493e+00,-1.577202943940161362e-01,-5.041369132210777870e-01,-8.518752554987000236e-01
6.157000000000390827e+00,-1.574740285826375930e-01,-5.042661451711361043e-01,-8.519457366669509479e-01
6.158000000000391161e+00,-1.572271588947647958e-01,-5.043947109315454203e-01,-8.520307171338067365e-01
6.159000000000391495e+00,-1.569796894524143616e-01,-5.045226156092325054e-01,-8.521301990412840643e-01
6.160000000000391829e+00,-1.567316243706535772e-01,-5.046498643382936189e-01,-8.522441836906046175e-01
6.161000000000392163e+00,-1.564829677626146109e-01,-5.047764622788046829e-01,-8.523726715437859314e-01
6.162000000000392497e+00,-1.562337237424430425e-01,-5.049024146148016756e-01,-8.525156622250712468e-01
6.163000000000392831e+00,-1.559838964282251883e-01,-5.050277265523404058e-01,-8.526731545229824238e-01
6.164000000000393165e+00,-1.557334899445567133e-01,-5.051524033174755735e-01,-8.528451463929567211e-01
6.165000000000393499e+00,-1.554825084247908329e-01,-5.052764501541688880e-01,-8.530316349605312487e-01
6.166000000000393833e+00,-1.552309560129996324e-01,-5.053998723221343470e-01,-8.532326165250406769e-01
6.167000000000394166e+00,-1.549788368656803694e-01,-5.055226750946334446e-01,-8.534480865637968927e-01
6.168000000000394500e+00,-1.547261551532342905e-01,-5.056448637562269699e-01,-8.536780397367197404e-01
6.169000000000394834e+00,-1.544729150612464963e-01,-5.057664436004956077e-01,-8.539224698913897571e-01
6.170000000000395168e+00,-1.542191207915881712e-01,-5.058874199277378914e-01,-8.541813700684947053e-01
6.171000000000395502e+00,-1.539647765633644916e-01,-5.060077980426532784e-01,-8.544547325076422561e-01
6.172000000000395836e+00,-1.537098866137260877e-01,-5.061275832520217843e-01,-8.547425486535121797e-01
6.173000000000396170e+00,-1.534544551985616012e-01,-5.062467808623846155e-01,-8.550448091623220614e-01
6.174000000000396504e+00,-1.531984865930875461e-01,-5.063653961777369039e-01,-8.553615039085805671e-01
6.175000000000396838e+00,-1.529419850923490198e-01,-5.064834344972366509e-01,-8.556926219921030530e-01
6.176000000000397172e+00,-1.526849550116432530e-01,-5.066009011129382067e-01,-8.560381517452650968e-01
6.177000000000397506e+00,-1.524274006868784337e-01,-5.067178013075549492e-01,-8.563980807404694140e-01
6.178000000000397840e+00,-1.521693264748765761e-01,-5.068341403522584887e-01,-8.567723957978023996e-01
6.179000000000398174e+00,-1.519107367536315367e-01,-5.069499235045157315e-01,-8.571610829928568709e-01
6.180000000000398508e+00,-1.516516359225283939e-01,-5.070651560059726837e-01,-8.575641276646982503e-01
6.181000000000398842e+00,-1.513920284025345175e-01,-5.071798430803842184e-01,-8.579815144239520963e-01
6.182000000000399176e+00,-1.511319186363667688e-01,-5.072939899315973555e-01,-8.584132271609896669e-01
6.183000000000399510e+00,-1.508713110886449327e-01,-5.074076017415869444e-01,-8.588592490541923086e-01
6.184000000000399844e+00,-1.506102102460344927e-01,-5.075206836685501877e-01,-8.593195625782718006e-01
6.185000000000400178e+00,-1.503486206173872963e-01,-5.076332408450584532e-01,-8.597941495126275591e-01
6.186000000000400512e+00,-1.500865467338854398e-01,-5.077452783762705923e-01,-8.602829909497201610e-01
6.187000000000400846e+00,-1.498239931491944787e-01,-5.078568013382079860e-01,-8.607860673034426480e-01
6.188000000000401180e+00,-1.495609644396310722e-01,-5.079678147760923190e-01,-8.613033583174704022e-01
6.189000000000401513e+00,-1.492974652043532746e-01,-5.080783237027478583e-01,-8.618348430735716104e-01
6.190000000000401847e+00,-1.490335000655764741e-01,-5.081883330970665691e-01,-8.623804999998605503e-01
6.191000000000402181e+00,-1.487690736688251913e-01,-5.082978479025396235e-01,-8.629403068789772702e-01
6.192000000000402515e+00,-1.485041906832235137e-01,-5.084068730258518576e-01,-8.635142408561758964e-01
6.193000000000402849e+00,-1.482388558018340463e-01,-5.085154133355422879e-01,-8.641022784473069152e-01
6.194000000000403183e+00,-1.479730737420507092e-01,-5.086234736607280205e-01,-8.647043955466765519e-01
6.195000000000403517e+00,-1.477068492460545945e-01,-5.087310587898941083e-01,-8.653205674347692611e-01
6.196000000000403851e+00,-1.474401870813391024e-01,-5.088381734697459136e-01,-8.659507687858173375e-01
6.197000000000404185e+00,-1.471730920413132360e-01,-5.089448224041264179e-01,-8.665949736752044386e-01
6.198000000000404519e+00,-1.469055689459939362e-01,-5.090510102529977043e-01,-8.672531555866886954e-01
6.199000000000404853e+00,-1.466376226427924534e-01,-5.091567416314852768e-01,-8.679252874194315348e-01
6.200000000000405187e+00,-1.463692580074084093e-01,-5.092620211089868842e-01,-8.686113414948193334e-01
6.201000000000405521e+00,-1.461004799448376579e-01,-5.093668532083442946e-01,-8.693112895630654702e-01
6.202000000000405855e+00,-1.458312933905064890e-01,-5.094712424050803490e-01,-8.700251028095798977e-01
6.203000000000406189e+00,-1.455617033115398362e-01,-5.095751931266986334e-01,-8.707527518610941319e-01
6.204000000000406523e+00,-1.452917147081745908e-01,-5.096787097520493193e-01,-8.714942067915313340e-01
6.205000000000406857e+00,-1.450213326153252380e-01,-5.097817966107588417e-01,-8.722494371276101610e-01
6.206000000000407191e+00,-1.447505621043113644e-01,-5.098844579827264134e-01,-8.730184118541720606e-01
6.207000000000407525e+00,-1.444794082847524752e-01,-5.099866980976848208e-01,-8.738010994192253467e-01
6.208000000000407859e+00,-1.442078763066357849e-01,-5.100885211348287207e-01,-8.745974677386962881e-01
6.209000000000408193e+00,-1.439359713625569803e-01,-5.101899312225071093e-01,-8.754074842008841006e-01
6.210000000000408527e+00,-1.436636986901347335e-01,-5.102909324379818479e-01,-8.762311156706155124e-01
6.211000000000408861e+00,-1.433910635745897499e-01,-5.103915288072473633e-01,-8.770683284930995693e-01
6.212000000000409194e+00,-1.431180713514785818e-01,-5.104917243049107434e-01,-8.779190884974855669e-01
6.213000000000409528e+00,-1.428447274095606678e-01,-5.105915228541259010e-01,-8.787833610001336559e-01
6.214000000000409862e+00,-1.425710371937704002e-01,-5.106909283265748112e-01,-8.796611108076104468e-01
6.215000000000410196e+00,-1.422970062082566933e-01,-5.107899445424846085e-01,-8.805523022194314819e-01
6.216000000000410530e+00,-1.420226400194365413e-01,-5.108885752706689987e-01,-8.814568990305780005e-01
6.217000000000410864e+00,-1.417479442589999472e-01,-5.109868242285722229e-01,-8.823748645338258534e-01
6.218000000000411198e+00,-1.414729246267838469e-01,-5.110846950822952595e-01,-8.833061615219331975e-01
6.219000000000411532e+00,-1.411975868934215450e-01,-5.111821914465752847e-01,-8.842507522897460337e-01
6.220000000000411866e+00,-1.409219369026540880e-01,-5.112793168846809788e-01,-8.852085986362896453e-01
6.221000000000412200e+00,-1.406459805731784529e-01,-5.113760749081873724e-01,-8.861796618669266490e-01
6.222000000000412534e+00,-1.403697238998907748e-01,-5.114724689765802745e-01,-8.871639027956707002e-01
6.223000000000412868e+00,-1.400931729543825055e-01,-5.115685024966426520e-01,-8.881612817477533284e-01
6.224000000000413202e+00,-1.398163338845360704e-01,-5.116641788215684494e-01,-8.891717585625440456e-01
6.225000000000413536e+00,-1.395392129130811343e-01,-5.117595012497525575e-01,-8.901952925969229824e-01
6.226000000000413870e+00,-1.392618163349859106e-01,-5.118544730232071904e-01,-8.912318427291967549e-01
6.227000000000414204e+00,-1.389841505135879229e-01,-5.119490973255655941e-01,-8.922813673636346143e-01
6.228000000000414538e+00,-1.387062218754082643e-01,-5.120433772796462168e-01,-8.933438244356759483e-01
6.229000000000414872e+00,-1.384280369036461344e-01,-5.121373159445689049e-01,-8.944191714178306718e-01
6.230000000000415206e+00,-1.381496021304110533e-01,-5.122309163124372233e-01,-8.955073653262550781e-01
6.231000000000415540e+00,-1.378709241278153197e-01,-5.123241813046286453e-01,-8.966083627279429757e-01
6.232000000000415874e+00,-1.375920094981131214e-01,-5.124171137677580035e-01,-8.977221197484289705e-01
6.233000000000416208e+00,-1.373128648631333215e-01,-5.125097164694105700e-01,-8.988485920798581219e-01
6.234000000000416541e+00,-1.370334968532954667e-01,-5.126019920937562313e-01,-8.999877349892441147e-01
6.235000000000416875e+00,-1.367539120965305388e-01,-5.126939432371802052e-01,-9.011395033267111110e-01
6.236000000000417209e+00,-1.364741172074296349e-01,-5.127855724040648600e-01,-9.023038515335074505e-01
6.237000000000417543e+00,-1.361941187769358796e-01,-5.128768820028624109e-01,-9.034807336495785934e-01
6.238000000000417877e+00,-1.359139233630418664e-01,-5.129678743426856480e-01,-9.046701033209249010e-01
6.239000000000418211e+00,-1.356335374853520070e-01,-5.130585516319796646e-01,-9.058719138145227001e-01
6.240000000000418545e+00,-1.353529676202541721e-01,-5.131489159774831332e-01,-9.070861180359773845e-01
6.241000000000418879e+00,-1.350722201968924674e-01,-5.132389693835816002e-01,-9.083126685354969698e-01
6.242000000000419213e+00,-1.347913015919842694e-01,-5.133287137509700004e-01,-9.095515175109170070e-01
6.243000000000419547e+00,-1.345102181263991836e-01,-5.134181508762385437e-01,-9.108026168096952091e-01
6.244000000000419881e+00,-1.342289760629975515e-01,-5.135072824521184076e-01,-9.120659179299099861e-01
6.245000000000420215e+00,-1.339475816055993862e-01,-5.135961100683258396e-01,-9.133413720203270580e-01
6.246000000000420549e+00,-1.336660408989451820e-01,-5.136846352129454951e-01,-9.146289298796169698e-01
6.247000000000420883e+00,-1.333843600295031573e-01,-5.137728592742781819e-01,-9.159285419548223173e-01
6.248000000000421217e+00,-1.331025450269671673e-01,-5.138607835430790693e-01,-9.172401583391771585e-01
6.249000000000421551e+00,-1.328206018662996257e-01,-5.139484092151084260e-01,-9.185637287693850794e-01
6.250000000000421885e+00,-1.325385364701806568e-01,-5.140357373939231644e-01,-9.198992026224557250e-01
6.251000000000422219e+00,-1.322563547117399096e-01,-5.141227690938411365e-01,-9.212465289121949397e-01
6.252000000000422553e+00,-1.319740624174635668e-01,-5.142095052430162294e-01,-9.226056562854347831e-01
6.253000000000422887e+00,-1.316916653701857287e-01,-5.142959466865726359e-01,-9.239765330180780278e-01
6.254000000000423221e+00,-1.314091693120884585e-01,-5.143820941897527810e-01,-9.253591070110241956e-01
6.255000000000423555e+00,-1.311265799476509786e-01,-5.144679484410390469e-01,-9.267533257860327556e-01
6.256000000000423888e+00,-1.308439029465034986e-01,-5.145535100552225405e-01,-9.281591364815694467e-01
6.257000000000424222e+00,-1.305611439461494827e-01,-5.146387795763910367e-01,-9.295764858486750271e-01
6.258000000000424556e+00,-1.302783085545334840e-01,-5.147237574808204430e-01,-9.310053202468863143e-01
6.259000000000424890e+00,-1.299954023524386715e-01,-5.148084441797553534e-01,-9.324455856402344978e-01
6.260000000000425224e+00,-1.297124308957059435e-01,-5.148928400220698087e-01,-9.338972275933388190e-01
6.261000000000425558e+00,-1.294293997172706323e-01,-5.149769452968017136e-01,-9.353601912676106078e-01
6.262000000000425892e+00,-1.291463143290180193e-01,-5.150607602355603554e-01,-9.368344214175772233e-01
6.263000000000426226e+00,-1.288631802234631030e-01,-5.151442850148034713e-01,-9.383198623873331146e-01
6.264000000000426560e+00,-1.285800028752586144e-01,-5.152275197579883059e-01,-9.398164581071233314e-01
6.265000000000426894e+00,-1.282967877425431613e-01,-5.153104645375969906e-01,-9.413241520900612613e-01
6.266000000000427228e+00,-1.280135402681351620e-01,-5.153931193770404651e-01,-9.428428874289822570e-01
6.267000000000427562e+00,-1.277302658805843372e-01,-5.154754842524479352e-01,-9.443726067934326007e-01
6.268000000000427896e+00,-1.274469699950917523e-01,-5.155575590943420883e-01,-9.459132524267933606e-01
6.269000000000428230e+00,-1.271636580143062911e-01,-5.156393437892108356e-01,-9.474647661435364743e-01
6.270000000000428564e+00,-1.268803353290094416e-01,-5.157208381809773590e-01,-9.490270893266117280e-01
6.271000000000428898e+00,-1.265970073186979405e-01,-5.158020420723757882e-01,-9.506001629249616336e-01
6.272000000000429232e+00,-1.263136793520710510e-01,-5.158829552262378382e-01,-9.521839274511617601e-01
6.273000000000429566e+00,-1.260303567874359043e-01,-5.159635773666962910e-01,-9.537783229791833017e-01
6.274000000000429900e+00,-1.257470449730334616e-01,-5.160439081803105399e-01,-9.553832891422748830e-01
6.275000000000430234e+00,-1.254637492472975291e-01,-5.161239473171190806e-01,-9.569987651309618260e-01
6.276000000000430568e+00,-1.251804749390506011e-01,-5.162036943916250564e-01,-9.586246896911579940e-01
6.277000000000430902e+00,-1.248972273676450806e-01,-5.162831489837184096e-01,-9.602610011223898789e-01
6.278000000000431235e+00,-1.246140118430538735e-01,-5.163623106395409668e-01,-9.619076372761281579e-01
6.279000000000431569e+00,-1.243308336659182389e-01,-5.164411788722971242e-01,-9.635645355542254986e-01
6.280000000000431903e+00,-1.240476981275555612e-01,-5.165197531630154604e-01,-9.652316329074576151e-01
6.281000000000432237e+00,-1.237646105099327043e-01,-5.165980329612644972e-01,-9.669088658341654652e-01
6.282000000000432571e+00,-1.234815760856090572e-01,-5.166760176858276044e-01,-9.685961703789968125e-01
6.283000000000432905e+00,-1.231986001176520462e-01,-5.167537067253389349e-01,-9.702934821317440450e-01
6.284000000000433239e+00,-1.229156878595301094e-01,-5.168310994388841673e-01,-9.720007362262775841e-01
6.285000000000433573e+00,-1.226328445549841328e-01,-5.169081951565704935e-01,-9.737178673395724404e-01
6.286000000000433907e+00,-1.223500754378810118e-01,-5.169849931800665210e-01,-9.754448096908263643e-01
6.287000000000434241e+00,-1.220673857320525579e-01,-5.170614927831165275e-01,-9.771814970406681455e-01
6.288000000000434575e+00,-1.217847806511194175e-01,-5.171376932120314018e-01,-9.789278626904545089e-01
6.289000000000434909e+00,-1.215022653983049983e-01,-5.172135936861569361e-01,-9.806838394816541626e-01
6.290000000000435243e+00,-1.212198451662387377e-01,-5.172891933983245760e-01,-9.824493597953183333e-01
6.291000000000435577e+00,-1.209375251367508231e-01,-5.173644915152841861e-01,-9.842243555516355658e-01
6.292000000000435911e+00,-1.206553104806599164e-01,-5.174394871781220484e-01,-9.860087582095709013e-01
6.293000000000436245e+00,-1.203732063575553290e-01,-5.175141795026648728e-01,-9.878024987665875445e-01
6.294000000000436579e+00,-1.200912179155739778e-01,-5.175885675798734820e-01,-9.896055077584503534e-01
6.295000000000436913e+00,-1.198093502911729002e-01,-5.176626504762247283e-01,-9.914177152591104880e-01
6.296000000000437247e+00,-1.195276086088996603e-01,-5.177364272340864160e-01,-9.932390508806699936e-01
6.297000000000437581e+00,-1.192459979811580917e-01,-5.178098968720830086e-01,-9.950694437734259878e-01
6.298000000000437915e+00,-1.189645235079744845e-01,-5.178830583854571179e-01,-9.969088226259931185e-01
6.299000000000438249e+00,-1.186831902767601088e-01,-5.179559107464244416e-01,-9.987571156655044025e-01
6.300000000000438583e+00,-1.184020033620737378e-01,-5.180284529045258157e-01,-1.000614250657889004e+00
6.301000000000438916e+00,-1.181209678253831719e-01,-5.181006837869754911e-01,-1.002480154908226950e+00
6.302000000000439250e+00,-1.178400887148257636e-01,-5.181726022990085223e-01,-1.004354755261179566e+00
6.303000000000439584e+00,-1.175593710649699419e-01,-5.182442073242256031e-01,-1.006237978101496289e+00
6.304000000000439918e+00,-1.172788198965755146e-01,-5.183154977249380124e-01,-1.008129749354594873e+00
6.305000000000440252e+00,-1.169984402163543047e-01,-5.183864723425133381e-01,-1.010029994487218197e+00
6.306000000000440586e+00,-1.167182370167323402e-01,-5.184571299977210890e-01,-1.011938638508162569e+00
6.307000000000440920e+00,-1.164382152756108235e-01,-5.185274694910804172e-01,-1.013855605969081752e+00
6.308000000000441254e+00,-1.161583799561292096e-01,-5.185974896032095049e-01,-1.015780820965362041e+00
6.309000000000441588e+00,-1.158787360064272853e-01,-5.186671890951780606e-01,-1.017714207137070836e+00
6.310000000000441922e+00,-1.155992883594096909e-01,-5.187365667088614796e-01,-1.019655687669976718e+00
6.311000000000442256e+00,-1.153200419325102200e-01,-5.188056211672995577e-01,-1.021605185296641016e+00
6.312000000000442590e+00,-1.150410016274572289e-01,-5.188743511750580906e-01,-1.023562622297579772e+00
6.313000000000442924e+00,-1.147621723300398244e-01,-5.189427554185948033e-01,-1.025527920502496970e+00
6.314000000000443258e+00,-1.144835589098595063e-01,-5.190108325666168421e-01,-1.027501001291519112e+00
6.315000000000443592e+00,-1.142051662195500139e-01,-5.190785812700358104e-01,-1.029481785593589382e+00
6.316000000000443926e+00,-1.139269990940322552e-01,-5.191460001619500053e-01,-1.031470193882556341e+00
6.317000000000444260e+00,-1.136490623498332964e-01,-5.192130878576788344e-01,-1.033466146177652201e+00
6.318000000000444594e+00,-1.133713607849825555e-01,-5.192798429552404338e-01,-1.035469562045278069e+00
6.319000000000444928e+00,-1.130938992102287211e-01,-5.193462640580157608e-01,-1.037480360685760994e+00
6.320000000000445262e+00,-1.128166824925609379e-01,-5.194123498065147393e-01,-1.039498461153476105e+00
6.321000000000445596e+00,-1.125397155893226309e-01,-5.194780989037734997e-01,-1.041523782428814160e+00
6.322000000000445930e+00,-1.122630035452424346e-01,-5.195435101147529711e-01,-1.043556243418372720e+00
6.323000000000446263e+00,-1.119865514886154712e-01,-5.196085822650958752e-01,-1.045595762955446428e+00
6.324000000000446597e+00,-1.117103646294456132e-01,-5.196733142412570672e-01,-1.047642259800806608e+00
6.325000000000446931e+00,-1.114344482575840845e-01,-5.197377049906249935e-01,-1.049695652643752197e+00
6.326000000000447265e+00,-1.111588077408678377e-01,-5.198017535216330476e-01,-1.051755860103421369e+00
6.327000000000447599e+00,-1.108834485232579325e-01,-5.198654589038627094e-01,-1.053822800730347620e+00
6.328000000000447933e+00,-1.106083761229816886e-01,-5.199288202681362492e-01,-1.055896393008248557e+00
6.329000000000448267e+00,-1.103335961306789459e-01,-5.199918368066005492e-01,-1.057976555356031856e+00
6.330000000000448601e+00,-1.100591142075547646e-01,-5.200545077727994903e-01,-1.060063206130004820e+00
6.331000000000448935e+00,-1.097849360835411181e-01,-5.201168324817385669e-01,-1.062156263626274910e+00
6.332000000000449269e+00,-1.095110675554685775e-01,-5.201788103099370675e-01,-1.064255646083326345e+00
6.333000000000449603e+00,-1.092375144852503199e-01,-5.202404406954718175e-01,-1.066361271684757694e+00
6.334000000000449937e+00,-1.089642827980805695e-01,-5.203017231380099306e-01,-1.068473058562169786e+00
6.335000000000450271e+00,-1.086913784806494698e-01,-5.203626571988309024e-01,-1.070590924798186183e+00
6.336000000000450605e+00,-1.084188075793763861e-01,-5.204232425008391560e-01,-1.072714788429595334e+00
6.337000000000450939e+00,-1.081465761986630802e-01,-5.204834787285654851e-01,-1.074844567450599309e+00
6.338000000000451273e+00,-1.078746904991702005e-01,-5.205433656281590604e-01,-1.076980179816153793e+00
6.339000000000451607e+00,-1.076031566961183072e-01,-5.206029030073677788e-01,-1.079121543445388243e+00
6.340000000000451941e+00,-1.073319810576154332e-01,-5.206620907355098415e-01,-1.081268576225088429e+00
6.341000000000452275e+00,-1.070611699030139530e-01,-5.207209287434342304e-01,-1.083421196013230503e+00
6.342000000000452609e+00,-1.067907296012996499e-01,-5.207794170234711917e-01,-1.085579320642549694e+00
6.343000000000452943e+00,-1.065206665695140886e-01,-5.208375556293736164e-01,-1.087742867924130330e+00
6.344000000000453277e+00,-1.062509872712136261e-01,-5.208953446762476513e-01,-1.089911755651002068e+00
6.345000000000453610e+00,-1.059816982149673903e-01,-5.209527843404743175e-01,-1.092085901601728137e+00
6.346000000000453944e+00,-1.057128059528980035e-01,-5.210098748596220242e-01,-1.094265223543968268e+00
6.347000000000454278e+00,-1.054443170792651596e-01,-5.210666165323498689e-01,-1.096449639238004092e+00
6.348000000000454612e+00,-1.051762382290983844e-01,-5.211230097183028320e-01,-1.098639066440208367e+00
6.349000000000454946e+00,-1.049085760768799780e-01,-5.211790548379979793e-01,-1.100833422906442927e+00
6.350000000000455280e+00,-1.046413373352813592e-01,-5.212347523727036691e-01,-1.103032626395369364e+00
6.351000000000455614e+00,-1.043745287539575850e-01,-5.212901028643124324e-01,-1.105236594671654027e+00
6.352000000000455948e+00,-1.041081571184020449e-01,-5.213451069152054140e-01,-1.107445245509049991e+00
6.353000000000456282e+00,-1.038422292488662135e-01,-5.213997651881141504e-01,-1.109658496693339380e+00
6.354000000000456616e+00,-1.035767519993486818e-01,-5.214540784059749079e-01,-1.111876266025113580e+00
6.355000000000456950e+00,-1.033117322566561302e-01,-5.215080473517815784e-01,-1.114098471322375827e+00
6.356000000000457284e+00,-1.030471769395420178e-01,-5.215616728684352443e-01,-1.116325030422942399e+00
6.357000000000457618e+00,-1.027830929979277608e-01,-5.216149558585930768e-01,-1.118555861186621980e+00
6.358000000000457952e+00,-1.025194874122101751e-01,-5.216678972845180118e-01,-1.120790881497152780e+00
6.359000000000458286e+00,-1.022563671926612905e-01,-5.217204981679307574e-01,-1.123030009263870976e+00
6.360000000000458620e+00,-1.019937393789253077e-01,-5.217727595898663528e-01,-1.125273162423090278e+00
6.361000000000458954e+00,-1.017316110396188078e-01,-5.218246826905378333e-01,-1.127520258939163522e+00
6.362000000000459288e+00,-1.014699892720393182e-01,-5.218762686692086650e-01,-1.129771216805205203e+00
6.363000000000459622e+00,-1.012088812019880102e-01,-5.219275187840779484e-01,-1.132025954043443416e+00
6.364000000000459956e+00,-1.009482939837134108e-01,-5.219784343521809422e-01,-1.134284388705179003e+00
6.365000000000460290e+00,-1.006882347999802363e-01,-5.220290167493073508e-01,-1.136546438870321474e+00
6.366000000000460624e+00,-1.004287108622717861e-01,-5.220792674099434816e-01,-1.138812022646474409e+00
6.367000000000460957e+00,-1.001697294111273395e-01,-5.221291878272389386e-01,-1.141081058167547013e+00
6.368000000000461291e+00,-9.991129771662377035e-02,-5.221787795530044018e-01,-1.143353463591861185e+00
6.369000000000461625e+00,-9.965342307900260099e-02,-5.222280441977433796e-01,-1.145629157099736117e+00
6.370000000000461959e+00,-9.939611282944649240e-02,-5.222769834307219305e-01,-1.147908056890525996e+00
6.371000000000462293e+00,-9.913937433100772356e-02,-5.223255989800812404e-01,-1.150190081179098822e+00
6.372000000000462627e+00,-9.888321497968699525e-02,-5.223738926329941634e-01,-1.152475148191744125e+00
6.373000000000462961e+00,-9.862764220566233586e-02,-5.224218662358703913e-01,-1.154763176161511140e+00
6.374000000000463295e+00,-9.837266347465978278e-02,-5.224695216946109166e-01,-1.157054083322986981e+00
6.375000000000463629e+00,-9.811828628945939990e-02,-5.225168609749116788e-01,-1.159347787906538363e+00
6.376000000000463963e+00,-9.786451819152075515e-02,-5.225638861026128401e-01,-1.161644208132060152e+00
6.377000000000464297e+00,-9.761136676271042756e-02,-5.226105991640908055e-01,-1.163943262202291384e+00
6.378000000000464631e+00,-9.735883962710534245e-02,-5.226570023066821058e-01,-1.166244868295788217e+00
6.379000000000464965e+00,-9.710694445283907239e-02,-5.227030977391271538e-01,-1.168548944559670622e+00
6.380000000000465299e+00,-9.685568895395135769e-02,-5.227488877320140004e-01,-1.170855409102293798e+00
6.381000000000465633e+00,-9.660508089219144168e-02,-5.227943746181995532e-01,-1.173164179986031730e+00
6.382000000000465967e+00,-9.635512807871582375e-02,-5.228395607931741740e-01,-1.175475175220401791e+00
6.383000000000466301e+00,-9.610583837561592624e-02,-5.228844487153324616e-01,-1.177788312755796651e+00
6.384000000000466635e+00,-9.585721969719729341e-02,-5.229290409061031486e-01,-1.180103510478130557e+00
6.385000000000466969e+00,-9.560928001093160766e-02,-5.229733399498833757e-01,-1.182420686204737947e+00
6.386000000000467303e+00,-9.536202733799270526e-02,-5.230173484937186146e-01,-1.184739757681890326e+00
6.387000000000467637e+00,-9.511546975329243647e-02,-5.230610692466639566e-01,-1.187060642584299996e+00
6.388000000000467971e+00,-9.486961538493265955e-02,-5.231045049787610424e-01,-1.189383258516977016e+00
6.389000000000468305e+00,-9.462447241300020462e-02,-5.231476585195691253e-01,-1.191707523019764459e+00
6.390000000000468638e+00,-9.438004906764840829e-02,-5.231905327561956476e-01,-1.194033353574820877e+00
6.391000000000468972e+00,-9.413635362642924775e-02,-5.232331306307860253e-01,-1.196360667617222928e+00
6.392000000000469306e+00,-9.389339441086885785e-02,-5.232754551374513285e-01,-1.198689382548743243e+00
6.393000000000469640e+00,-9.365117978230930174e-02,-5.233175093186384075e-01,-1.201019415754713160e+00
6.394000000000469974e+00,-9.340971813707810156e-02,-5.233592962609727728e-01,-1.203350684623723410e+00
6.395000000000470308e+00,-9.316901790107656733e-02,-5.234008190906411784e-01,-1.205683106569751972e+00
6.396000000000470642e+00,-9.292908752390971472e-02,-5.234420809684050546e-01,-1.208016599056159990e+00
6.397000000000470976e+00,-9.268993547270809596e-02,-5.234830850843680272e-01,-1.210351079620870074e+00
6.398000000000471310e+00,-9.245157022580074990e-02,-5.235238346526397413e-01,-1.212686465901958943e+00
6.399000000000471644e+00,-9.221400026641046743e-02,-5.235643329060504225e-01,-1.215022675662861040e+00
6.400000000000471978e+00,-9.197723407652891314e-02,-5.236045830910740495e-01,-1.217359626816391982e+00
6.401000000000472312e+00,-9.174128013111781943e-02,-5.236445884631093506e-01,-1.219697237446874416e+00
6.402000000000472646e+00,-9.150614689275637925e-02,-5.236843522822522967e-01,-1.222035425829757438e+00
6.403000000000472980e+00,-9.127184280682243411e-02,-5.237238778096665603e-01,-1.224374110448261721e+00
6.404000000000473314e+00,-9.103837629726652114e-02,-5.237631683046313213e-01,-1.226713210006745047e+00
6.405000000000473648e+00,-9.080575576300142782e-02,-5.238022270223123833e-01,-1.229052643440645687e+00
6.406000000000473982e+00,-9.057398957490381264e-02,-5.238410572122720321e-01,-1.231392329923009177e+00
6.407000000000474316e+00,-9.034308607339902597e-02,-5.238796621177038704e-01,-1.233732188867740165e+00
6.408000000000474650e+00,-9.011305356657961507e-02,-5.239180449753564339e-01,-1.236072139929823122e+00
6.409000000000474984e+00,-8.988390032879978175e-02,-5.239562090160884145e-01,-1.238412103002833220e+00
6.410000000000475318e+00,-8.965563459967473836e-02,-5.239941574659880974e-01,-1.240751998214106200e+00
6.411000000000475652e+00,-8.942826458341779361e-02,-5.240318935479787443e-01,-1.243091745917954460e+00
6.412000000000475985e+00,-8.920179844844555728e-02,-5.240694204838325376e-01,-1.245431266687320626e+00
6.413000000000476319e+00,-8.897624432718675980e-02,-5.241067414965120408e-01,-1.247770481304238510e+00
6.414000000000476653e+00,-8.875161031603895356e-02,-5.241438598127673432e-01,-1.250109310749445646e+00
6.415000000000476987e+00,-8.852790447542224772e-02,-5.241807786659180568e-01,-1.252447676191452253e+00
6.416000000000477321e+00,-8.830513482988688878e-02,-5.242175012987593252e-01,-1.254785498975333979e+00
6.417000000000477655e+00,-8.808330936824271262e-02,-5.242540309665397746e-01,-1.257122700611471799e+00
6.418000000000477989e+00,-8.786243604368004778e-02,-5.242903709399615586e-01,-1.259459202764426689e+00
6.419000000000478323e+00,-8.764252277386352930e-02,-5.243265245081702997e-01,-1.261794927242096298e+00
6.420000000000478657e+00,-8.742357744098216976e-02,-5.243624949816972913e-01,-1.264129795985269533e+00
6.421000000000478991e+00,-8.720560789174491845e-02,-5.243982856953348648e-01,-1.266463731057667852e+00
6.422000000000479325e+00,-8.698862193731626835e-02,-5.244339000109222715e-01,-1.268796654636532573e+00
6.423000000000479659e+00,-8.677262735318647113e-02,-5.244693413200294252e-01,-1.271128489003802153e+00
6.424000000000479993e+00,-8.655763187897669297e-02,-5.245046130465278456e-01,-1.273459156537902759e+00
6.425000000000480327e+00,-8.634364321817999954e-02,-5.245397186490436958e-01,-1.275788579706163439e+00
6.426000000000480661e+00,-8.613066903783883621e-02,-5.245746616232860315e-01,-1.278116681057855919e+00
6.427000000000480995e+00,-8.591871696816433257e-02,-5.246094455042535909e-01,-1.280443383217850339e+00
6.428000000000481329e+00,-8.570779460210009582e-02,-5.246440738683156857e-01,-1.282768608880874295e+00
6.429000000000481663e+00,-8.549790949483526692e-02,-5.246785503351731883e-01,-1.285092280806354736e+00
6.430000000000481997e+00,-8.528906916327116949e-02,-5.247128785696996145e-01,-1.287414321813820761e+00
6.431000000000482331e+00,-8.508128108544654733e-02,-5.247470622836689635e-01,-1.289734654778846412e+00
6.432000000000482665e+00,-8.487455269992616458e-02,-5.247811052373725360e-01,-1.292053202629505293e+00
6.433000000000482999e+00,-8.466889140515632128e-02,-5.248150112411313906e-01,-1.294369888343315234e+00
6.434000000000483332e+00,-8.446430455879283539e-02,-5.248487841567086587e-01,-1.296684634944647252e+00
6.435000000000483666e+00,-8.426079947700415573e-02,-5.248824278986283787e-01,-1.298997365502575052e+00
6.436000000000484000e+00,-8.405838343375560129e-02,-5.249159464354051785e-01,-1.301308003129143298e+00
6.437000000000484334e+00,-8.385706366007550372e-02,-5.249493437906923576e-01,-1.303616470978032238e+00
6.438000000000484668e+00,-8.365684734330891548e-02,-5.249826240443514758e-01,-1.305922692243599803e+00
6.439000000000485002e+00,-8.345774162636088178e-02,-5.250157913334518867e-01,-1.308226590160283420e+00
6.440000000000485336e+00,-8.325975360693349536e-02,-5.250488498532044357e-01,-1.310528088002342439e+00
6.441000000000485670e+00,-8.306289033675728906e-02,-5.250818038578347613e-01,-1.312827109083929411e+00
6.442000000000486004e+00,-8.286715882082196227e-02,-5.251146576614027506e-01,-1.315123576759475998e+00
6.443000000000486338e+00,-8.267256601660777360e-02,-5.251474156385733671e-01,-1.317417414424380206e+00
6.444000000000486672e+00,-8.247911883332048610e-02,-5.251800822253440693e-01,-1.319708545515988929e+00
6.445000000000487006e+00,-8.228682413113164174e-02,-5.252126619197354795e-01,-1.321996893514864935e+00
6.446000000000487340e+00,-8.209568872042771748e-02,-5.252451592824491922e-01,-1.324282381946334741e+00
6.447000000000487674e+00,-8.190571936106894047e-02,-5.252775789375014881e-01,-1.326564934382310934e+00
6.448000000000488008e+00,-8.171692276166264701e-02,-5.253099255728348460e-01,-1.328844474443388268e+00
6.449000000000488342e+00,-8.152930557885096352e-02,-5.253422039409181288e-01,-1.331120925801213106e+00
6.450000000000488676e+00,-8.134287441661758322e-02,-5.253744188593370001e-01,-1.333394212181127303e+00
6.451000000000489010e+00,-8.115763582561597023e-02,-5.254065752113845633e-01,-1.335664257365089869e+00
6.452000000000489344e+00,-8.097359630252132234e-02,-5.254386779466568846e-01,-1.337930985194881961e+00
6.453000000000489678e+00,-8.079076228941128868e-02,-5.254707320816628391e-01,-1.340194319575603643e+00
6.454000000000490012e+00,-8.060914017317644120e-02,-5.255027427004523854e-01,-1.342454184479470625e+00
6.455000000000490346e+00,-8.042873628496705063e-02,-5.255347149552738184e-01,-1.344710503949921643e+00
6.456000000000490679e+00,-8.024955689967794292e-02,-5.255666540672671028e-01,-1.346963202106052249e+00
6.457000000000491013e+00,-8.007160823547709860e-02,-5.255985653271998403e-01,-1.349212203147385214e+00
6.458000000000491347e+00,-7.989489645316649735e-02,-5.256304540960514693e-01,-1.351457431358167982e+00
6.459000000000491681e+00,-7.971942765476114356e-02,-5.256623258048609415e-01,-1.353698811106406996e+00
6.460000000000492015e+00,-7.954520788243724105e-02,-5.256941859549378870e-01,-1.355936266844679050e+00
6.461000000000492349e+00,-7.937224311793933396e-02,-5.257260401185293031e-01,-1.358169723116130490e+00
6.462000000000492683e+00,-7.920053928251291619e-02,-5.257578939400047169e-01,-1.360399104561174966e+00
6.463000000000493017e+00,-7.903010223677198187e-02,-5.257897531370003819e-01,-1.362624335924557339e+00
6.464000000000493351e+00,-7.886093778061076254e-02,-5.258216235016237583e-01,-1.364845342062744216e+00
6.465000000000493685e+00,-7.869305165314499639e-02,-5.258535109017026254e-01,-1.367062047951562942e+00
6.466000000000494019e+00,-7.852644953264897865e-02,-5.258854212820396334e-01,-1.369274378693951633e+00
6.467000000000494353e+00,-7.836113703643410311e-02,-5.259173606656156741e-01,-1.371482259527592618e+00
6.468000000000494687e+00,-7.819711972058029925e-02,-5.259493351546431494e-01,-1.373685615832055174e+00
6.469000000000495021e+00,-7.803440307937548059e-02,-5.259813509313215896e-01,-1.375884373134855343e+00
6.470000000000495355e+00,-7.787299184990781331e-02,-5.260134138126949521e-01,-1.378078455277458092e+00
6.471000000000495689e+00,-7.771289024657968003e-02,-5.260455294180524932e-01,-1.380267782387477382e+00
6.472000000000496023e+00,-7.755410188175027031e-02,-5.260777031238763612e-01,-1.382452275217266102e+00
6.473000000000496357e+00,-7.739663086124104474e-02,-5.261099407698281993e-01,-1.384631855919337351e+00
6.474000000000496691e+00,-7.724048151663753803e-02,-5.261422484732352078e-01,-1.386806447908091044e+00
6.475000000000497025e+00,-7.708565837230407780e-02,-5.261746325972433969e-01,-1.388975975731130630e+00
6.476000000000497359e+00,-7.693216611462905252e-02,-5.262070997185597232e-01,-1.391140364947049290e+00
6.477000000000497693e+00,-7.678000956270292221e-02,-5.262396565928993963e-01,-1.393299542005184577e+00
6.478000000000498027e+00,-7.662919363913567317e-02,-5.262723101154164196e-01,-1.395453434120431879e+00
6.479000000000498360e+00,-7.647972333885977303e-02,-5.263050672724121082e-01,-1.397601969132536093e+00
6.480000000000498694e+00,-7.633160369262170786e-02,-5.263379350805513779e-01,-1.399745075335505851e+00
6.481000000000499028e+00,-7.618483972139700189e-02,-5.263709205136588576e-01,-1.401882681265020913e+00
6.482000000000499362e+00,-7.603943638076315903e-02,-5.264040304283182925e-01,-1.404014715452713613e+00
6.483000000000499696e+00,-7.589539850157978051e-02,-5.264372715118638135e-01,-1.406141106196358459e+00
6.484000000000500030e+00,-7.575273073921684475e-02,-5.264706502726504977e-01,-1.408261781411057845e+00
6.485000000000500364e+00,-7.561143754055377197e-02,-5.265041730704376199e-01,-1.410376668581976745e+00
6.486000000000500698e+00,-7.547152312838600885e-02,-5.265378461652762132e-01,-1.412485694784373358e+00
6.487000000000501032e+00,-7.533299149612660006e-02,-5.265716757637608492e-01,-1.414588786727255965e+00
6.488000000000501366e+00,-7.519584640617638094e-02,-5.266056680543378388e-01,-1.416685870795793001e+00
6.489000000000501700e+00,-7.506009138858360519e-02,-5.266398292320955132e-01,-1.418776873083911205e+00
6.490000000000502034e+00,-7.492572973877831277e-02,-5.266741655156468305e-01,-1.420861719416005808e+00
6.491000000000502368e+00,-7.479276451408356507e-02,-5.267086831584516515e-01,-1.422940335359179853e+00
6.492000000000502702e+00,-7.466119852905972465e-02,-5.267433884563496038e-01,-1.425012646228029478e+00
6.493000000000503036e+00,-7.453103434987606857e-02,-5.267782877526259178e-01,-1.427078577083985111e+00
6.494000000000503370e+00,-7.440227428794654596e-02,-5.268133874416079943e-01,-1.429138052731010911e+00
6.495000000000503704e+00,-7.427492067870922199e-02,-5.268486940671304186e-01,-1.431190998301714368e+00
6.496000000000504038e+00,-7.414897624839889012e-02,-5.268842144312758657e-01,-1.433237341740750903e+00
6.497000000000504372e+00,-7.402444415632791763e-02,-5.269199555943288038e-01,-1.435277012395412166e+00
6.498000000000504706e+00,-7.390132747510158584e-02,-5.269559246811529318e-01,-1.437309939843778084e+00
6.499000000000505040e+00,-7.377962914138824768e-02,-5.269921288636125745e-01,-1.439336053900473811e+00
6.500000000000505374e+00,-7.365935199142525924e-02,-5.270285753691830166e-01,-1.441355284622308996e+00
6.501000000000505707e+00,-7.354049876123014418e-02,-5.270652714775108105e-01,-1.443367562313728980e+00
6.502000000000506041e+00,-7.342307208670395546e-02,-5.271022245170990939e-01,-1.445372817532061926e+00
6.503000000000506375e+00,-7.330707450362483613e-02,-5.271394418621360156e-01,-1.447370981092575226e+00
6.504000000000506709e+00,-7.319250844754487950e-02,-5.271769309294711547e-01,-1.449361984073360698e+00
6.505000000000507043e+00,-7.307937625359928191e-02,-5.272146991757394874e-01,-1.451345757820076132e+00
6.506000000000507377e+00,-7.296768015624166548e-02,-5.272527540946287949e-01,-1.453322233950564923e+00
6.507000000000507711e+00,-7.285742228892122530e-02,-5.272911032142815202e-01,-1.455291344359372907e+00
6.508000000000508045e+00,-7.274860468371158184e-02,-5.273297540948224116e-01,-1.457253021222179923e+00
6.509000000000508379e+00,-7.264122927090543858e-02,-5.273687143260028520e-01,-1.459207197000155443e+00
6.510000000000508713e+00,-7.253529787858581379e-02,-5.274079915249513251e-01,-1.461153804444249582e+00
6.511000000000509047e+00,-7.243081223218394982e-02,-5.274475933340218026e-01,-1.463092776599419498e+00
6.512000000000509381e+00,-7.232777395403311438e-02,-5.274875274187309504e-01,-1.465024046808795388e+00
6.513000000000509715e+00,-7.222618456292828615e-02,-5.275278014657767134e-01,-1.466947548717782324e+00
6.514000000000510049e+00,-7.212604547369716457e-02,-5.275684231811310632e-01,-1.468863216278090134e+00
6.515000000000510383e+00,-7.202735799679260698e-02,-5.276094002882006917e-01,-1.470770983751683358e+00
6.516000000000510717e+00,-7.193012333791082291e-02,-5.276507405260488781e-01,-1.472670785714636832e+00
6.517000000000511051e+00,-7.183434259764309715e-02,-5.276924516476755311e-01,-1.474562557060880019e+00
6.518000000000511385e+00,-7.174001677116514930e-02,-5.277345414183481909e-01,-1.476446233005808129e+00
6.519000000000511719e+00,-7.164714674797101335e-02,-5.277770176139819913e-01,-1.478321749089734016e+00
6.520000000000512053e+00,-7.155573331165421269e-02,-5.278198880195643650e-01,-1.480189041181151799e+00
6.521000000000512387e+00,-7.146577713974244794e-02,-5.278631604276211586e-01,-1.482048045479774867e+00
6.522000000000512721e+00,-7.137727880358868404e-02,-5.279068426367223843e-01,-1.483898698519309445e+00
6.523000000000513054e+00,-7.129023876832296658e-02,-5.279509424500254955e-01,-1.485740937169917064e+00
6.524000000000513388e+00,-7.120465739286763185e-02,-5.279954676738543018e-01,-1.487574698640312221e+00
6.525000000000513722e+00,-7.112053493002035154e-02,-5.280404261163147428e-01,-1.489399920479438366e+00
6.526000000000514056e+00,-7.103787152660590021e-02,-5.280858255859446349e-01,-1.491216540577655181e+00
6.527000000000514390e+00,-7.095666722370164159e-02,-5.281316738904018315e-01,-1.493024497167363407e+00
6.528000000000514724e+00,-7.087692195693684472e-02,-5.281779788351899096e-01,-1.494823728822985975e+00
6.529000000000515058e+00,-7.079863555686827237e-02,-5.282247482224250446e-01,-1.496614174460217050e+00
6.530000000000515392e+00,-7.072180774943481740e-02,-5.282719898496484046e-01,-1.498395773334436631e+00
6.531000000000515726e+00,-7.064643815648985470e-02,-5.283197115086883944e-01,-1.500168465038186794e+00
6.532000000000516060e+00,-7.057252629641452835e-02,-5.283679209845798530e-01,-1.501932189497589221e+00
6.533000000000516394e+00,-7.050007158480942060e-02,-5.284166260545469784e-01,-1.503686886967578795e+00
6.534000000000516728e+00,-7.042907333526637892e-02,-5.284658344870597491e-01,-1.505432498025820243e+00
6.535000000000517062e+00,-7.035953076021561614e-02,-5.285155540409743891e-01,-1.507168963565163722e+00
6.536000000000517396e+00,-7.029144297184997114e-02,-5.285657924647697570e-01,-1.508896224784495033e+00
6.537000000000517730e+00,-7.022480898311955766e-02,-5.286165574958920921e-01,-1.510614223177833226e+00
6.538000000000518064e+00,-7.015962770879302646e-02,-5.286678568602238837e-01,-1.512322900521530844e+00
6.539000000000518398e+00,-7.009589796658188821e-02,-5.287196982716897420e-01,-1.514022198859446222e+00
6.540000000000518732e+00,-7.003361847831834908e-02,-5.287720894320132592e-01,-1.515712060485975954e+00
6.541000000000519066e+00,-6.997278787118199617e-02,-5.288250380306398490e-01,-1.517392427926871123e+00
6.542000000000519400e+00,-6.991340467896545174e-02,-5.288785517448316709e-01,-1.519063243917812667e+00
6.543000000000519734e+00,-6.985546734337166885e-02,-5.289326382399414106e-01,-1.520724451380796483e+00
6.544000000000520068e+00,-6.979897421533509672e-02,-5.289873051698605888e-01,-1.522375993398477734e+00
6.545000000000520401e+00,-6.974392355636149787e-02,-5.290425601776258535e-01,-1.524017813186761217e+00
6.546000000000520735e+00,-6.969031353988197619e-02,-5.290984108961551691e-01,-1.525649854066090549e+00
6.547000000000521069e+00,-6.963814225262754398e-02,-5.291548649490595002e-01,-1.527272059432100981e+00
6.548000000000521403e+00,-6.958740769602822507e-02,-5.292119299514573827e-01,-1.528884372726544871e+00
6.549000000000521737e+00,-6.953810778766222889e-02,-5.292696135106825794e-01,-1.530486737409673781e+00
6.550000000000522071e+00,-6.949024036277962058e-02,-5.293279232267499301e-01,-1.532079096935545115e+00
6.551000000000522405e+00,-6.944380317594933683e-02,-5.293868666924049782e-01,-1.533661394731994809e+00
6.552000000000522739e+00,-6.939879390288283822e-02,-5.294464514925563137e-01,-1.535233574187228500e+00
6.553000000000523073e+00,-6.935521014250389804e-02,-5.295066852028689208e-01,-1.536795578645091087e+00
6.554000000000523407e+00,-6.931304941933780217e-02,-5.295675753872924885e-01,-1.538347351411014641e+00
6.555000000000523741e+00,-6.927230918628990430e-02,-5.296291295943161836e-01,-1.539888835770364395e+00
6.556000000000524075e+00,-6.923298682787060176e-02,-5.296913553517941242e-01,-1.541419975020368982e+00
6.557000000000524409e+00,-6.919507966313809266e-02,-5.297542601594782408e-01,-1.542940712513060975e+00
6.558000000000524743e+00,-6.915858494829119074e-02,-5.298178514792395433e-01,-1.544450991703912868e+00
6.559000000000525077e+00,-6.912349988006571966e-02,-5.298821367244004321e-01,-1.545950756218074318e+00
6.560000000000525411e+00,-6.908982160044252474e-02,-5.299471232491258510e-01,-1.547439949930277114e+00
6.561000000000525745e+00,-6.905754720166457084e-02,-5.300128183374270829e-01,-1.548918517050057009e+00
6.562000000000526079e+00,-6.902667373101278869e-02,-5.300792291919160792e-01,-1.550386402208132619e+00
6.563000000000526413e+00,-6.899719819520200303e-02,-5.301463629229300478e-01,-1.551843550539744987e+00
6.564000000000526747e+00,-6.896911756417112294e-02,-5.302142265385128006e-01,-1.553289907761141286e+00
6.565000000000527081e+00,-6.894242877406941972e-02,-5.302828269356675284e-01,-1.554725420236138689e+00
6.566000000000527415e+00,-6.891712872929933731e-02,-5.303521708931803191e-01,-1.556150035030696044e+00
6.567000000000527749e+00,-6.889321430353845255e-02,-5.304222650661908345e-01,-1.557563699954488845e+00
6.568000000000528082e+00,-6.887068233973181464e-02,-5.304931159825552189e-01,-1.558966363589488147e+00
6.569000000000528416e+00,-6.884952964910662221e-02,-5.305647300409366274e-01,-1.560357975306367218e+00
6.570000000000528750e+00,-6.882975300930527229e-02,-5.306371135104742676e-01,-1.561738485270150578e+00
6.571000000000529084e+00,-6.881134916177111815e-02,-5.307102725318256775e-01,-1.563107844436869120e+00
6.572000000000529418e+00,-6.879431480853381853e-02,-5.307842131193492019e-01,-1.564466004543108912e+00
6.573000000000529752e+00,-6.877864660854682288e-02,-5.308589411641897460e-01,-1.565812918090303540e+00
6.574000000000530086e+00,-6.876434117372343113e-02,-5.309344624380460953e-01,-1.567148538325460416e+00
6.575000000000530420e+00,-6.875139506480398843e-02,-5.310107825974181850e-01,-1.568472819219780323e+00
6.576000000000530754e+00,-6.873980478716978926e-02,-5.310879071881702274e-01,-1.569785715446381458e+00
6.577000000000531088e+00,-6.872956678670194552e-02,-5.311658416502698099e-01,-1.571087182358081424e+00
6.578000000000531422e+00,-6.872067744576071391e-02,-5.312445913226022665e-01,-1.572377175965963714e+00
6.579000000000531756e+00,-6.871313307935000836e-02,-5.313241614477800523e-01,-1.573655652919248915e+00
6.580000000000532090e+00,-6.870692993151117367e-02,-5.314045571768988285e-01,-1.574922570486829709e+00
6.581000000000532424e+00,-6.870206417198054805e-02,-5.314857835742042846e-01,-1.576177886540688799e+00
6.582000000000532758e+00,-6.869853189313368524e-02,-5.315678456216588188e-01,-1.577421559541322793e+00
6.583000000000533092e+00,-6.869632910723177943e-02,-5.316507482234006376e-01,-1.578653548525210004e+00
6.584000000000533426e+00,-6.869545174397717613e-02,-5.317344962101051564e-01,-1.579873813094312851e+00
6.585000000000533760e+00,-6.869589564838129991e-02,-5.318190943432591355e-01,-1.581082313407559115e+00
6.586000000000534094e+00,-6.869765657894411071e-02,-5.319045473193652063e-01,-1.582279010174225453e+00
6.587000000000534428e+00,-6.870073020613820525e-02,-5.319908597740927725e-01,-1.583463864649124586e+00
6.588000000000534762e+00,-6.870511211119112449e-02,-5.320780362863934965e-01,-1.584636838629488231e+00
6.589000000000535096e+00,-6.871079778515010172e-02,-5.321660813825911385e-01,-1.585797894453423007e+00
6.590000000000535429e+00,-6.871778262821459649e-02,-5.322549995404514123e-01,-1.586946994999808069e+00
6.591000000000535763e+00,-6.872606194930808154e-02,-5.323447951932273048e-01,-1.588084103689484161e+00
6.592000000000536097e+00,-6.873563096585644239e-02,-5.324354727336546578e-01,-1.589209184487556659e+00
6.593000000000536431e+00,-6.874648480372247406e-02,-5.325270365178579324e-01,-1.590322201906602118e+00
6.594000000000536765e+00,-6.875861849722375574e-02,-5.326194908690901064e-01,-1.591423121010502761e+00
6.595000000000537099e+00,-6.877202698913176260e-02,-5.327128400811951270e-01,-1.592511907418557859e+00
6.596000000000537433e+00,-6.878670451364232719e-02,-5.328070879399592341e-01,-1.593588526305658393e+00
6.597000000000537767e+00,-6.880264461659779673e-02,-5.329022377734864424e-01,-1.594652940829440535e+00
6.598000000000538101e+00,-6.881984014282260809e-02,-5.329982924594974802e-01,-1.595705114718054762e+00
6.599000000000538435e+00,-6.883828427970739572e-02,-5.330952552526371235e-01,-1.596745012869082547e+00
6.600000000000538769e+00,-6.885797034365315206e-02,-5.331931295980989471e-01,-1.597772601304358053e+00
6.601000000000539103e+00,-6.887889176774875111e-02,-5.332919191094520617e-01,-1.598787847126841744e+00
6.602000000000539437e+00,-6.890104209013825365e-02,-5.333916275463650436e-01,-1.599790718478744767e+00
6.603000000000539771e+00,-6.892441494298073845e-02,-5.334922587915620351e-01,-1.600781184499858067e+00
6.604000000000540105e+00,-6.894900404180537290e-02,-5.335938168261893377e-01,-1.601759215284715321e+00
6.605000000000540439e+00,-6.897480317491699875e-02,-5.336963057025885249e-01,-1.602724781836794232e+00
6.606000000000540773e+00,-6.900180619228168943e-02,-5.337997295133185549e-01,-1.603677856017479142e+00
6.607000000000541107e+00,-6.903000699299277620e-02,-5.339040923552417217e-01,-1.604618410487059332e+00
6.608000000000541441e+00,-6.905939951002104671e-02,-5.340093982878120205e-01,-1.605546418634965500e+00
6.609000000000541775e+00,-6.908997769057734217e-02,-5.341156512857694327e-01,-1.606461854497399644e+00
6.610000000000542109e+00,-6.912173547038291677e-02,-5.342228551885772614e-01,-1.607364692663378447e+00
6.611000000000542443e+00,-6.915466674088899257e-02,-5.343310136518905074e-01,-1.608254908175275277e+00
6.612000000000542776e+00,-6.918876531023387955e-02,-5.344401301085951461e-01,-1.609132476435402026e+00
6.613000000000543110e+00,-6.922402486086542961e-02,-5.345502077462920276e-01,-1.609997373131914378e+00
6.614000000000543444e+00,-6.926043890797539682e-02,-5.346612495038438606e-01,-1.610849574192558142e+00
6.615000000000543778e+00,-6.929800076228165295e-02,-5.347732580840649508e-01,-1.611689055766060363e+00
6.616000000000544112e+00,-6.933670349874165861e-02,-5.348862359762005525e-01,-1.612515794224147037e+00
6.617000000000544446e+00,-6.937653993082715242e-02,-5.350001854818524638e-01,-1.613329766175314983e+00
6.618000000000544780e+00,-6.941750258895551529e-02,-5.351151087401189166e-01,-1.614130948483289085e+00
6.619000000000545114e+00,-6.945958370153137995e-02,-5.352310077499942143e-01,-1.614919318285912953e+00
6.620000000000545448e+00,-6.950277517735703459e-02,-5.353478843895865813e-01,-1.615694853012512811e+00
6.621000000000545782e+00,-6.954706858855796980e-02,-5.354657404324549841e-01,-1.616457530399197928e+00
6.622000000000546116e+00,-6.959245515349454791e-02,-5.355845775616288051e-01,-1.617207328502316743e+00
6.623000000000546450e+00,-6.963892571935603737e-02,-5.357043973819145544e-01,-1.617944225710633566e+00
6.624000000000546784e+00,-6.968647074428879762e-02,-5.358252014310378453e-01,-1.618668200756918862e+00
6.625000000000547118e+00,-6.973508027900510164e-02,-5.359469911900761607e-01,-1.619379232729669882e+00
6.626000000000547452e+00,-6.978474394788569679e-02,-5.360697680935614384e-01,-1.620077301085648624e+00
6.627000000000547786e+00,-6.983545188913220514e-02,-5.361935338161205600e-01,-1.620762386839772473e+00
6.628000000000548120e+00,-6.988719478054594703e-02,-5.363182902597933843e-01,-1.621434474186320251e+00
6.629000000000548454e+00,-6.993996409695546479e-02,-5.364440396167142744e-01,-1.622093548642067118e+00
6.630000000000548788e+00,-6.999375095752113918e-02,-5.365707840207598611e-01,-1.622739596648413496e+00
6.631000000000549122e+00,-7.004854633554857823e-02,-5.366985256181677766e-01,-1.623372605608296659e+00
6.632000000000549456e+00,-7.010434105363494428e-02,-5.368272665711171232e-01,-1.623992563926940802e+00
6.633000000000549790e+00,-7.016112577870048383e-02,-5.369570090616189173e-01,-1.624599461056527083e+00
6.634000000000550124e+00,-7.021889101684686274e-02,-5.370877552957157297e-01,-1.625193287544878906e+00
6.635000000000550457e+00,-7.027762710802121227e-02,-5.372195075079774229e-01,-1.625774035088229486e+00
6.636000000000550791e+00,-7.033732422048888377e-02,-5.373522679662741108e-01,-1.626341696588092800e+00
6.637000000000551125e+00,-7.039797234515665636e-02,-5.374860389767875946e-01,-1.626896266212148223e+00
6.638000000000551459e+00,-7.045956128981023525e-02,-5.376208228892089824e-01,-1.627437739458904575e+00
6.639000000000551793e+00,-7.052208067336807051e-02,-5.377566221020473325e-01,-1.627966113225673528e+00
6.640000000000552127e+00,-7.058551992028061495e-02,-5.378934390679530608e-01,-1.628481385879066545e+00
6.641000000000552461e+00,-7.064986825523622560e-02,-5.380312762989301056e-01,-1.628983557326762588e+00
6.642000000000552795e+00,-7.071511469687841167e-02,-5.381701363698119245e-01,-1.629472629082939994e+00
6.643000000000553129e+00,-7.078124805163965583e-02,-5.383100219207181958e-01,-1.629948604321369121e+00
6.644000000000553463e+00,-7.084825690890805827e-02,-5.384509356593236706e-01,-1.630411487930863323e+00
6.645000000000553797e+00,-7.091612963897386823e-02,-5.385928803640261942e-01,-1.630861286562062418e+00
6.646000000000554131e+00,-7.098485439207469216e-02,-5.387358588861490549e-01,-1.631298008652148690e+00
6.647000000000554465e+00,-7.105441909817400425e-02,-5.388798741509633894e-01,-1.631721664414734985e+00
6.648000000000554799e+00,-7.112481146681737254e-02,-5.390249291576993951e-01,-1.632132265775765978e+00
6.649000000000555133e+00,-7.119601898540728335e-02,-5.391710269789732335e-01,-1.632529826225998626e+00
6.650000000000555467e+00,-7.126802891258221528e-02,-5.393181707607150877e-01,-1.632914360543673560e+00
6.651000000000555801e+00,-7.134082826040488712e-02,-5.394663637248964250e-01,-1.633285884312323910e+00
6.652000000000556135e+00,-7.141440375377916538e-02,-5.396156091795558662e-01,-1.633644413109810234e+00
6.653000000000556469e+00,-7.148874174648511826e-02,-5.397659105444461147e-01,-1.633989961163207827e+00
6.654000000000556803e+00,-7.156382805974548234e-02,-5.399172714064541800e-01,-1.634322539141647823e+00
6.655000000000557137e+00,-7.163964769781361319e-02,-5.400696956241559654e-01,-1.634642150636425706e+00
6.656000000000557471e+00,-7.171618442253147041e-02,-5.402231874898842934e-01,-1.634948787009726789e+00
6.657000000000557804e+00,-7.179342033968261205e-02,-5.403777518851712314e-01,-1.635242421460272100e+00
6.658000000000558138e+00,-7.187133602527528975e-02,-5.405333942029069139e-01,-1.635523006131993640e+00
6.659000000000558472e+00,-7.194991179480514365e-02,-5.406901197740874299e-01,-1.635790477862744341e+00
6.660000000000558806e+00,-7.202912977080222490e-02,-5.408479329489099818e-01,-1.636044771750395643e+00
6.661000000000559140e+00,-7.210897535340043962e-02,-5.410068362930806618e-01,-1.636285832762960135e+00
6.662000000000559474e+00,-7.218943661697252434e-02,-5.411668297453695597e-01,-1.636513618242022572e+00
6.663000000000559808e+00,-7.227050410936375346e-02,-5.413279115004682174e-01,-1.636728096387257470e+00
6.664000000000560142e+00,-7.235217020799777909e-02,-5.414900787448692077e-01,-1.636929243995727479e+00
6.665000000000560476e+00,-7.243442884262196735e-02,-5.416533284055110586e-01,-1.637117043665922811e+00
6.666000000000560810e+00,-7.251727484598691209e-02,-5.418176572325578144e-01,-1.637291481884521671e+00
6.667000000000561144e+00,-7.260070361741244316e-02,-5.419830619247785197e-01,-1.637452547802070280e+00
6.668000000000561478e+00,-7.268471089991279666e-02,-5.421495392001046687e-01,-1.637600232463314320e+00
6.669000000000561812e+00,-7.276929262888076622e-02,-5.423170858298359542e-01,-1.637734528320756500e+00
6.670000000000562146e+00,-7.285444482558067758e-02,-5.424856986483455046e-01,-1.637855428921366263e+00
6.671000000000562480e+00,-7.294016351839904821e-02,-5.426553745461335510e-01,-1.637962928698915688e+00
6.672000000000562814e+00,-7.302644468086250118e-02,-5.428261104518993241e-01,-1.638057022831381770e+00
6.673000000000563148e+00,-7.311328417937446034e-02,-5.429979033081731021e-01,-1.638137707139557309e+00
6.674000000000563482e+00,-7.320067772640137527e-02,-5.431707500444064030e-01,-1.638204978013261925e+00
6.675000000000563816e+00,-7.328862083690024232e-02,-5.433446475508306728e-01,-1.638258832357626149e+00
6.676000000000564150e+00,-7.337710878726877439e-02,-5.435195926556097845e-01,-1.638299267555205274e+00
6.677000000000564484e+00,-7.346613657702349975e-02,-5.436955821068307770e-01,-1.638326281441123689e+00
6.678000000000564818e+00,-7.355569889377433501e-02,-5.438726125598390970e-01,-1.638339872288866461e+00
6.679000000000565151e+00,-7.364579008199945154e-02,-5.440506805695753956e-01,-1.638340038804359411e+00
6.680000000000565485e+00,-7.373640412013615641e-02,-5.442297825892876695e-01,-1.638326780154852225e+00
6.681000000000565819e+00,-7.382753460338520313e-02,-5.444099149732839482e-01,-1.638300096055326449e+00
6.682000000000566153e+00,-7.391917472931353039e-02,-5.445910739814263657e-01,-1.638259986803363599e+00
6.683000000000566487e+00,-7.401131728058440995e-02,-5.447732557819358057e-01,-1.638206453284005493e+00
6.684000000000566821e+00,-7.410395460961916037e-02,-5.449564564547655365e-01,-1.638139496974581055e+00
6.685000000000567155e+00,-7.419707862534830056e-02,-5.451406719955512736e-01,-1.638059119948980236e+00
6.686000000000567489e+00,-7.429068125147664237e-02,-5.453258985711132434e-01,-1.637965325120422255e+00
6.687000000000567823e+00,-7.438475517865661413e-02,-5.455121329041818790e-01,-1.637858117286419724e+00
6.688000000000568157e+00,-7.447929388857132960e-02,-5.456993722662695223e-01,-1.637737502572639059e+00
6.689000000000568491e+00,-7.457429085039457561e-02,-5.458876140215780381e-01,-1.637603487949428338e+00
6.690000000000568825e+00,-7.466973942036503331e-02,-5.460768555708758187e-01,-1.637456081222962379e+00
6.691000000000569159e+00,-7.476563289824800229e-02,-5.462670943766354537e-01,-1.637295291027138999e+00
6.692000000000569493e+00,-7.486196452801285872e-02,-5.464583279579575681e-01,-1.637121126816097672e+00
6.693000000000569827e+00,-7.495872749942422697e-02,-5.466505538861006208e-01,-1.636933598857242211e+00
6.694000000000570161e+00,-7.505591495032615246e-02,-5.468437697805168529e-01,-1.636732718224668259e+00
6.695000000000570495e+00,-7.515351996943442359e-02,-5.470379733053143401e-01,-1.636518496792917388e+00
6.696000000000570829e+00,-7.525153559948405402e-02,-5.472331621660778689e-01,-1.636290947230992998e+00
6.697000000000571163e+00,-7.534995484061113302e-02,-5.474293341069983443e-01,-1.636050082996591160e+00
6.698000000000571497e+00,-7.544877065387189941e-02,-5.476264869082647646e-01,-1.635795918330508858e+00
6.699000000000571831e+00,-7.554797596482165645e-02,-5.478246183836887884e-01,-1.635528468251200129e+00
6.700000000000572165e+00,-7.564756366709557422e-02,-5.480237263785313617e-01,-1.635247748549459201e+00
6.701000000000572498e+00,-7.574752662594563812e-02,-5.482238087675115334e-01,-1.634953775783211549e+00
6.702000000000572832e+00,-7.584785768169832743e-02,-5.484248634529784727e-01,-1.634646567272401985e+00
6.703000000000573166e+00,-7.594854965311004236e-02,-5.486268883632305915e-01,-1.634326141093966234e+00
6.704000000000573500e+00,-7.604959534059907433e-02,-5.488298814509717793e-01,-1.633992516076878454e+00
6.705000000000573834e+00,-7.615098752934601478e-02,-5.490338406918897629e-01,-1.633645711797265587e+00
6.706000000000574168e+00,-7.625271899225005701e-02,-5.492387640833504836e-01,-1.633285748573582108e+00
6.707000000000574502e+00,-7.635478249273930373e-02,-5.494446496431968363e-01,-1.632912647461838951e+00
6.708000000000574836e+00,-7.645717078743352602e-02,-5.496514954086449967e-01,-1.632526430250879512e+00
6.709000000000575170e+00,-7.655987662865759713e-02,-5.498592994352700103e-01,-1.632127119457698283e+00
6.710000000000575504e+00,-7.666289276681037546e-02,-5.500680597960725393e-01,-1.631714738322794789e+00
6.711000000000575838e+00,-7.676621195258848118e-02,-5.502777745806206600e-01,-1.631289310805558834e+00
6.712000000000576172e+00,-7.686982693907207231e-02,-5.504884418942578295e-01,-1.630850861579681066e+00
6.713000000000576506e+00,-7.697373048367517345e-02,-5.507000598573696948e-01,-1.630399416028583293e+00
6.714000000000576840e+00,-7.707791534996499827e-02,-5.509126266047033038e-01,-1.629935000240862797e+00
6.715000000000577174e+00,-7.718237430935703802e-02,-5.511261402847285051e-01,-1.629457641005747082e+00
6.716000000000577508e+00,-7.728710014268747042e-02,-5.513405990590358741e-01,-1.628967365808552392e+00
6.717000000000577842e+00,-7.739208564167165960e-02,-5.515560011017593967e-01,-1.628464202826140683e+00
6.718000000000578176e+00,-7.749732361024885829e-02,-5.517723445990179165e-01,-1.627948180922371924e+00
6.719000000000578510e+00,-7.760280686582099463e-02,-5.519896277483621327e-01,-1.627419329643545520e+00
6.720000000000578844e+00,-7.770852824038654294e-02,-5.522078487582192663e-01,-1.626877679213826422e+00
6.721000000000579178e+00,-7.781448058081685826e-02,-5.524270058466927980e-01,-1.626323260528241610e+00
6.722000000000579512e+00,-7.792065674666825981e-02,-5.526470972383740188e-01,-1.625756105132421636e+00
6.723000000000579846e+00,-7.802704960889828012e-02,-5.528681211619670410e-01,-1.625176245207244241e+00
6.724000000000580179e+00,-7.813365204985422974e-02,-5.530900758490174818e-01,-1.624583713563817478e+00
6.725000000000580513e+00,-7.824045696428427732e-02,-5.533129595335052331e-01,-1.623978543638932459e+00
6.726000000000580847e+00,-7.834745725994474164e-02,-5.535367704510965048e-01,-1.623360769490465927e+00
6.727000000000581181e+00,-7.845464585811001701e-02,-5.537615068382956141e-01,-1.622730425792733522e+00
6.728000000000581515e+00,-7.856201569397891493e-02,-5.539871669314747615e-01,-1.622087547831792875e+00
6.729000000000581849e+00,-7.866955971697442429e-02,-5.542137489657623650e-01,-1.621432171500694741e+00
6.730000000000582183e+00,-7.877727089092811941e-02,-5.544412511737653038e-01,-1.620764333294685944e+00
6.731000000000582517e+00,-7.888514219414344275e-02,-5.546696717841017588e-01,-1.620084070306364143e+00
6.732000000000582851e+00,-7.899316661932376249e-02,-5.548990090197164493e-01,-1.619391420220788413e+00
6.733000000000583185e+00,-7.910133717335532388e-02,-5.551292610959517315e-01,-1.618686421310550960e+00
6.734000000000583519e+00,-7.920964687692844119e-02,-5.553604262183416962e-01,-1.617969112430815093e+00
6.735000000000583853e+00,-7.931808876398094288e-02,-5.555925025800984018e-01,-1.617239533014328989e+00
6.736000000000584187e+00,-7.942665588094266482e-02,-5.558254883592573803e-01,-1.616497723066425252e+00
6.737000000000584521e+00,-7.953534128576122963e-02,-5.560593817154457774e-01,-1.615743723160018464e+00
6.738000000000584855e+00,-7.964413804668313279e-02,-5.562941807862404886e-01,-1.614977574430614959e+00
6.739000000000585189e+00,-7.975303924076759809e-02,-5.565298836830819829e-01,-1.614199318571354791e+00
6.740000000000585523e+00,-7.986203795210689016e-02,-5.567664884867116193e-01,-1.613408997828101432e+00
6.741000000000585857e+00,-7.997112726972921415e-02,-5.570039932421085860e-01,-1.612606654994604982e+00
6.742000000000586191e+00,-8.008030028516466281e-02,-5.572423959529052562e-01,-1.611792333407757516e+00
6.743000000000586525e+00,-8.018955008965999998e-02,-5.574816945752765207e-01,-1.610966076942967451e+00
6.744000000000586859e+00,-8.029886977103950496e-02,-5.577218870113114235e-01,-1.610127930009670694e+00
6.745000000000587193e+00,-8.040825241022298009e-02,-5.579629711019007399e-01,-1.609277937546999881e+00
6.746000000000587526e+00,-8.051769107743877996e-02,-5.582049446192043352e-01,-1.608416145019619492e+00
6.747000000000587860e+00,-8.062717882819447901e-02,-5.584478052587990016e-01,-1.607542598413730150e+00
6.748000000000588194e+00,-8.073670869911186987e-02,-5.586915506316565416e-01,-1.606657344233223039e+00
6.749000000000588528e+00,-8.084627370377572841e-02,-5.589361782561587111e-01,-1.605760429495950659e+00
6.750000000000588862e+00,-8.095586682880873131e-02,-5.591816855504140316e-01,-1.604851901730047992e+00
6.751000000000589196e+00,-8.106548103043620390e-02,-5.594280698252086514e-01,-1.603931808970211259e+00
6.752000000000589530e+00,-8.117510923187198912e-02,-5.596753282779801664e-01,-1.603000199753803923e+00
6.753000000000589864e+00,-8.128474432189980448e-02,-5.599234579882463869e-01,-1.602057123116630510e+00
6.754000000000590198e+00,-8.139437915505609578e-02,-5.601724559149382499e-01,-1.601102628588193744e+00
6.755000000000590532e+00,-8.150400655380796167e-02,-5.604223188960567592e-01,-1.600136766186243342e+00
6.756000000000590866e+00,-8.161361931306798656e-02,-5.606730436510007909e-01,-1.599159586410437761e+00
6.757000000000591200e+00,-8.172321020726991403e-02,-5.609246267857713741e-01,-1.598171140234991849e+00
6.758000000000591534e+00,-8.183277200006433549e-02,-5.611770648010718787e-01,-1.597171479100257585e+00
6.759000000000591868e+00,-8.194229745647585439e-02,-5.614303541030976064e-01,-1.596160654903297171e+00
6.760000000000592202e+00,-8.205177935713603432e-02,-5.616844910165703642e-01,-1.595138719987632792e+00
6.761000000000592536e+00,-8.216121051398894704e-02,-5.619394717993709820e-01,-1.594105727132481665e+00
6.762000000000592870e+00,-8.227058378670581984e-02,-5.621952926579781851e-01,-1.593061729541887850e+00
6.763000000000593204e+00,-8.237989209896900977e-02,-5.624519497628674980e-01,-1.592006780834218871e+00
6.764000000000593538e+00,-8.248912845380329539e-02,-5.627094392630683783e-01,-1.590940935032501446e+00
6.765000000000593872e+00,-8.259828594724716311e-02,-5.629677572992064505e-01,-1.589864246556019101e+00
6.766000000000594206e+00,-8.270735777983762027e-02,-5.632269000145463389e-01,-1.588776770213498279e+00
6.767000000000594540e+00,-8.281633726560111430e-02,-5.634868635637677592e-01,-1.587678561198088811e+00
6.768000000000594873e+00,-8.292521783845741012e-02,-5.637476441194090304e-01,-1.586569675084210651e+00
6.769000000000595207e+00,-8.303399305613823334e-02,-5.640092378760861447e-01,-1.585450167826229606e+00
6.770000000000595541e+00,-8.314265660186104245e-02,-5.642716410527213178e-01,-1.584320095758821711e+00
6.771000000000595875e+00,-8.325120228409210732e-02,-5.645348498930838899e-01,-1.583179515598829079e+00
6.772000000000596209e+00,-8.335962403477414906e-02,-5.647988606649780863e-01,-1.582028484448373185e+00
6.773000000000596543e+00,-8.346791590639723868e-02,-5.650636696584063756e-01,-1.580867059798979568e+00
6.774000000000596877e+00,-8.357607206826156432e-02,-5.653292731830035223e-01,-1.579695299536482578e+00
6.775000000000597211e+00,-8.368408680224315166e-02,-5.655956675650006815e-01,-1.578513261946494994e+00
6.776000000000597545e+00,-8.379195449831633447e-02,-5.658628491439245956e-01,-1.577321005720261571e+00
6.777000000000597879e+00,-8.389966965003936572e-02,-5.661308142691966472e-01,-1.576118589960740168e+00
6.778000000000598213e+00,-8.400722685015638014e-02,-5.663995592967523418e-01,-1.574906074188789695e+00
6.779000000000598547e+00,-8.411462078642961693e-02,-5.666690805857674818e-01,-1.573683518349364263e+00
6.780000000000598881e+00,-8.422184623777650980e-02,-5.669393744955475434e-01,-1.572450982817642062e+00
6.781000000000599215e+00,-8.432889807075916178e-02,-5.672104373826162282e-01,-1.571208528405030114e+00
6.782000000000599549e+00,-8.443577123644951943e-02,-5.674822655980201747e-01,-1.569956216365006041e+00
6.783000000000599883e+00,-8.454246076767668594e-02,-5.677548554848556028e-01,-1.568694108398763110e+00
6.784000000000600217e+00,-8.464896177664804622e-02,-5.680282033760134519e-01,-1.567422266660638108e+00
6.785000000000600551e+00,-8.475526945292910508e-02,-5.683023055921344602e-01,-1.566140753763302529e+00
6.786000000000600885e+00,-8.486137906175938994e-02,-5.685771584397609768e-01,-1.564849632782702837e+00
6.787000000000601219e+00,-8.496728594267488610e-02,-5.688527582096715163e-01,-1.563548967262736733e+00
6.788000000000601553e+00,-8.507298550841113638e-02,-5.691291011753818463e-01,-1.562238821219651408e+00
6.789000000000601887e+00,-8.517847324405158904e-02,-5.694061835917980652e-01,-1.560919259146150484e+00
6.790000000000602220e+00,-8.528374470639188409e-02,-5.696840016940051266e-01,-1.559590346015194084e+00
6.791000000000602554e+00,-8.538879552348721536e-02,-5.699625516961783767e-01,-1.558252147283474276e+00
6.792000000000602888e+00,-8.549362139435146002e-02,-5.702418297906023392e-01,-1.556904728894548118e+00
6.793000000000603222e+00,-8.559821808877743354e-02,-5.705218321467864229e-01,-1.555548157281604560e+00
6.794000000000603556e+00,-8.570258144724773874e-02,-5.708025549106657826e-01,-1.554182499369844983e+00
6.795000000000603890e+00,-8.580670738090889760e-02,-5.710839942038756778e-01,-1.552807822578449182e+00
6.796000000000604224e+00,-8.591059187157845667e-02,-5.713661461230926664e-01,-1.551424194822101255e+00
6.797000000000604558e+00,-8.601423097176097432e-02,-5.716490067394308650e-01,-1.550031684512048091e+00
6.798000000000604892e+00,-8.611762080464657743e-02,-5.719325720978898353e-01,-1.548630360556660035e+00
6.799000000000605226e+00,-8.622075756406810676e-02,-5.722168382168428824e-01,-1.547220292361465077e+00
6.800000000000605560e+00,-8.632363751439275923e-02,-5.725018010875637664e-01,-1.545801549828629051e+00
6.801000000000605894e+00,-8.642625699006756257e-02,-5.727874566736204098e-01,-1.544374203355058262e+00
6.802000000000606228e+00,-8.652861235855591193e-02,-5.730738008878543122e-01,-1.542938323714557747e+00
6.803000000000606562e+00,-8.663069997644945452e-02,-5.733608295653758180e-01,-1.541493981800991175e+00
6.804000000000606896e+00,-8.673251615417942872e-02,-5.736485384422292944e-01,-1.540041248559847809e+00
6.805000000000607230e+00,-8.683405716030201393e-02,-5.739369231585782494e-01,-1.538580194990768257e+00
6.806000000000607564e+00,-8.693531922398645140e-02,-5.742259792608492841e-01,-1.537110892149528452e+00
6.807000000000607898e+00,-8.703629853597771859e-02,-5.745157022030230598e-01,-1.535633411149489369e+00
6.808000000000608232e+00,-8.713699124949048080e-02,-5.748060873479685640e-01,-1.534147823162520519e+00
6.809000000000608566e+00,-8.723739348102965696e-02,-5.750971299688141247e-01,-1.532654199419408059e+00
6.810000000000608900e+00,-8.733750131113415804e-02,-5.753888252503518430e-01,-1.531152611209759318e+00
6.811000000000609234e+00,-8.743731078503769183e-02,-5.756811682904700023e-01,-1.529643129881419927e+00
6.812000000000609568e+00,-8.753681791324741113e-02,-5.759741541016095701e-01,-1.528125826839419332e+00
6.813000000000609901e+00,-8.763601867203629769e-02,-5.762677776122401285e-01,-1.526600773544463774e+00
6.814000000000610235e+00,-8.773490900385172431e-02,-5.765620336683524583e-01,-1.525068041510998951e+00
6.815000000000610569e+00,-8.783348481763886273e-02,-5.768569170349622244e-01,-1.523527702304864784e+00
6.816000000000610903e+00,-8.793174198908204620e-02,-5.771524223976223222e-01,-1.521979827540568264e+00
6.817000000000611237e+00,-8.802967636076586277e-02,-5.774485443639401083e-01,-1.520424488878204361e+00
6.818000000000611571e+00,-8.812728374226097561e-02,-5.777452774650958522e-01,-1.518861758020050967e+00
6.819000000000611905e+00,-8.822455991013733456e-02,-5.780426161573589683e-01,-1.517291706706873189e+00
6.820000000000612239e+00,-8.832150060791066348e-02,-5.783405548235989180e-01,-1.515714406713966955e+00
6.821000000000612573e+00,-8.841810154592777415e-02,-5.786390877747882300e-01,-1.514129929846979916e+00
6.822000000000612907e+00,-8.851435840119736831e-02,-5.789382092514927525e-01,-1.512538347937541605e+00
6.823000000000613241e+00,-8.861026681717198983e-02,-5.792379134253484718e-01,-1.510939732838742167e+00
6.824000000000613575e+00,-8.870582240348834357e-02,-5.795381944005201236e-01,-1.509334156420495843e+00
6.825000000000613909e+00,-8.880102073567397447e-02,-5.798390462151383762e-01,-1.507721690564826300e+00
6.826000000000614243e+00,-8.889585735482641304e-02,-5.801404628427146992e-01,-1.506102407161111323e+00
6.827000000000614577e+00,-8.899032776727300309e-02,-5.804424381935283650e-01,-1.504476378101325285e+00
6.828000000000614911e+00,-8.908442744421762871e-02,-5.807449661159836962e-01,-1.502843675275314039e+00
6.829000000000615245e+00,-8.917815182138266739e-02,-5.810480403979352282e-01,-1.501204370566139756e+00
6.830000000000615579e+00,-8.927149629865227531e-02,-5.813516547679765667e-01,-1.499558535845529894e+00
6.831000000000615913e+00,-8.936445623972244512e-02,-5.816558028966891669e-01,-1.497906242969463841e+00
6.832000000000616247e+00,-8.945702697176616258e-02,-5.819604783978511442e-01,-1.496247563773929645e+00
6.833000000000616581e+00,-8.954920378511754819e-02,-5.822656748295983453e-01,-1.494582570070880356e+00
6.834000000000616915e+00,-8.964098193297909134e-02,-5.825713856955377912e-01,-1.492911333644421079e+00
6.835000000000617248e+00,-8.973235663115963767e-02,-5.828776044458096051e-01,-1.491233926247249819e+00
6.836000000000617582e+00,-8.982332305784312965e-02,-5.831843244780925417e-01,-1.489550419597380548e+00
6.837000000000617916e+00,-8.991387635339354034e-02,-5.834915391385513406e-01,-1.487860885375168474e+00
6.838000000000618250e+00,-9.000401162019833201e-02,-5.837992417227230169e-01,-1.486165395220660823e+00
6.839000000000618584e+00,-9.009372392255066142e-02,-5.841074254763358731e-01,-1.484464020731287581e+00
6.840000000000618918e+00,-9.018300828657399570e-02,-5.844160835960623412e-01,-1.482756833459913492e+00
6.841000000000619252e+00,-9.027185970018636318e-02,-5.847252092301984394e-01,-1.481043904913261322e+00
6.842000000000619586e+00,-9.036027311310756982e-02,-5.850347954792689542e-01,-1.479325306550720809e+00
6.843000000000619920e+00,-9.044824343690605062e-02,-5.853448353965562401e-01,-1.477601109783552191e+00
6.844000000000620254e+00,-9.053576554508480090e-02,-5.856553219885466399e-01,-1.475871385974493188e+00
6.845000000000620588e+00,-9.062283427320538820e-02,-5.859662482152963037e-01,-1.474136206437773877e+00
6.846000000000620922e+00,-9.070944441904693623e-02,-5.862776069907120746e-01,-1.472395642439545238e+00
6.847000000000621256e+00,-9.079559074279808240e-02,-5.865893911827451124e-01,-1.470649765198720704e+00
6.848000000000621590e+00,-9.088126796727757917e-02,-5.869015936134995837e-01,-1.468898645888232268e+00
6.849000000000621924e+00,-9.096647077818365013e-02,-5.872142070592525354e-01,-1.467142355636697371e+00
6.850000000000622258e+00,-9.105119382436466235e-02,-5.875272242503872810e-01,-1.465380965530491908e+00
6.851000000000622592e+00,-9.113543171811211430e-02,-5.878406378712410785e-01,-1.463614546616222478e+00
6.852000000000622926e+00,-9.121917903547116513e-02,-5.881544405598709835e-01,-1.461843169903591200e+00
6.853000000000623260e+00,-9.130243031712115265e-02,-5.884686249078868725e-01,-1.460066906371015660e+00
6.854000000000623594e+00,-9.138518006938434191e-02,-5.887831834602433867e-01,-1.458285826975060040e+00
6.855000000000623928e+00,-9.146742276515951175e-02,-5.890981087149398387e-01,-1.456500002655991999e+00
6.856000000000624262e+00,-9.154915284417508570e-02,-5.894133931224772027e-01,-1.454709504341755721e+00
6.857000000000624595e+00,-9.163036471325758381e-02,-5.897290290852670314e-01,-1.452914402952236061e+00
6.858000000000624929e+00,-9.171105274664048679e-02,-5.900450089570123957e-01,-1.451114769403779370e+00
6.859000000000625263e+00,-9.179121128628309201e-02,-5.903613250420655101e-01,-1.449310674613932592e+00
6.860000000000625597e+00,-9.187083464220158202e-02,-5.906779695947779185e-01,-1.447502189506355119e+00
6.861000000000625931e+00,-9.194991709281530312e-02,-5.909949348188636709e-01,-1.445689385015852313e+00
6.862000000000626265e+00,-9.202845288531324996e-02,-5.913122128667953614e-01,-1.443872332093472100e+00
6.863000000000626599e+00,-9.210643623604741759e-02,-5.916297958392571221e-01,-1.442051101711599559e+00
6.864000000000626933e+00,-9.218386133096068136e-02,-5.919476757846803272e-01,-1.440225764868974911e+00
6.865000000000627267e+00,-9.226072232605786461e-02,-5.922658446988900982e-01,-1.438396392595558293e+00
6.866000000000627601e+00,-9.233701334793043003e-02,-5.925842945248904758e-01,-1.436563055957152502e+00
6.867000000000627935e+00,-9.241272849434778447e-02,-5.929030171528208992e-01,-1.434725826059693343e+00
6.868000000000628269e+00,-9.248786183492585522e-02,-5.932220044201126363e-01,-1.432884774053110100e+00
6.869000000000628603e+00,-9.256240741188803689e-02,-5.935412481118775840e-01,-1.431039971134659528e+00
6.870000000000628937e+00,-9.263635924093027718e-02,-5.938607399615566385e-01,-1.429191488551633027e+00
6.871000000000629271e+00,-9.270971131220617778e-02,-5.941804716518570562e-01,-1.427339397603339721e+00
6.872000000000629605e+00,-9.278245759144043703e-02,-5.945004348159991236e-01,-1.425483769642274634e+00
6.873000000000629939e+00,-9.285459202118573341e-02,-5.948206210392936732e-01,-1.423624676074392026e+00
6.874000000000630273e+00,-9.292610852222893403e-02,-5.951410218610608815e-01,-1.421762188358409729e+00
6.875000000000630607e+00,-9.299700099515251228e-02,-5.954616287768977889e-01,-1.419896378004096293e+00
6.876000000000630941e+00,-9.306726332205428331e-02,-5.957824332412909873e-01,-1.418027316569505203e+00
6.877000000000631275e+00,-9.313688936842168253e-02,-5.961034266705648177e-01,-1.416155075657147266e+00
6.878000000000631609e+00,-9.320587298515548014e-02,-5.964246004461437600e-01,-1.414279726909116963e+00
6.879000000000631942e+00,-9.327420801072860979e-02,-5.967459459181017056e-01,-1.412401342001218696e+00
6.880000000000632276e+00,-9.334188827346678874e-02,-5.970674544089585867e-01,-1.410519992636161124e+00
6.881000000000632610e+00,-9.340890759392483922e-02,-5.973891172176810649e-01,-1.408635750535921272e+00
6.882000000000632944e+00,-9.347525978733828289e-02,-5.977109256238329893e-01,-1.406748687433402090e+00
6.883000000000633278e+00,-9.354093866611479235e-02,-5.980328708918217773e-01,-1.404858875063528911e+00
6.884000000000633612e+00,-9.360593804233974247e-02,-5.983549442751774361e-01,-1.402966385153948670e+00
6.885000000000633946e+00,-9.367025173025644857e-02,-5.986771370208063825e-01,-1.401071289415508847e+00
6.886000000000634280e+00,-9.373387354869200383e-02,-5.989994403731593309e-01,-1.399173659532697345e+00
6.887000000000634614e+00,-9.379679732339296638e-02,-5.993218455782568510e-01,-1.397273567154224461e+00
6.888000000000634948e+00,-9.385901688924092046e-02,-5.996443438875211918e-01,-1.395371083883926389e+00
6.889000000000635282e+00,-9.392052609232148797e-02,-5.999669265613710722e-01,-1.393466281272150997e+00
6.890000000000635616e+00,-9.398131879182114456e-02,-6.002895848725409156e-01,-1.391559230807777547e+00
6.891000000000635950e+00,-9.404138886173507572e-02,-6.006123101090968808e-01,-1.389650003910997356e+00
6.892000000000636284e+00,-9.410073019237208403e-02,-6.009350935771302638e-01,-1.387738671926960432e+00
6.893000000000636618e+00,-9.415933669164699982e-02,-6.012579266031170544e-01,-1.385825306120371136e+00
6.894000000000636952e+00,-9.421720228616059511e-02,-6.015808005359414290e-01,-1.383909977671088365e+00
6.895000000000637286e+00,-9.427432092206544656e-02,-6.019037067485878412e-01,-1.381992757670762906e+00
6.896000000000637620e+00,-9.433068656572762833e-02,-6.022266366395128134e-01,-1.380073717120524623e+00
6.897000000000637954e+00,-9.438629320419233970e-02,-6.025495816337144150e-01,-1.378152926929706368e+00
6.898000000000638288e+00,-9.444113484546945436e-02,-6.028725331835202983e-01,-1.376230457915580851e+00
6.899000000000638622e+00,-9.449520551865253637e-02,-6.031954827691190513e-01,-1.374306380804066530e+00
6.900000000000638956e+00,-9.454849927389330499e-02,-6.035184218988605132e-01,-1.372380766231348970e+00
6.901000000000639290e+00,-9.460101018224709168e-02,-6.038413421093558053e-01,-1.370453684746357093e+00
6.902000000000639623e+00,-9.465273233541271480e-02,-6.041642349654012811e-01,-1.368525206814023898e+00
6.903000000000639957e+00,-9.470365984538475779e-02,-6.044870920597582575e-01,-1.366595402819261063e+00
6.904000000000640291e+00,-9.475378684403867879e-02,-6.048099050128118437e-01,-1.364664343071574804e+00
6.905000000000640625e+00,-9.480310748266818077e-02,-6.051326654721369547e-01,-1.362732097810248177e+00
6.906000000000640959e+00,-9.485161593149205039e-02,-6.054553651119929381e-01,-1.360798737210020093e+00
6.907000000000641293e+00,-9.489930637914745226e-02,-6.057779956327686843e-01,-1.358864331387193980e+00
6.908000000000641627e+00,-9.494617303218422233e-02,-6.061005487604003150e-01,-1.356928950406109946e+00
6.909000000000641961e+00,-9.499221011457581465e-02,-6.064230162457737716e-01,-1.354992664285920911e+00
6.910000000000642295e+00,-9.503741186725667145e-02,-6.067453898641329557e-01,-1.353055543007619432e+00
6.911000000000642629e+00,-9.508177254769756281e-02,-6.070676614145020800e-01,-1.351117656521262145e+00
6.912000000000642963e+00,-9.512528642952966518e-02,-6.073898227191362187e-01,-1.349179074753348528e+00
6.913000000000643297e+00,-9.516794780222237460e-02,-6.077118656230093841e-01,-1.347239867614311137e+00
6.914000000000643631e+00,-9.520975097082340355e-02,-6.080337819933463450e-01,-1.345300105006082658e+00
6.915000000000643965e+00,-9.525069025576549109e-02,-6.083555637192059606e-01,-1.343359856829705601e+00
6.916000000000644299e+00,-9.529075999274383424e-02,-6.086772027111215788e-01,-1.341419192992958420e+00
6.917000000000644633e+00,-9.532995453266734920e-02,-6.089986909008009430e-01,-1.339478183417970314e+00
6.918000000000644967e+00,-9.536826824168553873e-02,-6.093200202408886046e-01,-1.337536898048805156e+00
6.919000000000645301e+00,-9.540569550129240906e-02,-6.096411827047957255e-01,-1.335595406858993694e+00
6.920000000000645635e+00,-9.544223070850788027e-02,-6.099621702865933859e-01,-1.333653779858998911e+00
6.921000000000645969e+00,-9.547786827613524707e-02,-6.102829750009752807e-01,-1.331712087103599451e+00
6.922000000000646303e+00,-9.551260263309624410e-02,-6.106035888832859193e-01,-1.329770398699176681e+00
6.923000000000646637e+00,-9.554642822483938591e-02,-6.109240039896155494e-01,-1.327828784810897611e+00
6.924000000000646970e+00,-9.557933951382124871e-02,-6.112442123969619168e-01,-1.325887315669780131e+00
6.925000000000647304e+00,-9.561133098005936137e-02,-6.115642062034545301e-01,-1.323946061579634792e+00
6.926000000000647638e+00,-9.564239712175059971e-02,-6.118839775286434302e-01,-1.322005092923873804e+00
6.927000000000647972e+00,-9.567253245595663813e-02,-6.122035185138490210e-01,-1.320064480172179699e+00
6.928000000000648306e+00,-9.570173151934868727e-02,-6.125228213225708540e-01,-1.318124293887028564e+00
6.929000000000648640e+00,-9.572998886901218363e-02,-6.128418781409539218e-01,-1.316184604730060270e+00
6.930000000000648974e+00,-9.575729908330454787e-02,-6.131606811783110178e-01,-1.314245483468290843e+00
6.931000000000649308e+00,-9.578365676276379137e-02,-6.134792226676972771e-01,-1.312307000980161620e+00
