time,x,y,yaw
1.000000000000000021e-03,-9.000000032621270352e-01,-6.607699348015749763e-06,1.275018428906645167e-04
2.000000000000000042e-03,-9.000000472101328253e-01,-2.634162638115444821e-05,5.054283236263167577e-04
3.000000000000000062e-03,-9.000002170416275815e-01,-5.896585357828554308e-05,1.127232555298146154e-03
4.000000000000000083e-03,-9.000006574243221147e-01,-1.041915504286228256e-04,1.986777063744379034e-03
5.000000000000000104e-03,-9.000015629165085684e-01,-1.616762102856217354e-04,3.078308577952599059e-03
6.000000000000000125e-03,-9.000031734434577046e-01,-2.310292163628657747e-04,4.396431786876601328e-03
7.000000000000000146e-03,-9.000057699421459834e-01,-3.118173178670580192e-04,5.936082444428517936e-03
8.000000000000000167e-03,-9.000096701041940817e-01,-4.035699544961968144e-04,7.692500247611630537e-03
9.000000000000001055e-03,-9.000152241907783957e-01,-5.057843990631250009e-04,9.661202001303059034e-03
1.000000000000000194e-02,-9.000228110500475553e-01,-6.179306992892263928e-04,1.183795511736630487e-02
1.100000000000000283e-02,-9.000328343744450343e-01,-7.394564342860232564e-04,1.421875184334181995e-02
1.200000000000000372e-02,-9.000457186096409989e-01,-8.697968436525704838e-04,1.679972321675850949e-02
1.300000000000000461e-02,-9.000619036841341902e-01,-1.008384715623811267e-03,1.957700088217344953e-02
1.400000000000000550e-02,-9.000818411937450136e-01,-1.154655371080115511e-03,2.254680271656599871e-02
1.500000000000000638e-02,-9.001059906201106520e-01,-1.308045090425591361e-03,2.570544794951965320e-02
1.600000000000000727e-02,-9.001348161575033480e-01,-1.467996150332551153e-03,2.904933685821728395e-02
1.700000000000000816e-02,-9.001687837128230507e-01,-1.633960757326247126e-03,3.257493257551548338e-02
1.800000000000000905e-02,-9.002083581583881777e-01,-1.805404538187005414e-03,3.627874502307842225e-02
1.900000000000000994e-02,-9.002540008432774465e-01,-1.981809622961017148e-03,4.015731694173589605e-02
2.000000000000001082e-02,-9.003061673578273139e-01,-2.162677328392981213e-03,4.420721195788774455e-02
2.100000000000001171e-02,-9.003653055437279562e-01,-2.347530453387036697e-03,4.842500459774359833e-02
2.200000000000001260e-02,-9.004318487821473260e-01,-2.535925106929515227e-03,5.280702844007418434e-02
2.300000000000001349e-02,-9.005062124086316011e-01,-2.727451437313122007e-03,5.734922240744752542e-02
2.400000000000001438e-02,-9.005887913217288654e-01,-2.921736313160616660e-03,6.204745214693269811e-02
2.500000000000001527e-02,-9.006799613350463529e-01,-3.118436251935641224e-03,6.689755410853588657e-02
2.600000000000001615e-02,-9.007800776088117356e-01,-3.317239632211865796e-03,7.189533617441361268e-02
2.700000000000001704e-02,-9.008894737698366351e-01,-3.517866967234162257e-03,7.703657962439172668e-02
2.800000000000001793e-02,-9.010084612621929168e-01,-3.720070868238167794e-03,8.231704225414114562e-02
2.900000000000001882e-02,-9.011373289114321672e-01,-3.923635726885810193e-03,8.773246246828485251e-02
3.000000000000001971e-02,-9.012763426850262105e-01,-4.128377146106032569e-03,9.327856417908793329e-02
3.100000000000002059e-02,-9.014257456317831263e-01,-4.334141148186865244e-03,9.895106235158186714e-02
3.200000000000002148e-02,-9.015857491387018197e-01,-4.540800588055615705e-03,1.047454091335589255e-01
3.300000000000002237e-02,-9.017565156633493562e-01,-4.748113894631589282e-03,1.106552570895389109e-01
3.400000000000002326e-02,-9.019381567911630704e-01,-4.955782293134924910e-03,1.166725948555117492e-01
3.500000000000002415e-02,-9.021307429947823531e-01,-5.163434510068787286e-03,1.227892694346708197e-01
3.600000000000002504e-02,-9.023343093163400663e-01,-5.370762040174281715e-03,1.289971698779416587e-01
3.700000000000002592e-02,-9.025488310725146013e-01,-5.577425313275707897e-03,1.352873120092153159e-01
3.800000000000002681e-02,-9.027742304327206480e-01,-5.783091390503702911e-03,1.416496776144255121e-01
3.900000000000002770e-02,-9.030103741642604431e-01,-5.987421646241941620e-03,1.480742882866046828e-01
4.000000000000002859e-02,-9.032570900248015899e-01,-6.190120792559483665e-03,1.545512872813115945e-01
4.100000000000002948e-02,-9.035141654633735975e-01,-6.390923085952848748e-03,1.610709590778607869e-01
4.200000000000003036e-02,-9.037813496902070698e-01,-6.589590383587251576e-03,1.676237479923891049e-01
4.300000000000003125e-02,-9.040583559132875369e-01,-6.785910157405372622e-03,1.742002757574892258e-01
4.400000000000003214e-02,-9.043448637136313195e-01,-6.979693492604410743e-03,1.807913580018654931e-01
4.500000000000003303e-02,-9.046405215324685445e-01,-7.170773094125837410e-03,1.873880195806733318e-01
4.600000000000003392e-02,-9.049449492448071730e-01,-7.359001321998681622e-03,1.939815087228589641e-01
4.700000000000003481e-02,-9.052577407952219213e-01,-7.544248273651021908e-03,2.005633099759277782e-01
4.800000000000003569e-02,-9.055784668731517995e-01,-7.726399928683569396e-03,2.071251559411672050e-01
4.900000000000003658e-02,-9.059066776064925719e-01,-7.905356369104832304e-03,2.136590378034861903e-01
5.000000000000003747e-02,-9.062419052538069897e-01,-8.081030085670459773e-03,2.201572146697727828e-01
5.100000000000003836e-02,-9.065836668770519413e-01,-8.253344378769622569e-03,2.266122217380887316e-01
5.200000000000003925e-02,-9.069314669783024030e-01,-8.422231860259865588e-03,2.330168773271967253e-01
5.300000000000004013e-02,-9.072848000855436856e-01,-8.587633060778199212e-03,2.393642888019366921e-01
5.400000000000004102e-02,-9.076431532741736641e-01,-8.749495145355778991e-03,2.456478574349163502e-01
5.500000000000004191e-02,-9.080060086124086549e-01,-8.907770738631526353e-03,2.518612822489461056e-01
5.600000000000004280e-02,-9.083728455203006202e-01,-9.062416859599464747e-03,2.579985628877100590e-01
5.700000000000004369e-02,-9.087431430335322080e-01,-9.213393964630611777e-03,2.640540015644083360e-01
5.800000000000004458e-02,-9.091163819645690092e-01,-9.360665096478204550e-03,2.700222041396064254e-01
5.900000000000004546e-02,-9.094920469550845654e-01,-9.504195136098625429e-03,2.758980803803649517e-01
6.000000000000004635e-02,-9.098696284148404256e-01,-9.643950153391422919e-03,2.816768434529646759e-01
6.100000000000004724e-02,-9.102486243433981494e-01,-9.779896852370850713e-03,2.873540087012594335e-01
6.200000000000004813e-02,-9.106285420321409418e-01,-9.912002105822770304e-03,2.929253917619465963e-01
6.300000000000004208e-02,-9.110088996451126686e-01,-1.004023257415609383e-02,2.983871060668991659e-01
6.400000000000004297e-02,-9.113892276781223600e-01,-1.016455440292562962e-02,3.037355597812139707e-01
6.500000000000004385e-02,-9.117690702964230676e-01,-1.028493299336413758e-02,3.089674522238464727e-01
6.600000000000004474e-02,-9.121479865520594199e-01,-1.040133284020949844e-02,3.140797698156720386e-01
6.700000000000004563e-02,-9.125255514826932091e-01,-1.051371743113371782e-02,3.190697815975787055e-01
6.800000000000004652e-02,-9.129013570943685929e-01,-1.062204920216408555e-02,3.239350343587960590e-01
6.900000000000004741e-02,-9.132750132312863478e-01,-1.072628954362020437e-02,3.286733474131324217e-01
7.000000000000004829e-02,-9.136461483362275926e-01,-1.082639885126812640e-02,3.332828070581572710e-01
7.100000000000004918e-02,-9.140144101058372827e-01,-1.092233661759295371e-02,3.377617607496520291e-01
7.200000000000005007e-02,-9.143794660455678569e-01,-1.101406155831691214e-02,3.421088110208763133e-01
7.300000000000005096e-02,-9.147410039297474427e-01,-1.110153176951383935e-02,3.463228091733692726e-01
7.400000000000005185e-02,-9.150987321730379431e-01,-1.118470491089101904e-02,3.504028487631181132e-01
7.500000000000005274e-02,-9.154523801205721734e-01,-1.126353841100263820e-02,3.543482589029569585e-01
7.600000000000005362e-02,-9.158016982653942595e-01,-1.133798969031135639e-02,3.581585973989405147e-01
7.700000000000005451e-02,-9.161464584034632042e-01,-1.140801639812455415e-02,3.618336437350315737e-01
7.800000000000005540e-02,-9.164864537379040499e-01,-1.147357665957876582e-02,3.653733919162934218e-01
7.900000000000005629e-02,-9.168214989428971062e-01,-1.153462932935317431e-02,3.687780431738971187e-01
8.000000000000005718e-02,-9.171514301839811534e-01,-1.159113425074503878e-02,3.720479985150881297e-01
8.100000000000005806e-02,-9.174761050314992339e-01,-1.164305252470604346e-02,3.751838510096705548e-01
8.200000000000005895e-02,-9.177954019823442167e-01,-1.169034680549785321e-02,3.781863772316904071e-01
8.300000000000005984e-02,-9.181092169693257921e-01,-1.173298143177137209e-02,3.810565159620392661e-01
8.400000000000006073e-02,-9.184174652277400375e-01,-1.177092355472431073e-02,3.837953780022588801e-01
8.500000000000006162e-02,-9.187200781667668181e-01,-1.180414366609261467e-02,3.864042471101259979e-01
8.600000000000006251e-02,-9.190170050349246722e-01,-1.183261579625655147e-02,3.888845538750254072e-01
8.700000000000006339e-02,-9.193082140979818018e-01,-1.185631739805470541e-02,3.912378859964552591e-01
8.800000000000006428e-02,-9.195936952311422052e-01,-1.187522939965240942e-02,3.934659681625932159e-01
8.900000000000006517e-02,-9.198734592097965734e-01,-1.188933567657907142e-02,3.955706456717544284e-01
9.000000000000006606e-02,-9.201475435826907967e-01,-1.189862146739090187e-02,3.975538702683569792e-01
9.100000000000006695e-02,-9.204159971820907726e-01,-1.190308071712814497e-02,3.994176519597111286e-01
9.200000000000006783e-02,-9.206788766717376449e-01,-1.190271215052862708e-02,4.011641711450563696e-01
9.300000000000006872e-02,-9.209362413865712638e-01,-1.189752505788138626e-02,4.027957491168711601e-01
9.400000000000006961e-02,-9.211881805070377682e-01,-1.188753092101013653e-02,4.043147662331625924e-01
9.500000000000007050e-02,-9.214347967396567807e-01,-1.187275215166366804e-02,4.057236788111724390e-01
9.600000000000007139e-02,-9.216762020743337613e-01,-1.185322291757923141e-02,4.070250155526530800e-01
9.700000000000007228e-02,-9.219125164786591276e-01,-1.182898483033584247e-02,4.082213760337461972e-01
9.800000000000007316e-02,-9.221438675374122873e-01,-1.180008233736123957e-02,4.093154343015441565e-01
9.900000000000007405e-02,-9.223703902165332202e-01,-1.176656153835903273e-02,4.103099314532856479e-01
1.000000000000000749e-01,-9.225922265860848626e-01,-1.172847371277774275e-02,4.112076628432586589e-01
1.010000000000000758e-01,-9.228095254327496333e-01,-1.168587831408851585e-02,4.120114677904436751e-01
1.020000000000000767e-01,-9.230224417612004073e-01,-1.163884397111569768e-02,4.127242223720881675e-01
1.030000000000000776e-01,-9.232311361910361391e-01,-1.158744851959164768e-02,4.133488340386464177e-01
1.040000000000000785e-01,-9.234357742552270487e-01,-1.153177870505450731e-02,4.138882371966522977e-01
1.050000000000000794e-01,-9.236365255812556407e-01,-1.147192991815121355e-02,4.143453894201796772e-01
1.060000000000000803e-01,-9.238335629251460679e-01,-1.140800641718470176e-02,4.147232677463966177e-01
1.070000000000000812e-01,-9.240270611076459861e-01,-1.134012434500258903e-02,4.150248633823094835e-01
1.080000000000000820e-01,-9.242171955337017408e-01,-1.126840671141515760e-02,4.152531800074766299e-01
1.090000000000000829e-01,-9.244041410029721906e-01,-1.119298305323351839e-02,4.154112360968317263e-01
1.100000000000000838e-01,-9.245880713919645277e-01,-1.111398611746844400e-02,4.155020582140504515e-01
1.110000000000000847e-01,-9.247691594924802860e-01,-1.103154979626025378e-02,4.155286807321260101e-01
1.120000000000000856e-01,-9.249475774184329202e-01,-1.094580883771328894e-02,4.154941437672867166e-01
1.130000000000000865e-01,-9.251234964468395550e-01,-1.085689840109738125e-02,4.154014878991758586e-01
1.140000000000000874e-01,-9.252970870548669069e-01,-1.076495648821562678e-02,4.152537510153699873e-01
1.150000000000000883e-01,-9.254685185093505240e-01,-1.067012338510686664e-02,4.150539644002307904e-01
1.160000000000000892e-01,-9.256379584462629539e-01,-1.057254139259788950e-02,4.148051489359943500e-01
1.170000000000000900e-01,-9.258055724530028785e-01,-1.047235448494154841e-02,4.145103113879241019e-01
1.180000000000000909e-01,-9.259715236751504541e-01,-1.036970796594000044e-02,4.141724407280597542e-01
1.190000000000000918e-01,-9.261359724560371820e-01,-1.026474813891276039e-02,4.137945044844092424e-01
1.200000000000000927e-01,-9.262990760110830779e-01,-1.015762199547948219e-02,4.133794451162635664e-01
1.210000000000000936e-01,-9.264609881361273169e-01,-1.004847692377897062e-02,4.129301764220648652e-01
1.220000000000000945e-01,-9.266218589479842116e-01,-9.937460435188116836e-03,4.124495799884917990e-01
1.230000000000000954e-01,-9.267818346552300079e-01,-9.824719908163970228e-03,4.119405016901507288e-01
1.240000000000000963e-01,-9.269410573572971490e-01,-9.710402347818281044e-03,4.114057482493488904e-01
1.250000000000000833e-01,-9.270996648701195220e-01,-9.594654159968130092e-03,4.108480838652560641e-01
1.260000000000000842e-01,-9.272577905767408479e-01,-9.477620938580400001e-03,4.102702269214900666e-01
1.270000000000000850e-01,-9.274155633014314892e-01,-9.359447265692044660e-03,4.096748467808473126e-01
1.280000000000000859e-01,-9.275731072059684168e-01,-9.240276523037160850e-03,4.090645606755552999e-01
1.290000000000000868e-01,-9.277305417068026916e-01,-9.120250714723499019e-03,4.084419307010503930e-01
1.300000000000000877e-01,-9.278879814118964342e-01,-8.999510300389368389e-03,4.078094609208715582e-01
1.310000000000000886e-01,-9.280455360760485606e-01,-8.878194038319964232e-03,4.071695945898067270e-01
1.320000000000000895e-01,-9.282033105735651990e-01,-8.756438838026681104e-03,4.065247115019325896e-01
1.330000000000000904e-01,-9.283614048871554614e-01,-8.634379621789867176e-03,4.058771254696516007e-01
1.340000000000000913e-01,-9.285199141119638844e-01,-8.512149194648765960e-03,4.052290819392678212e-01
1.350000000000000921e-01,-9.286789284736758354e-01,-8.389878122301686059e-03,4.045827557480582981e-01
1.360000000000000930e-01,-9.288385333596554938e-01,-8.267694616361787041e-03,4.039402490272066548e-01
1.370000000000000939e-01,-9.289988093621035503e-01,-8.145724426411593555e-03,4.033035892543794243e-01
1.380000000000000948e-01,-9.291598323322399766e-01,-8.024090738310341031e-03,4.026747274591492287e-01
1.390000000000000957e-01,-9.293216734445433058e-01,-7.902914078244949181e-03,4.020555365839101336e-01
1.400000000000000966e-01,-9.294843992700954072e-01,-7.782312222059384332e-03,4.014478100023901042e-01
1.410000000000000975e-01,-9.296480718581056069e-01,-7.662400109461842135e-03,4.008532601973436305e-01
1.420000000000000984e-01,-9.298127488247093231e-01,-7.543289762774629814e-03,4.002735175985043803e-01
1.430000000000000993e-01,-9.299784834481674700e-01,-7.425090209959961385e-03,3.997101295813895727e-01
1.440000000000001001e-01,-9.301453247696217508e-01,-7.307907411718883584e-03,3.991645596270758656e-01
1.450000000000001010e-01,-9.303133176986030373e-01,-7.191844192519225576e-03,3.986381866426105813e-01
1.460000000000001019e-01,-9.304825031225317788e-01,-7.077000175455261388e-03,3.981323044412833356e-01
1.470000000000001028e-01,-9.306529180195010076e-01,-6.963471720881464488e-03,3.976481213815663551e-01
1.480000000000001037e-01,-9.308245955736835775e-01,-6.851351868790100941e-03,3.971867601631406952e-01
1.490000000000001046e-01,-9.309975652927626744e-01,-6.740730284920670723e-03,3.967492577780682428e-01
1.500000000000001055e-01,-9.311718531268289301e-01,-6.631693210588429643e-03,3.963365656148524208e-01
1.510000000000001064e-01,-9.313474815399560569e-01,-6.524323024794165260e-03,3.959495505977436158e-01
1.520000000000001072e-01,-9.315244695431824651e-01,-6.418697450038035601e-03,3.955889986604537722e-01
1.530000000000001081e-01,-9.317028327505709751e-01,-6.314888923908135165e-03,3.952556166780196167e-01
1.540000000000001090e-01,-9.318825835039541428e-01,-6.212964509913265765e-03,3.949500332319867413e-01
1.550000000000001099e-01,-9.320637310065239545e-01,-6.112985893906242030e-03,3.946727995806083023e-01
1.560000000000001108e-01,-9.322462814500106498e-01,-6.015009351874489596e-03,3.944243907344369693e-01
1.570000000000001117e-01,-9.324302381407503226e-01,-5.919085737784712808e-03,3.942052065591445942e-01
1.580000000000001126e-01,-9.326156016240988444e-01,-5.825260495750606005e-03,3.940155729825489117e-01
1.590000000000001135e-01,-9.328023698028088395e-01,-5.733573670583358428e-03,3.938557433133333396e-01
1.600000000000001144e-01,-9.329905380477375720e-01,-5.644059914347354656e-03,3.937258996737423300e-01
1.610000000000001152e-01,-9.331800992983008136e-01,-5.556748479351669712e-03,3.936261545509219806e-01
1.620000000000001161e-01,-9.333710441497488075e-01,-5.471663184124508916e-03,3.935565524745508470e-01
1.630000000000001170e-01,-9.335633609243200182e-01,-5.388822334871423703e-03,3.935170718313075189e-01
1.640000000000001179e-01,-9.337570357240855268e-01,-5.308238583773439156e-03,3.935076268270458200e-01
1.650000000000001188e-01,-9.339520524649943534e-01,-5.229918726593285605e-03,3.935280695412735064e-01
1.660000000000001197e-01,-9.341483928483069743e-01,-5.153862415366194938e-03,3.935781923943749150e-01
1.670000000000001206e-01,-9.343460364587253819e-01,-5.080063135816270670e-03,3.936577305047630482e-01
1.680000000000001215e-01,-9.345449607907124756e-01,-5.008508908667663739e-03,3.937663612059635332e-01
1.690000000000001223e-01,-9.347451413719878310e-01,-4.939184573270416490e-03,3.939037062389826871e-01
1.700000000000001232e-01,-9.349465517847701523e-01,-4.872070290361796285e-03,3.940693345997489661e-01
1.710000000000001241e-01,-9.351491638811053608e-01,-4.807140760304751126e-03,3.942627652605153465e-01
1.720000000000001250e-01,-9.353529480507519756e-01,-4.744366042752024004e-03,3.944834689757623081e-01
1.730000000000001259e-01,-9.355578734252176787e-01,-4.683713351924356783e-03,3.947308679174438284e-01
1.740000000000001268e-01,-9.357639080822152122e-01,-4.625148121085387309e-03,3.950043381639284923e-01
1.750000000000001277e-01,-9.359710193103991660e-01,-4.568632486985912955e-03,3.953032120174788111e-01
1.760000000000001286e-01,-9.361791738619602565e-01,-4.514125357675036199e-03,3.956267797002223086e-01
1.770000000000001295e-01,-9.363883382580675541e-01,-4.461582381478645942e-03,3.959742906227939896e-01
1.780000000000001303e-01,-9.365984792157306948e-01,-4.410955955358675240e-03,3.963449538895230106e-01
1.790000000000001312e-01,-9.368095642544207458e-01,-4.362195254752176954e-03,3.967379375890746074e-01
1.800000000000001321e-01,-9.370215633715309744e-01,-4.315245597711570014e-03,3.971523734860611388e-01
1.810000000000001330e-01,-9.372344465308544148e-01,-4.270049232804273842e-03,3.975873773949373247e-01
1.820000000000001339e-01,-9.374481791521747098e-01,-4.226545583516039262e-03,3.980420556966902113e-01
1.830000000000001348e-01,-9.376627175281756488e-01,-4.184675042215424412e-03,3.985155015497159892e-01
1.840000000000001357e-01,-9.378780180433239355e-01,-4.144375069868866390e-03,3.990067611946673254e-01
1.850000000000001366e-01,-9.380940369370353027e-01,-4.105581822636428235e-03,3.995148561932159170e-01
1.860000000000001374e-01,-9.383107320266929063e-01,-4.068228749626201513e-03,4.000387863760696550e-01
1.870000000000001383e-01,-9.385280613133692995e-01,-4.032247347997175435e-03,4.005775325627806693e-01
1.880000000000001392e-01,-9.387459826234167970e-01,-3.997567418562997243e-03,4.011300590653097409e-01
1.890000000000001401e-01,-9.389644534206834647e-01,-3.964117273105527417e-03,4.016953160157909486e-01
1.900000000000001410e-01,-9.391834307057730369e-01,-3.931823916752175130e-03,4.022722415700770715e-01
1.910000000000001419e-01,-9.394028709645870778e-01,-3.900613215438109016e-03,4.028597640202608021e-01
1.920000000000001428e-01,-9.396227301471248294e-01,-3.870410053420536567e-03,4.034568038343460117e-01
1.930000000000001437e-01,-9.398429636662367637e-01,-3.841138483482942068e-03,4.040622756325488729e-01
1.940000000000001446e-01,-9.400635264104140187e-01,-3.812721871282676034e-03,4.046750901051119342e-01
1.950000000000001454e-01,-9.402843727670415763e-01,-3.785083034651082201e-03,4.052941558741437467e-01
1.960000000000001463e-01,-9.405054566538217919e-01,-3.758144377885130893e-03,4.059183813018545917e-01
1.970000000000001472e-01,-9.407267315568772492e-01,-3.731828021605099188e-03,4.065466762462601746e-01
1.980000000000001481e-01,-9.409481505744907714e-01,-3.706055928619222950e-03,4.071779537601695198e-01
1.990000000000001490e-01,-9.411696664657263067e-01,-3.680750026138768227e-03,4.078111317351879039e-01
2.000000000000001499e-01,-9.413912317033030774e-01,-3.655832323649799154e-03,4.084451344921000149e-01
2.010000000000001508e-01,-9.416127985302398251e-01,-3.631225026348106066e-03,4.090788943174491488e-01
2.020000000000001517e-01,-9.418343190198630310e-01,-3.606850644145842555e-03,4.097113529460527648e-01
2.030000000000001525e-01,-9.420557451388213988e-01,-3.582632096234661390e-03,4.103414629891361520e-01
2.040000000000001534e-01,-9.422770288127748639e-01,-3.558492811211400042e-03,4.109681893077235526e-01
2.050000000000001543e-01,-9.424981219944459365e-01,-3.534356822796236308e-03,4.115905103309016599e-01
2.060000000000001552e-01,-9.427189767337345039e-01,-3.510148861197548431e-03,4.122074193185614188e-01
2.070000000000001561e-01,-9.429395452495955565e-01,-3.485794440195311150e-03,4.128179255682350446e-01
2.080000000000001570e-01,-9.431597800033884038e-01,-3.461219940030735298e-03,4.134210555656722685e-01
2.090000000000001579e-01,-9.433796337733996173e-01,-3.436352686195631723e-03,4.140158540788466679e-01
2.100000000000001588e-01,-9.435990597302454930e-01,-3.411121024217755870e-03,4.146013851951419471e-01
2.110000000000001597e-01,-9.438180115128540493e-01,-3.385454390531561497e-03,4.151767333015422556e-01
2.120000000000001605e-01,-9.440364433047292447e-01,-3.359283379516020407e-03,4.157410040077303970e-01
2.130000000000001614e-01,-9.442543099102004289e-01,-3.332539806766898760e-03,4.162933250120849915e-01
2.140000000000001623e-01,-9.444715668303615974e-01,-3.305156768683925606e-03,4.168328469105878620e-01
2.150000000000001632e-01,-9.446881703384404361e-01,-3.277068699049923151e-03,4.173587439468574578e-01
2.160000000000001641e-01,-9.449040775542920656e-01,-3.248211422086699773e-03,4.178702147034479841e-01
2.170000000000001650e-01,-9.451192465177490343e-01,-3.218522201991202980e-03,4.183664827386543994e-01
2.180000000000001659e-01,-9.453336362605496701e-01,-3.187939788341032088e-03,4.188467971677254376e-01
2.190000000000001668e-01,-9.455472068766526128e-01,-3.156404457976824673e-03,4.193104331883188429e-01
2.200000000000001676e-01,-9.457599195907465672e-01,-3.123858053311778793e-03,4.197566925505595847e-01
2.210000000000001685e-01,-9.459717368248211633e-01,-3.090244017078302985e-03,4.201849039720239043e-01
2.220000000000001694e-01,-9.461826222627319760e-01,-3.055507423539549627e-03,4.205944234978867824e-01
2.230000000000001703e-01,-9.463925409128008948e-01,-3.019595006206521326e-03,4.209846348063126520e-01
2.240000000000001712e-01,-9.466014591686489066e-01,-2.982455182106436009e-03,4.213549494588940680e-01
2.250000000000001721e-01,-9.468093448687183722e-01,-2.944038072647703341e-03,4.217048070954638184e-01
2.260000000000001730e-01,-9.470161673553803006e-01,-2.904295521088229304e-03,4.220336755717488675e-01
2.270000000000001739e-01,-9.472218975353159376e-01,-2.863181106511569762e-03,4.223410510367575643e-01
2.280000000000001747e-01,-9.474265079443630055e-01,-2.820650153945669647e-03,4.226264579437956637e-01
2.290000000000001756e-01,-9.476299728230013208e-01,-2.776659739621489820e-03,4.228894489831945269e-01
2.300000000000001765e-01,-9.478322682147254374e-01,-2.731168688886731477e-03,4.231296049136396564e-01
2.310000000000001774e-01,-9.480333721115338230e-01,-2.684137561082100554e-03,4.233465342494049377e-01
2.320000000000001783e-01,-9.482332646883531169e-01,-2.635528610578419251e-03,4.235398727402380770e-01
2.330000000000001792e-01,-9.484319271874185331e-01,-2.585306443158907896e-03,4.237092772057350354e-01
2.340000000000001801e-01,-9.486293438286604873e-01,-2.533437088520940073e-03,4.238544268094905365e-01
2.350000000000001810e-01,-9.488254987020798836e-01,-2.479888887899905914e-03,4.239750456776231746e-01
2.360000000000001819e-01,-9.490203757811347396e-01,-2.424632644089264044e-03,4.240708950217908502e-01
2.370000000000001827e-01,-9.492139587411957402e-01,-2.367643931770246901e-03,4.241417536331360538e-01
2.380000000000001836e-01,-9.494062343671642035e-01,-2.308900046530448780e-03,4.241874284688820218e-01
2.390000000000001845e-01,-9.495971928337370027e-01,-2.248379085110996378e-03,4.242077528912159279e-01
2.400000000000001854e-01,-9.497868260541225682e-01,-2.186059262799466829e-03,4.242025861631377737e-01
2.410000000000001863e-01,-9.499751275397297912e-01,-2.121919575624742205e-03,4.241718140152506145e-01
2.420000000000001872e-01,-9.501620922071258857e-01,-2.055940162305702756e-03,4.241153487787742149e-01
2.430000000000001881e-01,-9.503477162599359707e-01,-1.988102691965587532e-03,4.240331289673980319e-01
2.440000000000001890e-01,-9.505319971325064676e-01,-1.918390761210420070e-03,4.239251185964871826e-01
2.450000000000001898e-01,-9.507149334823599141e-01,-1.846790236774864535e-03,4.237913063828281368e-01
2.460000000000001907e-01,-9.508965252108015909e-01,-1.773289528042343299e-03,4.236317048794286388e-01
2.470000000000001916e-01,-9.510767734274770957e-01,-1.697877814051396150e-03,4.234463507488041012e-01
2.480000000000001925e-01,-9.512556803858883692e-01,-1.620544417960279038e-03,4.232353059363232473e-01
2.490000000000001934e-01,-9.514332494073716173e-01,-1.541278251174393876e-03,4.229986554480806293e-01
2.500000000000001665e-01,-9.516094848800984440e-01,-1.460069924408391451e-03,4.227365060708662137e-01
2.510000000000001674e-01,-9.517843922173930826e-01,-1.376911509356815166e-03,4.224489855085507006e-01
2.520000000000001683e-01,-9.519579778185696117e-01,-1.291796596401217911e-03,4.221362415296233128e-01
2.530000000000001692e-01,-9.521302490277311348e-01,-1.204720325410579829e-03,4.217984411171855075e-01
2.540000000000001701e-01,-9.523012140904721923e-01,-1.115679394743218644e-03,4.214357696689138844e-01
2.550000000000001710e-01,-9.524708821082026322e-01,-1.024672047929553464e-03,4.210484302264740353e-01
2.560000000000001719e-01,-9.526392629911030197e-01,-9.316980502878657866e-04,4.206366427189439094e-01
2.570000000000001728e-01,-9.528063674100962777e-01,-8.367586587342823456e-04,4.202006432171482841e-01
2.580000000000001736e-01,-9.529722067481843917e-01,-7.398565867305362254e-04,4.197406831964624052e-01
2.590000000000001745e-01,-9.531367930515017850e-01,-6.409959659544606225e-04,4.192570288062690831e-01
2.600000000000001754e-01,-9.533001389803942294e-01,-5.401823057969434849e-04,4.187499601448069764e-01
2.610000000000001763e-01,-9.534622577607869687e-01,-4.374224514441804601e-04,4.182197705386155318e-01
2.620000000000001772e-01,-9.536231631360572170e-01,-3.327245410624235511e-04,4.176667658261645211e-01
2.630000000000001781e-01,-9.537828693195861129e-01,-2.260979624317260850e-04,4.170912636455578748e-01
2.640000000000001790e-01,-9.539413909481295750e-01,-1.175533092580560712e-04,4.164935927264364346e-01
2.650000000000001799e-01,-9.540987430361165256e-01,-7.102337313269480035e-06,4.158740921863808282e-01
2.660000000000001807e-01,-9.542549409309590835e-01,1.052420795028541356e-04,4.152331108322461772e-01
2.670000000000001816e-01,-9.544100002694421159e-01,2.194659931173958967e-04,4.145710064669529404e-01
2.680000000000001825e-01,-9.545639369352438841e-01,3.355544252205966416e-04,4.138881452023229213e-01
2.690000000000001834e-01,-9.547167670176275323e-01,4.534914111584686935e-04,4.131849007785902139e-01
2.700000000000001843e-01,-9.548685067713359453e-01,5.732600437659551851e-04,4.124616538912406205e-01
2.710000000000001852e-01,-9.550191725777140705e-01,6.948425171287575530e-04,4.117187915258433417e-01
2.720000000000001861e-01,-9.551687809070780188e-01,8.182201702592872827e-04,4.109567063015394095e-01
2.730000000000001870e-01,-9.553173482823464902e-01,9.433735306752510930e-04,4.101757958238424484e-01
2.740000000000001878e-01,-9.554648912439440700e-01,1.070282357862994971e-03,4.093764620473954174e-01
2.750000000000001887e-01,-9.556114263159840583e-01,1.198925686607288377e-03,4.085591106493075553e-01
2.760000000000001896e-01,-9.557569699737373803e-01,1.329281870164511492e-03,4.077241504136755457e-01
2.770000000000001905e-01,-9.559015386123868030e-01,1.461328623253543846e-03,4.068719926278689392e-01
2.780000000000001914e-01,-9.560451485170693431e-01,1.595043064834877899e-03,4.060030504911341653e-01
2.790000000000001923e-01,-9.561878158342008716e-01,1.730401760644872944e-03,4.051177385360448246e-01
2.800000000000001932e-01,-9.563295565440821377e-01,1.867380765450343816e-03,4.042164720632986374e-01
2.810000000000001941e-01,-9.564703864347767759e-01,2.005955664984959697e-03,4.032996665903323952e-01
2.820000000000001950e-01,-9.566103210772550769e-01,2.146101617526208205e-03,4.023677373141981706e-01
2.830000000000001958e-01,-9.567493758017909800e-01,2.287793395071402447e-03,4.014210985891152328e-01
2.840000000000001967e-01,-9.568875656756040682e-01,2.431005424067544940e-03,4.004601634190828041e-01
2.850000000000001976e-01,-9.570249054817293599e-01,2.575711825648807629e-03,3.994853429659102617e-01
2.860000000000001985e-01,-9.571614096991105658e-01,2.721886455239241887e-03,3.984970460727875752e-01
2.870000000000001994e-01,-9.572970924842125751e-01,2.869502937452861335e-03,3.974956787930418178e-01
2.880000000000002003e-01,-9.574319676537728085e-01,3.018534700557962136e-03,3.964816439259259417e-01
2.890000000000002012e-01,-9.575660486686363715e-01,3.168955011043028680e-03,3.954553405858525217e-01
2.900000000000002021e-01,-9.576993486183784654e-01,3.320737011778651659e-03,3.944171637932031849e-01
2.910000000000002029e-01,-9.578318802070852067e-01,3.473853758895195654e-03,3.933675040820616697e-01
2.920000000000002038e-01,-9.579636557402396724e-01,3.628278257700900955e-03,3.923067471250358818e-01
2.930000000000002047e-01,-9.580946870997443243e-01,3.783983325551076859e-03,3.912352734633499640e-01
2.940000000000002056e-01,-9.582249857068759757e-01,3.940941219631954873e-03,3.901534586256873438e-01
2.950000000000002065e-01,-9.583545625358682596e-01,4.099123929037329361e-03,3.890616724473963672e-01
2.960000000000002074e-01,-9.584834281375986809e-01,4.258503602602881077e-03,3.879602784237643487e-01
2.970000000000002083e-01,-9.586115926368290463e-01,4.419052708692083886e-03,3.868496334366079981e-01
2.980000000000002092e-01,-9.587390657174220676e-01,4.580743998153558039e-03,3.857300874970671645e-01
2.990000000000002101e-01,-9.588658566129444338e-01,4.743550521824069222e-03,3.846019835046902702e-01
3.000000000000002109e-01,-9.589919740984583774e-01,4.907445647973851521e-03,3.834656570228758832e-01
3.010000000000002118e-01,-9.591174264833988161e-01,5.072403079602827436e-03,3.823214360707126169e-01
3.020000000000002127e-01,-9.592422216054342643e-01,5.238396871499850782e-03,3.811696409312366196e-01
3.030000000000002136e-01,-9.593663668252062626e-01,5.405401446984814395e-03,3.800105839761080961e-01
3.040000000000002145e-01,-9.594898690218387483e-01,5.573391614252964921e-03,3.788445695066895436e-01
3.050000000000002154e-01,-9.596127345891054539e-01,5.742342582245540950e-03,3.776718936114921710e-01
3.060000000000002163e-01,-9.597349694321419822e-01,5.912229975968574802e-03,3.764928440399409326e-01
3.070000000000002172e-01,-9.598565789645920887e-01,6.083029851178867187e-03,3.753077000923884521e-01
3.080000000000002180e-01,-9.599775681060941368e-01,6.254718708348705469e-03,3.741167325262823584e-01
3.090000000000002189e-01,-9.600979412800407786e-01,6.427273505809516507e-03,3.729202034783482000e-01
3.100000000000002198e-01,-9.602177024116087534e-01,6.600671671961599873e-03,3.717183664025824341e-01
3.110000000000002207e-01,-9.603368549261519505e-01,6.774891116419934356e-03,3.705114660237419089e-01
3.120000000000002216e-01,-9.604554017481993222e-01,6.949910239959000702e-03,3.692997383058579386e-01
3.130000000000002225e-01,-9.605733453014724255e-01,7.125707943124559574e-03,3.680834104350977354e-01
3.140000000000002234e-01,-9.606906875105144517e-01,7.302263633420180700e-03,3.668627008160797454e-01
3.150000000000002243e-01,-9.608074298046035411e-01,7.479557231049316357e-03,3.656378190805926187e-01
3.160000000000002252e-01,-9.609235731245406864e-01,7.657569173304568100e-03,3.644089661076693187e-01
3.170000000000002260e-01,-9.610391179326157607e-01,7.836280417805374654e-03,3.631763340541823148e-01
3.180000000000002269e-01,-9.611540642256235500e-01,8.015672444860844070e-03,3.619401063955143272e-01
3.190000000000002278e-01,-9.612684115503822291e-01,8.195727259237173268e-03,3.607004579762841390e-01
3.200000000000002287e-01,-9.613821590209439272e-01,8.376427391544150058e-03,3.594575550714055323e-01
3.210000000000002296e-01,-9.614953053366543934e-01,8.557755899353813867e-03,3.582115554578517713e-01
3.220000000000002305e-01,-9.616078488003582114e-01,8.739696368063765153e-03,3.569626084974093505e-01
3.230000000000002314e-01,-9.617197873362713922e-01,8.922232911448724213e-03,3.557108552305204840e-01
3.240000000000002323e-01,-9.618311185072592195e-01,9.105350171811299465e-03,3.544564284811147492e-01
3.250000000000002331e-01,-9.619418395314173198e-01,9.289033319637929331e-03,3.531994529721678711e-01
3.260000000000002340e-01,-9.620519472979566222e-01,9.473268052679062468e-03,3.519400454516085075e-01
3.270000000000002349e-01,-9.621614383824447225e-01,9.658040594391070766e-03,3.506783148281231166e-01
3.280000000000002358e-01,-9.622703090614826982e-01,9.843337691696096847e-03,3.494143623163674661e-01
3.290000000000002367e-01,-9.623785553268950910e-01,1.002914661203396784e-02,3.481482815910733608e-01
3.300000000000002376e-01,-9.624861728995114385e-01,1.021545513969490671e-02,3.468801589495307813e-01
3.310000000000002385e-01,-9.625931572426070781e-01,1.040225157143098711e-02,3.456100734819240183e-01
3.320000000000002394e-01,-9.626995035750632868e-01,1.058952471135571338e-02,3.443380972490028280e-01
3.330000000000002403e-01,-9.628052068842974931e-01,1.077726386514465950e-02,3.430642954665732436e-01
3.340000000000002411e-01,-9.629102619390074169e-01,1.096545883355792839e-02,3.417887266962992276e-01
3.350000000000002420e-01,-9.630146633017642177e-01,1.115409990530791262e-02,3.405114430423125116e-01
3.360000000000002429e-01,-9.631184053414861834e-01,1.134317784929861350e-02,3.392324903531344638e-01
3.370000000000002438e-01,-9.632214822458137204e-01,1.153268390626732698e-02,3.379519084284233199e-01
3.380000000000002447e-01,-9.633238880334065168e-01,1.172260977985845054e-02,3.366697312300672151e-01
3.390000000000002456e-01,-9.634256165661747584e-01,1.191294762716377242e-02,3.353859870971537815e-01
3.400000000000002465e-01,-9.635266615614517249e-01,1.210369004876260535e-02,3.341006989643556246e-01
3.410000000000002474e-01,-9.636270166041147611e-01,1.229483007829762498e-02,3.328138845832823711e-01
3.420000000000002482e-01,-9.637266751586510694e-01,1.248636117162105208e-02,3.315255567463589736e-01
3.430000000000002491e-01,-9.638256305811677693e-01,1.267827719554864840e-02,3.302357235128022817e-01
3.440000000000002500e-01,-9.639238761313378978e-01,1.287057241625672033e-02,3.289443884362777681e-01
3.450000000000002509e-01,-9.640214049842732447e-01,1.306324148735926727e-02,3.276515507938306815e-01
3.460000000000002518e-01,-9.641182102423118128e-01,1.325627943770096850e-02,3.263572058156964384e-01
3.470000000000002527e-01,-9.642142848402972533e-01,1.344968186967521184e-02,3.250613448890493085e-01
3.480000000000002536e-01,-9.643096215791350234e-01,1.364344488606500372e-02,3.237639557815906732e-01
3.490000000000002545e-01,-9.644042131166270515e-01,1.383756510428546527e-02,3.224650229199967910e-01
3.500000000000002554e-01,-9.644980520752124420e-01,1.403203944087033639e-02,3.211645276274973093e-01
3.510000000000002562e-01,-9.645911310314283504e-01,1.422686513955617738e-02,3.198624483546876340e-01
3.520000000000002571e-01,-9.646834425251780143e-01,1.442203975726458198e-02,3.185587609091182215e-01
3.530000000000002580e-01,-9.647749790688047167e-01,1.461756114989104516e-02,3.172534386833349984e-01
3.540000000000002589e-01,-9.648657331559640227e-01,1.481342745792285642e-02,3.159464528810553285e-01
3.550000000000002598e-01,-9.649556972702896251e-01,1.500963709191044382e-02,3.146377727411753256e-01
3.560000000000002607e-01,-9.650448638938483592e-01,1.520618871781492798e-02,3.133273657593140249e-01
3.570000000000002616e-01,-9.651332255153804995e-01,1.540308124225509001e-02,3.120151979066120296e-01
3.580000000000002625e-01,-9.652207746383233422e-01,1.560031379767679027e-02,3.107012338455125700e-01
3.590000000000002633e-01,-9.653075037886148513e-01,1.579788572746859687e-02,3.093854371422640193e-01
3.600000000000002642e-01,-9.653934055222790356e-01,1.599579657104555075e-02,3.080677704758947311e-01
3.610000000000002651e-01,-9.654784724326815892e-01,1.619404604167418160e-02,3.067481958280789955e-01
3.620000000000002660e-01,-9.655626971565672845e-01,1.639263394239109939e-02,3.054266744784611687e-01
3.630000000000002669e-01,-9.656460723799606960e-01,1.659156009812046140e-02,3.041031669619366218e-01
3.640000000000002678e-01,-9.657285908438281163e-01,1.679082430223644007e-02,3.027776332232318679e-01
3.650000000000002687e-01,-9.658102453501885565e-01,1.699042630857983127e-02,3.014500327917760680e-01
3.660000000000002696e-01,-9.658910287678525997e-01,1.719036581399646657e-02,3.001203249518410998e-01
3.670000000000002705e-01,-9.659709340379352138e-01,1.739064244109689295e-02,2.987884689078232903e-01
3.680000000000002713e-01,-9.660499541791466305e-01,1.759125572131109427e-02,2.974544239445528482e-01
3.690000000000002722e-01,-9.661280822928655088e-01,1.779220507826967390e-02,2.961181495825275789e-01
3.700000000000002731e-01,-9.662053115679992699e-01,1.799348981154252902e-02,2.947796057279805648e-01
3.710000000000002740e-01,-9.662816352856329338e-01,1.819510908076488187e-02,2.934387528177015425e-01
3.720000000000002749e-01,-9.663570468234735644e-01,1.839706189017981108e-02,2.920955519585434756e-01
3.730000000000002758e-01,-9.664315396600897667e-01,1.859934707362459472e-02,2.907499650615580356e-01
3.740000000000002767e-01,-9.665051073789521219e-01,1.880196327998745476e-02,2.894019549707123051e-01
3.750000000000002776e-01,-9.665777436722756688e-01,1.900490895916001621e-02,2.880514855861523449e-01
3.760000000000002784e-01,-9.666494423446673201e-01,1.920818234850796280e-02,2.866985219819873087e-01
3.770000000000002793e-01,-9.667201973165806539e-01,1.941178145988153858e-02,2.853430305185792881e-01
3.780000000000002802e-01,-9.667900026275798586e-01,1.961570406718643467e-02,2.839849789493327781e-01
3.790000000000002811e-01,-9.668588524394158279e-01,1.981994769453154781e-02,2.826243365219879844e-01
3.800000000000002820e-01,-9.669267410389151829e-01,2.002450960497043075e-02,2.812610740744296844e-01
3.810000000000002829e-01,-9.669936628406857748e-01,2.022938678984986804e-02,2.798951641250333466e-01
3.820000000000002838e-01,-9.670596123896401108e-01,2.043457595877745669e-02,2.785265809575773188e-01
3.830000000000002847e-01,-9.671245843633399231e-01,2.064007353021835023e-02,2.771553007007579450e-01
3.840000000000002855e-01,-9.671885735741629908e-01,2.084587562272888217e-02,2.757813014023520193e-01
3.850000000000002864e-01,-9.672515749712984334e-01,2.105197804683328622e-02,2.744045630980774808e-01
3.860000000000002873e-01,-9.673135836425688083e-01,2.125837629754800950e-02,2.730250678752100812e-01
3.870000000000002882e-01,-9.673745948160882291e-01,2.146506554755533980e-02,2.716427999310200847e-01
3.880000000000002891e-01,-9.674346038617547272e-01,2.167204064102795646e-02,2.702577456260986666e-01
3.890000000000002900e-01,-9.674936062925858504e-01,2.187929608810329496e-02,2.688698935326488959e-01
3.900000000000002909e-01,-9.675515977658976086e-01,2.208682606000417215e-02,2.674792344778222919e-01
3.910000000000002918e-01,-9.676085740843354266e-01,2.229462438480384057e-02,2.660857615821859423e-01
3.920000000000002927e-01,-9.676645311967585483e-01,2.250268454382786665e-02,2.646894702934098342e-01
3.930000000000002935e-01,-9.677194651989854401e-01,2.271099966868733722e-02,2.632903584152690435e-01
3.940000000000002944e-01,-9.677733723344045247e-01,2.291956253893506767e-02,2.618884261320583717e-01
3.950000000000002953e-01,-9.678262489944559066e-01,2.312836558033570800e-02,2.604836760285219599e-01
3.960000000000002962e-01,-9.678780917189898636e-01,2.333740086373875533e-02,2.590761131054029609e-01
3.970000000000002971e-01,-9.679288971965089861e-01,2.354666010454403713e-02,2.576657447907222953e-01
3.980000000000002980e-01,-9.679786622642976290e-01,2.375613466274612007e-02,2.562525809468982896e-01
3.990000000000002989e-01,-9.680273839084468923e-01,2.396581554354493271e-02,2.548366338738219938e-01
4.000000000000002998e-01,-9.680750592637807905e-01,2.417569339850794696e-02,2.534179183080059183e-01
4.010000000000003006e-01,-9.681216856136882765e-01,2.438575852726893034e-02,2.519964514179257042e-01
4.020000000000003015e-01,-9.681672603898692220e-01,2.459600087974722626e-02,2.505722527956780743e-01
4.030000000000003024e-01,-9.682117811719986866e-01,2.480641005887057604e-02,2.491453444450784371e-01
4.040000000000003033e-01,-9.682552456873161351e-01,2.501697532378466260e-02,2.477157507663260150e-01
4.050000000000003042e-01,-9.682976518101455987e-01,2.522768559353100182e-02,2.462834985373641428e-01
4.060000000000003051e-01,-9.683389975613675427e-01,2.543852945124425169e-02,2.448486168923068862e-01
4.070000000000003060e-01,-9.683792811079803275e-01,2.564949514941100572e-02,2.434111373001464351e-01
4.080000000000003069e-01,-9.684185007625668584e-01,2.586057061537194723e-02,2.419710935413837138e-01
4.090000000000003078e-01,-9.684566549826881809e-01,2.607174345710999708e-02,2.405285216780269353e-01
4.100000000000003086e-01,-9.684937423701066583e-01,2.628300096887048465e-02,2.390834600204206351e-01
4.110000000000003095e-01,-9.685297616699927170e-01,2.649433013724233899e-02,2.376359490915696260e-01
4.120000000000003104e-01,-9.685647117700955100e-01,2.670571764756968225e-02,2.361860315890962347e-01
4.130000000000003113e-01,-9.685985916998774981e-01,2.691714989066945618e-02,2.347337523449703478e-01
4.140000000000003122e-01,-9.686314006296152801e-01,2.712861296983498649e-02,2.332791582831521271e-01
4.150000000000003131e-01,-9.686631378694687822e-01,2.734009270810461301e-02,2.318222983752882271e-01
4.160000000000003140e-01,-9.686938028685168067e-01,2.755157465577273701e-02,2.303632235946024842e-01
4.170000000000003149e-01,-9.687233952137591642e-01,2.776304409812413443e-02,2.289019868681219927e-01
4.180000000000003157e-01,-9.687519146290828331e-01,2.797448606336999655e-02,2.274386430273796222e-01
4.190000000000003166e-01,-9.687793609741877088e-01,2.818588533076604730e-02,2.259732487577330584e-01
4.200000000000003175e-01,-9.688057342434674979e-01,2.839722643889414089e-02,2.245058625464394775e-01
4.210000000000003184e-01,-9.688310345648376565e-01,2.860849369408735576e-02,2.230365446296234400e-01
4.220000000000003193e-01,-9.688552621985029312e-01,2.881967117898343034e-02,2.215653569382729504e-01
4.230000000000003202e-01,-9.688784175356530692e-01,2.903074276118944308e-02,2.200923630433958833e-01
4.240000000000003211e-01,-9.689005010970743736e-01,2.924169210204324854e-02,2.186176281004649224e-01
4.250000000000003220e-01,-9.689215135316635585e-01,2.945250266546034501e-02,2.171412187932741100e-01
4.260000000000003229e-01,-9.689414556148258084e-01,2.966315772685512719e-02,2.156632032773243834e-01
4.270000000000003237e-01,-9.689603282467413869e-01,2.987364038212858564e-02,2.141836511228481510e-01
4.280000000000003246e-01,-9.689781324504801452e-01,3.008393355671729053e-02,2.127026332575754908e-01
4.290000000000003255e-01,-9.689948693699419469e-01,3.029402001470071770e-02,2.112202219093350097e-01
4.300000000000003264e-01,-9.690105402676026936e-01,3.050388236796713892e-02,2.097364905485727959e-01
4.310000000000003273e-01,-9.690251465220406368e-01,3.071350308544140706e-02,2.082515138308629610e-01
4.320000000000003282e-01,-9.690386898543192906e-01,3.092286433162844128e-02,2.067653677416186886e-01
4.330000000000003291e-01,-9.690511721632468767e-01,3.113194808261415814e-02,2.052781295680341511e-01
4.340000000000003300e-01,-9.690625954978941969e-01,3.134073614603616331e-02,2.037898776383449406e-01
4.350000000000003308e-01,-9.690729619100826309e-01,3.154921027793844424e-02,2.023006912489106190e-01
4.360000000000003317e-01,-9.690822734922079906e-01,3.175735216692088247e-02,2.008106505956420984e-01
4.370000000000003326e-01,-9.690905323776544122e-01,3.196514344433420973e-02,1.993198367064817622e-01
4.380000000000003335e-01,-9.690977407411325295e-01,3.217256569424081780e-02,1.978283313751482697e-01
4.390000000000003344e-01,-9.691039007988164755e-01,3.237960046315885299e-02,1.963362170963323938e-01
4.400000000000003353e-01,-9.691090148081493716e-01,3.258622926962301269e-02,1.948435770024917468e-01
4.410000000000003362e-01,-9.691130850671954011e-01,3.279243361360134612e-02,1.933504948023313519e-01
4.420000000000003371e-01,-9.691161139134504277e-01,3.299819498582101662e-02,1.918570547209633992e-01
4.430000000000003380e-01,-9.691181037220877315e-01,3.320349487705626101e-02,1.903633414415985825e-01
4.440000000000003388e-01,-9.691190569037602121e-01,3.340831478742578575e-02,1.888694400484184632e-01
4.450000000000003397e-01,-9.691189759023047801e-01,3.361263623571036918e-02,1.873754359699997818e-01
4.460000000000003406e-01,-9.691178631930786880e-01,3.381644076862472259e-02,1.858814149223073642e-01
4.470000000000003415e-01,-9.691157212832142154e-01,3.401970996982944806e-02,1.843874628498660684e-01
4.480000000000003424e-01,-9.691125527158714892e-01,3.422242546821391285e-02,1.828936658633208145e-01
4.490000000000003433e-01,-9.691083600816114973e-01,3.442456894457823768e-02,1.814001101713247355e-01
4.500000000000003442e-01,-9.691031460411357878e-01,3.462612213526183869e-02,1.799068820049311013e-01
4.510000000000003451e-01,-9.690969133635701782e-01,3.482706683070024845e-02,1.784140675348222238e-01
4.520000000000003459e-01,-9.690896649788066641e-01,3.502738486746159730e-02,1.769217527895341480e-01
4.530000000000003468e-01,-9.690814040269799534e-01,3.522705811603188408e-02,1.754300235974862732e-01
4.540000000000003477e-01,-9.690721338777342764e-01,3.542606847150497895e-02,1.739389655775002985e-01
4.550000000000003486e-01,-9.690618581087944161e-01,3.562439785325577368e-02,1.724486641703246725e-01
4.560000000000003495e-01,-9.690505804609222951e-01,3.582202821300861650e-02,1.709592046758630079e-01
4.570000000000003504e-01,-9.690383047944544082e-01,3.601894154594087460e-02,1.694706722733578252e-01
4.580000000000003513e-01,-9.690250350583697880e-01,3.621511990068415621e-02,1.679831520238206088e-01
4.590000000000003522e-01,-9.690107752701473398e-01,3.641054538717625189e-02,1.664967288616611696e-01
4.600000000000003531e-01,-9.689955295022936177e-01,3.660520018261231856e-02,1.650114875815801296e-01
4.610000000000003539e-01,-9.689793018725604279e-01,3.679906653591569210e-02,1.635275128245216036e-01
4.620000000000003548e-01,-9.689620965359836413e-01,3.699212677108620895e-02,1.620448890648104601e-01
4.630000000000003557e-01,-9.689439176775889173e-01,3.718436328970492477e-02,1.605637005995785016e-01
4.640000000000003566e-01,-9.689247695050553499e-01,3.737575857280461822e-02,1.590840315409932926e-01
4.650000000000003575e-01,-9.689046562409069363e-01,3.756629518226328734e-02,1.576059658114681572e-01
4.660000000000003584e-01,-9.688835821139802906e-01,3.775595576183721214e-02,1.561295871418452996e-01
4.670000000000003593e-01,-9.688615513500288268e-01,3.794472303791907031e-02,1.546549790724437434e-01
4.680000000000003602e-01,-9.688385681613926881e-01,3.813257982008599889e-02,1.531822249568103589e-01
4.690000000000003610e-01,-9.688146367357126643e-01,3.831950900148656247e-02,1.517114079679877381e-01
4.700000000000003619e-01,-9.687897612236897604e-01,3.850549355910531935e-02,1.502426111071005488e-01
4.710000000000003628e-01,-9.687639459106573980e-01,3.869051680070267896e-02,1.487759162414038216e-01
4.720000000000003637e-01,-9.687371952005526810e-01,3.887456231420238773e-02,1.473114034394948091e-01
4.730000000000003646e-01,-9.687095136537973161e-01,3.905761400303964237e-02,1.458491520645072981e-01
4.740000000000003655e-01,-9.686809058516462345e-01,3.923965588857541986e-02,1.443892409064924942e-01
4.750000000000003664e-01,-9.686513764228638079e-01,3.942067215418393333e-02,1.429317481723209327e-01
4.760000000000003673e-01,-9.686209300435970615e-01,3.960064714790895168e-02,1.414767514772926060e-01
4.770000000000003681e-01,-9.685895714371752785e-01,3.977956538495219796e-02,1.400243278384064316e-01
4.780000000000003690e-01,-9.685573053738403271e-01,3.995741154999871148e-02,1.385745536692403468e-01
4.790000000000003699e-01,-9.685241366704128163e-01,4.013417049938444725e-02,1.371275047763929611e-01
4.800000000000003708e-01,-9.684900701898960795e-01,4.030982726310933240e-02,1.356832563574376371e-01
4.810000000000003717e-01,-9.684551108410220932e-01,4.048436704670277386e-02,1.342418830003403452e-01
4.820000000000003726e-01,-9.684192635777398861e-01,4.065777523294294982e-02,1.328034586842916920e-01
4.830000000000003735e-01,-9.683825333986494366e-01,4.083003738343699007e-02,1.313680567819039136e-01
4.840000000000003744e-01,-9.683449253463817241e-01,4.100113924006504318e-02,1.299357500627226769e-01
4.850000000000003753e-01,-9.683064445069251569e-01,4.117106672629211594e-02,1.285066106980033707e-01
4.860000000000003761e-01,-9.682670960088998191e-01,4.133980594835262590e-02,1.270807102667009802e-01
4.870000000000003770e-01,-9.682268850227787604e-01,4.150734319631133040e-02,1.256581197626218671e-01
4.880000000000003779e-01,-9.681858167600569942e-01,4.167366494500401863e-02,1.242389096026852852e-01
4.890000000000003788e-01,-9.681438964723666496e-01,4.183875785486212973e-02,1.228231496362416630e-01
4.900000000000003797e-01,-9.681011294505393883e-01,4.200260877262501635e-02,1.214109091553942088e-01
4.910000000000003806e-01,-9.680575210236130879e-01,4.216520473194257379e-02,1.200022569062694500e-01
4.920000000000003815e-01,-9.680130765577844576e-01,4.232653295387200920e-02,1.185972611011819472e-01
4.930000000000003824e-01,-9.679678014553035892e-01,4.248658084727185980e-02,1.171959894316375039e-01
4.940000000000003832e-01,-9.679217011533123305e-01,4.264533600909564681e-02,1.157985090821188057e-01
4.950000000000003841e-01,-9.678747811226217079e-01,4.280278622458827398e-02,1.144048867445966733e-01
4.960000000000003850e-01,-9.678270468664308401e-01,4.295891946738700229e-02,1.130151886337097539e-01
4.970000000000003859e-01,-9.677785039189815697e-01,4.311372389953038731e-02,1.116294805025547232e-01
4.980000000000003868e-01,-9.677291578441508113e-01,4.326718787137545652e-02,1.102478276590288520e-01
4.990000000000003877e-01,-9.676790142339761758e-01,4.341929992142645744e-02,1.088702949826660937e-01
5.000000000000003331e-01,-9.676280787071140921e-01,4.357004877607562054e-02,1.074969469419077978e-01
5.010000000000003340e-01,-9.675763569072286518e-01,4.371942334925738027e-02,1.061278476117484409e-01
5.020000000000003348e-01,-9.675238545013081781e-01,4.386741274201699792e-02,1.047630606916966772e-01
5.030000000000003357e-01,-9.674705771779066321e-01,4.401400624199447442e-02,1.034026495239916826e-01
5.040000000000003366e-01,-9.674165306453093027e-01,4.415919332282319809e-02,1.020466771120143862e-01
5.050000000000003375e-01,-9.673617206296182269e-01,4.430296364344432636e-02,1.006952061388330377e-01
5.060000000000003384e-01,-9.673061528727538994e-01,4.444530704733568038e-02,9.934829898582228647e-02
5.070000000000003393e-01,-9.672498331303724939e-01,4.458621356165509697e-02,9.800601775129455517e-02
5.080000000000003402e-01,-9.671927671696920470e-01,4.472567339629651695e-02,9.666842426908243968e-02
5.090000000000003411e-01,-9.671349607672247162e-01,4.486367694285781083e-02,9.533558012701019713e-02
5.100000000000003419e-01,-9.670764197064118939e-01,4.500021477351784371e-02,9.400754668519231694e-02
5.110000000000003428e-01,-9.670171497751552936e-01,4.513527763982272401e-02,9.268438509409963888e-02
5.120000000000003437e-01,-9.669571567636293663e-01,4.526885647264689005e-02,9.136615631644184887e-02
5.130000000000003446e-01,-9.668964464621047084e-01,4.540094238248804093e-02,9.005292115525571905e-02
5.140000000000003455e-01,-9.668350246585738494e-01,4.553152665941079258e-02,8.874474027427484146e-02
5.150000000000003464e-01,-9.667728971357635315e-01,4.566060077131445238e-02,8.744167421420802333e-02
5.160000000000003473e-01,-9.667100696679999938e-01,4.578815636205774142e-02,8.614378340845564586e-02
5.170000000000003482e-01,-9.666465480179509129e-01,4.591418524954504754e-02,8.485112819819522201e-02
5.180000000000003491e-01,-9.665823379332092458e-01,4.603867942368478072e-02,8.356376884676540440e-02
5.190000000000003499e-01,-9.665174451427046565e-01,4.616163104421006080e-02,8.228176555327587627e-02
5.200000000000003508e-01,-9.664518753529316442e-01,4.628303243835474312e-02,8.100517846536862965e-02
5.210000000000003517e-01,-9.663856342439787195e-01,4.640287609837356886e-02,7.973406769105376157e-02
5.220000000000003526e-01,-9.663187274653444181e-01,4.652115467889567091e-02,7.846849330954162871e-02
5.230000000000003535e-01,-9.662511606315233870e-01,4.663786099410005548e-02,7.720851538099172962e-02
5.240000000000003544e-01,-9.661829393173475555e-01,4.675298801470123555e-02,7.595419395509926674e-02
5.250000000000003553e-01,-9.661140690530662933e-01,4.686652886473297031e-02,7.470558907844269958e-02
5.260000000000003562e-01,-9.660445553191515655e-01,4.697847681811995191e-02,7.346276080052201174e-02
5.270000000000003570e-01,-9.659744035408186491e-01,4.708882529503077841e-02,7.222576917842965516e-02
5.280000000000003579e-01,-9.659036190822575252e-01,4.719756785801049181e-02,7.099467428011770054e-02
5.290000000000003588e-01,-9.658322072405802761e-01,4.730469820790206281e-02,6.976953618626025033e-02
5.300000000000003597e-01,-9.657601732395040273e-01,4.741021017958257922e-02,6.855041499076719447e-02
5.310000000000003606e-01,-9.656875222228102906e-01,4.751409773756581911e-02,6.733737080009398468e-02
5.320000000000003615e-01,-9.656142592476497644e-01,4.761635497156574415e-02,6.613046373162886904e-02
5.330000000000003624e-01,-9.655403892778071651e-01,4.771697609217723235e-02,6.492975391164726440e-02
5.340000000000003633e-01,-9.654659171770950676e-01,4.781595542693029000e-02,6.373530147363890008e-02
5.350000000000003642e-01,-9.653908477031305502e-01,4.791328741712352901e-02,6.254716655829302419e-02
5.360000000000003650e-01,-9.653151855018555771e-01,4.800896661607290117e-02,6.136540931715709496e-02
5.370000000000003659e-01,-9.652389351033168197e-01,4.810298768976961625e-02,6.019008992310256184e-02
5.380000000000003668e-01,-9.651621009194328860e-01,4.819534542149417344e-02,5.902126859245831331e-02
5.390000000000003677e-01,-9.650846872447733649e-01,4.828603472280240672e-02,5.785900562635953870e-02
5.400000000000003686e-01,-9.650066982618045186e-01,4.837505065465552700e-02,5.670336148305311907e-02
5.410000000000003695e-01,-9.649281380832985811e-01,4.846238859364121465e-02,5.555439710384103835e-02
5.420000000000003704e-01,-9.648490112587975176e-01,4.854804640875431954e-02,5.441218050333591211e-02
5.430000000000003713e-01,-9.647693223760626102e-01,4.863202279431239061e-02,5.327678433422673721e-02
5.440000000000003721e-01,-9.646890759374882052e-01,4.871431668138603843e-02,5.214827853545773301e-02
5.450000000000003730e-01,-9.646082762934670152e-01,4.879492580836197746e-02,5.102673135894631590e-02
5.460000000000003739e-01,-9.645269279557652231e-01,4.887384715281806180e-02,4.991221193862897115e-02
5.470000000000003748e-01,-9.644450355776286177e-01,4.895107715095597944e-02,4.880478827441571410e-02
5.480000000000003757e-01,-9.643626036336943042e-01,4.902661215134240802e-02,4.770452688134541736e-02
5.490000000000003766e-01,-9.642796365908500311e-01,4.910044864715745749e-02,4.661149368030553797e-02
5.500000000000003775e-01,-9.641961390037210311e-01,4.917258355353604227e-02,4.552575493975875853e-02
5.510000000000003784e-01,-9.641121155488866501e-01,4.924301446913986746e-02,4.444737811083593337e-02
5.520000000000003793e-01,-9.640275710196681835e-01,4.931173988220860505e-02,4.337643246621689097e-02
5.530000000000003801e-01,-9.639425103055964117e-01,4.937875931735469237e-02,4.231298955513609211e-02
5.540000000000003810e-01,-9.638569383755258846e-01,4.944407343921802811e-02,4.125712353344464928e-02
5.550000000000003819e-01,-9.637708602209831277e-01,4.950768377491415739e-02,4.020891078645700417e-02
5.560000000000003828e-01,-9.636842804910340510e-01,4.956959003586297596e-02,3.916842142829007195e-02
5.570000000000003837e-01,-9.635972036402350449e-01,4.962979073889078885e-02,3.813571893368872950e-02
5.580000000000003846e-01,-9.635096340283254568e-01,4.968828347965115189e-02,3.711086626607978944e-02
5.590000000000003855e-01,-9.634215761381064169e-01,4.974506620647528576e-02,3.609392608039785344e-02
5.600000000000003864e-01,-9.633330345364407021e-01,4.980013691883250493e-02,3.508496091968843489e-02
5.610000000000003872e-01,-9.632440138576958688e-01,4.985349368142583115e-02,3.408403340050254055e-02
5.620000000000003881e-01,-9.631545187696396448e-01,4.990513463885426493e-02,3.309120637117936997e-02
5.630000000000003890e-01,-9.630645539335742633e-01,4.995505802945143792e-02,3.210654303349396582e-02
5.640000000000003899e-01,-9.629741239672947595e-01,5.000326219676626271e-02,3.113010702927602666e-02
5.650000000000003908e-01,-9.628832334142990446e-01,5.004974559815411617e-02,3.016196249972441165e-02
5.660000000000003917e-01,-9.627918867193415720e-01,5.009450681074079093e-02,2.920217412585358885e-02
5.670000000000003926e-01,-9.627000882091465428e-01,5.013754453531887867e-02,2.825080715682523960e-02
5.680000000000003935e-01,-9.626078420768985344e-01,5.017885759874718410e-02,2.730792743089864583e-02
5.690000000000003944e-01,-9.625151523692857536e-01,5.021844495533633879e-02,2.637360139210040075e-02
5.700000000000003952e-01,-9.624220229751143663e-01,5.025630568760375283e-02,2.544789610455278073e-02
5.710000000000003961e-01,-9.623284576147326241e-01,5.029243900668922684e-02,2.453087926561407783e-02
5.720000000000003970e-01,-9.622344598296989071e-01,5.032684425264782879e-02,2.362261921846414009e-02
5.730000000000003979e-01,-9.621400330061459227e-01,5.035952095350976210e-02,2.272318376963388883e-02
5.740000000000003988e-01,-9.620451804138866470e-01,5.039046884470732568e-02,2.183263781344609716e-02
5.750000000000003997e-01,-9.619499052299869124e-01,5.041968786716993778e-02,2.095104554236924474e-02
5.760000000000004006e-01,-9.618542105158154332e-01,5.044717808144372206e-02,2.007847108652123166e-02
5.770000000000004015e-01,-9.617580992225593928e-01,5.047293968064348046e-02,1.921497848938411024e-02
5.780000000000004023e-01,-9.616615741938474571e-01,5.049697298891986375e-02,1.836063168356086989e-02
5.790000000000004032e-01,-9.615646381681963728e-01,5.051927845998221978e-02,1.751549446676192029e-02
5.800000000000004041e-01,-9.614672937812512865e-01,5.053985667566790463e-02,1.667963047811714047e-02
5.810000000000004050e-01,-9.613695435677996892e-01,5.055870834454878615e-02,1.585310317485062737e-02
5.820000000000004059e-01,-9.612713899635456638e-01,5.057583430056200591e-02,1.503597580931873706e-02
5.830000000000004068e-01,-9.611728353066377739e-01,5.059123550165461891e-02,1.422831140639053797e-02
5.840000000000004077e-01,-9.610738818389472637e-01,5.060491302842895500e-02,1.343017274113859731e-02
5.850000000000004086e-01,-9.609745317070966797e-01,5.061686808277743310e-02,1.264162231680436739e-02
5.860000000000004095e-01,-9.608747869632427996e-01,5.062710198649866822e-02,1.186272234300458049e-02
5.870000000000004103e-01,-9.607746495657670804e-01,5.063561618035794520e-02,1.109353471525631983e-02
5.880000000000004112e-01,-9.606741213803998702e-01,5.064241222524690222e-02,1.033412100329323020e-02
5.890000000000004121e-01,-9.605732041808940913e-01,5.064749180254601857e-02,9.584542438123457367e-03
5.900000000000004130e-01,-9.604718996492405125e-01,5.065085671358626751e-02,8.844859891571382748e-03
5.910000000000004139e-01,-9.603702093753483382e-01,5.065250887784211731e-02,8.115133855553855260e-03
5.920000000000004148e-01,-9.602681348567668751e-01,5.065245033155796328e-02,7.395424421826070870e-03
5.930000000000004157e-01,-9.601656774984472786e-01,5.065068322659244116e-02,6.685791262423711190e-03
5.940000000000004166e-01,-9.600628386126824898e-01,5.064720982965603691e-02,5.986293611156248175e-03
5.950000000000004174e-01,-9.599596194228772195e-01,5.064203253092031121e-02,5.296990251934105207e-03
5.960000000000004183e-01,-9.598560217038070164e-01,5.063515550587882608e-02,4.617942121644548481e-03
5.970000000000004192e-01,-9.597520472812647307e-01,5.062658350379406480e-02,3.949211794167848885e-03
5.980000000000004201e-01,-9.596476979721995093e-01,5.061632172353497383e-02,3.290860510030464529e-03
5.990000000000004210e-01,-9.595429751951056740e-01,5.060437478287227453e-02,2.642948222220822905e-03
6.000000000000004219e-01,-9.594378801102348975e-01,5.059074702378041355e-02,2.005533643163041370e-03
6.010000000000004228e-01,-9.593324136488163845e-01,5.057544253892087838e-02,1.378674289390205247e-03
6.020000000000004237e-01,-9.592265765437004710e-01,5.055846519679635387e-02,7.624265249676743334e-04
6.030000000000004245e-01,-9.591203693627123883e-01,5.053981866612672347e-02,1.568456053166850887e-04
6.040000000000004254e-01,-9.590137925462434154e-01,5.051950644047831229e-02,-4.380142760176953783e-04
6.050000000000004263e-01,-9.589068464506584899e-01,5.049753186492234036e-02,-1.022099933908099997e-03
6.060000000000004272e-01,-9.587995313985027135e-01,5.047389816749425773e-02,-1.595359126494074083e-03
6.070000000000004281e-01,-9.586918477345486300e-01,5.044860849913423984e-02,-2.157740472955895373e-03
6.080000000000004290e-01,-9.585837958829258598e-01,5.042166598566533153e-02,-2.709193351187528208e-03
6.090000000000004299e-01,-9.584753763960687234e-01,5.039307379286711575e-02,-3.249667779076908809e-03
6.100000000000004308e-01,-9.583665899846707248e-01,5.036283520079498643e-02,-3.779114292201820983e-03
6.110000000000004317e-01,-9.582574375224485186e-01,5.033095367895434880e-02,-4.297483835203806668e-03
6.120000000000004325e-01,-9.581479200282316810e-01,5.029743295345856513e-02,-4.804727678819582098e-03
6.130000000000004334e-01,-9.580380386344599097e-01,5.026227706128616468e-02,-5.300797363802069520e-03
6.140000000000004343e-01,-9.579277945517574722e-01,5.022549039186652298e-02,-5.785644665136715180e-03
6.150000000000004352e-01,-9.578171890357141116e-01,5.018707771919189708e-02,-6.259221568087233213e-03
6.160000000000004361e-01,-9.577062233581756789e-01,5.014704422806459672e-02,-6.721480249340591739e-03
6.170000000000004370e-01,-9.575948987830711356e-01,5.010539553725329442e-02,-7.172373059006732776e-03
6.180000000000004379e-01,-9.574832165458824207e-01,5.006213772134321394e-02,-7.611852501180504764e-03
6.190000000000004388e-01,-9.573711778356579494e-01,5.001727733231464690e-02,-8.039871212012241614e-03
6.200000000000004396e-01,-9.572587837785192511e-01,4.997082142139419592e-02,-8.456381934936876843e-03
6.210000000000004405e-01,-9.571460354217411481e-01,4.992277756142787792e-02,-8.861337493074293581e-03
6.220000000000004414e-01,-9.570329336977059231e-01,4.987315362544320063e-02,-9.254691004783840644e-03
6.230000000000004423e-01,-9.569194793053460435e-01,4.982195624352098173e-02,-9.636398619747027147e-03
6.240000000000004432e-01,-9.568056727706003572e-01,4.976919131494017545e-02,-1.000641920750610335e-02
6.250000000000004441e-01,-9.566915144913286095e-01,4.971486434628402673e-02,-1.036471233377470220e-02
6.260000000000004450e-01,-9.565770047875092885e-01,4.965898116826344966e-02,-1.071123825230163064e-02
6.270000000000004459e-01,-9.564621438731412129e-01,4.960154774743585904e-02,-1.104595789420923478e-02
6.280000000000004468e-01,-9.563469318406372377e-01,4.954257019073682322e-02,-1.136883285334112058e-02
6.290000000000004476e-01,-9.562313686386751943e-01,4.948205475199352055e-02,-1.167982536589413402e-02
6.300000000000004485e-01,-9.561154540407044156e-01,4.942000784143874004e-02,-1.197889828234207851e-02
6.310000000000004494e-01,-9.559991876002867928e-01,4.935643603950246039e-02,-1.226601502971533947e-02
6.320000000000004503e-01,-9.558825685886978007e-01,4.929134611628793738e-02,-1.254113956353876576e-02
6.330000000000004512e-01,-9.557655959115253230e-01,4.922474505751961438e-02,-1.280423631266182187e-02
6.340000000000004521e-01,-9.556482680103162153e-01,4.915664009475922969e-02,-1.305527012584251426e-02
6.350000000000004530e-01,-9.555305840283844221e-01,4.908703886440651809e-02,-1.329419845569127651e-02
6.360000000000004539e-01,-9.554125423836943298e-01,4.901594924456714741e-02,-1.352097661764129106e-02
6.370000000000004547e-01,-9.552941411509330294e-01,4.894337903761636355e-02,-1.373556930214973534e-02
6.380000000000004556e-01,-9.551753797083740727e-01,4.886933514176339255e-02,-1.393795116212990723e-02
6.390000000000004565e-01,-9.550562596633862533e-01,4.879382376144036915e-02,-1.412810039505001287e-02
6.400000000000004574e-01,-9.549367841813274360e-01,4.871685102498307662e-02,-1.430598947679570000e-02
6.410000000000004583e-01,-9.548169557400865148e-01,4.863842344117130789e-02,-1.447158857358779235e-02
6.420000000000004592e-01,-9.546967758435889184e-01,4.855854782000779135e-02,-1.462487478840300038e-02
6.430000000000004601e-01,-9.545762450060971682e-01,4.847723111256585504e-02,-1.476582607587346302e-02
6.440000000000004610e-01,-9.544553634912638085e-01,4.839448055592132647e-02,-1.489442010968863861e-02
6.450000000000004619e-01,-9.543341312924880082e-01,4.831030358659149648e-02,-1.501063466071735075e-02
6.460000000000004627e-01,-9.542125482010735960e-01,4.822470780218562902e-02,-1.511444786590112645e-02
6.470000000000004636e-01,-9.540906138556685123e-01,4.813770093425168151e-02,-1.520583841246076970e-02
6.480000000000004645e-01,-9.539683277784376525e-01,4.804929082912262617e-02,-1.528478566279525136e-02
6.490000000000004654e-01,-9.538456894025191257e-01,4.795948543444483736e-02,-1.535126973869516132e-02
6.500000000000004663e-01,-9.537226983659575774e-01,4.786829337174047794e-02,-1.540527124560557570e-02
6.510000000000004672e-01,-9.535993546013659117e-01,4.777572413415925867e-02,-1.544677044600449578e-02
6.520000000000004681e-01,-9.534756583044379230e-01,4.768178801006078826e-02,-1.547574843554435677e-02
6.530000000000004690e-01,-9.533516093521775536e-01,4.758649482157167876e-02,-1.549218748021331457e-02
6.540000000000004698e-01,-9.532272074497599723e-01,4.748985416416512395e-02,-1.549607099745057941e-02
6.550000000000004707e-01,-9.531024521642210701e-01,4.739187541797906800e-02,-1.548738354233646086e-02
6.560000000000004716e-01,-9.529773429568324516e-01,4.729256775347828734e-02,-1.546611084274454768e-02
6.570000000000004725e-01,-9.528518792164759610e-01,4.719194013864280723e-02,-1.543223980990501842e-02
6.580000000000004734e-01,-9.527260602952687396e-01,4.709000134945268146e-02,-1.538575850388736697e-02
6.590000000000004743e-01,-9.525998855472528337e-01,4.698675998371820706e-02,-1.532665609364397899e-02
6.600000000000004752e-01,-9.524733543701878746e-01,4.688222447604428744e-02,-1.525492281300342909e-02
6.610000000000004761e-01,-9.523464662505772838e-01,4.677640311648595395e-02,-1.517054991201102938e-02
6.620000000000004770e-01,-9.522192208103641420e-01,4.666930407517100310e-02,-1.507352960325706627e-02
6.630000000000004778e-01,-9.520916178521443562e-01,4.656093543745898344e-02,-1.496385499748229507e-02
6.640000000000004787e-01,-9.519636573963351500e-01,4.645130524774671033e-02,-1.484152003108056908e-02
6.650000000000004796e-01,-9.518353397042308428e-01,4.634042155951495490e-02,-1.470651940643947359e-02
6.660000000000004805e-01,-9.517066652833028328e-01,4.622829248501614252e-02,-1.455884854227619020e-02
6.670000000000004814e-01,-9.515776348771405324e-01,4.611492624263785478e-02,-1.439850353292728043e-02
6.680000000000004823e-01,-9.514482494450512418e-01,4.600033119823121464e-02,-1.422548111620640203e-02
6.690000000000004832e-01,-9.513185101370689178e-01,4.588451589918768336e-02,-1.403977864775145072e-02
6.700000000000004841e-01,-9.511884182686559663e-01,4.576748910203348730e-02,-1.384139407942669084e-02
6.710000000000004849e-01,-9.510579752973425949e-01,4.564925979514011800e-02,-1.363032593981901124e-02
6.720000000000004858e-01,-9.509271828020245954e-01,4.552983721816250551e-02,-1.340657331554763639e-02
6.730000000000004867e-01,-9.507960424648093101e-01,4.540923087947845715e-02,-1.317013583266953697e-02
6.740000000000004876e-01,-9.506645560549639162e-01,4.528745057251859496e-02,-1.292101363783782104e-02
6.750000000000004885e-01,-9.505327254144344540e-01,4.516450639156199820e-02,-1.265920737909185557e-02
6.760000000000004894e-01,-9.504005524444345543e-01,4.504040874734160926e-02,-1.238471818627773051e-02
6.770000000000004903e-01,-9.502680390926708798e-01,4.491516838264825173e-02,-1.209754765115649000e-02
6.780000000000004912e-01,-9.501351872568919443e-01,4.478879544470654173e-02,-1.179769829114800904e-02
6.790000000000004921e-01,-9.500019987954271272e-01,4.466129936260737621e-02,-1.148517425216367786e-02
6.800000000000004929e-01,-9.498684755239804600e-01,4.453268864509424274e-02,-1.115998050688413179e-02
6.810000000000004938e-01,-9.497346193365251432e-01,4.440297202366128015e-02,-1.082212265044433901e-02
6.820000000000004947e-01,-9.496004321813567017e-01,4.427215824392582988e-02,-1.047160689110393506e-02
6.830000000000004956e-01,-9.494659160608044379e-01,4.414025606428789716e-02,-1.010844004163900106e-02
6.840000000000004965e-01,-9.493310730309743040e-01,4.400727425420408734e-02,-9.732629511321403207e-03
6.850000000000004974e-01,-9.491959052015004339e-01,4.387322159221856976e-02,-9.344183298388417103e-03
6.860000000000004983e-01,-9.490604147352833531e-01,4.373810686385293245e-02,-8.943109982931197674e-03
6.870000000000004992e-01,-9.489246038481999879e-01,4.360193885942587055e-02,-8.529418720149071001e-03
6.880000000000005000e-01,-9.487884748087735964e-01,4.346472637185128107e-02,-8.103119233929692231e-03
6.890000000000005009e-01,-9.486520299377954046e-01,4.332647819444829240e-02,-7.664221810724597406e-03
6.900000000000005018e-01,-9.485152716078925073e-01,4.318720311878587736e-02,-7.212737293696537023e-03
6.910000000000005027e-01,-9.483782022430389258e-01,4.304690993257626053e-02,-6.748677077120027179e-03
6.920000000000005036e-01,-9.482408243180089347e-01,4.290560741762633468e-02,-6.272053101020334982e-03
6.930000000000005045e-01,-9.481031403577723227e-01,4.276330434785158285e-02,-5.782877846038938195e-03
6.940000000000005054e-01,-9.479651529368333662e-01,4.262000948735539252e-02,-5.281164328515700404e-03
6.950000000000005063e-01,-9.478268646785148466e-01,4.247573158857365083e-02,-4.766926095779666639e-03
6.960000000000005071e-01,-9.476882782541891093e-01,4.233047939048417696e-02,-4.240177221641725294e-03
6.970000000000005080e-01,-9.475493963824594967e-01,4.218426161687927056e-02,-3.700932302083420871e-03
6.980000000000005089e-01,-9.474102218282957066e-01,4.203708697469876743e-02,-3.149206451137055111e-03
6.990000000000005098e-01,-9.472707574021226318e-01,4.188896415242227000e-02,-2.585015296952865478e-03
7.000000000000005107e-01,-9.471310059588702313e-01,4.173990181851655601e-02,-2.008374978049634607e-03
7.010000000000005116e-01,-9.469909703969826564e-01,4.158990861993699939e-02,-1.419302139745501953e-03
7.020000000000005125e-01,-9.468506536573922938e-01,4.143899318067922888e-02,-8.178139307661054904e-04
7.030000000000005134e-01,-9.467100587224597241e-01,4.128716410037952533e-02,-2.039280000274448735e-04
7.040000000000005143e-01,-9.465691886148823730e-01,4.113442995296101579e-02,4.223375064089258122e-04
7.050000000000005151e-01,-9.464280463965740742e-01,4.098079928532344374e-02,1.060963948210619017e-03
7.060000000000005160e-01,-9.462866351675166543e-01,4.082628061607490588e-02,1.711932193481178338e-03
7.070000000000005169e-01,-9.461449580645864277e-01,4.067088243430283523e-02,2.375222621300947939e-03
7.080000000000005178e-01,-9.460030182603572646e-01,4.051461319838312036e-02,3.050815124104077833e-03
7.090000000000005187e-01,-9.458608189618795681e-01,4.035748133482491840e-02,3.738689109893689969e-03
7.100000000000005196e-01,-9.457183634094402658e-01,4.019949523715043993e-02,4.438823504297249520e-03
7.110000000000005205e-01,-9.455756548753012636e-01,4.004066326480693050e-02,5.151196752464242204e-03
7.120000000000005214e-01,-9.454326966624195805e-01,3.988099374211079295e-02,5.875786820808307637e-03
7.130000000000005222e-01,-9.452894921031498310e-01,3.972049495722168588e-02,6.612571198596081667e-03
7.140000000000005231e-01,-9.451460445579296099e-01,3.955917516114570986e-02,7.361526899385069204e-03
7.150000000000005240e-01,-9.450023574139492233e-01,3.939704256676651584e-02,8.122630462312995653e-03
7.160000000000005249e-01,-9.448584340838064310e-01,3.923410534790328086e-02,8.895857953241190913e-03
7.170000000000005258e-01,-9.447142780041466459e-01,3.907037163839494065e-02,9.681184965754666139e-03
7.180000000000005267e-01,-9.445698926342910307e-01,3.890584953120951317e-02,1.047858662202167356e-02
7.190000000000005276e-01,-9.444252814548523833e-01,3.874054707757873528e-02,1.128803757351564026e-02
7.200000000000005285e-01,-9.442804479663410300e-01,3.857447228615606960e-02,1.210951200160247793e-02
7.210000000000005294e-01,-9.441353956877616138e-01,3.840763312219996894e-02,1.294298361799635366e-02
7.220000000000005302e-01,-9.439901281552043333e-01,3.824003750678034441e-02,1.378842566508707047e-02
7.230000000000005311e-01,-9.438446489204318501e-01,3.807169331601073514e-02,1.464581091614224062e-02
7.240000000000005320e-01,-9.436989615494654204e-01,3.790260838030523605e-02,1.551511167538744546e-02
7.250000000000005329e-01,-9.435530696211748003e-01,3.773279048366279254e-02,1.639629977796747823e-02
7.260000000000005338e-01,-9.434069767258757011e-01,3.756224736298025002e-02,1.728934658979166747e-02
7.270000000000005347e-01,-9.432606864639421218e-01,3.739098670739754438e-02,1.819422300726601313e-02
7.280000000000005356e-01,-9.431142024444398864e-01,3.721901615767914118e-02,1.911089945691453462e-02
7.290000000000005365e-01,-9.429675282837902683e-01,3.704634330563622013e-02,2.003934589489171289e-02
7.300000000000005373e-01,-9.428206676044753598e-01,3.687297569359809790e-02,2.097953180638719925e-02
7.310000000000005382e-01,-9.426736240337976191e-01,3.669892081394116046e-02,2.193142620492294706e-02
7.320000000000005391e-01,-9.425264012027090299e-01,3.652418610868807258e-02,2.289499763154171502e-02
7.330000000000005400e-01,-9.423790027447304096e-01,3.634877896919225249e-02,2.387021415388405898e-02
7.340000000000005409e-01,-9.422314322949799648e-01,3.617270673592809516e-02,2.485704336514879542e-02
7.350000000000005418e-01,-9.420836934893412895e-01,3.599597669841153591e-02,2.585545238292898118e-02
7.360000000000005427e-01,-9.419357899638747256e-01,3.581859609567772385e-02,2.686540784868822820e-02
7.370000000000005436e-01,-9.417877253551178995e-01,3.564057212059834612e-02,2.788687593740904816e-02
7.380000000000005445e-01,-9.416395033004110182e-01,3.546191192341141551e-02,2.891982236901406017e-02
7.390000000000005453e-01,-9.414911274383414019e-01,3.528262261469611305e-02,2.996421240795633933e-02
7.400000000000005462e-01,-9.413426014089972815e-01,3.510271126592229285e-02,3.102001086106002253e-02
7.410000000000005471e-01,-9.411939288547606086e-01,3.492218491109183587e-02,3.208718207508249459e-02
7.420000000000005480e-01,-9.410451134215944702e-01,3.474105054899873091e-02,3.316568993393444881e-02
7.430000000000005489e-01,-9.408961588788891106e-01,3.455931542673146284e-02,3.425549774938068531e-02
7.440000000000005498e-01,-9.407470692396255885e-01,3.437698735416577778e-02,3.535656786794462436e-02
7.450000000000005507e-01,-9.405978486826833684e-01,3.419407454066392127e-02,3.646886203902056922e-02
7.460000000000005516e-01,-9.404485012884105100e-01,3.401058497793663093e-02,3.759234163078877672e-02
7.470000000000005524e-01,-9.402990310474725888e-01,3.382652643247274771e-02,3.872696762936069653e-02
7.480000000000005533e-01,-9.401494418858065139e-01,3.364190648168463582e-02,3.987270063762698991e-02
7.490000000000005542e-01,-9.399997376770851121e-01,3.345673251935155079e-02,4.102950087376527888e-02
7.500000000000005551e-01,-9.398499222559361099e-01,3.327101176131869176e-02,4.219732816932972308e-02
7.510000000000005560e-01,-9.396999994320263117e-01,3.308475125165649677e-02,4.337614196680079914e-02
7.520000000000005569e-01,-9.395499730050737019e-01,3.289795786954491374e-02,4.456590131641884056e-02
7.530000000000005578e-01,-9.393998467807543884e-01,3.271063833721232772e-02,4.576656487206068324e-02
7.540000000000005587e-01,-9.392496245873255267e-01,3.252279922930689793e-02,4.697809088585257892e-02
7.550000000000005596e-01,-9.390993102925804248e-01,3.233444698410159468e-02,4.820043720116018449e-02
7.560000000000005604e-01,-9.389489078205062178e-01,3.214558791688454376e-02,4.943356124358227327e-02
7.570000000000005613e-01,-9.387984211667771417e-01,3.195622823576177440e-02,5.067742000962979082e-02
7.580000000000005622e-01,-9.386478544120566703e-01,3.176637405986521001e-02,5.193197005291952384e-02
7.590000000000005631e-01,-9.384972117320981022e-01,3.157603143966658532e-02,5.319716746794966866e-02
7.600000000000005640e-01,-9.383464974038585593e-01,3.138520637880076736e-02,5.447296787181145350e-02
7.610000000000005649e-01,-9.381957158072636860e-01,3.119390485659517820e-02,5.575932638444990735e-02
7.620000000000005658e-01,-9.380448714227616058e-01,3.100213285045533285e-02,5.705619760824073156e-02
7.630000000000005667e-01,-9.378939688252394546e-01,3.080989635737363397e-02,5.836353560765773080e-02
7.640000000000005675e-01,-9.377430126751432615e-01,3.061720141406254481e-02,5.968129388968261562e-02
7.650000000000005684e-01,-9.375920077077005699e-01,3.042405411548126937e-02,6.100942538541207633e-02
7.660000000000005693e-01,-9.374409587210479344e-01,3.023046063175433007e-02,6.234788243311049916e-02
7.670000000000005702e-01,-9.372898705638830208e-01,3.003642722363930595e-02,6.369661676278542961e-02
7.680000000000005711e-01,-9.371387481230608607e-01,2.984196025677898767e-02,6.505557948224559295e-02
7.690000000000005720e-01,-9.369875963113813988e-01,2.964706621499652028e-02,6.642472106453603531e-02
7.700000000000005729e-01,-9.368364200556820176e-01,2.945175171287289784e-02,6.780399133661922650e-02
7.710000000000005738e-01,-9.366852242852637955e-01,2.925602350781258965e-02,6.919333946917162470e-02
7.720000000000005747e-01,-9.365340139206207448e-01,2.905988851176116716e-02,7.059271396737996918e-02
7.730000000000005755e-01,-9.363827938571569476e-01,2.886335363618458549e-02,7.200206273164846960e-02
7.740000000000005764e-01,-9.362315689432680887e-01,2.866642494836141308e-02,7.342133368802282456e-02
7.750000000000005773e-01,-9.360803440005717180e-01,2.846910794036272563e-02,7.485047467349367767e-02
7.760000000000005782e-01,-9.359291238445529570e-01,2.827140778077857908e-02,7.628943299172290249e-02
7.770000000000005791e-01,-9.357779132943935263e-01,2.807332967932330003e-02,7.773815540779047129e-02
7.780000000000005800e-01,-9.356267171682448591e-01,2.787487879127187318e-02,7.919658814371050015e-02
7.790000000000005809e-01,-9.354755402825383204e-01,2.767606022063728854e-02,8.066467687460027181e-02
7.800000000000005818e-01,-9.353243874514391987e-01,2.747687902274936755e-02,8.214236672540609074e-02
7.810000000000005826e-01,-9.351732634864318161e-01,2.727734020634514644e-02,8.362960226810356446e-02
7.820000000000005835e-01,-9.350221731960238758e-01,2.707744873526257701e-02,8.512632751930331032e-02
7.830000000000005844e-01,-9.348711213855567248e-01,2.687720952981348388e-02,8.663248593820377375e-02
7.840000000000005853e-01,-9.347201128571076545e-01,2.667662746789883910e-02,8.814802042484308486e-02
7.850000000000005862e-01,-9.345691524094741354e-01,2.647570738591731310e-02,8.967287331860993027e-02
7.860000000000005871e-01,-9.344182448382253314e-01,2.627445407950873557e-02,9.120698639698043841e-02
7.870000000000005880e-01,-9.342673949358126784e-01,2.607287230416704960e-02,9.275030087445408633e-02
7.880000000000005889e-01,-9.341166074917287565e-01,2.587096677575012604e-02,9.430275740166635390e-02
7.890000000000005898e-01,-9.339658872927041333e-01,2.566874217090953092e-02,9.586429606466015385e-02
7.900000000000005906e-01,-9.338152391229372906e-01,2.546620312745778714e-02,9.743485638430113283e-02
7.910000000000005915e-01,-9.336646677643470893e-01,2.526335424468806323e-02,9.901437731582518609e-02
7.920000000000005924e-01,-9.335141779968437747e-01,2.506020008365905660e-02,1.006027972485084437e-01
7.930000000000005933e-01,-9.333637745986120837e-01,2.485674516745350893e-02,1.022000540054521234e-01
7.940000000000005942e-01,-9.332134623464015677e-01,2.465299398141806986e-02,1.038060848434761846e-01
7.950000000000005951e-01,-9.330632460158205799e-01,2.444895097339194745e-02,1.054208264531169698e-01
7.960000000000005960e-01,-9.329131303816288190e-01,2.424462055392745397e-02,1.070442149587252090e-01
7.970000000000005969e-01,-9.327631202180275416e-01,2.404000709650744305e-02,1.086761859186614193e-01
7.980000000000005977e-01,-9.326132202989420028e-01,2.383511493776235834e-02,1.103166743255866583e-01
7.990000000000005986e-01,-9.324634353982967916e-01,2.362994837768861434e-02,1.119656146068470221e-01
8.000000000000005995e-01,-9.323137702902791757e-01,2.342451167987119609e-02,1.136229406249507912e-01
8.010000000000006004e-01,-9.321642297495912333e-01,2.321880907171047781e-02,1.152885856781374757e-01
8.020000000000006013e-01,-9.320148185516877737e-01,2.301284474465525864e-02,1.169624825010383284e-01
8.030000000000006022e-01,-9.318655414729994924e-01,2.280662285444184922e-02,1.186445632654281046e-01
8.040000000000006031e-01,-9.317164032911408045e-01,2.260014752134031912e-02,1.203347595810679155e-01
8.050000000000006040e-01,-9.315674087850999152e-01,2.239342283040773873e-02,1.220330024966394256e-01
8.060000000000006048e-01,-9.314185627354133468e-01,2.218645283174802696e-02,1.237392225007703933e-01
8.070000000000006057e-01,-9.312698699243204814e-01,2.197924154077979253e-02,1.254533495231518192e-01
8.080000000000006066e-01,-9.311213351359016732e-01,2.177179293851011499e-02,1.271753129357470757e-01
8.090000000000006075e-01,-9.309729631561967089e-01,2.156411097181581971e-02,1.289050415540931305e-01
8.100000000000006084e-01,-9.308247587733043948e-01,2.135619955373052603e-02,1.306424636386942506e-01
8.110000000000006093e-01,-9.306767267774628261e-01,2.114806256373852333e-02,1.323875068965084667e-01
8.120000000000006102e-01,-9.305288719611108927e-01,2.093970384807375407e-02,1.341400984825270315e-01
8.130000000000006111e-01,-9.303811991192859621e-01,2.073112722502079563e-02,1.359001650111195114e-01
8.140000000000006120e-01,-9.302337130538602672e-01,2.052233654671231644e-02,1.376676327183300741e-01
8.150000000000006128e-01,-9.300864185762495184e-01,2.031333574679750065e-02,1.394424276679895047e-01
8.160000000000006137e-01,-9.299393205090040748e-01,2.010412887603901799e-02,1.412244757793106320e-01
8.170000000000006146e-01,-9.297924236839619772e-01,1.989472009208681502e-02,1.430137028281055211e-01
8.180000000000006155e-01,-9.296457329410947601e-01,1.968511365832853466e-02,1.448100344483097268e-01
8.190000000000006164e-01,-9.294992531273533753e-01,1.947531394287488338e-02,1.466133961338009495e-01
8.200000000000006173e-01,-9.293529890955052331e-01,1.926532541752268290e-02,1.484237132404986892e-01
8.210000000000006182e-01,-9.292069457029622503e-01,1.905515265669627256e-02,1.502409109887322680e-01
8.220000000000006191e-01,-9.290611278106031268e-01,1.884480033636892760e-02,1.520649144658641205e-01
8.230000000000006199e-01,-9.289155402815884033e-01,1.863427323296479310e-02,1.538956486291554182e-01
8.240000000000006208e-01,-9.287701879801708582e-01,1.842357622224310987e-02,1.557330383088611214e-01
8.250000000000006217e-01,-9.286250757705025727e-01,1.821271427816528732e-02,1.575770082115419968e-01
8.260000000000006226e-01,-9.284802085154376661e-01,1.800169247174654430e-02,1.594274829235803603e-01
8.270000000000006235e-01,-9.283355910753342544e-01,1.779051596989317252e-02,1.612843869148874176e-01
8.280000000000006244e-01,-9.281912283068540770e-01,1.757919003422608872e-02,1.631476445427895716e-01
8.290000000000006253e-01,-9.280471250617616796e-01,1.736772001989272951e-02,1.650171800560811808e-01
8.300000000000006262e-01,-9.279032861857234860e-01,1.715611137436767741e-02,1.668929175992319436e-01
8.310000000000006271e-01,-9.277597165171082016e-01,1.694436963624346149e-02,1.687747812167365025e-01
8.320000000000006279e-01,-9.276164208857875515e-01,1.673250043401297571e-02,1.706626948575947766e-01
8.330000000000006288e-01,-9.274734041119369055e-01,1.652050948452782331e-02,1.725565823787335029e-01
8.340000000000006297e-01,-9.273306710048366819e-01,1.630840259099058942e-02,1.744563675446221540e-01
8.350000000000006306e-01,-9.271882263616790798e-01,1.609618564113912687e-02,1.763619740294857519e-01
8.360000000000006315e-01,-9.270460749663838040e-01,1.588386460591023619e-02,1.782733254222551855e-01
8.370000000000006324e-01,-9.269042215884167879e-01,1.567144553827604092e-02,1.801903452316377663e-01
8.380000000000006333e-01,-9.267626709816130237e-01,1.545893457201424903e-02,1.821129568912515373e-01
8.390000000000006342e-01,-9.266214278830025020e-01,1.524633792047652703e-02,1.840410837648129017e-01
8.400000000000006350e-01,-9.264804970116399252e-01,1.503366187535698506e-02,1.859746491513677435e-01
8.410000000000006359e-01,-9.263398830674383078e-01,1.482091280546121714e-02,1.879135762905559393e-01
8.420000000000006368e-01,-9.261995907300071273e-01,1.460809715547650711e-02,1.898577883679000156e-01
8.430000000000006377e-01,-9.260596246574945845e-01,1.439522144474486565e-02,1.918072085201086019e-01
8.440000000000006386e-01,-9.259199894854337476e-01,1.418229226603867632e-02,1.937617598403855446e-01
8.450000000000006395e-01,-9.257806898255938055e-01,1.396931628434122663e-02,1.957213653837360789e-01
8.460000000000006404e-01,-9.256417302648355383e-01,1.375630023563101378e-02,1.976859481722614831e-01
8.470000000000006413e-01,-9.255031153639718955e-01,1.354325092567254529e-02,1.996554312004340248e-01
8.480000000000006422e-01,-9.253648496566327930e-01,1.333017522881291272e-02,2.016297374403439868e-01
8.490000000000006430e-01,-9.252269376481356833e-01,1.311708008678574844e-02,2.036087898469111090e-01
8.500000000000006439e-01,-9.250893838143616765e-01,1.290397250752323144e-02,2.055925113630527046e-01
8.510000000000006448e-01,-9.249521926006361028e-01,1.269085956397647541e-02,2.075808249248010107e-01
8.520000000000006457e-01,-9.248153684206174008e-01,1.247774839294524263e-02,2.095736534663624751e-01
8.530000000000006466e-01,-9.246789156551902256e-01,1.226464619391853805e-02,2.115709199251114836e-01
8.540000000000006475e-01,-9.245428386513678820e-01,1.205156022792586157e-02,2.135725472465115626e-01
8.550000000000006484e-01,-9.244071417212024189e-01,1.183849781640056165e-02,2.155784583889567008e-01
8.560000000000006493e-01,-9.242718291407030495e-01,1.162546634005634516e-02,2.175885763285255181e-01
8.570000000000006501e-01,-9.241369051487658970e-01,1.141247323777794254e-02,2.196028240636408446e-01
8.580000000000006510e-01,-9.240023739461152852e-01,1.119952600552742705e-02,2.216211246196269358e-01
8.590000000000006519e-01,-9.238682396942579089e-01,1.098663219526679891e-02,2.236434010531564154e-01
8.600000000000006528e-01,-9.237345065144527689e-01,1.077379941389927653e-02,2.256695764565784801e-01
8.610000000000006537e-01,-9.236011784866987595e-01,1.056103532223107155e-02,2.276995739621190951e-01
8.620000000000006546e-01,-9.234682596487417960e-01,1.034834763395475754e-02,2.297333167459436887e-01
8.630000000000006555e-01,-9.233357539951052573e-01,1.013574411465778535e-02,2.317707280320711882e-01
8.640000000000006564e-01,-9.232036654761477390e-01,9.923232580858531993e-03,2.338117310961278783e-01
8.650000000000006573e-01,-9.230719979971491185e-01,9.710820899073102641e-03,2.358562492689275369e-01
8.660000000000006581e-01,-9.229407554174338113e-01,9.498516984916660633e-03,2.379042059398627507e-01
8.670000000000006590e-01,-9.228099415495311098e-01,9.286328802244003811e-03,2.399555245600907549e-01
8.680000000000006599e-01,-9.226795601583814843e-01,9.074264362334438783e-03,2.420101286454940659e-01
8.690000000000006608e-01,-9.225496149605943996e-01,8.862331723127281347e-03,2.440679417793938655e-01
8.700000000000006617e-01,-9.224201096237617525e-01,8.650538988514866467e-03,2.461288876149904659e-01
8.710000000000006626e-01,-9.222910477658379236e-01,8.438894307701394482e-03,2.481928898775016823e-01
8.720000000000006635e-01,-9.221624329545914378e-01,8.227405874638049621e-03,2.502598723659649194e-01
8.730000000000006644e-01,-9.220342687071381160e-01,8.016081927544105312e-03,2.523297589546640851e-01
8.740000000000006652e-01,-9.219065584895645982e-01,7.804930748528893236e-03,2.544024735941359805e-01
8.750000000000006661e-01,-9.217793057166528969e-01,7.593960663328735983e-03,2.564779403117044554e-01
8.760000000000006670e-01,-9.216525137517149746e-01,7.383180041176717889e-03,2.585560832114820462e-01
8.770000000000006679e-01,-9.215261859065493333e-01,7.172597294825000525e-03,2.606368264737710105e-01
8.780000000000006688e-01,-9.214003254415317201e-01,6.962220880743830165e-03,2.627200943537847388e-01
8.790000000000006697e-01,-9.212749355658489403e-01,6.752059299522161773e-03,2.648058111796006697e-01
8.800000000000006706e-01,-9.211500194378912099e-01,6.542121096500708166e-03,2.668939013492440671e-01
8.810000000000006715e-01,-9.210255801658108199e-01,6.332414862670610045e-03,2.689842893267893609e-01
8.820000000000006724e-01,-9.209016208082606569e-01,6.122949235873698104e-03,2.710768996373548179e-01
8.830000000000006732e-01,-9.207781443753204620e-01,5.913732902346147124e-03,2.731716568608545948e-01
8.840000000000006741e-01,-9.206551538296210424e-01,5.704774598647210926e-03,2.752684856243635125e-01
8.850000000000006750e-01,-9.205326520876708773e-01,5.496083114017669136e-03,2.773673105929462257e-01
8.860000000000006759e-01,-9.204106420213884476e-01,5.287667293211451014e-03,2.794680564588050697e-01
8.870000000000006768e-01,-9.202891264598402898e-01,5.079536039839738226e-03,2.815706479286156361e-01
8.880000000000006777e-01,-9.201681081911777804e-01,4.871698320257689119e-03,2.836750097089516531e-01
8.890000000000006786e-01,-9.200475899647626576e-01,4.664163168006718596e-03,2.857810664897568187e-01
8.900000000000006795e-01,-9.199275744934605203e-01,4.456939688801397903e-03,2.878887429259125996e-01
8.910000000000006803e-01,-9.198080644560794328e-01,4.250037066006850939e-03,2.899979636170851305e-01
8.920000000000006812e-01,-9.196890624999186636e-01,4.043464566502119606e-03,2.921086530862240238e-01
8.930000000000006821e-01,-9.195705712433903667e-01,3.837231546747532640e-03,2.942207357573384252e-01
8.940000000000006830e-01,-9.194525932786702382e-01,3.631347458785350035e-03,2.963341359334905611e-01
8.950000000000006839e-01,-9.193351311743350740e-01,3.425821855793265147e-03,2.984487777763148442e-01
8.960000000000006848e-01,-9.192181874779494777e-01,3.220664396699823850e-03,3.005645852887554592e-01
8.970000000000006857e-01,-9.191017647185765194e-01,3.015884849268346546e-03,3.026814823030576918e-01
8.980000000000006866e-01,-9.189858654002496241e-01,2.811493246716534333e-03,3.047993920263046275e-01
8.990000000000006875e-01,-9.188704920070315252e-01,2.607499761624332280e-03,3.069182370515319280e-01
9.000000000000006883e-01,-9.187556470087564486e-01,2.403914652289729226e-03,3.090379402786185836e-01
9.010000000000006892e-01,-9.186413328768743281e-01,2.200748090560755710e-03,3.111584249657486367e-01
9.020000000000006901e-01,-9.185275520884841338e-01,1.998010225290280939e-03,3.132796146531575121e-01
9.030000000000006910e-01,-9.184143071290340465e-01,1.795711203031236103e-03,3.154014330840925195e-01
9.040000000000006919e-01,-9.183016004921007447e-01,1.593861189059242456e-03,3.175238041241555953e-01
9.050000000000006928e-01,-9.181894346761344528e-01,1.392470388354494215e-03,3.196466516804506997e-01
9.060000000000006937e-01,-9.180778121782023904e-01,1.191549066146158076e-03,3.217698996220840768e-01
9.070000000000006946e-01,-9.179667354849008198e-01,9.911075676397596013e-04,3.238934717035427124e-01
9.080000000000006954e-01,-9.178562070607343415e-01,7.911563365986529206e-04,3.260172914923134546e-01
9.090000000000006963e-01,-9.177462293388534142e-01,5.917059146732239761e-04,3.281412823428026537e-01
9.100000000000006972e-01,-9.176368047725204091e-01,3.927667114578814456e-04,3.302653681612511827e-01
9.110000000000006981e-01,-9.175279358245131966e-01,1.943490367398714724e-04,3.323894736334708777e-01
9.120000000000006990e-01,-9.174196249733435060e-01,-3.536925632763310290e-06,3.345135237466479450e-01
9.130000000000006999e-01,-9.173118746846993243e-01,-2.008810180073039575e-04,3.366374437784492302e-01
9.140000000000007008e-01,-9.172046874128063632e-01,-3.976731296421731621e-04,3.387611592801719196e-01
9.150000000000007017e-01,-9.170980655958507199e-01,-5.939031933876459668e-04,3.408845960559901411e-01
9.160000000000007025e-01,-9.169920116511894870e-01,-7.895611816423619977e-04,3.430076801400534503e-01
9.170000000000007034e-01,-9.168865279704816462e-01,-9.846371019710531414e-04,3.451303377728347499e-01
9.180000000000007043e-01,-9.167816169148512717e-01,-1.179120992669369095e-03,3.472524953777695322e-01
9.190000000000007052e-01,-9.166772808101676384e-01,-1.373002918479859780e-03,3.493740795389107534e-01
9.200000000000007061e-01,-9.165735219425074076e-01,-1.566272966591231164e-03,3.514950169800640789e-01
9.210000000000007070e-01,-9.164703425538394121e-01,-1.758921242999533785e-03,3.536152345456638479e-01
9.220000000000007079e-01,-9.163677448379616841e-01,-1.950937869267921343e-03,3.557346591835025551e-01
9.230000000000007088e-01,-9.162657309367018277e-01,-2.142312979695248920e-03,3.578532179293202331e-01
9.240000000000007097e-01,-9.161643029363871760e-01,-2.333036718883851890e-03,3.599708378931921748e-01
9.250000000000007105e-01,-9.160634628645809574e-01,-2.523099239684523099e-03,3.620874462476097455e-01
9.260000000000007114e-01,-9.159632126870751456e-01,-2.712490701490988254e-03,3.642029702171258321e-01
9.270000000000007123e-01,-9.158635543051305561e-01,-2.901201268852626747e-03,3.663173370694267073e-01
9.280000000000007132e-01,-9.157644895529488682e-01,-3.089221110374018586e-03,3.684304741076906975e-01
9.290000000000007141e-01,-9.156660201953625844e-01,-3.276540397869232013e-03,3.705423086640995400e-01
9.300000000000007150e-01,-9.155681479257272715e-01,-3.463149305743706829e-03,3.726527680943762522e-01
9.310000000000007159e-01,-9.154708743640019852e-01,-3.649038010574756630e-03,3.747617797732334943e-01
9.320000000000007168e-01,-9.153742010550006691e-01,-3.834196690868429958e-03,3.768692710906275112e-01
9.330000000000007176e-01,-9.152781294668033141e-01,-4.018615526969748775e-03,3.789751694487237255e-01
9.340000000000007185e-01,-9.151826609893110032e-01,-4.202284701107561471e-03,3.810794022594904962e-01
9.350000000000007194e-01,-9.150877969329334061e-01,-4.385194397557634627e-03,3.831818969428473221e-01
9.360000000000007203e-01,-9.149935385273959554e-01,-4.567334802908107338e-03,3.852825809253027090e-01
9.370000000000007212e-01,-9.148998869206579343e-01,-4.748696106415484230e-03,3.873813816390259124e-01
9.380000000000007221e-01,-9.148068431779282639e-01,-4.929268500439121237e-03,3.894782265213025396e-01
9.390000000000007230e-01,-9.147144082807723287e-01,-5.109042180945155831e-03,3.915730430143325447e-01
9.400000000000007239e-01,-9.146225831263011807e-01,-5.288007348070944413e-03,3.936657585653327573e-01
9.410000000000007248e-01,-9.145313685264337966e-01,-5.466154206743290001e-03,3.957563006269130268e-01
9.420000000000007256e-01,-9.144407652072276127e-01,-5.643472967343354796e-03,3.978445966576981685e-01
9.430000000000007265e-01,-9.143507738082695679e-01,-5.819953846413927767e-03,3.999305741231726219e-01
9.440000000000007274e-01,-9.142613948821228798e-01,-5.995587067403274073e-03,4.020141604967273907e-01
9.450000000000007283e-01,-9.141726288938240019e-01,-6.170362861442513225e-03,4.040952832608925571e-01
9.460000000000007292e-01,-9.140844762204259899e-01,-6.344271468152196114e-03,4.061738699087402704e-01
9.470000000000007301e-01,-9.139969371505828333e-01,-6.517303136475416370e-03,4.082498479454463314e-01
9.480000000000007310e-01,-9.139100118841729792e-01,-6.689448125535124579e-03,4.103231448899993805e-01
9.490000000000007319e-01,-9.138237005319570505e-01,-6.860696705512592253e-03,4.123936882770491974e-01
9.500000000000007327e-01,-9.137380031152686488e-01,-7.031039158545804302e-03,4.144614056588863393e-01
9.510000000000007336e-01,-9.136529195657343561e-01,-7.200465779645393027e-03,4.165262246075470132e-01
9.520000000000007345e-01,-9.135684497250211589e-01,-7.368966877627058931e-03,4.185880727170380178e-01
9.530000000000007354e-01,-9.134845933446106292e-01,-7.536532776058757488e-03,4.206468776056770387e-01
9.540000000000007363e-01,-9.134013500855955314e-01,-7.703153814221652684e-03,4.227025669185453527e-01
9.550000000000007372e-01,-9.133187195185004104e-01,-7.868820348083449545e-03,4.247550683300493346e-01
9.560000000000007381e-01,-9.132367011231227183e-01,-8.033522751283495023e-03,4.268043095465887116e-01
9.570000000000007390e-01,-9.131552942883947033e-01,-8.197251416128259471e-03,4.288502183093294562e-01
9.580000000000007399e-01,-9.130744983122643932e-01,-8.359996754596865642e-03,4.308927223970801523e-01
9.590000000000007407e-01,-9.129943124015954536e-01,-8.521749199355499460e-03,4.329317496292696688e-01
9.600000000000007416e-01,-9.129147356720846984e-01,-8.682499204780036450e-03,4.349672278690263627e-01
9.610000000000007425e-01,-9.128357671481979185e-01,-8.842237247986273196e-03,4.369990850263570370e-01
9.620000000000007434e-01,-9.127574057631216986e-01,-9.000953829867375244e-03,4.390272490614255951e-01
9.630000000000007443e-01,-9.126796503587331078e-01,-9.158639476137042656e-03,4.410516479879308394e-01
9.640000000000007452e-01,-9.126024996855847116e-01,-9.315284738378504237e-03,4.430722098765829120e-01
9.650000000000007461e-01,-9.125259524029073477e-01,-9.470880195099062870e-03,4.450888628586784912e-01
9.660000000000007470e-01,-9.124500070786276673e-01,-9.625416452788193578e-03,4.471015351297741303e-01
9.670000000000007478e-01,-9.123746621894023301e-01,-9.778884146980360015e-03,4.491101549534579629e-01
9.680000000000007487e-01,-9.122999161206686303e-01,-9.931273943320440001e-03,4.511146506652193300e-01
9.690000000000007496e-01,-9.122257671667102219e-01,-1.008257653863220416e-02,4.531149506764165502e-01
9.700000000000007505e-01,-9.121522135307396084e-01,-1.023278266198901498e-02,4.551109834783425567e-01
9.710000000000007514e-01,-9.120792533249962863e-01,-1.038188307578913339e-02,4.571026776463801289e-01
9.720000000000007523e-01,-9.120068845709797811e-01,-1.052986857782878261e-02,4.590899618410261840e-01
9.730000000000007532e-01,-9.119351051997321989e-01,-1.067673000364749436e-02,4.610727648043462246e-01
9.740000000000007541e-01,-9.118639130521182246e-01,-1.082245822868804774e-02,4.630510153620284175e-01
9.750000000000007550e-01,-9.117933058789827738e-01,-1.096704416927984926e-02,4.650246424279949609e-01
9.760000000000007558e-01,-9.117232813413254089e-01,-1.111047878363102814e-02,4.669935750091079862e-01
9.770000000000007567e-01,-9.116538370104977362e-01,-1.125275307287237903e-02,4.689577422099696080e-01
9.780000000000007576e-01,-9.115849703684156813e-01,-1.139385808209908424e-02,4.709170732378158419e-01
9.790000000000007585e-01,-9.115166788077878612e-01,-1.153378490140843926e-02,4.728714974075044486e-01
9.800000000000007594e-01,-9.114489596323599452e-01,-1.167252466693480262e-02,4.748209441465955916e-01
9.810000000000007603e-01,-9.113818100571748904e-01,-1.181006856187954979e-02,4.767653430005250326e-01
9.820000000000007612e-01,-9.113152272088478334e-01,-1.194640781753714132e-02,4.787046236378689756e-01
9.830000000000007621e-01,-9.112492081258580789e-01,-1.208153371431613943e-02,4.806387158556995609e-01
9.840000000000007629e-01,-9.111837497588555213e-01,-1.221543758275489555e-02,4.825675495850297314e-01
9.850000000000007638e-01,-9.111188489709821647e-01,-1.234811080453263044e-02,4.844910548963457519e-01
9.860000000000007647e-01,-9.110545025382095208e-01,-1.247954481347446354e-02,4.864091620052251597e-01
9.870000000000007656e-01,-9.109907071496904374e-01,-1.260973109655166846e-02,4.883218012780380923e-01
9.880000000000007665e-01,-9.109274594081243626e-01,-1.273866119487698789e-02,4.902289032377276645e-01
9.890000000000007674e-01,-9.108647557853056798e-01,-1.286632668196469043e-02,4.921303985944983639e-01
9.900000000000007683e-01,-9.108025926523447557e-01,-1.299271918332939313e-02,4.940262182446879535e-01
9.910000000000007692e-01,-9.107409662771968062e-01,-1.311783037804387098e-02,4.959162932346955488e-01
9.920000000000007701e-01,-9.106798728656497754e-01,-1.324165202092630889e-02,4.978005547671683351e-01
9.930000000000007709e-01,-9.106193085521553376e-01,-1.336417593691568984e-02,4.996789342105456000e-01
9.940000000000007718e-01,-9.105592693998079135e-01,-1.348539402064269366e-02,5.015513631089498769e-01
9.950000000000007727e-01,-9.104997514001045289e-01,-1.360529823588102483e-02,5.034177731922718779e-01
9.960000000000007736e-01,-9.104407504725350320e-01,-1.372388061493712286e-02,5.052780963863122698e-01
9.970000000000007745e-01,-9.103822624640452998e-01,-1.384113325803176808e-02,5.071322648228618890e-01
9.980000000000007754e-01,-9.103242831484148478e-01,-1.395704833271971257e-02,5.089802108496130906e-01
9.990000000000007763e-01,-9.102668082255861437e-01,-1.407161807339135651e-02,5.108218670398049222e-01
1.000000000000000666e+00,-9.102098333209772685e-01,-1.418483478089727079e-02,5.126571662015045883e-01
1.001000000000000556e+00,-9.101533539848091214e-01,-1.429669082234291677e-02,5.144860413864111859e-01
1.002000000000000446e+00,-9.100973656914778109e-01,-1.440717863111640185e-02,5.163084258980202845e-01
1.003000000000000336e+00,-9.100418638390213033e-01,-1.451629070725879433e-02,5.181242532988662441e-01
1.004000000000000226e+00,-9.099868437487964590e-01,-1.462401961840981146e-02,5.199334574162655098e-01
1.005000000000000115e+00,-9.099323006657579205e-01,-1.473035800191851985e-02,5.217359723451991949e-01
1.006000000000000005e+00,-9.098782297608727365e-01,-1.483529856977866546e-02,5.235317324448529597e-01
1.006999999999999895e+00,-9.098246261396908396e-01,-1.493883411739188594e-02,5.253206723263809108e-01
1.007999999999999785e+00,-9.097714848149469624e-01,-1.504095748558453849e-02,5.271027269265010640e-01
1.008999999999999675e+00,-9.097188007057788184e-01,-1.514166158147306485e-02,5.288778315670310537e-01
1.009999999999999565e+00,-9.096665686270436479e-01,-1.524093937132953158e-02,5.306459217856986932e-01
1.010999999999999455e+00,-9.096147833338859012e-01,-1.533878394040455451e-02,5.324069333514914737e-01
1.011999999999999345e+00,-9.095634395084777335e-01,-1.543518846825292501e-02,5.341608022907745612e-01
1.012999999999999234e+00,-9.095125317562250400e-01,-1.553014622812443069e-02,5.359074648933014329e-01
1.013999999999999124e+00,-9.094620546065731448e-01,-1.562365058939096940e-02,5.376468577160165019e-01
1.014999999999999014e+00,-9.094120025140850494e-01,-1.571569501926783907e-02,5.393789175877612418e-01
1.015999999999998904e+00,-9.093623698595920679e-01,-1.580627308404891629e-02,5.411035816151511524e-01
1.016999999999998794e+00,-9.093131509513285859e-01,-1.589537844993904603e-02,5.428207871894519254e-01
1.017999999999998684e+00,-9.092643400259923236e-01,-1.598300488352744075e-02,5.445304719942747340e-01
1.018999999999998574e+00,-9.092159312496806978e-01,-1.606914625191813162e-02,5.462325740139601926e-01
1.019999999999998463e+00,-9.091679187186605393e-01,-1.615379652251969222e-02,5.479270315425643911e-01
1.020999999999998353e+00,-9.091202964599258696e-01,-1.623694976248529764e-02,5.496137831933833873e-01
1.021999999999998243e+00,-9.090730584314957730e-01,-1.631860013778707597e-02,5.512927679089612010e-01
1.022999999999998133e+00,-9.090261985224026287e-01,-1.639874191190932029e-02,5.529639249715255778e-01
1.023999999999998023e+00,-9.089797105523192977e-01,-1.647736944414024407e-02,5.546271940137850187e-01
1.024999999999997913e+00,-9.089335882707708647e-01,-1.655447718744773589e-02,5.562825150300065857e-01
1.025999999999997803e+00,-9.088878253558735354e-01,-1.663005968592273787e-02,5.579298283872754505e-01
1.026999999999997693e+00,-9.088424154125460674e-01,-1.670411157177875694e-02,5.595690748368127299e-01
1.027999999999997582e+00,-9.087973519682582824e-01,-1.677662755945480422e-02,5.612001955285730315e-01
1.028999999999997472e+00,-9.087526284755331751e-01,-1.684760244892602454e-02,5.628231320179595265e-01
1.029999999999997362e+00,-9.087082383145406173e-01,-1.691703112838144341e-02,5.644378262391207546e-01
1.030999999999997252e+00,-9.086641748018537967e-01,-1.698490858434176243e-02,5.660442204997623294e-01
1.031999999999997142e+00,-9.086204311903747222e-01,-1.705122989955121238e-02,5.676422574810993105e-01
1.032999999999997032e+00,-9.085770006706784807e-01,-1.711599025268883967e-02,5.692318802364009223e-01
1.033999999999996922e+00,-9.085338763724325473e-01,-1.717918491801290193e-02,5.708130321879101299e-01
1.034999999999996811e+00,-9.084910513658535081e-01,-1.724080926488624765e-02,5.723856571218942646e-01
1.035999999999996701e+00,-9.084485186631897635e-01,-1.730085875716841359e-02,5.739496991815568050e-01
1.036999999999996591e+00,-9.084062712202128909e-01,-1.735932895245889673e-02,5.755051028575095540e-01
1.037999999999996481e+00,-9.083643019376992367e-01,-1.741621550117500306e-02,5.770518129754808045e-01
1.038999999999996371e+00,-9.083226036628750943e-01,-1.747151414544606540e-02,5.785897746809127717e-01
1.039999999999996261e+00,-9.082811691907979323e-01,-1.752522071780737711e-02,5.801189334200905767e-01
1.040999999999996151e+00,-9.082399912656401453e-01,-1.757733113967691052e-02,5.816392349174503984e-01
1.041999999999996041e+00,-9.081990625818403551e-01,-1.762784141959949924e-02,5.831506251487457160e-01
1.042999999999995930e+00,-9.081583757850872907e-01,-1.767674765124743752e-02,5.846530503098240628e-01
1.043999999999995820e+00,-9.081179234731058258e-01,-1.772404601117366640e-02,5.861464567808926107e-01
1.044999999999995710e+00,-9.080776981962276340e-01,-1.776973275632021121e-02,5.876307910863608486e-01
1.045999999999995600e+00,-9.080376924577477915e-01,-1.781380422130024455e-02,5.891059998506588125e-01
1.046999999999995490e+00,-9.079978987141079649e-01,-1.785625681548930199e-02,5.905720297508679772e-01
1.047999999999995380e+00,-9.079583093749936662e-01,-1.789708701998377061e-02,5.920288274675887807e-01
1.048999999999995270e+00,-9.079189168035096680e-01,-1.793629138451291460e-02,5.934763396362041643e-01
1.049999999999995159e+00,-9.078797133166808253e-01,-1.797386652442289900e-02,5.949145128015496109e-01
1.050999999999995049e+00,-9.078406911866335749e-01,-1.800980911788191419e-02,5.963432933798892277e-01
1.051999999999994939e+00,-9.078018426429067533e-01,-1.804411590348298233e-02,5.977626276328682486e-01
1.052999999999994829e+00,-9.077631598764178689e-01,-1.807678367843623679e-02,5.991724616585404339e-01
1.053999999999994719e+00,-9.077246350456201762e-01,-1.810780929753635915e-02,6.005727414043819934e-01
1.054999999999994609e+00,-9.076862602853051909e-01,-1.813718967305855134e-02,6.019634127061451734e-01
1.055999999999994499e+00,-9.076480277182994438e-01,-1.816492177567274879e-02,6.033444213543458501e-01
1.056999999999994388e+00,-9.076099294699827569e-01,-1.819100263638012693e-02,6.047157131872391567e-01
1.057999999999994278e+00,-9.075719576851460912e-01,-1.821542934937486757e-02,6.060772342057509920e-01
1.058999999999994168e+00,-9.075341045463038991e-01,-1.823819907564439013e-02,6.074289307026962126e-01
1.059999999999994058e+00,-9.074963622922620488e-01,-1.825930904705846958e-02,6.087707493964982230e-01
1.060999999999993948e+00,-9.074587232356162714e-01,-1.827875657067817849e-02,6.101026375590835604e-01
1.061999999999993838e+00,-9.074211797779485611e-01,-1.829653903303696261e-02,6.114245431287899102e-01
1.062999999999993728e+00,-9.073837244217763942e-01,-1.831265390420339090e-02,6.127364148016464229e-01
1.063999999999993618e+00,-9.073463497787233045e-01,-1.832709874152194107e-02,6.140382020975405641e-01
1.064999999999993507e+00,-9.073090485741046596e-01,-1.833987119472041405e-02,6.153298553957984307e-01
1.065999999999993397e+00,-9.072718136479422935e-01,-1.835096901091015642e-02,6.166113259412553393e-01
1.066999999999993287e+00,-9.072346379528388738e-01,-1.836039003893519261e-02,6.178825658392648190e-01
1.067999999999993177e+00,-9.071975145490975834e-01,-1.836813223149019736e-02,6.191435280389036011e-01
1.068999999999993067e+00,-9.071604365981207341e-01,-1.837419364711012637e-02,6.203941663056600220e-01
1.069999999999992957e+00,-9.071233973547212504e-01,-1.837857245205354317e-02,6.216344351875767726e-01
1.070999999999992847e+00,-9.070863901588770428e-01,-1.838126692205338530e-02,6.228642899781005049e-01
1.071999999999992736e+00,-9.070494084273559299e-01,-1.838227544396636715e-02,6.240836866781143133e-01
1.072999999999992626e+00,-9.070124456455336270e-01,-1.838159651734266875e-02,6.252925819589136847e-01
1.073999999999992516e+00,-9.069754953596211866e-01,-1.837922875593234195e-02,6.264909331272788817e-01
1.074999999999992406e+00,-9.069385511694438851e-01,-1.837517088913731556e-02,6.276786980933208859e-01
1.075999999999992296e+00,-9.069016067218470534e-01,-1.836942176341510580e-02,6.288558353414274160e-01
1.076999999999992186e+00,-9.068646557047563839e-01,-1.836198034363811793e-02,6.300223039043837403e-01
1.077999999999992076e+00,-9.068276918418898269e-01,-1.835284571441059276e-02,6.311780633405831287e-01
1.078999999999991966e+00,-9.067907088880911015e-01,-1.834201708134469699e-02,6.323230737141390945e-01
1.079999999999991855e+00,-9.067537006252425202e-01,-1.832949377229542431e-02,6.334572955776578418e-01
1.080999999999991745e+00,-9.067166608587062804e-01,-1.831527523855475126e-02,6.345806899574086835e-01
1.081999999999991635e+00,-9.066795834142370447e-01,-1.829936105600343810e-02,6.356932183406270864e-01
1.082999999999991525e+00,-9.066424621353073032e-01,-1.828175092621836528e-02,6.367948426647007665e-01
1.083999999999991415e+00,-9.066052908807901156e-01,-1.826244467753224132e-02,6.378855253080094601e-01
1.084999999999991305e+00,-9.065680635229405038e-01,-1.824144226604068608e-02,6.389652290822147584e-01
1.085999999999991195e+00,-9.065307739456240910e-01,-1.821874377654986166e-02,6.400339172258251441e-01
1.086999999999991084e+00,-9.064934160427404741e-01,-1.819434942345660167e-02,6.410915533988874593e-01
1.087999999999990974e+00,-9.064559837167941447e-01,-1.816825955154866001e-02,6.421381016786869012e-01
1.088999999999990864e+00,-9.064184708775671062e-01,-1.814047463671308869e-02,6.431735265563606196e-01
1.089999999999990754e+00,-9.063808714408514433e-01,-1.811099528653448143e-02,6.441977929343561948e-01
1.090999999999990644e+00,-9.063431793272007653e-01,-1.807982224076398747e-02,6.452108661246906962e-01
1.091999999999990534e+00,-9.063053884606653288e-01,-1.804695637163633570e-02,6.462127118479852328e-01
1.092999999999990424e+00,-9.062674927674725378e-01,-1.801239868400700272e-02,6.472032962332734396e-01
1.093999999999990314e+00,-9.062294861746224006e-01,-1.797615031527993734e-02,6.481825858185978895e-01
1.094999999999990203e+00,-9.061913626083636375e-01,-1.793821253509136904e-02,6.491505475524298463e-01
1.095999999999990093e+00,-9.061531159925227952e-01,-1.789858674471139777e-02,6.501071487959614315e-01
1.096999999999989983e+00,-9.061147402466538381e-01,-1.785727447612273089e-02,6.510523573263348185e-01
1.097999999999989873e+00,-9.060762292839833476e-01,-1.781427739073077054e-02,6.519861413408881701e-01
1.098999999999989763e+00,-9.060375770913983162e-01,-1.776959778196796069e-02,6.529084687823619726e-01
1.099999999999989653e+00,-9.059987776943341231e-01,-1.772323851102430847e-02,6.538193064187700632e-01
1.100999999999989543e+00,-9.059598251441363104e-01,-1.767520300949620982e-02,6.547186214755407185e-01
1.101999999999989432e+00,-9.059207133772849696e-01,-1.762549447664579771e-02,6.556063819971498230e-01
1.102999999999989322e+00,-9.058814362536175002e-01,-1.757411604745345857e-02,6.564825568277251611e-01
1.103999999999989212e+00,-9.058419875628871409e-01,-1.752107080256065652e-02,6.573471155937792298e-01
1.104999999999989102e+00,-9.058023610302436968e-01,-1.746636177742638685e-02,6.582000286892026875e-01
1.105999999999988992e+00,-9.057625503207377138e-01,-1.740999197064829751e-02,6.590412672625965973e-01
1.106999999999988882e+00,-9.057225490430402814e-01,-1.735196435144342741e-02,6.598708032069108276e-01
1.107999999999988772e+00,-9.056823507527123063e-01,-1.729228186637343789e-02,6.606886091511537940e-01
1.108999999999988662e+00,-9.056419489555475044e-01,-1.723094744554409807e-02,6.614946584536105512e-01
1.109999999999988551e+00,-9.056013371117701549e-01,-1.716796400874653905e-02,6.622889251954975354e-01
1.110999999999988441e+00,-9.055605086421906202e-01,-1.710333447235917737e-02,6.630713841732385205e-01
1.111999999999988331e+00,-9.055194569378145486e-01,-1.703706175834596159e-02,6.638420108864896418e-01
1.112999999999988221e+00,-9.054781753748283313e-01,-1.696914880740019171e-02,6.646007815176132594e-01
1.113999999999988111e+00,-9.054366573371734894e-01,-1.689959859918094276e-02,6.653476728965599385e-01
1.114999999999988001e+00,-9.053948962484353880e-01,-1.682841418330138783e-02,6.660826624438801469e-01
1.115999999999987891e+00,-9.053528856118804313e-01,-1.675559872386672700e-02,6.668057280868664449e-01
1.116999999999987780e+00,-9.053106190503941164e-01,-1.668115555532612149e-02,6.675168481554509814e-01
1.117999999999987670e+00,-9.052680903301970616e-01,-1.660508823833084513e-02,6.682160012855500320e-01
1.118999999999987560e+00,-9.052252933543161184e-01,-1.652740059958951457e-02,6.689031663669782191e-01
1.119999999999987450e+00,-9.051822221268654989e-01,-1.644809674727698567e-02,6.695783225495391955e-01
1.120999999999987340e+00,-9.051388707035278314e-01,-1.636718106715318033e-02,6.702414492878939756e-01
1.121999999999987230e+00,-9.050952331443633536e-01,-1.628465821136437786e-02,6.708925263980551890e-01
1.122999999999987120e+00,-9.050513034758003172e-01,-1.620053308866337138e-02,6.715315341100162039e-01
1.123999999999987010e+00,-9.050070756612432765e-01,-1.611481085910876354e-02,6.721584531122840600e-01
1.124999999999986899e+00,-9.049625435775705551e-01,-1.602749693331273484e-02,6.727732645892278152e-01
1.125999999999986789e+00,-9.049177009950705175e-01,-1.593859697546662346e-02,6.733759502535598962e-01
1.126999999999986679e+00,-9.048725415590602728e-01,-1.584811690931342554e-02,6.739664923762909154e-01
1.127999999999986569e+00,-9.048270587720026459e-01,-1.575606292635722827e-02,6.745448738161591296e-01
1.128999999999986459e+00,-9.047812459753398207e-01,-1.566244149574747002e-02,6.751110780501726749e-01
1.129999999999986349e+00,-9.047350963305424987e-01,-1.556725937539998883e-02,6.756650892065892977e-01
1.130999999999986239e+00,-9.046886027990674872e-01,-1.547052362401962755e-02,6.762068921014048328e-01
1.131999999999986128e+00,-9.046417581210541847e-01,-1.537224161376465892e-02,6.767364722792119647e-01
1.132999999999986018e+00,-9.045945547927000119e-01,-1.527242104334852746e-02,6.772538160591019540e-01
1.133999999999985908e+00,-9.045469850423339953e-01,-1.517106995141181969e-02,6.777589105860964969e-01
1.134999999999985798e+00,-9.044990411837031674e-01,-1.506819596490160951e-02,6.782517448757511280e-01
1.135999999999985688e+00,-9.044507155518433095e-01,-1.496380646227551958e-02,6.787323106917730886e-01
1.136999999999985578e+00,-9.044020005947119856e-01,-1.485790840182615868e-02,6.792006013576935564e-01
1.137999999999985468e+00,-9.043528885204279444e-01,-1.475050905160402159e-02,6.796566116483894193e-01
1.138999999999985357e+00,-9.043033713548682684e-01,-1.464161584549955597e-02,6.801003378812926492e-01
1.139999999999985247e+00,-9.042534409318956357e-01,-1.453123638614373103e-02,6.805317780079404022e-01
1.140999999999985137e+00,-9.042030888845739023e-01,-1.441937844732660290e-02,6.809509317017525820e-01
1.141999999999985027e+00,-9.041523066378546192e-01,-1.430604997580636750e-02,6.813578004356973805e-01
1.142999999999984917e+00,-9.041010854031906741e-01,-1.419125909244439709e-02,6.817523875401473310e-01
1.143999999999984807e+00,-9.040494161753558355e-01,-1.407501409276451509e-02,6.821346982260019232e-01
1.144999999999984697e+00,-9.039972897313685030e-01,-1.395732344779126999e-02,6.825047395487614521e-01
1.145999999999984587e+00,-9.039446966307891351e-01,-1.383819580895306878e-02,6.828625202660496551e-01
1.146999999999984476e+00,-9.038916272136063856e-01,-1.371764001545450196e-02,6.832080505368985923e-01
1.147999999999984366e+00,-9.038380715885777628e-01,-1.359566510924364868e-02,6.835413413690875073e-01
1.148999999999984256e+00,-9.037840195968850354e-01,-1.347228036623410174e-02,6.838624036165077413e-01
1.149999999999984146e+00,-9.037294607219978904e-01,-1.334749536564905359e-02,6.841712461898555864e-01
1.150999999999984036e+00,-9.036743838932730366e-01,-1.322132013031634967e-02,6.844678729101899561e-01
1.151999999999983926e+00,-9.036187771187700335e-01,-1.309376537827783293e-02,6.847522772424849968e-01
1.152999999999983816e+00,-9.035626269917684805e-01,-1.296484285765386879e-02,6.850244348401711703e-01
1.153999999999983705e+00,-9.035059185759046763e-01,-1.283456545266575821e-02,6.852842975191282271e-01
1.154999999999983595e+00,-9.034486365985641143e-01,-1.270294648882785982e-02,6.855317974690122718e-01
1.155999999999983485e+00,-9.033907677856800600e-01,-1.256999833071448247e-02,6.857668638904745873e-01
1.156999999999983375e+00,-9.033323026771103992e-01,-1.243573126912772553e-02,6.859894380423192661e-01
1.157999999999983265e+00,-9.032732357435685477e-01,-1.230015341303902776e-02,6.861994766566062998e-01
1.158999999999983155e+00,-9.032135642917505924e-01,-1.216327130711608584e-02,6.863969483967580221e-01
1.159999999999983045e+00,-9.031532873181030707e-01,-1.202509058581680002e-02,6.865818296078928240e-01
1.160999999999982935e+00,-9.030924047361831297e-01,-1.188561641110597034e-02,6.867541013431499586e-01
1.161999999999982824e+00,-9.030309169082214593e-01,-1.174485373476907846e-02,6.869137475807168824e-01
1.162999999999982714e+00,-9.029688243622424615e-01,-1.160280745523339929e-02,6.870607542064333106e-01
1.163999999999982604e+00,-9.029061276190115670e-01,-1.145948251342210344e-02,6.871951084413331357e-01
1.164999999999982494e+00,-9.028428272028333756e-01,-1.131488478662695529e-02,6.873167979268197669e-01
1.165999999999982384e+00,-9.027789235275636148e-01,-1.116902094813948532e-02,6.874258099262854360e-01
1.166999999999982274e+00,-9.027144168458249851e-01,-1.102189847519857713e-02,6.875221325134318606e-01
1.167999999999982164e+00,-9.026493070581615985e-01,-1.087352447738765271e-02,6.876057547676517334e-01
1.168999999999982053e+00,-9.025835937580770629e-01,-1.072390595315508843e-02,6.876766667224470941e-01
1.169999999999981943e+00,-9.025172762479117816e-01,-1.057304980642531644e-02,6.877348593265431020e-01
1.170999999999981833e+00,-9.024503535615139294e-01,-1.042096286123678217e-02,6.877803244102421720e-01
1.171999999999981723e+00,-9.023828244922131869e-01,-1.026765187590639172e-02,6.878130546523681943e-01
1.172999999999981613e+00,-9.023146876250478510e-01,-1.011312355810095598e-02,6.878330435448147817e-01
1.173999999999981503e+00,-9.022459413723512567e-01,-9.957384582169825915e-03,6.878402853527909588e-01
1.174999999999981393e+00,-9.021765840117713653e-01,-9.800441609237375840e-03,6.878347750738588173e-01
1.175999999999981283e+00,-9.021066137259570183e-01,-9.642301305805955902e-03,6.878165084418456088e-01
1.176999999999981172e+00,-9.020360286406270411e-01,-9.482970369456444892e-03,6.877854819349655813e-01
1.177999999999981062e+00,-9.019648268582036721e-01,-9.322455560715592338e-03,6.877416927261127411e-01
1.178999999999980952e+00,-9.018930064832726412e-01,-9.160763743540967230e-03,6.876851386296773949e-01
1.179999999999980842e+00,-9.018205656382237700e-01,-8.997901925384022004e-03,6.876158180565222766e-01
1.180999999999980732e+00,-9.017475024680063900e-01,-8.833877294911640643e-03,6.875337299804796798e-01
1.181999999999980622e+00,-9.016738151350653929e-01,-8.668697254903046101e-03,6.874388739172899720e-01
1.182999999999980512e+00,-9.015995018070014355e-01,-8.502369449112034960e-03,6.873312499144408338e-01
1.183999999999980401e+00,-9.015245606399781009e-01,-8.334901783233872319e-03,6.872108585489022925e-01
1.184999999999980291e+00,-9.014489897604497370e-01,-8.166302441026840331e-03,6.870777009295231386e-01
1.185999999999980181e+00,-9.013727872469253777e-01,-7.996579896961397704e-03,6.869317787014468379e-01
1.186999999999980071e+00,-9.012959511126431567e-01,-7.825742926672374367e-03,6.867730940507713600e-01
1.187999999999979961e+00,-9.012184792894357699e-01,-7.653800616199690765e-03,6.866016497084509451e-01
1.188999999999979851e+00,-9.011403696127239238e-01,-7.480762370693283536e-03,6.864174489529989431e-01
1.189999999999979741e+00,-9.010616198074222760e-01,-7.306637922992742507e-03,6.862204956118947985e-01
1.190999999999979631e+00,-9.009822274744944126e-01,-7.131437342303981186e-03,6.860107940617906630e-01
1.191999999999979520e+00,-9.009021900909892633e-01,-6.955170968653279218e-03,6.857883492526976044e-01
1.192999999999979410e+00,-9.008215052741954665e-01,-6.777847954605620284e-03,6.855531676230280924e-01
1.193999999999979300e+00,-9.007401707047293371e-01,-6.599476828688388697e-03,6.853052571473516874e-01
1.194999999999979190e+00,-9.006581841432423907e-01,-6.420065518326134590e-03,6.850446265299638959e-01
1.195999999999979080e+00,-9.005755432934461346e-01,-6.239622149021850639e-03,6.847712851988221328e-01
1.196999999999978970e+00,-9.004922458377350170e-01,-6.058154845510310693e-03,6.844852433001235026e-01
1.197999999999978860e+00,-9.004082894393529157e-01,-5.875671732051390705e-03,6.841865116933847357e-01
1.198999999999978749e+00,-9.003236717446221338e-01,-5.692180932175217034e-03,6.838751019469131442e-01
1.199999999999978639e+00,-9.002383903851878255e-01,-5.507690568037737489e-03,6.835510263335828895e-01
1.200999999999978529e+00,-9.001524429802371108e-01,-5.322208759506175113e-03,6.832142978268570532e-01
1.201999999999978419e+00,-9.000658271386638987e-01,-5.135743623061628238e-03,6.828649300970086600e-01
1.202999999999978309e+00,-8.999785404611556627e-01,-4.948303270585541203e-03,6.825029375075075677e-01
1.203999999999978199e+00,-8.998905805421844040e-01,-4.759895808076841650e-03,6.821283351115466909e-01
1.204999999999978089e+00,-8.998019449718913654e-01,-4.570529334335882155e-03,6.817411386486876834e-01
1.205999999999977979e+00,-8.997126313378555063e-01,-4.380211939640277219e-03,6.813413645416100950e-01
1.206999999999977868e+00,-8.996226372267419613e-01,-4.188951704430232681e-03,6.809290298929513430e-01
1.207999999999977758e+00,-8.995319602258282643e-01,-3.996756698017300824e-03,6.805041524822260657e-01
1.208999999999977648e+00,-8.994405979244068927e-01,-3.803634977323777644e-03,6.800667507628154196e-01
1.209999999999977538e+00,-8.993485479150672424e-01,-3.609594585659847699e-03,6.796168438590183269e-01
1.210999999999977428e+00,-8.992558077948579198e-01,-3.414643551541307609e-03,6.791544515631562362e-01
1.211999999999977318e+00,-8.991623751663342379e-01,-3.218789887550477236e-03,6.786795943327252889e-01
1.212999999999977208e+00,-8.990682476384952437e-01,-3.022041589240742621e-03,6.781922932875883436e-01
1.213999999999977097e+00,-8.989734228276146100e-01,-2.824406634086173984e-03,6.776925702072006397e-01
1.214999999999976987e+00,-8.988778983579717163e-01,-2.625892980474553440e-03,6.771804475278641045e-01
1.215999999999976877e+00,-8.987816718624892509e-01,-2.426508566745255724e-03,6.766559483400023112e-01
1.216999999999976767e+00,-8.986847409832822153e-01,-2.226261310269872506e-03,6.761190963854527558e-01
1.217999999999976657e+00,-8.985871033721269940e-01,-2.025159106577023582e-03,6.755699160547689042e-01
1.218999999999976547e+00,-8.984887566908553724e-01,-1.823209828519689601e-03,6.750084323845280121e-01
1.219999999999976437e+00,-8.983896986116824968e-01,-1.620421325486953723e-03,6.744346710546377244e-01
1.220999999999976326e+00,-8.982899268174755480e-01,-1.416801422659264009e-03,6.738486583856377887e-01
1.221999999999976216e+00,-8.981894390019953267e-01,-1.212357920645112941e-03,6.732504213351959699e-01
1.222999999999976106e+00,-8.980882328703539974e-01,-1.007098598708511261e-03,6.726399874829172010e-01
1.223999999999975996e+00,-8.979863061393544843e-01,-8.010312171007338833e-04,6.720173850122543868e-01
1.224999999999975886e+00,-8.978836565377289469e-01,-5.941635186402227653e-04,6.713826427059871316e-01
1.225999999999975776e+00,-8.977802818061477730e-01,-3.865032275336965917e-04,6.707357899435909543e-01
1.226999999999975666e+00,-8.976761796972649865e-01,-1.780580488311978016e-04,6.700768566985583208e-01
1.227999999999975556e+00,-8.975713479757662094e-01,3.116433204269908330e-05,6.694058735356674950e-01
1.228999999999975445e+00,-8.974657844184308342e-01,2.411562496813512979e-04,6.687228716081948798e-01
1.229999999999975335e+00,-8.973594868142202863e-01,4.519100590021918329e-04,6.680278826550662963e-01
1.230999999999975225e+00,-8.972524529644044788e-01,6.634181354543966513e-04,6.673209389979436468e-01
1.231999999999975115e+00,-8.971446806827415577e-01,8.756728751150855139e-04,6.666020735382434115e-01
1.232999999999975005e+00,-8.970361677957230384e-01,1.088666694656958978e-03,6.658713197540824247e-01
1.233999999999974895e+00,-8.969269121429025438e-01,1.302392031169552489e-03,6.651287116971495994e-01
1.234999999999974785e+00,-8.968169115773221289e-01,1.516841341810404309e-03,6.643742839895003804e-01
1.235999999999974674e+00,-8.967061639660546257e-01,1.732007103263488723e-03,6.636080718202729267e-01
1.236999999999974564e+00,-8.965946671908799903e-01,1.947881810972829086e-03,6.628301109423263560e-01
1.237999999999974454e+00,-8.964824191491151950e-01,2.164457978120482018e-03,6.620404376688012738e-01
1.238999999999974344e+00,-8.963694177546173147e-01,2.381728134309923917e-03,6.612390888696078051e-01
1.239999999999974234e+00,-8.962556609389804585e-01,2.599684823911874165e-03,6.604261019678441258e-01
1.240999999999974124e+00,-8.961411466529489722e-01,2.818320604026702814e-03,6.596015149361550423e-01
1.241999999999974014e+00,-8.960258728680668971e-01,3.037628042008300167e-03,6.587653662930412768e-01
1.242999999999973904e+00,-8.959098375785865542e-01,3.257599712494008148e-03,6.579176950991331152e-01
1.243999999999973793e+00,-8.957930388036562386e-01,3.478228193877774821e-03,6.570585409534474008e-01
1.244999999999973683e+00,-8.956754745898057868e-01,3.699506064162916275e-03,6.561879439896494137e-01
1.245999999999973573e+00,-8.955571430137476696e-01,3.921425896129648869e-03,6.553059448723450586e-01
1.246999999999973463e+00,-8.954380421855043792e-01,4.143980251756274047e-03,6.544125847934342266e-01
1.247999999999973353e+00,-8.953181702518697715e-01,4.367161675842112789e-03,6.535079054685558608e-01
1.248999999999973243e+00,-8.951975254002018101e-01,4.590962688796884628e-03,6.525919491336583667e-01
1.249999999999973133e+00,-8.950761058625329447e-01,4.815375778588426581e-03,6.516647585417263411e-01
1.250999999999973022e+00,-8.949539099199708136e-01,5.040393391884889773e-03,6.507263769596884906e-01
1.251999999999972912e+00,-8.948309359073404190e-01,5.266007924485283098e-03,6.497768481655187278e-01
1.252999999999972802e+00,-8.947071822179999412e-01,5.492211711217220849e-03,6.488162164455232306e-01
1.253999999999972692e+00,-8.945826473087301611e-01,5.718997015584315058e-03,6.478445265917762708e-01
1.254999999999972582e+00,-8.944573297045730342e-01,5.946356019576104490e-03,6.468618238996269865e-01
1.255999999999972472e+00,-8.943312280034632078e-01,6.174280814198351841e-03,6.458681541651484226e-01
1.256999999999972362e+00,-8.942043408804698501e-01,6.402763391429810991e-03,6.448635636823429884e-01
1.257999999999972252e+00,-8.940766671045879965e-01,6.631795569924714417e-03,6.438480992558112126e-01
1.258999999999972141e+00,-8.939482055835024088e-01,6.861368754301100381e-03,6.428218083143814043e-01
1.259999999999972031e+00,-8.938189553139117560e-01,7.091474198261504824e-03,6.417847388073817383e-01
1.260999999999971921e+00,-8.936889153428363430e-01,7.322103223143805462e-03,6.407369390754666938e-01
1.261999999999971811e+00,-8.935580847545996352e-01,7.553247329921020103e-03,6.396784578478700301e-01
1.262999999999971701e+00,-8.934264626920631613e-01,7.784898120057448523e-03,6.386093442430791356e-01
1.263999999999971591e+00,-8.932940483665146036e-01,8.017047263944587776e-03,6.375296477731211553e-01
1.264999999999971481e+00,-8.931608410655051955e-01,8.249686468715822230e-03,6.364394183515293957e-01
1.265999999999971370e+00,-8.930268401584563476e-01,8.482807445913842503e-03,6.353387063049122929e-01
1.266999999999971260e+00,-8.928920450999349168e-01,8.716401879531487928e-03,6.342275623878934621e-01
1.267999999999971150e+00,-8.927564554305952305e-01,8.950461394947428762e-03,6.331060378010548995e-01
1.268999999999971040e+00,-8.926200707758802366e-01,9.184977529232918325e-03,6.319741842114101615e-01
1.269999999999970930e+00,-8.924828908426540863e-01,9.419941703224798957e-03,6.308320537748715040e-01
1.270999999999970820e+00,-8.923449154035666409e-01,9.655345331191611535e-03,6.296796991158274404e-01
1.271999999999970710e+00,-8.922061442758312255e-01,9.891180063581528348e-03,6.285171731334187051e-01
1.272999999999970600e+00,-8.920665773152363087e-01,1.012743785645109362e-02,6.273445290441757027e-01
1.273999999999970489e+00,-8.919262144312801732e-01,1.036411080127985773e-02,6.261618204438439417e-01
1.274999999999970379e+00,-8.917850555871685847e-01,1.060119110381729790e-02,6.249691013109471838e-01
1.275999999999970269e+00,-8.916431007980767376e-01,1.083867109050562494e-02,6.237664260116794201e-01
1.276999999999970159e+00,-8.915003501304346045e-01,1.107654320286921568e-02,6.225538493057608536e-01
1.277999999999970049e+00,-8.913568037013311907e-01,1.131479999093576438e-02,6.213314263529332582e-01
1.278999999999969939e+00,-8.912124616780155995e-01,1.155343410618453470e-02,6.200992127198223791e-01
1.279999999999969829e+00,-8.910673242774762581e-01,1.179243829439979852e-02,6.188572643869509893e-01
1.280999999999969718e+00,-8.909213917660954163e-01,1.203180538870368688e-02,6.176056377557362920e-01
1.281999999999969608e+00,-8.907746644593717011e-01,1.227152830295674679e-02,6.163443896553543189e-01
1.282999999999969498e+00,-8.906271427217141712e-01,1.251160002564299933e-02,6.150735773493883896e-01
1.283999999999969388e+00,-8.904788269663060918e-01,1.275201361430355895e-02,6.137932585422095633e-01
1.284999999999969278e+00,-8.903297176550402092e-01,1.299276219054529280e-02,6.125034913850604390e-01
1.285999999999969168e+00,-8.901798152985268553e-01,1.323383893562052327e-02,6.112043344818267609e-01
1.286999999999969058e+00,-8.900291204561717739e-01,1.347523708655878893e-02,6.098958468944959410e-01
1.287999999999968948e+00,-8.898776337363241140e-01,1.371694993281730168e-02,6.085780881483049409e-01
1.288999999999968837e+00,-8.897253557964905912e-01,1.395897081341146428e-02,6.072511182365871729e-01
1.289999999999968727e+00,-8.895722873436123779e-01,1.420129311448303788e-02,6.059149976253266345e-01
1.290999999999968617e+00,-8.894184291344000570e-01,1.444391026726310479e-02,6.045697872574300469e-01
1.291999999999968507e+00,-8.892637819757207573e-01,1.468681574638680543e-02,6.032155485567249897e-01
1.292999999999968397e+00,-8.891083467250314731e-01,1.493000306851954839e-02,6.018523434316906950e-01
1.293999999999968287e+00,-8.889521242908526855e-01,1.517346579125566919e-02,6.004802342789252734e-01
1.294999999999968177e+00,-8.887951156332736247e-01,1.541719751225351098e-02,5.990992839863504837e-01
1.295999999999968066e+00,-8.886373217644837341e-01,1.566119186857356516e-02,5.977095559361530475e-01
1.296999999999967956e+00,-8.884787437493212314e-01,1.590544253618764170e-02,5.963111140074561778e-01
1.297999999999967846e+00,-8.883193827058319947e-01,1.614994322963092532e-02,5.949040225787156633e-01
1.298999999999967736e+00,-8.881592398058308913e-01,1.639468770176932821e-02,5.934883465298281813e-01
1.299999999999967626e+00,-8.879983162754570003e-01,1.663966974365826967e-02,5.920641512439406284e-01
1.300999999999967516e+00,-8.878366133957159567e-01,1.688488318446862424e-02,5.906315026089442588e-01
1.301999999999967406e+00,-8.876741325013005612e-01,1.713032186577290172e-02,5.891904669537683104e-01
1.302999999999967295e+00,-8.875108749769210492e-01,1.737597958035225210e-02,5.877411107921858280e-01
1.303999999999967185e+00,-8.873468422546338941e-01,1.762185003009281159e-02,5.862835007021135469e-01
1.304999999999967075e+00,-8.871820358134427931e-01,1.786792682124416221e-02,5.848177033296364513e-01
1.305999999999966965e+00,-8.870164571796302910e-01,1.811420347099351735e-02,5.833437853942622375e-01
1.306999999999966855e+00,-8.868501079267674392e-01,1.836067340977154405e-02,5.818618136938388252e-01
1.307999999999966745e+00,-8.866829896756859286e-01,1.860732998360442592e-02,5.803718551091359146e-01
1.308999999999966635e+00,-8.865151040944099226e-01,1.885416645650139778e-02,5.788739766080919225e-01
1.309999999999966525e+00,-8.863464528980470325e-01,1.910117601286603906e-02,5.773682452497257422e-01
1.310999999999966414e+00,-8.861770378486377719e-01,1.934835175992111189e-02,5.758547281877132162e-01
1.311999999999966304e+00,-8.860068607549619335e-01,1.959568673013745155e-02,5.743334926736279877e-01
1.312999999999966194e+00,-8.858359234723012232e-01,1.984317388365625101e-02,5.728046060598454003e-01
1.313999999999966084e+00,-8.856642279021589292e-01,2.009080611069719025e-02,5.712681358021088895e-01
1.314999999999965974e+00,-8.854917759919346265e-01,2.033857623394308423e-02,5.697241494617575341e-01
1.315999999999965864e+00,-8.853185697345541394e-01,2.058647701089244553e-02,5.681727147076151008e-01
1.316999999999965754e+00,-8.851446111680564277e-01,2.083450113617330013e-02,5.666138993175396932e-01
1.317999999999965643e+00,-8.849699023751360638e-01,2.108264124381020732e-02,5.650477711796350055e-01
1.318999999999965533e+00,-8.847944454826416338e-01,2.133088990943765584e-02,5.634743982931231798e-01
1.319999999999965423e+00,-8.846182426610335048e-01,2.157923965245367448e-02,5.618938487688832639e-01
1.320999999999965313e+00,-8.844412961237979598e-01,2.182768293810699589e-02,5.603061908296557148e-01
1.321999999999965203e+00,-8.842636081268226977e-01,2.207621217951322157e-02,5.587114928099188305e-01
1.322999999999965093e+00,-8.840851809677332529e-01,2.232481973959338228e-02,5.571098231554414415e-01
1.323999999999964983e+00,-8.839060169851922222e-01,2.257349793293189633e-02,5.555012504225188552e-01
1.324999999999964873e+00,-8.837261185581645195e-01,2.282223902754831890e-02,5.538858432768992701e-01
1.325999999999964762e+00,-8.835454881051497678e-01,2.307103524657982963e-02,5.522636704924109852e-01
1.326999999999964652e+00,-8.833641280833850473e-01,2.331987876987118291e-02,5.506348009493009510e-01
1.327999999999964542e+00,-8.831820409880213330e-01,2.356876173546929021e-02,5.489993036322977638e-01
1.328999999999964432e+00,-8.829992293512757273e-01,2.381767624102004710e-02,5.473572476284124244e-01
1.329999999999964322e+00,-8.828156957415645989e-01,2.406661434506601749e-02,5.457087021244942937e-01
1.330999999999964212e+00,-8.826314427626198444e-01,2.431556806824269890e-02,5.440537364045585633e-01
1.331999999999964102e+00,-8.824464730525927170e-01,2.456452939437409055e-02,5.423924198469054492e-01
1.332999999999963991e+00,-8.822607892831504373e-01,2.481349027146523278e-02,5.407248219210514240e-01
1.333999999999963881e+00,-8.820743941585690306e-01,2.506244261259271688e-02,5.390510121844952485e-01
1.334999999999963771e+00,-8.818872904148268299e-01,2.531137829669360961e-02,5.373710602793423385e-01
1.335999999999963661e+00,-8.816994808187053057e-01,2.556028916925223715e-02,5.356850359288127805e-01
1.336999999999963551e+00,-8.815109681668996666e-01,2.580916704288727104e-02,5.339930089336593078e-01
1.337999999999963441e+00,-8.813217552851473346e-01,2.605800369783856096e-02,5.322950491685228824e-01
1.338999999999963331e+00,-8.811318450273765146e-01,2.630679088235648999e-02,5.305912265782537496e-01
1.339999999999963221e+00,-8.809412402748827420e-01,2.655552031299429627e-02,5.288816111742277171e-01
1.340999999999963110e+00,-8.807499439355372939e-01,2.680418367480547071e-02,5.271662730306868605e-01
1.341999999999963000e+00,-8.805579589430333476e-01,2.705277262144761830e-02,5.254452822811348511e-01
1.342999999999962890e+00,-8.803652882561749937e-01,2.730127877519472612e-02,5.237187091148172158e-01
1.343999999999962780e+00,-8.801719348582141000e-01,2.754969372685905915e-02,5.219866237733167269e-01
1.344999999999962670e+00,-8.799779017562402439e-01,2.779800903562507086e-02,5.202490965472943429e-01
1.345999999999962560e+00,-8.797831919806284873e-01,2.804621622879616138e-02,5.185061977734044536e-01
1.346999999999962450e+00,-8.795878085845489913e-01,2.829430680145650356e-02,5.167579978314144062e-01
1.347999999999962339e+00,-8.793917546435439103e-01,2.854227221604899167e-02,5.150045671415554027e-01
1.348999999999962229e+00,-8.791950332551727865e-01,2.879010390187125568e-02,5.132459761621326333e-01
1.349999999999962119e+00,-8.789976475387328847e-01,2.903779325449101778e-02,5.114822953874185174e-01
1.350999999999962009e+00,-8.787996006350545786e-01,2.928533163508251214e-02,5.097135953458546975e-01
1.351999999999961899e+00,-8.786008957063872193e-01,2.953271036971766295e-02,5.079399465986961237e-01
1.352999999999961789e+00,-8.784015359366101894e-01,2.977992074924479260e-02,5.061614197422992234e-01
1.353999999999961679e+00,-8.782015245314780394e-01,3.002695402897420651e-02,5.043780854128497859e-01
1.354999999999961569e+00,-8.780008647189238014e-01,3.027380142823132836e-02,5.025900142867733011e-01
1.355999999999961458e+00,-8.777995597491851099e-01,3.052045412916309930e-02,5.007972770804789420e-01
1.356999999999961348e+00,-8.775976128950451205e-01,3.076690327558856408e-02,4.989999445504977871e-01
1.357999999999961238e+00,-8.773950274521483683e-01,3.101313997180416004e-02,4.971980874940153394e-01
1.358999999999961128e+00,-8.771918067393827956e-01,3.125915528134276533e-02,4.953917767497948987e-01
1.359999999999961018e+00,-8.769879540993220646e-01,3.150494022569400032e-02,4.935810831994789649e-01
1.360999999999960908e+00,-8.767834728987189408e-01,3.175048578299904944e-02,4.917660777692504093e-01
1.361999999999960798e+00,-8.765783665290404203e-01,3.199578288673121662e-02,4.899468314318265461e-01
1.362999999999960687e+00,-8.763726384070323894e-01,3.224082242438036650e-02,4.881234152087502998e-01
1.363999999999960577e+00,-8.761662919753013812e-01,3.248559523615868194e-02,4.862959001729322828e-01
1.364999999999960467e+00,-8.759593307028956666e-01,3.273009211375021987e-02,4.844643574513882722e-01
1.365999999999960357e+00,-8.757517580858706907e-01,3.297430379912974496e-02,4.826288582281041961e-01
1.366999999999960247e+00,-8.755435776478189824e-01,3.321822098347876340e-02,4.807894737469499136e-01
1.367999999999960137e+00,-8.753347929403431094e-01,3.346183430623123067e-02,4.789462753145518059e-01
1.368999999999960027e+00,-8.751254075434512503e-01,3.370513435428246218e-02,4.770993343030219824e-01
1.369999999999959917e+00,-8.749154250658525145e-01,3.394811166139999337e-02,4.752487221524329675e-01
1.370999999999959806e+00,-8.747048491451283603e-01,3.419075670787408150e-02,4.733945103729167991e-01
1.371999999999959696e+00,-8.744936834477584631e-01,3.443305992044826125e-02,4.715367705462621406e-01
1.372999999999959586e+00,-8.742819316689786069e-01,3.467501167257008854e-02,4.696755743268786198e-01
1.373999999999959476e+00,-8.740695975324520584e-01,3.491660228499943175e-02,4.678109934419990568e-01
1.374999999999959366e+00,-8.738566847897362155e-01,3.515782202680878266e-02,4.659430996909944556e-01
1.375999999999959256e+00,-8.736431972195326523e-01,3.539866111680539662e-02,4.640719649436876315e-01
1.376999999999959146e+00,-8.734291386267106772e-01,3.563910972539646727e-02,4.621976611375678279e-01
1.377999999999959035e+00,-8.732145128411021862e-01,3.587915797691071385e-02,4.603202602738299398e-01
1.378999999999958925e+00,-8.729993237160695863e-01,3.611879595237782459e-02,4.584398344121903834e-01
1.379999999999958815e+00,-8.727835751268563369e-01,3.635801369275631911e-02,4.565564556644645666e-01
1.380999999999958705e+00,-8.725672709687365414e-01,3.659680120258512748e-02,4.546701961869279995e-01
1.381999999999958595e+00,-8.723504151549831276e-01,3.683514845402252602e-02,4.527811281715217184e-01
1.382999999999958485e+00,-8.721330116146849276e-01,3.707304539122197040e-02,4.508893238360044964e-01
1.383999999999958375e+00,-8.719150642904439641e-01,3.731048193498259780e-02,4.489948554131913405e-01
1.384999999999958264e+00,-8.716965771359880266e-01,3.754744798760178970e-02,4.470977951394540240e-01
1.385999999999958154e+00,-8.714775541137405046e-01,3.778393343784941516e-02,4.451982152426882111e-01
1.386999999999958044e+00,-8.712579991923821154e-01,3.801992816598015468e-02,4.432961879299743835e-01
1.387999999999957934e+00,-8.710379163444474937e-01,3.825542204869658569e-02,4.413917853751721521e-01
1.388999999999957824e+00,-8.708173095439899480e-01,3.849040496398081768e-02,4.394850797066919834e-01
1.389999999999957714e+00,-8.705961827643481366e-01,3.872486679571518486e-02,4.375761429956825932e-01
1.390999999999957604e+00,-8.703745399760434154e-01,3.895879743802377337e-02,4.356650472448574396e-01
1.391999999999957494e+00,-8.701523851448282887e-01,3.919218679927471971e-02,4.337518643781617111e-01
1.392999999999957383e+00,-8.699297222299060550e-01,3.942502480569715084e-02,4.318366662314521154e-01
1.393999999999957273e+00,-8.697065551823306429e-01,3.965730140457973674e-02,4.299195245443298008e-01
1.394999999999957163e+00,-8.694828879435915203e-01,3.988900656703103786e-02,4.280005109532307173e-01
1.395999999999957053e+00,-8.692587244443873429e-01,4.012013029029526390e-02,4.260796969858430261e-01
1.396999999999956943e+00,-8.690340686035802342e-01,4.035066259962888369e-02,4.241571540568855880e-01
1.397999999999956833e+00,-8.688089243273260376e-01,4.058059354975407373e-02,4.222329534652511929e-01
1.398999999999956723e+00,-8.685832955083678808e-01,4.080991322591409620e-02,4.203071663924883294e-01
1.399999999999956612e+00,-8.683571860254815089e-01,4.103861174456241434e-02,4.183798639025734234e-01
1.400999999999956502e+00,-8.681305997430572852e-01,4.126667925372251577e-02,4.164511169429045423e-01
1.401999999999956392e+00,-8.679035405108045387e-01,4.149410593305868922e-02,4.145209963464338565e-01
1.402999999999956282e+00,-8.676760121635639367e-01,4.172088199370049821e-02,4.125895728348457081e-01
1.403999999999956172e+00,-8.674480185212115613e-01,4.194699767786153055e-02,4.106569170226814780e-01
1.404999999999956062e+00,-8.672195633886431443e-01,4.217244325829599960e-02,4.087230994223088332e-01
1.405999999999955952e+00,-8.669906505558239163e-01,4.239720903763016802e-02,4.067881904496342682e-01
1.406999999999955842e+00,-8.667612837978931895e-01,4.262128534760800669e-02,4.048522604304600758e-01
1.407999999999955731e+00,-8.665314668753129057e-01,4.284466254828306342e-02,4.029153796073911553e-01
1.408999999999955621e+00,-8.663012035340510453e-01,4.306733102718818262e-02,4.009776181472034517e-01
1.409999999999955511e+00,-8.660704975057916810e-01,4.328928119851005452e-02,3.990390461485916473e-01
1.410999999999955401e+00,-8.658393525081652387e-01,4.351050350229207497e-02,3.970997336502217756e-01
1.411999999999955291e+00,-8.656077722449916356e-01,4.373098840368605522e-02,3.951597506390204240e-01
1.412999999999955181e+00,-8.653757604065337450e-01,4.395072639227037836e-02,3.932191670586409615e-01
1.413999999999955071e+00,-8.651433206697549672e-01,4.416970798144759236e-02,3.912780528180523354e-01
1.414999999999954960e+00,-8.649104566985786890e-01,4.438792370793459563e-02,3.893364778002041393e-01
1.415999999999954850e+00,-8.646771721441465219e-01,4.460536413135274270e-02,3.873945118707263213e-01
1.416999999999954740e+00,-8.644434706450727646e-01,4.482201983392569700e-02,3.854522248866283363e-01
1.417999999999954630e+00,-8.642093558276949805e-01,4.503788142028941621e-02,3.835096867049669345e-01
1.418999999999954520e+00,-8.639748313063165819e-01,4.525293951741748977e-02,3.815669671914565519e-01
1.419999999999954410e+00,-8.637399006834427517e-01,4.546718477466271668e-02,3.796241362289992649e-01
1.420999999999954300e+00,-8.635045675500070406e-01,4.568060786391670014e-02,3.776812637261159900e-01
1.421999999999954190e+00,-8.632688354855893031e-01,4.589319947988429460e-02,3.757384196252621100e-01
1.422999999999954079e+00,-8.630327080586235322e-01,4.610495034047362717e-02,3.737956739110137039e-01
1.423999999999953969e+00,-8.627961888265944790e-01,4.631585118729703021e-02,3.718530966181129993e-01
1.424999999999953859e+00,-8.625592813362241706e-01,4.652589278628072034e-02,3.699107578393623363e-01
1.425999999999953749e+00,-8.623219891236462153e-01,4.673506592837928242e-02,3.679687277333583140e-01
1.426999999999953639e+00,-8.620843157145690050e-01,4.694336143039007370e-02,3.660270765320581821e-01
1.427999999999953529e+00,-8.618462646244255954e-01,4.715077013586377319e-02,3.640858745481718728e-01
1.428999999999953419e+00,-8.616078393585111517e-01,4.735728291610585838e-02,3.621451921823737319e-01
1.429999999999953308e+00,-8.613690434121076267e-01,4.756289067126329151e-02,3.602050999303279544e-01
1.430999999999953198e+00,-8.611298802705938948e-01,4.776758433149214111e-02,3.582656683895232841e-01
1.431999999999953088e+00,-8.608903534095417864e-01,4.797135485819981060e-02,3.563269682659113702e-01
1.432999999999952978e+00,-8.606504662947975781e-01,4.817419324535665570e-02,3.543890703803449505e-01
1.433999999999952868e+00,-8.604102223825482731e-01,4.837609052087193939e-02,3.524520456748108654e-01
1.434999999999952758e+00,-8.601696251193714504e-01,4.857703774802757390e-02,3.505159652184537400e-01
1.435999999999952648e+00,-8.599286779422694593e-01,4.877702602696509793e-02,3.485809002133861689e-01
1.436999999999952538e+00,-8.596873842786864062e-01,4.897604649621961626e-02,3.466469220002810214e-01
1.437999999999952427e+00,-8.594457475465077101e-01,4.917409033429570586e-02,3.447141020637420339e-01
1.438999999999952317e+00,-8.592037711540420064e-01,4.937114876127957075e-02,3.427825120374482504e-01
1.439999999999952207e+00,-8.589614584999847313e-01,4.956721304048261612e-02,3.408522237090685914e-01
1.440999999999952097e+00,-8.587188129733628328e-01,4.976227448011055765e-02,3.389233090249427205e-01
1.441999999999951987e+00,-8.584758379534604966e-01,4.995632443495356956e-02,3.369958400945239907e-01
1.442999999999951877e+00,-8.582325368097255547e-01,5.014935430809280836e-02,3.350698891945814162e-01
1.443999999999951767e+00,-8.579889129016559091e-01,5.034135555261731731e-02,3.331455287731567294e-01
1.444999999999951656e+00,-8.577449695786664163e-01,5.053231967334770314e-02,3.312228314532734696e-01
1.445999999999951546e+00,-8.575007101799353437e-01,5.072223822856208875e-02,3.293018700363949391e-01
1.446999999999951436e+00,-8.572561380342306192e-01,5.091110283171945694e-02,3.273827175056283623e-01
1.447999999999951326e+00,-8.570112564597169857e-01,5.109890515317633275e-02,3.254654470286726387e-01
1.448999999999951216e+00,-8.567660687637412842e-01,5.128563692189347378e-02,3.235501319605072479e-01
1.449999999999951106e+00,-8.565205782425994174e-01,5.147128992712779461e-02,3.216368458458211399e-01
1.450999999999950996e+00,-8.562747881812828865e-01,5.165585602010647204e-02,3.197256624211792797e-01
1.451999999999950886e+00,-8.560287018532063419e-01,5.183932711567995621e-02,3.178166556169264023e-01
1.452999999999950775e+00,-8.557823225199155948e-01,5.202169519394983510e-02,3.159098995588270342e-01
1.453999999999950665e+00,-8.555356534307781979e-01,5.220295230186972057e-02,3.140054685694413372e-01
1.454999999999950555e+00,-8.552886978226557080e-01,5.238309055481471521e-02,3.121034371692376075e-01
1.455999999999950445e+00,-8.550414589195586279e-01,5.256210213811834953e-02,3.102038800774416516e-01
1.456999999999950335e+00,-8.547939399322855847e-01,5.273997930857304839e-02,3.083068722126240946e-01
1.457999999999950225e+00,-8.545461440580468526e-01,5.291671439589296089e-02,3.064124886930278957e-01
1.458999999999950115e+00,-8.542980744800739989e-01,5.309229980413593397e-02,3.045208048366380704e-01
1.459999999999950004e+00,-8.540497343672153185e-01,5.326672801308357519e-02,3.026318961609958946e-01
1.460999999999949894e+00,-8.538011268735197223e-01,5.343999157957685098e-02,3.007458383827617543e-01
1.461999999999949784e+00,-8.535522551378104117e-01,5.361208313880588827e-02,2.988627074170296938e-01
1.462999999999949674e+00,-8.533031222832476725e-01,5.378299540555231406e-02,2.969825793763988253e-01
1.463999999999949564e+00,-8.530537314168852303e-01,5.395272117538285617e-02,2.951055305698058739e-01
1.464999999999949454e+00,-8.528040856292190552e-01,5.412125332579276193e-02,2.932316375011249643e-01
1.465999999999949344e+00,-8.525541879937322820e-01,5.428858481729825769e-02,2.913609768675405887e-01
1.466999999999949233e+00,-8.523040415664364655e-01,5.445470869447649465e-02,2.894936255577005846e-01
1.467999999999949123e+00,-8.520536493854122817e-01,5.461961808695281473e-02,2.876296606496562824e-01
1.468999999999949013e+00,-8.518030144703508943e-01,5.478330621033361547e-02,2.857691594085982612e-01
1.469999999999948903e+00,-8.515521398220982086e-01,5.494576636708503603e-02,2.839121992843958164e-01
1.470999999999948793e+00,-8.513010284222038981e-01,5.510699194735607653e-02,2.820588579089497450e-01
1.471999999999948683e+00,-8.510496832324783156e-01,5.526697642974631730e-02,2.802092130933681036e-01
1.472999999999948573e+00,-8.507981071945586171e-01,5.542571338201679465e-02,2.783633428249759900e-01
1.473999999999948463e+00,-8.505463032294870995e-01,5.558319646174469941e-02,2.765213252641697816e-01
1.474999999999948352e+00,-8.502942742373040819e-01,5.573941941692001079e-02,2.746832387411289322e-01
1.475999999999948242e+00,-8.500420230966578838e-01,5.589437608648550881e-02,2.728491617523968182e-01
1.476999999999948132e+00,-8.497895526644355657e-01,5.604806040081794505e-02,2.710191729573454000e-01
1.477999999999948022e+00,-8.495368657754156505e-01,5.620046638215120405e-02,2.691933511745367991e-01
1.478999999999947912e+00,-8.492839652419469365e-01,5.635158814494040103e-02,2.673717753779973894e-01
1.479999999999947802e+00,-8.490308538537263416e-01,5.650141989631835004e-02,2.655545246938622039e-01
1.480999999999947692e+00,-8.487775343782059112e-01,5.664995593780142169e-02,2.637416784027142858e-01
1.481999999999947581e+00,-8.485240095608486133e-01,5.679719066654254078e-02,2.619333159428872682e-01
1.482999999999947471e+00,-8.482702821252912084e-01,5.694311857623468587e-02,2.601295169071437541e-01
1.483999999999947361e+00,-8.480163547730552587e-01,5.708773425688395964e-02,2.583303610385086491e-01
1.484999999999947251e+00,-8.477622301834119023e-01,5.723103239474924830e-02,2.565359282261273632e-01
1.485999999999947141e+00,-8.475079110132951454e-01,5.737300777222148485e-02,2.547462985011694769e-01
1.486999999999947031e+00,-8.472533998972703317e-01,5.751365526763918545e-02,2.529615520327996858e-01
1.487999999999946921e+00,-8.469986994475582343e-01,5.765296985504025917e-02,2.511817691242375639e-01
1.488999999999946811e+00,-8.467438122541196543e-01,5.779094660384836990e-02,2.494070302089291258e-01
1.489999999999946700e+00,-8.464887408848048578e-01,5.792758067849418380e-02,2.476374158468532261e-01
1.490999999999946590e+00,-8.462334878855691800e-01,5.806286733797083599e-02,2.458730067209859704e-01
1.491999999999946480e+00,-8.459780557807595747e-01,5.819680193532178469e-02,2.441138836339462603e-01
1.492999999999946370e+00,-8.457224470734745481e-01,5.832937991706266256e-02,2.423601275048450632e-01
1.493999999999946260e+00,-8.454666642460000325e-01,5.846059682253529344e-02,2.406118193663598082e-01
1.494999999999946150e+00,-8.452107097603231978e-01,5.859044828319459608e-02,2.388690403620540303e-01
1.495999999999946040e+00,-8.449545860587250878e-01,5.871893002182948518e-02,2.371318717439592494e-01
1.496999999999945929e+00,-8.446982955644543045e-01,5.884603785171771406e-02,2.354003948704332660e-01
1.497999999999945819e+00,-8.444418406824788503e-01,5.897176767571743472e-02,2.336746912043039803e-01
1.498999999999945709e+00,-8.441852238003172415e-01,5.909611548529764002e-02,2.319548423113017288e-01
1.499999999999945599e+00,-8.439284472889430067e-01,5.921907735951115193e-02,2.302409298587756725e-01
1.500999999999945489e+00,-8.436715135037604618e-01,5.934064946391559570e-02,2.285330356146793029e-01
1.501999999999945379e+00,-8.434144247856418808e-01,5.946082804944868849e-02,2.268312414467987537e-01
1.502999999999945269e+00,-8.431571834620192885e-01,5.957960945126605790e-02,2.251356293221822291e-01
1.503999999999945159e+00,-8.428997918480169993e-01,5.969699008755324776e-02,2.234462813067117359e-01
1.504999999999945048e+00,-8.426422522476098020e-01,5.981296645832401282e-02,2.217632795647372645e-01
1.505999999999944938e+00,-8.423845669547890269e-01,5.992753514422177741e-02,2.200867063586703365e-01
1.506999999999944828e+00,-8.421267382547131808e-01,6.004069280534346520e-02,2.184166440484061333e-01
1.507999999999944718e+00,-8.418687684248161718e-01,6.015243618010773785e-02,2.167531750904144183e-01
1.508999999999944608e+00,-8.416106597358453678e-01,6.026276208419506508e-02,2.150963820363073487e-01
1.509999999999944498e+00,-8.413524144527922966e-01,6.037166740958849198e-02,2.134463475306589419e-01
1.510999999999944388e+00,-8.410940348356815699e-01,6.047914912374924290e-02,2.118031543078188472e-01
1.511999999999944277e+00,-8.408355231401758445e-01,6.058520426896341071e-02,2.101668851874319843e-01
1.512999999999944167e+00,-8.405768816179562952e-01,6.068982996189914436e-02,2.085376230683508025e-01
1.513999999999944057e+00,-8.403181125168376342e-01,6.079302339341424721e-02,2.069154509206094783e-01
1.514999999999943947e+00,-8.400592180805753761e-01,6.089478182865604161e-02,2.053004517751237934e-01
1.515999999999943837e+00,-8.398002005483322652e-01,6.099510260749119173e-02,2.036927087107910372e-01
1.516999999999943727e+00,-8.395410621537727769e-01,6.109398314530251062e-02,2.020923048386935872e-01
1.517999999999943617e+00,-8.392818051237665999e-01,6.119142093418050710e-02,2.004993232831621675e-01
1.518999999999943507e+00,-8.390224316766939916e-01,6.128741354453282053e-02,1.989138471595314483e-01
1.519999999999943396e+00,-8.387629440203584474e-01,6.138195862712048090e-02,1.973359595485223994e-01
1.520999999999943286e+00,-8.385033443495334415e-01,6.147505391551921772e-02,1.957657434673100161e-01
1.521999999999943176e+00,-8.382436348431813178e-01,6.156669722899055230e-02,1.942032818374776759e-01
1.522999999999943066e+00,-8.379838176614065048e-01,6.165688647573036585e-02,1.926486574502124238e-01
1.523999999999942956e+00,-8.377238949422158854e-01,6.174561965645114503e-02,1.911019529292495578e-01
1.524999999999942846e+00,-8.374638687981780238e-01,6.183289486824145031e-02,1.895632506922178273e-01
1.525999999999942736e+00,-8.372037413130769545e-01,6.191871030863427272e-02,1.880326329111571548e-01
1.526999999999942625e+00,-8.369435145386664443e-01,6.200306427981461255e-02,1.865101814730677487e-01
1.527999999999942515e+00,-8.366831904916257612e-01,6.208595519289150655e-02,1.849959779413934691e-01
1.528999999999942405e+00,-8.364227711508144258e-01,6.216738157216583627e-02,1.834901035193400032e-01
1.529999999999942295e+00,-8.361622584549108783e-01,6.224734205933346587e-02,1.819926390158775331e-01
1.530999999999942185e+00,-8.359016543005068911e-01,6.232583541757441559e-02,1.805036648151842893e-01
1.531999999999942075e+00,-8.356409605407103536e-01,6.240286053549559675e-02,1.790232608501568790e-01
1.532999999999941965e+00,-8.353801789842907333e-01,6.247841643091112118e-02,1.775515065804598724e-01
1.533999999999941855e+00,-8.351193113953864211e-01,6.255250225446157275e-02,1.760884809754204305e-01
1.534999999999941744e+00,-8.348583594937711849e-01,6.262511729309178099e-02,1.746342625019076666e-01
1.535999999999941634e+00,-8.345973249556681850e-01,6.269626097342123616e-02,1.731889291171809786e-01
1.536999999999941524e+00,-8.343362094150864605e-01,6.276593286505344205e-02,1.717525582665560546e-01
1.537999999999941414e+00,-8.340750144656482457e-01,6.283413268388227113e-02,1.703252268856266516e-01
1.538999999999941304e+00,-8.338137416628702558e-01,6.290086029545732815e-02,1.689070114066970885e-01
1.539999999999941194e+00,-8.335523925268615297e-01,6.296611571847593458e-02,1.674979877690249974e-01
1.540999999999941084e+00,-8.332909685454010784e-01,6.302989912846740372e-02,1.660982314324433995e-01
1.541999999999940973e+00,-8.330294711773584826e-01,6.309221086173261162e-02,1.647078173939221513e-01
1.542999999999940863e+00,-8.327679018564253521e-01,6.315305141959637325e-02,1.633268202066356367e-01
1.543999999999940753e+00,-8.325062619951266729e-01,6.321242147301986414e-02,1.619553140011213699e-01
1.544999999999940643e+00,-8.322445529890819538e-01,6.327032186760783716e-02,1.605933725081378216e-01
1.545999999999940533e+00,-8.319827762214876410e-01,6.332675362903178451e-02,1.592410690828537645e-01
1.546999999999940423e+00,-8.317209330677869383e-01,6.338171796886715725e-02,1.578984767300210534e-01
1.547999999999940313e+00,-8.314590249004928380e-01,6.343521629082393698e-02,1.565656681297950548e-01
1.548999999999940202e+00,-8.311970530941161783e-01,6.348725019731749075e-02,1.552427156638674643e-01
1.549999999999940092e+00,-8.309350190301449945e-01,6.353782149629516596e-02,1.539296914415634876e-01
1.550999999999939982e+00,-8.306729241020029963e-01,6.358693220819527925e-02,1.526266673255269601e-01
1.551999999999939872e+00,-8.304107697198976901e-01,6.363458457286902403e-02,1.513337149565726902e-01
1.552999999999939762e+00,-8.301485573154482323e-01,6.368078105624497276e-02,1.500509057772259902e-01
1.553999999999939652e+00,-8.298862883459580120e-01,6.372552435646378077e-02,1.487783110533967557e-01
1.554999999999939542e+00,-8.296239642981736440e-01,6.376881740915041341e-02,1.475160018935555983e-01
1.555999999999939432e+00,-8.293615866913490731e-01,6.381066339143848243e-02,1.462640492646973267e-01
1.556999999999939321e+00,-8.290991570794087329e-01,6.385106572431248351e-02,1.450225240043048203e-01
1.557999999999939211e+00,-8.288366770519961513e-01,6.389002807279697826e-02,1.437914968274752181e-01
1.558999999999939101e+00,-8.285741482341852926e-01,6.392755434351027333e-02,1.425710383283564919e-01
1.559999999999938991e+00,-8.283115722846443596e-01,6.396364867911424890e-02,1.413612189750822479e-01
1.560999999999938881e+00,-8.280489508920686470e-01,6.399831544924894366e-02,1.401621090975007922e-01
1.561999999999938771e+00,-8.277862857697476651e-01,6.403155923764036750e-02,1.389737788671843999e-01
1.562999999999938661e+00,-8.275235786481959233e-01,6.406338482521639621e-02,1.377962982694797833e-01
1.563999999999938550e+00,-8.272608312658671359e-01,6.409379716926255632e-02,1.366297370677153344e-01
1.564999999999938440e+00,-8.269980453580679791e-01,6.412280137887332865e-02,1.354741647600963828e-01
1.565999999999938330e+00,-8.267352226442916674e-01,6.415040268720328953e-02,1.343296505302634114e-01
1.566999999999938220e+00,-8.264723648142927592e-01,6.417660642126121751e-02,1.331962631929176355e-01
1.567999999999938110e+00,-8.262094735133053147e-01,6.420141797019607299e-02,1.320740711362839992e-01
1.568999999999938000e+00,-8.259465503268610398e-01,6.422484275317402735e-02,1.309631422634379705e-01
1.569999999999937890e+00,-8.256835967656890318e-01,6.424688618801283058e-02,1.298635439346341736e-01
1.570999999999937780e+00,-8.254206142511555377e-01,6.426755366172215433e-02,1.287753429127231064e-01
1.571999999999937669e+00,-8.251576041019240693e-01,6.428685050457988437e-02,1.276986053150656053e-01
1.572999999999937559e+00,-8.248945675225668461e-01,6.430478196950256686e-02,1.266333965793763061e-01
1.573999999999937449e+00,-8.246315055933847171e-01,6.432135321518517301e-02,1.255797814338495133e-01
1.574999999999937339e+00,-8.243684192613840445e-01,6.433656929299658156e-02,1.245378238698308382e-01
1.575999999999937229e+00,-8.241053093325716450e-01,6.435043513805105420e-02,1.235075871226739425e-01
1.576999999999937119e+00,-8.238421764659086266e-01,6.436295556524035399e-02,1.224891336607607240e-01
1.577999999999937009e+00,-8.235790211686785378e-01,6.437413526969426592e-02,1.214825251820933621e-01
1.578999999999936898e+00,-8.233158437930698792e-01,6.438397883120222653e-02,1.204878226176209904e-01
1.579999999999936788e+00,-8.230526445337458252e-01,6.439249072204339397e-02,1.195050861403130354e-01
1.580999999999936678e+00,-8.227894234261604600e-01,6.439967531762952335e-02,1.185343751789264266e-01
1.581999999999936568e+00,-8.225261803453903786e-01,6.440553690936978715e-02,1.175757484354202492e-01
1.582999999999936458e+00,-8.222629150052662705e-01,6.441007971919471276e-02,1.166292639050311858e-01
1.583999999999936348e+00,-8.219996269576151926e-01,6.441330791523136590e-02,1.156949788981184030e-01
1.584999999999936238e+00,-8.217363155914544359e-01,6.441522562818635667e-02,1.147729500630016580e-01
1.585999999999936128e+00,-8.214729801320098668e-01,6.441583696806124637e-02,1.138632334091381343e-01
1.586999999999936017e+00,-8.212096196394658154e-01,6.441514604089532137e-02,1.129658843301032944e-01
1.587999999999935907e+00,-8.209462330073836744e-01,6.441315696529154033e-02,1.120809576259515772e-01
1.588999999999935797e+00,-8.206828189607627833e-01,6.440987388853902651e-02,1.112085075246321692e-01
1.589999999999935687e+00,-8.204193760537469293e-01,6.440530100219049592e-02,1.103485877022216816e-01
1.590999999999935577e+00,-8.201559026670151020e-01,6.439944255699137088e-02,1.095012513018122913e-01
1.591999999999935467e+00,-8.198923970049364351e-01,6.439230287708269662e-02,1.086665509509635447e-01
1.592999999999935357e+00,-8.196288570926079098e-01,6.438388637341796450e-02,1.078445387776967440e-01
1.593999999999935246e+00,-8.193652807729540077e-01,6.437419755634127272e-02,1.070352664250914521e-01
1.594999999999935136e+00,-8.191016657041290117e-01,6.436324104727125794e-02,1.062387850646505510e-01
1.595999999999935026e+00,-8.188380093575573504e-01,6.435102158942213046e-02,1.054551454087557377e-01
1.596999999999934916e+00,-8.185743090170626290e-01,6.433754405746888727e-02,1.046843977227761430e-01
1.597999999999934806e+00,-8.183105617797019615e-01,6.432281346602619632e-02,1.039265918377747233e-01
1.598999999999934696e+00,-8.180467645591549264e-01,6.430683497675498961e-02,1.031817771653732313e-01
1.599999999999934586e+00,-8.177829140928478679e-01,6.428961390383425289e-02,1.024500027173365219e-01
1.600999999999934476e+00,-8.175190069544903126e-01,6.427115571742803013e-02,1.017313171340754746e-01
1.601999999999934365e+00,-8.172550395744540008e-01,6.425146604462139699e-02,1.010257687289741330e-01
1.602999999999934255e+00,-8.169910082715973187e-01,6.423055066707539229e-02,1.003334055599646168e-01
1.603999999999934145e+00,-8.167269093020118609e-01,6.420841551431133443e-02,9.965427554737832372e-02
1.604999999999934035e+00,-8.164627389331989837e-01,6.418506665101786357e-02,9.898842666994356332e-02
1.605999999999933925e+00,-8.161984935570691935e-01,6.416051025597602209e-02,9.833590729220403892e-02
1.606999999999933815e+00,-8.159341698626977335e-01,6.413475258899120623e-02,9.769676671047056171e-02
1.607999999999933705e+00,-8.156697650997570825e-01,6.410779994055254560e-02,9.707105604954049949e-02
1.608999999999933594e+00,-8.154052774701460171e-01,6.407965855724201409e-02,9.645882966845174822e-02
1.609999999999933484e+00,-8.151407066635462106e-01,6.405033453628788953e-02,9.586014710681364792e-02
1.610999999999933374e+00,-8.148760544408812923e-01,6.401983369074215613e-02,9.527507497866691266e-02
1.611999999999933264e+00,-8.146113249321927929e-01,6.398816140924357132e-02,9.470368685754344817e-02
1.612999999999933154e+00,-8.143465242102846391e-01,6.395532256154246031e-02,9.414605861635867712e-02
1.613999999999933044e+00,-8.140816591754567177e-01,6.392132149725560097e-02,9.360226007811311977e-02
1.614999999999932934e+00,-8.138167364237185453e-01,6.388616213969783297e-02,9.307234842135879427e-02
1.615999999999932824e+00,-8.135517617014789149e-01,6.384984813218796962e-02,9.255636695579362583e-02
1.616999999999932713e+00,-8.132867399408856279e-01,6.381238298704366985e-02,9.205434768653961153e-02
1.617999999999932603e+00,-8.130216755113398586e-01,6.377377020997443413e-02,9.156631474026460937e-02
1.618999999999932493e+00,-8.127565724433445382e-01,6.373401339519274567e-02,9.109228719650083739e-02
1.619999999999932383e+00,-8.124914345711991004e-01,6.369311629603741087e-02,9.063228107856129145e-02
1.620999999999932273e+00,-8.122262656112683166e-01,6.365108287690413036e-02,9.018631067314407390e-02
1.621999999999932163e+00,-8.119610691992683593e-01,6.360791735077947484e-02,8.975438938864113703e-02
1.622999999999932053e+00,-8.116958489033072599e-01,6.356362420510758282e-02,8.933653030956278940e-02
1.623999999999931942e+00,-8.114306082231181882e-01,6.351820821762782510e-02,8.893274655050285860e-02
1.624999999999931832e+00,-8.111653505817510990e-01,6.347167446318635609e-02,8.854305147515800778e-02
1.625999999999931722e+00,-8.109000793134426566e-01,6.342402831222582194e-02,8.816745882204900242e-02
1.626999999999931612e+00,-8.106347976498611274e-01,6.337527542158905014e-02,8.780598276410161995e-02
1.627999999999931502e+00,-8.103695087060266422e-01,6.332542171835497946e-02,8.745863792049991814e-02
1.628999999999931392e+00,-8.101042154666877604e-01,6.327447337759695145e-02,8.712543933388910977e-02
1.629999999999931282e+00,-8.098389207736519380e-01,6.322243679515848758e-02,8.680640242266605966e-02
1.630999999999931172e+00,-8.095736273144192863e-01,6.316931855673807439e-02,8.650154291591519162e-02
1.631999999999931061e+00,-8.093083376123975103e-01,6.311512540471503341e-02,8.621087677703058449e-02
1.632999999999930951e+00,-8.090430540189277320e-01,6.305986420420789385e-02,8.593442012092171456e-02
1.633999999999930841e+00,-8.087777787073157088e-01,6.300354190981616309e-02,8.567218912876337078e-02
1.634999999999930731e+00,-8.085125136690016756e-01,6.294616553434967399e-02,8.542419996343159072e-02
1.635999999999930621e+00,-8.082472607119317587e-01,6.288774212061976066e-02,8.519046868802694628e-02
1.636999999999930511e+00,-8.079820214611117546e-01,6.282827871707685752e-02,8.497101118921379648e-02
1.637999999999930401e+00,-8.077167973612325858e-01,6.276778235776014903e-02,8.476584310650604748e-02
1.638999999999930290e+00,-8.074515896811791382e-01,6.270626004672341658e-02,8.457497976811646778e-02
1.639999999999930180e+00,-8.071863995201726816e-01,6.264371874682800323e-02,8.439843613356753926e-02
1.640999999999930070e+00,-8.069212278152545492e-01,6.258016537258631606e-02,8.423622674293999857e-02
1.641999999999929960e+00,-8.066560753498015490e-01,6.251560678658690806e-02,8.408836567240643434e-02
1.642999999999929850e+00,-8.063909427627697912e-01,6.245004979895268926e-02,8.395486649555247705e-02
1.643999999999929740e+00,-8.061258305583817174e-01,6.238350116924890054e-02,8.383574224991129087e-02
1.644999999999929630e+00,-8.058607391160079736e-01,6.231596761027569098e-02,8.373100540811509451e-02
1.645999999999929519e+00,-8.055956687000312977e-01,6.224745579322027433e-02,8.364066785308260643e-02
1.646999999999929409e+00,-8.053306194695257769e-01,6.217797235370925435e-02,8.356474085670204111e-02
1.647999999999929299e+00,-8.050655914876218011e-01,6.210752389837093101e-02,8.350323506152342035e-02
1.648999999999929189e+00,-8.048005847304658955e-01,6.203611701158956437e-02,8.345616046503435970e-02
1.649999999999929079e+00,-8.045355990957158143e-01,6.196375826220357208e-02,8.342352640615335879e-02
1.650999999999928969e+00,-8.042706344105380323e-01,6.189045420995809010e-02,8.340534155363120428e-02
1.651999999999928859e+00,-8.040056904390954218e-01,6.181621141157750410e-02,8.340161389610203924e-02
1.652999999999928749e+00,-8.037407668886018541e-01,6.174103642345069032e-02,8.341235071754911357e-02
1.653999999999928638e+00,-8.034758634129554045e-01,6.166493579768034250e-02,8.343755850410437824e-02
1.654999999999928528e+00,-8.032109796166945204e-01,6.158791608001229489e-02,8.347724288660904324e-02
1.655999999999928418e+00,-8.029461150600599728e-01,6.150998381200722953e-02,8.353140863615308997e-02
1.656999999999928308e+00,-8.026812692645580727e-01,6.143114553552447843e-02,8.360005966226925767e-02
1.657999999999928198e+00,-8.024164417180721376e-01,6.135140779630077201e-02,8.368319901312239184e-02
1.658999999999928088e+00,-8.021516318805473889e-01,6.127077714932011032e-02,8.378082888506635517e-02
1.659999999999927978e+00,-8.018868391890097147e-01,6.118926016283071645e-02,8.389295063120719154e-02
1.660999999999927867e+00,-8.016220630618928755e-01,6.110686342090471124e-02,8.401956476301258858e-02
1.661999999999927757e+00,-8.013573029025724548e-01,6.102359352424141514e-02,8.416067095199707138e-02
1.662999999999927647e+00,-8.010925581028082165e-01,6.093945709094755747e-02,8.431626803200756304e-02
1.663999999999927537e+00,-8.008278280459837362e-01,6.085446075699085799e-02,8.448635400207234192e-02
1.664999999999927427e+00,-8.005631121101612901e-01,6.076861117636178644e-02,8.467092602977929761e-02
1.665999999999927317e+00,-8.002984096709729878e-01,6.068191502097719514e-02,8.486998045515174727e-02
1.666999999999927207e+00,-8.000337201043621338e-01,6.059437898035552328e-02,8.508351279499162811e-02
1.667999999999927097e+00,-7.997690427891899212e-01,6.050600976109393736e-02,8.531151774766132512e-02
1.668999999999926986e+00,-7.995043771097190000e-01,6.041681408617277649e-02,8.555398919827637838e-02
1.669999999999926876e+00,-7.992397224579850246e-01,6.032679869411289308e-02,8.581092022428203625e-02
1.670999999999926766e+00,-7.989750782360653947e-01,6.023597033800770495e-02,8.608230310138735575e-02
1.671999999999926656e+00,-7.987104438582519617e-01,6.014433578445088635e-02,8.636812930983100989e-02
1.672999999999926546e+00,-7.984458187531360274e-01,6.005190181237862745e-02,8.666838954095346104e-02
1.673999999999926436e+00,-7.981812023656102983e-01,5.995867521184250482e-02,8.698307370405040928e-02
1.674999999999926326e+00,-7.979165941587935684e-01,5.986466278272950525e-02,8.731217093348306313e-02
1.675999999999926215e+00,-7.976519936158820157e-01,5.976987133344208170e-02,8.765566959602083541e-02
1.676999999999926105e+00,-7.973874002419311102e-01,5.967430767955189674e-02,8.801355729839278885e-02
1.677999999999925995e+00,-7.971228135655726854e-01,5.957797864243707942e-02,8.838582089502421135e-02
1.678999999999925885e+00,-7.968582331406681707e-01,5.948089104791448589e-02,8.877244649593539483e-02
1.679999999999925775e+00,-7.965936585479037602e-01,5.938305172487595707e-02,8.917341947477983033e-02
1.680999999999925665e+00,-7.963290893963278494e-01,5.928446750393584486e-02,8.958872447699989250e-02
1.681999999999925555e+00,-7.960645253248349595e-01,5.918514521609935519e-02,9.001834542807807260e-02
1.682999999999925445e+00,-7.957999660035993683e-01,5.908509169145637063e-02,9.046226554186277691e-02
1.683999999999925334e+00,-7.955354111354595581e-01,5.898431375790863518e-02,9.092046732894791539e-02
1.684999999999925224e+00,-7.952708604572585882e-01,5.888281823993563036e-02,9.139293260508614403e-02
1.685999999999925114e+00,-7.950063137411415015e-01,5.878061195740441613e-02,9.187964249961633190e-02
1.686999999999925004e+00,-7.947417707958157607e-01,5.867770172442821064e-02,9.238057746388599056e-02
1.687999999999924894e+00,-7.944772314677744918e-01,5.857409434827975936e-02,9.289571727965036108e-02
1.688999999999924784e+00,-7.942126956424907513e-01,5.846979662836232494e-02,9.342504106743024228e-02
1.689999999999924674e+00,-7.939481632455832605e-01,5.836481535524468134e-02,9.396852729481111610e-02
1.690999999999924563e+00,-7.936836342439596015e-01,5.825915730976349849e-02,9.452615378466672214e-02
1.691999999999924453e+00,-7.934191086469423171e-01,5.815282926219783599e-02,9.509789772329094171e-02
1.692999999999924343e+00,-7.931545865073806878e-01,5.804583797152068625e-02,9.568373566842193478e-02
1.693999999999924233e+00,-7.928900679227557369e-01,5.793819018473256310e-02,9.628364355714338907e-02
1.694999999999924123e+00,-7.926255530362826818e-01,5.782989263628152132e-02,9.689759671364787941e-02
1.695999999999924013e+00,-7.923610420380173824e-01,5.772095204757526909e-02,9.752556985684793234e-02
1.696999999999923903e+00,-7.920965351659731146e-01,5.761137512659125770e-02,9.816753710782072373e-02
1.697999999999923793e+00,-7.918320327072536635e-01,5.750116856758979988e-02,9.882347199707269825e-02
1.698999999999923682e+00,-7.915675349992101761e-01,5.739033905093743337e-02,9.949334747161074632e-02
1.699999999999923572e+00,-7.913030424306281008e-01,5.727889324304624719e-02,1.001771359018070601e-01
1.700999999999923462e+00,-7.910385554429523181e-01,5.716683779643666474e-02,1.008748090880448867e-01
1.701999999999923352e+00,-7.907740745315565700e-01,5.705417934993040063e-02,1.015863382671329529e-01
1.702999999999923242e+00,-7.905096002470655137e-01,5.694092452898097401e-02,1.023116941184767092e-01
1.703999999999923132e+00,-7.902451331967351722e-01,5.682707994614938363e-02,1.030508467699948472e-01
1.704999999999923022e+00,-7.899806740459002219e-01,5.671265220173149491e-02,1.038037658037703342e-01
1.705999999999922911e+00,-7.897162235194924440e-01,5.659764788454474393e-02,1.045704202614258088e-01
1.706999999999922801e+00,-7.894517824036372255e-01,5.648207357287909902e-02,1.053507786492140913e-01
1.707999999999922691e+00,-7.891873515473321055e-01,5.636593583561788634e-02,1.061448089428158187e-01
1.708999999999922581e+00,-7.889229318642094757e-01,5.624924123353081118e-02,1.069524785918378046e-01
1.709999999999922471e+00,-7.886585243343857687e-01,5.613199632073978540e-02,1.077737545240076977e-01
1.710999999999922361e+00,-7.883941300063944668e-01,5.601420764635434146e-02,1.086086031490631765e-01
1.711999999999922251e+00,-7.881297499991990474e-01,5.589588175626886146e-02,1.094569903623371920e-01
1.712999999999922141e+00,-7.878653855042773158e-01,5.577702519510879808e-02,1.103188815480450891e-01
1.713999999999922030e+00,-7.876010377877649127e-01,5.565764450830451571e-02,1.111942415822843588e-01
1.714999999999921920e+00,-7.873367081926390121e-01,5.553774624426355278e-02,1.120830348357641504e-01
1.715999999999921810e+00,-7.870723981409187830e-01,5.541733695660133741e-02,1.129852251762891446e-01
1.716999999999921700e+00,-7.868081091358513079e-01,5.529642320637756514e-02,1.139007759710310153e-01
1.717999999999921590e+00,-7.865438427640448760e-01,5.517501156427201403e-02,1.148296500886305388e-01
1.718999999999921480e+00,-7.862796006975013574e-01,5.505310861261802913e-02,1.157718099011844082e-01
1.719999999999921370e+00,-7.860153846954964774e-01,5.493072094719481102e-02,1.167272172861822666e-01
1.720999999999921259e+00,-7.857511966062422637e-01,5.480785517866626488e-02,1.176958336284712608e-01
1.721999999999921149e+00,-7.854870383682659440e-01,5.468451793353523716e-02,1.186776198223363082e-01
1.722999999999921039e+00,-7.852229120114324612e-01,5.456071585447519467e-02,1.196725362737934562e-01
1.723999999999920929e+00,-7.849588196575345567e-01,5.443645559989018778e-02,1.206805429031999333e-01
1.724999999999920819e+00,-7.846947635203804783e-01,5.431174384255765819e-02,1.217015991482860021e-01
1.725999999999920709e+00,-7.844307459053152520e-01,5.418658726721686802e-02,1.227356639677090050e-01
1.726999999999920599e+00,-7.841667692081211172e-01,5.406099256698715383e-02,1.237826958452180465e-01
1.727999999999920488e+00,-7.839028359132667045e-01,5.393496643853479267e-02,1.248426527944970221e-01
1.728999999999920378e+00,-7.836389485914928565e-01,5.380851557595239809e-02,1.259154923647246016e-01
1.729999999999920268e+00,-7.833751098967540738e-01,5.368164666337360558e-02,1.270011716468525675e-01
1.730999999999920158e+00,-7.831113225625636609e-01,5.355436636640997783e-02,1.280996472805606134e-01
1.731999999999920048e+00,-7.828475893978205091e-01,5.342668132256750413e-02,1.292108754617997957e-01
1.732999999999919938e+00,-7.825839132822243194e-01,5.329859813086451625e-02,1.303348119507910796e-01
1.733999999999919828e+00,-7.823202971614064971e-01,5.317012334092952042e-02,1.314714120803064101e-01
1.734999999999919718e+00,-7.820567440419167182e-01,5.304126344189963316e-02,1.326206307640283577e-01
1.735999999999919607e+00,-7.817932569862140468e-01,5.291202485145790613e-02,1.337824225047681004e-01
1.736999999999919497e+00,-7.815298391077976081e-01,5.278241390534682553e-02,1.349567414023185030e-01
1.737999999999919387e+00,-7.812664935667201771e-01,5.265243684804149504e-02,1.361435411614835833e-01
1.738999999999919277e+00,-7.810032235664332578e-01,5.252209982762501284e-02,1.373427751086952475e-01
1.739999999999919167e+00,-7.807400323507661666e-01,5.239140889096594034e-02,1.385543962090486358e-01
1.740999999999919057e+00,-7.804769232011363744e-01,5.226036997949268237e-02,1.397783570720212143e-01
1.741999999999918947e+00,-7.802138994335217070e-01,5.212898892402756390e-02,1.410146099548712506e-01
1.742999999999918836e+00,-7.799509643960911287e-01,5.199727144160032344e-02,1.422631067649731407e-01
1.743999999999918726e+00,-7.796881214673031524e-01,5.186522313366465076e-02,1.435237990611146208e-01
1.744999999999918616e+00,-7.794253740544275777e-01,5.173284948561013286e-02,1.447966380538137643e-01
1.745999999999918506e+00,-7.791627255924367113e-01,5.160015586743071925e-02,1.460815746047377239e-01
1.746999999999918396e+00,-7.789001795432053399e-01,5.146714753539194387e-02,1.473785592253218091e-01
1.747999999999918286e+00,-7.786377393949625025e-01,5.133382963452987058e-02,1.486875420746960053e-01
1.748999999999918176e+00,-7.783754086619369961e-01,5.120020720181511775e-02,1.500084729570282105e-01
1.749999999999918066e+00,-7.781131908841441014e-01,5.106628516982508748e-02,1.513413013183911859e-01
1.750999999999917955e+00,-7.778510896272713415e-01,5.093206837077979277e-02,1.526859762432533629e-01
1.751999999999917845e+00,-7.775891084826209720e-01,5.079756154081366271e-02,1.540424464506847668e-01
1.752999999999917735e+00,-7.773272510670818924e-01,5.066276932437291380e-02,1.554106602903594092e-01
1.753999999999917625e+00,-7.770655210231037779e-01,5.052769627864778235e-02,1.567905657384246476e-01
1.754999999999917515e+00,-7.768039220186557792e-01,5.039234687796328993e-02,1.581821103932971317e-01
1.755999999999917405e+00,-7.765424577471569112e-01,5.025672551807053301e-02,1.595852414714359069e-01
1.756999999999917295e+00,-7.762811319273683619e-01,5.012083652029303282e-02,1.609999058031331420e-01
1.757999999999917184e+00,-7.760199483032432788e-01,4.998468413549522760e-02,1.624260498283558729e-01
1.758999999999917074e+00,-7.757589106437304816e-01,4.984827254785062500e-02,1.638636195926642947e-01
1.759999999999916964e+00,-7.754980227425334327e-01,4.971160587839484890e-02,1.653125607432269772e-01
1.760999999999916854e+00,-7.752372884178239110e-01,4.957468818835647495e-02,1.667728185249478523e-01
1.761999999999916744e+00,-7.749767115119154948e-01,4.943752348226360116e-02,1.682443377767157966e-01
1.762999999999916634e+00,-7.747162958908970776e-01,4.930011571082898447e-02,1.697270629277844722e-01
1.763999999999916524e+00,-7.744560454442339648e-01,4.916246877361774015e-02,1.712209379942871701e-01
1.764999999999916414e+00,-7.741959640843369961e-01,4.902458652150715190e-02,1.727259065758894041e-01
1.765999999999916303e+00,-7.739360557461066881e-01,4.888647275894664190e-02,1.742419118525800892e-01
1.766999999999916193e+00,-7.736763243864546169e-01,4.874813124602911385e-02,1.757688965816013582e-01
1.767999999999916083e+00,-7.734167739838077038e-01,4.860956570038443836e-02,1.773068030945154638e-01
1.768999999999915973e+00,-7.731574085375966243e-01,4.847077979890673793e-02,1.788555732944071552e-01
1.769999999999915863e+00,-7.728982320677342255e-01,4.833177717932657380e-02,1.804151486532187820e-01
1.770999999999915753e+00,-7.726392486140857274e-01,4.819256144163935884e-02,1.819854702092157106e-01
1.771999999999915643e+00,-7.723804622359327077e-01,4.805313614940126543e-02,1.835664785645787778e-01
1.772999999999915532e+00,-7.721218770114359753e-01,4.791350483090195400e-02,1.851581138831208950e-01
1.773999999999915422e+00,-7.718634970370955584e-01,4.777367098022616831e-02,1.867603158881247505e-01
1.774999999999915312e+00,-7.716053264272134671e-01,4.763363805821096975e-02,1.883730238602982221e-01
1.775999999999915202e+00,-7.713473693133580111e-01,4.749340949330993489e-02,1.899961766358450321e-01
1.776999999999915092e+00,-7.710896298438327801e-01,4.735298868237070025e-02,1.916297126046471455e-01
1.777999999999914982e+00,-7.708321121831496203e-01,4.721237899133501337e-02,1.932735697085564697e-01
1.778999999999914872e+00,-7.705748205115083849e-01,4.707158375586767418e-02,1.949276854397932190e-01
1.779999999999914762e+00,-7.703177590242826778e-01,4.693060628192102790e-02,1.965919968394482242e-01
1.780999999999914651e+00,-7.700609319315120382e-01,4.678944984624178183e-02,1.982664404960869375e-01
1.781999999999914541e+00,-7.698043434574023403e-01,4.664811769682497555e-02,1.999509525444529145e-01
1.782999999999914431e+00,-7.695479978398326315e-01,4.650661305332126627e-02,2.016454686642686900e-01
1.783999999999914321e+00,-7.692918993298705210e-01,4.636493910740141500e-02,2.033499240791319107e-01
1.784999999999914211e+00,-7.690360521912937841e-01,4.622309902308302521e-02,2.050642535555052548e-01
1.785999999999914101e+00,-7.687804607001205159e-01,4.608109593702319762e-02,2.067883914017981106e-01
1.786999999999913991e+00,-7.685251291441452803e-01,4.593893295878115346e-02,2.085222714675387667e-01
1.787999999999913880e+00,-7.682700618224832523e-01,4.579661317105399032e-02,2.102658271426352254e-01
1.788999999999913770e+00,-7.680152630451202445e-01,4.565413962988834617e-02,2.120189913567238071e-01
1.789999999999913660e+00,-7.677607371324687291e-01,4.551151536487163529e-02,2.137816965786039081e-01
1.790999999999913550e+00,-7.675064884149306321e-01,4.536874337930441037e-02,2.155538748157578843e-01
1.791999999999913440e+00,-7.672525212324643462e-01,4.522582665035695948e-02,2.173354576139550631e-01
1.792999999999913330e+00,-7.669988399341575169e-01,4.508276812921202525e-02,2.191263760569386876e-01
1.793999999999913220e+00,-7.667454488778043808e-01,4.493957074119520056e-02,2.209265607661951847e-01
1.794999999999913110e+00,-7.664923524294862123e-01,4.479623738589544324e-02,2.227359419008045349e-01
1.795999999999912999e+00,-7.662395549631566549e-01,4.465277093727659796e-02,2.245544491573711887e-01
1.796999999999912889e+00,-7.659870608602290520e-01,4.450917424378209031e-02,2.263820117700347800e-01
1.797999999999912779e+00,-7.657348745091668851e-01,4.436545012843345903e-02,2.282185585105597769e-01
1.798999999999912669e+00,-7.654830003050766551e-01,4.422160138892411441e-02,2.300640176885035970e-01
1.799999999999912559e+00,-7.652314426493022070e-01,4.407763079770959935e-02,2.319183171514624664e-01
1.800999999999912449e+00,-7.649802059490201644e-01,4.393354110209490848e-02,2.337813842853944668e-01
1.801999999999912339e+00,-7.647292946168365857e-01,4.378933502432047487e-02,2.356531460150192159e-01
1.802999999999912228e+00,-7.644787130703842859e-01,4.364501526164621392e-02,2.375335288042937087e-01
1.803999999999912118e+00,-7.642284657319197150e-01,4.350058448643623343e-02,2.394224586569636826e-01
1.804999999999912008e+00,-7.639785570279200577e-01,4.335604534624287743e-02,2.413198611171900876e-01
1.805999999999911898e+00,-7.637289913886796677e-01,4.321140046389221334e-02,2.432256612702502485e-01
1.806999999999911788e+00,-7.634797732479050580e-01,4.306665243757085149e-02,2.451397837433131333e-01
1.807999999999911678e+00,-7.632309070423096697e-01,4.292180384091398571e-02,2.470621527062883405e-01
1.808999999999911568e+00,-7.629823972112058650e-01,4.277685722309615413e-02,2.489926918727481953e-01
1.809999999999911457e+00,-7.627342481960965870e-01,4.263181510892460890e-02,2.509313245009228144e-01
1.810999999999911347e+00,-7.624864644402636893e-01,4.248667999893501745e-02,2.528779733947670860e-01
1.811999999999911237e+00,-7.622390503883548218e-01,4.234145436949099395e-02,2.548325609050998697e-01
1.812999999999911127e+00,-7.619920104859680965e-01,4.219614067288662840e-02,2.567950089308141948e-01
1.813999999999911017e+00,-7.617453491792334219e-01,4.205074133745267950e-02,2.587652389201582914e-01
1.814999999999910907e+00,-7.614990709143240055e-01,4.190525876721068466e-02,2.607431718702820644e-01
1.815999999999910797e+00,-7.612531801369190054e-01,4.175969534122092597e-02,2.627287283230985704e-01
1.816999999999910687e+00,-7.610076812916900524e-01,4.161405341309593053e-02,2.647218283646823322e-01
1.817999999999910576e+00,-7.607625788219969376e-01,4.146833531176247201e-02,2.667223916282508434e-01
1.818999999999910466e+00,-7.605178771779531610e-01,4.132254338683311046e-02,2.687303374014267110e-01
1.819999999999910356e+00,-7.602735808248102245e-01,4.117668005753660765e-02,2.707455848424722422e-01
1.820999999999910246e+00,-7.600296942495841090e-01,4.103074785349986042e-02,2.727680530341887732e-01
1.821999999999910136e+00,-7.597862219586331012e-01,4.088474940852682149e-02,2.747976609841357165e-01
1.822999999999910026e+00,-7.595431684759683666e-01,4.073868745803566060e-02,2.768343276251499785e-01
1.823999999999909916e+00,-7.593005383418309773e-01,4.059256483786383152e-02,2.788779718161517041e-01
1.824999999999909805e+00,-7.590583361112720473e-01,4.044638448306425715e-02,2.809285123432228581e-01
1.825999999999909695e+00,-7.588165663527394189e-01,4.030014942669452038e-02,2.829858679209446004e-01
1.826999999999909585e+00,-7.585752336466705659e-01,4.015386279859922691e-02,2.850499571939799082e-01
1.827999999999909475e+00,-7.583343425840940455e-01,4.000752782418798281e-02,2.871206987388874032e-01
1.828999999999909365e+00,-7.580938977652408317e-01,3.986114782320859806e-02,2.891980110661528380e-01
1.829999999999909255e+00,-7.578539037981669724e-01,3.971472620851795865e-02,2.912818126224242521e-01
1.830999999999909145e+00,-7.576143652973891252e-01,3.956826648485178843e-02,2.933720217929370322e-01
1.831999999999909035e+00,-7.573752868825338602e-01,3.942177224759313425e-02,2.954685569041151094e-01
1.832999999999908924e+00,-7.571366731770031722e-01,3.927524718154329353e-02,2.975713362263343043e-01
1.833999999999908814e+00,-7.568985288066566453e-01,3.912869505969351902e-02,2.996802779768343306e-01
1.834999999999908704e+00,-7.566608583985124925e-01,3.898211974200194163e-02,3.017953003227651365e-01
1.835999999999908594e+00,-7.564236665794686898e-01,3.883552517417460104e-02,3.039163213843541489e-01
1.836999999999908484e+00,-7.561869579750455372e-01,3.868891538645352624e-02,3.060432592381800432e-01
1.837999999999908374e+00,-7.559507372081510912e-01,3.854229449241242111e-02,3.081760319205398835e-01
1.838999999999908264e+00,-7.557150088978716873e-01,3.839566668776228653e-02,3.103145574308944776e-01
1.839999999999908153e+00,-7.554797776582879987e-01,3.824903624916786704e-02,3.124587537353791244e-01
1.840999999999908043e+00,-7.552450480973194047e-01,3.810240753307680972e-02,3.146085387703645431e-01
1.841999999999907933e+00,-7.550108248155971147e-01,3.795578497456358891e-02,3.167638304460541621e-01
1.842999999999907823e+00,-7.547771124053683778e-01,3.780917308618897410e-02,3.189245466501034465e-01
1.843999999999907713e+00,-7.545439154494337775e-01,3.766257645687820510e-02,3.210906052512463305e-01
1.844999999999907603e+00,-7.543112385201178327e-01,3.751599975081870708e-02,3.232619241029141555e-01
1.845999999999907493e+00,-7.540790861782770138e-01,3.736944770637995461e-02,3.254384210468316274e-01
1.846999999999907383e+00,-7.538474629723440623e-01,3.722292513505770506e-02,3.276200139165752478e-01
1.847999999999907272e+00,-7.536163734374139445e-01,3.707643692044432226e-02,3.298066205410775664e-01
1.848999999999907162e+00,-7.533858220943696615e-01,3.692998801722874314e-02,3.319981587480616558e-01
1.849999999999907052e+00,-7.531558134490533574e-01,3.678358345022703091e-02,3.341945463673894889e-01
1.850999999999906942e+00,-7.529263519914818348e-01,3.663722831344806696e-02,3.363957012343065656e-01
1.851999999999906832e+00,-7.526974421951108107e-01,3.649092776919615755e-02,3.386015411925659135e-01
1.852999999999906722e+00,-7.524690885161489096e-01,3.634468704721394161e-02,3.408119840974126458e-01
1.853999999999906612e+00,-7.522412953929240587e-01,3.619851144386970754e-02,3.430269478184107546e-01
1.854999999999906501e+00,-7.520140672453040631e-01,3.605240632139183887e-02,3.452463502420921038e-01
1.855999999999906391e+00,-7.517874084741749119e-01,3.590637710715477438e-02,3.474701092744074127e-01
1.856999999999906281e+00,-7.515613234609779258e-01,3.576042929302075679e-02,3.496981428429580818e-01
1.857999999999906171e+00,-7.513358165673083011e-01,3.561456843474208878e-02,3.519303688989865453e-01
1.858999999999906061e+00,-7.511108921345794887e-01,3.546880015142800380e-02,3.541667054191017794e-01
1.859999999999905951e+00,-7.508865544837524109e-01,3.532313012508236927e-02,3.564070704067166528e-01
1.860999999999905841e+00,-7.506628079151352884e-01,3.517756410021660729e-02,3.586513818931713615e-01
1.861999999999905731e+00,-7.504396567082546321e-01,3.503210788354477190e-02,3.608995579385174124e-01
1.862999999999905620e+00,-7.502171051218003983e-01,3.488676734376605637e-02,3.631515166319355115e-01
1.863999999999905510e+00,-7.499951573936465277e-01,3.474154841144172501e-02,3.654071760917597667e-01
1.864999999999905400e+00,-7.497738177409507543e-01,3.459645707897240907e-02,3.676664544650808941e-01
1.865999999999905290e+00,-7.495530903603334627e-01,3.445149940068337191e-02,3.699292699269000617e-01
1.866999999999905180e+00,-7.493329794281374800e-01,3.430668149302373848e-02,3.721955406788066134e-01
1.867999999999905070e+00,-7.491134891007713570e-01,3.416200953488618408e-02,3.744651849471527516e-01
1.868999999999904960e+00,-7.488946235151333619e-01,3.401748976805407665e-02,3.767381209807011966e-01
1.869999999999904849e+00,-7.486763867891190749e-01,3.387312849778051360e-02,3.790142670477240627e-01
1.870999999999904739e+00,-7.484587830222091398e-01,3.372893209350441568e-02,3.812935414325357986e-01
1.871999999999904629e+00,-7.482418162961372854e-01,3.358490698970573174e-02,3.835758624314491994e-01
1.872999999999904519e+00,-7.480254906756318434e-01,3.344105968690180841e-02,3.858611483481509397e-01
1.873999999999904409e+00,-7.478098102092306521e-01,3.329739675278120536e-02,3.881493174885047859e-01
1.874999999999904299e+00,-7.475947789301593538e-01,3.315392482347095937e-02,3.904402881548029169e-01
1.875999999999904189e+00,-7.473804008572674240e-01,3.301065060492602843e-02,3.927339786395035448e-01
1.876999999999904079e+00,-7.471666799960104965e-01,3.286758087442515075e-02,3.950303072185136766e-01
1.877999999999903968e+00,-7.469536203394687712e-01,3.272472248215091417e-02,3.973291921441003960e-01
1.878999999999903858e+00,-7.467412258693862936e-01,3.258208235282211707e-02,3.996305516375440736e-01
1.879999999999903748e+00,-7.465295005572156750e-01,3.243966748733911887e-02,4.019343038816797775e-01
1.880999999999903638e+00,-7.463184483651490453e-01,3.229748496439088790e-02,4.042403670135112925e-01
1.881999999999903528e+00,-7.461080732471165877e-01,3.215554194196085236e-02,4.065486591171217912e-01
1.882999999999903418e+00,-7.458983791497310056e-01,3.201384565865911247e-02,4.088590982171471655e-01
1.883999999999903308e+00,-7.456893700131548286e-01,3.187240343479347260e-02,4.111716022731179421e-01
1.884999999999903197e+00,-7.454810497718696860e-01,3.173122267308409183e-02,4.134860891750110068e-01
1.885999999999903087e+00,-7.452734223553271198e-01,3.159031085891800261e-02,4.158024767403799005e-01
1.886999999999902977e+00,-7.450664916884608413e-01,3.144967556003397391e-02,4.181206827134439363e-01
1.887999999999902867e+00,-7.448602616920459996e-01,3.130932442553058248e-02,4.204406247665114504e-01
1.888999999999902757e+00,-7.446547362828968009e-01,3.116926518409840474e-02,4.227622205040806325e-01
1.889999999999902647e+00,-7.444499193738940424e-01,3.102950564139084211e-02,4.250853874699037083e-01
1.890999999999902537e+00,-7.442458148738488877e-01,3.089005367647573719e-02,4.274100431572094294e-01
1.891999999999902426e+00,-7.440424266872074366e-01,3.075091723733897053e-02,4.297361050221605860e-01
1.892999999999902316e+00,-7.438397587136127420e-01,3.061210433545524801e-02,4.320634905004776538e-01
1.893999999999902206e+00,-7.436378148473423710e-01,3.047362303948464302e-02,4.343921170269982035e-01
1.894999999999902096e+00,-7.434365989766456018e-01,3.033548146820136404e-02,4.367219020577748911e-01
1.895999999999901986e+00,-7.432361149830012392e-01,3.019768778280695898e-02,4.390527630941576387e-01
1.896999999999901876e+00,-7.430363667403219186e-01,3.006025017881730488e-02,4.413846177081737765e-01
1.897999999999901766e+00,-7.428373581141197723e-01,2.992317687774281865e-02,4.437173835684270484e-01
1.898999999999901656e+00,-7.426390929606506708e-01,2.978647611879309265e-02,4.460509784656938037e-01
1.899999999999901545e+00,-7.424415751260405871e-01,2.965015615083799183e-02,4.483853203374047469e-01
1.900999999999901435e+00,-7.422448084453969752e-01,2.951422522484076216e-02,4.507203272902672864e-01
1.901999999999901325e+00,-7.420487967418978315e-01,2.937869158694850213e-02,4.530559176203918237e-01
1.902999999999901215e+00,-7.418535438258491155e-01,2.924356347238782350e-02,4.553920098304314323e-01
1.903999999999901105e+00,-7.416590534936956525e-01,2.910884910026684258e-02,4.577285226434065213e-01
1.904999999999900995e+00,-7.414653295269717503e-01,2.897455666933995699e-02,4.600653750130544450e-01
1.905999999999900885e+00,-7.412723756911772099e-01,2.884069435474539977e-02,4.624024861307007850e-01
1.906999999999900774e+00,-7.410801957345661828e-01,2.870727030568825944e-02,4.647397754287864169e-01
1.907999999999900664e+00,-7.408887933868406606e-01,2.857429264400945801e-02,4.670771625812953909e-01
1.908999999999900554e+00,-7.406981723577443777e-01,2.844176946355697622e-02,4.694145675014066432e-01
1.909999999999900444e+00,-7.405083363355542403e-01,2.830970883026207030e-02,4.717519103367452393e-01
1.910999999999900334e+00,-7.403192889854750547e-01,2.817811878281401006e-02,4.740891114626292202e-01
1.911999999999900224e+00,-7.401310339479411082e-01,2.804700733382647915e-02,4.764260914737110664e-01
1.912999999999900114e+00,-7.399435748368355936e-01,2.791638247139205387e-02,4.787627711743937531e-01
1.913999999999900004e+00,-7.397569152376375357e-01,2.778625216092994732e-02,4.810990715683729491e-01
1.914999999999899893e+00,-7.395710587055089880e-01,2.765662434723886731e-02,4.834349138476195518e-01
1.915999999999899783e+00,-7.393860087633343792e-01,2.752750695668182424e-02,4.857702193810743974e-01
1.916999999999899673e+00,-7.392017688997263303e-01,2.739890789943683069e-02,4.881049097032863493e-01
1.917999999999899563e+00,-7.390183425670084905e-01,2.727083507176158994e-02,4.904389065031833916e-01
1.918999999999899453e+00,-7.388357331791886029e-01,2.714329635822809728e-02,4.927721316131288276e-01
1.919999999999899343e+00,-7.386539441099316816e-01,2.701629963389490241e-02,4.951045069983806557e-01
1.920999999999899233e+00,-7.384729786905431803e-01,2.688985276638927724e-02,4.974359547470428300e-01
1.921999999999899122e+00,-7.382928402079709240e-01,2.676396361788230260e-02,4.997663970605715211e-01
1.922999999999899012e+00,-7.381135319028333530e-01,2.663864004694360688e-02,5.020957562448783440e-01
1.923999999999898902e+00,-7.379350569674794080e-01,2.651388991026659703e-02,5.044239547020550329e-01
1.924999999999898792e+00,-7.377574185440859411e-01,2.638972106426207276e-02,5.067509149227306109e-01
1.925999999999898682e+00,-7.375806197227977590e-01,2.626614136651711506e-02,5.090765594790599424e-01
1.926999999999898572e+00,-7.374046635399114091e-01,2.614315867712196928e-02,5.114008110183358990e-01
1.927999999999898462e+00,-7.372295529761071498e-01,2.602078085986780920e-02,5.137235922572097602e-01
1.928999999999898352e+00,-7.370552909547296583e-01,2.589901578331971210e-02,5.160448259764998102e-01
1.929999999999898241e+00,-7.368818803401194772e-01,2.577787132177034035e-02,5.183644350165670378e-01
1.930999999999898131e+00,-7.367093239359954193e-01,2.565735535608087980e-02,5.206823422732322904e-01
1.931999999999898021e+00,-7.365376244838873765e-01,2.553747577441595196e-02,5.229984706942105710e-01
1.932999999999897911e+00,-7.363667846616201995e-01,2.541824047287843946e-02,5.253127432760363869e-01
1.933999999999897801e+00,-7.361968070818476484e-01,2.529965735605205213e-02,5.276250830614558351e-01
1.934999999999897691e+00,-7.360276942906349706e-01,2.518173433745829470e-02,5.299354131372604471e-01
1.935999999999897581e+00,-7.358594487660898853e-01,2.506447933993399824e-02,5.322436566325398077e-01
1.936999999999897470e+00,-7.356920729170389750e-01,2.494790029593735303e-02,5.345497367173318581e-01
1.937999999999897360e+00,-7.355255690817502634e-01,2.483200514778749479e-02,5.368535766016490074e-01
1.938999999999897250e+00,-7.353599395266970928e-01,2.471680184784519341e-02,5.391550995348631803e-01
1.939999999999897140e+00,-7.351951864453648566e-01,2.460229835863952941e-02,5.414542288054310371e-01
1.940999999999897030e+00,-7.350313119570958120e-01,2.448850265294810757e-02,5.437508877409451546e-01
1.941999999999896920e+00,-7.348683181059718628e-01,2.437542271383513759e-02,5.460449997084970697e-01
1.942999999999896810e+00,-7.347062068597315365e-01,2.426306653465404306e-02,5.483364881153410808e-01
1.943999999999896700e+00,-7.345449801087212682e-01,2.415144211902015003e-02,5.506252764098474861e-01
1.944999999999896589e+00,-7.343846396648757713e-01,2.404055748075889509e-02,5.529112880827385945e-01
1.945999999999896479e+00,-7.342251872607283847e-01,2.393042064383510414e-02,5.551944466685998503e-01
1.946999999999896369e+00,-7.340666245484467334e-01,2.382103964227000326e-02,5.574746757476625181e-01
1.947999999999896259e+00,-7.339089530988922583e-01,2.371242252005029139e-02,5.597518989478543761e-01
1.948999999999896149e+00,-7.337521744007018398e-01,2.360457733103682454e-02,5.620260399471183055e-01
1.949999999999896039e+00,-7.335962898593875181e-01,2.349751213887840695e-02,5.642970224759992215e-01
1.950999999999895929e+00,-7.334413007964537545e-01,2.339123501693707308e-02,5.665647703205033414e-01
1.951999999999895818e+00,-7.332872084485277941e-01,2.328575404823263195e-02,5.688292073252335657e-01
1.952999999999895708e+00,-7.331340139665021294e-01,2.318107732541263566e-02,5.710902573968096307e-01
1.953999999999895598e+00,-7.329817184146855125e-01,2.307721295075670920e-02,5.733478445075809171e-01
1.954999999999895488e+00,-7.328303227699599631e-01,2.297416903622190310e-02,5.756018926996440133e-01
1.955999999999895378e+00,-7.326798279209417730e-01,2.287195370353950485e-02,5.778523260891774704e-01
1.956999999999895268e+00,-7.325302346671423992e-01,2.277057508437041466e-02,5.800990688711090693e-01
1.957999999999895158e+00,-7.323815437181218080e-01,2.267004132036415376e-02,5.823420453236819450e-01
1.958999999999895048e+00,-7.322337556925885282e-01,2.257036056207006869e-02,5.845811798082659605e-01
1.959999999999894937e+00,-7.320868711175088084e-01,2.247154096830855652e-02,5.868163967690741556e-01
1.960999999999894827e+00,-7.319408904272202143e-01,2.237359070595906774e-02,5.890476207387485008e-01
1.961999999999894717e+00,-7.317958139625712066e-01,2.227651795076374119e-02,5.912747763449648364e-01
1.962999999999894607e+00,-7.316516419700404006e-01,2.218033088802545683e-02,5.934977883174291646e-01
1.963999999999894497e+00,-7.315083746008427257e-01,2.208503771339775934e-02,5.957165814952417593e-01
1.964999999999894387e+00,-7.313660119100240387e-01,2.199064663374977746e-02,5.979310808345764672e-01
1.965999999999894277e+00,-7.312245538555455227e-01,2.189716586807116672e-02,6.001412114165750600e-01
1.966999999999894166e+00,-7.310840002973594265e-01,2.180460364835629106e-02,6.023468984552817762e-01
1.967999999999894056e+00,-7.309443509964803631e-01,2.171296822036322682e-02,6.045480673053260645e-01
1.968999999999893946e+00,-7.308056056140538326e-01,2.162226784408216584e-02,6.067446434688814616e-01
1.969999999999893836e+00,-7.306677636072044235e-01,2.153251034934977604e-02,6.089365517252611770e-01
1.970999999999893726e+00,-7.305308241385625179e-01,2.144370279992741102e-02,6.111237130313023069e-01
1.971999999999893616e+00,-7.303947861081601101e-01,2.135585165912218253e-02,6.133060478370374602e-01
1.972999999999893506e+00,-7.302596483899337354e-01,2.126896383009474478e-02,6.154834780158192631e-01
1.973999999999893395e+00,-7.301254098398830550e-01,2.118304664451431396e-02,6.176559267250743002e-01
1.974999999999893285e+00,-7.299920692794601429e-01,2.109810775307841002e-02,6.198233182774381955e-01
1.975999999999893175e+00,-7.298596254951762452e-01,2.101415508163062551e-02,6.219855780195236994e-01
1.976999999999893065e+00,-7.297280772405405624e-01,2.093119678739607803e-02,6.241426322144674188e-01
1.977999999999892955e+00,-7.295974232412438809e-01,2.084924121286313436e-02,6.262944079223921046e-01
1.978999999999892845e+00,-7.294676622047024939e-01,2.076829683360204015e-02,6.284408328696255985e-01
1.979999999999892735e+00,-7.293387928347689897e-01,2.068837219502744906e-02,6.305818352932647253e-01
1.980999999999892625e+00,-7.292108138503957671e-01,2.060947583379468817e-02,6.327173437462801919e-01
1.981999999999892514e+00,-7.290837240018800403e-01,2.053161618665944044e-02,6.348472868612947684e-01
1.982999999999892404e+00,-7.289575220727190219e-01,2.045480150417422482e-02,6.369715931083059779e-01
1.983999999999892294e+00,-7.288322068579253799e-01,2.037903979472799332e-02,6.390901906144482725e-01
1.984999999999892184e+00,-7.287077771224905742e-01,2.030433881169807497e-02,6.412030070877944299e-01
1.985999999999892074e+00,-7.285842315543679115e-01,2.023070607320415215e-02,6.433099698240788422e-01
1.986999999999891964e+00,-7.284615687247769644e-01,2.015814889276490440e-02,6.454110057490382024e-01
1.987999999999891854e+00,-7.283397870594187085e-01,2.008667440629890999e-02,6.475060414641725659e-01
1.988999999999891743e+00,-7.282188848183619445e-01,2.001628959145784759e-02,6.495950032834089116e-01
1.989999999999891633e+00,-7.280988600815965217e-01,1.994700127997178773e-02,6.516778172582871065e-01
1.990999999999891523e+00,-7.279797107380894250e-01,1.987881616458447853e-02,6.537544091928350065e-01
1.991999999999891413e+00,-7.278614344769487321e-01,1.981174080202274812e-02,6.558247046501998190e-01
1.992999999999891303e+00,-7.277440287797954932e-01,1.974578161319029412e-02,6.578886289531609144e-01
1.993999999999891193e+00,-7.276274909137407931e-01,1.968094488154731314e-02,6.599461071804513246e-01
1.994999999999891083e+00,-7.275118179245739780e-01,1.961723675044663162e-02,6.619970641605427142e-01
1.995999999999890973e+00,-7.273970070327272497e-01,1.955466397495042585e-02,6.640414266711186508e-01
1.996999999999890862e+00,-7.272830554478846299e-01,1.949323352651233243e-02,6.660791239955263787e-01
1.997999999999890752e+00,-7.271699604744005230e-01,1.943295276118051085e-02,6.681100857159094630e-01
1.998999999999890642e+00,-7.270577192390259569e-01,1.937382888147676230e-02,6.701342416512743316e-01
1.999999999999890532e+00,-7.269463287573394439e-01,1.931586906012527916e-02,6.721515218631305411e-01
2.000999999999890644e+00,-7.268357859363377971e-01,1.925908043770563349e-02,6.741618566609435259e-01
2.001999999999890534e+00,-7.267260875768578599e-01,1.920347012031986544e-02,6.761651766073811798e-01
2.002999999999890424e+00,-7.266172303758163808e-01,1.914904517728788225e-02,6.781614125233637047e-01
2.003999999999890314e+00,-7.265092109282710320e-01,1.909581263888171510e-02,6.801504954929400437e-01
2.004999999999890203e+00,-7.264020257293103411e-01,1.904377949410718251e-02,6.821323568680156546e-01
2.005999999999890093e+00,-7.262956711757868611e-01,1.899295268853862240e-02,6.841069282729564938e-01
2.006999999999889983e+00,-7.261901435679085637e-01,1.894333912221085603e-02,6.860741416090895273e-01
2.007999999999889873e+00,-7.260854391107063321e-01,1.889494564757043804e-02,6.880339290591163115e-01
2.008999999999889763e+00,-7.259815539153905428e-01,1.884777906748763554e-02,6.899862230914524108e-01
2.009999999999889653e+00,-7.258784840006161643e-01,1.880184613333013566e-02,6.919309564645004240e-01
2.010999999999889543e+00,-7.257762252936660330e-01,1.875715354309925864e-02,6.938680622308626145e-01
2.011999999999889432e+00,-7.256747736315689590e-01,1.871370793962845447e-02,6.957974737414927002e-01
2.012999999999889322e+00,-7.255741247621633194e-01,1.867151590884508217e-02,6.977191246497851385e-01
2.013999999999889212e+00,-7.254742743451163545e-01,1.863058397809519429e-02,6.996329489155959092e-01
2.014999999999889102e+00,-7.253752179529107114e-01,1.859091861453193717e-02,7.015388808091852502e-01
2.015999999999888992e+00,-7.252769510718057866e-01,1.855252622356845515e-02,7.034368549150676886e-01
2.016999999999888882e+00,-7.251794691027829698e-01,1.851541314739468813e-02,7.053268061357541585e-01
2.017999999999888772e+00,-7.250827673624815617e-01,1.847958566356006083e-02,7.072086696953630014e-01
2.018999999999888662e+00,-7.249868410841322497e-01,1.844504998362123116e-02,7.090823811430749801e-01
2.019999999999888551e+00,-7.248916854184946912e-01,1.841181225185661852e-02,7.109478763564012205e-01
2.020999999999888441e+00,-7.247972954348029795e-01,1.837987854404854460e-02,7.128050915442298852e-01
2.021999999999888331e+00,-7.247036661217255427e-01,1.834925486633315339e-02,7.146539632496092809e-01
2.022999999999888221e+00,-7.246107923883415847e-01,1.831994715412044172e-02,7.164944283522222124e-01
2.023999999999888111e+00,-7.245186690651400641e-01,1.829196127108506653e-02,7.183264240704984038e-01
2.024999999999888001e+00,-7.244272909050406550e-01,1.826530300822976072e-02,7.201498879633059236e-01
2.025999999999887891e+00,-7.243366525844414650e-01,1.823997808302357804e-02,7.219647579311557761e-01
2.026999999999887780e+00,-7.242467487042933971e-01,1.821599213861718747e-02,7.237709722168451654e-01
2.027999999999887670e+00,-7.241575737912019362e-01,1.819335074313788159e-02,7.255684694054581607e-01
2.028999999999887560e+00,-7.240691222985554676e-01,1.817205938906796270e-02,7.273571884236329499e-01
2.029999999999887450e+00,-7.239813886076792437e-01,1.815212349271028147e-02,7.291370685379968686e-01
2.030999999999887340e+00,-7.238943670290108878e-01,1.813354839374442529e-02,7.309080493526592948e-01
2.031999999999887230e+00,-7.238080518032955490e-01,1.811633935487994007e-02,7.326700708056460565e-01
2.032999999999887120e+00,-7.237224371027932701e-01,1.810050156161063795e-02,7.344230731641474552e-01
2.033999999999887009e+00,-7.236375170324926831e-01,1.808604012207720713e-02,7.361669970184441247e-01
2.034999999999886899e+00,-7.235532856313224848e-01,1.807296006704378621e-02,7.379017832743690608e-01
2.035999999999886789e+00,-7.234697368733508105e-01,1.806126634999610792e-02,7.396273731441576071e-01
2.036999999999886679e+00,-7.233868646689598503e-01,1.805096384736837312e-02,7.413437081355371827e-01
2.037999999999886569e+00,-7.233046628659843824e-01,1.804205735890462847e-02,7.430507300389117553e-01
2.038999999999886459e+00,-7.232231252507986818e-01,1.803455160816402891e-02,7.447483809125069465e-01
2.039999999999886349e+00,-7.231422455493374812e-01,1.802845124317242753e-02,7.464366030653627471e-01
2.040999999999886239e+00,-7.230620174280369961e-01,1.802376083722700972e-02,7.481153390380961277e-01
2.041999999999886128e+00,-7.229824344946838011e-01,1.802048488985336094e-02,7.497845315814063438e-01
2.042999999999886018e+00,-7.229034902991611222e-01,1.801862782791341377e-02,7.514441236323723405e-01
2.043999999999885908e+00,-7.228251783340917669e-01,1.801819400685661376e-02,7.530940582886910262e-01
2.044999999999885798e+00,-7.227474920353822441e-01,1.801918771209798376e-02,7.547342787811420761e-01
2.045999999999885688e+00,-7.226704247826876149e-01,1.802161316050127082e-02,7.563647284447341246e-01
2.046999999999885578e+00,-7.225939698998360416e-01,1.802547450192992784e-02,7.579853506892006987e-01
2.047999999999885468e+00,-7.225181206552719892e-01,1.803077582081874519e-02,7.595960889697586094e-01
2.048999999999885357e+00,-7.224428702626053411e-01,1.803752113770290544e-02,7.611968867593212895e-01
2.049999999999885247e+00,-7.223682118813877784e-01,1.804571441062485793e-02,7.627876875236487830e-01
2.050999999999885137e+00,-7.222941386182666346e-01,1.805535953632603219e-02,7.643684347011870939e-01
2.051999999999885027e+00,-7.222206435287003012e-01,1.806646035111603155e-02,7.659390716895698725e-01
2.052999999999884917e+00,-7.221477196194391324e-01,1.807902063130689685e-02,7.674995418408588899e-01
2.053999999999884807e+00,-7.220753598519844552e-01,1.809304409309897554e-02,7.690497884675421281e-01
2.054999999999884697e+00,-7.220035571472218638e-01,1.810853439181925317e-02,7.705897548610229908e-01
2.055999999999884587e+00,-7.219323043913796756e-01,1.812549512043593047e-02,7.721193843237933452e-01
2.056999999999884476e+00,-7.218615944433877107e-01,1.814392980642282049e-02,7.736386202133113121e-01
2.057999999999884366e+00,-7.217914201436024246e-01,1.816384190643449692e-02,7.751474059912497605e-01
2.058999999999884256e+00,-7.217217743237309691e-01,1.818523480097711253e-02,7.766456852894469964e-01
2.059999999999884146e+00,-7.216526498176568660e-01,1.820811178987796763e-02,7.781334019902123034e-01
2.060999999999884036e+00,-7.215840394727517371e-01,1.823247608788325369e-02,7.796105003119815358e-01
2.061999999999883926e+00,-7.215159361611751532e-01,1.825833081987554563e-02,7.810769248960489630e-01
2.062999999999883816e+00,-7.214483327906296983e-01,1.828567901609740032e-02,7.825326208901458580e-01
2.063999999999883705e+00,-7.213812223140635416e-01,1.831452360757412912e-02,7.839775340250291213e-01
2.064999999999883595e+00,-7.213145977378937479e-01,1.834486742189528341e-02,7.854116106810121734e-01
2.065999999999883485e+00,-7.212484521284381334e-01,1.837671317947425775e-02,7.868347979423760963e-01
2.066999999999883375e+00,-7.211827786163839127e-01,1.841006349035634315e-02,7.882470436386816992e-01
2.067999999999883265e+00,-7.211175703992582786e-01,1.844492085160159833e-02,7.896482963730120375e-01
2.068999999999883155e+00,-7.210528207419865110e-01,1.848128764522882772e-02,7.910385055380012576e-01
2.069999999999883045e+00,-7.209885229757172498e-01,1.851916613668291856e-02,7.924176213210951669e-01
2.070999999999882935e+00,-7.209246704951571827e-01,1.855855847376591816e-02,7.937855947008282120e-01
2.071999999999882824e+00,-7.208612567546852645e-01,1.859946668596884622e-02,7.951423774360265595e-01
2.072999999999882714e+00,-7.207982752635231360e-01,1.864189268413890543e-02,7.964879220497949053e-01
2.073999999999882604e+00,-7.207357195802244210e-01,1.868583826042352625e-02,7.978221818099829887e-01
2.074999999999882494e+00,-7.206735833067152708e-01,1.873130508844017550e-02,7.991451107075940863e-01
2.075999999999882384e+00,-7.206118600820874409e-01,1.877829472363262697e-02,8.004566634343407427e-01
2.076999999999882274e+00,-7.205505435763062128e-01,1.882680860378305177e-02,8.017567953602996456e-01
2.077999999999882164e+00,-7.204896274839631687e-01,1.887684804965977792e-02,8.030454625123836232e-01
2.078999999999882053e+00,-7.204291055181681891e-01,1.892841426578850683e-02,8.043226215541477986e-01
2.079999999999881943e+00,-7.203689714046510595e-01,1.898150834134260112e-02,8.055882297672806169e-01
2.080999999999881833e+00,-7.203092188761166526e-01,1.903613125115255489e-02,8.068422450349955755e-01
2.081999999999881723e+00,-7.202498416668814407e-01,1.909228385684047513e-02,8.080846258274401173e-01
2.082999999999881613e+00,-7.201908335078022194e-01,1.914996690808773439e-02,8.093153311891586599e-01
2.083999999999881503e+00,-7.201321881214981513e-01,1.920918104404634175e-02,8.105343207285941043e-01
2.084999999999881393e+00,-7.200738992178588038e-01,1.926992679490557858e-02,8.117415546095737566e-01
2.085999999999881283e+00,-7.200159604898244137e-01,1.933220458362472360e-02,8.129369935446981721e-01
2.086999999999881172e+00,-7.199583656094229456e-01,1.939601472784197034e-02,8.141205987905365538e-01
2.087999999999881062e+00,-7.199011082240449610e-01,1.946135744196486606e-02,8.152923321445192384e-01
2.088999999999880952e+00,-7.198441819529391994e-01,1.952823283944388200e-02,8.164521559434069209e-01
2.089999999999880842e+00,-7.197875803839108855e-01,1.959664093522117678e-02,8.176000330632064994e-01
2.090999999999880732e+00,-7.197312970702095525e-01,1.966658164833429145e-02,8.187359269203859924e-01
2.091999999999880622e+00,-7.196753255275951666e-01,1.973805480463719508e-02,8.198598014742177753e-01
2.092999999999880512e+00,-7.196196592315771134e-01,1.981106013957650847e-02,8.209716212300415261e-01
2.093999999999880401e+00,-7.195642916148246027e-01,1.988559730092365196e-02,8.220713512431844228e-01
2.094999999999880291e+00,-7.195092160647524882e-01,1.996166585131653459e-02,8.231589571231936464e-01
2.095999999999880181e+00,-7.194544258225826772e-01,2.003926455627658143e-02,8.242344041455558212e-01
2.096999999999880071e+00,-7.193999139503195472e-01,2.011839134013604369e-02,8.252976555045727913e-01
2.097999999999879961e+00,-7.193456733164796946e-01,2.019904328234628510e-02,8.263486749057488145e-01
2.098999999999879851e+00,-7.192916967723043120e-01,2.028121797143828120e-02,8.273874272228126658e-01
2.099999999999879741e+00,-7.192379771283738954e-01,2.036491322229011525e-02,8.284138784527689259e-01
2.100999999999879631e+00,-7.191845071611330242e-01,2.045012705176485479e-02,8.294279956730344905e-01
2.101999999999879520e+00,-7.191312796199567092e-01,2.053685765478152625e-02,8.304297469998761505e-01
2.102999999999879410e+00,-7.190782872351483279e-01,2.062510338028489265e-02,8.314191015471241730e-01
2.103999999999879300e+00,-7.190255227273030236e-01,2.071486270639866234e-02,8.323960293838114088e-01
2.104999999999879190e+00,-7.189729788184919812e-01,2.080613421381755090e-02,8.333605014889732265e-01
2.105999999999879080e+00,-7.189206482456763636e-01,2.089891655622144739e-02,8.343124897013536323e-01
2.106999999999878970e+00,-7.188685237765635172e-01,2.099320842624102790e-02,8.352519666613017479e-01
2.107999999999878860e+00,-7.188165982276282229e-01,2.108900851543288324e-02,8.361789057420222493e-01
2.108999999999878749e+00,-7.187648644830457734e-01,2.118631546717475445e-02,8.370932809681981279e-01
2.109999999999878639e+00,-7.187133155117835237e-01,2.128512782283425997e-02,8.379950669227388405e-01
2.110999999999878529e+00,-7.186619443785267070e-01,2.138544396416874882e-02,8.388842386474026913e-01
2.111999999999878419e+00,-7.186107442436630022e-01,2.148726205781825715e-02,8.397607715486462565e-01
2.112999999999878309e+00,-7.185597083494099646e-01,2.159058000895380802e-02,8.406246413221788449e-01
2.113999999999878199e+00,-7.185088299929904831e-01,2.169539542910109420e-02,8.414758239052601008e-01
2.114999999999878089e+00,-7.184581024913206937e-01,2.180170561876076940e-02,8.423142954570244090e-01
2.115999999999877978e+00,-7.184075191428384022e-01,2.190950756147713729e-02,8.431400323599824720e-01
2.116999999999877868e+00,-7.183570731907780171e-01,2.201879792449923379e-02,8.439530112337212397e-01
2.117999999999877758e+00,-7.183067577899544531e-01,2.212957306191060125e-02,8.447532089535381150e-01
2.118999999999877648e+00,-7.182565659773678668e-01,2.224182901766058595e-02,8.455406026696046240e-01
2.119999999999877538e+00,-7.182064906460622344e-01,2.235556152726397849e-02,8.463151698246084154e-01
2.120999999999877428e+00,-7.181565245214083237e-01,2.247076601776842875e-02,8.470768881692992691e-01
2.121999999999877318e+00,-7.181066601390255766e-01,2.258743760601983341e-02,8.478257357761450619e-01
2.122999999999877208e+00,-7.180568898236929787e-01,2.270557109545068286e-02,8.485616910516642353e-01
2.123999999999877097e+00,-7.180072056687519799e-01,2.282516097167969216e-02,8.492847327481339859e-01
2.124999999999876987e+00,-7.179575995156358692e-01,2.294620139722391983e-02,8.499948399753973760e-01
2.125999999999876877e+00,-7.179080629332686980e-01,2.306868620559937577e-02,8.506919922134648093e-01
2.126999999999876767e+00,-7.178585876203993354e-01,2.319260963291230881e-02,8.513761702730181513e-01
2.127999999999876657e+00,-7.178091655328208143e-01,2.331796650458384246e-02,8.520473582224133979e-01
2.128999999999876547e+00,-7.177597890228970545e-01,2.344475245699606525e-02,8.527055415546784811e-01
2.129999999999876437e+00,-7.177104502296106636e-01,2.357296283958376648e-02,8.533507066874039815e-01
2.130999999999876326e+00,-7.176611411784291628e-01,2.370259290897325233e-02,8.539828409997470837e-01
2.131999999999876216e+00,-7.176118537753062299e-01,2.383363782816622090e-02,8.546019328732926690e-01
2.132999999999876106e+00,-7.175625798003841815e-01,2.396609266586707809e-02,8.552079717368509248e-01
2.133999999999875996e+00,-7.175133109013562827e-01,2.409995239591250504e-02,8.558009481152845099e-01
2.134999999999875886e+00,-7.174640385864796688e-01,2.423521189677835252e-02,8.563808536824368822e-01
2.135999999999875776e+00,-7.174147542172597536e-01,2.437186595115381493e-02,8.569476813181760022e-01
2.136999999999875666e+00,-7.173654490008573026e-01,2.450990924558232864e-02,8.575014251694682565e-01
2.137999999999875556e+00,-7.173161139823073240e-01,2.464933637017813206e-02,8.580420807152382423e-01
2.138999999999875445e+00,-7.172667400366714574e-01,2.479014181843486320e-02,8.585696448345446763e-01
2.139999999999875335e+00,-7.172173178612877287e-01,2.493231998714662279e-02,8.590841158772719588e-01
2.140999999999875225e+00,-7.171678379683217308e-01,2.507586517646764879e-02,8.595854937360789538e-01
2.141999999999875115e+00,-7.171182906778243993e-01,2.522077158817848108e-02,8.600737799123976401e-01
2.142999999999875005e+00,-7.170686661115851512e-01,2.536703332307405079e-02,8.605489775695516208e-01
2.143999999999874895e+00,-7.170189541880843676e-01,2.551464437923062212e-02,8.610110915877149385e-01
2.144999999999874785e+00,-7.169691446188238837e-01,2.566359865277662022e-02,8.614601286104291988e-01
2.145999999999874674e+00,-7.169192269061270828e-01,2.581388993883787508e-02,8.618960970687385981e-01
2.146999999999874564e+00,-7.168691903422835798e-01,2.596551193211810160e-02,8.623190071700045367e-01
2.147999999999874454e+00,-7.168190240094327592e-01,2.611845822679520479e-02,8.627288708319492683e-01
2.148999999999874344e+00,-7.167687167786600533e-01,2.627272231486998955e-02,8.631257015320187298e-01
2.149999999999874234e+00,-7.167182573050951966e-01,2.642829758140841090e-02,8.635095140248597589e-01
2.150999999999874124e+00,-7.166676340127521305e-01,2.658517729389375805e-02,8.638803238514451976e-01
2.151999999999874014e+00,-7.166168350574037005e-01,2.674335458075971506e-02,8.642381465134593155e-01
2.152999999999873904e+00,-7.165658482464418721e-01,2.690282239056940305e-02,8.645829961034152689e-01
2.153999999999873793e+00,-7.165146608807567707e-01,2.706357341804505046e-02,8.649148830565617230e-01
2.154999999999873683e+00,-7.164632594721882519e-01,2.722559997909967944e-02,8.652338105694982184e-01
2.155999999999873573e+00,-7.164116293204459973e-01,2.738889382938686223e-02,8.655397693820922056e-01
2.156999999999873463e+00,-7.163597541152972870e-01,2.755344599098896730e-02,8.658327318505770753e-01
2.157999999999873353e+00,-7.163076161176888945e-01,2.771924679812098891e-02,8.661126492831188184e-01
2.158999999999873243e+00,-7.162551975206028487e-01,2.788628638753848366e-02,8.663794580951162949e-01
2.159999999999873133e+00,-7.162024825849648835e-01,2.805455548173552138e-02,8.666330935459389817e-01
2.160999999999873022e+00,-7.161494592142561011e-01,2.822404586299104290e-02,8.668735011249765199e-01
2.161999999999872912e+00,-7.160961190445467306e-01,2.839474924513007981e-02,8.671006387278187288e-01
2.162999999999872802e+00,-7.160424566625316345e-01,2.856665782257356012e-02,8.673144749216118443e-01
2.163999999999872692e+00,-7.159884686269597509e-01,2.873976426290125730e-02,8.675149867383166180e-01
2.164999999999872582e+00,-7.159341527637349545e-01,2.891406213418018512e-02,8.677021569125220601e-01
2.165999999999872472e+00,-7.158795076500519272e-01,2.908954550003534090e-02,8.678759720017772405e-01
2.166999999999872362e+00,-7.158245322917883291e-01,2.926620877800195641e-02,8.680364211866413715e-01
2.167999999999872252e+00,-7.157692259185193251e-01,2.944404663677374634e-02,8.681834955170987245e-01
2.168999999999872141e+00,-7.157135878538648521e-01,2.962305391665048804e-02,8.683171874364075116e-01
2.169999999999872031e+00,-7.156576174342242913e-01,2.980322556325770700e-02,8.684374904743384915e-01
2.170999999999871921e+00,-7.156013139585218896e-01,2.998455656841092498e-02,8.685443990436242379e-01
2.171999999999871811e+00,-7.155446766573230200e-01,3.016704191459090856e-02,8.686379082998992862e-01
2.172999999999871701e+00,-7.154877046732135426e-01,3.035067652140516214e-02,8.687180140417940510e-01
2.173999999999871591e+00,-7.154303970467171814e-01,3.053545519386902107e-02,8.687847126379109053e-01
2.174999999999871481e+00,-7.153727527038775680e-01,3.072137257335538774e-02,8.688380009733941423e-01
2.175999999999871370e+00,-7.153147704432271103e-01,3.090842309255564802e-02,8.688778764120287379e-01
2.176999999999871260e+00,-7.152564489212105414e-01,3.109660093573707318e-02,8.689043367712142585e-01
2.177999999999871150e+00,-7.151977866361254321e-01,3.128590000510172997e-02,8.689173803075309621e-01
2.178999999999871040e+00,-7.151387819112008382e-01,3.147631389339239361e-02,8.689170057106322398e-01
2.179999999999870930e+00,-7.150794328792449139e-01,3.166783586724658539e-02,8.689032121347525228e-01
2.180999999999870820e+00,-7.150197374683333607e-01,3.186045885688326695e-02,8.688759992848309466e-01
2.181999999999870710e+00,-7.149596933883225480e-01,3.205417544920968753e-02,8.688353674483899614e-01
2.182999999999870600e+00,-7.148992981163850846e-01,3.224897787753072675e-02,8.687813175003199495e-01
2.183999999999870489e+00,-7.148385488836234147e-01,3.244485801331309371e-02,8.687138509076526294e-01
2.184999999999870379e+00,-7.147774426627598876e-01,3.264180735976784931e-02,8.686329697337918931e-01
2.185999999999870269e+00,-7.147159762920169968e-01,3.283981746870495710e-02,8.685386768395464419e-01
2.186999999999870159e+00,-7.146541467875784370e-01,3.303888086957551540e-02,8.684309769202677165e-01
2.187999999999870049e+00,-7.145919513316789651e-01,3.323899097202048791e-02,8.683098760743495070e-01
2.188999999999869939e+00,-7.145293870677530412e-01,3.344014135201650584e-02,8.681753812445804908e-01
2.189999999999869829e+00,-7.144664510250094969e-01,3.364232550708068370e-02,8.680275002092234793e-01
2.190999999999869718e+00,-7.144031401497359379e-01,3.384553694000397295e-02,8.678662415738578328e-01
2.191999999999869608e+00,-7.143394513092787834e-01,3.404976915563429074e-02,8.676916147638575882e-01
2.192999999999869498e+00,-7.142753812962630011e-01,3.425501565873995125e-02,8.675036300173829540e-01
2.193999999999869388e+00,-7.142109268329605021e-01,3.446126995272680293e-02,8.673022983787858076e-01
2.194999999999869278e+00,-7.141460845757305886e-01,3.466852553901961231e-02,8.670876316923477045e-01
2.195999999999869168e+00,-7.140808511194672858e-01,3.487677591695387269e-02,8.668596425962858953e-01
2.196999999999869058e+00,-7.140152230020047064e-01,3.508601458405447016e-02,8.666183445169785005e-01
2.197999999999868947e+00,-7.139491967084370394e-01,3.529623503660206385e-02,8.663637516633702074e-01
2.198999999999868837e+00,-7.138827686753247415e-01,3.550743077040907636e-02,8.660958790215296244e-01
2.199999999999868727e+00,-7.138159352947601732e-01,3.571959528174473153e-02,8.658147423493344208e-01
2.200999999999868617e+00,-7.137486929182768058e-01,3.593272206836028992e-02,8.655203581712688221e-01
2.201999999999868507e+00,-7.136810378605904504e-01,3.614680463057806659e-02,8.652127437733170279e-01
2.202999999999868397e+00,-7.136129664031629627e-01,3.636183647241580941e-02,8.648919171979435605e-01
2.203999999999868287e+00,-7.135444747975854263e-01,3.657781110272390057e-02,8.645578972391492201e-01
2.204999999999868177e+00,-7.134755592687799242e-01,3.679472203631911631e-02,8.642107034375958730e-01
2.205999999999868066e+00,-7.134062160180194567e-01,3.701256279510201086e-02,8.638503560757917477e-01
2.206999999999867956e+00,-7.133364412257705567e-01,3.723132690914882081e-02,8.634768761733321307e-01
2.207999999999867846e+00,-7.132662310543613771e-01,3.745100791776972970e-02,8.630902854821874692e-01
2.208999999999867736e+00,-7.131955816504833567e-01,3.767159937052910745e-02,8.626906064820341058e-01
2.209999999999867626e+00,-7.131244891475290171e-01,3.789309482822256214e-02,8.622778623756220950e-01
2.210999999999867516e+00,-7.130529496677779910e-01,3.811548786380858367e-02,8.618520770841737733e-01
2.211999999999867406e+00,-7.129809593244353927e-01,3.833877206329072695e-02,8.614132752428079742e-01
2.212999999999867295e+00,-7.129085142235322969e-01,3.856294102654928002e-02,8.609614821959843400e-01
2.213999999999867185e+00,-7.128356104656978776e-01,3.878798836811919726e-02,8.604967239929628420e-01
2.214999999999867075e+00,-7.127622441478099757e-01,3.901390771791229950e-02,8.600190273832728494e-01
2.215999999999866965e+00,-7.126884113645360896e-01,3.924069272188096535e-02,8.595284198121864172e-01
2.216999999999866855e+00,-7.126141082097714463e-01,3.946833704262064924e-02,8.590249294161912408e-01
2.217999999999866745e+00,-7.125393307779862573e-01,3.969683435990734033e-02,8.585085850184578371e-01
2.218999999999866635e+00,-7.124640751654898185e-01,3.992617837116541057e-02,8.579794161242966233e-01
2.219999999999866525e+00,-7.123883374716224459e-01,4.015636279186202140e-02,8.574374529165995629e-01
2.220999999999866414e+00,-7.123121137997850960e-01,4.038738135487807135e-02,8.568827262489526753e-01
2.221999999999866304e+00,-7.122354002580755239e-01,4.061922780669952049e-02,8.563152676255014750e-01
2.222999999999866194e+00,-7.121581929600100391e-01,4.085189590482080080e-02,8.557351091854289438e-01
2.223999999999866084e+00,-7.120804880253861491e-01,4.108537941678602756e-02,8.551422836979156727e-01
2.224999999999865974e+00,-7.120022815812836470e-01,4.131967212061465888e-02,8.545368245576082655e-01
2.225999999999865864e+00,-7.119235697630120763e-01,4.155476780469624654e-02,8.539187657800387798e-01
2.226999999999865754e+00,-7.118443487150579729e-01,4.179066026754396646e-02,8.532881419969943204e-01
2.227999999999865643e+00,-7.117646145920422107e-01,4.202734331739116369e-02,8.526449884518351174e-01
2.228999999999865533e+00,-7.116843635596996620e-01,4.226481077161231559e-02,8.519893409947625340e-01
2.229999999999865423e+00,-7.116035917958913881e-01,4.250305645594598669e-02,8.513212360780367804e-01
2.230999999999865313e+00,-7.115222954916605724e-01,4.274207420349784847e-02,8.506407107511468890e-01
2.231999999999865203e+00,-7.114404708523435206e-01,4.298185785349623034e-02,8.499478026559362798e-01
2.232999999999865093e+00,-7.113581140987466078e-01,4.322240124977055897e-02,8.492425500216881362e-01
2.233999999999864983e+00,-7.112752214683992769e-01,4.346369823892143325e-02,8.485249916601772524e-01
2.234999999999864873e+00,-7.111917892168927446e-01,4.370574266814658548e-02,8.477951669606963447e-01
2.235999999999864762e+00,-7.111078136193146326e-01,4.394852838268475947e-02,8.470531158850673759e-01
2.236999999999864652e+00,-7.110232909717881800e-01,4.419204922283820336e-02,8.462988789626497699e-01
2.237999999999864542e+00,-7.109382175931213688e-01,4.443629902053158887e-02,8.455324972853605070e-01
2.238999999999864432e+00,-7.108525898265736220e-01,4.468127159536605664e-02,8.447540125027238611e-01
2.239999999999864322e+00,-7.107664040417436269e-01,4.492696075012841961e-02,8.439634668169696541e-01
2.240999999999864212e+00,-7.106796566365782830e-01,4.517336026571944219e-02,8.431609029782010101e-01
2.241999999999864102e+00,-7.105923440395025548e-01,4.542046389547238494e-02,8.423463642796561457e-01
2.242999999999863991e+00,-7.105044627116646749e-01,4.566826535884810356e-02,8.415198945530848462e-01
2.243999999999863881e+00,-7.104160091492881524e-01,4.591675833450786781e-02,8.406815381642637197e-01
2.244999999999863771e+00,-7.103269798861155948e-01,4.616593645279726266e-02,8.398313400086664382e-01
2.245999999999863661e+00,-7.102373714959278050e-01,4.641579328770628621e-02,8.389693455073018447e-01
2.246999999999863551e+00,-7.101471805951122818e-01,4.666632234842427174e-02,8.380956006027198146e-01
2.247999999999863441e+00,-7.100564038452541471e-01,4.691751707066477151e-02,8.372101517551705507e-01
2.248999999999863331e+00,-7.099650379557147506e-01,4.716937080801175686e-02,8.363130459388810056e-01
2.249999999999863221e+00,-7.098730796861622006e-01,4.742187682362025702e-02,8.354043306383870382e-01
2.250999999999863110e+00,-7.097805258490165192e-01,4.767502828269326587e-02,8.344840538448268230e-01
2.251999999999863000e+00,-7.096873733117734506e-01,4.792881824624017906e-02,8.335522640520677262e-01
2.252999999999862890e+00,-7.095936189991758347e-01,4.818323966669058045e-02,8.326090102525079972e-01
2.253999999999862780e+00,-7.094992598952114538e-01,4.843828538596711697e-02,8.316543419323685349e-01
2.254999999999862670e+00,-7.094042930449263595e-01,4.869394813660182786e-02,8.306883090662805502e-01
2.255999999999862560e+00,-7.093087155560584556e-01,4.895022054638742404e-02,8.297109621109921562e-01
2.256999999999862450e+00,-7.092125246005080985e-01,4.920709514688098585e-02,8.287223519980588815e-01
2.257999999999862339e+00,-7.091157174156730303e-01,4.946456438582569337e-02,8.277225301254639289e-01
2.258999999999862229e+00,-7.090182913056810587e-01,4.972262064324672881e-02,8.267115483482220251e-01
2.259999999999862119e+00,-7.089202436425483533e-01,4.998125625064342437e-02,8.256894589681457175e-01
2.260999999999862009e+00,-7.088215718672845611e-01,5.024046351240163411e-02,8.246563147230808744e-01
2.261999999999861899e+00,-7.087222734909459643e-01,5.050023472832787519e-02,8.236121687760193932e-01
2.262999999999861789e+00,-7.086223460956219133e-01,5.076056221610858454e-02,8.225570747045597431e-01
2.263999999999861679e+00,-7.085217873353238938e-01,5.102143833253880434e-02,8.214910864911917354e-01
2.264999999999861569e+00,-7.084205949367373689e-01,5.128285549253236431e-02,8.204142585148324063e-01
2.265999999999861458e+00,-7.083187666997931009e-01,5.154480618518580970e-02,8.193266455439451867e-01
2.266999999999861348e+00,-7.082163004980241983e-01,5.180728298647685470e-02,8.182283027314527502e-01
2.267999999999861238e+00,-7.081131942786877964e-01,5.207027856847745717e-02,8.171192856115226943e-01
2.268999999999861128e+00,-7.080094460626460418e-01,5.233378570522140283e-02,8.159996500981872014e-01
2.269999999999861018e+00,-7.079050539440193690e-01,5.259779727555835560e-02,8.148694524856623378e-01
2.270999999999860908e+00,-7.078000160896391613e-01,5.286230626344501360e-02,8.137287494501688201e-01
2.271999999999860798e+00,-7.076943307383364301e-01,5.312730575617508055e-02,8.125775980530189901e-01
2.272999999999860687e+00,-7.075879962001103696e-01,5.339278894104915185e-02,8.114160557447246402e-01
2.273999999999860577e+00,-7.074810108552231913e-01,5.365874910094603489e-02,8.102441803698915423e-01
2.274999999999860467e+00,-7.073733731532632074e-01,5.392517960919634978e-02,8.090620301726852981e-01
2.275999999999860357e+00,-7.072650816122163508e-01,5.419207392409003399e-02,8.078696638026845456e-01
2.276999999999860247e+00,-7.071561348175801065e-01,5.445942558327898642e-02,8.066671403209656477e-01
2.277999999999860137e+00,-7.070465314215474972e-01,5.472722819827302576e-02,8.054545192062950720e-01
2.278999999999860027e+00,-7.069362701422811091e-01,5.499547544916894015e-02,8.042318603613305417e-01
2.279999999999859916e+00,-7.068253497632928095e-01,5.526416107970988367e-02,8.029992241187563495e-01
2.280999999999859806e+00,-7.067137691329392624e-01,5.553327889273179663e-02,8.017566712472962154e-01
2.281999999999859696e+00,-7.066015271640364581e-01,5.580282274602799131e-02,8.005042629575612745e-01
2.282999999999859586e+00,-7.064886228335951479e-01,5.607278654863950829e-02,7.992420609077033333e-01
2.283999999999859476e+00,-7.063750551826735169e-01,5.634316425756452640e-02,7.979701272088497443e-01
2.284999999999859366e+00,-7.062608233163418792e-01,5.661394987486961794e-02,7.966885244303020253e-01
2.285999999999859256e+00,-7.061459264037528438e-01,5.688513744517698090e-02,7.953973156044843451e-01
2.286999999999859146e+00,-7.060303636783059611e-01,5.715672105349911547e-02,7.940965642316276663e-01
2.287999999999859035e+00,-7.059141344378971894e-01,5.742869482338847087e-02,7.927863342841772187e-01
2.288999999999858925e+00,-7.057972380452413041e-01,5.770105291536919978e-02,7.914666902109099844e-01
2.289999999999858815e+00,-7.056796739282548137e-01,5.797378952561832444e-02,7.901376969407457596e-01
2.290999999999858705e+00,-7.055614415804868367e-01,5.824689888486273004e-02,7.887994198862360307e-01
2.291999999999858595e+00,-7.054425405615841749e-01,5.852037525746139890e-02,7.874519249467114568e-01
2.292999999999858485e+00,-7.053229704977771464e-01,5.879421294064257619e-02,7.860952785110667529e-01
2.293999999999858375e+00,-7.052027310823725248e-01,5.906840626386566928e-02,7.847295474601594378e-01
2.294999999999858264e+00,-7.050818220762408162e-01,5.934294958828217892e-02,7.833547991687984657e-01
2.295999999999858154e+00,-7.049602433082832187e-01,5.961783730626801781e-02,7.819711015072949856e-01
2.296999999999858044e+00,-7.048379946758654979e-01,5.989306384100390179e-02,7.805785228425480282e-01
2.297999999999857934e+00,-7.047150761452061207e-01,6.016862364608033253e-02,7.791771320386358113e-01
2.298999999999857824e+00,-7.045914877517058805e-01,6.044451120510468956e-02,7.777669984568845729e-01
2.299999999999857714e+00,-7.044672296002065792e-01,6.072072103129222409e-02,7.763481919553850696e-01
2.300999999999857604e+00,-7.043423018650958323e-01,6.099724766673542131e-02,7.749207828871729209e-01
2.301999999999857494e+00,-7.042167047797501800e-01,6.127408564024661164e-02,7.734848419829662980e-01
2.302999999999857383e+00,-7.040904386237802903e-01,6.155122941733442987e-02,7.720404400942154632e-01
2.303999999999857273e+00,-7.039635037125275829e-01,6.182867336030145600e-02,7.705876481242287523e-01
2.304999999999857163e+00,-7.038359003979144379e-01,6.210641173344294552e-02,7.691265370307429627e-01
2.305999999999857053e+00,-7.037076290687541702e-01,6.238443870634896582e-02,7.676571778279537295e-01
2.306999999999856943e+00,-7.035786901505535207e-01,6.266274835551088884e-02,7.661796415880124389e-01
2.307999999999856833e+00,-7.034490841052364329e-01,6.294133466591228521e-02,7.646939994419986730e-01
2.308999999999856723e+00,-7.033188114307897809e-01,6.322019153259605950e-02,7.632003225803780655e-01
2.309999999999856612e+00,-7.031878726608306041e-01,6.349931276220127652e-02,7.616986822529584478e-01
2.310999999999856502e+00,-7.030562683640948496e-01,6.377869207446434929e-02,7.601891497683576082e-01
2.311999999999856392e+00,-7.029239991438501756e-01,6.405832310367859384e-02,7.586717964929999836e-01
2.312999999999856282e+00,-7.027910656372334808e-01,6.433819940011015204e-02,7.571466938496611565e-01
2.313999999999856172e+00,-7.026574685145168253e-01,6.461831443136545339e-02,7.556139133155804766e-01
2.314999999999856062e+00,-7.025232084783035180e-01,6.489866158370871663e-02,7.540735264201653409e-01
2.315999999999855952e+00,-7.023882862626597001e-01,6.517923416332777053e-02,7.525256047423127814e-01
2.316999999999855842e+00,-7.022527026321854215e-01,6.546002539754802729e-02,7.509702199073754469e-01
2.317999999999855731e+00,-7.021164583810280968e-01,6.574102843599327617e-02,7.494074435838019577e-01
2.318999999999855621e+00,-7.019795543318475550e-01,6.602223635169529592e-02,7.478373474794817177e-01
2.319999999999855511e+00,-7.018419913347344608e-01,6.630364214215228591e-02,7.462600033378287145e-01
2.320999999999855401e+00,-7.017037702660910981e-01,6.658523873033811435e-02,7.446754829336367232e-01
2.321999999999855291e+00,-7.015648920274798472e-01,6.686701896566416004e-02,7.430838580687427752e-01
2.322999999999855181e+00,-7.014253575444463484e-01,6.714897562489646754e-02,7.414852005675343083e-01
2.323999999999855071e+00,-7.012851677653251237e-01,6.743110141303071403e-02,7.398795822723372995e-01
2.324999999999854960e+00,-7.011443236600332085e-01,6.771338896412693042e-02,7.382670750387223535e-01
2.325999999999854850e+00,-7.010028262188606751e-01,6.799583084210825135e-02,7.366477507307661599e-01
2.326999999999854740e+00,-7.008606764512654852e-01,6.827841954152541470e-02,7.350216812163055113e-01
2.327999999999854630e+00,-7.007178753846774466e-01,6.856114748829028605e-02,7.333889383622208546e-01
2.328999999999854520e+00,-7.005744240633224873e-01,6.884400704038118324e-02,7.317495940297840118e-01
2.329999999999854410e+00,-7.004303235470702438e-01,6.912699048852238848e-02,7.301037200701064878e-01
2.330999999999854300e+00,-7.002855749103146232e-01,6.941009005684006805e-02,7.284513883197208939e-01
2.331999999999854190e+00,-7.001401792408924463e-01,6.969329790349643172e-02,7.267926705963281275e-01
2.332999999999854079e+00,-6.999941376390468317e-01,6.997660612130413016e-02,7.251276386947409502e-01
2.333999999999853969e+00,-6.998474512164414296e-01,7.026000673832144550e-02,7.234563643830528301e-01
2.334999999999853859e+00,-6.997001210952298322e-01,7.054349171842932975e-02,7.217789193990585828e-01
2.335999999999853749e+00,-6.995521484071878238e-01,7.082705296189095723e-02,7.200953754469526791e-01
2.336999999999853639e+00,-6.994035342929092458e-01,7.111068230589268069e-02,7.184058041943272022e-01
2.337999999999853529e+00,-6.992542799010734722e-01,7.139437152506661333e-02,7.167102772694913249e-01
2.338999999999853419e+00,-6.991043863877850484e-01,7.167811233199344878e-02,7.150088662591298494e-01
2.339999999999853308e+00,-6.989538549159911573e-01,7.196189637768402036e-02,7.133016427063187948e-01
2.340999999999853198e+00,-6.988026866549772453e-01,7.224571525203760114e-02,7.115886781089112434e-01
2.341999999999853088e+00,-6.986508827799443599e-01,7.252956048427505742e-02,7.098700439183064370e-01
2.342999999999852978e+00,-6.984984444716693108e-01,7.281342354334391365e-02,7.081458115386128904e-01
2.343999999999852868e+00,-6.983453729162483192e-01,7.309729583829294164e-02,7.064160523262124070e-01
2.344999999999852758e+00,-6.981916693049255995e-01,7.338116871861333212e-02,7.046808375897326560e-01
2.345999999999852648e+00,-6.980373348340043194e-01,7.366503347454317341e-02,7.029402385904308659e-01
2.346999999999852538e+00,-6.978823707048427138e-01,7.394888133733312774e-02,7.011943265429922967e-01
2.347999999999852427e+00,-6.977267781239309130e-01,7.423270347946986369e-02,6.994431726167417152e-01
2.348999999999852317e+00,-6.975705583030479273e-01,7.451649101485524618e-02,6.976868479372663190e-01
2.349999999999852207e+00,-6.974137124594967929e-01,7.480023499893950767e-02,6.959254235884457795e-01
2.350999999999852097e+00,-6.972562418164132136e-01,7.508392642880695744e-02,6.941589706148808547e-01
2.351999999999851987e+00,-6.970981476031459234e-01,7.536755624321522795e-02,6.923875600247181294e-01
2.352999999999851877e+00,-6.969394310560002026e-01,7.565111532308266273e-02,6.906112627952439853e-01
2.353999999999851767e+00,-6.967800934191005213e-01,7.593459449202993872e-02,6.888301498822745339e-01
2.354999999999851656e+00,-6.966201359452643960e-01,7.621798451680505959e-02,6.870442922256606577e-01
2.355999999999851546e+00,-6.964595598965556134e-01,7.650127610705897974e-02,6.852537607532261932e-01
2.356999999999851436e+00,-6.962983665448840842e-01,7.678445991509896817e-02,6.834586263849987686e-01
2.357999999999851326e+00,-6.961365571726534363e-01,7.706752653564930000e-02,6.816589600376997682e-01
2.358999999999851216e+00,-6.959741330734345865e-01,7.735046650560145620e-02,6.798548326294552302e-01
2.359999999999851106e+00,-6.958110955526508601e-01,7.763327030376804272e-02,6.780463150846823828e-01
2.360999999999850996e+00,-6.956474459282675493e-01,7.791592835065530576e-02,6.762334783391006354e-01
2.361999999999850886e+00,-6.954831855314732580e-01,7.819843100827356119e-02,6.744163933448089621e-01
2.362999999999850775e+00,-6.953183157073409282e-01,7.848076858000663236e-02,6.725951310753636170e-01
2.363999999999850665e+00,-6.951528378154571142e-01,7.876293131056383290e-02,6.707697625307843525e-01
2.364999999999850555e+00,-6.949867532305054052e-01,7.904490938604152861e-02,6.689403587424089803e-01
2.365999999999850445e+00,-6.948200633427928929e-01,7.932669293412170086e-02,6.671069907775100116e-01
2.366999999999850335e+00,-6.946527695587046969e-01,7.960827202443832018e-02,6.652697297435822277e-01
2.367999999999850225e+00,-6.944848733010765551e-01,7.988963666914195016e-02,6.634286467922038133e-01
2.368999999999850115e+00,-6.943163760094712700e-01,8.017077682369444513e-02,6.615838131223736873e-01
2.369999999999850004e+00,-6.941472791403506815e-01,8.045168238792366200e-02,6.597352999832235554e-01
2.370999999999849894e+00,-6.939775841671316226e-01,8.073234320736727421e-02,6.578831786760098721e-01
2.371999999999849784e+00,-6.938072925801210822e-01,8.101274907493116739e-02,6.560275205552922317e-01
2.372999999999849674e+00,-6.936364058863218052e-01,8.129288973288312237e-02,6.541683970292164751e-01
2.373999999999849564e+00,-6.934649256091092173e-01,8.157275487519810575e-02,6.523058795588319025e-01
2.374999999999849454e+00,-6.932928532877767891e-01,8.185233415026199610e-02,6.504400396563886355e-01
2.375999999999849344e+00,-6.931201904769541677e-01,8.213161716393513334e-02,6.485709488825825986e-01
2.376999999999849233e+00,-6.929469387459037399e-01,8.241059348296564391e-02,6.466986788427365740e-01
2.377999999999849123e+00,-6.927730996777039518e-01,8.268925263873422304e-02,6.448233011819336502e-01
2.378999999999849013e+00,-6.925986748683314875e-01,8.296758413130100873e-02,6.429448875791453633e-01
2.379999999999848903e+00,-6.924236659256564064e-01,8.324557743371607810e-02,6.410635097404272509e-01
2.380999999999848793e+00,-6.922480744683654486e-01,8.352322199654665935e-02,6.391792393912784087e-01
2.381999999999848683e+00,-6.920719021248331604e-01,8.380050725256477095e-02,6.372921482682906147e-01
2.382999999999848573e+00,-6.918951505319566042e-01,8.407742262153444779e-02,6.354023081102322390e-01
2.383999999999848463e+00,-6.917178213339736370e-01,8.435395751503377282e-02,6.335097906487312525e-01
2.384999999999848352e+00,-6.915399161812842976e-01,8.463010134124360206e-02,6.316146675987334147e-01
2.385999999999848242e+00,-6.913614367292897356e-01,8.490584350963659155e-02,6.297170106489172747e-01
2.386999999999848132e+00,-6.911823846372660007e-01,8.518117343550418719e-02,6.278168914522506139e-01
2.387999999999848022e+00,-6.910027615672869050e-01,8.545608054426112599e-02,6.259143816168631913e-01
2.388999999999847912e+00,-6.908225691832055038e-01,8.573055427547754404e-02,6.240095526974028806e-01
2.389999999999847802e+00,-6.906418091497041889e-01,8.600458408659461540e-02,6.221024761870234121e-01
2.390999999999847692e+00,-6.904604831314203883e-01,8.627815945629063732e-02,6.201932235101331736e-01
2.391999999999847581e+00,-6.902785927921497588e-01,8.655126988747324779e-02,6.182818660160116497e-01
2.392999999999847471e+00,-6.900961397941312025e-01,8.682390490988467491e-02,6.163684749733749912e-01
2.393999999999847361e+00,-6.899131257974111531e-01,8.709605408231552159e-02,6.144531215659482237e-01
2.394999999999847251e+00,-6.897295524592865767e-01,8.736770699443180410e-02,6.125358768890778460e-01
2.395999999999847141e+00,-6.895454214338233578e-01,8.763885326822867805e-02,6.106168119473950329e-01
2.396999999999847031e+00,-6.893607343714451829e-01,8.790948255912972575e-02,6.086959976535206707e-01
2.397999999999846921e+00,-6.891754929185878176e-01,8.817958455675678486e-02,6.067735048277842491e-01
2.398999999999846811e+00,-6.889896987174147780e-01,8.844914898540012782e-02,6.048494041989156411e-01
2.399999999999846700e+00,-6.888033534055874041e-01,8.871816560421991182e-02,6.029237664056558144e-01
2.400999999999846590e+00,-6.886164586160842260e-01,8.898662420721353827e-02,6.009966619992239689e-01
2.401999999999846480e+00,-6.884290159770652950e-01,8.925451462298278349e-02,5.990681614465727112e-01
2.402999999999846370e+00,-6.882410271117755940e-01,8.952182671433439598e-02,5.971383351343597656e-01
2.403999999999846260e+00,-6.880524936384833090e-01,8.978855037774802206e-02,5.952072533735616178e-01
2.404999999999846150e+00,-6.878634171704491873e-01,9.005467554274260156e-02,5.932749864046573673e-01
2.405999999999846040e+00,-6.876737993159234286e-01,9.032019217116993293e-02,5.913416044033105168e-01
2.406999999999845929e+00,-6.874836416781668902e-01,9.058509025646410695e-02,5.894071774864811930e-01
2.407999999999845819e+00,-6.872929458554941640e-01,9.084935982286979073e-02,5.874717757189035217e-01
2.408999999999845709e+00,-6.871017134413360816e-01,9.111299092467251004e-02,5.855354691198688677e-01
2.409999999999845599e+00,-6.869099460243203170e-01,9.137597364545008150e-02,5.835983276702589873e-01
2.410999999999845489e+00,-6.867176451883678645e-01,9.163829809736234733e-02,5.816604213197793527e-01
2.411999999999845379e+00,-6.865248125128048384e-01,9.189995442049281316e-02,5.797218199943454664e-01
2.412999999999845269e+00,-6.863314495724879283e-01,9.216093278225601093e-02,5.777825936035826393e-01
2.413999999999845159e+00,-6.861375579379435097e-01,9.242122337687952438e-02,5.758428120484018198e-01
2.414999999999845048e+00,-6.859431391755180796e-01,9.268081642496961425e-02,5.739025452286187212e-01
2.415999999999844938e+00,-6.857481948475414590e-01,9.293970217316588345e-02,5.719618630505891588e-01
2.416999999999844828e+00,-6.855527265125008762e-01,9.319787089389169887e-02,5.700208354348331730e-01
2.417999999999844718e+00,-6.853567357252245973e-01,9.345531288520186886e-02,5.680795323236285110e-01
2.418999999999844608e+00,-6.851602240370771035e-01,9.371201847073146185e-02,5.661380236885522610e-01
2.419999999999844498e+00,-6.849631929961620402e-01,9.396797799974537790e-02,5.641963795379548730e-01
2.420999999999844388e+00,-6.847656441475353795e-01,9.422318184729072676e-02,5.622546699243522461e-01
2.421999999999844277e+00,-6.845675790334254662e-01,9.447762041444945913e-02,5.603129649517224475e-01
2.422999999999844167e+00,-6.843689991934610584e-01,9.473128412869125103e-02,5.583713347826959605e-01
2.423999999999844057e+00,-6.841699061649055835e-01,9.498416344432425440e-02,5.564298496456302479e-01
2.424999999999843947e+00,-6.839703014828976135e-01,9.523624884304110472e-02,5.544885798415591927e-01
2.425999999999843837e+00,-6.837701866806957796e-01,9.548753083455729929e-02,5.525475957510096459e-01
2.426999999999843727e+00,-6.835695632899273511e-01,9.573799995733905943e-02,5.506069678406779744e-01
2.427999999999843617e+00,-6.833684328408400344e-01,9.598764677941645784e-02,5.486667666699605039e-01
2.428999999999843507e+00,-6.831667968625556586e-01,9.623646189927842487e-02,5.467270628973309732e-01
2.429999999999843396e+00,-6.829646568833234177e-01,9.648443594684508184e-02,5.447879272865597811e-01
2.430999999999843286e+00,-6.827620144307741112e-01,9.673155958451395975e-02,5.428494307127695873e-01
2.431999999999843176e+00,-6.825588710321709440e-01,9.697782350827499620e-02,5.409116441683214926e-01
2.432999999999843066e+00,-6.823552282146585490e-01,9.722321844888970332e-02,5.389746387685278028e-01
2.433999999999842956e+00,-6.821510875055070144e-01,9.746773517313134239e-02,5.370384857571852688e-01
2.434999999999842846e+00,-6.819464504323511367e-01,9.771136448507927730e-02,5.351032565119245854e-01
2.435999999999842736e+00,-6.817413185234213469e-01,9.795409722746556413e-02,5.331690225493713742e-01
2.436999999999842625e+00,-6.815356933077679757e-01,9.819592428306633813e-02,5.312358555301139873e-01
2.437999999999842515e+00,-6.813295763154760820e-01,9.843683657613611082e-02,5.293038272634730257e-01
2.438999999999842405e+00,-6.811229690778686230e-01,9.867682507387848245e-02,5.273730097120690186e-01
2.439999999999842295e+00,-6.809158731276990784e-01,9.891588078794932848e-02,5.254434749961829354e-01
2.440999999999842185e+00,-6.807082899993306402e-01,9.915399477598868527e-02,5.235152953979058665e-01
2.441999999999842075e+00,-6.805002212289014141e-01,9.939115814317578401e-02,5.215885433650733205e-01
2.442999999999841965e+00,-6.802916683544749654e-01,9.962736204380379101e-02,5.196632915149805854e-01
2.443999999999841855e+00,-6.800826329161745454e-01,9.986259768286970262e-02,5.177396126378750463e-01
2.444999999999841744e+00,-6.798731164563009965e-01,1.000968563176753978e-01,5.158175797002222396e-01
2.445999999999841634e+00,-6.796631205194321179e-01,1.003301292594355187e-01,5.138972658477415356e-01
2.446999999999841524e+00,-6.794526466525051545e-01,1.005624078748887373e-01,5.119787444082095629e-01
2.447999999999841414e+00,-6.792416964048784145e-01,1.007936835879085780e-01,5.100620888940277098e-01
2.448999999999841304e+00,-6.790302713283751235e-01,1.010239478811095215e-01,5.081473730045518167e-01
2.449999999999841194e+00,-6.788183729773065167e-01,1.012531922974458376e-01,5.062346706281812825e-01
2.450999999999841084e+00,-6.786060029084742817e-01,1.014814084417986484e-01,5.043240558442071420e-01
2.451999999999840973e+00,-6.783931626811536830e-01,1.017085879825492811e-01,5.024156029244162269e-01
2.452999999999840863e+00,-6.781798538570548152e-01,1.019347226531346351e-01,5.005093863344517446e-01
2.453999999999840753e+00,-6.779660780002643161e-01,1.021598042535817319e-01,4.986054807349294404e-01
2.454999999999840643e+00,-6.777518366771659863e-01,1.023838246520198947e-01,4.967039609823092339e-01
2.455999999999840533e+00,-6.775371314563410907e-01,1.026067757861657270e-01,4.948049021295226613e-01
2.456999999999840423e+00,-6.773219639084494537e-01,1.028286496647802251e-01,4.929083794263576790e-01
2.457999999999840313e+00,-6.771063356060905702e-01,1.030494383690945259e-01,4.910144683196017157e-01
2.458999999999840202e+00,-6.768902481236459545e-01,1.032691340542024605e-01,4.891232444529451384e-01
2.459999999999840092e+00,-6.766737030371035022e-01,1.034877289504174125e-01,4.872347836666477972e-01
2.460999999999839982e+00,-6.764567019238642009e-01,1.037052153645918739e-01,4.853491619969715898e-01
2.461999999999839872e+00,-6.762392463625330752e-01,1.039215856813973660e-01,4.834664556753824338e-01
2.462999999999839762e+00,-6.760213379326942551e-01,1.041368323645631144e-01,4.815867411275261967e-01
2.463999999999839652e+00,-6.758029782146717235e-01,1.043509479580720378e-01,4.797100949719829144e-01
2.464999999999839542e+00,-6.755841687892774061e-01,1.045639250873117709e-01,4.778365940188048500e-01
2.465999999999839432e+00,-6.753649112375480490e-01,1.047757564601801139e-01,4.759663152678443310e-01
2.466999999999839321e+00,-6.751452071404713262e-01,1.049864348681429638e-01,4.740993359068773061e-01
2.467999999999839211e+00,-6.749250580787040654e-01,1.051959531872435072e-01,4.722357333095305032e-01
2.468999999999839101e+00,-6.747044656322829237e-01,1.054043043790611200e-01,4.703755850330192945e-01
2.469999999999838991e+00,-6.744834313803313997e-01,1.056114814916199185e-01,4.685189688157045951e-01
2.470999999999838881e+00,-6.742619569007622937e-01,1.058174776602442968e-01,4.666659625744782880e-01
2.471999999999838771e+00,-6.740400437699803904e-01,1.060222861083614521e-01,4.648166444019858901e-01
2.472999999999838661e+00,-6.738176935625854735e-01,1.062259001482497300e-01,4.629710925636977281e-01
2.473999999999838550e+00,-6.735949078510791166e-01,1.064283131817312378e-01,4.611293854948388948e-01
2.474999999999838440e+00,-6.733716882055765796e-01,1.066295187008082235e-01,4.592916017971896414e-01
2.475999999999838330e+00,-6.731480361935273660e-01,1.068295102882420577e-01,4.574578202357691969e-01
2.476999999999838220e+00,-6.729239533794456607e-01,1.070282816180741503e-01,4.556281197354152268e-01
2.477999999999838110e+00,-6.726994413246548676e-01,1.072258264560869145e-01,4.538025793772736405e-01
2.478999999999838000e+00,-6.724745015870471354e-01,1.074221386602048911e-01,4.519812783952126822e-01
2.479999999999837890e+00,-6.722491357209480212e-01,1.076172121809567117e-01,4.501642961725732528e-01
2.480999999999837780e+00,-6.720233452778314742e-01,1.078110410630510052e-01,4.483517122445111469e-01
2.481999999999837669e+00,-6.717971318068149955e-01,1.080036194465555655e-01,4.465436063016158807e-01
2.482999999999837559e+00,-6.715704968550182397e-01,1.081949415677770365e-01,4.447400581868459213e-01
2.483999999999837449e+00,-6.713434419672485998e-01,1.083850017590833326e-01,4.429411478915504241e-01
2.484999999999837339e+00,-6.711159686858682027e-01,1.085737944488652795e-01,4.411469555515239449e-01
2.485999999999837229e+00,-6.708880785506996514e-01,1.087613141614319767e-01,4.393575614431134979e-01
2.486999999999837119e+00,-6.706597730989714012e-01,1.089475555168367138e-01,4.375730459793981675e-01
2.487999999999837009e+00,-6.704310538653077689e-01,1.091325132306321111e-01,4.357934897064618118e-01
2.488999999999836898e+00,-6.702019223817634597e-01,1.093161821135533174e-01,4.340189732997795091e-01
2.489999999999836788e+00,-6.699723801779096100e-01,1.094985570711283773e-01,4.322495775607385071e-01
2.490999999999836678e+00,-6.697424287809694565e-01,1.096796331032148242e-01,4.304853834133149926e-01
2.491999999999836568e+00,-6.695120697160098500e-01,1.098594053034616658e-01,4.287264719009259428e-01
2.492999999999836458e+00,-6.692813045061889454e-01,1.100378688586971521e-01,4.269729241834758215e-01
2.493999999999836348e+00,-6.690501346730624022e-01,1.102150190482409364e-01,4.252248215346154381e-01
2.494999999999836238e+00,-6.688185617369492020e-01,1.103908512431426292e-01,4.234822453392279584e-01
2.495999999999836128e+00,-6.685865872173581970e-01,1.105653609053466324e-01,4.217452770911547799e-01
2.496999999999836017e+00,-6.683542126334742761e-01,1.107385435867858092e-01,4.200139983911684860e-01
2.497999999999835907e+00,-6.681214395047050392e-01,1.109103949284067636e-01,4.182884909451959898e-01
2.498999999999835797e+00,-6.678882693512835367e-01,1.110809106591303386e-01,4.165688365627872036e-01
2.499999999999835687e+00,-6.676547036949257441e-01,1.112500865947532169e-01,4.148551171558163553e-01
2.500999999999835577e+00,-6.674207440595365526e-01,1.114179186367974528e-01,4.131474147373929706e-01
2.501999999999835467e+00,-6.671863919719578373e-01,1.115844027713173703e-01,4.114458114209463835e-01
2.502999999999835357e+00,-6.669516489627509426e-01,1.117495350676748211e-01,4.097503894194324814e-01
2.503999999999835246e+00,-6.667165165670014826e-01,1.119133116772972891e-01,4.080612310445948521e-01
2.504999999999835136e+00,-6.664809963251330238e-01,1.120757288324351064e-01,4.063784187061909581e-01
2.505999999999835026e+00,-6.662450897837155495e-01,1.122367828449392091e-01,4.047020349110726500e-01
2.506999999999834916e+00,-6.660087984962483887e-01,1.123964701050816362e-01,4.030321622619836286e-01
2.507999999999834806e+00,-6.657721240238968496e-01,1.125547870804474160e-01,4.013688834559109297e-01
2.508999999999834696e+00,-6.655350679361593524e-01,1.127117303149280936e-01,3.997122812817982540e-01
2.509999999999834586e+00,-6.652976318114374177e-01,1.128672964278517044e-01,3.980624386174011486e-01
2.510999999999834476e+00,-6.650598172374821981e-01,1.130214821132872749e-01,3.964194384250375736e-01
2.511999999999834365e+00,-6.648216258116866895e-01,1.131742841395637078e-01,3.947833637459637335e-01
2.512999999999834255e+00,-6.645830591411951982e-01,1.133256993490456832e-01,3.931542976930882949e-01
2.513999999999834145e+00,-6.643441188428022004e-01,1.134757246582085433e-01,3.915323234417295017e-01
2.514999999999834035e+00,-6.641048065426131686e-01,1.136243570580536821e-01,3.899175242181239232e-01
2.515999999999833925e+00,-6.638651238754482709e-01,1.137715936149019114e-01,3.883099832854128852e-01
2.516999999999833815e+00,-6.636250724839727333e-01,1.139174314715977743e-01,3.867097839268713311e-01
2.517999999999833705e+00,-6.633846540175473150e-01,1.140618678491491234e-01,3.851170094261977539e-01
2.518999999999833594e+00,-6.631438701308020045e-01,1.142049000488160049e-01,3.835317430447635068e-01
2.519999999999833484e+00,-6.629027224819490360e-01,1.143465254546513488e-01,3.819540679958161045e-01
2.520999999999833374e+00,-6.626612127308615374e-01,1.144867415364813068e-01,3.803840674157464852e-01
2.521999999999833264e+00,-6.624193425369577781e-01,1.146255458532979277e-01,3.788218243326583745e-01
2.522999999999833154e+00,-6.621771135569460842e-01,1.147629360570229240e-01,3.772674216326110663e-01
2.523999999999833044e+00,-6.619345274424912606e-01,1.148989098965862432e-01,3.757209420240376074e-01
2.524999999999832934e+00,-6.616915858378769055e-01,1.150334652222533283e-01,3.741824680009585014e-01
2.525999999999832824e+00,-6.614482903777405554e-01,1.151665999901251847e-01,3.726520818057070805e-01
2.526999999999832713e+00,-6.612046426849617076e-01,1.152983122667320393e-01,3.711298653919470336e-01
2.527999999999832603e+00,-6.609606443687811028e-01,1.154286002336431527e-01,3.696159003887916072e-01
2.528999999999832493e+00,-6.607162970232225430e-01,1.155574621920184564e-01,3.681102680668216220e-01
2.529999999999832383e+00,-6.604716022258829700e-01,1.156848965670403961e-01,3.666130493067482066e-01
2.530999999999832273e+00,-6.602265615371415430e-01,1.158109019121758565e-01,3.651243245713787777e-01
2.531999999999832163e+00,-6.599811764998291252e-01,1.159354769132353580e-01,3.636441738814291114e-01
2.532999999999832053e+00,-6.597354486393843809e-01,1.160586203922147064e-01,3.621726767955893989e-01
2.533999999999831942e+00,-6.594893794645109164e-01,1.161803313109212588e-01,3.607099123951075792e-01
2.534999999999831832e+00,-6.592429704683393510e-01,1.163006087744053452e-01,3.592559592730096840e-01
2.535999999999831722e+00,-6.589962231300862117e-01,1.164194520342305972e-01,3.578108955279422077e-01
2.536999999999831612e+00,-6.587491389171979961e-01,1.165368604916310891e-01,3.563747987625038860e-01
2.537999999999831502e+00,-6.585017192879587533e-01,1.166528337006109695e-01,3.549477460858369571e-01
2.538999999999831392e+00,-6.582539656945423090e-01,1.167673713710484784e-01,3.535298141201732025e-01
2.539999999999831282e+00,-6.580058795864818233e-01,1.168804733718685207e-01,3.521210790109783884e-01
2.540999999999831171e+00,-6.577574624145354765e-01,1.169921397343466896e-01,3.507216164403080816e-01
2.541999999999831061e+00,-6.575087156349214146e-01,1.171023706556036936e-01,3.493315016429738296e-01
2.542999999999830951e+00,-6.572596407138984187e-01,1.172111665023407023e-01,3.479508094251185235e-01
2.543999999999830841e+00,-6.570102391326654301e-01,1.173185278148577426e-01,3.465796141848087042e-01
2.544999999999830731e+00,-6.567605123925510657e-01,1.174244553113811262e-01,3.452179899342645575e-01
2.545999999999830621e+00,-6.565104620204587071e-01,1.175289498927112319e-01,3.438660103233601717e-01
2.546999999999830511e+00,-6.562600895745238638e-01,1.176320126471809280e-01,3.425237486640365647e-01
2.547999999999830401e+00,-6.560093966499327411e-01,1.177336448558907178e-01,3.411912779552698782e-01
2.548999999999830290e+00,-6.557583848848309582e-01,1.178338479981597131e-01,3.398686709082283097e-01
2.549999999999830180e+00,-6.555070559662362628e-01,1.179326237570963443e-01,3.385559999712300927e-01
2.550999999999830070e+00,-6.552554116358456637e-01,1.180299740251593565e-01,3.372533373540793078e-01
2.551999999999829960e+00,-6.550034536955993136e-01,1.181259009095346757e-01,3.359607550513089569e-01
2.552999999999829850e+00,-6.547511840128369398e-01,1.182204067371113165e-01,3.346783248638008912e-01
2.553999999999829740e+00,-6.544986045248493145e-01,1.183134940587921013e-01,3.334061184181854043e-01
2.554999999999829630e+00,-6.542457172425991674e-01,1.184051656528300467e-01,3.321442071833534682e-01
2.555999999999829519e+00,-6.539925242533589644e-01,1.184954245268386441e-01,3.308926624833520846e-01
2.556999999999829409e+00,-6.537390277219915502e-01,1.185842739180952288e-01,3.296515555058853741e-01
2.557999999999829299e+00,-6.534852298905944323e-01,1.186717172917386431e-01,3.284209573056282583e-01
2.558999999999829189e+00,-6.532311330762335944e-01,1.187577583364708422e-01,3.272009388015856279e-01
2.559999999999829079e+00,-6.529767396665221435e-01,1.188424009574063356e-01,3.259915707678137098e-01
2.560999999999828969e+00,-6.527220521128498376e-01,1.189256492657864706e-01,3.247929238169741106e-01
2.561999999999828859e+00,-6.524670729211489162e-01,1.190075075653824754e-01,3.236050683764183367e-01
2.562999999999828749e+00,-6.522118046401806923e-01,1.190879803355581745e-01,3.224280746568007339e-01
2.563999999999828638e+00,-6.519562498474501533e-01,1.191670722111414782e-01,3.212620126135787846e-01
2.564999999999828528e+00,-6.517004111329870453e-01,1.192447879594489835e-01,3.201069519021542131e-01
2.565999999999828418e+00,-6.514442910813638132e-01,1.193211324550107477e-01,3.189629618278070344e-01
2.566999999999828308e+00,-6.511878922524355628e-01,1.193961106527210991e-01,3.178301112919300064e-01
2.567999999999828198e+00,-6.509312171613786946e-01,1.194697275602885633e-01,3.167084687363482254e-01
2.568999999999828088e+00,-6.506742682586511561e-01,1.195419882109424181e-01,3.155981020876666432e-01
2.569999999999827978e+00,-6.504170479105038094e-01,1.196128976373734276e-01,3.144990787036081592e-01
2.570999999999827867e+00,-6.501595583806244472e-01,1.196824608478297414e-01,3.134114653231811487e-01
2.571999999999827757e+00,-6.499018018137446839e-01,1.197506828056447703e-01,3.123353280236043639e-01
2.572999999999827647e+00,-6.496437802222395641e-01,1.198175684137580133e-01,3.112707321912879799e-01
2.573999999999827537e+00,-6.493854954745668095e-01,1.198831225026530944e-01,3.102177424974678077e-01
2.574999999999827427e+00,-6.491269492854707668e-01,1.199473498216630518e-01,3.091764228757500899e-01
2.575999999999827317e+00,-6.488681432080226630e-01,1.200102550337787677e-01,3.081468365072065896e-01
2.576999999999827207e+00,-6.486090786280054310e-01,1.200718427147035583e-01,3.071290458129469214e-01
2.577999999999827097e+00,-6.483497567602820588e-01,1.201321173556332833e-01,3.061231124535249704e-01
2.578999999999826986e+00,-6.480901786468686865e-01,1.201910833693401459e-01,3.051290973343458446e-01
2.579999999999826876e+00,-6.478303451564019211e-01,1.202487450990791795e-01,3.041470606161314483e-01
2.580999999999826766e+00,-6.475702569846840673e-01,1.203051068298160997e-01,3.031770617294677339e-01
2.581999999999826656e+00,-6.473099146559987416e-01,1.203601728012808625e-01,3.022191593924780650e-01
2.582999999999826546e+00,-6.470493185249170942e-01,1.204139472223841323e-01,3.012734116307319576e-01
2.583999999999826436e+00,-6.467884687783470588e-01,1.204664342865789384e-01,3.003398757985912826e-01
2.584999999999826326e+00,-6.465273654376176848e-01,1.205176381878028669e-01,2.994186086013015391e-01
2.585999999999826215e+00,-6.462660083604337968e-01,1.205675631366924794e-01,2.985096661172473853e-01
2.586999999999826105e+00,-6.460043972425766334e-01,1.206162133768158284e-01,2.976131038198982504e-01
2.587999999999825995e+00,-6.457425316192665354e-01,1.206635932007174006e-01,2.967289765990694383e-01
2.588999999999825885e+00,-6.454804108661482687e-01,1.207097069656103971e-01,2.958573387812142297e-01
2.589999999999825775e+00,-6.452180341998920987e-01,1.207545591085880110e-01,2.949982441485420881e-01
2.590999999999825665e+00,-6.449554006784534721e-01,1.207981541612443421e-01,2.941517459568321335e-01
2.591999999999825555e+00,-6.446925092010710179e-01,1.208404967636147465e-01,2.933178969518823176e-01
2.592999999999825445e+00,-6.444293585081345421e-01,1.208815916773447463e-01,2.924967493846128974e-01
2.593999999999825334e+00,-6.441659471811147508e-01,1.209214437979934664e-01,2.916883550249389501e-01
2.594999999999825224e+00,-6.439022736428179350e-01,1.209600581663536900e-01,2.908927651746584520e-01
2.595999999999825114e+00,-6.436383361583241092e-01,1.209974399786387655e-01,2.901100306797999018e-01
2.596999999999825004e+00,-6.433741328370949919e-01,1.210335945953334713e-01,2.893402019431764449e-01
2.597999999999824894e+00,-6.431096616369160746e-01,1.210685275484286727e-01,2.885833289383730182e-01
2.598999999999824784e+00,-6.428449203705826065e-01,1.211022445466530817e-01,2.878394612271594211e-01
2.599999999999824674e+00,-6.425799067166089173e-01,1.211347514781596080e-01,2.871086479835566196e-01
2.600999999999824563e+00,-6.423146182357813982e-01,1.211660544098978609e-01,2.863909380297931517e-01
2.601999999999824453e+00,-6.420490523962121276e-01,1.211961595825731264e-01,2.856863798926896347e-01
2.602999999999824343e+00,-6.417832066108611899e-01,1.212250733995844376e-01,2.849950218944810598e-01
2.603999999999824233e+00,-6.415170782935842864e-01,1.212528024075517630e-01,2.843169123012148081e-01
2.604999999999824123e+00,-6.412506649431169992e-01,1.212793532648160921e-01,2.836520995670240297e-01
2.605999999999824013e+00,-6.409839642696748552e-01,1.213047326924032721e-01,2.830006327370601094e-01
2.606999999999823903e+00,-6.407169743864793432e-01,1.213289473991973066e-01,2.823625621079559056e-01
2.607999999999823793e+00,-6.404496940968775753e-01,1.213520039698684494e-01,2.817379402837053015e-01
2.608999999999823682e+00,-6.401821233066100625e-01,1.213739087032258968e-01,2.811268237514618629e-01
2.609999999999823572e+00,-6.399142635467572893e-01,1.213946673994337755e-01,2.805292748482766663e-01
2.610999999999823462e+00,-6.396461184474454553e-01,1.214142851341296070e-01,2.799453631458692082e-01
2.611999999999823352e+00,-6.393776937899375845e-01,1.214327661222370791e-01,2.793751640043470874e-01
2.612999999999823242e+00,-6.391089968307593905e-01,1.214501137806460185e-01,2.788187525580261839e-01
2.613999999999823132e+00,-6.388400351618422901e-01,1.214663309731048857e-01,2.782761956060492703e-01
2.614999999999823022e+00,-6.385708157887233227e-01,1.214814202949358601e-01,2.777475466880164334e-01
2.615999999999822911e+00,-6.383013448226110276e-01,1.214953842771992476e-01,2.772328461857325177e-01
2.616999999999822801e+00,-6.380316276268422904e-01,1.215082254983823051e-01,2.767321242009911919e-01
2.617999999999822691e+00,-6.377616690810391509e-01,1.215199466481159396e-01,2.762454037672557039e-01
2.618999999999822581e+00,-6.374914737922545704e-01,1.215305505737979685e-01,2.757727033910379877e-01
2.619999999999822471e+00,-6.372210462282149601e-01,1.215400403197293144e-01,2.753140388260719162e-01
2.620999999999822361e+00,-6.369503907919151775e-01,1.215484191602103081e-01,2.748694242557918610e-01
2.621999999999822251e+00,-6.366795118584325230e-01,1.215556906263214887e-01,2.744388730696957768e-01
2.622999999999822140e+00,-6.364084137885452908e-01,1.215618585259706785e-01,2.740223983695676546e-01
2.623999999999822030e+00,-6.361371009283431910e-01,1.215669269569056299e-01,2.736200132951644437e-01
2.624999999999821920e+00,-6.358655776004606963e-01,1.215709003125579057e-01,2.732317312267570353e-01
2.625999999999821810e+00,-6.355938480903777776e-01,1.215737832807788910e-01,2.728575659015187171e-01
2.626999999999821700e+00,-6.353219166299428622e-01,1.215755808357564804e-01,2.724975314682479000e-01
2.627999999999821590e+00,-6.350497873795090120e-01,1.215762982236507361e-01,2.721516424972750814e-01
2.628999999999821480e+00,-6.347774644096568775e-01,1.215759409427422111e-01,2.718199139576879531e-01
2.629999999999821370e+00,-6.345049516832411696e-01,1.215745147191178432e-01,2.715023611710162266e-01
2.630999999999821259e+00,-6.342322530383825985e-01,1.215720254791029520e-01,2.711989997485265147e-01
2.631999999999821149e+00,-6.339593721729490650e-01,1.215684793197583935e-01,2.709098455178643450e-01
2.632999999999821039e+00,-6.336863126310048333e-01,1.215638824787849681e-01,2.706349144436918097e-01
2.633999999999820929e+00,-6.334130777916289201e-01,1.215582413051051747e-01,2.703742225460641913e-01
2.634999999999820819e+00,-6.331396708603951318e-01,1.215515622312351995e-01,2.701277858194953696e-01
2.635999999999820709e+00,-6.328660948636859462e-01,1.215438517483403147e-01,2.698956201549461698e-01
2.636999999999820599e+00,-6.325923526458723245e-01,1.215351163846000726e-01,2.696777412663304840e-01
2.637999999999820488e+00,-6.323184468692639726e-01,1.215253626872428994e-01,2.694741646225705112e-01
2.638999999999820378e+00,-6.320443800166144488e-01,1.215145972083518378e-01,2.692849053857592212e-01
2.639999999999820268e+00,-6.317701543958786914e-01,1.215028264943273650e-01,2.691099783556051284e-01
2.640999999999820158e+00,-6.314957721468615892e-01,1.214900570787264544e-01,2.689493979200458518e-01
2.641999999999820048e+00,-6.312212352493694612e-01,1.214762954780829185e-01,2.688031780117119407e-01
2.642999999999819938e+00,-6.309465455324775318e-01,1.214615481902516780e-01,2.686713320697953766e-01
2.643999999999819828e+00,-6.306717046845504715e-01,1.214458216948011149e-01,2.685538730068088298e-01
2.644999999999819718e+00,-6.303967142636917043e-01,1.214291224549891579e-01,2.684508131797015973e-01
2.645999999999819607e+00,-6.301215757083438174e-01,1.214114569208986083e-01,2.683621643648120836e-01
2.646999999999819497e+00,-6.298462903478150299e-01,1.213928315333555052e-01,2.682879377361699902e-01
2.647999999999819387e+00,-6.295708594125521973e-01,1.213732527283133411e-01,2.682281438467089552e-01
2.648999999999819277e+00,-6.292952840440326767e-01,1.213527269414418908e-01,2.681827926120022298e-01
2.649999999999819167e+00,-6.290195653041805723e-01,1.213312606127151527e-01,2.681518932961857726e-01
2.650999999999819057e+00,-6.287437041842514063e-01,1.213088601908404729e-01,2.681354544997823219e-01
2.651999999999818947e+00,-6.284677016131560157e-01,1.212855321374154416e-01,2.681334841491855303e-01
2.652999999999818836e+00,-6.281915584632153937e-01,1.212612829270117709e-01,2.681459894645185638e-01
2.653999999999818726e+00,-6.279152755530753582e-01,1.212361190425894630e-01,2.681729768621201604e-01
2.654999999999818616e+00,-6.276388536510626448e-01,1.212100469722860452e-01,2.682144519063109356e-01
2.655999999999818506e+00,-6.273622934809786056e-01,1.211830732112398334e-01,2.682704193057457442e-01
2.656999999999818396e+00,-6.270855957282053250e-01,1.211552042644766236e-01,2.683408829112093885e-01
2.657999999999818286e+00,-6.268087610452407477e-01,1.211264466490901137e-01,2.684258457151114663e-01
2.658999999999818176e+00,-6.265317900581870436e-01,1.210968068981829182e-01,2.685253098599360566e-01
2.659999999999818066e+00,-6.262546833723812156e-01,1.210662915636851467e-01,2.686392766473494342e-01
2.660999999999817955e+00,-6.259774415772364486e-01,1.210349072181248764e-01,2.687677465397909637e-01
2.661999999999817845e+00,-6.257000652498141413e-01,1.210026604545688667e-01,2.689107191619052317e-01
2.662999999999817735e+00,-6.254225549583365407e-01,1.209695578866180621e-01,2.690681933025972361e-01
2.663999999999817625e+00,-6.251449112654441365e-01,1.209356061481378641e-01,2.692401669176712753e-01
2.664999999999817515e+00,-6.248671347312241275e-01,1.209008118927519804e-01,2.694266371330170107e-01
2.665999999999817405e+00,-6.245892259160342741e-01,1.208651817931266081e-01,2.696276002483091738e-01
2.666999999999817295e+00,-6.243111853831421199e-01,1.208287225400703768e-01,2.698430517411885554e-01
2.667999999999817184e+00,-6.240330137011975697e-01,1.207914408414751395e-01,2.700729862718943552e-01
2.668999999999817074e+00,-6.237547114465566978e-01,1.207533434211188750e-01,2.703173976883180840e-01
2.669999999999816964e+00,-6.234762792054704406e-01,1.207144370173525716e-01,2.705762790314513722e-01
2.670999999999816854e+00,-6.231977175761513887e-01,1.206747283816898553e-01,2.708496225411998193e-01
2.671999999999816744e+00,-6.229190271707299997e-01,1.206342242773176254e-01,2.711374196625363497e-01
2.672999999999816634e+00,-6.226402086171100025e-01,1.205929314775432970e-01,2.714396610519678732e-01
2.673999999999816524e+00,-6.223612625607320981e-01,1.205508567641939699e-01,2.717563365842894374e-01
2.674999999999816414e+00,-6.220821896662538375e-01,1.205080069259810704e-01,2.720874353596007822e-01
2.675999999999816303e+00,-6.218029906191518963e-01,1.204643887568425664e-01,2.724329457105607588e-01
2.676999999999816193e+00,-6.215236661272537377e-01,1.204200090542740242e-01,2.727928552098549675e-01
2.677999999999816083e+00,-6.212442169222035515e-01,1.203748746176586115e-01,2.731671506778530767e-01
2.678999999999815973e+00,-6.209646437608680181e-01,1.203289922466052042e-01,2.735558181904323982e-01
2.679999999999815863e+00,-6.206849474266862288e-01,1.202823687393026475e-01,2.739588430869446811e-01
2.680999999999815753e+00,-6.204051287309686469e-01,1.202350108908982751e-01,2.743762099783040309e-01
2.681999999999815643e+00,-6.201251885141485509e-01,1.201869254919066821e-01,2.748079027551736941e-01
2.682999999999815532e+00,-6.198451276469909565e-01,1.201381193266557457e-01,2.752539045962304476e-01
2.683999999999815422e+00,-6.195649470317620144e-01,1.200885991717745016e-01,2.757141979764857753e-01
2.684999999999815312e+00,-6.192846476033646574e-01,1.200383717947290929e-01,2.761887646756435166e-01
2.685999999999815202e+00,-6.190042303304421623e-01,1.199874439524108993e-01,2.766775857864741672e-01
2.686999999999815092e+00,-6.187236962164559539e-01,1.199358223897812881e-01,2.771806417231863495e-01
2.687999999999814982e+00,-6.184430463007414280e-01,1.198835138385775934e-01,2.776979122297772995e-01
2.688999999999814872e+00,-6.181622816595464531e-01,1.198305250160834334e-01,2.782293763883437188e-01
2.689999999999814762e+00,-6.178814034070567729e-01,1.197768626239685830e-01,2.787750126273357276e-01
2.690999999999814651e+00,-6.176004126964148577e-01,1.197225333472005659e-01,2.793347987297365997e-01
2.691999999999814541e+00,-6.173193107207357588e-01,1.196675438530329649e-01,2.799087118411518471e-01
2.692999999999814431e+00,-6.170380987141278473e-01,1.196119007900734443e-01,2.804967284777917236e-01
2.693999999999814321e+00,-6.167567779527232119e-01,1.195556107874361507e-01,2.810988245343311043e-01
2.694999999999814211e+00,-6.164753497557238227e-01,1.194986804539817649e-01,2.817149752916322525e-01
2.695999999999814101e+00,-6.161938154864716743e-01,1.194411163776500362e-01,2.823451554243149308e-01
2.696999999999813991e+00,-6.159121765535482407e-01,1.193829251248883505e-01,2.829893390081604232e-01
2.697999999999813880e+00,-6.156304344119123417e-01,1.193241132401827165e-01,2.836474995273348121e-01
2.698999999999813770e+00,-6.153485905640828646e-01,1.192646872456937235e-01,2.843196098814183004e-01
2.699999999999813660e+00,-6.150666465613743306e-01,1.192046536410049651e-01,2.850056423922275317e-01
2.700999999999813550e+00,-6.147846040051940797e-01,1.191440189029876473e-01,2.857055688104178093e-01
2.701999999999813440e+00,-6.145024645484084003e-01,1.190827894857876545e-01,2.864193603218530004e-01
2.702999999999813330e+00,-6.142202298967858187e-01,1.190209718209406242e-01,2.871469875537314143e-01
2.703999999999813220e+00,-6.139379018105246555e-01,1.189585723176204146e-01,2.878884205804559393e-01
2.704999999999813109e+00,-6.136554821058739506e-01,1.188955973630261287e-01,2.886436289292383939e-01
2.705999999999812999e+00,-6.133729726568512008e-01,1.188320533229133003e-01,2.894125815854275974e-01
2.706999999999812889e+00,-6.130903753970646797e-01,1.187679465422712410e-01,2.901952469975533355e-01
2.707999999999812779e+00,-6.128076923216432270e-01,1.187032833461516557e-01,2.909915930820785035e-01
2.708999999999812669e+00,-6.125249254892751738e-01,1.186380700406472477e-01,2.918015872278540424e-01
2.709999999999812559e+00,-6.122420770243556243e-01,1.185723129140193732e-01,2.926251963002741707e-01
2.710999999999812449e+00,-6.119591491192374333e-01,1.185060182379696347e-01,2.934623866451311347e-01
2.711999999999812339e+00,-6.116761440365784397e-01,1.184391922690456456e-01,2.943131240921739167e-01
2.712999999999812228e+00,-6.113930641117697462e-01,1.183718412501661987e-01,2.951773739583783418e-01
2.713999999999812118e+00,-6.111099117554266158e-01,1.183039714122434694e-01,2.960551010509431813e-01
2.714999999999812008e+00,-6.108266894559156723e-01,1.182355889758731626e-01,2.969462696700321813e-01
2.715999999999811898e+00,-6.105433997818807690e-01,1.181667001530514738e-01,2.978508436112906055e-01
2.716999999999811788e+00,-6.102600453847266682e-01,1.180973111488696770e-01,2.987687861681733170e-01
2.717999999999811678e+00,-6.099766290010046887e-01,1.180274281631209510e-01,2.997000601341319181e-01
2.718999999999811568e+00,-6.096931534546363718e-01,1.179570573917441134e-01,3.006446278047188447e-01
2.719999999999811457e+00,-6.094096216589012238e-01,1.178862050280135576e-01,3.016024509796773057e-01
2.720999999999811347e+00,-6.091260366181057151e-01,1.178148772633711427e-01,3.025734909650973359e-01
2.721999999999811237e+00,-6.088424014288418284e-01,1.177430802877854621e-01,3.035577085757273919e-01
2.722999999999811127e+00,-6.085587192807416779e-01,1.176708202895163646e-01,3.045550641375385781e-01
2.723999999999811017e+00,-6.082749934566316075e-01,1.175981034541565551e-01,3.055655174906415361e-01
2.724999999999810907e+00,-6.079912273319985072e-01,1.175249359628306456e-01,3.065890279926558604e-01
2.725999999999810797e+00,-6.077074243736882986e-01,1.174513239894410810e-01,3.076255545226228016e-01
2.726999999999810687e+00,-6.074235881377815227e-01,1.173772736968741182e-01,3.086750554855376971e-01
2.727999999999810576e+00,-6.071397222666109483e-01,1.173027912321141786e-01,3.097374888175542518e-01
2.728999999999810466e+00,-6.068558304849256402e-01,1.172278827202559159e-01,3.108128119918818766e-01
2.729999999999810356e+00,-6.065719165952394576e-01,1.171525542574592404e-01,3.119009820253586529e-01
2.730999999999810246e+00,-6.062879844724433642e-01,1.170768119029462762e-01,3.130019554856406927e-01
2.731999999999810136e+00,-6.060040380578030073e-01,1.170006616702016222e-01,3.141156884989039777e-01
2.732999999999810026e+00,-6.057200813524917793e-01,1.169241095175871381e-01,3.152421367579136269e-01
2.733999999999809916e+00,-6.054361184108406624e-01,1.168471613386297681e-01,3.163812555302822904e-01
2.734999999999809805e+00,-6.051521533334993652e-01,1.167698229522664000e-01,3.175329996667136667e-01
2.735999999999809695e+00,-6.048681902607034866e-01,1.166921000933422992e-01,3.186973236090178130e-01
2.736999999999809585e+00,-6.045842333658337786e-01,1.166139984036480004e-01,3.198741813976872517e-01
2.737999999999809475e+00,-6.043002868495297442e-01,1.165355234239452420e-01,3.210635266792604137e-01
2.738999999999809365e+00,-6.040163549358816830e-01,1.164566805898592516e-01,3.222653127212590785e-01
2.739999999999809255e+00,-6.037324418689696826e-01,1.163774752283446845e-01,3.234794924298369234e-01
2.740999999999809145e+00,-6.034485519098561346e-01,1.162979125549190584e-01,3.247060183557494151e-01
2.741999999999809035e+00,-6.031646893329923875e-01,1.162179976696850470e-01,3.259448426973822199e-01
2.742999999999808924e+00,-6.028808584235908485e-01,1.161377355550962664e-01,3.271959173027489953e-01
2.743999999999808814e+00,-6.025970634756836475e-01,1.160571310749666241e-01,3.284591936704926440e-01
2.744999999999808704e+00,-6.023133087907939220e-01,1.159761889746039887e-01,3.297346229499541481e-01
2.745999999999808594e+00,-6.020295986771407870e-01,1.158949138819406199e-01,3.310221559403919156e-01
2.746999999999808484e+00,-6.017459374492923896e-01,1.158133103095176364e-01,3.323217430894502278e-01
2.747999999999808374e+00,-6.014623294281825627e-01,1.157313826571773618e-01,3.336333344909799270e-01
2.748999999999808264e+00,-6.011787789414086980e-01,1.156491352153170005e-01,3.349568798823165938e-01
2.749999999999808153e+00,-6.008952903237376741e-01,1.155665721685672498e-01,3.362923286411175217e-01
2.750999999999808043e+00,-6.006118679177513409e-01,1.154836975997714510e-01,3.376396297818519687e-01
2.751999999999807933e+00,-6.003285160745784887e-01,1.154005154941542544e-01,3.389987319520306741e-01
2.752999999999807823e+00,-6.000452391546631237e-01,1.153170297435858749e-01,3.403695834282500221e-01
2.753999999999807713e+00,-5.997620415285348505e-01,1.152332441508625016e-01,3.417521321121176903e-01
2.754999999999807603e+00,-5.994789275775489479e-01,1.151491624339385234e-01,3.431463255261149592e-01
2.755999999999807493e+00,-5.991959016945774819e-01,1.150647882300593339e-01,3.445521108094425355e-01
2.756999999999807383e+00,-5.989129682846349167e-01,1.149801250997569690e-01,3.459694347138884130e-01
2.757999999999807272e+00,-5.986301317654274534e-01,1.148951765306781558e-01,3.473982435997482465e-01
2.758999999999807162e+00,-5.983473965678227646e-01,1.148099459412271761e-01,3.488384834318228878e-01
2.759999999999807052e+00,-5.980647671362347984e-01,1.147244366840091123e-01,3.502900997755114543e-01
2.760999999999806942e+00,-5.977822479289276458e-01,1.146386520490689231e-01,3.517530377930144780e-01
2.761999999999806832e+00,-5.974998434182378082e-01,1.145525952669230185e-01,3.532272422396571243e-01
2.762999999999806722e+00,-5.972175580907206349e-01,1.144662695113859985e-01,3.547126574603398641e-01
2.763999999999806612e+00,-5.969353964472247087e-01,1.143796779021972743e-01,3.562092273861209857e-01
2.764999999999806501e+00,-5.966533630028999502e-01,1.142928235074541776e-01,3.577168955309339426e-01
2.765999999999806391e+00,-5.963714622871452153e-01,1.142057093458604400e-01,3.592356049884403157e-01
2.766999999999806281e+00,-5.960896988435007149e-01,1.141183383887977576e-01,3.607652984290183329e-01
2.767999999999806171e+00,-5.958080772294916949e-01,1.140307135622324886e-01,3.623059180968859483e-01
2.768999999999806061e+00,-5.955266020164277085e-01,1.139428377484656973e-01,3.638574058073565931e-01
2.769999999999805951e+00,-5.952452777891641400e-01,1.138547137877379267e-01,3.654197029442257660e-01
2.770999999999805841e+00,-5.949641091458302000e-01,1.137663444796981338e-01,3.669927504572852439e-01
2.771999999999805731e+00,-5.946831006975271672e-01,1.136777325847469489e-01,3.685764888599630251e-01
2.772999999999805620e+00,-5.944022570680029816e-01,1.135888808252635829e-01,3.701708582270853420e-01
2.773999999999805510e+00,-5.941215828933050780e-01,1.134997918867255429e-01,3.717757981927584665e-01
2.774999999999805400e+00,-5.938410828214152337e-01,1.134104684187295931e-01,3.733912479483668667e-01
2.775999999999805290e+00,-5.935607615118718705e-01,1.133209130359222327e-01,3.750171462406853840e-01
2.776999999999805180e+00,-5.932806236353778129e-01,1.132311283188472406e-01,3.766534313701023762e-01
2.777999999999805070e+00,-5.930006738734014959e-01,1.131411168147177237e-01,3.783000411889511638e-01
2.778999999999804960e+00,-5.927209169177682924e-01,1.130508810381186668e-01,3.799569130999473354e-01
2.779999999999804849e+00,-5.924413574702489527e-01,1.129604234716471978e-01,3.816239840547295814e-01
2.780999999999804739e+00,-5.921620002421419393e-01,1.128697465664955102e-01,3.833011905525014473e-01
2.781999999999804629e+00,-5.918828499538546506e-01,1.127788527429821053e-01,3.849884686387723409e-01
2.782999999999804519e+00,-5.916039113344830902e-01,1.126877443910363485e-01,3.866857539041952951e-01
2.783999999999804409e+00,-5.913251891213903155e-01,1.125964238706409493e-01,3.883929814834998773e-01
2.784999999999804299e+00,-5.910466880597863293e-01,1.125048935122363591e-01,3.901100860545183013e-01
2.785999999999804189e+00,-5.907684129023080821e-01,1.124131556170912538e-01,3.918370018373034114e-01
2.786999999999804078e+00,-5.904903684086018067e-01,1.123212124576424276e-01,3.935736625933364818e-01
2.787999999999803968e+00,-5.902125593449054630e-01,1.122290662778077097e-01,3.953200016248237247e-01
2.788999999999803858e+00,-5.899349904836360681e-01,1.121367192932743451e-01,3.970759517740801714e-01
2.789999999999803748e+00,-5.896576666029763603e-01,1.120441736917662801e-01,3.988414454229997075e-01
2.790999999999803638e+00,-5.893805924864659040e-01,1.119514316332926307e-01,4.006164144926096515e-01
2.791999999999803528e+00,-5.891037729225937492e-01,1.118584952503793861e-01,4.024007904427095439e-01
2.792999999999803418e+00,-5.888272127043934212e-01,1.117653666482868458e-01,4.041945042715923697e-01
2.793999999999803308e+00,-5.885509166290406879e-01,1.116720479052143999e-01,4.059974865158478274e-01
2.794999999999803197e+00,-5.882748894974531018e-01,1.115785410724950966e-01,4.078096672502466991e-01
2.795999999999803087e+00,-5.879991361138916517e-01,1.114848481747806042e-01,4.096309760877049344e-01
2.796999999999802977e+00,-5.877236612855645248e-01,1.113909712102188476e-01,4.114613421793275605e-01
2.797999999999802867e+00,-5.874484698222321999e-01,1.112969121506253156e-01,4.133006942145309170e-01
2.798999999999802757e+00,-5.871735665358142064e-01,1.112026729416495385e-01,4.151489604212430518e-01
2.799999999999802647e+00,-5.868989562399967719e-01,1.111082555029375141e-01,4.170060685661813316e-01
2.800999999999802537e+00,-5.866246437498422450e-01,1.110136617282910798e-01,4.188719459552066038e-01
2.801999999999802426e+00,-5.863506338813981866e-01,1.109188934858256204e-01,4.207465194337537406e-01
2.802999999999802316e+00,-5.860769314513075701e-01,1.108239526181265533e-01,4.226297153873375123e-01
2.803999999999802206e+00,-5.858035412764195371e-01,1.107288409424054265e-01,4.245214597421333447e-01
2.804999999999802096e+00,-5.855304681733991545e-01,1.106335602506561266e-01,4.264216779656327949e-01
2.805999999999801986e+00,-5.852577169583381700e-01,1.105381123098121976e-01,4.283302950673728016e-01
2.806999999999801876e+00,-5.849852924463645465e-01,1.104424988619057690e-01,4.302472355997382647e-01
2.807999999999801766e+00,-5.847131994512516640e-01,1.103467216242279836e-01,4.321724236588376233e-01
2.808999999999801656e+00,-5.844414427850264104e-01,1.102507822894924772e-01,4.341057828854509859e-01
2.809999999999801545e+00,-5.841700272575771624e-01,1.101546825260010243e-01,4.360472364660497036e-01
2.810999999999801435e+00,-5.838989576762592115e-01,1.100584239778129581e-01,4.379967071338879414e-01
2.811999999999801325e+00,-5.836282388455004133e-01,1.099620082649177544e-01,4.399541171701645825e-01
2.812999999999801215e+00,-5.833578755664041715e-01,1.098654369834115574e-01,4.419193884052556309e-01
2.813999999999801105e+00,-5.830878726363453168e-01,1.097687117056590500e-01,4.438924422199507780e-01
2.814999999999800995e+00,-5.828182348483450514e-01,1.096718339798274933e-01,4.458731995438581230e-01
2.815999999999800885e+00,-5.825489669904579948e-01,1.095748053294610669e-01,4.478615808514881391e-01
2.816999999999800774e+00,-5.822800738451847646e-01,1.094776272531328698e-01,4.498575061627230753e-01
2.817999999999800664e+00,-5.820115601891239221e-01,1.093803012247878681e-01,4.518608950446074135e-01
2.818999999999800554e+00,-5.817434308065594362e-01,1.092828287299300039e-01,4.538716666982988701e-01
2.819999999999800444e+00,-5.814756905082585359e-01,1.091852113160695081e-01,4.558897401791752180e-01
2.820999999999800334e+00,-5.812083441459420241e-01,1.090874506327110249e-01,4.579150344686160889e-01
2.821999999999800224e+00,-5.809413966101224513e-01,1.089895484291760197e-01,4.599474684741936548e-01
2.822999999999800114e+00,-5.806748528276068910e-01,1.088915065514716729e-01,4.619869610301641227e-01
2.823999999999800004e+00,-5.804087177598745706e-01,1.087933269413757231e-01,4.640334308982467793e-01
2.824999999999799893e+00,-5.801429964014569451e-01,1.086950116355121509e-01,4.660867967686757596e-01
2.825999999999799783e+00,-5.798776937783222118e-01,1.085965627644183140e-01,4.681469772615113323e-01
2.826999999999799673e+00,-5.796128149462660417e-01,1.084979825516053653e-01,4.702138909281968204e-01
2.827999999999799563e+00,-5.793483649893091947e-01,1.083992733126117880e-01,4.722874562533471154e-01
2.828999999999799453e+00,-5.790843490181052378e-01,1.083004374540515458e-01,4.743675916567550166e-01
2.829999999999799343e+00,-5.788207721683584772e-01,1.082014774726574591e-01,4.764542154956014075e-01
2.830999999999799233e+00,-5.785576395992551024e-01,1.081023959543209179e-01,4.785472460668556138e-01
2.831999999999799122e+00,-5.782949564919073193e-01,1.080031955731291515e-01,4.806466016098518979e-01
2.832999999999799012e+00,-5.780327280478156915e-01,1.079038790904003342e-01,4.827522003090282676e-01
2.833999999999798902e+00,-5.777709594873465804e-01,1.078044493537183568e-01,4.848639602968133899e-01
2.834999999999798792e+00,-5.775096560482305685e-01,1.077049092959679322e-01,4.869817996566483398e-01
2.835999999999798682e+00,-5.772488229840810892e-01,1.076052619343709216e-01,4.891056364261286427e-01
2.836999999999798572e+00,-5.769884655629362591e-01,1.075055103695257697e-01,4.912353886002526759e-01
2.837999999999798462e+00,-5.767285890658253589e-01,1.074056577844503257e-01,4.933709741347629962e-01
2.838999999999798352e+00,-5.764691987853605148e-01,1.073057074436298275e-01,4.955123109495655487e-01
2.839999999999798241e+00,-5.762103000243581352e-01,1.072056626920711575e-01,4.976593169322135468e-01
2.840999999999798131e+00,-5.759518980944892119e-01,1.071055269543649824e-01,4.998119099414409794e-01
2.841999999999798021e+00,-5.756939983149615969e-01,1.070053037337563850e-01,5.019700078107319774e-01
2.842999999999797911e+00,-5.754366060112365844e-01,1.069049966112263772e-01,5.041335283519110533e-01
2.843999999999797801e+00,-5.751797265137807980e-01,1.068046092445852913e-01,5.063023893587396129e-01
2.844999999999797691e+00,-5.749233651568559367e-01,1.067041453675797724e-01,5.084765086105040854e-01
2.845999999999797581e+00,-5.746675272773491550e-01,1.066036087890149808e-01,5.106558038755799611e-01
2.846999999999797470e+00,-5.744122182136446320e-01,1.065030033918941688e-01,5.128401929149568605e-01
2.847999999999797360e+00,-5.741574433045402159e-01,1.064023331325771315e-01,5.150295934857082036e-01
2.848999999999797250e+00,-5.739032078882104759e-01,1.063016020399598083e-01,5.172239233443897133e-01
2.849999999999797140e+00,-5.736495173012197135e-01,1.062008142146774747e-01,5.194231002503502115e-01
2.850999999999797030e+00,-5.733963768775849346e-01,1.060999738283332494e-01,5.216270419689370552e-01
2.851999999999796920e+00,-5.731437919478953313e-01,1.059990851227555209e-01,5.238356662745787817e-01
2.852999999999796810e+00,-5.728917678384874979e-01,1.058981524092854620e-01,5.260488909537271995e-01
2.853999999999796700e+00,-5.726403098706807082e-01,1.057971800680997942e-01,5.282666338076389412e-01
2.854999999999796589e+00,-5.723894233600748116e-01,1.056961725475697444e-01,5.304888126549776040e-01
2.855999999999796479e+00,-5.721391136159149626e-01,1.055951343636613027e-01,5.327153453342157174e-01
2.856999999999796369e+00,-5.718893859405238533e-01,1.054940700993793889e-01,5.349461497058149995e-01
2.857999999999796259e+00,-5.716402456288074418e-01,1.053929844042612030e-01,5.371811436541634732e-01
2.858999999999796149e+00,-5.713916979678346220e-01,1.052918819939217543e-01,5.394202450892447986e-01
2.859999999999796039e+00,-5.711437482364973839e-01,1.051907676496569022e-01,5.416633719480178355e-01
2.860999999999795929e+00,-5.708964017052515771e-01,1.050896462181090674e-01,5.439104421954796820e-01
2.861999999999795818e+00,-5.706496636359439378e-01,1.049885226110002234e-01,5.461613738253878747e-01
2.862999999999795708e+00,-5.704035392817276007e-01,1.048874018049384405e-01,5.484160848606138838e-01
2.863999999999795598e+00,-5.701580338870697595e-01,1.047862888413033100e-01,5.506744933531020347e-01
2.864999999999795488e+00,-5.699131526878539189e-01,1.046851888262165797e-01,5.529365173834063230e-01
2.865999999999795378e+00,-5.696689009115805113e-01,1.045841069306035487e-01,5.552020750597770338e-01
2.866999999999795268e+00,-5.694252837776672127e-01,1.044830483903529950e-01,5.574710845167718531e-01
2.867999999999795158e+00,-5.691823064978513980e-01,1.043820185065794104e-01,5.597434639133647138e-01
2.868999999999795048e+00,-5.689399742766958479e-01,1.042810226459953138e-01,5.620191314305301722e-01
2.869999999999794937e+00,-5.686982923121989275e-01,1.041800662413972511e-01,5.642980052682821102e-01
2.870999999999794827e+00,-5.684572657965065723e-01,1.040791547922710336e-01,5.665800036421526631e-01
2.871999999999794717e+00,-5.682168999167269696e-01,1.039782938655170463e-01,5.688650447791007148e-01
2.872999999999794607e+00,-5.679771998558422741e-01,1.038774890962983477e-01,5.711530469128504039e-01
2.873999999999794497e+00,-5.677381707937125821e-01,1.037767461890085618e-01,5.734439282786691905e-01
2.874999999999794387e+00,-5.674998179081658378e-01,1.036760709183546791e-01,5.757376071076102386e-01
2.875999999999794277e+00,-5.672621463761609029e-01,1.035754691305449948e-01,5.780340016202601960e-01
2.876999999999794166e+00,-5.670251613750144637e-01,1.034749467445675863e-01,5.803330300200553182e-01
2.877999999999794056e+00,-5.667888680836714599e-01,1.033745097535382906e-01,5.826346104862536457e-01
2.878999999999793946e+00,-5.665532716840023797e-01,1.032741642260884829e-01,5.849386611666805846e-01
2.879999999999793836e+00,-5.663183773621014439e-01,1.031739163077551313e-01,5.872451001703993256e-01
2.880999999999793726e+00,-5.660841903095608085e-01,1.030737722223259434e-01,5.895538455604928396e-01
2.881999999999793616e+00,-5.658507157246857044e-01,1.029737382730803730e-01,5.918648153471861573e-01
2.882999999999793506e+00,-5.656179588136212022e-01,1.028738208438575441e-01,5.941779274815757184e-01
2.883999999999793395e+00,-5.653859247913488595e-01,1.027740263998703218e-01,5.964930998502728787e-01
2.884999999999793285e+00,-5.651546188825170569e-01,1.026743614881759914e-01,5.988102502712996378e-01
2.885999999999793175e+00,-5.649240463220656094e-01,1.025748327377058455e-01,6.011292964916008508e-01
2.886999999999793065e+00,-5.646942123556086823e-01,1.024754468587524281e-01,6.034501561865451835e-01
2.887999999999792955e+00,-5.644651222395409285e-01,1.023762106418152351e-01,6.057727469617768534e-01
2.888999999999792845e+00,-5.642367812408433103e-01,1.022771309557118369e-01,6.080969863577477819e-01
2.889999999999792735e+00,-5.640091946365666242e-01,1.021782147448784817e-01,6.104227918571956124e-01
2.890999999999792625e+00,-5.637823677129900624e-01,1.020794690258061688e-01,6.127500808957430101e-01
2.891999999999792514e+00,-5.635563057644552565e-01,1.019809008825905972e-01,6.150787708756724204e-01
2.892999999999792404e+00,-5.633310140918996733e-01,1.018825174616120877e-01,6.174087791827866933e-01
2.893999999999792294e+00,-5.631064980011137866e-01,1.017843259654059307e-01,6.197400232061086589e-01
2.894999999999792184e+00,-5.628827628007713191e-01,1.016863336458259659e-01,6.220724203600089819e-01
2.895999999999792074e+00,-5.626598138002787408e-01,1.015885477966497197e-01,6.244058881082021895e-01
2.896999999999791964e+00,-5.624376563075015323e-01,1.014909757458062334e-01,6.267403439889276395e-01
2.897999999999791854e+00,-5.622162956264266098e-01,1.013936248474364699e-01,6.290757056405453795e-01
2.898999999999791743e+00,-5.619957370548118725e-01,1.012965024740069553e-01,6.314118908267427610e-01
2.899999999999791633e+00,-5.617759858818733854e-01,1.011996160086971464e-01,6.337488174605627744e-01
2.900999999999791523e+00,-5.615570473860460599e-01,1.011029728382652482e-01,6.360864036265346799e-01
2.901999999999791413e+00,-5.613389268328461412e-01,1.010065803465688417e-01,6.384245676002975323e-01
2.902999999999791303e+00,-5.611216294728502696e-01,1.009104459088800421e-01,6.407632278652503066e-01
2.903999999999791193e+00,-5.609051605397950002e-01,1.008145768870918335e-01,6.431023031259222034e-01
2.904999999999791083e+00,-5.606895252487917869e-01,1.007189806258672604e-01,6.454417123179190252e-01
2.905999999999790973e+00,-5.604747287946469925e-01,1.006236644497430777e-01,6.477813746144535090e-01
2.906999999999790862e+00,-5.602607763502660543e-01,1.005286356611595489e-01,6.501212094295996113e-01
2.907999999999790752e+00,-5.600476730651269275e-01,1.004339015393591605e-01,6.524611364185151086e-01
2.908999999999790642e+00,-5.598354240637997137e-01,1.003394693400751492e-01,6.548010754749539197e-01
2.909999999999790532e+00,-5.596240344444962656e-01,1.002453462959139729e-01,6.571409467264363036e-01
2.910999999999790422e+00,-5.594135092776306717e-01,1.001515396173295880e-01,6.594806705274656178e-01
2.911999999999790312e+00,-5.592038536043801855e-01,1.000580564940859452e-01,6.618201674511814403e-01
2.912999999999790202e+00,-5.589950724352363842e-01,9.996490409710662162e-02,6.641593582798203110e-01
2.913999999999790091e+00,-5.587871707485366768e-01,9.987208958061760677e-02,6.664981639943272640e-01
2.914999999999789981e+00,-5.585801534889761610e-01,9.977962008449875464e-02,6.688365057634243493e-01
2.915999999999789871e+00,-5.583740255660964991e-01,9.968750273676874052e-02,6.711743049324019328e-01
2.916999999999789761e+00,-5.581687918527522552e-01,9.959574465614068339e-02,6.735114830118582585e-01
2.917999999999789651e+00,-5.579644571835588041e-01,9.950435295459386653e-02,6.758479616665725720e-01
2.918999999999789541e+00,-5.577610263533232526e-01,9.941333473991920133e-02,6.781836627046610166e-01
2.919999999999789431e+00,-5.575585041154638155e-01,9.932269711820351787e-02,6.805185080671308784e-01
2.920999999999789321e+00,-5.573568951804228622e-01,9.923244719622614785e-02,6.828524198179201088e-01
2.921999999999789210e+00,-5.571562042140769666e-01,9.914259208374825993e-02,6.851853201344845212e-01
2.922999999999789100e+00,-5.569564358361499545e-01,9.905313889568140295e-02,6.875171312989740713e-01
2.923999999999788990e+00,-5.567575946186338332e-01,9.896409475412576429e-02,6.898477756900230906e-01
2.924999999999788880e+00,-5.565596850842202681e-01,9.887546679027370278e-02,6.921771757751647991e-01
2.925999999999788770e+00,-5.563627117047489357e-01,9.878726214617644663e-02,6.945052541038703176e-01
2.926999999999788660e+00,-5.561666788996738608e-01,9.869948797637456694e-02,6.968319333012048533e-01
2.927999999999788550e+00,-5.559715910345517376e-01,9.861215144939483590e-02,6.991571360620855158e-01
2.928999999999788439e+00,-5.557774524195560062e-01,9.852525974911796602e-02,7.014807851461231092e-01
2.929999999999788329e+00,-5.555842673080166882e-01,9.843882007602150486e-02,7.038028033730252542e-01
2.930999999999788219e+00,-5.553920398949889758e-01,9.835283964830465742e-02,7.061231136185379675e-01
2.931999999999788109e+00,-5.552007743158515751e-01,9.826732570290042101e-02,7.084416388109010532e-01
2.932999999999787999e+00,-5.550104746449358029e-01,9.818228549638285951e-02,7.107583019277921021e-01
2.933999999999787889e+00,-5.548211448941865465e-01,9.809772630577517916e-02,7.130730259937354543e-01
2.934999999999787779e+00,-5.546327890118540882e-01,9.801365542926615548e-02,7.153857340779514740e-01
2.935999999999787669e+00,-5.544454108812184590e-01,9.793008018684185023e-02,7.176963492926246024e-01
2.936999999999787558e+00,-5.542590143193455443e-01,9.784700792083877996e-02,7.200047947915679813e-01
2.937999999999787448e+00,-5.540736030758739439e-01,9.776444599642586386e-02,7.223109937692657745e-01
2.938999999999787338e+00,-5.538891808318338050e-01,9.768240180202097944e-02,7.246148694602738694e-01
2.939999999999787228e+00,-5.537057511984941893e-01,9.760088274964928701e-02,7.269163451389630826e-01
2.940999999999787118e+00,-5.535233177162419693e-01,9.751989627524887405e-02,7.292153441195901031e-01
2.941999999999787008e+00,-5.533418838534873707e-01,9.743944983893026990e-02,7.315117897566822958e-01
2.942999999999786898e+00,-5.531614530055984913e-01,9.735955092519588128e-02,7.338056054457259281e-01
2.943999999999786787e+00,-5.529820284938613550e-01,9.728020704312545508e-02,7.360967146241478298e-01
2.944999999999786677e+00,-5.528036135644663895e-01,9.720142572653317492e-02,7.383850407725823795e-01
2.945999999999786567e+00,-5.526262113875179960e-01,9.712321453410333039e-02,7.406705074164183777e-01
2.946999999999786457e+00,-5.524498250560687662e-01,9.704558104950972153e-02,7.429530381276215900e-01
2.947999999999786347e+00,-5.522744575851739057e-01,9.696853288152590400e-02,7.452325565268302920e-01
2.948999999999786237e+00,-5.521001119109685273e-01,9.689207766413282519e-02,7.475089862857243750e-01
2.949999999999786127e+00,-5.519267908897620423e-01,9.681622305662940242e-02,7.497822511296683423e-01
2.950999999999786017e+00,-5.517544972971528683e-01,9.674097674375475853e-02,7.520522748406323066e-01
2.951999999999785906e+00,-5.515832338271597912e-01,9.666634643582849851e-02,7.543189812603970923e-01
2.952999999999785796e+00,-5.514130030913682035e-01,9.659233986891646584e-02,7.565822942940493290e-01
2.953999999999785686e+00,-5.512438076180934399e-01,9.651896480503124875e-02,7.588421379137777478e-01
2.954999999999785576e+00,-5.510756498515554380e-01,9.644622903237481948e-02,7.610984361629803407e-01
2.955999999999785466e+00,-5.509085321510682753e-01,9.637414036563252129e-02,7.633511131606959266e-01
2.956999999999785356e+00,-5.507424567902402535e-01,9.630270664632767375e-02,7.656000931063746684e-01
2.957999999999785246e+00,-5.505774259561191375e-01,9.623193574295724195e-02,7.678453002841786335e-01
2.958999999999785135e+00,-5.504134417480912589e-01,9.616183555008184225e-02,7.700866590620220054e-01
2.959999999999785025e+00,-5.502505061768860894e-01,9.609241398792173205e-02,7.723240938923719989e-01
2.960999999999784915e+00,-5.500886211637150414e-01,9.602367900258368394e-02,7.745575293182450638e-01
2.961999999999784805e+00,-5.499277885395612575e-01,9.595563856701377903e-02,7.767868899799038607e-01
2.962999999999784695e+00,-5.497680100444388707e-01,9.588830068187770284e-02,7.790121006219202782e-01
2.963999999999784585e+00,-5.496092873266564816e-01,9.582167337651836814e-02,7.812330861005664095e-01
2.964999999999784475e+00,-5.494516219420788605e-01,9.575576470996521872e-02,7.834497713914536643e-01
2.965999999999784364e+00,-5.492950153533833202e-01,9.569058277194741891e-02,7.856620815972851224e-01
2.966999999999784254e+00,-5.491394689292964371e-01,9.562613568383204754e-02,7.878699419554918704e-01
2.967999999999784144e+00,-5.489849839437889178e-01,9.556243159935734477e-02,7.900732778453818383e-01
2.968999999999784034e+00,-5.488315615751924170e-01,9.549947870495739677e-02,7.922720147942091673e-01
2.969999999999783924e+00,-5.486792025728461919e-01,9.543728446879151672e-02,7.944660766558879761e-01
2.970999999999783814e+00,-5.485279073579232278e-01,9.537585590370345479e-02,7.966553835619984980e-01
2.971999999999783704e+00,-5.483776759820107038e-01,9.531519948584665780e-02,7.988398562620148136e-01
2.972999999999783594e+00,-5.482285086532783236e-01,9.525532234998551617e-02,8.010194169057928137e-01
2.973999999999783483e+00,-5.480804056152857040e-01,9.519623198707588552e-02,8.031939889052884807e-01
2.974999999999783373e+00,-5.479333671369992498e-01,9.513793619951654845e-02,8.053634968058740462e-01
2.975999999999783263e+00,-5.477873935048986898e-01,9.508044305729157486e-02,8.075278661641361877e-01
2.976999999999783153e+00,-5.476424850175414250e-01,9.502376085299779618e-02,8.096870234276604128e-01
2.977999999999783043e+00,-5.474986419830061291e-01,9.496789805277111585e-02,8.118408958099039285e-01
2.978999999999782933e+00,-5.473558647194627369e-01,9.491286323884329246e-02,8.139894111495891149e-01
2.979999999999782823e+00,-5.472141535582029093e-01,9.485866503875828304e-02,8.161324977402675263e-01
2.980999999999782712e+00,-5.470735088459565132e-01,9.480531203921255257e-02,8.182700841178897067e-01
2.981999999999782602e+00,-5.469339309395186977e-01,9.475281269330382283e-02,8.204020988151465854e-01
2.982999999999782492e+00,-5.467954201849714035e-01,9.470117524434495948e-02,8.225284701315036529e-01
2.983999999999782382e+00,-5.466579768807211526e-01,9.465040768962657003e-02,8.246491259840809107e-01
2.984999999999782272e+00,-5.465216012332204665e-01,9.460051778748390650e-02,8.267639938601374361e-01
2.985999999999782162e+00,-5.463862933169885139e-01,9.455151308947229438e-02,8.288730008369976643e-01
2.986999999999782052e+00,-5.462520530446720590e-01,9.450340097606513279e-02,8.309760736257070235e-01
2.987999999999781942e+00,-5.461188801462066866e-01,9.445618868524879863e-02,8.330731386134738736e-01
2.988999999999781831e+00,-5.459867741540267438e-01,9.440988333249628051e-02,8.351641218963052893e-01
2.989999999999781721e+00,-5.458557343918643001e-01,9.436449192362406091e-02,8.372489493007481132e-01
2.990999999999781611e+00,-5.457257599655972458e-01,9.432002136232880973e-02,8.393275463961517024e-01
2.991999999999781501e+00,-5.455968497552121654e-01,9.427647845391534664e-02,8.413998384994700874e-01
2.992999999999781391e+00,-5.454690024073158838e-01,9.423386990642684813e-02,8.434657506746120470e-01
2.993999999999781281e+00,-5.453422163278442980e-01,9.419220233014041765e-02,8.455252077281462109e-01
2.994999999999781171e+00,-5.452164898585279973e-01,9.415148247091892353e-02,8.475781347889257411e-01
2.995999999999781060e+00,-5.450918215258504507e-01,9.411171750677205239e-02,8.496244597900850515e-01
2.996999999999780950e+00,-5.449682100739462465e-01,9.407291506798493019e-02,8.516641120789230079e-01
2.997999999999780840e+00,-5.448456541413801979e-01,9.403508279403710590e-02,8.536970212335295294e-01
2.998999999999780730e+00,-5.447241522268000402e-01,9.399822828796960961e-02,8.557231170685424271e-01
2.999999999999780620e+00,-5.446037027143990628e-01,9.396235914388945121e-02,8.577423296407868936e-01
3.000999999999780510e+00,-5.444843038759888953e-01,9.392748294421515709e-02,8.597545892547264756e-01
3.001999999999780400e+00,-5.443659538729110903e-01,9.389360725696738186e-02,8.617598264677108766e-01
3.002999999999780290e+00,-5.442486507577815047e-01,9.386073963311886148e-02,8.637579720950310236e-01
3.003999999999780179e+00,-5.441323924760692599e-01,9.382888760401347783e-02,8.657489572148056034e-01
3.004999999999780069e+00,-5.440171768675232666e-01,9.379805867886165105e-02,8.677327131727214926e-01
3.005999999999779959e+00,-5.439030016674570867e-01,9.376826034231361406e-02,8.697091715866536177e-01
3.006999999999779849e+00,-5.437898645079113358e-01,9.373950005211312275e-02,8.716782643511816753e-01
3.007999999999779739e+00,-5.436777629187061756e-01,9.371178523683010297e-02,8.736399236420212544e-01
3.008999999999779629e+00,-5.435666943284016561e-01,9.368512329367106872e-02,8.755940819203799075e-01
3.009999999999779519e+00,-5.434566560651794553e-01,9.365952158636547953e-02,8.775406719372471631e-01
3.010999999999779408e+00,-5.433476453576588927e-01,9.363498744312676036e-02,8.794796267376214782e-01
3.011999999999779298e+00,-5.432396593356629833e-01,9.361152815468498645e-02,8.814108796646760169e-01
3.012999999999779188e+00,-5.431326950309405266e-01,9.358915097239045577e-02,8.833343643638599252e-01
3.013999999999779078e+00,-5.430267493778611065e-01,9.356786310638615101e-02,8.852500147869283298e-01
3.014999999999778968e+00,-5.429218192140876642e-01,9.354767172384759188e-02,8.871577651958926225e-01
3.015999999999778858e+00,-5.428179012812376358e-01,9.352858394728930103e-02,8.890575501668757097e-01
3.016999999999778748e+00,-5.427149922255402048e-01,9.351060685293677288e-02,8.909493045938562394e-01
3.017999999999778638e+00,-5.426130885984969954e-01,9.349374746916355727e-02,8.928329636922796020e-01
3.018999999999778527e+00,-5.425121868575517592e-01,9.347801277499168116e-02,8.947084630025105012e-01
3.019999999999778417e+00,-5.424122833667771593e-01,9.346340969865724047e-02,8.965757383930956781e-01
3.020999999999778307e+00,-5.423133743975812049e-01,9.344994511623899713e-02,8.984347260638029242e-01
3.021999999999778197e+00,-5.422154561294397768e-01,9.343762585035136903e-02,9.002853625483943079e-01
3.022999999999778087e+00,-5.421185246506592392e-01,9.342645866890236794e-02,9.021275847170886486e-01
3.023999999999777977e+00,-5.420225759591721371e-01,9.341645028391654115e-02,9.039613297786595059e-01
3.024999999999777867e+00,-5.419276059633695297e-01,9.340760735042458185e-02,9.057865352821115046e-01
3.025999999999777756e+00,-5.418336104829710731e-01,9.339993646542155137e-02,9.076031391178673857e-01
3.026999999999777646e+00,-5.417405852499370678e-01,9.339344416689554507e-02,9.094110795183931728e-01
3.027999999999777536e+00,-5.416485259094190319e-01,9.338813693292929985e-02,9.112102950581798533e-01
3.028999999999777426e+00,-5.415574280207541280e-01,9.338402118087846260e-02,9.130007246529919795e-01
3.029999999999777316e+00,-5.414672870584976705e-01,9.338110326663118244e-02,9.147823075582830477e-01
3.030999999999777206e+00,-5.413780984134952678e-01,9.337938948395180239e-02,9.165549833666714052e-01
3.031999999999777096e+00,-5.412898573939898261e-01,9.337888606391703261e-02,9.183186920043583390e-01
3.032999999999776986e+00,-5.412025592267593055e-01,9.337959917444832447e-02,9.200733737263619982e-01
3.033999999999776875e+00,-5.411161990582802339e-01,9.338153491994977129e-02,9.218189691104333727e-01
3.034999999999776765e+00,-5.410307719559093176e-01,9.338469934105803061e-02,9.235554190495124383e-01
3.035999999999776655e+00,-5.409462729090750432e-01,9.338909841451398242e-02,9.252826647425786977e-01
3.036999999999776545e+00,-5.408626968304679483e-01,9.339473805316433896e-02,9.270006476837481246e-01
3.037999999999776435e+00,-5.407800385572207880e-01,9.340162410610314270e-02,9.287093096494736244e-01
3.038999999999776325e+00,-5.406982928520620568e-01,9.340976235896231161e-02,9.304085926837170062e-01
3.039999999999776215e+00,-5.406174544044345387e-01,9.341915853435855954e-02,9.320984390809807785e-01
3.040999999999776104e+00,-5.405375178315603435e-01,9.342981829250412984e-02,9.337787913671242723e-01
3.041999999999775994e+00,-5.404584776794454370e-01,9.344174723198400700e-02,9.354495922779381134e-01
3.042999999999775884e+00,-5.403803284238113402e-01,9.345495089069927319e-02,9.371107847355284459e-01
3.043999999999775774e+00,-5.403030644709503338e-01,9.346943474696906007e-02,9.387623118226605667e-01
3.044999999999775664e+00,-5.402266801585096090e-01,9.348520422077516434e-02,9.404041167553475189e-01
3.045999999999775554e+00,-5.401511697562162428e-01,9.350226467512262607e-02,9.420361428541380588e-01
3.046999999999775444e+00,-5.400765274665751958e-01,9.352062141747430335e-02,9.436583335147682439e-01
3.047999999999775333e+00,-5.400027474255904014e-01,9.354027970120210034e-02,9.452706321790852462e-01
3.048999999999775223e+00,-5.399298237035821124e-01,9.356124472697574523e-02,9.468729823074272245e-01
3.049999999999775113e+00,-5.398577503062030880e-01,9.358352164399169615e-02,9.484653273539291884e-01
3.050999999999775003e+00,-5.397865211757847392e-01,9.360711555092188219e-02,9.500476107464937980e-01
3.051999999999774893e+00,-5.397161301931725497e-01,9.363203149644500067e-02,9.516197758733825340e-01
3.052999999999774783e+00,-5.396465711802282961e-01,9.365827447921365456e-02,9.531817660784844826e-01
3.053999999999774673e+00,-5.395778379031859195e-01,9.368584944710739437e-02,9.547335246672649101e-01
3.054999999999774563e+00,-5.395099240770342419e-01,9.371476129563960367e-02,9.562749949251126980e-01
3.055999999999774452e+00,-5.394428233710604204e-01,9.374501486541536588e-02,9.578061201492735766e-01
3.056999999999774342e+00,-5.393765294154202472e-01,9.377661493752420530e-02,9.593268436917995468e-01
3.057999999999774232e+00,-5.393110358086916634e-01,9.380956622680680645e-02,9.608371090081907484e-01
3.058999999999774122e+00,-5.392463361265871225e-01,9.384387337482519298e-02,9.623368597236300337e-01
3.059999999999774012e+00,-5.391824239317288825e-01,9.387954094360151380e-02,9.638260397128924906e-01
3.060999999999773902e+00,-5.391192927838961424e-01,9.391657340920717134e-02,9.653045931855717132e-01
3.061999999999773792e+00,-5.390569362502062312e-01,9.395497515500950136e-02,9.667724647724618148e-01
3.062999999999773681e+00,-5.389953479147777671e-01,9.399475046501903908e-02,9.682295996088993162e-01
3.063999999999773571e+00,-5.389345213874127127e-01,9.403590351761720312e-02,9.696759434112478537e-01
3.064999999999773461e+00,-5.388744503109095252e-01,9.407843837990248481e-02,9.711114425434619335e-01
3.065999999999773351e+00,-5.388151283667209634e-01,9.412235900282767131e-02,9.725360440716560584e-01
3.066999999999773241e+00,-5.387565492787993460e-01,9.416766921723235262e-02,9.739496958056776954e-01
3.067999999999773131e+00,-5.386987068155932867e-01,9.421437273080385255e-02,9.753523463276820848e-01
3.068999999999773021e+00,-5.386415947902764012e-01,9.426247312594060457e-02,9.767439450085351194e-01
3.069999999999772911e+00,-5.385852070593724061e-01,9.431197385844802827e-02,9.781244420134589390e-01
3.070999999999772800e+00,-5.385295375199976586e-01,9.436287825696743070e-02,9.794937882986823885e-01
3.071999999999772690e+00,-5.384745801059757087e-01,9.441518952302591083e-02,9.808519356009866019e-01
3.072999999999772580e+00,-5.384203287830802154e-01,9.446891073159369157e-02,9.821988364219946810e-01
3.073999999999772470e+00,-5.383667775436502545e-01,9.452404483204285279e-02,9.835344440088946705e-01
3.074999999999772360e+00,-5.383139204008013934e-01,9.458059464941520611e-02,9.848587123330575510e-01
3.075999999999772250e+00,-5.382617513824174971e-01,9.463856288592253918e-02,9.861715960677593928e-01
3.076999999999772140e+00,-5.382102645250830264e-01,9.469795212261977735e-02,9.874730505659623514e-01
3.077999999999772029e+00,-5.381594538680755102e-01,9.475876482120643152e-02,9.887630318388799244e-01
3.078999999999771919e+00,-5.381093134475138928e-01,9.482100332592685588e-02,9.900414965358479424e-01
3.079999999999771809e+00,-5.380598372907292593e-01,9.488466986555077476e-02,9.913084019258587842e-01
3.080999999999771699e+00,-5.380110194109031241e-01,9.494976655542675115e-02,9.925637058809798630e-01
3.081999999999771589e+00,-5.379628538020015949e-01,9.501629539960809723e-02,9.938073668617763978e-01
3.082999999999771479e+00,-5.379153344340206200e-01,9.508425829305683363e-02,9.950393439047804378e-01
3.083999999999771369e+00,-5.378684552485422099e-01,9.515365702393557834e-02,9.962595966119924817e-01
3.084999999999771259e+00,-5.378222101546008549e-01,9.522449327599957769e-02,9.974680851423631811e-01
3.085999999999771148e+00,-5.377765930248472603e-01,9.529676863110131402e-02,9.986647702051768549e-01
3.086999999999771038e+00,-5.377315976919958551e-01,9.537048457181945826e-02,9.998496130552393391e-01
3.087999999999770928e+00,-5.376872179455414180e-01,9.544564248422132691e-02,1.001022575489760369e+00
3.088999999999770818e+00,-5.376434475287252823e-01,9.552224366076078610e-02,1.002183619846810148e+00
3.089999999999770708e+00,-5.376002801357344651e-01,9.560028930330632946e-02,1.003332709005217094e+00
3.090999999999770598e+00,-5.375577094091168462e-01,9.567978052628056673e-02,1.004469806385757336e+00
3.091999999999770488e+00,-5.375157289373937441e-01,9.576071835987282066e-02,1.005594875953458534e+00
3.092999999999770377e+00,-5.374743322528530154e-01,9.584310375326204889e-02,1.006707882220805761e+00
3.093999999999770267e+00,-5.374335128295035791e-01,9.592693757774800600e-02,1.007808790251578213e+00
3.094999999999770157e+00,-5.373932640811664996e-01,9.601222062964070991e-02,1.008897565664961027e+00
3.095999999999770047e+00,-5.373535791105240600e-01,9.609895289136671792e-02,1.009974173636749795e+00
3.096999999999769937e+00,-5.373144506979585788e-01,9.618713358381392187e-02,1.011038577324887555e+00
3.097999999999769827e+00,-5.372758712869623032e-01,9.627676116544281459e-02,1.012090740457284310e+00
3.098999999999769717e+00,-5.372378333991795207e-01,9.636783459802095164e-02,1.013130627931271288e+00
3.099999999999769607e+00,-5.372003295589027339e-01,9.646035307341394027e-02,1.014158205768425747e+00
3.100999999999769496e+00,-5.371633522950076678e-01,9.655431598829400386e-02,1.015173441071446137e+00
3.101999999999769386e+00,-5.371268941435216604e-01,9.664972291914225577e-02,1.016176301982278929e+00
3.102999999999769276e+00,-5.370909476511074310e-01,9.674657359693772385e-02,1.017166757640452168e+00
3.103999999999769166e+00,-5.370555053797543277e-01,9.684486788073731756e-02,1.018144778140241069e+00
3.104999999999769056e+00,-5.370205599129400653e-01,9.694460572912122487e-02,1.019110334484875757e+00
3.105999999999768946e+00,-5.369861038634249351e-01,9.704578716822137574e-02,1.020063398535509869e+00
3.106999999999768836e+00,-5.369521298825824518e-01,9.714841225484976972e-02,1.021003942952226851e+00
3.107999999999768725e+00,-5.369186306706601464e-01,9.725248103329270366e-02,1.021931941124285093e+00
3.108999999999768615e+00,-5.368855989864610434e-01,9.735799348501827932e-02,1.022847367087756920e+00
3.109999999999768505e+00,-5.368530276537402113e-01,9.746494947230754935e-02,1.023750195431576859e+00
3.110999999999768395e+00,-5.368209095605993575e-01,9.757334867969186254e-02,1.024640401198085415e+00
3.111999999999768285e+00,-5.367892376483832662e-01,9.768319055992163991e-02,1.025517959789602918e+00
3.112999999999768175e+00,-5.367580048887299338e-01,9.779447429181775675e-02,1.026382846894322354e+00
3.113999999999768065e+00,-5.367272042507928997e-01,9.790719875447773113e-02,1.027235038440043269e+00
3.114999999999767955e+00,-5.366968286631916829e-01,9.802136251735088512e-02,1.028074510575553546e+00
3.115999999999767844e+00,-5.366668709755157973e-01,9.813696384175363274e-02,1.028901239672642909e+00
3.116999999999767734e+00,-5.366373239225694647e-01,9.825400068832851330e-02,1.029715202339873681e+00
3.117999999999767624e+00,-5.366081800925179834e-01,9.837247072613802823e-02,1.030516375441039800e+00
3.118999999999767514e+00,-5.365794318987229250e-01,9.849237134091137769e-02,1.031304736114060372e+00
3.119999999999767404e+00,-5.365510715544725695e-01,9.861369964139010680e-02,1.032080261788345776e+00
3.120999999999767294e+00,-5.365230910497316152e-01,9.873645246355305938e-02,1.032842930200100096e+00
3.121999999999767184e+00,-5.364954821291552101e-01,9.886062637289944055e-02,1.033592719405779681e+00
3.122999999999767073e+00,-5.364682362707815511e-01,9.898621766512866182e-02,1.034329607794270078e+00
3.123999999999766963e+00,-5.364413446649802797e-01,9.911322236558856025e-02,1.035053574098478535e+00
3.124999999999766853e+00,-5.364147981933546916e-01,9.924163622784848426e-02,1.035764597407054399e+00
3.125999999999766743e+00,-5.363885874074068028e-01,9.937145473171526966e-02,1.036462657176928648e+00
3.126999999999766633e+00,-5.363627031542723689e-01,9.950267383950084366e-02,1.037147734421179690e+00
3.127999999999766523e+00,-5.363371366063790502e-01,9.963529000102450128e-02,1.037819813332940821e+00
3.128999999999766413e+00,-5.363118794417029989e-01,9.976930034775494116e-02,1.038478879428743396e+00
3.129999999999766302e+00,-5.362869230735431980e-01,9.990470176657506585e-02,1.039124919149744475e+00
3.130999999999766192e+00,-5.362622587866736623e-01,1.000414910743085417e-01,1.039757919898638194e+00
3.131999999999766082e+00,-5.362378777313190348e-01,1.001796650180327708e-01,1.040377870080406719e+00
3.132999999999765972e+00,-5.362137709168641742e-01,1.003192202755877616e-01,1.040984759146993177e+00
3.133999999999765862e+00,-5.361899292052509924e-01,1.004601534562472032e-01,1.041578577645985604e+00
3.134999999999765752e+00,-5.361663433040458893e-01,1.006024611015295944e-01,1.042159317273388952e+00
3.135999999999765642e+00,-5.361430037591983222e-01,1.007461396861354941e-01,1.042726970930495156e+00
3.136999999999765532e+00,-5.361199009475414723e-01,1.008911856190007894e-01,1.043281532784771315e+00
3.137999999999765421e+00,-5.360970250691197148e-01,1.010375952444593217e-01,1.043822998334524410e+00
3.138999999999765311e+00,-5.360743661394671289e-01,1.011853648435059871e-01,1.044351364476877375e+00
3.139999999999765201e+00,-5.360519139820005829e-01,1.013344906351523189e-01,1.044866629578267370e+00
3.140999999999765091e+00,-5.360296582207303429e-01,1.014849687778592857e-01,1.045368793546215036e+00
3.141999999999764981e+00,-5.360075882731005770e-01,1.016367953689769066e-01,1.045857857894762821e+00
3.142999999999764871e+00,-5.359856933434909987e-01,1.017899664433953300e-01,1.046333825797565620e+00
3.143999999999764761e+00,-5.359639624179329820e-01,1.019444779727758377e-01,1.046796702143339086e+00
3.144999999999764650e+00,-5.359423842606499955e-01,1.021003258670603597e-01,1.047246493582638882e+00
3.145999999999764540e+00,-5.359209474120479877e-01,1.022575059757852567e-01,1.047683208552571132e+00
3.146999999999764430e+00,-5.358996401879669857e-01,1.024160140888114023e-01,1.048106857266670300e+00
3.147999999999764320e+00,-5.358784506795550850e-01,1.025758459362540176e-01,1.048517451650781362e+00
3.148999999999764210e+00,-5.358573667521435713e-01,1.027369971870542575e-01,1.048915005195510508e+00
3.149999999999764100e+00,-5.358363760397599762e-01,1.028994634452696233e-01,1.049299532678843905e+00
3.150999999999763990e+00,-5.358154659287563959e-01,1.030632402425339933e-01,1.049671049683873258e+00
3.151999999999763880e+00,-5.357946235184087858e-01,1.032283230240577110e-01,1.050029571787685967e+00
3.152999999999763769e+00,-5.357738355366969962e-01,1.033947071237577564e-01,1.050375113216010847e+00
3.153999999999763659e+00,-5.357530881750158791e-01,1.035623877215394173e-01,1.050707684635659112e+00
3.154999999999763549e+00,-5.357323667931672695e-01,1.037313597738104276e-01,1.051027289634031581e+00
3.155999999999763439e+00,-5.357116554749836723e-01,1.039016179142757679e-01,1.051333919567185804e+00
3.156999999999763329e+00,-5.356909365975655035e-01,1.040731563557271144e-01,1.051627547625538117e+00
3.157999999999763219e+00,-5.356701909799279626e-01,1.042459688947395824e-01,1.051908125944739592e+00
3.158999999999763109e+00,-5.356493992585826813e-01,1.044200491328209912e-01,1.052175591358396112e+00
3.159999999999762998e+00,-5.356285441193456842e-01,1.045953908489446471e-01,1.052429878965922994e+00
3.160999999999762888e+00,-5.356076119670188929e-01,1.047719881395559605e-01,1.052670933740482040e+00
3.161999999999762778e+00,-5.355865928853342783e-01,1.049498343822545254e-01,1.052898713029158939e+00
3.162999999999762668e+00,-5.355654799827791468e-01,1.051289228624164851e-01,1.053113185035332355e+00
3.163999999999762558e+00,-5.355442684495906880e-01,1.053092470316637774e-01,1.053314326558452363e+00
3.164999999999762448e+00,-5.355229549141420353e-01,1.054908009805346492e-01,1.053502120198410719e+00
3.165999999999762338e+00,-5.355015368555431365e-01,1.056735791496289378e-01,1.053676552442635916e+00
3.166999999999762228e+00,-5.354800122538712071e-01,1.058575762488556671e-01,1.053837612442015015e+00
3.167999999999762117e+00,-5.354583793653503454e-01,1.060427871935051281e-01,1.053985291241385847e+00
3.168999999999762007e+00,-5.354366365772630365e-01,1.062292070494178509e-01,1.054119581293196495e+00
3.169999999999761897e+00,-5.354147823137453965e-01,1.064168309823962932e-01,1.054240476144280292e+00
3.170999999999761787e+00,-5.353928149739159981e-01,1.066056542090182968e-01,1.054347970228231901e+00
3.171999999999761677e+00,-5.353707328900441098e-01,1.067956719475233185e-01,1.054442058722835807e+00
3.172999999999761567e+00,-5.353485342973749450e-01,1.069868793686794550e-01,1.054522737448690961e+00
3.173999999999761457e+00,-5.353262173099010424e-01,1.071792715475325397e-01,1.054590002795430026e+00
3.174999999999761346e+00,-5.353037798984138229e-01,1.073728434175793556e-01,1.054643851668007004e+00
3.175999999999761236e+00,-5.352812198688431389e-01,1.075675897290812033e-01,1.054684281448810212e+00
3.176999999999761126e+00,-5.352585348402059129e-01,1.077635050129159278e-01,1.054711289972806165e+00
3.177999999999761016e+00,-5.352357222223600441e-01,1.079605835507068123e-01,1.054724875513329385e+00
3.178999999999760906e+00,-5.352127791941707624e-01,1.081588193512200147e-01,1.054725036776159808e+00
3.179999999999760796e+00,-5.351897026851066830e-01,1.083582061366675231e-01,1.054711772928432545e+00
3.180999999999760686e+00,-5.351664893593721661e-01,1.085587373355255125e-01,1.054685083685042990e+00
3.181999999999760576e+00,-5.351431356014160201e-01,1.087604060783507465e-01,1.054644969343486727e+00
3.182999999999760465e+00,-5.351196374999734884e-01,1.089632051906014309e-01,1.054591430788718753e+00
3.183999999999760355e+00,-5.350959908334078641e-01,1.091671271870005011e-01,1.054524469497978734e+00
3.184999999999760245e+00,-5.350721910564770756e-01,1.093721642675313799e-01,1.054444087545065800e+00
3.185999999999760135e+00,-5.350482335415814861e-01,1.095783087824891977e-01,1.054350287842745315e+00
3.186999999999760025e+00,-5.350241139949802882e-01,1.097855539690444360e-01,1.054243075187645484e+00
3.187999999999759915e+00,-5.349998284803507698e-01,1.099938939576917130e-01,1.054122455705197581e+00
3.188999999999759805e+00,-5.349753730003251606e-01,1.102033229502474843e-01,1.053988436365511649e+00
3.189999999999759694e+00,-5.349507434430375019e-01,1.104138351165994680e-01,1.053841024974521368e+00
3.190999999999759584e+00,-5.349259356155006140e-01,1.106254246470075309e-01,1.053680230165879639e+00
3.191999999999759474e+00,-5.349009452469677406e-01,1.108380857482411663e-01,1.053506061393477022e+00
3.192999999999759364e+00,-5.348757679927231834e-01,1.110518126407257777e-01,1.053318528924463982e+00
3.193999999999759254e+00,-5.348503994381732518e-01,1.112665995564932064e-01,1.053117643832678363e+00
3.194999999999759144e+00,-5.348248351031245074e-01,1.114824407377678628e-01,1.052903417992398838e+00
3.195999999999759034e+00,-5.347990704461624833e-01,1.116993304360484052e-01,1.052675864072361467e+00
3.196999999999758924e+00,-5.347731008690554955e-01,1.119172629115754436e-01,1.052434995529990092e+00
3.197999999999758813e+00,-5.347469217211279213e-01,1.121362324330945626e-01,1.052180826605804809e+00
3.198999999999758703e+00,-5.347205283035555423e-01,1.123562332778462181e-01,1.051913372317977657e+00
3.199999999999758593e+00,-5.346939158735509734e-01,1.125772597317253321e-01,1.051632648457015984e+00
3.200999999999758483e+00,-5.346670796484122024e-01,1.127993060895683963e-01,1.051338671580553719e+00
3.201999999999758373e+00,-5.346400148094155869e-01,1.130223666555335016e-01,1.051031459008239688e+00
3.202999999999758263e+00,-5.346127165055408748e-01,1.132464357435470359e-01,1.050711028816708748e+00
3.203999999999758153e+00,-5.345851798570204760e-01,1.134715076777958465e-01,1.050377399834629744e+00
3.204999999999758042e+00,-5.345573999587081016e-01,1.136975767932500436e-01,1.050030591637819644e+00
3.205999999999757932e+00,-5.345293718832659913e-01,1.139246374362017922e-01,1.049670624544419173e+00
3.206999999999757822e+00,-5.345010906841722864e-01,1.141526839648120961e-01,1.049297519610120633e+00
3.207999999999757712e+00,-5.344725513985499887e-01,1.143817107496569174e-01,1.048911298623445010e+00
3.208999999999757602e+00,-5.344437490498241683e-01,1.146117121742658007e-01,1.048511984101060390e+00
3.209999999999757492e+00,-5.344146786502123048e-01,1.148426826356482855e-01,1.048099599283135896e+00
3.210999999999757382e+00,-5.343853352030532022e-01,1.150746165448034430e-01,1.047674168128727379e+00
3.211999999999757271e+00,-5.343557137049838035e-01,1.153075083272078749e-01,1.047235715311187976e+00
3.212999999999757161e+00,-5.343258091479701211e-01,1.155413524232791755e-01,1.046784266213597991e+00
3.213999999999757051e+00,-5.342956165212014996e-01,1.157761432888100850e-01,1.046319846924210317e+00
3.214999999999756941e+00,-5.342651308128554266e-01,1.160118753953697790e-01,1.045842484231904956e+00
3.215999999999756831e+00,-5.342343470117432158e-01,1.162485432306679112e-01,1.045352205621646879e+00
3.216999999999756721e+00,-5.342032601088431143e-01,1.164861412988767442e-01,1.044849039269944324e+00
3.217999999999756611e+00,-5.341718650987321571e-01,1.167246641209055413e-01,1.044333014040300878e+00
3.218999999999756501e+00,-5.341401569809229866e-01,1.169641062346226668e-01,1.043804159478656679e+00
3.219999999999756390e+00,-5.341081307611164064e-01,1.172044621950164012e-01,1.043262505808814522e+00
3.220999999999756280e+00,-5.340757814520940006e-01,1.174457265733461209e-01,1.042708083925438567e+00
3.221999999999756170e+00,-5.340431040736486334e-01,1.176878939532762791e-01,1.042140925373796323e+00
3.222999999999756060e+00,-5.340100936528215936e-01,1.179309589281867243e-01,1.041561062334400489e+00
3.223999999999755950e+00,-5.339767452245944845e-01,1.181749161001059423e-01,1.040968527617992079e+00
3.224999999999755840e+00,-5.339430538329561493e-01,1.184197600799273831e-01,1.040363354660993389e+00
3.225999999999755730e+00,-5.339090145318221570e-01,1.186654854871213027e-01,1.039745577520910125e+00
3.226999999999755619e+00,-5.338746223859276441e-01,1.189120869493069943e-01,1.039115230871686002e+00
3.227999999999755509e+00,-5.338398724717001720e-01,1.191595591016678668e-01,1.038472349999004729e+00
3.228999999999755399e+00,-5.338047598781238134e-01,1.194078965861886665e-01,1.037816970795542026e+00
3.229999999999755289e+00,-5.337692797075960227e-01,1.196570940506914149e-01,1.037149129756168575e+00
3.230999999999755179e+00,-5.337334270767889466e-01,1.199071461476454159e-01,1.036468863973104559e+00
3.231999999999755069e+00,-5.336971971175178409e-01,1.201580475327226338e-01,1.035776211131030689e+00
3.232999999999754959e+00,-5.336605849776229205e-01,1.204097928630680214e-01,1.035071209502159917e+00
3.233999999999754849e+00,-5.336235858218689732e-01,1.206623767952502702e-01,1.034353897941275857e+00
3.234999999999754738e+00,-5.335861948328648463e-01,1.209157939828582329e-01,1.033624315880746547e+00
3.235999999999754628e+00,-5.335484072120078025e-01,1.211700390737018851e-01,1.032882503325523560e+00
3.236999999999754518e+00,-5.335102181804496357e-01,1.214251067065793555e-01,1.032128500848140229e+00
3.237999999999754408e+00,-5.334716229800875453e-01,1.216809915075662829e-01,1.031362349583721638e+00
3.238999999999754298e+00,-5.334326168745747720e-01,1.219376880857871992e-01,1.030584091225025700e+00
3.239999999999754188e+00,-5.333931951503501079e-01,1.221951910286276921e-01,1.029793768017534195e+00
3.240999999999754078e+00,-5.333533531176779530e-01,1.224534948963539871e-01,1.028991422754614860e+00
3.241999999999753967e+00,-5.333130861116942567e-01,1.227125942161116368e-01,1.028177098772778075e+00
3.242999999999753857e+00,-5.332723894934496833e-01,1.229724834752918827e-01,1.027350839947049677e+00
3.243999999999753747e+00,-5.332312586509423413e-01,1.232331571142702975e-01,1.026512690686483653e+00
3.244999999999753637e+00,-5.331896890001318612e-01,1.234946095185537884e-01,1.025662695929830281e+00
3.245999999999753527e+00,-5.331476759859296033e-01,1.237568350104073511e-01,1.024800901141372123e+00
3.246999999999753417e+00,-5.331052150831636638e-01,1.240198278400814202e-01,1.023927352306927441e+00
3.247999999999753307e+00,-5.330623017975228972e-01,1.242835821768228377e-01,1.023042095930005502e+00
3.248999999999753197e+00,-5.330189316664937227e-01,1.245480920999235130e-01,1.022145179028076445e+00
3.249999999999753086e+00,-5.329751002603182464e-01,1.248133515901455048e-01,1.021236649128893781e+00
3.250999999999752976e+00,-5.329308031830115588e-01,1.250793545219451852e-01,1.020316554266772258e+00
3.251999999999752866e+00,-5.328860360735018231e-01,1.253460946570033041e-01,1.019384942978694308e+00
3.252999999999752756e+00,-5.328407946069639856e-01,1.256135656396275002e-01,1.018441864300084321e+00
3.253999999999752646e+00,-5.327950744964431440e-01,1.258817609946260574e-01,1.017487367760065986e+00
3.254999999999752536e+00,-5.327488714948601656e-01,1.261506741282210076e-01,1.016521503376010882e+00
3.255999999999752426e+00,-5.327021813974963660e-01,1.264202983324763663e-01,1.015544321647201542e+00
3.256999999999752315e+00,-5.326550000450305244e-01,1.266906267935391517e-01,1.014555873547478893e+00
3.257999999999752205e+00,-5.326073233271653162e-01,1.269616526037403159e-01,1.013556210516823430e+00
3.258999999999752095e+00,-5.325591471868265092e-01,1.272333687772960742e-01,1.012545384451928321e+00
3.259999999999751985e+00,-5.325104676248583191e-01,1.275057682690279304e-01,1.011523447695949596e+00
3.260999999999751875e+00,-5.324612807050645991e-01,1.277788439952271538e-01,1.010490453027741209e+00
3.261999999999751765e+00,-5.324115825594004647e-01,1.280525888555837377e-01,1.009446453650986397e+00
3.262999999999751655e+00,-5.323613693930746571e-01,1.283269957550099982e-01,1.008391503183693860e+00
3.263999999999751545e+00,-5.323106374893218362e-01,1.286020576242375424e-01,1.007325655648533491e+00
3.264999999999751434e+00,-5.322593832136246483e-01,1.288777674382348137e-01,1.006248965464433098e+00
3.265999999999751324e+00,-5.322076030172124828e-01,1.291541182317530456e-01,1.005161487439764079e+00
3.266999999999751214e+00,-5.321552934397285606e-01,1.294311031116038846e-01,1.004063276767320767e+00
3.267999999999751104e+00,-5.321024511110235000e-01,1.297087152655672648e-01,1.002954389021167625e+00
3.268999999999750994e+00,-5.320490727521001162e-01,1.299869479680722528e-01,1.001834880155313412e+00
3.269999999999750884e+00,-5.319951551752828411e-01,1.302657945829793218e-01,1.000704806504075783e+00
3.270999999999750774e+00,-5.319406952837214542e-01,1.305452485639022053e-01,9.995642247839368055e-01
3.271999999999750663e+00,-5.318856900703605728e-01,1.308253034525538872e-01,9.984131920966557994e-01
3.272999999999750553e+00,-5.318301366165066879e-01,1.311059528755993409e-01,9.972517659333941520e-01
3.273999999999750443e+00,-5.317740320901235274e-01,1.313871905404564999e-01,9.960800041796195048e-01
3.274999999999750333e+00,-5.317173737439717662e-01,1.316690102304282073e-01,9.948979651205760444e-01
3.275999999999750223e+00,-5.316601589136916717e-01,1.319514057994811140e-01,9.937057074471373763e-01
3.276999999999750113e+00,-5.316023850159090625e-01,1.322343711669197730e-01,9.925032902618884378e-01
3.277999999999750003e+00,-5.315440495464289761e-01,1.325179003121420007e-01,9.912907730853126598e-01
3.278999999999749893e+00,-5.314851500785604532e-01,1.328019872696100112e-01,9.900682158619866780e-01
3.279999999999749782e+00,-5.314256842616085219e-01,1.330866261241261395e-01,9.888356789667090974e-01
3.280999999999749672e+00,-5.313656498195475919e-01,1.333718110064687767e-01,9.875932232105057995e-01
3.281999999999749562e+00,-5.313050445498914698e-01,1.336575360894154407e-01,9.863409098464708258e-01
3.282999999999749452e+00,-5.312438663227587732e-01,1.339437955841616956e-01,9.850788005754125276e-01
3.283999999999749342e+00,-5.311821130801304136e-01,1.342305837371287613e-01,9.838069575512808917e-01
3.284999999999749232e+00,-5.311197828352904882e-01,1.345178948271436581e-01,9.825254433863588321e-01
3.285999999999749122e+00,-5.310568736724390337e-01,1.348057231629686825e-01,9.812343211562031264e-01
3.286999999999749011e+00,-5.309933837464612116e-01,1.350940630811530152e-01,9.799336544043198982e-01
3.287999999999748901e+00,-5.309293112828363803e-01,1.353829089441765943e-01,9.786235071465636537e-01
3.288999999999748791e+00,-5.308646545776709580e-01,1.356722551388572784e-01,9.773039438752442187e-01
3.289999999999748681e+00,-5.307994119978340919e-01,1.359620960749896024e-01,9.759750295629264771e-01
3.290999999999748571e+00,-5.307335819811812572e-01,1.362524261841865370e-01,9.746368296659067010e-01
3.291999999999748461e+00,-5.306671630368426928e-01,1.365432399188953316e-01,9.732894101273450449e-01
3.292999999999748351e+00,-5.306001537455611317e-01,1.368345317515604065e-01,9.719328373800333321e-01
3.293999999999748240e+00,-5.305325527600581736e-01,1.371262961739072583e-01,9.705671783487753723e-01
3.294999999999748130e+00,-5.304643588054114289e-01,1.374185276963226787e-01,9.691925004523530562e-01
3.295999999999748020e+00,-5.303955706794246661e-01,1.377112208473088573e-01,9.678088716050531337e-01
3.296999999999747910e+00,-5.303261872529736465e-01,1.380043701729889993e-01,9.664163602177252566e-01
3.297999999999747800e+00,-5.302562074703087713e-01,1.382979702366448072e-01,9.650150351983433072e-01
3.298999999999747690e+00,-5.301856303493014400e-01,1.385920156182666174e-01,9.636049659520404820e-01
3.299999999999747580e+00,-5.301144549816154683e-01,1.388865009140988205e-01,9.621862223805889291e-01
3.300999999999747470e+00,-5.300426805326602375e-01,1.391814207358834099e-01,9.607588748805039325e-01
3.301999999999747359e+00,-5.299703062233507289e-01,1.394767696712286842e-01,9.593229942252113895e-01
3.302999999999747249e+00,-5.298973313083628067e-01,1.397725422368893411e-01,9.578786513082065968e-01
3.303999999999747139e+00,-5.298237550584423694e-01,1.400687328415165522e-01,9.564259170746127747e-01
3.304999999999747029e+00,-5.297495767622255602e-01,1.403653357906761712e-01,9.549648625237080468e-01
3.305999999999746919e+00,-5.296747957271346063e-01,1.406623452900094828e-01,9.534955587109099628e-01
3.306999999999746809e+00,-5.295994112794693010e-01,1.409597554468409730e-01,9.520180767492253393e-01
3.307999999999746699e+00,-5.295234227644172176e-01,1.412575602717843215e-01,9.505324878101741870e-01
3.308999999999746588e+00,-5.294468295459849871e-01,1.415557536803389582e-01,9.490388631241982731e-01
3.309999999999746478e+00,-5.293696310068429778e-01,1.418543294944715760e-01,9.475372739805665301e-01
3.310999999999746368e+00,-5.292918265480890394e-01,1.421532814441759940e-01,9.460277917267926329e-01
3.311999999999746258e+00,-5.292134155889283154e-01,1.424526031690073191e-01,9.445104877675805088e-01
3.312999999999746148e+00,-5.291343975662707866e-01,1.427522882195854104e-01,9.429854335633185425e-01
3.313999999999746038e+00,-5.290547719342504340e-01,1.430523300590649249e-01,9.414527006281416810e-01
3.314999999999745928e+00,-5.289745381636661303e-01,1.433527220645690048e-01,9.399123605275875315e-01
3.315999999999745818e+00,-5.288936957413497009e-01,1.436534575285839943e-01,9.383644848758698753e-01
3.316999999999745707e+00,-5.288122441694651510e-01,1.439545296603150781e-01,9.368091453327987983e-01
3.317999999999745597e+00,-5.287301829647428342e-01,1.442559315869996195e-01,9.352464136003773021e-01
3.318999999999745487e+00,-5.286475116576554445e-01,1.445576563551806970e-01,9.336763614191049276e-01
3.319999999999745377e+00,-5.285642297915409404e-01,1.448596969319383421e-01,9.320990605640229187e-01
3.320999999999745267e+00,-5.284803369216786173e-01,1.451620462060802530e-01,9.305145828405338992e-01
3.321999999999745157e+00,-5.283958326143266548e-01,1.454646969892927078e-01,9.289230000800337006e-01
3.322999999999745047e+00,-5.283107164457265803e-01,1.457676420172525078e-01,9.273243841353896455e-01
3.323999999999744936e+00,-5.282249880010831955e-01,1.460708739507011189e-01,9.257188068763041455e-01
3.324999999999744826e+00,-5.281386468735274065e-01,1.463743853764826186e-01,9.241063401846003611e-01
3.325999999999744716e+00,-5.280516926630687280e-01,1.466781688085474489e-01,9.224870559494672273e-01
3.326999999999744606e+00,-5.279641249755478993e-01,1.469822166889220294e-01,9.208610260627017041e-01
3.327999999999744496e+00,-5.278759434215938295e-01,1.472865213886476177e-01,9.192283224139836673e-01
3.328999999999744386e+00,-5.277871476155941988e-01,1.475910752086880828e-01,9.175890168862208540e-01
3.329999999999744276e+00,-5.276977371746884860e-01,1.478958703808087027e-01,9.159431813509978371e-01
3.330999999999744166e+00,-5.276077117177868647e-01,1.482008990684264282e-01,9.142908876641622218e-01
3.331999999999744055e+00,-5.275170708646252926e-01,1.485061533674330581e-01,9.126322076615815959e-01
3.332999999999743945e+00,-5.274258142348617895e-01,1.488116253069902140e-01,9.109672131550997642e-01
3.333999999999743835e+00,-5.273339414472186792e-01,1.491173068502980037e-01,9.092959759287229105e-01
3.334999999999743725e+00,-5.272414521186790104e-01,1.494231898953354842e-01,9.076185677350611103e-01
3.335999999999743615e+00,-5.271483458637387098e-01,1.497292662755730919e-01,9.059350602920502871e-01
3.336999999999743505e+00,-5.270546222937222414e-01,1.500355277606557625e-01,9.042455252799780352e-01
3.337999999999743395e+00,-5.269602810161639894e-01,1.503419660570552985e-01,9.025500343388327407e-01
3.338999999999743284e+00,-5.268653216342573664e-01,1.506485728086902620e-01,9.008486590659956494e-01
3.339999999999743174e+00,-5.267697437463780830e-01,1.509553395975112844e-01,8.991414710142910938e-01
3.340999999999743064e+00,-5.266735469456792496e-01,1.512622579440486836e-01,8.974285416904098645e-01
3.341999999999742954e+00,-5.265767308197639718e-01,1.515693193079225010e-01,8.957099425537179416e-01
3.342999999999742844e+00,-5.264792949504333297e-01,1.518765150883072401e-01,8.939857450154592433e-01
3.343999999999742734e+00,-5.263812389135114067e-01,1.521838366243539742e-01,8.922560204383622739e-01
3.344999999999742624e+00,-5.262825622787474789e-01,1.524912751955629364e-01,8.905208401366548898e-01
3.345999999999742514e+00,-5.261832646097936994e-01,1.527988220221047078e-01,8.887802753764917352e-01
3.346999999999742403e+00,-5.260833454642583895e-01,1.531064682650887798e-01,8.870343973767959023e-01
3.347999999999742293e+00,-5.259828043938307163e-01,1.534142050267752744e-01,8.852832773105141495e-01
3.348999999999742183e+00,-5.258816409444768691e-01,1.537220233507281542e-01,8.835269863062837903e-01
3.349999999999742073e+00,-5.257798546567034048e-01,1.540299142219102579e-01,8.817655954505052573e-01
3.350999999999741963e+00,-5.256774450658848741e-01,1.543378685667159411e-01,8.799991757898133482e-01
3.351999999999741853e+00,-5.255744117026521778e-01,1.546458772529477610e-01,8.782277983339421557e-01
3.352999999999741743e+00,-5.254707540937199051e-01,1.549539310901618672e-01,8.764515340613450167e-01
3.353999999999741632e+00,-5.253664717628412362e-01,1.552620208300503624e-01,8.746704539286248581e-01
3.354999999999741522e+00,-5.252615642317539635e-01,1.555701371667049804e-01,8.728846288760903072e-01
3.355999999999741412e+00,-5.251560310206896398e-01,1.558782707363036701e-01,8.710941298317290693e-01
3.356999999999741302e+00,-5.250498716489238049e-01,1.561864121167652053e-01,8.692990277154710732e-01
3.357999999999741192e+00,-5.249430856353745067e-01,1.564945518274022396e-01,8.674993934437092991e-01
3.358999999999741082e+00,-5.248356724992226940e-01,1.568026803285614834e-01,8.656952979340385435e-01
3.359999999999740972e+00,-5.247276317605460427e-01,1.571107880212631036e-01,8.638868121101670461e-01
3.360999999999740862e+00,-5.246189629409592214e-01,1.574188652468607730e-01,8.620740069069497968e-01
3.361999999999740751e+00,-5.245096655642520478e-01,1.577269022867390236e-01,8.602569532754850146e-01
3.362999999999740641e+00,-5.243997391570196509e-01,1.580348893620738826e-01,8.584357221882080724e-01
3.363999999999740531e+00,-5.242891832492746484e-01,1.583428166336806608e-01,8.566103846439102609e-01
3.364999999999740421e+00,-5.241779973750357868e-01,1.586506742019780924e-01,8.547810116726028973e-01
3.365999999999740311e+00,-5.240661810728834968e-01,1.589584521070996903e-01,8.529476743401398497e-01
3.366999999999740201e+00,-5.239537338864775906e-01,1.592661403291810718e-01,8.511104437525078836e-01
3.367999999999740091e+00,-5.238406553650289954e-01,1.595737287888603362e-01,8.492693910596879059e-01
3.368999999999739980e+00,-5.237269450637203061e-01,1.598812073480209150e-01,8.474245874589882987e-01
3.369999999999739870e+00,-5.236126025440704934e-01,1.601885658108098687e-01,8.455761041977518655e-01
3.370999999999739760e+00,-5.234976273742402153e-01,1.604957939249617160e-01,8.437240125753391329e-01
3.371999999999739650e+00,-5.233820191292745116e-01,1.608028813834535553e-01,8.418683839442976380e-01
3.372999999999739540e+00,-5.232657773912816612e-01,1.611098178265127912e-01,8.400092897106334888e-01
3.373999999999739430e+00,-5.231489017495496441e-01,1.614165928439940112e-01,8.381468013331174749e-01
3.374999999999739320e+00,-5.230313918005995433e-01,1.617231959781306738e-01,8.362809903215714380e-01
3.375999999999739209e+00,-5.229132471481808819e-01,1.620296167266637166e-01,8.344119282341025956e-01
3.376999999999739099e+00,-5.227944674032113381e-01,1.623358445463338740e-01,8.325396866732760470e-01
3.377999999999738989e+00,-5.226750521836671659e-01,1.626418688567194959e-01,8.306643372812416715e-01
3.378999999999738879e+00,-5.225550011144295404e-01,1.629476790443880052e-01,8.287859517338594939e-01
3.379999999999738769e+00,-5.224343138270949316e-01,1.632532644673201361e-01,8.269046017338946841e-01
3.380999999999738659e+00,-5.223129899597542813e-01,1.635586144595591040e-01,8.250203590033815537e-01
3.381999999999738549e+00,-5.221910291567504192e-01,1.638637183360238669e-01,8.231332952752805632e-01
3.382999999999738439e+00,-5.220684310684191587e-01,1.641685653974259695e-01,8.212434822845749993e-01
3.383999999999738328e+00,-5.219451953508198461e-01,1.644731449352211383e-01,8.193509917589703040e-01
3.384999999999738218e+00,-5.218213216654629116e-01,1.647774462365257930e-01,8.174558954093724683e-01
3.385999999999738108e+00,-5.216968096790364218e-01,1.650814585889318620e-01,8.155582649203275691e-01
3.386999999999737998e+00,-5.215716590631375160e-01,1.653851712851527322e-01,8.136581719406041913e-01
3.387999999999737888e+00,-5.214458694940089512e-01,1.656885736274424925e-01,8.117556880740955938e-01
3.388999999999737778e+00,-5.213194406522854152e-01,1.659916549317355106e-01,8.098508848712063779e-01
3.389999999999737668e+00,-5.211923722227471689e-01,1.662944045314616037e-01,8.079438338208712045e-01
3.390999999999737557e+00,-5.210646638940830133e-01,1.665968117810042726e-01,8.060346063433352359e-01
3.391999999999737447e+00,-5.209363153586621387e-01,1.668988660587772399e-01,8.041232737838009959e-01
3.392999999999737337e+00,-5.208073263123125241e-01,1.672005567699065276e-01,8.022099074070233593e-01
3.393999999999737227e+00,-5.206776964541062203e-01,1.675018733485131861e-01,8.002945783929095169e-01
3.394999999999737117e+00,-5.205474254861508498e-01,1.678028052596027830e-01,7.983773578331566645e-01
3.395999999999737007e+00,-5.204165131133844380e-01,1.681033420005756396e-01,7.964583167289378540e-01
3.396999999999736897e+00,-5.202849590433761273e-01,1.684034731023751341e-01,7.945375259896272357e-01
3.397999999999736787e+00,-5.201527629861283364e-01,1.687031881303024949e-01,7.926150564325357140e-01
3.398999999999736676e+00,-5.200199246538852460e-01,1.690024766845265036e-01,7.906909787836169379e-01
3.399999999999736566e+00,-5.198864437609445055e-01,1.693013284003200836e-01,7.887653636790891154e-01
3.400999999999736456e+00,-5.197523200234739349e-01,1.695997329480576354e-01,7.868382816679103664e-01
3.401999999999736346e+00,-5.196175531593361097e-01,1.698976800330095349e-01,7.849098032150402249e-01
3.402999999999736236e+00,-5.194821428879197178e-01,1.701951593949659891e-01,7.829799987054140153e-01
3.403999999999736126e+00,-5.193460889299810201e-01,1.704921608077242245e-01,7.810489384485582720e-01
3.404999999999736016e+00,-5.192093910074975227e-01,1.707886740784704260e-01,7.791166926837733708e-01
3.405999999999735905e+00,-5.190720488435343061e-01,1.710846890470874015e-01,7.771833315858129865e-01
3.406999999999735795e+00,-5.189340621621270078e-01,1.713801955854117320e-01,7.752489252709922063e-01
3.407999999999735685e+00,-5.187954306881814581e-01,1.716751835964694939e-01,7.733135438036599085e-01
3.408999999999735575e+00,-5.186561541473939663e-01,1.719696430137077625e-01,7.713772572029753416e-01
3.409999999999735465e+00,-5.185162322661912571e-01,1.722635638002461000e-01,7.694401354499345036e-01
3.410999999999735355e+00,-5.183756647716958321e-01,1.725569359481605725e-01,7.675022484945951406e-01
3.411999999999735245e+00,-5.182344513917130913e-01,1.728497494778180599e-01,7.655636662634552891e-01
3.412999999999735135e+00,-5.180925918547459874e-01,1.731419944372712960e-01,7.636244586669437284e-01
3.413999999999735024e+00,-5.179500858900356608e-01,1.734336609017250730e-01,7.616846956069870389e-01
3.414999999999734914e+00,-5.178069332276296066e-01,1.737247389730823821e-01,7.597444469846197368e-01
3.415999999999734804e+00,-5.176631335984778204e-01,1.740152187795761529e-01,7.578037827076099520e-01
3.416999999999734694e+00,-5.175186867345574759e-01,1.743050904754923636e-01,7.558627726980746697e-01
3.417999999999734584e+00,-5.173735923690259142e-01,1.745943442409867430e-01,7.539214869000635533e-01
3.418999999999734474e+00,-5.172278502364017205e-01,1.748829702819993948e-01,7.519799952870916959e-01
3.419999999999734364e+00,-5.170814600727742238e-01,1.751709588302663434e-01,7.500383678696047607e-01
3.420999999999734253e+00,-5.169344216160396410e-01,1.754583001434300016e-01,7.480966747023621854e-01
3.421999999999734143e+00,-5.167867346061648659e-01,1.757449845052471149e-01,7.461549858917249090e-01
3.422999999999734033e+00,-5.166383987854752391e-01,1.760310022258940732e-01,7.442133716028378476e-01
3.423999999999733923e+00,-5.164894138989681860e-01,1.763163436423652586e-01,7.422719020666957990e-01
3.424999999999733813e+00,-5.163397796946502805e-01,1.766009991189663175e-01,7.403306475870848891e-01
3.425999999999733703e+00,-5.161894959238944036e-01,1.768849590478955847e-01,7.383896785473916813e-01
3.426999999999733593e+00,-5.160385623418186629e-01,1.771682138499134362e-01,7.364490654172720641e-01
3.427999999999733483e+00,-5.158869787076831859e-01,1.774507539750940222e-01,7.345088787591744772e-01
3.428999999999733372e+00,-5.157347447853040112e-01,1.777325699036576001e-01,7.325691892347101497e-01
3.429999999999733262e+00,-5.155818603434817460e-01,1.780136521468792532e-01,7.306300676108656855e-01
3.430999999999733152e+00,-5.154283251564424351e-01,1.782939912480693279e-01,7.286915847660520029e-01
3.431999999999733042e+00,-5.152741390042911984e-01,1.785735777836217064e-01,7.267538116959845196e-01
3.432999999999732932e+00,-5.151193016734727514e-01,1.788524023641268057e-01,7.248168195193892549e-01
3.433999999999732822e+00,-5.149638129572400302e-01,1.791304556355434174e-01,7.228806794835305194e-01
3.434999999999732712e+00,-5.148076726561274796e-01,1.794077282804272810e-01,7.209454629695545291e-01
3.435999999999732601e+00,-5.146508805784266727e-01,1.796842110192093944e-01,7.190112414976450594e-01
3.436999999999732491e+00,-5.144934365406622634e-01,1.799598946115222864e-01,7.170780867319858087e-01
3.437999999999732381e+00,-5.143353403680676061e-01,1.802347698575685886e-01,7.151460704855249206e-01
3.438999999999732271e+00,-5.141765918950554903e-01,1.805088275995280211e-01,7.132152647245375565e-01
3.439999999999732161e+00,-5.140171909656841009e-01,1.807820587229981291e-01,7.112857415729821886e-01
3.440999999999732051e+00,-5.138571374341156517e-01,1.810544541584661049e-01,7.093575733166450625e-01
3.441999999999731941e+00,-5.136964311650652482e-01,1.813260048828051474e-01,7.074308324070710530e-01
3.442999999999731831e+00,-5.135350720342386488e-01,1.815967019207935795e-01,7.055055914652741400e-01
3.443999999999731720e+00,-5.133730599287578134e-01,1.818665363466519524e-01,7.035819232852261740e-01
3.444999999999731610e+00,-5.132103947475713523e-01,1.821354992855930277e-01,7.016599008371190438e-01
3.445999999999731500e+00,-5.130470764018486562e-01,1.824035819153836391e-01,6.997395972703969180e-01
3.446999999999731390e+00,-5.128831048153581484e-01,1.826707754679116613e-01,6.978210859165561164e-01
3.447999999999731280e+00,-5.127184799248245550e-01,1.829370712307566427e-01,6.959044402917093919e-01
3.448999999999731170e+00,-5.125532016802683000e-01,1.832024605487595492e-01,6.939897340989127361e-01
3.449999999999731060e+00,-5.123872700453223628e-01,1.834669348255890675e-01,6.920770412302517105e-01
3.450999999999730949e+00,-5.122206849975287080e-01,1.837304855252999136e-01,6.901664357686861928e-01
3.451999999999730839e+00,-5.120534465286099568e-01,1.839931041738814832e-01,6.882579919896529841e-01
3.452999999999730729e+00,-5.118855546447198535e-01,1.842547823607924018e-01,6.863517843624232784e-01
3.453999999999730619e+00,-5.117170093666674191e-01,1.845155117404798650e-01,6.844478875512171046e-01
3.454999999999730509e+00,-5.115478107301190125e-01,1.847752840338785507e-01,6.825463764160725200e-01
3.455999999999730399e+00,-5.113779587857738562e-01,1.850340910298879926e-01,6.806473260134717762e-01
3.456999999999730289e+00,-5.112074535995158042e-01,1.852919245868263065e-01,6.787508115967240130e-01
3.457999999999730179e+00,-5.110362952525399072e-01,1.855487766338562716e-01,6.768569086161070336e-01
3.458999999999730068e+00,-5.108644838414544420e-01,1.858046391723824353e-01,6.749656927187692723e-01
3.459999999999729958e+00,-5.106920194783586275e-01,1.860595042774160213e-01,6.730772397483952840e-01
3.460999999999729848e+00,-5.105189022908962482e-01,1.863133640989076412e-01,6.711916257446370881e-01
3.461999999999729738e+00,-5.103451324222858521e-01,1.865662108630429250e-01,6.693089269423155852e-01
3.462999999999729628e+00,-5.101707100313290777e-01,1.868180368735009589e-01,6.674292197703954876e-01
3.463999999999729518e+00,-5.099956352923953329e-01,1.870688345126734209e-01,6.655525808507389840e-01
3.464999999999729408e+00,-5.098199083953879329e-01,1.873185962428419726e-01,6.636790869966436857e-01
3.465999999999729297e+00,-5.096435295456880343e-01,1.875673146073129072e-01,6.618088152111697431e-01
3.466999999999729187e+00,-5.094664989640818042e-01,1.878149822315067219e-01,6.599418426852636799e-01
3.467999999999729077e+00,-5.092888168866691601e-01,1.880615918240021722e-01,6.580782467956852733e-01
3.468999999999728967e+00,-5.091104835647572990e-01,1.883071361775313646e-01,6.562181051027456968e-01
3.469999999999728857e+00,-5.089314992647393510e-01,1.885516081699266655e-01,6.543614953478648077e-01
3.470999999999728747e+00,-5.087518642679615954e-01,1.887950007650163187e-01,6.525084954509565716e-01
3.471999999999728637e+00,-5.085715788705773566e-01,1.890373070134675482e-01,6.506591835076528385e-01
3.472999999999728526e+00,-5.083906433833953464e-01,1.892785200535768153e-01,6.488136377863747972e-01
3.473999999999728416e+00,-5.082090581317180167e-01,1.895186331120044532e-01,6.469719367252638742e-01
3.474999999999728306e+00,-5.080268234551769124e-01,1.897576395044529018e-01,6.451341589289831813e-01
3.475999999999728196e+00,-5.078439397075644735e-01,1.899955326362875452e-01,6.433003831654019455e-01
3.476999999999728086e+00,-5.076604072566658354e-01,1.902323060030979285e-01,6.414706883621766886e-01
3.477999999999727976e+00,-5.074762264840925186e-01,1.904679531911981361e-01,6.396451536032418117e-01
3.478999999999727866e+00,-5.072913977851203349e-01,1.907024678780651072e-01,6.378238581252252404e-01
3.479999999999727756e+00,-5.071059215686419819e-01,1.909358438328174756e-01,6.360068813141994681e-01
3.480999999999727645e+00,-5.069197982581605810e-01,1.911680749176316585e-01,6.341943027080224615e-01
3.481999999999727535e+00,-5.067330282924937812e-01,1.913991550888097803e-01,6.323862019999604289e-01
3.482999999999727425e+00,-5.065456121262899014e-01,1.916290783975775902e-01,6.305826590356264916e-01
3.483999999999727315e+00,-5.063575502296864261e-01,1.918578389899686654e-01,6.287837538090039757e-01
3.484999999999727205e+00,-5.061688430881712275e-01,1.920854311068105336e-01,6.269895664585029005e-01
3.485999999999727095e+00,-5.059794912024717650e-01,1.923118490836399630e-01,6.252001772630690901e-01
3.486999999999726985e+00,-5.057894950884684881e-01,1.925370873505417579e-01,6.234156666383654510e-01
3.487999999999726874e+00,-5.055988552771404354e-01,1.927611404319097277e-01,6.216361151330469514e-01
3.488999999999726764e+00,-5.054075723145409205e-01,1.929840029461293849e-01,6.198616034251485107e-01
3.489999999999726654e+00,-5.052156467618089675e-01,1.932056696051792644e-01,6.180922123186085582e-01
3.490999999999726544e+00,-5.050230791952181608e-01,1.934261352141504187e-01,6.163280227399468014e-01
3.491999999999726434e+00,-5.048298702062654630e-01,1.936453946706827578e-01,6.145691157351187428e-01
3.492999999999726324e+00,-5.046360204018008888e-01,1.938634429643173451e-01,6.128155724665633741e-01
3.493999999999726214e+00,-5.044415304042015880e-01,1.940802751757645384e-01,6.110674742104640345e-01
3.494999999999726104e+00,-5.042464008515911145e-01,1.942958864760886417e-01,6.093249023542356424e-01
3.495999999999725993e+00,-5.040506323981031045e-01,1.945102721258080702e-01,6.075879383942516254e-01
3.496999999999725883e+00,-5.038542257141929159e-01,1.947234274739160220e-01,6.058566639338177628e-01
3.497999999999725773e+00,-5.036571814869930108e-01,1.949353479568219916e-01,6.041311606813959401e-01
3.498999999999725663e+00,-5.034595004207144120e-01,1.951460290972193423e-01,6.024115104490727068e-01
3.499999999999725553e+00,-5.032611832370887939e-01,1.953554665028851556e-01,6.006977951512602054e-01
3.500999999999725443e+00,-5.030622306758492090e-01,1.955636558654205714e-01,5.989900968036064866e-01
3.501999999999725333e+00,-5.028626434952454538e-01,1.957705929589405036e-01,5.972884975220779102e-01
3.502999999999725222e+00,-5.026624224725850798e-01,1.959762736387270499e-01,5.955930795221640039e-01
3.503999999999725112e+00,-5.024615684047940567e-01,1.961806938398616973e-01,5.939039251181352785e-01
3.504999999999725002e+00,-5.022600821089877599e-01,1.963838495758551961e-01,5.922211167222654060e-01
3.505999999999724892e+00,-5.020579644230372951e-01,1.965857369372987495e-01,5.905447368439069589e-01
3.506999999999724782e+00,-5.018552162061207245e-01,1.967863520905619446e-01,5.888748680882828213e-01
3.507999999999724672e+00,-5.016518383392414293e-01,1.969856912765700629e-01,5.872115931548312906e-01
3.508999999999724562e+00,-5.014478317256962914e-01,1.971837508096938585e-01,5.855549948349111355e-01
3.509999999999724452e+00,-5.012431972914748179e-01,1.973805270767913234e-01,5.839051560086485626e-01
3.510999999999724341e+00,-5.010379359855674508e-01,1.975760165364450760e-01,5.822621596406784006e-01
3.511999999999724231e+00,-5.008320487801635190e-01,1.977702157184373366e-01,5.806260887745098298e-01
3.512999999999724121e+00,-5.006255366707160759e-01,1.979631212235126725e-01,5.789970265252307735e-01
3.513999999999724011e+00,-5.004184006758550796e-01,1.981547297234729221e-01,5.773750560702548551e-01
3.514999999999723901e+00,-5.002106418371305985e-01,1.983450379616507053e-01,5.757602606378201537e-01
3.515999999999723791e+00,-5.000022612185721638e-01,1.985340427538018204e-01,5.741527234929677537e-01
3.516999999999723681e+00,-4.997932599060559977e-01,1.987217409894516118e-01,5.725525279207628326e-01
3.517999999999723570e+00,-4.995836390064782861e-01,1.989081296337213978e-01,5.709597572065795434e-01
3.518999999999723460e+00,-4.993733996467396574e-01,1.990932057296451729e-01,5.693744946133478813e-01
3.519999999999723350e+00,-4.991625429725567442e-01,1.992769664009808039e-01,5.677968233557572075e-01
3.520999999999723240e+00,-4.989510701471251974e-01,1.994594088554940692e-01,5.662268265715276749e-01
3.521999999999723130e+00,-4.987389823496690133e-01,1.996405303886840121e-01,5.646645872899864749e-01
3.522999999999723020e+00,-4.985262807739205271e-01,1.998203283878982051e-01,5.631101883983224976e-01
3.523999999999722910e+00,-4.983129666265829205e-01,1.999988003367718647e-01,5.615637126060186723e-01
3.524999999999722800e+00,-4.980990411258341966e-01,2.001759438199109953e-01,5.600252424080840452e-01
3.525999999999722689e+00,-4.978845054999354036e-01,2.003517565277321832e-01,5.584948600477995795e-01
3.526999999999722579e+00,-4.976693609860064482e-01,2.005262362613655647e-01,5.569726474797586091e-01
3.527999999999722469e+00,-4.974536088290317792e-01,2.006993809375311466e-01,5.554586863340091885e-01
3.528999999999722359e+00,-4.972372502811538419e-01,2.008711885933016639e-01,5.539530578820966999e-01
3.529999999999722249e+00,-4.970202866013053722e-01,2.010416573906805837e-01,5.524558430057492364e-01
3.530999999999722139e+00,-4.968027190552223860e-01,2.012107856209349732e-01,5.509671221688656750e-01
3.531999999999722029e+00,-4.965845489158721149e-01,2.013785717086454818e-01,5.494869753933472323e-01
3.532999999999721918e+00,-4.963657774643187581e-01,2.015450142154519009e-01,5.480154822391803959e-01
3.533999999999721808e+00,-4.961464059910423163e-01,2.017101118434960760e-01,5.465527217890341349e-01
3.534999999999721698e+00,-4.959264357977166693e-01,2.018738634385792707e-01,5.450987726374912912e-01
3.535999999999721588e+00,-4.957058681994467864e-01,2.020362679930711725e-01,5.436537128848983880e-01
3.536999999999721478e+00,-4.954847045274609063e-01,2.021973246486169495e-01,5.422176201357026271e-01
3.537999999999721368e+00,-4.952629461322491933e-01,2.023570326987035317e-01,5.407905715010453696e-01
3.538999999999721258e+00,-4.950405943871377112e-01,2.025153915911478419e-01,5.393726436053080109e-01
3.539999999999721148e+00,-4.948176506922874474e-01,2.026724009305758134e-01,5.379639125962554225e-01
3.540999999999721037e+00,-4.945941164791051725e-01,2.028280604809565846e-01,5.365644541583880489e-01
3.541999999999720927e+00,-4.943699932150528165e-01,2.029823701682570425e-01,5.351743435291043127e-01
3.542999999999720817e+00,-4.941452824088414797e-01,2.031353300832680064e-01,5.337936555172705377e-01
3.543999999999720707e+00,-4.939199856159896540e-01,2.032869404846495698e-01,5.324224645238080367e-01
3.544999999999720597e+00,-4.936941044447242244e-01,2.034372018022266859e-01,5.310608445639163344e-01
3.545999999999720487e+00,-4.934676405621902795e-01,2.035861146405522071e-01,5.297088692905668195e-01
3.546999999999720377e+00,-4.932405957009282638e-01,2.037336797827339341e-01,5.283666120189076665e-01
3.547999999999720266e+00,-4.930129716655571870e-01,2.038798981945055822e-01,5.270341457512235372e-01
3.548999999999720156e+00,-4.927847703395875634e-01,2.040247710284893712e-01,5.257115432020825763e-01
3.549999999999720046e+00,-4.925559936922585536e-01,2.041682996285775209e-01,5.243988768232824560e-01
3.550999999999719936e+00,-4.923266437852676924e-01,2.043104855343201853e-01,5.230962188281726988e-01
3.551999999999719826e+00,-4.920967227792270027e-01,2.044513304851771629e-01,5.218036412148808756e-01
3.552999999999719716e+00,-4.918662329396419342e-01,2.045908364244490851e-01,5.205212157879133272e-01
3.553999999999719606e+00,-4.916351766421716007e-01,2.047290055026647071e-01,5.192490141775317758e-01
3.554999999999719495e+00,-4.914035563768909265e-01,2.048658400801626200e-01,5.179871078562394704e-01
3.555999999999719385e+00,-4.911713747512403416e-01,2.050013427285682921e-01,5.167355681516457855e-01
3.556999999999719275e+00,-4.909386344913260203e-01,2.051355162308419189e-01,5.154944662549341139e-01
3.557999999999719165e+00,-4.907053384412203290e-01,2.052683635795591321e-01,5.142638732241386901e-01
3.558999999999719055e+00,-4.904714895599227020e-01,2.053998879730887239e-01,5.130438599814655110e-01
3.559999999999718945e+00,-4.902370909156748002e-01,2.055300928093674040e-01,5.118344973039741230e-01
3.560999999999718835e+00,-4.900021456773887563e-01,2.056589816770257872e-01,5.106358558070941411e-01
3.561999999999718725e+00,-4.897666571030422356e-01,2.057865583437178403e-01,5.094480059206740741e-01
3.562999999999718614e+00,-4.895306285250229927e-01,2.059128267416272529e-01,5.082710178575653437e-01
3.563999999999718504e+00,-4.892940633325554844e-01,2.060377909502790761e-01,5.071049615750996553e-01
3.564999999999718394e+00,-4.890569649515084660e-01,2.061614551769515025e-01,5.059499067302181130e-01
3.565999999999718284e+00,-4.888193368220487556e-01,2.062838237351577453e-01,5.048059226294028257e-01
3.566999999999718174e+00,-4.885811823747545080e-01,2.064049010218227398e-01,5.036730781749210184e-01
3.567999999999718064e+00,-4.883425050059129746e-01,2.065246914939043998e-01,5.025514418091656665e-01
3.568999999999717954e+00,-4.881033080527943935e-01,2.066431996452869901e-01,5.014410814590344323e-01
3.569999999999717843e+00,-4.878635947696978725e-01,2.067604299847888294e-01,5.003420644823071139e-01
3.570999999999717733e+00,-4.876233683055122836e-01,2.068763870160819085e-01,4.992544576178595817e-01
3.571999999999717623e+00,-4.873826316838408834e-01,2.069910752206225446e-01,4.981783269426354743e-01
3.572999999999717513e+00,-4.871413877869906761e-01,2.071044990449361078e-01,4.971137378426749853e-01
3.573999999999717403e+00,-4.868996393424003810e-01,2.072166628909215547e-01,4.960607549888003676e-01
3.574999999999717293e+00,-4.866573889114242935e-01,2.073275711091353557e-01,4.950194423142050826e-01
3.575999999999717183e+00,-4.864146388805649646e-01,2.074372279951782749e-01,4.939898629995873036e-01
3.576999999999717073e+00,-4.861713914557925231e-01,2.075456377898174942e-01,4.929720794657538319e-01
3.577999999999716962e+00,-4.859276486594988897e-01,2.076528046824019924e-01,4.919661533730514957e-01
3.578999999999716852e+00,-4.856834123297349981e-01,2.077587328172052494e-01,4.909721456267918116e-01
3.579999999999716742e+00,-4.854386841213385595e-01,2.078634263022836048e-01,4.899901163877286581e-01
3.580999999999716632e+00,-4.851934655085461956e-01,2.079668892204127317e-01,4.890201250866118010e-01
3.581999999999716522e+00,-4.849477577887004731e-01,2.080691256416744572e-01,4.880622304418615887e-01
3.582999999999716412e+00,-4.847015620866879648e-01,2.081701396372910295e-01,4.871164904794757500e-01
3.583999999999716302e+00,-4.844548793597906466e-01,2.082699352943416793e-01,4.861829625543703237e-01
3.584999999999716191e+00,-4.842077104026783485e-01,2.083685167310422859e-01,4.852617033724636042e-01
3.585999999999716081e+00,-4.839600558523240448e-01,2.084658881123161445e-01,4.843527690129227348e-01
3.586999999999715971e+00,-4.837119161926718980e-01,2.085620536654282375e-01,4.834562149500993278e-01
3.587999999999715861e+00,-4.834632917589404832e-01,2.086570176954977152e-01,4.825720960747804655e-01
3.588999999999715751e+00,-4.832141827414880297e-01,2.087507846007335965e-01,4.817004667144699770e-01
3.589999999999715641e+00,-4.829645891892143106e-01,2.088433588872675717e-01,4.808413806524963197e-01
3.590999999999715531e+00,-4.827145110125171112e-01,2.089347451834704383e-01,4.799948911458161160e-01
3.591999999999715421e+00,-4.824639479858667257e-01,2.090249482536464809e-01,4.791610509414541696e-01
3.592999999999715310e+00,-4.822128997501126113e-01,2.091139730109948802e-01,4.783399122915991120e-01
3.593999999999715200e+00,-4.819613658146910673e-01,2.092018245297073697e-01,4.775315269674694774e-01
3.594999999999715090e+00,-4.817093455599725793e-01,2.092885080560386024e-01,4.767359462721985075e-01
3.595999999999714980e+00,-4.814568382400739033e-01,2.093740290181366204e-01,4.759532210531821073e-01
3.596999999999714870e+00,-4.812038429865755917e-01,2.094583930343407729e-01,4.751834017146391309e-01
3.597999999999714760e+00,-4.809503588137462038e-01,2.095416059195523983e-01,4.744265382316134594e-01
3.598999999999714650e+00,-4.806963846260982054e-01,2.096236736891259334e-01,4.736826801674151044e-01
3.599999999999714539e+00,-4.804419192294331342e-01,2.097046025595119545e-01,4.729518766977345856e-01
3.600999999999714429e+00,-4.801869613470253761e-01,2.097843989445583590e-01,4.722341766466779944e-01
3.601999999999714319e+00,-4.799315096433571237e-01,2.098630694458970547e-01,4.715296285432771239e-01
3.602999999999714209e+00,-4.796755627590095772e-01,2.099406208350983460e-01,4.708382807125108815e-01
3.603999999999714099e+00,-4.794191193622330260e-01,2.100170600241219043e-01,4.701601814240167210e-01
3.604999999999713989e+00,-4.791621782257853845e-01,2.100923940187643391e-01,4.694953791368556839e-01
3.605999999999713879e+00,-4.789047383424669402e-01,2.101666298469655469e-01,4.688439229032049793e-01
3.606999999999713769e+00,-4.786467990997700928e-01,2.102397744497295218e-01,4.682058630299519297e-01
3.607999999999713658e+00,-4.783883605416703322e-01,2.103118345177314996e-01,4.675812521360821483e-01
3.608999999999713548e+00,-4.781294237442463846e-01,2.103828162560685833e-01,4.669701467299053887e-01
3.609999999999713438e+00,-4.778699912903244251e-01,2.104527250784385961e-01,4.663726091753429559e-01
3.610999999999713328e+00,-4.776100676924227018e-01,2.105215652979792740e-01,4.657887090707101274e-01
3.611999999999713218e+00,-4.773496594167942475e-01,2.105893399847641456e-01,4.652185217893843872e-01
3.612999999999713108e+00,-4.770887742289424138e-01,2.106560511533249747e-01,4.646621224549619678e-01
3.613999999999712998e+00,-4.768274201186925021e-01,2.107217002142240947e-01,4.641195778369932023e-01
3.614999999999712887e+00,-4.765656044485627740e-01,2.107862884236637591e-01,4.635909414422790809e-01
3.615999999999712777e+00,-4.763033336904690662e-01,2.108498171403625498e-01,4.630762536272221563e-01
3.616999999999712667e+00,-4.760406135908457625e-01,2.109122879079187163e-01,4.625755444774201641e-01
3.617999999999712557e+00,-4.757774494419025335e-01,2.109737024685423012e-01,4.620888370171505333e-01
3.618999999999712447e+00,-4.755138462975071478e-01,2.110340627698555904e-01,4.616161497481786613e-01
3.619999999999712337e+00,-4.752498091111895251e-01,2.110933709787308210e-01,4.611574984220621065e-01
3.620999999999712227e+00,-4.749853428154619528e-01,2.111516295000196441e-01,4.607128972214540319e-01
3.621999999999712117e+00,-4.747204523628845707e-01,2.112088409960517499e-01,4.602823595357636854e-01
3.622999999999712006e+00,-4.744551427431144552e-01,2.112650084037995812e-01,4.598658984669651839e-01
3.623999999999711896e+00,-4.741894189849007457e-01,2.113201349477188407e-01,4.594635271550416844e-01
3.624999999999711786e+00,-4.739232861485275228e-01,2.113742241470938366e-01,4.590752589803852590e-01
3.625999999999711676e+00,-4.736567493121010552e-01,2.114272798173111312e-01,4.587011076801068565e-01
3.626999999999711566e+00,-4.733898135538487373e-01,2.114793060649489131e-01,4.583410874027195048e-01
3.627999999999711456e+00,-4.731224839318988185e-01,2.115303072769540993e-01,4.579952127180312860e-01
3.628999999999711346e+00,-4.728547654626421015e-01,2.115802881045083517e-01,4.576634985943744960e-01
3.629999999999711235e+00,-4.725866630985924854e-01,2.116292534424528693e-01,4.573459603523061245e-01
3.630999999999711125e+00,-4.723181817065786881e-01,2.116772084053464287e-01,4.570426136019272167e-01
3.631999999999711015e+00,-4.720493260470462471e-01,2.117241583013513839e-01,4.567534741695549738e-01
3.632999999999710905e+00,-4.717801007551884473e-01,2.117701086051764214e-01,4.564785580183939873e-01
3.633999999999710795e+00,-4.715105103245326168e-01,2.118150649312505740e-01,4.562178811669475587e-01
3.634999999999710685e+00,-4.712405590934760635e-01,2.118590330081662199e-01,4.559714596081176907e-01
3.635999999999710575e+00,-4.709702512351026660e-01,2.119020186552356133e-01,4.557393092312259086e-01
3.636999999999710464e+00,-4.706995907504282761e-01,2.119440277617700152e-01,4.555214457485487478e-01
3.637999999999710354e+00,-4.704285814650454589e-01,2.119850662694511279e-01,4.553178846273984726e-01
3.638999999999710244e+00,-4.701572270289738342e-01,2.120251401579339445e-01,4.551286410283065242e-01
3.639999999999710134e+00,-4.698855309193984975e-01,2.120642554336253927e-01,4.549537297494850030e-01
3.640999999999710024e+00,-4.696134964458882899e-01,2.121024181214277160e-01,4.547931651774519968e-01
3.641999999999709914e+00,-4.693411267576392265e-01,2.121396342591319595e-01,4.546469612435037333e-01
3.642999999999709804e+00,-4.690684248522801192e-01,2.121759098940827482e-01,4.545151313855874120e-01
3.643999999999709694e+00,-4.687953935857945842e-01,2.122112510817136810e-01,4.543976885150621259e-01
3.644999999999709583e+00,-4.685220356831557020e-01,2.122456638855600985e-01,4.542946449878140780e-01
3.645999999999709473e+00,-4.682483537493226655e-01,2.122791543783792978e-01,4.542060125792063419e-01
3.646999999999709363e+00,-4.679743502803079269e-01,2.123117286440551199e-01,4.541318024623772209e-01
3.647999999999709253e+00,-4.677000276740825302e-01,2.123433927800046916e-01,4.540720251894481141e-01
3.648999999999709143e+00,-4.674253882411422145e-01,2.123741528998571715e-01,4.540266906752539744e-01
3.649999999999709033e+00,-4.671504342146077238e-01,2.124040151362184270e-01,4.539958081832606851e-01
3.650999999999708923e+00,-4.668751677597726135e-01,2.124329856433795349e-01,4.539793863133838037e-01
3.651999999999708812e+00,-4.665995909830490396e-01,2.124610705998593030e-01,4.539774329914669782e-01
3.652999999999708702e+00,-4.663237059376303950e-01,2.124882762074105091e-01,4.539899554370593893e-01
3.653999999999708592e+00,-4.660475146255088075e-01,2.125146086859749373e-01,4.540169600658716664e-01
3.654999999999708482e+00,-4.657710190001794759e-01,2.125400742699042889e-01,4.540584524416313994e-01
3.655999999999708372e+00,-4.654942209726747326e-01,2.125646792086861581e-01,4.541144372724395528e-01
3.656999999999708262e+00,-4.652171224180968734e-01,2.125884297686484459e-01,4.541849184085623992e-01
3.657999999999708152e+00,-4.649397251814591514e-01,2.126113322340759115e-01,4.542698988419200945e-01
3.658999999999708042e+00,-4.646620310847877633e-01,2.126333929098819242e-01,4.543693807145248731e-01
3.659999999999707931e+00,-4.643840419331771163e-01,2.126546181233358590e-01,4.544833653275941465e-01
3.660999999999707821e+00,-4.641057595198750385e-01,2.126750142249096420e-01,4.546118531431415088e-01
3.661999999999707711e+00,-4.638271856297825901e-01,2.126945875875564385e-01,4.547548437854065373e-01
3.662999999999707601e+00,-4.635483220429043594e-01,2.127133446060572863e-01,4.549123360429075946e-01
3.663999999999707491e+00,-4.632691705374995528e-01,2.127312916961519029e-01,4.550843278710788864e-01
3.664999999999707381e+00,-4.629897328929651334e-01,2.127484352934815304e-01,4.552708163954545251e-01
3.665999999999707271e+00,-4.627100108924784294e-01,2.127647818523618062e-01,4.554717979153666829e-01
3.666999999999707160e+00,-4.624300063254239701e-01,2.127803378444110827e-01,4.556872679081249156e-01
3.667999999999707050e+00,-4.621497209896284208e-01,2.127951097570508487e-01,4.559172210336470688e-01
3.668999999999706940e+00,-4.618691566934228776e-01,2.128091040918996812e-01,4.561616511395120144e-01
3.669999999999706830e+00,-4.615883152575513404e-01,2.128223273630782675e-01,4.564205512664060715e-01
3.670999999999706720e+00,-4.613071985169414080e-01,2.128347860954400428e-01,4.566939136539357458e-01
3.671999999999706610e+00,-4.610258083223514047e-01,2.128464868227466500e-01,4.569817297467800854e-01
3.672999999999706500e+00,-4.607441465419075954e-01,2.128574360857979908e-01,4.572839902011562319e-01
3.673999999999706390e+00,-4.604622150625414800e-01,2.128676404305331893e-01,4.576006848915725733e-01
3.674999999999706279e+00,-4.601800157913388256e-01,2.128771064061125706e-01,4.579318029178446325e-01
3.675999999999706169e+00,-4.598975506568083182e-01,2.128858405629922013e-01,4.582773326123484314e-01
3.676999999999706059e+00,-4.596148216100785500e-01,2.128938494510003165e-01,4.586372615474874626e-01
3.677999999999705949e+00,-4.593318306260304462e-01,2.129011396174249615e-01,4.590115765433491202e-01
3.678999999999705839e+00,-4.590485797043721283e-01,2.129077176051211717e-01,4.594002636755276092e-01
3.679999999999705729e+00,-4.587650708706617619e-01,2.129135899506434670e-01,4.598033082830902396e-01
3.680999999999705619e+00,-4.584813061772847198e-01,2.129187631824125404e-01,4.602206949766643462e-01
3.681999999999705508e+00,-4.581972877043898329e-01,2.129232438189195831e-01,4.606524076466236850e-01
3.682999999999705398e+00,-4.579130175607908360e-01,2.129270383669761291e-01,4.610984294713522669e-01
3.683999999999705288e+00,-4.576284978848366713e-01,2.129301533200111951e-01,4.615587429255648133e-01
3.684999999999705178e+00,-4.573437308452569794e-01,2.129325951564225994e-01,4.620333297886639601e-01
3.685999999999705068e+00,-4.570587186419868275e-01,2.129343703379859010e-01,4.625221711531140589e-01
3.686999999999704958e+00,-4.567734635069757299e-01,2.129354853083225141e-01,4.630252474328120926e-01
3.687999999999704848e+00,-4.564879677049867857e-01,2.129359464914329925e-01,4.635425383714377179e-01
3.688999999999704738e+00,-4.562022335343903223e-01,2.129357602902969271e-01,4.640740230507636732e-01
3.689999999999704627e+00,-4.559162633279580934e-01,2.129349330855427880e-01,4.646196798989092880e-01
3.690999999999704517e+00,-4.556300594536636939e-01,2.129334712341900415e-01,4.651794866985197729e-01
3.691999999999704407e+00,-4.553436243154952434e-01,2.129313810684674291e-01,4.657534205948548611e-01
3.692999999999704297e+00,-4.550569603542863883e-01,2.129286688947079620e-01,4.663414581037709228e-01
3.693999999999704187e+00,-4.547700700485728942e-01,2.129253409923256291e-01,4.669435751195805673e-01
3.694999999999704077e+00,-4.544829559154817122e-01,2.129214036128754817e-01,4.675597469227746328e-01
3.695999999999703967e+00,-4.541956205116592926e-01,2.129168629791997613e-01,4.681899481875923530e-01
3.696999999999703856e+00,-4.539080664342478033e-01,2.129117252846629560e-01,4.688341529894247128e-01
3.697999999999703746e+00,-4.536202963219172490e-01,2.129059966924812253e-01,4.694923348120372819e-01
3.698999999999703636e+00,-4.533323128559612614e-01,2.128996833351455287e-01,4.701644665545992585e-01
3.699999999999703526e+00,-4.530441187614659970e-01,2.128927913139470052e-01,4.708505205385053460e-01
3.700999999999703416e+00,-4.527557168085605821e-01,2.128853266986030501e-01,4.715504685139774721e-01
3.701999999999703306e+00,-4.524671098137579839e-01,2.128772955269939704e-01,4.722642816664343046e-01
3.702999999999703196e+00,-4.521783006413957473e-01,2.128687038050079972e-01,4.729919306226166298e-01
3.703999999999703086e+00,-4.518892922051842009e-01,2.128595575065044265e-01,4.737333854564571567e-01
3.704999999999702975e+00,-4.516000874698712364e-01,2.128498625733942218e-01,4.744886156946842015e-01
3.705999999999702865e+00,-4.513106894530298230e-01,2.128396249158448494e-01,4.752575903221495368e-01
3.706999999999702755e+00,-4.510211012269750297e-01,2.128288504126096825e-01,4.760402777868718571e-01
3.707999999999702645e+00,-4.507313259208139966e-01,2.128175449114858564e-01,4.768366460047882560e-01
3.708999999999702535e+00,-4.504413667226316309e-01,2.128057142298992455e-01,4.776466623642091069e-01
3.709999999999702425e+00,-4.501512268818092521e-01,2.127933641556160049e-01,4.784702937299726844e-01
3.710999999999702315e+00,-4.498609097114731892e-01,2.127805004475769035e-01,4.793075064472996361e-01
3.711999999999702204e+00,-4.495704185910605610e-01,2.127671288368445657e-01,4.801582663453515254e-01
3.712999999999702094e+00,-4.492797569689885306e-01,2.127532550276539647e-01,4.810225387405008268e-01
3.713999999999701984e+00,-4.489889283654018848e-01,2.127388846985456272e-01,4.819002884393269182e-01
3.714999999999701874e+00,-4.486979363749678540e-01,2.127240235035602334e-01,4.827914797413583869e-01
3.715999999999701764e+00,-4.484067846696763171e-01,2.127086770734577525e-01,4.836960764415897951e-01
3.716999999999701654e+00,-4.481154770015919886e-01,2.126928510169232567e-01,4.846140418328105937e-01
3.717999999999701544e+00,-4.478240172054945845e-01,2.126765509217042327e-01,4.855453387077929839e-01
3.718999999999701433e+00,-4.475324092013294730e-01,2.126597823556171107e-01,4.864899293613971776e-01
3.719999999999701323e+00,-4.472406569963786049e-01,2.126425508673470688e-01,4.874477755926628908e-01
3.720999999999701213e+00,-4.469487646870516362e-01,2.126248619869552936e-01,4.884188387069674508e-01
3.721999999999701103e+00,-4.466567364601864432e-01,2.126067212259972194e-01,4.894030795183395566e-01
3.722999999999700993e+00,-4.463645765937425680e-01,2.125881340771477168e-01,4.904004583520260585e-01
3.723999999999700883e+00,-4.460722894567730190e-01,2.125691060132283150e-01,4.914109350474119009e-01
3.724999999999700773e+00,-4.457798795085614052e-01,2.125496424855318756e-01,4.924344689613927017e-01
3.725999999999700663e+00,-4.454873512968305360e-01,2.125297489213523461e-01,4.934710189722910645e-01
3.726999999999700552e+00,-4.451947094549483230e-01,2.125094307206460975e-01,4.945205434843922832e-01
3.727999999999700442e+00,-4.449019586980905716e-01,2.124886932517763283e-01,4.955830004331519545e-01
3.728999999999700332e+00,-4.446091038183606070e-01,2.124675418463355392e-01,4.966583472910964248e-01
3.729999999999700222e+00,-4.443161496789127529e-01,2.124459817930776095e-01,4.977465410743985852e-01
3.730999999999700112e+00,-4.440231012071771399e-01,2.124240183310470709e-01,4.988475383500690086e-01
3.731999999999700002e+00,-4.437299633873325599e-01,2.124016566420383612e-01,4.999612952436591207e-01
3.732999999999699892e+00,-4.434367412522168261e-01,2.123789018425679131e-01,5.010877674473313004e-01
3.733999999999699781e+00,-4.431434398748990700e-01,2.123557589755773467e-01,5.022269102281162745e-01
3.734999999999699671e+00,-4.428500643601579467e-01,2.123322330021124582e-01,5.033786784361559130e-01
3.735999999999699561e+00,-4.425566198361115533e-01,2.123083287932319152e-01,5.045430265127160974e-01
3.736999999999699451e+00,-4.422631114462351465e-01,2.122840511223930138e-01,5.057199084977602732e-01
3.737999999999699341e+00,-4.419695443421054470e-01,2.122594046587051864e-01,5.069092780373068985e-01
3.738999999999699231e+00,-4.416759236789022380e-01,2.122343939635997767e-01,5.081110883983507298e-01
3.739999999999699121e+00,-4.413822546113586598e-01,2.122090234880014137e-01,5.093252924865158127e-01
3.740999999999699011e+00,-4.410885422902999231e-01,2.121832975701724022e-01,5.105518428520291474e-01
3.741999999999698900e+00,-4.407947918583819957e-01,2.121572204324709832e-01,5.117906916927452698e-01
3.742999999999698790e+00,-4.405010084470984411e-01,2.121307961796462527e-01,5.130417908561412110e-01
3.743999999999698680e+00,-4.402071971746932544e-01,2.121040287982252082e-01,5.143050918403149208e-01
3.744999999999698570e+00,-4.399133631448818305e-01,2.120769221568932217e-01,5.155805457940516590e-01
3.745999999999698460e+00,-4.396195114462805309e-01,2.120494800077535880e-01,5.168681035160418435e-01
3.746999999999698350e+00,-4.393256471524339402e-01,2.120217059883435784e-01,5.181677154533478324e-01
3.747999999999698240e+00,-4.390317753223297315e-01,2.119936036242785482e-01,5.194793316992240007e-01
3.748999999999698129e+00,-4.387379010012935621e-01,2.119651763323947558e-01,5.208029019903941403e-01
3.749999999999698019e+00,-4.384440292221659097e-01,2.119364274242714341e-01,5.221383757038881024e-01
3.750999999999697909e+00,-4.381501650066724207e-01,2.119073601100219806e-01,5.234857018535322704e-01
3.751999999999697799e+00,-4.378563133669128304e-01,2.118779775022553435e-01,5.248448290861790211e-01
3.752999999999697689e+00,-4.375624793069044505e-01,2.118482826201241176e-01,5.262157056777517772e-01
3.753999999999697579e+00,-4.372686678241288205e-01,2.118182783933880708e-01,5.275982795291709326e-01
3.754999999999697469e+00,-4.369748839110417782e-01,2.117879676664363719e-01,5.289924981622164957e-01
3.755999999999697359e+00,-4.366811325565154167e-01,2.117573532022203331e-01,5.303983087153751885e-01
3.756999999999697248e+00,-4.363874187471903365e-01,2.117264376860632513e-01,5.318156579397086414e-01
3.757999999999697138e+00,-4.360937474687232585e-01,2.116952237293214800e-01,5.332444921947746552e-01
3.758999999999697028e+00,-4.358001237069202283e-01,2.116637138728757472e-01,5.346847574446254026e-01
3.759999999999696918e+00,-4.355065524487518047e-01,2.116319105904438391e-01,5.361363992539013301e-01
3.760999999999696808e+00,-4.352130386832488984e-01,2.115998162917065439e-01,5.375993627840348621e-01
3.761999999999696698e+00,-4.349195874022813157e-01,2.115674333252456352e-01,5.390735927895745627e-01
3.762999999999696588e+00,-4.346262036012236707e-01,2.115347639812936720e-01,5.405590336146363084e-01
3.763999999999696477e+00,-4.343328922795133273e-01,2.115018104943019450e-01,5.420556291894864653e-01
3.764999999999696367e+00,-4.340396584411077563e-01,2.114685750453290103e-01,5.435633230272598482e-01
3.765999999999696257e+00,-4.337465070948482437e-01,2.114350597642592477e-01,5.450820582208134590e-01
3.766999999999696147e+00,-4.334534432547366700e-01,2.114012667318593275e-01,5.466117774397151186e-01
3.767999999999696037e+00,-4.331604719401336845e-01,2.113671979816794666e-01,5.481524229273675441e-01
3.768999999999695927e+00,-4.328675981758851599e-01,2.113328555018109123e-01,5.497039364982644338e-01
3.769999999999695817e+00,-4.325748269923837541e-01,2.112982412365058682e-01,5.512662595353773343e-01
3.770999999999695707e+00,-4.322821634255726297e-01,2.112633570876722988e-01,5.528393329876708506e-01
3.771999999999695596e+00,-4.319896125168974921e-01,2.112282049162484965e-01,5.544230973677424235e-01
3.772999999999695486e+00,-4.316971793132128865e-01,2.111927865434696239e-01,5.560174927495853403e-01
3.773999999999695376e+00,-4.314048688666476394e-01,2.111571037520315608e-01,5.576224587664704302e-01
3.774999999999695266e+00,-4.311126862344354937e-01,2.111211582871617143e-01,5.592379346089451086e-01
3.775999999999695156e+00,-4.308206364787141029e-01,2.110849518576033423e-01,5.608638590229456655e-01
3.776999999999695046e+00,-4.305287246662974909e-01,2.110484861365204967e-01,5.625001703080209081e-01
3.777999999999694936e+00,-4.302369558684255857e-01,2.110117627623305792e-01,5.641468063156639401e-01
3.778999999999694825e+00,-4.299453351604932139e-01,2.109747833394706173e-01,5.658037044477499666e-01
3.779999999999694715e+00,-4.296538676217628860e-01,2.109375494391017014e-01,5.674708016550773504e-01
3.780999999999694605e+00,-4.293625583350625941e-01,2.109000625997595746e-01,5.691480344360098087e-01
3.781999999999694495e+00,-4.290714123864720619e-01,2.108623243279534876e-01,5.708353388352176427e-01
3.782999999999694385e+00,-4.287804348649988384e-01,2.108243360987209769e-01,5.725326504425162222e-01
3.783999999999694275e+00,-4.284896308622462291e-01,2.107860993561396779e-01,5.742399043917988388e-01
3.784999999999694165e+00,-4.281990054720745120e-01,2.107476155138028329e-01,5.759570353600634851e-01
3.785999999999694055e+00,-4.279085637902567130e-01,2.107088859552606053e-01,5.776839775665310039e-01
3.786999999999693944e+00,-4.276183109141305505e-01,2.106699120344319720e-01,5.794206647718531666e-01
3.787999999999693834e+00,-4.273282519422466619e-01,2.106306950759886387e-01,5.811670302774097907e-01
3.788999999999693724e+00,-4.270383919740149414e-01,2.105912363757151962e-01,5.829230069246927881e-01
3.789999999999693614e+00,-4.267487361093486586e-01,2.105515372008479602e-01,5.846885270947764779e-01
3.790999999999693504e+00,-4.264592894483077989e-01,2.105115987903947161e-01,5.864635227078728308e-01
3.791999999999693394e+00,-4.261700570907417385e-01,2.104714223554380315e-01,5.882479252229702027e-01
3.792999999999693284e+00,-4.258810441359312526e-01,2.104310090794230259e-01,5.900416656375551128e-01
3.793999999999693173e+00,-4.255922556822308578e-01,2.103903601184341499e-01,5.918446744874158449e-01
3.794999999999693063e+00,-4.253036968267110418e-01,2.103494766014590844e-01,5.936568818465268738e-01
3.795999999999692953e+00,-4.250153726648009389e-01,2.103083596306449810e-01,5.954782173270137813e-01
3.796999999999692843e+00,-4.247272882899317259e-01,2.102670102815460407e-01,5.973086100791971109e-01
3.797999999999692733e+00,-4.244394487931800186e-01,2.102254296033649883e-01,5.991479887917149361e-01
3.798999999999692623e+00,-4.241518592629118234e-01,2.101836186191892164e-01,6.009962816917238104e-01
3.799999999999692513e+00,-4.238645247844274322e-01,2.101415783262226000e-01,6.028534165451763238e-01
3.800999999999692402e+00,-4.235774504396062068e-01,2.100993096960150908e-01,6.047193206571759294e-01
3.801999999999692292e+00,-4.232906413065519735e-01,2.100568136746892023e-01,6.065939208724075993e-01
3.802999999999692182e+00,-4.230041024592386401e-01,2.100140911831663848e-01,6.084771435756438640e-01
3.803999999999692072e+00,-4.227178389671560899e-01,2.099711431173916232e-01,6.103689146923263475e-01
3.804999999999691962e+00,-4.224318558949561875e-01,2.099279703485601445e-01,6.122691596892209098e-01
3.805999999999691852e+00,-4.221461583020983399e-01,2.098845737233430153e-01,6.141778035751476184e-01
3.806999999999691742e+00,-4.218607512424955575e-01,2.098409540641158477e-01,6.160947709017833285e-01
3.807999999999691632e+00,-4.215756397641597930e-01,2.097971121691888374e-01,6.180199857645377604e-01
3.808999999999691521e+00,-4.212908289088472813e-01,2.097530488130396886e-01,6.199533718035015184e-01
3.809999999999691411e+00,-4.210063237117029344e-01,2.097087647465488702e-01,6.218948522044664973e-01
3.810999999999691301e+00,-4.207221292009049596e-01,2.096642606972388689e-01,6.238443497000170090e-01
3.811999999999691191e+00,-4.204382503973079777e-01,2.096195373695171060e-01,6.258017865706924088e-01
3.812999999999691081e+00,-4.201546923140863088e-01,2.095745954449221848e-01,6.277670846462194421e-01
3.813999999999690971e+00,-4.198714599563658223e-01,2.095294355823577037e-01,6.297401653067478122e-01
3.814999999999690861e+00,-4.195885583205228864e-01,2.094840584177483089e-01,6.317209494812434656e-01
3.815999999999690750e+00,-4.193059923935036348e-01,2.094384645637352715e-01,6.337093576435780529e-01
3.816999999999690640e+00,-4.190237671521830909e-01,2.093926546094434515e-01,6.357053098130063251e-01
3.817999999999690530e+00,-4.187418875630847248e-01,2.093466291208821994e-01,6.377087255559524825e-01
3.818999999999690420e+00,-4.184603586023808997e-01,2.093003886739321917e-01,6.397195240727668875e-01
3.819999999999690310e+00,-4.181791852837120071e-01,2.092539339004898524e-01,6.417376244178488731e-01
3.820999999999690200e+00,-4.178983726797990128e-01,2.092072655250950541e-01,6.437629455716137317e-01
3.821999999999690090e+00,-4.176179259199391258e-01,2.091603843632274806e-01,6.457954064406826733e-01
3.822999999999689980e+00,-4.173378501869668411e-01,2.091132913186809494e-01,6.478349258583745440e-01
3.823999999999689869e+00,-4.170581507154906276e-01,2.090659873829642246e-01,6.498814225854843141e-01
3.824999999999689759e+00,-4.167788327901297274e-01,2.090184736346912819e-01,6.519348153113347921e-01
3.825999999999689649e+00,-4.164999017437547302e-01,2.089707512389640254e-01,6.539950226550873547e-01
3.826999999999689539e+00,-4.162213629557315331e-01,2.089228214467455658e-01,6.560619631672991448e-01
3.827999999999689429e+00,-4.159432218501725176e-01,2.088746855942258396e-01,6.581355553317107532e-01
3.828999999999689319e+00,-4.156654838941949981e-01,2.088263451021811212e-01,6.602157175672527245e-01
3.829999999999689209e+00,-4.153881545961901067e-01,2.087778014753255418e-01,6.623023682302552340e-01
3.830999999999689098e+00,-4.151112395041031689e-01,2.087290563016577227e-01,6.643954256168486117e-01
3.831999999999688988e+00,-4.148347442037274568e-01,2.086801112518018586e-01,6.664948079655390600e-01
3.832999999999688878e+00,-4.145586743170134869e-01,2.086309680783433596e-01,6.686004334599476850e-01
3.833999999999688768e+00,-4.142830355003952469e-01,2.085816286151620513e-01,6.707122202316969650e-01
3.834999999999688658e+00,-4.140078334431359641e-01,2.085320947767607125e-01,6.728300863634323337e-01
3.835999999999688548e+00,-4.137330738656940232e-01,2.084823685575922791e-01,6.749539498919637781e-01
3.836999999999688438e+00,-4.134587625181127546e-01,2.084324520313851625e-01,6.770837288115143515e-01
3.837999999999688328e+00,-4.131849051784339810e-01,2.083823473504672341e-01,6.792193410770610562e-01
3.838999999999688217e+00,-4.129115076511392646e-01,2.083320567450901439e-01,6.813607046077536644e-01
3.839999999999688107e+00,-4.126385757656191866e-01,2.082815825227555262e-01,6.835077372903987092e-01
3.840999999999687997e+00,-4.123661153746742691e-01,2.082309270675415380e-01,6.856603569829924361e-01
3.841999999999687887e+00,-4.120941323530479261e-01,2.081800928394339500e-01,6.878184815182899481e-01
3.842999999999687777e+00,-4.118226325959957745e-01,2.081290823736600126e-01,6.899820287073952230e-01
3.843999999999687667e+00,-4.115516220178911944e-01,2.080778982800284282e-01,6.921509163433573475e-01
3.844999999999687557e+00,-4.112811065508712449e-01,2.080265432422750971e-01,6.943250622047583143e-01
3.845999999999687446e+00,-4.110110921435247699e-01,2.079750200174167452e-01,6.965043840592769486e-01
3.846999999999687336e+00,-4.107415847596244673e-01,2.079233314351135453e-01,6.986887996672132006e-01
3.847999999999687226e+00,-4.104725903769070317e-01,2.078714803970428404e-01,7.008782267849578140e-01
3.848999999999687116e+00,-4.102041149859023128e-01,2.078194698762837467e-01,7.030725831683907190e-01
3.849999999999687006e+00,-4.099361645888158767e-01,2.077673029167171892e-01,7.052717865761908289e-01
3.850999999999686896e+00,-4.096687451984664108e-01,2.077149826324401483e-01,7.074757547730416984e-01
3.851999999999686786e+00,-4.094018628372824153e-01,2.076625122071991125e-01,7.096844055327135026e-01
3.852999999999686676e+00,-4.091355235363603460e-01,2.076098948938422950e-01,7.118976566410046836e-01
3.853999999999686565e+00,-4.088697333345881479e-01,2.075571340137948306e-01,7.141154258985231706e-01
3.854999999999686455e+00,-4.086044982778367363e-01,2.075042329565592869e-01,7.163376311232881877e-01
3.855999999999686345e+00,-4.083398244182249170e-01,2.074511951792430420e-01,7.185641901531314435e-01
3.856999999999686235e+00,-4.080757178134588603e-01,2.073980242061177481e-01,7.207950208478772769e-01
3.857999999999686125e+00,-4.078121845262526191e-01,2.073447236282117689e-01,7.230300410912786635e-01
3.858999999999686015e+00,-4.075492306238315265e-01,2.072912971029418072e-01,7.252691687926868802e-01
3.859999999999685905e+00,-4.072868621775246889e-01,2.072377483537858334e-01,7.275123218884297360e-01
3.860999999999685794e+00,-4.070250852624485161e-01,2.071840811700024210e-01,7.297594183428746106e-01
3.861999999999685684e+00,-4.067639059572877303e-01,2.071302994063999314e-01,7.320103761491494332e-01
3.862999999999685574e+00,-4.065033303441764612e-01,2.070764069831626530e-01,7.342651133294962884e-01
3.863999999999685464e+00,-4.062433645086848122e-01,2.070224078857362260e-01,7.365235479352292280e-01
3.864999999999685354e+00,-4.059840145399140621e-01,2.069683061647806799e-01,7.387855980462704197e-01
3.865999999999685244e+00,-4.057252865307051648e-01,2.069141059361936374e-01,7.410511817702366555e-01
3.866999999999685134e+00,-4.054671865779635453e-01,2.068598113812114558e-01,7.433202172410492414e-01
3.867999999999685024e+00,-4.052097207831034109e-01,2.068054267465933016e-01,7.455926226170426219e-01
3.868999999999684913e+00,-4.049528952526132985e-01,2.067509563448935994e-01,7.478683160785477568e-01
3.869999999999684803e+00,-4.046967160987456902e-01,2.066964045548270734e-01,7.501472158249307132e-01
3.870999999999684693e+00,-4.044411894403287522e-01,2.066417758217315992e-01,7.524292400710709261e-01
3.871999999999684583e+00,-4.041863214037009766e-01,2.065870746581309758e-01,7.547143070432691392e-01
3.872999999999684473e+00,-4.039321181237635616e-01,2.065323056444002825e-01,7.570023349745855779e-01
3.873999999999684363e+00,-4.036785857451465898e-01,2.064774734295308223e-01,7.592932420996179044e-01
3.874999999999684253e+00,-4.034257304234792896e-01,2.064225827319935425e-01,7.615869466487436013e-01
3.875999999999684142e+00,-4.031735583267536116e-01,2.063676383406911619e-01,7.638833668418676393e-01
3.876999999999684032e+00,-4.029220756367648537e-01,2.063126451159884578e-01,7.661824208817391568e-01
3.877999999999683922e+00,-4.026712885506097406e-01,2.062576079908012838e-01,7.684840269469241925e-01
3.878999999999683812e+00,-4.024212032822174767e-01,2.062025319717213367e-01,7.707881031845521536e-01
3.879999999999683702e+00,-4.021718260638820208e-01,2.061474221401413676e-01,7.730945677029873453e-01
3.880999999999683592e+00,-4.019231631477622746e-01,2.060922836533422009e-01,7.754033385646128540e-01
3.881999999999683482e+00,-4.016752208073056662e-01,2.060371217454864956e-01,7.777143337789547139e-01
3.882999999999683371e+00,-4.014280053385516633e-01,2.059819417284600718e-01,7.800274712964138102e-01
3.883999999999683261e+00,-4.011815230612611471e-01,2.059267489924874184e-01,7.823426690029121611e-01
3.884999999999683151e+00,-4.009357803198190240e-01,2.058715490064394471e-01,7.846598447157920875e-01
3.885999999999683041e+00,-4.006907834838527860e-01,2.058163473177463398e-01,7.869789161813320888e-01
3.886999999999682931e+00,-4.004465389485128424e-01,2.057611495518224531e-01,7.892998010742512394e-01
3.887999999999682821e+00,-4.002030531343635511e-01,2.057059614109112422e-01,7.916224169995655924e-01
3.888999999999682711e+00,-3.999603324868414855e-01,2.056507886722634959e-01,7.939466814971242181e-01
3.889999999999682601e+00,-3.997183834752494613e-01,2.055956371855790499e-01,7.962725120490908859e-01
3.890999999999682490e+00,-3.994772125912691152e-01,2.055405128696594641e-01,7.985998260905472490e-01
3.891999999999682380e+00,-3.992368263469938672e-01,2.054854217082480172e-01,8.009285410232700464e-01
3.892999999999682270e+00,-3.989972312725020287e-01,2.054303697450734489e-01,8.032585742325946132e-01
3.893999999999682160e+00,-3.987584339130130218e-01,2.053753630781460782e-01,8.055898431071151222e-01
3.894999999999682050e+00,-3.985204408256866615e-01,2.053204078534039967e-01,8.079222650608126610e-01
3.895999999999681940e+00,-3.982832585761437727e-01,2.052655102578427870e-01,8.102557575570507042e-01
3.896999999999681830e+00,-3.980468937347960146e-01,2.052106765122979626e-01,8.125902381337540836e-01
3.897999999999681719e+00,-3.978113528730810589e-01,2.051559128640749741e-01,8.149256244290018492e-01
3.898999999999681609e+00,-3.975766425596961584e-01,2.051012255796335060e-01,8.172618342062297758e-01
3.899999999999681499e+00,-3.973427693569189234e-01,2.050466209375348958e-01,8.195987853782550348e-01
3.900999999999681389e+00,-3.971097398170885806e-01,2.049921052218456330e-01,8.219363960294016058e-01
3.901999999999681279e+00,-3.968775604793089440e-01,2.049376847161659132e-01,8.242745844351194728e-01
3.902999999999681169e+00,-3.966462378664118993e-01,2.048833656984173635e-01,8.266132690786297532e-01
3.903999999999681059e+00,-3.964157784822046615e-01,2.048291544364840844e-01,8.289523686642911171e-01
3.904999999999680949e+00,-3.961861888090047468e-01,2.047750571847594125e-01,8.312918021275419456e-01
3.905999999999680838e+00,-3.959574753054528884e-01,2.047210801816105041e-01,8.336314886414278869e-01
3.906999999999680728e+00,-3.957296444045824702e-01,2.046672296477377584e-01,8.359713476198530335e-01
3.907999999999680618e+00,-3.955027025121151674e-01,2.046135117853751240e-01,8.383112987178010789e-01
3.908999999999680508e+00,-3.952766560049492672e-01,2.045599327782581245e-01,8.406512618288461969e-01
3.909999999999680398e+00,-3.950515112298041975e-01,2.045064987922674549e-01,8.429911570803224619e-01
3.910999999999680288e+00,-3.948272745019872354e-01,2.044532159766533352e-01,8.453309048265402748e-01
3.911999999999680178e+00,-3.946039521042492559e-01,2.044000904657382600e-01,8.476704256404397064e-01
3.912999999999680067e+00,-3.943815502857017097e-01,2.043471283810024408e-01,8.500096403040514614e-01
3.913999999999679957e+00,-3.941600752607709590e-01,2.042943358334609050e-01,8.523484697981094094e-01
3.914999999999679847e+00,-3.939395332081693235e-01,2.042417189262495381e-01,8.546868352911196620e-01
3.915999999999679737e+00,-3.937199302698696224e-01,2.041892837573456854e-01,8.570246581281528719e-01
3.916999999999679627e+00,-3.935012725500705022e-01,2.041370364223634715e-01,8.593618598195845726e-01
3.917999999999679517e+00,-3.932835661141456107e-01,2.040849830173672164e-01,8.616983620299696334e-01
3.918999999999679407e+00,-3.930668169875724538e-01,2.040331296416634244e-01,8.640340865671989334e-01
3.919999999999679297e+00,-3.928510311548383815e-01,2.039814824005333760e-01,8.663689553720543834e-01
3.920999999999679186e+00,-3.926362145583229268e-01,2.039300474078821201e-01,8.687028905082493369e-01
3.921999999999679076e+00,-3.924223730971593271e-01,2.038788307887816620e-01,8.710358141530166742e-01
3.922999999999678966e+00,-3.922095126260753406e-01,2.038278386818950239e-01,8.733676485882857499e-01
3.923999999999678856e+00,-3.919976389542176309e-01,2.037770772417714094e-01,8.756983161924731807e-01
3.924999999999678746e+00,-3.917867578439627740e-01,2.037265526410065863e-01,8.780277394328976914e-01
3.925999999999678636e+00,-3.915768750097181061e-01,2.036762710722654912e-01,8.803558408588201267e-01
3.926999999999678526e+00,-3.913679961167160770e-01,2.036262387501681648e-01,8.826825430950997475e-01
3.927999999999678415e+00,-3.911601267798058279e-01,2.035764619130402409e-01,8.850077688364522688e-01
3.928999999999678305e+00,-3.909532725622447691e-01,2.035269468245312074e-01,8.873314408422922073e-01
3.929999999999678195e+00,-3.907474389744934884e-01,2.034776997751063243e-01,8.896534819321361143e-01
3.930999999999678085e+00,-3.905426314730172099e-01,2.034287270834156391e-01,8.919738149815447104e-01
3.931999999999677975e+00,-3.903388554590950799e-01,2.033800350975486504e-01,8.942923629185780543e-01
3.932999999999677865e+00,-3.901361162776406100e-01,2.033316301961789474e-01,8.966090487207399873e-01
3.933999999999677755e+00,-3.899344192160347777e-01,2.032835187896054885e-01,8.989237954123869834e-01
3.934999999999677645e+00,-3.897337695029732263e-01,2.032357073206991771e-01,9.012365260625780916e-01
3.935999999999677534e+00,-3.895341723073291185e-01,2.031882022657589548e-01,9.035471637833425440e-01
3.936999999999677424e+00,-3.893356327370328107e-01,2.031410101352852937e-01,9.058556317283450454e-01
3.937999999999677314e+00,-3.891381558379688466e-01,2.030941374746788597e-01,9.081618530919277621e-01
3.938999999999677204e+00,-3.889417465928917683e-01,2.030475908648674555e-01,9.104657511085114674e-01
3.939999999999677094e+00,-3.887464099203603030e-01,2.030013769228713461e-01,9.127672490523390803e-01
3.940999999999676984e+00,-3.885521506736909769e-01,2.029555023023117410e-01,9.150662702375463864e-01
3.941999999999676874e+00,-3.883589736399315484e-01,2.029099736938670961e-01,9.173627380185473967e-01
3.942999999999676763e+00,-3.881668835388535355e-01,2.028647978256870044e-01,9.196565757907227967e-01
3.943999999999676653e+00,-3.879758850219651722e-01,2.028199814637657861e-01,9.219477069914016054e-01
3.944999999999676543e+00,-3.877859826715436276e-01,2.027755314122848818e-01,9.242360551011286063e-01
3.945999999999676433e+00,-3.875971809996875961e-01,2.027314545139291546e-01,9.265215436452117759e-01
3.946999999999676323e+00,-3.874094844473893740e-01,2.026877576501835421e-01,9.288040961955448260e-01
3.947999999999676213e+00,-3.872228973836269184e-01,2.026444477416156076e-01,9.310836363727036380e-01
3.948999999999676103e+00,-3.870374241044753361e-01,2.026015317481523192e-01,9.333600878483154784e-01
3.949999999999675993e+00,-3.868530688322392996e-01,2.025590166693568284e-01,9.356333743477025511e-01
3.950999999999675882e+00,-3.866698357146041154e-01,2.025169095447116874e-01,9.379034196528039935e-01
3.951999999999675772e+00,-3.864877288238085518e-01,2.024752174539181659e-01,9.401701476053812012e-01
3.952999999999675662e+00,-3.863067521558365969e-01,2.024339475172172165e-01,9.424334821105138094e-01
3.953999999999675552e+00,-3.861269096296316983e-01,2.023931068957411927e-01,9.446933471403968774e-01
3.954999999999675442e+00,-3.859482050863313196e-01,2.023527027919056476e-01,9.469496667384486033e-01
3.955999999999675332e+00,-3.857706422885240904e-01,2.023127424498479821e-01,9.492023650237433330e-01
3.956999999999675222e+00,-3.855942249195294380e-01,2.022732331559242702e-01,9.514513661957825219e-01
3.957999999999675111e+00,-3.854189565825824060e-01,2.022341822390003596e-01,9.536965945387919641e-01
3.958999999999675001e+00,-3.852448407995830437e-01,2.021955970697602023e-01,9.559379744207563423e-01
3.959999999999674891e+00,-3.850718810100439704e-01,2.021574850604938023e-01,9.581754302942301349e-01
3.960999999999674781e+00,-3.849000805702861849e-01,2.021198536654814637e-01,9.604088867023372611e-01
3.961999999999674671e+00,-3.847294427529178718e-01,2.020827103820618253e-01,9.626382682854686124e-01
3.962999999999674561e+00,-3.845599707462686312e-01,2.020460627516333929e-01,9.648634997883461795e-01
3.963999999999674451e+00,-3.843916676538422506e-01,2.020099183607324544e-01,9.670845060674132521e-01
3.964999999999674341e+00,-3.842245364937781349e-01,2.019742848421610670e-01,9.693012120984735303e-01
3.965999999999674230e+00,-3.840585801983072423e-01,2.019391698761195952e-01,9.715135429844417025e-01
3.966999999999674120e+00,-3.838938016131744346e-01,2.019045811912688615e-01,9.737214239629758961e-01
3.967999999999674010e+00,-3.837302034969829467e-01,2.018705265655975634e-01,9.759247804136210735e-01
3.968999999999673900e+00,-3.835677885203842563e-01,2.018370138269015568e-01,9.781235378638690747e-01
3.969999999999673790e+00,-3.834065587973962685e-01,2.018040501730338221e-01,9.803176201552016300e-01
3.970999999999673680e+00,-3.832465160367534152e-01,2.017716424170598044e-01,9.825069474152194893e-01
3.971999999999673570e+00,-3.830876614861958296e-01,2.017397969149821169e-01,9.846914403962402362e-01
3.972999999999673459e+00,-3.829299966689869716e-01,2.017085206409684472e-01,9.868710212507434409e-01
3.973999999999673349e+00,-3.827735232089748418e-01,2.016778209126267596e-01,9.890456133930968230e-01
3.974999999999673239e+00,-3.826182428125168844e-01,2.016477053488667792e-01,9.912151413708728542e-01
3.975999999999673129e+00,-3.824641572526220057e-01,2.016181818282476446e-01,9.933795307426350751e-01
3.976999999999673019e+00,-3.823112683553017144e-01,2.015892584457656955e-01,9.955387079576926146e-01
3.977999999999672909e+00,-3.821595779879931598e-01,2.015609434650685872e-01,9.976926002309133290e-01
3.978999999999672799e+00,-3.820090880495033425e-01,2.015332452618510128e-01,9.998411354020156905e-01
3.979999999999672688e+00,-3.818598004598964812e-01,2.015061722536736211e-01,1.001984241764983574e+00
3.980999999999672578e+00,-3.817117171468228376e-01,2.014797328148174582e-01,1.004121847855473426e+00
3.981999999999672468e+00,-3.815648400230542414e-01,2.014539351861429628e-01,1.006253882205095262e+00
3.982999999999672358e+00,-3.814191709519412221e-01,2.014287874041648108e-01,1.008380273111602277e+00
3.983999999999672248e+00,-3.812747117043738254e-01,2.014042972724143787e-01,1.010500948490075546e+00
3.984999999999672138e+00,-3.811314639165874762e-01,2.013804723766675631e-01,1.012615835825659172e+00
3.985999999999672028e+00,-3.809894290568502373e-01,2.013573201239762245e-01,1.014724862193589372e+00
3.986999999999671918e+00,-3.808486084026621588e-01,2.013348477832567207e-01,1.016827954302852444e+00
3.987999999999671807e+00,-3.807090030255756430e-01,2.013130625172100396e-01,1.018925038538594618e+00
3.988999999999671697e+00,-3.805706137803573919e-01,2.012919714046574882e-01,1.021016040994719987e+00
3.989999999999671587e+00,-3.804334412963598644e-01,2.012715814552282767e-01,1.023100887495600686e+00
3.990999999999671477e+00,-3.802974859699189691e-01,2.012518996184463616e-01,1.025179503608316223e+00
3.991999999999671367e+00,-3.801627479571446089e-01,2.012329327888709996e-01,1.027251814647439865e+00
3.992999999999671257e+00,-3.800292271667684019e-01,2.012146878085876445e-01,1.029317745674377615e+00
3.993999999999671147e+00,-3.798969232528841000e-01,2.011971714680588219e-01,1.031377221493069429e+00
3.994999999999671036e+00,-3.797658358338208973e-01,2.011803907048870244e-01,1.033430167236096153e+00
3.995999999999670926e+00,-3.796359647881618060e-01,2.011643528461388719e-01,1.035476510848083231e+00
3.996999999999670816e+00,-3.795073102937415732e-01,2.011490656246794906e-01,1.037516181676295224e+00
3.997999999999670706e+00,-3.793798724234424546e-01,2.011345367993258026e-01,1.039549109298785412e+00
3.998999999999670596e+00,-3.792536511066162963e-01,2.011207741195699672e-01,1.041575223530151195e+00
3.999999999999670486e+00,-3.791286461584831291e-01,2.011077853472710286e-01,1.043594454427174467e+00
4.000999999999670820e+00,-3.790048572816590022e-01,2.010955782535657210e-01,1.045606732294272812e+00
4.001999999999671154e+00,-3.788822840675338255e-01,2.010841606158525474e-01,1.047611987688746638e+00
4.002999999999671488e+00,-3.787609259974955567e-01,2.010735402148655648e-01,1.049610151425834914e+00
4.003999999999671822e+00,-3.786407824440051750e-01,2.010637248318460912e-01,1.051601154583600817e+00
4.004999999999672156e+00,-3.785218526715349863e-01,2.010547222458182182e-01,1.053584928507673713e+00
4.005999999999672490e+00,-3.784041358373838038e-01,2.010465402309665750e-01,1.055561404815867910e+00
4.006999999999672823e+00,-3.782876309923847713e-01,2.010391865541155676e-01,1.057530515402700377e+00
4.007999999999673157e+00,-3.781723370815213703e-01,2.010326689723074267e-01,1.059492192443821423e+00
4.008999999999673491e+00,-3.780582529444660445e-01,2.010269952304721830e-01,1.061446368400371210e+00
4.009999999999673825e+00,-3.779453773160563745e-01,2.010221730591883471e-01,1.063392976023270098e+00
4.010999999999674159e+00,-3.778337088267207933e-01,2.010182101725280779e-01,1.065331948357445269e+00
4.011999999999674493e+00,-3.777232460028665528e-01,2.010151142659821755e-01,1.067263218745997166e+00
4.012999999999674827e+00,-3.776139872672407138e-01,2.010128930144630122e-01,1.069186720834300441e+00
4.013999999999675161e+00,-3.775059309392739815e-01,2.010115540703800718e-01,1.071102388574034281e+00
4.014999999999675495e+00,-3.773990752354173250e-01,2.010111050617862105e-01,1.073010156227132583e+00
4.015999999999675829e+00,-3.772934182694785421e-01,2.010115535905906414e-01,1.074909958369639540e+00
4.016999999999676163e+00,-3.771889580529674824e-01,2.010129072308383114e-01,1.076801729895453752e+00
4.017999999999676497e+00,-3.770856924954562595e-01,2.010151735270506723e-01,1.078685406019939119e+00
4.018999999999676831e+00,-3.769836194049611677e-01,2.010183599926290698e-01,1.080560922283377190e+00
4.019999999999677165e+00,-3.768827364883515219e-01,2.010224741083180833e-01,1.082428214554230550e+00
4.020999999999677499e+00,-3.767830413517910815e-01,2.010275233207269308e-01,1.084287219032181282e+00
4.021999999999677833e+00,-3.766845315012166129e-01,2.010335150409096050e-01,1.086137872250903857e+00
4.022999999999678167e+00,-3.765872043428576399e-01,2.010404566430034068e-01,1.087980111080527834e+00
4.023999999999678501e+00,-3.764910571838010478e-01,2.010483554629250991e-01,1.089813872729735955e+00
4.024999999999678835e+00,-3.763960872326035378e-01,2.010572187971257918e-01,1.091639094747439920e+00
4.025999999999679169e+00,-3.763022915999550966e-01,2.010670539014065561e-01,1.093455715023967212e+00
4.026999999999679503e+00,-3.762096672993944790e-01,2.010778679897947674e-01,1.095263671791686377e+00
4.027999999999679837e+00,-3.761182112480788708e-01,2.010896682334858410e-01,1.097062903624988373e+00
4.028999999999680171e+00,-3.760279202676083954e-01,2.011024617598519137e-01,1.098853349439535165e+00
4.029999999999680504e+00,-3.759387910849041892e-01,2.011162556515231348e-01,1.100634948490674780e+00
4.030999999999680838e+00,-3.758508203331411002e-01,2.011310569455448949e-01,1.102407640370917319e+00
4.031999999999681172e+00,-3.757640045527307904e-01,2.011468726326186562e-01,1.104171365006352046e+00
4.032999999999681506e+00,-3.756783401923541321e-01,2.011637096564325988e-01,1.105926062651882091e+00
4.033999999999681840e+00,-3.755938236100373473e-01,2.011815749130902997e-01,1.107671673885140207e+00
4.034999999999682174e+00,-3.755104510742670043e-01,2.012004752506471039e-01,1.109408139598944576e+00
4.035999999999682508e+00,-3.754282187651373226e-01,2.012204174687631797e-01,1.111135400992149469e+00
4.036999999999682842e+00,-3.753471227755205142e-01,2.012414083184855818e-01,1.112853399558742185e+00
4.037999999999683176e+00,-3.752671591122521688e-01,2.012634545021690924e-01,1.114562077075043733e+00
4.038999999999683510e+00,-3.751883236973191371e-01,2.012865626735483859e-01,1.116261375584881144e+00
4.039999999999683844e+00,-3.751106123690405858e-01,2.013107394379709536e-01,1.117951237382619700e+00
4.040999999999684178e+00,-3.750340208832282363e-01,2.013359913527998923e-01,1.119631604993979179e+00
4.041999999999684512e+00,-3.749585449143168492e-01,2.013623249279924421e-01,1.121302421154609208e+00
4.042999999999684846e+00,-3.748841800564536308e-01,2.013897466268548264e-01,1.122963628786474821e+00
4.043999999999685180e+00,-3.748109218245432306e-01,2.014182628669671793e-01,1.124615170972200096e+00
4.044999999999685514e+00,-3.747387656552473301e-01,2.014478800212617937e-01,1.126256990927658519e+00
4.045999999999685848e+00,-3.746677069079489830e-01,2.014786044192254932e-01,1.127889031973262401e+00
4.046999999999686182e+00,-3.745977408657039098e-01,2.015104423481819396e-01,1.129511237504615684e+00
4.047999999999686516e+00,-3.745288627362166056e-01,2.015434000545827109e-01,1.131123550963439417e+00
4.048999999999686850e+00,-3.744610676529002702e-01,2.015774837452224411e-01,1.132725915809952966e+00
4.049999999999687184e+00,-3.743943506761029938e-01,2.016126995882581152e-01,1.134318275498181983e+00
4.050999999999687518e+00,-3.743287067946056701e-01,2.016490537138923012e-01,1.135900573455929763e+00
4.051999999999687851e+00,-3.742641309275236972e-01,2.016865522145572243e-01,1.137472753071369302e+00
4.052999999999688185e+00,-3.742006179267598487e-01,2.017252011444187199e-01,1.139034757688313082e+00
4.053999999999688519e+00,-3.741381625801647459e-01,2.017650065180232044e-01,1.140586530612160532e+00
4.054999999999688853e+00,-3.740767596155487040e-01,2.018059743079215762e-01,1.142128015128244245e+00
4.055999999999689187e+00,-3.740164037056600277e-01,2.018481104411474769e-01,1.143659154533760658e+00
4.056999999999689521e+00,-3.739570894737896944e-01,2.018914207934726646e-01,1.145179892180711256e+00
4.057999999999689855e+00,-3.738988114999502455e-01,2.019359111813963104e-01,1.146690171524538115e+00
4.058999999999690189e+00,-3.738415643281392531e-01,2.019815873536261464e-01,1.148189936190362248e+00
4.059999999999690523e+00,-3.737853424747882847e-01,2.020284549831207199e-01,1.149679130052888132e+00
4.060999999999690857e+00,-3.737301404376493497e-01,2.020765196588957258e-01,1.151157697321626650e+00
4.061999999999691191e+00,-3.736759527045523943e-01,2.021257868775051536e-01,1.152625582627273548e+00
4.062999999999691525e+00,-3.736227737616721889e-01,2.021762620347191675e-01,1.154082731105049220e+00
4.063999999999691859e+00,-3.735705981009018739e-01,2.022279504177546539e-01,1.155529088471182186e+00
4.064999999999692193e+00,-3.735194202259956575e-01,2.022808571983677473e-01,1.156964601089473188e+00
4.065999999999692527e+00,-3.734692346572310861e-01,2.023349874270297111e-01,1.158389216025865975e+00
4.066999999999692861e+00,-3.734200359344545528e-01,2.023903460283164035e-01,1.159802881090022497e+00
4.067999999999693195e+00,-3.733718186184835641e-01,2.024469377975527395e-01,1.161205544863900929e+00
4.068999999999693529e+00,-3.733245772909365434e-01,2.025047673986705155e-01,1.162597156718162328e+00
4.069999999999693863e+00,-3.732783065526413258e-01,2.025638393631805645e-01,1.163977666817819445e+00
4.070999999999694197e+00,-3.732330010208202986e-01,2.026241580901201322e-01,1.165347026118890739e+00
4.071999999999694531e+00,-3.731886553252816152e-01,2.026857278468208179e-01,1.166705186357949620e+00
4.072999999999694865e+00,-3.731452641038469631e-01,2.027485527703342116e-01,1.168052100036416796e+00
4.073999999999695198e+00,-3.731028219972381543e-01,2.028126368693695669e-01,1.169387720401285469e+00
4.074999999999695532e+00,-3.730613236436214342e-01,2.028779840266090595e-01,1.170712001423741766e+00
4.075999999999695866e+00,-3.730207636729812037e-01,2.029445980012930528e-01,1.172024897776888119e+00
4.076999999999696200e+00,-3.729811367014652657e-01,2.030124824319849974e-01,1.173326364813525702e+00
4.077999999999696534e+00,-3.729424373258145020e-01,2.030816408394525707e-01,1.174616358544720018e+00
4.078999999999696868e+00,-3.729046601179630271e-01,2.031520766296163183e-01,1.175894835619673451e+00
4.079999999999697202e+00,-3.728677996198716538e-01,2.032237930965367090e-01,1.177161753307259140e+00
4.080999999999697536e+00,-3.728318503386381932e-01,2.032967934254226172e-01,1.178417069479440027e+00
4.081999999999697870e+00,-3.727968067419121789e-01,2.033710806956575690e-01,1.179660742596691625e+00
4.082999999999698204e+00,-3.727626632536279461e-01,2.034466578838444173e-01,1.180892731695471376e+00
4.083999999999698538e+00,-3.727294142500622853e-01,2.035235278668786618e-01,1.182112996377719716e+00
4.084999999999698872e+00,-3.726970540562131728e-01,2.036016934250639565e-01,1.183321496802342443e+00
4.085999999999699206e+00,-3.726655769424924158e-01,2.036811572452822405e-01,1.184518193678594011e+00
4.086999999999699540e+00,-3.726349771217205564e-01,2.037619219242344792e-01,1.185703048261264492e+00
4.087999999999699874e+00,-3.726052487464099339e-01,2.038439899717620074e-01,1.186876022347562953e+00
4.088999999999700208e+00,-3.725763859063186412e-01,2.039273638142556910e-01,1.188037078275573366e+00
4.089999999999700542e+00,-3.725483826262577236e-01,2.040120457981491331e-01,1.189186178924152459e+00
4.090999999999700876e+00,-3.725212328641305803e-01,2.040980381934824894e-01,1.190323287714118328e+00
4.091999999999701210e+00,-3.724949305091803664e-01,2.041853431975000355e-01,1.191448368610554365e+00
4.092999999999701544e+00,-3.724694693804166956e-01,2.042739629382255284e-01,1.192561386126014922e+00
4.093999999999701878e+00,-3.724448432251836194e-01,2.043638994779177764e-01,1.193662305324360240e+00
4.094999999999702212e+00,-3.724210457178174782e-01,2.044551548162615306e-01,1.194751091824868272e+00
4.095999999999702545e+00,-3.723980700761900242e-01,2.045477302100684458e-01,1.195827710802390254e+00
4.096999999999702879e+00,-3.723759090608446121e-01,2.046416262275649878e-01,1.196892125414525943e+00
4.097999999999703213e+00,-3.723545549604941884e-01,2.047368427502159749e-01,1.197944299389398948e+00
4.098999999999703547e+00,-3.723340002336713028e-01,2.048333801396802212e-01,1.198984197624565429e+00
4.099999999999703881e+00,-3.723142373840379604e-01,2.049312389832631531e-01,1.200011786141836456e+00
4.100999999999704215e+00,-3.722952589576136728e-01,2.050304200687003142e-01,1.201027032044150955e+00
4.101999999999704549e+00,-3.722770575406799121e-01,2.051309243591157294e-01,1.202029903473699646e+00
4.102999999999704883e+00,-3.722596257585276125e-01,2.052327529674992102e-01,1.203020369570254600e+00
4.103999999999705217e+00,-3.722429562751854992e-01,2.053359071298730409e-01,1.203998400428330617e+00
4.104999999999705551e+00,-3.722270417941995757e-01,2.054403881760863415e-01,1.204963967051386975e+00
4.105999999999705885e+00,-3.722118750603847226e-01,2.055461974969504668e-01,1.205917041300789805e+00
4.106999999999706219e+00,-3.721974488621818677e-01,2.056533365062728214e-01,1.206857595836809072e+00
4.107999999999706553e+00,-3.721837560337551976e-01,2.057618065964946785e-01,1.207785604048854378e+00
4.108999999999706887e+00,-3.721707894552118701e-01,2.058716090874713744e-01,1.208701039973104852e+00
4.109999999999707221e+00,-3.721585420484663231e-01,2.059827451698904577e-01,1.209603878198551197e+00
4.110999999999707555e+00,-3.721470067658180780e-01,2.060952158478309704e-01,1.210494093767538359e+00
4.111999999999707889e+00,-3.721361765690478496e-01,2.062090218877212777e-01,1.211371662082346701e+00
4.112999999999708223e+00,-3.721260443990694888e-01,2.063241637811661366e-01,1.212236558831097932e+00
4.113999999999708557e+00,-3.721166031389468443e-01,2.064406417256626769e-01,1.213088759941501671e+00
4.114999999999708891e+00,-3.721078455746664182e-01,2.065584556218839074e-01,1.213928241562248100e+00
4.115999999999709225e+00,-3.720997643575851277e-01,2.066776050822836108e-01,1.214754980065025247e+00
4.116999999999709559e+00,-3.720923519706714755e-01,2.067980894450333063e-01,1.215568952058291075e+00
4.117999999999709893e+00,-3.720856006988829123e-01,2.069199077888450589e-01,1.216370134405730719e+00
4.118999999999710226e+00,-3.720795026030107033e-01,2.070430589462782800e-01,1.217158504245146489e+00
4.119999999999710560e+00,-3.720740494960189104e-01,2.071675415146442267e-01,1.217934039005822644e+00
4.120999999999710894e+00,-3.720692329209758786e-01,2.072933538644529117e-01,1.218696716423825377e+00
4.121999999999711228e+00,-3.720650441298685163e-01,2.074204941457189477e-01,1.219446514555458494e+00
4.122999999999711562e+00,-3.720614740627882222e-01,2.075489602925663091e-01,1.220183411789440120e+00
4.123999999999711896e+00,-3.720585133271386291e-01,2.076787500265758757e-01,1.220907386858493426e+00
4.124999999999712230e+00,-3.720561521766387880e-01,2.078098608592816587e-01,1.221618418851066368e+00
4.125999999999712564e+00,-3.720543804899877904e-01,2.079422900941629848e-01,1.222316487223870762e+00
4.126999999999712898e+00,-3.720531885266628036e-01,2.080760354551409730e-01,1.223001572991919028e+00
4.127999999999713232e+00,-3.720525669554967108e-01,2.082110950847880781e-01,1.223673660349535730e+00
4.128999999999713566e+00,-3.720525070677303536e-01,2.083474677018335441e-01,1.224332734813475820e+00
4.129999999999713900e+00,-3.720529998492675405e-01,2.084851518335261167e-01,1.224978782825120183e+00
4.130999999999714234e+00,-3.720540361467562507e-01,2.086241459620129524e-01,1.225611791787386773e+00
4.131999999999714568e+00,-3.720556066617263791e-01,2.087644485257603710e-01,1.226231750105480245e+00
4.132999999999714902e+00,-3.720577019445021061e-01,2.089060579212161928e-01,1.226838647231563550e+00
4.133999999999715236e+00,-3.720603123878359342e-01,2.090489725046895675e-01,1.227432473713440997e+00
4.134999999999715570e+00,-3.720634282202463505e-01,2.091931905944290904e-01,1.228013221247328035e+00
4.135999999999715904e+00,-3.720670394990744922e-01,2.093387104728821058e-01,1.228580882734720214e+00
4.136999999999716238e+00,-3.720711361033084974e-01,2.094855303891155485e-01,1.229135452343280033e+00
4.137999999999716572e+00,-3.720757077262582535e-01,2.096336485613764511e-01,1.229676925571498547e+00
4.138999999999716906e+00,-3.720807438682008916e-01,2.097830631797598100e-01,1.230205299316670553e+00
4.139999999999717240e+00,-3.720862338291556215e-01,2.099337724089465063e-01,1.230720571945390862e+00
4.140999999999717573e+00,-3.720921667019839174e-01,2.100857743909586572e-01,1.231222743365321781e+00
4.141999999999717907e+00,-3.720985313652505622e-01,2.102390672459303333e-01,1.231711815090625439e+00
4.142999999999718241e+00,-3.721053164765875110e-01,2.103936490719833241e-01,1.232187790295055763e+00
4.143999999999718575e+00,-3.721125104673592698e-01,2.105495179454478505e-01,1.232650673867409896e+00
4.144999999999718909e+00,-3.721201015395419476e-01,2.107066719229861995e-01,1.233100472458310559e+00
4.145999999999719243e+00,-3.721280776639906973e-01,2.108651090432549502e-01,1.233537194504921608e+00
4.146999999999719577e+00,-3.721364265798389748e-01,2.110248273277609554e-01,1.233960850220836569e+00
4.147999999999719911e+00,-3.721451357943616478e-01,2.111858247808153788e-01,1.234371451531977470e+00
4.148999999999720245e+00,-3.721541925816069241e-01,2.113480993883383174e-01,1.234769011929074400e+00
4.149999999999720579e+00,-3.721635839763192677e-01,2.115116491152267963e-01,1.235153546190333351e+00
4.150999999999720913e+00,-3.721732967564622130e-01,2.116764719009707196e-01,1.235525069899241934e+00
4.151999999999721247e+00,-3.721833174019190671e-01,2.118425656531742751e-01,1.235883598633596314e+00
4.152999999999721581e+00,-3.721936320071469462e-01,2.120099282386787021e-01,1.236229146620377195e+00
4.153999999999721915e+00,-3.722042261108774452e-01,2.121785574721222201e-01,1.236561724528571160e+00
4.154999999999722249e+00,-3.722150843934047826e-01,2.123484511021649368e-01,1.236881335949251648e+00
4.155999999999722583e+00,-3.722261902215778240e-01,2.125196067961073743e-01,1.237187972244276235e+00
4.156999999999722917e+00,-3.722375252072376295e-01,2.126920221229703367e-01,1.237481606611942730e+00
4.157999999999723251e+00,-3.722490693538140771e-01,2.128656945306465209e-01,1.237762191195784345e+00
4.158999999999723585e+00,-3.722608024485768996e-01,2.130406213090570988e-01,1.238029662833479927e+00
4.159999999999723919e+00,-3.722727063247198709e-01,2.132167995438588592e-01,1.238283956623026594e+00
4.160999999999724253e+00,-3.722847665284124141e-01,2.133942259451220291e-01,1.238525017532723815e+00
4.161999999999724587e+00,-3.722969720888379963e-01,2.135728958369469410e-01,1.238752802904442119e+00
4.162999999999724920e+00,-3.723093149911048672e-01,2.137528038936237218e-01,1.238967280938081172e+00
4.163999999999725254e+00,-3.723217892975803633e-01,2.139339445686556651e-01,1.239168428430860391e+00
4.164999999999725588e+00,-3.723343906022919536e-01,2.141163126775550429e-01,1.239356227981376124e+00
4.165999999999725922e+00,-3.723471154002386263e-01,2.142999032226432510e-01,1.239530666076379406e+00
4.166999999999726256e+00,-3.723599607286591784e-01,2.144847113783228121e-01,1.239691731866467528e+00
4.167999999999726590e+00,-3.723729239342282171e-01,2.146707324697932906e-01,1.239839416396424143e+00
4.168999999999726924e+00,-3.723860025203051816e-01,2.148579619459757284e-01,1.239973712118781046e+00
4.169999999999727258e+00,-3.723991940449832283e-01,2.150463953472016021e-01,1.240094612580530775e+00
4.170999999999727592e+00,-3.724124960511794313e-01,2.152360282683065673e-01,1.240202112215464281e+00
4.171999999999727926e+00,-3.724259060164360480e-01,2.154268563180912199e-01,1.240296206201574991e+00
4.172999999999728260e+00,-3.724394213141768439e-01,2.156188750766115936e-01,1.240376890359669471e+00
4.173999999999728594e+00,-3.724530391809712238e-01,2.158120800522369542e-01,1.240444161079579333e+00
4.174999999999728928e+00,-3.724667566864899304e-01,2.160064666406702472e-01,1.240498015266446208e+00
4.175999999999729262e+00,-3.724805707045096836e-01,2.162020300879845536e-01,1.240538450302834939e+00
4.176999999999729596e+00,-3.724944778845589721e-01,2.163987654591750243e-01,1.240565464023878794e+00
4.177999999999729930e+00,-3.725084746245326817e-01,2.165966676129155166e-01,1.240579054703071060e+00
4.178999999999730264e+00,-3.725225570448733592e-01,2.167957311823993649e-01,1.240579221046345104e+00
4.179999999999730598e+00,-3.725367209679491531e-01,2.169959505652770959e-01,1.240565962220958829e+00
4.180999999999730932e+00,-3.725509619011347362e-01,2.171973199195345039e-01,1.240539277941902663e+00
4.181999999999731266e+00,-3.725652750217967046e-01,2.173998331620582425e-01,1.240499168506766337e+00
4.182999999999731600e+00,-3.725796551602861273e-01,2.176034839645322183e-01,1.240445634800600327e+00
4.183999999999731934e+00,-3.725940967844904028e-01,2.178082657506065223e-01,1.240378678300741111e+00
4.184999999999732267e+00,-3.726085939860890317e-01,2.180141716944069552e-01,1.240298301081086407e+00
4.185999999999732601e+00,-3.726231408041165150e-01,2.182211951336565647e-01,1.240204506054895184e+00
4.186999999999732935e+00,-3.726377317693242430e-01,2.184293302156413707e-01,1.240097298019759098e+00
4.187999999999733269e+00,-3.726523619291994271e-01,2.186385719000373262e-01,1.239976683101365218e+00
4.188999999999733603e+00,-3.726670262837381009e-01,2.188489152270592930e-01,1.239842668270082271e+00
4.189999999999733937e+00,-3.726817197146670146e-01,2.190603552269048127e-01,1.239695261332105947e+00
4.190999999999734271e+00,-3.726964370277475180e-01,2.192728869647825318e-01,1.239534470921354936e+00
4.191999999999734605e+00,-3.727111729553657105e-01,2.194865055364954021e-01,1.239360306491989805e+00
4.192999999999734939e+00,-3.727259221597312711e-01,2.197012060649357057e-01,1.239172778311435241e+00
4.193999999999735273e+00,-3.727406792365189347e-01,2.199169836973154935e-01,1.238971897453808202e+00
4.194999999999735607e+00,-3.727554387188130591e-01,2.201338336029856624e-01,1.238757675793671575e+00
4.195999999999735941e+00,-3.727701950812406517e-01,2.203517509717254352e-01,1.238530126000050302e+00
4.196999999999736275e+00,-3.727849427442017638e-01,2.205707310124047638e-01,1.238289261530662211e+00
4.197999999999736609e+00,-3.727996760781233654e-01,2.207907689519437167e-01,1.238035096626326048e+00
4.198999999999736943e+00,-3.728143894076794695e-01,2.210118600345082340e-01,1.237767646305517832e+00
4.199999999999737277e+00,-3.728290770159341516e-01,2.212339995208945087e-01,1.237486926359053774e+00
4.200999999999737611e+00,-3.728437331483734352e-01,2.214571826880622485e-01,1.237192953344881774e+00
4.201999999999737945e+00,-3.728583520168014531e-01,2.216814048287889527e-01,1.236885744582969071e+00
4.202999999999738279e+00,-3.728729278030841754e-01,2.219066612514205561e-01,1.236565318150274262e+00
4.203999999999738613e+00,-3.728874546627287123e-01,2.221329472796996773e-01,1.236231692875794153e+00
4.204999999999738947e+00,-3.729019267282906447e-01,2.223602582526560401e-01,1.235884888335678777e+00
4.205999999999739281e+00,-3.729163381126058829e-01,2.225885895245476309e-01,1.235524924848405925e+00
4.206999999999739615e+00,-3.729306829118473887e-01,2.228179364648423810e-01,1.235151823470010068e+00
4.207999999999739948e+00,-3.729449552084067032e-01,2.230482944582318217e-01,1.234765605989357917e+00
4.208999999999740282e+00,-3.729591490736049453e-01,2.232796589046692759e-01,1.234366294923467722e+00
4.209999999999740616e+00,-3.729732585702373315e-01,2.235120252194272572e-01,1.233953913512862988e+00
4.210999999999740950e+00,-3.729872777549564367e-01,2.237453888331677465e-01,1.233528485716957945e+00
4.211999999999741284e+00,-3.730012006805020208e-01,2.239797451920195748e-01,1.233090036209467444e+00
4.212999999999741618e+00,-3.730150213977823093e-01,2.242150897576583590e-01,1.232638590373837495e+00
4.213999999999741952e+00,-3.730287339578161609e-01,2.244514180073832188e-01,1.232174174298690472e+00
4.214999999999742286e+00,-3.730423324135416774e-01,2.246887254341853879e-01,1.231696814773278525e+00
4.215999999999742620e+00,-3.730558108215007995e-01,2.249270075468009500e-01,1.231206539282942769e+00
4.216999999999742954e+00,-3.730691632434058325e-01,2.251662598697448114e-01,1.230703376004570249e+00
4.217999999999743288e+00,-3.730823837475971128e-01,2.254064779433156973e-01,1.230187353802046468e+00
4.218999999999743622e+00,-3.730954664103981466e-01,2.256476573235668415e-01,1.229658502221696370e+00
4.219999999999743956e+00,-3.731084053173765458e-01,2.258897935822329339e-01,1.229116851487710216e+00
4.220999999999744290e+00,-3.731211945640636740e-01,2.261328823057304760e-01,1.228562432495140966e+00
4.221999999999744624e+00,-3.731338282551725505e-01,2.263769190913710316e-01,1.227995276789645374e+00
4.222999999999744958e+00,-3.731463005043343384e-01,2.266218995446742657e-01,1.227415416552127603e+00
4.223999999999745292e+00,-3.731586054345801817e-01,2.268678192781916625e-01,1.226822884593722573e+00
4.224999999999745626e+00,-3.731707371794310002e-01,2.271146739115218471e-01,1.226217714351247823e+00
4.225999999999745960e+00,-3.731826898837474760e-01,2.273624590708578364e-01,1.225599939882606737e+00
4.226999999999746294e+00,-3.731944577045282485e-01,2.276111703884008408e-01,1.224969595862142047e+00
4.227999999999746628e+00,-3.732060348116605364e-01,2.278608035016245204e-01,1.224326717575938472e+00
4.228999999999746962e+00,-3.732174153886271273e-01,2.281113540523651562e-01,1.223671340917073858e+00
4.229999999999747295e+00,-3.732285936331717346e-01,2.283628176857163128e-01,1.223003502380822338e+00
4.230999999999747629e+00,-3.732395637579247749e-01,2.286151900486991240e-01,1.222323239059808664e+00
4.231999999999747963e+00,-3.732503199909902314e-01,2.288684667886830004e-01,1.221630588639119663e+00
4.232999999999748297e+00,-3.732608565764926056e-01,2.291226435515214543e-01,1.220925589391374633e+00
4.233999999999748631e+00,-3.732711677750823465e-01,2.293777159793728426e-01,1.220208280171764637e+00
4.234999999999748965e+00,-3.732812478643958154e-01,2.296336797081671710e-01,1.219478700413065386e+00
4.235999999999749299e+00,-3.732910911394654585e-01,2.298905303646811005e-01,1.218736890120637240e+00
4.236999999999749633e+00,-3.733006919130724688e-01,2.301482635631817431e-01,1.217982889867422314e+00
4.237999999999749967e+00,-3.733100445160344449e-01,2.304068749015965034e-01,1.217216740788954921e+00
4.238999999999750301e+00,-3.733191432974179436e-01,2.306663599571703305e-01,1.216438484578402424e+00
4.239999999999750635e+00,-3.733279826246646560e-01,2.309267142815700780e-01,1.215648163481656274e+00
4.240999999999750969e+00,-3.733365568836198856e-01,2.311879333954039994e-01,1.214845820292494327e+00
4.241999999999751303e+00,-3.733448604784512237e-01,2.314500127821303987e-01,1.214031498347836413e+00
4.242999999999751637e+00,-3.733528878314482657e-01,2.317129478813453325e-01,1.213205241523118483e+00
4.243999999999751971e+00,-3.733606333826952617e-01,2.319767340814552492e-01,1.212367094227804643e+00
4.244999999999752305e+00,-3.733680915896169239e-01,2.322413667117714242e-01,1.211517101401054841e+00
4.245999999999752639e+00,-3.733752569264041643e-01,2.325068410340986880e-01,1.210655308507561756e+00
4.246999999999752973e+00,-3.733821238833416323e-01,2.327731522339345771e-01,1.209781761533553546e+00
4.247999999999753307e+00,-3.733886869660738572e-01,2.330402954114613179e-01,1.208896506982949148e+00
4.248999999999753641e+00,-3.733949406948731120e-01,2.333082655725760013e-01,1.207999591873628598e+00
4.249999999999753975e+00,-3.734008796039950395e-01,2.335770576202861326e-01,1.207091063733754632e+00
4.250999999999754309e+00,-3.734064982412433897e-01,2.338466663468808937e-01,1.206170970598051007e+00
4.251999999999754642e+00,-3.734117911678933588e-01,2.341170864273623975e-01,1.205239361003908716e+00
4.252999999999754976e+00,-3.734167529591551626e-01,2.343883124146826091e-01,1.204296283987159821e+00
4.253999999999755310e+00,-3.734213782053750763e-01,2.346603387373542571e-01,1.203341789077334356e+00
4.254999999999755644e+00,-3.734256615141766100e-01,2.349331596999792993e-01,1.202375926292208907e+00
4.255999999999755978e+00,-3.734295975137211232e-01,2.352067694871435855e-01,1.201398746131469020e+00
4.256999999999756312e+00,-3.734331808572154410e-01,2.354811621709552716e-01,1.200410299569356187e+00
4.257999999999756646e+00,-3.734364062287126029e-01,2.357563317222691746e-01,1.199410638046248589e+00
4.258999999999756980e+00,-3.734392683501407406e-01,2.360322720253429374e-01,1.198399813459234631e+00
4.259999999999757314e+00,-3.734417619893760643e-01,2.363089768953668957e-01,1.197377878151862030e+00
4.260999999999757648e+00,-3.734438819690539257e-01,2.365864400980384197e-01,1.196344884903373096e+00
4.261999999999757982e+00,-3.734456231757222189e-01,2.368646553701537760e-01,1.195300886917836758e+00
4.262999999999758316e+00,-3.734469805688885313e-01,2.371436164401123925e-01,1.194245937813644742e+00
4.263999999999758650e+00,-3.734479491895161818e-01,2.374233170472758170e-01,1.193180091613847749e+00
4.264999999999758984e+00,-3.734485241675761791e-01,2.377037509592877518e-01,1.192103402737752615e+00
4.265999999999759318e+00,-3.734487007283577298e-01,2.379849119867033513e-01,1.191015925994109104e+00
4.266999999999759652e+00,-3.734484741973578270e-01,2.382667939945627422e-01,1.189917716576089468e+00
4.267999999999759986e+00,-3.734478400036894685e-01,2.385493909108117316e-01,1.188808830058136534e+00
4.268999999999760320e+00,-3.734467936820594081e-01,2.388326967317100369e-01,1.187689322394637870e+00
4.269999999999760654e+00,-3.734453308734485555e-01,2.391167055245334572e-01,1.186559249920291270e+00
4.270999999999760988e+00,-3.734434473246838748e-01,2.394014114279806593e-01,1.185418669351960608e+00
4.271999999999761322e+00,-3.734411388871190507e-01,2.396868086507386586e-01,1.184267637791788674e+00
4.272999999999761656e+00,-3.734384015146451352e-01,2.399728914686538594e-01,1.183106212731322104e+00
4.273999999999761989e+00,-3.734352312612395641e-01,2.402596542209196606e-01,1.181934452056416118e+00
4.274999999999762323e+00,-3.734316242782378947e-01,2.405470913056366733e-01,1.180752414052704369e+00
4.275999999999762657e+00,-3.734275768114848071e-01,2.408351971750359866e-01,1.179560157411452037e+00
4.276999999999762991e+00,-3.734230851984892685e-01,2.411239663305940750e-01,1.178357741235637413e+00
4.277999999999763325e+00,-3.734181458656793962e-01,2.414133933182134317e-01,1.177145225046139609e+00
4.278999999999763659e+00,-3.734127553258280163e-01,2.417034727235894964e-01,1.175922668787932723e+00
4.279999999999763993e+00,-3.734069101756966602e-01,2.419941991678465909e-01,1.174690132836214707e+00
4.280999999999764327e+00,-3.734006070939265842e-01,2.422855673034943758e-01,1.173447678002412342e+00
4.281999999999764661e+00,-3.733938428391927467e-01,2.425775718107280321e-01,1.172195365540022793e+00
4.282999999999764995e+00,-3.733866142486240713e-01,2.428702073940821604e-01,1.170933257150258866e+00
4.283999999999765329e+00,-3.733789182364837256e-01,2.431634687794305139e-01,1.169661414987476444e+00
4.284999999999765663e+00,-3.733707517930990316e-01,2.434573507113176882e-01,1.168379901664366116e+00
4.285999999999765997e+00,-3.733621119840241365e-01,2.437518479506035618e-01,1.167088780256893443e+00
4.286999999999766331e+00,-3.733529959494161776e-01,2.440469552723940616e-01,1.165788114308975221e+00
4.287999999999766665e+00,-3.733434009036035173e-01,2.443426674642340535e-01,1.164477967836877514e+00
4.288999999999766999e+00,-3.733333241348230080e-01,2.446389793245360433e-01,1.163158405333323042e+00
4.289999999999767333e+00,-3.733227630051027535e-01,2.449358856612170454e-01,1.161829491771290357e+00
4.290999999999767667e+00,-3.733117149502669374e-01,2.452333812905191923e-01,1.160491292607490843e+00
4.291999999999768001e+00,-3.733001774800381867e-01,2.455314610359895511e-01,1.159143873785499990e+00
4.292999999999768335e+00,-3.732881481782143740e-01,2.458301197275946093e-01,1.157787301738526287e+00
4.293999999999768669e+00,-3.732756247028963803e-01,2.461293522009486701e-01,1.156421643391789988e+00
4.294999999999769003e+00,-3.732626047867446117e-01,2.464291532966359499e-01,1.155046966164490208e+00
4.295999999999769337e+00,-3.732490862372414564e-01,2.467295178596046190e-01,1.153663337971330582e+00
4.296999999999769670e+00,-3.732350669369396967e-01,2.470304407386177958e-01,1.152270827223577543e+00
4.297999999999770004e+00,-3.732205448436750062e-01,2.473319167857425116e-01,1.150869502829621194e+00
4.298999999999770338e+00,-3.732055179907241560e-01,2.476339408558625443e-01,1.149459434195010177e+00
4.299999999999770672e+00,-3.731899844868897809e-01,2.479365078061998018e-01,1.148040691221930976e+00
4.300999999999771006e+00,-3.731739425163146939e-01,2.482396124955786876e-01,1.146613344307310989e+00
4.301999999999771340e+00,-3.731573903132309744e-01,2.485432497488481163e-01,1.145177464224981456e+00
4.302999999999771674e+00,-3.731403261319575781e-01,2.488474143149833617e-01,1.143733121868835800e+00
4.303999999999772008e+00,-3.731227482226307512e-01,2.491521008337477250e-01,1.142280388184394146e+00
4.304999999999772342e+00,-3.731046548339208013e-01,2.494573038402888576e-01,1.140819334171328192e+00
4.305999999999772676e+00,-3.730860442144958156e-01,2.497630177680782992e-01,1.139350030885446508e+00
4.306999999999773010e+00,-3.730669146134086844e-01,2.500692369504758927e-01,1.137872549440142933e+00
4.307999999999773344e+00,-3.730472642804046335e-01,2.503759556223045246e-01,1.136386961007321172e+00
4.308999999999773678e+00,-3.730270914661470427e-01,2.506831679214336361e-01,1.134893336817801801e+00
4.309999999999774012e+00,-3.730063944223582229e-01,2.509908678903610690e-01,1.133391748161227675e+00
4.310999999999774346e+00,-3.729851714018748710e-01,2.512990494777896933e-01,1.131882266385481062e+00
4.311999999999774680e+00,-3.729634206586164846e-01,2.516077065401943758e-01,1.130364962895628933e+00
4.312999999999775014e+00,-3.729411404474681779e-01,2.519168328433740722e-01,1.128839909152415721e+00
4.313999999999775348e+00,-3.729183290240788984e-01,2.522264220639851562e-01,1.127307176670326205e+00
4.314999999999775682e+00,-3.728949846445770988e-01,2.525364677910534317e-01,1.125766837015240274e+00
4.315999999999776016e+00,-3.728711055652075834e-01,2.528469635274621652e-01,1.124218961801706218e+00
4.316999999999776350e+00,-3.728466900418924701e-01,2.531579026914130282e-01,1.122663622689860530e+00
4.317999999999776684e+00,-3.728217363297217646e-01,2.534692786178589508e-01,1.121100891382024178e+00
4.318999999999777017e+00,-3.727962426823784314e-01,2.537810845599074439e-01,1.119530839619005347e+00
4.319999999999777351e+00,-3.727702073515037351e-01,2.540933136901929457e-01,1.117953539176144595e+00
4.320999999999777685e+00,-3.727436285860095677e-01,2.544059591022175271e-01,1.116369061859134648e+00
4.321999999999778019e+00,-3.727165046313447028e-01,2.547190138116598446e-01,1.114777479499651003e+00
4.322999999999778353e+00,-3.726888337287219133e-01,2.550324707576518968e-01,1.113178863950830655e+00
4.323999999999778687e+00,-3.726606141143140594e-01,2.553463228040228072e-01,1.111573287082634920e+00
4.324999999999779021e+00,-3.726318440184260838e-01,2.556605627405114101e-01,1.109960820777135648e+00
4.325999999999779355e+00,-3.726025216646517979e-01,2.559751832839447516e-01,1.108341536923759252e+00
4.326999999999779689e+00,-3.725726452690227286e-01,2.562901770793861722e-01,1.106715507414529176e+00
4.327999999999780023e+00,-3.725422130391567999e-01,2.566055367012493038e-01,1.105082804139341013e+00
4.328999999999780357e+00,-3.725112231734147850e-01,2.569212546543814257e-01,1.103443498981307336e+00
4.329999999999780691e+00,-3.724796738600721913e-01,2.572373233751126254e-01,1.101797663812206007e+00
4.330999999999781025e+00,-3.724475632765131272e-01,2.575537352322729845e-01,1.100145370488067487e+00
4.331999999999781359e+00,-3.724148895884533128e-01,2.578704825281757929e-01,1.098486690844930669e+00
4.332999999999781693e+00,-3.723816509491985061e-01,2.581875574995664557e-01,1.096821696694800563e+00
4.333999999999782027e+00,-3.723478454989443409e-01,2.585049523185357634e-01,1.095150459821833566e+00
4.334999999999782361e+00,-3.723134713641223503e-01,2.588226590933965232e-01,1.093473051978779864e+00
4.335999999999782695e+00,-3.722785266567981144e-01,2.591406698695220001e-01,1.091789544883704943e+00
4.336999999999783029e+00,-3.722430094741238649e-01,2.594589766301433897e-01,1.090100010217016191e+00
4.337999999999783363e+00,-3.722069178978513193e-01,2.597775712971054363e-01,1.088404519618812349e+00
4.338999999999783697e+00,-3.721702499939053554e-01,2.600964457315776412e-01,1.086703144686575584e+00
4.339999999999784031e+00,-3.721330038120230776e-01,2.604155917347170668e-01,1.084995956973222153e+00
4.340999999999784364e+00,-3.720951773854579425e-01,2.607350010482826219e-01,1.083283027985526115e+00
4.341999999999784698e+00,-3.720567687307514415e-01,2.610546653551950591e-01,1.081564429182928500e+00
4.342999999999785032e+00,-3.720177758475717855e-01,2.613745762800419037e-01,1.079840231976740617e+00
4.343999999999785366e+00,-3.719781967186201466e-01,2.616947253895238745e-01,1.078110507729750589e+00
4.344999999999785700e+00,-3.719380293096034018e-01,2.620151041928391322e-01,1.076375327756239120e+00
4.345999999999786034e+00,-3.718972715692717146e-01,2.623357041420033564e-01,1.074634763322406705e+00
4.346999999999786368e+00,-3.718559214295202309e-01,2.626565166321042089e-01,1.072888885647216295e+00
4.347999999999786702e+00,-3.718139768055510053e-01,2.629775330014854084e-01,1.071137765903648731e+00
4.348999999999787036e+00,-3.717714355960946571e-01,2.632987445318623054e-01,1.069381475220369859e+00
4.349999999999787370e+00,-3.717282956836861496e-01,2.636201424483654021e-01,1.067620084683803761e+00
4.350999999999787704e+00,-3.716845549349932498e-01,2.639417179195132634e-01,1.065853665340604328e+00
4.351999999999788038e+00,-3.716402112011941705e-01,2.642634620571167048e-01,1.064082288200520310e+00
4.352999999999788372e+00,-3.715952623188537585e-01,2.645853659164664196e-01,1.062306024242015923e+00
4.353999999999788706e+00,-3.715497061109339083e-01,2.649074204965313761e-01,1.060524944421701310e+00
4.354999999999789040e+00,-3.715035403877707254e-01,2.652296167400441940e-01,1.058739119679889207e+00
4.355999999999789374e+00,-3.714567629475185040e-01,2.655519455330982437e-01,1.056948620944568651e+00
4.356999999999789708e+00,-3.714093715766252912e-01,2.658743977047071105e-01,1.055153519135668683e+00
4.357999999999790042e+00,-3.713613640503583002e-01,2.661969640263529557e-01,1.053353885169578952e+00
4.358999999999790376e+00,-3.713127381333463650e-01,2.665196352115180023e-01,1.051549789963889037e+00
4.359999999999790710e+00,-3.712634915801367730e-01,2.668424019152142446e-01,1.049741304442300294e+00
4.360999999999791044e+00,-3.712136221357613119e-01,2.671652547335293670e-01,1.047928499539659386e+00
4.361999999999791378e+00,-3.711631275363081461e-01,2.674881842032128532e-01,1.046111446207055096e+00
4.362999999999791712e+00,-3.711120055094963011e-01,2.678111808013239337e-01,1.044290215416912027e+00
4.363999999999792045e+00,-3.710602537752498153e-01,2.681342349449686857e-01,1.042464878168009701e+00
4.364999999999792379e+00,-3.710078700462690060e-01,2.684573369911571472e-01,1.040635505490346890e+00
4.365999999999792713e+00,-3.709548520285979034e-01,2.687804772368086459e-01,1.038802168449763919e+00
4.366999999999793047e+00,-3.709011974221854135e-01,2.691036459189397601e-01,1.036964938152233229e+00
4.367999999999793381e+00,-3.708469039214418173e-01,2.694268332150689949e-01,1.035123885747720518e+00
4.368999999999793715e+00,-3.707919692157893854e-01,2.697500292438684832e-01,1.033279082433518070e+00
4.369999999999794049e+00,-3.707363909902088861e-01,2.700732240660983496e-01,1.031430599456951702e+00
4.370999999999794383e+00,-3.706801669257843157e-01,2.703964076858510479e-01,1.029578508117364066e+00
4.371999999999794717e+00,-3.706232947002472966e-01,2.707195700521329851e-01,1.027722879767283493e+00
4.372999999999795051e+00,-3.705657719885240842e-01,2.710427010608055243e-01,1.025863785812695994e+00
4.373999999999795385e+00,-3.705075964632889574e-01,2.713657905568984674e-01,1.024001297712350711e+00
4.374999999999795719e+00,-3.704487657955254365e-01,2.716888283373055657e-01,1.022135486976046392e+00
4.375999999999796053e+00,-3.703892776550995469e-01,2.720118041538596154e-01,1.020266425161865831e+00
4.376999999999796387e+00,-3.703291297113464053e-01,2.723347077167759256e-01,1.018394183872347813e+00
4.377999999999796721e+00,-3.702683196336711280e-01,2.726575286984447288e-01,1.016518834749614575e+00
4.378999999999797055e+00,-3.702068450921657261e-01,2.729802567375388955e-01,1.014640449469496719e+00
4.379999999999797389e+00,-3.701447037582393240e-01,2.733028814433977605e-01,1.012759099734728219e+00
4.380999999999797723e+00,-3.700818933052612558e-01,2.736253924006365468e-01,1.010874857267310523e+00
4.381999999999798057e+00,-3.700184114092114340e-01,2.739477791739215462e-01,1.008987793800169896e+00
4.382999999999798391e+00,-3.699542557493346040e-01,2.742700313128507705e-01,1.007097981068253656e+00
4.383999999999798725e+00,-3.698894240087908236e-01,2.745921383568690199e-01,1.005205490799230272e+00
4.384999999999799059e+00,-3.698239138752956734e-01,2.749140898401505329e-01,1.003310394703967434e+00
4.385999999999799392e+00,-3.697577230417417038e-01,2.752358752963813826e-01,1.001412764466972138e+00
4.386999999999799726e+00,-3.696908492067926266e-01,2.755574842633748966e-01,9.995126717369733349e-01
4.387999999999800060e+00,-3.696232900754415907e-01,2.758789062874634768e-01,9.976101881178243147e-01
4.388999999999800394e+00,-3.695550433595261031e-01,2.762001309276128636e-01,9.957053851598893779e-01
4.389999999999800728e+00,-3.694861067781910480e-01,2.765211477592184330e-01,9.937983343520633284e-01
4.390999999999801062e+00,-3.694164780582953056e-01,2.768419463775461109e-01,9.918891071145521376e-01
4.391999999999801396e+00,-3.693461549347552553e-01,2.771625164007992526e-01,9.899777747925196936e-01
4.392999999999801730e+00,-3.692751351508229973e-01,2.774828474727940586e-01,9.880644086506835677e-01
4.393999999999802064e+00,-3.692034164582973510e-01,2.778029292652440807e-01,9.861490798689148685e-01
4.394999999999802398e+00,-3.691309966176675172e-01,2.781227514796544842e-01,9.842318595388762636e-01
4.395999999999802732e+00,-3.690578733981911830e-01,2.784423038488441637e-01,9.823128186617083868e-01
4.396999999999803066e+00,-3.689840445779098976e-01,2.787615761381119217e-01,9.803920281467545239e-01
4.397999999999803400e+00,-3.689095079436063296e-01,2.790805581460726881e-01,9.784695588112972686e-01
4.398999999999803734e+00,-3.688342612907095641e-01,2.793992397051945353e-01,9.765454813812640689e-01
4.399999999999804068e+00,-3.687583024231534945e-01,2.797176106820652430e-01,9.746198664928492628e-01
4.400999999999804402e+00,-3.686816291531973544e-01,2.800356609774244943e-01,9.726927846949898759e-01
4.401999999999804736e+00,-3.686042393012138318e-01,2.803533805259932343e-01,9.707643064526266796e-01
4.402999999999805070e+00,-3.685261306954549232e-01,2.806707592961359410e-01,9.688345021506787891e-01
4.403999999999805404e+00,-3.684473011718009672e-01,2.809877872893852269e-01,9.669034420986590828e-01
4.404999999999805738e+00,-3.683677485735026846e-01,2.813044545398626362e-01,9.649711965358569454e-01
4.405999999999806072e+00,-3.682874707509218304e-01,2.816207511136212815e-01,9.630378356370176141e-01
4.406999999999806406e+00,-3.682064655612790616e-01,2.819366671079391873e-01,9.611034295184501808e-01
4.407999999999806739e+00,-3.681247308684140185e-01,2.822521926505848766e-01,9.591680482444998601e-01
4.408999999999807073e+00,-3.680422645425645567e-01,2.825673178990787404e-01,9.572317618343250123e-01
4.409999999999807407e+00,-3.679590644601704597e-01,2.828820330399667293e-01,9.552946402689227456e-01
4.410999999999807741e+00,-3.678751285037057950e-01,2.831963282881246879e-01,9.533567534983543590e-01
4.411999999999808075e+00,-3.677904545615443554e-01,2.835101938861054327e-01,9.514181714491234398e-01
4.412999999999808409e+00,-3.677050405278615708e-01,2.838236201035420070e-01,9.494789640316665391e-01
4.413999999999808743e+00,-3.676188843025760544e-01,2.841365972366151071e-01,9.475392011479201182e-01
4.414999999999809077e+00,-3.675319837913328946e-01,2.844491156075953375e-01,9.455989526989302396e-01
4.415999999999809411e+00,-3.674443369055297448e-01,2.847611655644626261e-01,9.436582885924785780e-01
4.416999999999809745e+00,-3.673559415623883773e-01,2.850727374806113490e-01,9.417172787506973286e-01
4.417999999999810079e+00,-3.672667956850713122e-01,2.853838217546423861e-01,9.397759931176531412e-01
4.418999999999810413e+00,-3.671768972028437994e-01,2.856944088102452151e-01,9.378345016668795386e-01
4.419999999999810747e+00,-3.670862440512817626e-01,2.860044890961705999e-01,9.358928744088422791e-01
4.420999999999811081e+00,-3.669948341725246532e-01,2.863140530862958721e-01,9.339511813983220057e-01
4.421999999999811415e+00,-3.669026655155725458e-01,2.866230912797801400e-01,9.320094927417024167e-01
4.422999999999811749e+00,-3.668097360366257553e-01,2.869315942013110909e-01,9.300678786041524093e-01
4.423999999999812083e+00,-3.667160436994672534e-01,2.872395524014393908e-01,9.281264092166917612e-01
4.424999999999812417e+00,-3.666215864758835541e-01,2.875469564570002357e-01,9.261851548831329106e-01
4.425999999999812751e+00,-3.665263623461245124e-01,2.878537969716192801e-01,9.242441859868896215e-01
4.426999999999813085e+00,-3.664303692993988171e-01,2.881600645762998347e-01,9.223035729976458708e-01
4.427999999999813419e+00,-3.663336053344031229e-01,2.884657499300888883e-01,9.203633864778791862e-01
4.428999999999813753e+00,-3.662360684598823246e-01,2.887708437208189594e-01,9.184236970892305507e-01
4.429999999999814086e+00,-3.661377566952187523e-01,2.890753366659211121e-01,9.164845755987172105e-01
4.430999999999814420e+00,-3.660386680710471241e-01,2.893792195133073619e-01,9.145460928847812809e-01
4.431999999999814754e+00,-3.659388006298931462e-01,2.896824830423172514e-01,9.126083199431701543e-01
4.432999999999815088e+00,-3.658381524268327079e-01,2.899851180647261550e-01,9.106713278926422683e-01
4.433999999999815422e+00,-3.657367215301684515e-01,2.902871154258110931e-01,9.087351879804947963e-01
4.434999999999815756e+00,-3.656345060221219967e-01,2.905884660054698365e-01,9.067999715879074829e-01
4.435999999999816090e+00,-3.655315039995374882e-01,2.908891607193896389e-01,9.048657502350978543e-01
4.436999999999816424e+00,-3.654277135745949145e-01,2.911891905202631525e-01,9.029325955862838038e-01
4.437999999999816758e+00,-3.653231328755296436e-01,2.914885463990446457e-01,9.010005794544478919e-01
4.438999999999817092e+00,-3.652177600473554553e-01,2.917872193862467434e-01,8.990697738059001409e-01
4.439999999999817426e+00,-3.651115932525890728e-01,2.920852005532694751e-01,8.971402507646336622e-01
4.440999999999817760e+00,-3.650046306719720857e-01,2.923824810137621855e-01,8.952120826164701173e-01
4.441999999999818094e+00,-3.648968705051889305e-01,2.926790519250114242e-01,8.932853418129893530e-01
4.442999999999818428e+00,-3.647883109715782668e-01,2.929749044893529275e-01,8.913601009752408766e-01
4.443999999999818762e+00,-3.646789503108343600e-01,2.932700299556032508e-01,8.894364328972318434e-01
4.444999999999819096e+00,-3.645687867836973628e-01,2.935644196205079437e-01,8.875144105491895585e-01
4.445999999999819430e+00,-3.644578186726296076e-01,2.938580648302026033e-01,8.855941070805934956e-01
4.446999999999819764e+00,-3.643460442824759116e-01,2.941509569816841418e-01,8.836755958229753904e-01
4.447999999999820098e+00,-3.642334619411060070e-01,2.944430875242872725e-01,8.817589502924831901e-01
4.448999999999820432e+00,-3.641200700000373214e-01,2.947344479611654355e-01,8.798442441922080803e-01
4.449999999999820766e+00,-3.640058668350364957e-01,2.950250298507707258e-01,8.779315514142704835e-01
4.450999999999821100e+00,-3.638908508466976444e-01,2.953148248083313776e-01,8.760209460416653604e-01
4.451999999999821434e+00,-3.637750204609968563e-01,2.956038245073228099e-01,8.741125023498639290e-01
4.452999999999821767e+00,-3.636583741298206052e-01,2.958920206809301234e-01,8.722062948081720224e-01
4.453999999999822101e+00,-3.635409103314679036e-01,2.961794051234991620e-01,8.703023980808437532e-01
4.454999999999822435e+00,-3.634226275711248677e-01,2.964659696919728082e-01,8.684008870279513737e-01
4.455999999999822769e+00,-3.633035243813110826e-01,2.967517063073102923e-01,8.665018367060106641e-01
4.456999999999823103e+00,-3.631835993222967685e-01,2.970366069558879607e-01,8.646053223683642930e-01
4.457999999999823437e+00,-3.630628509824909145e-01,2.973206636908770628e-01,8.627114194653230372e-01
4.458999999999823771e+00,-3.629412779787996590e-01,2.976038686335982231e-01,8.608202036440683047e-01
4.459999999999824105e+00,-3.628188789569549710e-01,2.978862139748484905e-01,8.589317507483171799e-01
4.460999999999824439e+00,-3.626956525918135776e-01,2.981676919762010769e-01,8.570461368177538786e-01
4.461999999999824773e+00,-3.625715975876260821e-01,2.984482949712730093e-01,8.551634380872311647e-01
4.462999999999825107e+00,-3.624467126782773274e-01,2.987280153669606975e-01,8.532837309857451702e-01
4.463999999999825441e+00,-3.623209966274973937e-01,2.990068456446404177e-01,8.514070921351893917e-01
4.464999999999825775e+00,-3.621944482290448408e-01,2.992847783613319379e-01,8.495335983488921938e-01
4.465999999999826109e+00,-3.620670663068623063e-01,2.995618061508241725e-01,8.476633266299441472e-01
4.466999999999826443e+00,-3.619388497152056239e-01,2.998379217247592043e-01,8.457963541693219733e-01
4.467999999999826777e+00,-3.618097973387472410e-01,3.001131178736751171e-01,8.439327583438150926e-01
4.468999999999827111e+00,-3.616799080926555443e-01,3.003873874680039746e-01,8.420726167137640994e-01
4.469999999999827445e+00,-3.615491809226505371e-01,3.006607234590245037e-01,8.402160070206179387e-01
4.470999999999827779e+00,-3.614176148050382009e-01,3.009331188797668144e-01,8.383630071843192200e-01
4.471999999999828113e+00,-3.612852087467242623e-01,3.012045668458684933e-01,8.365136953005282150e-01
4.472999999999828447e+00,-3.611519617852093078e-01,3.014750605563786268e-01,8.346681496376940901e-01
4.473999999999828781e+00,-3.610178729885670790e-01,3.017445932945098663e-01,8.328264486339860273e-01
4.474999999999829114e+00,-3.608829414554072801e-01,3.020131584283356485e-01,8.309886708940944500e-01
4.475999999999829448e+00,-3.607471663148253405e-01,3.022807494114313487e-01,8.291548951859156746e-01
4.476999999999829782e+00,-3.606105467263404640e-01,3.025473597834564821e-01,8.273252004371329793e-01
4.477999999999830116e+00,-3.604730818798249081e-01,3.028129831706778408e-01,8.254996657317071884e-01
4.478999999999830450e+00,-3.603347709954258238e-01,3.030776132864296812e-01,8.236783703062925399e-01
4.479999999999830784e+00,-3.601956133236066671e-01,3.033412439315930076e-01,8.218613935469875065e-01
4.480999999999831118e+00,-3.600556081463855418e-01,3.036038689958048264e-01,8.200488149916755898e-01
4.481999999999831452e+00,-3.599147547782249879e-01,3.038654824583757463e-01,8.182407143336484223e-01
4.482999999999831786e+00,-3.597730525666858470e-01,3.041260783889803143e-01,8.164371714185444384e-01
4.483999999999832120e+00,-3.596305008920704926e-01,3.043856509476051686e-01,8.146382662403719443e-01
4.484999999999832454e+00,-3.594870991672845517e-01,3.046441943845624722e-01,8.128440789375657172e-01
4.485999999999832788e+00,-3.593428468377112828e-01,3.049017030404256312e-01,8.110546897890962281e-01
4.486999999999833122e+00,-3.591977433810978892e-01,3.051581713458874079e-01,8.092701792106510306e-01
4.487999999999833456e+00,-3.590517883074565986e-01,3.054135938215356560e-01,8.074906277509094066e-01
4.488999999999833790e+00,-3.589049811589828942e-01,3.056679650775451229e-01,8.057161160879308115e-01
4.489999999999834124e+00,-3.587573215099932322e-01,3.059212798132842082e-01,8.039467250256775444e-01
4.490999999999834458e+00,-3.586088089668838519e-01,3.061735328168330161e-01,8.021825354906938488e-01
4.491999999999834792e+00,-3.584594431681139004e-01,3.064247189644133673e-01,8.004236285289589858e-01
4.492999999999835126e+00,-3.583092237842134820e-01,3.066748332197286597e-01,7.986700853029362612e-01
4.493999999999835460e+00,-3.581581505178194624e-01,3.069238706332118038e-01,7.969219870888328838e-01
4.494999999999835794e+00,-3.580062231037396958e-01,3.071718263411836736e-01,7.951794152740879751e-01
4.495999999999836128e+00,-3.578534413090470045e-01,3.074186955649201858e-01,7.934424513550988323e-01
4.496999999999836461e+00,-3.576998049332034135e-01,3.076644736096318944e-01,7.917111769351954376e-01
4.497999999999836795e+00,-3.575453138082146376e-01,3.079091558633584302e-01,7.899856737228636572e-01
4.498999999999837129e+00,-3.573899677988144896e-01,3.081527377957811176e-01,7.882660235302141327e-01
4.499999999999837463e+00,-3.572337668026783764e-01,3.083952149569622048e-01,7.865523082716832093e-01
4.500999999999837797e+00,-3.570767107506628846e-01,3.086365829760173707e-01,7.848446099629429185e-01
4.501999999999838131e+00,-3.569187996070694036e-01,3.088768375597338300e-01,7.831430107199837121e-01
4.502999999999838465e+00,-3.567600333699280091e-01,3.091159744911458063e-01,7.814475927583192094e-01
4.503999999999838799e+00,-3.566004120712952252e-01,3.093539896280876889e-01,7.797584383922437912e-01
4.504999999999839133e+00,-3.564399357775616117e-01,3.095908789017414176e-01,7.780756300340551102e-01
4.505999999999839467e+00,-3.562786045897597953e-01,3.098266383152064041e-01,7.763992501931294976e-01
4.506999999999839801e+00,-3.561164186438651735e-01,3.100612639421179706e-01,7.747293814747133744e-01
4.507999999999840135e+00,-3.559533781110796324e-01,3.102947519253504982e-01,7.730661065782682417e-01
4.508999999999840469e+00,-3.557894831980862316e-01,3.105270984758388142e-01,7.714095082951758497e-01
4.509999999999840803e+00,-3.556247341472646428e-01,3.107582998715640032e-01,7.697596695055849425e-01
4.510999999999841137e+00,-3.554591312368531320e-01,3.109883524567456092e-01,7.681166731741522202e-01
4.511999999999841471e+00,-3.552926747810459807e-01,3.112172526412901874e-01,7.664806023444084015e-01
4.512999999999841805e+00,-3.551253651300135816e-01,3.114449969005457231e-01,7.648515401314619488e-01
4.513999999999842139e+00,-3.549572026698344374e-01,3.116715817754110995e-01,7.632295697127463585e-01
4.514999999999842473e+00,-3.547881878223302365e-01,3.118970038728486882e-01,7.616147743165189166e-01
4.515999999999842807e+00,-3.546183210447980128e-01,3.121212598668432481e-01,7.600072372078385818e-01
4.516999999999843141e+00,-3.544476028296368875e-01,3.123443464998418850e-01,7.584070416717875185e-01
4.517999999999843475e+00,-3.542760337038728946e-01,3.125662605847011610e-01,7.568142709937558665e-01
4.518999999999843808e+00,-3.541036142285893251e-01,3.127869990071531214e-01,7.552290084366884981e-01
4.519999999999844142e+00,-3.539303449982781347e-01,3.130065587287860218e-01,7.536513372152884305e-01
4.520999999999844476e+00,-3.537562266401326760e-01,3.132249367905199922e-01,7.520813404672882507e-01
4.521999999999844810e+00,-3.535812598133107332e-01,3.134421303165354500e-01,7.505191012220271407e-01
4.522999999999845144e+00,-3.534054452082009412e-01,3.136581365185991954e-01,7.489647023667044268e-01
4.523999999999845478e+00,-3.532287835457320058e-01,3.138729527007108056e-01,7.474182266108131412e-01
4.524999999999845812e+00,-3.530512755767681310e-01,3.140865762639815095e-01,7.458797564493717669e-01
4.525999999999846146e+00,-3.528729220816351209e-01,3.142990047116476227e-01,7.443493741256703711e-01
4.526999999999846480e+00,-3.526937238698237276e-01,3.145102356541157329e-01,7.428271615943109474e-01
4.527999999999846814e+00,-3.525136817799133793e-01,3.147202668139383874e-01,7.413132004853505430e-01
4.528999999999847148e+00,-3.523327966797579203e-01,3.149290960306257992e-01,7.398075720703437552e-01
4.529999999999847482e+00,-3.521510694669701680e-01,3.151367212652123051e-01,7.383103572310284468e-01
4.530999999999847816e+00,-3.519685010697354288e-01,3.153431406045131835e-01,7.368216364313138200e-01
4.531999999999848150e+00,-3.517850924479804520e-01,3.155483522650247563e-01,7.353414896931123046e-01
4.532999999999848484e+00,-3.516008445949166394e-01,3.157523545964462386e-01,7.338699965764227118e-01
4.533999999999848818e+00,-3.514157585389720007e-01,3.159551460848193383e-01,7.324072361639277773e-01
4.534999999999849152e+00,-3.512298353461221767e-01,3.161567253553025925e-01,7.309532870502248869e-01
4.535999999999849486e+00,-3.510430761226268626e-01,3.163570911746169667e-01,7.295082273356768843e-01
4.536999999999849820e+00,-3.508554820181759015e-01,3.165562424532090136e-01,7.280721346247485126e-01
4.537999999999850154e+00,-3.506670542294478277e-01,3.167541782471927636e-01,7.266450860286000069e-01
4.538999999999850488e+00,-3.504777940040824102e-01,3.169508977601345201e-01,7.252271581716334126e-01
4.539999999999850822e+00,-3.502877026450687548e-01,3.171464003447507229e-01,7.238184272016353615e-01
4.540999999999851156e+00,-3.500967815155484608e-01,3.173406855045832753e-01,7.224189688031295020e-01
4.541999999999851489e+00,-3.499050320440331152e-01,3.175337528957192790e-01,7.210288582135387925e-01
4.542999999999851823e+00,-3.497124557300301806e-01,3.177256023286090247e-01,7.196481702417555359e-01
4.543999999999852157e+00,-3.495190541500696746e-01,3.179162337700324192e-01,7.182769792887281346e-01
4.544999999999852491e+00,-3.493248289641109894e-01,3.181056473452464894e-01,7.169153593696844240e-01
4.545999999999852825e+00,-3.491297819223054821e-01,3.182938433403397216e-01,7.155633841376249915e-01
4.546999999999853159e+00,-3.489339148720683736e-01,3.184808222047973425e-01,7.142211269077286540e-01
4.547999999999853493e+00,-3.487372297653994480e-01,3.186665845542653308e-01,7.128886606823113814e-01
4.548999999999853827e+00,-3.485397286663663996e-01,3.188511311734829601e-01,7.115660581759737369e-01
4.549999999999854161e+00,-3.483414137586338111e-01,3.190344630193233666e-01,7.102533918405463664e-01
4.550999999999854495e+00,-3.481422873528874362e-01,3.192165812238634270e-01,7.089507338894124322e-01
4.551999999999854829e+00,-3.479423518939651627e-01,3.193974870973690372e-01,7.076581563207335890e-01
4.552999999999855163e+00,-3.477416099674592864e-01,3.195771821310534611e-01,7.063757309390505945e-01
4.553999999999855497e+00,-3.475400643055115424e-01,3.197556679994344453e-01,7.051035293746596988e-01
4.554999999999855831e+00,-3.473377177914792613e-01,3.199329465620839308e-01,7.038416231000983458e-01
4.555999999999856165e+00,-3.471345734631070545e-01,3.201090198645342166e-01,7.025900834430097719e-01
4.556999999999856499e+00,-3.469306345138127856e-01,3.202838901380848924e-01,7.013489815946103434e-01
4.557999999999856833e+00,-3.467259042916828182e-01,3.204575597982416424e-01,7.001183886129662692e-01
4.558999999999857167e+00,-3.465203862957787484e-01,3.206300314415225783e-01,6.988983754203137444e-01
4.559999999999857501e+00,-3.463140841693991279e-01,3.208013078403890717e-01,6.976890127937409591e-01
4.560999999999857835e+00,-3.461070016900164026e-01,3.209713919361099066e-01,6.964903713487037296e-01
4.561999999999858169e+00,-3.458991427557143172e-01,3.211402868294345181e-01,6.953025215150743232e-01
4.562999999999858503e+00,-3.456905113681065789e-01,3.213079957690581079e-01,6.941255335057249232e-01
4.563999999999858836e+00,-3.454811116118903236e-01,3.214745221379758933e-01,6.929594772780051093e-01
4.564999999999859170e+00,-3.452709476313808867e-01,3.216398694379641876e-01,6.918044224888705296e-01
4.565999999999859504e+00,-3.450600236045752167e-01,3.218040412725613475e-01,6.906604384448146172e-01
4.566999999999859838e+00,-3.448483437154578057e-01,3.219670413290517397e-01,6.895275940481130350e-01
4.567999999999860172e+00,-3.446359121254050084e-01,3.221288733600546905e-01,6.884059577411641984e-01
4.568999999999860506e+00,-3.444227329446145625e-01,3.222895411653845521e-01,6.872955974508684340e-01
4.569999999999860840e+00,-3.442088102044998932e-01,3.224490485748638946e-01,6.861965805350062064e-01
4.570999999999861174e+00,-3.439941478319279433e-01,3.226073994327351979e-01,6.851089737324521645e-01
4.571999999999861508e+00,-3.437787496265315434e-01,3.227645975845587767e-01,6.840328431201472270e-01
4.572999999999861842e+00,-3.435626192426248782e-01,3.229206468676750763e-01,6.829682540841282012e-01
4.573999999999862176e+00,-3.433457601740746989e-01,3.230755511041835115e-01,6.819152712952133433e-01
4.574999999999862510e+00,-3.431281757420355794e-01,3.232293140964164202e-01,6.808739586865922844e-01
4.575999999999862844e+00,-3.429098690856662301e-01,3.233819396250064981e-01,6.798443794389597006e-01
4.576999999999863178e+00,-3.426908431565700575e-01,3.235334314500580843e-01,6.788265959731195620e-01
4.577999999999863512e+00,-3.424711007164321641e-01,3.236837933150655822e-01,6.778206699494166987e-01
4.578999999999863846e+00,-3.422506443374422336e-01,3.238330289532886930e-01,6.768266622731617943e-01
4.579999999999864180e+00,-3.420294764050398895e-01,3.239811420962495081e-01,6.758446331051090050e-01
4.580999999999864514e+00,-3.418075991225029142e-01,3.241281364839978529e-01,6.748746418760096510e-01
4.581999999999864848e+00,-3.415850145169158081e-01,3.242740158767967174e-01,6.739167473042869672e-01
4.582999999999865182e+00,-3.413617244460881439e-01,3.244187840678978141e-01,6.729710074159428457e-01
4.583999999999865516e+00,-3.411377306060420223e-01,3.245624448971087261e-01,6.720374795658985434e-01
4.584999999999865850e+00,-3.409130345387416661e-01,3.247050022648862999e-01,6.711162204600786829e-01
4.585999999999866183e+00,-3.406876376398011441e-01,3.248464601467310198e-01,6.702072861776579016e-01
4.586999999999866517e+00,-3.404615411659619451e-01,3.249868226076902955e-01,6.693107321929961939e-01
4.587999999999866851e+00,-3.402347462421871915e-01,3.251260938168070158e-01,6.684266133968899126e-01
4.588999999999867185e+00,-3.400072538682767931e-01,3.252642780613802520e-01,6.675549841168527676e-01
4.589999999999867519e+00,-3.397790649249509132e-01,3.254013797609125458e-01,6.666958981362238745e-01
4.590999999999867853e+00,-3.395501801794013064e-01,3.255374034806340910e-01,6.658494087119710692e-01
4.591999999999868187e+00,-3.393206002903521590e-01,3.256723539444859039e-01,6.650155685911308678e-01
4.592999999999868521e+00,-3.390903258127219155e-01,3.258062360474308639e-01,6.641944300259038370e-01
4.593999999999868855e+00,-3.388593572020284217e-01,3.259390548669356402e-01,6.633860447875209454e-01
4.594999999999869189e+00,-3.386276948187416647e-01,3.260708156734161145e-01,6.625904641791281469e-01
4.595999999999869523e+00,-3.383953389328635541e-01,3.262015239393792898e-01,6.618077390481342803e-01
4.596999999999869857e+00,-3.381622897291157726e-01,3.263311853468907620e-01,6.610379197987714672e-01
4.597999999999870191e+00,-3.379285473132506157e-01,3.264598057928707053e-01,6.602810564060975773e-01
4.598999999999870525e+00,-3.376941117201960330e-01,3.265873913915212645e-01,6.595371984334371662e-01
4.599999999999870859e+00,-3.374589829250298489e-01,3.267139484729171262e-01,6.588063950564965188e-01
4.600999999999871193e+00,-3.372231608582013651e-01,3.268394835763803741e-01,6.580886950993997120e-01
4.601999999999871527e+00,-3.369866454270814549e-01,3.269640034366453341e-01,6.573841470911994112e-01
4.602999999999871861e+00,-3.367494365469563267e-01,3.270875149598735376e-01,6.566927993569006139e-01
4.603999999999872195e+00,-3.365115341862491283e-01,3.272100251850823538e-01,6.560147001661749133e-01
4.604999999999872529e+00,-3.362729384334341987e-01,3.273315412241956102e-01,6.553498979781300360e-01
4.605999999999872863e+00,-3.360336495973362814e-01,3.274520701702330339e-01,6.546984418450099152e-01
4.606999999999873197e+00,-3.357936683586171256e-01,3.275716189578358195e-01,6.540603820737990182e-01
4.607999999999873530e+00,-3.355529959968689413e-01,3.276901941543093333e-01,6.534357712836252885e-01
4.608999999999873864e+00,-3.353116347162969912e-01,3.278078016590124655e-01,6.528246659829991527e-01
4.609999999999874198e+00,-3.350695880556787687e-01,3.279244463150955413e-01,6.522271285360966564e-01
4.610999999999874532e+00,-3.348268612468883187e-01,3.280401315275137675e-01,6.516432285414850423e-01
4.611999999999874866e+00,-3.345834612121754148e-01,3.281548591185466934e-01,6.510730413726673049e-01
4.612999999999875200e+00,-3.343393959555888140e-01,3.282686296330442621e-01,6.505166421531376475e-01
4.613999999999875534e+00,-3.340946735900044429e-01,3.283814429808569191e-01,6.499740976521659608e-01
4.614999999999875868e+00,-3.338493015832597610e-01,3.284932990360639460e-01,6.494454613762424833e-01
4.615999999999876202e+00,-3.336032865468728792e-01,3.286041979380700528e-01,6.489307736815290717e-01
4.616999999999876536e+00,-3.333566344135450166e-01,3.287141401420344833e-01,6.484300646534701951e-01
4.617999999999876870e+00,-3.331093507062813375e-01,3.288231263822412043e-01,6.479433573162564075e-01
4.618999999999877204e+00,-3.328614407518104557e-01,3.289311576388906921e-01,6.474706701716080870e-01
4.619999999999877538e+00,-3.326129098187677879e-01,3.290382351261983418e-01,6.470120189710621972e-01
4.620999999999877872e+00,-3.323637631991092078e-01,3.291443602961440229e-01,6.465674178972644626e-01
4.621999999999878206e+00,-3.321140062520716585e-01,3.292495348500464880e-01,6.461368803396234650e-01
4.622999999999878540e+00,-3.318636444241007677e-01,3.293537607522821764e-01,6.457204194001150421e-01
4.623999999999878874e+00,-3.316126832531831603e-01,3.294570402425351929e-01,6.453180482187245159e-01
4.624999999999879208e+00,-3.313611283627772019e-01,3.295593758444130827e-01,6.449297801758450133e-01
4.625999999999879542e+00,-3.311089854485714801e-01,3.296607703692321367e-01,6.445556290085869833e-01
4.626999999999879876e+00,-3.308562602601806679e-01,3.297612269144621910e-01,6.441956088654606782e-01
4.627999999999880210e+00,-3.306029585792741310e-01,3.298607488568265911e-01,6.438497343162692399e-01
4.628999999999880544e+00,-3.303490861953279900e-01,3.299593398404440103e-01,6.435180203293378032e-01
4.629999999999880878e+00,-3.300946488800653444e-01,3.300570037606995744e-01,6.432004822252141985e-01
4.630999999999881211e+00,-3.298396523615999554e-01,3.301537447447444595e-01,6.428971356139883131e-01
4.631999999999881545e+00,-3.295841022992680447e-01,3.302495671296564739e-01,6.426079963219648583e-01
4.632999999999881879e+00,-3.293280042600854607e-01,3.303444754393360938e-01,6.423330803123344923e-01
4.633999999999882213e+00,-3.290713636976592138e-01,3.304384743611752384e-01,6.420724036035858617e-01
4.634999999999882547e+00,-3.288141859342335049e-01,3.305315687234287036e-01,6.418259821886056482e-01
4.635999999999882881e+00,-3.285564761463487526e-01,3.306237634740564202e-01,6.415938319566999448e-01
4.636999999999883215e+00,-3.282982393543756316e-01,3.307150636616073003e-01,6.413759686201295773e-01
4.637999999999883549e+00,-3.280394804159593170e-01,3.308054744185151552e-01,6.411724076461917665e-01
4.638999999999883883e+00,-3.277802040232127290e-01,3.308950009469769915e-01,6.409831641954030212e-01
4.639999999999884217e+00,-3.275204147033347057e-01,3.309836485074184598e-01,6.408082530659613418e-01
4.640999999999884551e+00,-3.272601168222113444e-01,3.310714224094157832e-01,6.406476886443712715e-01
4.641999999999884885e+00,-3.269993145905003562e-01,3.311583280048472355e-01,6.405014848619163814e-01
4.642999999999885219e+00,-3.267380120716679714e-01,3.312443706829881762e-01,6.403696551565321027e-01
4.643999999999885553e+00,-3.264762131914692445e-01,3.313295558672385566e-01,6.402522124395666481e-01
4.644999999999885887e+00,-3.262139217484026910e-01,3.314138890131694826e-01,6.401491690668961176e-01
4.645999999999886221e+00,-3.259511414247239225e-01,3.314973756075934030e-01,6.400605368138743145e-01
4.646999999999886555e+00,-3.256878757976743310e-01,3.315800211683895826e-01,6.399863268536311045e-01
4.647999999999886889e+00,-3.254241283506432714e-01,3.316618312448544881e-01,6.399265497382802259e-01
4.648999999999887223e+00,-3.251599024840474694e-01,3.317428114183827992e-01,6.398812153826495264e-01
4.649999999999887557e+00,-3.248952015257676740e-01,3.318229673033169513e-01,6.398503330501986719e-01
4.650999999999887891e+00,-3.246300287410330832e-01,3.319023045478453060e-01,6.398339113408374468e-01
4.651999999999888225e+00,-3.243643873416823808e-01,3.319808288348470304e-01,6.398319581804042810e-01
4.652999999999888558e+00,-3.240982804915455429e-01,3.320585458798700484e-01,6.398444807884429153e-01
4.653999999999888892e+00,-3.238317113074939968e-01,3.321354614257996385e-01,6.398714855806579838e-01
4.654999999999889226e+00,-3.235646828614004988e-01,3.322115812386441380e-01,6.399129781207715251e-01
4.655999999999889560e+00,-3.232971981862028388e-01,3.322869111071343751e-01,6.399689631168792303e-01
4.656999999999889894e+00,-3.230292602826397852e-01,3.323614568431908500e-01,6.400394444192425425e-01
4.657999999999890228e+00,-3.227608721251968849e-01,3.324352242819421654e-01,6.401244250197768437e-01
4.658999999999890562e+00,-3.224920366695808172e-01,3.325082192830378647e-01,6.402239070604899274e-01
4.659999999999890896e+00,-3.222227568589892677e-01,3.325804477312275242e-01,6.403378918425950417e-01
4.660999999999891230e+00,-3.219530356292646944e-01,3.326519155362527291e-01,6.404663798281017284e-01
4.661999999999891564e+00,-3.216828759122004611e-01,3.327226286314922676e-01,6.406093706412456790e-01
4.662999999999891898e+00,-3.214122806388117759e-01,3.327925929726812670e-01,6.407668630705416479e-01
4.663999999999892232e+00,-3.211412527422710106e-01,3.328618145364755643e-01,6.409388550714202326e-01
4.664999999999892566e+00,-3.208697951605464782e-01,3.329302993188794080e-01,6.411253437694123258e-01
4.665999999999892900e+00,-3.205979108387720933e-01,3.329980533335515913e-01,6.413263254638468247e-01
4.666999999999893234e+00,-3.203256027313799992e-01,3.330650826100084450e-01,6.415417956320300652e-01
4.667999999999893568e+00,-3.200528738040187005e-01,3.331313931917376792e-01,6.417717489338770065e-01
4.668999999999893902e+00,-3.197797270352840115e-01,3.331969911342387292e-01,6.420161792169634118e-01
4.669999999999894236e+00,-3.195061654182808075e-01,3.332618825030034815e-01,6.422750795219728248e-01
4.670999999999894570e+00,-3.192321919620366710e-01,3.333260733714519253e-01,6.425484420885088088e-01
4.671999999999894904e+00,-3.189578096927833117e-01,3.333895698188327206e-01,6.428362583612476922e-01
4.672999999999895238e+00,-3.186830216551219674e-01,3.334523779281027833e-01,6.431385189964038407e-01
4.673999999999895572e+00,-3.184078309130848883e-01,3.335145037837945470e-01,6.434552138684830336e-01
4.674999999999895905e+00,-3.181322405511063378e-01,3.335759534698824469e-01,6.437863320772980735e-01
4.675999999999896239e+00,-3.178562536749144352e-01,3.336367330676550669e-01,6.441318619552222069e-01
4.676999999999896573e+00,-3.175798734123514988e-01,3.336968486536048273e-01,6.444917910746563727e-01
4.677999999999896907e+00,-3.173031029141336612e-01,3.337563062973386563e-01,6.448661062556851897e-01
4.678999999999897241e+00,-3.170259453545576367e-01,3.338151120595183041e-01,6.452547935739002538e-01
4.679999999999897575e+00,-3.167484039321604161e-01,3.338732719898378498e-01,6.456578383683662103e-01
4.680999999999897909e+00,-3.164704818703416578e-01,3.339307921250397326e-01,6.460752252497076187e-01
4.681999999999898243e+00,-3.161921824179512175e-01,3.339876784869780790e-01,6.465069381082955147e-01
4.682999999999898577e+00,-3.159135088498520316e-01,3.340439370807311015e-01,6.469529601225111337e-01
4.683999999999898911e+00,-3.156344644674605737e-01,3.340995738927675651e-01,6.474132737670663662e-01
4.684999999999899245e+00,-3.153550525992734332e-01,3.341545948891704310e-01,6.478878608213610724e-01
4.685999999999899579e+00,-3.150752766013835693e-01,3.342090060139196739e-01,6.483767023778566063e-01
4.686999999999899913e+00,-3.147951398579923454e-01,3.342628131872382724e-01,6.488797788504471198e-01
4.687999999999900247e+00,-3.145146457819242292e-01,3.343160223040027024e-01,6.493970699828092163e-01
4.688999999999900581e+00,-3.142337978151474864e-01,3.343686392322207102e-01,6.499285548567125259e-01
4.689999999999900915e+00,-3.139525994293095312e-01,3.344206698115763654e-01,6.504742119002733247e-01
4.690999999999901249e+00,-3.136710541262905938e-01,3.344721198520469452e-01,6.510340188961335484e-01
4.691999999999901583e+00,-3.133891654387842562e-01,3.345229951325906503e-01,6.516079529895496547e-01
4.692999999999901917e+00,-3.131069369309099626e-01,3.345733013999078187e-01,6.521959906963747944e-01
4.693999999999902251e+00,-3.128243721988658299e-01,3.346230443672760790e-01,6.527981079109179685e-01
4.694999999999902585e+00,-3.125414748716286439e-01,3.346722297134633317e-01,6.534142799136666291e-01
4.695999999999902919e+00,-3.122582486117083667e-01,3.347208630817158914e-01,6.540444813788564016e-01
4.696999999999903253e+00,-3.119746971159665927e-01,3.347689500788274541e-01,6.546886863818744962e-01
4.697999999999903586e+00,-3.116908241165061710e-01,3.348164962742881112e-01,6.553468684064827077e-01
4.698999999999903920e+00,-3.114066333816423171e-01,3.348635071995167412e-01,6.560190003518463486e-01
4.699999999999904254e+00,-3.111221287169634309e-01,3.349099883471763350e-01,6.567050545393561256e-01
4.700999999999904588e+00,-3.108373139664906137e-01,3.349559451705774737e-01,6.574050027192298584e-01
4.701999999999904922e+00,-3.105521930139474307e-01,3.350013830831700679e-01,6.581188160768820516e-01
4.702999999999905256e+00,-3.102667697841463568e-01,3.350463074581261358e-01,6.588464652390491061e-01
4.703999999999905590e+00,-3.099810482445045645e-01,3.350907236280167290e-01,6.595879202796592899e-01
4.704999999999905924e+00,-3.096950324066938265e-01,3.351346368845838919e-01,6.603431507254363675e-01
4.705999999999906258e+00,-3.094087263284361899e-01,3.351780524786114324e-01,6.611121255612274483e-01
4.706999999999906592e+00,-3.091221341154477553e-01,3.352209756198945012e-01,6.618948132350462865e-01
4.707999999999906926e+00,-3.088352599235388851e-01,3.352634114773103136e-01,6.626911816628250351e-01
4.708999999999907260e+00,-3.085481079608697330e-01,3.353053651789901224e-01,6.635011982328689051e-01
4.709999999999907594e+00,-3.082606824903610931e-01,3.353468418125895578e-01,6.643248298100109528e-01
4.710999999999907928e+00,-3.079729878322543524e-01,3.353878464256557779e-01,6.651620427394664414e-01
4.711999999999908262e+00,-3.076850283668084440e-01,3.354283840260846583e-01,6.660128028503913278e-01
4.712999999999908596e+00,-3.073968085371171499e-01,3.354684595826598059e-01,6.668770754591523131e-01
4.713999999999908930e+00,-3.071083328520188838e-01,3.355080780256592954e-01,6.677548253723230021e-01
4.714999999999909264e+00,-3.068196058890642064e-01,3.355472442475112560e-01,6.686460168894258205e-01
4.715999999999909598e+00,-3.065306322974925557e-01,3.355859631034769919e-01,6.695506138054493350e-01
4.716999999999909932e+00,-3.062414168011604598e-01,3.356242394123257755e-01,6.704685794131766130e-01
4.717999999999910266e+00,-3.059519642013464047e-01,3.356620779569655655e-01,6.713998765053734719e-01
4.718999999999910600e+00,-3.056622793793442039e-01,3.356994834849785780e-01,6.723444673768934621e-01
4.719999999999910933e+00,-3.053723672987459503e-01,3.357364607090072006e-01,6.733023138267697494e-01
4.720999999999911267e+00,-3.050822330072946453e-01,3.357730143069205253e-01,6.742733771603728332e-01
4.721999999999911601e+00,-3.047918816381847140e-01,3.358091489216907810e-01,6.752576181917245846e-01
4.722999999999911935e+00,-3.045013184106745152e-01,3.358448691608965087e-01,6.762549972460649705e-01
4.723999999999912269e+00,-3.042105486298777306e-01,3.358801795957718772e-01,6.772654741627721631e-01
4.724999999999912603e+00,-3.039195776856068454e-01,3.359150847597196510e-01,6.782890082987348412e-01
4.725999999999912937e+00,-3.036284110501559219e-01,3.359495891462148665e-01,6.793255585322688361e-01
4.726999999999913271e+00,-3.033370542749369569e-01,3.359836972060386007e-01,6.803750832676527249e-01
4.727999999999913605e+00,-3.030455129859229713e-01,3.360174133438065258e-01,6.814375404403354430e-01
4.728999999999913939e+00,-3.027537928778946119e-01,3.360507419137810370e-01,6.825128875228368974e-01
4.729999999999914273e+00,-3.024618997075436688e-01,3.360836872149942645e-01,6.836010815313235955e-01
4.730999999999914607e+00,-3.021698392855450832e-01,3.361162534857471407e-01,6.847020790328001150e-01
4.731999999999914941e+00,-3.018776174677654245e-01,3.361484448975903261e-01,6.858158361528119418e-01
4.732999999999915275e+00,-3.015852401458296583e-01,3.361802655489285474e-01,6.869423085835156817e-01
4.733999999999915609e+00,-3.012927132373053318e-01,3.362117194584243185e-01,6.880814515919366769e-01
4.734999999999915943e+00,-3.010000426757895031e-01,3.362428105583948890e-01,6.892332200282113019e-01
4.735999999999916277e+00,-3.007072344011885168e-01,3.362735426884071455e-01,6.903975683336004421e-01
4.736999999999916611e+00,-3.004142943504655161e-01,3.363039195892694178e-01,6.915744505480624360e-01
4.737999999999916945e+00,-3.001212284492631444e-01,3.363339448977419321e-01,6.927638203176107456e-01
4.738999999999917279e+00,-2.998280426068677951e-01,3.363636221440955421e-01,6.939656309092352426e-01
4.739999999999917613e+00,-2.995347427117062145e-01,3.363929547500793538e-01,6.951798352285549765e-01
4.740999999999917947e+00,-2.992413346275464292e-01,3.364219460274425755e-01,6.964063858257918405e-01
4.741999999999918280e+00,-2.989478241887099097e-01,3.364505991755364356e-01,6.976452348987953744e-01
4.742999999999918614e+00,-2.986542171968157300e-01,3.364789172801901929e-01,6.988963342950375024e-01
4.743999999999918948e+00,-2.983605194186156329e-01,3.365069033134960863e-01,7.001596355126110671e-01
4.744999999999919282e+00,-2.980667365848076455e-01,3.365345601344186255e-01,7.014350897002959995e-01
4.745999999999919616e+00,-2.977728743897077868e-01,3.365618904901379604e-01,7.027226476567773883e-01
4.746999999999919950e+00,-2.974789384916501911e-01,3.365888970180265227e-01,7.040222598291121514e-01
4.747999999999920284e+00,-2.971849345139808696e-01,3.366155822481520232e-01,7.053338763105488907e-01
4.748999999999920618e+00,-2.968908680465184302e-01,3.366419486062013355e-01,7.066574468378056251e-01
4.749999999999920952e+00,-2.965967446473614100e-01,3.366679984167240125e-01,7.079929207879062103e-01
4.750999999999921286e+00,-2.963025698449356371e-01,3.366937339066052859e-01,7.093402471746709237e-01
4.751999999999921620e+00,-2.960083491401892530e-01,3.367191572086837281e-01,7.106993746449460359e-01
4.752999999999921954e+00,-2.957140880088579005e-01,3.367442703654445202e-01,7.120702514746486411e-01
4.753999999999922288e+00,-2.954197919037356845e-01,3.367690753327277076e-01,7.134528255646923611e-01
4.754999999999922622e+00,-2.951254662569020581e-01,3.367935739834011510e-01,7.148470444368507648e-01
4.755999999999922956e+00,-2.948311164818664398e-01,3.368177681109599808e-01,7.162528552296038020e-01
4.756999999999923290e+00,-2.945367479756002549e-01,3.368416594330205793e-01,7.176702046940061086e-01
4.757999999999923624e+00,-2.942423661204403018e-01,3.368652495946878878e-01,7.190990391896084910e-01
4.758999999999923958e+00,-2.939479762858469014e-01,3.368885401717772732e-01,7.205393046804561274e-01
4.759999999999924292e+00,-2.936535838300146084e-01,3.369115326738829630e-01,7.219909467311821372e-01
4.760999999999924626e+00,-2.933591941013293791e-01,3.369342285472839427e-01,7.234539105032118389e-01
4.761999999999924960e+00,-2.930648124396773024e-01,3.369566291776880940e-01,7.249281407510863584e-01
4.762999999999925294e+00,-2.927704441776066702e-01,3.369787358928113541e-01,7.264135818189140226e-01
4.763999999999925627e+00,-2.924760946413509366e-01,3.370005499647981129e-01,7.279101776369538701e-01
4.764999999999925961e+00,-2.921817691517197835e-01,3.370220726124842914e-01,7.294178717183330551e-01
4.765999999999926295e+00,-2.918874730248663951e-01,3.370433050035105405e-01,7.309366071559009193e-01
4.766999999999926629e+00,-2.915932115729394924e-01,3.370642482562918874e-01,7.324663266192176225e-01
4.767999999999926963e+00,-2.912989901046293406e-01,3.370849034418502699e-01,7.340069723516782219e-01
4.768999999999927297e+00,-2.910048139256166122e-01,3.371052715855172854e-01,7.355584861677685327e-01
4.769999999999927631e+00,-2.907106883389327656e-01,3.371253536685160368e-01,7.371208094504524411e-01
4.770999999999927965e+00,-2.904166186452392662e-01,3.371451506294285139e-01,7.386938831486865586e-01
4.771999999999928299e+00,-2.901226101430353088e-01,3.371646633655561720e-01,7.402776477750605544e-01
4.772999999999928633e+00,-2.898286681287984834e-01,3.371838927341813674e-01,7.418720434035597222e-01
4.773999999999928967e+00,-2.895347978970690406e-01,3.372028395537362000e-01,7.434770096674471196e-01
4.774999999999929301e+00,-2.892410047404800899e-01,3.372215046048863130e-01,7.450924857572620574e-01
4.775999999999929635e+00,-2.889472939497428339e-01,3.372398886315353117e-01,7.467184104189330540e-01
4.776999999999929969e+00,-2.886536708135897245e-01,3.372579923417560188e-01,7.483547219520008120e-01
4.777999999999930303e+00,-2.883601406186819816e-01,3.372758164086556709e-01,7.500013582079505525e-01
4.778999999999930637e+00,-2.880667086494856921e-01,3.372933614711774997e-01,7.516582565886494871e-01
4.779999999999930971e+00,-2.877733801881182663e-01,3.373106281348483559e-01,7.533253540448879848e-01
4.780999999999931305e+00,-2.874801605141732441e-01,3.373276169724717111e-01,7.550025870750217694e-01
4.781999999999931639e+00,-2.871870549045215659e-01,3.373443285247759160e-01,7.566898917237133704e-01
4.782999999999931973e+00,-2.868940686330960776e-01,3.373607633010181628e-01,7.583872035807700529e-01
4.783999999999932307e+00,-2.866012069706599386e-01,3.373769217795493658e-01,7.600944577800772262e-01
4.784999999999932641e+00,-2.863084751845609288e-01,3.373928044083436273e-01,7.618115889986248890e-01
4.785999999999932975e+00,-2.860158785384755431e-01,3.374084116054965055e-01,7.635385314556260017e-01
4.786999999999933308e+00,-2.857234222921424260e-01,3.374237437596931954e-01,7.652752189117245640e-01
4.787999999999933642e+00,-2.854311117010879251e-01,3.374388012306509532e-01,7.670215846682925109e-01
4.788999999999933976e+00,-2.851389520163446489e-01,3.374535843495386489e-01,7.687775615668139828e-01
4.789999999999934310e+00,-2.848469484841648081e-01,3.374680934193758919e-01,7.705430819883556381e-01
4.790999999999934644e+00,-2.845551063457286700e-01,3.374823287154123941e-01,7.723180778531215651e-01
4.791999999999934978e+00,-2.842634308368491292e-01,3.374962904854923451e-01,7.741024806200924591e-01
4.792999999999935312e+00,-2.839719271876735007e-01,3.375099789504040215e-01,7.758962212867471786e-01
4.793999999999935646e+00,-2.836806006223826504e-01,3.375233943042167395e-01,7.776992303888664582e-01
4.794999999999935980e+00,-2.833894563588886806e-01,3.375365367146074824e-01,7.795114380004172228e-01
4.795999999999936314e+00,-2.830984996085308403e-01,3.375494063231779807e-01,7.813327737335175049e-01
4.796999999999936648e+00,-2.828077355757707689e-01,3.375620032457639086e-01,7.831631667384804096e-01
4.797999999999936982e+00,-2.825171694578867410e-01,3.375743275727388637e-01,7.850025457039366827e-01
4.798999999999937316e+00,-2.822268064446674662e-01,3.375863793693112402e-01,7.868508388570354395e-01
4.799999999999937650e+00,-2.819366517181055576e-01,3.375981586758185493e-01,7.887079739637221643e-01
4.800999999999937984e+00,-2.816467104520914422e-01,3.376096655080179643e-01,7.905738783290930938e-01
4.801999999999938318e+00,-2.813569878121061629e-01,3.376208998573750897e-01,7.924484787978259837e-01
4.802999999999938652e+00,-2.810674889549152899e-01,3.376318616913510651e-01,7.943317017546865921e-01
4.803999999999938986e+00,-2.807782190282626100e-01,3.376425509536901126e-01,7.962234731251093267e-01
4.804999999999939320e+00,-2.804891831705630389e-01,3.376529675647059747e-01,7.981237183758532749e-01
4.805999999999939654e+00,-2.802003865105973102e-01,3.376631114215707941e-01,8.000323625157316210e-01
4.806999999999939988e+00,-2.799118341672058863e-01,3.376729823986042156e-01,8.019493300964146698e-01
4.807999999999940322e+00,-2.796235312489825375e-01,3.376825803475654864e-01,8.038745452133053693e-01
4.808999999999940655e+00,-2.793354828539692525e-01,3.376919050979474424e-01,8.058079315064878845e-01
4.809999999999940989e+00,-2.790476940693502605e-01,3.377009564572740485e-01,8.077494121617475598e-01
4.810999999999941323e+00,-2.787601699711466097e-01,3.377097342114007139e-01,8.096989099116624899e-01
4.811999999999941657e+00,-2.784729156239105219e-01,3.377182381248190479e-01,8.116563470367655908e-01
4.812999999999941991e+00,-2.781859360804207482e-01,3.377264679409651693e-01,8.136216453667777238e-01
4.813999999999942325e+00,-2.778992363813632682e-01,3.377344233825170239e-01,8.155947262818422638e-01
4.814999999999942659e+00,-2.776128215545787814e-01,3.377421041511862176e-01,8.175755107109191622e-01
4.815999999999942993e+00,-2.773266966143381751e-01,3.377495099275443780e-01,8.195639191278740743e-01
4.816999999999943327e+00,-2.770408665606689524e-01,3.377566403709127973e-01,8.215598715519557560e-01
4.817999999999943661e+00,-2.767553363791538379e-01,3.377634951198079660e-01,8.235632875495825234e-01
4.818999999999943995e+00,-2.764701110666820671e-01,3.377700738206644848e-01,8.255740863210970781e-01
4.819999999999944329e+00,-2.761851956673161412e-01,3.377763761680437904e-01,8.275921869208895387e-01
4.820999999999944663e+00,-2.759005953003008660e-01,3.377824019366383324e-01,8.296175083293658714e-01
4.821999999999944997e+00,-2.756163151572876835e-01,3.377881509800590987e-01,8.316499694531384046e-01
4.822999999999945331e+00,-2.753323604988625606e-01,3.377936232288181184e-01,8.336894891255172135e-01
4.823999999999945665e+00,-2.750487366527019084e-01,3.377988186900642287e-01,8.357359861072883866e-01
4.824999999999945999e+00,-2.747654490117283910e-01,3.378037374473101817e-01,8.377893790877659619e-01
4.825999999999946333e+00,-2.744825030322661785e-01,3.378083796601510924e-01,8.398495866861029890e-01
4.826999999999946667e+00,-2.741999042322003088e-01,3.378127455639725607e-01,8.419165274528480625e-01
4.827999999999947001e+00,-2.739176581891404894e-01,3.378168354696515774e-01,8.439901198717335573e-01
4.828999999999947335e+00,-2.736357705385911165e-01,3.378206497632473271e-01,8.460702823616818025e-01
4.829999999999947669e+00,-2.733542469721305102e-01,3.378241889056847747e-01,8.481569332790150906e-01
4.830999999999948002e+00,-2.730730932355993623e-01,3.378274534324299250e-01,8.502499909198555361e-01
4.831999999999948336e+00,-2.727923151273030644e-01,3.378304439531575332e-01,8.523493735227016810e-01
4.832999999999948670e+00,-2.725119184962265795e-01,3.378331611514109323e-01,8.544549992711667485e-01
4.833999999999949004e+00,-2.722319092402670782e-01,3.378356057842557547e-01,8.565667862968656676e-01
4.834999999999949338e+00,-2.719522933044831170e-01,3.378377786819257711e-01,8.586846526824362114e-01
4.835999999999949672e+00,-2.716730766793653551e-01,3.378396807474635111e-01,8.608085164646810394e-01
4.836999999999950006e+00,-2.713942653991285869e-01,3.378413129563548889e-01,8.629382956378158775e-01
4.837999999999950340e+00,-2.711158655400284223e-01,3.378426763561578339e-01,8.650739081568102895e-01
4.838999999999950674e+00,-2.708378832187039453e-01,3.378437720661269239e-01,8.672152719408070531e-01
4.839999999999951008e+00,-2.705603245905492393e-01,3.378446012768326900e-01,8.693623048766055961e-01
4.840999999999951342e+00,-2.702831958481151098e-01,3.378451652497782565e-01,8.715149248221950584e-01
4.841999999999951676e+00,-2.700065032195444470e-01,3.378454653170120947e-01,8.736730496103237709e-01
4.842999999999952010e+00,-2.697302529670427829e-01,3.378455028807381133e-01,8.758365970520887167e-01
4.843999999999952344e+00,-2.694544513853854850e-01,3.378452794129245262e-01,8.780054849405324324e-01
4.844999999999952678e+00,-2.691791048004668063e-01,3.378447964549108340e-01,8.801796310542301383e-01
4.845999999999953012e+00,-2.689042195678903457e-01,3.378440556170159148e-01,8.823589531608539982e-01
4.846999999999953346e+00,-2.686298020716061385e-01,3.378430585781450057e-01,8.845433690206974120e-01
4.847999999999953680e+00,-2.683558587225952641e-01,3.378418070853996813e-01,8.867327963901447951e-01
4.848999999999954014e+00,-2.680823959576059679e-01,3.378403029536900526e-01,8.889271530250695275e-01
4.849999999999954348e+00,-2.678094202379439626e-01,3.378385480653510742e-01,8.911263566841441941e-01
4.850999999999954682e+00,-2.675369380483207937e-01,3.378365443697631809e-01,8.933303251320460214e-01
4.851999999999955016e+00,-2.672649558957623794e-01,3.378342938829813624e-01,8.955389761425390782e-01
4.852999999999955349e+00,-2.669934803085822761e-01,3.378317986873704548e-01,8.977522275014155895e-01
4.853999999999955683e+00,-2.667225178354235560e-01,3.378290609312516457e-01,8.999699970092772672e-01
4.854999999999956017e+00,-2.664520750443722941e-01,3.378260828285604145e-01,9.021922024841372290e-01
4.855999999999956351e+00,-2.661821585221465503e-01,3.378228666585187945e-01,9.044187617638210774e-01
4.856999999999956685e+00,-2.659127748733670638e-01,3.378194147653232893e-01,9.066495927081471562e-01
4.857999999999957019e+00,-2.656439307199119915e-01,3.378157295578526620e-01,9.088846132008624457e-01
4.858999999999957353e+00,-2.653756327003605753e-01,3.378118135093971519e-01,9.111237411513121165e-01
4.859999999999957687e+00,-2.651078874695327325e-01,3.378076691574120050e-01,9.133668944958182045e-01
4.860999999999958021e+00,-2.648407016981255691e-01,3.378032991032999810e-01,9.156139911987418722e-01
4.861999999999958355e+00,-2.645740820724558073e-01,3.377987060122262797e-01,9.178649492532052756e-01
4.862999999999958689e+00,-2.643080352943109057e-01,3.377938926129682162e-01,9.201196866814443931e-01
4.863999999999959023e+00,-2.640425680809145303e-01,3.377888616978058645e-01,9.223781215347672813e-01
4.864999999999959357e+00,-2.637776871650115984e-01,3.377836161224578859e-01,9.246401718930903346e-01
4.865999999999959691e+00,-2.635133992950772219e-01,3.377781588060660978e-01,9.269057558640241279e-01
4.866999999999960025e+00,-2.632497112356547708e-01,3.377724927312347747e-01,9.291747915814839720e-01
4.867999999999960359e+00,-2.629866297678263853e-01,3.377666209441296807e-01,9.314471972037982050e-01
4.868999999999960693e+00,-2.627241616898197130e-01,3.377605465546409391e-01,9.337228909112917918e-01
4.869999999999961027e+00,-2.624623138177519799e-01,3.377542727366141806e-01,9.360017909033246930e-01
4.870999999999961361e+00,-2.622010929865145057e-01,3.377478027281562989e-01,9.382838153947700155e-01
4.871999999999961695e+00,-2.619405060507945526e-01,3.377411398320149249e-01,9.405688826119222856e-01
4.872999999999962029e+00,-2.616805598862325111e-01,3.377342874160381703e-01,9.428569107878355116e-01
4.873999999999962363e+00,-2.614212613907097582e-01,3.377272489137114198e-01,9.451478181571010273e-01
4.874999999999962697e+00,-2.611626174857560878e-01,3.377200278247701748e-01,9.474415229500898761e-01
4.875999999999963030e+00,-2.609046351180661638e-01,3.377126277158846168e-01,9.497379433867005893e-01
4.876999999999963364e+00,-2.606473212611053469e-01,3.377050522214053441e-01,9.520369976696756442e-01
4.877999999999963698e+00,-2.603906829167838000e-01,3.376973050441575142e-01,9.543386039775746399e-01
4.878999999999964032e+00,-2.601347271171678965e-01,3.376893899562625201e-01,9.566426804575203224e-01
4.879999999999964366e+00,-2.598794609261957378e-01,3.376813107999614427e-01,9.589491452178704467e-01
4.880999999999964700e+00,-2.596248914413503694e-01,3.376730714884054185e-01,9.612579163210014377e-01
4.881999999999965034e+00,-2.593710257952442921e-01,3.376646760063700681e-01,9.635689117764326683e-01
4.882999999999965368e+00,-2.591178711570547577e-01,3.376561284108405836e-01,9.658820495345584733e-01
4.883999999999965702e+00,-2.588654347337480122e-01,3.376474328314083007e-01,9.681972474812943208e-01
4.884999999999966036e+00,-2.586137237710229853e-01,3.376385934704064784e-01,9.705144234339760922e-01
4.885999999999966370e+00,-2.583627455539030393e-01,3.376296146027102374e-01,9.728334951388758478e-01
4.886999999999966704e+00,-2.581125074069057224e-01,3.376205005751197197e-01,9.751543802707066666e-01
4.887999999999967038e+00,-2.578630166937213586e-01,3.376112558052445367e-01,9.774769964344786066e-01
4.888999999999967372e+00,-2.576142808163446318e-01,3.376018847798140099e-01,9.798012611700349650e-01
4.889999999999967706e+00,-2.573663072136129770e-01,3.375923920523489219e-01,9.821270919595340709e-01
4.890999999999968040e+00,-2.571191033591265773e-01,3.375827822401454847e-01,9.844544062380524707e-01
4.891999999999968374e+00,-2.568726767585458592e-01,3.375730600205524290e-01,9.867831214073622403e-01
4.892999999999968708e+00,-2.566270349462909106e-01,3.375632301265467650e-01,9.891131548527940520e-01
4.893999999999969042e+00,-2.563821854816923373e-01,3.375532973416547344e-01,9.914444239629380817e-01
4.894999999999969376e+00,-2.561381359446724959e-01,3.375432664942983330e-01,9.937768461517717533e-01
4.895999999999969710e+00,-2.558948939310552451e-01,3.375331424516863077e-01,9.961103388826553218e-01
4.896999999999970044e+00,-2.556524670476262306e-01,3.375229301133993998e-01,9.984448196935106212e-01
4.897999999999970377e+00,-2.554108629070703795e-01,3.375126344048428040e-01,1.000780206222413815e+00
4.898999999999970711e+00,-2.551700891229190526e-01,3.375022602707521413e-01,1.003116416232798569e+00
4.899999999999971045e+00,-2.549301533046304247e-01,3.374918126689429032e-01,1.005453367637479722e+00
4.900999999999971379e+00,-2.546910630529130026e-01,3.374812965644771179e-01,1.007790978520779479e+00
4.901999999999971713e+00,-2.544528259553813232e-01,3.374707169244042237e-01,1.010129167158145824e+00
4.902999999999972047e+00,-2.542154495826088878e-01,3.374600787131998292e-01,1.012467852032798321e+00
4.903999999999972381e+00,-2.539789414846176374e-01,3.374493868889903991e-01,1.014806951849093863e+00
4.904999999999972715e+00,-2.537433091878165126e-01,3.374386464006149389e-01,1.017146385542469611e+00
4.905999999999973049e+00,-2.535085601923842136e-01,3.374278621855374416e-01,1.019486072285969103e+00
4.906999999999973383e+00,-2.532747019700686275e-01,3.374170391685911152e-01,1.021825931493495210e+00
4.907999999999973717e+00,-2.530417419623638420e-01,3.374061822615080919e-01,1.024165882820029960e+00
4.908999999999974051e+00,-2.528096875790184495e-01,3.373952963631660085e-01,1.026505846159145863e+00
4.909999999999974385e+00,-2.525785461968227397e-01,3.373843863604728543e-01,1.028845741638174882e+00
4.910999999999974719e+00,-2.523483251586228215e-01,3.373734571297963836e-01,1.031185489611425865e+00
4.911999999999975053e+00,-2.521190317725104935e-01,3.373625135388498286e-01,1.033525010651836995e+00
4.912999999999975387e+00,-2.518906733111445639e-01,3.373515604489416564e-01,1.035864225541436978e+00
4.913999999999975721e+00,-2.516632570111619893e-01,3.373406027175047672e-01,1.038203055260957575e+00
4.914999999999976055e+00,-2.514367900726448557e-01,3.373296452008278656e-01,1.040541420978903009e+00
4.915999999999976389e+00,-2.512112796586154495e-01,3.373186927569190585e-01,1.042879244040341602e+00
4.916999999999976723e+00,-2.509867328945353249e-01,3.373077502484440604e-01,1.045216445955647222e+00
4.917999999999977057e+00,-2.507631568677931577e-01,3.372968225456854929e-01,1.047552948389372185e+00
4.918999999999977391e+00,-2.505405586271676199e-01,3.372859145294846428e-01,1.049888673149405482e+00
4.919999999999977724e+00,-2.503189451822570577e-01,3.372750310941290408e-01,1.052223542176526694e+00
4.920999999999978058e+00,-2.500983235028709784e-01,3.372641771501623253e-01,1.054557477534447285e+00
4.921999999999978392e+00,-2.498787005183806809e-01,3.372533576270941857e-01,1.056890401400397916e+00
4.922999999999978726e+00,-2.496600831170280310e-01,3.372425774759970629e-01,1.059222236056305722e+00
4.923999999999979060e+00,-2.494424781451944906e-01,3.372318416719785050e-01,1.061552903880585319e+00
4.924999999999979394e+00,-2.492258924066317327e-01,3.372211552165242932e-01,1.063882327340553546e+00
4.925999999999979728e+00,-2.490103326616566193e-01,3.372105231397081182e-01,1.066210428985469250e+00
4.926999999999980062e+00,-2.487958056263152029e-01,3.371999505022672539e-01,1.068537131440189469e+00
4.927999999999980396e+00,-2.485823179715179743e-01,3.371894423975465571e-01,1.070862357399428255e+00
4.928999999999980730e+00,-2.483698763221521277e-01,3.371790039533122396e-01,1.073186029622598125e+00
4.929999999999981064e+00,-2.481584872561723998e-01,3.371686403334404059e-01,1.075508070929213966e+00
4.930999999999981398e+00,-2.479481573036759201e-01,3.371583567394843550e-01,1.077828404194834722e+00
4.931999999999981732e+00,-2.477388929459644062e-01,3.371481584121275299e-01,1.080146952347518452e+00
4.932999999999982066e+00,-2.475307006145960331e-01,3.371380506325262205e-01,1.082463638364767666e+00
4.933999999999982400e+00,-2.473235866904314184e-01,3.371280387235487952e-01,1.084778385270937173e+00
4.934999999999982734e+00,-2.471175575026750559e-01,3.371181280509187861e-01,1.087091116135084468e+00
4.935999999999983068e+00,-2.469126193279163051e-01,3.371083240242666035e-01,1.089401754069237338e+00
4.936999999999983402e+00,-2.467087783891713793e-01,3.370986320980966511e-01,1.091710222227058935e+00
4.937999999999983736e+00,-2.465060408549282212e-01,3.370890577726773918e-01,1.094016443802890315e+00
4.938999999999984070e+00,-2.463044128381967068e-01,3.370796065948585829e-01,1.096320342031150918e+00
4.939999999999984404e+00,-2.461039003955660665e-01,3.370702841588232301e-01,1.098621840186082332e+00
4.940999999999984738e+00,-2.459045095262702985e-01,3.370610961067809219e-01,1.100920861581819343e+00
4.941999999999985071e+00,-2.457062461712633539e-01,3.370520481296059856e-01,1.103217329572774741e+00
4.942999999999985405e+00,-2.455091162123059778e-01,3.370431459674300134e-01,1.105511167554328322e+00
4.943999999999985739e+00,-2.453131254710639864e-01,3.370343954101919781e-01,1.107802298963808108e+00
4.944999999999986073e+00,-2.451182797082213094e-01,3.370258022981534873e-01,1.110090647281758214e+00
4.945999999999986407e+00,-2.449245846226066892e-01,3.370173725223841732e-01,1.112376136033485619e+00
4.946999999999986741e+00,-2.447320458503369212e-01,3.370091120252252104e-01,1.114658688790883367e+00
4.947999999999987075e+00,-2.445406689639760822e-01,3.370010268007349596e-01,1.116938229174526898e+00
4.948999999999987409e+00,-2.443504594717147427e-01,3.369931228951241753e-01,1.119214680856042810e+00
4.949999999999987743e+00,-2.441614228165670530e-01,3.369854064071896582e-01,1.121487967560752974e+00
4.950999999999988077e+00,-2.439735643755900352e-01,3.369778834887485752e-01,1.123758013070596418e+00
4.951999999999988411e+00,-2.437868894591246338e-01,3.369705603450857678e-01,1.126024741227334092e+00
4.952999999999988745e+00,-2.436014033100621923e-01,3.369634432354182696e-01,1.128288075936045631e+00
4.953999999999989079e+00,-2.434171111031357970e-01,3.369565384733869129e-01,1.130547941168926318e+00
4.954999999999989413e+00,-2.432340179442414874e-01,3.369498524275817974e-01,1.132804260969394239e+00
4.955999999999989747e+00,-2.430521288697885529e-01,3.369433915221113907e-01,1.135056959456524295e+00
4.956999999999990081e+00,-2.428714488460841370e-01,3.369371622372241415e-01,1.137305960829818385e+00
4.957999999999990415e+00,-2.426919827685848352e-01,3.369311711097436879e-01,1.139551189373503082e+00
4.958999999999990749e+00,-2.425137354605405582e-01,3.369254247326222140e-01,1.141792569455563511e+00
4.959999999999991083e+00,-2.423367116719211678e-01,3.369199297549252403e-01,1.144030025528554928e+00
4.960999999999991417e+00,-2.421609160786964976e-01,3.369146928823583131e-01,1.146263482135602363e+00
4.961999999999991751e+00,-2.419863532825220487e-01,3.369097208784127551e-01,1.148492863917097928e+00
4.962999999999992085e+00,-2.418130278103676201e-01,3.369050205654545715e-01,1.150718095617764947e+00
4.963999999999992419e+00,-2.416409441141789127e-01,3.369005988258851891e-01,1.152939102094048485e+00
4.964999999999992752e+00,-2.414701065705568972e-01,3.368964626033489340e-01,1.155155808321754130e+00
4.965999999999993086e+00,-2.413005194804319631e-01,3.368926189039475050e-01,1.157368139403798457e+00
4.966999999999993420e+00,-2.411321870686926605e-01,3.368890747973893873e-01,1.159576020577841593e+00
4.967999999999993754e+00,-2.409651134837018649e-01,3.368858374179645176e-01,1.161779377223431053e+00
4.968999999999994088e+00,-2.407993027965886768e-01,3.368829139651644544e-01,1.163978134868060677e+00
4.969999999999994422e+00,-2.406347584150030361e-01,3.368803111222180569e-01,1.166172217353094398e+00
4.970999999999994756e+00,-2.404714832772030242e-01,3.368780352691005398e-01,1.168361544806095331e+00
4.971999999999995090e+00,-2.403094797839494534e-01,3.368760924217979458e-01,1.170546037979407927e+00
4.972999999999995424e+00,-2.401487507210090522e-01,3.368744891529017460e-01,1.172725619025536625e+00
4.973999999999995758e+00,-2.399892990364638212e-01,3.368732323539413986e-01,1.174900211358872237e+00
4.974999999999996092e+00,-2.398311278151605830e-01,3.368723291973124701e-01,1.177069739527007775e+00
4.975999999999996426e+00,-2.396742402554290496e-01,3.368717870982705920e-01,1.179234129088525762e+00
4.976999999999996760e+00,-2.395186396476834956e-01,3.368716136749867474e-01,1.181393306492751538e+00
4.977999999999997094e+00,-2.393643293542145889e-01,3.368718167037220157e-01,1.183547198954566282e+00
4.978999999999997428e+00,-2.392113127888471080e-01,3.368724040650571405e-01,1.185695734313698013e+00
4.979999999999997762e+00,-2.390595933940324880e-01,3.368733836767869860e-01,1.187838840864134715e+00
4.980999999999998096e+00,-2.389091746116793757e-01,3.368747634127678969e-01,1.189976447141529947e+00
4.981999999999998430e+00,-2.387600598444189481e-01,3.368765510184807965e-01,1.192108481677483400e+00
4.982999999999998764e+00,-2.386122524085498853e-01,3.368787540477106157e-01,1.194234872769732281e+00
4.983999999999999098e+00,-2.384657554864494378e-01,3.368813798423566652e-01,1.196355548333338126e+00
4.984999999999999432e+00,-2.383205720879196798e-01,3.368844355551973146e-01,1.198470435853425053e+00
4.985999999999999766e+00,-2.381767050246615947e-01,3.368879281944028303e-01,1.200579462405209297e+00
4.987000000000000099e+00,-2.380341568953674436e-01,3.368918646676400952e-01,1.202682554697657835e+00
4.988000000000000433e+00,-2.378929300767006483e-01,3.368962518162460507e-01,1.204779639115897361e+00
4.989000000000000767e+00,-2.377530267167724531e-01,3.369010964391827567e-01,1.206870641753811979e+00
4.990000000000001101e+00,-2.376144487293753160e-01,3.369064053090646826e-01,1.208955488435753178e+00
4.991000000000001435e+00,-2.374771977881909857e-01,3.369121851824946612e-01,1.211034104728778926e+00
4.992000000000001769e+00,-2.373412753206550763e-01,3.369184428064478931e-01,1.213106415947439842e+00
4.993000000000002103e+00,-2.372066825013885438e-01,3.369251849220420425e-01,1.215172347153118393e+00
4.994000000000002437e+00,-2.370734202452196016e-01,3.369324182667140510e-01,1.217231823149729442e+00
4.995000000000002771e+00,-2.369414894590420317e-01,3.369401497291304448e-01,1.219284769069889363e+00
4.996000000000003105e+00,-2.368108913774766844e-01,3.369483865326156069e-01,1.221331112858332402e+00
4.997000000000003439e+00,-2.366816276042479350e-01,3.369571362440172413e-01,1.223370783862322897e+00
4.998000000000003773e+00,-2.365536996446987450e-01,3.369664064750624854e-01,1.225403711659913686e+00
4.999000000000004107e+00,-2.364271088613986160e-01,3.369762048548418099e-01,1.227429826065701945e+00
5.000000000000004441e+00,-2.363018565070355015e-01,3.369865390456893151e-01,1.229449057136469126e+00
5.001000000000004775e+00,-2.361779437253470615e-01,3.369974167398648301e-01,1.231461335176632366e+00
5.002000000000005109e+00,-2.360553715519175810e-01,3.370088456563353763e-01,1.233466590743491631e+00
5.003000000000005443e+00,-2.359341409148399960e-01,3.370208335376723152e-01,1.235464754652285002e+00
5.004000000000005777e+00,-2.358142526352499102e-01,3.370333881470743975e-01,1.237455757981075655e+00
5.005000000000006111e+00,-2.356957074277442610e-01,3.370465172655160435e-01,1.239439532075492290e+00
5.006000000000006445e+00,-2.355785059006978432e-01,3.370602286890193033e-01,1.241416008553348549e+00
5.007000000000006779e+00,-2.354626485564933480e-01,3.370745302260469423e-01,1.243385119309160736e+00
5.008000000000007113e+00,-2.353481357916787919e-01,3.370894296950068814e-01,1.245346796518578714e+00
5.009000000000007446e+00,-2.352349678970671043e-01,3.371049349218638858e-01,1.247300972642741979e+00
5.010000000000007780e+00,-2.351231450577891957e-01,3.371210537378503957e-01,1.249247580432570004e+00
5.011000000000008114e+00,-2.350126673533151633e-01,3.371377939772698396e-01,1.251186552932989526e+00
5.012000000000008448e+00,-2.349035347574514043e-01,3.371551634753864324e-01,1.253117823487100324e+00
5.013000000000008782e+00,-2.347957471383268491e-01,3.371731700663952447e-01,1.255041325740276159e+00
5.014000000000009116e+00,-2.346893042583754196e-01,3.371918215814672104e-01,1.256956993644195553e+00
5.015000000000009450e+00,-2.345842057743233733e-01,3.372111258468656336e-01,1.258864761460791959e+00
5.016000000000009784e+00,-2.344804512371909677e-01,3.372310906821275323e-01,1.260764563766108459e+00
5.017000000000010118e+00,-2.343780400923130003e-01,3.372517238983082644e-01,1.262656335454042988e+00
5.018000000000010452e+00,-2.342769716793865475e-01,3.372730332962855515e-01,1.264540011739958780e+00
5.019000000000010786e+00,-2.341772452325513454e-01,3.372950266651186801e-01,1.266415528164136495e+00
5.020000000000011120e+00,-2.340788598805074727e-01,3.373177117804633252e-01,1.268282820595038052e+00
5.021000000000011454e+00,-2.339818146466757787e-01,3.373410964030363335e-01,1.270141825232344424e+00
5.022000000000011788e+00,-2.338861084494062714e-01,3.373651882771326882e-01,1.271992478609729416e+00
5.023000000000012122e+00,-2.337917401022371333e-01,3.373899951291908783e-01,1.273834717597321919e+00
5.024000000000012456e+00,-2.336987083142085808e-01,3.374155246664072294e-01,1.275668479403803790e+00
5.025000000000012790e+00,-2.336070116902347893e-01,3.374417845753990841e-01,1.277493701578085616e+00
5.026000000000013124e+00,-2.335166487315369910e-01,3.374687825209183867e-01,1.279310322010493994e+00
5.027000000000013458e+00,-2.334276178361388565e-01,3.374965261446145615e-01,1.281118278933396581e+00
5.028000000000013792e+00,-2.333399172994281567e-01,3.375250230638533466e-01,1.282917510921183668e+00
5.029000000000014126e+00,-2.332535453147827065e-01,3.375542808705893627e-01,1.284707956889515890e+00
5.030000000000014460e+00,-2.331684999742643649e-01,3.375843071303008536e-01,1.286489556093740383e+00
5.031000000000014793e+00,-2.330847792693795384e-01,3.376151093809897086e-01,1.288262248126366138e+00
5.032000000000015127e+00,-2.330023810919055194e-01,3.376466951322532051e-01,1.290025972913481533e+00
5.033000000000015461e+00,-2.329213032347808854e-01,3.376790718644357980e-01,1.291780670709988588e+00
5.034000000000015795e+00,-2.328415433930576262e-01,3.377122470278685062e-01,1.293526282093518720e+00
5.035000000000016129e+00,-2.327630991649120018e-01,3.377462280422068863e-01,1.295262747956889227e+00
5.036000000000016463e+00,-2.326859680527066931e-01,3.377810222958790298e-01,1.296990009498953045e+00
5.037000000000016797e+00,-2.326101474641020239e-01,3.378166371456542416e-01,1.298708008213696141e+00
5.038000000000017131e+00,-2.325356347132051527e-01,3.378530799163467213e-01,1.300416685877438638e+00
5.039000000000017465e+00,-2.324624270217520161e-01,3.378903579006663493e-01,1.302115984534006010e+00
5.040000000000017799e+00,-2.323905215203095898e-01,3.379284783592301222e-01,1.303805846477762209e+00
5.041000000000018133e+00,-2.323199152494922481e-01,3.379674485207431189e-01,1.305486214234425901e+00
5.042000000000018467e+00,-2.322506051611782363e-01,3.380072755823586572e-01,1.307157030539645381e+00
5.043000000000018801e+00,-2.321825881197208119e-01,3.380479667102181951e-01,1.308818238315383908e+00
5.044000000000019135e+00,-2.321158609031458431e-01,3.380895290401675357e-01,1.310469780644264670e+00
5.045000000000019469e+00,-2.320504202043329744e-01,3.381319696786313500e-01,1.312111600742159823e+00
5.046000000000019803e+00,-2.319862626321861354e-01,3.381752957036180396e-01,1.313743641929480122e+00
5.047000000000020137e+00,-2.319233847128053805e-01,3.382195141658025372e-01,1.315365847601828397e+00
5.048000000000020471e+00,-2.318617828906841538e-01,3.382646320896154357e-01,1.316978161200924369e+00
5.049000000000020805e+00,-2.318014535299763867e-01,3.383106564742416333e-01,1.318580526186986512e+00
5.050000000000021139e+00,-2.317423929158892726e-01,3.383575942943950476e-01,1.320172886014039149e+00
5.051000000000021473e+00,-2.316845972562815437e-01,3.384054525007137437e-01,1.321755184109884906e+00
5.052000000000021807e+00,-2.316280626835671708e-01,3.384542380195885158e-01,1.323327363862696116e+00
5.053000000000022141e+00,-2.315727852570336198e-01,3.385039577522231946e-01,1.324889368616284147e+00
5.054000000000022474e+00,-2.315187609656981227e-01,3.385546185727207336e-01,1.326441141676047764e+00
5.055000000000022808e+00,-2.314659857318116520e-01,3.386062273250057819e-01,1.327982626327319338e+00
5.056000000000023142e+00,-2.314144554150999733e-01,3.386587908184445217e-01,1.329513765867294639e+00
5.057000000000023476e+00,-2.313641658172110871e-01,3.387123158211633456e-01,1.331034503647974709e+00
5.058000000000023810e+00,-2.313151126863068896e-01,3.387668090510338459e-01,1.332544783124801180e+00
5.059000000000024144e+00,-2.312672917226273883e-01,3.388222771659590293e-01,1.334044547922894175e+00
5.060000000000024478e+00,-2.312206985853243468e-01,3.388787267544904891e-01,1.335533741916957728e+00
5.061000000000024812e+00,-2.311753288996796218e-01,3.389361643261346035e-01,1.337012309316502057e+00
5.062000000000025146e+00,-2.311311782641387591e-01,3.389945963013623054e-01,1.338480194752221797e+00
5.063000000000025480e+00,-2.310882422568962813e-01,3.390540290019016245e-01,1.339937343359336230e+00
5.064000000000025814e+00,-2.310465164417081496e-01,3.391144686417403298e-01,1.341383700854072769e+00
5.065000000000026148e+00,-2.310059963726511789e-01,3.391759213192020450e-01,1.342819213600230599e+00
5.066000000000026482e+00,-2.309666775976291220e-01,3.392383930103608503e-01,1.344243828663751916e+00
5.067000000000026816e+00,-2.309285556605139567e-01,3.393018895639478005e-01,1.345657493854296671e+00
5.068000000000027150e+00,-2.308916261019036131e-01,3.393664166977935492e-01,1.347060157753821485e+00
5.069000000000027484e+00,-2.308558844585590908e-01,3.394319799967546736e-01,1.348451769732985195e+00
5.070000000000027818e+00,-2.308213262616503059e-01,3.394985849119973587e-01,1.349832279956798553e+00
5.071000000000028152e+00,-2.307879470339800898e-01,3.395662367614667998e-01,1.351201639381278241e+00
5.072000000000028486e+00,-2.307557422863829588e-01,3.396349407313442592e-01,1.352559799742995672e+00
5.073000000000028820e+00,-2.307247075134948311e-01,3.397047018782943795e-01,1.353906713543369555e+00
5.074000000000029154e+00,-2.306948381890859823e-01,3.397755251323133496e-01,1.355242334029391316e+00
5.075000000000029488e+00,-2.306661297611269923e-01,3.398474153000133891e-01,1.356566615172245305e+00
5.076000000000029821e+00,-2.306385776467372306e-01,3.399203770682021064e-01,1.357879511645032178e+00
5.077000000000030155e+00,-2.306121772271381154e-01,3.399944150076457117e-01,1.359180978800551554e+00
5.078000000000030489e+00,-2.305869238427115109e-01,3.400695335769289285e-01,1.360470972649867827e+00
5.079000000000030823e+00,-2.305628127882373146e-01,3.401457371263515439e-01,1.361749449842181825e+00
5.080000000000031157e+00,-2.305398393083682995e-01,3.402230299018179638e-01,1.363016367646365579e+00
5.081000000000031491e+00,-2.305179985933800690e-01,3.403014160486983464e-01,1.364271683934381141e+00
5.082000000000031825e+00,-2.304972857752244364e-01,3.403808996156488798e-01,1.365515357166703359e+00
5.083000000000032159e+00,-2.304776959238985512e-01,3.404614845583933125e-01,1.366747346379788564e+00
5.084000000000032493e+00,-2.304592240441377671e-01,3.405431747434719547e-01,1.367967611175576970e+00
5.085000000000032827e+00,-2.304418650724331386e-01,3.406259739519716945e-01,1.369176111712973931e+00
5.086000000000033161e+00,-2.304256138743663307e-01,3.407098858832539046e-01,1.370372808701233236e+00
5.087000000000033495e+00,-2.304104652422557242e-01,3.407949141586938957e-01,1.371557663395145399e+00
5.088000000000033829e+00,-2.303964138930992833e-01,3.408810623254474592e-01,1.372730637591919045e+00
5.089000000000034163e+00,-2.303834544668009743e-01,3.409683338602530478e-01,1.373891693629638366e+00
5.090000000000034497e+00,-2.303715815246611953e-01,3.410567321732708157e-01,1.375040794387160537e+00
5.091000000000034831e+00,-2.303607895481086798e-01,3.411462606119456398e-01,1.376177903285303872e+00
5.092000000000035165e+00,-2.303510729376422317e-01,3.412369224648685861e-01,1.377302984289152210e+00
5.093000000000035499e+00,-2.303424260119460998e-01,3.413287209655802013e-01,1.378416001911260569e+00
5.094000000000035833e+00,-2.303348430071202602e-01,3.414216592962312502e-01,1.379516921215490299e+00
5.095000000000036167e+00,-2.303283180759517768e-01,3.415157405909674537e-01,1.380605707821119799e+00
5.096000000000036501e+00,-2.303228447853474803e-01,3.416109673381987344e-01,1.381682326902991642e+00
5.097000000000036835e+00,-2.303184161255219520e-01,3.417073414341184057e-01,1.382746741618702258e+00
5.098000000000037168e+00,-2.303150244960826543e-01,3.418048641871759274e-01,1.383798915696377252e+00
5.099000000000037502e+00,-2.303126625522655679e-01,3.419035373463643612e-01,1.384838814033574783e+00
5.100000000000037836e+00,-2.303113230353553975e-01,3.420033628740980491e-01,1.385866402652108365e+00
5.101000000000038170e+00,-2.303109987653016999e-01,3.421043429219430276e-01,1.386881648654919141e+00
5.102000000000038504e+00,-2.303116826340323442e-01,3.422064798063931823e-01,1.387884520184200277e+00
5.103000000000038838e+00,-2.303133675995059360e-01,3.423097759840190157e-01,1.388874986379725840e+00
5.104000000000039172e+00,-2.303160466804865525e-01,3.424142340251461469e-01,1.389853017336012853e+00
5.105000000000039506e+00,-2.303197129519131137e-01,3.425198565850090526e-01,1.390818584056523255e+00
5.106000000000039840e+00,-2.303243595405477517e-01,3.426266463711283849e-01,1.391771658402624956e+00
5.107000000000040174e+00,-2.303299796202764593e-01,3.427346061055632775e-01,1.392712213034589475e+00
5.108000000000040508e+00,-2.303365664059733309e-01,3.428437384809251975e-01,1.393640221341827967e+00
5.109000000000040842e+00,-2.303441131442509615e-01,3.429540461099999105e-01,1.394555657360520673e+00
5.110000000000041176e+00,-2.303526130989409504e-01,3.430655314709040171e-01,1.395458495679658961e+00
5.111000000000041510e+00,-2.303620595292539264e-01,3.431781968527443105e-01,1.396348711341587556e+00
5.112000000000041844e+00,-2.303724456598031933e-01,3.432920443093175900e-01,1.397226279748586597e+00
5.113000000000042178e+00,-2.303837646439110820e-01,3.434070756281851766e-01,1.398091176588776907e+00
5.114000000000042512e+00,-2.303960095236985417e-01,3.435232923185562726e-01,1.398943377789867437e+00
5.115000000000042846e+00,-2.304091731910318241e-01,3.436406956158655213e-01,1.399782859500547483e+00
5.116000000000043180e+00,-2.304232483522069552e-01,3.437592864971699136e-01,1.400609598092503960e+00
5.117000000000043514e+00,-2.304382274973472144e-01,3.438790657010843965e-01,1.401423570174193944e+00
5.118000000000043848e+00,-2.304541028740305642e-01,3.440000337478215098e-01,1.402224752609301239e+00
5.119000000000044182e+00,-2.304708664640429117e-01,3.441221909571035020e-01,1.403013122535627488e+00
5.120000000000044516e+00,-2.304885099621403199e-01,3.442455374632510390e-01,1.403788657382455618e+00
5.121000000000044849e+00,-2.305070247559211083e-01,3.443700732275620791e-01,1.404551334885850267e+00
5.122000000000045183e+00,-2.305264019061701308e-01,3.444957980484247839e-01,1.405301133102114131e+00
5.123000000000045517e+00,-2.305466321272543473e-01,3.446227115696883780e-01,1.406038030419963558e+00
5.124000000000045851e+00,-2.305677057673066743e-01,3.447508132877954434e-01,1.406762005572119945e+00
5.125000000000046185e+00,-2.305896127880527890e-01,3.448801025581150759e-01,1.407473037647029468e+00
5.126000000000046519e+00,-2.306123427442108298e-01,3.450105786008436093e-01,1.408171106101401726e+00
5.127000000000046853e+00,-2.306358856424225445e-01,3.451422409790216861e-01,1.408856191950267789e+00
5.128000000000047187e+00,-2.306602319689931013e-01,3.452750895914860063e-01,1.409528279387963101e+00
5.129000000000047521e+00,-2.306853729283779852e-01,3.454091247882929983e-01,1.410187353931245058e+00
5.130000000000047855e+00,-2.307112993895712449e-01,3.455443467877375996e-01,1.410833402021496541e+00
5.131000000000048189e+00,-2.307380020763748485e-01,3.456807557895229532e-01,1.411466411061637505e+00
5.132000000000048523e+00,-2.307654715619001928e-01,3.458183519772393133e-01,1.412086369456875046e+00
5.133000000000048857e+00,-2.307936982628927547e-01,3.459571355211229493e-01,1.412693266659373670e+00
5.134000000000049191e+00,-2.308226724338224845e-01,3.460971065810796166e-01,1.413287093216940127e+00
5.135000000000049525e+00,-2.308523841607208471e-01,3.462382653099584928e-01,1.413867840825791866e+00
5.136000000000049859e+00,-2.308828233547743913e-01,3.463806118570550430e-01,1.414435502387426435e+00
5.137000000000050193e+00,-2.309139797457195886e-01,3.465241463718167214e-01,1.414990072069507887e+00
5.138000000000050527e+00,-2.309458428751173242e-01,3.466688690077122104e-01,1.415531545370529054e+00
5.139000000000050861e+00,-2.309784020896182843e-01,3.468147799262133457e-01,1.416059919187786509e+00
5.140000000000051195e+00,-2.310116465343672321e-01,3.469618793008201196e-01,1.416575191887876617e+00
5.141000000000051529e+00,-2.310455651467322458e-01,3.471101673210441607e-01,1.417077363378463017e+00
5.142000000000051863e+00,-2.310801466494303291e-01,3.472596441944848511e-01,1.417566435173708950e+00
5.143000000000052196e+00,-2.311153795439828684e-01,3.474103101479339983e-01,1.418042410447369228e+00
5.144000000000052530e+00,-2.311512521055136826e-01,3.475621654285783180e-01,1.418505294088241664e+00
5.145000000000052864e+00,-2.311877523800743850e-01,3.477152103066630806e-01,1.418955092746949642e+00
5.146000000000053198e+00,-2.312248681832487218e-01,3.478694450774459934e-01,1.419391814860657908e+00
5.147000000000053532e+00,-2.312625870997199184e-01,3.480248700621492164e-01,1.419815470642960209e+00
5.148000000000053866e+00,-2.313008964831283487e-01,3.481814856079400444e-01,1.420226072019779240e+00
5.149000000000054200e+00,-2.313397834545057874e-01,3.483392920870085341e-01,1.420623632481846421e+00
5.150000000000054534e+00,-2.313792348958165768e-01,3.484982898951035635e-01,1.421008166807369966e+00
5.151000000000054868e+00,-2.314192374319715695e-01,3.486584794504541396e-01,1.421379690579841037e+00
5.152000000000055202e+00,-2.314597773890425536e-01,3.488198611950343864e-01,1.421738219377062462e+00
5.153000000000055536e+00,-2.315008407067813412e-01,3.489824356019780582e-01,1.422083767426026935e+00
5.154000000000055870e+00,-2.315424127691381173e-01,3.491462031958060264e-01,1.422416345395741466e+00
5.155000000000056204e+00,-2.315844781042188938e-01,3.493111645948245858e-01,1.422735956877314800e+00
5.156000000000056538e+00,-2.316270199342709279e-01,3.494773205800881799e-01,1.423042593232659137e+00
5.157000000000056872e+00,-2.316700197385977988e-01,3.496446721603657659e-01,1.423336227660147113e+00
5.158000000000057206e+00,-2.317134573934053199e-01,3.498132205225972235e-01,1.423616812303386547e+00
5.159000000000057540e+00,-2.317573125332640371e-01,3.499829667384162235e-01,1.423884284000094924e+00
5.160000000000057874e+00,-2.318015667656810885e-01,3.501539113006525428e-01,1.424138577848256038e+00
5.161000000000058208e+00,-2.318462052777878757e-01,3.503260536469072761e-01,1.424379638816123173e+00
5.162000000000058542e+00,-2.318912164236416329e-01,3.504993912090680341e-01,1.424607424245517562e+00
5.163000000000058876e+00,-2.319365913422458680e-01,3.506739202341849770e-01,1.424821902336305790e+00
5.164000000000059210e+00,-2.319823231732985880e-01,3.508496363684783237e-01,1.425023049885686177e+00
5.165000000000059543e+00,-2.320284066286768532e-01,3.510265353309105496e-01,1.425210849492242415e+00
5.166000000000059877e+00,-2.320748373402350406e-01,3.512046128575481152e-01,1.425385287642719545e+00
5.167000000000060211e+00,-2.321216115045287021e-01,3.513838647533765736e-01,1.425546353487711970e+00
5.168000000000060545e+00,-2.321687256500863938e-01,3.515642869144015581e-01,1.425694038072002900e+00
5.169000000000060879e+00,-2.322161764822858743e-01,3.517458753292658225e-01,1.425828333848124796e+00
5.170000000000061213e+00,-2.322639607771876946e-01,3.519286260663344601e-01,1.425949234363071749e+00
5.171000000000061547e+00,-2.323120753060096133e-01,3.521125352503415851e-01,1.426056734050636710e+00
5.172000000000061881e+00,-2.323605167783010517e-01,3.522975990318266692e-01,1.426150828088814881e+00
5.173000000000062215e+00,-2.324092817959744206e-01,3.524838135523182814e-01,1.426231512298415050e+00
5.174000000000062549e+00,-2.324583668131976477e-01,3.526711749081822278e-01,1.426298783069270604e+00
5.175000000000062883e+00,-2.325077680992951867e-01,3.528596791158982171e-01,1.426352637306524729e+00
5.176000000000063217e+00,-2.325574817034211650e-01,3.530493220810917432e-01,1.426393072392744266e+00
5.177000000000063551e+00,-2.326075034208822112e-01,3.532400995728661730e-01,1.426420086163063816e+00
5.178000000000063885e+00,-2.326578287615597151e-01,3.534320072040559868e-01,1.426433676890978219e+00
5.179000000000064219e+00,-2.327084529209942909e-01,3.536250404171668027e-01,1.426433843282422176e+00
5.180000000000064553e+00,-2.327593707582604754e-01,3.538191944782985709e-01,1.426420584504655142e+00
5.181000000000064887e+00,-2.328105767785768609e-01,3.540144644762196480e-01,1.426393900272667992e+00
5.182000000000065221e+00,-2.328620651182849999e-01,3.542108453237330368e-01,1.426353790884052009e+00
5.183000000000065555e+00,-2.329138295273766035e-01,3.544083317567850999e-01,1.426300257223857892e+00
5.184000000000065889e+00,-2.329658633537884382e-01,3.546069183345382791e-01,1.426233300769423451e+00
5.185000000000066223e+00,-2.330181595296193509e-01,3.548065994404461243e-01,1.426152923594647071e+00
5.186000000000066557e+00,-2.330707109654662768e-01,3.550073696284752334e-01,1.426059128612792604e+00
5.187000000000066890e+00,-2.331235112047681524e-01,3.552092241573481246e-01,1.425951920621460589e+00
5.188000000000067224e+00,-2.331765544489242670e-01,3.554121589887050403e-01,1.425831305746340760e+00
5.189000000000067558e+00,-2.332298348675351241e-01,3.556161701721071156e-01,1.425697290957804286e+00
5.190000000000067892e+00,-2.332833465121195715e-01,3.558212537691268773e-01,1.425549884062049300e+00
5.191000000000068226e+00,-2.333370833660090016e-01,3.560274058897824334e-01,1.425389093692996934e+00
5.192000000000068560e+00,-2.333910393460760790e-01,3.562346226877181055e-01,1.425214929304810196e+00
5.193000000000068894e+00,-2.334452083052317439e-01,3.564429003561687681e-01,1.425027401164916663e+00
5.194000000000069228e+00,-2.334995840354913144e-01,3.566522351245648981e-01,1.424826520347435954e+00
5.195000000000069562e+00,-2.335541602714489295e-01,3.568626232556606492e-01,1.424612298726933401e+00
5.196000000000069896e+00,-2.336089306940227761e-01,3.570740610430884754e-01,1.424384748972436832e+00
5.197000000000070230e+00,-2.336638889343655157e-01,3.572865448092634733e-01,1.424143884541666738e+00
5.198000000000070564e+00,-2.337190285778527610e-01,3.575000709035742741e-01,1.423889719675444754e+00
5.199000000000070898e+00,-2.337743431680820994e-01,3.577146357008130773e-01,1.423622269392249784e+00
5.200000000000071232e+00,-2.338298262108304826e-01,3.579302355998045249e-01,1.423341549482901147e+00
5.201000000000071566e+00,-2.338854711779306816e-01,3.581468670222028861e-01,1.423047576505349410e+00
5.202000000000071900e+00,-2.339412715110367191e-01,3.583645264114313500e-01,1.422740367779565140e+00
5.203000000000072234e+00,-2.339972206252569631e-01,3.585832102317458858e-01,1.422419941382509823e+00
5.204000000000072568e+00,-2.340533119126395611e-01,3.588029149674044627e-01,1.422086316143183593e+00
5.205000000000072902e+00,-2.341095387455014443e-01,3.590236371219304168e-01,1.421739511637739373e+00
5.206000000000073236e+00,-2.341658944795934616e-01,3.592453732174567538e-01,1.421379548184658281e+00
5.207000000000073570e+00,-2.342223724571008692e-01,3.594681197941436146e-01,1.421006446839977677e+00
5.208000000000073904e+00,-2.342789660094780624e-01,3.596918734096592463e-01,1.420620229392568046e+00
5.209000000000074238e+00,-2.343356684601197726e-01,3.599166306387165948e-01,1.420220918359450746e+00
5.210000000000074571e+00,-2.343924731268723916e-01,3.601423880726593030e-01,1.419808536981152836e+00
5.211000000000074905e+00,-2.344493733243893097e-01,3.603691423190907850e-01,1.419383109217091654e+00
5.212000000000075239e+00,-2.345063623663363739e-01,3.605968900015374956e-01,1.418944659740985603e+00
5.213000000000075573e+00,-2.345634335674523507e-01,3.608256277591440631e-01,1.418493213936284247e+00
5.214000000000075907e+00,-2.346205802454718325e-01,3.610553522463888498e-01,1.418028797891613291e+00
5.215000000000076241e+00,-2.346777957229151390e-01,3.612860601328168331e-01,1.417551438396228436e+00
5.216000000000076575e+00,-2.347350733287538738e-01,3.615177481027819217e-01,1.417061162935474350e+00
5.217000000000076909e+00,-2.347924063999563549e-01,3.617504128551886078e-01,1.416557999686241853e+00
5.218000000000077243e+00,-2.348497882829219119e-01,3.619840511032293984e-01,1.416041977512420003e+00
5.219000000000077577e+00,-2.349072123348063812e-01,3.622186595741042625e-01,1.415513125960337293e+00
5.220000000000077911e+00,-2.349646719247484583e-01,3.624542350087167630e-01,1.414971475254187760e+00
5.221000000000078245e+00,-2.350221604343919468e-01,3.626907741605579494e-01,1.414417056289027919e+00
5.222000000000078579e+00,-2.350796712564172664e-01,3.629282737921299962e-01,1.413849900610518295e+00
5.223000000000078913e+00,-2.351371977937862789e-01,3.631667306723536104e-01,1.413270040399566829e+00
5.224000000000079247e+00,-2.351947334599981954e-01,3.634061415753234714e-01,1.412677508467311993e+00
5.225000000000079581e+00,-2.352522716801638270e-01,3.636465032801213804e-01,1.412072338250575099e+00
5.226000000000079915e+00,-2.353098058917567625e-01,3.638878125702146304e-01,1.411454563807263529e+00
5.227000000000080249e+00,-2.353673295452899383e-01,3.641300662327323634e-01,1.410824219811723790e+00
5.228000000000080583e+00,-2.354248361049169347e-01,3.643732610576035924e-01,1.410181341550044154e+00
5.229000000000080917e+00,-2.354823190489589990e-01,3.646173938365327993e-01,1.409525964915306462e+00
5.230000000000081251e+00,-2.355397718703546861e-01,3.648624613617900136e-01,1.408858126402788624e+00
5.231000000000081585e+00,-2.355971880770290072e-01,3.651084604247892829e-01,1.408177863105119165e+00
5.232000000000081918e+00,-2.356545611921784245e-01,3.653553878144271128e-01,1.407485212707388689e+00
5.233000000000082252e+00,-2.357118847544638074e-01,3.656032403151502352e-01,1.406780213482220709e+00
5.234000000000082586e+00,-2.357691523181048021e-01,3.658520147047197302e-01,1.406062904284809623e+00
5.235000000000082920e+00,-2.358263574528632889e-01,3.661017077516370843e-01,1.405333324547935581e+00
5.236000000000083254e+00,-2.358834937439063806e-01,3.663523162121932186e-01,1.404591514276962494e+00
5.237000000000083588e+00,-2.359405547915324197e-01,3.666038368271054004e-01,1.403837514044836254e+00
5.238000000000083922e+00,-2.359975342107465401e-01,3.668562663176996308e-01,1.403071364987095171e+00
5.239000000000084256e+00,-2.360544256306663646e-01,3.671096013816034231e-01,1.402293108796910603e+00
5.240000000000084590e+00,-2.361112226937420733e-01,3.673638386879111151e-01,1.401502787720177778e+00
5.241000000000084924e+00,-2.361679190547709695e-01,3.676189748717925143e-01,1.400700444550678325e+00
5.242000000000085258e+00,-2.362245083796923328e-01,3.678750065285217863e-01,1.399886122625336293e+00
5.243000000000085592e+00,-2.362809843441504576e-01,3.681319302069170352e-01,1.399059865819591408e+00
5.244000000000085926e+00,-2.363373406318183267e-01,3.683897424022003486e-01,1.398221718542911329e+00
5.245000000000086260e+00,-2.363935709324911372e-01,3.686484395483122789e-01,1.397371725734460224e+00
5.246000000000086594e+00,-2.364496689399669949e-01,3.689080180097505934e-01,1.396509932858934544e+00
5.247000000000086928e+00,-2.365056283497598555e-01,3.691684740730466485e-01,1.395636385902566445e+00
5.248000000000087262e+00,-2.365614428567145433e-01,3.694298039380466969e-01,1.394751131369278641e+00
5.249000000000087596e+00,-2.366171061526283204e-01,3.696920037092330524e-01,1.393854216276954938e+00
5.250000000000087930e+00,-2.366726119240287751e-01,3.699550693873860929e-01,1.392945688153762074e+00
5.251000000000088264e+00,-2.367279538502992109e-01,3.702189968619713500e-01,1.392025595034427798e+00
5.252000000000088598e+00,-2.367831256023888997e-01,3.704837819046974401e-01,1.391093985456346882e+00
5.253000000000088932e+00,-2.368381208423891993e-01,3.707494201647498766e-01,1.390150908455355161e+00
5.254000000000089265e+00,-2.368929332242720731e-01,3.710159071662209040e-01,1.389196413560986665e+00
5.255000000000089599e+00,-2.369475563960922182e-01,3.712832383082335097e-01,1.388230550791021756e+00
5.256000000000089933e+00,-2.370019840039110370e-01,3.715514088681658444e-01,1.387253370645149753e+00
5.257000000000090267e+00,-2.370562096976199795e-01,3.718204140082278508e-01,1.386264924097615925e+00
5.258000000000090601e+00,-2.371102271387151017e-01,3.720902487854199636e-01,1.385265262588802448e+00
5.259000000000090935e+00,-2.371640300099133736e-01,3.723609081646374053e-01,1.384254438015801281e+00
5.260000000000091269e+00,-2.372176120263256305e-01,3.726323870344078193e-01,1.383232502722163915e+00
5.261000000000091603e+00,-2.372709669477339745e-01,3.729046802244989633e-01,1.382199509487136435e+00
5.262000000000091937e+00,-2.373240885913910914e-01,3.731777825244652069e-01,1.381155511514791323e+00
5.263000000000092271e+00,-2.373769708447018845e-01,3.734516887021268605e-01,1.380100562423523858e+00
5.264000000000092605e+00,-2.374296076771493791e-01,3.737263935210255461e-01,1.379034716236388292e+00
5.265000000000092939e+00,-2.374819931509178916e-01,3.740018917560506972e-01,1.377958027372695238e+00
5.266000000000093273e+00,-2.375341214297983505e-01,3.742781782066512131e-01,1.376870550641198232e+00
5.267000000000093607e+00,-2.375859867861311869e-01,3.745552477073046393e-01,1.375772341235072860e+00
5.268000000000093941e+00,-2.376375836057127433e-01,3.748330951351649398e-01,1.374663454728765499e+00
5.269000000000094275e+00,-2.376889063907384747e-01,3.751117154150108712e-01,1.373543947076667271e+00
5.270000000000094609e+00,-2.377399497609701262e-01,3.753911035217759595e-01,1.372413874613479745e+00
5.271000000000094943e+00,-2.377907084533911197e-01,3.756712544810284493e-01,1.371273294056070347e+00
5.272000000000095277e+00,-2.378411773206440261e-01,3.759521633678037933e-01,1.370122262506585420e+00
5.273000000000095611e+00,-2.378913513285534354e-01,3.762338253041928038e-01,1.368960837456575375e+00
5.274000000000095945e+00,-2.379412255530118925e-01,3.765162354560480651e-01,1.367789076791898983e+00
5.275000000000096279e+00,-2.379907951764791418e-01,3.767993890291244652e-01,1.366607038798193674e+00
5.276000000000096612e+00,-2.380400554842988514e-01,3.770832812649105303e-01,1.365414782166728402e+00
5.277000000000096946e+00,-2.380890018610002379e-01,3.773679074363546215e-01,1.364212366000485233e+00
5.278000000000097280e+00,-2.381376297867098257e-01,3.776532628436344297e-01,1.362999849820346832e+00
5.279000000000097614e+00,-2.381859348337651561e-01,3.779393428100799035e-01,1.361777293571291070e+00
5.280000000000097948e+00,-2.382339126635923954e-01,3.782261426783199987e-01,1.360544757628519674e+00
5.281000000000098282e+00,-2.382815590238873682e-01,3.785136578066981006e-01,1.359302302803463425e+00
5.282000000000098616e+00,-2.383288697461171113e-01,3.788018835659774375e-01,1.358049990349623259e+00
5.283000000000098950e+00,-2.383758407433490545e-01,3.790908153363439226e-01,1.356787881968215537e+00
5.284000000000099284e+00,-2.384224680083998349e-01,3.793804485047015396e-01,1.355516039813600360e+00
5.285000000000099618e+00,-2.384687476122905325e-01,3.796707784622488369e-01,1.354234526498472091e+00
5.286000000000099952e+00,-2.385146757029880105e-01,3.799618006023169903e-01,1.352943405098800067e+00
5.287000000000100286e+00,-2.385602485044102661e-01,3.802535103184522258e-01,1.351642739158505080e+00
5.288000000000100620e+00,-2.386054623156674825e-01,3.805459030027202871e-01,1.350332592693856970e+00
5.289000000000100954e+00,-2.386503135105136897e-01,3.808389740442095217e-01,1.349013030197582230e+00
5.290000000000101288e+00,-2.386947985369800573e-01,3.811327188277136013e-01,1.347684116642663854e+00
5.291000000000101622e+00,-2.387389139171611774e-01,3.814271327325717831e-01,1.346345917485816779e+00
5.292000000000101956e+00,-2.387826562471270231e-01,3.817222111316462829e-01,1.344998498670620490e+00
5.293000000000102290e+00,-2.388260221969337183e-01,3.820179493904207746e-01,1.343641926630287475e+00
5.294000000000102624e+00,-2.388690085107043615e-01,3.823143428661991416e-01,1.342276268290041763e+00
5.295000000000102958e+00,-2.389116120067559246e-01,3.826113869073917151e-01,1.340901591069086463e+00
5.296000000000103292e+00,-2.389538295777452470e-01,3.829090768528717881e-01,1.339517962882129432e+00
5.297000000000103626e+00,-2.389956581908116995e-01,3.832074080313896403e-01,1.338125452140440874e+00
5.298000000000103960e+00,-2.390370948876916479e-01,3.835063757610317481e-01,1.336724127752414892e+00
5.299000000000104293e+00,-2.390781367847836236e-01,3.838059753487118586e-01,1.335314059123604125e+00
5.300000000000104627e+00,-2.391187810731437713e-01,3.841062020896856000e-01,1.333895316156198829e+00
5.301000000000104961e+00,-2.391590250181668820e-01,3.844070512668619211e-01,1.332467969247130402e+00
5.302000000000105295e+00,-2.391988659281963914e-01,3.847085181205028848e-01,1.331032089170233634e+00
5.303000000000105629e+00,-2.392383011172959373e-01,3.850105978125925033e-01,1.329587746819406169e+00
5.304000000000105963e+00,-2.392773278752376998e-01,3.853132853985561379e-01,1.328135013140171683e+00
5.305000000000106297e+00,-2.393159434710218081e-01,3.856165758312757319e-01,1.326673959132205649e+00
5.306000000000106631e+00,-2.393541451548576449e-01,3.859204639637091594e-01,1.325204655851320190e+00
5.307000000000106965e+00,-2.393919301588335324e-01,3.862249445503549428e-01,1.323727174410913143e+00
5.308000000000107299e+00,-2.394292956975099251e-01,3.865300122487440593e-01,1.322241585982891543e+00
5.309000000000107633e+00,-2.394662389684337755e-01,3.868356616209539522e-01,1.320747961798079517e+00
5.310000000000107967e+00,-2.395027571525696342e-01,3.871418871351368640e-01,1.319246373146123696e+00
5.311000000000108301e+00,-2.395388474146448177e-01,3.874486831670597153e-01,1.317736891374909902e+00
5.312000000000108635e+00,-2.395745069034087571e-01,3.877560440016496468e-01,1.316219587889508436e+00
5.313000000000108969e+00,-2.396097327518038611e-01,3.880639638345410036e-01,1.314694534150667060e+00
5.314000000000109303e+00,-2.396445220770507811e-01,3.883724367736193228e-01,1.313161801672873885e+00
5.315000000000109637e+00,-2.396788719806487444e-01,3.886814568405605463e-01,1.311621462022012130e+00
5.316000000000109971e+00,-2.397127795482931756e-01,3.889910179723593542e-01,1.310073586812633195e+00
5.317000000000110305e+00,-2.397462418497143810e-01,3.893011140228473943e-01,1.308518247704876680e+00
5.318000000000110639e+00,-2.397792559384415156e-01,3.896117387641947483e-01,1.306955516401066220e+00
5.319000000000110973e+00,-2.398118188514971605e-01,3.899228858883956317e-01,1.305385464642013327e+00
5.320000000000111307e+00,-2.398439276090268413e-01,3.902345490087339996e-01,1.303808164203061448e+00
5.321000000000111640e+00,-2.398755792138712595e-01,3.905467216612289461e-01,1.302223686889905974e+00
5.322000000000111974e+00,-2.399067706510867870e-01,3.908593973060561222e-01,1.300632104534225064e+00
5.323000000000112308e+00,-2.399374988874221071e-01,3.911725693289455075e-01,1.299033488989158158e+00
5.324000000000112642e+00,-2.399677608707573295e-01,3.914862310425524239e-01,1.297427912124669014e+00
5.325000000000112976e+00,-2.399975535295154616e-01,3.918003756878019050e-01,1.295815445822831924e+00
5.326000000000113310e+00,-2.400268737720504530e-01,3.921149964352033113e-01,1.294196161973075521e+00
5.327000000000113644e+00,-2.400557184860230286e-01,3.924300863861350797e-01,1.292570132467425470e+00
5.328000000000113978e+00,-2.400840845377704147e-01,3.927456385740977218e-01,1.290937429195779362e+00
5.329000000000114312e+00,-2.401119687716769535e-01,3.930616459659339590e-01,1.289298124041251548e+00
5.330000000000114646e+00,-2.401393680095547101e-01,3.933781014630125528e-01,1.287652288875621887e+00
5.331000000000114980e+00,-2.401662790500381783e-01,3.936949979023777191e-01,1.285999995554922615e+00
5.332000000000115314e+00,-2.401926986680034126e-01,3.940123280578581300e-01,1.284341315915194182e+00
5.333000000000115648e+00,-2.402186236140140263e-01,3.943300846411373906e-01,1.282676321768443151e+00
5.334000000000115982e+00,-2.402440506138019405e-01,3.946482603027799962e-01,1.281005084898827473e+00
5.335000000000116316e+00,-2.402689763677866575e-01,3.949668476332146572e-01,1.279327677059098223e+00
5.336000000000116650e+00,-2.402933975506387210e-01,3.952858391636686619e-01,1.277644169967322663e+00
5.337000000000116984e+00,-2.403173108108894729e-01,3.956052273670535024e-01,1.275954635303909068e+00
5.338000000000117318e+00,-2.403407127705907698e-01,3.959250046587968752e-01,1.274259144708957292e+00
5.339000000000117652e+00,-2.403636000250288784e-01,3.962451633976209475e-01,1.272557769779950387e+00
5.340000000000117986e+00,-2.403859691424914402e-01,3.965656958862601167e-01,1.270850582069805279e+00
5.341000000000118320e+00,-2.404078166640902792e-01,3.968865943721195944e-01,1.269137653085297135e+00
5.342000000000118654e+00,-2.404291391036400549e-01,3.972078510478675994e-01,1.267419054285867652e+00
5.343000000000118987e+00,-2.404499329475944247e-01,3.975294580519619370e-01,1.265694857082828584e+00
5.344000000000119321e+00,-2.404701946550347191e-01,3.978514074691055225e-01,1.263965132838968941e+00
5.345000000000119655e+00,-2.404899206577153503e-01,3.981736913306292980e-01,1.262229952868569427e+00
5.346000000000119989e+00,-2.405091073601591800e-01,3.984963016148002080e-01,1.260489388437831426e+00
5.347000000000120323e+00,-2.405277511398050683e-01,3.988192302470515704e-01,1.258743510765718110e+00
5.348000000000120657e+00,-2.405458483472004971e-01,3.991424691001349556e-01,1.256992391025210765e+00
5.349000000000120991e+00,-2.405633953062411567e-01,3.994660099941924614e-01,1.255236100344975458e+00
5.350000000000121325e+00,-2.405803883144497224e-01,3.997898446967483865e-01,1.253474709811436272e+00
5.351000000000121659e+00,-2.405968236432939333e-01,4.001139649226221895e-01,1.251708290471247320e+00
5.352000000000121993e+00,-2.406126975385398659e-01,4.004383623337645082e-01,1.249936913334157795e+00
5.353000000000122327e+00,-2.406280062211475501e-01,4.007630285392792535e-01,1.248160649378631692e+00
5.354000000000122661e+00,-2.406427458883009241e-01,4.010879550954324912e-01,1.246379569561279377e+00
5.355000000000122995e+00,-2.406569127143840525e-01,4.014131335055551864e-01,1.244593744822413806e+00
5.356000000000123329e+00,-2.406705028513423938e-01,4.017385552195655851e-01,1.242803246090023794e+00
5.357000000000123663e+00,-2.406835124290696015e-01,4.020642116334485205e-01,1.241008144284038162e+00
5.358000000000123997e+00,-2.406959375558397340e-01,4.023900940887139566e-01,1.239208510320847001e+00
5.359000000000124331e+00,-2.407077743187543417e-01,4.027161938718367695e-01,1.237404415118039447e+00
5.360000000000124665e+00,-2.407190187842019879e-01,4.030425022136909785e-01,1.235595929599317078e+00
5.361000000000124999e+00,-2.407296669983316484e-01,4.033690102890002960e-01,1.233783124699526335e+00
5.362000000000125333e+00,-2.407397149875377673e-01,4.036957092158238725e-01,1.231966071369755999e+00
5.363000000000125667e+00,-2.407491587589596360e-01,4.040225900551055460e-01,1.230144840582430454e+00
5.364000000000126001e+00,-2.407579943009974244e-01,4.043496438103088009e-01,1.228319503336329221e+00
5.365000000000126334e+00,-2.407662175838469754e-01,4.046768614271707420e-01,1.226490130661450850e+00
5.366000000000126668e+00,-2.407738245600583582e-01,4.050042337936026193e-01,1.224656793623635442e+00
5.367000000000127002e+00,-2.407808111651228433e-01,4.053317517397709846e-01,1.222819563328855663e+00
5.368000000000127336e+00,-2.407871733180932949e-01,4.056594060383922340e-01,1.220978510927076766e+00
5.369000000000127670e+00,-2.407929069222468632e-01,4.059871874052717322e-01,1.219133707615591034e+00
5.370000000000128004e+00,-2.407980078657941947e-01,4.063150865001207146e-01,1.217285224641724062e+00
5.371000000000128338e+00,-2.408024720226450421e-01,4.066430939276787226e-01,1.215433133304818281e+00
5.372000000000128672e+00,-2.408062952532349366e-01,4.069712002391675520e-01,1.213577504957402020e+00
5.373000000000129006e+00,-2.408094734054223585e-01,4.072993959340972525e-01,1.211718411005460849e+00
5.374000000000129340e+00,-2.408120023154594058e-01,4.076276714624382791e-01,1.209855922907743686e+00
5.375000000000129674e+00,-2.408138778090415100e-01,4.079560172271661234e-01,1.207990112174049280e+00
5.376000000000130008e+00,-2.408150957024395300e-01,4.082844235871778693e-01,1.206121050362459979e+00
5.377000000000130342e+00,-2.408156518037117833e-01,4.086128808605681284e-01,1.204248809075514570e+00
5.378000000000130676e+00,-2.408155419139963449e-01,4.089413793282447029e-01,1.202373459955335067e+00
5.379000000000131010e+00,-2.408147618288751790e-01,4.092699092378517811e-01,1.200495074677751628e+00
5.380000000000131344e+00,-2.408133073398051049e-01,4.095984608079621392e-01,1.198613724945497783e+00
5.381000000000131678e+00,-2.408111742355999452e-01,4.099270242324873914e-01,1.196729482480574758e+00
5.382000000000132012e+00,-2.408083583039531961e-01,4.102555896852522199e-01,1.194842419015908597e+00
5.383000000000132346e+00,-2.408048553329824593e-01,4.105841473246683027e-01,1.192952606286446393e+00
5.384000000000132680e+00,-2.408006611127772034e-01,4.109126872984460999e-01,1.191060116019855952e+00
5.385000000000133014e+00,-2.407957714369299840e-01,4.112411997482744441e-01,1.189165019927004741e+00
5.386000000000133348e+00,-2.407901821040310253e-01,4.115696748144055395e-01,1.187267389692399533e+00
5.387000000000133682e+00,-2.407838889191046272e-01,4.118981026400815315e-01,1.185367296964768613e+00
5.388000000000134015e+00,-2.407768876949700765e-01,4.122264733757470268e-01,1.183464813347965050e+00
5.389000000000134349e+00,-2.407691742535076340e-01,4.125547771829983779e-01,1.181560010392352700e+00
5.390000000000134683e+00,-2.407607444268151653e-01,4.128830042382273247e-01,1.179652959586826144e+00
5.391000000000135017e+00,-2.407515940582432012e-01,4.132111447359294587e-01,1.177743732351590911e+00
5.392000000000135351e+00,-2.407417190032995480e-01,4.135391888916534198e-01,1.175832400031810554e+00
5.393000000000135685e+00,-2.407311151304175612e-01,4.138671269445794998e-01,1.173919033892202313e+00
5.394000000000136019e+00,-2.407197783215846432e-01,4.141949491597251010e-01,1.172003705112636851e+00
5.395000000000136353e+00,-2.407077044728342941e-01,4.145226458297810446e-01,1.170086484784776504e+00
5.396000000000136687e+00,-2.406948894946037143e-01,4.148502072765916093e-01,1.168167443909761571e+00
5.397000000000137021e+00,-2.406813293119646202e-01,4.151776238522990603e-01,1.166246653396935118e+00
5.398000000000137355e+00,-2.406670198647358205e-01,4.155048859401725414e-01,1.164324184063579404e+00
5.399000000000137689e+00,-2.406519571074889896e-01,4.158319839551534169e-01,1.162400106635621766e+00
5.400000000000138023e+00,-2.406361370094591834e-01,4.161589083441441517e-01,1.160474491749256210e+00
5.401000000000138357e+00,-2.406195555543741982e-01,4.164856495860720376e-01,1.158547409953419649e+00
5.402000000000138691e+00,-2.406022087402148735e-01,4.168121981917614072e-01,1.156618931713052412e+00
5.403000000000139025e+00,-2.405840925789223261e-01,4.171385447036447536e-01,1.154689127413073724e+00
5.404000000000139359e+00,-2.405652030960639953e-01,4.174646796953417338e-01,1.152758067362996242e+00
5.405000000000139693e+00,-2.405455363304724870e-01,4.177905937711379192e-01,1.150825821802109239e+00
5.406000000000140027e+00,-2.405250883338698742e-01,4.181162775653863850e-01,1.148892460905158064e+00
5.407000000000140361e+00,-2.405038551704884453e-01,4.184417217418601176e-01,1.146958054788451475e+00
5.408000000000140695e+00,-2.404818329167002222e-01,4.187669169930744451e-01,1.145022673516334910e+00
5.409000000000141029e+00,-2.404590176606625773e-01,4.190918540396014746e-01,1.143086387107966395e+00
5.410000000000141362e+00,-2.404354055019920500e-01,4.194165236293937449e-01,1.141149265544343372e+00
5.411000000000141696e+00,-2.404109925514699153e-01,4.197409165371298601e-01,1.139211378775527139e+00
5.412000000000142030e+00,-2.403857749307902747e-01,4.200650235635990937e-01,1.137272796728021174e+00
5.413000000000142364e+00,-2.403597487723531101e-01,4.203888355351323991e-01,1.135333589312262248e+00
5.414000000000142698e+00,-2.403329102191081867e-01,4.207123433030902637e-01,1.133393826430186602e+00
5.415000000000143032e+00,-2.403052554244540229e-01,4.210355377434149560e-01,1.131453577982840741e+00
5.416000000000143366e+00,-2.402767805521935918e-01,4.213584097562529385e-01,1.129512913878006231e+00
5.417000000000143700e+00,-2.402474817765499759e-01,4.216809502656510000e-01,1.127571904037815598e+00
5.418000000000144034e+00,-2.402173552822423064e-01,4.220031502193303252e-01,1.125630618406335604e+00
5.419000000000144368e+00,-2.401863972646236522e-01,4.223250005885411662e-01,1.123689126957099882e+00
5.420000000000144702e+00,-2.401546039298798618e-01,4.226464923679974506e-01,1.121747499700574524e+00
5.421000000000145036e+00,-2.401219714952903539e-01,4.229676165758938788e-01,1.119805806691540173e+00
5.422000000000145370e+00,-2.400884961895487502e-01,4.232883642540039570e-01,1.117864118036381083e+00
5.423000000000145704e+00,-2.400541742531426825e-01,4.236087264678596309e-01,1.115922503900266038e+00
5.424000000000146038e+00,-2.400190019387901108e-01,4.239286943070090796e-01,1.113981034514215152e+00
5.425000000000146372e+00,-2.399829755119325947e-01,4.242482588853535574e-01,1.112039780182041193e+00
5.426000000000146706e+00,-2.399460912512793032e-01,4.245674113415593975e-01,1.110098811287158149e+00
5.427000000000147040e+00,-2.399083454494029821e-01,4.248861428395437345e-01,1.108158198299250330e+00
5.428000000000147374e+00,-2.398697344133835507e-01,4.252044445690315033e-01,1.106218011780795374e+00
5.429000000000147708e+00,-2.398302544654947743e-01,4.255223077461798287e-01,1.104278322393434486e+00
5.430000000000148042e+00,-2.397899019439341251e-01,4.258397236142698050e-01,1.102339200904185468e+00
5.431000000000148376e+00,-2.397486732035903900e-01,4.261566834444587837e-01,1.100400718191490546e+00
5.432000000000148709e+00,-2.397065646168458075e-01,4.264731785365932781e-01,1.098462945251097445e+00
5.433000000000149043e+00,-2.396635725744103995e-01,4.267892002200780466e-01,1.096525953201764825e+00
5.434000000000149377e+00,-2.396196934861838379e-01,4.271047398547982432e-01,1.094589813290790303e+00
5.435000000000149711e+00,-2.395749237821426236e-01,4.274197888320916405e-01,1.092654596899353958e+00
5.436000000000150045e+00,-2.395292599132470279e-01,4.277343385757673699e-01,1.090720375547673759e+00
5.437000000000150379e+00,-2.394826983523673514e-01,4.280483805431679611e-01,1.088787220899967600e+00
5.438000000000150713e+00,-2.394352355952233946e-01,4.283619062262729038e-01,1.086855204769218597e+00
5.439000000000151047e+00,-2.393868681613336991e-01,4.286749071528375143e-01,1.084924399121736993e+00
5.440000000000151381e+00,-2.393375925949741134e-01,4.289873748875664417e-01,1.082994876081516233e+00
5.441000000000151715e+00,-2.392874054661382477e-01,4.292993010333183701e-01,1.081066707934378313e+00
5.442000000000152049e+00,-2.392363033715003695e-01,4.296106772323373679e-01,1.079139967131903521e+00
5.443000000000152383e+00,-2.391842829353746369e-01,4.299214951675089935e-01,1.077214726295141700e+00
5.444000000000152717e+00,-2.391313408106695571e-01,4.302317465636373850e-01,1.075291058218100337e+00
5.445000000000153051e+00,-2.390774736798335631e-01,4.305414231887416676e-01,1.073369035871006849e+00
5.446000000000153385e+00,-2.390226782557897112e-01,4.308505168553665721e-01,1.071448732403341264e+00
5.447000000000153719e+00,-2.389669512828567211e-01,4.311590194219057093e-01,1.069530221146635540e+00
5.448000000000154053e+00,-2.389102895376531421e-01,4.314669227939351703e-01,1.067613575617037958e+00
5.449000000000154387e+00,-2.388526898299826451e-01,4.317742189255527885e-01,1.065698869517640146e+00
5.450000000000154721e+00,-2.387941490036989967e-01,4.320808998207217311e-01,1.063786176740562750e+00
5.451000000000155055e+00,-2.387346639375477197e-01,4.323869575346157568e-01,1.061875571368801063e+00
5.452000000000155389e+00,-2.386742315459818853e-01,4.326923841749628075e-01,1.059967127677826859e+00
5.453000000000155723e+00,-2.386128487799530351e-01,4.329971719033841593e-01,1.058060920136945970e+00
5.454000000000156057e+00,-2.385505126276713517e-01,4.333013129367276894e-01,1.056157023410412954e+00
5.455000000000156390e+00,-2.384872201153386273e-01,4.336047995483920392e-01,1.054255512358300395e+00
5.456000000000156724e+00,-2.384229683078487039e-01,4.339076240696392306e-01,1.052356462037124407e+00
5.457000000000157058e+00,-2.383577543094560491e-01,4.342097788908934053e-01,1.050459947700228103e+00
5.458000000000157392e+00,-2.382915752644124696e-01,4.345112564630237983e-01,1.048566044797922370e+00
5.459000000000157726e+00,-2.382244283575690735e-01,4.348120492986093932e-01,1.046674828977389060e+00
5.460000000000158060e+00,-2.381563108149448160e-01,4.351121499731829267e-01,1.044786376082345480e+00
5.461000000000158394e+00,-2.380872199042601833e-01,4.354115511264521343e-01,1.042900762152476180e+00
5.462000000000158728e+00,-2.380171529354361271e-01,4.357102454634965705e-01,1.041018063422634254e+00
5.463000000000159062e+00,-2.379461072610584704e-01,4.360082257559368957e-01,1.039138356321816170e+00
5.464000000000159396e+00,-2.378740802768072315e-01,4.363054848430762966e-01,1.037261717471915645e+00
5.465000000000159730e+00,-2.378010694218519738e-01,4.366020156330099322e-01,1.035388223686261266e+00
5.466000000000160064e+00,-2.377270721792117403e-01,4.368978111037019607e-01,1.033517951967944049e+00
5.467000000000160398e+00,-2.376520860760836795e-01,4.371928643040280393e-01,1.031650979507940713e+00
5.468000000000160732e+00,-2.375761086841360337e-01,4.374871683547801871e-01,1.029787383683041346e+00
5.469000000000161066e+00,-2.374991376197717052e-01,4.377807164496334558e-01,1.027927242053586765e+00
5.470000000000161400e+00,-2.374211705443579623e-01,4.380735018560718563e-01,1.026070632361025803e+00
5.471000000000161734e+00,-2.373422051644281661e-01,4.383655179162709858e-01,1.024217632525301847e+00
5.472000000000162068e+00,-2.372622392318530782e-01,4.386567580479364681e-01,1.022368320642075057e+00
5.473000000000162402e+00,-2.371812705439848568e-01,4.389472157450959866e-01,1.020522774979795155e+00
5.474000000000162736e+00,-2.370992969437744069e-01,4.392368845788416909e-01,1.018681073976631435e+00
5.475000000000163070e+00,-2.370163163198641953e-01,4.395257581980224204e-01,1.016843296237274430e+00
5.476000000000163404e+00,-2.369323266066566402e-01,4.398138303298831930e-01,1.015009520529621012e+00
5.477000000000163737e+00,-2.368473257843612956e-01,4.401010947806488494e-01,1.013179825781354459e+00
5.478000000000164071e+00,-2.367613118790220517e-01,4.403875454360507424e-01,1.011354291076435929e+00
5.479000000000164405e+00,-2.366742829625252398e-01,4.406731762617944748e-01,1.009532995651519993e+00
5.480000000000164739e+00,-2.365862371527285291e-01,4.409579813040225282e-01,1.007716018892705234e+00
5.481000000000165073e+00,-2.364971726149019959e-01,4.412419546902736078e-01,1.005903440337875487e+00
5.482000000000165407e+00,-2.364070875627719559e-01,4.415250906302210510e-01,1.004095339680322718e+00
5.483000000000165741e+00,-2.363159802592907921e-01,4.418073834162293823e-01,1.002291796765685472e+00
5.484000000000166075e+00,-2.362238490162773541e-01,4.420888274233698567e-01,1.000492891587972277e+00
5.485000000000166409e+00,-2.361306921942828430e-01,4.423694171094588734e-01,9.986987042856182439e-01
5.486000000000166743e+00,-2.360365082024562522e-01,4.426491470150187846e-01,9.969093151375940653e-01
5.487000000000167077e+00,-2.359412954984057009e-01,4.429280117631584357e-01,9.951248045595875169e-01
5.488000000000167411e+00,-2.358450525880601001e-01,4.432060060593716599e-01,9.933452531002779917e-01
5.489000000000167745e+00,-2.357477780255322619e-01,4.434831246912492864e-01,9.915707414377251672e-01
5.490000000000168079e+00,-2.356494704129838968e-01,4.437593625281042176e-01,9.898013503758917864e-01
5.491000000000168413e+00,-2.355501284004972717e-01,4.440347145205054691e-01,9.880371608413220930e-01
5.492000000000168747e+00,-2.354497506859526412e-01,4.443091756997212816e-01,9.862782538799957921e-01
5.493000000000169081e+00,-2.353483360149142278e-01,4.445827411770679749e-01,9.845247106543763005e-01
5.494000000000169415e+00,-2.352458831805267492e-01,4.448554061431657658e-01,9.827766124406710491e-01
5.495000000000169749e+00,-2.351423910234226033e-01,4.451271658670982179e-01,9.810340406263193813e-01
5.496000000000170083e+00,-2.350378584316422659e-01,4.453980156954790992e-01,9.792970767077189276e-01
5.497000000000170417e+00,-2.349322843405674544e-01,4.456679510514265363e-01,9.775658022881997811e-01
5.498000000000170751e+00,-2.348256677328689479e-01,4.459369674334470179e-01,9.758402990762480300e-01
5.499000000000171084e+00,-2.347180076384682845e-01,4.462050604142356880e-01,9.741206488839745381e-01
5.500000000000171418e+00,-2.346093031345144464e-01,4.464722256393965916e-01,9.724069336258159835e-01
5.501000000000171752e+00,-2.344995533453743120e-01,4.467384588260949752e-01,9.706992353174445087e-01
5.502000000000172086e+00,-2.343887574426363196e-01,4.470037557616491908e-01,9.689976360748508988e-01
5.503000000000172420e+00,-2.342769146451258999e-01,4.472681123020797456e-01,9.673022181135489950e-01
5.504000000000172754e+00,-2.341640242189313437e-01,4.475315243706305957e-01,9.656130637478332890e-01
5.505000000000173088e+00,-2.340500854774372197e-01,4.477939879562863323e-01,9.639302553900017667e-01
5.506000000000173422e+00,-2.339350977813625665e-01,4.480554991123087971e-01,9.622538755494309815e-01
5.507000000000173756e+00,-2.338190605388023036e-01,4.483160539548243229e-01,9.605840068313675761e-01
5.508000000000174090e+00,-2.337019732052648679e-01,4.485756486614960181e-01,9.589207319352732739e-01
5.509000000000174424e+00,-2.335838352837060761e-01,4.488342794703196192e-01,9.572641336525300471e-01
5.510000000000174758e+00,-2.334646463245525494e-01,4.490919426785856539e-01,9.556142948632867506e-01
5.511000000000175092e+00,-2.333444059257119285e-01,4.493486346420565436e-01,9.539712985322004180e-01
5.512000000000175426e+00,-2.332231137325667669e-01,4.496043517744061635e-01,9.523352277028018786e-01
5.513000000000175760e+00,-2.331007694379489958e-01,4.498590905469749268e-01,9.507061654901998171e-01
5.514000000000176094e+00,-2.329773727820930729e-01,4.501128474888900222e-01,9.490841950718279518e-01
5.515000000000176428e+00,-2.328529235525689245e-01,4.503656191875995418e-01,9.474693996759436798e-01
5.516000000000176762e+00,-2.327274215841953486e-01,4.506174022898643550e-01,9.458618625676062930e-01
5.517000000000177096e+00,-2.326008667589398726e-01,4.508681935032422539e-01,9.442616670318979555e-01
5.518000000000177430e+00,-2.324732590058115056e-01,4.511179895980895749e-01,9.426688963542090294e-01
5.519000000000177764e+00,-2.323445983007561555e-01,4.513667874100893984e-01,9.410836337974843868e-01
5.520000000000178098e+00,-2.322148846665702537e-01,4.516145838433016646e-01,9.395059625764272671e-01
5.521000000000178431e+00,-2.320841181728480196e-01,4.518613758737086705e-01,9.379359658287704793e-01
5.522000000000178765e+00,-2.319522989359831255e-01,4.521071605532130944e-01,9.363737265838532053e-01
5.523000000000179099e+00,-2.318194271192468570e-01,4.523519350140244866e-01,9.348193277288748826e-01
5.524000000000179433e+00,-2.316855029329679683e-01,4.525956964733530707e-01,9.332728519733286543e-01
5.525000000000179767e+00,-2.315505266348403257e-01,4.528384422383170405e-01,9.317343818122331145e-01
5.526000000000180101e+00,-2.314144985303832058e-01,4.530801697109565485e-01,9.302039994888784413e-01
5.527000000000180435e+00,-2.312774189735822272e-01,4.533208763932475849e-01,9.286817869578666285e-01
5.528000000000180769e+00,-2.311392883677337862e-01,4.535605598920049442e-01,9.271678258492549451e-01
5.529000000000181103e+00,-2.310001071665167549e-01,4.537992179235779133e-01,9.256621974345978776e-01
5.530000000000181437e+00,-2.308598758753125368e-01,4.540368483182477544e-01,9.241649825956335107e-01
5.531000000000181771e+00,-2.307185950527911311e-01,4.542734490242613665e-01,9.226762617962711577e-01
5.532000000000182105e+00,-2.305762653127808592e-01,4.545090181114480599e-01,9.211961150584233593e-01
5.533000000000182439e+00,-2.304328873264351873e-01,4.547435537743953482e-01,9.197246219420890379e-01
5.534000000000182773e+00,-2.302884618247121873e-01,4.549770543351776553e-01,9.182618615299509290e-01
5.535000000000183107e+00,-2.301429896011779608e-01,4.552095182456527001e-01,9.168079124166067517e-01
5.536000000000183441e+00,-2.299964715151475714e-01,4.554409440893578687e-01,9.153628527024193495e-01
5.537000000000183775e+00,-2.298489084951770289e-01,4.556713305830566441e-01,9.139267599918536877e-01
5.538000000000184109e+00,-2.297003015429189832e-01,4.559006765779877179e-01,9.124997113960702233e-01
5.539000000000184443e+00,-2.295506517373572253e-01,4.561289810608863959e-01,9.110817835394711128e-01
5.540000000000184777e+00,-2.293999602394322102e-01,4.563562431548413567e-01,9.096730525698430991e-01
5.541000000000185111e+00,-2.292482282970718099e-01,4.565824621200541555e-01,9.082735941717102746e-01
5.542000000000185445e+00,-2.290954572506362918e-01,4.568076373545648661e-01,9.068834835824957086e-01
5.543000000000185779e+00,-2.289416485387835154e-01,4.570317683949995935e-01,9.055027956110920373e-01
5.544000000000186112e+00,-2.287868037047549041e-01,4.572548549173889310e-01,9.041316046584478849e-01
5.545000000000186446e+00,-2.286309244030693133e-01,4.574768967380947737e-01,9.027699847397911981e-01
5.546000000000186780e+00,-2.284740124066031441e-01,4.576978938148745790e-01,9.014180095081231192e-01
5.547000000000187114e+00,-2.283160696140156265e-01,4.579178462480956169e-01,9.000757522786225762e-01
5.548000000000187448e+00,-2.281570980574538776e-01,4.581367542820984351e-01,8.987432860536058721e-01
5.549000000000187782e+00,-2.279970999104488083e-01,4.583546183066963264e-01,8.974206835476739030e-01
5.550000000000188116e+00,-2.278360774958767543e-01,4.585714388587722734e-01,8.961080172126576482e-01
5.551000000000188450e+00,-2.276740332938230749e-01,4.587872166239237437e-01,8.948053592619404917e-01
5.552000000000188784e+00,-2.275109699491419946e-01,4.590019524380791749e-01,8.935127816936844214e-01
5.553000000000189118e+00,-2.273468902784542278e-01,4.592156472889887819e-01,8.922303563124305281e-01
5.554000000000189452e+00,-2.271817972762792959e-01,4.594283023174701164e-01,8.909581547484755060e-01
5.555000000000189786e+00,-2.270156941199430456e-01,4.596399188182654916e-01,8.896962484743570210e-01
5.556000000000190120e+00,-2.268485841728627994e-01,4.598504982403462948e-01,8.884447088177186425e-01
5.557000000000190454e+00,-2.266804709857761502e-01,4.600600421864855516e-01,8.872036069697770699e-01
5.558000000000190788e+00,-2.265113582954637605e-01,4.602685524119101146e-01,8.859730139885987343e-01
5.559000000000191122e+00,-2.263412500205299605e-01,4.604760308218428522e-01,8.847530007964202747e-01
5.560000000000191456e+00,-2.261701502538452369e-01,4.606824794677679691e-01,8.835436381703301034e-01
5.561000000000191790e+00,-2.259980632513350907e-01,4.608879005422754638e-01,8.823449967257841475e-01
5.562000000000192124e+00,-2.258249934169300754e-01,4.610922963724026769e-01,8.811571468926550077e-01
5.563000000000192458e+00,-2.256509452836460428e-01,4.612956694114538347e-01,8.799801588838150890e-01
5.564000000000192792e+00,-2.254759234909680110e-01,4.614980222293679768e-01,8.788141026566140823e-01
5.565000000000193126e+00,-2.252999327589219059e-01,4.616993575018022433e-01,8.776590478680078578e-01
5.566000000000193459e+00,-2.251229778594390218e-01,4.618996779982003087e-01,8.765150638244899595e-01
5.567000000000193793e+00,-2.249450635858107894e-01,4.620989865692027854e-01,8.753822194283360503e-01
5.568000000000194127e+00,-2.247661947211824218e-01,4.622972861338375816e-01,8.742605831219445456e-01
5.569000000000194461e+00,-2.245863760071229454e-01,4.624945796669724940e-01,8.731502228322158832e-01
5.570000000000194795e+00,-2.244056121133192194e-01,4.626908701875244168e-01,8.720512059169305275e-01
5.571000000000195129e+00,-2.242239076093762717e-01,4.628861607479012319e-01,8.709635991149630163e-01
5.572000000000195463e+00,-2.240412669400996259e-01,4.630804544253166455e-01,8.698874685032543796e-01
5.573000000000195797e+00,-2.238576944059604834e-01,4.632737543157590121e-01,8.688228794678413136e-01
5.574000000000196131e+00,-2.236731941469285445e-01,4.634660635298870623e-01,8.677698966795421853e-01
5.575000000000196465e+00,-2.234877701295833186e-01,4.636573851908472044e-01,8.667285840715465151e-01
5.576000000000196799e+00,-2.233014261376331522e-01,4.638477224340906702e-01,8.656990048245487568e-01
5.577000000000197133e+00,-2.231141657666670941e-01,4.640370784095514400e-01,8.646812213593531027e-01
5.578000000000197467e+00,-2.229259924225573952e-01,4.642254562859337019e-01,8.636752953363041607e-01
5.579000000000197801e+00,-2.227369093230537889e-01,4.644128592568999014e-01,8.626812876607127256e-01
5.580000000000198135e+00,-2.225469195020497448e-01,4.645992905489132463e-01,8.616992584933329535e-01
5.581000000000198469e+00,-2.223560258159906766e-01,4.647847534304789807e-01,8.607292672649161647e-01
5.582000000000198803e+00,-2.221642309518975233e-01,4.649692512225258589e-01,8.597713726938857048e-01
5.583000000000199137e+00,-2.219715374365277549e-01,4.651527873096825694e-01,8.588256328062433553e-01
5.584000000000199471e+00,-2.217779476462402588e-01,4.653353651522282863e-01,8.578921049569104840e-01
5.585000000000199805e+00,-2.215834638171962911e-01,4.655169882985147334e-01,8.569708458518118244e-01
5.586000000000200139e+00,-2.213880880555946229e-01,4.656976603976885620e-01,8.560619115701220139e-01
5.587000000000200473e+00,-2.211918223476995182e-01,4.658773852125626114e-01,8.551653575862011580e-01
5.588000000000200806e+00,-2.209946685694835766e-01,4.660561666325058194e-01,8.542812387908456095e-01
5.589000000000201140e+00,-2.207966284957638692e-01,4.662340086862346578e-01,8.534096095115693004e-01
5.590000000000201474e+00,-2.205977038087578723e-01,4.664109155543970653e-01,8.525505235317114572e-01
5.591000000000201808e+00,-2.203978961060381048e-01,4.665868915818374152e-01,8.517040341082399157e-01
5.592000000000202142e+00,-2.201972069079053407e-01,4.667619412894209452e-01,8.508701939881913034e-01
5.593000000000202476e+00,-2.199956376642442368e-01,4.669360693852715460e-01,8.500490554237664087e-01
5.594000000000202810e+00,-2.197931897609755048e-01,4.671092807752417198e-01,8.492406701861962004e-01
5.595000000000203144e+00,-2.195898645262629456e-01,4.672815805723741223e-01,8.484450895786268543e-01
5.596000000000203478e+00,-2.193856632367043868e-01,4.674529741050390541e-01,8.476623644484672093e-01
5.597000000000203812e+00,-2.191805871238092784e-01,4.676234669233158003e-01,8.468925451999497200e-01
5.598000000000204146e+00,-2.189746373811796154e-01,4.677930648030302896e-01,8.461356818081321451e-01
5.599000000000204480e+00,-2.187678151729643972e-01,4.679617737466358340e-01,8.453918238363393733e-01
5.600000000000204814e+00,-2.185601216443825434e-01,4.681295999798004148e-01,8.446610204602778005e-01
5.601000000000205148e+00,-2.183515579354599057e-01,4.682965499420824740e-01,8.439433205040715036e-01
5.602000000000205482e+00,-2.181421251996504829e-01,4.684626302693520872e-01,8.432387724967735920e-01
5.603000000000205816e+00,-2.179318246298646011e-01,4.686278477644912899e-01,8.425474247633891745e-01
5.604000000000206150e+00,-2.177206574957849528e-01,4.687922093511317501e-01,8.418693255735901770e-01
5.605000000000206484e+00,-2.175086251985498542e-01,4.689557220023712336e-01,8.412045233864847704e-01
5.606000000000206818e+00,-2.172957293523599676e-01,4.691183926320122710e-01,8.405530672543174431e-01
5.607000000000207152e+00,-2.170819719075837151e-01,4.692802279294947532e-01,8.399150074840737723e-01
5.608000000000207486e+00,-2.168673553353264172e-01,4.694412341125747679e-01,8.392903966948830341e-01
5.609000000000207820e+00,-2.166518828919565820e-01,4.696014165717088407e-01,8.386792913952574313e-01
5.610000000000208153e+00,-2.164355589502582333e-01,4.697607794127230951e-01,8.380817539493754520e-01
5.611000000000208487e+00,-2.162183892811959662e-01,4.699193250151544321e-01,8.374978539558066704e-01
5.612000000000208821e+00,-2.160003810245425537e-01,4.700770538907614871e-01,8.369276667880553022e-01
5.613000000000209155e+00,-2.157815421471872552e-01,4.702339650959708184e-01,8.363712675696147736e-01
5.614000000000209489e+00,-2.155618806056334158e-01,4.703900570430349370e-01,8.358287230697519776e-01
5.615000000000209823e+00,-2.153414037158436489e-01,4.705453282282465732e-01,8.353000867949544883e-01
5.616000000000210157e+00,-2.151201180012372038e-01,4.706997775668901873e-01,8.347853991013818309e-01
5.617000000000210491e+00,-2.148980293764535254e-01,4.708534044100033400e-01,8.342846900744769201e-01
5.618000000000210825e+00,-2.146751434050701013e-01,4.710062084586481568e-01,8.337979827384295328e-01
5.619000000000211159e+00,-2.144514655032102590e-01,4.711581896918370926e-01,8.333252955949596030e-01
5.620000000000211493e+00,-2.142270010731471830e-01,4.713093483293026020e-01,8.328666443956039833e-01
5.621000000000211827e+00,-2.140017555840085794e-01,4.714596848201373369e-01,8.324220433230082872e-01
5.622000000000212161e+00,-2.137757346171191841e-01,4.716091998460465451e-01,8.319915057665809854e-01
5.623000000000212495e+00,-2.135489438881199575e-01,4.717578943311478978e-01,8.315750448282980267e-01
5.624000000000212829e+00,-2.133213892534895351e-01,4.719057694532098335e-01,8.311726736481447331e-01
5.625000000000213163e+00,-2.130930767061715025e-01,4.720528266532412198e-01,8.307844056065143423e-01
5.626000000000213497e+00,-2.128640123632606906e-01,4.721990676416570887e-01,8.304102544405171926e-01
5.627000000000213831e+00,-2.126342024477265724e-01,4.723444944001334855e-01,8.300502342986635362e-01
5.628000000000214165e+00,-2.124036532656433662e-01,4.724891091788677722e-01,8.297043597507565149e-01
5.629000000000214499e+00,-2.121723711801686285e-01,4.726329144894050316e-01,8.293726457651211526e-01
5.630000000000214833e+00,-2.119403625834438420e-01,4.727759130935100806e-01,8.290551076623051685e-01
5.631000000000215167e+00,-2.117076338675784042e-01,4.729181079887808670e-01,8.287517610523983391e-01
5.632000000000215501e+00,-2.114741913958810837e-01,4.730595023918361397e-01,8.284626217617052646e-01
5.633000000000215834e+00,-2.112400414754519451e-01,4.732000997199593550e-01,8.281877057534164921e-01
5.634000000000216168e+00,-2.110051903321467082e-01,4.733399035720662340e-01,8.279270290460205572e-01
5.635000000000216502e+00,-2.107696440887495415e-01,4.734789177097838975e-01,8.276806076324040307e-01
5.636000000000216836e+00,-2.105334087469702409e-01,4.736171460393068244e-01,8.274484574018726724e-01
5.637000000000217170e+00,-2.102964901736258385e-01,4.737545925945447767e-01,8.272305940666873081e-01
5.638000000000217504e+00,-2.100588940911108926e-01,4.738912615219167401e-01,8.270270330941449366e-01
5.639000000000217838e+00,-2.098206260720297811e-01,4.740271570669916112e-01,8.268377896447620667e-01
5.640000000000218172e+00,-2.095816915376723655e-01,4.741622835630385779e-01,8.266628785167363658e-01
5.641000000000218506e+00,-2.093420957598767229e-01,4.742966454214392336e-01,8.265023140965723769e-01
5.642000000000218840e+00,-2.091018438657421541e-01,4.744302471238324159e-01,8.263561103155535603e-01
5.643000000000219174e+00,-2.088609408446219229e-01,4.745630932158094728e-01,8.262242806116152360e-01
5.644000000000219508e+00,-2.086193915568358426e-01,4.746951883019454588e-01,8.261068378961053948e-01
5.645000000000219842e+00,-2.083772007435829021e-01,4.748265370419484377e-01,8.260037945249001368e-01
5.646000000000220176e+00,-2.081343730375941892e-01,4.749571441477092870e-01,8.259151622733531539e-01
5.647000000000220510e+00,-2.078909129741361994e-01,4.750870143810562718e-01,8.258409523145943121e-01
5.648000000000220844e+00,-2.076468250020445661e-01,4.752161525520364194e-01,8.257811752007371275e-01
5.649000000000221178e+00,-2.074021134945427391e-01,4.753445635175739259e-01,8.257358408466095590e-01
5.650000000000221512e+00,-2.071567827596558775e-01,4.754722521803778079e-01,8.257049585156710503e-01
5.651000000000221846e+00,-2.069108370500903904e-01,4.755992234879966585e-01,8.256885368078314968e-01
5.652000000000222180e+00,-2.066642805724924203e-01,4.757254824319387954e-01,8.256865836489291066e-01
5.653000000000222514e+00,-2.064171174923625784e-01,4.758510340446895359e-01,8.256991062585076202e-01
5.654000000000222848e+00,-2.061693519341036840e-01,4.759758833942784317e-01,8.257261110522716718e-01
5.655000000000223181e+00,-2.059209879821668476e-01,4.761000355797750938e-01,8.257676035939431891e-01
5.656000000000223515e+00,-2.056720296869382070e-01,4.762234957297746263e-01,8.258235885916178631e-01
5.657000000000223849e+00,-2.054224810714442295e-01,4.763462690016128098e-01,8.258940698955570259e-01
5.658000000000224183e+00,-2.051723461371991464e-01,4.764683605802844113e-01,8.259790504976760595e-01
5.659000000000224517e+00,-2.049216288717925494e-01,4.765897756783538108e-01,8.260785325399827572e-01
5.660000000000224851e+00,-2.046703332551587096e-01,4.767105195353643632e-01,8.261925173236902564e-01
5.661000000000225185e+00,-2.044184632646212085e-01,4.768305974167799111e-01,8.263210053108080988e-01
5.662000000000225519e+00,-2.041660228778928721e-01,4.769500146120427830e-01,8.264639961255719758e-01
5.663000000000225853e+00,-2.039130160760519450e-01,4.770687764327105063e-01,8.266214885564965309e-01
5.664000000000226187e+00,-2.036594468461634388e-01,4.771868882105023690e-01,8.267934805590123615e-01
5.665000000000226521e+00,-2.034053191835804020e-01,4.773043552952666024e-01,8.269799692586503603e-01
5.666000000000226855e+00,-2.031506370939608619e-01,4.774211830528779510e-01,8.271809509547393136e-01
5.667000000000227189e+00,-2.028954045950307483e-01,4.775373768630776228e-01,8.273964211245855571e-01
5.668000000000227523e+00,-2.026396257181213301e-01,4.776529421172643897e-01,8.276263744281040502e-01
5.669000000000227857e+00,-2.023833045095074779e-01,4.777678842162499384e-01,8.278708047128705561e-01
5.670000000000228191e+00,-2.021264450315701788e-01,4.778822085679849119e-01,8.281297050195683962e-01
5.671000000000228525e+00,-2.018690513638035089e-01,4.779959205852694071e-01,8.284030675878013561e-01
5.672000000000228859e+00,-2.016111276036864908e-01,4.781090256834527041e-01,8.286908838622456530e-01
5.673000000000229193e+00,-2.013526778674367135e-01,4.782215292781339944e-01,8.289931444991156528e-01
5.674000000000229527e+00,-2.010937062906591466e-01,4.783334367828703249e-01,8.293098393729170237e-01
5.675000000000229861e+00,-2.008342170289065809e-01,4.784447536068999751e-01,8.296409575834625683e-01
5.676000000000230195e+00,-2.005742142581624643e-01,4.785554851528874831e-01,8.299864874631255329e-01
5.677000000000230528e+00,-2.003137021752572355e-01,4.786656368146969820e-01,8.303464165843067457e-01
5.678000000000230862e+00,-2.000526849982289246e-01,4.787752139751988434e-01,8.307207317670909363e-01
5.679000000000231196e+00,-1.997911669666373458e-01,4.788842220041155118e-01,8.311094190870697007e-01
5.680000000000231530e+00,-1.995291523418383228e-01,4.789926662559104154e-01,8.315124638833074622e-01
5.681000000000231864e+00,-1.992666454072286042e-01,4.791005520677249496e-01,8.319298507664288911e-01
5.682000000000232198e+00,-1.990036504684661312e-01,4.792078847573651990e-01,8.323615636268050233e-01
5.683000000000232532e+00,-1.987401718536736528e-01,4.793146696213436142e-01,8.328075856428169832e-01
5.684000000000232866e+00,-1.984762139136316828e-01,4.794209119329773117e-01,8.332678992891766612e-01
5.685000000000233200e+00,-1.982117810219672371e-01,4.795266169405436596e-01,8.337424863452839174e-01
5.686000000000233534e+00,-1.979468775753442378e-01,4.796317898654991474e-01,8.342313279036001061e-01
5.687000000000233868e+00,-1.976815079936610209e-01,4.797364359007578738e-01,8.347344043780192679e-01
5.688000000000234202e+00,-1.974156767202623897e-01,4.798405602090352051e-01,8.352516955122180065e-01
5.689000000000234536e+00,-1.971493882221698746e-01,4.799441679212542722e-01,8.357831803879659516e-01
5.690000000000234870e+00,-1.968826469903394161e-01,4.800472641350190806e-01,8.363288374333792685e-01
5.691000000000235204e+00,-1.966154575399495785e-01,4.801498539131511256e-01,8.368886444311000039e-01
5.692000000000235538e+00,-1.963478244107298432e-01,4.802519422822932871e-01,8.374625785263845046e-01
5.693000000000235872e+00,-1.960797521673335320e-01,4.803535342315787826e-01,8.380506162350858101e-01
5.694000000000236206e+00,-1.958112453997640223e-01,4.804546347113666238e-01,8.386527334515130327e-01
5.695000000000236540e+00,-1.955423087238621349e-01,4.805552486320425754e-01,8.392689054561535134e-01
5.696000000000236874e+00,-1.952729467818601350e-01,4.806553808628867275e-01,8.398991069232427664e-01
5.697000000000237208e+00,-1.950031642430146706e-01,4.807550362310061276e-01,8.405433119281681131e-01
5.698000000000237542e+00,-1.947329658043236433e-01,4.808542195203350245e-01,8.412014939546912373e-01
5.699000000000237875e+00,-1.944623561913383369e-01,4.809529354706999493e-01,8.418736259019774515e-01
5.700000000000238209e+00,-1.941913401590799060e-01,4.810511887769516326e-01,8.425596800914174622e-01
5.701000000000238543e+00,-1.939199224930686638e-01,4.811489840881643110e-01,8.432596282732289783e-01
5.702000000000238877e+00,-1.936481080104774932e-01,4.812463260069017590e-01,8.439734416328265043e-01
5.703000000000239211e+00,-1.933759015614185950e-01,4.813432190885502671e-01,8.447010907969463300e-01
5.704000000000239545e+00,-1.931033080303717897e-01,4.814396678407220076e-01,8.454425458395167237e-01
5.705000000000239879e+00,-1.928303323377653644e-01,4.815356767227255697e-01,8.461977762872614495e-01
5.706000000000240213e+00,-1.925569794417156810e-01,4.816312501451068817e-01,8.469667511250275060e-01
5.707000000000240547e+00,-1.922832543399333183e-01,4.817263924692606336e-01,8.477494388008286474e-01
5.708000000000240881e+00,-1.920091620717986336e-01,4.818211080071119756e-01,8.485458072305969157e-01
5.709000000000241215e+00,-1.917347077206111861e-01,4.819154010208673844e-01,8.493558238026376328e-01
5.710000000000241549e+00,-1.914598964160089123e-01,4.820092757228363611e-01,8.501794553817836331e-01
5.711000000000241883e+00,-1.911847333365512824e-01,4.821027362753184109e-01,8.510166683132501797e-01
5.712000000000242217e+00,-1.909092237124552227e-01,4.821957867905539707e-01,8.518674284261931184e-01
5.713000000000242551e+00,-1.906333728284627105e-01,4.822884313307341797e-01,8.527317010369792616e-01
5.714000000000242885e+00,-1.903571860268127303e-01,4.823806739080582773e-01,8.536094509521819917e-01
5.715000000000243219e+00,-1.900806687102792880e-01,4.824725184848314141e-01,8.545006424713238458e-01
5.716000000000243553e+00,-1.898038263452227481e-01,4.825639689735840010e-01,8.554052393893931683e-01
5.717000000000243887e+00,-1.895266644645918763e-01,4.826550292371949435e-01,8.563232049991730266e-01
5.718000000000244221e+00,-1.892491886707976523e-01,4.827457030889924505e-01,8.572545020934291271e-01
5.719000000000244555e+00,-1.889714046383610402e-01,4.828359942928024395e-01,8.581990929670151314e-01
5.720000000000244889e+00,-1.886933181162270268e-01,4.829259065629040171e-01,8.591569394189639830e-01
5.721000000000245223e+00,-1.884149349296171394e-01,4.830154435638528421e-01,8.601280027546461815e-01
5.722000000000245556e+00,-1.881362609812838871e-01,4.831046089101177499e-01,8.611122437880834868e-01
5.723000000000245890e+00,-1.878573022520214630e-01,4.831934061654805657e-01,8.621096228445158660e-01
5.724000000000246224e+00,-1.875780648002851603e-01,4.832818388421391553e-01,8.631200997633212690e-01
5.725000000000246558e+00,-1.872985547607793899e-01,4.833699103994607560e-01,8.641436339013884860e-01
5.726000000000246892e+00,-1.870187783418915117e-01,4.834576242423305192e-01,8.651801841370332369e-01
5.727000000000247226e+00,-1.867387418218754425e-01,4.835449837190552991e-01,8.662297088745339879e-01
5.728000000000247560e+00,-1.864584515437308632e-01,4.836319921187938187e-01,8.672921660493396745e-01
5.729000000000247894e+00,-1.861779139087758050e-01,4.837186526685034460e-01,8.683675131339700926e-01
5.730000000000248228e+00,-1.858971353689675698e-01,4.838049685294225633e-01,8.694557071445917495e-01
5.731000000000248562e+00,-1.856161224180941094e-01,4.838909427931286089e-01,8.705567046482091120e-01
5.732000000000248896e+00,-1.853348815820229367e-01,4.839765784772475099e-01,8.716704617703675551e-01
5.733000000000249230e+00,-1.850534194082470441e-01,4.840618785209113151e-01,8.727969342032236844e-01
5.734000000000249564e+00,-1.847717424550203713e-01,4.841468457800893743e-01,8.739360772138027311e-01
5.735000000000249898e+00,-1.844898572803947978e-01,4.842314830229305089e-01,8.750878456522411808e-01
5.736000000000250232e+00,-1.842077704314838416e-01,4.843157929252647209e-01,8.762521939597996967e-01
5.737000000000250566e+00,-1.839254884342589325e-01,4.843997780664079933e-01,8.774290761764367286e-01
5.738000000000250900e+00,-1.836430177843401124e-01,4.844834409255119878e-01,8.786184459481656273e-01
5.739000000000251234e+00,-1.833603649415939119e-01,4.845667838800951088e-01,8.798202565419761534e-01
5.740000000000251568e+00,-1.830775363253339671e-01,4.846498092048777684e-01,8.810344608634873564e-01
5.741000000000251902e+00,-1.827945383103128929e-01,4.847325190710314313e-01,8.822610114629211298e-01
5.742000000000252236e+00,-1.825113772215744001e-01,4.848149155447062375e-01,8.834998605381270131e-01
5.743000000000252570e+00,-1.822280593310456887e-01,4.848970005865285149e-01,8.847509599365767086e-01
5.744000000000252903e+00,-1.819445908553698477e-01,4.849787760517892954e-01,8.860142611563630588e-01
5.745000000000253237e+00,-1.816609779548528092e-01,4.850602436912622162e-01,8.872897153462659947e-01
5.746000000000253571e+00,-1.813772267333889632e-01,4.851414051525846372e-01,8.885772733049704941e-01
5.747000000000253905e+00,-1.810933432392189957e-01,4.852222619821262573e-01,8.898768854795334748e-01
5.748000000000254239e+00,-1.808093334663699592e-01,4.853028156272652938e-01,8.911885019632035387e-01
5.749000000000254573e+00,-1.805252033566308034e-01,4.853830674389918443e-01,8.925120724926984828e-01
5.750000000000254907e+00,-1.802409588019273645e-01,4.854630186747621590e-01,8.938475464450422736e-01
5.751000000000255241e+00,-1.799566056469771302e-01,4.855426705015329913e-01,8.951948728340551886e-01
5.752000000000255575e+00,-1.796721496921144245e-01,4.856220239989117449e-01,8.965540003065832764e-01
5.753000000000255909e+00,-1.793875966961993029e-01,4.857010801623672380e-01,8.979248771385435202e-01
5.754000000000256243e+00,-1.791029523795343303e-01,4.857798399064547912e-01,8.993074512308496526e-01
5.755000000000256577e+00,-1.788182224267322873e-01,4.858583040680136689e-01,9.007016701052751317e-01
5.756000000000256911e+00,-1.785334124894880636e-01,4.859364734093093441e-01,9.021074809002996853e-01
5.757000000000257245e+00,-1.782485281892228768e-01,4.860143486210913855e-01,9.035248303669780601e-01
5.758000000000257579e+00,-1.779635751195752791e-01,4.860919303255502033e-01,9.049536648648609516e-01
5.759000000000257913e+00,-1.776785588487264089e-01,4.861692190791599977e-01,9.063939303579934270e-01
5.760000000000258247e+00,-1.773934849215479392e-01,4.862462153753955851e-01,9.078455724110086056e-01
5.761000000000258581e+00,-1.771083588615726123e-01,4.863229196473198845e-01,9.093085361853316950e-01
5.762000000000258915e+00,-1.768231861727864729e-01,4.863993322700379540e-01,9.107827664355037101e-01
5.763000000000259249e+00,-1.765379723412483504e-01,4.864754535630178012e-01,9.122682075056330886e-01
5.764000000000259583e+00,-1.762527228365422527e-01,4.865512837922797429e-01,9.137648033259785363e-01
5.765000000000259917e+00,-1.759674431130708872e-01,4.866268231724557580e-01,9.152724974096674293e-01
5.766000000000260250e+00,-1.756821386112005223e-01,4.867020718687250502e-01,9.167912328495487762e-01
5.767000000000260584e+00,-1.753968147582656290e-01,4.867770299986288185e-01,9.183209523151828479e-01
5.768000000000260918e+00,-1.751114769694440687e-01,4.868516976337698976e-01,9.198615980499644795e-01
5.769000000000261252e+00,-1.748261306485133781e-01,4.869260748014042628e-01,9.214131118683794863e-01
5.770000000000261586e+00,-1.745407811884964744e-01,4.870001614859285066e-01,9.229754351533916434e-01
5.771000000000261920e+00,-1.742554339722078849e-01,4.870739576302703933e-01,9.245485088539575624e-01
5.772000000000262254e+00,-1.739700943727087168e-01,4.871474631371872643e-01,9.261322734826668013e-01
5.773000000000262588e+00,-1.736847677536785817e-01,4.872206778704805119e-01,9.277266691135045429e-01
5.774000000000262922e+00,-1.733994594697138014e-01,4.872936016561280059e-01,9.293316353797337337e-01
5.775000000000263256e+00,-1.731141748665581126e-01,4.873662342833443573e-01,9.309471114718937956e-01
5.776000000000263590e+00,-1.728289192812727526e-01,4.874385755055699043e-01,9.325730361359129139e-01
5.777000000000263924e+00,-1.725436980423536992e-01,4.875106250413974163e-01,9.342093476713319022e-01
5.778000000000264258e+00,-1.722585164698001714e-01,4.875823825754384000e-01,9.358559839296358707e-01
5.779000000000264592e+00,-1.719733798751404974e-01,4.876538477591351173e-01,9.375128823126919198e-01
5.780000000000264926e+00,-1.716882935614205685e-01,4.877250202115216426e-01,9.391799797712903075e-01
5.781000000000265260e+00,-1.714032628231585420e-01,4.877958995199400682e-01,9.408572128037867577e-01
5.782000000000265594e+00,-1.711182929462702340e-01,4.878664852407119668e-01,9.425445174548436889e-01
5.783000000000265928e+00,-1.708333892079679783e-01,4.879367768997726618e-01,9.442418293142683661e-01
5.784000000000266262e+00,-1.705485568766383908e-01,4.880067739932691939e-01,9.459490835159459765e-01
5.785000000000266596e+00,-1.702638012116982624e-01,4.880764759881267567e-01,9.476662147368666300e-01
5.786000000000266930e+00,-1.699791274634350202e-01,4.881458823225838239e-01,9.493931571962430649e-01
5.787000000000267264e+00,-1.696945408728312010e-01,4.882149924067034075e-01,9.511298446547192809e-01
5.788000000000267597e+00,-1.694100466713772679e-01,4.882838056228575585e-01,9.528762104136671018e-01
5.789000000000267931e+00,-1.691256500808714369e-01,4.883523213261922180e-01,9.546321873145706682e-01
5.790000000000268265e+00,-1.688413563132128425e-01,4.884205388450716390e-01,9.563977077384964165e-01
5.791000000000268599e+00,-1.685571705701838230e-01,4.884884574815062663e-01,9.581727036056484348e-01
5.792000000000268933e+00,-1.682730980432280976e-01,4.885560765115644077e-01,9.599571063750074185e-01
5.793000000000269267e+00,-1.679891439132215059e-01,4.886233951857713587e-01,9.617508470440521151e-01
5.794000000000269601e+00,-1.677053133502391935e-01,4.886904127294963152e-01,9.635538561485630371e-01
5.795000000000269935e+00,-1.674216115133183580e-01,4.887571283433287395e-01,9.653660637625072205e-01
5.796000000000270269e+00,-1.671380435502181072e-01,4.888235412034467320e-01,9.671873994980025868e-01
5.797000000000270603e+00,-1.668546145971775418e-01,4.888896504619768546e-01,9.690177925053621300e-01
5.798000000000270937e+00,-1.665713297786703961e-01,4.889554552473495130e-01,9.708571714732165958e-01
5.799000000000271271e+00,-1.662881942071602337e-01,4.890209546646470118e-01,9.727054646287149886e-01
5.800000000000271605e+00,-1.660052129828527567e-01,4.890861477959500547e-01,9.745625997378026817e-01
5.801000000000271939e+00,-1.657223911934487814e-01,4.891510337006791387e-01,9.764285041055759118e-01
5.802000000000272273e+00,-1.654397339138961032e-01,4.892156114159357250e-01,9.783031045767123235e-01
5.803000000000272607e+00,-1.651572462061412505e-01,4.892798799568408574e-01,9.801863275359775640e-01
5.804000000000272941e+00,-1.648749331188815725e-01,4.893438383168736694e-01,9.820780989088060409e-01
5.805000000000273275e+00,-1.645927996873168819e-01,4.894074854682105569e-01,9.839783441619568416e-01
5.806000000000273609e+00,-1.643108509329025413e-01,4.894708203620650178e-01,9.858869883042430393e-01
5.807000000000273943e+00,-1.640290918631016615e-01,4.895338419290284904e-01,9.878039558873347170e-01
5.808000000000274277e+00,-1.637475274711382989e-01,4.895965490794138564e-01,9.897291710066349335e-01
5.809000000000274611e+00,-1.634661627357520963e-01,4.896589407036008312e-01,9.916625573022277429e-01
5.810000000000274945e+00,-1.631850026209522575e-01,4.897210156723852403e-01,9.936040379598984895e-01
5.811000000000275278e+00,-1.629040520757731869e-01,4.897827728373301825e-01,9.955535357122251572e-01
5.812000000000275612e+00,-1.626233160340300188e-01,4.898442110311219677e-01,9.975109728397406617e-01
5.813000000000275946e+00,-1.623427994140763664e-01,4.899053290679298289e-01,9.994762711721656423e-01
5.814000000000276280e+00,-1.620625071185455290e-01,4.899661257437569750e-01,1.001449352089643474e+00
5.815000000000276614e+00,-1.617824440335728919e-01,4.900265998363745323e-01,1.003430136521134219e+00
5.816000000000276948e+00,-1.615026150280505224e-01,4.900867501052854625e-01,1.005418544940503311e+00
5.817000000000277282e+00,-1.612230249529461590e-01,4.901465752917406604e-01,1.007414497366999617e+00
5.818000000000277616e+00,-1.609436786411870823e-01,4.902060741192133531e-01,1.009417913367041120e+00
5.819000000000277950e+00,-1.606645809382751811e-01,4.902652453168691027e-01,1.011428712140970632e+00
5.820000000000278284e+00,-1.603857367449668114e-01,4.903240876524549430e-01,1.013446812743178160e+00
5.821000000000278618e+00,-1.601071510507129370e-01,4.903825999585758044e-01,1.015472134154069561e+00
5.822000000000278952e+00,-1.598288289307068233e-01,4.904407811320168342e-01,1.017504595280257051e+00
5.823000000000279286e+00,-1.595507755421000651e-01,4.904986301324011366e-01,1.019544114955050595e+00
5.824000000000279620e+00,-1.592729961221404089e-01,4.905561459822718184e-01,1.021590611939236171e+00
5.825000000000279954e+00,-1.589954959863092432e-01,4.906133277671641535e-01,1.023644004922128037e+00
5.826000000000280288e+00,-1.587182805264567564e-01,4.906701746356696425e-01,1.025704212522878800e+00
5.827000000000280622e+00,-1.584413552089387611e-01,4.907266857994896370e-01,1.027771153292037276e+00
5.828000000000280956e+00,-1.581647255727570700e-01,4.907828605334803029e-01,1.029844745713335508e+00
5.829000000000281290e+00,-1.578883972277039804e-01,4.908386981756870382e-01,1.031924908205695823e+00
5.830000000000281624e+00,-1.576123758525137530e-01,4.908941981273704513e-01,1.034011559125440405e+00
5.831000000000281958e+00,-1.573366671930231941e-01,4.909493598530211278e-01,1.036104616768691589e+00
5.832000000000282292e+00,-1.570612770603428965e-01,4.910041828803659580e-01,1.038203999373947584e+00
5.833000000000282625e+00,-1.567862113290401371e-01,4.910586668003632527e-01,1.040309625124821613e+00
5.834000000000282959e+00,-1.565114759353380958e-01,4.911128112671888646e-01,1.042421412152928273e+00
5.835000000000283293e+00,-1.562370768753295058e-01,4.911666159982125412e-01,1.044539278540905558e+00
5.836000000000283627e+00,-1.559630202032110668e-01,4.912200807739632857e-01,1.046663142325555906e+00
5.837000000000283961e+00,-1.556893120295371746e-01,4.912732054380863911e-01,1.048792921501095154e+00
5.838000000000284295e+00,-1.554159585194966331e-01,4.913259898972893724e-01,1.050928534022492755e+00
5.839000000000284629e+00,-1.551429658912151233e-01,4.913784341212793505e-01,1.053069897808891264e+00
5.840000000000284963e+00,-1.548703404140842066e-01,4.914305381426899988e-01,1.055216930747089998e+00
5.841000000000285297e+00,-1.545980884071195272e-01,4.914823020569997203e-01,1.057369550695078209e+00
5.842000000000285631e+00,-1.543262162373519875e-01,4.915337260224407201e-01,1.059527675485604004e+00
5.843000000000285965e+00,-1.540547303182517869e-01,4.915848102598979752e-01,1.061691222929764589e+00
5.844000000000286299e+00,-1.537836371081898745e-01,4.916355550528007656e-01,1.063860110820602278e+00
5.845000000000286633e+00,-1.535129431089389263e-01,4.916859607470051019e-01,1.066034256936692071e+00
5.846000000000286967e+00,-1.532426548642160657e-01,4.917360277506679367e-01,1.068213579045706352e+00
5.847000000000287301e+00,-1.529727789582704389e-01,4.917857565341138271e-01,1.070397994907938299e+00
5.848000000000287635e+00,-1.527033220145181946e-01,4.918351476296942693e-01,1.072587422279772218e+00
5.849000000000287969e+00,-1.524342906942292020e-01,4.918842016316399279e-01,1.074781778917081487e+00
5.850000000000288303e+00,-1.521656916952671690e-01,4.919329191959072034e-01,1.076980982578538804e+00
5.851000000000288637e+00,-1.518975317508874934e-01,4.919813010400188036e-01,1.079184951028821171e+00
5.852000000000288971e+00,-1.516298176285962862e-01,4.920293479428996530e-01,1.081393602041692326e+00
5.853000000000289305e+00,-1.513625561290741217e-01,4.920770607447092493e-01,1.083606853402944825e+00
5.854000000000289639e+00,-1.510957540851682879e-01,4.921244403466710216e-01,1.085824622913180271e+00
5.855000000000289972e+00,-1.508294183609593109e-01,4.921714877109001351e-01,1.088046828390411447e+00
5.856000000000290306e+00,-1.505635558509028638e-01,4.922182038602305187e-01,1.090273387672464178e+00
5.857000000000290640e+00,-1.502981734790552748e-01,4.922645898780437790e-01,1.092504218619156697e+00
5.858000000000290974e+00,-1.500332781983853003e-01,4.923106469081011127e-01,1.094739239114235874e+00
5.859000000000291308e+00,-1.497688769901782679e-01,4.923563761543791051e-01,1.096978367067046989e+00
5.860000000000291642e+00,-1.495049768635363652e-01,4.924017788809139651e-01,1.099221520413911746e+00
5.861000000000291976e+00,-1.492415848549828450e-01,4.924468564116543101e-01,1.101468617119191418e+00
5.862000000000292310e+00,-1.489787080281738119e-01,4.924916101303261629e-01,1.103719575176008050e+00
5.863000000000292644e+00,-1.487163534737243609e-01,4.925360414803139353e-01,1.105974312606597509e+00
5.864000000000292978e+00,-1.484545283091543988e-01,4.925801519645588433e-01,1.108232747462267964e+00
5.865000000000293312e+00,-1.481932396789603645e-01,4.926239431454797479e-01,1.110494797822935586e+00
5.866000000000293646e+00,-1.479324947548178448e-01,4.926674166449197534e-01,1.112760381796211062e+00
5.867000000000293980e+00,-1.476723007359209694e-01,4.927105741441226705e-01,1.115029417516009591e+00
5.868000000000294314e+00,-1.474126648494630265e-01,4.927534173837426756e-01,1.117301823140659511e+00
5.869000000000294648e+00,-1.471535943512627398e-01,4.927959481638924943e-01,1.119577516850485566e+00
5.870000000000294982e+00,-1.468950965265390929e-01,4.928381683442338845e-01,1.121856416844847715e+00
5.871000000000295316e+00,-1.466371786908359232e-01,4.928800798441130837e-01,1.124138441338619065e+00
5.872000000000295650e+00,-1.463798481910967286e-01,4.929216846427468823e-01,1.126423508558094033e+00
5.873000000000295984e+00,-1.461231124068874676e-01,4.929629847794587683e-01,1.128711536736326515e+00
5.874000000000296318e+00,-1.458669787517605787e-01,4.930039823539695831e-01,1.131002444107907845e+00
5.875000000000296652e+00,-1.456114546747520055e-01,4.930446795267393600e-01,1.133296148903208955e+00
5.876000000000296986e+00,-1.453565476619976815e-01,4.930850785193602315e-01,1.135592569342128266e+00
5.877000000000297320e+00,-1.451022652384496014e-01,4.931251816149921918e-01,1.137891623627408366e+00
5.878000000000297653e+00,-1.448486149696680547e-01,4.931649911588342761e-01,1.140193229937608743e+00
5.879000000000297987e+00,-1.445956044636552695e-01,4.932045095586160555e-01,1.142497306419852032e+00
5.880000000000298321e+00,-1.443432413726931651e-01,4.932437392850896885e-01,1.144803771182495877e+00
5.881000000000298655e+00,-1.440915333951343635e-01,4.932826828724975465e-01,1.147112542287916703e+00
5.882000000000298989e+00,-1.438404882770912829e-01,4.933213429189816646e-01,1.149423537745633883e+00
5.883000000000299323e+00,-1.435901138139545896e-01,4.933597220868932709e-01,1.151736675506041641e+00
5.884000000000299657e+00,-1.433404178516697325e-01,4.933978231029566563e-01,1.154051873455055333e+00
5.885000000000299991e+00,-1.430914082876896254e-01,4.934356487582278739e-01,1.156369049410010952e+00
5.886000000000300325e+00,-1.428430930715196556e-01,4.934732019077892051e-01,1.158688121117180225e+00
5.887000000000300659e+00,-1.425954802047691983e-01,4.935104854701113375e-01,1.161009006251276343e+00
5.888000000000300993e+00,-1.423485777406306996e-01,4.935475024260157495e-01,1.163331622417309363e+00
5.889000000000301327e+00,-1.421023937827142758e-01,4.935842558171760208e-01,1.165655887155122361e+00
5.890000000000301661e+00,-1.418569364831795410e-01,4.936207487440981145e-01,1.167981717946873887e+00
5.891000000000301995e+00,-1.416122140401359086e-01,4.936569843635422172e-01,1.170309032227640156e+00
5.892000000000302329e+00,-1.413682346942970458e-01,4.936929658853620451e-01,1.172637747399193131e+00
5.893000000000302663e+00,-1.411250067249207873e-01,4.937286965687673890e-01,1.174967780846863707e+00
5.894000000000302997e+00,-1.408825384450874685e-01,4.937641797180435388e-01,1.177299049959241950e+00
5.895000000000303331e+00,-1.406408381964102672e-01,4.937994186777930894e-01,1.179631472150305171e+00
5.896000000000303665e+00,-1.403999143432974606e-01,4.938344168277997159e-01,1.181964964883413627e+00
5.897000000000303999e+00,-1.401597752669123675e-01,4.938691775776353765e-01,1.184299445696489039e+00
5.898000000000304333e+00,-1.399204293589877413e-01,4.939037043611617106e-01,1.186634832227607905e+00
5.899000000000304667e+00,-1.396818850156605896e-01,4.939380006310817306e-01,1.188971042240203335e+00
5.900000000000305000e+00,-1.394441506314815227e-01,4.939720698537055643e-01,1.191307993647090502e+00
5.901000000000305334e+00,-1.392072345937411804e-01,4.940059155040820160e-01,1.193645604532591387e+00
5.902000000000305668e+00,-1.389711452772292022e-01,4.940395410616325034e-01,1.195983793172154197e+00
5.903000000000306002e+00,-1.387358910395121159e-01,4.940729500063980595e-01,1.198322478048998496e+00
5.904000000000306336e+00,-1.385014802167852110e-01,4.941061458159775599e-01,1.200661577867480956e+00
5.905000000000306670e+00,-1.382679211203214908e-01,4.941391319632054691e-01,1.203001011563038736e+00
5.906000000000307004e+00,-1.380352220335135938e-01,4.941719119145844274e-01,1.205340698308715597e+00
5.907000000000307338e+00,-1.378033912094787095e-01,4.942044891294573583e-01,1.207680557518413966e+00
5.908000000000307672e+00,-1.375724368691801924e-01,4.942368670598820124e-01,1.210020508847116094e+00
5.909000000000308006e+00,-1.373423672000079199e-01,4.942690491511497752e-01,1.212360472188394489e+00
5.910000000000308340e+00,-1.371131903547486708e-01,4.943010388428776825e-01,1.214700367669581338e+00
5.911000000000308674e+00,-1.368849144508821336e-01,4.943328395705977041e-01,1.217040115644985043e+00
5.912000000000309008e+00,-1.366575475701325981e-01,4.943644547677574774e-01,1.219379636687543789e+00
5.913000000000309342e+00,-1.364310977582187112e-01,4.943958878680584368e-01,1.221718851579286502e+00
5.914000000000309676e+00,-1.362055730247406782e-01,4.944271423080491834e-01,1.224057681300944944e+00
5.915000000000310010e+00,-1.359809813431627212e-01,4.944582215299084815e-01,1.226396047021023117e+00
5.916000000000310344e+00,-1.357573306508444988e-01,4.944891289843533766e-01,1.228733870084589563e+00
5.917000000000310678e+00,-1.355346288490930640e-01,4.945198681336189228e-01,1.231071072002017930e+00
5.918000000000311012e+00,-1.353128838032052750e-01,4.945504424544614475e-01,1.233407574437860754e+00
5.919000000000311346e+00,-1.350921033424842266e-01,4.945808554411481595e-01,1.235743299200006806e+00
5.920000000000311680e+00,-1.348722952602120495e-01,4.946111106084014608e-01,1.238078168229235665e+00
5.921000000000312014e+00,-1.346534673135710847e-01,4.946412114942724259e-01,1.240412103589258797e+00
5.922000000000312347e+00,-1.344356272235067706e-01,4.946711616629236863e-01,1.242745027457306639e+00
5.923000000000312681e+00,-1.342187826745276924e-01,4.947009647073091765e-01,1.245076862115306771e+00
5.924000000000313015e+00,-1.340029413144444570e-01,4.947306242517399699e-01,1.247407529941673365e+00
5.925000000000313349e+00,-1.337881107540461745e-01,4.947601439543281021e-01,1.249736953403723261e+00
5.926000000000313683e+00,-1.335742985667178750e-01,4.947895275093074918e-01,1.252065055050715303e+00
5.927000000000314017e+00,-1.333615122880025261e-01,4.948187786492281859e-01,1.254391757507506755e+00
5.928000000000314351e+00,-1.331497594151103137e-01,4.948479011470265920e-01,1.256716983468811444e+00
5.929000000000314685e+00,-1.329390474063809613e-01,4.948768988179722550e-01,1.259040655694042110e+00
5.930000000000315019e+00,-1.327293836807027505e-01,4.949057755214951726e-01,1.261362697002713418e+00
5.931000000000315353e+00,-1.325207756168930162e-01,4.949345351628975376e-01,1.263683030270384311e+00
5.932000000000315687e+00,-1.323132305530444475e-01,4.949631816949539020e-01,1.266001578425113072e+00
5.933000000000316021e+00,-1.321067557858418562e-01,4.949917191194069810e-01,1.268318264444401766e+00
5.934000000000316355e+00,-1.319013585698531887e-01,4.950201514883615372e-01,1.270633011352605424e+00
5.935000000000316689e+00,-1.316970461167989992e-01,4.950484829055845637e-01,1.272945742218781540e+00
5.936000000000317023e+00,-1.314938255948043810e-01,4.950767175277163146e-01,1.275256380154957903e+00
5.937000000000317357e+00,-1.312917041276356889e-01,4.951048595653984030e-01,1.277564848314797663e+00
5.938000000000317691e+00,-1.310906887939268239e-01,4.951329132843238501e-01,1.279871069892641655e+00
5.939000000000318025e+00,-1.308907866263967490e-01,4.951608830062166344e-01,1.282174968122909542e+00
5.940000000000318359e+00,-1.306920046110616740e-01,4.951887731097447398e-01,1.284476466279842688e+00
5.941000000000318693e+00,-1.304943496864449104e-01,4.952165880313738056e-01,1.286775487677575880e+00
5.942000000000319027e+00,-1.302978287427866144e-01,4.952443322661657099e-01,1.289071955670522129e+00
5.943000000000319361e+00,-1.301024486212543074e-01,4.952720103685295250e-01,1.291365793654061234e+00
5.944000000000319694e+00,-1.299082161131599467e-01,4.952996269529285067e-01,1.293656925065520991e+00
5.945000000000320028e+00,-1.297151379591824361e-01,4.953271866945504476e-01,1.295945273385445518e+00
5.946000000000320362e+00,-1.295232208485994629e-01,4.953546943299464989e-01,1.298230762139141792e+00
5.947000000000320696e+00,-1.293324714185305480e-01,4.953821546576445689e-01,1.300513314898503081e+00
5.948000000000321030e+00,-1.291428962531944169e-01,4.954095725387427374e-01,1.302792855284104601e+00
5.949000000000321364e+00,-1.289545018831813605e-01,4.954369528974889025e-01,1.305069306967572951e+00
5.950000000000321698e+00,-1.287672947847450233e-01,4.954643007218546558e-01,1.307342593674230224e+00
5.951000000000322032e+00,-1.285812813791152864e-01,4.954916210641077123e-01,1.309612639186015004e+00
5.952000000000322366e+00,-1.283964680318350204e-01,4.955189190413898936e-01,1.311879367344688463e+00
5.953000000000322700e+00,-1.282128610521248158e-01,4.955461998363112075e-01,1.314142702055330458e+00
5.954000000000323034e+00,-1.280304666922778001e-01,4.955734686975619141e-01,1.316402567290135828e+00
5.955000000000323368e+00,-1.278492911470893167e-01,4.956007309405561223e-01,1.318658887092523324e+00
5.956000000000323702e+00,-1.276693405533235737e-01,4.956279919481103580e-01,1.320911585581567183e+00
5.957000000000324036e+00,-1.274906209892238129e-01,4.956552571711677624e-01,1.323160586956769746e+00
5.958000000000324370e+00,-1.273131384738572791e-01,4.956825321293654163e-01,1.325405815502357143e+00
5.959000000000324704e+00,-1.271368989656999071e-01,4.957098224108443807e-01,1.327647195586314943e+00
5.960000000000325038e+00,-1.269619083615782795e-01,4.957371336724343269e-01,1.329884651661198181e+00
5.961000000000325372e+00,-1.267881724960600032e-01,4.957644716403036833e-01,1.332118108270132106e+00
5.962000000000325706e+00,-1.266156971413556764e-01,4.957918421111434659e-01,1.334347490053508611e+00
5.963000000000326040e+00,-1.264444880071561306e-01,4.958192509533067005e-01,1.336572721756051241e+00
5.964000000000326374e+00,-1.262745507405136358e-01,4.958467041080114601e-01,1.338793728234204838e+00
5.965000000000326708e+00,-1.261058909257500860e-01,4.958742075905864244e-01,1.341010434463774992e+00
5.966000000000327042e+00,-1.259385140843611861e-01,4.959017674917250984e-01,1.343222765547678499e+00
5.967000000000327375e+00,-1.257724256748642411e-01,4.959293899786841875e-01,1.345430646723575707e+00
5.968000000000327709e+00,-1.256076310925022810e-01,4.959570812963302044e-01,1.347634003371013689e+00
5.969000000000328043e+00,-1.254441356686634146e-01,4.959848477678799883e-01,1.349832761017486504e+00
5.970000000000328377e+00,-1.252819439872830953e-01,4.960126953317807175e-01,1.352026843504356979e+00
5.971000000000328711e+00,-1.251210601149522761e-01,4.960406297151854771e-01,1.354216170959188004e+00
5.972000000000329045e+00,-1.249614875227605948e-01,4.960686563868489385e-01,1.356400664134324030e+00
5.973000000000329379e+00,-1.248032301630266350e-01,4.960967812914020003e-01,1.358580245182269941e+00
5.974000000000329713e+00,-1.246462922065240120e-01,4.961250106569271567e-01,1.360754837517416549e+00
5.975000000000330047e+00,-1.244906780103364197e-01,4.961533509622636506e-01,1.362924365687357309e+00
5.976000000000330381e+00,-1.243363920879535511e-01,4.961818089039587987e-01,1.365088755250674746e+00
5.977000000000330715e+00,-1.241834390808597144e-01,4.962103913609643424e-01,1.367247932656694198e+00
5.978000000000331049e+00,-1.240318237303904558e-01,4.962391053543181441e-01,1.369401825120297289e+00
5.979000000000331383e+00,-1.238815508478050553e-01,4.962679579980580069e-01,1.371550360481212039e+00
5.980000000000331717e+00,-1.237326252793733428e-01,4.962969564375054876e-01,1.373693467033426430e+00
5.981000000000332051e+00,-1.235850518627121808e-01,4.963261077749004935e-01,1.375831073312594022e+00
5.982000000000332385e+00,-1.234388353731150634e-01,4.963554189935760474e-01,1.377963107850314506e+00
5.983000000000332719e+00,-1.232939804656073557e-01,4.963848969044237780e-01,1.380089498944324644e+00
5.984000000000333053e+00,-1.231504916244454684e-01,4.964145481348454236e-01,1.382210174509685974e+00
5.985000000000333387e+00,-1.230083731293355465e-01,4.964443791582680010e-01,1.384325062031522391e+00
5.986000000000333721e+00,-1.228676290385728453e-01,4.964743963426077045e-01,1.386434088585050128e+00
5.987000000000334055e+00,-1.227282631825401538e-01,4.965046059963688085e-01,1.388537180879235722e+00
5.988000000000334389e+00,-1.225902791611584997e-01,4.965350144038962465e-01,1.390634265299205641e+00
5.989000000000334722e+00,-1.224536803419019604e-01,4.965656278501227039e-01,1.392725267938843992e+00
5.990000000000335056e+00,-1.223184698570929374e-01,4.965964526373866095e-01,1.394810114622502040e+00
5.991000000000335390e+00,-1.221846506001190713e-01,4.966274950966592661e-01,1.396888730917237753e+00
5.992000000000335724e+00,-1.220522252205837876e-01,4.966587615949532575e-01,1.398961042137601085e+00
5.993000000000336058e+00,-1.219211961185466819e-01,4.966902585402412917e-01,1.401026973344974502e+00
5.994000000000336392e+00,-1.217915654380690160e-01,4.967219923848846808e-01,1.403086449343272646e+00
5.995000000000336726e+00,-1.216633353433594911e-01,4.967539697313364533e-01,1.405139395265112334e+00
5.996000000000337060e+00,-1.215365083825501458e-01,4.967861974503845479e-01,1.407185739055228479e+00
5.997000000000337394e+00,-1.214110875299985182e-01,4.968186826822191815e-01,1.409225410060885864e+00
5.998000000000337728e+00,-1.212870756716682985e-01,4.968514326293165251e-01,1.411258337860137102e+00
5.999000000000338062e+00,-1.211644755564162956e-01,4.968844545375993293e-01,1.413284452267579372e+00
6.000000000000338396e+00,-1.210432898312537864e-01,4.969177557059668571e-01,1.415303683339994123e+00
6.001000000000338730e+00,-1.209235210416477191e-01,4.969513434828605192e-01,1.417315961381798495e+00
6.002000000000339064e+00,-1.208051716317088964e-01,4.969852252629544109e-01,1.419321216950292230e+00
6.003000000000339398e+00,-1.206882439442702459e-01,4.970194084839839599e-01,1.421319380860713855e+00
6.004000000000339732e+00,-1.205727402208607302e-01,4.970539006237205681e-01,1.423310384191126321e+00
6.005000000000340066e+00,-1.204586626015898831e-01,4.970887091970918048e-01,1.425294158287158108e+00
6.006000000000340400e+00,-1.203460131249554088e-01,4.971238417534430409e-01,1.427270634766623303e+00
6.007000000000340734e+00,-1.202347937275868306e-01,4.971593058739310900e-01,1.429239745524037986e+00
6.008000000000341068e+00,-1.201250062439394029e-01,4.971951091690441915e-01,1.431201422735051798e+00
6.009000000000341402e+00,-1.200166524059503859e-01,4.972312592762352379e-01,1.433155598860804458e+00
6.010000000000341736e+00,-1.199097338426687864e-01,4.972677638576630255e-01,1.435102206652215440e+00
6.011000000000342069e+00,-1.198042520798695554e-01,4.973046305980289850e-01,1.437041179154211479e+00
6.012000000000342403e+00,-1.197002085396614568e-01,4.973418672025038401e-01,1.438972449709892132e+00
6.013000000000342737e+00,-1.195976045400980459e-01,4.973794813947354232e-01,1.440895951964631383e+00
6.014000000000343071e+00,-1.194964412947989718e-01,4.974174809149308762e-01,1.442811619870107753e+00
6.015000000000343405e+00,-1.193967199125900436e-01,4.974558735180071301e-01,1.444719387688254475e+00
6.016000000000343739e+00,-1.192984413971683866e-01,4.974946669718040004e-01,1.446619189995114851e+00
6.017000000000344073e+00,-1.192016066467985747e-01,4.975338690553549048e-01,1.448510961684586595e+00
6.018000000000344407e+00,-1.191062164540460655e-01,4.975734875572110916e-01,1.450394637972032941e+00
6.019000000000344741e+00,-1.190122715055526026e-01,4.976135302738148303e-01,1.452270154397734991e+00
6.020000000000345075e+00,-1.189197723818593566e-01,4.976540050079191202e-01,1.454137446830154223e+00
6.021000000000345409e+00,-1.188287195572812482e-01,4.976949195670498094e-01,1.455996451468971609e+00
6.022000000000345743e+00,-1.187391133998368931e-01,4.977362817620093471e-01,1.457847104847861175e+00
6.023000000000346077e+00,-1.186509541712383875e-01,4.977780994054188390e-01,1.459689343836951592e+00
6.024000000000346411e+00,-1.185642420269439334e-01,4.978203803102984049e-01,1.461523105644924714e+00
6.025000000000346745e+00,-1.184789770162759659e-01,4.978631322886851729e-01,1.463348327820691130e+00
6.026000000000347079e+00,-1.183951590826094469e-01,4.979063631502874676e-01,1.465164948254577659e+00
6.027000000000347413e+00,-1.183127880636302143e-01,4.979500807011796315e-01,1.466972905178951736e+00
6.028000000000347747e+00,-1.182318636916677157e-01,4.979942927425354826e-01,1.468772137168203651e+00
6.029000000000348081e+00,-1.181523855941031265e-01,4.980390070694055149e-01,1.470562583137994039e+00
6.030000000000348415e+00,-1.180743532938537399e-01,4.980842314695418382e-01,1.472344182343670260e+00
6.031000000000348749e+00,-1.179977662099360725e-01,4.981299737222746327e-01,1.474116874377740860e+00
6.032000000000349083e+00,-1.179226236581060183e-01,4.981762415974471114e-01,1.475880599166294438e+00
6.033000000000349416e+00,-1.178489248515771637e-01,4.982230428544174305e-01,1.477635296964233014e+00
6.034000000000349750e+00,-1.177766689018167057e-01,4.982703852411354273e-01,1.479380908349188228e+00
6.035000000000350084e+00,-1.177058548194155341e-01,4.983182764933051789e-01,1.481117374213976934e+00
6.036000000000350418e+00,-1.176364815150308107e-01,4.983667243336458164e-01,1.482844635757452290e+00
6.037000000000350752e+00,-1.175685478003980489e-01,4.984157364712630267e-01,1.484562634473600262e+00
6.038000000000351086e+00,-1.175020523894058089e-01,4.984653206011447901e-01,1.486271312138740752e+00
6.039000000000351420e+00,-1.174369938992297913e-01,4.985154844037966715e-01,1.487970610796699455e+00
6.040000000000351754e+00,-1.173733708515165564e-01,4.985662355450308780e-01,1.489660472741840325e+00
6.041000000000352088e+00,-1.173111816736119861e-01,4.986175816759191859e-01,1.491340840499881804e+00
6.042000000000352422e+00,-1.172504246998240518e-01,4.986695304329221701e-01,1.493011656806472187e+00
6.043000000000352756e+00,-1.171910981727120049e-01,4.987220894381961811e-01,1.494672864583574956e+00
6.044000000000353090e+00,-1.171332002443964404e-01,4.987752663000756259e-01,1.496324406913813077e+00
6.045000000000353424e+00,-1.170767289778814613e-01,4.988290686137146768e-01,1.497966227013058704e+00
6.046000000000353758e+00,-1.170216823483906099e-01,4.988835039618577660e-01,1.499598268201722817e+00
6.047000000000354092e+00,-1.169680582447184536e-01,4.989385799156875745e-01,1.501220473875408024e+00
6.048000000000354426e+00,-1.169158544706091485e-01,4.989943040356747961e-01,1.502832787475834264e+00
6.049000000000354760e+00,-1.168650687461855187e-01,4.990506838723244298e-01,1.504435152463219794e+00
6.050000000000355094e+00,-1.168156987094612909e-01,4.991077269666800431e-01,1.506027512291588932e+00
6.051000000000355428e+00,-1.167677419179853349e-01,4.991654408504172524e-01,1.507609810388744309e+00
6.052000000000355762e+00,-1.167211958506798597e-01,4.992238330453229178e-01,1.509181990142858032e+00
6.053000000000356096e+00,-1.166760579099460626e-01,4.992829110619438904e-01,1.510743994897741693e+00
6.054000000000356430e+00,-1.166323254241169449e-01,4.993426823971769402e-01,1.512295767958794279e+00
6.055000000000356764e+00,-1.165899956503325674e-01,4.994031545305989139e-01,1.513837252611347717e+00
6.056000000000357097e+00,-1.165490657778988082e-01,4.994643349193763626e-01,1.515368392152598220e+00
6.057000000000357431e+00,-1.165095329314231876e-01,4.995262309908784504e-01,1.516889129934546387e+00
6.058000000000357765e+00,-1.164713941736618130e-01,4.995888501329687204e-01,1.518399409412634071e+00
6.059000000000358099e+00,-1.164346465091929961e-01,4.996521996834296653e-01,1.519899174211981396e+00
6.060000000000358433e+00,-1.163992868893989341e-01,4.997162869194798906e-01,1.521388368207292174e+00
6.061000000000358767e+00,-1.163653122177690236e-01,4.997811190469121367e-01,1.522866935608076844e+00
6.062000000000359101e+00,-1.163327193549653638e-01,4.998467031889763934e-01,1.524334821045030042e+00
6.063000000000359435e+00,-1.163015051235022357e-01,4.999130463756221721e-01,1.525791969653371050e+00
6.064000000000359769e+00,-1.162716663117946414e-01,4.999801555335823267e-01,1.527238327149327057e+00
6.065000000000360103e+00,-1.162431996773717335e-01,5.000480374777058756e-01,1.528673839896697251e+00
6.066000000000360437e+00,-1.162161019491062541e-01,5.001166989038384747e-01,1.530098454961424048e+00
6.067000000000360771e+00,-1.161903698283770492e-01,5.001861463834206267e-01,1.531512120153167178e+00
6.068000000000361105e+00,-1.161659999891566653e-01,5.002563863598519234e-01,1.532914784053883261e+00
6.069000000000361439e+00,-1.161429890770754314e-01,5.003274251465563704e-01,1.534306396034231357e+00
6.070000000000361773e+00,-1.161213337075639451e-01,5.003992689266038019e-01,1.535686906259221995e+00
6.071000000000362107e+00,-1.161010304632131840e-01,5.004719237536827681e-01,1.537056265684871859e+00
6.072000000000362441e+00,-1.160820758905030115e-01,5.005453955541990796e-01,1.538414426047752359e+00
6.073000000000362775e+00,-1.160644664960611694e-01,5.006196901302655267e-01,1.539761339849282207e+00
6.074000000000363109e+00,-1.160481987426023043e-01,5.006948131633632837e-01,1.541096960336452604e+00
6.075000000000363443e+00,-1.160332690446860271e-01,5.007707702184820420e-01,1.542421241480448124e+00
6.076000000000363777e+00,-1.160196737644136888e-01,5.008475667485711158e-01,1.543734137954369423e+00
6.077000000000364111e+00,-1.160074092071640139e-01,5.009252080991699607e-01,1.545035605111016119e+00
6.078000000000364444e+00,-1.159964716174501920e-01,5.010036995131152970e-01,1.546325598961452386e+00
6.079000000000364778e+00,-1.159868571749586019e-01,5.010830461352502319e-01,1.547604076154879271e+00
6.080000000000365112e+00,-1.159785619908213494e-01,5.011632530170829769e-01,1.548870993960168807e+00
6.081000000000365446e+00,-1.159715821041523709e-01,5.012443251213671847e-01,1.550126310249282824e+00
6.082000000000365780e+00,-1.159659134788746382e-01,5.013262673265855840e-01,1.551369983482696169e+00
6.083000000000366114e+00,-1.159615520008504541e-01,5.014090844313372486e-01,1.552601972696865396e+00
6.084000000000366448e+00,-1.159584934753251639e-01,5.014927811586328277e-01,1.553822237493730496e+00
6.085000000000366782e+00,-1.159567336246837277e-01,5.015773621601123944e-01,1.555030738032196824e+00
6.086000000000367116e+00,-1.159562680865214856e-01,5.016628320202004554e-01,1.556227435021518390e+00
6.087000000000367450e+00,-1.159570924120211233e-01,5.017491952602169958e-01,1.557412289716485265e+00
6.088000000000367784e+00,-1.159592020646271759e-01,5.018364563424584368e-01,1.558585263914306518e+00
6.089000000000368118e+00,-1.159625924190060831e-01,5.019246196742629396e-01,1.559746319953066118e+00
6.090000000000368452e+00,-1.159672587602714744e-01,5.020136896120612757e-01,1.560895420711621240e+00
6.091000000000368786e+00,-1.159731962834514851e-01,5.021036704654086025e-01,1.562032529610790199e+00
6.092000000000369120e+00,-1.159804000931631274e-01,5.021945665009742710e-01,1.563157610615657056e+00
6.093000000000369454e+00,-1.159888652034450907e-01,5.022863819464437052e-01,1.564270628238776606e+00
6.094000000000369788e+00,-1.159985865376776948e-01,5.023791209942578551e-01,1.565371547544010200e+00
6.095000000000370122e+00,-1.160095589284926287e-01,5.024727878050740948e-01,1.566460334150636458e+00
6.096000000000370456e+00,-1.160217765134072820e-01,5.025673860131977255e-01,1.567536953233497732e+00
6.097000000000370790e+00,-1.160352327537451655e-01,5.026629187774809271e-01,1.568601367950190451e+00
6.098000000000371124e+00,-1.160499204217864122e-01,5.027593887882898516e-01,1.569653542028840221e+00
6.099000000000371458e+00,-1.160658326224435211e-01,5.028567991217109956e-01,1.570693440367005422e+00
6.100000000000371791e+00,-1.160829625846337976e-01,5.029551530476757959e-01,1.571721028986499125e+00
6.101000000000372125e+00,-1.161013036495367468e-01,5.030544540074742832e-01,1.572736274990262917e+00
6.102000000000372459e+00,-1.161208492595476871e-01,5.031547055911828048e-01,1.573739146520489518e+00
6.103000000000372793e+00,-1.161415929478394338e-01,5.032559115143410144e-01,1.574729612716953442e+00
6.104000000000373127e+00,-1.161635283283636300e-01,5.033580755930482376e-01,1.575707643674171710e+00
6.105000000000373461e+00,-1.161866490859693180e-01,5.034612017164702413e-01,1.576673210395606262e+00
6.106000000000373795e+00,-1.162109489660979600e-01,5.035652938155823488e-01,1.577626284742624785e+00
6.107000000000374129e+00,-1.162364217631902674e-01,5.036703558269397529e-01,1.578566839375499020e+00
6.108000000000374463e+00,-1.162630613065273044e-01,5.037763916505836326e-01,1.579494847683640346e+00
6.109000000000374797e+00,-1.162908614418314279e-01,5.038834051022390570e-01,1.580410283703228558e+00
6.110000000000375131e+00,-1.163198160068624754e-01,5.039913998620989544e-01,1.581313122023255247e+00
6.111000000000375465e+00,-1.163499187999121887e-01,5.041003794254559356e-01,1.582203337686065137e+00
6.112000000000375799e+00,-1.163811635417890678e-01,5.042103470627374850e-01,1.583080906093938145e+00
6.113000000000376133e+00,-1.164135438340413442e-01,5.043213057958946255e-01,1.583945802934995317e+00
6.114000000000376467e+00,-1.164470531174953694e-01,5.044332583938679893e-01,1.584798004136945826e+00
6.115000000000376801e+00,-1.164816846347204171e-01,5.045462073843038908e-01,1.585637485848478523e+00
6.116000000000377135e+00,-1.165174313981665044e-01,5.046601550752112253e-01,1.586464224441280546e+00
6.117000000000377469e+00,-1.165542861637730576e-01,5.047751035802084951e-01,1.587278196523808971e+00
6.118000000000377803e+00,-1.165922414087531278e-01,5.048910548430929346e-01,1.588079378959747601e+00
6.119000000000378137e+00,-1.166312893120571292e-01,5.050080106597383267e-01,1.588867748886897857e+00
6.120000000000378471e+00,-1.166714217362890826e-01,5.051259726968493347e-01,1.589643283734542889e+00
6.121000000000378805e+00,-1.167126302102123869e-01,5.052449425078459067e-01,1.590405961238747334e+00
6.122000000000379138e+00,-1.167549059113017762e-01,5.053649215464347533e-01,1.591155759455813445e+00
6.123000000000379472e+00,-1.167982396480231611e-01,5.054859111784579806e-01,1.591892656774458015e+00
6.124000000000379806e+00,-1.168426218416768192e-01,5.056079126925651090e-01,1.592616631927402437e+00
6.125000000000380140e+00,-1.168880425077413188e-01,5.057309273101643354e-01,1.593327664003092670e+00
6.126000000000380474e+00,-1.169344912367190625e-01,5.058549561950282936e-01,1.594025732458238309e+00
6.127000000000380808e+00,-1.169819581266067221e-01,5.059800007643604491e-01,1.594710818307870648e+00
6.128000000000381142e+00,-1.170304338088539176e-01,5.061060626767422965e-01,1.595382905746325353e+00
6.129000000000381476e+00,-1.170799097040730041e-01,5.062331439014993162e-01,1.596041980290359596e+00
6.130000000000381810e+00,-1.171303768788436450e-01,5.063612463404545405e-01,1.596688028381356483e+00
6.131000000000382144e+00,-1.171818262536187261e-01,5.064903719039878238e-01,1.597321037422235745e+00
6.132000000000382478e+00,-1.172342485977779791e-01,5.066205225144896351e-01,1.597940995818204701e+00
6.133000000000382812e+00,-1.172876345245603691e-01,5.067517001101208285e-01,1.598547893021427857e+00
6.134000000000383146e+00,-1.173419744858152924e-01,5.068839066488757261e-01,1.599141719579711962e+00
6.135000000000383480e+00,-1.173972587665502720e-01,5.070171441129389667e-01,1.599722467189274466e+00
6.136000000000383814e+00,-1.174534774792819203e-01,5.071514145133114715e-01,1.600290128751612917e+00
6.137000000000384148e+00,-1.175106205582305829e-01,5.072867198946732215e-01,1.600844698434391367e+00
6.138000000000384482e+00,-1.175686777534237226e-01,5.074230623404286655e-01,1.601386171736102870e+00
6.139000000000384816e+00,-1.176276386248146233e-01,5.075604439778637067e-01,1.601914545554044000e+00
6.140000000000385150e+00,-1.176874925365436475e-01,5.076988669833214507e-01,1.602429818254810900e+00
6.141000000000385484e+00,-1.177482286515106891e-01,5.078383335872751481e-01,1.602931989746067210e+00
6.142000000000385818e+00,-1.178098359250041582e-01,5.079788460776387682e-01,1.603421061541976167e+00
6.143000000000386152e+00,-1.178723030984724085e-01,5.081204068020620523e-01,1.603897036816292809e+00
6.144000000000386486e+00,-1.179356186946337592e-01,5.082630181700739103e-01,1.604359920457814725e+00
6.145000000000386819e+00,-1.179997710153404267e-01,5.084066826561938202e-01,1.604809719117165523e+00
6.146000000000387153e+00,-1.180647481405669996e-01,5.085514028021108635e-01,1.605246441231509946e+00
6.147000000000387487e+00,-1.181305379281627488e-01,5.086971812176981356e-01,1.605670097014441522e+00
6.148000000000387821e+00,-1.181971280137067426e-01,5.088440205810211836e-01,1.606080698391883388e+00
6.149000000000388155e+00,-1.182645058087989920e-01,5.089919236377196121e-01,1.606478258854566521e+00
6.150000000000388489e+00,-1.183326584944428550e-01,5.091408932007635002e-01,1.606862793180699356e+00
6.151000000000388823e+00,-1.184015730031688918e-01,5.092909321527151478e-01,1.607234316953773057e+00
6.152000000000389157e+00,-1.184712359782028601e-01,5.094420434546945708e-01,1.607592845751590671e+00
6.153000000000389491e+00,-1.185416336888609479e-01,5.095942301698322963e-01,1.607938393801144672e+00
6.154000000000389825e+00,-1.186127518677257964e-01,5.097474955144646325e-01,1.608270971771442515e+00
6.155000000000390159e+00,-1.186845754236039996e-01,5.099018429552473197e-01,1.608590583253593165e+00
6.156000000000390493e+00,-1.187570880120063510e-01,5.100572763600862425e-01,1.608897219609509266e+00
6.157000000000390827e+00,-1.188302716175940743e-01,5.102138001427528602e-01,1.609190854037564344e+00
6.158000000000391161e+00,-1.189041066824615411e-01,5.103714191883521600e-01,1.609471438681366884e+00
6.159000000000391495e+00,-1.189785733899225706e-01,5.105301383133196147e-01,1.609738910378634813e+00
6.160000000000391829e+00,-1.190536537552950858e-01,5.106899614006822352e-01,1.609993204227351704e+00
6.161000000000392163e+00,-1.191293331168834513e-01,5.108508906349445988e-01,1.610234265195770398e+00
6.162000000000392497e+00,-1.192055995547510738e-01,5.110129256442341728e-01,1.610462050625711461e+00
6.163000000000392831e+00,-1.192824436670048005e-01,5.111760643776241952e-01,1.610676528717041478e+00
6.164000000000393165e+00,-1.193598579069661270e-01,5.113403038240039722e-01,1.610877676266958325e+00
6.165000000000393499e+00,-1.194378362865025078e-01,5.115056407532347915e-01,1.611065475874045916e+00
6.166000000000393833e+00,-1.195163737247763036e-01,5.116720717819883690e-01,1.611239914025048847e+00
6.167000000000394166e+00,-1.195954657086608641e-01,5.118395934903189337e-01,1.611400979870561745e+00
6.168000000000394500e+00,-1.196751080681056623e-01,5.120082024863895631e-01,1.611548664455367819e+00
6.169000000000394834e+00,-1.197552968239814497e-01,5.121778954367254277e-01,1.611682960231999528e+00
6.170000000000395168e+00,-1.198360280813559609e-01,5.123486690731401394e-01,1.611803860747450745e+00
6.171000000000395502e+00,-1.199172979509540715e-01,5.125205201837403912e-01,1.611911360435514640e+00
6.172000000000395836e+00,-1.199991024876627677e-01,5.126934455933891410e-01,1.612005454474186417e+00
6.173000000000396170e+00,-1.200814376389204297e-01,5.128674421379840753e-01,1.612086138684274861e+00
6.174000000000396504e+00,-1.201642991986202613e-01,5.130425066363382136e-01,1.612153409455613362e+00
6.175000000000396838e+00,-1.202476827642328105e-01,5.132186358629114986e-01,1.612207263693345105e+00
6.176000000000397172e+00,-1.203315836963657626e-01,5.133958265239025875e-01,1.612247698780036931e+00
6.177000000000397506e+00,-1.204159970809235425e-01,5.135740752382473850e-01,1.612274712550823441e+00
6.178000000000397840e+00,-1.205009176944242810e-01,5.137533785240462336e-01,1.612288303279199697e+00
6.179000000000398174e+00,-1.205863399729842911e-01,5.139337327900903585e-01,1.612288469671100399e+00
6.180000000000398508e+00,-1.206722579894505820e-01,5.141151343339770419e-01,1.612275210893784783e+00
6.181000000000398842e+00,-1.207586654361398892e-01,5.142975793444142241e-01,1.612248526662243941e+00
6.182000000000399176e+00,-1.208455556103282813e-01,5.144810639053377654e-01,1.612208417274068717e+00
6.183000000000399510e+00,-1.209329213969145833e-01,5.146655839982655634e-01,1.612154883614310474e+00
6.184000000000399844e+00,-1.210207552529997121e-01,5.148511355052696192e-01,1.612087927160306577e+00
6.185000000000400178e+00,-1.211090491945387981e-01,5.150377142125807106e-01,1.612007549985955412e+00
6.186000000000400512e+00,-1.211977952478643372e-01,5.152253160779795005e-01,1.611913755004521276e+00
6.187000000000400846e+00,-1.212869861914814829e-01,5.154139376349247126e-01,1.611806547013604485e+00
6.188000000000401180e+00,-1.213766155804147928e-01,5.156035759861058443e-01,1.611685932138894772e+00
6.189000000000401513e+00,-1.214666769546841607e-01,5.157942283264947969e-01,1.611551917350763530e+00
6.190000000000401847e+00,-1.215571637404806449e-01,5.159858918846880194e-01,1.611404510455408667e+00
6.191000000000402181e+00,-1.216480693059346363e-01,5.161785639494936850e-01,1.611243720086751541e+00
6.192000000000402515e+00,-1.217393869619235458e-01,5.163722418648750700e-01,1.611069555698955158e+00
6.193000000000402849e+00,-1.218311099637803263e-01,5.165669230255237609e-01,1.610882027559446872e+00
6.194000000000403183e+00,-1.219232315136796752e-01,5.167626048729561106e-01,1.610681146742346526e+00
6.195000000000403517e+00,-1.220157447635217274e-01,5.169592848920491202e-01,1.610466925122219672e+00
6.196000000000403851e+00,-1.221086428181606953e-01,5.171569606079449155e-01,1.610239375368093917e+00
6.197000000000404185e+00,-1.222019187388611039e-01,5.173556295832685281e-01,1.609998510937689753e+00
6.198000000000404519e+00,-1.222955655468832559e-01,5.175552894156126849e-01,1.609744346071829035e+00
6.199000000000404853e+00,-1.223895762271227650e-01,5.177559377352569658e-01,1.609476895788990669e+00
6.200000000000405187e+00,-1.224839437317472024e-01,5.179575722030874685e-01,1.609196175879993751e+00
6.201000000000405521e+00,-1.225786609837827834e-01,5.181601905086994364e-01,1.608902202902789069e+00
6.202000000000405855e+00,-1.226737208806195634e-01,5.183637903686589832e-01,1.608594994177347193e+00
6.203000000000406189e+00,-1.227691162974086092e-01,5.185683695249115877e-01,1.608274567780629605e+00
6.204000000000406523e+00,-1.228648400903339377e-01,5.187739257433210405e-01,1.607940942541636442e+00
6.205000000000406857e+00,-1.229608850997482294e-01,5.189804568123309592e-01,1.607594138036520848e+00
6.206000000000407191e+00,-1.230572441531621042e-01,5.191879605417356602e-01,1.607234174583763719e+00
6.207000000000407525e+00,-1.231539100680855148e-01,5.193964347615525057e-01,1.606861073239402637e+00
6.208000000000407859e+00,-1.232508756547173734e-01,5.196058773209883963e-01,1.606474855792308087e+00
6.209000000000408193e+00,-1.233481337184855198e-01,5.198162860874909752e-01,1.606075544759501428e+00
6.210000000000408527e+00,-1.234456770624382527e-01,5.200276589458772136e-01,1.605663163381509495e+00
6.211000000000408861e+00,-1.235434984894900889e-01,5.202399937975337174e-01,1.605237735617749850e+00
6.212000000000409194e+00,-1.236415908045277456e-01,5.204532885596790948e-01,1.604799286141941117e+00
6.213000000000409528e+00,-1.237399468163782323e-01,5.206675411646818352e-01,1.604347840337532638e+00
6.214000000000409862e+00,-1.238385593396461593e-01,5.208827495594274826e-01,1.603883424293150339e+00
6.215000000000410196e+00,-1.239374211964237027e-01,5.210989117047238883e-01,1.603406064798049924e+00
6.216000000000410530e+00,-1.240365252178795563e-01,5.213160255747407712e-01,1.602915789337576058e+00
6.217000000000410864e+00,-1.241358642457305317e-01,5.215340891564702597e-01,1.602412626088619563e+00
6.218000000000411198e+00,-1.242354311336019146e-01,5.217531004492035329e-01,1.601896603915069495e+00
6.219000000000411532e+00,-1.243352187482786864e-01,5.219730574640104592e-01,1.601367752363254571e+00
6.220000000000411866e+00,-1.244352199708547158e-01,5.221939582232144605e-01,1.600826101657368605e+00
6.221000000000412200e+00,-1.245354276970395135e-01,5.224158007591986896e-01,1.600271682692468334e+00
6.222000000000412534e+00,-1.246358348350543599e-01,5.226385831111627356e-01,1.599704527014214506e+00
6.223000000000412868e+00,-1.247364343044109480e-01,5.228623033227143280e-01,1.599124666803514616e+00
6.224000000000413202e+00,-1.248372190359328116e-01,5.230869594405987977e-01,1.598532134871507582e+00
6.225000000000413536e+00,-1.249381819727767295e-01,5.233125495143176042e-01,1.597926964655014492e+00
6.226000000000413870e+00,-1.250393160710600027e-01,5.235390715953969210e-01,1.597309190211942953e+00
6.227000000000414204e+00,-1.251406143003906957e-01,5.237665237365529691e-01,1.596678846216639247e+00
6.228000000000414538e+00,-1.252420696443009573e-01,5.239949039907325634e-01,1.596035967955191870e+00
6.229000000000414872e+00,-1.253436751005738703e-01,5.242242104100093281e-01,1.595380591320682662e+00
6.230000000000415206e+00,-1.254454236814630530e-01,5.244544410443119364e-01,1.594712752808389533e+00
6.231000000000415540e+00,-1.255473084137921358e-01,5.246855939399583946e-01,1.594032489510941231e+00
6.232000000000415874e+00,-1.256493223389281155e-01,5.249176671379706116e-01,1.593339839113428136e+00
6.233000000000416208e+00,-1.257514585126136009e-01,5.251506586721395031e-01,1.592634839888473763e+00
6.234000000000416541e+00,-1.258537100046469570e-01,5.253845665668106513e-01,1.591917530691272953e+00
6.235000000000416875e+00,-1.259560698983898108e-01,5.256193888343575482e-01,1.591187950954605412e+00
6.236000000000417209e+00,-1.260585312900871502e-01,5.258551234723065626e-01,1.590446140683835496e+00
6.237000000000417543e+00,-1.261610872879775913e-01,5.260917684600827648e-01,1.589692140451908875e+00
6.238000000000417877e+00,-1.262637310111692779e-01,5.263293217553360881e-01,1.588925991394364079e+00
6.239000000000418211e+00,-1.263664555882609841e-01,5.265677812898180710e-01,1.588147735204372246e+00
6.240000000000418545e+00,-1.264692541556817762e-01,5.268071449647754312e-01,1.587357414127829047e+00
6.241000000000418879e+00,-1.265721198557264726e-01,5.270474106458324925e-01,1.586555070958515890e+00
6.242000000000419213e+00,-1.266750458342678076e-01,5.272885761573462560e-01,1.585740749033356600e+00
6.243000000000419547e+00,-1.267780252381319750e-01,5.275306392762244556e-01,1.584914492227791349e+00
6.244000000000419881e+00,-1.268810512121317791e-01,5.277735977252179245e-01,1.584076344951287796e+00
6.245000000000420215e+00,-1.269841168957726030e-01,5.280174491657202429e-01,1.583226352143009885e+00
6.246000000000420549e+00,-1.270872154196619475e-01,5.282621911901382861e-01,1.582364559267654291e+00
6.247000000000420883e+00,-1.271903399016865999e-01,5.285078213139382530e-01,1.581491012311452948e+00
6.248000000000421217e+00,-1.272934834430567985e-01,5.287543369675177241e-01,1.580605757778329012e+00
6.249000000000421551e+00,-1.273966391243667173e-01,5.290017354881155764e-01,1.579708842686166070e+00
6.250000000000421885e+00,-1.274998000018682243e-01,5.292500141120285440e-01,1.578800314563131080e+00
6.251000000000422219e+00,-1.276029591042225908e-01,5.294991699674755914e-01,1.577880221443951791e+00
6.252000000000422553e+00,-1.277061094300424582e-01,5.297492000685055658e-01,1.576948611866022754e+00
6.253000000000422887e+00,-1.278092439465945418e-01,5.300001013103904368e-01,1.576005534865180246e+00
6.254000000000423221e+00,-1.279123555900502085e-01,5.302518704669639815e-01,1.575051039970958078e+00
6.255000000000423555e+00,-1.280154372676731711e-01,5.305045041903361236e-01,1.574085177201136609e+00
6.256000000000423888e+00,-1.281184818622711497e-01,5.307579990133368675e-01,1.573107997055405383e+00
6.257000000000424222e+00,-1.282214822391345432e-01,5.310123513549037666e-01,1.572119550508009667e+00
6.258000000000424556e+00,-1.283244312555169575e-01,5.312675575284320217e-01,1.571119888999331415e+00
6.259000000000424890e+00,-1.284273217725079297e-01,5.315236137528768223e-01,1.570109064426462808e+00
6.260000000000425224e+00,-1.285301466689214855e-01,5.317805161661546265e-01,1.569087129132955338e+00
6.261000000000425558e+00,-1.286328988566147746e-01,5.320382608401796887e-01,1.568054135898055312e+00
6.262000000000425892e+00,-1.287355712964959320e-01,5.322968437967252608e-01,1.567010137925834989e+00
6.263000000000426226e+00,-1.288381570144001564e-01,5.325562610232418281e-01,1.565955188834689871e+00
6.264000000000426560e+00,-1.289406491160374202e-01,5.328165084878080382e-01,1.564889342647674209e+00
6.265000000000426894e+00,-1.290430408003190310e-01,5.330775821525246538e-01,1.563812653784098616e+00
6.266000000000427228e+00,-1.291453253705511228e-01,5.333394779848534828e-01,1.562725177052716408e+00
6.267000000000427562e+00,-1.292474962431934271e-01,5.336021919666238400e-01,1.561626967646703390e+00
6.268000000000427896e+00,-1.293495469540932863e-01,5.338657201006404840e-01,1.560518081140505942e+00
6.269000000000428230e+00,-1.294514711622929415e-01,5.341300584150043829e-01,1.559398573488515405e+00
6.270000000000428564e+00,-1.295532626516447960e-01,5.343952029653830094e-01,1.558268501025433350e+00
6.271000000000428898e+00,-1.296549153305600610e-01,5.346611498355449132e-01,1.557127920468127202e+00
6.272000000000429232e+00,-1.297564232302588216e-01,5.349278951365024071e-01,1.555976888918743306e+00
6.273000000000429566e+00,-1.298577805018890086e-01,5.351954350045978748e-01,1.554815463868832071e+00
6.274000000000429900e+00,-1.299589814128575549e-01,5.354637655988431222e-01,1.553643703204252491e+00
6.275000000000430234e+00,-1.300600203426766077e-01,5.357328830977724499e-01,1.552461665210641772e+00
6.276000000000430568e+00,-1.301608917785738173e-01,5.360027836960272740e-01,1.551269408579268871e+00
6.277000000000430902e+00,-1.302615903110674322e-01,5.362734636008386069e-01,1.550066992413116074e+00
6.278000000000431235e+00,-1.303621106296584120e-01,5.365449190285329628e-01,1.548854476233066046e+00
6.279000000000431569e+00,-1.304624475187488031e-01,5.368171462011509520e-01,1.547631919984096660e+00
6.280000000000431903e+00,-1.305625958538617626e-01,5.370901413432376259e-01,1.546399384041409863e+00
6.281000000000432237e+00,-1.306625505982073054e-01,5.373639006788401007e-01,1.545156929216436215e+00
6.282000000000432571e+00,-1.307623067996199762e-01,5.376384204287318891e-01,1.543904616762676651e+00
6.283000000000432905e+00,-1.308618595878702218e-01,5.379136968078679359e-01,1.542642508381347977e+00
6.284000000000433239e+00,-1.309612041723456910e-01,5.381897260230696922e-01,1.541370666226809849e+00
6.285000000000433573e+00,-1.310603358400850293e-01,5.384665042709274596e-01,1.540089152911756853e+00
6.286000000000433907e+00,-1.311592499541422985e-01,5.387440277359087926e-01,1.538798031512158548e+00
6.287000000000434241e+00,-1.312579419522539315e-01,5.390222925886584138e-01,1.537497365571935504e+00
6.288000000000434575e+00,-1.313564073457801351e-01,5.393012949844712134e-01,1.536187219107357782e+00
6.289000000000434909e+00,-1.314546417188896532e-01,5.395810310619226779e-01,1.534867656611151876e+00
6.290000000000435243e+00,-1.315526407279552501e-01,5.398614969416425380e-01,1.533538743056300557e+00
6.291000000000435577e+00,-1.316504001011296054e-01,5.401426887252136488e-01,1.532200543899518985e+00
6.292000000000435911e+00,-1.317479156380705341e-01,5.404246024941844473e-01,1.530853125084386868e+00
6.293000000000436245e+00,-1.318451832097838894e-01,5.407072343091793298e-01,1.529496553044116469e+00
6.294000000000436579e+00,-1.319421987585557288e-01,5.409905802090977378e-01,1.528130894703932041e+00
6.295000000000436913e+00,-1.320389582979446530e-01,5.412746362103886266e-01,1.526756217483036693e+00
6.296000000000437247e+00,-1.321354579128067863e-01,5.415593983063909933e-01,1.525372589296138059e+00
6.297000000000437581e+00,-1.322316937593274178e-01,5.418448624667322466e-01,1.523980078554506568e+00
6.298000000000437915e+00,-1.323276620650336577e-01,5.421310246367744279e-01,1.522578754166536541e+00
6.299000000000438249e+00,-1.324233591287644618e-01,5.424178807371032862e-01,1.521168685537780396e+00
6.300000000000438583e+00,-1.325187813205763732e-01,5.427054266630511048e-01,1.519749942570428392e+00
6.301000000000438916e+00,-1.326139250813028747e-01,5.429936582840795278e-01,1.518322595661412144e+00
6.302000000000439250e+00,-1.327087868861057673e-01,5.432825714198016298e-01,1.516886715584566669e+00
6.303000000000439584e+00,-1.328033632013040366e-01,5.435721618118428689e-01,1.515442373233789386e+00
6.304000000000439918e+00,-1.328976504496531819e-01,5.438624251015944377e-01,1.513989639554603750e+00
6.305000000000440252e+00,-1.329916450145449680e-01,5.441533568335080728e-01,1.512528585546685678e+00
6.306000000000440586e+00,-1.330853432424400351e-01,5.444449524573048427e-01,1.511059282265847292e+00
6.307000000000440920e+00,-1.331787414437959338e-01,5.447372073292903183e-01,1.509581800825486209e+00
6.308000000000441254e+00,-1.332718358939256609e-01,5.450301167137115987e-01,1.508096212397509683e+00
6.309000000000441588e+00,-1.333646228337835860e-01,5.453236757841495308e-01,1.506602588212742067e+00
6.310000000000441922e+00,-1.334570984706708874e-01,5.456178796249420149e-01,1.505100999560829766e+00
6.311000000000442256e+00,-1.335492589788594975e-01,5.459127232326328460e-01,1.503591517789658605e+00
6.312000000000442590e+00,-1.336411005001327812e-01,5.462082015174427596e-01,1.502074214304298883e+00
6.313000000000442924e+00,-1.337326191442391732e-01,5.465043093047585732e-01,1.500549160565498585e+00
6.314000000000443258e+00,-1.338238109892614380e-01,5.468010413366344302e-01,1.499016428087745822e+00
6.315000000000443592e+00,-1.339146720819011094e-01,5.470983922733045901e-01,1.497476088436923813e+00
6.316000000000443926e+00,-1.340051984376801064e-01,5.473963566947011028e-01,1.495928213227583736e+00
6.317000000000444260e+00,-1.340953860410629694e-01,5.476949291019747035e-01,1.494372874119865635e+00
6.318000000000444594e+00,-1.341852308455019349e-01,5.479941039190152630e-01,1.492810142816093144e+00
6.319000000000444928e+00,-1.342747287734115114e-01,5.482938754939671311e-01,1.491240091057077555e+00
6.320000000000445262e+00,-1.343638757160753316e-01,5.485942381007390400e-01,1.489662790618162536e+00
6.321000000000445596e+00,-1.344526675334926091e-01,5.488951859405029055e-01,1.488078313305043254e+00
6.322000000000445930e+00,-1.345411000541697488e-01,5.491967131431795268e-01,1.486486730949397872e+00
6.323000000000446263e+00,-1.346291690748639969e-01,5.494988137689093000e-01,1.484888115404366049e+00
6.324000000000446597e+00,-1.347168703602863449e-01,5.498014818095030565e-01,1.483282538539911766e+00
6.325000000000446931e+00,-1.348041996427700173e-01,5.501047111898719200e-01,1.481670072238108871e+00
6.326000000000447265e+00,-1.348911526219135348e-01,5.504084957694324043e-01,1.480050788388386440e+00
6.327000000000447599e+00,-1.349777249642042376e-01,5.507128293434848665e-01,1.478424758882769918e+00
6.328000000000447933e+00,-1.350639123026298183e-01,5.510177056445606514e-01,1.476792055611157117e+00
6.329000000000448267e+00,-1.351497102362860803e-01,5.513231183437375948e-01,1.475152750456662165e+00
6.330000000000448601e+00,-1.352351143299860281e-01,5.516290610519187787e-01,1.473506915291065145e+00
6.331000000000448935e+00,-1.353201201138786169e-01,5.519355273210729829e-01,1.471854621970398069e+00
6.332000000000449269e+00,-1.354047230830814907e-01,5.522425106454325050e-01,1.470195942330701611e+00
6.333000000000449603e+00,-1.354889186973355919e-01,5.525500044626471263e-01,1.468530948183982332e+00
6.334000000000449937e+00,-1.355727023806833076e-01,5.528580021548892276e-01,1.466859711314397963e+00
6.335000000000450271e+00,-1.356560695211785905e-01,5.531664970499077238e-01,1.465182303474700021e+00
6.336000000000450605e+00,-1.357390154706300534e-01,5.534754824220281533e-01,1.463498796382955325e+00
6.337000000000450939e+00,-1.358215355443809225e-01,5.537849514930943684e-01,1.461809261719572373e+00
6.338000000000451273e+00,-1.359036250211297370e-01,5.540948974333498311e-01,1.460113771124651016e+00
6.339000000000451607e+00,-1.359852791427910157e-01,5.544053133622547369e-01,1.458412396195674310e+00
6.340000000000451941e+00,-1.360664931144002221e-01,5.547161923492346380e-01,1.456705208485559400e+00
6.341000000000452275e+00,-1.361472621040606956e-01,5.550275274143603443e-01,1.454992279501081232e+00
6.342000000000452609e+00,-1.362275812429345478e-01,5.553393115289526616e-01,1.453273680701681503e+00
6.343000000000452943e+00,-1.363074456252758582e-01,5.556515376161115238e-01,1.451549483498671966e+00
6.344000000000453277e+00,-1.363868503085057249e-01,5.559641985511655227e-01,1.449819759254841633e+00
6.345000000000453610e+00,-1.364657903133253969e-01,5.562772871620403903e-01,1.448084579284471429e+00
6.346000000000453944e+00,-1.365442606238688183e-01,5.565907962295433276e-01,1.446344014853762516e+00
6.347000000000454278e+00,-1.366222561878889241e-01,5.569047184875628442e-01,1.444598137181678066e+00
6.348000000000454612e+00,-1.366997719169757985e-01,5.572190466231821127e-01,1.442847017441199364e+00
6.349000000000454946e+00,-1.367768026868050324e-01,5.575337732767053911e-01,1.441090726760992480e+00
6.350000000000455280e+00,-1.368533433374105046e-01,5.578488910415990709e-01,1.439329336227481715e+00
6.351000000000455614e+00,-1.369293886734803678e-01,5.581643924643466814e-01,1.437562916887320963e+00
6.352000000000455948e+00,-1.370049334646745720e-01,5.584802700442228485e-01,1.435791539750259416e+00
6.353000000000456282e+00,-1.370799724465088243e-01,5.587965162331492985e-01,1.434015275794761290e+00
6.354000000000456616e+00,-1.371545003213685554e-01,5.591131234355134483e-01,1.432234195977436730e+00
6.355000000000456950e+00,-1.372285117594499448e-01,5.594300840078920700e-01,1.430448371238598693e+00
6.356000000000457284e+00,-1.373020013990273736e-01,5.597473902585160532e-01,1.428657872506236215e+00
6.357000000000457618e+00,-1.373749638467368639e-01,5.600650344466856501e-01,1.426862770700277894e+00
6.358000000000457952e+00,-1.374473936779007088e-01,5.603830087821601857e-01,1.425063136737113823e+00
6.359000000000458286e+00,-1.375192854368639805e-01,5.607013054245235661e-01,1.423259041534333358e+00
6.360000000000458620e+00,-1.375906336373411420e-01,5.610199164825441231e-01,1.421450556015637856e+00
6.361000000000458954e+00,-1.376614327627795342e-01,5.613388340135466725e-01,1.419637751115873980e+00
6.362000000000459288e+00,-1.377316772667416256e-01,5.616580500228178785e-01,1.417820697786130069e+00
6.363000000000459622e+00,-1.378013615733119090e-01,5.619775564630704601e-01,1.415999466998830947e+00
6.364000000000459956e+00,-1.378704800775368833e-01,5.622973452339897760e-01,1.414174129752755915e+00
6.365000000000460290e+00,-1.379390271459053352e-01,5.626174081818925421e-01,1.412344757077903523e+00
6.366000000000460624e+00,-1.380069971168788046e-01,5.629377370995263252e-01,1.410511420040114094e+00
6.367000000000460957e+00,-1.380743843014829997e-01,5.632583237260408993e-01,1.408674189745360072e+00
6.368000000000461291e+00,-1.381411829839728211e-01,5.635791597471623282e-01,1.406833137343606710e+00
6.369000000000461625e+00,-1.382073874225819843e-01,5.639002367956011952e-01,1.404988334032146513e+00
6.370000000000461959e+00,-1.382729918503726729e-01,5.642215464517239543e-01,1.403139851058304854e+00
6.371000000000462293e+00,-1.383379904761936618e-01,5.645430802445147167e-01,1.401287759721424164e+00
6.372000000000462627e+00,-1.384023774857626732e-01,5.648648296528513413e-01,1.399432131374032773e+00
6.373000000000462961e+00,-1.384661470428810714e-01,5.651867861071144805e-01,1.397573037422116471e+00
6.374000000000463295e+00,-1.385292932907892238e-01,5.655089409911430165e-01,1.395710549324423955e+00
6.375000000000463629e+00,-1.385918103536692980e-01,5.658312856445411043e-01,1.393844738590753973e+00
6.376000000000463963e+00,-1.386536923382956088e-01,5.661538113653350468e-01,1.391975676779189097e+00
6.377000000000464297e+00,-1.387149333358317360e-01,5.664765094129687872e-01,1.390103435492267892e+00
6.378000000000464631e+00,-1.387755274237683079e-01,5.667993710116188133e-01,1.388228086372112147e+00
6.379000000000464965e+00,-1.388354686679895700e-01,5.671223873537971638e-01,1.386349701094552245e+00
6.380000000000465299e+00,-1.388947511249526423e-01,5.674455496042078995e-01,1.384468351362321936e+00
6.381000000000465633e+00,-1.389533688439609227e-01,5.677688489038066333e-01,1.382584108897422448e+00
6.382000000000465967e+00,-1.390113158695047701e-01,5.680922763740149373e-01,1.380697045432779380e+00
6.383000000000466301e+00,-1.390685862436432663e-01,5.684158231210290069e-01,1.378807232703340047e+00
6.384000000000466635e+00,-1.391251740083956356e-01,5.687394802401631866e-01,1.376914742436772476e+00
6.385000000000466969e+00,-1.391810732081115720e-01,5.690632388201667391e-01,1.375019646343943913e+00
6.386000000000467303e+00,-1.392362778917863864e-01,5.693870899474534619e-01,1.373122016109361132e+00
6.387000000000467637e+00,-1.392907821152918890e-01,5.697110247101868641e-01,1.371221923381752417e+00
6.388000000000467971e+00,-1.393445799434910315e-01,5.700350342021681671e-01,1.369319439764970836e+00
6.389000000000468305e+00,-1.393976654522125491e-01,5.703591095264842759e-01,1.367414636809380246e+00
6.390000000000468638e+00,-1.394500327300606246e-01,5.706832417988745298e-01,1.365507586003875229e+00
6.391000000000468972e+00,-1.395016758800439183e-01,5.710074221507908110e-01,1.363598358768661312e+00
6.392000000000469306e+00,-1.395525890210091990e-01,5.713316417321290253e-01,1.361687026448902049e+00
6.393000000000469640e+00,-1.396027662888729148e-01,5.716558917136215223e-01,1.359773660309314680e+00
6.394000000000469974e+00,-1.396522018376468166e-01,5.719801632888880105e-01,1.357858331529769869e+00
6.395000000000470308e+00,-1.397008898402601895e-01,5.723044476761496302e-01,1.355941111201929949e+00
6.396000000000470642e+00,-1.397488244891853526e-01,5.726287361196172876e-01,1.354022070326935223e+00
6.397000000000470976e+00,-1.397959999968755307e-01,5.729530198905737892e-01,1.352101279814128754e+00
6.398000000000471310e+00,-1.398424105960291985e-01,5.732772902881676513e-01,1.350178810480792801e+00
6.399000000000471644e+00,-1.398880505396959961e-01,5.736015386399482274e-01,1.348254733052854482e+00
6.400000000000471978e+00,-1.399329141012426447e-01,5.739257563021658015e-01,1.346329118166508021e+00
6.401000000000472312e+00,-1.399769955741964056e-01,5.742499346598659571e-01,1.344402036370690334e+00
6.402000000000472646e+00,-1.400202892719866199e-01,5.745740651268083088e-01,1.342473558130341971e+00
6.403000000000472980e+00,-1.400627895276032042e-01,5.748981391452363532e-01,1.340543753830381712e+00
6.404000000000473314e+00,-1.401044906931905309e-01,5.752221481855263052e-01,1.338612693780322438e+00
6.405000000000473648e+00,-1.401453871395964557e-01,5.755460837457403445e-01,1.336680448219453421e+00
6.406000000000473982e+00,-1.401854732558924788e-01,5.758699373511090291e-01,1.334747087322519787e+00
6.407000000000474316e+00,-1.402247434488810285e-01,5.761937005534637501e-01,1.332812681205830740e+00
6.408000000000474650e+00,-1.402631921426065187e-01,5.765173649306408743e-01,1.330877299933731273e+00
6.409000000000474984e+00,-1.403008137778805064e-01,5.768409220858722319e-01,1.328941013525379855e+00
6.410000000000475318e+00,-1.403376028118353824e-01,5.771643636471806005e-01,1.327003891961773485e+00
6.411000000000475652e+00,-1.403735537175153647e-01,5.774876812667921744e-01,1.325066005192973462e+00
6.412000000000475985e+00,-1.404086609835136779e-01,5.778108666205774568e-01,1.323127423145483483e+00
6.413000000000476319e+00,-1.404429191136653543e-01,5.781339114075302321e-01,1.321188215729740323e+00
6.414000000000476653e+00,-1.404763226267983223e-01,5.784568073492933893e-01,1.319248452847680442e+00
6.415000000000476987e+00,-1.405088660565519953e-01,5.787795461897375926e-01,1.317308204400349902e+00
6.416000000000477321e+00,-1.405405439512633636e-01,5.791021196945981275e-01,1.315367540295530713e+00
6.417000000000477655e+00,-1.405713508739270257e-01,5.794245196511734752e-01,1.313426530455354957e+00
6.418000000000477989e+00,-1.406012814022269408e-01,5.797467378680897232e-01,1.311485244823889618e+00
6.419000000000478323e+00,-1.406303301286461194e-01,5.800687661751312563e-01,1.309543753374668329e+00
6.420000000000478657e+00,-1.406584916606494762e-01,5.803905964231405035e-01,1.307602126118157182e+00
6.421000000000478991e+00,-1.406857606209435119e-01,5.807122204839864077e-01,1.305660433109136820e+00
6.422000000000479325e+00,-1.407121316478093798e-01,5.810336302506017292e-01,1.303718744453991274e+00
6.423000000000479659e+00,-1.407375993955088944e-01,5.813548176370885168e-01,1.301777130317889775e+00
6.424000000000479993e+00,-1.407621585347621496e-01,5.816757745788918577e-01,1.299835660931852210e+00
6.425000000000480327e+00,-1.407858037532934148e-01,5.819964930330394637e-01,1.297894406599691353e+00
6.426000000000480661e+00,-1.408085297564425353e-01,5.823169649784458723e-01,1.295953437704820965e+00
6.427000000000480995e+00,-1.408303312678402808e-01,5.826371824162794866e-01,1.294012824716925580e+00
6.428000000000481329e+00,-1.408512030301430906e-01,5.829571373703915649e-01,1.292072638198482837e+00
6.429000000000481663e+00,-1.408711398058247743e-01,5.832768218878031652e-01,1.290132948811134161e+00
6.430000000000481997e+00,-1.408901363780200588e-01,5.835962280392488211e-01,1.288193827321896912e+00
6.431000000000482331e+00,-1.409081875514189841e-01,5.839153479197756180e-01,1.286255344609213536e+00
6.432000000000482665e+00,-1.409252881532052637e-01,5.842341736493927851e-01,1.284317571668831759e+00
6.433000000000482999e+00,-1.409414330340366117e-01,5.845526973737725784e-01,1.282380579619510463e+00
6.434000000000483332e+00,-1.409566170690622622e-01,5.848709112649960185e-01,1.280444439708547044e+00
6.435000000000483666e+00,-1.409708351589743502e-01,5.851888075223458108e-01,1.278509223317121579e+00
6.436000000000484000e+00,-1.409840822310880482e-01,5.855063783731387916e-01,1.276575001965451817e+00
6.437000000000484334e+00,-1.409963532404480135e-01,5.858236160735994513e-01,1.274641847317756094e+00
6.438000000000484668e+00,-1.410076431709541556e-01,5.861405129097702060e-01,1.272709831187017304e+00
6.439000000000485002e+00,-1.410179470365074961e-01,5.864570611984555315e-01,1.270779025539545692e+00
6.440000000000485336e+00,-1.410272598821669110e-01,5.867732532881982932e-01,1.268849502499334925e+00
6.441000000000485670e+00,-1.410355767853170850e-01,5.870890815602858304e-01,1.266921334352206774e+00
6.442000000000486004e+00,-1.410428928568415730e-01,5.874045384297824635e-01,1.264994593549741531e+00
6.443000000000486338e+00,-1.410492032422973052e-01,5.877196163465864265e-01,1.263069352712988813e+00
6.444000000000486672e+00,-1.410545031230898694e-01,5.880343077965091148e-01,1.261145684635956332e+00
6.445000000000487006e+00,-1.410587877176410210e-01,5.883486053023739837e-01,1.259223662288871726e+00
6.446000000000487340e+00,-1.410620522825505319e-01,5.886625014251317678e-01,1.257303358821214800e+00
6.447000000000487674e+00,-1.410642921137452710e-01,5.889759887649915759e-01,1.255384847564517514e+00
6.448000000000488008e+00,-1.410655025476139635e-01,5.892890599625631998e-01,1.253468202034928369e+00
6.449000000000488342e+00,-1.410656789621257401e-01,5.896017077000107465e-01,1.251553495935538773e+00
6.450000000000488676e+00,-1.410648167779275930e-01,5.899139247022130439e-01,1.249640803158469593e+00
6.451000000000489010e+00,-1.410629114594202926e-01,5.902257037379299298e-01,1.247730197786715900e+00
6.452000000000489344e+00,-1.410599585158091029e-01,5.905370376209719829e-01,1.245821754095749467e+00
6.453000000000489678e+00,-1.410559535021269628e-01,5.908479192113706979e-01,1.243915546554876350e+00
6.454000000000490012e+00,-1.410508920202298011e-01,5.911583414165482164e-01,1.242011649828350883e+00
6.455000000000490346e+00,-1.410447697197605432e-01,5.914682971924832833e-01,1.240110138776245652e+00
6.456000000000490679e+00,-1.410375822990797001e-01,5.917777795448715406e-01,1.238211088455076991e+00
6.457000000000491013e+00,-1.410293255061637607e-01,5.920867815302787163e-01,1.236314574118187570e+00
6.458000000000491347e+00,-1.410199951394665030e-01,5.923952962572838210e-01,1.234420671215888943e+00
6.459000000000491681e+00,-1.410095870487453329e-01,5.927033168876106872e-01,1.232529455395362517e+00
6.460000000000492015e+00,-1.409980971358493207e-01,5.930108366372452977e-01,1.230641002500325598e+00
6.461000000000492349e+00,-1.409855213554696007e-01,5.933178487775379040e-01,1.228755388570462959e+00
6.462000000000492683e+00,-1.409718557158511354e-01,5.936243466362860488e-01,1.226872689840627473e+00
6.463000000000493017e+00,-1.409570962794646221e-01,5.939303235987993812e-01,1.224992982739815606e+00
6.464000000000493351e+00,-1.409412391636397643e-01,5.942357731089407125e-01,1.223116343889921298e+00
6.465000000000493685e+00,-1.409242805411583532e-01,5.945406886701440907e-01,1.221242850104272915e+00
6.466000000000494019e+00,-1.409062166408082684e-01,5.948450638464065632e-01,1.219372578385961692e+00
6.467000000000494353e+00,-1.408870437478968451e-01,5.951488922632518497e-01,1.217505605925964351e+00
6.468000000000494687e+00,-1.408667582047271605e-01,5.954521676086638182e-01,1.215642010101070758e+00
6.469000000000495021e+00,-1.408453564110333511e-01,5.957548836339882081e-01,1.213781868471621728e+00
6.470000000000495355e+00,-1.408228348243790728e-01,5.960570341547993811e-01,1.211925258779066317e+00
6.471000000000495689e+00,-1.407991899605179897e-01,5.963586130517311013e-01,1.210072258943347689e+00
6.472000000000496023e+00,-1.407744183937175153e-01,5.966596142712687900e-01,1.208222947060126229e+00
6.473000000000496357e+00,-1.407485167570462492e-01,5.969600318265011474e-01,1.206377401397851656e+00
6.474000000000496691e+00,-1.407214817426271081e-01,5.972598597978279189e-01,1.204535700394693043e+00
6.475000000000497025e+00,-1.406933101018554844e-01,5.975590923336239202e-01,1.202697922655341145e+00
6.476000000000497359e+00,-1.406639986455858748e-01,5.978577236508534343e-01,1.200864146947692612e+00
6.477000000000497693e+00,-1.406335442442852024e-01,5.981557480356363143e-01,1.199034452199430945e+00
6.478000000000498027e+00,-1.406019438281570499e-01,5.984531598437603517e-01,1.197208917494517300e+00
6.479000000000498360e+00,-1.405691943872360294e-01,5.987499535011389096e-01,1.195387622069606248e+00
6.480000000000498694e+00,-1.405352929716003896e-01,5.990461235042422450e-01,1.193570645310796152e+00
6.481000000000499028e+00,-1.405002366929650748e-01,5.993416644207738564e-01,1.191758066755971068e+00
6.482000000000499362e+00,-1.404640227258440177e-01,5.996365708902033909e-01,1.189949966098422962e+00
6.483000000000499696e+00,-1.404266483084098960e-01,5.999308376241712093e-01,1.188146423183790157e+00
6.484000000000500030e+00,-1.403881107421433017e-01,6.002244594065706540e-01,1.186347518006081403e+00
6.485000000000500364e+00,-1.403484073917081743e-01,6.005174310936096660e-01,1.184553330703731699e+00
6.486000000000500698e+00,-1.403075356848120236e-01,6.008097476137976845e-01,1.182763941555711851e+00
6.487000000000501032e+00,-1.402654931120482784e-01,6.011014039678539422e-01,1.180979430977709521e+00
6.488000000000501366e+00,-1.402222772267223139e-01,6.013923952285348262e-01,1.179199879518404215e+00
6.489000000000501700e+00,-1.401778856446639354e-01,6.016827165403763056e-01,1.177425367855855498e+00
6.490000000000502034e+00,-1.401323160440260951e-01,6.019723631193498736e-01,1.175655976794026225e+00
6.491000000000502368e+00,-1.400855661650713957e-01,6.022613302524291168e-01,1.173891787259460529e+00
6.492000000000502702e+00,-1.400376338099497131e-01,6.025496132970643570e-01,1.172132880298138335e+00
6.493000000000503036e+00,-1.399885168424656046e-01,6.028372076805644797e-01,1.170379337072522841e+00
6.494000000000503370e+00,-1.399382131878389446e-01,6.031241088993839483e-01,1.168631238858821586e+00
6.495000000000503704e+00,-1.398867208324583444e-01,6.034103125183146732e-01,1.166888667044473804e+00
6.496000000000504038e+00,-1.398340378236309078e-01,6.036958141695827340e-01,1.165151703125877125e+00
6.497000000000504372e+00,-1.397801622693261026e-01,6.039806095518533979e-01,1.163420428706361864e+00
6.498000000000504706e+00,-1.397250923379194099e-01,6.042646944291434341e-01,1.161694925494413999e+00
6.499000000000505040e+00,-1.396688262579320883e-01,6.045480646296492733e-01,1.159975275302144393e+00
6.500000000000505374e+00,-1.396113623177721585e-01,6.048307160444941211e-01,1.158261560043989613e+00
6.501000000000505707e+00,-1.395526988654760547e-01,6.051126446264042391e-01,1.156553861735621913e+00
6.502000000000506041e+00,-1.394928343084518296e-01,6.053938463883252741e-01,1.154852262493031967e+00
6.503000000000506375e+00,-1.394317671132262459e-01,6.056743174019928455e-01,1.153156844531733727e+00
6.504000000000506709e+00,-1.393694958051969746e-01,6.059540537964751561e-01,1.151467690166021685e+00
6.505000000000507043e+00,-1.393060189683912320e-01,6.062330517567089405e-01,1.149784881808193715e+00
6.506000000000507377e+00,-1.392413352452338549e-01,6.065113075220546213e-01,1.148108501967626482e+00
6.507000000000507711e+00,-1.391754433363253662e-01,6.067888173848999811e-01,1.146438633249566630e+00
6.508000000000508045e+00,-1.391083420002348081e-01,6.070655776893485456e-01,1.144775358353475880e+00
6.509000000000508379e+00,-1.390400300533102262e-01,6.073415848300296460e-01,1.143118760070736206e+00
6.510000000000508713e+00,-1.389705063695094722e-01,6.076168352510746828e-01,1.141468921281496351e+00
6.511000000000509047e+00,-1.388997698802588721e-01,6.078913254453054416e-01,1.139825924950413460e+00
6.512000000000509381e+00,-1.388278195743435361e-01,6.081650519536858646e-01,1.138189854121018474e+00
6.513000000000509715e+00,-1.387546544978364160e-01,6.084380113650851296e-01,1.136560791908419965e+00
6.514000000000510049e+00,-1.386802737540747676e-01,6.087102003164043262e-01,1.134938821490051541e+00
6.515000000000510383e+00,-1.386046765036934580e-01,6.089816154931145809e-01,1.133324026094170822e+00
6.516000000000510717e+00,-1.385278619647226650e-01,6.092522536302470426e-01,1.131716488985836877e+00
6.517000000000511051e+00,-1.384498294127637363e-01,6.095221115138707013e-01,1.130116293450132092e+00
6.518000000000511385e+00,-1.383705781812533120e-01,6.097911859830784653e-01,1.128523522772446608e+00
6.519000000000511719e+00,-1.382901076618286984e-01,6.100594739324922688e-01,1.126938260215725407e+00
6.520000000000512053e+00,-1.382084173048058195e-01,6.103269723152756621e-01,1.125360588994671840e+00
6.521000000000512387e+00,-1.381255066197826231e-01,6.105936781466284602e-01,1.123790592247018605e+00
6.522000000000512721e+00,-1.380413751763798214e-01,6.108595885077154897e-01,1.122228353002104884e+00
6.523000000000513054e+00,-1.379560226051278482e-01,6.111247005499629292e-01,1.120673954147130225e+00
6.524000000000513388e+00,-1.378694485985113571e-01,6.113890114996385350e-01,1.119127478391587660e+00
6.525000000000513722e+00,-1.377816529121781430e-01,6.116525186626169397e-01,1.117589008230495784e+00
6.526000000000514056e+00,-1.376926353663181501e-01,6.119152194292231117e-01,1.116058625907144775e+00
6.527000000000514390e+00,-1.376023958472197828e-01,6.121771112790399538e-01,1.114536413376136625e+00
6.528000000000514724e+00,-1.375109343090056280e-01,6.124381917855727941e-01,1.113022452267528717e+00
6.529000000000515058e+00,-1.374182507755540295e-01,6.126984586206644101e-01,1.111516823852875424e+00
6.530000000000515392e+00,-1.373243453426081784e-01,6.129579095585740989e-01,1.110019609013914721e+00
6.531000000000515726e+00,-1.372292181800808253e-01,6.132165424796476305e-01,1.108530888214556143e+00
6.532000000000516060e+00,-1.371328695345596094e-01,6.134743553735272359e-01,1.107050741476712119e+00
6.533000000000516394e+00,-1.370352997320242183e-01,6.137313463418720971e-01,1.105579248360381461e+00
6.534000000000516728e+00,-1.369365091807867030e-01,6.139875136005814582e-01,1.104116487948247016e+00
6.535000000000517062e+00,-1.368364983746708230e-01,6.142428554815336783e-01,1.102662538834906503e+00
6.536000000000517396e+00,-1.367352678964501855e-01,6.144973704338697607e-01,1.101217479120722986e+00
6.537000000000517730e+00,-1.366328184215649388e-01,6.147510570248675421e-01,1.099781386410161099e+00
6.538000000000518064e+00,-1.365291507221423339e-01,6.150039139404569477e-01,1.098354337814381410e+00
6.539000000000518398e+00,-1.364242656713470225e-01,6.152559399854415911e-01,1.096936409957786296e+00
6.540000000000518732e+00,-1.363181642480851830e-01,6.155071340834853411e-01,1.095527678988162279e+00
6.541000000000519066e+00,-1.362108475420888976e-01,6.157574952769300225e-01,1.094128220590033340e+00
6.542000000000519400e+00,-1.361023167594016536e-01,6.160070227265015408e-01,1.092738110000822882e+00
6.543000000000519734e+00,-1.359925732282807331e-01,6.162557157109614936e-01,1.091357422029423319e+00
6.544000000000520068e+00,-1.358816184055253729e-01,6.165035736267494570e-01,1.089986231076783163e+00
6.545000000000520401e+00,-1.357694538832274755e-01,6.167505959876569133e-01,1.088624611158130584e+00
6.546000000000520735e+00,-1.356560813959268863e-01,6.169967824245653487e-01,1.087272635926466613e+00
6.547000000000521069e+00,-1.355415028281314882e-01,6.172421326852667312e-01,1.085930378696970289e+00
6.548000000000521403e+00,-1.354257202221431644e-01,6.174866466343806870e-01,1.084597912471958026e+00
6.549000000000521737e+00,-1.353087357860940365e-01,6.177303242533679351e-01,1.083275309966030386e+00
6.550000000000522071e+00,-1.351905519020659696e-01,6.179731656406295404e-01,1.081962643631018572e+00
6.551000000000522405e+00,-1.350711711341234800e-01,6.182151710116697840e-01,1.080659985680305857e+00
6.552000000000522739e+00,-1.349505962360408873e-01,6.184563406992878987e-01,1.079367408112054338e+00
6.553000000000523073e+00,-1.348288301584563698e-01,6.186966751537501530e-01,1.078084982730804997e+00
6.554000000000523407e+00,-1.347058760551271828e-01,6.189361749428811121e-01,1.076812781166854638e+00
6.555000000000523741e+00,-1.345919156310536602e-01,6.191655376855492721e-01,1.075566939326239702e+00
